time,gFx,gFy,gFz,TgF
0.006338808,-0.0506,0.9782,0.1586,0.992
0.006973577,-0.0518,0.9775,0.1542,0.991
0.007358962,-0.0515,0.9745,0.1471,0.987
0.007703616,-0.0515,0.9697,0.1405,0.981
0.008127462,-0.0513,0.9675,0.1380,0.979
0.008476269,-0.0476,0.9645,0.1349,0.975
0.008830308,-0.0462,0.9635,0.1331,0.974
0.009157731,-0.0454,0.9609,0.1307,0.971
0.009558539,-0.0423,0.9589,0.1290,0.968
0.012278885,-0.0408,0.9587,0.1287,0.968
0.014559539,-0.0406,0.9533,0.1297,0.963
0.015674231,-0.0396,0.9521,0.1292,0.962
0.017666,-0.0379,0.9511,0.1292,0.961
0.019511231,-0.0347,0.9489,0.1317,0.959
0.021351308,-0.0332,0.9489,0.1324,0.959
0.023331116,-0.0303,0.9501,0.1344,0.960
0.027805077,-0.0300,0.9508,0.1358,0.961
0.028338423,-0.0293,0.9516,0.1390,0.962
0.029297962,-0.0257,0.9513,0.1422,0.962
0.031411962,-0.0244,0.9504,0.1439,0.961
0.033323193,-0.0217,0.9530,0.1507,0.965
0.035311539,-0.0254,0.9582,0.1546,0.971
0.037272039,-0.0279,0.9609,0.1600,0.974
0.039229231,-0.0257,0.9643,0.1669,0.979
0.041131193,-0.0198,0.9657,0.1703,0.981
0.044299616,-0.0173,0.9657,0.1737,0.981
0.048134269,-0.0169,0.9665,0.1774,0.983
0.048760077,-0.0161,0.9672,0.1813,0.984
0.049132654,-0.0188,0.9731,0.1886,0.991
0.051146193,-0.0191,0.9765,0.1957,0.996
0.053154193,-0.0176,0.9767,0.1994,0.997
0.055135693,-0.0115,0.9755,0.1996,0.996
0.057021808,-0.0076,0.9731,0.1954,0.993
0.062060731,-0.0076,0.9731,0.1964,0.993
0.062685308,-0.0098,0.9753,0.2011,0.996
0.062994423,-0.0107,0.9758,0.2038,0.997
0.065260385,-0.0154,0.9770,0.2108,1.000
0.067099154,-0.0154,0.9750,0.2135,0.998
0.069405846,-0.0159,0.9745,0.2147,0.998
0.071242654,-0.0232,0.9748,0.2191,0.999
0.072924462,-0.0254,0.9743,0.2260,1.000
0.075161654,-0.0249,0.9743,0.2279,1.001
0.080215769,-0.0232,0.9728,0.2348,1.001
0.080860423,-0.0191,0.9704,0.2350,0.999
0.081201116,-0.0139,0.9679,0.2375,0.997
0.083003769,-0.0081,0.9650,0.2409,0.995
0.084867808,-0.0020,0.9650,0.2365,0.994
0.086895885,0.0044,0.9657,0.2362,0.994
0.088784616,0.0056,0.9667,0.2358,0.995
0.090757077,0.0086,0.9675,0.2314,0.995
0.093055923,0.0071,0.9679,0.2265,0.994
0.095510577,0.0078,0.9684,0.2240,0.994
0.096706154,0.0105,0.9726,0.2167,0.996
0.098759231,0.0107,0.9770,0.2067,0.999
0.100634077,0.0107,0.9802,0.2013,1.001
0.1026325,0.0110,0.9843,0.1910,1.003
0.104561692,0.0107,0.9868,0.1874,1.004
0.106608154,0.0117,0.9936,0.1788,1.010
0.108654731,0.0093,0.9980,0.1713,1.013
0.110762692,0.0088,1.0002,0.1673,1.014
0.112487885,0.0086,1.0041,0.1588,1.017
0.114570731,0.0098,1.0058,0.1532,1.017
0.116380116,0.0100,1.0095,0.1502,1.021
0.118451269,0.0095,1.0122,0.1444,1.022
0.120442923,0.0110,1.0117,0.1415,1.022
0.122466192,0.0269,1.0043,0.1305,1.013
0.124452423,0.0303,1.0041,0.1261,1.012
0.127441192,0.0205,1.0087,0.1309,1.017
0.128341,0.0056,1.0163,0.1393,1.026
0.130477923,0.0010,1.0185,0.1417,1.028
0.132327039,-0.0049,1.0178,0.1456,1.028
0.134350116,-0.0076,1.0188,0.1505,1.030
0.136270539,-0.0086,1.0178,0.1517,1.029
0.138230808,-0.0073,1.0170,0.1546,1.029
0.140114577,-0.0083,1.0131,0.1598,1.026
0.146267116,-0.0081,1.0131,0.1615,1.026
0.147088731,-0.0095,1.0100,0.1666,1.024
0.147532231,-0.0093,1.0092,0.1705,1.024
0.148261346,-0.0086,1.0068,0.1749,1.022
0.150155769,-0.0068,1.0041,0.1786,1.020
0.152072885,-0.0071,1.0031,0.1810,1.019
0.154164616,-0.0056,1.0017,0.1879,1.019
0.156578462,-0.0064,0.9982,0.1913,1.016
0.158025039,-0.0076,0.9965,0.1935,1.015
0.1668995,-0.0083,0.9933,0.1972,1.013
0.1680045,-0.0073,0.9921,0.1989,1.012
0.168649423,-0.0073,0.9916,0.2008,1.012
0.169266308,-0.0078,0.9899,0.2028,1.011
0.169954269,-0.0078,0.9907,0.2030,1.011
0.170742808,-0.0068,0.9899,0.2023,1.010
0.171887231,-0.0073,0.9885,0.2028,1.009
0.1738925,-0.0064,0.9860,0.2040,1.007
0.177127231,-0.0056,0.9853,0.2040,1.006
0.179162885,-0.0059,0.9860,0.2050,1.007
0.180396885,-0.0039,0.9865,0.2045,1.007
0.181868769,-0.0037,0.9870,0.2018,1.007
0.183682385,-0.0034,0.9870,0.2018,1.007
0.185761115,-0.0054,0.9848,0.2011,1.005
0.187679346,-0.0059,0.9841,0.2003,1.004
0.189439077,-0.0054,0.9838,0.1972,1.003
0.191457077,-0.0024,0.9843,0.1940,1.003
0.193589846,-0.0012,0.9838,0.1923,1.002
0.195525192,0.0000,0.9831,0.1903,1.001
0.197508154,0.0012,0.9843,0.1876,1.002
0.199383,0.0022,0.9846,0.1867,1.002
0.201389769,0.0054,0.9831,0.1845,1.000
0.203373039,0.0061,0.9824,0.1837,0.999
0.205257308,0.0076,0.9824,0.1823,0.999
0.207208423,0.0103,0.9814,0.1805,0.998
0.209959462,0.0115,0.9824,0.1798,0.999
0.211281846,0.0107,0.9826,0.1813,0.999
0.213301462,0.0115,0.9826,0.1796,0.999
0.215187462,0.0110,0.9814,0.1786,0.998
0.217160654,0.0127,0.9816,0.1779,0.998
0.219122923,0.0125,0.9819,0.1783,0.998
0.221069231,0.0134,0.9806,0.1788,0.997
0.223014615,0.0134,0.9799,0.1805,0.996
0.225027885,0.0144,0.9809,0.1810,0.998
0.227094192,0.0127,0.9799,0.1815,0.997
0.229042269,0.0132,0.9789,0.1823,0.996
0.231043808,0.0142,0.9787,0.1827,0.996
0.233009346,0.0144,0.9782,0.1835,0.995
0.235059269,0.0149,0.9784,0.1849,0.996
0.236887769,0.0125,0.9794,0.1867,0.997
0.238843077,0.0098,0.9799,0.1871,0.998
0.240848615,0.0088,0.9794,0.1888,0.998
0.246480846,0.0059,0.9797,0.1903,0.998
0.2472555,0.0042,0.9782,0.1910,0.997
0.247786308,0.0015,0.9787,0.1898,0.997
0.248873539,0.0000,0.9775,0.1923,0.996
0.250837654,-0.0002,0.9787,0.1920,0.997
0.252708462,-0.0029,0.9789,0.1918,0.998
0.255100539,-0.0049,0.9789,0.1925,0.998
0.256827615,-0.0051,0.9782,0.1920,0.997
0.258916539,-0.0081,0.9780,0.1942,0.997
0.271033346,-0.0088,0.9782,0.1950,0.997
0.271746731,-0.0100,0.9780,0.1945,0.997
0.272166769,-0.0100,0.9787,0.1952,0.998
0.272519192,-0.0107,0.9787,0.1952,0.998
0.272839039,-0.0132,0.9780,0.1950,0.997
0.273150231,-0.0127,0.9770,0.1967,0.997
0.273489615,-0.0137,0.9777,0.1989,0.998
0.274400539,-0.0120,0.9789,0.1994,0.999
0.277188615,-0.0129,0.9797,0.1991,1.000
0.278509769,-0.0120,0.9767,0.1984,0.997
0.2804485,-0.0112,0.9762,0.1991,0.996
0.282304923,-0.0137,0.9789,0.1996,0.999
0.284243231,-0.0132,0.9775,0.1979,0.997
0.286111192,-0.0122,0.9775,0.1974,0.997
0.288123231,-0.0132,0.9772,0.1984,0.997
0.290115654,-0.0042,0.9738,0.1976,0.994
0.292121346,0.0068,0.9697,0.1923,0.989
0.294209731,0.0042,0.9714,0.1893,0.990
0.296228038,-0.0042,0.9740,0.1923,0.993
0.298065115,-0.0142,0.9765,0.1981,0.996
0.300017885,-0.0178,0.9794,0.2023,1.000
0.301904885,-0.0173,0.9794,0.2020,1.000
0.303969154,-0.0151,0.9787,0.2025,1.000
0.305818,-0.0149,0.9792,0.2023,1.000
0.307765154,-0.0120,0.9777,0.2030,0.999
0.310455923,-0.0078,0.9762,0.2028,0.997
0.312398231,-0.0066,0.9755,0.2025,0.996
0.313837538,-0.0034,0.9738,0.2001,0.994
0.315788808,-0.0002,0.9738,0.2011,0.994
0.317675577,0.0002,0.9728,0.2006,0.993
0.319663577,0.0027,0.9719,0.1989,0.992
0.321609923,0.0046,0.9726,0.1996,0.993
0.3236225,0.0071,0.9714,0.1986,0.991
0.326634038,0.0103,0.9701,0.1991,0.990
0.327811385,0.0112,0.9694,0.1981,0.990
0.329720846,0.0107,0.9687,0.1959,0.988
0.331812654,0.0164,0.9648,0.1935,0.984
0.333660077,0.0308,0.9589,0.1886,0.978
0.335673385,0.0371,0.9569,0.1820,0.975
0.337566154,0.0107,0.9621,0.1859,0.980
0.339518269,0.0024,0.9689,0.1935,0.988
0.341437077,-0.0059,0.9733,0.1964,0.993
0.343885769,-0.0073,0.9740,0.1954,0.993
0.345498192,-0.0081,0.9740,0.1950,0.993
0.347504769,-0.0061,0.9728,0.1915,0.992
0.349573692,-0.0056,0.9731,0.1903,0.992
0.351514308,-0.0027,0.9726,0.1901,0.991
0.353340346,-0.0020,0.9721,0.1891,0.990
0.355326808,0.0007,0.9711,0.1888,0.989
0.357301115,0.0005,0.9719,0.1874,0.990
0.369014885,0.0000,0.9711,0.1884,0.989
0.369649115,0.0012,0.9694,0.1886,0.988
0.369964923,0.0027,0.9704,0.1891,0.989
0.370206462,0.0024,0.9706,0.1874,0.989
0.370508154,0.0032,0.9704,0.1859,0.988
0.370738538,0.0032,0.9706,0.1857,0.988
0.371130038,0.0037,0.9689,0.1847,0.986
0.373068038,0.0059,0.9687,0.1847,0.986
0.375074077,0.0066,0.9687,0.1854,0.986
0.377110731,0.0083,0.9687,0.1864,0.986
0.379125615,0.0107,0.9684,0.1874,0.986
0.381103385,0.0112,0.9675,0.1869,0.985
0.383032962,0.0127,0.9655,0.1876,0.984
0.384939231,0.0132,0.9655,0.1876,0.984
0.387041692,0.0154,0.9653,0.1874,0.983
0.389487615,0.0171,0.9670,0.1903,0.986
0.391180346,0.0171,0.9662,0.1908,0.985
0.401441461,0.0164,0.9655,0.1910,0.984
0.402566885,0.0166,0.9655,0.1925,0.985
0.403016154,0.0188,0.9655,0.1969,0.986
0.403373692,0.0183,0.9645,0.1981,0.985
0.4037095,0.0181,0.9635,0.1979,0.984
0.404069077,0.0215,0.9618,0.1976,0.982
0.404890923,0.0235,0.9609,0.1991,0.982
0.407011192,0.0249,0.9604,0.2006,0.981
0.408823923,0.0230,0.9596,0.2033,0.981
0.412338385,0.0225,0.9601,0.2060,0.982
0.413102808,0.0217,0.9601,0.2079,0.983
0.414874231,0.0215,0.9618,0.2074,0.984
0.417653461,0.0205,0.9628,0.2079,0.985
0.418789154,0.0222,0.9609,0.2101,0.984
0.420659231,0.0225,0.9601,0.2101,0.983
0.422439385,0.0200,0.9609,0.2101,0.984
0.424467308,0.0183,0.9601,0.2094,0.983
0.427150961,0.0173,0.9604,0.2089,0.983
0.428590692,0.0161,0.9613,0.2084,0.984
0.430706885,0.0156,0.9613,0.2052,0.983
0.432460654,0.0149,0.9623,0.2033,0.984
0.434427385,0.0134,0.9628,0.1998,0.983
0.436335115,0.0132,0.9633,0.1969,0.983
0.438531154,0.0129,0.9648,0.1942,0.984
0.440327269,0.0117,0.9665,0.1923,0.985
0.442429769,0.0105,0.9662,0.1906,0.985
0.444377231,0.0086,0.9684,0.1874,0.986
0.446469769,0.0071,0.9706,0.1862,0.988
0.448362269,0.0061,0.9701,0.1852,0.988
0.450343115,0.0059,0.9706,0.1845,0.988
0.452225385,0.0046,0.9704,0.1852,0.988
0.454184885,0.0042,0.9726,0.1854,0.990
0.456122192,0.0044,0.9719,0.1888,0.990
0.458128154,0.0027,0.9731,0.1910,0.992
0.464406231,0.0051,0.9743,0.1925,0.993
0.465265885,0.0042,0.9738,0.1976,0.994
0.465780308,0.0037,0.9736,0.1996,0.994
0.466214423,0.0078,0.9721,0.2030,0.993
0.468111846,0.0095,0.9709,0.2038,0.992
0.469988269,0.0137,0.9709,0.2064,0.993
0.471942385,0.0142,0.9728,0.2121,0.996
0.473937961,0.0120,0.9733,0.2145,0.997
0.476425654,0.0086,0.9736,0.2189,0.998
0.487784769,0.0064,0.9736,0.2218,0.999
0.488706885,0.0066,0.9740,0.2226,0.999
0.489194577,0.0076,0.9723,0.2277,0.999
0.4896085,0.0081,0.9723,0.2292,0.999
0.490019808,0.0076,0.9701,0.2296,0.997
0.490529423,0.0071,0.9706,0.2296,0.997
0.490984385,0.0071,0.9706,0.2304,0.998
0.492130423,0.0046,0.9694,0.2311,0.997
0.494184154,0.0037,0.9687,0.2294,0.995
0.496004192,0.0034,0.9682,0.2284,0.995
0.498056731,0.0027,0.9697,0.2245,0.995
0.500020846,0.0012,0.9699,0.2216,0.995
0.501812654,0.0000,0.9699,0.2152,0.993
0.503787308,-0.0024,0.9704,0.2089,0.993
0.505648577,-0.0039,0.9709,0.2062,0.993
0.507814269,-0.0066,0.9719,0.1984,0.992
0.510813846,-0.0076,0.9719,0.1947,0.991
0.511868461,-0.0086,0.9728,0.1879,0.991
0.513507077,-0.0100,0.9748,0.1808,0.991
0.515576038,-0.0120,0.9745,0.1769,0.991
0.517403154,-0.0129,0.9758,0.1695,0.990
0.519782538,-0.0137,0.9753,0.1656,0.989
0.521369,-0.0159,0.9770,0.1588,0.990
0.523570038,-0.0176,0.9782,0.1546,0.991
0.525401154,-0.0178,0.9789,0.1517,0.991
0.527960154,-0.0188,0.9794,0.1468,0.991
0.529656923,-0.0173,0.9799,0.1410,0.990
0.531842384,-0.0171,0.9804,0.1393,0.990
0.533557269,-0.0186,0.9814,0.1402,0.992
0.535493346,-0.0203,0.9816,0.1407,0.992
0.537457538,-0.0208,0.9826,0.1410,0.993
0.539429231,-0.0215,0.9836,0.1437,0.994
0.541389769,-0.0203,0.9841,0.1441,0.995
0.544390077,-0.0183,0.9843,0.1500,0.996
0.545548884,-0.0169,0.9831,0.1573,0.996
0.547344961,-0.0156,0.9821,0.1615,0.995
0.549278923,-0.0132,0.9821,0.1700,0.997
0.551394192,-0.0093,0.9819,0.1735,0.997
0.553319923,-0.0086,0.9806,0.1813,0.997
0.555224308,-0.0061,0.9789,0.1918,0.998
0.557211423,-0.0046,0.9780,0.1964,0.997
0.559132923,-0.0034,0.9765,0.2060,0.998
0.567887269,-0.0032,0.9770,0.2143,1.000
0.569057654,-0.0042,0.9767,0.2201,1.001
0.569884884,-0.0037,0.9755,0.2270,1.002
0.570936423,-0.0061,0.9743,0.2314,1.001
0.571847692,-0.0068,0.9740,0.2360,1.002
0.572620461,-0.0071,0.9738,0.2431,1.004
0.573404654,-0.0090,0.9743,0.2463,1.005
0.574941,-0.0117,0.9740,0.2514,1.006
0.594235692,-0.0156,0.9728,0.2565,1.006
0.595786,-0.0164,0.9716,0.2560,1.005
0.597037384,-0.0186,0.9731,0.2565,1.006
0.598128423,-0.0188,0.9733,0.2570,1.007
0.599374615,-0.0200,0.9723,0.2568,1.006
0.600503423,-0.0225,0.9738,0.2529,1.006
0.601657461,-0.0227,0.9728,0.2516,1.005
0.602941884,-0.0227,0.9740,0.2470,1.005
0.603639846,-0.0235,0.9755,0.2411,1.005
0.604435731,-0.0225,0.9762,0.2387,1.005
0.605417307,-0.0215,0.9762,0.2350,1.004
0.606447269,-0.0203,0.9765,0.2338,1.004
0.607501038,-0.0176,0.9772,0.2277,1.004
0.608638538,-0.0147,0.9777,0.2191,1.002
0.609759923,-0.0132,0.9780,0.2160,1.002
0.611171231,-0.0120,0.9789,0.2101,1.001
0.612082461,-0.0095,0.9794,0.2081,1.001
0.613158154,-0.0076,0.9784,0.2030,0.999
0.613965846,-0.0049,0.9794,0.1981,0.999
0.615106461,-0.0027,0.9804,0.1959,1.000
0.617559154,0.0039,0.9792,0.1930,0.998
0.619229077,0.0320,0.9677,0.1808,0.985
0.620977384,0.0366,0.9670,0.1771,0.984
0.622602846,0.0237,0.9750,0.1810,0.992
0.624404154,0.0142,0.9797,0.1835,0.997
0.627859961,0.0034,0.9865,0.1854,1.004
0.628378923,0.0027,0.9885,0.1854,1.006
0.632229,0.0046,0.9880,0.1830,1.005
0.632503961,0.0100,0.9868,0.1825,1.004
0.634265577,0.0176,0.9853,0.1830,1.002
0.636209654,0.0313,0.9765,0.1796,0.993
0.638140231,0.0559,0.9657,0.1659,0.981
0.640070769,0.0459,0.9697,0.1698,0.985
0.641889961,0.0225,0.9804,0.1810,0.997
0.644637961,0.0200,0.9826,0.1859,1.000
0.646079654,0.0330,0.9772,0.1810,0.994
0.648010769,0.0369,0.9753,0.1786,0.992
0.649789423,0.0247,0.9799,0.1827,0.997
0.651929269,0.0088,0.9890,0.1876,1.007
0.6538545,0.0203,0.9863,0.1835,1.003
0.655845269,0.0362,0.9787,0.1769,0.995
0.657738769,0.0313,0.9811,0.1749,0.997
0.659637423,0.0195,0.9860,0.1786,1.002
0.663968192,0.0183,0.9868,0.1793,1.003
0.664542423,0.0349,0.9814,0.1720,0.997
0.665692884,0.0259,0.9865,0.1727,1.002
0.667762269,0.0056,0.9960,0.1779,1.012
0.669500961,0.0017,0.9977,0.1788,1.014
0.671389231,0.0151,0.9916,0.1754,1.007
0.673333923,0.0305,0.9872,0.1669,1.002
0.675546115,0.0203,0.9909,0.1678,1.005
0.6896185,0.0024,0.9987,0.1717,1.013
0.691449423,0.0056,0.9970,0.1703,1.011
0.692302846,0.0183,0.9907,0.1644,1.004
0.693720077,0.0181,0.9894,0.1603,1.002
0.695310269,-0.0002,0.9936,0.1649,1.007
0.696791769,-0.0059,1.0002,0.1656,1.014
0.697910307,-0.0105,1.0012,0.1632,1.014
0.700977154,-0.0090,1.0007,0.1625,1.014
0.702764923,-0.0068,0.9985,0.1583,1.011
0.703648269,-0.0034,0.9960,0.1546,1.008
0.704947884,-0.0020,0.9953,0.1537,1.007
0.706066423,0.0020,0.9914,0.1510,1.003
0.707501115,0.0034,0.9899,0.1498,1.001
0.708476577,0.0054,0.9887,0.1493,1.000
0.7095865,0.0086,0.9848,0.1459,0.996
0.711086692,0.0090,0.9831,0.1451,0.994
0.712079384,0.0107,0.9794,0.1444,0.990
0.713204615,0.0122,0.9762,0.1437,0.987
0.713981923,0.0125,0.9738,0.1434,0.984
0.716245654,0.0125,0.9716,0.1434,0.982
0.717135577,0.0129,0.9706,0.1439,0.981
0.719167192,0.0139,0.9679,0.1449,0.979
0.721121,0.0149,0.9660,0.1476,0.977
0.723105654,0.0164,0.9648,0.1500,0.976
0.725214884,0.0161,0.9635,0.1510,0.975
0.728243807,0.0178,0.9606,0.1542,0.973
0.72897973,0.0181,0.9601,0.1561,0.973
0.731181769,0.0178,0.9596,0.1588,0.973
0.733129038,0.0188,0.9582,0.1610,0.972
0.735070884,0.0181,0.9569,0.1649,0.971
0.737083577,0.0193,0.9572,0.1693,0.972
0.738892038,0.0200,0.9572,0.1717,0.973
0.74100973,0.0205,0.9565,0.1783,0.973
0.743115884,0.0220,0.9569,0.1820,0.974
0.745185807,0.0220,0.9565,0.1845,0.974
0.746984654,0.0242,0.9565,0.1879,0.975
0.748829346,0.0249,0.9565,0.1891,0.975
0.750798692,0.0242,0.9562,0.1937,0.976
0.7528235,0.0257,0.9577,0.1967,0.978
0.754867884,0.0257,0.9596,0.1972,0.980
0.756843884,0.0264,0.9596,0.1994,0.980
0.758936038,0.0257,0.9591,0.1986,0.980
0.764587615,0.0249,0.9599,0.2011,0.981
0.765269961,0.0252,0.9604,0.1991,0.981
0.765535615,0.0252,0.9623,0.1994,0.983
0.766484769,0.0247,0.9626,0.2018,0.984
0.768664192,0.0237,0.9613,0.1996,0.982
0.770872154,0.0235,0.9623,0.1981,0.983
0.772754692,0.0252,0.9621,0.1969,0.982
0.774513077,0.0247,0.9633,0.1947,0.983
0.776582846,0.0242,0.9650,0.1945,0.985
0.794175154,0.0261,0.9662,0.1928,0.986
0.7950695,0.0254,0.9679,0.1918,0.987
0.795445461,0.0271,0.9692,0.1903,0.988
0.795762769,0.0259,0.9697,0.1898,0.988
0.796072692,0.0274,0.9728,0.1881,0.991
0.796394154,0.0291,0.9753,0.1867,0.993
0.796691384,0.0296,0.9755,0.1871,0.994
0.796960384,0.0325,0.9770,0.1862,0.995
0.797235846,0.0342,0.9794,0.1854,0.997
0.79753373,0.0344,0.9806,0.1837,0.998
0.797807807,0.0337,0.9828,0.1818,1.000
0.800397154,0.0332,0.9846,0.1825,1.002
0.801962307,0.0342,0.9860,0.1803,1.003
0.804186154,0.0344,0.9880,0.1813,1.005
0.805869807,0.0352,0.9894,0.1813,1.007
0.808149807,0.0364,0.9892,0.1808,1.006
0.809869115,0.0371,0.9887,0.1820,1.006
0.812208038,0.0371,0.9902,0.1820,1.007
0.81371023,0.0374,0.9943,0.1818,1.011
0.815884769,0.0374,0.9936,0.1830,1.011
0.817831769,0.0374,0.9926,0.1825,1.010
0.819823653,0.0359,0.9943,0.1810,1.011
0.821777461,0.0366,0.9953,0.1798,1.012
0.824000153,0.0374,0.9943,0.1781,1.011
0.825820692,0.0357,0.9933,0.1779,1.010
0.82848173,0.0354,0.9933,0.1786,1.010
0.82982073,0.0349,0.9941,0.1771,1.010
0.832037346,0.0352,0.9936,0.1761,1.010
0.833547038,0.0359,0.9941,0.1737,1.010
0.835584653,0.0347,0.9946,0.1732,1.010
0.8375395,0.0344,0.9941,0.1720,1.009
0.839465115,0.0325,0.9951,0.1688,1.010
0.841567961,0.0327,0.9951,0.1691,1.010
0.843672653,0.0337,0.9919,0.1691,1.007
0.846731269,0.0340,0.9921,0.1698,1.007
0.847354077,0.0335,0.9926,0.1705,1.008
0.849409846,0.0325,0.9919,0.1710,1.007
0.851409461,0.0327,0.9907,0.1693,1.006
0.853486077,0.0325,0.9897,0.1676,1.004
0.855560077,0.0322,0.9902,0.1678,1.005
0.857267423,0.0318,0.9912,0.1669,1.006
0.859329884,0.0293,0.9892,0.1691,1.004
0.864155346,0.0303,0.9885,0.1698,1.003
0.864713077,0.0300,0.9885,0.1708,1.004
0.86551673,0.0291,0.9880,0.1691,1.003
0.86701923,0.0286,0.9877,0.1695,1.003
0.87142923,0.0266,0.9875,0.1705,1.002
0.871709077,0.0259,0.9860,0.1715,1.001
0.872829192,0.0249,0.9855,0.1710,1.001
0.874864961,0.0225,0.9863,0.1739,1.002
0.877065769,0.0213,0.9836,0.1739,0.999
0.892323692,0.0208,0.9826,0.1744,0.998
0.893093077,0.0191,0.9828,0.1752,0.999
0.893471923,0.0178,0.9819,0.1754,0.998
0.893850884,0.0151,0.9814,0.1761,0.997
0.894191153,0.0144,0.9806,0.1788,0.997
0.894530153,0.0134,0.9806,0.1791,0.997
0.894803,0.0125,0.9806,0.1798,0.997
0.895089153,0.0100,0.9789,0.1803,0.995
0.895344346,0.0093,0.9780,0.1791,0.994
0.8981275,0.0068,0.9775,0.1781,0.994
0.899117961,0.0061,0.9780,0.1783,0.994
0.900920346,0.0042,0.9792,0.1766,0.995
0.902629769,0.0042,0.9802,0.1764,0.996
0.904883192,0.0049,0.9797,0.1771,0.996
0.906572384,0.0056,0.9787,0.1766,0.995
0.908867346,0.0049,0.9775,0.1754,0.993
0.91137723,0.0037,0.9784,0.1744,0.994
0.914016923,0.0024,0.9780,0.1720,0.993
0.91494323,0.0022,0.9780,0.1710,0.993
0.916997384,0.0037,0.9762,0.1713,0.991
0.918750538,0.0032,0.9758,0.1730,0.991
0.920837807,0.0037,0.9760,0.1725,0.991
0.922763461,0.0044,0.9770,0.1708,0.992
0.924913384,0.0037,0.9775,0.1693,0.992
0.926567461,0.0044,0.9767,0.1703,0.991
0.929058884,0.0032,0.9758,0.1703,0.991
0.931065269,0.0029,0.9770,0.1703,0.992
0.932629307,0.0042,0.9787,0.1717,0.994
0.934445461,0.0051,0.9802,0.1715,0.995
0.936458538,0.0046,0.9799,0.1708,0.995
0.938238461,0.0061,0.9802,0.1695,0.995
0.940297884,0.0064,0.9816,0.1686,0.996
0.942161538,0.0056,0.9809,0.1673,0.995
0.945922461,0.0076,0.9809,0.1669,0.995
0.946823923,0.0078,0.9811,0.1656,0.995
0.948497692,0.0076,0.9809,0.1637,0.994
0.950147423,0.0071,0.9816,0.1627,0.995
0.952315769,0.0090,0.9824,0.1576,0.995
0.954248923,0.0105,0.9833,0.1549,0.996
0.95626223,0.0110,0.9846,0.1537,0.997
0.958031269,0.0117,0.9860,0.1542,0.998
0.960327653,0.0127,0.9877,0.1532,1.000
0.965922961,0.0132,0.9897,0.1522,1.001
0.966816615,0.0132,0.9890,0.1522,1.001
0.967152461,0.0127,0.9882,0.1520,1.000
0.967917346,0.0122,0.9902,0.1534,1.002
0.970232307,0.0144,0.9931,0.1551,1.005
0.972269423,0.0154,0.9936,0.1566,1.006
0.973663,0.0176,0.9941,0.1583,1.007
0.97591973,0.0176,0.9941,0.1590,1.007
0.994454269,0.0176,0.9955,0.1637,1.009
0.995236576,0.0195,0.9943,0.1644,1.008
0.995597038,0.0205,0.9929,0.1652,1.007
0.995932692,0.0215,0.9924,0.1676,1.007
0.996259576,0.0230,0.9936,0.1710,1.008
0.996540115,0.0232,0.9943,0.1715,1.009
0.996806,0.0239,0.9926,0.1754,1.008
0.99706473,0.0237,0.9919,0.1766,1.008
0.997322,0.0230,0.9936,0.1805,1.010
0.997557923,0.0235,0.9936,0.1859,1.011
0.997797461,0.0237,0.9936,0.1874,1.011
0.999776807,0.0220,0.9931,0.1891,1.011
1.001582692,0.0244,0.9924,0.1920,1.011
1.004127384,0.0254,0.9924,0.1945,1.012
1.005319923,0.0239,0.9902,0.1984,1.010
1.007780423,0.0235,0.9892,0.2011,1.010
1.009399192,0.0227,0.9865,0.2018,1.007
1.012412038,0.0232,0.9858,0.2003,1.006
1.014239846,0.0227,0.9860,0.1994,1.006
1.015419115,0.0225,0.9838,0.1979,1.004
1.018938153,0.0217,0.9838,0.1979,1.004
1.019579192,0.0186,0.9841,0.1976,1.004
1.023910538,0.0176,0.9826,0.1932,1.002
1.024540384,0.0164,0.9824,0.1901,1.001
1.025229346,0.0144,0.9816,0.1862,0.999
1.027366307,0.0127,0.9802,0.1820,0.997
1.02933873,0.0129,0.9802,0.1781,0.996
1.03110523,0.0139,0.9794,0.1727,0.995
1.035567115,0.0127,0.9797,0.1693,0.994
1.035938769,0.0166,0.9740,0.1617,0.988
1.046346423,0.0271,0.9670,0.1461,0.978
1.047431461,0.0203,0.9714,0.1490,0.983
1.047743115,0.0029,0.9794,0.1534,0.991
1.047989692,-0.0032,0.9838,0.1573,0.996
1.048216807,-0.0046,0.9843,0.1568,0.997
1.048436807,-0.0044,0.9838,0.1524,0.996
1.048674846,-0.0034,0.9831,0.1529,0.995
1.050819461,-0.0017,0.9826,0.1527,0.994
1.05253473,0.0022,0.9811,0.1546,0.993
1.056270961,0.0034,0.9816,0.1549,0.994
1.05668573,0.0066,0.9814,0.1539,0.993
1.058917538,0.0088,0.9799,0.1549,0.992
1.060507038,0.0088,0.9782,0.1581,0.991
1.065061576,0.0110,0.9777,0.1630,0.991
1.065624692,0.0120,0.9780,0.1644,0.992
1.066632346,0.0129,0.9767,0.1661,0.991
1.068375076,0.0125,0.9780,0.1727,0.993
1.070505769,0.0129,0.9784,0.1735,0.994
1.072195153,0.0112,0.9775,0.1781,0.994
1.074185153,0.0112,0.9767,0.1805,0.993
1.076329153,0.0112,0.9755,0.1823,0.992
1.094225846,0.0088,0.9748,0.1888,0.993
1.094786307,0.0083,0.9748,0.1910,0.993
1.095044153,0.0098,0.9753,0.1935,0.994
1.095270576,0.0095,0.9753,0.1945,0.995
1.095500384,0.0083,0.9745,0.1981,0.995
1.095721615,0.0046,0.9733,0.1998,0.994
1.095950346,0.0046,0.9743,0.2011,0.995
1.096172961,0.0054,0.9753,0.2033,0.996
1.096401038,0.0046,0.9743,0.2045,0.996
1.096627192,0.0046,0.9733,0.2045,0.995
1.097829423,0.0064,0.9753,0.2038,0.996
1.099941461,0.0083,0.9753,0.2045,0.997
1.102004653,0.0142,0.9687,0.2023,0.990
1.104038576,0.0340,0.9611,0.1859,0.980
1.106033807,0.0249,0.9662,0.1901,0.985
1.107881499,0.0034,0.9753,0.1986,0.995
1.109864615,-0.0029,0.9794,0.1996,1.000
1.112352038,-0.0068,0.9831,0.1996,1.003
1.113806961,-0.0068,0.9858,0.1967,1.005
1.116174153,-0.0059,0.9863,0.1945,1.005
1.117652615,-0.0024,0.9860,0.1901,1.004
1.120127769,-0.0017,0.9853,0.1881,1.003
1.12170773,0.0002,0.9870,0.1854,1.004
1.124090576,0.0042,0.9863,0.1805,1.003
1.125448769,0.0054,0.9870,0.1786,1.003
1.127889269,0.0078,0.9877,0.1737,1.003
1.130230923,0.0103,0.9870,0.1681,1.001
1.132163499,0.0107,0.9882,0.1664,1.002
1.133690807,0.0115,0.9880,0.1622,1.001
1.135966769,0.0125,0.9892,0.1603,1.002
1.137510499,0.0159,0.9897,0.1564,1.002
1.139339576,0.0178,0.9892,0.1522,1.001
1.141273961,0.0191,0.9882,0.1505,1.000
1.143881769,0.0210,0.9872,0.1473,0.998
1.146057538,0.0225,0.9877,0.1454,0.999
1.147354538,0.0242,0.9880,0.1427,0.999
1.149156538,0.0235,0.9863,0.1402,0.996
1.151614153,0.0242,0.9858,0.1402,0.996
1.15332623,0.0261,0.9848,0.1415,0.995
1.155643653,0.0276,0.9846,0.1410,0.995
1.157201346,0.0296,0.9838,0.1407,0.994
1.159632115,0.0318,0.9833,0.1417,0.994
1.160868422,0.0325,0.9826,0.1437,0.994
1.167133653,0.0308,0.9833,0.1454,0.994
1.167963769,0.0320,0.9828,0.1466,0.994
1.168393038,0.0330,0.9836,0.1478,0.995
1.169270153,0.0340,0.9843,0.1512,0.996
1.171537269,0.0342,0.9836,0.1520,0.996
1.172997999,0.0327,0.9833,0.1539,0.996
1.17499723,0.0325,0.9828,0.1568,0.996
1.177016038,0.0325,0.9824,0.1593,0.996
1.195245884,0.0332,0.9814,0.1637,0.995
1.197028846,0.0327,0.9809,0.1691,0.996
1.198171499,0.0315,0.9804,0.1708,0.996
1.19975023,0.0313,0.9799,0.1766,0.996
1.200951884,0.0318,0.9804,0.1791,0.997
1.202278422,0.0300,0.9804,0.1823,0.998
1.203883769,0.0296,0.9814,0.1840,0.999
1.20485673,0.0291,0.9816,0.1849,0.999
1.205659499,0.0274,0.9809,0.1879,0.999
1.206961807,0.0269,0.9811,0.1881,0.999
1.207717884,0.0257,0.9811,0.1876,0.999
1.208650115,0.0254,0.9816,0.1896,1.000
1.20956273,0.0237,0.9816,0.1893,1.000
1.211225576,0.0220,0.9828,0.1881,1.001
1.212270192,0.0195,0.9831,0.1881,1.001
1.213472192,0.0186,0.9831,0.1876,1.001
1.214896884,0.0176,0.9821,0.1867,1.000
1.215804653,0.0161,0.9826,0.1849,1.000
1.216821692,0.0159,0.9826,0.1845,1.000
1.21780623,0.0132,0.9833,0.1842,1.001
1.219098038,0.0137,0.9843,0.1832,1.001
1.221831807,0.0132,0.9846,0.1808,1.001
1.223556807,0.0117,0.9850,0.1781,1.001
1.224521961,0.0103,0.9855,0.1764,1.001
1.22651823,0.0095,0.9870,0.1744,1.002
1.232079999,0.0090,0.9870,0.1732,1.002
1.233219115,0.0083,0.9885,0.1708,1.003
1.233664115,0.0095,0.9877,0.1671,1.002
1.234584538,0.0098,0.9880,0.1678,1.002
1.236634884,0.0093,0.9877,0.1676,1.002
1.238342499,0.0100,0.9885,0.1671,1.003
1.240351884,0.0103,0.9882,0.1669,1.002
1.242630038,0.0115,0.9885,0.1664,1.002
1.244771961,0.0122,0.9877,0.1661,1.002
1.248016422,0.0139,0.9868,0.1642,1.000
1.248920269,0.0159,0.9877,0.1669,1.002
1.250237269,0.0166,0.9872,0.1669,1.001
1.252102038,0.0193,0.9872,0.1673,1.002
1.254027307,0.0195,0.9870,0.1693,1.002
1.256091845,0.0198,0.9868,0.1688,1.001
1.258062845,0.0225,0.9853,0.1698,1.000
1.260108038,0.0232,0.9853,0.1705,1.000
1.26972773,0.0237,0.9853,0.1703,1.000
1.270836922,0.0257,0.9841,0.1717,0.999
1.271312499,0.0261,0.9838,0.1725,0.999
1.272348807,0.0264,0.9814,0.1754,0.997
1.272806153,0.0264,0.9816,0.1759,0.998
1.273232692,0.0276,0.9811,0.1769,0.997
1.274196422,0.0252,0.9824,0.1786,0.999
1.276794999,0.0252,0.9819,0.1798,0.999
1.278502845,0.0247,0.9809,0.1813,0.998
1.302640961,0.0244,0.9809,0.1823,0.998
1.304811153,0.0249,0.9804,0.1827,0.998
1.306288807,0.0249,0.9797,0.1827,0.997
1.307712615,0.0244,0.9802,0.1840,0.998
1.308886999,0.0244,0.9799,0.1864,0.998
1.310451384,0.0261,0.9804,0.1867,0.998
1.312207692,0.0249,0.9799,0.1867,0.998
1.313461922,0.0242,0.9799,0.1898,0.998
1.315044884,0.0237,0.9804,0.1898,0.999
1.316088422,0.0242,0.9816,0.1871,1.000
1.317359422,0.0252,0.9821,0.1881,1.000
1.318259999,0.0244,0.9821,0.1876,1.000
1.319577653,0.0254,0.9804,0.1874,0.998
1.32047623,0.0274,0.9809,0.1879,0.999
1.321471922,0.0279,0.9806,0.1869,0.999
1.322184422,0.0281,0.9819,0.1876,1.000
1.323256384,0.0286,0.9809,0.1869,0.999
1.324151807,0.0286,0.9787,0.1832,0.996
1.325027115,0.0274,0.9799,0.1818,0.997
1.325832307,0.0281,0.9802,0.1813,0.997
1.326599884,0.0281,0.9816,0.1820,0.999
1.327528653,0.0281,0.9814,0.1791,0.998
1.328502653,0.0286,0.9797,0.1774,0.996
1.329435038,0.0279,0.9797,0.1759,0.996
1.330694615,0.0298,0.9797,0.1747,0.996
1.331351307,0.0293,0.9767,0.1757,0.993
1.331792153,0.0283,0.9758,0.1757,0.992
1.333767769,0.0298,0.9760,0.1757,0.992
1.335540269,0.0308,0.9760,0.1747,0.992
1.337218807,0.0308,0.9745,0.1739,0.990
1.339691884,0.0308,0.9748,0.1727,0.990
1.340842038,0.0303,0.9743,0.1720,0.990
1.343447192,0.0305,0.9736,0.1725,0.989
1.346149884,0.0305,0.9721,0.1742,0.988
1.346990192,0.0300,0.9701,0.1754,0.986
1.348766538,0.0308,0.9697,0.1752,0.986
1.350674076,0.0293,0.9704,0.1769,0.987
1.352941884,0.0291,0.9709,0.1766,0.987
1.354656461,0.0303,0.9701,0.1769,0.987
1.357092499,0.0300,0.9684,0.1764,0.985
1.358856999,0.0298,0.9687,0.1761,0.985
1.360907192,0.0291,0.9692,0.1793,0.986
1.367360538,0.0298,0.9701,0.1808,0.987
1.368187384,0.0303,0.9706,0.1801,0.988
1.368616153,0.0281,0.9689,0.1808,0.986
1.369021922,0.0264,0.9684,0.1813,0.986
1.370606461,0.0286,0.9665,0.1813,0.984
1.372960384,0.0266,0.9657,0.1830,0.983
1.374576115,0.0271,0.9657,0.1837,0.983
1.376958845,0.0264,0.9677,0.1823,0.985
1.394975461,0.0252,0.9679,0.1815,0.985
1.396615576,0.0244,0.9670,0.1810,0.984
1.397717768,0.0215,0.9677,0.1820,0.985
1.398856922,0.0213,0.9670,0.1818,0.984
1.399786076,0.0181,0.9675,0.1815,0.985
1.400877192,0.0188,0.9675,0.1781,0.984
1.401878845,0.0195,0.9684,0.1771,0.985
1.403085192,0.0217,0.9684,0.1791,0.985
1.404080768,0.0225,0.9687,0.1791,0.985
1.404989345,0.0225,0.9692,0.1783,0.986
1.405999615,0.0259,0.9697,0.1796,0.986
1.407100038,0.0271,0.9689,0.1796,0.986
1.408147615,0.0269,0.9714,0.1788,0.988
1.409052692,0.0293,0.9716,0.1805,0.989
1.410098884,0.0300,0.9716,0.1813,0.989
1.411199922,0.0291,0.9714,0.1815,0.989
1.412268961,0.0276,0.9723,0.1815,0.990
1.413065345,0.0274,0.9733,0.1823,0.991
1.414113115,0.0281,0.9733,0.1823,0.991
1.417245922,0.0281,0.9733,0.1832,0.991
1.419542768,0.0274,0.9743,0.1842,0.992
1.42057773,0.0266,0.9748,0.1857,0.993
1.422116461,0.0264,0.9758,0.1845,0.993
1.424200538,0.0249,0.9777,0.1835,0.995
1.425886999,0.0257,0.9770,0.1823,0.994
1.428044768,0.0269,0.9780,0.1830,0.995
1.430555499,0.0242,0.9784,0.1835,0.996
1.432366576,0.0237,0.9784,0.1832,0.996
1.435012615,0.0230,0.9792,0.1845,0.997
1.435639499,0.0227,0.9806,0.1862,0.998
1.437768307,0.0230,0.9809,0.1881,0.999
1.439874192,0.0215,0.9804,0.1891,0.999
1.441615768,0.0200,0.9814,0.1881,0.999
1.444041153,0.0188,0.9816,0.1898,1.000
1.446732692,0.0195,0.9833,0.1906,1.002
1.448736807,0.0210,0.9838,0.1893,1.002
1.449549153,0.0200,0.9843,0.1888,1.002
1.451686922,0.0215,0.9843,0.1862,1.002
1.453595422,0.0222,0.9841,0.1854,1.002
1.455964884,0.0225,0.9841,0.1847,1.002
1.457489076,0.0249,0.9836,0.1813,1.000
1.459922999,0.0259,0.9850,0.1798,1.002
1.470651845,0.0254,0.9860,0.1783,1.002
1.472226115,0.0261,0.9853,0.1771,1.001
1.473815499,0.0269,0.9848,0.1742,1.000
1.47526723,0.0261,0.9855,0.1727,1.001
1.476255499,0.0257,0.9863,0.1727,1.002
1.477231268,0.0249,0.9875,0.1720,1.003
1.47854073,0.0259,0.9882,0.1720,1.003
1.479465615,0.0259,0.9899,0.1722,1.005
1.480316576,0.0247,0.9899,0.1717,1.005
1.481504922,0.0227,0.9904,0.1730,1.006
1.483107076,0.0230,0.9907,0.1749,1.006
1.496325615,0.0230,0.9904,0.1757,1.006
1.498002807,0.0220,0.9902,0.1771,1.006
1.499433153,0.0237,0.9892,0.1793,1.006
1.500564307,0.0232,0.9897,0.1798,1.006
1.501928691,0.0239,0.9897,0.1825,1.007
1.503375653,0.0264,0.9907,0.1845,1.008
1.504454845,0.0279,0.9902,0.1857,1.008
1.50540123,0.0288,0.9902,0.1881,1.008
1.50624573,0.0300,0.9899,0.1884,1.008
1.507452922,0.0300,0.9882,0.1891,1.007
1.508217884,0.0310,0.9872,0.1920,1.006
1.509291115,0.0315,0.9858,0.1940,1.005
1.510297884,0.0330,0.9836,0.1984,1.004
1.511430345,0.0335,0.9836,0.2001,1.004
1.512348615,0.0354,0.9836,0.2025,1.005
1.515413691,0.0369,0.9816,0.2055,1.004
1.516264153,0.0371,0.9806,0.2062,1.003
1.516695384,0.0381,0.9789,0.2086,1.002
1.518666922,0.0386,0.9789,0.2111,1.002
1.520578307,0.0393,0.9777,0.2118,1.001
1.522537615,0.0408,0.9753,0.2118,0.999
1.524722191,0.0406,0.9745,0.2091,0.998
1.52656023,0.0401,0.9733,0.2072,0.996
1.52975573,0.0408,0.9711,0.2047,0.993
1.530227922,0.0406,0.9709,0.2025,0.993
1.532603191,0.0408,0.9701,0.1964,0.991
1.53443173,0.0388,0.9684,0.1913,0.988
1.536503422,0.0376,0.9684,0.1886,0.987
1.538348576,0.0376,0.9694,0.1827,0.987
1.540314384,0.0359,0.9687,0.1793,0.986
1.542036153,0.0347,0.9682,0.1742,0.984
1.544232961,0.0322,0.9701,0.1683,0.985
1.546498884,0.0325,0.9704,0.1652,0.985
1.548245422,0.0315,0.9719,0.1617,0.986
1.55040073,0.0310,0.9721,0.1603,0.986
1.552305115,0.0300,0.9728,0.1564,0.986
1.554181576,0.0305,0.9743,0.1524,0.987
1.556234691,0.0315,0.9753,0.1507,0.987
1.55818373,0.0322,0.9765,0.1500,0.988
1.560300653,0.0313,0.9772,0.1488,0.989
1.570512691,0.0320,0.9777,0.1490,0.990
1.571683614,0.0327,0.9777,0.1512,0.990
1.572595614,0.0337,0.9784,0.1522,0.991
1.573441961,0.0364,0.9787,0.1534,0.991
1.574256499,0.0364,0.9802,0.1554,0.993
1.575259345,0.0369,0.9802,0.1568,0.993
1.576333038,0.0371,0.9802,0.1625,0.994
1.577219884,0.0408,0.9794,0.1664,0.994
1.577938345,0.0406,0.9780,0.1698,0.993
1.597659961,0.0391,0.9772,0.1739,0.993
1.599213999,0.0381,0.9782,0.1759,0.995
1.600168114,0.0376,0.9780,0.1837,0.996
1.60093623,0.0364,0.9780,0.1898,0.997
1.602036845,0.0354,0.9765,0.1918,0.996
1.603231114,0.0349,0.9748,0.1964,0.995
1.604397999,0.0340,0.9748,0.2006,0.996
1.605249191,0.0318,0.9762,0.2055,0.998
1.606213922,0.0296,0.9743,0.2106,0.997
1.607163884,0.0276,0.9728,0.2123,0.996
1.608122307,0.0266,0.9721,0.2165,0.996
1.609072961,0.0252,0.9731,0.2194,0.998
1.609977384,0.0242,0.9723,0.2199,0.997
1.610788384,0.0249,0.9706,0.2209,0.996
1.611867538,0.0244,0.9706,0.2216,0.996
1.612787614,0.0235,0.9706,0.2218,0.996
1.613830422,0.0239,0.9716,0.2235,0.997
1.614961807,0.0235,0.9721,0.2223,0.997
1.615891999,0.0235,0.9721,0.2204,0.997
1.618143461,0.0232,0.9731,0.2179,0.997
1.619732076,0.0222,0.9745,0.2155,0.998
1.624117999,0.0232,0.9743,0.2121,0.997
1.625132884,0.0230,0.9750,0.2106,0.998
1.625932076,0.0239,0.9780,0.2084,1.000
1.627441461,0.0252,0.9780,0.2035,0.999
1.630252191,0.0242,0.9787,0.2016,1.000
1.631923038,0.0254,0.9804,0.1954,1.000
1.633245576,0.0266,0.9814,0.1896,1.000
1.635357768,0.0261,0.9819,0.1869,1.000
1.637234345,0.0274,0.9836,0.1832,1.001
1.639266461,0.0274,0.9836,0.1827,1.001
1.641076422,0.0257,0.9838,0.1776,1.000
1.643225038,0.0281,0.9853,0.1735,1.001
1.645311807,0.0283,0.9853,0.1725,1.001
1.64819873,0.0303,0.9838,0.1708,0.999
1.649632614,0.0305,0.9843,0.1695,0.999
1.651145191,0.0300,0.9841,0.1678,0.999
1.652833538,0.0308,0.9838,0.1664,0.998
1.655035614,0.0313,0.9841,0.1664,0.999
1.656979191,0.0318,0.9850,0.1661,0.999
1.658963922,0.0313,0.9838,0.1676,0.998
1.660862307,0.0315,0.9826,0.1676,0.997
1.663120884,0.0332,0.9821,0.1705,0.997
1.672250461,0.0332,0.9811,0.1713,0.997
1.673759461,0.0325,0.9794,0.1720,0.995
1.675085076,0.0335,0.9794,0.1757,0.996
1.676113076,0.0344,0.9794,0.1764,0.996
1.677090576,0.0342,0.9799,0.1791,0.997
1.678735845,0.0330,0.9802,0.1805,0.997
1.679190922,0.0322,0.9797,0.1835,0.997
1.679437384,0.0318,0.9782,0.1879,0.997
1.697817268,0.0320,0.9775,0.1891,0.996
1.699512537,0.0313,0.9760,0.1906,0.995
1.700445422,0.0315,0.9765,0.1923,0.996
1.701649114,0.0305,0.9782,0.1930,0.998
1.702967268,0.0286,0.9780,0.1969,0.998
1.704049884,0.0271,0.9775,0.1979,0.998
1.705034076,0.0269,0.9767,0.1991,0.997
1.705847422,0.0261,0.9760,0.2020,0.997
1.706926037,0.0266,0.9753,0.2025,0.996
1.707652114,0.0249,0.9750,0.2025,0.996
1.708650461,0.0242,0.9755,0.2040,0.997
1.709277576,0.0232,0.9755,0.2050,0.997
1.710513384,0.0217,0.9743,0.2042,0.996
1.711326653,0.0198,0.9740,0.2057,0.996
1.712500076,0.0171,0.9736,0.2062,0.995
1.713291307,0.0181,0.9743,0.2042,0.996
1.714557999,0.0171,0.9733,0.2035,0.995
1.71551073,0.0161,0.9731,0.2028,0.994
1.716442614,0.0161,0.9723,0.2025,0.993
1.718917576,0.0154,0.9731,0.2025,0.994
1.719954884,0.0139,0.9726,0.1996,0.993
1.722062461,0.0129,0.9719,0.1986,0.992
1.724093191,0.0115,0.9714,0.1998,0.992
1.725936461,0.0107,0.9716,0.1974,0.992
1.727802614,0.0112,0.9709,0.1974,0.991
1.730205384,0.0122,0.9701,0.1967,0.990
1.731879653,0.0129,0.9706,0.1952,0.990
1.733828037,0.0134,0.9706,0.1940,0.990
1.735845845,0.0117,0.9694,0.1920,0.988
1.737777999,0.0125,0.9694,0.1923,0.988
1.739836537,0.0112,0.9689,0.1932,0.988
1.741570537,0.0103,0.9687,0.1932,0.988
1.743680807,0.0105,0.9684,0.1932,0.988
1.745609461,0.0105,0.9684,0.1945,0.988
1.747731384,0.0095,0.9672,0.1942,0.987
1.749751768,0.0083,0.9670,0.1935,0.986
1.751739691,0.0083,0.9670,0.1947,0.986
1.753624884,0.0081,0.9672,0.1957,0.987
1.755692884,0.0081,0.9694,0.1962,0.989
1.757538999,0.0093,0.9704,0.1972,0.990
1.759778114,0.0100,0.9706,0.1986,0.991
1.761611384,0.0090,0.9682,0.2001,0.989
1.769969807,0.0093,0.9682,0.2013,0.989
1.771082268,0.0122,0.9697,0.2013,0.990
1.771826845,0.0142,0.9679,0.2028,0.989
1.772487268,0.0154,0.9677,0.2028,0.989
1.773136422,0.0161,0.9699,0.2028,0.991
1.773913037,0.0164,0.9701,0.2038,0.991
1.775375191,0.0173,0.9714,0.2038,0.993
1.777253153,0.0181,0.9716,0.2055,0.993
1.796464884,0.0183,0.9726,0.2069,0.995
1.79799323,0.0198,0.9738,0.2096,0.996
1.799011153,0.0191,0.9731,0.2106,0.996
1.799751922,0.0188,0.9743,0.2135,0.998
1.800697576,0.0200,0.9753,0.2140,0.999
1.801687499,0.0195,0.9745,0.2140,0.998
1.802899884,0.0195,0.9750,0.2152,0.999
1.803881422,0.0195,0.9740,0.2140,0.997
1.804572576,0.0188,0.9740,0.2135,0.997
1.805430576,0.0171,0.9753,0.2130,0.998
1.80611573,0.0166,0.9755,0.2145,0.999
1.807266768,0.0171,0.9750,0.2145,0.998
1.80800673,0.0178,0.9767,0.2143,1.000
1.80874296,0.0188,0.9775,0.2130,1.001
1.809581114,0.0200,0.9775,0.2106,1.000
1.81026496,0.0186,0.9767,0.2089,0.999
1.81135196,0.0198,0.9775,0.2072,0.999
1.814225884,0.0210,0.9794,0.2057,1.001
1.815739268,0.0215,0.9804,0.2042,1.002
1.816788999,0.0235,0.9806,0.2016,1.001
1.819692653,0.0239,0.9792,0.1994,1.000
1.820881114,0.0232,0.9794,0.1974,0.999
1.82264696,0.0254,0.9802,0.1947,1.000
1.824670499,0.0261,0.9802,0.1935,0.999
1.826729345,0.0266,0.9792,0.1930,0.998
1.82894773,0.0274,0.9799,0.1908,0.999
1.832508807,0.0286,0.9792,0.1901,0.998
1.834477807,0.0293,0.9787,0.1881,0.997
1.835917499,0.0300,0.9782,0.1879,0.997
1.837278499,0.0303,0.9794,0.1859,0.997
1.838704499,0.0293,0.9777,0.1835,0.995
1.840719614,0.0296,0.9767,0.1830,0.994
1.842627153,0.0293,0.9755,0.1820,0.993
1.844449999,0.0313,0.9760,0.1818,0.993
1.848720307,0.0315,0.9760,0.1818,0.993
1.850574614,0.0313,0.9736,0.1832,0.991
1.851744653,0.0313,0.9726,0.1835,0.990
1.85280196,0.0322,0.9733,0.1849,0.991
1.854187037,0.0335,0.9731,0.1862,0.991
1.856226307,0.0325,0.9721,0.1867,0.990
1.858000807,0.0330,0.9714,0.1871,0.990
1.859994191,0.0335,0.9706,0.1874,0.989
1.86193073,0.0325,0.9711,0.1871,0.990
1.866075114,0.0305,0.9714,0.1910,0.990
1.866686691,0.0291,0.9728,0.1910,0.992
1.87161323,0.0286,0.9726,0.1913,0.992
1.871876076,0.0305,0.9736,0.1932,0.993
1.872119307,0.0313,0.9745,0.1937,0.994
1.873693807,0.0300,0.9740,0.1942,0.994
1.875923653,0.0293,0.9750,0.1942,0.995
1.891379576,0.0305,0.9740,0.1959,0.994
1.891972884,0.0308,0.9738,0.1974,0.994
1.892209345,0.0303,0.9738,0.1984,0.994
1.892470922,0.0288,0.9740,0.1989,0.995
1.892700345,0.0286,0.9748,0.1984,0.995
1.892927383,0.0269,0.9745,0.1979,0.995
1.893153076,0.0274,0.9750,0.1976,0.995
1.893379383,0.0279,0.9740,0.1974,0.994
1.893597845,0.0300,0.9748,0.1979,0.995
1.89564746,0.0293,0.9743,0.1950,0.994
1.899359691,0.0274,0.9740,0.1954,0.994
1.900156191,0.0266,0.9745,0.1947,0.994
1.901513653,0.0274,0.9738,0.1932,0.993
1.903682614,0.0264,0.9755,0.1935,0.995
1.905468037,0.0266,0.9760,0.1920,0.995
1.907955845,0.0261,0.9762,0.1913,0.995
1.909428422,0.0242,0.9758,0.1910,0.995
1.91152896,0.0239,0.9753,0.1891,0.994
1.914697691,0.0235,0.9740,0.1886,0.992
1.916152537,0.0208,0.9753,0.1876,0.993
1.917666922,0.0210,0.9745,0.1867,0.992
1.919539807,0.0195,0.9743,0.1862,0.992
1.921307883,0.0169,0.9743,0.1867,0.992
1.923352768,0.0176,0.9740,0.1871,0.992
1.925379345,0.0173,0.9750,0.1869,0.993
1.927322191,0.0151,0.9740,0.1840,0.991
1.931419114,0.0139,0.9740,0.1832,0.991
1.933017999,0.0142,0.9748,0.1847,0.992
1.934049422,0.0125,0.9755,0.1847,0.993
1.935552307,0.0115,0.9765,0.1849,0.994
1.937381191,0.0110,0.9777,0.1835,0.995
1.93929273,0.0095,0.9770,0.1845,0.994
1.941098807,0.0093,0.9760,0.1842,0.993
1.943012807,0.0081,0.9765,0.1818,0.993
1.948144922,0.0064,0.9775,0.1820,0.994
1.949753768,0.0046,0.9775,0.1837,0.995
1.951031576,0.0049,0.9777,0.1849,0.995
1.952085037,0.0044,0.9782,0.1862,0.996
1.95312373,0.0032,0.9762,0.1869,0.994
1.955309922,0.0024,0.9765,0.1884,0.994
1.957014153,0.0020,0.9789,0.1910,0.997
1.959131922,0.0024,0.9765,0.1915,0.995
1.961201268,0.0012,0.9760,0.1915,0.995
1.963108422,-0.0012,0.9767,0.1928,0.996
1.972488037,0.0002,0.9772,0.1930,0.996
1.973993807,-0.0012,0.9762,0.1950,0.996
1.975192268,-0.0020,0.9772,0.1947,0.996
1.976207422,-0.0007,0.9772,0.1937,0.996
1.977214307,-0.0007,0.9775,0.1925,0.996
1.97818073,-0.0007,0.9777,0.1925,0.996
1.979280922,0.0020,0.9775,0.1913,0.996
1.980067037,0.0027,0.9767,0.1893,0.995
1.999884499,0.0027,0.9772,0.1876,0.995
2.001418922,0.0037,0.9780,0.1854,0.995
2.002610537,0.0061,0.9775,0.1852,0.995
2.003503076,0.0066,0.9777,0.1820,0.995
2.00473273,0.0071,0.9792,0.1813,0.996
2.006203114,0.0066,0.9797,0.1808,0.996
2.007797268,0.0081,0.9792,0.1818,0.996
2.00894223,0.0098,0.9809,0.1835,0.998
2.009735345,0.0093,0.9809,0.1835,0.998
2.010809653,0.0081,0.9814,0.1835,0.998
2.011597806,0.0078,0.9809,0.1859,0.998
2.01255923,0.0093,0.9814,0.1869,0.999
2.013422576,0.0098,0.9819,0.1908,1.000
2.014603499,0.0095,0.9824,0.1920,1.001
2.015542422,0.0115,0.9831,0.1940,1.002
2.016628306,0.0129,0.9821,0.1935,1.001
2.01733896,0.0134,0.9831,0.1937,1.002
2.018165691,0.0132,0.9826,0.1964,1.002
2.018992922,0.0142,0.9831,0.1969,1.003
2.019683268,0.0159,0.9836,0.1991,1.004
2.020481999,0.0161,0.9821,0.2035,1.003
2.022934499,0.0161,0.9811,0.2055,1.003
2.02441023,0.0161,0.9826,0.2106,1.005
2.026212845,0.0161,0.9826,0.2116,1.005
2.028366614,0.0173,0.9824,0.2130,1.005
2.031916691,0.0178,0.9816,0.2157,1.005
2.03337673,0.0178,0.9811,0.2174,1.005
2.035220653,0.0203,0.9804,0.2213,1.005
2.036176153,0.0220,0.9794,0.2240,1.005
2.038119037,0.0227,0.9794,0.2253,1.005
2.039838076,0.0230,0.9760,0.2260,1.002
2.041931037,0.0247,0.9755,0.2248,1.001
2.043915806,0.0247,0.9762,0.2223,1.002
2.047245999,0.0242,0.9738,0.2182,0.998
2.050115268,0.0242,0.9740,0.2174,0.998
2.051657422,0.0254,0.9728,0.2133,0.996
2.052596653,0.0252,0.9719,0.2086,0.994
2.053701691,0.0237,0.9706,0.2069,0.993
2.055827191,0.0259,0.9701,0.2013,0.991
2.057599153,0.0257,0.9692,0.1984,0.990
2.059704922,0.0220,0.9689,0.1954,0.989
2.061616537,0.0203,0.9699,0.1903,0.989
2.071573268,0.0203,0.9709,0.1881,0.989
2.072886037,0.0193,0.9699,0.1835,0.987
2.073908268,0.0183,0.9726,0.1813,0.990
2.075005114,0.0178,0.9731,0.1796,0.990
2.076021345,0.0173,0.9731,0.1766,0.989
2.076843653,0.0176,0.9738,0.1752,0.990
2.077676614,0.0154,0.9762,0.1722,0.991
2.078560153,0.0149,0.9755,0.1730,0.991
2.079382537,0.0154,0.9760,0.1722,0.991
2.095354268,0.0171,0.9765,0.1715,0.992
2.096029114,0.0178,0.9758,0.1713,0.991
2.09631146,0.0198,0.9772,0.1727,0.993
2.096545806,0.0205,0.9772,0.1742,0.993
2.09677923,0.0208,0.9770,0.1742,0.993
2.097004922,0.0208,0.9765,0.1793,0.993
2.097248653,0.0220,0.9777,0.1830,0.995
2.097494191,0.0213,0.9777,0.1854,0.995
2.097715422,0.0215,0.9772,0.1891,0.996
2.099532076,0.0225,0.9770,0.1910,0.996
2.100904114,0.0220,0.9780,0.1942,0.997
2.10303873,0.0208,0.9777,0.1996,0.998
2.104856768,0.0200,0.9760,0.2016,0.997
2.107092537,0.0171,0.9753,0.2067,0.997
2.108980999,0.0151,0.9745,0.2135,0.998
2.111011768,0.0142,0.9740,0.2157,0.998
2.113055037,0.0134,0.9740,0.2187,0.998
2.11524346,0.0120,0.9731,0.2209,0.998
2.116840729,0.0103,0.9721,0.2260,0.998
2.118766614,0.0090,0.9716,0.2289,0.998
2.120983191,0.0078,0.9714,0.2304,0.998
2.12280996,0.0068,0.9704,0.2323,0.998
2.124766806,0.0066,0.9694,0.2328,0.997
2.126873153,0.0071,0.9682,0.2333,0.996
2.128676806,0.0044,0.9677,0.2338,0.996
2.131200729,0.0042,0.9689,0.2333,0.997
2.132776076,0.0046,0.9684,0.2321,0.996
2.134816383,0.0046,0.9699,0.2316,0.997
2.136693537,0.0042,0.9701,0.2304,0.997
2.138597153,0.0039,0.9699,0.2270,0.996
2.140705037,0.0042,0.9694,0.2245,0.995
2.142704499,0.0064,0.9709,0.2201,0.996
2.144546422,0.0059,0.9719,0.2172,0.996
2.148250883,0.0056,0.9728,0.2157,0.996
2.149556806,0.0061,0.9748,0.2108,0.997
2.151246653,0.0064,0.9758,0.2052,0.997
2.152559537,0.0054,0.9758,0.2023,0.997
2.154316576,0.0071,0.9755,0.1979,0.995
2.156618537,0.0076,0.9762,0.1962,0.996
2.158234537,0.0083,0.9770,0.1893,0.995
2.16060196,0.0071,0.9782,0.1857,0.996
2.162181576,0.0078,0.9787,0.1849,0.996
2.171992768,0.0098,0.9787,0.1805,0.995
2.173397499,0.0117,0.9787,0.1776,0.995
2.174744883,0.0129,0.9787,0.1757,0.994
2.175882499,0.0125,0.9762,0.1744,0.992
2.176913422,0.0125,0.9770,0.1725,0.992
2.177847729,0.0151,0.9765,0.1705,0.991
2.178906653,0.0156,0.9765,0.1715,0.992
2.179891806,0.0166,0.9762,0.1717,0.991
2.180803383,0.0171,0.9777,0.1727,0.993
2.196478576,0.0181,0.9780,0.1754,0.994
2.197888037,0.0186,0.9777,0.1761,0.994
2.199051691,0.0193,0.9765,0.1791,0.993
2.200077191,0.0186,0.9755,0.1808,0.992
2.200959076,0.0173,0.9753,0.1842,0.993
2.202005537,0.0186,0.9755,0.1864,0.993
2.203089691,0.0193,0.9755,0.1871,0.993
2.20412196,0.0191,0.9755,0.1910,0.994
2.204939229,0.0205,0.9750,0.1928,0.994
2.205636037,0.0200,0.9743,0.1959,0.994
2.206509229,0.0188,0.9745,0.1976,0.995
2.207265114,0.0198,0.9750,0.1989,0.995
2.208192576,0.0227,0.9743,0.2020,0.995
2.208986883,0.0203,0.9716,0.2050,0.993
2.20979496,0.0188,0.9714,0.2055,0.993
2.211853383,0.0181,0.9704,0.2079,0.993
2.215067153,0.0173,0.9699,0.2091,0.992
2.216531114,0.0161,0.9701,0.2113,0.993
2.217837191,0.0159,0.9697,0.2123,0.993
2.219640768,0.0156,0.9699,0.2125,0.993
2.221634383,0.0169,0.9716,0.2121,0.995
2.223789537,0.0178,0.9711,0.2106,0.994
2.225717152,0.0154,0.9701,0.2096,0.993
2.227634729,0.0144,0.9714,0.2081,0.994
2.229531883,0.0147,0.9723,0.2072,0.994
2.232423383,0.0147,0.9726,0.2060,0.994
2.233894191,0.0137,0.9728,0.2033,0.994
2.235603114,0.0129,0.9731,0.2025,0.994
2.237281537,0.0132,0.9726,0.1998,0.993
2.239592614,0.0127,0.9731,0.1986,0.993
2.241518229,0.0137,0.9740,0.2003,0.995
2.243443422,0.0159,0.9721,0.1950,0.992
2.245269729,0.0161,0.9716,0.1935,0.991
2.24875396,0.0142,0.9731,0.1908,0.992
2.250283422,0.0129,0.9736,0.1910,0.992
2.251504268,0.0134,0.9738,0.1898,0.992
2.253146152,0.0142,0.9748,0.1869,0.993
2.255239999,0.0137,0.9760,0.1869,0.994
2.257192537,0.0139,0.9745,0.1869,0.992
2.259322806,0.0132,0.9748,0.1859,0.992
2.261128999,0.0134,0.9748,0.1864,0.993
2.263142768,0.0144,0.9760,0.1879,0.994
2.273156845,0.0147,0.9755,0.1876,0.994
2.274889037,0.0134,0.9755,0.1867,0.993
2.275993076,0.0154,0.9745,0.1881,0.993
2.277005229,0.0161,0.9736,0.1901,0.992
2.278104191,0.0156,0.9736,0.1908,0.992
2.279249729,0.0161,0.9743,0.1918,0.993
2.279695499,0.0173,0.9750,0.1932,0.994
2.28009396,0.0191,0.9775,0.1935,0.997
2.280454191,0.0203,0.9782,0.1950,0.998
2.301253729,0.0183,0.9770,0.1964,0.997
2.302867537,0.0193,0.9770,0.1957,0.997
2.303721268,0.0208,0.9767,0.1964,0.997
2.304801037,0.0213,0.9765,0.1957,0.996
2.305726614,0.0205,0.9780,0.1954,0.998
2.306994306,0.0200,0.9782,0.1964,0.998
2.307950229,0.0210,0.9792,0.1979,0.999
2.308932152,0.0227,0.9794,0.1976,0.999
2.309705576,0.0230,0.9802,0.1986,1.000
2.310747652,0.0237,0.9799,0.1979,1.000
2.311447999,0.0230,0.9787,0.1984,0.999
2.312299922,0.0215,0.9799,0.1969,1.000
2.313167999,0.0198,0.9804,0.1976,1.000
2.314229306,0.0191,0.9814,0.1984,1.001
2.315461383,0.0205,0.9804,0.1984,1.000
2.316698614,0.0203,0.9799,0.1991,1.000
2.317649768,0.0188,0.9806,0.1984,1.001
2.318754114,0.0186,0.9814,0.1969,1.001
2.31947396,0.0173,0.9836,0.1932,1.003
2.320411114,0.0171,0.9828,0.1920,1.002
2.322902576,0.0181,0.9824,0.1928,1.001
2.324336191,0.0181,0.9819,0.1913,1.000
2.326471037,0.0176,0.9833,0.1925,1.002
2.328254922,0.0171,0.9838,0.1906,1.002
2.33191296,0.0183,0.9846,0.1893,1.003
2.333513075,0.0193,0.9846,0.1884,1.003
2.335126999,0.0208,0.9841,0.1862,1.002
2.336224652,0.0195,0.9843,0.1869,1.002
2.338048575,0.0183,0.9843,0.1862,1.002
2.339942499,0.0193,0.9850,0.1874,1.003
2.341906152,0.0193,0.9838,0.1864,1.002
2.343986845,0.0200,0.9838,0.1864,1.002
2.346041845,0.0203,0.9848,0.1854,1.002
2.348504499,0.0198,0.9843,0.1857,1.002
2.349905075,0.0198,0.9828,0.1862,1.001
2.351928883,0.0213,0.9826,0.1837,1.000
2.353727652,0.0213,0.9824,0.1832,1.000
2.355826652,0.0210,0.9809,0.1818,0.998
2.35783146,0.0225,0.9806,0.1830,0.998
2.359756768,0.0230,0.9804,0.1837,0.998
2.361597191,0.0225,0.9804,0.1840,0.998
2.367657075,0.0227,0.9804,0.1849,0.998
2.368225729,0.0232,0.9799,0.1847,0.997
2.368462922,0.0227,0.9789,0.1840,0.996
2.36980096,0.0227,0.9792,0.1837,0.997
2.371776883,0.0252,0.9770,0.1832,0.994
2.373624345,0.0247,0.9770,0.1842,0.995
2.375569306,0.0222,0.9780,0.1862,0.996
2.377455422,0.0210,0.9758,0.1857,0.993
2.379484152,0.0213,0.9767,0.1847,0.994
2.397225114,0.0232,0.9772,0.1869,0.995
2.39890646,0.0237,0.9767,0.1871,0.995
2.399819268,0.0225,0.9770,0.1867,0.995
2.400665114,0.0220,0.9758,0.1864,0.994
2.401826152,0.0215,0.9753,0.1867,0.993
2.403083729,0.0222,0.9743,0.1840,0.992
2.404129614,0.0232,0.9758,0.1845,0.993
2.404946306,0.0227,0.9762,0.1840,0.994
2.405864268,0.0227,0.9755,0.1830,0.993
2.40677346,0.0222,0.9762,0.1823,0.993
2.407643845,0.0203,0.9765,0.1837,0.994
2.408557691,0.0188,0.9770,0.1825,0.994
2.409676652,0.0208,0.9760,0.1823,0.993
2.410449883,0.0210,0.9740,0.1832,0.991
2.411565306,0.0210,0.9738,0.1854,0.992
2.412274422,0.0215,0.9760,0.1852,0.994
2.413244306,0.0217,0.9758,0.1847,0.993
2.415877575,0.0215,0.9750,0.1852,0.993
2.417341537,0.0213,0.9743,0.1842,0.992
2.419032922,0.0215,0.9750,0.1854,0.993
2.421114614,0.0220,0.9750,0.1859,0.993
2.422986037,0.0213,0.9748,0.1859,0.993
2.424965575,0.0198,0.9748,0.1859,0.993
2.426910114,0.0181,0.9755,0.1849,0.993
2.428918883,0.0188,0.9767,0.1847,0.994
2.432267883,0.0181,0.9782,0.1852,0.996
2.433679037,0.0164,0.9782,0.1849,0.996
2.43491146,0.0169,0.9792,0.1849,0.997
2.436467922,0.0156,0.9802,0.1857,0.998
2.438418498,0.0159,0.9794,0.1845,0.997
2.440467345,0.0156,0.9804,0.1849,0.998
2.442443037,0.0137,0.9806,0.1852,0.998
2.444752806,0.0122,0.9814,0.1842,0.999
2.446275037,0.0105,0.9821,0.1842,0.999
2.449287306,0.0112,0.9833,0.1835,1.000
2.450568537,0.0100,0.9833,0.1840,1.000
2.45383796,0.0088,0.9836,0.1832,1.001
2.454986768,0.0105,0.9846,0.1830,1.001
2.456443075,0.0095,0.9858,0.1835,1.003
2.458175537,0.0071,0.9853,0.1835,1.002
2.460413075,0.0076,0.9853,0.1845,1.002
2.462463075,0.0064,0.9855,0.1845,1.003
2.472489998,0.0068,0.9853,0.1837,1.002
2.473919806,0.0076,0.9860,0.1818,1.003
2.475164652,0.0083,0.9890,0.1808,1.005
2.476230268,0.0083,0.9890,0.1835,1.006
2.477198422,0.0086,0.9892,0.1835,1.006
2.478153691,0.0088,0.9904,0.1832,1.007
2.479197806,0.0071,0.9890,0.1827,1.006
2.480117306,0.0078,0.9868,0.1815,1.003
2.481021345,0.0095,0.9875,0.1837,1.004
2.481912114,0.0098,0.9882,0.1840,1.005
2.49831696,0.0088,0.9882,0.1818,1.005
2.500028883,0.0064,0.9882,0.1810,1.005
2.501283306,0.0064,0.9880,0.1823,1.005
2.502268191,0.0071,0.9872,0.1815,1.004
2.503454306,0.0073,0.9882,0.1810,1.005
2.504535191,0.0076,0.9872,0.1827,1.004
2.505530845,0.0086,0.9872,0.1823,1.004
2.506687691,0.0095,0.9885,0.1825,1.005
2.507775883,0.0066,0.9887,0.1803,1.005
2.508572537,0.0064,0.9885,0.1801,1.005
2.509302114,0.0073,0.9868,0.1815,1.003
2.51013396,0.0086,0.9850,0.1847,1.002
2.511043768,0.0093,0.9838,0.1854,1.001
2.511950922,0.0103,0.9821,0.1864,1.000
2.512759922,0.0115,0.9824,0.1864,1.000
2.513775498,0.0107,0.9838,0.1874,1.002
2.517176922,0.0122,0.9809,0.1867,0.999
2.518663268,0.0129,0.9806,0.1852,0.998
2.519798345,0.0137,0.9792,0.1845,0.996
2.521702422,0.0147,0.9787,0.1815,0.995
2.523871229,0.0154,0.9777,0.1798,0.994
2.525547345,0.0154,0.9770,0.1769,0.993
2.52765296,0.0154,0.9770,0.1757,0.993
2.529343075,0.0151,0.9777,0.1744,0.993
2.531710614,0.0156,0.9770,0.1727,0.992
2.534173691,0.0171,0.9770,0.1717,0.992
2.535680652,0.0173,0.9780,0.1708,0.993
2.537180575,0.0159,0.9772,0.1732,0.993
2.53927046,0.0156,0.9772,0.1737,0.993
2.541165921,0.0149,0.9772,0.1744,0.993
2.543342114,0.0129,0.9767,0.1761,0.993
2.545109845,0.0134,0.9772,0.1779,0.993
2.547525691,0.0139,0.9780,0.1837,0.995
2.550111652,0.0132,0.9780,0.1845,0.995
2.551721306,0.0147,0.9765,0.1864,0.994
2.553290306,0.0144,0.9762,0.1896,0.995
2.555141691,0.0144,0.9760,0.1915,0.995
2.557033845,0.0154,0.9762,0.1940,0.995
2.559143075,0.0151,0.9762,0.1954,0.996
2.560962152,0.0164,0.9753,0.1991,0.996
2.563014998,0.0173,0.9736,0.2038,0.995
2.572409114,0.0178,0.9740,0.2062,0.996
2.573865691,0.0181,0.9753,0.2091,0.998
2.575179383,0.0195,0.9748,0.2123,0.998
2.576358498,0.0195,0.9731,0.2128,0.996
2.577681729,0.0217,0.9719,0.2169,0.996
2.580094729,0.0222,0.9716,0.2191,0.996
2.581236306,0.0210,0.9706,0.2194,0.995
2.581975037,0.0235,0.9697,0.2206,0.995
2.583078575,0.0254,0.9682,0.2221,0.994
2.599694998,0.0281,0.9665,0.2196,0.992
2.601152729,0.0274,0.9677,0.2191,0.993
2.601932575,0.0274,0.9672,0.2184,0.992
2.603146345,0.0269,0.9655,0.2162,0.990
2.60415846,0.0259,0.9650,0.2143,0.989
2.605211537,0.0257,0.9645,0.2096,0.987
2.606247152,0.0249,0.9638,0.2035,0.985
2.607243345,0.0249,0.9635,0.2001,0.984
2.608059998,0.0276,0.9638,0.1925,0.983
2.608968306,0.0254,0.9655,0.1854,0.983
2.609732729,0.0239,0.9657,0.1827,0.983
2.61102696,0.0230,0.9667,0.1764,0.983
2.611883729,0.0222,0.9679,0.1732,0.984
2.612909229,0.0203,0.9692,0.1656,0.983
2.613876575,0.0210,0.9709,0.1610,0.984
2.61499096,0.0210,0.9728,0.1588,0.986
2.615980806,0.0195,0.9740,0.1532,0.986
2.61697096,0.0188,0.9748,0.1532,0.987
2.61949796,0.0183,0.9770,0.1512,0.989
2.620960845,0.0188,0.9794,0.1493,0.991
2.622411383,0.0186,0.9804,0.1485,0.992
2.624431537,0.0195,0.9816,0.1480,0.993
2.626334152,0.0198,0.9838,0.1478,0.995
2.628311768,0.0195,0.9843,0.1493,0.996
2.630616383,0.0198,0.9836,0.1524,0.996
2.635256845,0.0213,0.9841,0.1539,0.996
2.637200383,0.0225,0.9855,0.1559,0.998
2.638933768,0.0220,0.9870,0.1605,1.000
2.640407191,0.0220,0.9880,0.1632,1.002
2.641413729,0.0222,0.9894,0.1669,1.004
2.642895691,0.0203,0.9899,0.1722,1.005
2.644294691,0.0200,0.9897,0.1739,1.005
2.646008498,0.0205,0.9885,0.1796,1.005
2.649978998,0.0198,0.9890,0.1830,1.006
2.65127796,0.0193,0.9894,0.1910,1.008
2.652073344,0.0181,0.9868,0.1967,1.006
2.653977844,0.0173,0.9855,0.1986,1.005
2.65576896,0.0142,0.9846,0.2035,1.005
2.657713614,0.0122,0.9824,0.2077,1.004
2.659929844,0.0120,0.9819,0.2094,1.004
2.661688614,0.0117,0.9811,0.2140,1.004
2.663820306,0.0105,0.9809,0.2152,1.004
2.668415229,0.0107,0.9784,0.2174,1.002
2.669003575,0.0098,0.9780,0.2191,1.002
2.669574383,0.0095,0.9775,0.2184,1.002
2.671550421,0.0095,0.9772,0.2182,1.001
2.673356114,0.0093,0.9772,0.2174,1.001
2.675601614,0.0107,0.9780,0.2162,1.002
2.677346729,0.0100,0.9787,0.2143,1.002
2.679493191,0.0093,0.9792,0.2138,1.002
2.697869921,0.0103,0.9799,0.2096,1.002
2.698616921,0.0103,0.9809,0.2079,1.003
2.698939229,0.0110,0.9780,0.2035,0.999
2.699210806,0.0132,0.9792,0.2006,1.000
2.699473229,0.0134,0.9806,0.1994,1.001
2.699727921,0.0139,0.9821,0.1937,1.001
2.699980691,0.0156,0.9821,0.1884,1.000
2.70021146,0.0169,0.9821,0.1867,1.000
2.700434421,0.0183,0.9824,0.1837,1.000
2.700662229,0.0188,0.9824,0.1808,0.999
2.702861268,0.0188,0.9819,0.1754,0.998
2.703208806,0.0203,0.9836,0.1713,0.999
2.704908691,0.0217,0.9833,0.1693,0.998
2.706956614,0.0230,0.9824,0.1659,0.997
2.708806998,0.0225,0.9836,0.1632,0.997
2.711224998,0.0235,0.9833,0.1625,0.997
2.713742883,0.0242,0.9831,0.1590,0.996
2.716800191,0.0242,0.9826,0.1590,0.996
2.717289383,0.0239,0.9821,0.1590,0.995
2.718820421,0.0254,0.9814,0.1578,0.994
2.720699344,0.0261,0.9792,0.1586,0.992
2.722755806,0.0271,0.9797,0.1625,0.993
2.724908421,0.0269,0.9787,0.1637,0.993
2.726741421,0.0279,0.9784,0.1649,0.993
2.728615152,0.0261,0.9780,0.1686,0.993
2.730537614,0.0266,0.9782,0.1713,0.993
2.733465691,0.0276,0.9782,0.1732,0.994
2.734526729,0.0271,0.9777,0.1739,0.993
2.737083998,0.0249,0.9772,0.1781,0.994
2.738336921,0.0225,0.9775,0.1815,0.994
2.740404691,0.0213,0.9772,0.1849,0.995
2.742333421,0.0210,0.9777,0.1879,0.996
2.744455806,0.0210,0.9780,0.1893,0.996
2.746162921,0.0193,0.9770,0.1898,0.995
2.751145575,0.0183,0.9765,0.1935,0.996
2.751700614,0.0166,0.9765,0.1950,0.996
2.751971806,0.0144,0.9762,0.1974,0.996
2.754077537,0.0139,0.9762,0.1976,0.996
2.756113152,0.0129,0.9772,0.1969,0.997
2.757989344,0.0122,0.9755,0.1986,0.996
2.759999652,0.0100,0.9775,0.1976,0.997
2.761875691,0.0081,0.9762,0.1952,0.996
2.764082344,0.0076,0.9767,0.1932,0.996
2.768294037,0.0068,0.9770,0.1932,0.996
2.768855844,0.0064,0.9772,0.1898,0.996
2.769859267,0.0066,0.9772,0.1891,0.995
2.773111691,0.0054,0.9765,0.1867,0.994
2.773966806,0.0044,0.9767,0.1820,0.994
2.775876767,0.0024,0.9758,0.1815,0.993
2.778995075,0.0022,0.9770,0.1791,0.993
2.780543691,0.0032,0.9777,0.1791,0.994
2.792563191,0.0039,0.9775,0.1774,0.993
2.793799652,0.0046,0.9797,0.1774,0.996
2.79482696,0.0046,0.9797,0.1754,0.995
2.795644614,0.0061,0.9794,0.1732,0.995
2.796418998,0.0076,0.9804,0.1725,0.995
2.797167114,0.0081,0.9804,0.1725,0.995
2.79871246,0.0093,0.9787,0.1715,0.994
2.800144729,0.0100,0.9794,0.1710,0.994
2.800935998,0.0105,0.9799,0.1693,0.994
2.801938921,0.0103,0.9802,0.1708,0.995
2.802840883,0.0117,0.9797,0.1717,0.995
2.803826767,0.0110,0.9816,0.1720,0.997
2.806231767,0.0125,0.9806,0.1735,0.996
2.807721267,0.0144,0.9816,0.1739,0.997
2.811700537,0.0173,0.9794,0.1749,0.995
2.812806191,0.0186,0.9797,0.1766,0.996
2.813755037,0.0186,0.9797,0.1774,0.996
2.817525037,0.0186,0.9799,0.1786,0.996
2.819238229,0.0198,0.9797,0.1805,0.996
2.820389998,0.0210,0.9804,0.1818,0.997
2.821502883,0.0220,0.9821,0.1832,0.999
2.823263306,0.0237,0.9816,0.1840,0.999
2.825203498,0.0244,0.9821,0.1864,1.000
2.827289229,0.0247,0.9824,0.1869,1.000
2.82911446,0.0252,0.9819,0.1874,1.000
2.834926267,0.0257,0.9809,0.1874,0.999
2.836400075,0.0269,0.9814,0.1871,0.999
2.83755046,0.0269,0.9814,0.1888,1.000
2.838633806,0.0259,0.9819,0.1886,1.000
2.839567998,0.0252,0.9824,0.1888,1.001
2.840999306,0.0244,0.9833,0.1881,1.001
2.843318921,0.0235,0.9833,0.1876,1.001
2.844933921,0.0210,0.9831,0.1864,1.001
2.846958575,0.0227,0.9846,0.1854,1.002
2.851541344,0.0230,0.9848,0.1854,1.002
2.853098614,0.0213,0.9853,0.1852,1.003
2.854511152,0.0200,0.9855,0.1842,1.003
2.855584421,0.0183,0.9833,0.1847,1.001
2.85685846,0.0183,0.9848,0.1847,1.002
2.858892306,0.0195,0.9850,0.1847,1.002
2.86095419,0.0188,0.9848,0.1840,1.002
2.863097267,0.0181,0.9850,0.1810,1.002
2.873457498,0.0176,0.9858,0.1798,1.002
2.875054383,0.0176,0.9850,0.1818,1.002
2.876117921,0.0171,0.9848,0.1820,1.002
2.877298306,0.0183,0.9836,0.1830,1.001
2.878294114,0.0178,0.9831,0.1830,1.000
2.879034575,0.0183,0.9831,0.1825,1.000
2.879286883,0.0183,0.9828,0.1825,1.000
2.879524037,0.0193,0.9836,0.1827,1.001
2.880375537,0.0183,0.9826,0.1827,1.000
2.897048729,0.0191,0.9814,0.1845,0.999
2.897661306,0.0203,0.9819,0.1852,0.999
2.897925037,0.0181,0.9802,0.1849,0.998
2.89817346,0.0183,0.9789,0.1854,0.997
2.898500652,0.0171,0.9794,0.1854,0.997
2.898734998,0.0178,0.9787,0.1847,0.996
2.898963383,0.0186,0.9777,0.1854,0.995
2.899192344,0.0186,0.9750,0.1871,0.993
2.899416306,0.0193,0.9748,0.1859,0.993
2.900237075,0.0188,0.9753,0.1859,0.993
2.902198806,0.0200,0.9733,0.1871,0.991
2.904517806,0.0200,0.9721,0.1876,0.990
2.906029114,0.0198,0.9719,0.1876,0.990
2.908101498,0.0181,0.9706,0.1881,0.989
2.910064075,0.0193,0.9704,0.1898,0.989
2.912145229,0.0208,0.9694,0.1908,0.988
2.914023498,0.0225,0.9687,0.1918,0.988
2.916226844,0.0230,0.9687,0.1910,0.988
2.918105267,0.0222,0.9677,0.1923,0.987
2.920020767,0.0217,0.9689,0.1918,0.988
2.921900037,0.0215,0.9694,0.1913,0.988
2.924230614,0.0215,0.9699,0.1915,0.989
2.92594246,0.0213,0.9697,0.1908,0.988
2.927985729,0.0215,0.9697,0.1888,0.988
2.93006019,0.0213,0.9692,0.1869,0.987
2.932739537,0.0213,0.9699,0.1867,0.988
2.934277921,0.0232,0.9704,0.1884,0.989
2.936101921,0.0215,0.9714,0.1876,0.990
2.937882267,0.0215,0.9704,0.1886,0.989
2.939806806,0.0220,0.9711,0.1886,0.990
2.941911729,0.0215,0.9726,0.1893,0.991
2.943894421,0.0217,0.9736,0.1881,0.992
2.945856114,0.0210,0.9736,0.1859,0.991
2.947682767,0.0210,0.9738,0.1857,0.992
2.95068169,0.0225,0.9755,0.1857,0.993
2.952970767,0.0220,0.9758,0.1871,0.994
2.954134306,0.0232,0.9740,0.1884,0.992
2.955814037,0.0232,0.9753,0.1876,0.993
2.957734152,0.0220,0.9765,0.1874,0.995
2.959681729,0.0210,0.9760,0.1869,0.994
2.961557037,0.0200,0.9767,0.1862,0.995
2.963720075,0.0208,0.9770,0.1867,0.995
2.973789229,0.0210,0.9770,0.1864,0.995
2.975469921,0.0205,0.9765,0.1869,0.994
2.976480575,0.0220,0.9772,0.1864,0.995
2.977644421,0.0225,0.9782,0.1862,0.996
2.978850113,0.0232,0.9767,0.1857,0.994
2.97917019,0.0237,0.9765,0.1869,0.994
2.979424844,0.0239,0.9758,0.1876,0.994
2.979672383,0.0237,0.9748,0.1884,0.993
2.981646921,0.0217,0.9758,0.1901,0.994
2.996277421,0.0222,0.9758,0.1886,0.994
2.996867498,0.0215,0.9760,0.1879,0.994
2.99712146,0.0242,0.9755,0.1888,0.994
2.997347037,0.0244,0.9753,0.1886,0.994
2.997576306,0.0225,0.9762,0.1893,0.995
2.997805575,0.0222,0.9760,0.1903,0.995
2.998037152,0.0203,0.9762,0.1910,0.995
2.998262883,0.0227,0.9758,0.1913,0.995
3.009727613,0.0232,0.9758,0.1913,0.995
3.010935806,0.0247,0.9758,0.1923,0.995
3.011262806,0.0244,0.9755,0.1935,0.995
3.011515729,0.0244,0.9760,0.1940,0.995
3.011746806,0.0254,0.9758,0.1950,0.995
3.011974267,0.0261,0.9758,0.1952,0.995
3.012201767,0.0259,0.9772,0.1952,0.997
3.01287196,0.0252,0.9775,0.1972,0.997
3.018335883,0.0244,0.9762,0.1976,0.996
3.019035767,0.0252,0.9743,0.1969,0.994
3.01930369,0.0249,0.9738,0.1974,0.994
3.020922383,0.0247,0.9743,0.1976,0.994
3.022746575,0.0232,0.9753,0.1969,0.995
3.024658575,0.0222,0.9753,0.1974,0.995
3.026570883,0.0242,0.9736,0.1942,0.993
3.028712575,0.0215,0.9728,0.1954,0.992
3.030557498,0.0203,0.9733,0.1959,0.993
3.033579729,0.0191,0.9760,0.1986,0.996
3.03479446,0.0183,0.9770,0.1996,0.997
3.03675346,0.0193,0.9775,0.1986,0.998
3.038428729,0.0188,0.9770,0.1979,0.997
3.040407229,0.0191,0.9772,0.1959,0.997
3.04222596,0.0176,0.9775,0.1923,0.996
3.044362844,0.0161,0.9787,0.1932,0.998
3.046183344,0.0159,0.9780,0.1945,0.997
3.048435306,0.0164,0.9780,0.1945,0.997
3.051322767,0.0169,0.9782,0.1935,0.997
3.052240652,0.0149,0.9777,0.1910,0.996
3.054167344,0.0137,0.9792,0.1896,0.997
3.056254998,0.0137,0.9799,0.1896,0.998
3.058178575,0.0144,0.9814,0.1881,0.999
3.060270652,0.0129,0.9814,0.1881,0.999
3.062023306,0.0139,0.9811,0.1869,0.999
3.06415219,0.0161,0.9816,0.1859,0.999
3.069040883,0.0149,0.9819,0.1847,0.999
3.069603075,0.0125,0.9836,0.1830,1.001
3.069852921,0.0122,0.9828,0.1825,1.000
3.071988075,0.0127,0.9824,0.1825,0.999
3.074452498,0.0144,0.9838,0.1803,1.000
3.075884844,0.0144,0.9841,0.1793,1.000
3.077736652,0.0144,0.9833,0.1798,1.000
3.081735652,0.0142,0.9833,0.1783,0.999
3.082019844,0.0147,0.9828,0.1776,0.999
3.093372421,0.0129,0.9846,0.1769,1.000
3.093858998,0.0117,0.9858,0.1761,1.001
3.094122998,0.0107,0.9850,0.1744,1.000
3.094390767,0.0103,0.9870,0.1754,1.003
3.094643152,0.0103,0.9860,0.1759,1.002
3.094866652,0.0095,0.9843,0.1759,1.000
3.095669113,0.0086,0.9826,0.1769,0.998
3.097548536,0.0081,0.9816,0.1766,0.997
3.102712306,0.0103,0.9826,0.1771,0.998
3.103180152,0.0100,0.9821,0.1774,0.998
3.103806998,0.0122,0.9824,0.1737,0.998
3.105395229,0.0120,0.9819,0.1713,0.997
3.107472806,0.0120,0.9806,0.1703,0.995
3.109560267,0.0147,0.9806,0.1695,0.995
3.111510421,0.0156,0.9802,0.1661,0.994
3.113506306,0.0166,0.9802,0.1649,0.994
3.116643575,0.0173,0.9809,0.1620,0.994
3.117396767,0.0166,0.9797,0.1625,0.993
3.119541883,0.0169,0.9782,0.1642,0.992
3.121269806,0.0169,0.9780,0.1644,0.992
3.123415613,0.0176,0.9782,0.1649,0.992
3.12515769,0.0186,0.9784,0.1688,0.993
3.127198575,0.0176,0.9780,0.1725,0.993
3.129158767,0.0166,0.9767,0.1737,0.992
3.131153806,0.0171,0.9758,0.1783,0.992
3.133278652,0.0171,0.9765,0.1808,0.993
3.135378575,0.0171,0.9784,0.1845,0.996
3.137196652,0.0195,0.9765,0.1876,0.995
3.139340421,0.0205,0.9767,0.1884,0.995
3.141064152,0.0213,0.9762,0.1925,0.995
3.143335575,0.0215,0.9770,0.1957,0.997
3.14509619,0.0220,0.9758,0.1969,0.996
3.147068921,0.0239,0.9740,0.2033,0.995
3.152918921,0.0252,0.9736,0.2045,0.995
3.153462421,0.0247,0.9714,0.2089,0.994
3.153730652,0.0247,0.9711,0.2140,0.995
3.155533767,0.0261,0.9699,0.2169,0.994
3.157218536,0.0257,0.9679,0.2199,0.993
3.159137729,0.0264,0.9682,0.2216,0.994
3.160992113,0.0269,0.9684,0.2257,0.995
3.16318619,0.0283,0.9684,0.2260,0.995
3.165121998,0.0279,0.9672,0.2255,0.994
3.179745767,0.0281,0.9640,0.2240,0.990
3.180278921,0.0291,0.9621,0.2238,0.988
3.180549306,0.0298,0.9621,0.2233,0.988
3.180774767,0.0283,0.9618,0.2216,0.987
3.181002229,0.0296,0.9599,0.2182,0.985
3.181253652,0.0281,0.9587,0.2133,0.982
3.18149669,0.0286,0.9589,0.2086,0.982
3.181723344,0.0276,0.9594,0.2062,0.982
3.190771959,0.0274,0.9596,0.2001,0.981
3.191536383,0.0274,0.9579,0.1974,0.978
3.191966806,0.0247,0.9587,0.1910,0.978
3.192400152,0.0232,0.9606,0.1849,0.979
3.192817075,0.0215,0.9609,0.1830,0.978
3.193225998,0.0205,0.9628,0.1779,0.979
3.19491869,0.0200,0.9638,0.1730,0.979
3.196617306,0.0198,0.9645,0.1708,0.980
3.19875019,0.0191,0.9687,0.1683,0.983
3.201196806,0.0181,0.9689,0.1678,0.984
3.202829344,0.0173,0.9692,0.1656,0.983
3.204823959,0.0183,0.9733,0.1634,0.987
3.206575344,0.0176,0.9736,0.1617,0.987
3.208970959,0.0181,0.9777,0.1634,0.991
3.210538767,0.0191,0.9799,0.1644,0.994
3.212759229,0.0195,0.9816,0.1652,0.996
3.214455806,0.0208,0.9816,0.1666,0.996
3.217014306,0.0215,0.9819,0.1673,0.996
3.218885036,0.0213,0.9831,0.1678,0.998
3.220508613,0.0208,0.9853,0.1710,1.000
3.222514652,0.0217,0.9872,0.1727,1.002
3.224580075,0.0227,0.9863,0.1764,1.002
3.226462075,0.0217,0.9860,0.1810,1.003
3.228357459,0.0217,0.9855,0.1825,1.003
3.230230613,0.0195,0.9860,0.1881,1.004
3.234052075,0.0183,0.9860,0.1901,1.004
3.235317229,0.0176,0.9870,0.1964,1.007
3.236392806,0.0159,0.9855,0.2011,1.006
3.238342998,0.0142,0.9850,0.2038,1.006
3.240491267,0.0132,0.9841,0.2079,1.006
3.242566806,0.0112,0.9833,0.2118,1.006
3.244323729,0.0100,0.9826,0.2130,1.005
3.246236921,0.0076,0.9802,0.2182,1.004
3.248314921,0.0078,0.9804,0.2189,1.005
3.251655959,0.0059,0.9797,0.2206,1.004
3.253023844,0.0064,0.9782,0.2216,1.003
3.254091883,0.0076,0.9782,0.2218,1.003
3.25616819,0.0083,0.9784,0.2243,1.004
3.257942844,0.0093,0.9770,0.2255,1.003
3.260255075,0.0098,0.9767,0.2243,1.002
3.262063613,0.0090,0.9755,0.2243,1.001
3.263950344,0.0107,0.9762,0.2240,1.002
3.266935767,0.0129,0.9762,0.2216,1.001
3.268116959,0.0147,0.9753,0.2194,1.000
3.278309113,0.0159,0.9758,0.2191,1.000
3.278963036,0.0178,0.9758,0.2165,1.000
3.279247229,0.0183,0.9753,0.2140,0.999
3.279533113,0.0183,0.9762,0.2121,0.999
3.279811844,0.0193,0.9770,0.2101,1.000
3.280119652,0.0208,0.9762,0.2077,0.998
3.281952729,0.0208,0.9765,0.2035,0.998
3.309398767,0.0225,0.9762,0.1989,0.997
3.309955267,0.0225,0.9767,0.1962,0.996
3.310205613,0.0235,0.9758,0.1925,0.995
3.310491344,0.0235,0.9758,0.1893,0.994
3.310723344,0.0235,0.9760,0.1871,0.994
3.310953113,0.0235,0.9736,0.1857,0.991
3.311183998,0.0252,0.9748,0.1840,0.992
3.311559113,0.0264,0.9765,0.1808,0.993
3.311895113,0.0276,0.9780,0.1815,0.995
3.312213382,0.0271,0.9767,0.1823,0.994
3.312538844,0.0274,0.9748,0.1815,0.992
3.312871998,0.0288,0.9745,0.1813,0.992
3.313165459,0.0291,0.9750,0.1813,0.992
3.313453421,0.0298,0.9745,0.1837,0.992
3.313764267,0.0293,0.9740,0.1842,0.992
3.314079229,0.0291,0.9731,0.1842,0.991
3.321730267,0.0291,0.9740,0.1876,0.992
3.322591344,0.0305,0.9723,0.1886,0.991
3.323109998,0.0308,0.9731,0.1901,0.992
3.323466652,0.0310,0.9733,0.1918,0.993
3.323774382,0.0325,0.9726,0.1928,0.992
3.331131113,0.0318,0.9728,0.1937,0.992
3.331645036,0.0320,0.9723,0.1947,0.992
3.331895267,0.0293,0.9733,0.1964,0.993
3.332150575,0.0308,0.9721,0.1976,0.992
3.341439113,0.0325,0.9716,0.1989,0.992
3.342226459,0.0320,0.9728,0.2016,0.994
3.342797421,0.0322,0.9736,0.2028,0.995
3.343213113,0.0300,0.9726,0.2025,0.994
3.343614229,0.0293,0.9726,0.2038,0.994
3.344017613,0.0281,0.9726,0.2038,0.994
3.344911998,0.0276,0.9731,0.2055,0.995
3.347114729,0.0259,0.9731,0.2055,0.995
3.349000306,0.0266,0.9726,0.2057,0.994
3.357818113,0.0259,0.9733,0.2045,0.995
3.358567036,0.0261,0.9728,0.2045,0.994
3.358868267,0.0269,0.9745,0.2033,0.996
3.359141306,0.0261,0.9731,0.2013,0.994
3.359403267,0.0254,0.9728,0.2001,0.994
3.360764652,0.0237,0.9736,0.1994,0.994
3.36262769,0.0227,0.9743,0.1991,0.995
3.364710498,0.0227,0.9760,0.1974,0.996
3.393169036,0.0222,0.9728,0.1954,0.993
3.394049267,0.0225,0.9740,0.1950,0.994
3.394578652,0.0242,0.9772,0.1945,0.997
3.39500419,0.0249,0.9770,0.1932,0.996
3.39542619,0.0244,0.9777,0.1915,0.997
3.395821959,0.0239,0.9797,0.1920,0.999
3.396224306,0.0244,0.9792,0.1923,0.998
3.396630613,0.0252,0.9765,0.1903,0.995
3.397043921,0.0239,0.9784,0.1903,0.997
3.397434267,0.0239,0.9782,0.1906,0.997
3.39784819,0.0237,0.9775,0.1910,0.996
3.398252344,0.0230,0.9802,0.1903,0.999
3.398721344,0.0237,0.9802,0.1913,0.999
3.399132421,0.0249,0.9804,0.1908,0.999
3.399535729,0.0247,0.9802,0.1908,0.999
3.399914075,0.0230,0.9789,0.1920,0.998
3.400336498,0.0242,0.9780,0.1945,0.997
3.400777613,0.0244,0.9780,0.1945,0.997
3.403759113,0.0247,0.9794,0.1952,0.999
3.404652152,0.0266,0.9797,0.1954,0.999
3.40652719,0.0264,0.9814,0.1962,1.001
3.409097805,0.0279,0.9806,0.1972,1.001
3.410156805,0.0286,0.9809,0.1974,1.001
3.412372036,0.0261,0.9806,0.1974,1.001
3.414246536,0.0266,0.9794,0.1991,1.000
3.418273575,0.0269,0.9802,0.1989,1.000
3.419706959,0.0249,0.9794,0.2006,1.000
3.425311036,0.0242,0.9797,0.2011,1.000
3.426219613,0.0244,0.9797,0.2001,1.000
3.426967305,0.0227,0.9792,0.2006,1.000
3.427611421,0.0222,0.9802,0.2013,1.001
3.428251536,0.0195,0.9782,0.2025,0.999
3.429852229,0.0178,0.9789,0.2008,0.999
3.43229369,0.0159,0.9789,0.2013,1.000
3.435525267,0.0154,0.9789,0.2030,1.000
3.436625113,0.0156,0.9782,0.2023,0.999
3.437820498,0.0142,0.9789,0.2023,1.000
3.439971036,0.0142,0.9804,0.2028,1.001
3.441862075,0.0134,0.9809,0.2020,1.002
3.443863805,0.0125,0.9804,0.2008,1.001
3.445780998,0.0112,0.9806,0.2001,1.001
3.448117498,0.0127,0.9809,0.2006,1.001
3.451814959,0.0115,0.9799,0.1998,1.000
3.452462267,0.0107,0.9804,0.1991,1.000
3.453651498,0.0103,0.9789,0.1981,0.999
3.455759652,0.0105,0.9770,0.1994,0.997
3.457314382,0.0095,0.9777,0.1998,0.998
3.459619729,0.0103,0.9784,0.1996,0.999
3.461405036,0.0103,0.9787,0.1994,0.999
3.463260113,0.0100,0.9780,0.1991,0.998
3.465155382,0.0107,0.9770,0.2003,0.997
3.470699152,0.0122,0.9762,0.1991,0.996
3.471455036,0.0105,0.9755,0.1989,0.996
3.471876036,0.0093,0.9758,0.1969,0.995
3.473374421,0.0086,0.9765,0.1981,0.996
3.476435459,0.0100,0.9745,0.1994,0.995
3.477059613,0.0100,0.9750,0.1991,0.995
3.479204036,0.0100,0.9745,0.1996,0.995
3.494740267,0.0093,0.9726,0.2016,0.993
3.495381305,0.0090,0.9728,0.2013,0.993
3.495643459,0.0107,0.9719,0.2016,0.993
3.495884882,0.0115,0.9726,0.2023,0.993
3.496110459,0.0103,0.9709,0.2018,0.992
3.496347536,0.0125,0.9704,0.2011,0.991
3.496570882,0.0132,0.9692,0.2016,0.990
3.496802613,0.0122,0.9701,0.2025,0.991
3.497022344,0.0132,0.9701,0.2035,0.991
3.499968613,0.0127,0.9694,0.2033,0.991
3.50440419,0.0122,0.9697,0.2025,0.991
3.50489969,0.0134,0.9692,0.2018,0.990
3.505145998,0.0139,0.9692,0.2011,0.990
3.506903728,0.0134,0.9697,0.2008,0.990
3.50882369,0.0129,0.9687,0.2016,0.990
3.51107769,0.0134,0.9694,0.2025,0.990
3.512697921,0.0137,0.9701,0.2025,0.991
3.514746998,0.0132,0.9699,0.2023,0.991
3.517195305,0.0161,0.9697,0.2016,0.991
3.518979882,0.0151,0.9701,0.2008,0.991
3.520596498,0.0147,0.9697,0.1994,0.990
3.522581921,0.0154,0.9687,0.2008,0.989
3.524626113,0.0151,0.9701,0.2006,0.991
3.526679536,0.0142,0.9699,0.2001,0.990
3.528627382,0.0142,0.9699,0.2003,0.990
3.530570652,0.0164,0.9706,0.1984,0.991
3.534051152,0.0164,0.9726,0.1979,0.993
3.53512269,0.0154,0.9721,0.1976,0.992
3.536569152,0.0154,0.9716,0.1974,0.992
3.538647844,0.0149,0.9726,0.1954,0.992
3.540591459,0.0159,0.9721,0.1957,0.992
3.542434267,0.0154,0.9709,0.1972,0.991
3.544523382,0.0156,0.9711,0.1967,0.991
3.546438882,0.0159,0.9721,0.1972,0.992
3.548399421,0.0169,0.9743,0.1954,0.994
3.551430113,0.0166,0.9753,0.1950,0.995
3.552777536,0.0173,0.9736,0.1942,0.993
3.554318305,0.0169,0.9733,0.1962,0.993
3.556277152,0.0164,0.9745,0.1972,0.994
3.55819369,0.0178,0.9750,0.1979,0.995
3.560319767,0.0188,0.9738,0.1984,0.994
3.562162459,0.0200,0.9736,0.1989,0.994
3.564279075,0.0183,0.9750,0.1989,0.995
3.566215421,0.0188,0.9765,0.1991,0.997
3.574970421,0.0178,0.9758,0.1991,0.996
3.576290805,0.0181,0.9770,0.1989,0.997
3.577109344,0.0188,0.9794,0.1994,1.000
3.577984767,0.0178,0.9782,0.2008,0.999
3.578974921,0.0173,0.9784,0.2020,0.999
3.580791459,0.0191,0.9792,0.2025,1.000
3.581730959,0.0193,0.9780,0.2020,0.999
3.582745228,0.0176,0.9784,0.2035,1.000
3.601881152,0.0169,0.9794,0.2038,1.001
3.603444959,0.0164,0.9787,0.2030,1.000
3.604390844,0.0171,0.9787,0.2033,1.000
3.605190228,0.0171,0.9789,0.2038,1.000
3.606127075,0.0169,0.9784,0.2035,1.000
3.607142344,0.0154,0.9787,0.2033,1.000
3.608397459,0.0151,0.9787,0.2023,0.999
3.609176728,0.0159,0.9782,0.2020,0.999
3.610057305,0.0151,0.9794,0.2013,1.000
3.611017959,0.0151,0.9802,0.2016,1.001
3.612044267,0.0169,0.9794,0.2011,1.000
3.612734998,0.0173,0.9780,0.1998,0.998
3.61360219,0.0173,0.9782,0.1998,0.999
3.614411882,0.0164,0.9797,0.1989,1.000
3.615196959,0.0164,0.9799,0.1981,1.000
3.616223882,0.0176,0.9794,0.1976,0.999
3.617035536,0.0178,0.9799,0.1974,1.000
3.618121959,0.0166,0.9799,0.1984,1.000
3.62063269,0.0161,0.9794,0.1996,1.000
3.626300344,0.0181,0.9797,0.1969,0.999
3.627485459,0.0181,0.9799,0.1959,0.999
3.628312767,0.0186,0.9802,0.1962,1.000
3.629059421,0.0188,0.9806,0.1974,1.000
3.62999469,0.0169,0.9792,0.1976,0.999
3.631609305,0.0176,0.9789,0.1964,0.999
3.633913382,0.0186,0.9777,0.1962,0.997
3.636695959,0.0203,0.9777,0.1976,0.998
3.638326344,0.0195,0.9780,0.1984,0.998
3.639612728,0.0198,0.9789,0.1974,0.999
3.641176959,0.0195,0.9775,0.1957,0.997
3.643314805,0.0191,0.9767,0.1964,0.996
3.64498919,0.0191,0.9770,0.1964,0.997
3.647326959,0.0203,0.9767,0.2006,0.997
3.649094228,0.0203,0.9770,0.2006,0.998
3.652031036,0.0188,0.9762,0.2003,0.997
3.653135998,0.0186,0.9760,0.2008,0.997
3.655084382,0.0198,0.9738,0.2016,0.995
3.657012767,0.0198,0.9743,0.2011,0.995
3.659033344,0.0193,0.9736,0.2011,0.994
3.660855844,0.0181,0.9728,0.2011,0.994
3.662982459,0.0181,0.9733,0.2011,0.994
3.66497119,0.0186,0.9733,0.2013,0.994
3.670060575,0.0198,0.9733,0.2001,0.994
3.670702882,0.0198,0.9740,0.2011,0.995
3.670944575,0.0188,0.9728,0.2013,0.994
3.672936036,0.0176,0.9733,0.2020,0.994
3.674793267,0.0178,0.9733,0.2030,0.994
3.676752844,0.0188,0.9711,0.2035,0.992
3.678965421,0.0188,0.9706,0.2016,0.992
3.680811267,0.0188,0.9714,0.2011,0.992
3.682648575,0.0195,0.9726,0.1996,0.993
3.69287419,0.0183,0.9728,0.2011,0.994
3.693867805,0.0198,0.9731,0.2003,0.994
3.694687036,0.0200,0.9740,0.2003,0.995
3.695365113,0.0195,0.9745,0.2001,0.995
3.696066344,0.0200,0.9726,0.1998,0.993
3.697430498,0.0195,0.9733,0.1998,0.994
3.698247844,0.0186,0.9743,0.1969,0.994
3.699209305,0.0173,0.9743,0.1984,0.994
3.702291305,0.0169,0.9736,0.2003,0.994
3.703576267,0.0178,0.9758,0.1998,0.996
3.704495921,0.0191,0.9767,0.2003,0.997
3.706727805,0.0191,0.9755,0.1991,0.996
3.708485575,0.0169,0.9755,0.1962,0.995
3.710553267,0.0169,0.9743,0.1954,0.994
3.712421344,0.0183,0.9743,0.1962,0.994
3.714304113,0.0173,0.9743,0.1957,0.994
3.716499805,0.0178,0.9748,0.1940,0.994
3.719143305,0.0198,0.9753,0.1906,0.994
3.720582728,0.0195,0.9750,0.1869,0.993
3.722289498,0.0198,0.9740,0.1849,0.992
3.724232344,0.0213,0.9750,0.1827,0.992
3.726478882,0.0208,0.9748,0.1813,0.992
3.728430113,0.0208,0.9758,0.1805,0.993
3.730193651,0.0215,0.9767,0.1801,0.993
3.732301882,0.0215,0.9775,0.1801,0.994
3.73563169,0.0222,0.9780,0.1805,0.995
3.737047959,0.0217,0.9787,0.1801,0.995
3.73858419,0.0217,0.9789,0.1805,0.996
3.740070267,0.0205,0.9809,0.1832,0.998
3.741841767,0.0200,0.9819,0.1840,0.999
3.744076767,0.0181,0.9826,0.1854,1.000
3.745951074,0.0161,0.9828,0.1876,1.001
3.748286421,0.0173,0.9831,0.1874,1.001
3.750841805,0.0181,0.9816,0.1898,1.000
3.753615228,0.0176,0.9816,0.1908,1.000
3.75592219,0.0178,0.9826,0.1923,1.001
3.757247228,0.0186,0.9846,0.1967,1.004
3.758488498,0.0181,0.9836,0.1984,1.004
3.759886036,0.0193,0.9831,0.2023,1.004
3.761790998,0.0195,0.9821,0.2045,1.003
3.763846382,0.0193,0.9819,0.2094,1.004
3.766045228,0.0213,0.9836,0.2145,1.007
3.776008959,0.0220,0.9836,0.2162,1.007
3.776568074,0.0230,0.9819,0.2187,1.006
3.776815767,0.0261,0.9811,0.2216,1.006
3.777062651,0.0276,0.9799,0.2231,1.005
3.777294036,0.0291,0.9770,0.2257,1.003
3.777555305,0.0288,0.9760,0.2265,1.002
3.779662574,0.0286,0.9750,0.2260,1.001
3.781324805,0.0305,0.9733,0.2262,1.000
3.799408882,0.0313,0.9716,0.2253,0.998
3.800689767,0.0308,0.9704,0.2213,0.996
3.801740228,0.0298,0.9672,0.2184,0.992
3.802611728,0.0286,0.9653,0.2162,0.990
3.803483651,0.0276,0.9648,0.2108,0.988
3.804317728,0.0271,0.9645,0.2094,0.987
3.805287305,0.0232,0.9611,0.2040,0.983
3.806095651,0.0200,0.9635,0.1998,0.984
3.807121421,0.0181,0.9643,0.1969,0.984
3.807854959,0.0154,0.9645,0.1942,0.984
3.808463998,0.0154,0.9643,0.1901,0.983
3.809391959,0.0147,0.9653,0.1881,0.984
3.810045036,0.0139,0.9662,0.1852,0.984
3.810976074,0.0137,0.9667,0.1832,0.984
3.811775998,0.0139,0.9675,0.1813,0.984
3.813116921,0.0149,0.9692,0.1805,0.986
3.815049844,0.0134,0.9699,0.1805,0.987
3.817645728,0.0151,0.9716,0.1791,0.988
3.820181651,0.0164,0.9719,0.1803,0.989
3.821478959,0.0144,0.9731,0.1803,0.990
3.822980882,0.0169,0.9753,0.1823,0.992
3.824888228,0.0176,0.9755,0.1830,0.993
3.827694959,0.0198,0.9762,0.1835,0.994
3.828945344,0.0208,0.9770,0.1852,0.995
3.830971305,0.0232,0.9772,0.1869,0.995
3.832980805,0.0247,0.9775,0.1864,0.995
3.834664574,0.0239,0.9777,0.1869,0.996
3.837428036,0.0235,0.9789,0.1879,0.997
3.839042074,0.0232,0.9802,0.1937,0.999
3.840456074,0.0242,0.9802,0.1950,1.000
3.842713459,0.0242,0.9789,0.1972,0.999
3.844758459,0.0237,0.9784,0.2001,0.999
3.846524882,0.0210,0.9777,0.2060,0.999
3.848581421,0.0186,0.9784,0.2103,1.001
3.85195669,0.0171,0.9782,0.2125,1.001
3.853407267,0.0151,0.9775,0.2155,1.001
3.854608997,0.0137,0.9765,0.2177,1.001
3.856781613,0.0134,0.9738,0.2213,0.999
3.858313651,0.0107,0.9740,0.2250,1.000
3.860346113,0.0103,0.9745,0.2265,1.001
3.862325267,0.0095,0.9733,0.2296,1.000
3.864490344,0.0110,0.9728,0.2299,1.000
3.866180536,0.0112,0.9721,0.2304,0.999
3.875267805,0.0120,0.9721,0.2328,1.000
3.876668536,0.0122,0.9701,0.2326,0.998
3.877555151,0.0120,0.9687,0.2323,0.996
3.878654613,0.0134,0.9689,0.2321,0.996
3.879612459,0.0154,0.9687,0.2311,0.996
3.880628074,0.0181,0.9694,0.2284,0.996
3.881545959,0.0195,0.9704,0.2243,0.996
3.88259269,0.0203,0.9697,0.2235,0.995
3.901461574,0.0210,0.9699,0.2204,0.995
3.903076151,0.0208,0.9706,0.2179,0.995
3.904119497,0.0198,0.9706,0.2155,0.994
3.905093267,0.0208,0.9699,0.2091,0.992
3.90630919,0.0217,0.9706,0.2067,0.993
3.907446728,0.0235,0.9719,0.2016,0.993
3.908363228,0.0239,0.9731,0.1996,0.994
3.909189651,0.0237,0.9728,0.1962,0.993
3.910176459,0.0237,0.9740,0.1908,0.993
3.911132844,0.0227,0.9738,0.1888,0.992
3.91212569,0.0247,0.9753,0.1857,0.993
3.912925151,0.0237,0.9765,0.1830,0.994
3.913831036,0.0232,0.9772,0.1823,0.994
3.914730074,0.0225,0.9784,0.1786,0.995
3.915642921,0.0220,0.9792,0.1774,0.995
3.916602382,0.0244,0.9787,0.1761,0.995
3.917682844,0.0252,0.9794,0.1786,0.996
3.918560228,0.0247,0.9792,0.1796,0.996
3.921495844,0.0237,0.9794,0.1801,0.996
3.923072074,0.0252,0.9804,0.1805,0.997
3.927310497,0.0257,0.9806,0.1808,0.998
3.928332421,0.0261,0.9816,0.1825,0.999
3.929178497,0.0276,0.9802,0.1832,0.998
3.930200074,0.0286,0.9804,0.1849,0.998
3.931468074,0.0274,0.9814,0.1874,0.999
3.933591651,0.0281,0.9799,0.1891,0.998
3.936624074,0.0283,0.9787,0.1918,0.998
3.938127536,0.0274,0.9787,0.1937,0.998
3.93956592,0.0271,0.9772,0.1942,0.997
3.941473997,0.0264,0.9782,0.1959,0.998
3.943526382,0.0264,0.9772,0.1974,0.997
3.945456997,0.0266,0.9750,0.2016,0.996
3.94738119,0.0242,0.9755,0.2023,0.997
3.94935569,0.0232,0.9753,0.2030,0.996
3.952296151,0.0232,0.9736,0.2038,0.995
3.954579344,0.0225,0.9733,0.2033,0.995
3.955977767,0.0222,0.9738,0.2055,0.995
3.957347151,0.0215,0.9731,0.2062,0.995
3.959222344,0.0215,0.9726,0.2069,0.995
3.961278305,0.0203,0.9728,0.2077,0.995
3.963244305,0.0203,0.9728,0.2074,0.995
3.965393767,0.0203,0.9723,0.2077,0.994
3.967211574,0.0191,0.9719,0.2055,0.994
3.977106305,0.0191,0.9731,0.2050,0.995
3.977944305,0.0193,0.9728,0.2047,0.994
3.97844692,0.0195,0.9716,0.2018,0.993
3.978874613,0.0193,0.9716,0.2018,0.993
3.979284151,0.0181,0.9733,0.2020,0.994
3.979710536,0.0176,0.9753,0.2001,0.996
3.982220651,0.0188,0.9758,0.2008,0.996
3.982763228,0.0203,0.9755,0.1991,0.996
3.998613651,0.0188,0.9753,0.1981,0.995
4.000086536,0.0191,0.9780,0.1964,0.998
4.001131113,0.0217,0.9784,0.1954,0.998
4.001968267,0.0222,0.9772,0.1947,0.997
4.00330042,0.0208,0.9782,0.1945,0.998
4.004231151,0.0210,0.9784,0.1940,0.998
4.005303651,0.0188,0.9804,0.1918,0.999
4.00607992,0.0195,0.9784,0.1928,0.997
4.007165459,0.0200,0.9775,0.1918,0.996
4.007947805,0.0193,0.9775,0.1942,0.997
4.008926767,0.0176,0.9789,0.1942,0.998
4.009776728,0.0183,0.9792,0.1942,0.998
4.010816497,0.0200,0.9806,0.1937,1.000
4.011569305,0.0213,0.9809,0.1947,1.000
4.013048151,0.0217,0.9794,0.1969,0.999
4.014620805,0.0227,0.9770,0.1972,0.997
4.016748267,0.0235,0.9767,0.1981,0.997
4.020176074,0.0264,0.9792,0.1981,0.999
4.021505344,0.0257,0.9782,0.2018,0.999
4.022483805,0.0264,0.9780,0.2020,0.999
4.024598574,0.0266,0.9772,0.2025,0.998
4.02726469,0.0279,0.9767,0.2025,0.998
4.028389151,0.0257,0.9792,0.2045,1.001
4.030328997,0.0257,0.9775,0.2064,0.999
4.032258459,0.0261,0.9762,0.2067,0.998
4.035466728,0.0257,0.9753,0.2081,0.998
4.036910036,0.0239,0.9762,0.2096,0.999
4.038231344,0.0232,0.9765,0.2106,0.999
4.040356536,0.0220,0.9777,0.2111,1.000
4.042235997,0.0217,0.9787,0.2108,1.001
4.044241651,0.0193,0.9777,0.2084,1.000
4.046238728,0.0159,0.9770,0.2089,0.999
4.048429882,0.0166,0.9765,0.2099,0.999
4.050198497,0.0181,0.9760,0.2103,0.999
4.052939805,0.0186,0.9789,0.2084,1.001
4.054570767,0.0176,0.9787,0.2074,1.001
4.056438805,0.0154,0.9789,0.2064,1.001
4.058013497,0.0154,0.9789,0.2057,1.000
4.060016305,0.0147,0.9775,0.2052,0.999
4.061978574,0.0142,0.9797,0.2055,1.001
4.064112459,0.0137,0.9799,0.2057,1.001
4.065954574,0.0151,0.9787,0.2052,1.000
4.076114651,0.0151,0.9784,0.2057,1.000
4.077575843,0.0161,0.9792,0.2042,1.000
4.078835074,0.0171,0.9784,0.2035,1.000
4.079211151,0.0171,0.9792,0.2030,1.000
4.079471305,0.0166,0.9802,0.2018,1.001
4.079712882,0.0171,0.9804,0.2042,1.002
4.079942805,0.0169,0.9784,0.2042,1.000
4.081561036,0.0173,0.9780,0.2033,0.999
4.083658113,0.0169,0.9780,0.2028,0.999
4.097866728,0.0166,0.9767,0.2025,0.998
4.098293036,0.0154,0.9750,0.2033,0.996
4.098580805,0.0151,0.9753,0.2038,0.996
4.098813113,0.0169,0.9758,0.2035,0.997
4.099044305,0.0188,0.9755,0.2038,0.997
4.099287228,0.0193,0.9750,0.2038,0.996
4.099514536,0.0200,0.9740,0.2038,0.995
4.099746613,0.0198,0.9738,0.2042,0.995
4.106166343,0.0195,0.9738,0.2050,0.995
4.106639267,0.0203,0.9723,0.2028,0.993
4.10688769,0.0205,0.9714,0.2050,0.993
4.107123497,0.0210,0.9716,0.2050,0.993
4.10937642,0.0210,0.9719,0.2042,0.993
4.111658228,0.0217,0.9711,0.2062,0.993
4.113092728,0.0225,0.9699,0.2069,0.992
4.115582997,0.0230,0.9692,0.2064,0.991
4.117086305,0.0242,0.9709,0.2067,0.993
4.119288536,0.0259,0.9714,0.2045,0.993
4.120998536,0.0264,0.9714,0.2042,0.993
4.123131036,0.0269,0.9709,0.2050,0.993
4.125089343,0.0264,0.9714,0.2057,0.993
4.127461459,0.0261,0.9714,0.2069,0.994
4.128957074,0.0264,0.9692,0.2069,0.991
4.131417074,0.0259,0.9692,0.2067,0.991
4.132951497,0.0264,0.9704,0.2050,0.992
4.136094536,0.0259,0.9706,0.2038,0.992
4.137021882,0.0261,0.9711,0.2023,0.992
4.139474305,0.0264,0.9699,0.2042,0.992
4.14075592,0.0264,0.9701,0.2038,0.992
4.143492228,0.0259,0.9706,0.2023,0.992
4.144822805,0.0271,0.9719,0.2025,0.993
4.146900882,0.0274,0.9709,0.2030,0.992
4.14871619,0.0254,0.9699,0.2011,0.991
4.150656382,0.0254,0.9699,0.2013,0.991
4.152860882,0.0252,0.9704,0.2006,0.991
4.154571766,0.0259,0.9714,0.2016,0.992
4.156551728,0.0266,0.9711,0.2016,0.992
4.158631228,0.0266,0.9709,0.2020,0.992
4.160826651,0.0257,0.9709,0.2038,0.992
4.162640113,0.0266,0.9701,0.2045,0.992
4.164693074,0.0249,0.9701,0.2045,0.992
4.16686419,0.0239,0.9697,0.2055,0.991
4.17692192,0.0237,0.9711,0.2060,0.993
4.178479536,0.0249,0.9706,0.2055,0.992
4.179590766,0.0244,0.9709,0.2062,0.993
4.18060969,0.0230,0.9723,0.2072,0.994
4.181568497,0.0222,0.9731,0.2077,0.995
4.184414113,0.0232,0.9723,0.2091,0.995
4.185348497,0.0227,0.9721,0.2094,0.995
4.186420151,0.0217,0.9714,0.2096,0.994
4.18779469,0.0213,0.9726,0.2077,0.995
4.18896569,0.0200,0.9716,0.2086,0.994
4.189865228,0.0205,0.9723,0.2089,0.995
4.19103842,0.0203,0.9731,0.2101,0.996
4.200015536,0.0198,0.9736,0.2101,0.996
4.20200969,0.0183,0.9733,0.2084,0.996
4.203099997,0.0191,0.9731,0.2091,0.995
4.204207151,0.0188,0.9736,0.2094,0.996
4.205187036,0.0176,0.9740,0.2084,0.996
4.20651519,0.0173,0.9745,0.2069,0.996
4.207457228,0.0178,0.9740,0.2072,0.996
4.208396728,0.0186,0.9736,0.2079,0.996
4.209095882,0.0186,0.9733,0.2074,0.995
4.21001042,0.0181,0.9740,0.2060,0.996
4.212208728,0.0171,0.9745,0.2050,0.996
4.214060074,0.0178,0.9748,0.2050,0.996
4.216502843,0.0193,0.9755,0.2052,0.997
4.221443766,0.0183,0.9753,0.2050,0.997
4.22347819,0.0178,0.9753,0.2055,0.997
4.224914266,0.0171,0.9772,0.2040,0.998
4.22654992,0.0166,0.9784,0.2047,1.000
4.22799542,0.0181,0.9772,0.2045,0.999
4.229332805,0.0188,0.9775,0.2045,0.999
4.231189959,0.0195,0.9780,0.2050,0.999
4.231734343,0.0191,0.9792,0.2047,1.001
4.233905036,0.0193,0.9787,0.2045,1.000
4.236333036,0.0186,0.9784,0.2040,1.000
4.237800266,0.0181,0.9782,0.2038,0.999
4.239951728,0.0171,0.9767,0.2035,0.998
4.24165392,0.0173,0.9775,0.2030,0.998
4.24373619,0.0191,0.9765,0.2038,0.998
4.245571459,0.0200,0.9767,0.2033,0.998
4.247673343,0.0200,0.9782,0.2023,0.999
4.24962992,0.0186,0.9782,0.2030,0.999
4.252638536,0.0178,0.9777,0.2023,0.999
4.253581959,0.0156,0.9789,0.2020,1.000
4.255661574,0.0166,0.9799,0.2013,1.001
4.257258959,0.0183,0.9787,0.2023,1.000
4.259957497,0.0191,0.9787,0.2035,1.000
4.261647805,0.0186,0.9789,0.2028,1.000
4.263707189,0.0186,0.9777,0.2047,0.999
4.265475151,0.0188,0.9784,0.2047,1.000
4.267464189,0.0198,0.9775,0.2033,0.999
4.272879151,0.0205,0.9777,0.2042,0.999
4.273635766,0.0215,0.9780,0.2033,0.999
4.274049805,0.0210,0.9782,0.2011,0.999
4.275696805,0.0198,0.9765,0.2008,0.997
4.277560613,0.0198,0.9762,0.2006,0.997
4.279679228,0.0203,0.9765,0.2016,0.997
4.281250728,0.0195,0.9775,0.2016,0.998
4.283714574,0.0191,0.9789,0.2006,0.999
4.299180766,0.0198,0.9767,0.2006,0.997
4.300622728,0.0198,0.9772,0.1998,0.998
4.301671266,0.0215,0.9780,0.1998,0.998
4.30280692,0.0198,0.9772,0.2008,0.998
4.303857766,0.0191,0.9777,0.2016,0.998
4.30489792,0.0213,0.9772,0.1998,0.998
4.305958459,0.0210,0.9767,0.1998,0.997
4.307240036,0.0191,0.9748,0.2003,0.995
4.308204689,0.0183,0.9748,0.1991,0.995
4.309099613,0.0193,0.9762,0.2001,0.997
4.309908266,0.0191,0.9762,0.1991,0.997
4.311012305,0.0188,0.9762,0.1994,0.997
4.311786882,0.0193,0.9755,0.2003,0.996
4.312709805,0.0203,0.9765,0.2006,0.997
4.313625497,0.0198,0.9753,0.1998,0.996
4.316329074,0.0183,0.9743,0.1986,0.995
4.318834266,0.0176,0.9743,0.1981,0.994
4.31997542,0.0169,0.9748,0.1991,0.995
4.321330189,0.0171,0.9738,0.1996,0.994
4.322886689,0.0183,0.9733,0.2001,0.994
4.325004189,0.0173,0.9740,0.1986,0.994
4.327132497,0.0176,0.9743,0.1991,0.995
4.329193266,0.0166,0.9726,0.2001,0.993
4.330773882,0.0171,0.9731,0.1984,0.993
4.332669343,0.0171,0.9721,0.1989,0.992
4.336205266,0.0178,0.9714,0.1989,0.992
4.33705192,0.0156,0.9719,0.2003,0.992
4.338796766,0.0156,0.9714,0.2016,0.992
4.341107843,0.0149,0.9721,0.2035,0.993
4.342532189,0.0147,0.9706,0.2062,0.992
4.344864613,0.0147,0.9709,0.2062,0.993
4.346543651,0.0134,0.9701,0.2072,0.992
4.348898113,0.0129,0.9694,0.2079,0.992
4.350630882,0.0139,0.9692,0.2081,0.991
4.352860613,0.0159,0.9692,0.2074,0.991
4.354278651,0.0159,0.9692,0.2060,0.991
4.356132843,0.0171,0.9672,0.2016,0.988
4.358454651,0.0169,0.9675,0.2030,0.989
4.360233113,0.0171,0.9672,0.2030,0.988
4.362021113,0.0173,0.9670,0.1996,0.988
4.364171805,0.0176,0.9660,0.1981,0.986
4.365983728,0.0191,0.9677,0.1945,0.987
4.376072382,0.0195,0.9682,0.1957,0.988
4.377555497,0.0203,0.9677,0.1954,0.987
4.378888997,0.0183,0.9694,0.1950,0.989
4.379953805,0.0173,0.9709,0.1974,0.991
4.380926305,0.0161,0.9714,0.1984,0.992
4.381903189,0.0164,0.9716,0.2018,0.992
4.382846266,0.0149,0.9711,0.2023,0.992
4.383640189,0.0151,0.9716,0.2040,0.993
4.384552382,0.0149,0.9714,0.2069,0.993
4.403595459,0.0144,0.9716,0.2081,0.994
4.405088151,0.0122,0.9721,0.2099,0.995
4.406244266,0.0112,0.9731,0.2101,0.996
4.407281997,0.0125,0.9733,0.2106,0.996
4.408397959,0.0129,0.9743,0.2133,0.997
4.409555266,0.0127,0.9740,0.2152,0.998
4.41072842,0.0137,0.9726,0.2174,0.997
4.411796189,0.0125,0.9738,0.2213,0.999
4.412615074,0.0129,0.9736,0.2238,0.999
4.413685997,0.0127,0.9738,0.2260,1.000
4.414660536,0.0125,0.9738,0.2282,1.000
4.415717343,0.0132,0.9753,0.2301,1.002
4.416592651,0.0139,0.9755,0.2326,1.003
4.417659689,0.0147,0.9745,0.2343,1.002
4.41878692,0.0149,0.9726,0.2340,1.000
4.419925074,0.0151,0.9726,0.2328,1.000
4.42093842,0.0161,0.9719,0.2309,0.999
4.421983228,0.0181,0.9689,0.2316,0.996
4.423014074,0.0171,0.9682,0.2323,0.996
4.424044766,0.0151,0.9682,0.2289,0.995
4.426800536,0.0147,0.9679,0.2255,0.994
4.428526689,0.0134,0.9667,0.2240,0.992
4.429570728,0.0117,0.9657,0.2199,0.991
4.431811036,0.0107,0.9655,0.2165,0.990
4.433459112,0.0078,0.9645,0.2111,0.987
4.436868305,0.0076,0.9653,0.2074,0.987
4.438480112,0.0056,0.9650,0.2045,0.986
4.439647997,0.0032,0.9657,0.1979,0.986
4.441186766,0.0002,0.9675,0.1945,0.987
4.443776805,-0.0002,0.9677,0.1935,0.987
4.445147074,-0.0012,0.9706,0.1896,0.989
4.447022382,-0.0017,0.9726,0.1879,0.991
4.44897592,-0.0020,0.9750,0.1867,0.993
4.451152112,-0.0012,0.9755,0.1862,0.993
4.453446459,-0.0002,0.9762,0.1849,0.994
4.45519492,0.0010,0.9772,0.1849,0.995
4.457085074,0.0022,0.9772,0.1854,0.995
4.459402805,0.0027,0.9809,0.1854,0.998
4.460774612,0.0034,0.9831,0.1852,1.000
4.463450536,0.0042,0.9833,0.1857,1.001
4.464896997,0.0054,0.9833,0.1867,1.001
4.466722497,0.0073,0.9843,0.1864,1.002
4.473565728,0.0090,0.9836,0.1854,1.001
4.474466689,0.0103,0.9846,0.1869,1.002
4.474901728,0.0115,0.9865,0.1876,1.004
4.475324112,0.0127,0.9870,0.1893,1.005
4.47855442,0.0129,0.9865,0.1918,1.005
4.479066997,0.0122,0.9865,0.1925,1.005
4.480848151,0.0129,0.9853,0.1945,1.004
4.48286142,0.0122,0.9843,0.2001,1.005
4.485627189,0.0107,0.9836,0.2030,1.004
4.496693959,0.0110,0.9843,0.2079,1.006
4.497534459,0.0107,0.9836,0.2099,1.006
4.497953343,0.0107,0.9811,0.2143,1.004
4.498429035,0.0090,0.9804,0.2201,1.005
4.49884692,0.0088,0.9792,0.2209,1.004
4.499249151,0.0056,0.9780,0.2257,1.004
4.499633151,0.0034,0.9777,0.2301,1.004
4.500511497,0.0029,0.9775,0.2304,1.004
4.509818343,0.0051,0.9770,0.2311,1.004
4.511459497,0.0056,0.9760,0.2323,1.003
4.512504612,0.0054,0.9745,0.2333,1.002
4.513524612,0.0051,0.9740,0.2348,1.002
4.514797882,0.0064,0.9738,0.2350,1.002
4.515870689,0.0100,0.9731,0.2333,1.001
4.516946997,0.0098,0.9726,0.2333,1.000
4.517783382,0.0105,0.9709,0.2318,0.998
4.519027535,0.0112,0.9704,0.2304,0.997
4.522040651,0.0120,0.9704,0.2299,0.997
4.523849728,0.0137,0.9701,0.2262,0.996
4.524939382,0.0149,0.9701,0.2255,0.996
4.526204228,0.0156,0.9701,0.2228,0.996
4.527947882,0.0169,0.9701,0.2172,0.994
4.529853959,0.0173,0.9701,0.2150,0.994
4.531868805,0.0193,0.9697,0.2111,0.993
4.533817305,0.0191,0.9714,0.2069,0.993
4.538175728,0.0191,0.9714,0.2040,0.993
4.539778997,0.0205,0.9709,0.2003,0.992
4.540968805,0.0217,0.9699,0.1991,0.990
4.54215642,0.0215,0.9706,0.1962,0.990
4.543713266,0.0235,0.9714,0.1910,0.990
4.545621843,0.0227,0.9714,0.1893,0.990
4.547665651,0.0227,0.9711,0.1874,0.989
4.549658959,0.0239,0.9714,0.1881,0.990
4.553281535,0.0244,0.9706,0.1879,0.989
4.555207728,0.0247,0.9704,0.1867,0.988
4.556171305,0.0247,0.9697,0.1869,0.988
4.55780442,0.0271,0.9701,0.1891,0.989
4.559665266,0.0281,0.9719,0.1901,0.991
4.561586497,0.0274,0.9711,0.1898,0.990
4.563613305,0.0254,0.9711,0.1920,0.990
4.565518882,0.0291,0.9704,0.1937,0.990
4.567666805,0.0298,0.9687,0.1969,0.989
4.576790766,0.0281,0.9684,0.1991,0.989
4.578440959,0.0274,0.9689,0.1996,0.990
4.579674228,0.0264,0.9697,0.2028,0.991
4.580635651,0.0252,0.9679,0.2074,0.990
4.581868612,0.0252,0.9677,0.2086,0.990
4.582912958,0.0244,0.9692,0.2133,0.993
4.583240997,0.0232,0.9689,0.2155,0.993
4.583471305,0.0222,0.9684,0.2179,0.993
4.600276074,0.0232,0.9677,0.2199,0.993
4.600870997,0.0230,0.9677,0.2204,0.993
4.601135766,0.0225,0.9687,0.2228,0.994
4.601385151,0.0200,0.9675,0.2238,0.993
4.601619151,0.0198,0.9670,0.2240,0.993
4.601847766,0.0173,0.9667,0.2262,0.993
4.602077997,0.0161,0.9667,0.2272,0.993
4.602314305,0.0173,0.9679,0.2274,0.994
4.602590843,0.0176,0.9667,0.2272,0.993
4.60340492,0.0166,0.9667,0.2274,0.993
4.604974035,0.0137,0.9687,0.2284,0.995
4.607003958,0.0129,0.9687,0.2274,0.995
4.608845035,0.0125,0.9689,0.2272,0.995
4.611079189,0.0112,0.9694,0.2233,0.995
4.612746074,0.0122,0.9684,0.2216,0.994
4.614766189,0.0129,0.9697,0.2199,0.994
4.617860882,0.0122,0.9701,0.2199,0.995
4.619895997,0.0122,0.9701,0.2187,0.995
4.620870189,0.0110,0.9721,0.2160,0.996
4.622642151,0.0105,0.9731,0.2147,0.997
4.624630997,0.0122,0.9733,0.2130,0.996
4.626638305,0.0103,0.9753,0.2116,0.998
4.629022574,0.0098,0.9748,0.2103,0.997
4.633204035,0.0105,0.9762,0.2099,0.999
4.633480612,0.0120,0.9767,0.2089,0.999
4.634549651,0.0120,0.9765,0.2084,0.999
4.636684612,0.0103,0.9784,0.2094,1.001
4.638515997,0.0115,0.9787,0.2084,1.001
4.640422228,0.0100,0.9777,0.2069,0.999
4.642416882,0.0110,0.9780,0.2081,1.000
4.644360305,0.0107,0.9787,0.2084,1.001
4.646258112,0.0112,0.9780,0.2089,1.000
4.648300612,0.0110,0.9787,0.2072,1.000
4.650240997,0.0103,0.9780,0.2074,1.000
4.65552742,0.0110,0.9787,0.2091,1.001
4.656088766,0.0122,0.9789,0.2103,1.001
4.656574843,0.0156,0.9792,0.2108,1.002
4.658162535,0.0169,0.9789,0.2118,1.002
4.660046305,0.0171,0.9792,0.2133,1.002
4.662065882,0.0181,0.9789,0.2150,1.002
4.664138497,0.0188,0.9777,0.2157,1.001
4.666080535,0.0200,0.9772,0.2143,1.001
4.668001651,0.0195,0.9787,0.2147,1.002
4.677310728,0.0203,0.9787,0.2147,1.002
4.677835112,0.0215,0.9767,0.2157,1.001
4.67809092,0.0210,0.9760,0.2157,1.000
4.678326343,0.0210,0.9770,0.2157,1.001
4.678597882,0.0198,0.9772,0.2155,1.001
4.680235228,0.0195,0.9775,0.2157,1.001
4.681868574,0.0198,0.9765,0.2150,1.000
4.684035228,0.0195,0.9762,0.2145,1.000
4.686445843,0.0191,0.9772,0.2147,1.001
4.687996843,0.0193,0.9762,0.2140,1.000
4.69004192,0.0183,0.9760,0.2138,0.999
4.692097035,0.0178,0.9765,0.2135,1.000
4.693872689,0.0191,0.9767,0.2133,1.000
4.695939074,0.0193,0.9760,0.2123,0.999
4.697750574,0.0181,0.9775,0.2108,1.000
4.699961881,0.0173,0.9780,0.2101,1.000
4.703047651,0.0176,0.9770,0.2099,0.999
4.70398492,0.0183,0.9767,0.2079,0.999
4.705904381,0.0188,0.9765,0.2067,0.998
4.707900689,0.0183,0.9767,0.2067,0.999
4.709672612,0.0156,0.9767,0.2081,0.999
4.711711305,0.0156,0.9765,0.2079,0.999
4.713619189,0.0149,0.9775,0.2081,0.999
4.715962343,0.0159,0.9789,0.2079,1.001
4.717964535,0.0164,0.9792,0.2072,1.001
4.72076192,0.0173,0.9784,0.2047,1.000
4.721864612,0.0156,0.9787,0.2033,1.000
4.724356574,0.0154,0.9777,0.2025,0.999
4.72565142,0.0161,0.9762,0.2008,0.997
4.72763842,0.0156,0.9755,0.2016,0.996
4.729441228,0.0166,0.9748,0.2023,0.996
4.731385881,0.0169,0.9721,0.2025,0.993
4.733420343,0.0176,0.9719,0.2028,0.993
4.736719305,0.0159,0.9706,0.2020,0.992
4.738670881,0.0142,0.9711,0.2003,0.992
4.739932843,0.0142,0.9699,0.2006,0.991
4.741257035,0.0164,0.9684,0.2018,0.989
4.743445189,0.0171,0.9682,0.2025,0.989
4.745499535,0.0173,0.9679,0.2038,0.989
4.747467958,0.0193,0.9660,0.2060,0.988
4.749269151,0.0193,0.9660,0.2074,0.988
4.751359074,0.0188,0.9643,0.2099,0.987
4.754105766,0.0191,0.9640,0.2111,0.987
4.75559092,0.0183,0.9640,0.2113,0.987
4.757204689,0.0176,0.9645,0.2147,0.988
4.759348574,0.0178,0.9626,0.2157,0.987
4.761267766,0.0191,0.9611,0.2169,0.985
4.763291305,0.0193,0.9621,0.2179,0.987
4.765055612,0.0198,0.9628,0.2174,0.987
4.767238343,0.0183,0.9638,0.2184,0.988
4.777767151,0.0186,0.9628,0.2189,0.988
4.779331151,0.0193,0.9638,0.2213,0.989
4.780254343,0.0210,0.9623,0.2218,0.988
4.78133792,0.0203,0.9618,0.2223,0.987
4.78221492,0.0200,0.9626,0.2211,0.988
4.783257958,0.0205,0.9616,0.2206,0.987
4.784113535,0.0181,0.9628,0.2204,0.988
4.785068228,0.0193,0.9626,0.2169,0.987
4.785868612,0.0198,0.9633,0.2167,0.988
4.787160035,0.0193,0.9645,0.2177,0.989
4.801775304,0.0186,0.9657,0.2167,0.990
4.803328728,0.0188,0.9660,0.2165,0.990
4.804476728,0.0191,0.9660,0.2165,0.990
4.805271151,0.0183,0.9670,0.2150,0.991
4.806080189,0.0173,0.9665,0.2121,0.990
4.807123189,0.0173,0.9672,0.2123,0.990
4.808100612,0.0164,0.9692,0.2121,0.992
4.809111843,0.0176,0.9711,0.2111,0.994
4.810414881,0.0183,0.9711,0.2103,0.994
4.811374497,0.0181,0.9704,0.2103,0.993
4.812450035,0.0169,0.9711,0.2096,0.994
4.813176381,0.0166,0.9719,0.2103,0.994
4.813853612,0.0173,0.9719,0.2094,0.994
4.814937343,0.0176,0.9726,0.2091,0.995
4.816157304,0.0181,0.9748,0.2094,0.997
4.818249228,0.0171,0.9758,0.2091,0.998
4.821497151,0.0164,0.9758,0.2084,0.998
4.826318266,0.0156,0.9767,0.2089,0.999
4.828492228,0.0147,0.9765,0.2089,0.999
4.829353574,0.0149,0.9758,0.2091,0.998
4.830305304,0.0149,0.9770,0.2096,0.999
4.831184997,0.0147,0.9770,0.2101,0.999
4.832151804,0.0151,0.9789,0.2094,1.001
4.833854843,0.0147,0.9802,0.2099,1.002
4.837158035,0.0139,0.9799,0.2089,1.002
4.838667035,0.0147,0.9797,0.2101,1.002
4.83992692,0.0156,0.9797,0.2108,1.002
4.841769228,0.0156,0.9797,0.2094,1.002
4.843761381,0.0151,0.9809,0.2086,1.003
4.845605574,0.0144,0.9811,0.2096,1.003
4.847870343,0.0142,0.9816,0.2099,1.004
4.849645497,0.0147,0.9824,0.2099,1.005
4.851635343,0.0164,0.9838,0.2089,1.006
4.854495381,0.0159,0.9819,0.2089,1.004
4.855959074,0.0161,0.9824,0.2079,1.004
4.857529843,0.0183,0.9804,0.2060,1.002
4.859548651,0.0171,0.9804,0.2062,1.002
4.861520228,0.0176,0.9794,0.2057,1.001
4.863619728,0.0161,0.9809,0.2057,1.002
4.865512228,0.0156,0.9809,0.2052,1.002
4.867706535,0.0166,0.9794,0.2067,1.001
4.876913997,0.0173,0.9797,0.2060,1.001
4.87831542,0.0166,0.9802,0.2055,1.002
4.879447843,0.0166,0.9794,0.2047,1.001
4.880533343,0.0178,0.9775,0.2040,0.999
4.881424766,0.0195,0.9772,0.2035,0.998
4.883621497,0.0176,0.9777,0.2038,0.999
4.884062112,0.0173,0.9772,0.2042,0.998
4.884306112,0.0161,0.9770,0.2025,0.998
4.885088343,0.0161,0.9777,0.2030,0.999
4.899044304,0.0161,0.9770,0.2033,0.998
4.900423766,0.0178,0.9767,0.2025,0.998
4.901459728,0.0183,0.9762,0.2018,0.997
4.902464189,0.0188,0.9743,0.2038,0.996
4.903560535,0.0171,0.9733,0.2040,0.995
4.904618151,0.0171,0.9726,0.2052,0.994
4.905640727,0.0169,0.9723,0.2072,0.994
4.906610266,0.0191,0.9731,0.2074,0.995
4.907482227,0.0183,0.9726,0.2069,0.995
4.908132881,0.0191,0.9736,0.2062,0.995
4.908972189,0.0191,0.9738,0.2060,0.996
4.909723458,0.0200,0.9728,0.2079,0.995
4.912110151,0.0200,0.9736,0.2079,0.996
4.917607958,0.0198,0.9731,0.2077,0.995
4.918782343,0.0205,0.9733,0.2069,0.995
4.919617689,0.0191,0.9738,0.2086,0.996
4.920712189,0.0205,0.9738,0.2089,0.996
4.921583112,0.0210,0.9728,0.2118,0.996
4.924049689,0.0210,0.9714,0.2118,0.994
4.925506189,0.0205,0.9719,0.2128,0.995
4.926959612,0.0200,0.9699,0.2121,0.993
4.928892035,0.0205,0.9701,0.2121,0.993
4.931002881,0.0193,0.9714,0.2121,0.994
4.932995074,0.0200,0.9704,0.2140,0.994
4.934802189,0.0203,0.9719,0.2140,0.995
4.937645227,0.0195,0.9723,0.2138,0.996
4.939151651,0.0203,0.9711,0.2125,0.994
4.940628997,0.0195,0.9704,0.2128,0.994
4.942653189,0.0186,0.9706,0.2143,0.994
4.944730651,0.0181,0.9709,0.2138,0.994
4.946616997,0.0198,0.9704,0.2138,0.994
4.948549343,0.0205,0.9714,0.2128,0.995
4.950535227,0.0205,0.9711,0.2133,0.994
4.954944497,0.0188,0.9704,0.2130,0.994
4.95648042,0.0183,0.9706,0.2125,0.994
4.957564997,0.0193,0.9719,0.2125,0.995
4.958692843,0.0191,0.9716,0.2123,0.995
4.960250651,0.0191,0.9716,0.2113,0.995
4.96223842,0.0181,0.9714,0.2108,0.994
4.964427651,0.0176,0.9716,0.2108,0.994
4.966334458,0.0198,0.9733,0.2118,0.996
4.968724535,0.0195,0.9719,0.2111,0.995
4.97785042,0.0191,0.9728,0.2113,0.996
4.979326266,0.0191,0.9733,0.2103,0.996
4.980500381,0.0193,0.9740,0.2091,0.996
4.981564612,0.0195,0.9745,0.2094,0.997
4.98257592,0.0200,0.9738,0.2108,0.997
4.983527074,0.0193,0.9740,0.2116,0.997
4.984507035,0.0198,0.9745,0.2113,0.997
4.985372035,0.0198,0.9753,0.2118,0.998
4.986562881,0.0195,0.9753,0.2121,0.998
5.000715227,0.0195,0.9740,0.2113,0.997
5.00188542,0.0171,0.9731,0.2118,0.996
5.002265497,0.0161,0.9740,0.2121,0.997
5.002572535,0.0176,0.9736,0.2145,0.997
5.002818535,0.0171,0.9733,0.2145,0.997
5.003041227,0.0149,0.9726,0.2150,0.996
5.003276881,0.0161,0.9723,0.2160,0.996
5.003510151,0.0173,0.9723,0.2150,0.996
5.003746074,0.0188,0.9711,0.2147,0.995
5.009210997,0.0181,0.9706,0.2145,0.994
5.009764227,0.0181,0.9706,0.2118,0.994
5.010043035,0.0183,0.9697,0.2106,0.992
5.011789381,0.0191,0.9701,0.2096,0.993
5.01350615,0.0205,0.9699,0.2064,0.992
5.015587881,0.0210,0.9697,0.2016,0.991
5.017543381,0.0213,0.9699,0.2016,0.991
5.020072843,0.0225,0.9692,0.2008,0.990
5.021501458,0.0215,0.9699,0.2003,0.991
5.02339765,0.0203,0.9701,0.1996,0.991
5.025244227,0.0183,0.9701,0.2025,0.991
5.027550574,0.0171,0.9709,0.2025,0.992
5.02956965,0.0154,0.9728,0.2040,0.994
5.031702381,0.0137,0.9721,0.2060,0.994
5.033266074,0.0134,0.9716,0.2062,0.993
5.035361727,0.0144,0.9723,0.2077,0.994
5.037794381,0.0137,0.9731,0.2081,0.995
5.039584843,0.0147,0.9740,0.2106,0.997
5.041337189,0.0147,0.9733,0.2125,0.996
5.043533343,0.0156,0.9733,0.2133,0.997
5.045440804,0.0144,0.9723,0.2135,0.996
5.047454227,0.0151,0.9709,0.2147,0.994
5.049508804,0.0154,0.9721,0.2155,0.996
5.051353574,0.0156,0.9731,0.2194,0.998
5.062333958,0.0156,0.9719,0.2211,0.997
5.064106266,0.0164,0.9697,0.2245,0.995
5.065528381,0.0191,0.9694,0.2294,0.996
5.066855497,0.0193,0.9694,0.2296,0.996
5.067942189,0.0198,0.9679,0.2321,0.996
5.069525689,0.0210,0.9675,0.2328,0.995
5.07100815,0.0213,0.9679,0.2343,0.996
5.072273343,0.0225,0.9684,0.2340,0.997
5.073682266,0.0235,0.9670,0.2345,0.995
5.075012381,0.0232,0.9650,0.2331,0.993
5.075519612,0.0237,0.9653,0.2323,0.993
5.075855189,0.0232,0.9631,0.2309,0.991
5.08956965,0.0208,0.9626,0.2272,0.989
5.090165112,0.0210,0.9635,0.2260,0.990
5.090452535,0.0205,0.9635,0.2223,0.989
5.090693497,0.0178,0.9626,0.2172,0.987
5.090931497,0.0173,0.9628,0.2152,0.987
5.091168074,0.0154,0.9613,0.2113,0.984
5.091396843,0.0139,0.9616,0.2106,0.984
5.09162965,0.0115,0.9626,0.2074,0.985
5.092680574,0.0107,0.9635,0.2016,0.984
5.094681381,0.0100,0.9648,0.1991,0.985
5.096682766,0.0086,0.9643,0.1959,0.984
5.098700112,0.0090,0.9660,0.1935,0.985
5.100506727,0.0083,0.9662,0.1932,0.985
5.103877304,0.0071,0.9677,0.1928,0.987
5.104685189,0.0071,0.9687,0.1932,0.988
5.106539804,0.0076,0.9701,0.1935,0.989
5.108454958,0.0083,0.9736,0.1915,0.992
5.11040592,0.0100,0.9750,0.1925,0.994
5.112389266,0.0110,0.9760,0.1945,0.995
5.11420865,0.0110,0.9770,0.1945,0.996
5.116425189,0.0115,0.9767,0.1967,0.996
5.118210689,0.0132,0.9777,0.1996,0.998
5.120530189,0.0144,0.9784,0.1998,0.999
5.122499727,0.0156,0.9789,0.2016,1.000
5.124228112,0.0186,0.9794,0.2018,1.000
5.125990612,0.0195,0.9804,0.2025,1.001
5.128124766,0.0213,0.9809,0.2060,1.003
5.129964843,0.0208,0.9814,0.2077,1.003
5.132052497,0.0208,0.9797,0.2094,1.002
5.133933535,0.0205,0.9794,0.2116,1.002
5.135987612,0.0200,0.9794,0.2150,1.003
5.138467612,0.0198,0.9772,0.2211,1.002
5.139875958,0.0200,0.9758,0.2231,1.001
5.141786227,0.0191,0.9745,0.2274,1.001
5.143808343,0.0154,0.9745,0.2309,1.002
5.14578815,0.0137,0.9736,0.2331,1.001
5.151151535,0.0134,0.9721,0.2360,1.000
5.151401189,0.0129,0.9719,0.2375,1.001
5.151654766,0.0137,0.9699,0.2419,1.000
5.156877227,0.0139,0.9679,0.2424,0.998
5.157451997,0.0137,0.9679,0.2426,0.998
5.157694073,0.0117,0.9657,0.2460,0.997
5.159633843,0.0112,0.9662,0.2470,0.997
5.162593304,0.0103,0.9655,0.2475,0.997
5.163455458,0.0110,0.9675,0.2460,0.998
5.16548315,0.0115,0.9677,0.2460,0.999
5.167795766,0.0120,0.9677,0.2431,0.998
5.170168227,0.0137,0.9687,0.2419,0.999
5.18365765,0.0137,0.9699,0.2414,1.000
5.184149112,0.0147,0.9704,0.2392,1.000
5.184393112,0.0147,0.9704,0.2360,0.999
5.184617227,0.0156,0.9699,0.2328,0.998
5.184848727,0.0159,0.9699,0.2277,0.996
5.185085035,0.0164,0.9709,0.2250,0.997
5.185319804,0.0181,0.9726,0.2209,0.998
5.185562343,0.0181,0.9728,0.2162,0.997
5.191010958,0.0181,0.9711,0.2140,0.995
5.191505227,0.0176,0.9723,0.2094,0.995
5.191747881,0.0183,0.9743,0.2050,0.996
5.193043189,0.0188,0.9748,0.2030,0.996
5.195035266,0.0191,0.9760,0.1991,0.996
5.197086766,0.0195,0.9758,0.1969,0.996
5.19905192,0.0205,0.9772,0.1954,0.997
5.200940497,0.0205,0.9775,0.1925,0.996
5.203840573,0.0213,0.9775,0.1913,0.996
5.205012766,0.0217,0.9775,0.1901,0.996
5.20725965,0.0215,0.9775,0.1886,0.996
5.20891315,0.0210,0.9780,0.1886,0.996
5.211375804,0.0213,0.9787,0.1898,0.997
5.212887612,0.0225,0.9780,0.1906,0.997
5.215268843,0.0225,0.9794,0.1920,0.998
5.217175535,0.0210,0.9789,0.1935,0.998
5.219518343,0.0222,0.9777,0.1942,0.997
5.222837727,0.0225,0.9772,0.1969,0.997
5.224396189,0.0227,0.9772,0.1986,0.997
5.225815227,0.0232,0.9750,0.2028,0.996
5.227030035,0.0239,0.9738,0.2055,0.996
5.229131881,0.0247,0.9740,0.2077,0.996
5.231178535,0.0242,0.9726,0.2106,0.995
5.233050112,0.0222,0.9711,0.2118,0.994
5.234995227,0.0222,0.9719,0.2133,0.995
5.23806515,0.0230,0.9706,0.2167,0.995
5.239678804,0.0227,0.9701,0.2179,0.995
5.240984343,0.0210,0.9692,0.2221,0.995
5.242807612,0.0198,0.9689,0.2255,0.995
5.244679266,0.0203,0.9684,0.2257,0.995
5.246680727,0.0198,0.9694,0.2270,0.996
5.249057304,0.0200,0.9697,0.2287,0.996
5.250619266,0.0203,0.9689,0.2289,0.996
5.252950804,0.0178,0.9677,0.2296,0.995
5.256220535,0.0191,0.9670,0.2292,0.994
5.25773492,0.0181,0.9684,0.2306,0.996
5.259625612,0.0183,0.9684,0.2289,0.995
5.260860996,0.0176,0.9677,0.2289,0.995
5.263047843,0.0176,0.9679,0.2289,0.995
5.264656496,0.0176,0.9677,0.2287,0.995
5.26641942,0.0164,0.9672,0.2248,0.993
5.268488727,0.0171,0.9665,0.2253,0.993
5.27869842,0.0178,0.9672,0.2245,0.993
5.280144535,0.0193,0.9687,0.2213,0.994
5.28119865,0.0193,0.9684,0.2194,0.993
5.282244727,0.0198,0.9701,0.2165,0.994
5.283397573,0.0195,0.9726,0.2162,0.997
5.284405573,0.0193,0.9733,0.2165,0.997
5.285236304,0.0178,0.9728,0.2155,0.997
5.286248266,0.0176,0.9716,0.2135,0.995
5.28720342,0.0176,0.9726,0.2130,0.996
5.303592612,0.0164,0.9738,0.2121,0.997
5.304503727,0.0166,0.9743,0.2106,0.997
5.304917381,0.0166,0.9740,0.2089,0.996
5.305329766,0.0161,0.9750,0.2091,0.997
5.305733573,0.0156,0.9743,0.2091,0.997
5.306128535,0.0142,0.9750,0.2101,0.998
5.306611304,0.0151,0.9753,0.2091,0.998
5.307009035,0.0147,0.9750,0.2091,0.997
5.307419189,0.0151,0.9760,0.2081,0.998
5.307828612,0.0144,0.9765,0.2091,0.999
5.308246189,0.0137,0.9770,0.2101,0.999
5.30956442,0.0134,0.9777,0.2108,1.000
5.312271881,0.0142,0.9775,0.2116,1.000
5.313472612,0.0147,0.9794,0.2106,1.002
5.31566815,0.0151,0.9789,0.2106,1.001
5.317431381,0.0151,0.9780,0.2103,1.000
5.320957343,0.0151,0.9772,0.2106,1.000
5.321791573,0.0151,0.9775,0.2113,1.000
5.324104958,0.0144,0.9782,0.2125,1.001
5.325570996,0.0144,0.9772,0.2130,1.000
5.32816415,0.0129,0.9767,0.2135,1.000
5.329581458,0.0125,0.9775,0.2143,1.001
5.331781035,0.0125,0.9777,0.2138,1.001
5.33356465,0.0120,0.9775,0.2118,1.000
5.335829612,0.0125,0.9755,0.2106,0.998
5.33824165,0.0125,0.9753,0.2111,0.998
5.34054765,0.0120,0.9765,0.2103,0.999
5.341226804,0.0117,0.9777,0.2106,1.000
5.34375565,0.0122,0.9770,0.2099,0.999
5.345442304,0.0112,0.9762,0.2084,0.998
5.347771689,0.0110,0.9755,0.2086,0.998
5.349248535,0.0115,0.9772,0.2091,0.999
5.351426958,0.0100,0.9758,0.2081,0.998
5.354623919,0.0120,0.9760,0.2074,0.998
5.355429689,0.0151,0.9760,0.2091,0.998
5.357088573,0.0147,0.9755,0.2096,0.998
5.359134535,0.0147,0.9760,0.2106,0.999
5.361157304,0.0147,0.9740,0.2106,0.997
5.36294665,0.0149,0.9736,0.2096,0.996
5.365134189,0.0154,0.9736,0.2101,0.996
5.367239727,0.0171,0.9736,0.2103,0.996
5.369134996,0.0183,0.9738,0.2101,0.996
5.378491727,0.0205,0.9743,0.2091,0.997
5.380024689,0.0205,0.9740,0.2091,0.996
5.381172266,0.0208,0.9745,0.2101,0.997
5.382275727,0.0213,0.9719,0.2111,0.995
5.383386612,0.0208,0.9709,0.2125,0.994
5.384225035,0.0237,0.9704,0.2143,0.994
5.385113304,0.0242,0.9692,0.2130,0.993
5.385876112,0.0237,0.9689,0.2128,0.992
5.387064304,0.0237,0.9687,0.2135,0.992
5.401249381,0.0239,0.9684,0.2138,0.992
5.403334958,0.0239,0.9677,0.2145,0.991
5.404281766,0.0239,0.9675,0.2140,0.991
5.405445189,0.0237,0.9677,0.2145,0.991
5.406634573,0.0239,0.9687,0.2150,0.993
5.407645227,0.0264,0.9694,0.2155,0.993
5.408697766,0.0254,0.9675,0.2167,0.992
5.409588727,0.0242,0.9670,0.2160,0.991
5.410485804,0.0237,0.9667,0.2160,0.991
5.411229804,0.0254,0.9672,0.2150,0.991
5.411900112,0.0232,0.9677,0.2162,0.992
5.412816996,0.0232,0.9670,0.2162,0.991
5.413575689,0.0244,0.9672,0.2147,0.991
5.415118419,0.0257,0.9667,0.2143,0.991
5.41755965,0.0257,0.9677,0.2155,0.992
5.41935365,0.0249,0.9689,0.2135,0.992
5.426229573,0.0252,0.9689,0.2125,0.992
5.427770843,0.0239,0.9692,0.2111,0.992
5.428859189,0.0225,0.9692,0.2121,0.992
5.429891496,0.0222,0.9699,0.2121,0.993
5.431138996,0.0222,0.9699,0.2094,0.992
5.432082266,0.0217,0.9687,0.2099,0.991
5.432906227,0.0220,0.9704,0.2079,0.993
5.434100496,0.0232,0.9711,0.2072,0.993
5.436400881,0.0222,0.9706,0.2069,0.993
5.43954865,0.0210,0.9706,0.2081,0.993
5.441066266,0.0205,0.9714,0.2081,0.994
5.442437842,0.0195,0.9731,0.2072,0.995
5.444220304,0.0208,0.9740,0.2064,0.996
5.445872766,0.0203,0.9731,0.2062,0.995
5.448092958,0.0210,0.9728,0.2055,0.995
5.44982965,0.0208,0.9733,0.2052,0.995
5.451914535,0.0198,0.9743,0.2045,0.996
5.456446496,0.0203,0.9731,0.2047,0.995
5.45802915,0.0205,0.9736,0.2035,0.995
5.459169496,0.0198,0.9753,0.2047,0.997
5.460341919,0.0200,0.9750,0.2047,0.996
5.461954535,0.0186,0.9753,0.2052,0.997
5.463879689,0.0164,0.9736,0.2064,0.995
5.465706496,0.0178,0.9738,0.2064,0.996
5.467751804,0.0188,0.9762,0.2069,0.998
5.469765573,0.0178,0.9767,0.2050,0.998
5.479644766,0.0183,0.9765,0.2045,0.998
5.480516227,0.0186,0.9758,0.2069,0.998
5.480944304,0.0178,0.9758,0.2067,0.998
5.481341919,0.0183,0.9758,0.2069,0.998
5.481741535,0.0183,0.9750,0.2074,0.997
5.482159073,0.0183,0.9753,0.2081,0.997
5.483985419,0.0161,0.9743,0.2103,0.997
5.485550304,0.0161,0.9753,0.2091,0.998
5.501386189,0.0159,0.9745,0.2099,0.997
5.503422419,0.0156,0.9743,0.2091,0.997
5.504434189,0.0159,0.9743,0.2091,0.997
5.505986342,0.0161,0.9745,0.2103,0.997
5.507358535,0.0156,0.9736,0.2106,0.996
5.508730996,0.0149,0.9738,0.2101,0.996
5.509988804,0.0169,0.9733,0.2096,0.996
5.511238535,0.0154,0.9733,0.2106,0.996
5.512170342,0.0144,0.9740,0.2108,0.997
5.513219189,0.0156,0.9745,0.2118,0.997
5.514116766,0.0151,0.9748,0.2113,0.998
5.515464573,0.0156,0.9740,0.2123,0.997
5.516361842,0.0156,0.9750,0.2123,0.998
5.517332227,0.0159,0.9750,0.2118,0.998
5.518119881,0.0159,0.9733,0.2113,0.996
5.519299073,0.0164,0.9723,0.2111,0.995
5.520426419,0.0156,0.9721,0.2096,0.995
5.521434227,0.0149,0.9726,0.2118,0.995
5.523891919,0.0156,0.9726,0.2116,0.995
5.525091496,0.0159,0.9738,0.2116,0.997
5.526840266,0.0156,0.9745,0.2103,0.997
5.529123419,0.0156,0.9738,0.2103,0.996
5.530936612,0.0169,0.9719,0.2081,0.994
5.532782573,0.0164,0.9714,0.2096,0.994
5.534841881,0.0161,0.9716,0.2091,0.994
5.53793565,0.0178,0.9721,0.2077,0.994
5.53868015,0.0178,0.9723,0.2062,0.994
5.540775766,0.0183,0.9728,0.2057,0.995
5.54268015,0.0173,0.9716,0.2072,0.994
5.544884458,0.0169,0.9716,0.2064,0.993
5.546501612,0.0173,0.9726,0.2074,0.995
5.548790535,0.0164,0.9728,0.2074,0.995
5.55056665,0.0178,0.9731,0.2072,0.995
5.552697535,0.0188,0.9745,0.2069,0.996
5.555114996,0.0181,0.9736,0.2074,0.996
5.556638035,0.0176,0.9736,0.2052,0.995
5.558589073,0.0181,0.9736,0.2057,0.995
5.56053215,0.0183,0.9745,0.2052,0.996
5.562434189,0.0173,0.9738,0.2052,0.995
5.564412612,0.0181,0.9740,0.2047,0.995
5.566294189,0.0191,0.9716,0.2040,0.993
5.568478265,0.0186,0.9716,0.2050,0.993
5.574620458,0.0169,0.9716,0.2057,0.993
5.575173689,0.0169,0.9731,0.2052,0.995
5.57541815,0.0156,0.9733,0.2050,0.995
5.576430535,0.0156,0.9740,0.2062,0.996
5.57834565,0.0161,0.9748,0.2064,0.997
5.580290342,0.0161,0.9753,0.2055,0.997
5.582095612,0.0173,0.9743,0.2057,0.996
5.584179419,0.0159,0.9733,0.2047,0.995
5.586094189,0.0159,0.9736,0.2050,0.995
5.605171573,0.0171,0.9728,0.2057,0.994
5.606234073,0.0169,0.9726,0.2052,0.994
5.607152073,0.0156,0.9745,0.2042,0.996
5.607799958,0.0154,0.9740,0.2028,0.995
5.608404765,0.0151,0.9738,0.2030,0.995
5.609118804,0.0139,0.9750,0.2020,0.996
5.609889689,0.0149,0.9748,0.2020,0.996
5.610780881,0.0159,0.9755,0.2011,0.996
5.611684689,0.0149,0.9765,0.2006,0.997
5.61238365,0.0149,0.9753,0.2013,0.996
5.612976996,0.0156,0.9753,0.2018,0.996
5.613698727,0.0147,0.9753,0.2030,0.996
5.614717996,0.0149,0.9760,0.2035,0.997
5.615366612,0.0142,0.9760,0.2025,0.997
5.616157919,0.0120,0.9767,0.2028,0.998
5.617771419,0.0125,0.9760,0.2042,0.997
5.619822689,0.0110,0.9758,0.2055,0.997
5.622277304,0.0100,0.9772,0.2055,0.999
5.624141304,0.0139,0.9767,0.2052,0.998
5.625714727,0.0144,0.9758,0.2030,0.997
5.627759689,0.0144,0.9755,0.2035,0.997
5.629631073,0.0156,0.9740,0.2020,0.995
5.631539035,0.0151,0.9733,0.2001,0.994
5.63337315,0.0171,0.9728,0.1964,0.993
5.635369842,0.0171,0.9733,0.1947,0.993
5.638612689,0.0169,0.9721,0.1932,0.991
5.640554996,0.0161,0.9719,0.1910,0.991
5.641650227,0.0156,0.9736,0.1876,0.992
5.643524073,0.0156,0.9736,0.1876,0.992
5.64527215,0.0159,0.9753,0.1884,0.993
5.64744815,0.0154,0.9753,0.1891,0.994
5.649501612,0.0139,0.9758,0.1906,0.994
5.651501496,0.0132,0.9772,0.1940,0.996
5.653538458,0.0132,0.9787,0.1959,0.998
5.656145458,0.0125,0.9787,0.1974,0.998
5.657566765,0.0115,0.9797,0.1986,1.000
5.659231804,0.0112,0.9794,0.2025,1.000
5.661141342,0.0112,0.9792,0.2060,1.001
5.663377073,0.0110,0.9792,0.2074,1.001
5.665190996,0.0107,0.9787,0.2081,1.001
5.667045573,0.0105,0.9775,0.2118,1.000
5.669021573,0.0122,0.9758,0.2133,0.999
5.678452573,0.0129,0.9770,0.2167,1.001
5.679872919,0.0139,0.9772,0.2187,1.001
5.681018035,0.0149,0.9767,0.2206,1.001
5.682172188,0.0142,0.9762,0.2233,1.002
5.683249035,0.0149,0.9750,0.2240,1.001
5.684197688,0.0173,0.9750,0.2279,1.001
5.685119573,0.0181,0.9736,0.2306,1.001
5.685903112,0.0191,0.9721,0.2316,0.999
5.686949842,0.0195,0.9743,0.2333,1.002
5.700657496,0.0200,0.9736,0.2328,1.001
5.701221073,0.0217,0.9719,0.2318,0.999
5.701476112,0.0220,0.9697,0.2328,0.997
5.701698496,0.0220,0.9679,0.2318,0.996
5.701930227,0.0217,0.9670,0.2299,0.994
5.702157035,0.0220,0.9662,0.2272,0.993
5.702438458,0.0227,0.9660,0.2245,0.992
5.702783535,0.0225,0.9638,0.2206,0.989
5.709406496,0.0230,0.9628,0.2174,0.987
5.709971112,0.0227,0.9618,0.2086,0.984
5.710234573,0.0203,0.9628,0.2038,0.984
5.710522188,0.0186,0.9633,0.2011,0.984
5.712504919,0.0149,0.9631,0.1940,0.983
5.714407188,0.0139,0.9631,0.1918,0.982
5.716338881,0.0144,0.9660,0.1857,0.984
5.718330804,0.0122,0.9672,0.1810,0.984
5.72168965,0.0127,0.9679,0.1801,0.985
5.722243727,0.0127,0.9692,0.1742,0.985
5.724272342,0.0122,0.9692,0.1715,0.984
5.726256419,0.0110,0.9721,0.1720,0.987
5.728360996,0.0120,0.9731,0.1720,0.988
5.730253996,0.0122,0.9733,0.1698,0.988
5.732302612,0.0107,0.9760,0.1683,0.990
5.734121035,0.0122,0.9775,0.1713,0.992
5.736273535,0.0127,0.9782,0.1727,0.993
5.738474996,0.0142,0.9794,0.1727,0.995
5.740018804,0.0169,0.9797,0.1742,0.995
5.741963227,0.0173,0.9821,0.1759,0.998
5.744148458,0.0188,0.9836,0.1798,1.000
5.746143612,0.0181,0.9838,0.1827,1.001
5.748237496,0.0173,0.9831,0.1847,1.000
5.750141804,0.0188,0.9826,0.1915,1.001
5.752094304,0.0188,0.9828,0.1950,1.002
5.755255112,0.0171,0.9843,0.1996,1.004
5.756038535,0.0171,0.9843,0.2018,1.005
5.758091996,0.0154,0.9826,0.2069,1.004
5.760030419,0.0156,0.9814,0.2106,1.004
5.761927073,0.0151,0.9799,0.2133,1.003
5.763969573,0.0137,0.9775,0.2179,1.002
5.765777996,0.0120,0.9767,0.2226,1.002
5.767792842,0.0120,0.9750,0.2262,1.001
5.769674919,0.0120,0.9745,0.2294,1.001
5.779050342,0.0115,0.9736,0.2294,1.000
5.78016465,0.0105,0.9706,0.2309,0.998
5.780865535,0.0105,0.9704,0.2321,0.998
5.781640073,0.0105,0.9701,0.2326,0.998
5.782618573,0.0115,0.9687,0.2340,0.997
5.78339915,0.0127,0.9714,0.2343,0.999
5.784159881,0.0129,0.9711,0.2340,0.999
5.78562365,0.0132,0.9709,0.2328,0.998
5.803383688,0.0134,0.9714,0.2316,0.999
5.805082919,0.0137,0.9726,0.2287,0.999
5.806514996,0.0147,0.9719,0.2255,0.998
5.807885265,0.0144,0.9719,0.2231,0.997
5.809310804,0.0151,0.9714,0.2194,0.996
5.810753881,0.0159,0.9728,0.2191,0.997
5.81169415,0.0178,0.9731,0.2167,0.997
5.812403419,0.0183,0.9731,0.2118,0.996
5.813319996,0.0193,0.9733,0.2106,0.996
5.814106842,0.0200,0.9733,0.2069,0.995
5.815305419,0.0171,0.9743,0.2023,0.995
5.817062842,0.0171,0.9753,0.1986,0.995
5.817978342,0.0181,0.9753,0.1950,0.995
5.819243573,0.0173,0.9750,0.1928,0.994
5.820156535,0.0198,0.9770,0.1888,0.995
5.821241881,0.0200,0.9738,0.1871,0.992
5.822634188,0.0200,0.9736,0.1864,0.991
5.823865188,0.0198,0.9726,0.1842,0.990
5.824785842,0.0205,0.9740,0.1837,0.991
5.825705688,0.0213,0.9726,0.1842,0.990
5.828413919,0.0220,0.9733,0.1842,0.991
5.830041035,0.0232,0.9738,0.1845,0.991
5.831304304,0.0232,0.9726,0.1832,0.990
5.833188073,0.0230,0.9728,0.1862,0.991
5.835139881,0.0222,0.9721,0.1888,0.991
5.837099111,0.0215,0.9731,0.1908,0.992
5.839959265,0.0217,0.9728,0.1910,0.992
5.841406342,0.0198,0.9719,0.1918,0.991
5.843030381,0.0220,0.9728,0.1947,0.992
5.84497915,0.0232,0.9738,0.1962,0.994
5.846840111,0.0232,0.9750,0.2016,0.996
5.848843804,0.0210,0.9733,0.2020,0.994
5.850833111,0.0203,0.9721,0.2040,0.993
5.852899342,0.0195,0.9723,0.2064,0.994
5.856116804,0.0193,0.9716,0.2074,0.994
5.857585458,0.0181,0.9711,0.2099,0.994
5.858864611,0.0169,0.9704,0.2116,0.993
5.860727111,0.0164,0.9694,0.2108,0.992
5.862551188,0.0151,0.9701,0.2118,0.993
5.864648419,0.0149,0.9701,0.2130,0.993
5.866601342,0.0151,0.9733,0.2121,0.996
5.868746996,0.0142,0.9743,0.2125,0.997
5.870804227,0.0129,0.9736,0.2130,0.997
5.880142419,0.0100,0.9728,0.2106,0.995
5.88153515,0.0110,0.9723,0.2084,0.994
5.882549419,0.0110,0.9740,0.2079,0.996
5.883549227,0.0076,0.9753,0.2047,0.997
5.884906073,0.0076,0.9762,0.2030,0.997
5.902347881,0.0090,0.9782,0.2020,0.999
5.903911073,0.0083,0.9794,0.2011,1.000
5.905480611,0.0068,0.9792,0.2006,1.000
5.906726573,0.0081,0.9792,0.1974,0.999
5.907893034,0.0086,0.9789,0.1950,0.998
5.908963996,0.0076,0.9797,0.1932,0.999
5.909934342,0.0081,0.9802,0.1918,0.999
5.911024304,0.0093,0.9794,0.1896,0.998
5.912010958,0.0088,0.9797,0.1871,0.997
5.912833958,0.0110,0.9797,0.1852,0.997
5.913553573,0.0105,0.9804,0.1849,0.998
5.914537804,0.0093,0.9799,0.1847,0.997
5.91554715,0.0083,0.9809,0.1842,0.998
5.916545188,0.0095,0.9811,0.1852,0.999
5.917307496,0.0095,0.9804,0.1862,0.998
5.918254381,0.0098,0.9804,0.1871,0.998
5.919239611,0.0093,0.9806,0.1893,0.999
5.920249073,0.0098,0.9806,0.1906,0.999
5.92191015,0.0112,0.9811,0.1915,1.000
5.923694842,0.0122,0.9806,0.1942,1.000
5.925125804,0.0120,0.9799,0.1945,0.999
5.926522073,0.0132,0.9789,0.1957,0.998
5.927652034,0.0156,0.9765,0.1972,0.996
5.928792534,0.0159,0.9767,0.1989,0.997
5.930162034,0.0164,0.9758,0.2003,0.996
5.933168419,0.0169,0.9750,0.2023,0.996
5.934170034,0.0161,0.9760,0.2042,0.997
5.936116688,0.0186,0.9743,0.2060,0.996
5.937836227,0.0200,0.9748,0.2067,0.997
5.94079015,0.0208,0.9743,0.2081,0.996
5.941950996,0.0193,0.9738,0.2086,0.996
5.944034534,0.0198,0.9731,0.2091,0.995
5.945569265,0.0203,0.9728,0.2091,0.995
5.947874381,0.0193,0.9733,0.2106,0.996
5.949366727,0.0193,0.9728,0.2108,0.996
5.952021265,0.0193,0.9719,0.2103,0.995
5.953327842,0.0178,0.9714,0.2099,0.994
5.955968227,0.0169,0.9728,0.2108,0.996
5.957786381,0.0149,0.9728,0.2133,0.996
5.959528958,0.0147,0.9719,0.2138,0.995
5.961368381,0.0166,0.9714,0.2133,0.995
5.964174996,0.0169,0.9723,0.2135,0.996
5.965633842,0.0151,0.9726,0.2116,0.995
5.967469381,0.0147,0.9726,0.2101,0.995
5.969503842,0.0147,0.9728,0.2103,0.995
5.975832804,0.0149,0.9743,0.2089,0.997
5.976392727,0.0151,0.9740,0.2064,0.996
5.976637381,0.0154,0.9748,0.2050,0.996
5.977010265,0.0151,0.9762,0.2050,0.998
5.979540573,0.0159,0.9762,0.2047,0.998
5.981147534,0.0164,0.9762,0.2035,0.997
5.983433534,0.0169,0.9753,0.2023,0.996
5.985120034,0.0178,0.9758,0.2016,0.997
5.999407957,0.0169,0.9777,0.2001,0.998
6.000265842,0.0159,0.9772,0.1986,0.997
6.000701842,0.0154,0.9765,0.1994,0.997
6.001147804,0.0159,0.9770,0.1967,0.997
6.001547688,0.0154,0.9765,0.1967,0.996
6.001948842,0.0144,0.9772,0.1969,0.997
6.002348111,0.0164,0.9777,0.1959,0.997
6.002839034,0.0151,0.9780,0.1959,0.998
6.003226419,0.0151,0.9780,0.1954,0.997
6.006895457,0.0156,0.9777,0.1942,0.997
6.007856957,0.0151,0.9782,0.1923,0.997
6.008676919,0.0147,0.9775,0.1935,0.997
6.010661919,0.0151,0.9765,0.1923,0.995
6.013050342,0.0147,0.9758,0.1910,0.994
6.014621957,0.0142,0.9758,0.1910,0.994
6.016568188,0.0132,0.9758,0.1896,0.994
6.018653188,0.0132,0.9775,0.1891,0.996
6.020556765,0.0142,0.9775,0.1903,0.996
6.022957496,0.0134,0.9784,0.1893,0.997
6.024929573,0.0139,0.9772,0.1886,0.995
6.026459842,0.0125,0.9762,0.1891,0.994
6.028229111,0.0127,0.9767,0.1893,0.995
6.030145957,0.0129,0.9777,0.1886,0.996
6.032170265,0.0110,0.9772,0.1871,0.995
6.034734611,0.0120,0.9777,0.1898,0.996
6.036270534,0.0120,0.9770,0.1906,0.995
6.039048034,0.0120,0.9767,0.1901,0.995
6.041279996,0.0122,0.9770,0.1896,0.995
6.042336111,0.0127,0.9772,0.1910,0.996
6.044263304,0.0120,0.9775,0.1906,0.996
6.04589965,0.0105,0.9762,0.1908,0.995
6.048180381,0.0110,0.9765,0.1915,0.995
6.04985565,0.0110,0.9767,0.1901,0.995
6.052205688,0.0115,0.9767,0.1903,0.995
6.053858034,0.0110,0.9765,0.1903,0.995
6.056488342,0.0112,0.9767,0.1908,0.995
6.057931227,0.0120,0.9767,0.1928,0.996
6.059983534,0.0117,0.9775,0.1932,0.996
6.061907111,0.0120,0.9765,0.1940,0.996
6.063767573,0.0112,0.9758,0.1937,0.995
6.066080842,0.0107,0.9758,0.1954,0.995
6.067980534,0.0117,0.9750,0.1959,0.995
6.069702265,0.0120,0.9753,0.1967,0.995
6.079067727,0.0107,0.9762,0.1957,0.996
6.080264573,0.0110,0.9755,0.1959,0.995
6.080956573,0.0122,0.9758,0.1979,0.996
6.081734611,0.0115,0.9755,0.1984,0.996
6.082620073,0.0122,0.9755,0.1981,0.996
6.084464804,0.0112,0.9740,0.1964,0.994
6.08530965,0.0127,0.9736,0.1974,0.993
6.08602565,0.0142,0.9731,0.1986,0.993
6.08761238,0.0129,0.9740,0.1989,0.994
6.101929457,0.0142,0.9755,0.1986,0.996
6.103531034,0.0149,0.9750,0.1986,0.995
6.104709727,0.0137,0.9743,0.1989,0.994
6.106007496,0.0122,0.9745,0.1981,0.995
6.107711688,0.0122,0.9738,0.1976,0.994
6.108722842,0.0134,0.9728,0.1979,0.993
6.109706688,0.0139,0.9723,0.1972,0.992
6.110947496,0.0147,0.9728,0.1964,0.993
6.111817688,0.0122,0.9733,0.1969,0.993
6.112741342,0.0122,0.9740,0.1962,0.994
6.113628034,0.0122,0.9740,0.1962,0.994
6.114324304,0.0112,0.9711,0.1981,0.991
6.115330804,0.0117,0.9719,0.1984,0.992
6.116265227,0.0115,0.9721,0.1976,0.992
6.118965688,0.0105,0.9728,0.1967,0.993
6.120367996,0.0107,0.9726,0.1950,0.992
6.12154788,0.0112,0.9733,0.1962,0.993
6.128081919,0.0120,0.9743,0.1964,0.994
6.129627996,0.0120,0.9748,0.1954,0.994
6.130657919,0.0122,0.9748,0.1969,0.995
6.13174838,0.0107,0.9753,0.1962,0.995
6.132535842,0.0095,0.9736,0.1969,0.993
6.133532919,0.0103,0.9748,0.1964,0.994
6.135218765,0.0105,0.9740,0.1972,0.994
6.137088573,0.0095,0.9733,0.1974,0.993
6.140547573,0.0095,0.9736,0.1976,0.993
6.142251573,0.0095,0.9740,0.1964,0.994
6.143485611,0.0093,0.9745,0.1967,0.994
6.145227611,0.0107,0.9740,0.1964,0.994
6.146966765,0.0103,0.9745,0.1967,0.994
6.148979188,0.0093,0.9740,0.1972,0.994
6.151164496,0.0095,0.9738,0.1972,0.994
6.152857534,0.0117,0.9743,0.1964,0.994
6.154887842,0.0127,0.9740,0.1959,0.994
6.158304342,0.0105,0.9738,0.1964,0.993
6.15977738,0.0095,0.9743,0.1979,0.994
6.161219765,0.0103,0.9738,0.1979,0.994
6.16271088,0.0117,0.9738,0.1957,0.993
6.16487688,0.0105,0.9743,0.1964,0.994
6.166812304,0.0112,0.9750,0.1967,0.995
6.168597304,0.0127,0.9740,0.1959,0.994
6.170601265,0.0122,0.9736,0.1954,0.993
6.179539804,0.0105,0.9743,0.1952,0.994
6.180968804,0.0129,0.9738,0.1952,0.993
6.182020727,0.0132,0.9743,0.1954,0.994
6.183210111,0.0134,0.9738,0.1952,0.993
6.18417788,0.0115,0.9745,0.1972,0.994
6.185086304,0.0112,0.9743,0.1962,0.994
6.185830765,0.0137,0.9755,0.1976,0.995
6.186966804,0.0139,0.9745,0.1974,0.994
6.216390688,0.0154,0.9740,0.1974,0.994
6.21762665,0.0166,0.9745,0.1972,0.994
6.218832111,0.0166,0.9743,0.1967,0.994
6.219579457,0.0159,0.9745,0.1967,0.994
6.22055338,0.0156,0.9736,0.1962,0.993
6.221744227,0.0166,0.9726,0.1957,0.992
6.222917496,0.0164,0.9726,0.1945,0.992
6.224015457,0.0173,0.9731,0.1950,0.993
6.225494265,0.0183,0.9738,0.1962,0.994
6.226410996,0.0173,0.9736,0.1959,0.993
6.227264265,0.0181,0.9743,0.1959,0.994
6.228157227,0.0191,0.9748,0.1972,0.995
6.228827803,0.0193,0.9760,0.1981,0.996
6.229452188,0.0186,0.9758,0.1981,0.996
6.230236803,0.0186,0.9767,0.1989,0.997
6.231040919,0.0176,0.9753,0.2001,0.996
6.23185665,0.0164,0.9748,0.2013,0.995
6.232563419,0.0171,0.9750,0.2003,0.996
6.23315315,0.0173,0.9740,0.1996,0.994
6.233997727,0.0203,0.9733,0.1967,0.993
6.234945688,0.0208,0.9740,0.1957,0.994
6.235731227,0.0213,0.9755,0.1923,0.995
6.236482073,0.0205,0.9758,0.1906,0.994
6.237137342,0.0208,0.9753,0.1884,0.994
6.238093303,0.0222,0.9755,0.1840,0.993
6.239155496,0.0230,0.9758,0.1825,0.993
6.240217919,0.0232,0.9760,0.1823,0.993
6.242957957,0.0242,0.9777,0.1798,0.994
6.244450842,0.0237,0.9787,0.1803,0.995
6.249231111,0.0220,0.9792,0.1798,0.996
6.250617265,0.0215,0.9806,0.1801,0.997
6.251450342,0.0210,0.9816,0.1808,0.998
6.252252803,0.0195,0.9836,0.1827,1.001
6.253536611,0.0203,0.9828,0.1847,1.000
6.256284919,0.0208,0.9826,0.1886,1.001
6.257374727,0.0198,0.9826,0.1920,1.001
6.259633573,0.0203,0.9824,0.1947,1.002
6.261367034,0.0205,0.9824,0.1957,1.002
6.263425111,0.0203,0.9824,0.1981,1.002
6.265251727,0.0203,0.9819,0.1998,1.002
6.267348419,0.0210,0.9824,0.2030,1.003
6.269252111,0.0213,0.9816,0.2047,1.003
6.271414765,0.0195,0.9809,0.2086,1.003
6.275310111,0.0186,0.9802,0.2118,1.003
6.275873303,0.0198,0.9797,0.2155,1.003
6.277169496,0.0203,0.9799,0.2182,1.004
6.279334688,0.0203,0.9792,0.2204,1.004
6.281054073,0.0210,0.9777,0.2233,1.003
6.282978034,0.0210,0.9787,0.2267,1.005
6.285358457,0.0217,0.9780,0.2270,1.004
6.286885496,0.0220,0.9758,0.2260,1.002
6.298282419,0.0213,0.9743,0.2260,1.000
6.298858073,0.0215,0.9731,0.2260,0.999
6.299107765,0.0210,0.9723,0.2240,0.998
6.301797803,0.0210,0.9714,0.2216,0.997
6.302071227,0.0205,0.9697,0.2169,0.994
6.302293611,0.0200,0.9675,0.2118,0.991
6.302572726,0.0208,0.9672,0.2094,0.990
6.302806265,0.0200,0.9670,0.2025,0.988
6.304688073,0.0200,0.9665,0.1976,0.987
6.307654919,0.0186,0.9657,0.1901,0.984
6.308889919,0.0169,0.9675,0.1830,0.985
6.310878188,0.0159,0.9682,0.1798,0.985
6.312615303,0.0144,0.9689,0.1747,0.985
6.314656726,0.0105,0.9709,0.1695,0.986
6.316756842,0.0088,0.9711,0.1673,0.985
6.319454111,0.0090,0.9731,0.1642,0.987
6.320596957,0.0095,0.9745,0.1630,0.988
6.323368034,0.0103,0.9770,0.1603,0.990
6.324547419,0.0098,0.9777,0.1581,0.990
6.327029534,0.0095,0.9784,0.1576,0.991
6.328406457,0.0120,0.9794,0.1571,0.992
6.330228034,0.0125,0.9802,0.1586,0.993
6.332432726,0.0132,0.9794,0.1578,0.992
6.334342342,0.0144,0.9802,0.1605,0.993
6.336705303,0.0156,0.9811,0.1617,0.994
6.339618457,0.0164,0.9838,0.1637,0.997
6.341934303,0.0181,0.9833,0.1664,0.997
6.34317638,0.0193,0.9843,0.1673,0.999
6.344370226,0.0208,0.9833,0.1710,0.998
6.346466688,0.0208,0.9836,0.1759,0.999
6.348562726,0.0213,0.9843,0.1783,1.001
6.350549573,0.0213,0.9821,0.1845,1.000
6.352611611,0.0208,0.9816,0.1874,1.000
6.354286803,0.0181,0.9826,0.1942,1.002
6.357847419,0.0159,0.9802,0.1996,1.000
6.358885688,0.0142,0.9797,0.2033,1.001
6.361302111,0.0100,0.9794,0.2074,1.001
6.362409073,0.0078,0.9782,0.2116,1.001
6.364506803,0.0081,0.9777,0.2145,1.001
6.366415188,0.0066,0.9762,0.2216,1.001
6.368435188,0.0064,0.9758,0.2240,1.001
6.37004965,0.0054,0.9731,0.2265,0.999
6.380175188,0.0032,0.9721,0.2282,0.999
6.381510034,0.0034,0.9714,0.2296,0.998
6.382521188,0.0051,0.9714,0.2294,0.998
6.383357419,0.0059,0.9709,0.2289,0.998
6.384400996,0.0061,0.9709,0.2284,0.997
6.38532788,0.0086,0.9699,0.2282,0.996
6.386278842,0.0086,0.9704,0.2279,0.997
6.38713038,0.0095,0.9711,0.2272,0.997
6.38794888,0.0120,0.9726,0.2255,0.998
6.404861457,0.0129,0.9726,0.2228,0.998
6.40650565,0.0144,0.9728,0.2199,0.997
6.407741688,0.0156,0.9728,0.2169,0.997
6.408533226,0.0154,0.9719,0.2157,0.996
6.40938188,0.0166,0.9748,0.2121,0.998
6.410527149,0.0169,0.9753,0.2101,0.998
6.412297649,0.0188,0.9750,0.2062,0.997
6.413098803,0.0183,0.9750,0.2023,0.996
6.414221111,0.0176,0.9765,0.1996,0.997
6.415108496,0.0215,0.9780,0.1962,0.998
6.415939919,0.0215,0.9792,0.1945,0.999
6.416619034,0.0225,0.9780,0.1910,0.997
6.417323573,0.0230,0.9784,0.1867,0.996
6.418095957,0.0235,0.9784,0.1854,0.996
6.418960188,0.0232,0.9799,0.1840,0.997
6.419863611,0.0230,0.9804,0.1832,0.998
6.421571034,0.0215,0.9799,0.1808,0.997
6.424517573,0.0213,0.9792,0.1813,0.996
6.426002996,0.0215,0.9789,0.1805,0.996
6.427665996,0.0225,0.9787,0.1798,0.995
6.42946788,0.0237,0.9794,0.1813,0.996
6.431576573,0.0249,0.9787,0.1818,0.996
6.433465842,0.0247,0.9767,0.1825,0.994
6.435478226,0.0244,0.9762,0.1849,0.994
6.437495226,0.0235,0.9780,0.1854,0.996
6.441416842,0.0244,0.9777,0.1871,0.996
6.443045919,0.0254,0.9767,0.1888,0.995
6.444174073,0.0239,0.9787,0.1896,0.997
6.445309996,0.0237,0.9792,0.1915,0.998
6.447276073,0.0239,0.9789,0.1940,0.998
6.449263496,0.0244,0.9782,0.1976,0.998
6.451307726,0.0225,0.9789,0.1991,0.999
6.453234457,0.0215,0.9792,0.1998,1.000
6.455393303,0.0210,0.9792,0.2020,1.000
6.45808238,0.0198,0.9787,0.2023,1.000
6.459591149,0.0183,0.9787,0.2035,1.000
6.461135073,0.0169,0.9797,0.2057,1.001
6.463125342,0.0161,0.9797,0.2052,1.001
6.465279996,0.0149,0.9792,0.2067,1.001
6.46709888,0.0134,0.9787,0.2067,1.000
6.468952457,0.0120,0.9772,0.2079,0.999
6.47113738,0.0115,0.9765,0.2086,0.999
6.479797265,0.0120,0.9762,0.2074,0.998
6.481332649,0.0103,0.9770,0.2060,0.999
6.482313226,0.0083,0.9767,0.2067,0.998
6.48355838,0.0076,0.9762,0.2060,0.998
6.484657188,0.0066,0.9743,0.2042,0.995
6.485468419,0.0061,0.9745,0.2030,0.995
6.486285649,0.0061,0.9731,0.2028,0.994
6.487269534,0.0056,0.9711,0.2035,0.992
6.489002957,0.0059,0.9711,0.2035,0.992
6.502281649,0.0064,0.9726,0.2020,0.993
6.503676919,0.0068,0.9728,0.2020,0.994
6.504603573,0.0068,0.9731,0.2006,0.994
6.505596765,0.0086,0.9711,0.2013,0.992
6.506778496,0.0095,0.9714,0.2011,0.992
6.507975149,0.0093,0.9719,0.2003,0.992
6.509114726,0.0090,0.9714,0.2008,0.992
6.509913265,0.0076,0.9697,0.2001,0.990
6.510916188,0.0078,0.9692,0.1989,0.989
6.511632496,0.0088,0.9692,0.2003,0.990
6.512441457,0.0110,0.9701,0.2001,0.991
6.513165765,0.0110,0.9701,0.2016,0.991
6.516426688,0.0115,0.9704,0.2011,0.991
6.517792688,0.0112,0.9697,0.2020,0.991
6.522558803,0.0112,0.9699,0.2033,0.991
6.523695803,0.0129,0.9706,0.2038,0.992
6.525171688,0.0132,0.9719,0.2038,0.993
6.525956034,0.0142,0.9719,0.2038,0.993
6.527128303,0.0164,0.9758,0.2045,0.997
6.529323611,0.0169,0.9770,0.2062,0.999
6.530966765,0.0169,0.9770,0.2060,0.999
6.532385457,0.0171,0.9765,0.2055,0.998
6.534180765,0.0176,0.9770,0.2050,0.998
6.536254419,0.0181,0.9780,0.2033,0.999
6.538131534,0.0161,0.9787,0.2038,1.000
6.541310765,0.0164,0.9794,0.2033,1.000
6.542952111,0.0183,0.9819,0.2023,1.003
6.54401438,0.0173,0.9814,0.2003,1.002
6.545945342,0.0169,0.9814,0.1989,1.001
6.548147188,0.0171,0.9828,0.1979,1.003
6.550129457,0.0161,0.9833,0.1974,1.003
6.552124265,0.0154,0.9836,0.1969,1.003
6.553952342,0.0125,0.9831,0.1937,1.002
6.557447842,0.0129,0.9833,0.1945,1.002
6.559071996,0.0110,0.9846,0.1952,1.004
6.56018088,0.0117,0.9846,0.1959,1.004
6.561785996,0.0110,0.9850,0.1950,1.004
6.563762996,0.0086,0.9858,0.1952,1.005
6.565731419,0.0076,0.9865,0.1947,1.006
6.567655303,0.0086,0.9853,0.1937,1.004
6.569811457,0.0083,0.9853,0.1932,1.004
6.57190138,0.0078,0.9860,0.1925,1.005
6.581300342,0.0068,0.9858,0.1915,1.004
6.582766034,0.0078,0.9865,0.1908,1.005
6.583772034,0.0110,0.9868,0.1908,1.005
6.584841649,0.0112,0.9853,0.1918,1.004
6.585705457,0.0107,0.9848,0.1920,1.003
6.587737996,0.0110,0.9843,0.1910,1.003
6.588124649,0.0117,0.9846,0.1913,1.003
6.588352419,0.0105,0.9836,0.1920,1.002
6.603546957,0.0112,0.9833,0.1935,1.002
6.604649688,0.0129,0.9831,0.1945,1.002
6.605677303,0.0127,0.9811,0.1954,1.000
6.606544457,0.0144,0.9784,0.1969,0.998
6.607465726,0.0142,0.9777,0.1972,0.997
6.608664996,0.0159,0.9775,0.1991,0.998
6.609615765,0.0161,0.9767,0.1986,0.997
6.610587496,0.0164,0.9738,0.2020,0.995
6.611511149,0.0181,0.9726,0.2016,0.993
6.612215188,0.0188,0.9709,0.2023,0.992
6.612887688,0.0169,0.9694,0.2052,0.991
6.613692188,0.0198,0.9694,0.2067,0.991
6.614322342,0.0213,0.9694,0.2084,0.992
6.615248149,0.0213,0.9682,0.2111,0.991
6.617540688,0.0213,0.9675,0.2103,0.990
6.625204803,0.0232,0.9638,0.2121,0.987
6.62652888,0.0235,0.9631,0.2135,0.987
6.62771338,0.0227,0.9621,0.2135,0.986
6.628497457,0.0257,0.9621,0.2125,0.986
6.629375688,0.0271,0.9618,0.2155,0.986
6.630082919,0.0274,0.9599,0.2165,0.984
6.631061649,0.0281,0.9596,0.2191,0.985
6.632830534,0.0279,0.9601,0.2194,0.985
6.634786034,0.0264,0.9587,0.2199,0.984
6.636653226,0.0269,0.9579,0.2196,0.983
6.638663803,0.0274,0.9591,0.2199,0.984
6.644644765,0.0269,0.9584,0.2199,0.984
6.645097495,0.0291,0.9584,0.2226,0.984
6.645330188,0.0291,0.9591,0.2228,0.985
6.648061726,0.0279,0.9599,0.2226,0.986
6.648633303,0.0281,0.9594,0.2213,0.985
6.650570572,0.0279,0.9606,0.2221,0.986
6.652514265,0.0288,0.9601,0.2235,0.986
6.654433419,0.0286,0.9609,0.2238,0.987
6.659460419,0.0281,0.9628,0.2228,0.989
6.660020149,0.0274,0.9628,0.2223,0.989
6.660631149,0.0274,0.9611,0.2201,0.986
6.662674342,0.0264,0.9635,0.2204,0.989
6.664556957,0.0261,0.9655,0.2209,0.991
6.666435572,0.0237,0.9655,0.2204,0.991
6.668311303,0.0235,0.9660,0.2191,0.991
6.670585495,0.0235,0.9670,0.2191,0.992
6.672339572,0.0230,0.9675,0.2177,0.992
6.683811957,0.0235,0.9679,0.2174,0.992
6.684976495,0.0215,0.9699,0.2172,0.994
6.685690572,0.0217,0.9706,0.2162,0.995
6.686594188,0.0217,0.9701,0.2160,0.994
6.687224265,0.0193,0.9721,0.2145,0.996
6.687942842,0.0193,0.9738,0.2138,0.997
6.688785342,0.0147,0.9753,0.2133,0.998
6.689658265,0.0156,0.9762,0.2099,0.999
6.692928111,0.0154,0.9775,0.2103,1.000
6.694078419,0.0134,0.9780,0.2103,1.000
6.694985111,0.0132,0.9789,0.2077,1.001
6.696050842,0.0129,0.9789,0.2072,1.001
6.698045149,0.0117,0.9802,0.2057,1.002
6.699888495,0.0110,0.9811,0.2052,1.002
6.701823034,0.0103,0.9821,0.2035,1.003
6.703973034,0.0100,0.9828,0.2008,1.003
6.706019995,0.0103,0.9833,0.2016,1.004
6.708755265,0.0064,0.9843,0.2001,1.004
6.710061919,0.0066,0.9841,0.1969,1.004
6.711956765,0.0064,0.9850,0.1969,1.005
6.713705688,0.0064,0.9865,0.1962,1.006
6.71572688,0.0056,0.9863,0.1954,1.005
6.717735534,0.0044,0.9860,0.1967,1.005
6.719670457,0.0059,0.9868,0.1947,1.006
6.721569226,0.0054,0.9858,0.1947,1.005
6.724639649,0.0068,0.9838,0.1954,1.003
6.726086149,0.0066,0.9836,0.1952,1.003
6.727611265,0.0039,0.9848,0.1954,1.004
6.729547534,0.0056,0.9848,0.1969,1.004
6.731471995,0.0071,0.9848,0.1974,1.004
6.733487188,0.0068,0.9836,0.1974,1.003
6.735537111,0.0066,0.9828,0.1989,1.003
6.737570303,0.0073,0.9828,0.1989,1.003
6.741473726,0.0090,0.9819,0.1996,1.002
6.743045034,0.0083,0.9811,0.1998,1.001
6.744196457,0.0095,0.9809,0.2013,1.001
6.745569842,0.0110,0.9816,0.2013,1.002
6.747672111,0.0125,0.9814,0.2008,1.002
6.749586188,0.0127,0.9799,0.2013,1.000
6.751642111,0.0117,0.9802,0.2045,1.001
6.753656111,0.0125,0.9799,0.2047,1.001
6.755628418,0.0149,0.9794,0.2025,1.000
6.758627149,0.0159,0.9792,0.2028,1.000
6.760081611,0.0193,0.9794,0.2038,1.001
6.761883534,0.0208,0.9797,0.2025,1.001
6.76344588,0.0213,0.9784,0.2028,0.999
6.765277457,0.0220,0.9775,0.2057,0.999
6.767257342,0.0225,0.9762,0.2072,0.998
6.769234842,0.0230,0.9767,0.2060,0.998
6.77113638,0.0235,0.9738,0.2050,0.995
6.782265265,0.0257,0.9728,0.2042,0.994
6.783867342,0.0279,0.9719,0.2050,0.994
6.784977188,0.0274,0.9716,0.2033,0.993
6.786090726,0.0269,0.9711,0.2038,0.993
6.787207803,0.0271,0.9709,0.2028,0.992
6.788058765,0.0274,0.9704,0.2020,0.992
6.789762149,0.0281,0.9706,0.2020,0.992
6.791511995,0.0291,0.9709,0.2013,0.992
6.791829495,0.0286,0.9709,0.2013,0.992
6.792086572,0.0276,0.9699,0.2038,0.991
6.808525111,0.0276,0.9701,0.2057,0.992
6.810132611,0.0264,0.9694,0.2064,0.991
6.811118072,0.0254,0.9679,0.2081,0.990
6.811549034,0.0247,0.9679,0.2069,0.990
6.811922726,0.0222,0.9684,0.2074,0.991
6.812292765,0.0244,0.9670,0.2079,0.989
6.812681688,0.0247,0.9670,0.2067,0.989
6.813044842,0.0222,0.9667,0.2042,0.988
6.813411226,0.0203,0.9665,0.2006,0.987
6.813770649,0.0203,0.9657,0.2008,0.987
6.814161495,0.0237,0.9655,0.1986,0.986
6.814739495,0.0227,0.9655,0.1969,0.986
6.81666238,0.0215,0.9662,0.1930,0.986
6.818347726,0.0200,0.9679,0.1932,0.987
6.820711918,0.0186,0.9684,0.1918,0.987
6.822468111,0.0173,0.9694,0.1908,0.988
6.824902457,0.0169,0.9687,0.1908,0.987
6.826484072,0.0154,0.9704,0.1945,0.990
6.828521149,0.0144,0.9731,0.1942,0.992
6.830592803,0.0127,0.9738,0.1954,0.993
6.832645688,0.0112,0.9738,0.1991,0.994
6.834649418,0.0098,0.9745,0.2003,0.995
6.836318957,0.0076,0.9748,0.2033,0.996
6.838105149,0.0061,0.9753,0.2062,0.997
6.840987726,0.0056,0.9753,0.2074,0.997
6.842096726,0.0051,0.9760,0.2099,0.998
6.844297803,0.0039,0.9767,0.2143,1.000
6.846230534,0.0034,0.9760,0.2150,0.999
6.848379188,0.0012,0.9762,0.2172,1.000
6.850210188,0.0002,0.9765,0.2201,1.001
6.852279841,-0.0002,0.9767,0.2221,1.002
6.854039918,0.0002,0.9787,0.2260,1.004
6.856278765,0.0005,0.9789,0.2270,1.005
6.857909611,0.0002,0.9770,0.2282,1.003
6.861373111,0.0010,0.9758,0.2311,1.003
6.861973111,0.0012,0.9755,0.2321,1.003
6.864068149,0.0020,0.9745,0.2323,1.002
6.865812534,0.0024,0.9738,0.2323,1.001
6.867878726,0.0037,0.9728,0.2326,1.000
6.869918649,0.0061,0.9726,0.2348,1.001
6.871975034,0.0054,0.9714,0.2343,0.999
6.876909111,0.0032,0.9679,0.2323,0.995
6.877465111,0.0046,0.9667,0.2282,0.993
6.877710765,0.0046,0.9660,0.2262,0.992
6.880042841,0.0049,0.9643,0.2211,0.989
6.881787341,0.0037,0.9635,0.2187,0.988
6.883762765,0.0020,0.9631,0.2147,0.987
6.885842418,0.0010,0.9628,0.2081,0.985
6.889007303,0.0017,0.9618,0.2045,0.983
6.889916111,0.0024,0.9623,0.2006,0.983
6.902021188,0.0005,0.9631,0.1972,0.983
6.902964341,-0.0007,0.9645,0.1940,0.984
6.903404457,0.0002,0.9650,0.1867,0.983
6.903839149,0.0010,0.9653,0.1849,0.983
6.904236765,0.0010,0.9650,0.1852,0.983
6.90463238,-0.0002,0.9687,0.1827,0.986
6.905036226,0.0000,0.9694,0.1823,0.986
6.905458765,0.0017,0.9704,0.1801,0.987
6.909834457,0.0027,0.9709,0.1791,0.987
6.91070338,0.0042,0.9714,0.1791,0.988
6.911627649,0.0056,0.9714,0.1810,0.988
6.913241226,0.0066,0.9719,0.1825,0.989
6.915810841,0.0071,0.9750,0.1832,0.992
6.917424341,0.0090,0.9772,0.1840,0.994
6.919338534,0.0110,0.9772,0.1845,0.995
6.921382226,0.0110,0.9760,0.1859,0.994
6.92374488,0.0149,0.9758,0.1893,0.994
6.926029303,0.0164,0.9758,0.1893,0.994
6.927597149,0.0186,0.9770,0.1906,0.996
6.929241572,0.0195,0.9770,0.1932,0.996
6.931358226,0.0203,0.9762,0.1969,0.996
6.933139765,0.0220,0.9750,0.1994,0.995
6.935570072,0.0217,0.9753,0.2025,0.996
6.937123957,0.0193,0.9758,0.2089,0.998
6.939270188,0.0183,0.9758,0.2123,0.999
6.941846688,0.0169,0.9740,0.2167,0.998
6.944247803,0.0144,0.9726,0.2206,0.997
6.945470341,0.0132,0.9719,0.2221,0.997
6.947126995,0.0117,0.9704,0.2248,0.996
6.948989995,0.0078,0.9704,0.2294,0.997
6.951213341,0.0076,0.9704,0.2314,0.998
6.953236418,0.0061,0.9697,0.2345,0.998
6.955162457,0.0061,0.9689,0.2350,0.997
6.958476072,0.0049,0.9667,0.2367,0.995
6.96000938,0.0076,0.9672,0.2370,0.996
6.962114072,0.0071,0.9677,0.2362,0.996
6.963308226,0.0088,0.9679,0.2360,0.996
6.964944726,0.0093,0.9677,0.2358,0.996
6.966927072,0.0117,0.9684,0.2362,0.997
6.968773457,0.0115,0.9692,0.2360,0.998
6.970978341,0.0117,0.9711,0.2358,0.999
6.972771457,0.0149,0.9711,0.2328,0.999
6.982633188,0.0156,0.9711,0.2311,0.998
6.984125688,0.0166,0.9706,0.2284,0.997
6.985134572,0.0178,0.9714,0.2250,0.997
6.986157688,0.0183,0.9721,0.2238,0.998
6.987319841,0.0195,0.9731,0.2182,0.997
6.988254726,0.0195,0.9743,0.2152,0.998
6.989129764,0.0205,0.9755,0.2138,0.999
6.990087457,0.0220,0.9753,0.2108,0.998
6.991182841,0.0222,0.9748,0.2094,0.997
7.006551264,0.0210,0.9736,0.2045,0.995
7.008535957,0.0227,0.9750,0.2023,0.996
7.009549764,0.0232,0.9753,0.2003,0.996
7.010566688,0.0222,0.9758,0.1976,0.996
7.011521534,0.0213,0.9758,0.1959,0.995
7.012604841,0.0217,0.9770,0.1945,0.996
7.014120803,0.0220,0.9775,0.1925,0.996
7.015242072,0.0217,0.9777,0.1925,0.997
7.016376341,0.0232,0.9782,0.1915,0.997
7.017181688,0.0220,0.9787,0.1918,0.998
7.018117072,0.0230,0.9797,0.1913,0.998
7.019028726,0.0235,0.9809,0.1947,1.000
7.019781303,0.0230,0.9811,0.1959,1.001
7.020544457,0.0239,0.9802,0.1969,1.000
7.021251188,0.0247,0.9814,0.1972,1.001
7.022122341,0.0261,0.9804,0.1979,1.001
7.02518088,0.0276,0.9816,0.2011,1.002
7.026734803,0.0254,0.9811,0.2023,1.002
7.027865803,0.0249,0.9816,0.2023,1.003
7.029857918,0.0227,0.9819,0.2038,1.003
7.031822072,0.0225,0.9804,0.2057,1.002
7.033756841,0.0227,0.9789,0.2079,1.001
7.035892957,0.0210,0.9792,0.2101,1.002
7.037911341,0.0208,0.9787,0.2108,1.001
7.039901149,0.0205,0.9784,0.2130,1.002
7.042653918,0.0193,0.9794,0.2152,1.003
7.044168264,0.0193,0.9792,0.2150,1.003
7.045980457,0.0183,0.9767,0.2157,1.000
7.047547111,0.0181,0.9767,0.2147,1.000
7.04959738,0.0173,0.9767,0.2160,1.000
7.051721764,0.0161,0.9782,0.2169,1.002
7.053561149,0.0159,0.9787,0.2160,1.002
7.055582072,0.0149,0.9772,0.2145,1.001
7.058671687,0.0154,0.9767,0.2155,1.000
7.060133841,0.0132,0.9772,0.2155,1.001
7.061688418,0.0125,0.9770,0.2140,1.000
7.063790764,0.0129,0.9762,0.2123,0.999
7.065483187,0.0139,0.9770,0.2096,0.999
7.067563111,0.0125,0.9777,0.2055,0.999
7.069413995,0.0125,0.9772,0.2055,0.999
7.071920572,0.0125,0.9760,0.2035,0.997
7.073525918,0.0125,0.9753,0.2025,0.996
7.081978726,0.0122,0.9758,0.2020,0.997
7.083561995,0.0129,0.9762,0.1994,0.996
7.084572072,0.0129,0.9767,0.1979,0.997
7.085620111,0.0129,0.9765,0.1964,0.996
7.086652572,0.0120,0.9753,0.1967,0.995
7.087535726,0.0115,0.9750,0.1969,0.995
7.088240726,0.0112,0.9755,0.1974,0.995
7.089076034,0.0110,0.9762,0.1974,0.996
7.105248495,0.0117,0.9755,0.1962,0.995
7.106675841,0.0117,0.9745,0.1974,0.994
7.107691726,0.0115,0.9745,0.1989,0.995
7.108764764,0.0132,0.9738,0.1991,0.994
7.109774303,0.0120,0.9745,0.1998,0.995
7.110918534,0.0127,0.9736,0.2018,0.994
7.111817149,0.0134,0.9726,0.2057,0.994
7.112932495,0.0132,0.9733,0.2057,0.995
7.113792649,0.0159,0.9728,0.2072,0.995
7.114690995,0.0161,0.9731,0.2081,0.995
7.115497995,0.0173,0.9716,0.2089,0.994
7.116175726,0.0169,0.9706,0.2123,0.994
7.117099072,0.0173,0.9709,0.2121,0.994
7.11802038,0.0166,0.9706,0.2135,0.994
7.119014457,0.0176,0.9709,0.2169,0.995
7.121447457,0.0169,0.9704,0.2167,0.994
7.122957111,0.0166,0.9699,0.2152,0.994
7.129601764,0.0154,0.9701,0.2162,0.994
7.131227918,0.0139,0.9694,0.2172,0.994
7.132307534,0.0129,0.9701,0.2174,0.994
7.133431034,0.0125,0.9706,0.2177,0.995
7.134527918,0.0129,0.9697,0.2187,0.994
7.135336649,0.0127,0.9701,0.2201,0.995
7.136417418,0.0125,0.9704,0.2206,0.995
7.138554303,0.0125,0.9694,0.2189,0.994
7.140436303,0.0122,0.9689,0.2179,0.993
7.143271957,0.0115,0.9701,0.2155,0.994
7.144913687,0.0134,0.9697,0.2145,0.993
7.147264495,0.0132,0.9701,0.2145,0.994
7.14857788,0.0142,0.9709,0.2150,0.994
7.150245457,0.0149,0.9721,0.2152,0.996
7.152555072,0.0139,0.9740,0.2147,0.998
7.154261687,0.0154,0.9733,0.2150,0.997
7.156321957,0.0161,0.9731,0.2145,0.997
7.159517687,0.0169,0.9748,0.2138,0.998
7.161074995,0.0178,0.9745,0.2123,0.998
7.162214803,0.0171,0.9733,0.2118,0.996
7.164281457,0.0173,0.9738,0.2111,0.997
7.166282957,0.0183,0.9738,0.2111,0.997
7.168337649,0.0195,0.9743,0.2103,0.997
7.170213457,0.0213,0.9753,0.2101,0.998
7.172120995,0.0213,0.9750,0.2106,0.998
7.182617995,0.0213,0.9750,0.2091,0.997
7.184098649,0.0205,0.9745,0.2096,0.997
7.185056649,0.0215,0.9753,0.2091,0.998
7.186207072,0.0210,0.9743,0.2074,0.996
7.187251187,0.0215,0.9745,0.2069,0.996
7.188200534,0.0217,0.9748,0.2077,0.997
7.188957457,0.0215,0.9750,0.2067,0.997
7.189884034,0.0213,0.9760,0.2064,0.998
7.19116561,0.0222,0.9750,0.2067,0.997
7.192312534,0.0222,0.9758,0.2060,0.998
7.20475038,0.0217,0.9755,0.2069,0.997
7.205597226,0.0213,0.9740,0.2081,0.996
7.206037957,0.0208,0.9736,0.2074,0.996
7.206533957,0.0205,0.9750,0.2055,0.997
7.206983341,0.0220,0.9736,0.2062,0.995
7.207379149,0.0210,0.9736,0.2060,0.995
7.207784572,0.0200,0.9723,0.2055,0.994
7.208192764,0.0210,0.9731,0.2050,0.995
7.213298418,0.0203,0.9736,0.2062,0.995
7.214148303,0.0183,0.9736,0.2052,0.995
7.214675226,0.0183,0.9731,0.2038,0.994
7.215415034,0.0183,0.9745,0.2052,0.996
7.217320457,0.0164,0.9733,0.2060,0.995
7.219455803,0.0178,0.9721,0.2060,0.994
7.22127688,0.0169,0.9738,0.2067,0.996
7.223817841,0.0166,0.9738,0.2060,0.995
7.226127764,0.0178,0.9728,0.2052,0.994
7.227461457,0.0186,0.9738,0.2047,0.995
7.229446187,0.0186,0.9731,0.2045,0.994
7.231225495,0.0169,0.9731,0.2042,0.994
7.233283572,0.0164,0.9731,0.2045,0.994
7.23518611,0.0164,0.9743,0.2038,0.996
7.237422072,0.0156,0.9745,0.2050,0.996
7.239186572,0.0156,0.9748,0.2045,0.996
7.241955649,0.0156,0.9745,0.2045,0.996
7.243199418,0.0154,0.9743,0.2042,0.996
7.245731418,0.0144,0.9736,0.2047,0.995
7.247273495,0.0154,0.9711,0.2062,0.993
7.24901211,0.0147,0.9711,0.2064,0.993
7.251176187,0.0144,0.9716,0.2057,0.993
7.252965072,0.0147,0.9719,0.2086,0.994
7.255076341,0.0147,0.9721,0.2099,0.995
7.257034572,0.0154,0.9711,0.2101,0.994
7.260365149,0.0166,0.9714,0.2091,0.994
7.262308764,0.0173,0.9719,0.2101,0.994
7.263520918,0.0164,0.9721,0.2111,0.995
7.264857572,0.0156,0.9719,0.2101,0.994
7.26698911,0.0149,0.9706,0.2121,0.994
7.268899072,0.0154,0.9704,0.2143,0.994
7.270807264,0.0169,0.9711,0.2145,0.995
7.27273188,0.0183,0.9701,0.2145,0.994
7.283149533,0.0178,0.9699,0.2152,0.994
7.284610649,0.0171,0.9689,0.2174,0.993
7.285639726,0.0176,0.9684,0.2179,0.993
7.286889957,0.0173,0.9682,0.2179,0.993
7.287883341,0.0166,0.9682,0.2199,0.993
7.28883561,0.0151,0.9679,0.2218,0.993
7.289756572,0.0159,0.9682,0.2226,0.994
7.291115995,0.0164,0.9679,0.2243,0.994
7.291576033,0.0159,0.9689,0.2250,0.995
7.308057303,0.0171,0.9684,0.2240,0.994
7.309783033,0.0178,0.9662,0.2270,0.993
7.311045495,0.0169,0.9667,0.2274,0.993
7.311864187,0.0151,0.9675,0.2279,0.994
7.313035264,0.0159,0.9670,0.2282,0.994
7.314261264,0.0171,0.9667,0.2287,0.994
7.315489187,0.0181,0.9684,0.2294,0.995
7.316606303,0.0181,0.9684,0.2306,0.996
7.317343226,0.0164,0.9684,0.2321,0.996
7.318318187,0.0169,0.9675,0.2318,0.995
7.319388764,0.0181,0.9660,0.2326,0.994
7.320331226,0.0191,0.9687,0.2314,0.996
7.321267957,0.0195,0.9679,0.2316,0.995
7.322410995,0.0198,0.9697,0.2336,0.998
7.323322149,0.0213,0.9701,0.2326,0.998
7.324282264,0.0208,0.9692,0.2306,0.996
7.325224995,0.0215,0.9679,0.2287,0.995
7.326485764,0.0225,0.9687,0.2289,0.996
7.32924338,0.0217,0.9692,0.2282,0.996
7.33076238,0.0200,0.9701,0.2265,0.996
7.332226572,0.0205,0.9701,0.2250,0.996
7.333743495,0.0200,0.9711,0.2238,0.997
7.337062995,0.0208,0.9723,0.2204,0.997
7.337723918,0.0210,0.9721,0.2187,0.997
7.339720764,0.0215,0.9723,0.2155,0.996
7.342326303,0.0215,0.9736,0.2145,0.997
7.344185726,0.0213,0.9755,0.2140,0.999
7.345628187,0.0215,0.9767,0.2094,0.999
7.347994803,0.0213,0.9782,0.2081,1.000
7.349751687,0.0208,0.9792,0.2060,1.001
7.351955072,0.0215,0.9804,0.2028,1.001
7.35372638,0.0208,0.9809,0.2013,1.002
7.355792803,0.0208,0.9809,0.1998,1.001
7.357504495,0.0208,0.9811,0.1979,1.001
7.359850995,0.0205,0.9821,0.1945,1.001
7.36177861,0.0195,0.9824,0.1932,1.001
7.36367861,0.0215,0.9828,0.1920,1.002
7.36558688,0.0213,0.9831,0.1891,1.001
7.367839918,0.0222,0.9831,0.1871,1.001
7.369461457,0.0217,0.9841,0.1854,1.002
7.371722033,0.0203,0.9855,0.1849,1.003
7.373371649,0.0205,0.9860,0.1852,1.003
7.380012918,0.0203,0.9855,0.1874,1.003
7.380871303,0.0186,0.9848,0.1886,1.003
7.381299072,0.0178,0.9846,0.1898,1.003
7.381739726,0.0176,0.9850,0.1918,1.004
7.38354738,0.0178,0.9848,0.1925,1.004
7.385272456,0.0198,0.9846,0.1932,1.004
7.387225572,0.0191,0.9833,0.1959,1.003
7.38927111,0.0200,0.9824,0.1967,1.002
7.401285687,0.0210,0.9809,0.1979,1.001
7.402959918,0.0213,0.9792,0.1986,0.999
7.403784841,0.0220,0.9787,0.1981,0.999
7.404808918,0.0217,0.9780,0.1957,0.998
7.405792841,0.0215,0.9772,0.1962,0.997
7.406965418,0.0232,0.9767,0.1964,0.997
7.408168341,0.0239,0.9738,0.1945,0.993
7.409350764,0.0242,0.9745,0.1937,0.994
7.41020561,0.0239,0.9758,0.1942,0.995
7.411295072,0.0249,0.9758,0.1950,0.995
7.412057226,0.0242,0.9753,0.1954,0.995
7.414641572,0.0230,0.9765,0.1967,0.996
7.420763456,0.0217,0.9758,0.1984,0.996
7.421785841,0.0205,0.9755,0.2028,0.997
7.42277088,0.0203,0.9743,0.2047,0.996
7.423530572,0.0203,0.9736,0.2062,0.995
7.424601418,0.0188,0.9745,0.2081,0.997
7.427788495,0.0195,0.9748,0.2099,0.997
7.429385572,0.0188,0.9738,0.2111,0.997
7.43061611,0.0176,0.9728,0.2118,0.996
7.431619803,0.0183,0.9731,0.2125,0.996
7.432666533,0.0198,0.9719,0.2172,0.996
7.437930033,0.0178,0.9716,0.2194,0.996
7.439091841,0.0178,0.9714,0.2211,0.996
7.439751418,0.0186,0.9706,0.2228,0.996
7.441084495,0.0181,0.9704,0.2240,0.996
7.444527033,0.0205,0.9709,0.2243,0.997
7.446181187,0.0217,0.9697,0.2267,0.996
7.447273456,0.0222,0.9692,0.2282,0.996
7.44870811,0.0230,0.9692,0.2287,0.996
7.450615803,0.0249,0.9687,0.2299,0.996
7.452607495,0.0249,0.9689,0.2304,0.996
7.45466861,0.0249,0.9677,0.2304,0.995
7.456513956,0.0252,0.9675,0.2299,0.995
7.459890495,0.0247,0.9672,0.2282,0.994
7.46136561,0.0239,0.9662,0.2250,0.992
7.462740841,0.0232,0.9657,0.2243,0.992
7.46446238,0.0230,0.9653,0.2221,0.991
7.466222187,0.0210,0.9650,0.2174,0.989
7.468440418,0.0208,0.9638,0.2135,0.987
7.470260303,0.0200,0.9638,0.2091,0.986
7.47213638,0.0193,0.9635,0.2064,0.986
7.474318495,0.0169,0.9650,0.2020,0.986
7.485080456,0.0147,0.9655,0.1981,0.986
7.485907033,0.0142,0.9665,0.1962,0.986
7.486341418,0.0117,0.9672,0.1903,0.986
7.486860341,0.0115,0.9677,0.1876,0.986
7.487262033,0.0112,0.9692,0.1840,0.987
7.487689379,0.0098,0.9721,0.1820,0.989
7.488116533,0.0095,0.9726,0.1820,0.990
7.489919918,0.0078,0.9750,0.1779,0.991
7.507431803,0.0081,0.9748,0.1771,0.991
7.509200418,0.0086,0.9767,0.1766,0.993
7.510633149,0.0103,0.9767,0.1776,0.993
7.511826187,0.0117,0.9780,0.1774,0.994
7.512793649,0.0100,0.9777,0.1793,0.994
7.513953379,0.0115,0.9799,0.1796,0.996
7.515156033,0.0125,0.9814,0.1793,0.998
7.516245533,0.0132,0.9828,0.1813,1.000
7.517072572,0.0151,0.9838,0.1815,1.001
7.517994572,0.0159,0.9833,0.1818,1.000
7.518898418,0.0169,0.9826,0.1823,1.000
7.519823726,0.0173,0.9838,0.1837,1.001
7.520565226,0.0173,0.9838,0.1888,1.002
7.521300379,0.0169,0.9828,0.1918,1.002
7.522120995,0.0161,0.9831,0.1935,1.002
7.52314561,0.0156,0.9831,0.1994,1.003
7.526334687,0.0132,0.9824,0.2072,1.004
7.527877918,0.0120,0.9809,0.2094,1.003
7.528710918,0.0125,0.9792,0.2147,1.003
7.52965711,0.0129,0.9784,0.2174,1.002
7.531444995,0.0100,0.9762,0.2238,1.002
7.533336918,0.0098,0.9750,0.2260,1.001
7.535325995,0.0103,0.9738,0.2272,1.000
7.537441918,0.0107,0.9716,0.2304,0.999
7.539487726,0.0110,0.9719,0.2323,0.999
7.542260149,0.0100,0.9726,0.2328,1.000
7.544854149,0.0095,0.9704,0.2353,0.999
7.546416418,0.0112,0.9697,0.2360,0.998
7.547618995,0.0129,0.9694,0.2358,0.998
7.549189264,0.0127,0.9701,0.2348,0.998
7.551366033,0.0132,0.9701,0.2355,0.998
7.553034803,0.0142,0.9697,0.2345,0.998
7.555291495,0.0137,0.9692,0.2345,0.997
7.557181033,0.0159,0.9697,0.2331,0.997
7.560133226,0.0159,0.9706,0.2294,0.997
7.561560995,0.0164,0.9701,0.2279,0.997
7.56452511,0.0183,0.9714,0.2262,0.998
7.56536111,0.0205,0.9719,0.2223,0.997
7.567086072,0.0215,0.9726,0.2191,0.997
7.568976995,0.0213,0.9719,0.2140,0.995
7.571123687,0.0220,0.9716,0.2103,0.994
7.572842649,0.0227,0.9736,0.2060,0.995
7.582739418,0.0227,0.9758,0.2011,0.997
7.584101764,0.0225,0.9753,0.1991,0.996
7.585171956,0.0215,0.9740,0.1942,0.993
7.585997379,0.0225,0.9738,0.1930,0.993
7.587199226,0.0222,0.9738,0.1920,0.993
7.587976072,0.0237,0.9753,0.1884,0.994
7.589448687,0.0242,0.9743,0.1867,0.992
7.590124379,0.0259,0.9740,0.1847,0.992
7.590986879,0.0244,0.9748,0.1849,0.992
7.602382841,0.0242,0.9755,0.1847,0.993
7.603015149,0.0247,0.9758,0.1840,0.993
7.603288841,0.0257,0.9772,0.1837,0.995
7.603522341,0.0242,0.9748,0.1857,0.993
7.603757726,0.0230,0.9745,0.1886,0.993
7.603990302,0.0225,0.9758,0.1891,0.994
7.604439187,0.0237,0.9760,0.1908,0.995
7.60689411,0.0227,0.9745,0.1950,0.994
7.610447456,0.0225,0.9750,0.1959,0.995
7.610947726,0.0210,0.9758,0.1984,0.996
7.612381187,0.0208,0.9755,0.1994,0.996
7.614225802,0.0215,0.9753,0.2033,0.996
7.616342418,0.0208,0.9731,0.2052,0.995
7.61843911,0.0193,0.9740,0.2062,0.996
7.620531841,0.0186,0.9750,0.2106,0.998
7.622282879,0.0183,0.9738,0.2143,0.997
7.62437711,0.0186,0.9736,0.2150,0.997
7.626347226,0.0173,0.9740,0.2165,0.998
7.628593072,0.0169,0.9740,0.2165,0.998
7.630202264,0.0156,0.9721,0.2189,0.997
7.632320841,0.0164,0.9721,0.2204,0.997
7.634220264,0.0164,0.9719,0.2194,0.996
7.636259264,0.0156,0.9723,0.2184,0.997
7.638116918,0.0137,0.9726,0.2177,0.997
7.64039711,0.0127,0.9723,0.2179,0.997
7.642839649,0.0129,0.9743,0.2155,0.998
7.644006495,0.0125,0.9748,0.2160,0.998
7.645957226,0.0117,0.9748,0.2133,0.998
7.648163418,0.0127,0.9748,0.2118,0.998
7.649961495,0.0122,0.9736,0.2111,0.996
7.652183456,0.0125,0.9753,0.2084,0.997
7.653749341,0.0129,0.9753,0.2052,0.997
7.656248072,0.0125,0.9748,0.2042,0.996
7.659730918,0.0125,0.9760,0.2013,0.997
7.660619649,0.0122,0.9750,0.2001,0.995
7.662166341,0.0127,0.9772,0.2003,0.998
7.663996495,0.0120,0.9772,0.1998,0.998
7.665721149,0.0122,0.9772,0.1996,0.997
7.667692918,0.0117,0.9772,0.1991,0.997
7.669588456,0.0122,0.9772,0.1996,0.997
7.671783149,0.0115,0.9767,0.2001,0.997
7.673743918,0.0120,0.9753,0.2003,0.996
7.682698879,0.0137,0.9753,0.1998,0.996
7.683254879,0.0127,0.9770,0.1996,0.997
7.683510533,0.0110,0.9760,0.2001,0.996
7.683740302,0.0125,0.9770,0.2020,0.998
7.683971341,0.0139,0.9775,0.2028,0.998
7.685555226,0.0144,0.9777,0.2045,0.999
7.687415841,0.0144,0.9775,0.2074,0.999
7.689236033,0.0156,0.9784,0.2084,1.001
7.691345495,0.0159,0.9782,0.2101,1.001
7.708778072,0.0171,0.9762,0.2096,0.999
7.709419802,0.0188,0.9758,0.2113,0.999
7.709705918,0.0181,0.9765,0.2118,0.999
7.709943495,0.0173,0.9777,0.2128,1.001
7.710175687,0.0169,0.9770,0.2133,1.000
7.710448956,0.0166,0.9775,0.2128,1.001
7.71069961,0.0156,0.9777,0.2125,1.001
7.710916802,0.0164,0.9748,0.2121,0.998
7.711145187,0.0169,0.9760,0.2130,0.999
7.711376418,0.0164,0.9772,0.2128,1.000
7.713017456,0.0139,0.9777,0.2130,1.001
7.715286572,0.0127,0.9775,0.2123,1.000
7.716979495,0.0117,0.9772,0.2113,1.000
7.719073572,0.0110,0.9762,0.2106,0.999
7.721027918,0.0115,0.9758,0.2101,0.998
7.722959879,0.0107,0.9777,0.2101,1.000
7.72488461,0.0120,0.9767,0.2072,0.999
7.726986418,0.0122,0.9770,0.2062,0.999
7.728732802,0.0112,0.9780,0.2055,0.999
7.730875572,0.0117,0.9782,0.2045,0.999
7.732822995,0.0127,0.9782,0.2038,0.999
7.734952379,0.0110,0.9789,0.2020,1.000
7.736933879,0.0105,0.9789,0.2011,0.999
7.738823841,0.0103,0.9780,0.2011,0.998
7.740723495,0.0127,0.9777,0.1998,0.998
7.742862341,0.0129,0.9770,0.1998,0.997
7.744938456,0.0132,0.9770,0.1991,0.997
7.746774764,0.0144,0.9775,0.1986,0.998
7.748895572,0.0147,0.9775,0.1974,0.997
7.750902495,0.0154,0.9765,0.1976,0.996
7.752816764,0.0154,0.9762,0.1981,0.996
7.75481511,0.0171,0.9758,0.1969,0.996
7.75656461,0.0178,0.9748,0.1967,0.995
7.760385687,0.0181,0.9743,0.1969,0.994
7.763240956,0.0173,0.9762,0.1959,0.996
7.764008033,0.0166,0.9762,0.1964,0.996
7.764710033,0.0176,0.9748,0.1967,0.995
7.766593187,0.0178,0.9745,0.1969,0.994
7.768745149,0.0171,0.9738,0.1969,0.994
7.770698418,0.0161,0.9706,0.1964,0.990
7.77295761,0.0159,0.9709,0.1967,0.991
7.774622533,0.0161,0.9711,0.1969,0.991
7.785342418,0.0134,0.9709,0.1991,0.991
7.786821033,0.0134,0.9706,0.2003,0.991
7.787805418,0.0129,0.9721,0.2006,0.993
7.788892302,0.0147,0.9711,0.1989,0.991
7.790144264,0.0149,0.9701,0.1989,0.990
7.791238225,0.0161,0.9711,0.1994,0.991
7.792024495,0.0151,0.9709,0.1986,0.991
7.792860533,0.0147,0.9709,0.1979,0.991
7.793548918,0.0149,0.9704,0.1969,0.990
7.794552802,0.0144,0.9706,0.1972,0.991
7.812493802,0.0154,0.9714,0.1964,0.991
7.813868187,0.0147,0.9709,0.1962,0.991
7.814809379,0.0149,0.9711,0.1962,0.991
7.815583302,0.0161,0.9726,0.1945,0.992
7.816622956,0.0154,0.9731,0.1959,0.993
7.817590379,0.0144,0.9733,0.1945,0.993
7.818703072,0.0161,0.9740,0.1925,0.993
7.819461725,0.0164,0.9733,0.1923,0.992
7.820397456,0.0156,0.9714,0.1925,0.990
7.821151533,0.0164,0.9719,0.1906,0.990
7.82205761,0.0159,0.9719,0.1908,0.991
7.822896995,0.0154,0.9745,0.1923,0.993
7.823927072,0.0139,0.9748,0.1920,0.994
7.824827033,0.0142,0.9750,0.1898,0.993
7.826124572,0.0132,0.9745,0.1898,0.993
7.827249533,0.0125,0.9748,0.1898,0.993
7.828297379,0.0132,0.9750,0.1896,0.993
7.830689725,0.0139,0.9765,0.1884,0.995
7.832290033,0.0147,0.9770,0.1901,0.995
7.833693918,0.0151,0.9753,0.1918,0.994
7.83570711,0.0149,0.9758,0.1901,0.994
7.837530341,0.0137,0.9772,0.1901,0.996
7.839742687,0.0149,0.9753,0.1920,0.994
7.841599341,0.0142,0.9750,0.1915,0.994
7.844609725,0.0149,0.9762,0.1920,0.995
7.846076802,0.0142,0.9767,0.1923,0.996
7.847940956,0.0169,0.9784,0.1925,0.997
7.849481648,0.0171,0.9777,0.1925,0.997
7.851474533,0.0156,0.9784,0.1923,0.997
7.853469764,0.0159,0.9787,0.1950,0.998
7.855545802,0.0149,0.9794,0.1940,0.999
7.857403995,0.0149,0.9792,0.1942,0.998
7.860176648,0.0159,0.9797,0.1952,0.999
7.861684033,0.0159,0.9804,0.1952,1.000
7.864168302,0.0142,0.9802,0.1950,0.999
7.865419687,0.0161,0.9809,0.1950,1.000
7.867455148,0.0159,0.9804,0.1947,1.000
7.869282225,0.0151,0.9797,0.1967,0.999
7.871412264,0.0166,0.9809,0.1952,1.000
7.873259802,0.0171,0.9821,0.1962,1.002
7.875555533,0.0161,0.9811,0.1972,1.001
7.884142072,0.0154,0.9811,0.1974,1.001
7.885525225,0.0164,0.9819,0.1957,1.001
7.886491572,0.0156,0.9802,0.1959,1.000
7.887565687,0.0159,0.9809,0.1967,1.001
7.888522995,0.0183,0.9819,0.1954,1.001
7.889447379,0.0183,0.9811,0.1957,1.001
7.890304995,0.0178,0.9814,0.1957,1.001
7.891068072,0.0161,0.9816,0.1959,1.001
7.905142572,0.0171,0.9811,0.1957,1.001
7.905636187,0.0176,0.9809,0.1959,1.000
7.905911264,0.0176,0.9802,0.1972,1.000
7.906140572,0.0173,0.9802,0.1962,1.000
7.906415187,0.0161,0.9811,0.1969,1.001
7.906650918,0.0171,0.9799,0.1964,1.000
7.90689311,0.0171,0.9792,0.1950,0.999
7.907117802,0.0151,0.9787,0.1962,0.998
7.913015533,0.0161,0.9780,0.1957,0.997
7.913517725,0.0169,0.9775,0.1959,0.997
7.913763879,0.0164,0.9772,0.1962,0.997
7.918568764,0.0164,0.9767,0.1976,0.997
7.919815456,0.0159,0.9777,0.1979,0.998
7.920490687,0.0161,0.9770,0.1984,0.997
7.921053495,0.0171,0.9772,0.1976,0.997
7.922455764,0.0176,0.9765,0.1967,0.996
7.924477802,0.0171,0.9762,0.1967,0.996
7.928322802,0.0181,0.9765,0.1972,0.996
7.929300648,0.0173,0.9762,0.1947,0.996
7.930735956,0.0171,0.9770,0.1954,0.996
7.932627495,0.0169,0.9760,0.1957,0.996
7.934588033,0.0181,0.9753,0.1959,0.995
7.936539456,0.0181,0.9750,0.1950,0.994
7.938483995,0.0188,0.9753,0.1928,0.994
7.940472648,0.0195,0.9755,0.1935,0.995
7.943585571,0.0191,0.9745,0.1950,0.994
7.944825725,0.0181,0.9738,0.1950,0.993
7.946218571,0.0183,0.9736,0.1950,0.993
7.948475148,0.0188,0.9743,0.1959,0.994
7.950138187,0.0193,0.9738,0.1952,0.993
7.952183533,0.0186,0.9731,0.1947,0.993
7.954321687,0.0200,0.9736,0.1969,0.993
7.956500418,0.0200,0.9733,0.1974,0.993
7.958283456,0.0200,0.9723,0.1989,0.993
7.960912687,0.0195,0.9719,0.1991,0.992
7.962350379,0.0203,0.9731,0.2008,0.994
7.963955918,0.0198,0.9726,0.1989,0.993
7.965899264,0.0198,0.9723,0.1976,0.992
7.968066495,0.0210,0.9719,0.1964,0.992
7.970109648,0.0215,0.9714,0.1950,0.991
7.972003764,0.0237,0.9716,0.1913,0.991
7.973873802,0.0252,0.9731,0.1859,0.991
7.984227648,0.0242,0.9731,0.1832,0.990
7.985662302,0.0264,0.9733,0.1793,0.990
7.986722148,0.0266,0.9726,0.1771,0.989
7.988493187,0.0279,0.9714,0.1754,0.987
7.989567033,0.0269,0.9728,0.1717,0.988
7.990521918,0.0264,0.9740,0.1705,0.989
7.991364841,0.0254,0.9753,0.1730,0.991
7.992291918,0.0261,0.9765,0.1739,0.992
7.993184495,0.0249,0.9780,0.1737,0.994
7.994756033,0.0227,0.9784,0.1783,0.995
7.995610302,0.0227,0.9784,0.1801,0.995
8.008669725,0.0208,0.9787,0.1845,0.996
8.009524418,0.0186,0.9806,0.1888,0.999
8.009982687,0.0166,0.9814,0.1918,1.000
8.010420495,0.0171,0.9809,0.1945,1.000
8.010819995,0.0181,0.9806,0.1950,1.000
8.011239033,0.0178,0.9809,0.1964,1.001
8.011661648,0.0178,0.9809,0.2016,1.002
8.012166033,0.0176,0.9802,0.2042,1.001
8.013478148,0.0181,0.9814,0.2069,1.003
8.015627956,0.0171,0.9802,0.2094,1.002
8.017390033,0.0173,0.9797,0.2099,1.002
8.019618033,0.0183,0.9792,0.2125,1.002
8.021330802,0.0178,0.9787,0.2172,1.003
8.023214725,0.0176,0.9782,0.2194,1.003
8.024941533,0.0183,0.9760,0.2196,1.001
8.027540418,0.0178,0.9743,0.2211,0.999
8.03266461,0.0181,0.9719,0.2216,0.997
8.033363956,0.0191,0.9726,0.2216,0.998
8.034100418,0.0193,0.9723,0.2206,0.997
8.035116725,0.0193,0.9721,0.2179,0.996
8.03725661,0.0208,0.9716,0.2147,0.995
8.039132456,0.0208,0.9709,0.2123,0.994
8.041036764,0.0193,0.9684,0.2050,0.990
8.043520187,0.0183,0.9675,0.2023,0.989
8.045107571,0.0195,0.9679,0.1976,0.988
8.047519033,0.0193,0.9687,0.1891,0.987
8.048758456,0.0193,0.9689,0.1864,0.987
8.050964071,0.0173,0.9677,0.1813,0.985
8.052926687,0.0171,0.9689,0.1776,0.985
8.054812918,0.0154,0.9701,0.1693,0.985
8.056752341,0.0137,0.9716,0.1637,0.985
8.058829071,0.0129,0.9714,0.1612,0.985
8.061224071,0.0147,0.9748,0.1588,0.988
8.062822148,0.0147,0.9767,0.1568,0.989
8.064696956,0.0149,0.9782,0.1546,0.990
8.066593533,0.0139,0.9780,0.1534,0.990
8.068710841,0.0144,0.9789,0.1529,0.991
8.070564418,0.0147,0.9804,0.1527,0.992
8.072722033,0.0137,0.9831,0.1539,0.995
8.074523879,0.0154,0.9841,0.1546,0.996
8.083486841,0.0181,0.9843,0.1571,0.997
8.084824764,0.0188,0.9855,0.1595,0.999
8.085619148,0.0203,0.9865,0.1644,1.000
8.086843918,0.0227,0.9855,0.1688,1.000
8.087744764,0.0227,0.9858,0.1700,1.001
8.08866661,0.0222,0.9875,0.1739,1.003
8.089403302,0.0193,0.9860,0.1801,1.003
8.090202802,0.0191,0.9860,0.1820,1.003
8.092591302,0.0186,0.9860,0.1888,1.004
8.106226418,0.0171,0.9853,0.1923,1.004
8.107580841,0.0139,0.9833,0.1986,1.003
8.108577571,0.0127,0.9821,0.2050,1.003
8.109468225,0.0120,0.9821,0.2091,1.004
8.110650494,0.0112,0.9802,0.2150,1.004
8.111662687,0.0088,0.9799,0.2167,1.004
8.112671456,0.0071,0.9777,0.2211,1.002
8.113600379,0.0078,0.9762,0.2238,1.002
8.114658033,0.0078,0.9760,0.2260,1.002
8.115478648,0.0061,0.9743,0.2282,1.001
8.116425264,0.0056,0.9733,0.2292,1.000
8.117150302,0.0064,0.9728,0.2301,1.000
8.117975918,0.0059,0.9723,0.2284,0.999
8.121060379,0.0056,0.9733,0.2279,1.000
8.122748764,0.0076,0.9731,0.2277,0.999
8.124277187,0.0083,0.9738,0.2253,1.000
8.130670879,0.0095,0.9736,0.2240,0.999
8.132291187,0.0068,0.9738,0.2211,0.999
8.133271494,0.0083,0.9745,0.2177,0.999
8.134468417,0.0093,0.9758,0.2162,0.999
8.135440802,0.0115,0.9787,0.2125,1.002
8.136358456,0.0112,0.9792,0.2096,1.001
8.137772571,0.0115,0.9777,0.2052,0.999
8.13991361,0.0115,0.9782,0.2011,0.999
8.141746879,0.0129,0.9784,0.1979,0.998
8.144801764,0.0159,0.9789,0.1932,0.998
8.146316687,0.0149,0.9799,0.1896,0.998
8.148649341,0.0156,0.9794,0.1876,0.997
8.14980411,0.0169,0.9794,0.1835,0.997
8.151842417,0.0166,0.9794,0.1805,0.996
8.15374261,0.0183,0.9806,0.1774,0.997
8.155847302,0.0191,0.9814,0.1747,0.997
8.157620725,0.0200,0.9802,0.1732,0.996
8.160541225,0.0203,0.9789,0.1693,0.994
8.16167811,0.0203,0.9787,0.1695,0.993
8.164538071,0.0215,0.9782,0.1686,0.993
8.166039879,0.0220,0.9787,0.1686,0.993
8.16777011,0.0230,0.9789,0.1698,0.994
8.169475994,0.0227,0.9777,0.1693,0.993
8.171615917,0.0227,0.9762,0.1705,0.991
8.173515341,0.0222,0.9758,0.1720,0.991
8.175517956,0.0222,0.9758,0.1735,0.991
8.185641302,0.0220,0.9758,0.1759,0.992
8.18675511,0.0227,0.9755,0.1810,0.992
8.187186571,0.0235,0.9755,0.1818,0.993
8.187602264,0.0230,0.9762,0.1837,0.994
8.188029071,0.0232,0.9758,0.1874,0.994
8.188440841,0.0230,0.9750,0.1910,0.994
8.191047341,0.0217,0.9748,0.1918,0.994
8.191546725,0.0198,0.9738,0.1945,0.993
8.207771071,0.0193,0.9740,0.1972,0.994
8.209387764,0.0166,0.9728,0.1989,0.993
8.210612494,0.0159,0.9736,0.2013,0.994
8.211833225,0.0159,0.9743,0.2020,0.995
8.212934187,0.0134,0.9738,0.2047,0.995
8.213886764,0.0125,0.9748,0.2038,0.996
8.215140494,0.0122,0.9753,0.2030,0.996
8.216221264,0.0112,0.9745,0.2040,0.996
8.217228148,0.0112,0.9738,0.2042,0.995
8.218073341,0.0107,0.9723,0.2045,0.994
8.219242187,0.0078,0.9728,0.2020,0.994
8.220064379,0.0073,0.9733,0.1991,0.994
8.220941148,0.0071,0.9740,0.1969,0.994
8.22179711,0.0073,0.9736,0.1976,0.993
8.222777764,0.0049,0.9723,0.1976,0.992
8.223661302,0.0049,0.9714,0.1959,0.991
8.224999187,0.0061,0.9719,0.1950,0.991
8.229018264,0.0081,0.9719,0.1925,0.991
8.230638187,0.0086,0.9719,0.1891,0.990
8.231490725,0.0076,0.9721,0.1879,0.990
8.232769225,0.0078,0.9728,0.1867,0.991
8.234608148,0.0081,0.9723,0.1864,0.990
8.236972917,0.0090,0.9733,0.1871,0.991
8.238650764,0.0093,0.9723,0.1837,0.990
8.241028033,0.0103,0.9716,0.1835,0.989
8.242631187,0.0110,0.9706,0.1830,0.988
8.245008417,0.0122,0.9709,0.1837,0.988
8.246502802,0.0122,0.9704,0.1842,0.988
8.24855011,0.0127,0.9716,0.1867,0.989
8.250329264,0.0120,0.9733,0.1871,0.991
8.252286033,0.0137,0.9738,0.1871,0.992
8.254225417,0.0149,0.9736,0.1879,0.992
8.256212533,0.0166,0.9736,0.1879,0.992
8.258078494,0.0164,0.9736,0.1906,0.992
8.264640571,0.0161,0.9755,0.1915,0.994
8.265468033,0.0188,0.9748,0.1920,0.994
8.265873917,0.0198,0.9736,0.1930,0.993
8.266288917,0.0198,0.9745,0.1932,0.994
8.26839761,0.0203,0.9789,0.1957,0.999
8.273531764,0.0213,0.9794,0.1959,0.999
8.27416411,0.0215,0.9789,0.1954,0.998
8.274695071,0.0235,0.9780,0.1962,0.998
8.290747494,0.0235,0.9777,0.1969,0.998
8.292535956,0.0242,0.9782,0.1969,0.998
8.293665456,0.0208,0.9797,0.1954,0.999
8.295113187,0.0193,0.9797,0.1954,0.999
8.296465379,0.0191,0.9806,0.1962,1.000
8.297991648,0.0176,0.9814,0.1962,1.001
8.299144879,0.0161,0.9809,0.1950,1.000
8.30016011,0.0156,0.9806,0.1942,1.000
8.30102984,0.0159,0.9814,0.1940,1.000
8.302068148,0.0159,0.9828,0.1923,1.002
8.303085033,0.0154,0.9819,0.1910,1.000
8.303926802,0.0149,0.9816,0.1923,1.000
8.304763725,0.0134,0.9806,0.1901,0.999
8.305573264,0.0134,0.9811,0.1903,1.000
8.306621571,0.0122,0.9797,0.1915,0.998
8.30750634,0.0142,0.9804,0.1881,0.998
8.30836584,0.0156,0.9819,0.1893,1.000
8.309797687,0.0171,0.9824,0.1888,1.000
8.313146764,0.0181,0.9811,0.1874,0.999
8.314870533,0.0178,0.9821,0.1874,1.000
8.318836725,0.0169,0.9824,0.1867,1.000
8.320202648,0.0166,0.9809,0.1859,0.998
8.321324956,0.0193,0.9804,0.1869,0.998
8.322433648,0.0188,0.9802,0.1864,0.998
8.323689148,0.0186,0.9792,0.1871,0.997
8.325482417,0.0193,0.9797,0.1884,0.998
8.328663879,0.0195,0.9799,0.1876,0.998
8.330323725,0.0200,0.9797,0.1881,0.998
8.332262456,0.0210,0.9765,0.1884,0.995
8.333617917,0.0205,0.9748,0.1874,0.993
8.335577956,0.0222,0.9736,0.1869,0.992
8.33730384,0.0225,0.9745,0.1888,0.993
8.33945611,0.0222,0.9736,0.1881,0.992
8.34161934,0.0215,0.9719,0.1888,0.990
8.344794456,0.0208,0.9711,0.1881,0.989
8.346597379,0.0220,0.9706,0.1901,0.989
8.347939263,0.0235,0.9701,0.1906,0.989
8.349486802,0.0239,0.9704,0.1906,0.989
8.351501148,0.0222,0.9694,0.1903,0.988
8.35324834,0.0213,0.9697,0.1923,0.989
8.355385879,0.0217,0.9684,0.1930,0.988
8.357346533,0.0198,0.9682,0.1923,0.987
8.359197917,0.0188,0.9687,0.1923,0.988
8.36220761,0.0198,0.9684,0.1937,0.988
8.36393261,0.0200,0.9689,0.1928,0.988
8.365301225,0.0193,0.9704,0.1913,0.989
8.366990802,0.0205,0.9694,0.1930,0.989
8.36910211,0.0183,0.9679,0.1937,0.987
8.370992071,0.0171,0.9684,0.1935,0.988
8.37305684,0.0154,0.9709,0.1935,0.990
8.374917571,0.0149,0.9704,0.1937,0.990
8.37678784,0.0164,0.9699,0.1930,0.989
8.386677994,0.0149,0.9704,0.1957,0.990
8.387487533,0.0149,0.9714,0.1954,0.991
8.387913071,0.0137,0.9723,0.1950,0.992
8.388318994,0.0139,0.9726,0.1940,0.992
8.388718648,0.0139,0.9733,0.1930,0.992
8.389150456,0.0132,0.9743,0.1937,0.993
8.390844725,0.0125,0.9738,0.1932,0.993
8.392804379,0.0120,0.9736,0.1937,0.993
8.40806334,0.0120,0.9731,0.1920,0.992
8.409694456,0.0110,0.9740,0.1937,0.993
8.410957494,0.0110,0.9753,0.1937,0.994
8.41205311,0.0103,0.9758,0.1930,0.995
8.413173917,0.0095,0.9772,0.1930,0.996
8.414267494,0.0098,0.9765,0.1910,0.995
8.41530361,0.0103,0.9753,0.1908,0.994
8.416413263,0.0105,0.9760,0.1908,0.995
8.417222302,0.0117,0.9770,0.1920,0.996
8.41799934,0.0112,0.9777,0.1913,0.996
8.419000571,0.0110,0.9780,0.1903,0.996
8.419717071,0.0103,0.9782,0.1901,0.997
8.420698648,0.0107,0.9799,0.1896,0.998
8.42144861,0.0115,0.9802,0.1888,0.998
8.422471956,0.0117,0.9784,0.1896,0.997
8.424970417,0.0144,0.9792,0.1891,0.997
8.426588456,0.0147,0.9804,0.1891,0.999
8.42835111,0.0117,0.9809,0.1886,0.999
8.430136994,0.0125,0.9797,0.1871,0.997
8.431970302,0.0127,0.9804,0.1884,0.998
8.434051033,0.0134,0.9804,0.1881,0.998
8.436301071,0.0144,0.9802,0.1879,0.998
8.437772225,0.0156,0.9787,0.1879,0.997
8.439829917,0.0154,0.9762,0.1888,0.994
8.441729379,0.0166,0.9772,0.1886,0.995
8.445210456,0.0164,0.9789,0.1915,0.998
8.44712234,0.0164,0.9792,0.1915,0.998
8.448350302,0.0164,0.9780,0.1908,0.997
8.449723994,0.0161,0.9784,0.1903,0.997
8.453501494,0.0164,0.9780,0.1913,0.997
8.454878186,0.0171,0.9767,0.1913,0.995
8.455958763,0.0191,0.9775,0.1935,0.997
8.457964994,0.0198,0.9780,0.1942,0.997
8.459553994,0.0200,0.9784,0.1950,0.998
8.463019725,0.0195,0.9789,0.1942,0.998
8.464708071,0.0191,0.9780,0.1950,0.997
8.465826648,0.0181,0.9780,0.1947,0.997
8.467588533,0.0178,0.9780,0.1952,0.997
8.469359533,0.0178,0.9780,0.1969,0.998
8.471432648,0.0178,0.9767,0.1967,0.996
8.473316763,0.0178,0.9772,0.1967,0.997
8.475357494,0.0156,0.9780,0.1969,0.998
8.484935956,0.0166,0.9784,0.1964,0.998
8.485909456,0.0171,0.9780,0.1976,0.998
8.486482148,0.0173,0.9780,0.1989,0.998
8.486951263,0.0171,0.9777,0.1984,0.998
8.487454994,0.0176,0.9772,0.1986,0.997
8.487917263,0.0183,0.9777,0.1984,0.998
8.489566725,0.0166,0.9775,0.1991,0.998
8.491853494,0.0147,0.9767,0.1996,0.997
8.507849494,0.0144,0.9780,0.1981,0.998
8.508756456,0.0166,0.9792,0.1957,0.999
8.509222263,0.0149,0.9772,0.1959,0.997
8.509804725,0.0132,0.9777,0.1952,0.997
8.510211456,0.0159,0.9780,0.1932,0.997
8.510532686,0.0164,0.9775,0.1928,0.996
8.510795648,0.0147,0.9787,0.1920,0.997
8.511023186,0.0137,0.9787,0.1920,0.997
8.511269379,0.0139,0.9792,0.1923,0.998
8.51152434,0.0142,0.9797,0.1923,0.998
8.517021379,0.0129,0.9787,0.1896,0.997
8.517558071,0.0134,0.9787,0.1881,0.997
8.517843263,0.0142,0.9797,0.1898,0.998
8.522751917,0.0134,0.9799,0.1898,0.998
8.524632879,0.0154,0.9806,0.1869,0.998
8.524934571,0.0151,0.9804,0.1847,0.998
8.525163302,0.0156,0.9804,0.1842,0.998
8.528042379,0.0161,0.9799,0.1862,0.998
8.528547263,0.0144,0.9794,0.1874,0.997
8.530800533,0.0132,0.9799,0.1879,0.998
8.532576802,0.0139,0.9792,0.1891,0.997
8.534675648,0.0147,0.9802,0.1893,0.998
8.536606956,0.0142,0.9794,0.1898,0.998
8.538452725,0.0159,0.9777,0.1893,0.996
8.540701148,0.0161,0.9777,0.1893,0.996
8.542485148,0.0173,0.9784,0.1879,0.996
8.54552884,0.0171,0.9792,0.1874,0.997
8.546305571,0.0181,0.9782,0.1876,0.996
8.54847034,0.0205,0.9782,0.1845,0.996
8.550208763,0.0217,0.9782,0.1827,0.995
8.552445071,0.0247,0.9765,0.1805,0.993
8.554108917,0.0293,0.9762,0.1761,0.992
8.556284379,0.0303,0.9760,0.1747,0.992
8.558139994,0.0318,0.9770,0.1727,0.993
8.563787071,0.0313,0.9777,0.1715,0.993
8.56436134,0.0296,0.9787,0.1695,0.994
8.564607917,0.0298,0.9782,0.1686,0.993
8.566259225,0.0296,0.9777,0.1688,0.993
8.568400648,0.0276,0.9782,0.1708,0.993
8.570282148,0.0274,0.9797,0.1759,0.996
8.572202186,0.0274,0.9799,0.1776,0.996
8.574077802,0.0252,0.9794,0.1818,0.996
8.575987417,0.0247,0.9792,0.1847,0.997
8.587147994,0.0239,0.9802,0.1879,0.998
8.587631956,0.0213,0.9804,0.1915,0.999
8.587882186,0.0203,0.9806,0.1947,1.000
8.588115186,0.0215,0.9794,0.1989,1.000
8.588356571,0.0232,0.9789,0.2016,1.000
8.58857884,0.0237,0.9767,0.2033,0.998
8.589870417,0.0242,0.9760,0.2091,0.998
8.592124109,0.0235,0.9760,0.2108,0.999
8.59399384,0.0247,0.9750,0.2147,0.999
8.596454071,0.0222,0.9738,0.2211,0.999
8.597776379,0.0227,0.9731,0.2235,0.999
8.599797609,0.0215,0.9719,0.2274,0.998
8.601652148,0.0227,0.9714,0.2294,0.998
8.60385184,0.0237,0.9709,0.2328,0.999
8.605616648,0.0244,0.9704,0.2338,0.998
8.607714648,0.0242,0.9699,0.2336,0.998
8.609563533,0.0222,0.9670,0.2360,0.996
8.611587533,0.0230,0.9665,0.2353,0.995
8.613587071,0.0239,0.9655,0.2348,0.994
8.615636648,0.0235,0.9650,0.2314,0.993
8.617463456,0.0237,0.9648,0.2292,0.992
8.619641225,0.0230,0.9631,0.2240,0.989
8.621535225,0.0208,0.9606,0.2177,0.985
8.623581494,0.0195,0.9616,0.2140,0.985
8.625619571,0.0203,0.9633,0.2072,0.986
8.628801417,0.0176,0.9633,0.2057,0.985
8.630587379,0.0164,0.9635,0.2013,0.984
8.631461417,0.0147,0.9643,0.1954,0.984
8.633700109,0.0134,0.9650,0.1932,0.984
8.635528763,0.0107,0.9662,0.1871,0.984
8.637350879,0.0100,0.9677,0.1832,0.985
8.639346186,0.0098,0.9687,0.1803,0.985
8.641391071,0.0095,0.9709,0.1769,0.987
8.643518494,0.0110,0.9714,0.1759,0.987
8.646112417,0.0107,0.9726,0.1737,0.988
8.647818109,0.0117,0.9760,0.1735,0.991
8.649275302,0.0122,0.9762,0.1713,0.991
8.651357148,0.0125,0.9799,0.1700,0.995
8.653159186,0.0137,0.9819,0.1703,0.997
8.655350456,0.0149,0.9816,0.1710,0.997
8.657236802,0.0151,0.9821,0.1710,0.997
8.659031109,0.0171,0.9831,0.1708,0.998
8.661845071,0.0178,0.9848,0.1735,1.000
8.663363917,0.0186,0.9853,0.1764,1.001
8.664912263,0.0191,0.9860,0.1783,1.002
8.667123994,0.0181,0.9860,0.1810,1.003
8.668822956,0.0183,0.9850,0.1810,1.002
8.670935763,0.0169,0.9843,0.1825,1.001
8.672853148,0.0151,0.9865,0.1854,1.004
8.674881109,0.0144,0.9855,0.1888,1.004
8.687384417,0.0132,0.9850,0.1962,1.004
8.68881134,0.0098,0.9858,0.2008,1.006
8.689690032,0.0093,0.9858,0.2030,1.007
8.691036725,0.0066,0.9833,0.2064,1.005
8.691995225,0.0044,0.9843,0.2089,1.006
8.69304284,0.0020,0.9831,0.2130,1.006
8.693894725,0.0005,0.9809,0.2155,1.004
8.695154725,-0.0005,0.9809,0.2167,1.005
8.69593834,-0.0002,0.9804,0.2184,1.004
8.696910456,0.0005,0.9809,0.2177,1.005
8.697897725,0.0000,0.9811,0.2177,1.005
8.699315802,0.0010,0.9789,0.2165,1.003
8.712257994,0.0005,0.9787,0.2167,1.002
8.713599802,0.0010,0.9782,0.2177,1.002
8.714611494,0.0024,0.9760,0.2165,1.000
8.715423609,0.0039,0.9748,0.2152,0.998
8.71640184,0.0054,0.9767,0.2147,1.000
8.71742484,0.0049,0.9762,0.2143,0.999
8.71859334,0.0076,0.9753,0.2121,0.998
8.71978184,0.0107,0.9743,0.2091,0.997
8.720910956,0.0122,0.9745,0.2067,0.996
8.721615571,0.0144,0.9748,0.2040,0.996
8.722618648,0.0161,0.9755,0.2006,0.996
8.723425917,0.0164,0.9755,0.1981,0.996
8.72438534,0.0166,0.9758,0.1935,0.995
8.726224225,0.0173,0.9760,0.1910,0.995
8.729421686,0.0203,0.9740,0.1886,0.992
8.730933186,0.0222,0.9740,0.1862,0.992
8.732339456,0.0235,0.9733,0.1854,0.991
8.734170032,0.0254,0.9740,0.1845,0.992
8.736293532,0.0242,0.9716,0.1808,0.989
8.738035494,0.0257,0.9716,0.1808,0.989
8.740292186,0.0283,0.9719,0.1810,0.989
8.742146879,0.0283,0.9716,0.1813,0.989
8.745751263,0.0281,0.9719,0.1805,0.989
8.747467071,0.0298,0.9706,0.1823,0.988
8.748658456,0.0308,0.9699,0.1825,0.987
8.750153109,0.0300,0.9699,0.1854,0.988
8.752199994,0.0320,0.9694,0.1874,0.988
8.753952994,0.0337,0.9694,0.1886,0.988
8.755792071,0.0327,0.9684,0.1910,0.988
8.757750802,0.0330,0.9684,0.1925,0.988
8.760203032,0.0320,0.9689,0.1967,0.989
8.763044456,0.0320,0.9679,0.1998,0.989
8.764504225,0.0322,0.9670,0.2016,0.988
8.766433456,0.0303,0.9675,0.2038,0.989
8.768007186,0.0293,0.9679,0.2052,0.990
8.769887956,0.0308,0.9689,0.2060,0.991
8.771728917,0.0315,0.9670,0.2108,0.990
8.773772532,0.0310,0.9679,0.2128,0.992
8.775558571,0.0298,0.9684,0.2138,0.992
8.786134917,0.0288,0.9687,0.2147,0.993
8.786974379,0.0286,0.9692,0.2165,0.993
8.787750186,0.0274,0.9709,0.2167,0.995
8.787989686,0.0264,0.9706,0.2155,0.995
8.788229955,0.0257,0.9699,0.2160,0.994
8.788471148,0.0235,0.9716,0.2177,0.996
8.78935934,0.0222,0.9719,0.2174,0.996
8.791575494,0.0222,0.9723,0.2160,0.996
8.79336434,0.0208,0.9723,0.2145,0.996
8.80918434,0.0203,0.9723,0.2133,0.996
8.80979684,0.0188,0.9743,0.2121,0.997
8.810092494,0.0191,0.9755,0.2113,0.998
8.810342417,0.0183,0.9762,0.2069,0.998
8.81064634,0.0166,0.9775,0.2069,0.999
8.810909955,0.0181,0.9772,0.2055,0.999
8.811148609,0.0164,0.9770,0.2028,0.998
8.811375109,0.0156,0.9777,0.2013,0.998
8.811605763,0.0149,0.9799,0.1986,1.000
8.817202763,0.0144,0.9806,0.1972,1.000
8.817797725,0.0149,0.9819,0.1967,1.001
8.818091109,0.0142,0.9819,0.1950,1.001
8.819122494,0.0129,0.9819,0.1928,1.001
8.82121734,0.0127,0.9824,0.1930,1.001
8.823082994,0.0149,0.9843,0.1910,1.003
8.825029686,0.0137,0.9843,0.1915,1.003
8.827204302,0.0132,0.9848,0.1915,1.003
8.829529379,0.0137,0.9841,0.1901,1.002
8.83105334,0.0134,0.9838,0.1898,1.002
8.83294684,0.0134,0.9831,0.1901,1.001
8.835044109,0.0120,0.9824,0.1910,1.001
8.836827032,0.0122,0.9828,0.1930,1.002
8.83878234,0.0132,0.9828,0.1952,1.002
8.840872109,0.0137,0.9824,0.1947,1.002
8.842996955,0.0166,0.9838,0.1950,1.003
8.845975263,0.0176,0.9846,0.1959,1.004
8.847363763,0.0191,0.9838,0.1972,1.004
8.848612994,0.0181,0.9828,0.1986,1.003
8.850905494,0.0191,0.9816,0.2003,1.002
8.85275134,0.0195,0.9821,0.2013,1.003
8.854848455,0.0195,0.9814,0.2020,1.002
8.85681434,0.0198,0.9814,0.2013,1.002
8.858509725,0.0195,0.9802,0.1996,1.000
8.864336917,0.0193,0.9806,0.2023,1.001
8.865015186,0.0181,0.9799,0.2025,1.001
8.865280109,0.0173,0.9792,0.2040,1.000
8.869260032,0.0173,0.9784,0.2040,1.000
8.869538071,0.0166,0.9799,0.2045,1.001
8.870479609,0.0176,0.9789,0.2055,1.000
8.872250148,0.0173,0.9777,0.2057,0.999
8.874592302,0.0164,0.9767,0.2035,0.998
8.87617134,0.0151,0.9775,0.2047,0.999
8.885805571,0.0147,0.9760,0.2050,0.997
8.886406032,0.0159,0.9750,0.2045,0.996
8.886659994,0.0149,0.9750,0.2045,0.996
8.886898955,0.0159,0.9758,0.2038,0.997
8.887125417,0.0166,0.9760,0.2060,0.998
8.892119802,0.0164,0.9760,0.2060,0.998
8.892380109,0.0173,0.9765,0.2045,0.998
8.892604917,0.0181,0.9755,0.2038,0.997
8.89522334,0.0188,0.9743,0.2035,0.995
8.896083455,0.0200,0.9748,0.2033,0.996
8.898091763,0.0200,0.9753,0.2030,0.996
8.900142955,0.0222,0.9770,0.2028,0.998
8.902029571,0.0235,0.9758,0.2025,0.997
8.90399134,0.0235,0.9740,0.2025,0.995
8.905937186,0.0239,0.9738,0.2035,0.995
8.908042763,0.0235,0.9743,0.2028,0.995
8.90989334,0.0244,0.9750,0.2030,0.996
8.912911532,0.0239,0.9719,0.2020,0.993
8.914691109,0.0244,0.9723,0.2025,0.994
8.915971302,0.0259,0.9736,0.2020,0.995
8.917996648,0.0249,0.9736,0.2001,0.994
8.919988763,0.0239,0.9740,0.1996,0.995
8.921872763,0.0247,0.9711,0.1991,0.992
8.923688417,0.0242,0.9709,0.1994,0.991
8.92571134,0.0261,0.9711,0.2018,0.992
8.929064494,0.0269,0.9728,0.1998,0.994
8.929591417,0.0279,0.9721,0.1986,0.993
8.931726878,0.0269,0.9716,0.1974,0.992
8.933678417,0.0244,0.9706,0.1962,0.991
8.935505802,0.0239,0.9709,0.1954,0.991
8.937623955,0.0230,0.9726,0.1957,0.992
8.939478532,0.0230,0.9726,0.1974,0.993
8.941488686,0.0242,0.9721,0.1959,0.992
8.943960302,0.0237,0.9719,0.1959,0.992
8.946460571,0.0235,0.9714,0.1967,0.991
8.947623302,0.0230,0.9733,0.1969,0.993
8.949256378,0.0244,0.9740,0.1979,0.994
8.951355263,0.0242,0.9743,0.1991,0.995
8.953386532,0.0237,0.9745,0.1981,0.995
8.955259455,0.0252,0.9743,0.1959,0.994
8.957147648,0.0247,0.9736,0.1954,0.993
8.959337302,0.0239,0.9738,0.1957,0.994
8.962529571,0.0225,0.9738,0.1945,0.993
8.963833148,0.0210,0.9767,0.1950,0.996
8.965035725,0.0208,0.9780,0.1957,0.998
8.966943302,0.0198,0.9775,0.1954,0.997
8.968888148,0.0195,0.9762,0.1957,0.996
8.971081494,0.0205,0.9767,0.1969,0.997
8.973015186,0.0195,0.9789,0.1950,0.998
8.975003686,0.0191,0.9782,0.1962,0.998
8.976983186,0.0183,0.9792,0.1952,0.999
8.986593725,0.0171,0.9792,0.1942,0.998
8.987998032,0.0164,0.9789,0.1954,0.998
8.989069455,0.0169,0.9787,0.1954,0.998
8.989907263,0.0164,0.9789,0.1954,0.998
8.991071955,0.0161,0.9792,0.1950,0.999
8.992059263,0.0171,0.9784,0.1959,0.998
8.992921071,0.0171,0.9780,0.1964,0.998
8.993789455,0.0169,0.9797,0.1976,1.000
8.994763763,0.0156,0.9794,0.1969,0.999
9.009304263,0.0159,0.9777,0.1967,0.997
9.011131263,0.0159,0.9767,0.1962,0.996
9.012380032,0.0161,0.9775,0.1962,0.997
9.013517917,0.0151,0.9780,0.1964,0.998
9.014681801,0.0149,0.9767,0.1972,0.997
9.015573686,0.0142,0.9760,0.1969,0.996
9.016685648,0.0147,0.9765,0.1969,0.996
9.017630763,0.0164,0.9765,0.1969,0.996
9.018911878,0.0164,0.9775,0.1998,0.998
9.01962634,0.0142,0.9767,0.1994,0.997
9.020382955,0.0149,0.9767,0.1998,0.997
9.021141301,0.0151,0.9758,0.1996,0.996
9.021810071,0.0159,0.9758,0.2011,0.996
9.023010494,0.0159,0.9755,0.2008,0.996
9.02533634,0.0166,0.9738,0.2016,0.995
9.026921225,0.0164,0.9743,0.2020,0.995
9.033167725,0.0159,0.9748,0.2028,0.996
9.034795763,0.0173,0.9753,0.2035,0.996
9.035861301,0.0173,0.9743,0.2030,0.995
9.036881532,0.0156,0.9743,0.2025,0.995
9.037877917,0.0154,0.9743,0.2030,0.995
9.038885994,0.0156,0.9733,0.2055,0.995
9.040119955,0.0166,0.9723,0.2064,0.994
9.042058455,0.0176,0.9728,0.2074,0.995
9.046955109,0.0188,0.9738,0.2084,0.996
9.048395378,0.0181,0.9716,0.2077,0.994
9.04938984,0.0173,0.9709,0.2074,0.993
9.050531648,0.0169,0.9721,0.2096,0.995
9.051970225,0.0181,0.9726,0.2084,0.995
9.053958571,0.0178,0.9733,0.2069,0.995
9.056094648,0.0193,0.9723,0.2074,0.994
9.057767609,0.0191,0.9723,0.2072,0.994
9.060002186,0.0183,0.9745,0.2077,0.997
9.063153801,0.0191,0.9733,0.2086,0.996
9.064617109,0.0195,0.9733,0.2089,0.996
9.066038917,0.0188,0.9738,0.2089,0.996
9.067786186,0.0178,0.9736,0.2081,0.996
9.069716186,0.0191,0.9736,0.2081,0.996
9.071738532,0.0213,0.9740,0.2089,0.996
9.073680455,0.0200,0.9745,0.2077,0.997
9.075649225,0.0178,0.9745,0.2072,0.996
9.078685532,0.0181,0.9758,0.2057,0.997
9.079838455,0.0191,0.9750,0.2050,0.997
9.088408917,0.0193,0.9767,0.2067,0.999
9.089855032,0.0198,0.9765,0.2052,0.998
9.090848417,0.0198,0.9753,0.2050,0.997
9.091989225,0.0205,0.9758,0.2033,0.997
9.092952301,0.0208,0.9760,0.2030,0.997
9.09404584,0.0205,0.9760,0.2020,0.997
9.09491734,0.0208,0.9760,0.2011,0.997
9.095217455,0.0203,0.9770,0.2023,0.998
9.112772917,0.0205,0.9762,0.2006,0.997
9.113837494,0.0198,0.9772,0.2006,0.998
9.114730148,0.0210,0.9767,0.1996,0.997
9.11551484,0.0225,0.9745,0.1991,0.995
9.116235032,0.0232,0.9762,0.1998,0.997
9.117081686,0.0215,0.9767,0.1991,0.997
9.117857378,0.0208,0.9777,0.1984,0.998
9.118773955,0.0210,0.9765,0.1991,0.997
9.11961784,0.0200,0.9767,0.2011,0.997
9.120380878,0.0198,0.9767,0.2008,0.997
9.121227686,0.0191,0.9765,0.2035,0.998
9.121858801,0.0193,0.9775,0.2038,0.999
9.122593032,0.0205,0.9772,0.2028,0.998
9.123392071,0.0200,0.9753,0.2018,0.996
9.124986955,0.0205,0.9755,0.2013,0.996
9.127030224,0.0213,0.9748,0.1984,0.995
9.129491878,0.0225,0.9745,0.1935,0.994
9.131227263,0.0237,0.9736,0.1925,0.993
9.133040571,0.0261,0.9733,0.1893,0.992
9.134876686,0.0254,0.9738,0.1884,0.992
9.136821263,0.0247,0.9743,0.1874,0.992
9.138917263,0.0252,0.9755,0.1874,0.994
9.140967801,0.0247,0.9762,0.1852,0.994
9.142770763,0.0227,0.9770,0.1837,0.994
9.146279724,0.0220,0.9777,0.1849,0.995
9.148011494,0.0213,0.9802,0.1893,0.999
9.149908263,0.0208,0.9804,0.1910,0.999
9.151261724,0.0195,0.9809,0.1923,1.000
9.152470878,0.0186,0.9814,0.1950,1.001
9.154748532,0.0183,0.9806,0.1991,1.001
9.156931801,0.0188,0.9809,0.1998,1.001
9.158959724,0.0181,0.9814,0.2008,1.002
9.160642801,0.0191,0.9809,0.2016,1.002
9.163909378,0.0210,0.9789,0.2023,1.000
9.165413301,0.0210,0.9799,0.2055,1.001
9.167252532,0.0222,0.9806,0.2062,1.002
9.168508686,0.0227,0.9811,0.2072,1.003
9.170575609,0.0237,0.9797,0.2108,1.002
9.172507071,0.0242,0.9787,0.2128,1.002
9.174174417,0.0249,0.9789,0.2167,1.003
9.176320109,0.0269,0.9799,0.2182,1.004
9.186876801,0.0293,0.9777,0.2196,1.003
9.188333878,0.0296,0.9777,0.2221,1.003
9.189402148,0.0310,0.9780,0.2226,1.003
9.190561955,0.0303,0.9760,0.2221,1.001
9.191049494,0.0310,0.9738,0.2223,0.999
9.191369301,0.0313,0.9736,0.2228,0.999
9.193049686,0.0298,0.9723,0.2204,0.997
9.193276955,0.0291,0.9709,0.2184,0.996
9.194409224,0.0286,0.9687,0.2160,0.993
9.208344071,0.0283,0.9657,0.2123,0.989
9.208976494,0.0281,0.9657,0.2108,0.989
9.209255724,0.0269,0.9667,0.2089,0.989
9.209507147,0.0261,0.9655,0.2064,0.988
9.209749801,0.0249,0.9638,0.2011,0.985
9.210011186,0.0242,0.9643,0.1972,0.985
9.210239494,0.0239,0.9645,0.1942,0.984
9.210534186,0.0200,0.9653,0.1898,0.984
9.216268878,0.0176,0.9662,0.1886,0.985
9.216818455,0.0161,0.9660,0.1886,0.984
9.217064417,0.0144,0.9672,0.1857,0.985
9.217634417,0.0151,0.9679,0.1849,0.986
9.219729917,0.0156,0.9692,0.1842,0.987
9.221735147,0.0139,0.9706,0.1837,0.988
9.223627994,0.0147,0.9711,0.1832,0.988
9.225609032,0.0144,0.9719,0.1840,0.989
9.227493571,0.0147,0.9736,0.1840,0.991
9.230514301,0.0156,0.9753,0.1840,0.993
9.231618801,0.0161,0.9740,0.1864,0.992
9.233572032,0.0173,0.9755,0.1874,0.994
9.235881532,0.0198,0.9772,0.1908,0.996
9.23766834,0.0200,0.9787,0.1940,0.998
9.239781109,0.0208,0.9789,0.1945,0.998
9.241426455,0.0210,0.9775,0.1950,0.997
9.243322224,0.0222,0.9753,0.1969,0.995
9.245691532,0.0225,0.9743,0.1989,0.995
9.247340647,0.0213,0.9760,0.2020,0.997
9.249256955,0.0205,0.9750,0.2038,0.996
9.251248109,0.0213,0.9745,0.2079,0.997
9.253102378,0.0205,0.9721,0.2138,0.996
9.255338763,0.0205,0.9716,0.2169,0.996
9.257148455,0.0186,0.9706,0.2218,0.996
9.259266263,0.0173,0.9701,0.2233,0.996
9.262503224,0.0134,0.9697,0.2267,0.996
9.263618109,0.0095,0.9697,0.2304,0.997
9.26540134,0.0088,0.9689,0.2323,0.996
9.267179494,0.0086,0.9675,0.2360,0.996
9.269042878,0.0081,0.9667,0.2372,0.995
9.270957724,0.0086,0.9655,0.2397,0.995
9.273149763,0.0073,0.9660,0.2397,0.995
9.274897417,0.0086,0.9665,0.2404,0.996
9.276897724,0.0103,0.9675,0.2406,0.997
9.285491724,0.0115,0.9672,0.2392,0.996
9.286659417,0.0132,0.9670,0.2394,0.996
9.287419455,0.0129,0.9679,0.2394,0.997
9.288165647,0.0137,0.9684,0.2380,0.997
9.288975263,0.0147,0.9684,0.2358,0.997
9.291468955,0.0161,0.9699,0.2345,0.998
9.292253417,0.0161,0.9706,0.2345,0.999
9.292972494,0.0186,0.9694,0.2321,0.997
9.294940301,0.0191,0.9704,0.2306,0.998
9.308741301,0.0208,0.9728,0.2277,0.999
9.310094455,0.0230,0.9753,0.2240,1.001
9.311220147,0.0225,0.9740,0.2218,0.999
9.312255186,0.0225,0.9748,0.2169,0.999
9.313451955,0.0220,0.9750,0.2096,0.998
9.314628647,0.0227,0.9765,0.2079,0.999
9.315521417,0.0239,0.9782,0.2033,0.999
9.316510455,0.0244,0.9784,0.2003,0.999
9.317570455,0.0237,0.9794,0.1964,0.999
9.318579609,0.0235,0.9809,0.1915,1.000
9.319417417,0.0252,0.9806,0.1906,0.999
9.320137109,0.0257,0.9799,0.1881,0.998
9.321222647,0.0286,0.9804,0.1862,0.998
9.322497994,0.0288,0.9811,0.1845,0.999
9.32463884,0.0291,0.9809,0.1830,0.998
9.32643584,0.0300,0.9809,0.1823,0.998
9.32975407,0.0313,0.9809,0.1815,0.998
9.331325955,0.0300,0.9809,0.1823,0.998
9.332277494,0.0310,0.9819,0.1830,0.999
9.334445532,0.0303,0.9819,0.1859,1.000
9.336503186,0.0318,0.9814,0.1876,1.000
9.33849257,0.0315,0.9802,0.1879,0.998
9.340542532,0.0305,0.9806,0.1891,0.999
9.342295109,0.0298,0.9806,0.1913,1.000
9.34428007,0.0303,0.9799,0.1937,0.999
9.347744147,0.0303,0.9784,0.1969,0.999
9.349233378,0.0310,0.9770,0.1972,0.997
9.351870647,0.0300,0.9750,0.2013,0.996
9.352980032,0.0303,0.9758,0.2035,0.997
9.354491494,0.0291,0.9748,0.2047,0.996
9.356374532,0.0274,0.9745,0.2074,0.997
9.358320878,0.0271,0.9731,0.2079,0.995
9.36023284,0.0293,0.9733,0.2111,0.996
9.362865417,0.0271,0.9721,0.2147,0.996
9.364280801,0.0266,0.9719,0.2155,0.996
9.366839147,0.0279,0.9706,0.2157,0.995
9.36886934,0.0271,0.9711,0.2162,0.995
9.370091724,0.0271,0.9694,0.2169,0.994
9.371956917,0.0276,0.9670,0.2177,0.992
9.374051186,0.0276,0.9665,0.2172,0.991
9.376546801,0.0266,0.9687,0.2172,0.993
9.377868494,0.0264,0.9675,0.2172,0.992
9.38861557,0.0266,0.9677,0.2162,0.992
9.389659032,0.0259,0.9677,0.2157,0.992
9.390268763,0.0264,0.9682,0.2150,0.992
9.39092407,0.0271,0.9684,0.2145,0.992
9.391503494,0.0274,0.9679,0.2155,0.992
9.39208734,0.0274,0.9684,0.2152,0.992
9.392785417,0.0269,0.9692,0.2155,0.993
9.393629532,0.0266,0.9689,0.2128,0.992
9.414902378,0.0264,0.9689,0.2128,0.992
9.41584734,0.0266,0.9699,0.2135,0.993
9.416315263,0.0274,0.9701,0.2135,0.994
9.416709801,0.0249,0.9687,0.2130,0.992
9.417116301,0.0232,0.9687,0.2145,0.992
9.41752657,0.0227,0.9687,0.2147,0.992
9.417928724,0.0235,0.9709,0.2145,0.995
9.418312301,0.0217,0.9714,0.2147,0.995
9.41880284,0.0222,0.9716,0.2147,0.995
9.419195301,0.0239,0.9721,0.2135,0.996
9.419588878,0.0237,0.9728,0.2143,0.996
9.420056417,0.0237,0.9728,0.2157,0.997
9.420331224,0.0259,0.9709,0.2169,0.995
9.421184263,0.0244,0.9706,0.2174,0.995
9.423548686,0.0244,0.9716,0.2169,0.996
9.425275263,0.0254,0.9721,0.2169,0.996
9.427214224,0.0249,0.9743,0.2189,0.999
9.429950263,0.0235,0.9740,0.2189,0.999
9.431452417,0.0239,0.9736,0.2187,0.998
9.433333032,0.0232,0.9716,0.2194,0.996
9.435497917,0.0225,0.9743,0.2194,0.999
9.436987647,0.0213,0.9738,0.2189,0.998
9.439552032,0.0200,0.9738,0.2194,0.998
9.440948763,0.0198,0.9758,0.2184,1.000
9.443572917,0.0178,0.9753,0.2174,0.999
9.444878532,0.0144,0.9750,0.2167,0.999
9.447236109,0.0144,0.9758,0.2162,1.000
9.449036147,0.0144,0.9760,0.2172,1.000
9.45156884,0.0144,0.9770,0.2155,1.001
9.453161609,0.0147,0.9777,0.2145,1.001
9.45554884,0.0120,0.9780,0.2133,1.001
9.456971955,0.0105,0.9775,0.2123,1.000
9.459585763,0.0103,0.9794,0.2123,1.002
9.460839301,0.0103,0.9806,0.2113,1.003
9.463660724,0.0107,0.9804,0.2113,1.003
9.46482457,0.0112,0.9799,0.2101,1.002
9.466940493,0.0134,0.9794,0.2077,1.001
9.468754801,0.0134,0.9787,0.2064,1.000
9.470498686,0.0132,0.9804,0.2052,1.002
9.472738878,0.0137,0.9802,0.2047,1.001
9.474830147,0.0134,0.9806,0.2064,1.002
9.476698647,0.0151,0.9799,0.2045,1.001
9.478839032,0.0164,0.9806,0.2042,1.002
9.48784884,0.0156,0.9806,0.2033,1.002
9.489538378,0.0161,0.9806,0.2038,1.002
9.490654609,0.0164,0.9804,0.2035,1.001
9.491652763,0.0156,0.9787,0.2045,1.000
9.492627724,0.0166,0.9780,0.2042,0.999
9.494116301,0.0171,0.9770,0.2074,0.999
9.495301686,0.0176,0.9753,0.2062,0.997
9.496215417,0.0178,0.9745,0.2064,0.996
9.498255417,0.0203,0.9743,0.2081,0.996
9.500437724,0.0222,0.9740,0.2079,0.996
9.501616378,0.0195,0.9743,0.2074,0.996
9.502753724,0.0195,0.9726,0.2089,0.995
9.51559884,0.0186,0.9723,0.2091,0.995
9.517209917,0.0198,0.9723,0.2103,0.995
9.518421609,0.0205,0.9721,0.2111,0.995
9.519405917,0.0213,0.9704,0.2116,0.993
9.520547993,0.0225,0.9689,0.2133,0.992
9.521524032,0.0227,0.9692,0.2140,0.993
9.522739493,0.0225,0.9692,0.2140,0.993
9.523921686,0.0249,0.9682,0.2143,0.992
9.524844801,0.0259,0.9679,0.2155,0.992
9.525564186,0.0264,0.9665,0.2155,0.991
9.52654107,0.0244,0.9665,0.2157,0.991
9.527330686,0.0239,0.9667,0.2155,0.991
9.528317455,0.0254,0.9679,0.2174,0.992
9.531123186,0.0261,0.9679,0.2177,0.992
9.532522378,0.0239,0.9670,0.2162,0.991
9.536644878,0.0249,0.9648,0.2157,0.989
9.537609301,0.0247,0.9650,0.2162,0.989
9.538463263,0.0247,0.9667,0.2160,0.991
9.539863993,0.0242,0.9675,0.2165,0.992
9.54177857,0.0215,0.9689,0.2150,0.993
9.543798186,0.0222,0.9672,0.2160,0.991
9.546854416,0.0227,0.9677,0.2155,0.992
9.54841184,0.0237,0.9677,0.2138,0.991
9.549703224,0.0235,0.9684,0.2135,0.992
9.551670724,0.0222,0.9697,0.2150,0.993
9.553500378,0.0217,0.9694,0.2147,0.993
9.555732878,0.0213,0.9704,0.2145,0.994
9.557488609,0.0217,0.9716,0.2152,0.995
9.55955884,0.0208,0.9714,0.2133,0.995
9.56140134,0.0222,0.9714,0.2123,0.995
9.564302032,0.0220,0.9743,0.2128,0.998
9.565863686,0.0200,0.9755,0.2128,0.999
9.56761434,0.0200,0.9740,0.2130,0.997
9.569524763,0.0178,0.9748,0.2125,0.998
9.571435724,0.0178,0.9740,0.2118,0.997
9.573226301,0.0178,0.9753,0.2121,0.998
9.575235763,0.0178,0.9758,0.2118,0.999
9.577326378,0.0183,0.9755,0.2125,0.999
9.58712757,0.0186,0.9758,0.2123,0.999
9.588636455,0.0178,0.9762,0.2116,0.999
9.589821493,0.0166,0.9758,0.2106,0.998
9.59164607,0.0154,0.9758,0.2108,0.998
9.592481993,0.0151,0.9765,0.2111,0.999
9.593328878,0.0144,0.9780,0.2111,1.001
9.594076647,0.0139,0.9772,0.2099,1.000
9.595016532,0.0142,0.9753,0.2103,0.998
9.595339493,0.0144,0.9748,0.2103,0.997
9.609105801,0.0149,0.9755,0.2103,0.998
9.60970007,0.0161,0.9750,0.2099,0.997
9.609947955,0.0156,0.9760,0.2125,0.999
9.610179263,0.0151,0.9762,0.2121,0.999
9.610440493,0.0142,0.9745,0.2113,0.997
9.610695301,0.0139,0.9748,0.2118,0.998
9.610921455,0.0142,0.9745,0.2121,0.997
9.611148532,0.0149,0.9750,0.2116,0.998
9.618172532,0.0151,0.9758,0.2111,0.998
9.618825763,0.0151,0.9748,0.2111,0.997
9.619087301,0.0166,0.9736,0.2118,0.996
9.61932984,0.0171,0.9728,0.2128,0.996
9.620693416,0.0178,0.9719,0.2125,0.995
9.622972955,0.0176,0.9719,0.2125,0.995
9.624744724,0.0169,0.9701,0.2135,0.994
9.626787532,0.0173,0.9709,0.2152,0.995
9.629974916,0.0176,0.9721,0.2155,0.996
9.630581109,0.0171,0.9711,0.2155,0.995
9.632528532,0.0173,0.9699,0.2143,0.993
9.634283724,0.0181,0.9692,0.2140,0.993
9.636680224,0.0188,0.9704,0.2160,0.994
9.638470109,0.0178,0.9704,0.2172,0.995
9.640464916,0.0161,0.9709,0.2187,0.995
9.642261993,0.0176,0.9716,0.2174,0.996
9.644477955,0.0181,0.9714,0.2177,0.996
9.646837839,0.0176,0.9706,0.2174,0.995
9.649138916,0.0176,0.9701,0.2172,0.994
9.650122109,0.0176,0.9701,0.2160,0.994
9.652325378,0.0186,0.9692,0.2147,0.993
9.654146993,0.0186,0.9697,0.2150,0.993
9.656415339,0.0176,0.9704,0.2155,0.994
9.657934493,0.0176,0.9701,0.2160,0.994
9.660220301,0.0178,0.9709,0.2157,0.995
9.66319857,0.0193,0.9723,0.2152,0.996
9.671022263,0.0195,0.9716,0.2152,0.995
9.672107724,0.0198,0.9711,0.2143,0.995
9.672787416,0.0193,0.9709,0.2121,0.994
9.673521493,0.0183,0.9711,0.2135,0.994
9.674190801,0.0193,0.9723,0.2128,0.996
9.679068186,0.0191,0.9719,0.2135,0.995
9.68001557,0.0188,0.9721,0.2118,0.995
9.680954378,0.0205,0.9760,0.2094,0.998
9.681851416,0.0205,0.9760,0.2101,0.999
9.682813147,0.0178,0.9753,0.2116,0.998
9.703334032,0.0154,0.9755,0.2113,0.998
9.704789955,0.0154,0.9762,0.2113,0.999
9.705857686,0.0156,0.9760,0.2113,0.999
9.706853455,0.0161,0.9765,0.2123,0.999
9.707918186,0.0151,0.9775,0.2140,1.001
9.708808339,0.0171,0.9777,0.2147,1.001
9.709872147,0.0186,0.9780,0.2143,1.001
9.710932801,0.0195,0.9792,0.2133,1.002
9.712013147,0.0198,0.9782,0.2116,1.001
9.712892147,0.0200,0.9765,0.2108,0.999
9.713894724,0.0217,0.9748,0.2064,0.997
9.714956186,0.0227,0.9750,0.2042,0.996
9.715872224,0.0244,0.9762,0.1981,0.996
9.716550609,0.0252,0.9748,0.1940,0.994
9.717322609,0.0259,0.9738,0.1935,0.993
9.718092455,0.0254,0.9748,0.1901,0.993
9.718952916,0.0249,0.9750,0.1893,0.994
9.719824686,0.0247,0.9755,0.1903,0.994
9.720593455,0.0242,0.9770,0.1913,0.996
9.721602263,0.0232,0.9775,0.1920,0.996
9.724066263,0.0215,0.9799,0.1954,0.999
9.73202107,0.0217,0.9806,0.1967,1.000
9.733529801,0.0210,0.9782,0.2020,0.999
9.734627839,0.0217,0.9784,0.2040,1.000
9.735840455,0.0230,0.9787,0.2045,1.000
9.736827532,0.0225,0.9794,0.2077,1.001
9.737618109,0.0225,0.9797,0.2103,1.002
9.738273839,0.0217,0.9792,0.2118,1.002
9.739292378,0.0208,0.9782,0.2157,1.002
9.741189416,0.0210,0.9784,0.2182,1.003
9.743173032,0.0222,0.9777,0.2223,1.003
9.745074762,0.0222,0.9772,0.2243,1.003
9.748256378,0.0222,0.9772,0.2260,1.003
9.749809109,0.0230,0.9760,0.2311,1.003
9.751306186,0.0230,0.9748,0.2321,1.002
9.753012186,0.0237,0.9738,0.2331,1.002
9.755117262,0.0237,0.9726,0.2358,1.001
9.756907455,0.0239,0.9726,0.2353,1.001
9.759087609,0.0252,0.9723,0.2348,1.001
9.760994262,0.0252,0.9721,0.2362,1.001
9.764337493,0.0237,0.9714,0.2360,1.000
9.765784109,0.0225,0.9694,0.2345,0.998
9.767196455,0.0215,0.9689,0.2338,0.997
9.768872339,0.0203,0.9677,0.2323,0.995
9.77087157,0.0176,0.9667,0.2309,0.994
9.772915993,0.0178,0.9667,0.2287,0.994
9.774723955,0.0166,0.9645,0.2243,0.990
9.776859955,0.0120,0.9643,0.2194,0.989
9.778583224,0.0110,0.9648,0.2162,0.989
9.788180493,0.0076,0.9660,0.2103,0.989
9.788769839,0.0066,0.9660,0.2089,0.988
9.789023262,0.0068,0.9660,0.2050,0.988
9.789255493,0.0027,0.9670,0.1989,0.987
9.789506301,0.0010,0.9670,0.1967,0.987
9.790972916,-0.0024,0.9687,0.1940,0.988
9.79270357,-0.0029,0.9701,0.1901,0.989
9.794324916,-0.0029,0.9706,0.1884,0.989
9.809399916,-0.0034,0.9716,0.1869,0.989
9.809956916,-0.0046,0.9726,0.1854,0.990
9.810208724,-0.0049,0.9740,0.1835,0.991
9.810484301,-0.0051,0.9758,0.1825,0.993
9.810721455,-0.0051,0.9775,0.1813,0.994
9.810951724,-0.0037,0.9782,0.1832,0.995
9.811183416,-0.0024,0.9799,0.1845,0.997
9.811427224,-0.0022,0.9814,0.1854,0.999
9.812338262,-0.0024,0.9826,0.1857,1.000
9.81857257,-0.0005,0.9819,0.1862,0.999
9.819122186,0.0024,0.9841,0.1871,1.002
9.819375686,0.0032,0.9831,0.1888,1.001
9.819957801,0.0034,0.9826,0.1901,1.001
9.822896378,0.0037,0.9816,0.1935,1.001
9.823998955,0.0044,0.9814,0.1972,1.001
9.825858686,0.0037,0.9816,0.1986,1.002
9.828027916,0.0042,0.9819,0.2047,1.003
9.831148186,0.0037,0.9814,0.2074,1.003
9.83179707,0.0042,0.9799,0.2125,1.003
9.833715839,0.0046,0.9772,0.2174,1.001
9.835951532,0.0042,0.9758,0.2196,1.000
9.837775801,0.0020,0.9740,0.2240,0.999
9.839887686,0.0015,0.9721,0.2260,0.998
9.841612186,0.0029,0.9706,0.2299,0.997
9.843725109,0.0024,0.9689,0.2328,0.997
9.845729262,0.0022,0.9692,0.2343,0.997
9.847920686,0.0039,0.9677,0.2365,0.996
9.84975957,0.0051,0.9665,0.2372,0.995
9.851524878,0.0046,0.9662,0.2380,0.995
9.853418339,0.0093,0.9653,0.2404,0.995
9.855538801,0.0107,0.9650,0.2389,0.994
9.857486609,0.0103,0.9660,0.2375,0.995
9.859451532,0.0100,0.9660,0.2370,0.995
9.861334532,0.0120,0.9665,0.2365,0.995
9.866647993,0.0151,0.9655,0.2338,0.994
9.867227762,0.0159,0.9650,0.2331,0.993
9.867486224,0.0193,0.9662,0.2301,0.993
9.869525916,0.0205,0.9672,0.2279,0.994
9.871399532,0.0220,0.9679,0.2270,0.994
9.873105032,0.0227,0.9684,0.2233,0.994
9.875216839,0.0235,0.9687,0.2213,0.994
9.877239378,0.0279,0.9694,0.2155,0.993
9.879887839,0.0283,0.9706,0.2118,0.994
9.893583801,0.0283,0.9704,0.2091,0.993
9.895115955,0.0286,0.9694,0.2072,0.992
9.896248724,0.0296,0.9704,0.2020,0.992
9.897415647,0.0296,0.9714,0.1991,0.992
9.898602762,0.0288,0.9728,0.1969,0.993
9.899622032,0.0286,0.9736,0.1957,0.993
9.900614839,0.0286,0.9721,0.1925,0.991
9.901651147,0.0296,0.9745,0.1910,0.994
9.902407839,0.0298,0.9740,0.1893,0.993
9.903322455,0.0310,0.9748,0.1867,0.993
9.903980955,0.0318,0.9750,0.1869,0.993
9.904793878,0.0330,0.9750,0.1876,0.993
9.905573339,0.0325,0.9738,0.1896,0.993
9.90898157,0.0315,0.9750,0.1913,0.994
9.910561416,0.0298,0.9745,0.1932,0.994
9.911588762,0.0300,0.9760,0.1940,0.996
9.912770147,0.0300,0.9758,0.1937,0.995
9.918961762,0.0288,0.9758,0.1957,0.996
9.920556955,0.0281,0.9755,0.1967,0.996
9.921747878,0.0281,0.9755,0.1984,0.996
9.923031339,0.0271,0.9736,0.2042,0.995
9.923759301,0.0266,0.9748,0.2052,0.997
9.924662339,0.0247,0.9770,0.2091,0.999
9.926778609,0.0237,0.9765,0.2121,1.000
9.928676339,0.0232,0.9762,0.2138,1.000
9.931885339,0.0203,0.9750,0.2160,0.999
9.933309185,0.0208,0.9753,0.2172,0.999
9.934631032,0.0183,0.9760,0.2160,1.000
9.936525301,0.0186,0.9765,0.2191,1.001
9.938509032,0.0183,0.9772,0.2194,1.002
9.940544455,0.0154,0.9758,0.2196,1.000
9.942451262,0.0154,0.9755,0.2187,1.000
9.94450457,0.0149,0.9758,0.2194,1.000
9.948874762,0.0137,0.9758,0.2182,1.000
9.950337955,0.0132,0.9762,0.2174,1.000
9.951555685,0.0127,0.9760,0.2179,1.000
9.952662724,0.0117,0.9780,0.2160,1.002
9.954221878,0.0103,0.9780,0.2155,1.001
9.956318109,0.0090,0.9792,0.2123,1.002
9.958256301,0.0098,0.9794,0.2113,1.002
9.960451455,0.0090,0.9784,0.2094,1.001
9.962054532,0.0086,0.9784,0.2079,1.000
9.964963493,0.0093,0.9784,0.2057,1.000
9.966448339,0.0086,0.9794,0.2028,1.000
9.968252532,0.0083,0.9789,0.2016,1.000
9.970209685,0.0086,0.9792,0.2008,1.000
9.972323647,0.0088,0.9797,0.2006,1.000
9.974048801,0.0078,0.9802,0.2006,1.000
9.976147224,0.0076,0.9794,0.2028,1.000
9.977958493,0.0071,0.9797,0.2025,1.000
9.980622262,0.0078,0.9797,0.2018,1.000
9.989186801,0.0083,0.9797,0.1998,1.000
9.99071657,0.0098,0.9784,0.1996,0.999
9.991761185,0.0098,0.9777,0.2006,0.998
9.992774878,0.0100,0.9770,0.2038,0.998
9.993822493,0.0105,0.9765,0.2040,0.998
9.994864801,0.0105,0.9767,0.2025,0.998
9.995184185,0.0122,0.9755,0.2060,0.997
9.995745762,0.0129,0.9762,0.2079,0.998
10.011155647,0.0147,0.9753,0.2079,0.997
10.01261457,0.0137,0.9750,0.2079,0.997
10.013685378,0.0132,0.9748,0.2079,0.997
10.014798455,0.0151,0.9745,0.2089,0.997
10.015992608,0.0151,0.9740,0.2086,0.996
10.016963108,0.0171,0.9738,0.2116,0.997
10.018171224,0.0144,0.9736,0.2125,0.997
10.019400455,0.0137,0.9738,0.2140,0.997
10.020219108,0.0112,0.9738,0.2140,0.997
10.020900878,0.0120,0.9731,0.2145,0.997
10.021886685,0.0115,0.9738,0.2133,0.997
10.02273007,0.0105,0.9731,0.2125,0.996
10.023667455,0.0100,0.9721,0.2121,0.995
10.024502185,0.0095,0.9731,0.2125,0.996
10.026857416,0.0103,0.9719,0.2118,0.995
10.02823857,0.0103,0.9719,0.2113,0.995
10.029226532,0.0098,0.9716,0.2103,0.994
10.032559993,0.0098,0.9719,0.2103,0.994
10.033777762,0.0103,0.9738,0.2106,0.996
10.035435301,0.0115,0.9736,0.2099,0.996
10.037272185,0.0122,0.9738,0.2089,0.996
10.039229108,0.0137,0.9736,0.2089,0.996
10.04104957,0.0137,0.9731,0.2094,0.995
10.043336262,0.0122,0.9750,0.2091,0.997
10.045277724,0.0132,0.9770,0.2069,0.999
10.048197532,0.0144,0.9767,0.2062,0.998
10.049657108,0.0169,0.9758,0.2052,0.997
10.051136801,0.0178,0.9753,0.2040,0.997
10.052973493,0.0183,0.9745,0.2047,0.996
10.054956224,0.0173,0.9740,0.2042,0.995
10.056933262,0.0169,0.9733,0.2030,0.994
10.059129147,0.0181,0.9738,0.2018,0.995
10.06108307,0.0186,0.9733,0.2020,0.994
10.063070762,0.0181,0.9731,0.2023,0.994
10.065607378,0.0178,0.9726,0.2038,0.994
10.067171147,0.0181,0.9728,0.2023,0.994
10.068933031,0.0191,0.9726,0.2023,0.994
10.071027378,0.0210,0.9723,0.2023,0.993
10.072958916,0.0215,0.9719,0.2018,0.993
10.074772647,0.0213,0.9711,0.2025,0.992
10.076904031,0.0227,0.9699,0.2033,0.991
10.078948762,0.0232,0.9699,0.2028,0.991
10.088315801,0.0215,0.9701,0.2028,0.991
10.089709993,0.0213,0.9694,0.2038,0.991
10.090874031,0.0213,0.9692,0.2047,0.991
10.091980647,0.0217,0.9677,0.2040,0.989
10.09286357,0.0217,0.9684,0.2038,0.990
10.095299801,0.0220,0.9682,0.2045,0.990
10.096245839,0.0232,0.9682,0.2064,0.990
10.09772157,0.0225,0.9675,0.2074,0.990
10.099043801,0.0235,0.9675,0.2057,0.989
10.110293762,0.0239,0.9665,0.2057,0.988
10.111776185,0.0235,0.9660,0.2060,0.988
10.112581839,0.0213,0.9682,0.2064,0.990
10.113701262,0.0222,0.9682,0.2074,0.990
10.114960647,0.0205,0.9679,0.2067,0.990
10.116152147,0.0210,0.9699,0.2077,0.992
10.11735257,0.0200,0.9704,0.2086,0.993
10.118551608,0.0210,0.9687,0.2081,0.991
10.119472801,0.0203,0.9687,0.2086,0.991
10.120551878,0.0198,0.9697,0.2084,0.992
10.121431955,0.0203,0.9704,0.2079,0.993
10.122571493,0.0188,0.9706,0.2079,0.993
10.123514416,0.0171,0.9711,0.2086,0.993
10.124500031,0.0181,0.9721,0.2081,0.994
10.135112301,0.0193,0.9719,0.2081,0.994
10.136688224,0.0181,0.9733,0.2094,0.996
10.137882916,0.0176,0.9728,0.2096,0.995
10.13900857,0.0171,0.9728,0.2094,0.995
10.140190147,0.0154,0.9733,0.2074,0.995
10.144057339,0.0156,0.9738,0.2074,0.996
10.145096031,0.0169,0.9753,0.2064,0.997
10.146218724,0.0166,0.9760,0.2069,0.998
10.147366378,0.0156,0.9758,0.2057,0.997
10.14862757,0.0149,0.9753,0.2057,0.997
10.149893416,0.0144,0.9758,0.2052,0.997
10.151226416,0.0132,0.9770,0.2060,0.999
10.152504493,0.0134,0.9762,0.2081,0.998
10.153555762,0.0139,0.9772,0.2067,0.999
10.155170108,0.0147,0.9777,0.2052,0.999
10.156056839,0.0139,0.9767,0.2042,0.998
10.158642031,0.0134,0.9762,0.2033,0.997
10.159863878,0.0144,0.9775,0.2033,0.998
10.161609762,0.0134,0.9784,0.2030,0.999
10.164896147,0.0129,0.9780,0.2035,0.999
10.165788378,0.0137,0.9780,0.2040,0.999
10.167580993,0.0129,0.9792,0.2045,1.000
10.169531108,0.0137,0.9784,0.2042,1.000
10.171521647,0.0132,0.9780,0.2042,0.999
10.174061993,0.0120,0.9784,0.2030,0.999
10.175686339,0.0134,0.9775,0.2042,0.999
10.177417724,0.0129,0.9767,0.2042,0.998
10.179501339,0.0125,0.9772,0.2016,0.998
10.185578262,0.0127,0.9775,0.2018,0.998
10.186453685,0.0125,0.9780,0.2025,0.999
10.186887878,0.0122,0.9787,0.2030,1.000
10.187501762,0.0129,0.9787,0.2028,1.000
10.189476185,0.0122,0.9787,0.2040,1.000
10.191445262,0.0127,0.9767,0.2069,0.998
10.193235378,0.0122,0.9772,0.2055,0.999
10.195245031,0.0132,0.9775,0.2040,0.999
10.209445608,0.0132,0.9770,0.2038,0.998
10.210272224,0.0110,0.9765,0.2045,0.998
10.210744301,0.0137,0.9782,0.2047,0.999
10.211147224,0.0139,0.9787,0.2038,1.000
10.211571108,0.0132,0.9775,0.2030,0.998
10.211958993,0.0125,0.9772,0.2045,0.998
10.21234657,0.0132,0.9767,0.2050,0.998
10.212724416,0.0125,0.9767,0.2033,0.998
10.213114301,0.0132,0.9765,0.2035,0.998
10.220047147,0.0122,0.9760,0.2038,0.997
10.22093107,0.0139,0.9770,0.2023,0.998
10.221332339,0.0139,0.9762,0.2025,0.997
10.221902378,0.0139,0.9758,0.2023,0.997
10.223058724,0.0139,0.9755,0.2020,0.996
10.225180454,0.0144,0.9758,0.2035,0.997
10.227136224,0.0147,0.9753,0.2045,0.997
10.228928224,0.0149,0.9758,0.2030,0.997
10.23173007,0.0129,0.9745,0.2016,0.995
10.232886993,0.0129,0.9745,0.2033,0.996
10.235165108,0.0125,0.9745,0.2035,0.996
10.236654993,0.0139,0.9760,0.2020,0.997
10.239146224,0.0156,0.9758,0.2025,0.997
10.24071107,0.0156,0.9748,0.2018,0.996
10.242568493,0.0159,0.9750,0.2003,0.996
10.244766454,0.0154,0.9745,0.2006,0.995
10.24671907,0.0156,0.9755,0.2016,0.996
10.248856147,0.0161,0.9748,0.2013,0.995
10.250746416,0.0159,0.9745,0.2008,0.995
10.252743108,0.0181,0.9736,0.1996,0.994
10.254507185,0.0178,0.9736,0.1991,0.994
10.256944954,0.0181,0.9750,0.1994,0.995
10.258485224,0.0181,0.9748,0.1969,0.995
10.260834954,0.0183,0.9738,0.1972,0.994
10.262507224,0.0169,0.9745,0.1994,0.995
10.268848724,0.0188,0.9743,0.1994,0.995
10.269531262,0.0193,0.9743,0.2003,0.995
10.269880224,0.0176,0.9728,0.2018,0.994
10.270474185,0.0176,0.9721,0.2033,0.993
10.272578801,0.0149,0.9728,0.2045,0.994
10.27426657,0.0147,0.9738,0.2040,0.995
10.276343531,0.0137,0.9731,0.2028,0.994
10.279835954,0.0154,0.9740,0.2020,0.995
10.280417878,0.0164,0.9745,0.2006,0.995
10.294412377,0.0176,0.9738,0.1974,0.994
10.295879031,0.0191,0.9740,0.1952,0.994
10.297015647,0.0195,0.9740,0.1935,0.993
10.298015339,0.0195,0.9740,0.1893,0.992
10.299754916,0.0200,0.9750,0.1874,0.993
10.300834416,0.0198,0.9758,0.1862,0.994
10.301968724,0.0191,0.9748,0.1827,0.992
10.303030916,0.0181,0.9748,0.1820,0.992
10.303853147,0.0178,0.9767,0.1825,0.994
10.304613454,0.0181,0.9794,0.1849,0.997
10.305295031,0.0171,0.9802,0.1864,0.998
10.306143877,0.0149,0.9804,0.1901,0.999
10.307115993,0.0134,0.9809,0.1918,1.000
10.30804557,0.0142,0.9809,0.1954,1.000
10.310531877,0.0125,0.9814,0.1991,1.001
10.311966262,0.0120,0.9816,0.2008,1.002
10.313695954,0.0117,0.9811,0.2064,1.003
10.315803724,0.0120,0.9806,0.2101,1.003
10.317517608,0.0122,0.9816,0.2111,1.004
10.31967707,0.0115,0.9799,0.2135,1.003
10.321680377,0.0125,0.9799,0.2143,1.003
10.323620762,0.0134,0.9799,0.2172,1.004
10.325439454,0.0154,0.9797,0.2206,1.004
10.327506031,0.0169,0.9797,0.2221,1.005
10.329338377,0.0164,0.9787,0.2255,1.004
10.332508877,0.0169,0.9775,0.2274,1.004
10.333971762,0.0171,0.9753,0.2311,1.002
10.335996147,0.0176,0.9753,0.2336,1.003
10.337469377,0.0183,0.9745,0.2345,1.003
10.339541377,0.0181,0.9740,0.2365,1.003
10.34150657,0.0203,0.9711,0.2350,0.999
10.343736801,0.0220,0.9701,0.2343,0.998
10.345447262,0.0213,0.9704,0.2306,0.998
10.349690531,0.0200,0.9692,0.2292,0.996
10.351266685,0.0183,0.9657,0.2265,0.992
10.352663839,0.0186,0.9657,0.2223,0.991
10.353617954,0.0186,0.9648,0.2206,0.990
10.355478416,0.0195,0.9635,0.2133,0.987
10.357085839,0.0186,0.9621,0.2091,0.985
10.359311416,0.0191,0.9626,0.2018,0.984
10.361198224,0.0166,0.9623,0.1945,0.982
10.363373493,0.0156,0.9626,0.1906,0.981
10.366049647,0.0169,0.9635,0.1840,0.981
10.367927108,0.0156,0.9655,0.1776,0.982
10.369145531,0.0149,0.9660,0.1761,0.982
10.370999108,0.0137,0.9682,0.1730,0.984
10.372963301,0.0120,0.9699,0.1710,0.985
10.374991031,0.0122,0.9719,0.1691,0.987
10.376772339,0.0115,0.9721,0.1688,0.987
10.378948531,0.0110,0.9738,0.1676,0.988
10.388819377,0.0112,0.9780,0.1666,0.992
10.390247877,0.0132,0.9804,0.1683,0.995
10.391385647,0.0142,0.9804,0.1683,0.995
10.392496031,0.0142,0.9806,0.1700,0.995
10.393579762,0.0142,0.9806,0.1713,0.996
10.395245839,0.0137,0.9811,0.1737,0.996
10.3960688,0.0156,0.9858,0.1766,1.002
10.397086647,0.0166,0.9848,0.1786,1.001
10.398659339,0.0181,0.9833,0.1825,1.000
10.411490993,0.0178,0.9831,0.1852,1.001
10.412939493,0.0176,0.9838,0.1920,1.003
10.414039647,0.0166,0.9836,0.1976,1.003
10.41514307,0.0156,0.9833,0.2013,1.004
10.416182454,0.0142,0.9819,0.2077,1.004
10.417116224,0.0120,0.9809,0.2130,1.004
10.418127416,0.0107,0.9799,0.2167,1.004
10.419167916,0.0071,0.9767,0.2238,1.002
10.420083339,0.0056,0.9767,0.2270,1.003
10.420974339,0.0049,0.9738,0.2309,1.001
10.421771724,0.0054,0.9745,0.2343,1.002
10.422767954,0.0056,0.9731,0.2353,1.001
10.423412839,0.0039,0.9706,0.2372,0.999
10.42567857,0.0051,0.9704,0.2387,0.999
10.427145877,0.0056,0.9694,0.2389,0.998
10.4282398,0.0068,0.9684,0.2387,0.997
10.430290762,0.0071,0.9682,0.2375,0.997
10.434005954,0.0078,0.9670,0.2375,0.996
10.435541224,0.0090,0.9670,0.2358,0.995
10.436580339,0.0100,0.9672,0.2348,0.995
10.437868108,0.0117,0.9687,0.2321,0.996
10.440084454,0.0127,0.9687,0.2304,0.996
10.4420783,0.0142,0.9692,0.2267,0.995
10.443945993,0.0147,0.9701,0.2238,0.996
10.445908108,0.0147,0.9711,0.2228,0.996
10.448903647,0.0169,0.9728,0.2182,0.997
10.450322608,0.0186,0.9728,0.2135,0.996
10.451934339,0.0200,0.9731,0.2116,0.996
10.459421224,0.0205,0.9753,0.2072,0.997
10.4603168,0.0215,0.9762,0.2040,0.998
10.460992147,0.0235,0.9782,0.2013,0.999
10.461910531,0.0237,0.9767,0.1979,0.997
10.462880608,0.0242,0.9755,0.1962,0.995
10.4640773,0.0247,0.9748,0.1923,0.994
10.466918224,0.0247,0.9745,0.1903,0.993
10.468268416,0.0249,0.9743,0.1864,0.992
10.46997957,0.0264,0.9736,0.1857,0.991
10.4715348,0.0269,0.9738,0.1852,0.992
10.473434262,0.0276,0.9738,0.1845,0.992
10.475364224,0.0283,0.9733,0.1820,0.991
10.4773878,0.0283,0.9738,0.1818,0.991
10.479496108,0.0261,0.9733,0.1832,0.991
10.49057107,0.0264,0.9728,0.1840,0.990
10.492077493,0.0269,0.9728,0.1845,0.991
10.492982916,0.0257,0.9731,0.1874,0.991
10.49400507,0.0254,0.9728,0.1886,0.991
10.495750262,0.0244,0.9738,0.1915,0.993
10.497344339,0.0217,0.9721,0.1952,0.992
10.498204954,0.0213,0.9719,0.1969,0.992
10.499351877,0.0200,0.9748,0.2018,0.996
10.5002773,0.0188,0.9758,0.2035,0.997
10.501272839,0.0178,0.9765,0.2042,0.998
10.502087723,0.0151,0.9775,0.2064,0.999
10.52597407,0.0154,0.9772,0.2084,0.999
10.527517339,0.0122,0.9782,0.2116,1.001
10.528392993,0.0103,0.9797,0.2133,1.003
10.52913107,0.0095,0.9794,0.2130,1.002
10.529866108,0.0078,0.9789,0.2143,1.002
10.530958916,0.0076,0.9789,0.2150,1.002
10.531917531,0.0066,0.9797,0.2152,1.003
10.533295993,0.0042,0.9802,0.2128,1.003
10.534118339,0.0022,0.9804,0.2128,1.003
10.535091339,0.0010,0.9824,0.2121,1.005
10.535740916,-0.0012,0.9819,0.2096,1.004
10.536396031,-0.0022,0.9806,0.2081,1.002
10.537175647,-0.0042,0.9792,0.2062,1.001
10.538028531,-0.0056,0.9789,0.2067,1.001
10.538999147,-0.0066,0.9794,0.2050,1.001
10.539643262,-0.0076,0.9799,0.2025,1.001
10.540379608,-0.0081,0.9804,0.2033,1.001
10.541155262,-0.0090,0.9792,0.2016,1.000
10.541805147,-0.0095,0.9787,0.2018,0.999
10.542581531,-0.0107,0.9794,0.1998,1.000
10.5433683,-0.0107,0.9794,0.1974,0.999
10.54572257,-0.0103,0.9784,0.1962,0.998
10.547336147,-0.0105,0.9794,0.1964,0.999
10.549061839,-0.0117,0.9782,0.1947,0.997
10.554112185,-0.0120,0.9782,0.1942,0.997
10.555783185,-0.0115,0.9770,0.1940,0.996
10.556967031,-0.0105,0.9760,0.1930,0.995
10.557992493,-0.0093,0.9760,0.1923,0.995
10.559037377,-0.0095,0.9765,0.1918,0.995
10.560714108,-0.0088,0.9760,0.1918,0.995
10.562589839,-0.0051,0.9760,0.1925,0.995
10.5724373,-0.0027,0.9760,0.1950,0.995
10.572987493,-0.0017,0.9762,0.1947,0.995
10.573225493,0.0005,0.9750,0.1957,0.994
10.573470531,0.0017,0.9753,0.1957,0.995
10.57370807,0.0034,0.9748,0.1945,0.994
10.574238031,0.0073,0.9760,0.1950,0.995
10.57637157,0.0086,0.9762,0.1950,0.996
10.5780193,0.0103,0.9762,0.1937,0.995
10.58036557,0.0100,0.9767,0.1940,0.996
10.5923638,0.0122,0.9762,0.1947,0.996
10.5929453,0.0166,0.9753,0.1957,0.995
10.59319157,0.0176,0.9750,0.1952,0.995
10.593421377,0.0203,0.9750,0.1947,0.994
10.593659531,0.0208,0.9753,0.1930,0.994
10.593892185,0.0198,0.9758,0.1928,0.995
10.594110723,0.0205,0.9760,0.1942,0.995
10.596057223,0.0210,0.9755,0.1942,0.995
10.599456839,0.0208,0.9743,0.1959,0.994
10.599902185,0.0213,0.9740,0.1950,0.994
10.60186057,0.0227,0.9740,0.1945,0.994
10.603771954,0.0215,0.9745,0.1940,0.994
10.606763839,0.0230,0.9753,0.1957,0.995
10.607981839,0.0232,0.9736,0.1952,0.993
10.609959531,0.0252,0.9711,0.1947,0.991
10.611893146,0.0266,0.9706,0.1964,0.991
10.613694108,0.0296,0.9714,0.1981,0.992
10.615680993,0.0305,0.9723,0.1969,0.993
10.617791685,0.0293,0.9714,0.1976,0.992
10.619768723,0.0308,0.9687,0.1996,0.990
10.621537416,0.0318,0.9684,0.1989,0.989
10.62372657,0.0320,0.9677,0.1994,0.989
10.625638877,0.0325,0.9667,0.2018,0.988
10.627890223,0.0325,0.9670,0.2038,0.989
10.629459185,0.0313,0.9662,0.2028,0.988
10.632164646,0.0325,0.9662,0.2052,0.988
10.63334557,0.0318,0.9665,0.2064,0.989
10.635679877,0.0340,0.9670,0.2089,0.990
10.637432993,0.0337,0.9657,0.2089,0.989
10.639619877,0.0335,0.9662,0.2094,0.989
10.641460493,0.0327,0.9657,0.2111,0.989
10.643373531,0.0315,0.9648,0.2106,0.988
10.645318762,0.0308,0.9628,0.2099,0.986
10.6476413,0.0298,0.9609,0.2094,0.984
10.651664723,0.0310,0.9611,0.2086,0.984
10.652484531,0.0303,0.9631,0.2094,0.986
10.653377185,0.0305,0.9626,0.2096,0.986
10.655529185,0.0303,0.9640,0.2096,0.987
10.657276223,0.0291,0.9643,0.2079,0.987
10.6594738,0.0298,0.9638,0.2069,0.986
10.661342877,0.0281,0.9635,0.2064,0.986
10.663464723,0.0283,0.9645,0.2047,0.986
10.6722513,0.0269,0.9643,0.2055,0.986
10.673498993,0.0269,0.9635,0.2047,0.985
10.67433707,0.0276,0.9640,0.2030,0.986
10.675371146,0.0254,0.9650,0.2018,0.986
10.676265454,0.0254,0.9653,0.1986,0.986
10.677195377,0.0252,0.9650,0.1984,0.986
10.677951762,0.0249,0.9677,0.1962,0.988
10.679510993,0.0252,0.9684,0.1954,0.988
10.6944933,0.0257,0.9697,0.1942,0.989
10.695961762,0.0259,0.9711,0.1928,0.990
10.697087762,0.0257,0.9716,0.1935,0.991
10.698171685,0.0269,0.9721,0.1932,0.991
10.699437839,0.0244,0.9736,0.1910,0.992
10.700558993,0.0244,0.9748,0.1908,0.994
10.701675993,0.0235,0.9772,0.1896,0.996
10.702833339,0.0239,0.9780,0.1888,0.996
10.703640339,0.0237,0.9777,0.1876,0.996
10.704281954,0.0235,0.9794,0.1867,0.997
10.705188531,0.0227,0.9797,0.1867,0.998
10.705878762,0.0237,0.9784,0.1876,0.997
10.707043916,0.0227,0.9806,0.1864,0.998
10.707806031,0.0230,0.9814,0.1857,0.999
10.709998531,0.0215,0.9804,0.1859,0.998
10.711394608,0.0215,0.9811,0.1847,0.999
10.712762339,0.0227,0.9811,0.1871,0.999
10.717533839,0.0220,0.9814,0.1864,0.999
10.719143416,0.0222,0.9826,0.1857,1.000
10.720203916,0.0220,0.9828,0.1871,1.001
10.721133954,0.0205,0.9833,0.1879,1.001
10.722521416,0.0183,0.9833,0.1876,1.001
10.724541993,0.0186,0.9811,0.1888,0.999
10.7265718,0.0183,0.9811,0.1881,0.999
10.728484762,0.0181,0.9814,0.1879,0.999
10.730584685,0.0176,0.9816,0.1874,1.000
10.733399916,0.0181,0.9814,0.1891,1.000
10.734947108,0.0166,0.9814,0.1876,0.999
10.736518916,0.0149,0.9814,0.1891,1.000
10.738299723,0.0132,0.9831,0.1908,1.002
10.740299723,0.0154,0.9824,0.1910,1.001
10.742187031,0.0149,0.9826,0.1903,1.001
10.744442646,0.0156,0.9816,0.1918,1.000
10.746331762,0.0151,0.9811,0.1925,1.000
10.749628916,0.0147,0.9802,0.1935,0.999
10.751307262,0.0122,0.9802,0.1954,1.000
10.752474531,0.0120,0.9792,0.1954,0.999
10.7541863,0.0142,0.9787,0.1959,0.998
10.756074993,0.0144,0.9777,0.1954,0.997
10.758062416,0.0142,0.9777,0.1954,0.997
10.760192031,0.0129,0.9772,0.1962,0.997
10.761990916,0.0134,0.9784,0.1991,0.999
10.764039877,0.0117,0.9792,0.2008,1.000
10.767273685,0.0122,0.9775,0.1994,0.998
10.768909223,0.0127,0.9767,0.2003,0.997
10.770072339,0.0122,0.9760,0.1998,0.996
10.771862685,0.0129,0.9755,0.2001,0.996
10.774210877,0.0129,0.9762,0.2003,0.997
10.775965531,0.0134,0.9748,0.1994,0.995
10.777977993,0.0112,0.9748,0.1996,0.995
10.779944569,0.0117,0.9733,0.2011,0.994
10.789748262,0.0137,0.9748,0.2023,0.996
10.791267377,0.0137,0.9740,0.2030,0.995
10.792279723,0.0127,0.9743,0.2023,0.995
10.793432146,0.0117,0.9743,0.2038,0.995
10.794515993,0.0125,0.9733,0.2042,0.995
10.795448146,0.0142,0.9728,0.2040,0.994
10.796249762,0.0142,0.9736,0.2035,0.995
10.796958223,0.0117,0.9731,0.2047,0.994
10.798020608,0.0110,0.9743,0.2072,0.996
10.8124483,0.0122,0.9745,0.2064,0.996
10.813025993,0.0115,0.9733,0.2062,0.995
10.813275569,0.0107,0.9743,0.2057,0.996
10.8135003,0.0117,0.9743,0.2045,0.996
10.813724839,0.0112,0.9736,0.2052,0.995
10.813954646,0.0110,0.9743,0.2047,0.996
10.8141823,0.0122,0.9760,0.2038,0.997
10.814473569,0.0125,0.9755,0.2025,0.996
10.820904569,0.0127,0.9748,0.2030,0.996
10.821451646,0.0122,0.9753,0.2035,0.996
10.821700069,0.0107,0.9762,0.2042,0.997
10.821945262,0.0122,0.9758,0.2035,0.997
10.823075646,0.0127,0.9767,0.2006,0.997
10.825085608,0.0134,0.9782,0.1996,0.998
10.8270218,0.0110,0.9772,0.1989,0.997
10.8289888,0.0125,0.9770,0.1979,0.997
10.831180031,0.0122,0.9784,0.1979,0.998
10.833725877,0.0115,0.9794,0.1967,0.999
10.835291031,0.0115,0.9802,0.1969,1.000
10.837100223,0.0120,0.9797,0.1969,0.999
10.839214877,0.0112,0.9789,0.1996,0.999
10.841173569,0.0107,0.9799,0.2006,1.000
10.842920492,0.0117,0.9797,0.1998,1.000
10.844988916,0.0083,0.9784,0.2018,0.999
10.846934185,0.0081,0.9777,0.2008,0.998
10.849565839,0.0103,0.9777,0.1981,0.998
10.850809223,0.0115,0.9782,0.1969,0.998
10.853382839,0.0125,0.9775,0.1952,0.997
10.855063531,0.0144,0.9770,0.1920,0.996
10.856756723,0.0159,0.9760,0.1901,0.994
10.858741416,0.0169,0.9767,0.1867,0.995
10.860690069,0.0173,0.9772,0.1859,0.995
10.862807031,0.0173,0.9758,0.1835,0.993
10.866209608,0.0173,0.9745,0.1823,0.992
10.867379262,0.0169,0.9748,0.1825,0.992
10.869842339,0.0178,0.9753,0.1832,0.992
10.870964762,0.0164,0.9762,0.1815,0.993
10.872679685,0.0166,0.9767,0.1820,0.994
10.874671069,0.0161,0.9758,0.1854,0.993
10.876607608,0.0154,0.9767,0.1864,0.994
10.878539569,0.0137,0.9772,0.1915,0.996
10.880303492,0.0117,0.9758,0.1976,0.996
10.882545646,0.0122,0.9755,0.2006,0.996
10.890848416,0.0115,0.9775,0.2047,0.999
10.892422262,0.0125,0.9782,0.2069,1.000
10.893401877,0.0134,0.9775,0.2099,1.000
10.894611185,0.0134,0.9765,0.2152,1.000
10.895579954,0.0144,0.9762,0.2179,1.000
10.896578839,0.0161,0.9770,0.2228,1.002
10.897488839,0.0159,0.9745,0.2257,1.000
10.898733454,0.0159,0.9731,0.2284,1.000
10.912990877,0.0154,0.9721,0.2331,1.000
10.914580262,0.0154,0.9714,0.2345,0.999
10.915807723,0.0181,0.9711,0.2392,1.000
10.917011916,0.0193,0.9701,0.2409,1.000
10.918847685,0.0193,0.9697,0.2411,0.999
10.919942608,0.0198,0.9679,0.2441,0.998
10.921001031,0.0200,0.9687,0.2443,0.999
10.922170262,0.0203,0.9679,0.2438,0.998
10.923082416,0.0205,0.9660,0.2426,0.996
10.923831723,0.0193,0.9645,0.2416,0.995
10.9246678,0.0203,0.9660,0.2399,0.996
10.9253833,0.0215,0.9638,0.2360,0.992
10.926434569,0.0210,0.9626,0.2323,0.990
10.927201069,0.0210,0.9621,0.2267,0.989
10.928076262,0.0210,0.9631,0.2231,0.989
10.930728415,0.0208,0.9633,0.2162,0.987
10.9322718,0.0191,0.9633,0.2086,0.986
10.933886339,0.0176,0.9631,0.2038,0.985
10.936121839,0.0161,0.9660,0.1962,0.986
10.937903723,0.0154,0.9675,0.1901,0.986
10.939853223,0.0144,0.9687,0.1869,0.987
10.941623608,0.0127,0.9719,0.1820,0.989
10.943782262,0.0117,0.9743,0.1783,0.991
10.945730723,0.0120,0.9753,0.1752,0.991
10.947801608,0.0120,0.9782,0.1710,0.993
10.950765377,0.0117,0.9797,0.1703,0.994
10.952789646,0.0120,0.9794,0.1700,0.994
10.953928262,0.0132,0.9792,0.1693,0.994
10.955553723,0.0132,0.9821,0.1686,0.997
10.957512262,0.0134,0.9833,0.1661,0.997
10.959601377,0.0142,0.9841,0.1659,0.998
10.961332954,0.0149,0.9853,0.1678,1.000
10.963518185,0.0159,0.9843,0.1700,0.999
10.966573108,0.0149,0.9841,0.1722,0.999
10.969392185,0.0154,0.9843,0.1749,1.000
10.9708753,0.0151,0.9843,0.1766,1.000
10.971906569,0.0144,0.9848,0.1798,1.001
10.974007262,0.0132,0.9848,0.1862,1.002
10.975483185,0.0112,0.9846,0.1886,1.003
10.9773273,0.0081,0.9819,0.1937,1.001
10.979390839,0.0054,0.9794,0.1994,1.000
10.981237146,0.0046,0.9792,0.2023,1.000
10.990620108,0.0007,0.9794,0.2091,1.002
10.991472608,-0.0017,0.9797,0.2118,1.002
10.991899877,-0.0066,0.9784,0.2169,1.002
10.992315646,-0.0086,0.9765,0.2228,1.002
10.992736646,-0.0093,0.9748,0.2262,1.001
10.993142915,-0.0122,0.9736,0.2309,1.001
10.995783339,-0.0134,0.9704,0.2328,0.998
10.9970913,-0.0134,0.9704,0.2345,0.998
11.011515646,-0.0132,0.9692,0.2382,0.998
11.013046685,-0.0134,0.9679,0.2382,0.997
11.014081262,-0.0132,0.9677,0.2355,0.996
11.015523454,-0.0100,0.9670,0.2370,0.996
11.016786608,-0.0098,0.9667,0.2377,0.996
11.018301146,-0.0093,0.9653,0.2358,0.994
11.019564531,-0.0081,0.9657,0.2350,0.994
11.020485646,-0.0064,0.9650,0.2336,0.993
11.0214923,-0.0024,0.9672,0.2299,0.994
11.022491723,-0.0020,0.9675,0.2289,0.994
11.023539454,0.0005,0.9677,0.2274,0.994
11.024347608,0.0027,0.9679,0.2238,0.993
11.025308185,0.0042,0.9687,0.2211,0.994
11.026239877,0.0064,0.9677,0.2172,0.992
11.027432339,0.0066,0.9672,0.2147,0.991
11.0300068,0.0093,0.9684,0.2111,0.991
11.031747108,0.0132,0.9689,0.2077,0.991
11.032884185,0.0149,0.9697,0.2062,0.991
11.037828223,0.0154,0.9701,0.2020,0.991
11.038468608,0.0164,0.9706,0.1981,0.991
11.038738992,0.0186,0.9714,0.1976,0.991
11.040618492,0.0210,0.9728,0.1945,0.992
11.042419838,0.0215,0.9721,0.1935,0.991
11.0444683,0.0244,0.9711,0.1935,0.991
11.046463223,0.0227,0.9704,0.1940,0.990
11.048517031,0.0235,0.9701,0.1932,0.989
11.050612146,0.0235,0.9721,0.1932,0.991
11.052395685,0.0247,0.9711,0.1910,0.990
11.054275838,0.0252,0.9716,0.1910,0.991
11.056290377,0.0264,0.9719,0.1945,0.991
11.058142569,0.0254,0.9719,0.1952,0.992
11.060513838,0.0242,0.9714,0.1952,0.991
11.062486646,0.0235,0.9723,0.1962,0.992
11.064418377,0.0244,0.9716,0.1979,0.992
11.071539838,0.0232,0.9731,0.2003,0.994
11.072335146,0.0227,0.9738,0.2018,0.995
11.0727343,0.0222,0.9736,0.2057,0.995
11.073103108,0.0215,0.9745,0.2069,0.996
11.079373685,0.0203,0.9755,0.2079,0.998
11.080279531,0.0205,0.9755,0.2079,0.998
11.080589108,0.0198,0.9782,0.2103,1.001
11.096443954,0.0200,0.9784,0.2113,1.001
11.097017646,0.0181,0.9792,0.2123,1.002
11.097272492,0.0173,0.9797,0.2140,1.003
11.097521531,0.0151,0.9782,0.2140,1.001
11.097749531,0.0156,0.9799,0.2133,1.003
11.097976492,0.0149,0.9802,0.2135,1.003
11.098389608,0.0120,0.9799,0.2138,1.003
11.099048608,0.0112,0.9797,0.2152,1.003
11.099281338,0.0110,0.9804,0.2150,1.004
11.099508954,0.0098,0.9814,0.2140,1.004
11.106544954,0.0088,0.9809,0.2147,1.004
11.107019646,0.0064,0.9809,0.2108,1.003
11.1072668,0.0056,0.9792,0.2084,1.001
11.107504569,0.0059,0.9797,0.2074,1.001
11.107735569,0.0042,0.9780,0.2064,1.000
11.1097908,0.0024,0.9787,0.2057,1.000
11.111859569,0.0024,0.9794,0.2045,1.001
11.113548108,0.0024,0.9809,0.2030,1.002
11.116511723,0.0017,0.9809,0.2030,1.002
11.117529762,0.0039,0.9799,0.2020,1.001
11.119494069,0.0046,0.9787,0.2011,0.999
11.1213108,0.0039,0.9787,0.1998,0.999
11.123828338,0.0032,0.9777,0.2003,0.998
11.125589262,0.0032,0.9767,0.1994,0.997
11.127844262,0.0029,0.9777,0.1981,0.998
11.1293203,0.0059,0.9780,0.1991,0.998
11.131590223,0.0061,0.9762,0.1994,0.996
11.133651223,0.0073,0.9755,0.1984,0.996
11.1354218,0.0081,0.9748,0.1981,0.995
11.137303838,0.0083,0.9743,0.1986,0.994
11.139146031,0.0112,0.9743,0.1996,0.995
11.141136377,0.0115,0.9745,0.2020,0.995
11.143363454,0.0132,0.9738,0.2040,0.995
11.145141069,0.0156,0.9753,0.2045,0.997
11.147577723,0.0166,0.9758,0.2052,0.997
11.150285454,0.0159,0.9762,0.2067,0.998
11.151065185,0.0171,0.9762,0.2074,0.998
11.153037531,0.0208,0.9731,0.2091,0.996
11.155069415,0.0230,0.9736,0.2094,0.996
11.157088954,0.0235,0.9736,0.2096,0.996
11.159022685,0.0225,0.9719,0.2103,0.995
11.161263261,0.0225,0.9701,0.2116,0.993
11.163187954,0.0227,0.9706,0.2125,0.994
11.164829915,0.0239,0.9711,0.2135,0.995
11.168046915,0.0239,0.9714,0.2143,0.995
11.169577261,0.0227,0.9704,0.2143,0.994
11.171731954,0.0232,0.9689,0.2143,0.993
11.173117069,0.0215,0.9692,0.2155,0.993
11.174949723,0.0208,0.9692,0.2147,0.993
11.176805185,0.0208,0.9684,0.2145,0.992
11.178961877,0.0220,0.9692,0.2155,0.993
11.180827646,0.0225,0.9692,0.2152,0.993
11.191091877,0.0225,0.9689,0.2160,0.993
11.192606723,0.0220,0.9684,0.2162,0.993
11.193534954,0.0222,0.9694,0.2165,0.994
11.194666685,0.0227,0.9692,0.2177,0.994
11.195862223,0.0215,0.9699,0.2174,0.994
11.196914761,0.0198,0.9689,0.2179,0.993
11.197992646,0.0200,0.9687,0.2169,0.993
11.200729185,0.0217,0.9704,0.2179,0.995
11.201980838,0.0222,0.9711,0.2172,0.995
11.203349223,0.0230,0.9714,0.2162,0.995
11.204535492,0.0220,0.9699,0.2152,0.994
11.205579031,0.0227,0.9692,0.2157,0.993
11.215409723,0.0237,0.9689,0.2187,0.994
11.216151992,0.0235,0.9689,0.2194,0.994
11.216610531,0.0237,0.9704,0.2189,0.995
11.217031146,0.0227,0.9697,0.2189,0.994
11.217420338,0.0220,0.9704,0.2182,0.995
11.217825531,0.0227,0.9694,0.2189,0.994
11.218231492,0.0230,0.9687,0.2187,0.993
11.220229608,0.0230,0.9689,0.2191,0.994
11.222248338,0.0217,0.9701,0.2169,0.994
11.2243383,0.0213,0.9699,0.2169,0.994
11.226127185,0.0230,0.9689,0.2169,0.993
11.228233761,0.0232,0.9689,0.2162,0.993
11.230259185,0.0215,0.9687,0.2162,0.993
11.232466646,0.0203,0.9689,0.2167,0.993
11.234735838,0.0205,0.9692,0.2187,0.994
11.235867223,0.0205,0.9692,0.2162,0.993
11.237954223,0.0193,0.9694,0.2167,0.994
11.240400646,0.0181,0.9697,0.2157,0.994
11.241902338,0.0188,0.9694,0.2150,0.993
11.244384492,0.0173,0.9709,0.2155,0.995
11.245755531,0.0178,0.9706,0.2160,0.995
11.2480808,0.0156,0.9711,0.2140,0.995
11.251075492,0.0151,0.9706,0.2138,0.994
11.253340723,0.0142,0.9699,0.2103,0.993
11.254509454,0.0137,0.9709,0.2099,0.993
11.255975877,0.0137,0.9709,0.2091,0.993
11.257905877,0.0132,0.9719,0.2067,0.994
11.259872569,0.0134,0.9736,0.2057,0.995
11.261696454,0.0129,0.9740,0.2052,0.996
11.264091646,0.0110,0.9736,0.2025,0.994
11.265932723,0.0120,0.9745,0.2023,0.995
11.268891492,0.0105,0.9760,0.2018,0.997
11.2704508,0.0081,0.9750,0.2011,0.996
11.271907915,0.0081,0.9753,0.2013,0.996
11.273497569,0.0078,0.9782,0.2001,0.998
11.275759915,0.0083,0.9784,0.1986,0.998
11.277399569,0.0083,0.9792,0.1969,0.999
11.279499184,0.0078,0.9804,0.1950,1.000
11.281317146,0.0071,0.9816,0.1940,1.001
11.290856569,0.0078,0.9811,0.1937,1.000
11.292351223,0.0044,0.9806,0.1942,1.000
11.293584761,0.0051,0.9811,0.1937,1.000
11.294863877,0.0078,0.9819,0.1937,1.001
11.2958603,0.0073,0.9814,0.1930,1.000
11.296636646,0.0076,0.9819,0.1918,1.000
11.297522261,0.0088,0.9814,0.1915,1.000
11.298639338,0.0083,0.9816,0.1908,1.000
11.299438569,0.0083,0.9806,0.1928,0.999
11.310921723,0.0078,0.9814,0.1937,1.000
11.311686954,0.0081,0.9802,0.1923,0.999
11.312108223,0.0105,0.9792,0.1932,0.998
11.312533184,0.0095,0.9780,0.1932,0.997
11.312941223,0.0088,0.9772,0.1945,0.996
11.313347415,0.0083,0.9777,0.1959,0.997
11.313769569,0.0078,0.9775,0.1969,0.997
11.315232377,0.0095,0.9762,0.2003,0.997
11.318573684,0.0105,0.9748,0.2016,0.995
11.319298108,0.0122,0.9736,0.2033,0.995
11.321150377,0.0122,0.9728,0.2055,0.994
11.323172492,0.0129,0.9731,0.2047,0.994
11.324902261,0.0137,0.9714,0.2069,0.993
11.326985184,0.0156,0.9709,0.2091,0.993
11.328889377,0.0169,0.9709,0.2099,0.993
11.330984608,0.0154,0.9728,0.2094,0.995
11.334179915,0.0147,0.9721,0.2103,0.995
11.335727992,0.0134,0.9711,0.2135,0.994
11.336970454,0.0164,0.9706,0.2128,0.994
11.338915954,0.0164,0.9694,0.2130,0.993
11.3406568,0.0139,0.9687,0.2162,0.993
11.342738915,0.0129,0.9687,0.2172,0.993
11.344706492,0.0142,0.9689,0.2172,0.993
11.3466378,0.0151,0.9687,0.2184,0.993
11.348593184,0.0161,0.9689,0.2187,0.993
11.351742108,0.0156,0.9687,0.2179,0.993
11.353421069,0.0159,0.9689,0.2189,0.993
11.3558888,0.0164,0.9692,0.2189,0.994
11.357046607,0.0151,0.9684,0.2213,0.994
11.358565723,0.0147,0.9687,0.2206,0.994
11.360503761,0.0147,0.9677,0.2199,0.992
11.3623513,0.0151,0.9677,0.2204,0.993
11.364454146,0.0147,0.9684,0.2206,0.993
11.368020338,0.0147,0.9689,0.2211,0.994
11.369514377,0.0144,0.9697,0.2204,0.994
11.370847723,0.0151,0.9704,0.2191,0.995
11.372432261,0.0159,0.9704,0.2187,0.995
11.374603031,0.0164,0.9704,0.2189,0.995
11.376548684,0.0151,0.9714,0.2187,0.996
11.378590338,0.0144,0.9723,0.2162,0.996
11.380509338,0.0144,0.9728,0.2162,0.997
11.382446454,0.0154,0.9726,0.2143,0.996
11.391856684,0.0169,0.9731,0.2145,0.997
11.393443146,0.0161,0.9748,0.2128,0.998
11.394446377,0.0139,0.9750,0.2099,0.997
11.3953368,0.0147,0.9765,0.2079,0.998
11.3964098,0.0154,0.9777,0.2057,0.999
11.398274184,0.0142,0.9780,0.2050,0.999
11.399356915,0.0142,0.9784,0.2028,0.999
11.400415069,0.0132,0.9792,0.2038,1.000
11.413730184,0.0129,0.9787,0.2050,1.000
11.415300569,0.0134,0.9792,0.2060,1.001
11.416450492,0.0117,0.9789,0.2079,1.001
11.417449454,0.0115,0.9792,0.2081,1.001
11.419249607,0.0110,0.9789,0.2081,1.001
11.420324031,0.0112,0.9777,0.2050,0.999
11.421390261,0.0110,0.9784,0.2050,1.000
11.422610838,0.0105,0.9789,0.2045,1.000
11.423651877,0.0103,0.9792,0.2033,1.000
11.424417031,0.0112,0.9799,0.1981,1.000
11.425127492,0.0132,0.9799,0.1969,1.000
11.426232146,0.0139,0.9802,0.1947,0.999
11.427402531,0.0144,0.9802,0.1901,0.999
11.428341607,0.0159,0.9794,0.1862,0.997
11.431235377,0.0159,0.9792,0.1852,0.997
11.433057646,0.0132,0.9792,0.1820,0.996
11.4342928,0.0127,0.9794,0.1818,0.996
11.435737069,0.0122,0.9794,0.1830,0.996
11.439697992,0.0112,0.9804,0.1852,0.998
11.440580492,0.0093,0.9799,0.1862,0.997
11.441008954,0.0081,0.9816,0.1910,1.000
11.4423143,0.0073,0.9811,0.1925,1.000
11.443187184,0.0068,0.9804,0.1932,0.999
11.445115454,0.0078,0.9811,0.1984,1.001
11.447388915,0.0068,0.9814,0.1994,1.001
11.449127915,0.0061,0.9797,0.2023,1.000
11.451499377,0.0059,0.9799,0.2042,1.001
11.453115415,0.0068,0.9804,0.2074,1.002
11.4552583,0.0076,0.9782,0.2099,1.000
11.456898377,0.0078,0.9777,0.2113,1.000
11.459183684,0.0078,0.9784,0.2155,1.002
11.4611308,0.0078,0.9758,0.2199,1.000
11.4629063,0.0086,0.9755,0.2221,1.001
11.465159877,0.0090,0.9738,0.2272,1.000
11.468079492,0.0105,0.9731,0.2299,1.000
11.468854454,0.0088,0.9731,0.2301,1.000
11.470894607,0.0110,0.9726,0.2314,1.000
11.472977069,0.0120,0.9721,0.2336,1.000
11.4754468,0.0132,0.9704,0.2367,0.999
11.47686703,0.0134,0.9699,0.2372,0.999
11.478948877,0.0169,0.9682,0.2387,0.997
11.481051761,0.0169,0.9675,0.2367,0.996
11.482809338,0.0159,0.9665,0.2362,0.995
11.492421838,0.0149,0.9667,0.2338,0.995
11.493963415,0.0147,0.9660,0.2299,0.993
11.495248877,0.0149,0.9648,0.2282,0.991
11.496254184,0.0144,0.9633,0.2221,0.989
11.497324992,0.0134,0.9631,0.2182,0.988
11.498327069,0.0129,0.9623,0.2123,0.986
11.499340646,0.0125,0.9609,0.2067,0.983
11.500394261,0.0117,0.9633,0.2038,0.985
11.501713069,0.0090,0.9650,0.1964,0.985
11.5030013,0.0066,0.9653,0.1942,0.985
11.514840338,0.0068,0.9660,0.1903,0.985
11.516408223,0.0076,0.9684,0.1859,0.986
11.51723203,0.0086,0.9689,0.1849,0.986
11.518449338,0.0088,0.9706,0.1825,0.988
11.519463915,0.0054,0.9723,0.1786,0.989
11.520612377,0.0054,0.9726,0.1786,0.989
11.521648377,0.0076,0.9753,0.1788,0.992
11.52258603,0.0095,0.9750,0.1769,0.991
11.523357684,0.0103,0.9775,0.1774,0.993
11.524160415,0.0122,0.9792,0.1776,0.995
11.524955761,0.0117,0.9780,0.1774,0.994
11.528007261,0.0127,0.9797,0.1808,0.996
11.529477184,0.0149,0.9789,0.1818,0.996
11.530585454,0.0166,0.9809,0.1832,0.998
11.532194184,0.0171,0.9821,0.1869,1.000
11.536151146,0.0186,0.9819,0.1884,1.000
11.53807753,0.0210,0.9811,0.1918,1.000
11.539579415,0.0213,0.9816,0.1947,1.001
11.540584454,0.0203,0.9824,0.1969,1.002
11.541753146,0.0183,0.9833,0.2030,1.004
11.543836723,0.0171,0.9824,0.2101,1.005
11.545679607,0.0161,0.9824,0.2130,1.005
11.547883838,0.0127,0.9816,0.2201,1.006
11.550794954,0.0105,0.9821,0.2213,1.007
11.551941184,0.0083,0.9809,0.2262,1.007
11.553759415,0.0054,0.9799,0.2314,1.007
11.555733492,0.0059,0.9794,0.2333,1.007
11.557762415,0.0039,0.9777,0.2375,1.006
11.559760454,0.0034,0.9772,0.2402,1.006
11.56155603,0.0020,0.9753,0.2416,1.005
11.563694338,0.0012,0.9767,0.2438,1.007
11.565606146,0.0012,0.9765,0.2446,1.007
11.567737184,0.0012,0.9740,0.2438,1.004
11.569973761,0.0012,0.9733,0.2431,1.003
11.571589338,0.0012,0.9748,0.2428,1.005
11.573608992,0.0024,0.9758,0.2421,1.005
11.575510877,0.0037,0.9753,0.2416,1.005
11.577494723,0.0042,0.9743,0.2414,1.004
11.579541338,0.0064,0.9745,0.2372,1.003
11.5813883,0.0061,0.9745,0.2348,1.002
11.5840683,0.0071,0.9753,0.2309,1.002
11.591918607,0.0086,0.9755,0.2282,1.002
11.592938069,0.0107,0.9753,0.2272,1.001
11.593646146,0.0098,0.9770,0.2240,1.002
11.594271338,0.0100,0.9770,0.2218,1.002
11.595008069,0.0115,0.9770,0.2174,1.001
11.595709107,0.0115,0.9755,0.2113,0.998
11.59736603,0.0115,0.9738,0.2096,0.996
11.599299607,0.0122,0.9738,0.2067,0.996
11.613563723,0.0122,0.9750,0.2057,0.997
11.615028953,0.0132,0.9758,0.2018,0.996
11.615932915,0.0134,0.9753,0.2003,0.996
11.61696003,0.0137,0.9750,0.1986,0.995
11.618024146,0.0139,0.9728,0.1959,0.992
11.619299838,0.0154,0.9714,0.1930,0.990
11.620391646,0.0161,0.9723,0.1935,0.992
11.621435877,0.0154,0.9721,0.1952,0.992
11.622128646,0.0149,0.9714,0.1940,0.991
11.623215453,0.0159,0.9697,0.1930,0.989
11.623962069,0.0166,0.9687,0.1962,0.988
11.6248288,0.0159,0.9682,0.1974,0.988
11.6258498,0.0161,0.9679,0.1984,0.988
11.62686253,0.0161,0.9679,0.1991,0.988
11.629385377,0.0156,0.9684,0.2023,0.989
11.630903415,0.0147,0.9670,0.2055,0.989
11.6328228,0.0149,0.9682,0.2069,0.990
11.637853761,0.0159,0.9687,0.2108,0.991
11.639515184,0.0171,0.9677,0.2118,0.991
11.64076353,0.0144,0.9657,0.2160,0.990
11.641764184,0.0137,0.9665,0.2165,0.991
11.644241838,0.0129,0.9662,0.2177,0.991
11.645156992,0.0115,0.9660,0.2218,0.991
11.646491723,0.0120,0.9657,0.2233,0.991
11.65642853,0.0105,0.9653,0.2240,0.991
11.657061107,0.0115,0.9653,0.2250,0.991
11.657313377,0.0115,0.9660,0.2253,0.992
11.657547838,0.0105,0.9662,0.2270,0.993
11.659135107,0.0105,0.9633,0.2270,0.990
11.659422953,0.0107,0.9633,0.2267,0.990
11.660240377,0.0100,0.9645,0.2270,0.991
11.662054184,0.0105,0.9650,0.2245,0.991
11.664069146,0.0100,0.9648,0.2233,0.990
11.666172838,0.0095,0.9650,0.2201,0.990
11.6689868,0.0086,0.9657,0.2189,0.990
11.669984492,0.0081,0.9660,0.2174,0.990
11.672274415,0.0103,0.9672,0.2162,0.991
11.674050761,0.0103,0.9675,0.2160,0.991
11.676189107,0.0100,0.9679,0.2138,0.991
11.678059761,0.0103,0.9679,0.2111,0.991
11.68014503,0.0122,0.9704,0.2074,0.992
11.681921684,0.0139,0.9709,0.2062,0.993
11.687112107,0.0125,0.9714,0.2042,0.993
11.6876688,0.0110,0.9704,0.2040,0.992
11.687917992,0.0110,0.9704,0.2030,0.991
11.689935184,0.0122,0.9706,0.2025,0.992
11.692304838,0.0127,0.9719,0.2006,0.992
11.6939273,0.0147,0.9723,0.2003,0.993
11.696092453,0.0142,0.9721,0.2008,0.993
11.69784553,0.0156,0.9711,0.2016,0.992
11.699782876,0.0161,0.9709,0.2033,0.992
11.707771992,0.0161,0.9714,0.2047,0.993
11.708267684,0.0188,0.9719,0.2055,0.994
11.7085368,0.0186,0.9721,0.2060,0.994
11.708780684,0.0198,0.9733,0.2064,0.995
11.709692761,0.0203,0.9726,0.2077,0.995
11.711643569,0.0208,0.9733,0.2086,0.996
11.713629953,0.0235,0.9736,0.2103,0.996
11.715632184,0.0237,0.9743,0.2099,0.997
11.7175438,0.0237,0.9748,0.2103,0.998
11.719561453,0.0244,0.9755,0.2133,0.999
11.72153753,0.0244,0.9753,0.2150,0.999
11.723533569,0.0242,0.9733,0.2167,0.997
11.7254023,0.0227,0.9736,0.2189,0.998
11.727578069,0.0220,0.9738,0.2187,0.998
11.729492415,0.0213,0.9758,0.2194,1.000
11.731724646,0.0200,0.9765,0.2199,1.001
11.735005646,0.0203,0.9770,0.2201,1.002
11.736483569,0.0200,0.9770,0.2201,1.002
11.737640146,0.0178,0.9760,0.2196,1.001
11.739407684,0.0169,0.9767,0.2196,1.001
11.741481184,0.0149,0.9775,0.2187,1.002
11.7434403,0.0137,0.9762,0.2184,1.000
11.745429492,0.0144,0.9772,0.2169,1.001
11.747321223,0.0139,0.9775,0.2169,1.001
11.74931553,0.0139,0.9784,0.2145,1.002
11.753445146,0.0144,0.9784,0.2140,1.002
11.754701338,0.0149,0.9772,0.2133,1.000
11.755858223,0.0149,0.9789,0.2125,1.002
11.75754603,0.0149,0.9794,0.2123,1.002
11.75891403,0.0161,0.9797,0.2106,1.002
11.761010069,0.0151,0.9804,0.2096,1.003
11.76295803,0.0147,0.9806,0.2094,1.003
11.765530646,0.0151,0.9821,0.2079,1.004
11.774618338,0.0156,0.9816,0.2077,1.003
11.77595353,0.0149,0.9816,0.2084,1.004
11.776896569,0.0164,0.9816,0.2084,1.004
11.777962492,0.0159,0.9804,0.2072,1.002
11.779260223,0.0144,0.9794,0.2067,1.001
11.780191607,0.0142,0.9792,0.2069,1.001
11.781133415,0.0137,0.9780,0.2077,1.000
11.782116184,0.0147,0.9794,0.2072,1.001
11.783077876,0.0149,0.9797,0.2067,1.001
11.793174184,0.0137,0.9789,0.2062,1.001
11.793782299,0.0139,0.9784,0.2055,1.000
11.794032184,0.0132,0.9777,0.2050,0.999
11.794258876,0.0122,0.9753,0.2060,0.997
11.794549799,0.0125,0.9753,0.2052,0.997
11.794824223,0.0134,0.9726,0.2055,0.994
11.796601338,0.0127,0.9726,0.2057,0.994
11.798458761,0.0132,0.9716,0.2040,0.993
11.804069876,0.0144,0.9721,0.2025,0.993
11.804754723,0.0137,0.9723,0.2040,0.994
11.805411684,0.0137,0.9706,0.2057,0.992
11.806542184,0.0137,0.9697,0.2064,0.991
11.808646953,0.0144,0.9699,0.2055,0.992
11.810403915,0.0147,0.9704,0.2057,0.992
11.812379184,0.0147,0.9716,0.2060,0.993
11.814291684,0.0151,0.9726,0.2055,0.994
11.816397684,0.0147,0.9719,0.2047,0.993
11.818871453,0.0144,0.9719,0.2084,0.994
11.820404453,0.0149,0.9706,0.2094,0.993
11.822277607,0.0154,0.9692,0.2086,0.991
11.824454338,0.0149,0.9701,0.2081,0.992
11.826310415,0.0159,0.9706,0.2089,0.993
11.828438261,0.0147,0.9716,0.2086,0.994
11.830253876,0.0137,0.9719,0.2081,0.994
11.832267453,0.0134,0.9709,0.2079,0.993
11.835576915,0.0137,0.9701,0.2081,0.992
11.836137184,0.0134,0.9697,0.2081,0.992
11.838105376,0.0147,0.9701,0.2091,0.993
11.840056184,0.0144,0.9689,0.2089,0.991
11.84207503,0.0139,0.9682,0.2101,0.991
11.844057915,0.0151,0.9682,0.2094,0.991
11.845901723,0.0156,0.9679,0.2099,0.991
11.848084338,0.0154,0.9670,0.2121,0.990
11.849961761,0.0147,0.9665,0.2108,0.989
11.851960069,0.0142,0.9665,0.2108,0.989
11.853953107,0.0134,0.9675,0.2133,0.991
11.855935876,0.0125,0.9682,0.2145,0.992
11.85796603,0.0122,0.9660,0.2143,0.990
11.859833376,0.0144,0.9665,0.2150,0.990
11.861646569,0.0142,0.9667,0.2155,0.991
11.863878992,0.0139,0.9677,0.2162,0.992
11.865689607,0.0137,0.9670,0.2172,0.991
11.868503646,0.0149,0.9672,0.2182,0.992
11.86976153,0.0144,0.9670,0.2174,0.991
11.871779492,0.0154,0.9684,0.2184,0.993
11.873448107,0.0166,0.9684,0.2191,0.993
11.875422569,0.0154,0.9670,0.2196,0.992
11.877418261,0.0159,0.9682,0.2191,0.993
11.879450761,0.0149,0.9687,0.2196,0.993
11.881356838,0.0139,0.9687,0.2199,0.993
11.883649953,0.0125,0.9682,0.2199,0.993
11.887666569,0.0120,0.9687,0.2196,0.993
11.888246838,0.0117,0.9684,0.2204,0.993
11.889540261,0.0137,0.9701,0.2211,0.995
11.891682376,0.0125,0.9706,0.2189,0.995
11.893513953,0.0132,0.9697,0.2187,0.994
11.89528153,0.0142,0.9714,0.2184,0.996
11.897290107,0.0144,0.9716,0.2179,0.996
11.89925003,0.0149,0.9711,0.2179,0.995
11.908478376,0.0151,0.9716,0.2177,0.996
11.909098799,0.0151,0.9723,0.2172,0.996
11.909472299,0.0149,0.9738,0.2174,0.998
11.909767453,0.0149,0.9731,0.2174,0.997
11.910453876,0.0139,0.9758,0.2167,1.000
11.911401492,0.0144,0.9775,0.2162,1.001
11.913249107,0.0134,0.9770,0.2165,1.001
11.915214569,0.0112,0.9765,0.2160,1.000
11.918558876,0.0122,0.9760,0.2155,1.000
11.919307338,0.0132,0.9765,0.2135,1.000
11.921198569,0.0129,0.9753,0.2147,0.999
11.923240415,0.0127,0.9770,0.2147,1.000
11.925424261,0.0120,0.9789,0.2128,1.002
11.927185915,0.0120,0.9775,0.2128,1.000
11.928987915,0.0120,0.9782,0.2125,1.001
11.931475992,0.0117,0.9777,0.2123,1.001
11.933326261,0.0110,0.9777,0.2103,1.000
11.93551753,0.0112,0.9772,0.2086,0.999
11.936728838,0.0093,0.9787,0.2089,1.001
11.940149761,0.0098,0.9787,0.2084,1.001
11.941074838,0.0110,0.9789,0.2055,1.000
11.942902453,0.0110,0.9792,0.2033,1.000
11.944808376,0.0107,0.9794,0.2030,1.000
11.94683953,0.0105,0.9780,0.2028,0.999
11.948871761,0.0105,0.9780,0.2018,0.999
11.951737799,0.0105,0.9787,0.2018,0.999
11.953093761,0.0120,0.9792,0.2020,1.000
11.95556103,0.0117,0.9792,0.2023,1.000
11.95647703,0.0107,0.9775,0.2023,0.998
11.958590299,0.0095,0.9772,0.2040,0.998
11.960553646,0.0088,0.9760,0.2050,0.997
11.962456838,0.0086,0.9758,0.2047,0.997
11.964528953,0.0086,0.9762,0.2062,0.998
11.966432646,0.0098,0.9743,0.2060,0.996
11.969105953,0.0103,0.9745,0.2040,0.996
11.970643415,0.0112,0.9736,0.2033,0.995
11.972454146,0.0125,0.9719,0.2018,0.993
11.974295684,0.0132,0.9711,0.1996,0.992
11.976449453,0.0139,0.9711,0.1981,0.991
11.978420107,0.0156,0.9719,0.1969,0.992
11.981012415,0.0164,0.9714,0.1962,0.991
11.982725492,0.0176,0.9692,0.1932,0.988
11.995266915,0.0176,0.9694,0.1928,0.989
11.996751492,0.0176,0.9699,0.1935,0.989
11.997614146,0.0169,0.9701,0.1935,0.989
11.998539953,0.0164,0.9679,0.1945,0.987
11.999578684,0.0161,0.9682,0.1957,0.988
12.000737415,0.0178,0.9675,0.2008,0.988
12.001712761,0.0169,0.9667,0.2023,0.988
12.002751761,0.0178,0.9672,0.2074,0.989
12.003359338,0.0161,0.9670,0.2116,0.990
12.003709953,0.0159,0.9667,0.2135,0.990
12.021025838,0.0156,0.9662,0.2184,0.991
12.022502569,0.0144,0.9665,0.2191,0.991
12.023420915,0.0171,0.9643,0.2235,0.990
12.024388222,0.0159,0.9648,0.2272,0.991
12.025091145,0.0164,0.9653,0.2282,0.992
12.026068492,0.0164,0.9648,0.2311,0.992
12.027033722,0.0171,0.9655,0.2340,0.994
12.028093569,0.0178,0.9657,0.2360,0.994
12.029026953,0.0188,0.9655,0.2402,0.995
12.029993453,0.0188,0.9655,0.2424,0.996
12.030853261,0.0188,0.9662,0.2465,0.997
12.031570299,0.0225,0.9657,0.2487,0.998
12.032270953,0.0220,0.9662,0.2499,0.998
12.032891338,0.0208,0.9650,0.2509,0.997
12.03375003,0.0232,0.9643,0.2521,0.997
12.034653492,0.0220,0.9650,0.2524,0.998
12.035621222,0.0220,0.9633,0.2526,0.996
12.037964145,0.0225,0.9633,0.2509,0.996
12.039753799,0.0244,0.9626,0.2497,0.995
12.041571492,0.0232,0.9601,0.2448,0.991
12.04383253,0.0227,0.9591,0.2414,0.989
12.045628415,0.0230,0.9611,0.2353,0.990
12.047487376,0.0215,0.9621,0.2328,0.990
12.049535069,0.0210,0.9618,0.2270,0.988
12.052417915,0.0188,0.9638,0.2209,0.989
12.05392303,0.0181,0.9645,0.2167,0.989
12.055609492,0.0169,0.9653,0.2106,0.988
12.057293722,0.0159,0.9657,0.2079,0.988
12.059539107,0.0154,0.9679,0.2028,0.989
12.061428607,0.0125,0.9709,0.1976,0.991
12.063578722,0.0129,0.9726,0.1945,0.992
12.065243222,0.0110,0.9743,0.1908,0.993
12.067317145,0.0098,0.9765,0.1881,0.994
12.070053338,0.0083,0.9770,0.1874,0.995
12.071557299,0.0068,0.9787,0.1849,0.996
12.073415645,0.0061,0.9789,0.1842,0.996
12.075262069,0.0059,0.9804,0.1825,0.997
12.077345453,0.0076,0.9826,0.1823,0.999
12.079505376,0.0083,0.9826,0.1827,0.999
12.081285607,0.0088,0.9833,0.1808,1.000
12.083485107,0.0112,0.9838,0.1840,1.001
12.093456453,0.0115,0.9850,0.1837,1.002
12.09500703,0.0127,0.9860,0.1847,1.003
12.095976722,0.0147,0.9863,0.1871,1.004
12.096998376,0.0149,0.9855,0.1884,1.003
12.098021876,0.0154,0.9855,0.1925,1.004
12.099269376,0.0156,0.9855,0.1954,1.005
12.100035761,0.0156,0.9855,0.2006,1.006
12.101096222,0.0149,0.9831,0.2033,1.004
12.102056953,0.0142,0.9833,0.2047,1.005
12.103443299,0.0134,0.9833,0.2094,1.005
12.105432184,0.0129,0.9824,0.2125,1.005
12.120598838,0.0112,0.9799,0.2189,1.004
12.122047376,0.0095,0.9799,0.2226,1.005
12.123165684,0.0076,0.9782,0.2243,1.004
12.123921299,0.0046,0.9767,0.2301,1.003
12.125090184,0.0027,0.9755,0.2362,1.004
12.12608503,0.0027,0.9731,0.2382,1.002
12.127317107,0.0017,0.9706,0.2384,0.999
12.128176453,0.0020,0.9694,0.2394,0.999
12.129139645,0.0029,0.9675,0.2411,0.997
12.129925415,0.0034,0.9667,0.2438,0.997
12.131004492,0.0032,0.9670,0.2433,0.997
12.132396261,0.0049,0.9662,0.2446,0.997
12.133215492,0.0049,0.9653,0.2433,0.995
12.134299145,0.0068,0.9670,0.2414,0.997
12.135314222,0.0073,0.9667,0.2406,0.996
12.138085992,0.0090,0.9657,0.2399,0.995
12.139487953,0.0105,0.9640,0.2370,0.993
12.143651607,0.0122,0.9655,0.2360,0.994
12.144849607,0.0129,0.9660,0.2353,0.994
12.145555453,0.0144,0.9660,0.2326,0.994
12.146835261,0.0154,0.9667,0.2311,0.994
12.148320876,0.0149,0.9672,0.2272,0.994
12.150540261,0.0151,0.9675,0.2253,0.993
12.153687338,0.0154,0.9684,0.2231,0.994
12.155468184,0.0161,0.9684,0.2209,0.993
12.15681303,0.0169,0.9689,0.2179,0.993
12.158204338,0.0183,0.9697,0.2147,0.993
12.160238799,0.0198,0.9706,0.2116,0.994
12.162080068,0.0198,0.9704,0.2099,0.993
12.164411222,0.0203,0.9699,0.2067,0.992
12.165978338,0.0215,0.9689,0.2060,0.991
12.169024145,0.0225,0.9694,0.2050,0.991
12.170206607,0.0244,0.9716,0.2047,0.993
12.173049684,0.0235,0.9719,0.2038,0.993
12.174696338,0.0239,0.9699,0.2030,0.991
12.176213992,0.0235,0.9701,0.2035,0.992
12.178066953,0.0237,0.9706,0.2040,0.992
12.180060145,0.0237,0.9704,0.2042,0.992
12.181861684,0.0230,0.9687,0.2035,0.990
12.184197376,0.0237,0.9692,0.2038,0.991
12.18982653,0.0232,0.9721,0.2055,0.994
12.190659376,0.0225,0.9723,0.2062,0.994
12.191008261,0.0217,0.9711,0.2099,0.994
12.192381992,0.0222,0.9704,0.2106,0.993
12.193955261,0.0227,0.9711,0.2106,0.994
12.196080261,0.0217,0.9709,0.2118,0.994
12.19792503,0.0213,0.9726,0.2143,0.996
12.199973376,0.0205,0.9721,0.2165,0.996
12.210254068,0.0191,0.9736,0.2169,0.998
12.211178415,0.0195,0.9745,0.2174,0.999
12.211594953,0.0188,0.9743,0.2182,0.999
12.212016145,0.0171,0.9726,0.2184,0.997
12.212420684,0.0173,0.9738,0.2184,0.998
12.212819261,0.0171,0.9733,0.2196,0.998
12.213456261,0.0149,0.9738,0.2209,0.999
12.215830338,0.0151,0.9750,0.2201,1.000
12.217819915,0.0137,0.9750,0.2187,0.999
12.220319261,0.0137,0.9753,0.2194,1.000
12.221446376,0.0139,0.9753,0.2191,1.000
12.223975338,0.0122,0.9767,0.2184,1.001
12.225554876,0.0117,0.9765,0.2177,1.001
12.227961684,0.0105,0.9765,0.2150,1.000
12.229178568,0.0100,0.9772,0.2121,1.000
12.23162953,0.0093,0.9772,0.2118,1.000
12.233378799,0.0095,0.9770,0.2111,1.000
12.23637653,0.0100,0.9772,0.2094,0.999
12.237338107,0.0107,0.9775,0.2089,1.000
12.239779107,0.0103,0.9755,0.2091,0.998
12.241285838,0.0103,0.9765,0.2089,0.999
12.243336876,0.0125,0.9782,0.2077,1.000
12.245356184,0.0115,0.9787,0.2081,1.001
12.247155761,0.0103,0.9792,0.2067,1.001
12.249312568,0.0098,0.9772,0.2072,0.999
12.252601184,0.0090,0.9767,0.2069,0.998
12.253646607,0.0093,0.9775,0.2069,0.999
12.256409761,0.0100,0.9762,0.2064,0.998
12.258578376,0.0110,0.9750,0.2067,0.997
12.259722645,0.0115,0.9750,0.2089,0.997
12.261128645,0.0105,0.9753,0.2101,0.998
12.263217107,0.0107,0.9758,0.2101,0.998
12.264992607,0.0120,0.9745,0.2123,0.997
12.267021838,0.0134,0.9750,0.2123,0.998
12.270080761,0.0144,0.9743,0.2128,0.997
12.271681799,0.0154,0.9740,0.2157,0.998
12.274204799,0.0151,0.9738,0.2177,0.998
12.275577876,0.0151,0.9738,0.2187,0.998
12.27690903,0.0149,0.9743,0.2194,0.999
12.278947607,0.0151,0.9733,0.2223,0.998
12.280916722,0.0166,0.9723,0.2248,0.998
12.282914261,0.0164,0.9716,0.2235,0.997
12.293356761,0.0164,0.9709,0.2243,0.997
12.294878953,0.0161,0.9714,0.2260,0.997
12.295782991,0.0159,0.9706,0.2267,0.997
12.296846838,0.0156,0.9697,0.2267,0.996
12.297781876,0.0164,0.9694,0.2265,0.996
12.298910107,0.0154,0.9697,0.2267,0.996
12.299708338,0.0132,0.9694,0.2277,0.996
12.30054703,0.0129,0.9697,0.2279,0.996
12.301901261,0.0129,0.9682,0.2257,0.994
12.314053684,0.0125,0.9682,0.2272,0.995
12.314977991,0.0115,0.9694,0.2277,0.996
12.315410953,0.0134,0.9699,0.2265,0.996
12.315852222,0.0142,0.9692,0.2265,0.995
12.316256568,0.0137,0.9677,0.2287,0.994
12.316668068,0.0139,0.9684,0.2299,0.995
12.317069491,0.0139,0.9697,0.2301,0.997
12.317523453,0.0142,0.9697,0.2267,0.996
12.323167684,0.0134,0.9697,0.2253,0.996
12.323952222,0.0134,0.9692,0.2245,0.995
12.324380953,0.0144,0.9692,0.2262,0.995
12.324798415,0.0147,0.9697,0.2267,0.996
12.326322491,0.0144,0.9697,0.2267,0.996
12.328382991,0.0142,0.9701,0.2250,0.996
12.33045603,0.0147,0.9699,0.2248,0.996
12.332565953,0.0154,0.9706,0.2240,0.996
12.334326761,0.0159,0.9709,0.2245,0.997
12.336964491,0.0159,0.9711,0.2240,0.997
12.33892153,0.0154,0.9709,0.2260,0.997
12.340439953,0.0161,0.9711,0.2262,0.997
12.342113107,0.0173,0.9699,0.2250,0.996
12.344145338,0.0164,0.9699,0.2253,0.996
12.346262953,0.0156,0.9701,0.2253,0.996
12.348430222,0.0132,0.9694,0.2248,0.995
12.350257991,0.0142,0.9694,0.2238,0.995
12.353248222,0.0134,0.9694,0.2238,0.995
12.354007991,0.0132,0.9682,0.2250,0.994
12.359820107,0.0134,0.9687,0.2245,0.994
12.360764799,0.0142,0.9697,0.2223,0.995
12.361534761,0.0125,0.9689,0.2245,0.995
12.362695299,0.0115,0.9697,0.2260,0.996
12.364092684,0.0127,0.9694,0.2238,0.995
12.366254491,0.0134,0.9687,0.2233,0.994
12.369410991,0.0122,0.9677,0.2231,0.993
12.370573068,0.0112,0.9692,0.2228,0.995
12.373190261,0.0112,0.9692,0.2223,0.994
12.374739876,0.0115,0.9689,0.2213,0.994
12.376405722,0.0105,0.9687,0.2206,0.994
12.378062107,0.0103,0.9684,0.2209,0.993
12.380216645,0.0086,0.9682,0.2223,0.993
12.381953299,0.0086,0.9679,0.2226,0.993
12.384048607,0.0098,0.9682,0.2218,0.993
12.393737722,0.0112,0.9684,0.2201,0.993
12.395248761,0.0112,0.9679,0.2201,0.993
12.396174453,0.0105,0.9689,0.2206,0.994
12.397164761,0.0095,0.9697,0.2221,0.995
12.398091914,0.0093,0.9704,0.2201,0.995
12.399725261,0.0125,0.9719,0.2209,0.997
12.400247145,0.0127,0.9694,0.2199,0.994
12.400696722,0.0125,0.9699,0.2187,0.994
12.401573991,0.0156,0.9699,0.2174,0.994
12.415009761,0.0164,0.9704,0.2167,0.994
12.41638703,0.0151,0.9711,0.2182,0.995
12.417323876,0.0156,0.9709,0.2174,0.995
12.418463914,0.0166,0.9714,0.2162,0.995
12.419630184,0.0188,0.9719,0.2150,0.996
12.420798991,0.0193,0.9709,0.2150,0.995
12.42206803,0.0210,0.9721,0.2155,0.996
12.423249107,0.0203,0.9733,0.2145,0.997
12.424162684,0.0205,0.9733,0.2145,0.997
12.424948491,0.0213,0.9733,0.2138,0.997
12.425937607,0.0205,0.9736,0.2143,0.997
12.426969607,0.0205,0.9745,0.2133,0.998
12.42789003,0.0208,0.9745,0.2123,0.998
12.430234261,0.0203,0.9750,0.2121,0.998
12.438868376,0.0198,0.9758,0.2113,0.999
12.440681337,0.0193,0.9772,0.2101,1.000
12.442103261,0.0191,0.9772,0.2096,1.000
12.443199568,0.0191,0.9772,0.2089,0.999
12.444121953,0.0200,0.9782,0.2103,1.001
12.444935184,0.0200,0.9770,0.2096,0.999
12.445947376,0.0183,0.9770,0.2089,0.999
12.447176453,0.0188,0.9772,0.2094,1.000
12.448036991,0.0171,0.9782,0.2099,1.001
12.449152068,0.0161,0.9784,0.2116,1.001
12.451113107,0.0166,0.9780,0.2116,1.001
12.454260107,0.0144,0.9777,0.2101,1.000
12.456189145,0.0139,0.9762,0.2099,0.999
12.457523337,0.0129,0.9765,0.2101,0.999
12.45904153,0.0120,0.9780,0.2123,1.001
12.461168684,0.0115,0.9780,0.2108,1.000
12.463026914,0.0117,0.9762,0.2101,0.999
12.464851607,0.0112,0.9760,0.2111,0.999
12.466790568,0.0103,0.9772,0.2118,1.000
12.469739068,0.0103,0.9775,0.2133,1.001
12.470933761,0.0090,0.9758,0.2150,0.999
12.472769222,0.0073,0.9765,0.2152,1.000
12.474675568,0.0090,0.9760,0.2152,0.999
12.476791376,0.0090,0.9760,0.2152,0.999
12.478649145,0.0083,0.9733,0.2177,0.997
12.480960645,0.0083,0.9750,0.2162,0.999
12.482461491,0.0083,0.9743,0.2162,0.998
12.484995607,0.0073,0.9736,0.2167,0.997
12.491903068,0.0073,0.9733,0.2174,0.997
12.492777568,0.0076,0.9731,0.2182,0.997
12.493210299,0.0068,0.9706,0.2177,0.995
12.493635453,0.0073,0.9704,0.2182,0.995
12.49459453,0.0068,0.9709,0.2194,0.995
12.496423337,0.0078,0.9709,0.2206,0.996
12.498421837,0.0095,0.9701,0.2199,0.995
12.500518761,0.0095,0.9694,0.2211,0.994
12.510276722,0.0107,0.9701,0.2216,0.995
12.511266645,0.0103,0.9692,0.2209,0.994
12.511697645,0.0093,0.9682,0.2211,0.993
12.512124222,0.0083,0.9672,0.2233,0.993
12.512537607,0.0090,0.9682,0.2248,0.994
12.512994953,0.0103,0.9689,0.2253,0.995
12.513916953,0.0105,0.9687,0.2284,0.995
12.51647503,0.0110,0.9692,0.2287,0.996
12.517956991,0.0112,0.9687,0.2294,0.996
12.520880453,0.0132,0.9677,0.2287,0.994
12.522093568,0.0137,0.9677,0.2282,0.994
12.525182107,0.0142,0.9679,0.2262,0.994
12.526198107,0.0161,0.9689,0.2240,0.995
12.527740722,0.0176,0.9694,0.2218,0.995
12.529820953,0.0188,0.9697,0.2182,0.994
12.531806876,0.0178,0.9692,0.2152,0.993
12.533676068,0.0188,0.9682,0.2140,0.992
12.536571684,0.0198,0.9687,0.2106,0.991
12.53771753,0.0191,0.9689,0.2084,0.991
12.53973703,0.0191,0.9711,0.2052,0.993
12.541644222,0.0186,0.9738,0.2047,0.995
12.543664722,0.0191,0.9745,0.2042,0.996
12.545551376,0.0186,0.9772,0.2050,0.999
12.54783153,0.0156,0.9775,0.2077,0.999
12.549539337,0.0149,0.9787,0.2077,1.001
12.551725376,0.0149,0.9804,0.2089,1.003
12.553607453,0.0144,0.9811,0.2086,1.003
12.556786914,0.0127,0.9814,0.2089,1.003
12.557749414,0.0132,0.9809,0.2101,1.003
12.55953253,0.0134,0.9814,0.2118,1.004
12.561467607,0.0132,0.9824,0.2125,1.005
12.563567991,0.0134,0.9816,0.2121,1.004
12.565384684,0.0139,0.9824,0.2135,1.005
12.567413145,0.0132,0.9828,0.2147,1.006
12.576421914,0.0144,0.9828,0.2157,1.006
12.577634107,0.0149,0.9831,0.2167,1.007
12.578346837,0.0156,0.9831,0.2179,1.007
12.579261453,0.0161,0.9821,0.2191,1.006
12.580062645,0.0151,0.9816,0.2211,1.006
12.59627703,0.0154,0.9802,0.2228,1.005
12.597861184,0.0154,0.9792,0.2231,1.004
12.59906376,0.0164,0.9789,0.2248,1.005
12.599880722,0.0151,0.9777,0.2243,1.003
12.60133376,0.0149,0.9760,0.2250,1.002
12.602857876,0.0159,0.9755,0.2245,1.001
12.603933107,0.0151,0.9719,0.2245,0.998
12.604932414,0.0164,0.9682,0.2235,0.994
12.605786607,0.0169,0.9684,0.2243,0.994
12.606785453,0.0137,0.9672,0.2226,0.993
12.60768253,0.0127,0.9648,0.2167,0.989
12.608428299,0.0127,0.9633,0.2147,0.987
12.609612299,0.0132,0.9609,0.2128,0.984
12.610569414,0.0127,0.9604,0.2106,0.983
12.611527722,0.0103,0.9596,0.2047,0.981
12.612342876,0.0090,0.9577,0.2003,0.978
12.613430337,0.0093,0.9584,0.1996,0.979
12.614277453,0.0064,0.9611,0.1976,0.981
12.615362491,0.0061,0.9613,0.1950,0.981
12.617872299,0.0051,0.9609,0.1942,0.980
12.619633568,0.0071,0.9631,0.1920,0.982
12.620903337,0.0078,0.9638,0.1908,0.983
12.622979145,0.0068,0.9633,0.1913,0.982
12.625295722,0.0061,0.9645,0.1925,0.984
12.627137953,0.0061,0.9660,0.1928,0.985
12.628781837,0.0066,0.9682,0.1923,0.987
12.630744991,0.0098,0.9677,0.1930,0.987
12.632684876,0.0107,0.9694,0.1947,0.989
12.634701337,0.0100,0.9687,0.1981,0.989
12.638128299,0.0103,0.9689,0.1994,0.989
12.639662607,0.0129,0.9709,0.2011,0.992
12.64101603,0.0164,0.9726,0.2042,0.994
12.642711722,0.0173,0.9714,0.2062,0.993
12.644444837,0.0161,0.9699,0.2101,0.993
12.646475799,0.0169,0.9706,0.2118,0.994
12.64850926,0.0171,0.9704,0.2152,0.994
12.650458145,0.0173,0.9714,0.2194,0.996
12.653941453,0.0166,0.9711,0.2209,0.996
12.655581222,0.0156,0.9699,0.2262,0.996
12.656817722,0.0132,0.9711,0.2331,0.999
12.659022183,0.0120,0.9697,0.2345,0.998
12.660230491,0.0107,0.9689,0.2382,0.998
12.662297337,0.0107,0.9692,0.2409,0.999
12.664375799,0.0100,0.9701,0.2463,1.001
12.666446183,0.0086,0.9694,0.2467,1.000
12.668485376,0.0086,0.9697,0.2480,1.001
12.671211337,0.0064,0.9682,0.2509,1.000
12.67275353,0.0051,0.9699,0.2521,1.002
12.674527683,0.0054,0.9677,0.2514,1.000
12.676205453,0.0044,0.9665,0.2497,0.998
12.678135607,0.0059,0.9675,0.2489,0.999
12.680298145,0.0061,0.9684,0.2475,1.000
12.682199645,0.0027,0.9704,0.2436,1.000
12.684339299,0.0027,0.9709,0.2433,1.001
12.686253453,0.0034,0.9731,0.2404,1.002
12.69710553,0.0049,0.9740,0.2377,1.003
12.698603183,0.0056,0.9745,0.2358,1.003
12.699443991,0.0049,0.9767,0.2316,1.004
12.700467837,0.0056,0.9770,0.2299,1.004
12.701773607,0.0051,0.9782,0.2260,1.004
12.702891491,0.0068,0.9792,0.2199,1.004
12.703747491,0.0071,0.9797,0.2169,1.003
12.705330953,0.0068,0.9804,0.2145,1.004
12.70679403,0.0056,0.9819,0.2081,1.004
12.70802153,0.0064,0.9838,0.2062,1.005
12.708936876,0.0081,0.9848,0.1996,1.005
12.709921683,0.0086,0.9838,0.1974,1.003
12.716930568,0.0083,0.9841,0.1918,1.003
12.717451222,0.0105,0.9831,0.1896,1.001
12.717717799,0.0112,0.9838,0.1881,1.002
12.717947607,0.0086,0.9838,0.1845,1.001
12.729160491,0.0110,0.9826,0.1847,1.000
12.729764914,0.0120,0.9811,0.1842,0.998
12.730010914,0.0127,0.9816,0.1813,0.998
12.730246183,0.0125,0.9811,0.1810,0.998
12.730527953,0.0129,0.9797,0.1801,0.996
12.730752068,0.0112,0.9794,0.1818,0.996
12.731608222,0.0107,0.9802,0.1830,0.997
12.733650953,0.0103,0.9777,0.1845,0.995
12.735492607,0.0107,0.9770,0.1862,0.995
12.737475453,0.0117,0.9755,0.1913,0.994
12.739679414,0.0125,0.9758,0.1942,0.995
12.741383799,0.0117,0.9755,0.1954,0.995
12.743425953,0.0117,0.9748,0.1998,0.995
12.74530626,0.0129,0.9726,0.2047,0.994
12.747354953,0.0120,0.9721,0.2057,0.994
12.749121991,0.0125,0.9711,0.2091,0.993
12.751333683,0.0127,0.9699,0.2101,0.992
12.753943683,0.0132,0.9679,0.2130,0.991
12.75583626,0.0122,0.9679,0.2177,0.992
12.75750326,0.0110,0.9675,0.2194,0.992
12.75920326,0.0122,0.9679,0.2235,0.993
12.761068606,0.0120,0.9672,0.2248,0.993
12.763300068,0.0112,0.9667,0.2279,0.993
12.765066914,0.0100,0.9657,0.2314,0.993
12.767166683,0.0103,0.9653,0.2314,0.993
12.770910222,0.0098,0.9631,0.2301,0.990
12.77206926,0.0095,0.9631,0.2301,0.990
12.774036453,0.0093,0.9633,0.2306,0.991
12.775152491,0.0095,0.9633,0.2282,0.990
12.777033722,0.0107,0.9643,0.2277,0.991
12.77884703,0.0122,0.9635,0.2267,0.990
12.780787453,0.0105,0.9640,0.2279,0.991
12.782710683,0.0090,0.9628,0.2279,0.989
12.786628568,0.0105,0.9631,0.2243,0.989
12.798933376,0.0100,0.9631,0.2231,0.989
12.800751645,0.0110,0.9626,0.2226,0.988
12.802520068,0.0132,0.9650,0.2218,0.990
12.80382853,0.0125,0.9650,0.2211,0.990
12.805444491,0.0103,0.9667,0.2189,0.991
12.80740526,0.0120,0.9662,0.2179,0.991
12.808706337,0.0120,0.9665,0.2167,0.991
12.809313222,0.0110,0.9682,0.2150,0.992
12.810829491,0.0107,0.9687,0.2135,0.992
12.811340837,0.0110,0.9694,0.2118,0.992
12.811727876,0.0117,0.9699,0.2103,0.993
12.812065991,0.0117,0.9714,0.2086,0.994
12.812340722,0.0117,0.9728,0.2096,0.995
12.812620106,0.0134,0.9736,0.2106,0.996
12.827864068,0.0137,0.9733,0.2096,0.996
12.828509645,0.0132,0.9733,0.2099,0.996
12.82877203,0.0137,0.9738,0.2101,0.996
12.829008145,0.0129,0.9745,0.2113,0.997
12.829242453,0.0156,0.9758,0.2111,0.998
12.829473376,0.0166,0.9772,0.2118,1.000
12.829691645,0.0161,0.9772,0.2103,1.000
12.82991853,0.0129,0.9789,0.2091,1.001
12.830141183,0.0127,0.9824,0.2086,1.004
12.832060299,0.0139,0.9814,0.2089,1.003
12.834970568,0.0137,0.9819,0.2084,1.004
12.836814299,0.0142,0.9824,0.2062,1.004
12.83802726,0.0139,0.9831,0.2052,1.004
12.840001799,0.0132,0.9828,0.2050,1.004
12.841907376,0.0110,0.9831,0.2045,1.004
12.84414553,0.0107,0.9828,0.2042,1.004
12.846051376,0.0095,0.9833,0.2052,1.005
12.848150106,0.0078,0.9841,0.2040,1.005
12.850054799,0.0088,0.9838,0.2040,1.005
12.852167837,0.0093,0.9843,0.2042,1.005
12.854031837,0.0105,0.9868,0.2030,1.007
12.85587826,0.0103,0.9870,0.2025,1.008
12.857743953,0.0103,0.9848,0.2023,1.005
12.860078568,0.0095,0.9843,0.2023,1.005
12.86191426,0.0086,0.9850,0.1991,1.005
12.864077222,0.0090,0.9831,0.1996,1.003
12.86575576,0.0083,0.9833,0.2001,1.004
12.867882453,0.0100,0.9831,0.1972,1.003
12.877584106,0.0098,0.9819,0.1974,1.002
12.878786837,0.0090,0.9828,0.1981,1.003
12.879538914,0.0110,0.9828,0.1974,1.003
12.880216991,0.0107,0.9828,0.1979,1.003
12.880982376,0.0095,0.9826,0.1979,1.002
12.883226183,0.0107,0.9809,0.1991,1.001
12.883885453,0.0095,0.9806,0.2006,1.001
12.884513606,0.0100,0.9799,0.1996,1.000
12.896157068,0.0117,0.9794,0.1989,0.999
12.897597453,0.0125,0.9789,0.2013,0.999
12.898984068,0.0122,0.9775,0.2025,0.998
12.89989876,0.0127,0.9767,0.2020,0.997
12.901039222,0.0137,0.9755,0.2025,0.996
12.902318606,0.0117,0.9748,0.2023,0.996
12.903679029,0.0107,0.9731,0.2023,0.994
12.904932914,0.0120,0.9711,0.2038,0.992
12.905775106,0.0120,0.9701,0.2035,0.991
12.906777799,0.0122,0.9692,0.2050,0.991
12.907823337,0.0120,0.9684,0.2057,0.990
12.908688491,0.0120,0.9675,0.2060,0.989
12.909724183,0.0122,0.9677,0.2045,0.989
12.912449414,0.0125,0.9675,0.2047,0.989
12.913918991,0.0129,0.9701,0.2060,0.992
12.915254683,0.0122,0.9697,0.2074,0.992
12.917428491,0.0125,0.9672,0.2072,0.989
12.919558337,0.0132,0.9648,0.2067,0.987
12.922771529,0.0132,0.9638,0.2072,0.986
12.92465976,0.0129,0.9653,0.2069,0.987
12.925967606,0.0132,0.9645,0.2089,0.987
12.927188145,0.0139,0.9640,0.2089,0.987
12.928723683,0.0107,0.9650,0.2094,0.988
12.930627145,0.0125,0.9648,0.2089,0.987
12.932883491,0.0117,0.9648,0.2081,0.987
12.934608299,0.0125,0.9655,0.2099,0.988
12.937988376,0.0129,0.9657,0.2094,0.988
12.938791991,0.0125,0.9645,0.2084,0.987
12.940658876,0.0125,0.9665,0.2089,0.989
12.94266526,0.0120,0.9675,0.2094,0.990
12.944467068,0.0134,0.9667,0.2089,0.989
12.946565106,0.0149,0.9657,0.2099,0.988
12.948617799,0.0139,0.9662,0.2084,0.989
12.950316106,0.0122,0.9662,0.2079,0.988
12.952528145,0.0120,0.9670,0.2081,0.989
12.954760491,0.0132,0.9679,0.2084,0.990
12.956547529,0.0125,0.9684,0.2067,0.990
12.958481068,0.0122,0.9684,0.2057,0.990
12.960433029,0.0139,0.9699,0.2057,0.992
12.962328068,0.0137,0.9704,0.2069,0.992
12.964739991,0.0142,0.9711,0.2067,0.993
12.966667376,0.0129,0.9711,0.2062,0.993
12.968560145,0.0125,0.9709,0.2074,0.993
12.971571876,0.0122,0.9711,0.2072,0.993
12.972663299,0.0122,0.9719,0.2057,0.993
12.974230145,0.0120,0.9726,0.2064,0.994
12.976241568,0.0110,0.9738,0.2047,0.995
12.978351529,0.0110,0.9740,0.2050,0.995
12.980325683,0.0115,0.9760,0.2045,0.997
12.98253226,0.0112,0.9753,0.2042,0.996
12.984446529,0.0112,0.9755,0.2045,0.997
12.986726452,0.0129,0.9782,0.2040,0.999
12.997303799,0.0134,0.9775,0.2033,0.998
12.998978222,0.0117,0.9782,0.2023,0.999
13.000285337,0.0093,0.9784,0.2020,0.999
13.001343183,0.0100,0.9780,0.2025,0.999
13.002826029,0.0105,0.9789,0.2038,1.000
13.003822722,0.0088,0.9782,0.2038,0.999
13.004770106,0.0078,0.9787,0.2045,1.000
13.00627026,0.0090,0.9799,0.2030,1.001
13.007510837,0.0093,0.9804,0.2018,1.001
13.008808452,0.0076,0.9811,0.2018,1.002
13.009805914,0.0095,0.9804,0.2018,1.001
13.011169722,0.0093,0.9802,0.2018,1.001
13.016931837,0.0071,0.9809,0.2006,1.001
13.017670183,0.0054,0.9824,0.2023,1.003
13.018103606,0.0054,0.9826,0.2018,1.003
13.01859926,0.0051,0.9831,0.2016,1.004
13.029314106,0.0059,0.9828,0.2018,1.003
13.03106726,0.0064,0.9824,0.2013,1.003
13.032209645,0.0049,0.9809,0.2018,1.001
13.033220222,0.0051,0.9819,0.2020,1.002
13.034257876,0.0042,0.9831,0.2028,1.004
13.035741376,0.0034,0.9826,0.2016,1.003
13.036925876,0.0029,0.9833,0.2008,1.004
13.038184991,0.0034,0.9843,0.1996,1.004
13.039478299,0.0034,0.9841,0.1998,1.004
13.040438568,0.0039,0.9838,0.1981,1.004
13.041588606,0.0054,0.9831,0.1950,1.002
13.04254676,0.0056,0.9836,0.1952,1.003
13.043649722,0.0064,0.9838,0.1954,1.003
13.046037529,0.0056,0.9848,0.1940,1.004
13.047681106,0.0056,0.9848,0.1940,1.004
13.049223683,0.0044,0.9836,0.1932,1.002
13.051457722,0.0049,0.9828,0.1932,1.002
13.054221837,0.0056,0.9831,0.1932,1.002
13.056253722,0.0061,0.9821,0.1928,1.001
13.057110299,0.0068,0.9824,0.1935,1.001
13.05912076,0.0071,0.9824,0.1940,1.001
13.06100426,0.0066,0.9819,0.1950,1.001
13.063126222,0.0051,0.9811,0.1950,1.000
13.064876645,0.0059,0.9809,0.1940,1.000
13.067021337,0.0061,0.9804,0.1954,1.000
13.069030222,0.0086,0.9789,0.1945,0.998
13.071337414,0.0093,0.9775,0.1947,0.997
13.072858299,0.0088,0.9765,0.1930,0.995
13.075003645,0.0076,0.9762,0.1908,0.995
13.076916414,0.0083,0.9767,0.1898,0.995
13.078967106,0.0117,0.9750,0.1847,0.992
13.080729299,0.0129,0.9743,0.1820,0.991
13.082791029,0.0125,0.9745,0.1803,0.991
13.084658414,0.0142,0.9733,0.1774,0.989
13.090078452,0.0144,0.9728,0.1769,0.989
13.090703568,0.0151,0.9726,0.1764,0.989
13.090953568,0.0159,0.9750,0.1742,0.991
13.092759683,0.0154,0.9750,0.1747,0.991
13.094581337,0.0151,0.9743,0.1759,0.990
13.096566299,0.0149,0.9736,0.1781,0.990
13.098307645,0.0142,0.9748,0.1837,0.992
13.100562683,0.0117,0.9743,0.1888,0.992
13.102445645,0.0107,0.9740,0.1920,0.993
13.109116452,0.0105,0.9728,0.1967,0.993
13.109936145,0.0125,0.9719,0.2016,0.993
13.110191414,0.0139,0.9709,0.2038,0.992
13.110482837,0.0147,0.9716,0.2057,0.993
13.112111299,0.0147,0.9728,0.2067,0.995
13.114015837,0.0137,0.9726,0.2101,0.995
13.11602426,0.0171,0.9692,0.2157,0.993
13.118015914,0.0183,0.9687,0.2172,0.993
13.121207145,0.0178,0.9682,0.2201,0.993
13.121994875,0.0193,0.9679,0.2221,0.993
13.124048145,0.0193,0.9682,0.2270,0.995
13.125918145,0.0205,0.9675,0.2311,0.995
13.128117491,0.0203,0.9662,0.2336,0.994
13.129878683,0.0213,0.9655,0.2367,0.994
13.131954606,0.0213,0.9653,0.2392,0.995
13.133769606,0.0222,0.9643,0.2406,0.994
13.136374683,0.0222,0.9613,0.2416,0.991
13.138275029,0.0227,0.9609,0.2414,0.991
13.140362799,0.0225,0.9596,0.2414,0.990
13.141833029,0.0220,0.9594,0.2387,0.989
13.143779991,0.0215,0.9582,0.2375,0.987
13.14560576,0.0237,0.9572,0.2331,0.985
13.148204414,0.0213,0.9572,0.2272,0.984
13.149742683,0.0205,0.9579,0.2233,0.984
13.151977529,0.0198,0.9579,0.2150,0.982
13.155067837,0.0200,0.9582,0.2116,0.981
13.156617799,0.0164,0.9589,0.2047,0.981
13.157946837,0.0169,0.9606,0.1959,0.981
13.159836375,0.0156,0.9613,0.1923,0.981
13.161540068,0.0151,0.9638,0.1857,0.982
13.163749952,0.0149,0.9672,0.1791,0.984
13.165739029,0.0147,0.9679,0.1759,0.984
13.167760568,0.0134,0.9714,0.1708,0.986
13.169476491,0.0137,0.9731,0.1686,0.988
13.172319491,0.0115,0.9765,0.1647,0.990
13.175040799,0.0103,0.9777,0.1622,0.991
13.176493837,0.0105,0.9787,0.1612,0.992
13.177301606,0.0098,0.9804,0.1603,0.993
13.179650491,0.0095,0.9814,0.1615,0.995
13.181253183,0.0095,0.9846,0.1620,0.998
13.183436991,0.0117,0.9868,0.1644,1.000
13.185223914,0.0137,0.9865,0.1656,1.000
13.190505029,0.0137,0.9863,0.1683,1.001
13.191155837,0.0147,0.9882,0.1717,1.003
13.191614337,0.0149,0.9892,0.1744,1.005
13.193280645,0.0134,0.9897,0.1820,1.006
13.195441068,0.0137,0.9894,0.1854,1.007
13.197216491,0.0125,0.9892,0.1888,1.007
13.199461414,0.0115,0.9899,0.1952,1.009
13.201060183,0.0105,0.9882,0.1996,1.008
13.203268414,0.0086,0.9860,0.2055,1.007
13.209153952,0.0051,0.9868,0.2096,1.009
13.209683645,0.0042,0.9855,0.2116,1.008
13.209939875,0.0015,0.9860,0.2155,1.009
13.211130068,0.0012,0.9853,0.2174,1.009
13.212978068,0.0005,0.9831,0.2233,1.008
13.214883029,-0.0017,0.9824,0.2265,1.008
13.216881722,-0.0037,0.9821,0.2265,1.008
13.218766722,-0.0037,0.9799,0.2279,1.006
13.221388568,-0.0024,0.9772,0.2282,1.004
13.223442952,-0.0042,0.9770,0.2282,1.003
13.228747298,-0.0046,0.9765,0.2265,1.002
13.229012183,-0.0044,0.9760,0.2257,1.002
13.22925326,-0.0032,0.9767,0.2238,1.002
13.23097976,-0.0027,0.9770,0.2218,1.002
13.232719875,-0.0012,0.9772,0.2196,1.002
13.234827683,-0.0002,0.9787,0.2140,1.002
13.236570875,0.0002,0.9782,0.2113,1.001
13.239134645,0.0027,0.9760,0.2091,0.998
13.240457837,0.0042,0.9762,0.2067,0.998
13.242448952,0.0032,0.9777,0.2055,0.999
13.244574222,0.0046,0.9782,0.1991,0.998
13.246751798,0.0061,0.9789,0.1964,0.998
13.248399414,0.0071,0.9799,0.1935,0.999
13.250507722,0.0086,0.9789,0.1903,0.997
13.25269876,0.0098,0.9782,0.1884,0.996
13.255847491,0.0103,0.9784,0.1854,0.996
13.257259068,0.0100,0.9784,0.1805,0.995
13.258212414,0.0100,0.9784,0.1788,0.995
13.260446722,0.0110,0.9772,0.1752,0.993
13.262568452,0.0117,0.9770,0.1737,0.992
13.264625837,0.0151,0.9755,0.1727,0.991
13.266475452,0.0181,0.9738,0.1730,0.989
13.268467029,0.0195,0.9731,0.1717,0.988
13.272365029,0.0198,0.9721,0.1713,0.987
13.273858183,0.0188,0.9711,0.1742,0.987
13.275657875,0.0193,0.9701,0.1747,0.986
13.277341683,0.0195,0.9701,0.1747,0.986
13.278481798,0.0200,0.9697,0.1742,0.985
13.280112298,0.0205,0.9689,0.1766,0.985
13.28217176,0.0208,0.9670,0.1810,0.984
13.284191529,0.0200,0.9675,0.1837,0.985
13.286284375,0.0193,0.9672,0.1874,0.985
13.295519645,0.0176,0.9662,0.1898,0.985
13.296977875,0.0191,0.9667,0.1906,0.986
13.298004645,0.0205,0.9667,0.1928,0.986
13.299209452,0.0198,0.9667,0.1940,0.986
13.300290106,0.0181,0.9687,0.1967,0.989
13.301253452,0.0178,0.9670,0.1994,0.987
13.302173721,0.0188,0.9665,0.2006,0.987
13.303409452,0.0191,0.9677,0.2045,0.989
13.304784221,0.0161,0.9684,0.2067,0.990
13.305967221,0.0156,0.9682,0.2057,0.990
13.315135298,0.0156,0.9677,0.2084,0.990
13.315645606,0.0149,0.9687,0.2099,0.991
13.315909952,0.0129,0.9692,0.2091,0.992
13.31647676,0.0129,0.9694,0.2064,0.991
13.316733529,0.0134,0.9697,0.2060,0.991
13.317735183,0.0125,0.9682,0.2055,0.990
13.319753606,0.0120,0.9679,0.2042,0.989
13.324306568,0.0122,0.9672,0.2025,0.988
13.324777145,0.0117,0.9694,0.2020,0.990
13.325706029,0.0112,0.9706,0.2016,0.991
13.327733529,0.0100,0.9706,0.1984,0.991
13.329545837,0.0107,0.9716,0.1969,0.991
13.331725414,0.0120,0.9723,0.1954,0.992
13.333532991,0.0117,0.9706,0.1947,0.990
13.335423914,0.0127,0.9706,0.1945,0.990
13.338043721,0.0129,0.9716,0.1925,0.991
13.340190221,0.0139,0.9721,0.1913,0.991
13.341535337,0.0134,0.9719,0.1896,0.990
13.343581568,0.0137,0.9716,0.1893,0.990
13.345358452,0.0147,0.9731,0.1898,0.992
13.347531568,0.0134,0.9731,0.1898,0.992
13.349422568,0.0127,0.9748,0.1923,0.994
13.351494452,0.0137,0.9750,0.1930,0.994
13.355436645,0.0144,0.9738,0.1925,0.993
13.356796798,0.0151,0.9738,0.1925,0.993
13.358323683,0.0159,0.9738,0.1935,0.993
13.35962676,0.0176,0.9738,0.1942,0.993
13.361507337,0.0186,0.9731,0.1962,0.993
13.363468529,0.0198,0.9745,0.1976,0.995
13.365282414,0.0195,0.9762,0.1981,0.996
13.367430183,0.0205,0.9762,0.1986,0.996
13.369275183,0.0222,0.9770,0.2006,0.998
13.372663183,0.0222,0.9802,0.2020,1.001
13.374108683,0.0235,0.9809,0.2016,1.002
13.375563452,0.0227,0.9814,0.2008,1.002
13.377116837,0.0237,0.9824,0.2020,1.003
13.379262683,0.0244,0.9814,0.2020,1.002
13.381239721,0.0222,0.9806,0.2020,1.001
13.383038068,0.0210,0.9814,0.2020,1.002
13.384807991,0.0213,0.9831,0.2023,1.004
13.395134337,0.0198,0.9831,0.2013,1.004
13.396681875,0.0176,0.9819,0.2013,1.002
13.397624068,0.0164,0.9809,0.2028,1.002
13.399059298,0.0161,0.9819,0.2023,1.003
13.400075952,0.0164,0.9828,0.1996,1.003
13.401082491,0.0154,0.9824,0.2003,1.003
13.401798952,0.0142,0.9821,0.1996,1.002
13.40305376,0.0122,0.9821,0.1964,1.002
13.403407568,0.0112,0.9819,0.1954,1.001
13.414266375,0.0120,0.9816,0.1959,1.001
13.414911452,0.0117,0.9819,0.1947,1.001
13.415152991,0.0117,0.9821,0.1952,1.001
13.415387337,0.0110,0.9816,0.1932,1.001
13.415615952,0.0115,0.9816,0.1935,1.001
13.41585726,0.0100,0.9814,0.1928,1.000
13.416270683,0.0105,0.9806,0.1937,1.000
13.418042914,0.0105,0.9809,0.1923,1.000
13.420289029,0.0105,0.9814,0.1915,1.000
13.423530875,0.0100,0.9821,0.1918,1.001
13.424490452,0.0107,0.9809,0.1930,1.000
13.425915298,0.0100,0.9784,0.1930,0.997
13.428156683,0.0100,0.9792,0.1925,0.998
13.429828991,0.0107,0.9782,0.1913,0.997
13.432132875,0.0112,0.9767,0.1928,0.996
13.433975914,0.0110,0.9767,0.1937,0.996
13.436061875,0.0117,0.9760,0.1954,0.995
13.438245721,0.0107,0.9758,0.1940,0.995
13.440464798,0.0127,0.9740,0.1908,0.993
13.442043452,0.0112,0.9736,0.1925,0.992
13.444037144,0.0107,0.9726,0.1935,0.992
13.445827491,0.0110,0.9714,0.1945,0.991
13.447951452,0.0115,0.9687,0.1940,0.988
13.449597491,0.0125,0.9682,0.1942,0.988
13.45186926,0.0142,0.9679,0.1957,0.988
13.454939183,0.0144,0.9689,0.1952,0.988
13.455937529,0.0147,0.9694,0.1969,0.989
13.45768726,0.0137,0.9692,0.1974,0.989
13.459690644,0.0151,0.9682,0.1991,0.989
13.461644875,0.0144,0.9682,0.1996,0.989
13.46365926,0.0134,0.9675,0.1959,0.987
13.465464529,0.0132,0.9687,0.1964,0.988
13.467678875,0.0144,0.9694,0.1967,0.989
13.469761221,0.0142,0.9692,0.1954,0.989
13.47230676,0.0134,0.9687,0.1957,0.988
13.473595452,0.0139,0.9697,0.1962,0.989
13.476072683,0.0137,0.9704,0.1957,0.990
13.47751326,0.0159,0.9682,0.1947,0.988
13.479610068,0.0151,0.9684,0.1954,0.988
13.481514644,0.0147,0.9709,0.1967,0.991
13.483589221,0.0151,0.9711,0.1947,0.991
13.485524606,0.0149,0.9719,0.1942,0.991
13.496027644,0.0151,0.9750,0.1942,0.994
13.497500183,0.0149,0.9755,0.1925,0.994
13.498727606,0.0139,0.9758,0.1932,0.995
13.499809683,0.0147,0.9758,0.1935,0.995
13.500745414,0.0144,0.9753,0.1942,0.995
13.501750029,0.0125,0.9760,0.1937,0.995
13.502575106,0.0127,0.9767,0.1930,0.996
13.503652798,0.0132,0.9777,0.1928,0.997
13.504653952,0.0142,0.9789,0.1913,0.998
13.505856952,0.0147,0.9780,0.1906,0.996
13.525176029,0.0142,0.9770,0.1910,0.996
13.526860606,0.0149,0.9770,0.1910,0.996
13.528315952,0.0156,0.9772,0.1923,0.996
13.529505414,0.0147,0.9797,0.1925,0.999
13.531330875,0.0132,0.9792,0.1937,0.998
13.532961452,0.0127,0.9797,0.1940,0.999
13.534076567,0.0139,0.9802,0.1932,0.999
13.535276952,0.0134,0.9802,0.1935,0.999
13.536302491,0.0132,0.9819,0.1947,1.001
13.537488067,0.0147,0.9816,0.1950,1.001
13.538647837,0.0156,0.9806,0.1950,1.000
13.539782567,0.0159,0.9802,0.1964,1.000
13.540861875,0.0156,0.9784,0.1954,0.998
13.541579644,0.0147,0.9782,0.1967,0.998
13.542579491,0.0159,0.9799,0.1979,1.000
13.543377452,0.0164,0.9799,0.1981,1.000
13.54416076,0.0164,0.9799,0.1972,1.000
13.545032491,0.0171,0.9799,0.1974,1.000
13.545698798,0.0171,0.9797,0.1991,1.000
13.546500875,0.0173,0.9804,0.1984,1.000
13.547290106,0.0178,0.9806,0.1984,1.001
13.549654106,0.0188,0.9792,0.2001,1.000
13.551123952,0.0195,0.9780,0.1998,0.998
13.552791914,0.0195,0.9780,0.1994,0.998
13.557836067,0.0188,0.9794,0.2028,1.000
13.559409683,0.0195,0.9777,0.2033,0.999
13.560542991,0.0205,0.9780,0.2020,0.999
13.561658337,0.0205,0.9775,0.2025,0.998
13.562811606,0.0198,0.9777,0.2025,0.999
13.564545529,0.0188,0.9760,0.2011,0.997
13.566312567,0.0208,0.9753,0.1998,0.996
13.568371952,0.0205,0.9760,0.2003,0.997
13.570323144,0.0203,0.9780,0.1998,0.998
13.573103567,0.0191,0.9772,0.1996,0.998
13.574593875,0.0205,0.9755,0.2011,0.996
13.576194991,0.0205,0.9765,0.2001,0.997
13.578155183,0.0213,0.9767,0.1989,0.997
13.580070567,0.0215,0.9765,0.1996,0.997
13.582022414,0.0215,0.9762,0.1986,0.996
13.584147683,0.0220,0.9772,0.1976,0.997
13.586006875,0.0208,0.9750,0.1976,0.995
13.596473491,0.0210,0.9748,0.1974,0.995
13.597864914,0.0225,0.9748,0.1979,0.995
13.598958875,0.0225,0.9740,0.1967,0.994
13.599977567,0.0230,0.9750,0.1954,0.995
13.600863414,0.0222,0.9753,0.1947,0.995
13.601851837,0.0220,0.9755,0.1942,0.995
13.602811491,0.0225,0.9745,0.1950,0.994
13.603124529,0.0220,0.9740,0.1947,0.994
13.603823952,0.0222,0.9753,0.1945,0.995
13.616372029,0.0203,0.9748,0.1945,0.994
13.616928298,0.0186,0.9755,0.1964,0.995
13.617182644,0.0186,0.9745,0.1986,0.995
13.617427452,0.0169,0.9740,0.2006,0.995
13.617655375,0.0176,0.9733,0.1996,0.994
13.617921529,0.0195,0.9733,0.1994,0.994
13.61814399,0.0195,0.9726,0.1976,0.993
13.619911414,0.0198,0.9728,0.1964,0.993
13.628051567,0.0203,0.9723,0.1947,0.992
13.628853606,0.0215,0.9726,0.1942,0.992
13.629244414,0.0222,0.9733,0.1918,0.992
13.629629952,0.0217,0.9726,0.1886,0.991
13.629982298,0.0217,0.9721,0.1871,0.990
13.631526952,0.0220,0.9740,0.1859,0.992
13.633710837,0.0210,0.9736,0.1820,0.991
13.635306914,0.0200,0.9738,0.1803,0.991
13.637470875,0.0215,0.9755,0.1798,0.992
13.639926337,0.0222,0.9762,0.1788,0.993
13.64178676,0.0217,0.9760,0.1786,0.992
13.643438683,0.0203,0.9775,0.1803,0.994
13.645489375,0.0183,0.9780,0.1805,0.995
13.647243144,0.0178,0.9797,0.1825,0.997
13.649013298,0.0161,0.9797,0.1888,0.998
13.651089683,0.0156,0.9809,0.1913,0.999
13.653098721,0.0156,0.9824,0.1945,1.002
13.656244606,0.0151,0.9836,0.1952,1.003
13.65707949,0.0137,0.9831,0.1979,1.003
13.659076414,0.0134,0.9826,0.2008,1.003
13.661170183,0.0134,0.9819,0.2018,1.002
13.663046106,0.0156,0.9833,0.2050,1.005
13.665085298,0.0156,0.9846,0.2084,1.006
13.667017221,0.0147,0.9841,0.2091,1.006
13.669014375,0.0159,0.9846,0.2108,1.007
13.670849298,0.0176,0.9843,0.2133,1.007
13.673358529,0.0169,0.9836,0.2160,1.007
13.674802298,0.0186,0.9824,0.2201,1.007
13.676648914,0.0178,0.9828,0.2216,1.008
13.67866476,0.0173,0.9826,0.2240,1.008
13.680928183,0.0186,0.9814,0.2260,1.007
13.682878837,0.0186,0.9806,0.2272,1.007
13.68466749,0.0188,0.9799,0.2284,1.006
13.686634067,0.0178,0.9799,0.2279,1.006
13.691411375,0.0173,0.9775,0.2250,1.003
13.691977337,0.0178,0.9748,0.2231,1.000
13.69275626,0.0186,0.9748,0.2201,0.999
13.694713914,0.0176,0.9723,0.2138,0.996
13.699272183,0.0178,0.9711,0.2099,0.994
13.699557875,0.0166,0.9716,0.2045,0.993
13.700515644,0.0161,0.9701,0.1962,0.990
13.702304567,0.0156,0.9697,0.1928,0.989
13.70469599,0.0151,0.9689,0.1876,0.987
13.710878683,0.0147,0.9699,0.1827,0.987
13.711639644,0.0142,0.9716,0.1761,0.988
13.711896837,0.0115,0.9748,0.1700,0.990
13.712360337,0.0110,0.9758,0.1669,0.990
13.714260144,0.0107,0.9765,0.1620,0.990
13.716845221,0.0115,0.9772,0.1578,0.990
13.718180298,0.0129,0.9775,0.1571,0.990
13.720131221,0.0117,0.9782,0.1532,0.990
13.722288798,0.0120,0.9784,0.1524,0.990
13.724374067,0.0134,0.9789,0.1507,0.991
13.725950298,0.0161,0.9789,0.1505,0.991
13.728004452,0.0173,0.9797,0.1512,0.991
13.72990249,0.0195,0.9816,0.1537,0.994
13.731965183,0.0210,0.9806,0.1544,0.993
13.733750375,0.0213,0.9802,0.1578,0.993
13.735951375,0.0210,0.9806,0.1625,0.994
13.739053375,0.0215,0.9816,0.1634,0.995
13.739685913,0.0232,0.9814,0.1693,0.996
13.741648106,0.0220,0.9814,0.1764,0.997
13.743810337,0.0232,0.9836,0.1801,1.000
13.745689644,0.0252,0.9816,0.1871,1.000
13.747765529,0.0247,0.9811,0.1906,1.000
13.749591913,0.0205,0.9782,0.1974,0.998
13.751647029,0.0200,0.9775,0.2040,0.999
13.75350549,0.0183,0.9775,0.2079,1.000
13.755795221,0.0149,0.9760,0.2130,0.999
13.757521029,0.0137,0.9758,0.2167,1.000
13.75955899,0.0132,0.9740,0.2233,0.999
13.76148099,0.0129,0.9726,0.2287,0.999
13.763703952,0.0122,0.9733,0.2314,1.001
13.765678183,0.0100,0.9706,0.2360,0.999
13.767736913,0.0095,0.9689,0.2382,0.998
13.76943199,0.0093,0.9692,0.2384,0.998
13.774566529,0.0100,0.9667,0.2382,0.996
13.775141029,0.0100,0.9660,0.2370,0.995
13.775386413,0.0105,0.9655,0.2362,0.994
13.777350106,0.0110,0.9655,0.2367,0.994
13.779505837,0.0117,0.9657,0.2360,0.994
13.781499298,0.0115,0.9662,0.2358,0.995
13.783322567,0.0122,0.9670,0.2326,0.995
13.785104375,0.0122,0.9679,0.2311,0.995
13.787119529,0.0142,0.9677,0.2274,0.994
13.792921875,0.0149,0.9670,0.2255,0.993
13.793397952,0.0156,0.9687,0.2213,0.994
13.79364576,0.0164,0.9704,0.2179,0.995
13.795041644,0.0159,0.9714,0.2155,0.995
13.797099413,0.0173,0.9731,0.2096,0.996
13.799025337,0.0181,0.9736,0.2081,0.996
13.801040606,0.0193,0.9743,0.2050,0.996
13.803434721,0.0198,0.9777,0.2028,0.999
13.805312375,0.0200,0.9787,0.2001,0.999
13.807099183,0.0217,0.9772,0.1954,0.997
13.80879376,0.0227,0.9770,0.1908,0.996
13.810924683,0.0239,0.9770,0.1879,0.995
13.812963798,0.0252,0.9792,0.1845,0.997
13.814955183,0.0244,0.9792,0.1837,0.997
13.816676452,0.0232,0.9787,0.1805,0.995
13.818857221,0.0242,0.9799,0.1791,0.996
13.820884221,0.0257,0.9794,0.1783,0.996
13.823543106,0.0252,0.9789,0.1779,0.995
13.82476049,0.0266,0.9804,0.1776,0.997
13.826747106,0.0261,0.9804,0.1774,0.997
13.82915876,0.0266,0.9797,0.1803,0.996
13.83067026,0.0264,0.9784,0.1791,0.995
13.83253676,0.0225,0.9789,0.1793,0.995
13.834558683,0.0222,0.9799,0.1810,0.997
13.836654529,0.0239,0.9802,0.1808,0.997
13.839176683,0.0257,0.9806,0.1840,0.998
13.840786875,0.0237,0.9809,0.1835,0.998
13.842649413,0.0230,0.9814,0.1852,0.999
13.844317529,0.0252,0.9809,0.1876,0.999
13.84630426,0.0244,0.9814,0.1888,1.000
13.848404836,0.0213,0.9836,0.1884,1.002
13.85046349,0.0203,0.9821,0.1901,1.001
13.85239426,0.0203,0.9816,0.1903,1.000
13.856737413,0.0193,0.9819,0.1935,1.001
13.858487298,0.0191,0.9826,0.1945,1.002
13.859533183,0.0191,0.9819,0.1962,1.001
13.860728683,0.0188,0.9814,0.1964,1.001
13.86250149,0.0183,0.9814,0.1962,1.001
13.864484836,0.0181,0.9824,0.1952,1.002
13.86652776,0.0156,0.9831,0.1937,1.002
13.868534298,0.0161,0.9831,0.1930,1.002
13.870666029,0.0181,0.9824,0.1935,1.001
13.873842221,0.0178,0.9824,0.1940,1.001
13.875500413,0.0164,0.9816,0.1928,1.001
13.877215836,0.0142,0.9811,0.1925,1.000
13.878640836,0.0144,0.9804,0.1932,0.999
13.880258529,0.0142,0.9809,0.1920,1.000
13.882207413,0.0166,0.9804,0.1918,0.999
13.884311413,0.0161,0.9806,0.1918,0.999
13.88621526,0.0164,0.9787,0.1893,0.997
13.897947413,0.0171,0.9792,0.1886,0.997
13.899631375,0.0171,0.9794,0.1903,0.998
13.900612952,0.0171,0.9789,0.1915,0.998
13.901662836,0.0176,0.9762,0.1918,0.995
13.903119067,0.0176,0.9762,0.1925,0.995
13.904457452,0.0178,0.9765,0.1925,0.995
13.905260529,0.0156,0.9745,0.1928,0.994
13.907083567,0.0147,0.9733,0.1947,0.993
13.90757326,0.0159,0.9733,0.1954,0.993
13.908035336,0.0173,0.9738,0.1976,0.994
13.908320721,0.0169,0.9736,0.1981,0.994
13.919408529,0.0171,0.9736,0.1994,0.994
13.920025336,0.0200,0.9750,0.1994,0.995
13.920326067,0.0210,0.9743,0.1998,0.995
13.920596067,0.0191,0.9740,0.2033,0.995
13.920857798,0.0213,0.9733,0.2038,0.995
13.921110106,0.0210,0.9728,0.2045,0.994
13.92136999,0.0227,0.9740,0.2060,0.996
13.929927644,0.0227,0.9738,0.2055,0.996
13.930524875,0.0230,0.9726,0.2060,0.994
13.930983721,0.0254,0.9723,0.2077,0.995
13.931297913,0.0264,0.9726,0.2072,0.995
13.931612413,0.0247,0.9753,0.2067,0.997
13.933313952,0.0239,0.9767,0.2067,0.999
13.935523875,0.0227,0.9770,0.2067,0.999
13.937283183,0.0213,0.9782,0.2067,1.000
13.940128298,0.0205,0.9789,0.2062,1.001
13.941560106,0.0188,0.9799,0.2045,1.001
13.943333067,0.0210,0.9792,0.2033,1.000
13.945128644,0.0198,0.9806,0.2030,1.002
13.947306836,0.0166,0.9809,0.2023,1.002
13.949152836,0.0181,0.9804,0.1986,1.000
13.951598144,0.0176,0.9809,0.1974,1.001
13.953515375,0.0178,0.9828,0.1937,1.002
13.95628399,0.0181,0.9826,0.1923,1.001
13.957859567,0.0176,0.9824,0.1925,1.001
13.959290875,0.0186,0.9833,0.1928,1.002
13.961246606,0.0186,0.9831,0.1908,1.002
13.963166683,0.0178,0.9836,0.1906,1.002
13.965134759,0.0178,0.9841,0.1888,1.002
13.967023183,0.0181,0.9846,0.1884,1.003
13.969005798,0.0176,0.9858,0.1874,1.004
13.971056798,0.0171,0.9853,0.1869,1.003
13.972863798,0.0186,0.9850,0.1876,1.003
13.97492549,0.0176,0.9848,0.1874,1.003
13.976809183,0.0183,0.9838,0.1874,1.002
13.97896149,0.0203,0.9846,0.1874,1.002
13.980850529,0.0183,0.9848,0.1886,1.003
13.982784336,0.0188,0.9848,0.1886,1.003
13.984813683,0.0208,0.9824,0.1881,1.000
13.986760298,0.0213,0.9806,0.1879,0.999
13.992016298,0.0186,0.9777,0.1888,0.996
13.992588606,0.0191,0.9782,0.1908,0.997
13.992881336,0.0191,0.9787,0.1913,0.997
13.994798067,0.0193,0.9780,0.1913,0.997
13.996743606,0.0203,0.9765,0.1923,0.995
13.998595875,0.0200,0.9762,0.1937,0.995
14.00074099,0.0208,0.9750,0.1918,0.994
14.002508952,0.0213,0.9740,0.1928,0.993
14.004792721,0.0227,0.9721,0.1937,0.991
14.010455298,0.0208,0.9711,0.1950,0.991
14.01091299,0.0208,0.9694,0.1962,0.989
14.011170259,0.0210,0.9682,0.1967,0.988
14.012693067,0.0208,0.9684,0.1974,0.989
14.014439529,0.0205,0.9682,0.1981,0.988
14.01641599,0.0213,0.9687,0.1979,0.989
14.018121106,0.0210,0.9687,0.1979,0.989
14.020202029,0.0217,0.9682,0.1994,0.989
14.022600221,0.0220,0.9687,0.2001,0.989
14.024216336,0.0213,0.9677,0.1984,0.988
14.026223836,0.0203,0.9677,0.1998,0.988
14.028172644,0.0200,0.9677,0.2001,0.988
14.030094183,0.0208,0.9677,0.1996,0.988
14.032159759,0.0210,0.9679,0.1989,0.988
14.034068952,0.0208,0.9677,0.1994,0.988
14.03602999,0.0217,0.9662,0.1998,0.987
14.038035452,0.0220,0.9675,0.1991,0.988
14.040144375,0.0215,0.9677,0.1994,0.988
14.041884798,0.0208,0.9679,0.1981,0.988
14.044030759,0.0203,0.9677,0.1994,0.988
14.045816952,0.0210,0.9687,0.1996,0.989
14.047806452,0.0220,0.9689,0.1994,0.989
14.049910721,0.0235,0.9709,0.1984,0.991
14.051993798,0.0200,0.9714,0.1986,0.992
14.053772798,0.0205,0.9701,0.1994,0.991
14.056848682,0.0200,0.9709,0.1986,0.991
14.05867799,0.0210,0.9704,0.1986,0.991
14.059811759,0.0198,0.9706,0.1976,0.991
14.061731413,0.0191,0.9731,0.1981,0.993
14.063991529,0.0195,0.9728,0.1981,0.993
14.065794106,0.0198,0.9738,0.1976,0.994
14.067753567,0.0191,0.9760,0.1974,0.996
14.069641952,0.0186,0.9760,0.1976,0.996
14.075341144,0.0188,0.9762,0.1967,0.996
14.075921182,0.0188,0.9772,0.1979,0.997
14.076170759,0.0186,0.9777,0.1986,0.998
14.07775949,0.0181,0.9787,0.1996,0.999
14.07976499,0.0173,0.9789,0.1989,0.999
14.081561759,0.0181,0.9782,0.1976,0.998
14.08375349,0.0186,0.9782,0.2001,0.999
14.085406606,0.0188,0.9780,0.2006,0.998
14.087730644,0.0193,0.9799,0.1981,1.000
14.092297375,0.0183,0.9780,0.1967,0.998
14.092746298,0.0176,0.9777,0.1974,0.998
14.093384798,0.0173,0.9772,0.1979,0.997
14.095476029,0.0171,0.9787,0.1976,0.999
14.097308682,0.0186,0.9802,0.1991,1.000
14.099389798,0.0181,0.9799,0.2001,1.000
14.101212144,0.0183,0.9799,0.1994,1.000
14.103277452,0.0193,0.9804,0.1976,1.000
14.106038029,0.0176,0.9811,0.1981,1.001
14.107398298,0.0176,0.9804,0.2003,1.001
14.109148452,0.0181,0.9797,0.1991,1.000
14.111373452,0.0188,0.9797,0.1986,1.000
14.113061836,0.0181,0.9787,0.1974,0.999
14.115248798,0.0166,0.9782,0.1984,0.998
14.117086298,0.0171,0.9782,0.1984,0.998
14.119252029,0.0186,0.9777,0.1974,0.998
14.121369106,0.0186,0.9777,0.1994,0.998
14.124056567,0.0193,0.9794,0.1994,1.000
14.125772298,0.0188,0.9794,0.1964,0.999
14.127376144,0.0186,0.9784,0.1962,0.998
14.129085529,0.0171,0.9770,0.1974,0.997
14.131282529,0.0166,0.9780,0.1964,0.998
14.133148913,0.0176,0.9789,0.1962,0.999
14.135053913,0.0183,0.9802,0.1972,1.000
14.137112606,0.0188,0.9794,0.1967,0.999
14.140451029,0.0193,0.9767,0.1964,0.996
14.142208798,0.0193,0.9772,0.1952,0.997
14.143548606,0.0186,0.9775,0.1947,0.997
14.145015336,0.0191,0.9777,0.1940,0.997
14.146821452,0.0176,0.9762,0.1952,0.996
14.148803259,0.0181,0.9770,0.1954,0.997
14.150831836,0.0191,0.9782,0.1954,0.998
14.152910606,0.0186,0.9782,0.1957,0.998
14.155018413,0.0173,0.9755,0.1945,0.995
14.158240182,0.0178,0.9750,0.1967,0.995
14.159889529,0.0186,0.9743,0.1972,0.994
14.161031221,0.0188,0.9765,0.1974,0.996
14.162563452,0.0186,0.9762,0.1974,0.996
14.164629029,0.0176,0.9760,0.1989,0.996
14.166541413,0.0181,0.9743,0.1969,0.994
14.168558605,0.0191,0.9750,0.1952,0.995
14.170678567,0.0203,0.9736,0.1925,0.993
14.174175913,0.0208,0.9733,0.1918,0.992
14.17591499,0.0217,0.9745,0.1884,0.993
14.177044105,0.0225,0.9750,0.1874,0.993
14.178610952,0.0220,0.9745,0.1862,0.992
14.180487144,0.0230,0.9750,0.1815,0.992
14.18218299,0.0239,0.9758,0.1796,0.992
14.184521259,0.0235,0.9760,0.1788,0.993
14.186475144,0.0235,0.9753,0.1781,0.992
14.188141029,0.0232,0.9755,0.1786,0.992
14.199161605,0.0213,0.9770,0.1783,0.993
14.200743413,0.0200,0.9775,0.1818,0.994
14.201856259,0.0198,0.9780,0.1832,0.995
14.203205913,0.0195,0.9784,0.1862,0.996
14.204347105,0.0173,0.9802,0.1901,0.999
14.205409375,0.0181,0.9789,0.1915,0.998
14.206801682,0.0147,0.9780,0.1959,0.998
14.207568452,0.0154,0.9784,0.1967,0.998
14.208033952,0.0169,0.9797,0.1969,0.999
14.217153875,0.0159,0.9794,0.2011,1.000
14.218031913,0.0159,0.9789,0.2030,1.000
14.218542529,0.0156,0.9775,0.2060,0.999
14.218968259,0.0173,0.9775,0.2079,0.999
14.219364567,0.0169,0.9772,0.2079,0.999
14.219778336,0.0173,0.9787,0.2121,1.002
14.220190144,0.0171,0.9772,0.2150,1.001
14.221940221,0.0183,0.9755,0.2189,1.000
14.229699452,0.0178,0.9745,0.2226,1.000
14.230631259,0.0186,0.9738,0.2231,0.999
14.231082375,0.0208,0.9728,0.2253,0.999
14.231500798,0.0213,0.9726,0.2257,0.999
14.231937875,0.0217,0.9728,0.2279,0.999
14.23361599,0.0230,0.9721,0.2284,0.999
14.235604721,0.0230,0.9714,0.2292,0.998
14.237632375,0.0230,0.9684,0.2272,0.995
14.24043799,0.0242,0.9682,0.2248,0.994
14.242108529,0.0249,0.9682,0.2235,0.994
14.243484798,0.0244,0.9665,0.2172,0.991
14.24546299,0.0249,0.9660,0.2147,0.990
14.247629567,0.0249,0.9653,0.2123,0.989
14.249466452,0.0220,0.9643,0.2069,0.986
14.251724221,0.0215,0.9653,0.2038,0.987
14.253446913,0.0193,0.9643,0.1981,0.985
14.255545105,0.0178,0.9653,0.1945,0.985
14.258343644,0.0166,0.9655,0.1918,0.985
14.259882298,0.0142,0.9672,0.1859,0.985
14.26149049,0.0149,0.9675,0.1835,0.985
14.263533682,0.0166,0.9687,0.1813,0.986
14.265340721,0.0156,0.9701,0.1769,0.986
14.267338028,0.0149,0.9716,0.1764,0.988
14.269319028,0.0147,0.9736,0.1722,0.989
14.271118413,0.0137,0.9758,0.1727,0.991
14.274067182,0.0139,0.9762,0.1720,0.991
14.275748682,0.0144,0.9794,0.1708,0.994
14.277885452,0.0159,0.9802,0.1703,0.995
14.279337413,0.0181,0.9802,0.1710,0.995
14.281100567,0.0198,0.9802,0.1747,0.996
14.283069721,0.0203,0.9799,0.1757,0.996
14.285171375,0.0193,0.9811,0.1791,0.998
14.287019221,0.0200,0.9819,0.1803,0.998
14.297352105,0.0220,0.9811,0.1847,0.999
14.298933182,0.0213,0.9816,0.1864,0.999
14.300022875,0.0208,0.9811,0.1874,0.999
14.301126798,0.0213,0.9806,0.1932,1.000
14.302048644,0.0213,0.9809,0.1994,1.001
14.303307798,0.0193,0.9811,0.2006,1.002
14.303947836,0.0183,0.9792,0.2040,1.000
14.304336067,0.0171,0.9792,0.2064,1.001
14.304978721,0.0144,0.9797,0.2121,1.002
14.315375605,0.0110,0.9775,0.2152,1.001
14.316254836,0.0095,0.9777,0.2165,1.001
14.316700221,0.0071,0.9775,0.2228,1.003
14.317136259,0.0076,0.9765,0.2255,1.002
14.317579259,0.0061,0.9753,0.2267,1.001
14.318019836,0.0044,0.9753,0.2274,1.001
14.318565605,0.0017,0.9760,0.2267,1.002
14.320528067,0.0027,0.9733,0.2277,1.000
14.323695298,0.0022,0.9731,0.2294,1.000
14.324753605,0.0017,0.9723,0.2279,0.999
14.326299759,0.0017,0.9736,0.2270,1.000
14.32848199,0.0027,0.9748,0.2257,1.001
14.330500528,0.0007,0.9743,0.2253,1.000
14.332229682,0.0022,0.9753,0.2216,1.000
14.334427028,0.0029,0.9748,0.2206,0.999
14.336442375,0.0049,0.9765,0.2196,1.001
14.338100182,0.0046,0.9775,0.2174,1.001
14.340387644,0.0064,0.9770,0.2128,1.000
14.342066836,0.0088,0.9775,0.2103,1.000
14.344086259,0.0093,0.9777,0.2091,1.000
14.346077528,0.0125,0.9770,0.2042,0.998
14.348472913,0.0139,0.9782,0.1994,0.998
14.34990399,0.0137,0.9792,0.1976,0.999
14.352491721,0.0159,0.9799,0.1940,0.999
14.354118144,0.0178,0.9794,0.1937,0.999
14.357447336,0.0191,0.9802,0.1910,0.999
14.358333452,0.0225,0.9816,0.1879,1.000
14.36013349,0.0235,0.9809,0.1874,0.999
14.361950952,0.0257,0.9804,0.1859,0.998
14.364004721,0.0286,0.9797,0.1845,0.997
14.365815913,0.0293,0.9809,0.1830,0.998
14.368010798,0.0318,0.9824,0.1832,1.000
14.370064298,0.0349,0.9816,0.1840,0.999
14.37194849,0.0354,0.9806,0.1847,0.999
14.374554528,0.0340,0.9811,0.1862,0.999
14.375924528,0.0332,0.9809,0.1869,0.999
14.377830759,0.0349,0.9804,0.1903,0.999
14.380000067,0.0364,0.9806,0.1925,1.000
14.38174049,0.0362,0.9804,0.1957,1.000
14.383953605,0.0357,0.9799,0.1984,1.000
14.385716721,0.0366,0.9797,0.1991,1.000
14.387854375,0.0371,0.9780,0.2023,0.999
14.398518451,0.0362,0.9775,0.2047,0.999
14.400114605,0.0359,0.9775,0.2062,1.000
14.401483375,0.0371,0.9750,0.2101,0.998
14.402818721,0.0359,0.9733,0.2135,0.997
14.404297298,0.0364,0.9731,0.2155,0.997
14.406120875,0.0369,0.9721,0.2179,0.997
14.407789875,0.0366,0.9721,0.2206,0.997
14.409038105,0.0349,0.9726,0.2228,0.998
14.410104836,0.0330,0.9719,0.2257,0.998
14.411227798,0.0332,0.9721,0.2265,0.999
14.411650951,0.0327,0.9716,0.2272,0.998
14.412043451,0.0310,0.9704,0.2284,0.997
14.417966913,0.0303,0.9704,0.2292,0.998
14.418762528,0.0288,0.9714,0.2279,0.998
14.419199605,0.0283,0.9709,0.2272,0.998
14.419639028,0.0279,0.9714,0.2292,0.998
14.421174528,0.0264,0.9701,0.2289,0.997
14.426046567,0.0266,0.9699,0.2294,0.997
14.426913913,0.0254,0.9687,0.2270,0.995
14.427359221,0.0254,0.9689,0.2255,0.995
14.429085221,0.0242,0.9701,0.2235,0.996
14.431083951,0.0235,0.9704,0.2218,0.996
14.432965259,0.0230,0.9699,0.2199,0.995
14.435407605,0.0230,0.9709,0.2177,0.995
14.437132836,0.0217,0.9699,0.2152,0.994
14.439139336,0.0215,0.9687,0.2128,0.992
14.441729105,0.0220,0.9704,0.2094,0.993
14.442885144,0.0203,0.9714,0.2094,0.994
14.445422375,0.0193,0.9719,0.2067,0.994
14.446980875,0.0198,0.9716,0.2040,0.993
14.448853798,0.0195,0.9721,0.2033,0.993
14.451087605,0.0188,0.9721,0.2013,0.993
14.453105105,0.0178,0.9714,0.1998,0.992
14.454958721,0.0176,0.9699,0.1989,0.990
14.458011528,0.0171,0.9711,0.1991,0.991
14.459778028,0.0173,0.9701,0.1998,0.991
14.461056875,0.0178,0.9716,0.1979,0.992
14.462899105,0.0181,0.9714,0.1981,0.992
14.464845528,0.0178,0.9711,0.1986,0.991
14.466678913,0.0159,0.9726,0.1994,0.993
14.468657836,0.0161,0.9726,0.1996,0.993
14.470637951,0.0186,0.9726,0.2011,0.993
14.47401199,0.0198,0.9716,0.2016,0.992
14.475271259,0.0186,0.9728,0.2013,0.994
14.477932605,0.0178,0.9721,0.2025,0.993
14.479604798,0.0169,0.9714,0.2038,0.993
14.481235874,0.0161,0.9721,0.2030,0.993
14.483548144,0.0166,0.9753,0.2033,0.996
14.484699298,0.0156,0.9760,0.2033,0.997
14.486313413,0.0147,0.9762,0.2025,0.997
14.488536759,0.0129,0.9765,0.2050,0.998
14.501749336,0.0132,0.9770,0.2050,0.998
14.50369699,0.0132,0.9792,0.2038,1.000
14.505046374,0.0117,0.9787,0.2040,1.000
14.506873182,0.0105,0.9802,0.2030,1.001
14.508898605,0.0098,0.9824,0.2038,1.003
14.510810028,0.0110,0.9816,0.2028,1.002
14.51253499,0.0100,0.9799,0.2016,1.000
14.513594336,0.0098,0.9809,0.2013,1.001
14.514681836,0.0107,0.9824,0.1994,1.002
14.515504067,0.0112,0.9826,0.1986,1.003
14.516963605,0.0100,0.9826,0.1972,1.002
14.517404528,0.0100,0.9836,0.1969,1.003
14.517746413,0.0117,0.9838,0.1969,1.003
14.518103144,0.0125,0.9836,0.1959,1.003
14.518530413,0.0125,0.9826,0.1957,1.002
14.52139349,0.0132,0.9828,0.1942,1.002
14.522140721,0.0129,0.9843,0.1923,1.003
14.524250067,0.0147,0.9848,0.1915,1.003
14.525872451,0.0151,0.9826,0.1915,1.001
14.527929951,0.0147,0.9836,0.1923,1.002
14.529774528,0.0161,0.9831,0.1913,1.002
14.531654682,0.0164,0.9824,0.1918,1.001
14.533585413,0.0164,0.9821,0.1925,1.001
14.535619644,0.0161,0.9821,0.1925,1.001
14.537704336,0.0171,0.9824,0.1930,1.001
14.54037799,0.0186,0.9811,0.1952,1.001
14.541676028,0.0188,0.9806,0.1954,1.000
14.54371149,0.0183,0.9799,0.1959,0.999
14.545587951,0.0195,0.9784,0.1954,0.998
14.547597336,0.0208,0.9775,0.1967,0.997
14.549457759,0.0210,0.9762,0.1974,0.996
14.551354182,0.0215,0.9745,0.1974,0.995
14.553407759,0.0210,0.9726,0.1981,0.993
14.55557599,0.0217,0.9709,0.1986,0.991
14.557400336,0.0222,0.9694,0.1984,0.990
14.559650259,0.0235,0.9692,0.2006,0.990
14.561300759,0.0257,0.9684,0.2020,0.990
14.563439182,0.0257,0.9670,0.2013,0.988
14.56549349,0.0247,0.9672,0.2025,0.988
14.567511759,0.0259,0.9657,0.2030,0.987
14.569400605,0.0261,0.9662,0.2047,0.988
14.571377144,0.0276,0.9665,0.2062,0.989
14.580237374,0.0286,0.9657,0.2067,0.988
14.581291605,0.0291,0.9643,0.2060,0.986
14.581980413,0.0283,0.9645,0.2062,0.987
14.582746567,0.0283,0.9635,0.2074,0.986
14.583567567,0.0276,0.9648,0.2072,0.987
14.584276067,0.0274,0.9665,0.2072,0.989
14.585354644,0.0286,0.9675,0.2079,0.990
14.587319874,0.0283,0.9662,0.2099,0.989
14.589084221,0.0296,0.9667,0.2103,0.990
14.598723105,0.0279,0.9677,0.2111,0.991
14.599922605,0.0276,0.9677,0.2103,0.991
14.600769913,0.0286,0.9670,0.2103,0.990
14.601545721,0.0283,0.9701,0.2086,0.993
14.60221949,0.0279,0.9706,0.2077,0.993
14.603203297,0.0283,0.9704,0.2081,0.993
14.603990797,0.0279,0.9716,0.2086,0.994
14.604845413,0.0266,0.9719,0.2081,0.994
14.608426721,0.0247,0.9726,0.2084,0.995
14.609783028,0.0249,0.9740,0.2089,0.997
14.610885259,0.0230,0.9767,0.2074,0.999
14.612673144,0.0220,0.9780,0.2079,1.000
14.614692836,0.0232,0.9777,0.2084,1.000
14.616547682,0.0225,0.9780,0.2064,1.000
14.618611413,0.0220,0.9777,0.2072,1.000
14.620596221,0.0215,0.9784,0.2055,1.000
14.622690644,0.0195,0.9789,0.2050,1.000
14.625615567,0.0186,0.9789,0.2042,1.000
14.627166182,0.0159,0.9797,0.2035,1.001
14.62867149,0.0154,0.9811,0.2030,1.002
14.630536336,0.0149,0.9811,0.2040,1.002
14.632651259,0.0139,0.9828,0.2047,1.004
14.634605682,0.0137,0.9833,0.2040,1.004
14.636535067,0.0127,0.9836,0.2042,1.005
14.638498836,0.0132,0.9831,0.2023,1.004
14.641572721,0.0142,0.9821,0.2013,1.003
14.643192067,0.0117,0.9811,0.2013,1.002
14.644547182,0.0134,0.9814,0.2028,1.002
14.646423105,0.0125,0.9826,0.2033,1.003
14.64843199,0.0122,0.9831,0.2016,1.004
14.650231605,0.0120,0.9831,0.2020,1.004
14.652242105,0.0117,0.9831,0.2028,1.004
14.654451413,0.0115,0.9816,0.2045,1.003
14.657935028,0.0120,0.9811,0.2047,1.002
14.659511297,0.0100,0.9802,0.2033,1.001
14.661544605,0.0110,0.9804,0.2025,1.001
14.662825605,0.0127,0.9797,0.2023,1.000
14.664247605,0.0127,0.9799,0.2028,1.001
14.66619799,0.0117,0.9782,0.2020,0.999
14.668814836,0.0115,0.9782,0.2033,0.999
14.670122874,0.0112,0.9770,0.2045,0.998
14.672211721,0.0107,0.9760,0.2057,0.998
14.675360374,0.0125,0.9738,0.2052,0.995
14.676874105,0.0134,0.9736,0.2052,0.995
14.678105874,0.0139,0.9736,0.2067,0.995
14.68000199,0.0125,0.9716,0.2060,0.993
14.682141182,0.0137,0.9721,0.2057,0.994
14.684210297,0.0151,0.9709,0.2064,0.993
14.685988336,0.0142,0.9706,0.2062,0.992
14.688054644,0.0147,0.9706,0.2067,0.992
14.698136182,0.0149,0.9706,0.2084,0.993
14.699639528,0.0156,0.9709,0.2072,0.993
14.70055499,0.0164,0.9694,0.2057,0.991
14.70186022,0.0176,0.9701,0.2069,0.992
14.703000759,0.0176,0.9706,0.2072,0.993
14.70396599,0.0166,0.9709,0.2084,0.993
14.705156451,0.0200,0.9706,0.2089,0.993
14.706642682,0.0213,0.9701,0.2074,0.992
14.707892759,0.0208,0.9701,0.2094,0.993
14.709022297,0.0215,0.9701,0.2106,0.993
14.70996899,0.0213,0.9716,0.2111,0.994
14.719946605,0.0195,0.9704,0.2118,0.993
14.72045172,0.0191,0.9714,0.2123,0.994
14.720701105,0.0193,0.9711,0.2143,0.995
14.720948644,0.0198,0.9704,0.2138,0.994
14.721171067,0.0193,0.9699,0.2099,0.993
14.721400067,0.0203,0.9709,0.2074,0.993
14.730345644,0.0215,0.9706,0.2050,0.992
14.730937682,0.0215,0.9704,0.2030,0.992
14.731186797,0.0227,0.9694,0.2011,0.990
14.731429874,0.0235,0.9699,0.1994,0.990
14.73165749,0.0237,0.9701,0.1979,0.990
14.732996951,0.0237,0.9706,0.1964,0.991
14.735395182,0.0237,0.9723,0.1947,0.992
14.737071913,0.0235,0.9728,0.1940,0.992
14.739139028,0.0239,0.9726,0.1932,0.992
14.741032874,0.0225,0.9760,0.1940,0.995
14.743724067,0.0230,0.9765,0.1937,0.996
14.745182259,0.0227,0.9780,0.1954,0.998
14.747172451,0.0227,0.9789,0.1981,0.999
14.749161874,0.0227,0.9792,0.1989,0.999
14.751102759,0.0200,0.9794,0.2008,1.000
14.753097297,0.0213,0.9797,0.2020,1.001
14.75503399,0.0220,0.9792,0.2028,1.000
14.757571797,0.0210,0.9792,0.2045,1.001
14.758877105,0.0215,0.9799,0.2060,1.002
14.761278644,0.0227,0.9814,0.2067,1.003
14.76293649,0.0230,0.9802,0.2077,1.002
14.765043182,0.0232,0.9799,0.2108,1.003
14.76713799,0.0237,0.9794,0.2147,1.003
14.768726528,0.0230,0.9787,0.2184,1.003
14.77084022,0.0230,0.9787,0.2199,1.003
14.772853451,0.0242,0.9780,0.2228,1.003
14.775150028,0.0249,0.9789,0.2243,1.005
14.776785567,0.0237,0.9787,0.2260,1.005
14.779946028,0.0266,0.9775,0.2277,1.004
14.780900028,0.0261,0.9775,0.2277,1.004
14.78283272,0.0259,0.9755,0.2289,1.002
14.784807105,0.0244,0.9758,0.2299,1.003
14.786606874,0.0244,0.9753,0.2296,1.002
14.788613451,0.0257,0.9728,0.2287,1.000
14.798547067,0.0264,0.9726,0.2282,0.999
14.799917528,0.0254,0.9714,0.2238,0.997
14.800964297,0.0271,0.9701,0.2201,0.995
14.80193322,0.0279,0.9687,0.2174,0.993
14.803044913,0.0252,0.9687,0.2143,0.992
14.80382599,0.0239,0.9679,0.2121,0.991
14.80463549,0.0225,0.9675,0.2067,0.990
14.805973259,0.0208,0.9675,0.2018,0.988
14.807533874,0.0208,0.9684,0.1986,0.989
14.819214797,0.0195,0.9679,0.1928,0.987
14.821039605,0.0188,0.9697,0.1869,0.988
14.822255374,0.0178,0.9694,0.1852,0.987
14.823601605,0.0151,0.9714,0.1823,0.988
14.824807105,0.0142,0.9733,0.1803,0.990
14.826221143,0.0117,0.9743,0.1771,0.990
14.827476451,0.0105,0.9733,0.1754,0.989
14.828603413,0.0115,0.9740,0.1739,0.990
14.829340797,0.0139,0.9758,0.1722,0.991
14.830730143,0.0139,0.9775,0.1715,0.992
14.831501605,0.0134,0.9777,0.1725,0.993
14.83254572,0.0147,0.9802,0.1749,0.996
14.833221297,0.0147,0.9806,0.1749,0.996
14.834223913,0.0151,0.9809,0.1776,0.997
14.836846874,0.0161,0.9816,0.1815,0.998
14.838402759,0.0166,0.9819,0.1830,0.999
14.840966413,0.0176,0.9814,0.1835,0.999
14.842611643,0.0186,0.9824,0.1867,1.000
14.843947336,0.0186,0.9833,0.1884,1.001
14.845757336,0.0193,0.9826,0.1925,1.001
14.847815413,0.0191,0.9824,0.1959,1.002
14.849685028,0.0178,0.9819,0.2008,1.002
14.851929374,0.0171,0.9792,0.2060,1.001
14.85359399,0.0169,0.9792,0.2091,1.001
14.85578072,0.0129,0.9782,0.2138,1.001
14.859007297,0.0107,0.9770,0.2155,1.001
14.859848643,0.0110,0.9762,0.2196,1.001
14.861609528,0.0095,0.9750,0.2243,1.001
14.863731951,0.0081,0.9738,0.2262,1.000
14.86561649,0.0059,0.9723,0.2301,0.999
14.867660797,0.0046,0.9711,0.2331,0.999
14.869681413,0.0046,0.9699,0.2345,0.998
14.871601567,0.0037,0.9689,0.2340,0.997
14.876904143,0.0029,0.9677,0.2350,0.996
14.877465836,0.0037,0.9682,0.2380,0.997
14.878183028,0.0049,0.9687,0.2350,0.997
14.882327028,0.0046,0.9692,0.2336,0.997
14.88271299,0.0054,0.9689,0.2333,0.997
14.883893567,0.0054,0.9699,0.2316,0.997
14.885237028,0.0066,0.9704,0.2299,0.997
14.887291797,0.0081,0.9709,0.2282,0.997
14.889483374,0.0073,0.9706,0.2272,0.997
14.896328105,0.0081,0.9721,0.2238,0.998
14.897281836,0.0098,0.9726,0.2199,0.997
14.897557797,0.0112,0.9723,0.2187,0.997
14.89778499,0.0139,0.9721,0.2152,0.996
14.89907422,0.0139,0.9728,0.2135,0.996
14.901105143,0.0137,0.9745,0.2077,0.997
14.902977067,0.0147,0.9740,0.2040,0.995
14.90504472,0.0159,0.9745,0.2028,0.996
14.907951336,0.0171,0.9748,0.1986,0.995
14.908911336,0.0176,0.9758,0.1950,0.995
14.911055528,0.0171,0.9755,0.1937,0.995
14.912844374,0.0178,0.9753,0.1908,0.994
14.914864297,0.0181,0.9748,0.1886,0.993
14.91675799,0.0193,0.9765,0.1867,0.994
14.918856682,0.0193,0.9745,0.1849,0.992
14.920796143,0.0200,0.9743,0.1835,0.992
14.923032913,0.0210,0.9748,0.1867,0.993
14.925011951,0.0208,0.9767,0.1864,0.995
14.927163682,0.0222,0.9762,0.1874,0.994
14.92891272,0.0239,0.9748,0.1876,0.993
14.931150682,0.0247,0.9753,0.1876,0.993
14.932660951,0.0235,0.9765,0.1891,0.995
14.935049797,0.0232,0.9765,0.1913,0.995
14.93675549,0.0227,0.9770,0.1925,0.996
14.939062451,0.0235,0.9765,0.1942,0.996
14.94142999,0.0244,0.9767,0.1954,0.996
14.944139413,0.0244,0.9767,0.1986,0.997
14.944623105,0.0232,0.9770,0.2028,0.998
14.947151182,0.0222,0.9767,0.2038,0.998
14.948766028,0.0203,0.9789,0.2052,1.000
14.950537182,0.0183,0.9789,0.2096,1.001
14.95301872,0.0171,0.9784,0.2103,1.001
14.954698413,0.0161,0.9802,0.2116,1.003
14.958978028,0.0144,0.9794,0.2125,1.002
14.959682682,0.0149,0.9775,0.2121,1.000
14.960839605,0.0132,0.9772,0.2130,1.000
14.962719182,0.0129,0.9775,0.2140,1.001
14.96483872,0.0120,0.9767,0.2121,1.000
14.966504143,0.0120,0.9760,0.2123,0.999
14.96887349,0.0110,0.9758,0.2121,0.999
14.970540066,0.0122,0.9758,0.2111,0.998
14.97277422,0.0115,0.9755,0.2106,0.998
14.976595528,0.0107,0.9753,0.2096,0.998
14.977456797,0.0083,0.9750,0.2081,0.997
14.97834949,0.0081,0.9755,0.2072,0.997
14.980758028,0.0083,0.9750,0.2060,0.997
14.982206028,0.0093,0.9755,0.2025,0.996
14.984727951,0.0093,0.9758,0.2011,0.996
14.986242374,0.0088,0.9760,0.1998,0.996
14.98862399,0.0095,0.9765,0.1984,0.996
14.996337066,0.0093,0.9760,0.1986,0.996
14.997234566,0.0083,0.9780,0.1979,0.998
14.997636566,0.0093,0.9784,0.1974,0.998
14.998042951,0.0090,0.9780,0.1967,0.998
14.998540182,0.0095,0.9777,0.1974,0.997
15.000318913,0.0110,0.9780,0.1962,0.998
15.001907643,0.0112,0.9770,0.1942,0.996
15.004370451,0.0122,0.9772,0.1945,0.996
15.006177528,0.0117,0.9758,0.1969,0.995
15.008024374,0.0115,0.9762,0.1974,0.996
15.019769259,0.0122,0.9748,0.1979,0.995
15.020634874,0.0134,0.9760,0.1984,0.996
15.021062836,0.0137,0.9755,0.1994,0.996
15.021464682,0.0166,0.9743,0.2030,0.995
15.021912413,0.0178,0.9733,0.2030,0.994
15.02231122,0.0176,0.9721,0.2042,0.993
15.022780374,0.0186,0.9728,0.2062,0.995
15.023737105,0.0208,0.9719,0.2062,0.994
15.030537374,0.0213,0.9726,0.2062,0.994
15.032020759,0.0210,0.9714,0.2077,0.994
15.032852105,0.0203,0.9706,0.2089,0.993
15.033839182,0.0222,0.9714,0.2106,0.994
15.035045951,0.0225,0.9706,0.2130,0.994
15.036162105,0.0220,0.9706,0.2125,0.994
15.037531913,0.0213,0.9694,0.2125,0.993
15.039632874,0.0208,0.9689,0.2133,0.992
15.042579643,0.0200,0.9706,0.2152,0.994
15.044107374,0.0188,0.9689,0.2160,0.993
15.045367797,0.0205,0.9692,0.2167,0.993
15.047430759,0.0178,0.9687,0.2152,0.992
15.049335028,0.0176,0.9692,0.2145,0.993
15.051347682,0.0173,0.9689,0.2140,0.992
15.053184605,0.0164,0.9684,0.2155,0.992
15.055185682,0.0164,0.9689,0.2155,0.993
15.058750913,0.0176,0.9684,0.2145,0.992
15.060218028,0.0166,0.9684,0.2130,0.992
15.061517028,0.0171,0.9694,0.2128,0.993
15.063400836,0.0171,0.9719,0.2121,0.995
15.065065413,0.0147,0.9733,0.2121,0.996
15.067044336,0.0144,0.9731,0.2106,0.996
15.069126989,0.0164,0.9721,0.2099,0.995
15.071450836,0.0156,0.9733,0.2089,0.996
15.073257413,0.0142,0.9750,0.2079,0.997
15.076526489,0.0156,0.9762,0.2079,0.998
15.078028028,0.0156,0.9770,0.2067,0.999
15.079497836,0.0161,0.9780,0.2052,0.999
15.08109572,0.0154,0.9765,0.2045,0.998
15.083152143,0.0161,0.9767,0.2038,0.998
15.084812028,0.0171,0.9784,0.2028,0.999
15.086937336,0.0169,0.9784,0.2035,1.000
15.088961951,0.0164,0.9782,0.2033,0.999
15.099223028,0.0164,0.9789,0.2016,1.000
15.100673759,0.0154,0.9787,0.2008,0.999
15.101800913,0.0169,0.9782,0.1998,0.999
15.103152259,0.0151,0.9782,0.1998,0.999
15.104145605,0.0149,0.9782,0.1991,0.998
15.10501972,0.0125,0.9780,0.1976,0.998
15.106631528,0.0129,0.9770,0.1974,0.997
15.107277759,0.0142,0.9760,0.1962,0.996
15.107539413,0.0110,0.9777,0.1959,0.997
15.116209759,0.0107,0.9784,0.1954,0.998
15.116698028,0.0120,0.9797,0.1945,0.999
15.11696172,0.0125,0.9799,0.1945,0.999
15.117194259,0.0110,0.9787,0.1957,0.998
15.117434105,0.0110,0.9767,0.1940,0.996
15.118710489,0.0117,0.9770,0.1932,0.996
15.120584836,0.0122,0.9770,0.1925,0.996
15.122560682,0.0122,0.9775,0.1923,0.996
15.125021336,0.0120,0.9777,0.1915,0.996
15.126272836,0.0122,0.9787,0.1903,0.997
15.128894451,0.0122,0.9782,0.1896,0.996
15.130175297,0.0125,0.9784,0.1879,0.996
15.132580643,0.0115,0.9794,0.1888,0.998
15.134248912,0.0117,0.9780,0.1891,0.996
15.13678272,0.0115,0.9770,0.1888,0.995
15.138260182,0.0112,0.9762,0.1896,0.995
15.140168028,0.0107,0.9777,0.1903,0.996
15.14240972,0.0115,0.9772,0.1896,0.996
15.14447222,0.0125,0.9772,0.1898,0.996
15.146235412,0.0127,0.9760,0.1898,0.994
15.148162912,0.0129,0.9760,0.1918,0.995
15.150232682,0.0127,0.9753,0.1920,0.994
15.152647912,0.0127,0.9765,0.1923,0.995
15.154189374,0.0132,0.9775,0.1920,0.996
15.15650372,0.0117,0.9762,0.1935,0.995
15.159687259,0.0112,0.9745,0.1945,0.994
15.160626297,0.0115,0.9745,0.1952,0.994
15.162138643,0.0120,0.9748,0.1964,0.994
15.16450372,0.0122,0.9738,0.1959,0.993
15.166171182,0.0132,0.9733,0.1967,0.993
15.168347874,0.0125,0.9731,0.1979,0.993
15.170063182,0.0125,0.9728,0.1976,0.993
15.172341797,0.0139,0.9719,0.1998,0.992
15.175795951,0.0137,0.9721,0.2006,0.993
15.176701143,0.0137,0.9728,0.2003,0.993
15.177785182,0.0144,0.9701,0.2008,0.991
15.180020297,0.0129,0.9709,0.2023,0.992
15.181877989,0.0125,0.9711,0.2030,0.992
15.183844874,0.0142,0.9719,0.2040,0.993
15.185802643,0.0151,0.9719,0.2035,0.993
15.187825605,0.0142,0.9709,0.2033,0.992
15.189753143,0.0127,0.9716,0.2038,0.993
15.19961772,0.0132,0.9719,0.2038,0.993
15.201091989,0.0144,0.9704,0.2040,0.992
15.202293451,0.0144,0.9694,0.2033,0.991
15.203439643,0.0142,0.9694,0.2028,0.990
15.204470874,0.0139,0.9714,0.2013,0.992
15.205468297,0.0139,0.9711,0.2008,0.992
15.206450566,0.0127,0.9706,0.2030,0.992
15.207446451,0.0137,0.9709,0.2042,0.992
15.208830643,0.0137,0.9723,0.2050,0.994
15.209717912,0.0129,0.9726,0.2052,0.994
15.22293472,0.0137,0.9721,0.2045,0.993
15.224561989,0.0134,0.9731,0.2038,0.994
15.225706259,0.0137,0.9731,0.2052,0.995
15.226964182,0.0132,0.9721,0.2052,0.994
15.228149912,0.0129,0.9728,0.2038,0.994
15.229314143,0.0137,0.9731,0.2025,0.994
15.230491797,0.0134,0.9736,0.2030,0.995
15.231474489,0.0125,0.9728,0.2038,0.994
15.232304259,0.0117,0.9731,0.2042,0.994
15.233181797,0.0120,0.9745,0.2047,0.996
15.234043566,0.0112,0.9762,0.2025,0.997
15.235188643,0.0117,0.9765,0.2035,0.998
15.236044105,0.0120,0.9767,0.2028,0.998
15.237486874,0.0120,0.9762,0.2025,0.997
15.239448143,0.0127,0.9770,0.2023,0.998
15.242862028,0.0129,0.9772,0.2013,0.998
15.244272566,0.0122,0.9760,0.2001,0.996
15.245460566,0.0112,0.9770,0.1972,0.997
15.24738072,0.0115,0.9780,0.1957,0.997
15.249381682,0.0125,0.9777,0.1947,0.997
15.251079528,0.0120,0.9780,0.1954,0.997
15.252904566,0.0117,0.9780,0.1957,0.997
15.254978989,0.0105,0.9784,0.1957,0.998
15.257040951,0.0105,0.9794,0.1964,0.999
15.260187335,0.0107,0.9797,0.1979,1.000
15.261669797,0.0107,0.9797,0.1986,1.000
15.262964528,0.0086,0.9792,0.1976,0.999
15.264948835,0.0090,0.9789,0.1976,0.999
15.266513951,0.0112,0.9787,0.1974,0.998
15.26861022,0.0117,0.9782,0.1957,0.998
15.270666028,0.0125,0.9789,0.1945,0.998
15.272879335,0.0134,0.9775,0.1920,0.996
15.276742374,0.0129,0.9767,0.1901,0.995
15.277648835,0.0156,0.9762,0.1847,0.994
15.278553259,0.0161,0.9770,0.1823,0.994
15.280896951,0.0144,0.9784,0.1808,0.995
15.282667105,0.0164,0.9760,0.1810,0.993
15.285003066,0.0159,0.9755,0.1798,0.992
15.286605951,0.0178,0.9772,0.1764,0.993
15.288493374,0.0181,0.9780,0.1769,0.994
15.290315066,0.0186,0.9792,0.1766,0.995
15.297174797,0.0166,0.9789,0.1781,0.995
15.298161374,0.0164,0.9789,0.1793,0.995
15.298975066,0.0159,0.9787,0.1835,0.996
15.299687605,0.0137,0.9787,0.1893,0.997
15.303389797,0.0134,0.9792,0.1906,0.998
15.304309682,0.0139,0.9794,0.1945,0.999
15.304946643,0.0129,0.9799,0.1979,1.000
15.306450682,0.0137,0.9802,0.1998,1.000
15.314952489,0.0129,0.9772,0.2023,0.998
15.316185105,0.0142,0.9765,0.2045,0.998
15.316874835,0.0151,0.9762,0.2094,0.999
15.317518951,0.0147,0.9750,0.2106,0.998
15.318152374,0.0154,0.9745,0.2116,0.997
15.318916874,0.0186,0.9719,0.2152,0.996
15.320305028,0.0210,0.9701,0.2179,0.995
15.322080835,0.0210,0.9697,0.2206,0.995
15.324165912,0.0208,0.9709,0.2235,0.996
15.326843297,0.0205,0.9694,0.2250,0.995
15.329170489,0.0195,0.9687,0.2311,0.996
15.330121759,0.0195,0.9677,0.2343,0.996
15.332252335,0.0195,0.9670,0.2343,0.995
15.333912259,0.0183,0.9665,0.2355,0.995
15.336296143,0.0176,0.9667,0.2355,0.995
15.33795772,0.0171,0.9640,0.2370,0.993
15.340205566,0.0161,0.9626,0.2358,0.991
15.344975335,0.0173,0.9613,0.2343,0.990
15.345869758,0.0173,0.9618,0.2292,0.989
15.346302566,0.0169,0.9623,0.2226,0.988
15.348239605,0.0156,0.9611,0.2196,0.986
15.349496143,0.0173,0.9623,0.2121,0.986
15.35148322,0.0173,0.9633,0.2084,0.986
15.353418835,0.0171,0.9631,0.1989,0.984
15.355742643,0.0144,0.9626,0.1906,0.981
15.359321643,0.0142,0.9631,0.1876,0.981
15.360132758,0.0132,0.9640,0.1813,0.981
15.361351643,0.0134,0.9660,0.1769,0.982
15.36397822,0.0134,0.9687,0.1747,0.984
15.365544412,0.0132,0.9714,0.1688,0.986
15.367478951,0.0127,0.9723,0.1659,0.986
15.369204412,0.0122,0.9750,0.1617,0.988
15.371815758,0.0132,0.9782,0.1598,0.991
15.373528797,0.0137,0.9794,0.1588,0.992
15.378146489,0.0139,0.9809,0.1588,0.994
15.379645835,0.0139,0.9824,0.1578,0.995
15.380641912,0.0137,0.9828,0.1571,0.995
15.381863835,0.0142,0.9858,0.1593,0.999
15.383708835,0.0142,0.9865,0.1605,1.000
15.385268105,0.0156,0.9885,0.1644,1.002
15.387425066,0.0156,0.9885,0.1703,1.003
15.389192335,0.0156,0.9880,0.1720,1.003
15.400535451,0.0164,0.9880,0.1774,1.004
15.402131297,0.0169,0.9894,0.1798,1.006
15.403329412,0.0166,0.9882,0.1849,1.006
15.404506066,0.0139,0.9880,0.1910,1.006
15.405546643,0.0129,0.9882,0.1952,1.007
15.40661872,0.0110,0.9890,0.2018,1.009
15.407536566,0.0110,0.9877,0.2042,1.009
15.408835374,0.0107,0.9848,0.2101,1.007
15.409933066,0.0090,0.9843,0.2162,1.008
15.411197258,0.0068,0.9838,0.2189,1.008
15.411653989,0.0046,0.9816,0.2231,1.007
15.420288297,0.0051,0.9797,0.2262,1.005
15.421219028,0.0054,0.9799,0.2277,1.006
15.421606143,0.0049,0.9784,0.2289,1.005
15.421971105,0.0032,0.9770,0.2294,1.004
15.42233522,0.0024,0.9753,0.2299,1.002
15.422790489,0.0054,0.9748,0.2316,1.002
15.429157028,0.0054,0.9750,0.2314,1.002
15.430070835,0.0042,0.9740,0.2301,1.001
15.430622182,0.0037,0.9728,0.2294,1.000
15.431064912,0.0049,0.9719,0.2272,0.998
15.432725912,0.0086,0.9721,0.2226,0.997
15.434634951,0.0086,0.9726,0.2216,0.998
15.436533066,0.0098,0.9753,0.2187,1.000
15.43854822,0.0100,0.9740,0.2133,0.997
15.440490028,0.0095,0.9743,0.2103,0.997
15.442957682,0.0110,0.9755,0.2077,0.997
15.444652335,0.0127,0.9762,0.2023,0.997
15.446466951,0.0137,0.9775,0.2003,0.998
15.448658297,0.0149,0.9753,0.1994,0.996
15.450198605,0.0154,0.9758,0.1964,0.995
15.452328951,0.0164,0.9775,0.1918,0.996
15.454289335,0.0161,0.9777,0.1874,0.996
15.456490989,0.0151,0.9760,0.1847,0.993
15.461044797,0.0171,0.9760,0.1842,0.993
15.462515297,0.0178,0.9767,0.1842,0.994
15.463425489,0.0181,0.9772,0.1830,0.994
15.464487412,0.0161,0.9770,0.1796,0.993
15.466301143,0.0164,0.9755,0.1796,0.992
15.468397258,0.0198,0.9750,0.1801,0.992
15.470245258,0.0193,0.9740,0.1801,0.991
15.472302643,0.0195,0.9733,0.1813,0.990
15.474205028,0.0198,0.9721,0.1830,0.989
15.477304566,0.0205,0.9716,0.1825,0.989
15.480823335,0.0217,0.9721,0.1847,0.990
15.481803797,0.0203,0.9716,0.1881,0.990
15.482972643,0.0205,0.9714,0.1898,0.990
15.484083181,0.0198,0.9701,0.1915,0.989
15.486078797,0.0186,0.9697,0.1945,0.989
15.488110143,0.0183,0.9704,0.1974,0.990
15.489840797,0.0178,0.9711,0.2008,0.992
15.499983912,0.0164,0.9709,0.2023,0.992
15.501595528,0.0151,0.9711,0.2033,0.992
15.502953643,0.0139,0.9711,0.2050,0.993
15.503930258,0.0139,0.9706,0.2062,0.992
15.504977412,0.0115,0.9714,0.2079,0.993
15.506034297,0.0083,0.9714,0.2101,0.994
15.50723422,0.0088,0.9714,0.2123,0.994
15.507710951,0.0098,0.9714,0.2133,0.995
15.508164028,0.0081,0.9709,0.2143,0.994
15.523224258,0.0049,0.9704,0.2140,0.994
15.524071874,0.0051,0.9699,0.2125,0.993
15.524484143,0.0046,0.9721,0.2121,0.995
15.524977489,0.0037,0.9728,0.2101,0.995
15.525399835,0.0032,0.9733,0.2094,0.996
15.525820143,0.0051,0.9731,0.2081,0.995
15.526264605,0.0029,0.9723,0.2084,0.994
15.526771143,0.0024,0.9723,0.2069,0.994
15.527195489,0.0027,0.9726,0.2020,0.993
15.532733143,0.0029,0.9719,0.2025,0.993
15.533650335,0.0034,0.9699,0.2025,0.991
15.534047451,0.0022,0.9701,0.2008,0.991
15.534514758,0.0034,0.9706,0.1991,0.991
15.535340989,0.0032,0.9719,0.1974,0.992
15.537705451,0.0049,0.9726,0.1959,0.992
15.539023105,0.0054,0.9733,0.1967,0.993
15.543875258,0.0064,0.9733,0.1952,0.993
15.54457272,0.0064,0.9731,0.1954,0.993
15.544953874,0.0088,0.9726,0.1940,0.992
15.547122297,0.0095,0.9701,0.1930,0.989
15.549338605,0.0088,0.9706,0.1928,0.990
15.550946028,0.0107,0.9706,0.1945,0.990
15.552834912,0.0115,0.9711,0.1957,0.991
15.554902104,0.0122,0.9714,0.1972,0.991
15.556887681,0.0139,0.9706,0.1967,0.990
15.559362258,0.0142,0.9714,0.1972,0.991
15.561020989,0.0147,0.9728,0.1986,0.993
15.562963104,0.0161,0.9721,0.2001,0.993
15.56474022,0.0171,0.9731,0.2016,0.994
15.566810681,0.0198,0.9753,0.2018,0.996
15.568832374,0.0210,0.9755,0.2011,0.996
15.570665758,0.0215,0.9758,0.2018,0.997
15.57259572,0.0220,0.9753,0.2011,0.996
15.574617066,0.0225,0.9748,0.2023,0.996
15.578008797,0.0213,0.9762,0.2028,0.997
15.578732258,0.0198,0.9765,0.2038,0.998
15.581376181,0.0200,0.9770,0.2040,0.998
15.582587297,0.0198,0.9782,0.2050,1.000
15.584729297,0.0188,0.9787,0.2033,1.000
15.586769989,0.0183,0.9784,0.2035,1.000
15.588682451,0.0181,0.9777,0.2038,0.999
15.590521489,0.0169,0.9782,0.2028,0.999
15.59550072,0.0147,0.9799,0.2016,1.001
15.596152297,0.0142,0.9789,0.2016,1.000
15.596960181,0.0144,0.9782,0.2008,0.999
15.598500297,0.0134,0.9789,0.1984,0.999
15.600258143,0.0120,0.9792,0.1981,0.999
15.602235566,0.0127,0.9799,0.1974,1.000
15.604479835,0.0107,0.9814,0.1989,1.001
15.606636412,0.0107,0.9816,0.1991,1.002
15.616528604,0.0107,0.9816,0.1974,1.001
15.617192335,0.0110,0.9809,0.1979,1.001
15.617462604,0.0115,0.9816,0.1979,1.001
15.617703528,0.0110,0.9824,0.1974,1.002
15.617960297,0.0103,0.9814,0.1974,1.001
15.618185335,0.0103,0.9816,0.1979,1.001
15.620067258,0.0120,0.9804,0.1967,1.000
15.62198622,0.0117,0.9809,0.1959,1.000
15.624077528,0.0110,0.9814,0.1991,1.001
15.626988181,0.0112,0.9809,0.1996,1.001
15.628142643,0.0125,0.9792,0.1986,0.999
15.629939451,0.0137,0.9787,0.1989,0.999
15.631849104,0.0137,0.9782,0.1994,0.998
15.633801412,0.0137,0.9772,0.1989,0.997
15.635905066,0.0142,0.9758,0.1991,0.996
15.637746297,0.0142,0.9748,0.1994,0.995
15.639853643,0.0132,0.9745,0.1989,0.995
15.644445066,0.0122,0.9748,0.1984,0.995
15.645007951,0.0139,0.9748,0.1998,0.995
15.645819643,0.0137,0.9723,0.2013,0.993
15.647921066,0.0139,0.9731,0.2013,0.994
15.649651835,0.0139,0.9726,0.2018,0.993
15.651766451,0.0161,0.9719,0.2016,0.993
15.653556758,0.0181,0.9714,0.2018,0.992
15.655768489,0.0151,0.9699,0.2030,0.991
15.657587835,0.0142,0.9699,0.2028,0.991
15.66024022,0.0147,0.9706,0.2030,0.992
15.661563412,0.0149,0.9697,0.2030,0.991
15.663643643,0.0154,0.9699,0.2033,0.991
15.665573489,0.0164,0.9714,0.2008,0.992
15.667556643,0.0161,0.9719,0.2003,0.992
15.669438374,0.0149,0.9714,0.2025,0.992
15.671572951,0.0147,0.9706,0.2030,0.992
15.673479681,0.0156,0.9711,0.2035,0.992
15.676414681,0.0132,0.9716,0.2013,0.992
15.677347297,0.0149,0.9719,0.1996,0.992
15.680224951,0.0147,0.9731,0.1984,0.993
15.681415027,0.0156,0.9738,0.1986,0.994
15.683253681,0.0151,0.9743,0.1972,0.994
15.68535872,0.0147,0.9745,0.1957,0.994
15.687144066,0.0132,0.9750,0.1964,0.995
15.688945104,0.0129,0.9750,0.1957,0.995
15.691049758,0.0147,0.9762,0.1954,0.996
15.695820797,0.0139,0.9762,0.1957,0.996
15.696390604,0.0132,0.9758,0.1957,0.995
15.700604566,0.0137,0.9767,0.1959,0.996
15.700937643,0.0132,0.9770,0.1957,0.996
15.701177527,0.0129,0.9777,0.1969,0.997
15.704173758,0.0127,0.9777,0.1972,0.997
15.704623027,0.0125,0.9792,0.1984,0.999
15.712926912,0.0112,0.9782,0.1976,0.998
15.713463374,0.0107,0.9787,0.1974,0.998
15.718512643,0.0095,0.9792,0.1972,0.999
15.719158989,0.0110,0.9770,0.1981,0.997
15.719596797,0.0103,0.9772,0.1996,0.997
15.720001758,0.0117,0.9784,0.2025,0.999
15.720410258,0.0115,0.9770,0.2030,0.998
15.720795104,0.0120,0.9762,0.2025,0.997
15.722769374,0.0122,0.9760,0.2020,0.997
15.724832874,0.0107,0.9753,0.2028,0.996
15.728404297,0.0093,0.9753,0.2030,0.996
15.728982989,0.0081,0.9740,0.2052,0.995
15.734181566,0.0083,0.9745,0.2057,0.996
15.73454322,0.0090,0.9750,0.2077,0.997
15.734811951,0.0086,0.9748,0.2091,0.997
15.736702297,0.0061,0.9755,0.2101,0.998
15.738855412,0.0061,0.9755,0.2113,0.998
15.740512566,0.0068,0.9760,0.2118,0.999
15.743490874,0.0059,0.9750,0.2143,0.998
15.744511258,0.0061,0.9743,0.2138,0.997
15.746443489,0.0064,0.9755,0.2135,0.999
15.748448451,0.0071,0.9745,0.2155,0.998
15.750512066,0.0083,0.9755,0.2150,0.999
15.752531258,0.0095,0.9745,0.2157,0.998
15.754467489,0.0095,0.9736,0.2147,0.997
15.756475374,0.0103,0.9740,0.2150,0.998
15.758457874,0.0110,0.9728,0.2155,0.996
15.761033951,0.0117,0.9736,0.2160,0.997
15.763785258,0.0129,0.9743,0.2138,0.998
15.765293835,0.0122,0.9750,0.2128,0.998
15.766109066,0.0127,0.9753,0.2130,0.998
15.76821572,0.0132,0.9753,0.2140,0.999
15.770302797,0.0137,0.9765,0.2111,0.999
15.772236374,0.0132,0.9767,0.2099,0.999
15.774045604,0.0144,0.9770,0.2086,0.999
15.779185143,0.0144,0.9772,0.2091,0.999
15.779738643,0.0132,0.9767,0.2086,0.999
15.780814874,0.0134,0.9765,0.2057,0.998
15.782094335,0.0142,0.9765,0.2060,0.998
15.784110681,0.0151,0.9789,0.2030,1.000
15.786118066,0.0122,0.9799,0.2008,1.000
15.787906643,0.0122,0.9802,0.2008,1.001
15.789813143,0.0129,0.9806,0.1981,1.001
15.794891604,0.0125,0.9794,0.1967,0.999
15.795473104,0.0122,0.9787,0.1952,0.998
15.79583322,0.0127,0.9806,0.1937,1.000
15.797703989,0.0127,0.9814,0.1937,1.000
15.799800335,0.0125,0.9826,0.1925,1.001
15.801623297,0.0112,0.9828,0.1906,1.001
15.803776412,0.0112,0.9843,0.1908,1.003
15.805673835,0.0115,0.9850,0.1893,1.003
15.807628912,0.0098,0.9843,0.1893,1.002
15.81107195,0.0098,0.9846,0.1896,1.003
15.811973527,0.0098,0.9848,0.1906,1.003
15.813687258,0.0110,0.9841,0.1898,1.002
15.815861412,0.0090,0.9826,0.1893,1.001
15.81755422,0.0078,0.9826,0.1906,1.001
15.819570181,0.0073,0.9831,0.1896,1.001
15.821536412,0.0098,0.9802,0.1874,0.998
15.823630181,0.0103,0.9792,0.1862,0.997
15.827007527,0.0112,0.9804,0.1830,0.997
15.828274374,0.0127,0.9787,0.1815,0.995
15.831181566,0.0144,0.9782,0.1793,0.995
15.832363297,0.0149,0.9792,0.1781,0.995
15.833231104,0.0149,0.9777,0.1779,0.994
15.835535912,0.0159,0.9775,0.1757,0.993
15.837429335,0.0144,0.9762,0.1761,0.992
15.839455104,0.0139,0.9758,0.1774,0.992
15.84143895,0.0144,0.9750,0.1776,0.991
15.844673912,0.0142,0.9753,0.1791,0.992
15.845888797,0.0142,0.9750,0.1805,0.992
15.847536374,0.0149,0.9745,0.1847,0.992
15.849104681,0.0147,0.9736,0.1884,0.992
15.851370681,0.0142,0.9748,0.1945,0.994
15.853314027,0.0125,0.9736,0.2006,0.994
15.85536172,0.0142,0.9726,0.2025,0.994
15.857091912,0.0164,0.9704,0.2069,0.992
15.86019522,0.0161,0.9711,0.2081,0.993
15.861583027,0.0173,0.9694,0.2130,0.993
15.863141912,0.0188,0.9677,0.2169,0.992
15.865077566,0.0193,0.9675,0.2187,0.992
15.867081066,0.0203,0.9655,0.2231,0.991
15.868960797,0.0213,0.9662,0.2262,0.993
15.871118604,0.0205,0.9662,0.2287,0.993
15.87297045,0.0215,0.9662,0.2326,0.994
15.875033489,0.0217,0.9657,0.2348,0.994
15.877721335,0.0217,0.9645,0.2387,0.994
15.879223912,0.0210,0.9628,0.2438,0.993
15.880954797,0.0208,0.9618,0.2453,0.993
15.882946412,0.0198,0.9631,0.2448,0.994
15.887224835,0.0200,0.9635,0.2453,0.994
15.888007835,0.0205,0.9626,0.2463,0.994
15.889062835,0.0193,0.9606,0.2460,0.992
15.89087245,0.0191,0.9613,0.2448,0.992
15.90121845,0.0178,0.9606,0.2399,0.990
15.902874335,0.0173,0.9611,0.2348,0.990
15.904009066,0.0178,0.9616,0.2318,0.989
15.905113412,0.0164,0.9623,0.2233,0.988
15.906099258,0.0142,0.9626,0.2189,0.987
15.907110489,0.0142,0.9633,0.2125,0.987
15.907587297,0.0127,0.9650,0.2040,0.986
15.908019643,0.0120,0.9657,0.2003,0.986
15.908858873,0.0112,0.9665,0.1923,0.985
15.910652681,0.0090,0.9699,0.1832,0.987
15.912439681,0.0086,0.9709,0.1791,0.987
15.914483989,0.0083,0.9736,0.1730,0.989
15.916703258,0.0090,0.9743,0.1698,0.989
15.918402835,0.0100,0.9767,0.1654,0.991
15.920493373,0.0105,0.9804,0.1620,0.994
15.92223895,0.0107,0.9831,0.1605,0.996
15.924538835,0.0098,0.9870,0.1576,1.000
15.927212104,0.0088,0.9863,0.1578,0.999
15.932484066,0.0095,0.9865,0.1595,0.999
15.933216873,0.0100,0.9885,0.1605,1.001
15.933562412,0.0105,0.9899,0.1603,1.003
15.934302066,0.0103,0.9902,0.1615,1.003
15.93642295,0.0120,0.9924,0.1654,1.006
15.93809945,0.0112,0.9924,0.1664,1.006
15.940444527,0.0115,0.9921,0.1713,1.007
15.942196373,0.0137,0.9912,0.1757,1.007
15.946933297,0.0139,0.9912,0.1788,1.007
15.94765545,0.0134,0.9904,0.1827,1.007
15.948001104,0.0129,0.9892,0.1852,1.006
15.950033104,0.0117,0.9890,0.1925,1.008
15.952241797,0.0103,0.9894,0.1998,1.009
15.954063143,0.0095,0.9892,0.2025,1.010
15.956924643,0.0066,0.9887,0.2074,1.010
15.957920643,0.0061,0.9880,0.2099,1.010
15.961201027,0.0054,0.9860,0.2157,1.009
15.961933297,0.0022,0.9828,0.2199,1.007
15.963753604,0.0020,0.9819,0.2211,1.006
15.966443835,0.0000,0.9814,0.2245,1.007
15.96797222,-0.0002,0.9784,0.2265,1.004
15.969799066,0.0000,0.9767,0.2279,1.003
15.97172172,0.0020,0.9765,0.2289,1.003
15.973683758,0.0012,0.9758,0.2287,1.002
15.976830104,0.0022,0.9733,0.2289,1.000
15.977700797,0.0044,0.9738,0.2282,1.000
15.980087412,0.0056,0.9733,0.2277,1.000
15.981434297,0.0088,0.9714,0.2274,0.998
15.983586258,0.0093,0.9721,0.2253,0.998
15.985444335,0.0100,0.9714,0.2240,0.997
15.987458181,0.0122,0.9714,0.2209,0.996
15.989451989,0.0129,0.9721,0.2189,0.997
15.991811681,0.0125,0.9716,0.2152,0.995
15.996304604,0.0156,0.9733,0.2128,0.996
15.996861873,0.0166,0.9731,0.2121,0.996
15.997504258,0.0169,0.9721,0.2096,0.995
16.002635566,0.0181,0.9721,0.2057,0.994
16.002937527,0.0205,0.9719,0.2035,0.993
16.003402066,0.0227,0.9726,0.2023,0.994
16.005639258,0.0237,0.9731,0.2006,0.994
16.007422412,0.0230,0.9728,0.1976,0.993
16.025273258,0.0235,0.9723,0.1981,0.993
16.02726122,0.0239,0.9721,0.1972,0.992
16.02827095,0.0235,0.9723,0.1940,0.992
16.029451989,0.0249,0.9728,0.1937,0.992
16.030734912,0.0257,0.9726,0.1935,0.992
16.03195122,0.0257,0.9733,0.1915,0.992
16.033440412,0.0257,0.9728,0.1920,0.992
16.03478472,0.0244,0.9719,0.1925,0.991
16.035901796,0.0239,0.9743,0.1950,0.994
16.037088066,0.0235,0.9748,0.1964,0.995
16.038205681,0.0227,0.9743,0.1972,0.994
16.03967972,0.0222,0.9748,0.1979,0.995
16.04091522,0.0208,0.9758,0.2003,0.996
16.042113989,0.0230,0.9748,0.2013,0.996
16.04690572,0.0222,0.9748,0.2020,0.996
16.047200835,0.0200,0.9770,0.2038,0.998
16.047438835,0.0186,0.9780,0.2072,1.000
16.04768145,0.0173,0.9787,0.2081,1.001
16.047902835,0.0164,0.9784,0.2096,1.001
16.048151489,0.0156,0.9787,0.2096,1.001
16.049806412,0.0154,0.9802,0.2099,1.002
16.051271489,0.0112,0.9819,0.2103,1.004
16.05270295,0.0103,0.9824,0.2108,1.005
16.054704066,0.0100,0.9824,0.2116,1.005
16.056529258,0.0095,0.9836,0.2130,1.006
16.05873222,0.0081,0.9843,0.2130,1.007
16.060709873,0.0068,0.9838,0.2121,1.006
16.062719296,0.0068,0.9841,0.2118,1.007
16.064647989,0.0064,0.9850,0.2121,1.008
16.06667395,0.0056,0.9843,0.2099,1.006
16.068578489,0.0056,0.9843,0.2081,1.006
16.070571796,0.0042,0.9841,0.2067,1.006
16.072724258,0.0042,0.9850,0.2055,1.006
16.074676143,0.0039,0.9850,0.2020,1.006
16.080149412,0.0017,0.9846,0.2025,1.005
16.081136066,0.0020,0.9846,0.2011,1.005
16.081409258,0.0022,0.9846,0.2006,1.005
16.088370835,0.0037,0.9838,0.1986,1.004
16.088864258,0.0042,0.9833,0.1991,1.003
16.089104335,0.0054,0.9838,0.1974,1.003
16.089341989,0.0059,0.9838,0.1959,1.003
16.091761912,0.0061,0.9836,0.1950,1.003
16.092226796,0.0081,0.9814,0.1937,1.000
16.098131989,0.0078,0.9819,0.1937,1.001
16.098831258,0.0071,0.9814,0.1940,1.000
16.099319835,0.0066,0.9797,0.1915,0.998
16.100373527,0.0061,0.9797,0.1906,0.998
16.102287643,0.0083,0.9802,0.1928,0.999
16.104432527,0.0086,0.9811,0.1928,1.000
16.106324566,0.0078,0.9804,0.1952,1.000
16.108714489,0.0103,0.9794,0.1967,0.999
16.112376873,0.0105,0.9792,0.1984,0.999
16.11318795,0.0115,0.9792,0.1989,0.999
16.118613643,0.0117,0.9787,0.1998,0.999
16.119241373,0.0125,0.9789,0.2016,1.000
16.119613912,0.0142,0.9780,0.2028,0.999
16.119979912,0.0149,0.9775,0.2033,0.998
16.122076489,0.0164,0.9784,0.2038,1.000
16.124204027,0.0188,0.9777,0.2055,0.999
16.127522104,0.0208,0.9782,0.2062,1.000
16.128570143,0.0213,0.9789,0.2064,1.001
16.129943681,0.0213,0.9782,0.2069,1.000
16.132636412,0.0225,0.9787,0.2079,1.001
16.134091296,0.0249,0.9789,0.2069,1.001
16.135889566,0.0257,0.9784,0.2064,1.000
16.137742104,0.0237,0.9789,0.2084,1.001
16.139746643,0.0235,0.9794,0.2089,1.002
16.141915219,0.0232,0.9799,0.2084,1.002
16.144775296,0.0227,0.9794,0.2077,1.001
16.148526027,0.0220,0.9789,0.2074,1.001
16.148796373,0.0213,0.9794,0.2091,1.002
16.150010681,0.0203,0.9802,0.2081,1.002
16.151735296,0.0203,0.9789,0.2072,1.001
16.153473066,0.0237,0.9797,0.2052,1.001
16.15564995,0.0254,0.9804,0.2042,1.002
16.157534643,0.0279,0.9797,0.2038,1.001
16.162486681,0.0252,0.9792,0.2020,1.000
16.162937643,0.0247,0.9794,0.2003,1.000
16.163484796,0.0261,0.9806,0.1998,1.001
16.165189181,0.0264,0.9819,0.1989,1.002
16.167576758,0.0271,0.9814,0.1991,1.002
16.16952195,0.0264,0.9804,0.1994,1.001
16.171360681,0.0281,0.9782,0.1989,0.999
16.17336945,0.0266,0.9784,0.1976,0.999
16.175302296,0.0276,0.9797,0.1964,1.000
16.180050604,0.0266,0.9799,0.1964,1.000
16.180625758,0.0254,0.9775,0.1959,0.997
16.181227181,0.0269,0.9780,0.1967,0.998
16.18554095,0.0274,0.9777,0.1976,0.998
16.185875143,0.0281,0.9775,0.1969,0.998
16.187258758,0.0296,0.9772,0.1959,0.997
16.189165681,0.0300,0.9760,0.1945,0.996
16.190962681,0.0288,0.9743,0.1957,0.994
16.196869604,0.0288,0.9745,0.1964,0.995
16.202897181,0.0269,0.9738,0.1979,0.994
16.203322719,0.0281,0.9723,0.1998,0.993
16.203565912,0.0281,0.9721,0.1989,0.993
16.203788796,0.0288,0.9697,0.2001,0.990
16.204036989,0.0276,0.9692,0.2018,0.990
16.204894027,0.0271,0.9682,0.2042,0.990
16.206903489,0.0266,0.9653,0.2033,0.987
16.208726296,0.0266,0.9657,0.2023,0.987
16.211021104,0.0283,0.9667,0.2030,0.988
16.212781642,0.0261,0.9662,0.2035,0.988
16.214849758,0.0252,0.9648,0.2050,0.987
16.216679296,0.0247,0.9645,0.2064,0.987
16.218872142,0.0249,0.9650,0.2077,0.987
16.221066912,0.0237,0.9655,0.2091,0.988
16.222591681,0.0222,0.9648,0.2103,0.988
16.22474395,0.0215,0.9653,0.2101,0.988
16.228076642,0.0193,0.9640,0.2101,0.987
16.228672335,0.0193,0.9653,0.2094,0.988
16.233021604,0.0195,0.9665,0.2094,0.989
16.233365066,0.0171,0.9660,0.2108,0.989
16.234685373,0.0178,0.9657,0.2103,0.989
16.236555104,0.0169,0.9657,0.2108,0.989
16.238470604,0.0154,0.9684,0.2079,0.991
16.240573758,0.0147,0.9701,0.2084,0.992
16.242532027,0.0149,0.9704,0.2094,0.993
16.245614142,0.0149,0.9699,0.2096,0.992
16.246547758,0.0122,0.9699,0.2113,0.993
16.248758796,0.0127,0.9714,0.2101,0.994
16.250263066,0.0117,0.9719,0.2096,0.994
16.252422796,0.0103,0.9721,0.2079,0.994
16.254282642,0.0107,0.9728,0.2074,0.995
16.256372142,0.0098,0.9728,0.2062,0.994
16.258308373,0.0090,0.9738,0.2060,0.995
16.261779296,0.0090,0.9728,0.2057,0.994
16.263099835,0.0083,0.9723,0.2069,0.994
16.264051335,0.0081,0.9743,0.2047,0.996
16.266039719,0.0090,0.9740,0.2045,0.995
16.268201296,0.0095,0.9758,0.2047,0.997
16.269911719,0.0090,0.9767,0.2052,0.998
16.272168566,0.0088,0.9745,0.2050,0.996
16.275904219,0.0083,0.9740,0.2047,0.995
16.278123181,0.0083,0.9753,0.2047,0.997
16.278782219,0.0078,0.9772,0.2064,0.999
16.281020335,0.0100,0.9748,0.2062,0.996
16.28209645,0.0090,0.9745,0.2069,0.996
16.283966796,0.0090,0.9748,0.2067,0.996
16.285930373,0.0090,0.9748,0.2067,0.996
16.288016412,0.0100,0.9750,0.2074,0.997
16.289826066,0.0098,0.9740,0.2096,0.996
16.291913719,0.0100,0.9731,0.2094,0.995
16.296910412,0.0112,0.9740,0.2111,0.997
16.297488604,0.0110,0.9753,0.2113,0.998
16.297867258,0.0105,0.9758,0.2121,0.999
16.299778104,0.0100,0.9750,0.2128,0.998
16.303150219,0.0110,0.9743,0.2133,0.997
16.30363695,0.0110,0.9738,0.2101,0.996
16.305603335,0.0107,0.9728,0.2111,0.996
16.307989181,0.0103,0.9723,0.2116,0.995
16.314520565,0.0112,0.9719,0.2147,0.995
16.315274527,0.0120,0.9723,0.2143,0.996
16.315643642,0.0120,0.9726,0.2143,0.996
16.315987412,0.0112,0.9709,0.2147,0.994
16.317502181,0.0110,0.9704,0.2143,0.994
16.319418989,0.0103,0.9706,0.2128,0.994
16.321591681,0.0100,0.9714,0.2155,0.995
16.323476604,0.0105,0.9716,0.2150,0.995
16.325344489,0.0095,0.9716,0.2138,0.995
16.330987835,0.0107,0.9723,0.2143,0.996
16.331817527,0.0100,0.9721,0.2135,0.995
16.332254412,0.0112,0.9697,0.2133,0.993
16.333368142,0.0098,0.9699,0.2135,0.993
16.335776989,0.0105,0.9687,0.2118,0.992
16.337364642,0.0100,0.9689,0.2113,0.992
16.339152719,0.0093,0.9682,0.2106,0.991
16.341313296,0.0103,0.9677,0.2089,0.990
16.345210796,0.0095,0.9687,0.2084,0.991
16.346192027,0.0086,0.9706,0.2096,0.993
16.34738395,0.0066,0.9679,0.2099,0.990
16.349272181,0.0056,0.9675,0.2113,0.990
16.351359489,0.0059,0.9672,0.2118,0.990
16.353190373,0.0049,0.9672,0.2108,0.990
16.35528495,0.0042,0.9677,0.2118,0.991
16.357256642,0.0042,0.9677,0.2113,0.991
16.359463642,0.0034,0.9670,0.2116,0.990
16.361947796,0.0032,0.9662,0.2121,0.989
16.363671758,0.0032,0.9657,0.2125,0.989
16.364841258,0.0034,0.9672,0.2123,0.990
16.366972142,0.0034,0.9682,0.2099,0.991
16.368801912,0.0027,0.9670,0.2084,0.989
16.371025912,0.0020,0.9660,0.2062,0.988
16.372900873,0.0017,0.9662,0.2030,0.987
16.375000296,0.0022,0.9655,0.2008,0.986
16.378718719,0.0029,0.9650,0.1979,0.985
16.381164796,0.0007,0.9672,0.1942,0.987
16.382436681,0.0007,0.9675,0.1928,0.986
16.384072373,0.0022,0.9682,0.1913,0.987
16.385157412,0.0020,0.9672,0.1910,0.986
16.386985681,-0.0002,0.9697,0.1918,0.988
16.388937142,-0.0005,0.9701,0.1908,0.989
16.390841181,-0.0007,0.9701,0.1918,0.989
16.392864642,-0.0020,0.9711,0.1925,0.990
16.395423296,-0.0010,0.9721,0.1986,0.992
16.405731681,-0.0010,0.9723,0.2006,0.993
16.40671745,-0.0032,0.9726,0.2038,0.994
16.407169565,-0.0044,0.9733,0.2064,0.995
16.40759245,-0.0068,0.9728,0.2103,0.995
16.408005719,-0.0059,0.9736,0.2140,0.997
16.408414373,-0.0051,0.9738,0.2147,0.997
16.422922719,-0.0046,0.9738,0.2187,0.998
16.423821604,-0.0022,0.9740,0.2211,0.999
16.424286988,-0.0029,0.9728,0.2216,0.998
16.424719912,-0.0020,0.9723,0.2257,0.998
16.425137719,-0.0002,0.9733,0.2282,1.000
16.425597527,-0.0002,0.9714,0.2309,0.998
16.426005335,0.0005,0.9709,0.2372,0.999
16.426489412,-0.0012,0.9719,0.2392,1.001
16.426963642,-0.0017,0.9699,0.2438,1.000
16.427409258,-0.0007,0.9701,0.2463,1.001
16.432900219,0.0007,0.9694,0.2475,1.000
16.43374045,0.0020,0.9692,0.2494,1.001
16.434168835,0.0022,0.9684,0.2482,1.000
16.434654988,0.0029,0.9675,0.2489,0.999
16.43613945,0.0022,0.9665,0.2477,0.998
16.438107335,0.0029,0.9662,0.2458,0.997
16.440293565,0.0034,0.9640,0.2433,0.994
16.442167104,0.0034,0.9633,0.2409,0.993
16.447153373,0.0046,0.9638,0.2333,0.992
16.448036335,0.0056,0.9635,0.2279,0.990
16.448487988,0.0054,0.9623,0.2243,0.988
16.449897719,0.0068,0.9623,0.2152,0.986
16.451825412,0.0064,0.9621,0.2116,0.985
16.453687104,0.0064,0.9604,0.2067,0.982
16.455766412,0.0056,0.9631,0.1994,0.983
16.457801027,0.0061,0.9616,0.1954,0.981
16.460039604,0.0068,0.9623,0.1886,0.981
16.463294758,0.0066,0.9623,0.1837,0.980
16.465082565,0.0068,0.9640,0.1815,0.981
16.467323142,0.0088,0.9653,0.1788,0.982
16.468491181,0.0083,0.9655,0.1766,0.982
16.469727412,0.0103,0.9670,0.1737,0.982
16.471729258,0.0090,0.9682,0.1742,0.984
16.473911219,0.0095,0.9694,0.1749,0.985
16.475797258,0.0110,0.9689,0.1774,0.985
16.47997095,0.0117,0.9687,0.1796,0.985
16.481573142,0.0142,0.9692,0.1805,0.986
16.482918219,0.0159,0.9704,0.1862,0.988
16.484073027,0.0164,0.9719,0.1879,0.990
16.485280988,0.0176,0.9721,0.1925,0.991
16.487482642,0.0173,0.9709,0.1967,0.991
16.489373565,0.0173,0.9709,0.1996,0.991
16.491534065,0.0151,0.9711,0.2057,0.993
16.493613219,0.0151,0.9711,0.2086,0.993
16.504567412,0.0132,0.9701,0.2135,0.993
16.505453873,0.0120,0.9701,0.2204,0.995
16.505908988,0.0103,0.9697,0.2243,0.995
16.506344296,0.0083,0.9692,0.2292,0.996
16.506825835,0.0071,0.9689,0.2316,0.996
16.507256988,0.0049,0.9689,0.2360,0.997
16.507683335,0.0012,0.9682,0.2421,0.998
16.523362027,0.0002,0.9679,0.2433,0.998
16.524257565,-0.0005,0.9677,0.2470,0.999
16.524719642,-0.0020,0.9672,0.2494,0.999
16.52516495,-0.0022,0.9665,0.2509,0.999
16.525578911,-0.0044,0.9682,0.2519,1.000
16.525972104,-0.0044,0.9679,0.2521,1.000
16.526510835,-0.0029,0.9648,0.2504,0.997
16.526957065,-0.0022,0.9657,0.2492,0.997
16.527369642,-0.0012,0.9657,0.2492,0.997
16.527789488,-0.0005,0.9675,0.2465,0.998
16.53270045,0.0017,0.9657,0.2428,0.996
16.533577796,0.0015,0.9657,0.2411,0.995
16.534064565,0.0044,0.9670,0.2362,0.995
16.534745488,0.0059,0.9679,0.2353,0.996
16.536747527,0.0086,0.9699,0.2309,0.997
16.539013181,0.0125,0.9687,0.2272,0.995
16.542139988,0.0127,0.9682,0.2250,0.994
16.542910527,0.0142,0.9704,0.2172,0.994
16.545450873,0.0151,0.9711,0.2145,0.995
16.547067796,0.0173,0.9711,0.2140,0.995
16.548535604,0.0225,0.9699,0.2094,0.992
16.550655565,0.0249,0.9694,0.2072,0.992
16.552403104,0.0247,0.9721,0.2042,0.994
16.554286335,0.0257,0.9716,0.1998,0.992
16.556565873,0.0269,0.9711,0.1989,0.992
16.558287027,0.0293,0.9719,0.1984,0.992
16.563299296,0.0315,0.9714,0.1974,0.992
16.563846027,0.0318,0.9711,0.1972,0.991
16.564557258,0.0322,0.9719,0.1954,0.992
16.56718095,0.0322,0.9721,0.1959,0.992
16.568252527,0.0335,0.9723,0.1974,0.993
16.570326296,0.0342,0.9728,0.1991,0.994
16.572411719,0.0344,0.9731,0.2011,0.994
16.574281642,0.0332,0.9711,0.2033,0.993
16.576430142,0.0330,0.9704,0.2072,0.993
16.578873488,0.0332,0.9709,0.2094,0.994
16.580152873,0.0315,0.9701,0.2118,0.993
16.582666104,0.0305,0.9711,0.2133,0.995
16.584091373,0.0310,0.9723,0.2177,0.997
16.586091642,0.0298,0.9719,0.2211,0.997
16.58806645,0.0296,0.9723,0.2218,0.998
16.589876873,0.0286,0.9726,0.2250,0.999
16.592093796,0.0279,0.9738,0.2284,1.001
16.597425681,0.0276,0.9733,0.2292,1.000
16.598042911,0.0242,0.9745,0.2289,1.001
16.599340527,0.0227,0.9755,0.2306,1.003
16.603729873,0.0227,0.9760,0.2333,1.004
16.604222373,0.0183,0.9765,0.2350,1.005
16.604555258,0.0164,0.9765,0.2348,1.004
16.60753295,0.0151,0.9760,0.2353,1.004
16.613155565,0.0144,0.9755,0.2355,1.004
16.613806988,0.0139,0.9745,0.2358,1.003
16.614083911,0.0139,0.9743,0.2328,1.002
16.614325219,0.0142,0.9740,0.2318,1.001
16.620047181,0.0132,0.9755,0.2314,1.003
16.620484527,0.0117,0.9745,0.2279,1.001
16.62073845,0.0110,0.9748,0.2262,1.001
16.621606604,0.0110,0.9738,0.2240,0.999
16.62372445,0.0112,0.9743,0.2233,1.000
16.625839027,0.0090,0.9740,0.2191,0.998
16.628741796,0.0093,0.9740,0.2165,0.998
16.630069065,0.0093,0.9743,0.2150,0.998
16.63184445,0.0098,0.9743,0.2128,0.997
16.633407142,0.0115,0.9743,0.2101,0.997
16.635712219,0.0129,0.9736,0.2099,0.996
16.637367527,0.0107,0.9711,0.2099,0.994
16.639764527,0.0112,0.9706,0.2089,0.993
16.641647758,0.0117,0.9706,0.2074,0.993
16.646187911,0.0120,0.9711,0.2069,0.993
16.646799258,0.0122,0.9711,0.2077,0.993
16.647551411,0.0120,0.9709,0.2091,0.993
16.649641796,0.0125,0.9699,0.2099,0.992
16.651255142,0.0127,0.9709,0.2094,0.993
16.653305604,0.0120,0.9706,0.2106,0.993
16.655290027,0.0120,0.9699,0.2118,0.993
16.657216411,0.0134,0.9704,0.2125,0.993
16.659300373,0.0142,0.9694,0.2145,0.993
16.663156796,0.0156,0.9697,0.2145,0.993
16.663819488,0.0169,0.9692,0.2160,0.993
16.667068527,0.0176,0.9689,0.2167,0.993
16.667392258,0.0181,0.9689,0.2172,0.993
16.669238758,0.0171,0.9709,0.2187,0.995
16.671503296,0.0173,0.9726,0.2201,0.997
16.672988796,0.0200,0.9736,0.2216,0.999
16.675349565,0.0198,0.9728,0.2209,0.998
16.679220258,0.0195,0.9721,0.2201,0.997
16.679883911,0.0188,0.9736,0.2191,0.998
16.682576911,0.0169,0.9738,0.2191,0.998
16.683019334,0.0178,0.9762,0.2194,1.001
16.685169104,0.0156,0.9770,0.2194,1.001
16.687163758,0.0142,0.9760,0.2196,1.001
16.68920145,0.0139,0.9753,0.2199,1.000
16.691230258,0.0115,0.9765,0.2201,1.001
16.692925604,0.0107,0.9777,0.2184,1.002
16.697839373,0.0105,0.9770,0.2172,1.001
16.698460411,0.0107,0.9777,0.2174,1.002
16.698991719,0.0088,0.9792,0.2167,1.003
16.701161834,0.0076,0.9797,0.2150,1.003
16.706325373,0.0083,0.9794,0.2143,1.003
16.706667681,0.0081,0.9797,0.2125,1.002
16.706934988,0.0088,0.9799,0.2108,1.002
16.70861295,0.0086,0.9804,0.2108,1.003
16.710990565,0.0090,0.9806,0.2106,1.003
16.713887527,0.0090,0.9809,0.2096,1.003
16.715075296,0.0105,0.9826,0.2067,1.004
16.716637796,0.0120,0.9836,0.2074,1.005
16.718576834,0.0125,0.9831,0.2079,1.005
16.720518411,0.0149,0.9819,0.2067,1.003
16.722536027,0.0127,0.9814,0.2062,1.003
16.724619681,0.0120,0.9811,0.2060,1.003
16.726536681,0.0127,0.9811,0.2050,1.002
16.730592373,0.0127,0.9794,0.2038,1.000
16.731159296,0.0137,0.9799,0.2042,1.001
16.732333604,0.0151,0.9799,0.2042,1.001
16.734242411,0.0149,0.9787,0.2052,1.000
16.736439219,0.0144,0.9770,0.2060,0.999
16.73832095,0.0147,0.9765,0.2060,0.998
16.740887065,0.0137,0.9758,0.2064,0.997
16.742460219,0.0142,0.9758,0.2062,0.997
16.745787642,0.0149,0.9760,0.2062,0.998
16.746476527,0.0156,0.9750,0.2081,0.997
16.74836995,0.0154,0.9740,0.2084,0.996
16.750614565,0.0159,0.9743,0.2077,0.996
16.752259796,0.0154,0.9721,0.2069,0.994
16.754421142,0.0149,0.9719,0.2077,0.994
16.756275988,0.0139,0.9726,0.2089,0.995
16.757952065,0.0122,0.9736,0.2091,0.996
16.760156565,0.0120,0.9726,0.2089,0.995
16.762484604,0.0112,0.9721,0.2086,0.994
16.764374834,0.0110,0.9719,0.2091,0.994
16.76625695,0.0132,0.9719,0.2116,0.995
16.768273104,0.0112,0.9721,0.2094,0.994
16.770016988,0.0110,0.9719,0.2091,0.994
16.772156104,0.0088,0.9714,0.2084,0.994
16.773909027,0.0076,0.9701,0.2084,0.992
16.775906488,0.0064,0.9697,0.2103,0.992
16.779515373,0.0081,0.9716,0.2103,0.994
16.780369527,0.0086,0.9733,0.2091,0.996
16.781854257,0.0081,0.9740,0.2074,0.996
16.784209642,0.0095,0.9731,0.2062,0.995
16.785690873,0.0088,0.9733,0.2062,0.995
16.787602988,0.0083,0.9748,0.2060,0.996
16.789574988,0.0076,0.9743,0.2042,0.995
16.791699488,0.0083,0.9745,0.2028,0.995
16.793636257,0.0073,0.9743,0.2028,0.995
16.797915565,0.0090,0.9750,0.2028,0.996
16.798549334,0.0088,0.9738,0.2038,0.995
16.799610911,0.0105,0.9738,0.2028,0.995
16.801664488,0.0103,0.9745,0.2013,0.995
16.803551142,0.0112,0.9748,0.1998,0.995
16.805592681,0.0110,0.9743,0.1994,0.995
16.807505681,0.0107,0.9748,0.1989,0.995
16.809406527,0.0107,0.9736,0.1998,0.994
16.817320527,0.0117,0.9733,0.2001,0.994
16.817917911,0.0132,0.9728,0.2003,0.993
16.818168796,0.0137,0.9723,0.2008,0.993
16.81845795,0.0125,0.9723,0.2008,0.993
16.819235142,0.0125,0.9716,0.2018,0.992
16.821183027,0.0144,0.9719,0.2016,0.993
16.823092257,0.0137,0.9723,0.2028,0.993
16.825176065,0.0132,0.9733,0.2040,0.995
16.828988834,0.0127,0.9726,0.2050,0.994
16.829563257,0.0127,0.9719,0.2042,0.993
16.836107257,0.0134,0.9728,0.2052,0.994
16.836578757,0.0127,0.9721,0.2055,0.994
16.837456373,0.0127,0.9726,0.2057,0.994
16.837715796,0.0125,0.9726,0.2069,0.994
16.839274757,0.0134,0.9723,0.2077,0.994
16.841214642,0.0134,0.9719,0.2091,0.994
16.843265719,0.0129,0.9716,0.2099,0.994
16.846670911,0.0132,0.9726,0.2108,0.995
16.849192873,0.0134,0.9738,0.2111,0.997
16.849521296,0.0144,0.9753,0.2128,0.998
16.850970296,0.0134,0.9745,0.2125,0.998
16.852911757,0.0129,0.9755,0.2135,0.999
16.855038757,0.0144,0.9760,0.2133,0.999
16.856968411,0.0147,0.9765,0.2138,1.000
16.858967873,0.0142,0.9765,0.2130,1.000
16.862875219,0.0144,0.9777,0.2111,1.000
16.863499988,0.0154,0.9787,0.2108,1.001
16.864995719,0.0169,0.9765,0.2101,0.999
16.866711411,0.0147,0.9758,0.2101,0.998
16.868775411,0.0149,0.9770,0.2091,0.999
16.870581604,0.0156,0.9760,0.2094,0.998
16.872851219,0.0178,0.9760,0.2081,0.998
16.874629065,0.0173,0.9767,0.2064,0.998
16.87680295,0.0181,0.9765,0.2055,0.998
16.879789411,0.0181,0.9775,0.2055,0.999
16.88066068,0.0173,0.9775,0.2047,0.999
16.88291868,0.0183,0.9743,0.2038,0.996
16.88446145,0.0195,0.9736,0.2030,0.995
16.886391642,0.0217,0.9748,0.2018,0.996
16.888535373,0.0217,0.9748,0.2011,0.996
16.890336104,0.0232,0.9758,0.2011,0.997
16.892649104,0.0220,0.9748,0.1996,0.995
16.902570065,0.0230,0.9758,0.1986,0.996
16.903978488,0.0252,0.9755,0.1989,0.996
16.90505095,0.0261,0.9760,0.1996,0.997
16.906136296,0.0249,0.9765,0.1996,0.997
16.907268065,0.0242,0.9758,0.2013,0.997
16.914844411,0.0242,0.9745,0.2023,0.996
16.91616295,0.0239,0.9740,0.2047,0.996
16.91721845,0.0235,0.9743,0.2074,0.996
16.918312065,0.0242,0.9733,0.2091,0.996
16.919490911,0.0230,0.9743,0.2116,0.997
16.920694488,0.0230,0.9740,0.2135,0.997
16.921728719,0.0227,0.9748,0.2138,0.998
16.92300368,0.0237,0.9743,0.2130,0.998
16.923951642,0.0242,0.9733,0.2125,0.997
16.924946257,0.0237,0.9711,0.2118,0.994
16.926064988,0.0227,0.9704,0.2103,0.993
16.927269334,0.0232,0.9704,0.2099,0.993
16.930016873,0.0235,0.9697,0.2064,0.992
16.931787027,0.0239,0.9692,0.2042,0.991
16.936134642,0.0239,0.9694,0.2038,0.991
16.937444027,0.0230,0.9694,0.2006,0.990
16.938834257,0.0232,0.9699,0.1986,0.990
16.939917757,0.0220,0.9706,0.1986,0.991
16.941254757,0.0213,0.9694,0.1984,0.990
16.942850834,0.0203,0.9697,0.1981,0.990
16.944048296,0.0200,0.9699,0.1984,0.990
16.947105219,0.0198,0.9706,0.1994,0.991
16.952785373,0.0188,0.9711,0.2020,0.992
16.953904911,0.0176,0.9704,0.2062,0.992
16.95495868,0.0181,0.9719,0.2074,0.994
16.95603718,0.0166,0.9694,0.2099,0.992
16.956933257,0.0149,0.9687,0.2123,0.992
16.95798818,0.0144,0.9701,0.2138,0.994
16.959756988,0.0149,0.9694,0.2145,0.993
16.962921873,0.0149,0.9694,0.2150,0.993
16.965685296,0.0149,0.9699,0.2172,0.994
16.966782873,0.0161,0.9694,0.2182,0.994
16.967801796,0.0164,0.9687,0.2196,0.993
16.969492988,0.0161,0.9697,0.2253,0.996
16.97168595,0.0154,0.9692,0.2272,0.996
16.973452796,0.0161,0.9667,0.2299,0.994
16.975639642,0.0142,0.9689,0.2323,0.996
16.977531411,0.0144,0.9682,0.2350,0.996
16.981588488,0.0134,0.9667,0.2365,0.995
16.983601411,0.0149,0.9679,0.2384,0.997
16.985190334,0.0137,0.9677,0.2394,0.997
16.986508603,0.0117,0.9667,0.2404,0.996
16.98783718,0.0112,0.9650,0.2411,0.995
16.990287757,0.0110,0.9638,0.2406,0.993
16.991722873,0.0098,0.9653,0.2394,0.995
16.993287065,0.0088,0.9648,0.2375,0.994
17.00192345,0.0066,0.9648,0.2333,0.993
17.002779796,0.0066,0.9645,0.2314,0.992
17.003062719,0.0056,0.9638,0.2274,0.990
17.003301873,0.0042,0.9650,0.2201,0.990
17.003538257,0.0039,0.9648,0.2184,0.989
17.004848642,0.0022,0.9660,0.2123,0.989
17.006857565,-0.0002,0.9672,0.2064,0.989
17.008835834,-0.0017,0.9677,0.2033,0.989
17.017429027,-0.0020,0.9692,0.1957,0.989
17.01801495,-0.0029,0.9694,0.1928,0.988
17.018259527,-0.0059,0.9719,0.1876,0.990
17.018547219,-0.0056,0.9723,0.1837,0.990
17.018803065,-0.0039,0.9736,0.1815,0.990
17.020754296,-0.0039,0.9762,0.1786,0.992
17.022843527,-0.0042,0.9780,0.1754,0.994
17.024697603,-0.0029,0.9794,0.1749,0.995
17.02660568,-0.0010,0.9806,0.1739,0.996
17.030185565,-0.0005,0.9809,0.1742,0.996
17.030875911,0.0010,0.9814,0.1757,0.997
17.032596757,0.0005,0.9824,0.1744,0.998
17.034783027,0.0007,0.9831,0.1742,0.998
17.036486027,0.0020,0.9838,0.1771,1.000
17.038763373,0.0034,0.9824,0.1805,0.999
17.040707027,0.0054,0.9828,0.1813,0.999
17.042592796,0.0076,0.9846,0.1832,1.001
17.045886065,0.0076,0.9848,0.1854,1.002
17.046533603,0.0068,0.9828,0.1906,1.001
17.04838845,0.0061,0.9838,0.1964,1.003
17.050254642,0.0049,0.9831,0.1998,1.003
17.052259527,0.0032,0.9816,0.2038,1.003
17.054254757,0.0027,0.9809,0.2057,1.002
17.056381411,0.0015,0.9804,0.2116,1.003
17.058179296,0.0002,0.9787,0.2174,1.003
17.060144296,0.0007,0.9784,0.2206,1.003
17.063864603,-0.0017,0.9765,0.2238,1.002
17.064735603,-0.0024,0.9760,0.2282,1.002
17.066188296,-0.0022,0.9750,0.2304,1.002
17.068317988,-0.0024,0.9745,0.2316,1.002
17.07006068,-0.0024,0.9736,0.2323,1.001
17.072065219,-0.0039,0.9728,0.2331,1.000
17.07399595,-0.0017,0.9723,0.2321,1.000
17.076292565,-0.0015,0.9721,0.2326,1.000
17.07972868,-0.0017,0.9728,0.2326,1.000
17.08032245,0.0002,0.9719,0.2316,0.999
17.082012411,0.0015,0.9723,0.2309,0.999
17.084082565,0.0032,0.9726,0.2287,0.999
17.085908642,0.0042,0.9733,0.2272,0.999
17.088123065,0.0064,0.9740,0.2216,0.999
17.089989219,0.0076,0.9755,0.2194,1.000
17.09199495,0.0081,0.9753,0.2184,0.999
17.093841488,0.0068,0.9782,0.2157,1.002
17.098663757,0.0090,0.9787,0.2106,1.001
17.09921318,0.0105,0.9782,0.2086,1.000
17.099887296,0.0103,0.9784,0.2050,1.000
17.106893719,0.0098,0.9789,0.2033,1.000
17.107200411,0.0127,0.9806,0.1981,1.001
17.10746595,0.0127,0.9821,0.1957,1.001
17.107697488,0.0129,0.9819,0.1950,1.001
17.109919257,0.0132,0.9821,0.1903,1.000
17.112571719,0.0134,0.9811,0.1886,0.999
17.113483911,0.0149,0.9799,0.1857,0.997
17.11557645,0.0149,0.9804,0.1849,0.998
17.117575142,0.0151,0.9809,0.1842,0.998
17.119514565,0.0166,0.9811,0.1825,0.998
17.121470873,0.0151,0.9811,0.1815,0.998
17.12341018,0.0151,0.9792,0.1823,0.996
17.125430603,0.0171,0.9802,0.1845,0.998
17.12745145,0.0161,0.9799,0.1840,0.997
17.129403334,0.0166,0.9806,0.1859,0.998
17.131877334,0.0156,0.9794,0.1888,0.998
17.133265103,0.0159,0.9797,0.1910,0.998
17.135682719,0.0156,0.9797,0.1935,0.999
17.137262796,0.0156,0.9789,0.1954,0.998
17.139468026,0.0129,0.9789,0.1991,0.999
17.141050257,0.0125,0.9789,0.2003,0.999
17.143169103,0.0117,0.9799,0.2018,1.001
17.146567796,0.0129,0.9799,0.2060,1.001
17.147298334,0.0105,0.9799,0.2057,1.001
17.149223103,0.0100,0.9799,0.2081,1.002
17.151338488,0.0088,0.9787,0.2094,1.001
17.153199834,0.0081,0.9792,0.2103,1.002
17.155067142,0.0078,0.9797,0.2123,1.002
17.156850488,0.0088,0.9792,0.2138,1.002
17.159413373,0.0081,0.9789,0.2143,1.002
17.161183142,0.0068,0.9784,0.2143,1.002
17.164177834,0.0064,0.9797,0.2138,1.003
17.165009373,0.0068,0.9780,0.2128,1.001
17.166916488,0.0064,0.9777,0.2121,1.000
17.16886268,0.0049,0.9780,0.2113,1.001
17.170922373,0.0044,0.9760,0.2099,0.998
17.173113873,0.0039,0.9765,0.2086,0.999
17.174648257,0.0054,0.9758,0.2069,0.997
17.176879103,0.0068,0.9767,0.2033,0.998
17.180975757,0.0061,0.9765,0.2020,0.997
17.182317103,0.0061,0.9755,0.2001,0.996
17.183385334,0.0073,0.9758,0.1991,0.996
17.184434642,0.0081,0.9750,0.1974,0.995
17.186505488,0.0081,0.9750,0.1962,0.995
17.188482911,0.0081,0.9755,0.1950,0.995
17.190576565,0.0093,0.9750,0.1947,0.994
17.192765026,0.0110,0.9748,0.1950,0.994
17.194332142,0.0112,0.9748,0.1932,0.994
17.206588565,0.0115,0.9765,0.1920,0.995
17.208030449,0.0100,0.9765,0.1925,0.995
17.209108642,0.0095,0.9755,0.1910,0.994
17.210160911,0.0098,0.9740,0.1925,0.993
17.21134268,0.0098,0.9738,0.1928,0.993
17.21256318,0.0105,0.9762,0.1954,0.996
17.213792719,0.0107,0.9762,0.1967,0.996
17.215045257,0.0117,0.9745,0.1979,0.994
17.215574103,0.0129,0.9753,0.1989,0.995
17.21594768,0.0142,0.9745,0.1991,0.995
17.216308757,0.0159,0.9743,0.2020,0.995
17.223278219,0.0156,0.9738,0.2040,0.995
17.224055373,0.0161,0.9743,0.2057,0.996
17.224504411,0.0171,0.9745,0.2069,0.996
17.224929449,0.0176,0.9758,0.2074,0.998
17.22581418,0.0176,0.9760,0.2079,0.998
17.22845168,0.0149,0.9750,0.2084,0.997
17.232947449,0.0149,0.9743,0.2069,0.996
17.233752142,0.0147,0.9755,0.2084,0.998
17.234212257,0.0134,0.9775,0.2081,0.999
17.235873103,0.0127,0.9765,0.2084,0.999
17.237707834,0.0112,0.9758,0.2101,0.998
17.239855449,0.0110,0.9762,0.2113,0.999
17.241752257,0.0098,0.9765,0.2111,0.999
17.243728873,0.0086,0.9777,0.2101,1.000
17.247443103,0.0081,0.9780,0.2106,1.000
17.248751488,0.0051,0.9775,0.2096,1.000
17.24976768,0.0051,0.9775,0.2074,0.999
17.251940911,0.0054,0.9784,0.2074,1.000
17.253666719,0.0042,0.9784,0.2091,1.001
17.256005642,0.0037,0.9780,0.2089,1.000
17.257609488,0.0039,0.9789,0.2091,1.001
17.260056373,0.0039,0.9784,0.2072,1.000
17.261669488,0.0032,0.9777,0.2067,0.999
17.26590568,0.0029,0.9782,0.2069,1.000
17.267304988,0.0032,0.9777,0.2074,0.999
17.268379603,0.0032,0.9784,0.2067,1.000
17.269459296,0.0039,0.9787,0.2067,1.000
17.271689411,0.0042,0.9787,0.2081,1.001
17.273533334,0.0044,0.9780,0.2062,0.999
17.275630565,0.0059,0.9792,0.2047,1.000
17.277307065,0.0054,0.9787,0.2052,1.000
17.280813449,0.0051,0.9753,0.2052,0.997
17.282440526,0.0068,0.9755,0.2047,0.997
17.283592219,0.0068,0.9767,0.2057,0.998
17.285249219,0.0066,0.9753,0.2052,0.997
17.287440949,0.0076,0.9748,0.2055,0.996
17.289354757,0.0076,0.9743,0.2074,0.996
17.291504757,0.0064,0.9726,0.2072,0.994
17.293341296,0.0066,0.9731,0.2079,0.995
17.296505949,0.0066,0.9743,0.2057,0.996
17.297577988,0.0061,0.9733,0.2057,0.995
17.306222642,0.0068,0.9714,0.2067,0.993
17.307780296,0.0064,0.9694,0.2091,0.992
17.308715103,0.0073,0.9689,0.2079,0.991
17.309820372,0.0093,0.9692,0.2081,0.991
17.311046142,0.0088,0.9697,0.2084,0.992
17.311607026,0.0095,0.9694,0.2074,0.991
17.312060565,0.0095,0.9675,0.2069,0.989
17.313171526,0.0086,0.9677,0.2067,0.990
17.315375603,0.0090,0.9682,0.2079,0.990
17.317034526,0.0103,0.9694,0.2072,0.991
17.319056257,0.0105,0.9694,0.2074,0.991
17.321088142,0.0095,0.9687,0.2084,0.991
17.323004219,0.0090,0.9677,0.2072,0.990
17.324862872,0.0098,0.9687,0.2064,0.990
17.32687568,0.0090,0.9694,0.2069,0.991
17.330253372,0.0083,0.9689,0.2067,0.991
17.331785603,0.0107,0.9694,0.2074,0.991
17.336964603,0.0103,0.9694,0.2050,0.991
17.337479719,0.0105,0.9697,0.2038,0.991
17.337897988,0.0103,0.9692,0.2057,0.991
17.338893949,0.0100,0.9684,0.2062,0.990
17.340549911,0.0088,0.9706,0.2047,0.992
17.342523334,0.0090,0.9709,0.2047,0.992
17.344563526,0.0100,0.9719,0.2045,0.993
17.348448565,0.0095,0.9723,0.2038,0.994
17.352771603,0.0081,0.9723,0.2042,0.994
17.353497834,0.0071,0.9711,0.2050,0.993
17.354349565,0.0078,0.9733,0.2040,0.994
17.355122565,0.0076,0.9745,0.2033,0.996
17.35652968,0.0064,0.9743,0.2028,0.995
17.358533372,0.0088,0.9728,0.2020,0.994
17.360296834,0.0088,0.9726,0.2018,0.993
17.363536872,0.0066,0.9728,0.2030,0.994
17.36512518,0.0068,0.9731,0.2025,0.994
17.367215757,0.0081,0.9748,0.2028,0.996
17.368278488,0.0068,0.9750,0.2018,0.996
17.370105757,0.0061,0.9753,0.2028,0.996
17.372196796,0.0061,0.9745,0.2030,0.995
17.374598026,0.0059,0.9762,0.2040,0.997
17.376108488,0.0064,0.9755,0.2052,0.997
17.378443642,0.0059,0.9753,0.2033,0.996
17.381544911,0.0054,0.9765,0.2025,0.997
17.383069411,0.0051,0.9758,0.2025,0.997
17.384149219,0.0054,0.9748,0.2025,0.996
17.385928449,0.0049,0.9748,0.2018,0.995
17.387985526,0.0059,0.9745,0.2028,0.995
17.389858526,0.0061,0.9738,0.2030,0.995
17.391967526,0.0076,0.9758,0.2038,0.997
17.393859526,0.0073,0.9762,0.2040,0.997
17.404354872,0.0078,0.9760,0.2033,0.997
17.405834411,0.0086,0.9775,0.2035,0.998
17.407344334,0.0086,0.9765,0.2028,0.997
17.408431642,0.0088,0.9760,0.2033,0.997
17.40959118,0.0107,0.9765,0.2040,0.998
17.410687334,0.0107,0.9770,0.2042,0.998
17.411153142,0.0105,0.9745,0.2035,0.996
17.411420834,0.0100,0.9731,0.2038,0.994
17.411695142,0.0105,0.9738,0.2050,0.995
17.423386488,0.0100,0.9758,0.2042,0.997
17.424041488,0.0103,0.9760,0.2040,0.997
17.424295103,0.0110,0.9760,0.2038,0.997
17.42452568,0.0107,0.9765,0.2055,0.998
17.424741795,0.0105,0.9758,0.2045,0.997
17.424966565,0.0103,0.9758,0.2047,0.997
17.432056372,0.0098,0.9765,0.2045,0.998
17.432675334,0.0107,0.9765,0.2045,0.998
17.432964911,0.0100,0.9772,0.2030,0.998
17.433210795,0.0083,0.9777,0.2038,0.999
17.433476065,0.0081,0.9777,0.2042,0.999
17.435173911,0.0090,0.9770,0.2060,0.998
17.437119988,0.0095,0.9762,0.2052,0.998
17.43939718,0.0098,0.9770,0.2060,0.999
17.441244219,0.0093,0.9770,0.2052,0.998
17.443105103,0.0098,0.9770,0.2050,0.998
17.447400642,0.0100,0.9753,0.2050,0.997
17.448066142,0.0095,0.9767,0.2042,0.998
17.449026565,0.0086,0.9775,0.2050,0.999
17.451409719,0.0081,0.9772,0.2064,0.999
17.453025372,0.0083,0.9775,0.2055,0.999
17.455031142,0.0076,0.9767,0.2040,0.998
17.456939065,0.0083,0.9762,0.2033,0.997
17.458938949,0.0090,0.9760,0.2033,0.997
17.460763488,0.0076,0.9760,0.2025,0.997
17.464146372,0.0066,0.9770,0.2020,0.998
17.464780795,0.0068,0.9775,0.2003,0.998
17.46673068,0.0073,0.9767,0.2011,0.997
17.468782526,0.0073,0.9775,0.2035,0.998
17.47063468,0.0051,0.9753,0.2055,0.997
17.472813103,0.0066,0.9753,0.2069,0.997
17.474532219,0.0044,0.9750,0.2091,0.997
17.476576295,0.0024,0.9755,0.2094,0.998
17.480105334,0.0022,0.9755,0.2091,0.998
17.48148568,0.0037,0.9736,0.2094,0.996
17.483079065,0.0051,0.9731,0.2062,0.995
17.484915834,0.0044,0.9733,0.2055,0.995
17.486435719,0.0042,0.9736,0.2042,0.995
17.488658372,0.0044,0.9726,0.2030,0.994
17.490328526,0.0056,0.9716,0.1984,0.992
17.492577103,0.0061,0.9719,0.1969,0.992
17.494139718,0.0076,0.9709,0.1954,0.990
17.50028718,0.0071,0.9716,0.1940,0.991
17.500886065,0.0071,0.9716,0.1937,0.991
17.501138718,0.0056,0.9740,0.1920,0.993
17.502487026,0.0076,0.9736,0.1898,0.992
17.504526142,0.0078,0.9726,0.1896,0.991
17.506685718,0.0064,0.9738,0.1906,0.992
17.508385757,0.0044,0.9743,0.1940,0.993
17.510247642,0.0046,0.9743,0.1954,0.994
17.519561757,0.0046,0.9758,0.1994,0.996
17.520224411,0.0037,0.9765,0.2030,0.997
17.520510372,0.0029,0.9770,0.2050,0.998
17.520761103,0.0034,0.9743,0.2077,0.996
17.52100518,0.0027,0.9736,0.2096,0.996
17.522000372,0.0037,0.9753,0.2135,0.998
17.540583218,0.0039,0.9758,0.2150,0.999
17.54269968,0.0051,0.9750,0.2155,0.999
17.543199026,0.0066,0.9723,0.2187,0.997
17.543429526,0.0073,0.9728,0.2199,0.997
17.543667988,0.0071,0.9709,0.2250,0.997
17.543898334,0.0088,0.9721,0.2279,0.998
17.544119026,0.0083,0.9716,0.2296,0.998
17.54433718,0.0078,0.9711,0.2311,0.998
17.544564565,0.0078,0.9701,0.2338,0.998
17.54479518,0.0081,0.9684,0.2353,0.997
17.545050988,0.0098,0.9694,0.2387,0.998
17.549334795,0.0095,0.9689,0.2382,0.998
17.549954795,0.0103,0.9692,0.2377,0.998
17.550261449,0.0098,0.9687,0.2397,0.998
17.551868026,0.0086,0.9679,0.2392,0.997
17.553732757,0.0081,0.9657,0.2389,0.995
17.555756488,0.0081,0.9660,0.2343,0.994
17.55784968,0.0078,0.9645,0.2323,0.992
17.559807103,0.0066,0.9633,0.2284,0.990
17.561463872,0.0061,0.9626,0.2255,0.989
17.564145872,0.0059,0.9638,0.2191,0.988
17.565869795,0.0049,0.9638,0.2130,0.987
17.567638142,0.0044,0.9643,0.2096,0.987
17.569579372,0.0051,0.9638,0.2042,0.985
17.57156718,0.0039,0.9645,0.1976,0.985
17.573413911,0.0024,0.9662,0.1937,0.985
17.575483103,0.0024,0.9689,0.1886,0.987
17.577315142,0.0027,0.9689,0.1871,0.987
17.580676795,0.0046,0.9697,0.1815,0.987
17.581656526,0.0042,0.9701,0.1776,0.986
17.583329795,0.0046,0.9716,0.1759,0.987
17.585545757,0.0049,0.9738,0.1742,0.989
17.58746268,0.0049,0.9743,0.1735,0.990
17.589382026,0.0071,0.9758,0.1722,0.991
17.591378257,0.0073,0.9758,0.1730,0.991
17.593432565,0.0086,0.9772,0.1737,0.993
17.595383949,0.0103,0.9782,0.1757,0.994
17.599725795,0.0103,0.9782,0.1766,0.994
17.600324757,0.0098,0.9777,0.1798,0.994
17.601209141,0.0095,0.9802,0.1840,0.997
17.607769565,0.0098,0.9806,0.1854,0.998
17.608305526,0.0100,0.9797,0.1888,0.998
17.608570834,0.0093,0.9797,0.1959,0.999
17.609323988,0.0083,0.9789,0.1984,0.999
17.611049757,0.0095,0.9792,0.2028,1.000
17.619820334,0.0081,0.9797,0.2064,1.001
17.620429641,0.0071,0.9806,0.2116,1.003
17.620701295,0.0054,0.9782,0.2157,1.002
17.620933449,0.0034,0.9770,0.2184,1.001
17.62116818,0.0015,0.9767,0.2233,1.002
17.622760988,0.0012,0.9767,0.2282,1.003
17.624614872,0.0000,0.9753,0.2309,1.002
17.626903834,-0.0022,0.9745,0.2340,1.002
17.628789834,-0.0034,0.9738,0.2358,1.002
17.630902795,-0.0042,0.9714,0.2387,1.000
17.63281968,-0.0051,0.9711,0.2399,1.000
17.634786488,-0.0044,0.9706,0.2411,1.000
17.637613718,-0.0029,0.9692,0.2399,0.998
17.638666988,-0.0022,0.9689,0.2406,0.998
17.640580641,-0.0027,0.9692,0.2406,0.999
17.642562795,-0.0020,0.9692,0.2387,0.998
17.644555641,-0.0020,0.9694,0.2377,0.998
17.646905872,-0.0010,0.9684,0.2350,0.997
17.648505526,0.0015,0.9701,0.2321,0.998
17.650584334,0.0027,0.9711,0.2296,0.998
17.652702565,0.0044,0.9706,0.2279,0.997
17.655012449,0.0049,0.9716,0.2243,0.997
17.656388218,0.0056,0.9723,0.2226,0.998
17.658282565,0.0076,0.9731,0.2184,0.997
17.66047268,0.0078,0.9733,0.2152,0.997
17.664794795,0.0103,0.9738,0.2111,0.996
17.667648641,0.0122,0.9733,0.2069,0.995
17.668719141,0.0127,0.9738,0.2060,0.995
17.669754334,0.0132,0.9743,0.2042,0.996
17.670908334,0.0144,0.9736,0.2006,0.994
17.672462026,0.0144,0.9743,0.2006,0.995
17.674431411,0.0159,0.9760,0.1984,0.996
17.676426834,0.0159,0.9755,0.1979,0.996
17.678267103,0.0156,0.9740,0.1945,0.993
17.681770949,0.0169,0.9743,0.1925,0.993
17.685348103,0.0169,0.9750,0.1932,0.994
17.685865988,0.0181,0.9750,0.1940,0.994
17.686127718,0.0183,0.9743,0.1930,0.993
17.688236911,0.0166,0.9738,0.1935,0.993
17.690076065,0.0156,0.9733,0.1947,0.993
17.692240565,0.0161,0.9736,0.1954,0.993
17.693997718,0.0147,0.9736,0.1989,0.994
17.699889834,0.0156,0.9728,0.2025,0.994
17.700478218,0.0154,0.9736,0.2040,0.995
17.700729949,0.0154,0.9738,0.2030,0.995
17.701724911,0.0149,0.9736,0.2045,0.995
17.703857026,0.0149,0.9740,0.2077,0.996
17.707283603,0.0129,0.9731,0.2108,0.996
17.707807834,0.0125,0.9726,0.2121,0.996
17.710874564,0.0117,0.9731,0.2130,0.996
17.711928257,0.0105,0.9731,0.2150,0.997
17.71397018,0.0093,0.9733,0.2177,0.997
17.715954026,0.0107,0.9736,0.2187,0.998
17.717722988,0.0117,0.9738,0.2187,0.998
17.719646141,0.0095,0.9743,0.2206,0.999
17.721757795,0.0090,0.9753,0.2211,1.000
17.723854911,0.0083,0.9750,0.2223,1.000
17.725760103,0.0076,0.9731,0.2226,0.998
17.727591488,0.0073,0.9733,0.2213,0.998
17.731375641,0.0073,0.9721,0.2206,0.997
17.732005834,0.0073,0.9723,0.2201,0.997
17.733570757,0.0073,0.9733,0.2199,0.998
17.73580618,0.0056,0.9716,0.2196,0.996
17.737395411,0.0034,0.9723,0.2182,0.997
17.739412411,0.0042,0.9721,0.2174,0.996
17.741383488,0.0044,0.9709,0.2169,0.995
17.743468218,0.0039,0.9706,0.2152,0.994
17.745352911,0.0044,0.9706,0.2116,0.993
17.749579411,0.0064,0.9699,0.2101,0.992
17.750163834,0.0068,0.9701,0.2094,0.992
17.751328103,0.0073,0.9704,0.2086,0.993
17.753685411,0.0098,0.9701,0.2077,0.992
17.755278564,0.0095,0.9699,0.2072,0.992
17.757264795,0.0095,0.9697,0.2064,0.991
17.759213372,0.0098,0.9689,0.2057,0.991
17.761501218,0.0100,0.9682,0.2040,0.989
17.764162949,0.0105,0.9697,0.2057,0.991
17.765062988,0.0107,0.9697,0.2062,0.991
17.767345449,0.0112,0.9694,0.2060,0.991
17.769131295,0.0120,0.9692,0.2064,0.991
17.771194141,0.0134,0.9694,0.2079,0.992
17.773240103,0.0132,0.9704,0.2079,0.992
17.775253103,0.0144,0.9704,0.2084,0.993
17.777365449,0.0156,0.9711,0.2108,0.994
17.779174834,0.0166,0.9711,0.2116,0.994
17.781939064,0.0173,0.9706,0.2111,0.993
17.783110988,0.0173,0.9723,0.2116,0.995
17.785048872,0.0176,0.9738,0.2128,0.997
17.78686368,0.0183,0.9726,0.2135,0.996
17.78889918,0.0171,0.9733,0.2140,0.997
17.790828449,0.0171,0.9738,0.2138,0.997
17.792852911,0.0176,0.9736,0.2130,0.997
17.794916795,0.0186,0.9762,0.2128,0.999
17.800472141,0.0178,0.9753,0.2133,0.998
17.801287334,0.0161,0.9770,0.2125,1.000
17.801713334,0.0147,0.9777,0.2121,1.001
17.803014718,0.0137,0.9755,0.2138,0.999
17.805006564,0.0129,0.9780,0.2147,1.001
17.80732018,0.0110,0.9775,0.2145,1.001
17.808958334,0.0100,0.9762,0.2138,0.999
17.810763103,0.0100,0.9775,0.2138,1.001
17.816885603,0.0093,0.9789,0.2128,1.002
17.817751334,0.0073,0.9792,0.2121,1.002
17.818155526,0.0071,0.9792,0.2118,1.002
17.818604141,0.0071,0.9794,0.2101,1.002
17.820704872,0.0088,0.9789,0.2103,1.001
17.822656141,0.0078,0.9797,0.2103,1.002
17.824750449,0.0083,0.9797,0.2103,1.002
17.82665368,0.0068,0.9792,0.2089,1.001
17.828663026,0.0071,0.9770,0.2096,0.999
17.830847834,0.0066,0.9770,0.2086,0.999
17.832434526,0.0064,0.9777,0.2084,1.000
17.834252526,0.0083,0.9782,0.2081,1.000
17.836463295,0.0086,0.9762,0.2086,0.998
17.838207603,0.0090,0.9765,0.2086,0.999
17.840279757,0.0090,0.9758,0.2084,0.998
17.842061949,0.0110,0.9753,0.2094,0.998
17.844190372,0.0112,0.9745,0.2096,0.997
17.847888987,0.0122,0.9748,0.2108,0.997
17.848484603,0.0127,0.9753,0.2108,0.998
17.850090411,0.0144,0.9745,0.2106,0.997
17.852172641,0.0122,0.9723,0.2106,0.995
17.853891064,0.0112,0.9719,0.2106,0.994
17.856093603,0.0134,0.9714,0.2116,0.994
17.857815757,0.0147,0.9711,0.2118,0.994
17.860178834,0.0137,0.9704,0.2123,0.993
17.861789795,0.0125,0.9694,0.2108,0.992
17.864340795,0.0115,0.9684,0.2103,0.991
17.865849834,0.0122,0.9682,0.2123,0.991
17.867916141,0.0127,0.9672,0.2128,0.990
17.869976834,0.0115,0.9675,0.2106,0.990
17.871979218,0.0120,0.9670,0.2113,0.990
17.873678487,0.0107,0.9675,0.2113,0.990
17.875964103,0.0129,0.9670,0.2116,0.990
17.877732218,0.0127,0.9672,0.2125,0.990
17.881980564,0.0129,0.9665,0.2135,0.990
17.882608641,0.0115,0.9672,0.2143,0.991
17.883620372,0.0122,0.9672,0.2128,0.990
17.885426949,0.0132,0.9682,0.2130,0.991
17.887644987,0.0137,0.9687,0.2128,0.992
17.889589411,0.0137,0.9692,0.2118,0.992
17.89157318,0.0137,0.9694,0.2108,0.992
17.89369468,0.0134,0.9701,0.2106,0.993
17.895923641,0.0125,0.9699,0.2101,0.992
17.905916064,0.0095,0.9706,0.2106,0.993
17.907515449,0.0098,0.9709,0.2108,0.994
17.908534872,0.0100,0.9701,0.2103,0.993
17.909538141,0.0090,0.9723,0.2094,0.995
17.910732872,0.0095,0.9728,0.2101,0.995
17.913113487,0.0115,0.9728,0.2084,0.995
17.913690987,0.0120,0.9728,0.2091,0.995
17.913949795,0.0115,0.9726,0.2099,0.995
17.91419968,0.0083,0.9736,0.2086,0.996
17.923822526,0.0088,0.9728,0.2081,0.995
17.924535141,0.0107,0.9736,0.2079,0.996
17.924831603,0.0112,0.9755,0.2052,0.997
17.925151795,0.0093,0.9753,0.2040,0.996
17.925436064,0.0100,0.9755,0.2060,0.997
17.925718834,0.0112,0.9748,0.2072,0.997
17.927535449,0.0110,0.9745,0.2079,0.997
17.929371834,0.0098,0.9740,0.2069,0.996
17.931961372,0.0095,0.9740,0.2069,0.996
17.933116949,0.0090,0.9736,0.2072,0.995
17.935772757,0.0110,0.9740,0.2067,0.996
17.937366872,0.0115,0.9745,0.2077,0.996
17.939336987,0.0115,0.9745,0.2094,0.997
17.940976141,0.0110,0.9758,0.2096,0.998
17.94329318,0.0120,0.9765,0.2072,0.998
17.94504141,0.0100,0.9755,0.2094,0.998
17.948291064,0.0090,0.9753,0.2099,0.998
17.949377564,0.0090,0.9767,0.2106,0.999
17.951236026,0.0105,0.9772,0.2116,1.000
17.95290691,0.0105,0.9772,0.2118,1.000
17.955089949,0.0110,0.9765,0.2123,0.999
17.956964949,0.0117,0.9760,0.2123,0.999
17.958885949,0.0117,0.9743,0.2128,0.997
17.961073526,0.0105,0.9728,0.2113,0.996
17.962739064,0.0105,0.9733,0.2111,0.996
17.968030141,0.0100,0.9731,0.2140,0.996
17.968674026,0.0098,0.9723,0.2143,0.996
17.969120987,0.0095,0.9716,0.2160,0.995
17.970957487,0.0103,0.9721,0.2157,0.996
17.97286868,0.0093,0.9733,0.2152,0.997
17.974878526,0.0100,0.9743,0.2165,0.998
17.976758757,0.0110,0.9726,0.2160,0.996
17.97893741,0.0115,0.9738,0.2150,0.997
17.986177372,0.0122,0.9733,0.2138,0.997
17.98709941,0.0115,0.9726,0.2150,0.996
17.987544103,0.0120,0.9726,0.2160,0.996
17.987948718,0.0127,0.9716,0.2152,0.995
17.988585641,0.0125,0.9721,0.2152,0.996
17.994100141,0.0107,0.9719,0.2143,0.995
17.994854526,0.0105,0.9723,0.2128,0.995
17.995355334,0.0120,0.9728,0.2135,0.996
17.996394257,0.0117,0.9723,0.2130,0.995
18.00378068,0.0112,0.9723,0.2118,0.995
18.004716064,0.0120,0.9716,0.2125,0.995
18.005179872,0.0112,0.9709,0.2128,0.994
18.005585526,0.0112,0.9704,0.2133,0.994
18.006220757,0.0120,0.9716,0.2130,0.995
18.008572064,0.0120,0.9721,0.2128,0.995
18.010247795,0.0125,0.9743,0.2106,0.997
18.01229418,0.0125,0.9736,0.2108,0.996
18.014702564,0.0117,0.9733,0.2103,0.996
18.017068334,0.0122,0.9733,0.2099,0.996
18.018146795,0.0137,0.9726,0.2108,0.995
18.020077026,0.0137,0.9714,0.2103,0.994
18.022171718,0.0134,0.9726,0.2108,0.995
18.023972987,0.0142,0.9723,0.2116,0.995
18.025871949,0.0142,0.9728,0.2103,0.995
18.028088872,0.0134,0.9721,0.2108,0.995
18.03134218,0.0129,0.9719,0.2101,0.994
18.032931026,0.0125,0.9709,0.2079,0.993
18.034576526,0.0132,0.9706,0.2091,0.993
18.036044833,0.0132,0.9723,0.2096,0.995
18.037738026,0.0132,0.9711,0.2121,0.994
18.039916487,0.0122,0.9701,0.2140,0.994
18.041719333,0.0103,0.9706,0.2152,0.994
18.043894333,0.0103,0.9709,0.2152,0.994
18.04566818,0.0107,0.9714,0.2145,0.995
18.049159141,0.0120,0.9706,0.2140,0.994
18.050820333,0.0122,0.9714,0.2135,0.995
18.052137564,0.0117,0.9704,0.2125,0.993
18.054071564,0.0137,0.9714,0.2084,0.994
18.05563318,0.0149,0.9714,0.2074,0.993
18.057481564,0.0134,0.9706,0.2042,0.992
18.059586141,0.0161,0.9699,0.2023,0.991
18.061643295,0.0164,0.9706,0.2011,0.991
18.064952718,0.0164,0.9709,0.1994,0.991
18.066610257,0.0178,0.9711,0.1984,0.991
18.067886564,0.0186,0.9711,0.1962,0.991
18.069669757,0.0176,0.9719,0.1989,0.992
18.071611103,0.0181,0.9716,0.1991,0.992
18.073620872,0.0173,0.9726,0.2006,0.993
18.075541103,0.0156,0.9733,0.2006,0.994
18.077476872,0.0149,0.9736,0.2045,0.995
18.079482833,0.0147,0.9738,0.2069,0.996
18.082932949,0.0137,0.9738,0.2089,0.996
18.084492564,0.0122,0.9753,0.2113,0.998
18.085870526,0.0127,0.9750,0.2157,0.999
18.087309026,0.0129,0.9743,0.2162,0.998
18.089266295,0.0129,0.9745,0.2174,0.999
18.091359026,0.0139,0.9736,0.2194,0.998
18.09341941,0.0139,0.9731,0.2209,0.998
18.095342449,0.0151,0.9748,0.2228,1.000
18.105732795,0.0151,0.9745,0.2248,1.000
18.10724591,0.0151,0.9726,0.2279,0.999
18.108109141,0.0166,0.9721,0.2328,1.000
18.109074218,0.0169,0.9731,0.2333,1.001
18.11011591,0.0166,0.9723,0.2360,1.001
18.111453218,0.0173,0.9719,0.2367,1.000
18.112488487,0.0186,0.9704,0.2389,1.000
18.113543603,0.0183,0.9723,0.2406,1.002
18.114608141,0.0183,0.9719,0.2406,1.001
18.115086372,0.0183,0.9709,0.2414,1.001
18.121691218,0.0200,0.9689,0.2409,0.999
18.122187449,0.0195,0.9675,0.2414,0.997
18.122489718,0.0186,0.9670,0.2370,0.996
18.122754026,0.0188,0.9657,0.2355,0.994
18.12482591,0.0173,0.9657,0.2333,0.994
18.126811372,0.0169,0.9645,0.2287,0.991
18.129063526,0.0166,0.9643,0.2257,0.990
18.131665795,0.0161,0.9653,0.2201,0.990
18.134048103,0.0137,0.9655,0.2179,0.990
18.134759487,0.0132,0.9645,0.2108,0.987
18.13663291,0.0137,0.9648,0.2013,0.986
18.138424603,0.0129,0.9657,0.1974,0.986
18.140385218,0.0132,0.9679,0.1903,0.987
18.142315372,0.0098,0.9704,0.1840,0.988
18.144942487,0.0100,0.9711,0.1818,0.988
18.146211795,0.0093,0.9709,0.1783,0.987
18.148285603,0.0100,0.9719,0.1776,0.988
18.150415026,0.0095,0.9750,0.1747,0.991
18.152558718,0.0105,0.9743,0.1732,0.990
18.154280641,0.0105,0.9753,0.1725,0.990
18.156737064,0.0110,0.9762,0.1722,0.991
18.158239641,0.0127,0.9770,0.1722,0.992
18.160594756,0.0147,0.9787,0.1727,0.994
18.162486756,0.0151,0.9789,0.1739,0.994
18.165148526,0.0159,0.9780,0.1754,0.994
18.166178795,0.0159,0.9765,0.1796,0.993
18.168798564,0.0151,0.9775,0.1862,0.995
18.170139564,0.0156,0.9782,0.1881,0.996
18.172226487,0.0181,0.9802,0.1940,0.999
18.173935641,0.0178,0.9797,0.1974,1.000
18.17654691,0.0169,0.9772,0.2038,0.998
18.177978449,0.0142,0.9780,0.2086,1.000
18.180582987,0.0142,0.9777,0.2118,1.000
18.182783141,0.0147,0.9775,0.2165,1.001
18.184188103,0.0142,0.9755,0.2226,1.001
18.185987487,0.0127,0.9750,0.2255,1.001
18.188322949,0.0110,0.9736,0.2314,1.001
18.190002026,0.0103,0.9723,0.2338,1.000
18.19238168,0.0071,0.9704,0.2384,0.999
18.19390168,0.0054,0.9699,0.2402,0.999
18.196072641,0.0051,0.9692,0.2414,0.999
18.202590103,0.0034,0.9677,0.2426,0.998
18.203383487,0.0046,0.9677,0.2443,0.998
18.203834487,0.0039,0.9677,0.2443,0.998
18.204258872,0.0020,0.9670,0.2414,0.997
18.205689333,0.0029,0.9667,0.2404,0.996
18.208500872,0.0037,0.9662,0.2399,0.996
18.209697372,0.0046,0.9667,0.2377,0.996
18.211690103,0.0061,0.9662,0.2377,0.995
18.213671949,0.0086,0.9670,0.2353,0.995
18.215993641,0.0103,0.9675,0.2338,0.995
18.217611718,0.0103,0.9689,0.2301,0.996
18.220001026,0.0115,0.9697,0.2245,0.995
18.221841603,0.0120,0.9706,0.2226,0.996
18.223629718,0.0137,0.9719,0.2196,0.996
18.225496641,0.0159,0.9719,0.2165,0.996
18.22765168,0.0164,0.9721,0.2150,0.996
18.229474756,0.0178,0.9738,0.2084,0.996
18.232330526,0.0210,0.9750,0.2060,0.997
18.233241603,0.0213,0.9753,0.2028,0.996
18.235796718,0.0215,0.9750,0.1991,0.995
18.237275026,0.0225,0.9760,0.1981,0.996
18.239734064,0.0239,0.9760,0.1976,0.996
18.241375718,0.0220,0.9758,0.1957,0.995
18.243322218,0.0225,0.9750,0.1935,0.994
18.245451526,0.0239,0.9750,0.1915,0.994
18.248708064,0.0249,0.9755,0.1913,0.994
18.250042641,0.0261,0.9758,0.1915,0.995
18.25270441,0.0249,0.9767,0.1920,0.996
18.254407372,0.0249,0.9753,0.1928,0.994
18.255408141,0.0237,0.9748,0.1942,0.994
18.25728191,0.0257,0.9748,0.1974,0.995
18.259422333,0.0252,0.9760,0.1976,0.996
18.261212795,0.0242,0.9748,0.2001,0.995
18.263659872,0.0244,0.9750,0.2016,0.996
18.266673026,0.0235,0.9758,0.2030,0.997
18.268210679,0.0227,0.9745,0.2050,0.996
18.269379256,0.0210,0.9753,0.2062,0.997
18.27101341,0.0210,0.9758,0.2113,0.999
18.27303091,0.0213,0.9743,0.2135,0.998
18.275175372,0.0188,0.9733,0.2150,0.997
18.277019256,0.0183,0.9748,0.2172,0.999
18.279069833,0.0181,0.9755,0.2184,1.000
18.282308179,0.0173,0.9765,0.2204,1.001
18.283969795,0.0171,0.9762,0.2221,1.001
18.285080179,0.0166,0.9765,0.2228,1.002
18.28704891,0.0134,0.9750,0.2238,1.000
18.288741064,0.0127,0.9748,0.2243,1.000
18.290742641,0.0105,0.9748,0.2243,1.000
18.292681333,0.0105,0.9743,0.2228,1.000
18.294558679,0.0100,0.9740,0.2238,0.999
18.296703449,0.0090,0.9726,0.2226,0.998
18.306437064,0.0100,0.9736,0.2226,0.999
18.307923526,0.0086,0.9745,0.2228,1.000
18.308980487,0.0086,0.9736,0.2196,0.998
18.309898756,0.0098,0.9723,0.2191,0.997
18.311138449,0.0088,0.9716,0.2160,0.995
18.312152872,0.0071,0.9728,0.2123,0.996
18.313395564,0.0066,0.9723,0.2113,0.995
18.314744987,0.0071,0.9726,0.2101,0.995
18.315829718,0.0081,0.9731,0.2089,0.995
18.317039949,0.0086,0.9714,0.2069,0.993
18.32173991,0.0103,0.9736,0.2042,0.995
18.322716026,0.0107,0.9731,0.2033,0.994
18.323156679,0.0117,0.9714,0.2028,0.992
18.324365179,0.0134,0.9697,0.2023,0.991
18.326271026,0.0132,0.9701,0.2023,0.991
18.328016103,0.0137,0.9709,0.2020,0.992
18.330194141,0.0154,0.9699,0.2018,0.991
18.332277679,0.0159,0.9709,0.2033,0.992
18.334026718,0.0164,0.9711,0.2047,0.993
18.335980949,0.0173,0.9709,0.2055,0.993
18.337952872,0.0149,0.9701,0.2060,0.992
18.340081833,0.0171,0.9694,0.2062,0.991
18.341969333,0.0173,0.9711,0.2064,0.993
18.34443691,0.0188,0.9704,0.2069,0.992
18.346103141,0.0193,0.9694,0.2074,0.992
18.348959718,0.0208,0.9728,0.2101,0.995
18.350163987,0.0239,0.9723,0.2108,0.995
18.352283795,0.0239,0.9728,0.2113,0.996
18.35374941,0.0227,0.9731,0.2111,0.996
18.356326526,0.0235,0.9726,0.2111,0.996
18.358065372,0.0230,0.9736,0.2113,0.996
18.360149949,0.0239,0.9738,0.2106,0.997
18.361829679,0.0242,0.9753,0.2101,0.998
18.366014026,0.0222,0.9770,0.2108,1.000
18.366889487,0.0225,0.9758,0.2111,0.999
18.368068179,0.0217,0.9762,0.2111,0.999
18.369719372,0.0200,0.9775,0.2101,1.000
18.371922679,0.0195,0.9772,0.2099,1.000
18.373867526,0.0203,0.9765,0.2096,0.999
18.376031833,0.0191,0.9765,0.2101,0.999
18.377607641,0.0186,0.9762,0.2103,0.999
18.379999256,0.0164,0.9782,0.2089,1.000
18.383758372,0.0176,0.9780,0.2096,1.000
18.384429602,0.0164,0.9767,0.2094,0.999
18.385541218,0.0147,0.9765,0.2094,0.999
18.387961526,0.0164,0.9762,0.2086,0.998
18.389732295,0.0186,0.9772,0.2060,0.999
18.391962949,0.0169,0.9775,0.2067,0.999
18.393536102,0.0173,0.9787,0.2067,1.000
18.395953218,0.0171,0.9789,0.2062,1.001
18.403053641,0.0171,0.9780,0.2064,1.000
18.403899641,0.0176,0.9770,0.2050,0.998
18.404340602,0.0171,0.9775,0.2047,0.999
18.404748449,0.0178,0.9777,0.2057,0.999
18.405381564,0.0203,0.9758,0.2077,0.998
18.407781295,0.0191,0.9748,0.2067,0.997
18.409367718,0.0188,0.9743,0.2074,0.996
18.411557795,0.0193,0.9740,0.2086,0.996
18.413461987,0.0198,0.9743,0.2089,0.997
18.422755987,0.0195,0.9728,0.2094,0.995
18.423594256,0.0213,0.9726,0.2099,0.995
18.424021487,0.0220,0.9721,0.2096,0.995
18.424432333,0.0205,0.9704,0.2096,0.993
18.424866718,0.0205,0.9704,0.2106,0.993
18.425276564,0.0220,0.9699,0.2106,0.993
18.426976026,0.0200,0.9684,0.2130,0.992
18.428867141,0.0200,0.9682,0.2128,0.991
18.432811679,0.0215,0.9670,0.2106,0.990
18.434284718,0.0203,0.9667,0.2111,0.990
18.435342795,0.0195,0.9675,0.2106,0.990
18.436845487,0.0191,0.9660,0.2103,0.989
18.438857295,0.0198,0.9662,0.2113,0.989
18.44106241,0.0181,0.9665,0.2101,0.989
18.442862526,0.0195,0.9657,0.2111,0.989
18.445484602,0.0183,0.9660,0.2106,0.989
18.44646841,0.0181,0.9677,0.2096,0.990
18.449687602,0.0183,0.9675,0.2101,0.990
18.451272487,0.0186,0.9677,0.2099,0.990
18.452468795,0.0191,0.9697,0.2094,0.992
18.454566756,0.0191,0.9701,0.2084,0.992
18.456442372,0.0186,0.9716,0.2072,0.994
18.458527564,0.0171,0.9697,0.2069,0.992
18.460509141,0.0171,0.9699,0.2062,0.992
18.462980449,0.0147,0.9723,0.2055,0.994
18.467470872,0.0151,0.9733,0.2052,0.995
18.469040372,0.0164,0.9740,0.2042,0.995
18.470268025,0.0161,0.9740,0.2045,0.995
18.471534372,0.0156,0.9750,0.2045,0.996
18.472696641,0.0154,0.9750,0.2030,0.996
18.474235718,0.0156,0.9750,0.2028,0.996
18.476647602,0.0159,0.9775,0.2033,0.999
18.478406602,0.0151,0.9772,0.2028,0.998
18.480420872,0.0156,0.9782,0.2020,0.999
18.483747641,0.0156,0.9784,0.2030,0.999
18.485281102,0.0154,0.9787,0.2020,0.999
18.489186141,0.0156,0.9792,0.2040,1.000
18.490444102,0.0147,0.9787,0.2038,1.000
18.491317718,0.0142,0.9789,0.2035,1.000
18.492375295,0.0147,0.9782,0.2038,0.999
18.494111795,0.0156,0.9782,0.2033,0.999
18.496224141,0.0156,0.9782,0.2028,0.999
18.507055449,0.0161,0.9789,0.2028,1.000
18.507935179,0.0161,0.9792,0.2030,1.000
18.508366372,0.0156,0.9777,0.2038,0.999
18.508776333,0.0149,0.9777,0.2033,0.999
18.509194987,0.0151,0.9780,0.2040,0.999
18.509596949,0.0169,0.9762,0.2040,0.997
18.513916795,0.0178,0.9767,0.2035,0.998
18.514527679,0.0176,0.9770,0.2020,0.998
18.514961564,0.0178,0.9750,0.2050,0.996
18.522126602,0.0176,0.9767,0.2060,0.998
18.523115795,0.0176,0.9770,0.2057,0.999
18.523565295,0.0173,0.9758,0.2055,0.997
18.524010564,0.0176,0.9755,0.2060,0.997
18.524420602,0.0188,0.9770,0.2069,0.999
18.525558372,0.0178,0.9753,0.2067,0.997
18.527780333,0.0178,0.9748,0.2069,0.997
18.529497333,0.0183,0.9726,0.2079,0.995
18.532310025,0.0178,0.9728,0.2086,0.995
18.533297987,0.0195,0.9731,0.2086,0.995
18.535538372,0.0195,0.9721,0.2077,0.994
18.537219756,0.0191,0.9721,0.2077,0.994
18.539332449,0.0198,0.9721,0.2067,0.994
18.541133795,0.0176,0.9740,0.2074,0.996
18.543240949,0.0178,0.9736,0.2084,0.996
18.545183141,0.0173,0.9716,0.2091,0.994
18.547256679,0.0178,0.9709,0.2091,0.993
18.549848795,0.0169,0.9709,0.2099,0.993
18.551284025,0.0178,0.9726,0.2096,0.995
18.55317991,0.0181,0.9726,0.2094,0.995
18.555258564,0.0154,0.9719,0.2099,0.994
18.557080641,0.0137,0.9721,0.2118,0.995
18.559005295,0.0129,0.9699,0.2118,0.993
18.561086449,0.0129,0.9704,0.2101,0.993
18.562996218,0.0134,0.9709,0.2118,0.994
18.566678756,0.0132,0.9721,0.2111,0.995
18.567238948,0.0127,0.9721,0.2118,0.995
18.568856333,0.0122,0.9714,0.2108,0.994
18.571005795,0.0115,0.9731,0.2094,0.995
18.572777795,0.0105,0.9731,0.2099,0.995
18.574870372,0.0100,0.9716,0.2103,0.994
18.576861872,0.0098,0.9706,0.2106,0.993
18.578864564,0.0090,0.9711,0.2103,0.994
18.580862641,0.0117,0.9721,0.2101,0.995
18.584186948,0.0122,0.9726,0.2103,0.995
18.585375487,0.0110,0.9728,0.2084,0.995
18.586713525,0.0127,0.9723,0.2086,0.995
18.588593448,0.0115,0.9714,0.2089,0.994
18.590517333,0.0129,0.9714,0.2089,0.994
18.592724218,0.0122,0.9719,0.2081,0.994
18.594594102,0.0122,0.9721,0.2094,0.994
18.596641987,0.0137,0.9721,0.2084,0.994
18.606838141,0.0144,0.9728,0.2072,0.995
18.608252372,0.0127,0.9728,0.2077,0.995
18.609262179,0.0139,0.9721,0.2077,0.994
18.610247448,0.0139,0.9711,0.2064,0.993
18.61140391,0.0151,0.9711,0.2064,0.993
18.612404525,0.0164,0.9723,0.2055,0.994
18.623399602,0.0151,0.9738,0.2060,0.995
18.624882756,0.0137,0.9740,0.2040,0.995
18.625897641,0.0139,0.9738,0.2040,0.995
18.627102487,0.0149,0.9728,0.2040,0.994
18.628266602,0.0139,0.9738,0.2047,0.995
18.629382987,0.0147,0.9750,0.2042,0.996
18.630658025,0.0151,0.9750,0.2072,0.997
18.631526295,0.0147,0.9753,0.2072,0.997
18.632498372,0.0151,0.9748,0.2072,0.997
18.633476448,0.0142,0.9733,0.2067,0.995
18.634563833,0.0144,0.9731,0.2067,0.995
18.636651333,0.0132,0.9736,0.2069,0.995
18.638006756,0.0149,0.9743,0.2086,0.996
18.639487718,0.0149,0.9758,0.2091,0.998
18.640941795,0.0147,0.9753,0.2072,0.997
18.642305679,0.0149,0.9753,0.2064,0.997
18.643119718,0.0181,0.9733,0.2023,0.994
18.644973564,0.0186,0.9743,0.2018,0.995
18.64609441,0.0186,0.9755,0.1994,0.996
18.648377948,0.0188,0.9733,0.1969,0.993
18.650031641,0.0198,0.9738,0.1945,0.993
18.652149141,0.0200,0.9740,0.1937,0.993
18.655795756,0.0198,0.9760,0.1893,0.994
18.656365756,0.0193,0.9772,0.1884,0.995
18.657937064,0.0186,0.9762,0.1884,0.994
18.659674141,0.0156,0.9772,0.1881,0.995
18.661625948,0.0161,0.9765,0.1884,0.995
18.663680872,0.0159,0.9782,0.1891,0.996
18.665708333,0.0164,0.9780,0.1901,0.996
18.667578102,0.0171,0.9784,0.1928,0.997
18.669530987,0.0161,0.9802,0.1945,0.999
18.671570025,0.0151,0.9794,0.1969,0.999
18.673443948,0.0137,0.9787,0.2006,0.999
18.675448256,0.0122,0.9787,0.2028,1.000
18.677456371,0.0125,0.9789,0.2023,1.000
18.679427833,0.0134,0.9767,0.2023,0.998
18.682322256,0.0139,0.9765,0.2038,0.998
18.683813679,0.0132,0.9745,0.2084,0.997
18.685277564,0.0142,0.9745,0.2121,0.997
18.68733641,0.0147,0.9743,0.2123,0.997
18.689333102,0.0144,0.9745,0.2143,0.998
18.691186525,0.0147,0.9738,0.2184,0.998
18.693188102,0.0144,0.9719,0.2204,0.997
18.695384179,0.0134,0.9716,0.2216,0.997
18.697426371,0.0149,0.9726,0.2231,0.998
18.701979525,0.0171,0.9699,0.2262,0.996
18.70262241,0.0169,0.9689,0.2287,0.996
18.703112602,0.0171,0.9682,0.2292,0.995
18.704941871,0.0183,0.9679,0.2311,0.995
18.707089948,0.0186,0.9679,0.2328,0.996
18.708998102,0.0198,0.9660,0.2321,0.994
18.710922525,0.0200,0.9640,0.2299,0.991
18.712899333,0.0198,0.9635,0.2282,0.990
18.719896141,0.0213,0.9623,0.2253,0.989
18.720483333,0.0213,0.9628,0.2204,0.988
18.720749179,0.0222,0.9638,0.2177,0.988
18.72098941,0.0188,0.9633,0.2143,0.987
18.722985602,0.0188,0.9633,0.2128,0.987
18.724889448,0.0164,0.9631,0.2077,0.985
18.726797371,0.0154,0.9640,0.2020,0.985
18.728855564,0.0147,0.9655,0.1996,0.986
18.734250371,0.0129,0.9667,0.1962,0.987
18.734969295,0.0129,0.9682,0.1932,0.987
18.735273679,0.0139,0.9694,0.1908,0.988
18.736491295,0.0125,0.9697,0.1879,0.988
18.740848948,0.0115,0.9711,0.1867,0.989
18.741161218,0.0090,0.9723,0.1862,0.990
18.742753179,0.0120,0.9753,0.1864,0.993
18.744433256,0.0120,0.9753,0.1869,0.993
18.746446948,0.0122,0.9767,0.1876,0.995
18.749889756,0.0117,0.9775,0.1898,0.996
18.750648256,0.0122,0.9794,0.1908,0.998
18.752572487,0.0147,0.9824,0.1937,1.001
18.754453987,0.0159,0.9850,0.2016,1.006
18.75640591,0.0125,0.9838,0.1998,1.004
18.758346871,0.0137,0.9816,0.1952,1.001
18.760398679,0.0156,0.9814,0.1945,1.001
18.762503756,0.0186,0.9809,0.1969,1.001
18.765958987,0.0215,0.9804,0.1994,1.001
18.766625679,0.0215,0.9809,0.2001,1.001
18.768378256,0.0210,0.9794,0.2028,1.000
18.770420102,0.0210,0.9789,0.2047,1.000
18.77243641,0.0213,0.9792,0.2094,1.002
18.774283679,0.0191,0.9789,0.2143,1.002
18.776622371,0.0195,0.9782,0.2167,1.002
18.778430141,0.0161,0.9777,0.2201,1.002
18.780640641,0.0147,0.9775,0.2253,1.003
18.78345991,0.0132,0.9762,0.2257,1.002
18.784769102,0.0105,0.9770,0.2270,1.003
18.786022218,0.0098,0.9762,0.2294,1.003
18.788077833,0.0083,0.9738,0.2292,1.000
18.790150256,0.0066,0.9736,0.2277,1.000
18.792326448,0.0061,0.9733,0.2282,1.000
18.793976179,0.0044,0.9728,0.2265,0.999
18.796057064,0.0051,0.9726,0.2255,0.998
18.797990218,0.0061,0.9733,0.2216,0.998
18.802900371,0.0059,0.9733,0.2199,0.998
18.803474871,0.0059,0.9743,0.2191,0.999
18.80376891,0.0073,0.9733,0.2165,0.997
18.806098141,0.0066,0.9743,0.2155,0.998
18.80805241,0.0064,0.9738,0.2128,0.997
18.809810718,0.0071,0.9758,0.2103,0.998
18.811798871,0.0093,0.9762,0.2086,0.998
18.81898141,0.0103,0.9760,0.2081,0.998
18.819621794,0.0105,0.9750,0.2064,0.997
18.819876102,0.0105,0.9750,0.2057,0.997
18.820117718,0.0117,0.9755,0.2042,0.997
18.822842564,0.0107,0.9760,0.2040,0.997
18.823635679,0.0110,0.9760,0.2033,0.997
18.825655371,0.0122,0.9743,0.2052,0.996
18.829380871,0.0127,0.9745,0.2055,0.996
18.829865487,0.0137,0.9750,0.2057,0.997
18.833805179,0.0122,0.9753,0.2069,0.997
18.83458141,0.0112,0.9753,0.2081,0.997
18.836799294,0.0112,0.9736,0.2077,0.996
18.837270756,0.0127,0.9731,0.2079,0.995
18.841816833,0.0159,0.9719,0.2086,0.994
18.842247564,0.0159,0.9714,0.2081,0.994
18.843420641,0.0159,0.9709,0.2091,0.993
18.845478218,0.0166,0.9721,0.2118,0.995
18.847289256,0.0161,0.9728,0.2138,0.996
18.850687218,0.0151,0.9726,0.2147,0.996
18.851316833,0.0173,0.9721,0.2157,0.996
18.854869064,0.0183,0.9721,0.2169,0.996
18.855373525,0.0200,0.9689,0.2187,0.993
18.857148525,0.0200,0.9699,0.2191,0.995
18.859164256,0.0205,0.9694,0.2204,0.994
18.86105991,0.0195,0.9687,0.2226,0.994
18.863225218,0.0200,0.9684,0.2233,0.994
18.866969218,0.0217,0.9687,0.2265,0.995
18.867599179,0.0203,0.9699,0.2287,0.997
18.870178794,0.0215,0.9694,0.2294,0.996
18.870931256,0.0210,0.9689,0.2309,0.996
18.872907833,0.0213,0.9682,0.2338,0.996
18.875028602,0.0205,0.9672,0.2340,0.995
18.876947833,0.0222,0.9657,0.2323,0.994
18.878889294,0.0230,0.9665,0.2328,0.994
18.880815064,0.0225,0.9670,0.2336,0.995
18.883858564,0.0222,0.9667,0.2350,0.995
18.884922794,0.0225,0.9665,0.2353,0.995
18.887118102,0.0203,0.9655,0.2358,0.994
18.888828217,0.0191,0.9662,0.2350,0.995
18.890755141,0.0198,0.9655,0.2350,0.994
18.893298679,0.0198,0.9665,0.2355,0.995
18.894944833,0.0208,0.9672,0.2348,0.996
18.896845487,0.0198,0.9662,0.2331,0.994
18.902747602,0.0203,0.9682,0.2338,0.996
18.903451025,0.0203,0.9682,0.2333,0.996
18.903787217,0.0191,0.9667,0.2301,0.994
18.906294333,0.0181,0.9667,0.2289,0.994
18.906900525,0.0186,0.9677,0.2277,0.994
18.908799025,0.0203,0.9692,0.2267,0.996
18.911601717,0.0198,0.9692,0.2253,0.995
18.912499679,0.0213,0.9694,0.2248,0.995
18.914445333,0.0208,0.9709,0.2238,0.997
18.917430833,0.0203,0.9704,0.2235,0.996
18.918601179,0.0193,0.9697,0.2218,0.995
18.920423448,0.0200,0.9697,0.2209,0.995
18.922453564,0.0198,0.9706,0.2199,0.995
18.92437741,0.0181,0.9711,0.2187,0.996
18.926388217,0.0176,0.9716,0.2191,0.996
18.928377102,0.0178,0.9726,0.2194,0.997
18.930264525,0.0171,0.9721,0.2194,0.997
18.933484641,0.0181,0.9716,0.2199,0.996
18.935007794,0.0176,0.9706,0.2187,0.995
18.93620891,0.0176,0.9711,0.2199,0.996
18.938242333,0.0198,0.9726,0.2194,0.997
18.940195525,0.0205,0.9728,0.2199,0.998
18.942279871,0.0210,0.9726,0.2201,0.997
18.944218525,0.0225,0.9728,0.2189,0.997
18.946400641,0.0235,0.9726,0.2199,0.997
18.948446948,0.0247,0.9719,0.2201,0.997
18.950221564,0.0257,0.9706,0.2213,0.996
18.952247102,0.0266,0.9704,0.2228,0.996
18.954038871,0.0274,0.9721,0.2231,0.998
18.956055025,0.0281,0.9711,0.2223,0.997
18.958016448,0.0276,0.9706,0.2223,0.996
18.960019833,0.0286,0.9711,0.2235,0.997
18.961965179,0.0283,0.9699,0.2240,0.996
18.964214179,0.0274,0.9701,0.2238,0.996
18.966935294,0.0274,0.9701,0.2243,0.996
18.968274948,0.0274,0.9704,0.2245,0.996
18.971721794,0.0269,0.9716,0.2253,0.998
18.973255487,0.0264,0.9697,0.2267,0.996
18.974042141,0.0264,0.9692,0.2282,0.996
18.976197102,0.0271,0.9697,0.2309,0.997
18.978056794,0.0254,0.9689,0.2299,0.996
18.979980025,0.0252,0.9689,0.2296,0.996
18.981841987,0.0249,0.9721,0.2299,0.999
18.984754141,0.0235,0.9714,0.2299,0.998
18.986617641,0.0227,0.9704,0.2314,0.998
18.98781241,0.0232,0.9711,0.2284,0.998
18.989658679,0.0225,0.9699,0.2287,0.997
18.991871794,0.0213,0.9694,0.2284,0.996
18.993669564,0.0205,0.9706,0.2284,0.997
18.995586217,0.0208,0.9699,0.2284,0.997
18.997634756,0.0200,0.9689,0.2296,0.996
19.007736679,0.0205,0.9697,0.2287,0.996
19.009368602,0.0213,0.9706,0.2265,0.997
19.010538256,0.0203,0.9704,0.2279,0.997
19.011549948,0.0198,0.9704,0.2279,0.997
19.012549448,0.0203,0.9704,0.2277,0.997
19.014733602,0.0203,0.9701,0.2279,0.997
19.016352564,0.0210,0.9711,0.2274,0.998
19.017859064,0.0205,0.9706,0.2265,0.997
19.019545448,0.0198,0.9709,0.2262,0.997
19.022089679,0.0193,0.9706,0.2265,0.997
19.023746948,0.0181,0.9697,0.2260,0.996
19.02465541,0.0181,0.9692,0.2257,0.995
19.025912294,0.0169,0.9692,0.2248,0.995
19.027452833,0.0171,0.9694,0.2240,0.995
19.02863491,0.0171,0.9697,0.2235,0.995
19.029762948,0.0181,0.9689,0.2209,0.994
19.03137941,0.0171,0.9684,0.2209,0.993
19.033443025,0.0176,0.9672,0.2221,0.993
19.035516256,0.0171,0.9699,0.2228,0.995
19.037197294,0.0169,0.9699,0.2218,0.995
19.039259717,0.0161,0.9677,0.2228,0.993
19.041128448,0.0156,0.9677,0.2231,0.993
19.043228179,0.0159,0.9675,0.2226,0.993
19.04503491,0.0149,0.9682,0.2233,0.994
19.047035333,0.0144,0.9677,0.2233,0.993
19.050012256,0.0117,0.9667,0.2226,0.992
19.051266717,0.0117,0.9653,0.2211,0.990
19.053107987,0.0103,0.9645,0.2221,0.990
19.055102717,0.0115,0.9662,0.2218,0.991
19.057165025,0.0112,0.9665,0.2223,0.992
19.059101602,0.0117,0.9660,0.2228,0.991
19.061121333,0.0132,0.9672,0.2209,0.992
19.06308064,0.0142,0.9687,0.2209,0.994
19.065094179,0.0159,0.9699,0.2204,0.995
19.067166371,0.0173,0.9694,0.2218,0.995
19.069722064,0.0178,0.9706,0.2223,0.996
19.072232948,0.0181,0.9706,0.2216,0.996
19.07296564,0.0173,0.9699,0.2216,0.995
19.074873602,0.0178,0.9699,0.2228,0.995
19.07672864,0.0161,0.9709,0.2238,0.996
19.079139871,0.0154,0.9711,0.2226,0.996
19.081066794,0.0154,0.9716,0.2213,0.997
19.091215794,0.0147,0.9716,0.2218,0.997
19.092449179,0.0137,0.9711,0.2231,0.996
19.093300679,0.0134,0.9704,0.2245,0.996
19.093994833,0.0134,0.9711,0.2233,0.997
19.094778756,0.0142,0.9721,0.2211,0.997
19.095540948,0.0139,0.9711,0.2223,0.996
19.098750217,0.0142,0.9697,0.2235,0.995
19.099829487,0.0159,0.9692,0.2253,0.995
19.100945371,0.0169,0.9701,0.2238,0.996
19.101915256,0.0169,0.9714,0.2238,0.997
19.103167717,0.0178,0.9719,0.2245,0.998
19.105463179,0.0181,0.9709,0.2235,0.996
19.111229679,0.0178,0.9694,0.2243,0.995
19.112062371,0.0164,0.9704,0.2233,0.996
19.112953217,0.0151,0.9704,0.2240,0.996
19.113614525,0.0149,0.9706,0.2228,0.996
19.114578025,0.0127,0.9716,0.2218,0.997
19.117628602,0.0137,0.9719,0.2213,0.997
19.119117063,0.0134,0.9709,0.2223,0.996
19.120530256,0.0134,0.9706,0.2218,0.996
19.122540794,0.0144,0.9719,0.2209,0.997
19.124526948,0.0147,0.9711,0.2216,0.996
19.126254294,0.0139,0.9709,0.2218,0.996
19.128530679,0.0134,0.9711,0.2235,0.997
19.13043214,0.0144,0.9719,0.2226,0.997
19.132560717,0.0144,0.9723,0.2221,0.997
19.13543164,0.0154,0.9733,0.2209,0.998
19.136973333,0.0159,0.9733,0.2206,0.998
19.138243487,0.0139,0.9716,0.2213,0.997
19.140575448,0.0137,0.9726,0.2221,0.998
19.142239717,0.0139,0.9738,0.2218,0.999
19.144487602,0.0151,0.9726,0.2209,0.997
19.146499987,0.0144,0.9716,0.2209,0.996
19.148247179,0.0142,0.9711,0.2218,0.996
19.152095833,0.0147,0.9723,0.2228,0.998
19.153672025,0.0151,0.9716,0.2223,0.997
19.154963948,0.0147,0.9704,0.2228,0.996
19.156282756,0.0142,0.9723,0.2240,0.998
19.158306371,0.0134,0.9728,0.2250,0.999
19.160205179,0.0134,0.9714,0.2238,0.997
19.162054794,0.0132,0.9711,0.2240,0.997
19.164132987,0.0139,0.9704,0.2243,0.996
19.167494063,0.0132,0.9694,0.2233,0.995
19.168954987,0.0132,0.9697,0.2235,0.995
19.170100756,0.0132,0.9714,0.2248,0.997
19.171871563,0.0137,0.9716,0.2257,0.998
19.173898987,0.0132,0.9719,0.2277,0.998
19.176199602,0.0122,0.9704,0.2274,0.997
19.178089525,0.0125,0.9697,0.2270,0.996
19.180154833,0.0154,0.9719,0.2272,0.998
19.182475679,0.0142,0.9716,0.2277,0.998
19.185692371,0.0139,0.9716,0.2284,0.998
19.187317256,0.0149,0.9709,0.2282,0.997
19.188342794,0.0134,0.9697,0.2279,0.996
19.18967141,0.0129,0.9699,0.2274,0.996
19.191838371,0.0132,0.9709,0.2253,0.997
19.193739756,0.0134,0.9711,0.2248,0.997
19.195800871,0.0139,0.9714,0.2253,0.997
19.197698025,0.0149,0.9709,0.2262,0.997
19.208270102,0.0151,0.9709,0.2270,0.997
19.209756602,0.0154,0.9711,0.2265,0.997
19.210759871,0.0151,0.9711,0.2265,0.997
19.21172764,0.0129,0.9714,0.2272,0.998
19.212790179,0.0129,0.9711,0.2279,0.998
19.213936833,0.0125,0.9714,0.2292,0.998
19.215185025,0.0142,0.9711,0.2304,0.998
19.21645591,0.0137,0.9719,0.2287,0.998
19.217907717,0.0139,0.9714,0.2287,0.998
19.219204833,0.0142,0.9701,0.2294,0.997
19.219702448,0.0137,0.9711,0.2287,0.998
19.221727102,0.0122,0.9706,0.2260,0.997
19.223330217,0.0127,0.9704,0.2253,0.996
19.225353371,0.0132,0.9697,0.2243,0.995
19.227397948,0.0159,0.9694,0.2223,0.995
19.229087717,0.0188,0.9689,0.2206,0.994
19.231078525,0.0183,0.9675,0.2191,0.992
19.233839256,0.0169,0.9687,0.2179,0.993
19.235689102,0.0164,0.9689,0.2162,0.993
19.237115294,0.0178,0.9701,0.2162,0.994
19.239594756,0.0159,0.9716,0.2179,0.996
19.241002679,0.0144,0.9721,0.2179,0.996
19.243050025,0.0154,0.9723,0.2184,0.997
19.244938025,0.0144,0.9728,0.2189,0.997
19.246921486,0.0144,0.9719,0.2223,0.997
19.249146333,0.0120,0.9733,0.2250,0.999
19.251958256,0.0112,0.9726,0.2262,0.999
19.253182602,0.0122,0.9728,0.2296,1.000
19.25544014,0.0115,0.9743,0.2289,1.001
19.256981102,0.0115,0.9736,0.2292,1.000
19.259035986,0.0139,0.9750,0.2318,1.002
19.260782102,0.0149,0.9738,0.2326,1.001
19.26276891,0.0129,0.9723,0.2345,1.000
19.265194063,0.0134,0.9731,0.2358,1.001
19.26815141,0.0144,0.9723,0.2360,1.001
19.269054833,0.0149,0.9728,0.2367,1.001
19.270996756,0.0178,0.9701,0.2389,0.999
19.272863871,0.0178,0.9697,0.2411,0.999
19.274668179,0.0171,0.9714,0.2438,1.002
19.276726717,0.0176,0.9726,0.2443,1.003
19.278824371,0.0171,0.9714,0.2460,1.002
19.28060791,0.0159,0.9719,0.2475,1.003
19.28280791,0.0156,0.9716,0.2475,1.003
19.292744256,0.0171,0.9692,0.2489,1.001
19.294495602,0.0166,0.9679,0.2497,1.000
19.295721102,0.0166,0.9670,0.2494,0.999
19.296823948,0.0178,0.9665,0.2472,0.998
19.297961563,0.0178,0.9670,0.2453,0.998
19.299215602,0.0164,0.9670,0.2433,0.997
19.300252679,0.0151,0.9657,0.2397,0.995
19.301365063,0.0154,0.9645,0.2372,0.993
19.302697217,0.0161,0.9640,0.2328,0.992
19.303750102,0.0149,0.9643,0.2314,0.992
19.304732717,0.0132,0.9640,0.2267,0.990
19.309598256,0.0132,0.9633,0.2216,0.989
19.31056364,0.0125,0.9633,0.2189,0.988
19.311007063,0.0112,0.9648,0.2162,0.989
19.312134333,0.0098,0.9653,0.2121,0.988
19.314536871,0.0098,0.9677,0.2111,0.990
19.316053525,0.0090,0.9694,0.2074,0.991
19.318197333,0.0076,0.9694,0.2060,0.991
19.325169525,0.0081,0.9697,0.2025,0.991
19.325793717,0.0068,0.9731,0.1998,0.993
19.326221909,0.0061,0.9736,0.1998,0.994
19.326730371,0.0059,0.9709,0.1984,0.991
19.328190025,0.0064,0.9726,0.1981,0.993
19.329918486,0.0061,0.9755,0.2008,0.996
19.332019409,0.0049,0.9762,0.2006,0.997
19.334755448,0.0059,0.9762,0.2016,0.997
19.335512063,0.0076,0.9748,0.2052,0.996
19.337746256,0.0078,0.9755,0.2060,0.997
19.339865486,0.0100,0.9755,0.2077,0.997
19.341601525,0.0122,0.9770,0.2081,0.999
19.343985679,0.0127,0.9770,0.2089,0.999
19.345708102,0.0125,0.9745,0.2111,0.997
19.347863371,0.0137,0.9743,0.2150,0.998
19.35276964,0.0144,0.9740,0.2165,0.998
19.35355664,0.0147,0.9733,0.2189,0.998
19.353988794,0.0147,0.9728,0.2218,0.998
19.355388486,0.0147,0.9733,0.2255,0.999
19.357272025,0.0134,0.9728,0.2277,0.999
19.359178102,0.0125,0.9719,0.2301,0.999
19.361142448,0.0122,0.9721,0.2343,1.000
19.363348409,0.0115,0.9731,0.2389,1.002
19.365748448,0.0112,0.9704,0.2421,1.000
19.368953986,0.0105,0.9689,0.2431,0.999
19.370454756,0.0095,0.9684,0.2438,0.999
19.371698063,0.0076,0.9665,0.2453,0.997
19.373509294,0.0064,0.9655,0.2485,0.997
19.375357256,0.0064,0.9650,0.2485,0.997
19.377237563,0.0068,0.9655,0.2492,0.997
19.379159563,0.0068,0.9655,0.2502,0.997
19.381177833,0.0068,0.9660,0.2482,0.997
19.385899563,0.0076,0.9660,0.2450,0.997
19.387557756,0.0066,0.9660,0.2453,0.997
19.388649909,0.0066,0.9653,0.2448,0.996
19.389734256,0.0086,0.9653,0.2431,0.995
19.391236256,0.0086,0.9662,0.2424,0.996
19.392954179,0.0088,0.9679,0.2389,0.997
19.395180025,0.0098,0.9689,0.2377,0.998
19.397125717,0.0107,0.9692,0.2343,0.997
19.399035217,0.0127,0.9701,0.2318,0.998
19.407960525,0.0129,0.9704,0.2306,0.997
19.409422102,0.0142,0.9704,0.2272,0.997
19.410307871,0.0144,0.9704,0.2245,0.996
19.411480717,0.0137,0.9711,0.2218,0.996
19.412567871,0.0151,0.9728,0.2177,0.997
19.414114794,0.0171,0.9731,0.2152,0.997
19.415493986,0.0171,0.9733,0.2147,0.997
19.416767371,0.0164,0.9740,0.2108,0.997
19.417790948,0.0161,0.9738,0.2094,0.996
19.419062333,0.0173,0.9745,0.2060,0.996
19.421766756,0.0171,0.9758,0.2035,0.997
19.423296986,0.0186,0.9760,0.2035,0.997
19.424758102,0.0193,0.9748,0.2023,0.996
19.426745294,0.0178,0.9736,0.2011,0.994
19.428694986,0.0181,0.9748,0.2018,0.996
19.430589448,0.0198,0.9740,0.2018,0.995
19.432767909,0.0193,0.9743,0.2023,0.995
19.435577294,0.0183,0.9775,0.2025,0.998
19.437506217,0.0200,0.9777,0.2028,0.999
19.438614679,0.0198,0.9772,0.2028,0.998
19.440530756,0.0173,0.9755,0.2052,0.997
19.442579948,0.0169,0.9745,0.2057,0.996
19.444652486,0.0171,0.9758,0.2084,0.998
19.446322717,0.0181,0.9743,0.2111,0.997
19.448610717,0.0183,0.9753,0.2118,0.998
19.451418448,0.0176,0.9750,0.2128,0.998
19.453031794,0.0183,0.9755,0.2162,0.999
19.454351525,0.0173,0.9755,0.2174,1.000
19.456352602,0.0149,0.9738,0.2194,0.998
19.459347717,0.0142,0.9738,0.2194,0.998
19.460291948,0.0156,0.9728,0.2235,0.998
19.462213948,0.0156,0.9733,0.2250,0.999
19.464248025,0.0149,0.9738,0.2260,1.000
19.466226025,0.0149,0.9723,0.2277,0.999
19.469135525,0.0144,0.9721,0.2292,0.999
19.471012986,0.0149,0.9726,0.2294,0.999
19.472985063,0.0142,0.9728,0.2304,1.000
19.474235679,0.0129,0.9740,0.2294,1.001
19.476245717,0.0120,0.9716,0.2299,0.999
19.478130948,0.0115,0.9706,0.2299,0.998
19.480129332,0.0117,0.9706,0.2292,0.997
19.482015679,0.0115,0.9714,0.2282,0.998
19.485607679,0.0120,0.9716,0.2270,0.998
19.487529448,0.0125,0.9716,0.2250,0.997
19.488997679,0.0125,0.9740,0.2223,0.999
19.490571217,0.0125,0.9743,0.2206,0.999
19.491828025,0.0120,0.9706,0.2213,0.996
19.493702871,0.0117,0.9726,0.2189,0.997
19.495845525,0.0122,0.9733,0.2179,0.997
19.497785294,0.0129,0.9736,0.2177,0.998
19.504094371,0.0125,0.9733,0.2174,0.997
19.50477564,0.0112,0.9743,0.2160,0.998
19.505146948,0.0112,0.9731,0.2147,0.997
19.505601525,0.0112,0.9728,0.2155,0.996
19.507741409,0.0125,0.9733,0.2152,0.997
19.509712909,0.0103,0.9736,0.2155,0.997
19.512613256,0.0100,0.9745,0.2157,0.998
19.513931948,0.0112,0.9758,0.2157,0.999
19.517804102,0.0125,0.9750,0.2157,0.999
19.518411294,0.0134,0.9738,0.2143,0.997
19.519932871,0.0132,0.9736,0.2135,0.997
19.521486102,0.0122,0.9726,0.2152,0.996
19.523790948,0.0132,0.9726,0.2160,0.996
19.52574964,0.0125,0.9721,0.2177,0.996
19.527546679,0.0129,0.9726,0.2179,0.997
19.52939914,0.0147,0.9716,0.2174,0.996
19.531444332,0.0156,0.9719,0.2182,0.996
19.534105332,0.0161,0.9711,0.2191,0.996
19.535475794,0.0166,0.9716,0.2179,0.996
19.537210102,0.0166,0.9719,0.2184,0.996
19.539376602,0.0142,0.9699,0.2177,0.994
19.541235448,0.0134,0.9699,0.2194,0.994
19.543347371,0.0139,0.9699,0.2194,0.994
19.545302179,0.0134,0.9701,0.2206,0.995
19.547442525,0.0127,0.9701,0.2204,0.995
19.549527409,0.0103,0.9706,0.2196,0.995
19.551657909,0.0095,0.9714,0.2189,0.996
19.553164409,0.0095,0.9719,0.2194,0.996
19.555253948,0.0088,0.9711,0.2194,0.996
19.556958294,0.0090,0.9706,0.2201,0.995
19.559106448,0.0086,0.9711,0.2211,0.996
19.560836025,0.0083,0.9709,0.2199,0.995
19.56306464,0.0076,0.9709,0.2199,0.995
19.56502664,0.0054,0.9723,0.2177,0.996
19.568132025,0.0066,0.9726,0.2169,0.997
19.569248332,0.0064,0.9728,0.2172,0.997
19.57155414,0.0076,0.9731,0.2162,0.997
19.573010602,0.0068,0.9731,0.2162,0.997
19.574980871,0.0068,0.9726,0.2155,0.996
19.576664255,0.0076,0.9736,0.2155,0.997
19.578734294,0.0073,0.9738,0.2150,0.997
19.580892409,0.0093,0.9745,0.2143,0.998
19.582763525,0.0105,0.9740,0.2152,0.998
19.585798063,0.0100,0.9736,0.2169,0.997
19.586884486,0.0115,0.9731,0.2160,0.997
19.590782909,0.0122,0.9736,0.2150,0.997
19.591062294,0.0120,0.9731,0.2155,0.997
19.592830217,0.0134,0.9738,0.2157,0.998
19.594690563,0.0139,0.9723,0.2179,0.997
19.596889409,0.0144,0.9723,0.2167,0.996
19.598683679,0.0144,0.9731,0.2162,0.997
19.60099414,0.0142,0.9731,0.2152,0.997
19.608931332,0.0137,0.9733,0.2155,0.997
19.610002794,0.0134,0.9731,0.2157,0.997
19.610895871,0.0137,0.9721,0.2167,0.996
19.611569948,0.0132,0.9723,0.2160,0.996
19.612311909,0.0142,0.9719,0.2140,0.995
19.613096332,0.0142,0.9699,0.2140,0.993
19.617695679,0.0149,0.9682,0.2155,0.992
19.618708102,0.0151,0.9694,0.2157,0.993
19.619647332,0.0142,0.9709,0.2155,0.995
19.620576525,0.0144,0.9701,0.2152,0.994
19.623351102,0.0149,0.9697,0.2150,0.993
19.624501025,0.0147,0.9714,0.2147,0.995
19.629161486,0.0132,0.9719,0.2138,0.995
19.630155217,0.0151,0.9684,0.2143,0.992
19.631038563,0.0151,0.9684,0.2130,0.992
19.632022025,0.0144,0.9692,0.2101,0.992
19.635442525,0.0142,0.9701,0.2101,0.993
19.637012217,0.0147,0.9716,0.2125,0.995
19.638277063,0.0137,0.9723,0.2128,0.995
19.640147678,0.0134,0.9728,0.2125,0.996
19.643192678,0.0147,0.9723,0.2108,0.995
19.644362332,0.0144,0.9726,0.2099,0.995
19.645901563,0.0142,0.9719,0.2096,0.994
19.647913871,0.0147,0.9733,0.2099,0.996
19.651962025,0.0154,0.9733,0.2091,0.996
19.653503948,0.0154,0.9726,0.2077,0.995
19.654763409,0.0154,0.9719,0.2084,0.994
19.656373525,0.0154,0.9719,0.2084,0.994
19.657597178,0.0139,0.9728,0.2084,0.995
19.659638794,0.0137,0.9733,0.2086,0.996
19.661651025,0.0147,0.9726,0.2089,0.995
19.663699255,0.0115,0.9731,0.2099,0.996
19.665675832,0.0117,0.9721,0.2094,0.994
19.668638102,0.0122,0.9738,0.2086,0.996
19.670170602,0.0134,0.9738,0.2081,0.996
19.671606794,0.0134,0.9740,0.2079,0.996
19.673496871,0.0127,0.9750,0.2079,0.997
19.675428832,0.0125,0.9748,0.2086,0.997
19.677443794,0.0100,0.9743,0.2081,0.996
19.679313486,0.0100,0.9726,0.2067,0.994
19.681285602,0.0100,0.9721,0.2067,0.994
19.685035063,0.0110,0.9726,0.2055,0.994
19.689106986,0.0107,0.9738,0.2055,0.995
19.690303486,0.0105,0.9753,0.2052,0.997
19.691439294,0.0088,0.9762,0.2038,0.997
19.692338409,0.0090,0.9760,0.2033,0.997
19.693506409,0.0100,0.9755,0.2040,0.997
19.69532264,0.0107,0.9765,0.2035,0.998
19.697403678,0.0107,0.9767,0.2040,0.998
19.699381294,0.0107,0.9755,0.2050,0.997
19.71029914,0.0093,0.9743,0.2047,0.996
19.710951102,0.0095,0.9736,0.2040,0.995
19.711203602,0.0103,0.9743,0.2062,0.996
19.711440255,0.0103,0.9745,0.2064,0.996
19.711674332,0.0115,0.9758,0.2064,0.997
19.711918102,0.0100,0.9753,0.2064,0.997
19.713154294,0.0090,0.9745,0.2064,0.996
19.714984255,0.0095,0.9738,0.2072,0.996
19.721940602,0.0098,0.9743,0.2072,0.996
19.722604755,0.0103,0.9738,0.2084,0.996
19.72287514,0.0095,0.9762,0.2091,0.998
19.723101294,0.0095,0.9758,0.2091,0.998
19.724754409,0.0083,0.9753,0.2096,0.998
19.727457486,0.0078,0.9748,0.2106,0.997
19.728892371,0.0090,0.9738,0.2108,0.996
19.73079214,0.0086,0.9731,0.2089,0.995
19.732636217,0.0083,0.9738,0.2096,0.996
19.734667525,0.0088,0.9736,0.2101,0.996
19.737857525,0.0083,0.9738,0.2094,0.996
19.738583909,0.0090,0.9736,0.2086,0.996
19.740612986,0.0103,0.9733,0.2101,0.996
19.742598717,0.0093,0.9731,0.2094,0.995
19.744666063,0.0088,0.9731,0.2084,0.995
19.746349563,0.0095,0.9738,0.2091,0.996
19.748744101,0.0093,0.9740,0.2081,0.996
19.751598217,0.0098,0.9760,0.2067,0.998
19.752894948,0.0086,0.9740,0.2052,0.995
19.754446101,0.0078,0.9743,0.2045,0.996
19.756408563,0.0083,0.9748,0.2047,0.996
19.758178717,0.0100,0.9753,0.2045,0.997
19.760408563,0.0100,0.9750,0.2042,0.996
19.762088255,0.0117,0.9750,0.2035,0.996
19.764484255,0.0095,0.9750,0.2025,0.996
19.766091871,0.0095,0.9762,0.2011,0.997
19.768878717,0.0107,0.9760,0.1991,0.996
19.770118794,0.0115,0.9755,0.1989,0.996
19.772188755,0.0120,0.9760,0.1984,0.996
19.773900371,0.0112,0.9767,0.1969,0.996
19.776368678,0.0117,0.9775,0.1979,0.997
19.778157448,0.0137,0.9758,0.1969,0.996
19.780178332,0.0127,0.9755,0.1972,0.995
19.78228164,0.0147,0.9755,0.1952,0.995
19.787711025,0.0139,0.9765,0.1950,0.996
19.788300025,0.0132,0.9760,0.1952,0.995
19.788549486,0.0134,0.9753,0.1967,0.995
19.790201948,0.0137,0.9745,0.1981,0.995
19.791953794,0.0154,0.9762,0.1989,0.996
19.793883178,0.0151,0.9748,0.1984,0.995
19.796139486,0.0151,0.9743,0.1994,0.995
19.79782614,0.0129,0.9736,0.1998,0.994
19.799911871,0.0120,0.9731,0.2003,0.994
19.802473755,0.0137,0.9745,0.1981,0.995
19.803843601,0.0139,0.9762,0.1976,0.996
19.805778371,0.0154,0.9760,0.1967,0.996
19.807830832,0.0171,0.9762,0.1942,0.996
19.814456448,0.0166,0.9760,0.1940,0.995
19.814710563,0.0161,0.9755,0.1923,0.994
19.814946794,0.0176,0.9767,0.1888,0.995
19.815510601,0.0181,0.9765,0.1871,0.994
19.818212063,0.0186,0.9753,0.1857,0.993
19.819385409,0.0191,0.9767,0.1837,0.994
19.822892948,0.0188,0.9767,0.1835,0.994
19.823550832,0.0183,0.9789,0.1813,0.996
19.825362909,0.0173,0.9794,0.1813,0.996
19.827370371,0.0142,0.9780,0.1827,0.995
19.829309525,0.0142,0.9780,0.1842,0.995
19.831417217,0.0134,0.9787,0.1852,0.996
19.833435409,0.0105,0.9802,0.1881,0.998
19.835676717,0.0120,0.9809,0.1915,0.999
19.837379332,0.0115,0.9806,0.1942,1.000
19.83942614,0.0112,0.9806,0.1964,1.000
19.841250794,0.0110,0.9806,0.1974,1.000
19.843481832,0.0105,0.9809,0.1998,1.001
19.845093332,0.0120,0.9802,0.2047,1.001
19.847392601,0.0122,0.9792,0.2045,1.000
19.849205101,0.0112,0.9777,0.2062,0.999
19.851667948,0.0120,0.9772,0.2069,0.999
19.85322264,0.0122,0.9777,0.2106,1.000
19.855153332,0.0110,0.9767,0.2111,0.999
19.85710914,0.0115,0.9765,0.2125,0.999
19.859153563,0.0139,0.9740,0.2160,0.998
19.861093563,0.0129,0.9745,0.2204,0.999
19.863043409,0.0122,0.9745,0.2216,0.999
19.865021563,0.0144,0.9755,0.2243,1.001
19.868602832,0.0151,0.9758,0.2248,1.001
19.869055486,0.0154,0.9740,0.2257,1.000
19.871112486,0.0166,0.9721,0.2248,0.998
19.873041024,0.0171,0.9706,0.2253,0.997
19.875081101,0.0171,0.9709,0.2235,0.996
19.876877563,0.0176,0.9704,0.2218,0.996
19.879030178,0.0178,0.9692,0.2191,0.994
19.880791063,0.0169,0.9682,0.2157,0.992
19.882958832,0.0164,0.9682,0.2130,0.991
19.88510964,0.0149,0.9672,0.2069,0.989
19.886745332,0.0156,0.9682,0.2001,0.989
19.888793101,0.0154,0.9684,0.1976,0.989
19.89056814,0.0127,0.9684,0.1906,0.987
19.892867832,0.0125,0.9692,0.1876,0.987
19.89494114,0.0115,0.9701,0.1805,0.987
19.896833255,0.0120,0.9709,0.1744,0.986
19.908248909,0.0117,0.9709,0.1720,0.986
19.90935514,0.0120,0.9728,0.1671,0.987
19.910082563,0.0105,0.9748,0.1647,0.989
19.910890063,0.0103,0.9750,0.1622,0.988
19.911586832,0.0107,0.9750,0.1603,0.988
19.912340678,0.0100,0.9758,0.1598,0.989
19.914912294,0.0100,0.9787,0.1590,0.992
19.915828524,0.0117,0.9797,0.1590,0.993
19.916629448,0.0117,0.9802,0.1586,0.993
19.919955871,0.0117,0.9804,0.1603,0.993
19.921319871,0.0117,0.9814,0.1608,0.995
19.922420101,0.0125,0.9804,0.1634,0.994
19.923218409,0.0134,0.9816,0.1678,0.996
19.924312371,0.0129,0.9806,0.1698,0.995
19.926176024,0.0125,0.9809,0.1749,0.996
19.928172524,0.0129,0.9819,0.1813,0.999
19.930121986,0.0122,0.9819,0.1842,0.999
19.932059101,0.0112,0.9804,0.1913,0.999
19.934902101,0.0105,0.9802,0.1942,0.999
19.937498678,0.0107,0.9794,0.2016,1.000
19.939150601,0.0093,0.9772,0.2055,0.999
19.940207332,0.0088,0.9765,0.2077,0.998
19.941733948,0.0081,0.9767,0.2108,0.999
19.943800409,0.0071,0.9760,0.2128,0.999
19.945807948,0.0061,0.9755,0.2155,0.999
19.947690678,0.0032,0.9733,0.2204,0.998
19.949690524,0.0032,0.9726,0.2204,0.997
19.952739486,0.0032,0.9721,0.2228,0.997
19.95417464,0.0020,0.9709,0.2248,0.997
19.955869063,0.0007,0.9697,0.2270,0.996
19.95774814,0.0010,0.9711,0.2240,0.997
19.959490371,0.0012,0.9711,0.2240,0.997
19.961478101,0.0032,0.9716,0.2233,0.997
19.963621871,0.0027,0.9726,0.2213,0.997
19.965488755,0.0029,0.9723,0.2196,0.997
19.969138024,0.0054,0.9719,0.2169,0.996
19.970660678,0.0059,0.9714,0.2140,0.995
19.971866217,0.0066,0.9743,0.2123,0.997
19.973788447,0.0083,0.9753,0.2081,0.997
19.975579986,0.0088,0.9755,0.2060,0.997
19.977746947,0.0093,0.9755,0.2040,0.997
19.979494524,0.0120,0.9777,0.2030,0.999
19.981499871,0.0139,0.9772,0.2013,0.998
19.983511409,0.0149,0.9770,0.1967,0.997
19.98614114,0.0164,0.9789,0.1923,0.998
19.987863524,0.0159,0.9797,0.1896,0.998
19.990551601,0.0166,0.9789,0.1864,0.997
19.991634217,0.0178,0.9792,0.1842,0.997
19.993282755,0.0181,0.9799,0.1810,0.997
19.995340371,0.0178,0.9809,0.1786,0.997
19.997144409,0.0176,0.9809,0.1766,0.997
19.999312294,0.0203,0.9797,0.1735,0.995
20.009924871,0.0208,0.9787,0.1732,0.994
20.011670294,0.0205,0.9787,0.1730,0.994
20.012641563,0.0208,0.9794,0.1722,0.995
20.013838563,0.0222,0.9792,0.1725,0.995
20.015266871,0.0217,0.9750,0.1713,0.990
20.016463717,0.0217,0.9767,0.1727,0.992
20.017597101,0.0213,0.9765,0.1732,0.992
20.01886064,0.0222,0.9762,0.1735,0.992
20.019214601,0.0222,0.9762,0.1749,0.992
20.01946914,0.0205,0.9780,0.1771,0.994
20.032920409,0.0203,0.9775,0.1813,0.994
20.035171871,0.0213,0.9767,0.1818,0.994
20.03657314,0.0208,0.9762,0.1832,0.994
20.03750364,0.0191,0.9762,0.1867,0.994
20.039159101,0.0188,0.9760,0.1876,0.994
20.040725563,0.0166,0.9772,0.1906,0.996
20.041840101,0.0164,0.9777,0.1928,0.997
20.043149524,0.0169,0.9784,0.1959,0.998
20.044074563,0.0149,0.9789,0.1964,0.999
20.045167947,0.0125,0.9782,0.1974,0.998
20.046237717,0.0144,0.9780,0.1984,0.998
20.047496024,0.0122,0.9784,0.1989,0.999
20.048703601,0.0107,0.9784,0.2018,0.999
20.049588755,0.0112,0.9799,0.2040,1.001
20.051012601,0.0110,0.9797,0.2033,1.001
20.052302563,0.0112,0.9797,0.2028,1.000
20.053269832,0.0093,0.9787,0.2018,0.999
20.054559332,0.0086,0.9784,0.2006,0.999
20.056525024,0.0088,0.9782,0.1989,0.998
20.058281563,0.0088,0.9784,0.1986,0.998
20.060577986,0.0076,0.9777,0.1984,0.998
20.062475409,0.0066,0.9772,0.1967,0.997
20.06424914,0.0064,0.9777,0.1959,0.997
20.066062755,0.0054,0.9767,0.1947,0.996
20.068577755,0.0056,0.9767,0.1942,0.996
20.070421486,0.0046,0.9765,0.1942,0.996
20.072217024,0.0066,0.9772,0.1945,0.996
20.074047332,0.0071,0.9767,0.1935,0.996
20.076042986,0.0073,0.9765,0.1913,0.995
20.077998063,0.0073,0.9767,0.1901,0.995
20.080316063,0.0086,0.9762,0.1879,0.994
20.082051986,0.0100,0.9765,0.1871,0.994
20.084128986,0.0112,0.9762,0.1886,0.994
20.086101409,0.0117,0.9775,0.1876,0.995
20.087936909,0.0115,0.9772,0.1864,0.995
20.090034332,0.0105,0.9762,0.1869,0.994
20.09195314,0.0098,0.9765,0.1864,0.994
20.093748409,0.0100,0.9767,0.1874,0.995
20.09609564,0.0105,0.9772,0.1884,0.995
20.097766947,0.0117,0.9780,0.1888,0.996
20.100089678,0.0122,0.9780,0.1903,0.996
20.104394755,0.0120,0.9780,0.1906,0.996
20.104939986,0.0134,0.9792,0.1915,0.998
20.105929755,0.0137,0.9784,0.1923,0.997
20.10841264,0.0134,0.9770,0.1925,0.996
20.109576832,0.0151,0.9777,0.1937,0.997
20.11166287,0.0159,0.9784,0.1930,0.997
20.113543986,0.0147,0.9789,0.1942,0.998
20.115666332,0.0144,0.9792,0.1940,0.998
20.119273832,0.0139,0.9799,0.1923,0.999
20.119720332,0.0154,0.9792,0.1920,0.998
20.121656178,0.0147,0.9794,0.1923,0.998
20.123767524,0.0107,0.9799,0.1918,0.999
20.125686524,0.0105,0.9799,0.1925,0.999
20.127623794,0.0103,0.9809,0.1925,1.000
20.129412409,0.0098,0.9794,0.1925,0.998
20.131422255,0.0093,0.9792,0.1918,0.998
20.133367947,0.0093,0.9809,0.1918,1.000
20.135433486,0.0078,0.9794,0.1920,0.998
20.137445524,0.0071,0.9799,0.1918,0.999
20.139405063,0.0054,0.9809,0.1903,0.999
20.141380794,0.0056,0.9799,0.1903,0.998
20.143724947,0.0054,0.9799,0.1893,0.998
20.145448332,0.0076,0.9799,0.1901,0.998
20.147434909,0.0083,0.9804,0.1891,0.999
20.14926837,0.0076,0.9802,0.1891,0.998
20.152311255,0.0073,0.9804,0.1876,0.998
20.153324486,0.0068,0.9809,0.1876,0.999
20.155599717,0.0068,0.9804,0.1884,0.998
20.157321524,0.0076,0.9799,0.1906,0.998
20.159416447,0.0078,0.9802,0.1896,0.998
20.161316255,0.0081,0.9789,0.1876,0.997
20.16344137,0.0073,0.9772,0.1871,0.995
20.165184524,0.0100,0.9780,0.1893,0.996
20.167736255,0.0110,0.9784,0.1901,0.997
20.170665601,0.0105,0.9777,0.1896,0.996
20.172318832,0.0122,0.9753,0.1888,0.993
20.174824524,0.0122,0.9745,0.1903,0.993
20.176157717,0.0120,0.9738,0.1901,0.992
20.177109986,0.0142,0.9738,0.1898,0.992
20.179359793,0.0147,0.9743,0.1901,0.993
20.181122217,0.0139,0.9723,0.1888,0.991
20.183214947,0.0142,0.9716,0.1881,0.990
20.185874793,0.0134,0.9716,0.1884,0.990
20.187329986,0.0151,0.9719,0.1879,0.990
20.18901037,0.0164,0.9706,0.1884,0.989
20.192009717,0.0164,0.9701,0.1884,0.988
20.193028601,0.0151,0.9694,0.1901,0.988
20.19505414,0.0142,0.9682,0.1898,0.987
20.196959332,0.0134,0.9665,0.1898,0.985
20.198909332,0.0154,0.9682,0.1891,0.987
20.202462947,0.0156,0.9692,0.1886,0.987
20.203575909,0.0154,0.9682,0.1874,0.986
20.21252587,0.0142,0.9679,0.1871,0.986
20.213930909,0.0149,0.9694,0.1879,0.988
20.21502064,0.0159,0.9694,0.1886,0.988
20.215901947,0.0154,0.9701,0.1888,0.988
20.216983447,0.0154,0.9704,0.1886,0.989
20.224102332,0.0154,0.9704,0.1871,0.988
20.225589601,0.0149,0.9711,0.1874,0.989
20.226868563,0.0149,0.9719,0.1867,0.990
20.227685409,0.0149,0.9711,0.1879,0.989
20.228931255,0.0159,0.9706,0.1869,0.989
20.230005678,0.0159,0.9714,0.1864,0.989
20.23236414,0.0154,0.9714,0.1867,0.989
20.23337314,0.0176,0.9733,0.1869,0.991
20.235192601,0.0183,0.9736,0.1876,0.992
20.236350755,0.0181,0.9740,0.1874,0.992
20.237532217,0.0176,0.9743,0.1874,0.992
20.23860314,0.0173,0.9748,0.1874,0.993
20.239391793,0.0166,0.9748,0.1869,0.993
20.242427293,0.0154,0.9736,0.1886,0.992
20.244446486,0.0151,0.9740,0.1881,0.992
20.248236217,0.0159,0.9758,0.1881,0.994
20.249155563,0.0142,0.9777,0.1896,0.996
20.250586255,0.0149,0.9777,0.1893,0.996
20.25200164,0.0137,0.9775,0.1886,0.996
20.25327787,0.0132,0.9770,0.1886,0.995
20.254639909,0.0132,0.9775,0.1886,0.996
20.257272601,0.0154,0.9784,0.1906,0.997
20.258322947,0.0154,0.9784,0.1913,0.997
20.260452832,0.0151,0.9784,0.1910,0.997
20.262791486,0.0151,0.9787,0.1932,0.998
20.264246217,0.0147,0.9789,0.1935,0.998
20.266282717,0.0139,0.9802,0.1913,0.999
20.270318678,0.0137,0.9806,0.1918,0.999
20.271153178,0.0144,0.9794,0.1906,0.998
20.272376524,0.0154,0.9811,0.1901,0.999
20.274177947,0.0166,0.9809,0.1908,0.999
20.276331524,0.0161,0.9797,0.1908,0.998
20.278292486,0.0156,0.9797,0.1918,0.998
20.280278678,0.0154,0.9794,0.1918,0.998
20.282440332,0.0142,0.9806,0.1930,1.000
20.284309255,0.0149,0.9811,0.1937,1.000
20.287809447,0.0156,0.9814,0.1942,1.001
20.289503716,0.0142,0.9806,0.1940,1.000
20.289816178,0.0144,0.9797,0.1932,0.999
20.29177937,0.0154,0.9794,0.1942,0.999
20.293669024,0.0147,0.9794,0.1942,0.999
20.295670293,0.0151,0.9802,0.1952,1.000
20.297627486,0.0149,0.9806,0.1952,1.000
20.29996137,0.0149,0.9811,0.1954,1.001
20.305589486,0.0139,0.9824,0.1957,1.002
20.306145793,0.0144,0.9814,0.1962,1.001
20.306418101,0.0149,0.9797,0.1964,0.999
20.307605293,0.0154,0.9787,0.1967,0.998
20.309530716,0.0154,0.9787,0.1972,0.998
20.311672832,0.0142,0.9789,0.1984,0.999
20.31366337,0.0132,0.9772,0.1989,0.997
20.31560514,0.0122,0.9777,0.1984,0.998
20.31751514,0.0132,0.9777,0.1959,0.997
20.319369332,0.0139,0.9777,0.1959,0.997
20.321437409,0.0127,0.9765,0.1967,0.996
20.323267255,0.0127,0.9760,0.1981,0.996
20.325263755,0.0120,0.9765,0.1979,0.996
20.32735414,0.0129,0.9750,0.1976,0.995
20.329193832,0.0129,0.9743,0.1979,0.994
20.331300755,0.0132,0.9753,0.1972,0.995
20.333192832,0.0122,0.9765,0.1967,0.996
20.336399332,0.0103,0.9758,0.1969,0.995
20.338209293,0.0090,0.9760,0.1967,0.996
20.343392832,0.0090,0.9765,0.1957,0.996
20.343653332,0.0090,0.9765,0.1962,0.996
20.343878409,0.0088,0.9755,0.1935,0.995
20.345255332,0.0083,0.9743,0.1935,0.993
20.347009716,0.0083,0.9728,0.1940,0.992
20.348823255,0.0078,0.9738,0.1935,0.993
20.351149563,0.0076,0.9738,0.1937,0.993
20.353047755,0.0068,0.9750,0.1942,0.994
20.355340101,0.0061,0.9755,0.1947,0.995
20.357371178,0.0064,0.9750,0.1954,0.994
20.358989063,0.0068,0.9726,0.1962,0.992
20.361041332,0.0056,0.9731,0.1972,0.993
20.36292637,0.0059,0.9745,0.1969,0.994
20.364909178,0.0051,0.9711,0.1984,0.991
20.366938486,0.0046,0.9716,0.1984,0.992
20.37027014,0.0051,0.9711,0.1972,0.991
20.371395024,0.0054,0.9706,0.1950,0.990
20.37341487,0.0051,0.9701,0.1942,0.989
20.374856986,0.0046,0.9704,0.1940,0.990
20.376783793,0.0059,0.9694,0.1928,0.988
20.378762216,0.0068,0.9694,0.1906,0.988
20.380811447,0.0066,0.9699,0.1884,0.988
20.382704832,0.0078,0.9699,0.1881,0.988
20.386171793,0.0083,0.9714,0.1862,0.989
20.38727414,0.0081,0.9728,0.1854,0.990
20.389520101,0.0078,0.9728,0.1857,0.990
20.391007447,0.0090,0.9745,0.1852,0.992
20.392613524,0.0088,0.9750,0.1845,0.992
20.394659947,0.0068,0.9762,0.1867,0.994
20.396706755,0.0056,0.9758,0.1896,0.994
20.398578101,0.0049,0.9755,0.1920,0.994
20.400684986,0.0054,0.9770,0.1930,0.996
20.412162909,0.0059,0.9762,0.1942,0.995
20.413723063,0.0071,0.9765,0.1991,0.997
20.415050447,0.0068,0.9767,0.2033,0.998
20.416127332,0.0064,0.9772,0.2055,0.999
20.417098024,0.0078,0.9758,0.2084,0.998
20.418602909,0.0066,0.9755,0.2111,0.998
20.420193832,0.0073,0.9755,0.2118,0.998
20.421871986,0.0098,0.9765,0.2138,1.000
20.423248909,0.0098,0.9767,0.2150,1.000
20.42473187,0.0117,0.9753,0.2174,0.999
20.426059293,0.0103,0.9740,0.2187,0.998
20.427607139,0.0103,0.9733,0.2199,0.998
20.428702486,0.0112,0.9743,0.2248,1.000
20.429629063,0.0107,0.9743,0.2287,1.001
20.430944601,0.0112,0.9736,0.2304,1.001
20.433541678,0.0107,0.9733,0.2340,1.001
20.435259524,0.0115,0.9731,0.2345,1.001
20.436447024,0.0122,0.9721,0.2362,1.000
20.43817387,0.0105,0.9733,0.2375,1.002
20.440314601,0.0103,0.9733,0.2370,1.002
20.441944332,0.0120,0.9706,0.2365,0.999
20.444012755,0.0103,0.9711,0.2326,0.999
20.445860716,0.0103,0.9714,0.2304,0.998
20.448142524,0.0112,0.9704,0.2260,0.996
20.449931716,0.0112,0.9699,0.2238,0.995
20.453439293,0.0115,0.9701,0.2179,0.994
20.455008447,0.0115,0.9704,0.2128,0.994
20.459311832,0.0103,0.9711,0.2091,0.993
20.460302793,0.0107,0.9719,0.2038,0.993
20.461200447,0.0095,0.9719,0.1957,0.991
20.462176832,0.0093,0.9721,0.1928,0.991
20.463896716,0.0100,0.9736,0.1898,0.992
20.465847947,0.0098,0.9740,0.1862,0.992
20.467963755,0.0098,0.9755,0.1830,0.993
20.470968293,0.0090,0.9782,0.1805,0.995
20.472448563,0.0098,0.9777,0.1791,0.994
20.473582293,0.0107,0.9789,0.1752,0.995
20.475708101,0.0115,0.9806,0.1735,0.996
20.477619755,0.0115,0.9792,0.1722,0.994
20.479637024,0.0134,0.9799,0.1705,0.995
20.481488639,0.0134,0.9799,0.1710,0.995
20.483480178,0.0139,0.9804,0.1713,0.995
20.487058024,0.0147,0.9811,0.1739,0.997
20.488644909,0.0147,0.9814,0.1752,0.997
20.48987287,0.0176,0.9821,0.1781,0.998
20.49142537,0.0171,0.9836,0.1808,1.000
20.493415832,0.0191,0.9843,0.1840,1.002
20.495484139,0.0181,0.9833,0.1881,1.001
20.497470063,0.0173,0.9836,0.1906,1.002
20.499503216,0.0164,0.9833,0.1954,1.003
20.501274062,0.0161,0.9828,0.2008,1.003
20.512351562,0.0156,0.9814,0.2028,1.002
20.514478486,0.0132,0.9799,0.2084,1.002
20.515982178,0.0127,0.9799,0.2108,1.002
20.516880332,0.0110,0.9787,0.2162,1.002
20.518004639,0.0095,0.9787,0.2223,1.004
20.519230062,0.0083,0.9792,0.2243,1.005
20.520280639,0.0056,0.9787,0.2279,1.005
20.521493255,0.0049,0.9780,0.2309,1.005
20.522728601,0.0022,0.9755,0.2350,1.003
20.523939986,0.0007,0.9736,0.2380,1.002
20.52511437,0.0000,0.9738,0.2397,1.003
20.526067024,-0.0005,0.9726,0.2416,1.002
20.527464793,-0.0032,0.9726,0.2421,1.002
20.530018909,-0.0032,0.9716,0.2426,1.001
20.531657562,-0.0029,0.9706,0.2431,1.001
20.532948986,-0.0020,0.9714,0.2428,1.001
20.540202101,-0.0002,0.9726,0.2414,1.002
20.541576332,0.0010,0.9706,0.2382,0.999
20.542490293,0.0015,0.9714,0.2377,1.000
20.543475639,0.0022,0.9716,0.2348,1.000
20.544373409,0.0037,0.9716,0.2331,0.999
20.545484716,0.0056,0.9719,0.2323,0.999
20.546932793,0.0059,0.9726,0.2299,0.999
20.548535832,0.0059,0.9743,0.2282,1.001
20.550623562,0.0076,0.9753,0.2250,1.001
20.55344487,0.0059,0.9750,0.2201,1.000
20.555317447,0.0061,0.9760,0.2189,1.000
20.556461716,0.0078,0.9762,0.2182,1.000
20.558485216,0.0088,0.9762,0.2150,1.000
20.560535024,0.0100,0.9767,0.2116,0.999
20.562338986,0.0120,0.9758,0.2074,0.998
20.564483986,0.0137,0.9755,0.2067,0.997
20.566271139,0.0151,0.9777,0.2033,0.999
20.568903216,0.0137,0.9770,0.1998,0.997
20.571670024,0.0142,0.9740,0.1986,0.994
20.573092524,0.0154,0.9760,0.1959,0.996
20.574544332,0.0161,0.9745,0.1952,0.994
20.576377639,0.0173,0.9743,0.1952,0.994
20.578446409,0.0169,0.9728,0.1937,0.992
20.580442409,0.0173,0.9716,0.1940,0.991
20.582216332,0.0173,0.9711,0.1945,0.991
20.584353216,0.0178,0.9709,0.1937,0.990
20.587785101,0.0176,0.9694,0.1940,0.989
20.58933987,0.0176,0.9706,0.1964,0.990
20.591267986,0.0178,0.9716,0.1969,0.992
20.592408755,0.0176,0.9701,0.1974,0.990
20.594218716,0.0173,0.9706,0.1984,0.991
20.596132562,0.0181,0.9701,0.1986,0.990
20.598141293,0.0171,0.9692,0.2030,0.990
20.600295293,0.0159,0.9697,0.2052,0.991
20.603039178,0.0164,0.9716,0.2079,0.994
20.604178562,0.0159,0.9709,0.2094,0.993
20.613054947,0.0166,0.9711,0.2103,0.994
20.614580716,0.0159,0.9716,0.2121,0.995
20.615504755,0.0144,0.9726,0.2140,0.996
20.616432985,0.0144,0.9736,0.2162,0.997
20.617491101,0.0144,0.9731,0.2177,0.997
20.624097832,0.0139,0.9728,0.2184,0.997
20.625640755,0.0132,0.9723,0.2201,0.997
20.626588639,0.0110,0.9719,0.2204,0.997
20.628247947,0.0105,0.9723,0.2216,0.997
20.629241524,0.0129,0.9728,0.2221,0.998
20.630287947,0.0115,0.9733,0.2201,0.998
20.631418101,0.0100,0.9731,0.2201,0.998
20.632289485,0.0100,0.9719,0.2196,0.996
20.632941793,0.0095,0.9709,0.2194,0.995
20.633841793,0.0090,0.9716,0.2167,0.996
20.637183601,0.0078,0.9726,0.2157,0.996
20.638828447,0.0078,0.9716,0.2160,0.995
20.639943332,0.0090,0.9719,0.2128,0.995
20.641987255,0.0095,0.9716,0.2118,0.994
20.643574447,0.0100,0.9711,0.2121,0.994
20.645452639,0.0093,0.9709,0.2106,0.993
20.647482716,0.0090,0.9704,0.2099,0.993
20.649452639,0.0095,0.9699,0.2103,0.992
20.651507409,0.0117,0.9701,0.2106,0.993
20.654444716,0.0122,0.9699,0.2106,0.993
20.655924062,0.0117,0.9711,0.2096,0.994
20.657462755,0.0112,0.9706,0.2089,0.993
20.659613639,0.0103,0.9733,0.2103,0.996
20.661284832,0.0093,0.9719,0.2108,0.995
20.663511755,0.0088,0.9704,0.2113,0.993
20.665449755,0.0095,0.9719,0.2111,0.995
20.667484601,0.0105,0.9714,0.2118,0.994
20.670588178,0.0105,0.9714,0.2125,0.994
20.67289887,0.0103,0.9719,0.2143,0.995
20.674032755,0.0112,0.9719,0.2143,0.995
20.675192562,0.0142,0.9723,0.2143,0.996
20.67711787,0.0144,0.9728,0.2172,0.997
20.679321101,0.0147,0.9726,0.2174,0.997
20.68122787,0.0147,0.9738,0.2152,0.997
20.683250485,0.0166,0.9723,0.2174,0.996
20.685335178,0.0161,0.9726,0.2184,0.997
20.688412216,0.0173,0.9728,0.2172,0.997
20.689850409,0.0171,0.9736,0.2172,0.998
20.691126832,0.0164,0.9750,0.2177,0.999
20.693088524,0.0173,0.9748,0.2179,0.999
20.695063332,0.0164,0.9733,0.2174,0.997
20.696993101,0.0147,0.9758,0.2189,1.000
20.698969793,0.0132,0.9767,0.2174,1.001
20.700897447,0.0127,0.9760,0.2165,1.000
20.710732062,0.0098,0.9750,0.2179,0.999
20.712143062,0.0088,0.9750,0.2187,0.999
20.713220755,0.0098,0.9770,0.2177,1.001
20.714208985,0.0098,0.9760,0.2187,1.000
20.714997408,0.0086,0.9762,0.2172,1.000
20.715302524,0.0083,0.9755,0.2160,0.999
20.715533178,0.0088,0.9770,0.2150,1.000
20.716758178,0.0081,0.9765,0.2138,1.000
20.718767408,0.0066,0.9772,0.2123,1.000
20.725118678,0.0059,0.9775,0.2121,1.000
20.725666178,0.0068,0.9762,0.2121,0.999
20.725918332,0.0086,0.9767,0.2113,0.999
20.726427293,0.0071,0.9767,0.2113,0.999
20.728533139,0.0090,0.9758,0.2106,0.998
20.73094537,0.0088,0.9760,0.2111,0.999
20.732348332,0.0086,0.9772,0.2091,0.999
20.734187178,0.0081,0.9762,0.2099,0.999
20.737012062,0.0078,0.9770,0.2111,1.000
20.738973678,0.0093,0.9765,0.2116,0.999
20.740286139,0.0095,0.9750,0.2113,0.998
20.742089908,0.0090,0.9745,0.2113,0.997
20.744160178,0.0095,0.9736,0.2116,0.996
20.746033832,0.0103,0.9723,0.2106,0.995
20.748257139,0.0098,0.9731,0.2116,0.996
20.750154678,0.0098,0.9716,0.2113,0.994
20.752218101,0.0105,0.9719,0.2123,0.995
20.754347293,0.0088,0.9714,0.2125,0.994
20.756149101,0.0105,0.9711,0.2128,0.994
20.758092024,0.0115,0.9694,0.2135,0.993
20.760115408,0.0112,0.9682,0.2143,0.992
20.761828101,0.0115,0.9675,0.2152,0.991
20.764263216,0.0098,0.9675,0.2121,0.990
20.766150408,0.0098,0.9665,0.2123,0.990
20.768033793,0.0098,0.9672,0.2128,0.990
20.771198985,0.0103,0.9665,0.2140,0.990
20.772579601,0.0110,0.9667,0.2140,0.990
20.774022024,0.0110,0.9675,0.2147,0.991
20.775995601,0.0105,0.9670,0.2145,0.991
20.778055947,0.0095,0.9670,0.2138,0.990
20.780039485,0.0110,0.9665,0.2150,0.990
20.781760408,0.0115,0.9665,0.2184,0.991
20.783898216,0.0107,0.9662,0.2196,0.991
20.787531216,0.0098,0.9670,0.2174,0.991
20.788791062,0.0100,0.9684,0.2169,0.992
20.789692908,0.0103,0.9679,0.2162,0.992
20.791682293,0.0103,0.9679,0.2138,0.991
20.793591024,0.0100,0.9679,0.2147,0.992
20.795878024,0.0105,0.9684,0.2150,0.992
20.79770087,0.0103,0.9687,0.2143,0.992
20.799818908,0.0095,0.9675,0.2155,0.991
20.801568947,0.0088,0.9675,0.2133,0.991
20.810602947,0.0081,0.9684,0.2130,0.992
20.812041678,0.0086,0.9701,0.2130,0.993
20.812887716,0.0086,0.9709,0.2145,0.994
20.813671832,0.0093,0.9711,0.2140,0.994
20.814689601,0.0076,0.9699,0.2133,0.993
20.817433139,0.0066,0.9699,0.2147,0.993
20.818668524,0.0073,0.9699,0.2140,0.993
20.819689293,0.0093,0.9726,0.2133,0.996
20.821079755,0.0083,0.9728,0.2130,0.996
20.822029947,0.0076,0.9723,0.2123,0.995
20.824630985,0.0071,0.9726,0.2125,0.996
20.826061178,0.0066,0.9716,0.2140,0.995
20.827264408,0.0071,0.9723,0.2138,0.996
20.829041831,0.0066,0.9723,0.2135,0.996
20.831088831,0.0076,0.9723,0.2140,0.996
20.833071678,0.0090,0.9711,0.2138,0.994
20.835027716,0.0100,0.9728,0.2128,0.996
20.837881255,0.0086,0.9716,0.2157,0.995
20.839383908,0.0086,0.9716,0.2157,0.995
20.840953908,0.0083,0.9723,0.2157,0.996
20.843165985,0.0095,0.9738,0.2150,0.997
20.844830293,0.0086,0.9733,0.2152,0.997
20.846974678,0.0064,0.9728,0.2133,0.996
20.849100293,0.0061,0.9733,0.2130,0.996
20.850967601,0.0073,0.9728,0.2130,0.996
20.854570908,0.0071,0.9728,0.2143,0.996
20.856107678,0.0076,0.9731,0.2135,0.996
20.857287678,0.0090,0.9743,0.2128,0.997
20.858799101,0.0098,0.9740,0.2130,0.997
20.860630139,0.0090,0.9736,0.2123,0.996
20.862651985,0.0083,0.9719,0.2133,0.995
20.864814139,0.0081,0.9719,0.2145,0.995
20.866649216,0.0073,0.9726,0.2150,0.996
20.868766601,0.0073,0.9726,0.2157,0.996
20.872000947,0.0073,0.9728,0.2162,0.997
20.873517447,0.0066,0.9721,0.2169,0.996
20.875162793,0.0059,0.9726,0.2157,0.996
20.876746985,0.0056,0.9728,0.2147,0.996
20.878679485,0.0068,0.9731,0.2160,0.997
20.880629908,0.0078,0.9723,0.2174,0.996
20.882685716,0.0086,0.9723,0.2172,0.996
20.884872101,0.0083,0.9721,0.2179,0.996
20.887945947,0.0095,0.9721,0.2179,0.996
20.889432101,0.0093,0.9723,0.2169,0.996
20.891164216,0.0086,0.9723,0.2179,0.996
20.892401639,0.0090,0.9721,0.2182,0.996
20.894502524,0.0090,0.9711,0.2169,0.995
20.896441639,0.0095,0.9711,0.2172,0.995
20.898546831,0.0090,0.9733,0.2174,0.997
20.900400755,0.0095,0.9723,0.2177,0.996
20.90252137,0.0105,0.9711,0.2172,0.995
20.911656985,0.0103,0.9728,0.2155,0.996
20.91324287,0.0095,0.9733,0.2157,0.997
20.914243524,0.0088,0.9719,0.2162,0.996
20.915297216,0.0090,0.9716,0.2162,0.995
20.916384293,0.0093,0.9721,0.2157,0.996
20.922580024,0.0098,0.9736,0.2155,0.997
20.924023524,0.0095,0.9701,0.2172,0.994
20.924916293,0.0095,0.9711,0.2182,0.995
20.925778639,0.0088,0.9721,0.2184,0.996
20.926910101,0.0088,0.9719,0.2187,0.996
20.928058908,0.0093,0.9709,0.2199,0.996
20.929176216,0.0093,0.9714,0.2213,0.996
20.930211831,0.0098,0.9723,0.2206,0.997
20.931214216,0.0100,0.9726,0.2194,0.997
20.932172985,0.0112,0.9721,0.2189,0.996
20.933886601,0.0122,0.9721,0.2177,0.996
20.936174678,0.0112,0.9728,0.2169,0.997
20.93848037,0.0122,0.9716,0.2147,0.995
20.939973716,0.0134,0.9699,0.2111,0.993
20.941755178,0.0142,0.9699,0.2108,0.993
20.94409187,0.0137,0.9694,0.2099,0.992
20.945534601,0.0125,0.9699,0.2062,0.992
20.947703331,0.0115,0.9692,0.2047,0.991
20.949602139,0.0122,0.9697,0.2040,0.991
20.951957601,0.0142,0.9714,0.2047,0.993
20.954857562,0.0132,0.9721,0.2047,0.994
20.955965562,0.0112,0.9726,0.2052,0.994
20.95759537,0.0122,0.9731,0.2069,0.995
20.959530678,0.0120,0.9736,0.2084,0.996
20.961574908,0.0107,0.9738,0.2111,0.996
20.963954601,0.0103,0.9736,0.2128,0.997
20.96546787,0.0086,0.9743,0.2152,0.998
20.967860754,0.0090,0.9748,0.2172,0.999
20.972323485,0.0090,0.9743,0.2187,0.999
20.973885562,0.0088,0.9736,0.2228,0.999
20.975057524,0.0093,0.9731,0.2235,0.998
20.976259678,0.0098,0.9726,0.2245,0.998
20.978049485,0.0110,0.9738,0.2262,1.000
20.97968787,0.0105,0.9745,0.2284,1.001
20.981530601,0.0110,0.9736,0.2299,1.000
20.983461601,0.0100,0.9733,0.2333,1.001
20.985576447,0.0103,0.9731,0.2336,1.001
20.988967716,0.0115,0.9719,0.2360,1.000
20.992201216,0.0127,0.9711,0.2406,1.001
20.993363216,0.0134,0.9704,0.2421,1.000
20.994218101,0.0132,0.9711,0.2441,1.001
20.995401331,0.0127,0.9709,0.2453,1.001
20.997179331,0.0139,0.9701,0.2467,1.001
20.999214678,0.0137,0.9684,0.2477,1.000
21.001127447,0.0147,0.9672,0.2482,0.999
21.012151678,0.0142,0.9657,0.2485,0.997
21.013702908,0.0149,0.9665,0.2433,0.997
21.014710254,0.0149,0.9655,0.2416,0.995
21.015688601,0.0139,0.9648,0.2392,0.994
21.016841331,0.0132,0.9633,0.2370,0.992
21.017869331,0.0125,0.9628,0.2336,0.991
21.023575062,0.0103,0.9618,0.2292,0.989
21.025682178,0.0088,0.9616,0.2262,0.988
21.026570562,0.0078,0.9618,0.2206,0.987
21.027654447,0.0076,0.9621,0.2182,0.987
21.028802908,0.0073,0.9645,0.2116,0.987
21.029792331,0.0056,0.9653,0.2060,0.987
21.03098237,0.0049,0.9650,0.2040,0.986
21.031826216,0.0056,0.9660,0.2020,0.987
21.032574831,0.0068,0.9675,0.1994,0.988
21.033452947,0.0059,0.9682,0.1959,0.988
21.034784447,0.0073,0.9699,0.1920,0.989
21.038213716,0.0064,0.9697,0.1906,0.988
21.039881024,0.0066,0.9726,0.1891,0.991
21.04094737,0.0061,0.9733,0.1920,0.992
21.042623947,0.0061,0.9740,0.1910,0.993
21.044890677,0.0073,0.9748,0.1910,0.993
21.046690947,0.0088,0.9765,0.1920,0.995
21.048653985,0.0100,0.9767,0.1930,0.996
21.050560601,0.0107,0.9767,0.1957,0.996
21.053050293,0.0105,0.9770,0.1967,0.997
21.056006908,0.0120,0.9770,0.1969,0.997
21.057492101,0.0112,0.9770,0.2001,0.997
21.059116562,0.0110,0.9765,0.2030,0.997
21.060726947,0.0129,0.9758,0.2086,0.998
21.062673831,0.0129,0.9745,0.2133,0.998
21.064575831,0.0132,0.9745,0.2157,0.998
21.06645037,0.0120,0.9731,0.2194,0.998
21.068708408,0.0107,0.9731,0.2223,0.998
21.072042754,0.0090,0.9738,0.2255,1.000
21.073559254,0.0073,0.9726,0.2289,0.999
21.075280985,0.0059,0.9719,0.2301,0.999
21.077102062,0.0042,0.9709,0.2343,0.999
21.078172139,0.0032,0.9709,0.2394,1.000
21.080471216,0.0024,0.9699,0.2416,1.000
21.082223831,-0.0002,0.9687,0.2428,0.999
21.084553908,-0.0012,0.9687,0.2443,0.999
21.086566062,-0.0022,0.9682,0.2472,0.999
21.089298293,-0.0022,0.9679,0.2489,0.999
21.090935216,-0.0022,0.9670,0.2494,0.999
21.09271187,-0.0024,0.9667,0.2487,0.998
21.094334677,-0.0005,0.9665,0.2472,0.998
21.096379216,0.0002,0.9665,0.2475,0.998
21.098141677,0.0010,0.9650,0.2441,0.995
21.100344101,0.0015,0.9655,0.2426,0.996
21.102059331,0.0024,0.9665,0.2411,0.996
21.114015177,0.0042,0.9679,0.2384,0.997
21.115928524,0.0049,0.9689,0.2370,0.997
21.117058216,0.0042,0.9689,0.2343,0.997
21.118344677,0.0054,0.9694,0.2328,0.997
21.119908139,0.0073,0.9699,0.2306,0.997
21.121509062,0.0090,0.9699,0.2255,0.996
21.123083601,0.0093,0.9714,0.2226,0.997
21.124442908,0.0107,0.9716,0.2187,0.996
21.125707639,0.0115,0.9731,0.2169,0.997
21.127191216,0.0125,0.9733,0.2155,0.997
21.128600293,0.0151,0.9711,0.2130,0.994
21.129988254,0.0156,0.9709,0.2118,0.994
21.130307024,0.0173,0.9716,0.2096,0.994
21.130787831,0.0173,0.9726,0.2084,0.995
21.132803331,0.0173,0.9726,0.2074,0.995
21.133691331,0.0159,0.9716,0.2055,0.993
21.135558601,0.0181,0.9721,0.2047,0.994
21.142321754,0.0191,0.9726,0.2038,0.994
21.142877216,0.0191,0.9721,0.2045,0.994
21.143133947,0.0183,0.9721,0.2052,0.994
21.143358793,0.0178,0.9723,0.2067,0.994
21.145613177,0.0183,0.9714,0.2074,0.993
21.147696139,0.0176,0.9716,0.2084,0.994
21.149304947,0.0188,0.9726,0.2116,0.996
21.151826293,0.0191,0.9721,0.2116,0.995
21.154334139,0.0161,0.9745,0.2121,0.997
21.155652524,0.0171,0.9750,0.2157,0.999
21.157410985,0.0164,0.9753,0.2177,0.999
21.159726639,0.0159,0.9740,0.2211,0.999
21.161252293,0.0156,0.9723,0.2231,0.998
21.16360687,0.0156,0.9716,0.2238,0.997
21.165112254,0.0142,0.9733,0.2248,0.999
21.167219408,0.0129,0.9738,0.2255,1.000
21.168915177,0.0120,0.9723,0.2277,0.999
21.171675024,0.0107,0.9731,0.2299,1.000
21.173211524,0.0107,0.9728,0.2309,1.000
21.175574562,0.0090,0.9736,0.2340,1.001
21.177363639,0.0086,0.9738,0.2340,1.002
21.179411639,0.0078,0.9745,0.2338,1.002
21.181079677,0.0066,0.9736,0.2348,1.001
21.183286985,0.0054,0.9740,0.2345,1.002
21.185050485,0.0042,0.9733,0.2340,1.001
21.188470639,0.0012,0.9753,0.2326,1.003
21.18927337,0.0017,0.9745,0.2316,1.002
21.191445254,0.0027,0.9726,0.2289,0.999
21.192834254,0.0024,0.9719,0.2284,0.998
21.194977177,0.0017,0.9723,0.2272,0.999
21.196701524,0.0024,0.9719,0.2265,0.998
21.199215562,0.0022,0.9714,0.2270,0.998
21.200837139,0.0024,0.9714,0.2238,0.997
21.203028216,0.0024,0.9697,0.2223,0.995
21.212932908,0.0022,0.9682,0.2209,0.993
21.214550331,0.0020,0.9706,0.2191,0.995
21.215452908,0.0027,0.9706,0.2182,0.995
21.216484254,0.0020,0.9711,0.2160,0.995
21.217630485,0.0037,0.9716,0.2152,0.995
21.225478562,0.0032,0.9704,0.2152,0.994
21.227032177,0.0022,0.9697,0.2162,0.993
21.228152754,0.0034,0.9699,0.2165,0.994
21.228989177,0.0051,0.9699,0.2165,0.994
21.229994447,0.0059,0.9709,0.2152,0.994
21.231131293,0.0056,0.9701,0.2150,0.994
21.232109793,0.0066,0.9682,0.2157,0.992
21.233225716,0.0051,0.9677,0.2162,0.992
21.234435831,0.0059,0.9692,0.2177,0.993
21.235191754,0.0083,0.9689,0.2179,0.993
21.23585687,0.0086,0.9687,0.2194,0.993
21.237031677,0.0103,0.9694,0.2213,0.994
21.24017287,0.0107,0.9694,0.2216,0.994
21.242163216,0.0103,0.9692,0.2226,0.994
21.2433346,0.0105,0.9704,0.2228,0.996
21.244462908,0.0139,0.9711,0.2223,0.996
21.24623937,0.0144,0.9709,0.2233,0.996
21.248402177,0.0149,0.9701,0.2218,0.995
21.250041062,0.0132,0.9692,0.2218,0.994
21.252399947,0.0115,0.9704,0.2228,0.996
21.255653754,0.0129,0.9714,0.2253,0.997
21.256569485,0.0134,0.9706,0.2255,0.997
21.258168716,0.0129,0.9711,0.2233,0.997
21.260428254,0.0103,0.9709,0.2238,0.996
21.261832716,0.0093,0.9709,0.2250,0.997
21.263836716,0.0083,0.9706,0.2250,0.996
21.265838562,0.0083,0.9709,0.2250,0.997
21.268422062,0.0071,0.9706,0.2253,0.996
21.272197023,0.0061,0.9711,0.2255,0.997
21.273101831,0.0061,0.9716,0.2265,0.998
21.2736696,0.0051,0.9714,0.2265,0.997
21.275950985,0.0059,0.9709,0.2257,0.997
21.277773831,0.0059,0.9711,0.2240,0.997
21.2801271,0.0056,0.9709,0.2223,0.996
21.281702177,0.0059,0.9721,0.2223,0.997
21.28418737,0.0081,0.9721,0.2211,0.997
21.285880216,0.0076,0.9714,0.2231,0.997
21.289129485,0.0068,0.9721,0.2223,0.997
21.290503254,0.0081,0.9731,0.2216,0.998
21.291855023,0.0086,0.9726,0.2223,0.998
21.293605523,0.0086,0.9726,0.2209,0.997
21.295903062,0.0105,0.9736,0.2216,0.999
21.297718447,0.0115,0.9736,0.2216,0.999
21.299990408,0.0103,0.9721,0.2221,0.997
21.302037947,0.0117,0.9736,0.2221,0.999
21.312435639,0.0117,0.9738,0.2216,0.999
21.313994985,0.0110,0.9719,0.2211,0.997
21.315459139,0.0117,0.9711,0.2206,0.996
21.31663337,0.0129,0.9706,0.2221,0.996
21.3178446,0.0129,0.9709,0.2211,0.996
21.319190139,0.0127,0.9711,0.2216,0.996
21.320855447,0.0122,0.9706,0.2213,0.996
21.32268437,0.0127,0.9704,0.2213,0.995
21.323868831,0.0127,0.9706,0.2228,0.996
21.325250447,0.0127,0.9682,0.2223,0.993
21.326155523,0.0129,0.9684,0.2216,0.994
21.327194062,0.0139,0.9697,0.2216,0.995
21.327699523,0.0125,0.9701,0.2209,0.995
21.329680793,0.0134,0.9689,0.2213,0.994
21.3313366,0.0115,0.9694,0.2216,0.994
21.33317587,0.0127,0.9682,0.2221,0.993
21.335430716,0.0132,0.9679,0.2226,0.993
21.337126523,0.0115,0.9675,0.2218,0.993
21.339266331,0.0112,0.9682,0.2218,0.993
21.340997331,0.0103,0.9692,0.2218,0.994
21.34355137,0.0103,0.9689,0.2206,0.994
21.345271331,0.0105,0.9682,0.2199,0.993
21.346992523,0.0112,0.9687,0.2191,0.993
21.348996754,0.0110,0.9692,0.2191,0.994
21.350873947,0.0122,0.9711,0.2194,0.996
21.352889908,0.0134,0.9711,0.2187,0.996
21.3555436,0.0132,0.9716,0.2191,0.996
21.357113408,0.0125,0.9706,0.2184,0.995
21.358683985,0.0112,0.9711,0.2174,0.995
21.36075987,0.0095,0.9699,0.2167,0.994
21.362681677,0.0086,0.9716,0.2172,0.996
21.364911946,0.0088,0.9719,0.2172,0.996
21.366890754,0.0086,0.9716,0.2167,0.996
21.368921216,0.0093,0.9711,0.2177,0.995
21.37258887,0.0107,0.9711,0.2172,0.995
21.373874639,0.0098,0.9711,0.2147,0.995
21.374941793,0.0098,0.9716,0.2152,0.995
21.3768481,0.0103,0.9723,0.2160,0.996
21.378944639,0.0098,0.9721,0.2172,0.996
21.380892446,0.0093,0.9719,0.2174,0.996
21.383194793,0.0086,0.9733,0.2177,0.997
21.384582946,0.0076,0.9736,0.2167,0.997
21.386672946,0.0081,0.9738,0.2172,0.998
21.3900626,0.0086,0.9728,0.2172,0.997
21.392131023,0.0098,0.9716,0.2177,0.996
21.393188946,0.0081,0.9716,0.2182,0.996
21.394320485,0.0078,0.9709,0.2160,0.995
21.396286485,0.0078,0.9704,0.2172,0.994
21.398596216,0.0066,0.9706,0.2191,0.995
21.400445331,0.0061,0.9714,0.2182,0.996
21.402323177,0.0056,0.9709,0.2177,0.995
21.413057408,0.0073,0.9704,0.2187,0.995
21.4147411,0.0071,0.9701,0.2191,0.995
21.415655562,0.0071,0.9709,0.2189,0.995
21.416572754,0.0064,0.9699,0.2179,0.994
21.418443754,0.0064,0.9701,0.2187,0.994
21.419774754,0.0044,0.9692,0.2196,0.994
21.428134331,0.0037,0.9719,0.2194,0.996
21.429672216,0.0034,0.9711,0.2194,0.996
21.430829062,0.0039,0.9692,0.2206,0.994
21.431656062,0.0044,0.9689,0.2211,0.994
21.432731754,0.0046,0.9694,0.2206,0.994
21.433806216,0.0056,0.9677,0.2211,0.993
21.434913716,0.0046,0.9689,0.2211,0.994
21.4359731,0.0046,0.9701,0.2206,0.995
21.437121831,0.0044,0.9704,0.2221,0.995
21.4380916,0.0046,0.9709,0.2218,0.996
21.439310485,0.0049,0.9704,0.2216,0.995
21.440232754,0.0054,0.9701,0.2216,0.995
21.441130446,0.0059,0.9699,0.2201,0.995
21.4420916,0.0054,0.9704,0.2204,0.995
21.444769023,0.0054,0.9714,0.2209,0.996
21.446305716,0.0064,0.9711,0.2211,0.996
21.447857216,0.0054,0.9716,0.2196,0.996
21.449615985,0.0073,0.9706,0.2206,0.995
21.451905139,0.0081,0.9714,0.2211,0.996
21.453945985,0.0090,0.9721,0.2206,0.997
21.456801639,0.0083,0.9731,0.2218,0.998
21.458307677,0.0073,0.9726,0.2240,0.998
21.460182639,0.0076,0.9726,0.2231,0.998
21.461772716,0.0083,0.9728,0.2228,0.998
21.464092908,0.0093,0.9721,0.2223,0.997
21.465616985,0.0073,0.9719,0.2226,0.997
21.467957023,0.0093,0.9731,0.2223,0.998
21.469590485,0.0107,0.9731,0.2206,0.998
21.472436985,0.0115,0.9721,0.2204,0.997
21.474803677,0.0105,0.9728,0.2196,0.997
21.475617331,0.0122,0.9736,0.2191,0.998
21.477342946,0.0127,0.9733,0.2187,0.998
21.480370562,0.0115,0.9743,0.2179,0.998
21.481105139,0.0103,0.9748,0.2157,0.998
21.483575254,0.0115,0.9755,0.2172,0.999
21.485168254,0.0112,0.9762,0.2179,1.000
21.487473023,0.0122,0.9745,0.2184,0.999
21.489780985,0.0122,0.9733,0.2189,0.998
21.496055369,0.0100,0.9743,0.2182,0.998
21.496600639,0.0107,0.9762,0.2182,1.000
21.497013369,0.0105,0.9753,0.2196,1.000
21.497424869,0.0090,0.9738,0.2211,0.999
21.499429908,0.0098,0.9726,0.2211,0.997
21.501051062,0.0090,0.9738,0.2209,0.999
21.503232177,0.0088,0.9745,0.2194,0.999
21.509539331,0.0093,0.9733,0.2191,0.998
21.510508562,0.0100,0.9714,0.2167,0.995
21.510955639,0.0120,0.9711,0.2162,0.995
21.511394946,0.0125,0.9714,0.2150,0.995
21.513075946,0.0112,0.9726,0.2128,0.996
21.515221793,0.0093,0.9736,0.2096,0.996
21.516850139,0.0095,0.9726,0.2099,0.995
21.518869293,0.0112,0.9731,0.2086,0.995
21.522183062,0.0103,0.9733,0.2077,0.995
21.523367139,0.0105,0.9733,0.2055,0.995
21.524751716,0.0081,0.9745,0.2045,0.996
21.526728254,0.0081,0.9745,0.2057,0.996
21.528779677,0.0073,0.9726,0.2077,0.995
21.530544216,0.0061,0.9728,0.2081,0.995
21.532612908,0.0056,0.9745,0.2123,0.997
21.534444793,0.0076,0.9736,0.2133,0.997
21.536751716,0.0086,0.9726,0.2147,0.996
21.540123754,0.0076,0.9728,0.2162,0.997
21.541329331,0.0061,0.9733,0.2196,0.998
21.542673216,0.0051,0.9726,0.2206,0.997
21.544703062,0.0051,0.9711,0.2206,0.996
21.546891485,0.0059,0.9719,0.2211,0.997
21.5485206,0.0061,0.9709,0.2231,0.996
21.550431523,0.0078,0.9723,0.2257,0.998
21.552329869,0.0078,0.9721,0.2284,0.999
21.555741139,0.0068,0.9723,0.2306,0.999
21.557075139,0.0076,0.9719,0.2336,1.000
21.558308408,0.0086,0.9714,0.2343,0.999
21.560889331,0.0107,0.9711,0.2394,1.000
21.562343369,0.0107,0.9701,0.2414,1.000
21.564292908,0.0095,0.9689,0.2441,0.999
21.566289062,0.0093,0.9679,0.2465,0.999
21.568621408,0.0090,0.9675,0.2465,0.998
21.571755985,0.0107,0.9672,0.2472,0.998
21.572890831,0.0098,0.9655,0.2475,0.997
21.5754581,0.0103,0.9638,0.2453,0.995
21.577147331,0.0115,0.9633,0.2446,0.994
21.578200639,0.0122,0.9633,0.2446,0.994
21.580144331,0.0122,0.9643,0.2406,0.994
21.582083754,0.0134,0.9611,0.2387,0.990
21.584142062,0.0115,0.9611,0.2370,0.990
21.586054139,0.0110,0.9613,0.2314,0.989
21.5890736,0.0107,0.9616,0.2274,0.988
21.590794869,0.0095,0.9631,0.2228,0.989
21.5919651,0.0076,0.9640,0.2165,0.988
21.593949254,0.0073,0.9648,0.2135,0.988
21.5958571,0.0081,0.9648,0.2077,0.987
21.597759754,0.0078,0.9657,0.2052,0.987
21.599898523,0.0064,0.9653,0.2008,0.986
21.6015576,0.0064,0.9677,0.1964,0.987
21.603878677,0.0051,0.9687,0.1950,0.988
21.614521716,0.0049,0.9687,0.1906,0.987
21.616086869,0.0064,0.9699,0.1903,0.988
21.6174261,0.0066,0.9719,0.1896,0.990
21.618498446,0.0064,0.9736,0.1884,0.992
21.619602523,0.0073,0.9743,0.1881,0.992
21.620895869,0.0078,0.9750,0.1886,0.993
21.622256292,0.0088,0.9758,0.1910,0.994
21.623545254,0.0098,0.9755,0.1906,0.994
21.624797523,0.0115,0.9748,0.1910,0.993
21.626024292,0.0122,0.9750,0.1925,0.994
21.627326331,0.0112,0.9753,0.1964,0.995
21.628328677,0.0120,0.9758,0.2008,0.996
21.630878062,0.0125,0.9767,0.2023,0.998
21.632348062,0.0125,0.9772,0.2072,0.999
21.633432254,0.0127,0.9753,0.2123,0.998
21.635357062,0.0129,0.9758,0.2138,0.999
21.638559562,0.0125,0.9758,0.2182,1.000
21.639621216,0.0122,0.9740,0.2204,0.999
21.642244562,0.0103,0.9736,0.2253,0.999
21.643773985,0.0081,0.9719,0.2311,0.999
21.647960062,0.0076,0.9719,0.2326,0.999
21.649012023,0.0071,0.9719,0.2365,1.000
21.649750254,0.0059,0.9706,0.2389,1.000
21.650823139,0.0032,0.9697,0.2411,0.999
21.652974331,0.0012,0.9675,0.2448,0.998
21.656110408,-0.0007,0.9682,0.2460,0.999
21.657757331,-0.0010,0.9675,0.2475,0.999
21.658974908,-0.0005,0.9662,0.2492,0.998
21.660830562,0.0000,0.9665,0.2485,0.998
21.662906408,0.0000,0.9665,0.2480,0.998
21.664917485,0.0020,0.9657,0.2482,0.997
21.666837177,0.0022,0.9660,0.2465,0.997
21.668808062,0.0017,0.9667,0.2446,0.997
21.670905985,0.0017,0.9660,0.2431,0.996
21.673612254,0.0046,0.9657,0.2404,0.995
21.675200792,0.0056,0.9670,0.2382,0.996
21.676899562,0.0066,0.9684,0.2362,0.997
21.678855216,0.0095,0.9694,0.2336,0.997
21.680694946,0.0100,0.9709,0.2323,0.998
21.682815792,0.0100,0.9706,0.2272,0.997
21.684769985,0.0100,0.9709,0.2253,0.997
21.686637254,0.0117,0.9706,0.2228,0.996
21.689958946,0.0129,0.9716,0.2194,0.996
21.691585215,0.0132,0.9721,0.2160,0.996
21.693216985,0.0132,0.9731,0.2135,0.996
21.6946316,0.0147,0.9738,0.2116,0.997
21.696680023,0.0144,0.9745,0.2111,0.997
21.698642485,0.0151,0.9743,0.2064,0.996
21.7006746,0.0159,0.9733,0.2055,0.995
21.7025671,0.0164,0.9723,0.2045,0.994
21.712983639,0.0149,0.9728,0.2035,0.994
21.714543715,0.0156,0.9719,0.2008,0.993
21.715521523,0.0169,0.9726,0.2013,0.993
21.716480639,0.0181,0.9711,0.2016,0.992
21.717515985,0.0169,0.9706,0.2023,0.992
21.718696715,0.0164,0.9714,0.2038,0.993
21.7194766,0.0156,0.9714,0.2060,0.993
21.720514831,0.0164,0.9704,0.2069,0.992
21.721467677,0.0191,0.9704,0.2091,0.993
21.722756715,0.0166,0.9699,0.2123,0.993
21.728102908,0.0156,0.9706,0.2140,0.994
21.728605408,0.0159,0.9721,0.2177,0.996
21.728860446,0.0164,0.9721,0.2187,0.997
21.730058215,0.0134,0.9711,0.2199,0.996
21.7321331,0.0139,0.9706,0.2231,0.996
21.734065562,0.0132,0.9701,0.2240,0.996
21.736070831,0.0103,0.9723,0.2255,0.998
21.738899177,0.0093,0.9721,0.2272,0.998
21.740008715,0.0110,0.9714,0.2304,0.998
21.741827946,0.0107,0.9701,0.2326,0.998
21.743926062,0.0103,0.9701,0.2328,0.998
21.745666369,0.0095,0.9704,0.2309,0.998
21.747882485,0.0076,0.9706,0.2326,0.998
21.749730292,0.0071,0.9709,0.2333,0.999
21.751728254,0.0073,0.9714,0.2336,0.999
21.754234792,0.0061,0.9721,0.2328,1.000
21.756130677,0.0042,0.9711,0.2326,0.999
21.757699062,0.0027,0.9711,0.2318,0.998
21.760336985,0.0012,0.9716,0.2316,0.999
21.761964985,0.0007,0.9731,0.2299,1.000
21.763639485,0.0020,0.9726,0.2279,0.999
21.765460792,0.0024,0.9726,0.2279,0.999
21.767610639,0.0034,0.9733,0.2272,0.999
21.769569792,0.0029,0.9738,0.2253,1.000
21.772819946,0.0027,0.9736,0.2226,0.999
21.773812369,0.0037,0.9726,0.2199,0.997
21.775610639,0.0039,0.9719,0.2182,0.996
21.777403292,0.0044,0.9728,0.2157,0.996
21.7795216,0.0049,0.9721,0.2145,0.995
21.781256831,0.0064,0.9726,0.2143,0.996
21.783474369,0.0068,0.9745,0.2130,0.998
21.785221523,0.0073,0.9745,0.2128,0.998
21.787612869,0.0093,0.9745,0.2121,0.997
21.790144446,0.0098,0.9721,0.2116,0.995
21.791402792,0.0105,0.9719,0.2128,0.995
21.793249177,0.0112,0.9740,0.2125,0.997
21.795373292,0.0103,0.9760,0.2133,0.999
21.797411062,0.0117,0.9740,0.2140,0.997
21.799307177,0.0129,0.9750,0.2133,0.998
21.801082215,0.0134,0.9743,0.2128,0.997
21.803358254,0.0137,0.9728,0.2155,0.996
21.813797138,0.0159,0.9740,0.2167,0.998
21.815976177,0.0169,0.9736,0.2179,0.998
21.817003177,0.0176,0.9745,0.2184,0.999
21.818067408,0.0171,0.9745,0.2182,0.999
21.819216138,0.0191,0.9745,0.2201,0.999
21.824860485,0.0173,0.9723,0.2218,0.997
21.826205869,0.0171,0.9723,0.2223,0.998
21.827279869,0.0191,0.9736,0.2216,0.999
21.828055446,0.0195,0.9740,0.2235,1.000
21.8291361,0.0191,0.9733,0.2245,0.999
21.830122292,0.0186,0.9748,0.2257,1.001
21.831437138,0.0188,0.9738,0.2260,1.000
21.832386985,0.0181,0.9745,0.2262,1.001
21.8333261,0.0159,0.9755,0.2265,1.002
21.834173138,0.0142,0.9743,0.2270,1.000
21.835173446,0.0139,0.9733,0.2274,1.000
21.836919369,0.0137,0.9740,0.2270,1.000
21.839165869,0.0127,0.9736,0.2279,1.000
21.841002946,0.0107,0.9745,0.2287,1.001
21.842748869,0.0110,0.9738,0.2284,1.000
21.844826446,0.0105,0.9753,0.2262,1.001
21.846567831,0.0093,0.9740,0.2260,1.000
21.848594408,0.0090,0.9728,0.2250,0.999
21.850445177,0.0066,0.9736,0.2257,0.999
21.852739677,0.0066,0.9733,0.2245,0.999
21.855576715,0.0066,0.9733,0.2245,0.999
21.856959485,0.0073,0.9736,0.2235,0.999
21.858751523,0.0081,0.9738,0.2231,0.999
21.860596908,0.0093,0.9738,0.2228,0.999
21.862517831,0.0095,0.9738,0.2221,0.999
21.864572869,0.0098,0.9731,0.2211,0.998
21.866672485,0.0117,0.9733,0.2216,0.998
21.869069908,0.0112,0.9728,0.2218,0.998
21.870884869,0.0095,0.9745,0.2211,0.999
21.872876369,0.0083,0.9743,0.2218,0.999
21.874300562,0.0083,0.9733,0.2213,0.998
21.876430715,0.0066,0.9723,0.2213,0.997
21.878217523,0.0088,0.9714,0.2221,0.996
21.880451523,0.0103,0.9701,0.2233,0.996
21.882218523,0.0093,0.9716,0.2235,0.997
21.884311523,0.0088,0.9704,0.2233,0.996
21.886179023,0.0100,0.9692,0.2211,0.994
21.890333485,0.0110,0.9679,0.2216,0.993
21.8916526,0.0112,0.9682,0.2221,0.993
21.892622292,0.0105,0.9672,0.2223,0.992
21.894121638,0.0088,0.9675,0.2221,0.993
21.896320754,0.0081,0.9665,0.2228,0.992
21.898181677,0.0086,0.9657,0.2233,0.991
21.901986523,0.0088,0.9679,0.2221,0.993
21.903134561,0.0086,0.9675,0.2226,0.993
21.904672792,0.0107,0.9657,0.2209,0.991
21.916565446,0.0110,0.9657,0.2206,0.991
21.918266215,0.0120,0.9660,0.2213,0.991
21.919431485,0.0117,0.9662,0.2211,0.991
21.920484292,0.0120,0.9665,0.2218,0.992
21.921721215,0.0117,0.9660,0.2211,0.991
21.923100638,0.0120,0.9675,0.2213,0.993
21.924376523,0.0112,0.9689,0.2213,0.994
21.925583177,0.0117,0.9711,0.2216,0.996
21.926787138,0.0112,0.9711,0.2211,0.996
21.927929792,0.0115,0.9697,0.2194,0.994
21.929135985,0.0110,0.9692,0.2187,0.994
21.930523485,0.0117,0.9692,0.2182,0.993
21.931636561,0.0120,0.9694,0.2169,0.993
21.932911215,0.0132,0.9704,0.2162,0.994
21.934031523,0.0122,0.9709,0.2187,0.995
21.936953869,0.0125,0.9714,0.2187,0.996
21.938676138,0.0122,0.9714,0.2157,0.995
21.940110869,0.0112,0.9731,0.2140,0.996
21.941717446,0.0115,0.9738,0.2128,0.997
21.943751023,0.0137,0.9733,0.2150,0.997
21.945702215,0.0122,0.9733,0.2152,0.997
21.947651215,0.0125,0.9740,0.2157,0.998
21.949663908,0.0132,0.9731,0.2138,0.996
21.951623254,0.0134,0.9736,0.2143,0.997
21.953474061,0.0122,0.9740,0.2147,0.998
21.956899638,0.0122,0.9758,0.2135,0.999
21.963030869,0.0117,0.9758,0.2138,0.999
21.964107446,0.0125,0.9748,0.2138,0.998
21.965083215,0.0122,0.9755,0.2152,0.999
21.965986369,0.0115,0.9753,0.2165,0.999
21.967249369,0.0098,0.9745,0.2174,0.999
21.968184369,0.0100,0.9750,0.2167,0.999
21.969514754,0.0120,0.9743,0.2172,0.998
21.971322254,0.0098,0.9738,0.2177,0.998
21.973979561,0.0098,0.9745,0.2182,0.999
21.975851369,0.0083,0.9743,0.2194,0.999
21.977145061,0.0095,0.9743,0.2199,0.999
21.979178638,0.0100,0.9755,0.2201,1.000
21.981283408,0.0088,0.9745,0.2213,0.999
21.983074831,0.0083,0.9731,0.2204,0.998
21.985083792,0.0090,0.9731,0.2216,0.998
21.987105369,0.0083,0.9728,0.2240,0.998
21.991353331,0.0086,0.9736,0.2250,0.999
21.993359138,0.0083,0.9738,0.2250,0.999
21.994936138,0.0068,0.9733,0.2255,0.999
21.996260792,0.0068,0.9726,0.2257,0.998
21.997447715,0.0073,0.9721,0.2262,0.998
21.999159638,0.0083,0.9719,0.2270,0.998
22.000903985,0.0066,0.9728,0.2279,0.999
22.002861138,0.0054,0.9728,0.2282,0.999
22.004860984,0.0044,0.9721,0.2296,0.999
22.014519292,0.0049,0.9711,0.2299,0.998
22.015625484,0.0046,0.9701,0.2316,0.997
22.016303523,0.0078,0.9689,0.2311,0.996
22.016946215,0.0064,0.9697,0.2301,0.997
22.017569869,0.0054,0.9701,0.2292,0.997
22.018188869,0.0076,0.9704,0.2287,0.997
22.029709138,0.0071,0.9699,0.2277,0.996
22.030502215,0.0064,0.9699,0.2274,0.996
22.030902792,0.0054,0.9679,0.2279,0.994
22.031271408,0.0054,0.9687,0.2284,0.995
22.031639561,0.0064,0.9697,0.2279,0.996
22.031989638,0.0071,0.9697,0.2277,0.996
22.032355408,0.0093,0.9687,0.2267,0.995
22.032726254,0.0071,0.9679,0.2257,0.994
22.034243331,0.0076,0.9682,0.2240,0.994
22.036222984,0.0081,0.9697,0.2245,0.995
22.038032561,0.0081,0.9697,0.2245,0.995
22.040997792,0.0090,0.9709,0.2223,0.996
22.042249908,0.0086,0.9711,0.2209,0.996
22.043968177,0.0081,0.9714,0.2211,0.996
22.046088331,0.0086,0.9711,0.2199,0.996
22.048172331,0.0081,0.9687,0.2189,0.993
22.0500901,0.0093,0.9687,0.2189,0.993
22.052076715,0.0098,0.9706,0.2184,0.995
22.053896254,0.0093,0.9687,0.2199,0.993
22.056258331,0.0076,0.9689,0.2209,0.994
22.057963638,0.0083,0.9716,0.2211,0.996
22.060035523,0.0086,0.9709,0.2211,0.996
22.061808177,0.0081,0.9701,0.2204,0.995
22.063944715,0.0071,0.9711,0.2218,0.996
22.065661292,0.0073,0.9716,0.2223,0.997
22.067883369,0.0083,0.9716,0.2223,0.997
22.069806677,0.0071,0.9709,0.2213,0.996
22.073372792,0.0064,0.9697,0.2206,0.994
22.074590023,0.0061,0.9689,0.2187,0.993
22.076294869,0.0054,0.9687,0.2184,0.993
22.077626831,0.0078,0.9689,0.2162,0.993
22.079833023,0.0073,0.9689,0.2133,0.992
22.081585061,0.0066,0.9694,0.2123,0.992
22.083923677,0.0071,0.9684,0.2094,0.991
22.085692446,0.0078,0.9677,0.2084,0.990
22.090546292,0.0095,0.9687,0.2072,0.991
22.091597523,0.0073,0.9684,0.2052,0.990
22.092335984,0.0066,0.9689,0.2057,0.991
22.093592446,0.0068,0.9719,0.2062,0.994
22.095665677,0.0056,0.9723,0.2067,0.994
22.097623369,0.0051,0.9723,0.2079,0.994
22.099416446,0.0054,0.9726,0.2106,0.995
22.101349715,0.0054,0.9736,0.2121,0.996
22.103484946,0.0046,0.9738,0.2143,0.997
22.113756869,0.0034,0.9743,0.2177,0.998
22.1150846,0.0037,0.9748,0.2206,0.999
22.1158486,0.0066,0.9736,0.2238,0.999
22.116613407,0.0051,0.9738,0.2238,0.999
22.117525715,0.0044,0.9740,0.2243,1.000
22.1249836,0.0051,0.9721,0.2267,0.998
22.126713446,0.0056,0.9711,0.2274,0.997
22.127757292,0.0059,0.9706,0.2311,0.998
22.128648523,0.0068,0.9709,0.2331,0.998
22.129989369,0.0073,0.9714,0.2333,0.999
22.131319254,0.0081,0.9704,0.2372,0.999
22.132361907,0.0073,0.9682,0.2406,0.998
22.133560138,0.0083,0.9670,0.2421,0.997
22.134707638,0.0110,0.9675,0.2431,0.998
22.135660369,0.0117,0.9679,0.2446,0.998
22.136718907,0.0127,0.9672,0.2475,0.998
22.1376266,0.0132,0.9653,0.2485,0.997
22.1410661,0.0132,0.9645,0.2485,0.996
22.142788792,0.0129,0.9645,0.2482,0.996
22.143660369,0.0125,0.9645,0.2477,0.996
22.144931831,0.0117,0.9626,0.2472,0.994
22.147213369,0.0132,0.9628,0.2470,0.994
22.149032331,0.0129,0.9623,0.2455,0.993
22.151148254,0.0125,0.9609,0.2419,0.991
22.153003792,0.0117,0.9613,0.2375,0.990
22.1550911,0.0122,0.9616,0.2348,0.990
22.157992407,0.0115,0.9611,0.2282,0.988
22.159617331,0.0112,0.9613,0.2260,0.988
22.160794484,0.0120,0.9616,0.2223,0.987
22.162885946,0.0107,0.9631,0.2162,0.987
22.164977215,0.0105,0.9635,0.2125,0.987
22.166761254,0.0105,0.9657,0.2062,0.988
22.168687638,0.0107,0.9665,0.2030,0.988
22.1709666,0.0115,0.9665,0.1981,0.987
22.173969215,0.0110,0.9694,0.1957,0.989
22.175838754,0.0098,0.9706,0.1952,0.990
22.176927754,0.0095,0.9716,0.1928,0.991
22.179592369,0.0086,0.9716,0.1913,0.990
22.180575023,0.0086,0.9721,0.1918,0.991
22.182300561,0.0100,0.9733,0.1908,0.992
22.184421984,0.0100,0.9743,0.1908,0.993
22.186324061,0.0100,0.9748,0.1915,0.993
22.188352331,0.0095,0.9777,0.1940,0.997
22.191611484,0.0103,0.9780,0.1950,0.997
22.193187984,0.0129,0.9784,0.1974,0.998
22.194452984,0.0129,0.9787,0.2001,0.999
22.196157984,0.0137,0.9784,0.2035,0.999
22.198143331,0.0129,0.9777,0.2067,0.999
22.200165369,0.0132,0.9775,0.2091,1.000
22.202146638,0.0125,0.9767,0.2150,1.000
22.204105138,0.0117,0.9765,0.2182,1.001
22.215156331,0.0098,0.9780,0.2231,1.003
22.216768869,0.0068,0.9777,0.2301,1.004
22.217800407,0.0064,0.9780,0.2321,1.005
22.218869331,0.0059,0.9760,0.2365,1.004
22.219962638,0.0051,0.9743,0.2397,1.003
22.221141715,0.0046,0.9733,0.2424,1.003
22.227651177,0.0022,0.9719,0.2446,1.002
22.2290726,0.0015,0.9701,0.2463,1.001
22.230020754,-0.0005,0.9684,0.2502,1.000
22.231027138,-0.0022,0.9675,0.2509,0.999
22.2320161,-0.0015,0.9665,0.2509,0.999
22.233018484,-0.0007,0.9665,0.2531,0.999
22.235034407,-0.0010,0.9667,0.2521,0.999
22.2361901,-0.0012,0.9672,0.2521,1.000
22.237094638,0.0010,0.9662,0.2509,0.998
22.238122907,0.0012,0.9670,0.2492,0.999
22.2392806,0.0017,0.9662,0.2475,0.997
22.240265061,0.0024,0.9665,0.2453,0.997
22.243645446,0.0027,0.9670,0.2431,0.997
22.244891292,0.0059,0.9682,0.2387,0.997
22.245335215,0.0066,0.9694,0.2370,0.998
22.248215138,0.0071,0.9692,0.2321,0.997
22.249812715,0.0071,0.9716,0.2299,0.998
22.252093869,0.0078,0.9723,0.2282,0.999
22.253512638,0.0081,0.9728,0.2250,0.999
22.255852715,0.0090,0.9731,0.2218,0.998
22.258285561,0.0100,0.9733,0.2196,0.998
22.260111754,0.0115,0.9753,0.2169,0.999
22.261594215,0.0129,0.9762,0.2145,1.000
22.263762984,0.0134,0.9750,0.2118,0.998
22.265308292,0.0142,0.9733,0.2081,0.995
22.267666715,0.0144,0.9733,0.2077,0.995
22.2693186,0.0142,0.9726,0.2067,0.994
22.271758946,0.0142,0.9726,0.2045,0.994
22.274481984,0.0147,0.9728,0.2047,0.994
22.275349177,0.0169,0.9740,0.2042,0.995
22.277158484,0.0169,0.9738,0.2038,0.995
22.279741946,0.0144,0.9738,0.2025,0.995
22.281072369,0.0154,0.9728,0.2030,0.994
22.283143138,0.0164,0.9723,0.2035,0.994
22.285128792,0.0154,0.9719,0.2067,0.994
22.287476369,0.0154,0.9719,0.2084,0.994
22.289103869,0.0161,0.9721,0.2086,0.994
22.291899907,0.0149,0.9726,0.2121,0.996
22.294176792,0.0132,0.9719,0.2143,0.995
22.295609177,0.0134,0.9721,0.2160,0.996
22.297058407,0.0134,0.9716,0.2196,0.996
22.299470984,0.0137,0.9706,0.2211,0.996
22.300973446,0.0129,0.9714,0.2226,0.997
22.303584292,0.0112,0.9721,0.2257,0.998
22.304810561,0.0107,0.9733,0.2277,1.000
22.311664484,0.0098,0.9721,0.2296,0.999
22.312500754,0.0090,0.9723,0.2304,0.999
22.312932446,0.0066,0.9716,0.2304,0.999
22.3133521,0.0086,0.9721,0.2345,1.000
22.314943561,0.0076,0.9731,0.2355,1.001
22.316775446,0.0034,0.9711,0.2350,0.999
22.3189416,0.0024,0.9711,0.2343,0.999
22.320641177,0.0012,0.9706,0.2350,0.999
22.3238911,0.0029,0.9699,0.2355,0.998
22.324724446,0.0029,0.9704,0.2358,0.999
22.326789677,0.0024,0.9697,0.2350,0.998
22.329788215,0.0002,0.9687,0.2340,0.997
22.330521523,-0.0002,0.9689,0.2333,0.997
22.333135907,-0.0007,0.9684,0.2311,0.996
22.334649253,-0.0012,0.9677,0.2299,0.995
22.336930292,0.0000,0.9677,0.2292,0.994
22.33877783,-0.0012,0.9672,0.2272,0.994
22.341828215,-0.0010,0.9682,0.2265,0.994
22.342725792,0.0015,0.9675,0.2267,0.994
22.344947292,0.0000,0.9675,0.2231,0.993
22.346548407,-0.0002,0.9684,0.2223,0.994
22.3492746,0.0015,0.9692,0.2223,0.994
22.350549369,0.0037,0.9692,0.2206,0.994
22.353183792,0.0037,0.9692,0.2194,0.994
22.35454183,0.0024,0.9677,0.2179,0.992
22.357488946,0.0027,0.9670,0.2172,0.991
22.359254369,0.0037,0.9692,0.2162,0.993
22.36230233,0.0061,0.9684,0.2160,0.992
22.364236792,0.0056,0.9694,0.2169,0.993
22.365136907,0.0071,0.9694,0.2177,0.994
22.366160061,0.0066,0.9694,0.2189,0.994
22.368406792,0.0056,0.9697,0.2177,0.994
22.370177138,0.0078,0.9704,0.2169,0.994
22.372712484,0.0081,0.9689,0.2174,0.993
22.374439023,0.0090,0.9684,0.2182,0.993
22.377215946,0.0112,0.9687,0.2223,0.994
22.378962138,0.0122,0.9684,0.2223,0.994
22.380514138,0.0115,0.9689,0.2218,0.994
22.382086715,0.0122,0.9697,0.2223,0.995
22.3842171,0.0120,0.9706,0.2218,0.996
22.385907984,0.0120,0.9723,0.2216,0.997
22.38803433,0.0122,0.9716,0.2233,0.997
22.39165733,0.0120,0.9714,0.2235,0.997
22.395311484,0.0147,0.9721,0.2235,0.998
22.396471369,0.0137,0.9723,0.2248,0.998
22.397265869,0.0132,0.9721,0.2250,0.998
22.398317869,0.0129,0.9721,0.2238,0.998
22.39991233,0.0107,0.9709,0.2235,0.996
22.401748638,0.0110,0.9714,0.2243,0.997
22.403888407,0.0107,0.9716,0.2245,0.997
22.407540061,0.0095,0.9723,0.2245,0.998
22.4086561,0.0103,0.9726,0.2240,0.998
22.409729753,0.0098,0.9723,0.2240,0.998
22.419721907,0.0098,0.9723,0.2235,0.998
22.4205886,0.0090,0.9728,0.2231,0.998
22.42099883,0.0081,0.9738,0.2221,0.999
22.421405984,0.0073,0.9740,0.2226,0.999
22.421840907,0.0076,0.9719,0.2228,0.997
22.42226933,0.0078,0.9731,0.2211,0.998
22.434755792,0.0073,0.9731,0.2223,0.998
22.4355786,0.0064,0.9738,0.2226,0.999
22.436022446,0.0064,0.9736,0.2226,0.999
22.436438984,0.0066,0.9731,0.2221,0.998
22.436833792,0.0064,0.9728,0.2211,0.998
22.437245792,0.0066,0.9726,0.2216,0.998
22.437632292,0.0064,0.9726,0.2231,0.998
22.438031753,0.0078,0.9731,0.2238,0.999
22.439238484,0.0076,0.9726,0.2240,0.998
22.4444576,0.0086,0.9728,0.2233,0.998
22.445211023,0.0083,0.9728,0.2228,0.998
22.445654407,0.0110,0.9723,0.2223,0.997
22.447463138,0.0095,0.9723,0.2223,0.997
22.449133138,0.0100,0.9719,0.2226,0.997
22.451257715,0.0112,0.9699,0.2218,0.995
22.4529071,0.0100,0.9701,0.2223,0.995
22.455090638,0.0107,0.9709,0.2223,0.996
22.457692446,0.0105,0.9709,0.2211,0.996
22.458862869,0.0100,0.9697,0.2204,0.994
22.460692638,0.0103,0.9687,0.2213,0.994
22.463383984,0.0103,0.9667,0.2218,0.992
22.464875292,0.0112,0.9672,0.2206,0.992
22.466759369,0.0095,0.9667,0.2209,0.992
22.4687626,0.0098,0.9670,0.2218,0.992
22.470700407,0.0105,0.9657,0.2221,0.991
22.474626446,0.0107,0.9662,0.2233,0.992
22.47611533,0.0110,0.9665,0.2226,0.992
22.47793583,0.0105,0.9665,0.2223,0.992
22.479220676,0.0093,0.9670,0.2235,0.993
22.48084633,0.0095,0.9675,0.2223,0.993
22.482491676,0.0105,0.9679,0.2206,0.993
22.484631484,0.0112,0.9679,0.2218,0.993
22.486344484,0.0095,0.9672,0.2204,0.992
22.488634369,0.0083,0.9679,0.2221,0.993
22.492198253,0.0081,0.9694,0.2228,0.995
22.49372683,0.0093,0.9689,0.2216,0.994
22.495786061,0.0083,0.9687,0.2218,0.994
22.497174984,0.0088,0.9689,0.2211,0.994
22.498157253,0.0100,0.9701,0.2201,0.995
22.500425253,0.0112,0.9699,0.2206,0.995
22.502096061,0.0095,0.9709,0.2206,0.996
22.504310792,0.0093,0.9721,0.2196,0.997
22.515792676,0.0086,0.9716,0.2182,0.996
22.51726983,0.0083,0.9701,0.2174,0.994
22.518461946,0.0088,0.9699,0.2182,0.994
22.519466484,0.0093,0.9714,0.2182,0.996
22.5205791,0.0105,0.9714,0.2187,0.996
22.521618292,0.0112,0.9716,0.2179,0.996
22.522988407,0.0086,0.9723,0.2179,0.996
22.523485984,0.0086,0.9723,0.2191,0.997
22.523911984,0.0086,0.9721,0.2191,0.997
22.5243236,0.0076,0.9721,0.2187,0.996
22.5283066,0.0083,0.9723,0.2189,0.997
22.529127638,0.0086,0.9716,0.2179,0.996
22.530085138,0.0083,0.9719,0.2174,0.996
22.532059984,0.0086,0.9719,0.2172,0.996
22.5339426,0.0105,0.9723,0.2167,0.996
22.535867407,0.0103,0.9721,0.2169,0.996
22.537604176,0.0095,0.9728,0.2174,0.997
22.540682715,0.0086,0.9714,0.2187,0.996
22.541684484,0.0088,0.9721,0.2191,0.997
22.543612907,0.0093,0.9716,0.2194,0.996
22.545534638,0.0095,0.9714,0.2172,0.995
22.547668061,0.0100,0.9714,0.2177,0.996
22.549599061,0.0098,0.9723,0.2191,0.997
22.551755599,0.0115,0.9723,0.2196,0.997
22.553563869,0.0117,0.9706,0.2196,0.995
22.555649523,0.0112,0.9733,0.2194,0.998
22.557652446,0.0098,0.9731,0.2189,0.997
22.559424484,0.0090,0.9704,0.2194,0.995
22.561355369,0.0095,0.9699,0.2196,0.994
22.563408138,0.0110,0.9692,0.2204,0.994
22.565333176,0.0107,0.9701,0.2191,0.995
22.567565215,0.0107,0.9706,0.2204,0.995
22.569384176,0.0100,0.9709,0.2216,0.996
22.571409599,0.0103,0.9701,0.2196,0.995
22.574321215,0.0100,0.9711,0.2187,0.995
22.576365792,0.0110,0.9716,0.2221,0.997
22.577377138,0.0112,0.9711,0.2221,0.996
22.579491407,0.0103,0.9714,0.2209,0.996
22.58125133,0.0103,0.9711,0.2204,0.996
22.583391946,0.0100,0.9711,0.2209,0.996
22.585328176,0.0086,0.9697,0.2206,0.994
22.587562946,0.0107,0.9706,0.2204,0.995
22.589330984,0.0100,0.9699,0.2194,0.994
22.600418638,0.0086,0.9699,0.2216,0.995
22.601818792,0.0095,0.9709,0.2221,0.996
22.60294583,0.0098,0.9719,0.2206,0.997
22.604441253,0.0100,0.9728,0.2209,0.998
22.605528446,0.0103,0.9733,0.2213,0.998
22.607184446,0.0086,0.9714,0.2201,0.996
22.608770061,0.0083,0.9709,0.2191,0.995
22.610634484,0.0090,0.9723,0.2201,0.997
22.612023061,0.0103,0.9723,0.2184,0.997
22.613195792,0.0093,0.9721,0.2179,0.996
22.613991561,0.0086,0.9716,0.2160,0.995
22.61523133,0.0083,0.9721,0.2155,0.996
22.615997215,0.0086,0.9731,0.2152,0.997
22.617096869,0.0078,0.9714,0.2162,0.995
22.620212753,0.0076,0.9719,0.2165,0.996
22.621732792,0.0076,0.9728,0.2169,0.997
22.623115215,0.0081,0.9721,0.2157,0.996
22.628465215,0.0088,0.9721,0.2150,0.996
22.630024599,0.0078,0.9721,0.2152,0.996
22.631046561,0.0059,0.9719,0.2157,0.996
22.631884984,0.0054,0.9726,0.2167,0.996
22.633173561,0.0064,0.9723,0.2167,0.996
22.634846176,0.0068,0.9723,0.2179,0.996
22.636347715,0.0042,0.9714,0.2179,0.996
22.638519446,0.0054,0.9728,0.2194,0.997
22.641622907,0.0037,0.9733,0.2194,0.998
22.643338676,0.0032,0.9726,0.2177,0.997
22.644774138,0.0044,0.9721,0.2167,0.996
22.646483061,0.0042,0.9731,0.2147,0.996
22.648382176,0.0037,0.9721,0.2147,0.996
22.65047483,0.0029,0.9723,0.2145,0.996
22.65234533,0.0044,0.9706,0.2111,0.993
22.654074215,0.0044,0.9699,0.2074,0.992
22.656390638,0.0042,0.9692,0.2074,0.991
22.659388369,0.0044,0.9716,0.2050,0.993
22.660885099,0.0054,0.9726,0.2030,0.994
22.662195676,0.0056,0.9723,0.2040,0.994
22.664085061,0.0051,0.9723,0.2018,0.993
22.665995522,0.0046,0.9736,0.2018,0.994
22.66844583,0.0046,0.9753,0.2030,0.996
22.669942215,0.0039,0.9748,0.2038,0.996
22.672217253,0.0029,0.9750,0.2052,0.996
22.675560792,0.0042,0.9762,0.2103,0.999
22.677047369,0.0024,0.9758,0.2130,0.999
22.678569599,0.0017,0.9745,0.2169,0.998
22.679812176,0.0010,0.9736,0.2213,0.998
22.681754253,0.0017,0.9731,0.2218,0.998
22.684040869,0.0037,0.9748,0.2231,1.000
22.685740522,0.0051,0.9748,0.2245,1.000
22.687949599,0.0039,0.9736,0.2250,0.999
22.691369869,0.0061,0.9726,0.2267,0.999
22.692877484,0.0064,0.9721,0.2277,0.998
22.694290946,0.0049,0.9721,0.2306,0.999
22.695636061,0.0061,0.9723,0.2338,1.000
22.697652138,0.0061,0.9714,0.2345,0.999
22.699676869,0.0086,0.9697,0.2382,0.999
22.701682676,0.0083,0.9692,0.2397,0.998
22.703594676,0.0095,0.9684,0.2419,0.998
22.705706292,0.0120,0.9670,0.2438,0.997
22.716386869,0.0117,0.9672,0.2455,0.998
22.718056792,0.0107,0.9667,0.2470,0.998
22.719301869,0.0110,0.9655,0.2467,0.997
22.720351715,0.0105,0.9650,0.2472,0.996
22.721542253,0.0103,0.9655,0.2463,0.996
22.723348907,0.0095,0.9648,0.2453,0.996
22.724776484,0.0095,0.9645,0.2431,0.995
22.72609083,0.0100,0.9628,0.2384,0.992
22.726940407,0.0090,0.9628,0.2358,0.991
22.727240099,0.0100,0.9626,0.2296,0.990
22.727483715,0.0112,0.9626,0.2226,0.988
22.730088792,0.0120,0.9633,0.2196,0.988
22.731350446,0.0134,0.9635,0.2133,0.987
22.733607946,0.0125,0.9648,0.2096,0.987
22.735364715,0.0137,0.9653,0.2035,0.987
22.737256022,0.0137,0.9675,0.1964,0.987
22.739383292,0.0125,0.9692,0.1950,0.989
22.74152383,0.0125,0.9687,0.1910,0.987
22.743278946,0.0139,0.9706,0.1845,0.988
22.745063369,0.0132,0.9711,0.1830,0.988
22.747118715,0.0139,0.9743,0.1796,0.991
22.748979792,0.0149,0.9753,0.1786,0.992
22.751005061,0.0149,0.9762,0.1764,0.992
22.752998176,0.0139,0.9740,0.1759,0.990
22.754971138,0.0139,0.9753,0.1759,0.991
22.757749984,0.0164,0.9782,0.1786,0.995
22.759235638,0.0183,0.9782,0.1801,0.995
22.766988407,0.0200,0.9789,0.1825,0.996
22.767256984,0.0210,0.9806,0.1852,0.998
22.767491484,0.0222,0.9806,0.1874,0.999
22.76771733,0.0235,0.9814,0.1923,1.000
22.768985292,0.0239,0.9814,0.1972,1.001
22.771005292,0.0225,0.9821,0.2008,1.003
22.772966522,0.0193,0.9833,0.2064,1.005
22.775844792,0.0186,0.9831,0.2094,1.005
22.776696176,0.0188,0.9836,0.2152,1.007
22.778768907,0.0159,0.9831,0.2211,1.008
22.780573522,0.0144,0.9833,0.2243,1.009
22.782695869,0.0122,0.9831,0.2274,1.009
22.784680292,0.0088,0.9821,0.2331,1.009
22.787036907,0.0076,0.9816,0.2348,1.009
22.788787176,0.0039,0.9799,0.2389,1.009
22.798895061,0.0037,0.9784,0.2402,1.007
22.80039533,0.0010,0.9753,0.2438,1.005
22.801782407,0.0000,0.9753,0.2463,1.006
22.80297683,0.0000,0.9738,0.2470,1.005
22.804103753,-0.0012,0.9721,0.2475,1.003
22.805208907,-0.0022,0.9719,0.2477,1.003
22.806725869,-0.0022,0.9709,0.2470,1.002
22.807577599,-0.0022,0.9684,0.2441,0.999
22.80886183,-0.0015,0.9679,0.2446,0.998
22.814661522,0.0007,0.9662,0.2438,0.997
22.816135292,0.0022,0.9643,0.2402,0.994
22.817161022,0.0032,0.9640,0.2384,0.993
22.817945753,0.0051,0.9643,0.2355,0.993
22.819231907,0.0073,0.9645,0.2311,0.992
22.820322869,0.0088,0.9631,0.2299,0.990
22.821298522,0.0100,0.9638,0.2265,0.990
22.822999407,0.0110,0.9650,0.2250,0.991
22.825163061,0.0117,0.9650,0.2209,0.990
22.826674253,0.0132,0.9648,0.2177,0.989
22.829734369,0.0147,0.9643,0.2147,0.988
22.830623638,0.0186,0.9648,0.2111,0.988
22.832579407,0.0203,0.9645,0.2103,0.987
22.834249753,0.0222,0.9635,0.2074,0.986
22.836730484,0.0235,0.9643,0.2050,0.986
22.838261638,0.0247,0.9638,0.2038,0.985
22.841533061,0.0271,0.9628,0.2006,0.984
22.84275733,0.0264,0.9616,0.2006,0.983
22.844266753,0.0257,0.9618,0.2011,0.983
22.846337215,0.0266,0.9616,0.1989,0.982
22.848001599,0.0264,0.9609,0.1981,0.981
22.85020033,0.0274,0.9584,0.1994,0.979
22.852256984,0.0283,0.9577,0.2030,0.979
22.853944676,0.0291,0.9572,0.2052,0.979
22.855965522,0.0300,0.9562,0.2069,0.979
22.858343292,0.0298,0.9565,0.2074,0.979
22.861160945,0.0296,0.9552,0.2099,0.978
22.861959061,0.0286,0.9555,0.2133,0.979
22.863986484,0.0274,0.9543,0.2147,0.979
22.865804792,0.0279,0.9567,0.2169,0.981
22.867792984,0.0252,0.9577,0.2199,0.983
22.86952583,0.0254,0.9589,0.2228,0.985
22.871602407,0.0242,0.9584,0.2277,0.985
22.875224599,0.0230,0.9594,0.2289,0.987
22.876077176,0.0198,0.9609,0.2304,0.988
22.877499407,0.0188,0.9623,0.2331,0.990
22.879717868,0.0183,0.9616,0.2328,0.990
22.88137883,0.0169,0.9599,0.2355,0.988
22.883465945,0.0156,0.9596,0.2360,0.988
22.885360868,0.0120,0.9645,0.2380,0.994
22.887529445,0.0110,0.9660,0.2394,0.995
22.889639215,0.0098,0.9672,0.2397,0.997
22.894023715,0.0088,0.9679,0.2392,0.997
22.895778522,0.0068,0.9689,0.2394,0.998
22.896035445,0.0068,0.9689,0.2392,0.998
22.897221676,0.0064,0.9697,0.2365,0.998
22.899159522,0.0056,0.9692,0.2355,0.997
22.901102599,0.0034,0.9704,0.2328,0.998
22.903056715,0.0042,0.9719,0.2301,0.999
22.905013484,0.0039,0.9726,0.2282,0.999
22.90780733,0.0032,0.9709,0.2284,0.997
22.909132253,0.0029,0.9723,0.2274,0.999
22.914897561,0.0039,0.9719,0.2250,0.998
22.915154445,0.0049,0.9731,0.2218,0.998
22.915378638,0.0049,0.9731,0.2218,0.998
22.916748792,0.0032,0.9721,0.2209,0.997
22.918665599,0.0044,0.9723,0.2196,0.997
22.920645561,0.0046,0.9743,0.2157,0.998
22.922960753,0.0056,0.9753,0.2143,0.999
22.924823715,0.0056,0.9750,0.2135,0.998
22.927333061,0.0068,0.9748,0.2121,0.998
22.928752715,0.0056,0.9762,0.2113,0.999
22.930764445,0.0054,0.9760,0.2106,0.998
22.932739753,0.0064,0.9760,0.2106,0.998
22.934563753,0.0059,0.9765,0.2113,0.999
22.936721715,0.0061,0.9782,0.2084,1.000
22.938665868,0.0066,0.9792,0.2089,1.001
22.942342945,0.0064,0.9797,0.2094,1.002
22.943443022,0.0061,0.9787,0.2096,1.001
22.944618215,0.0071,0.9782,0.2111,1.001
22.946522522,0.0068,0.9789,0.2118,1.002
22.948603599,0.0073,0.9804,0.2135,1.003
22.950570176,0.0071,0.9799,0.2138,1.003
22.952736638,0.0066,0.9814,0.2133,1.004
22.954606522,0.0076,0.9821,0.2118,1.005
22.956923368,0.0083,0.9821,0.2121,1.005
22.959320099,0.0090,0.9828,0.2108,1.005
22.960645445,0.0086,0.9843,0.2113,1.007
22.962549676,0.0078,0.9853,0.2106,1.008
22.964694061,0.0088,0.9848,0.2101,1.007
22.966539753,0.0086,0.9838,0.2089,1.006
22.968601945,0.0071,0.9838,0.2077,1.006
22.970326176,0.0071,0.9826,0.2079,1.004
22.972519484,0.0066,0.9838,0.2077,1.006
22.97583533,0.0059,0.9843,0.2072,1.006
22.977530215,0.0046,0.9838,0.2062,1.005
22.978821215,0.0046,0.9824,0.2067,1.004
22.980095253,0.0049,0.9821,0.2035,1.003
22.982060984,0.0044,0.9816,0.2023,1.002
22.984156907,0.0037,0.9824,0.2035,1.003
22.985965368,0.0042,0.9809,0.2028,1.002
22.988317445,0.0051,0.9799,0.2028,1.001
22.990499215,0.0037,0.9777,0.2018,0.998
22.993738984,0.0042,0.9780,0.2020,0.999
22.995311561,0.0034,0.9770,0.2023,0.998
22.996462715,0.0042,0.9767,0.2042,0.998
22.998277868,0.0032,0.9760,0.2045,0.997
23.000152291,0.0022,0.9748,0.2062,0.996
23.002044291,0.0024,0.9728,0.2086,0.995
23.004177791,0.0022,0.9723,0.2091,0.995
23.005769407,0.0007,0.9731,0.2094,0.995
23.017238368,0.0022,0.9733,0.2106,0.996
23.019180522,0.0024,0.9714,0.2111,0.994
23.020459638,0.0015,0.9709,0.2145,0.994
23.021324022,0.0024,0.9709,0.2160,0.995
23.022307868,0.0034,0.9694,0.2167,0.993
23.023489022,0.0042,0.9692,0.2184,0.993
23.024732676,0.0037,0.9684,0.2199,0.993
23.025976907,0.0056,0.9694,0.2199,0.994
23.027184715,0.0059,0.9694,0.2191,0.994
23.028325676,0.0090,0.9667,0.2204,0.992
23.029476407,0.0093,0.9653,0.2213,0.990
23.03059433,0.0095,0.9645,0.2223,0.990
23.031646676,0.0100,0.9640,0.2238,0.990
23.034145445,0.0112,0.9650,0.2233,0.991
23.040120291,0.0122,0.9660,0.2223,0.991
23.041304676,0.0144,0.9643,0.2221,0.990
23.042331061,0.0151,0.9638,0.2228,0.989
23.043260407,0.0169,0.9635,0.2245,0.989
23.044116445,0.0181,0.9638,0.2245,0.990
23.046646561,0.0200,0.9638,0.2243,0.990
23.048108253,0.0222,0.9643,0.2233,0.990
23.049311676,0.0210,0.9638,0.2243,0.990
23.051525215,0.0215,0.9628,0.2231,0.989
23.053424868,0.0230,0.9623,0.2223,0.988
23.055190753,0.0225,0.9633,0.2231,0.989
23.058829561,0.0237,0.9633,0.2257,0.990
23.060253522,0.0227,0.9635,0.2260,0.990
23.061365445,0.0239,0.9650,0.2253,0.991
23.063254561,0.0237,0.9665,0.2253,0.993
23.065313868,0.0249,0.9667,0.2260,0.993
23.067383291,0.0239,0.9670,0.2284,0.994
23.06905333,0.0220,0.9662,0.2282,0.993
23.071009291,0.0217,0.9660,0.2279,0.993
23.072857945,0.0191,0.9662,0.2289,0.993
23.075859253,0.0193,0.9667,0.2299,0.994
23.077292291,0.0183,0.9679,0.2301,0.995
23.079326291,0.0173,0.9701,0.2301,0.997
23.080969484,0.0159,0.9701,0.2296,0.997
23.083128214,0.0154,0.9697,0.2296,0.997
23.085004138,0.0151,0.9721,0.2292,0.999
23.087036099,0.0137,0.9716,0.2294,0.998
23.088830599,0.0127,0.9743,0.2287,1.001
23.093519099,0.0127,0.9748,0.2274,1.001
23.095136099,0.0107,0.9762,0.2257,1.002
23.096140214,0.0093,0.9755,0.2255,1.001
23.097143984,0.0095,0.9772,0.2260,1.003
23.098648522,0.0071,0.9784,0.2226,1.003
23.100775753,0.0056,0.9782,0.2211,1.003
23.102758753,0.0056,0.9789,0.2209,1.004
23.104630676,0.0032,0.9767,0.2204,1.001
23.10667933,0.0027,0.9770,0.2199,1.001
23.116839868,0.0007,0.9792,0.2191,1.003
23.118319868,0.0002,0.9809,0.2189,1.005
23.119294753,0.0007,0.9811,0.2187,1.005
23.120246484,-0.0005,0.9797,0.2196,1.004
23.121300445,-0.0012,0.9777,0.2187,1.002
23.129327484,-0.0020,0.9787,0.2162,1.002
23.130863253,-0.0022,0.9770,0.2167,1.001
23.13165233,-0.0029,0.9770,0.2162,1.001
23.132536638,-0.0042,0.9772,0.2130,1.000
23.133601291,-0.0049,0.9772,0.2143,1.000
23.134853099,-0.0044,0.9762,0.2150,1.000
23.135970099,-0.0056,0.9760,0.2138,0.999
23.136965676,-0.0056,0.9748,0.2130,0.998
23.137629907,-0.0071,0.9748,0.2125,0.998
23.138538484,-0.0071,0.9743,0.2145,0.998
23.139305907,-0.0083,0.9736,0.2150,0.997
23.140138445,-0.0086,0.9728,0.2150,0.996
23.143068099,-0.0095,0.9706,0.2140,0.994
23.144537791,-0.0103,0.9704,0.2147,0.994
23.145949138,-0.0098,0.9692,0.2145,0.993
23.147956368,-0.0098,0.9697,0.2143,0.993
23.149816522,-0.0095,0.9692,0.2147,0.993
23.152039868,-0.0098,0.9684,0.2152,0.992
23.153822868,-0.0098,0.9682,0.2160,0.992
23.156019407,-0.0103,0.9675,0.2162,0.991
23.158491522,-0.0107,0.9689,0.2167,0.993
23.160050214,-0.0117,0.9679,0.2165,0.992
23.163169176,-0.0125,0.9679,0.2162,0.992
23.163946099,-0.0129,0.9675,0.2174,0.992
23.165876176,-0.0156,0.9672,0.2165,0.991
23.16776533,-0.0149,0.9677,0.2165,0.992
23.169612176,-0.0147,0.9679,0.2177,0.992
23.171699638,-0.0169,0.9667,0.2187,0.991
23.173812868,-0.0161,0.9657,0.2187,0.990
23.176233522,-0.0181,0.9645,0.2172,0.989
23.178322676,-0.0183,0.9672,0.2160,0.991
23.17970833,-0.0193,0.9667,0.2157,0.991
23.181561099,-0.0213,0.9670,0.2143,0.991
23.183590407,-0.0208,0.9677,0.2140,0.991
23.185434714,-0.0213,0.9677,0.2177,0.992
23.187456445,-0.0215,0.9682,0.2174,0.993
23.189247176,-0.0215,0.9675,0.2174,0.992
23.200176253,-0.0213,0.9670,0.2184,0.992
23.201387714,-0.0225,0.9697,0.2194,0.994
23.202188022,-0.0230,0.9697,0.2201,0.995
23.203141176,-0.0225,0.9709,0.2235,0.997
23.203920099,-0.0227,0.9699,0.2243,0.996
23.204782868,-0.0235,0.9687,0.2245,0.995
23.206676061,-0.0230,0.9714,0.2248,0.997
23.207810407,-0.0217,0.9714,0.2253,0.997
23.208883791,-0.0213,0.9704,0.2253,0.996
23.212713791,-0.0220,0.9704,0.2248,0.996
23.214166561,-0.0200,0.9697,0.2228,0.995
23.215363984,-0.0178,0.9689,0.2223,0.994
23.216188637,-0.0178,0.9684,0.2216,0.994
23.217483214,-0.0169,0.9701,0.2213,0.995
23.219444484,-0.0169,0.9711,0.2211,0.996
23.220723484,-0.0164,0.9709,0.2196,0.996
23.223011099,-0.0154,0.9721,0.2179,0.996
23.226125561,-0.0147,0.9738,0.2187,0.998
23.22767333,-0.0115,0.9753,0.2177,0.999
23.228827907,-0.0127,0.9753,0.2174,0.999
23.230845176,-0.0134,0.9758,0.2179,1.000
23.232805484,-0.0132,0.9745,0.2187,0.999
23.234643368,-0.0117,0.9758,0.2196,1.000
23.236729061,-0.0110,0.9762,0.2231,1.001
23.238874407,-0.0100,0.9777,0.2253,1.003
23.241183907,-0.0098,0.9789,0.2255,1.005
23.242719137,-0.0081,0.9784,0.2274,1.005
23.245902637,-0.0066,0.9792,0.2284,1.005
23.247917945,-0.0056,0.9794,0.2292,1.006
23.249295176,-0.0039,0.9799,0.2296,1.006
23.250827445,-0.0015,0.9792,0.2301,1.006
23.252689753,0.0007,0.9775,0.2326,1.005
23.254570868,0.0034,0.9765,0.2353,1.004
23.256850753,0.0029,0.9775,0.2365,1.006
23.258573753,0.0042,0.9762,0.2380,1.005
23.261883176,0.0066,0.9760,0.2394,1.005
23.263576176,0.0076,0.9758,0.2406,1.005
23.265044561,0.0076,0.9755,0.2438,1.006
23.266917522,0.0093,0.9743,0.2453,1.005
23.268469291,0.0115,0.9728,0.2467,1.004
23.270207253,0.0147,0.9711,0.2492,1.003
23.272272099,0.0149,0.9714,0.2514,1.003
23.274316137,0.0144,0.9711,0.2516,1.003
23.277408407,0.0147,0.9711,0.2507,1.003
23.279085637,0.0159,0.9684,0.2494,1.000
23.280777945,0.0154,0.9672,0.2492,0.999
23.282285484,0.0154,0.9670,0.2467,0.998
23.284263907,0.0173,0.9672,0.2428,0.997
23.286135945,0.0169,0.9670,0.2375,0.996
23.288408561,0.0176,0.9670,0.2358,0.995
23.289890945,0.0183,0.9665,0.2309,0.994
23.293124368,0.0171,0.9665,0.2284,0.993
23.294820714,0.0142,0.9667,0.2213,0.992
23.296598137,0.0134,0.9677,0.2167,0.992
23.298157099,0.0137,0.9684,0.2133,0.992
23.300054445,0.0134,0.9694,0.2081,0.992
23.301893714,0.0107,0.9694,0.2040,0.991
23.304294599,0.0120,0.9692,0.2011,0.990
23.306028253,0.0110,0.9706,0.1979,0.991
23.309401676,0.0110,0.9716,0.1954,0.991
23.310849022,0.0086,0.9731,0.1910,0.992
23.31188033,0.0088,0.9728,0.1893,0.991
23.321089407,0.0088,0.9728,0.1884,0.991
23.321946984,0.0093,0.9750,0.1876,0.993
23.322436484,0.0095,0.9755,0.1874,0.993
23.322856484,0.0081,0.9758,0.1891,0.994
23.32326533,0.0081,0.9772,0.1908,0.996
23.335210984,0.0073,0.9770,0.1932,0.996
23.336034637,0.0081,0.9780,0.1932,0.997
23.336466176,0.0090,0.9782,0.1964,0.998
23.336880176,0.0090,0.9775,0.1986,0.997
23.337281714,0.0078,0.9760,0.2040,0.997
23.33767456,0.0088,0.9765,0.2060,0.998
23.33808756,0.0083,0.9767,0.2084,0.999
23.338568868,0.0068,0.9753,0.2133,0.998
23.339487637,0.0056,0.9750,0.2167,0.999
23.344260522,0.0051,0.9738,0.2221,0.999
23.344963753,0.0017,0.9731,0.2245,0.999
23.345387022,0.0007,0.9723,0.2284,0.999
23.347840022,-0.0010,0.9709,0.2318,0.998
23.349295484,-0.0024,0.9699,0.2343,0.998
23.35169606,-0.0061,0.9701,0.2382,0.999
23.352970714,-0.0076,0.9699,0.2431,1.000
23.355189291,-0.0083,0.9679,0.2443,0.998
23.357107791,-0.0112,0.9672,0.2460,0.998
23.359797137,-0.0120,0.9665,0.2458,0.997
23.361590522,-0.0161,0.9653,0.2487,0.997
23.363552676,-0.0169,0.9628,0.2526,0.996
23.364875753,-0.0164,0.9633,0.2529,0.996
23.367461484,-0.0149,0.9631,0.2548,0.996
23.369051676,-0.0147,0.9631,0.2548,0.996
23.371823407,-0.0176,0.9638,0.2521,0.996
23.373090137,-0.0193,0.9626,0.2499,0.995
23.376627984,-0.0181,0.9633,0.2477,0.995
23.377393022,-0.0149,0.9653,0.2467,0.996
23.378916099,-0.0139,0.9653,0.2455,0.996
23.380984714,-0.0139,0.9655,0.2431,0.996
23.382924599,-0.0129,0.9662,0.2397,0.996
23.384665099,-0.0110,0.9665,0.2375,0.995
23.387577599,-0.0105,0.9657,0.2333,0.994
23.388740176,-0.0088,0.9662,0.2304,0.993
23.390783676,-0.0076,0.9665,0.2292,0.993
23.393625945,-0.0059,0.9672,0.2277,0.994
23.394530945,-0.0054,0.9677,0.2250,0.994
23.396746907,-0.0046,0.9687,0.2213,0.994
23.398537137,-0.0020,0.9697,0.2206,0.994
23.400807714,-0.0012,0.9697,0.2194,0.994
23.402505983,0.0015,0.9714,0.2177,0.995
23.404525791,0.0022,0.9721,0.2174,0.996
23.406726445,0.0044,0.9728,0.2135,0.996
23.417333407,0.0024,0.9721,0.2125,0.995
23.419069214,0.0044,0.9721,0.2121,0.995
23.420181407,0.0066,0.9711,0.2125,0.994
23.421217983,0.0090,0.9719,0.2130,0.995
23.422604368,0.0098,0.9726,0.2138,0.996
23.423811945,0.0105,0.9709,0.2133,0.994
23.425041214,0.0122,0.9709,0.2150,0.994
23.42631456,0.0117,0.9694,0.2155,0.993
23.427621714,0.0112,0.9704,0.2187,0.995
23.428735676,0.0117,0.9719,0.2194,0.996
23.429663599,0.0132,0.9714,0.2216,0.996
23.430674022,0.0120,0.9709,0.2226,0.996
23.433390753,0.0117,0.9719,0.2221,0.997
23.435047407,0.0134,0.9719,0.2272,0.998
23.44012606,0.0132,0.9723,0.2282,0.999
23.441271983,0.0139,0.9719,0.2296,0.999
23.442269445,0.0147,0.9711,0.2314,0.998
23.443464099,0.0154,0.9716,0.2314,0.999
23.446459022,0.0156,0.9728,0.2328,1.000
23.447939176,0.0134,0.9721,0.2355,1.000
23.452473791,0.0142,0.9721,0.2362,1.000
23.45351883,0.0129,0.9736,0.2382,1.002
23.454295868,0.0120,0.9748,0.2392,1.004
23.455193907,0.0137,0.9750,0.2404,1.004
23.456103983,0.0144,0.9748,0.2392,1.004
23.458051868,0.0139,0.9738,0.2402,1.003
23.461209368,0.0142,0.9745,0.2402,1.004
23.462826099,0.0117,0.9750,0.2406,1.004
23.464018368,0.0129,0.9736,0.2406,1.003
23.465977214,0.0134,0.9736,0.2394,1.003
23.467644099,0.0134,0.9733,0.2389,1.002
23.469656714,0.0129,0.9723,0.2375,1.001
23.471714753,0.0117,0.9714,0.2372,1.000
23.473547445,0.0134,0.9709,0.2362,0.999
23.476756868,0.0142,0.9719,0.2338,1.000
23.478291676,0.0129,0.9714,0.2323,0.999
23.479805637,0.0129,0.9716,0.2296,0.998
23.48170406,0.0137,0.9706,0.2299,0.998
23.48369306,0.0132,0.9704,0.2289,0.997
23.485583176,0.0120,0.9697,0.2257,0.996
23.487424368,0.0132,0.9692,0.2253,0.995
23.489329253,0.0147,0.9701,0.2243,0.996
23.491722022,0.0154,0.9697,0.2255,0.996
23.494605253,0.0156,0.9677,0.2243,0.993
23.496147176,0.0154,0.9682,0.2211,0.993
23.497270907,0.0147,0.9687,0.2223,0.994
23.499223945,0.0142,0.9689,0.2226,0.994
23.501100868,0.0142,0.9679,0.2223,0.993
23.503103022,0.0137,0.9667,0.2221,0.992
23.505157637,0.0137,0.9667,0.2233,0.992
23.507133676,0.0132,0.9667,0.2238,0.992
23.516714214,0.0127,0.9670,0.2233,0.992
23.517523291,0.0134,0.9660,0.2233,0.992
23.517945906,0.0139,0.9679,0.2223,0.993
23.518441406,0.0132,0.9679,0.2231,0.993
23.518854406,0.0127,0.9672,0.2250,0.993
23.522698445,0.0117,0.9675,0.2257,0.994
23.523345906,0.0127,0.9697,0.2267,0.996
23.523770406,0.0132,0.9687,0.2253,0.995
23.524837406,0.0129,0.9677,0.2248,0.994
23.528057214,0.0129,0.9679,0.2260,0.994
23.528922291,0.0107,0.9677,0.2260,0.994
23.530833214,0.0098,0.9692,0.2265,0.995
23.532947791,0.0093,0.9697,0.2265,0.996
23.534496291,0.0081,0.9697,0.2267,0.996
23.536644099,0.0064,0.9704,0.2270,0.997
23.538384868,0.0046,0.9716,0.2272,0.998
23.540598099,0.0042,0.9719,0.2255,0.998
23.54290083,0.0017,0.9733,0.2262,0.999
23.54529433,0.0000,0.9728,0.2257,0.999
23.54649433,-0.0012,0.9721,0.2260,0.998
23.548539099,-0.0022,0.9711,0.2265,0.997
23.550390753,-0.0024,0.9706,0.2265,0.997
23.552788445,-0.0034,0.9709,0.2265,0.997
23.554078676,-0.0039,0.9704,0.2270,0.997
23.556266214,-0.0049,0.9714,0.2248,0.997
23.558082176,-0.0037,0.9719,0.2238,0.997
23.561410406,-0.0027,0.9723,0.2245,0.998
23.561960753,-0.0027,0.9716,0.2253,0.997
23.564064291,-0.0029,0.9719,0.2265,0.998
23.565889676,-0.0044,0.9716,0.2265,0.998
23.568057906,-0.0037,0.9719,0.2265,0.998
23.569660983,-0.0034,0.9716,0.2267,0.998
23.572081176,-0.0034,0.9719,0.2270,0.998
23.573776022,-0.0027,0.9714,0.2274,0.998
23.576223906,-0.0020,0.9714,0.2274,0.998
23.578114714,-0.0029,0.9711,0.2260,0.997
23.58009833,-0.0022,0.9709,0.2257,0.997
23.581610714,-0.0007,0.9726,0.2272,0.999
23.583624983,0.0012,0.9704,0.2279,0.997
23.585518676,0.0020,0.9701,0.2292,0.997
23.587698753,0.0017,0.9692,0.2299,0.996
23.589433445,0.0032,0.9692,0.2299,0.996
23.60003456,0.0034,0.9682,0.2301,0.995
23.601026406,0.0039,0.9670,0.2299,0.994
23.601789522,0.0049,0.9662,0.2296,0.993
23.602527791,0.0049,0.9662,0.2296,0.993
23.60316606,0.0056,0.9653,0.2279,0.992
23.603885791,0.0066,0.9660,0.2279,0.993
23.60583606,0.0073,0.9670,0.2289,0.994
23.606550637,0.0071,0.9670,0.2301,0.994
23.607603406,0.0095,0.9662,0.2289,0.993
23.611988176,0.0110,0.9662,0.2279,0.993
23.613321599,0.0105,0.9665,0.2282,0.993
23.614132176,0.0105,0.9655,0.2294,0.992
23.615825714,0.0110,0.9655,0.2304,0.993
23.617421983,0.0112,0.9648,0.2309,0.992
23.619577368,0.0117,0.9648,0.2316,0.992
23.621223176,0.0112,0.9650,0.2311,0.992
23.623287253,0.0137,0.9648,0.2292,0.992
23.626682214,0.0142,0.9648,0.2296,0.992
23.628105099,0.0154,0.9640,0.2316,0.992
23.633007868,0.0154,0.9640,0.2336,0.992
23.633966291,0.0161,0.9643,0.2328,0.992
23.635099945,0.0166,0.9648,0.2326,0.993
23.635922291,0.0149,0.9657,0.2340,0.994
23.637276483,0.0151,0.9655,0.2338,0.994
23.639116714,0.0171,0.9662,0.2316,0.994
23.641192522,0.0176,0.9655,0.2321,0.993
23.644083829,0.0183,0.9662,0.2331,0.994
23.645595022,0.0178,0.9655,0.2321,0.993
23.647333483,0.0169,0.9650,0.2318,0.993
23.649093983,0.0176,0.9660,0.2323,0.994
23.651056406,0.0176,0.9665,0.2323,0.994
23.652870099,0.0166,0.9667,0.2318,0.994
23.655076368,0.0169,0.9675,0.2304,0.995
23.657393945,0.0159,0.9675,0.2323,0.995
23.659128483,0.0154,0.9665,0.2323,0.994
23.662814791,0.0159,0.9662,0.2333,0.994
23.664775983,0.0147,0.9655,0.2336,0.993
23.666438906,0.0144,0.9665,0.2345,0.995
23.667830368,0.0139,0.9662,0.2340,0.994
23.669123483,0.0132,0.9662,0.2331,0.994
23.670923945,0.0129,0.9665,0.2326,0.994
23.672822214,0.0105,0.9670,0.2350,0.995
23.675140868,0.0098,0.9672,0.2345,0.995
23.677772868,0.0088,0.9670,0.2348,0.995
23.67917306,0.0098,0.9665,0.2355,0.995
23.681688291,0.0093,0.9662,0.2360,0.995
23.683178829,0.0098,0.9670,0.2365,0.996
23.684627137,0.0090,0.9667,0.2365,0.995
23.686666483,0.0073,0.9662,0.2377,0.995
23.688509483,0.0083,0.9677,0.2382,0.997
23.690547214,0.0076,0.9679,0.2372,0.997
23.694008945,0.0081,0.9657,0.2360,0.994
23.695524945,0.0071,0.9662,0.2367,0.995
23.696714599,0.0054,0.9675,0.2384,0.996
23.698515868,0.0061,0.9677,0.2377,0.996
23.700443599,0.0061,0.9677,0.2380,0.997
23.702580253,0.0056,0.9667,0.2387,0.996
23.704488176,0.0061,0.9670,0.2375,0.996
23.70648106,0.0066,0.9660,0.2372,0.995
23.709492445,0.0044,0.9662,0.2360,0.995
23.718437368,0.0044,0.9662,0.2365,0.995
23.719037291,0.0037,0.9665,0.2402,0.996
23.719280906,0.0056,0.9662,0.2375,0.995
23.719508714,0.0059,0.9662,0.2372,0.995
23.719737099,0.0039,0.9657,0.2380,0.995
23.720144791,0.0024,0.9653,0.2372,0.994
23.724483753,0.0032,0.9653,0.2380,0.994
23.724786868,0.0034,0.9662,0.2372,0.995
23.73138306,0.0032,0.9657,0.2375,0.995
23.731832983,0.0039,0.9660,0.2370,0.995
23.732126406,0.0027,0.9665,0.2360,0.995
23.732352137,0.0022,0.9660,0.2350,0.994
23.733984214,0.0037,0.9665,0.2336,0.994
23.736098945,0.0027,0.9660,0.2343,0.994
23.737886445,0.0037,0.9657,0.2340,0.994
23.739888445,0.0044,0.9677,0.2333,0.995
23.743033906,0.0034,0.9679,0.2336,0.996
23.744659829,0.0034,0.9682,0.2336,0.996
23.745663406,0.0024,0.9672,0.2340,0.995
23.748082791,0.0027,0.9670,0.2336,0.995
23.749695176,0.0032,0.9684,0.2333,0.996
23.751941637,0.0029,0.9684,0.2343,0.996
23.753850676,0.0012,0.9682,0.2358,0.996
23.75557806,-0.0010,0.9677,0.2370,0.996
23.757557522,-0.0007,0.9689,0.2370,0.997
23.759802906,0.0012,0.9672,0.2367,0.996
23.761590522,0.0012,0.9675,0.2353,0.996
23.76388256,0.0000,0.9687,0.2348,0.997
23.765603483,-0.0015,0.9694,0.2362,0.998
23.767661868,-0.0027,0.9687,0.2348,0.997
23.769485291,0.0005,0.9657,0.2326,0.993
23.771478906,0.0005,0.9657,0.2296,0.993
23.773488445,-0.0005,0.9657,0.2296,0.993
23.777162637,-0.0002,0.9665,0.2257,0.992
23.778346637,0.0000,0.9672,0.2250,0.993
23.779336868,0.0005,0.9670,0.2228,0.992
23.781480791,-0.0017,0.9682,0.2216,0.993
23.783544522,-0.0010,0.9684,0.2206,0.993
23.785366483,-0.0010,0.9699,0.2199,0.995
23.787470137,-0.0002,0.9699,0.2206,0.995
23.789353291,0.0002,0.9711,0.2199,0.996
23.791480291,-0.0017,0.9704,0.2226,0.996
23.793414137,-0.0022,0.9709,0.2235,0.996
23.795298676,-0.0032,0.9704,0.2255,0.996
23.797141137,-0.0022,0.9706,0.2267,0.997
23.799438214,-0.0020,0.9704,0.2284,0.997
23.801555714,-0.0020,0.9711,0.2296,0.998
23.803071291,-0.0020,0.9719,0.2309,0.999
23.80509406,0.0010,0.9726,0.2331,1.000
23.806970406,0.0022,0.9714,0.2353,0.999
23.812734906,0.0015,0.9704,0.2367,0.999
23.813307483,0.0007,0.9706,0.2384,0.999
23.813555676,0.0020,0.9701,0.2421,1.000
23.815052406,0.0029,0.9704,0.2433,1.000
23.816790522,0.0032,0.9697,0.2467,1.001
23.81888606,0.0044,0.9697,0.2482,1.001
23.820930599,0.0044,0.9697,0.2521,1.002
23.823059676,0.0056,0.9675,0.2563,1.001
23.824998329,0.0059,0.9672,0.2577,1.001
23.827028368,0.0073,0.9660,0.2587,1.000
23.828890099,0.0073,0.9665,0.2602,1.001
23.830757714,0.0083,0.9660,0.2604,1.001
23.832817945,0.0083,0.9648,0.2580,0.999
23.834851291,0.0088,0.9645,0.2595,0.999
23.836598868,0.0086,0.9631,0.2604,0.998
23.838564214,0.0100,0.9626,0.2607,0.997
23.84078356,0.0112,0.9616,0.2599,0.996
23.843387022,0.0100,0.9611,0.2575,0.995
23.844761983,0.0090,0.9609,0.2546,0.994
23.846563175,0.0078,0.9609,0.2499,0.993
23.848529137,0.0073,0.9609,0.2453,0.992
23.850518637,0.0059,0.9616,0.2428,0.992
23.852620868,0.0054,0.9606,0.2375,0.990
23.854998022,0.0056,0.9621,0.2316,0.990
23.856632291,0.0059,0.9623,0.2294,0.989
23.858663906,0.0039,0.9621,0.2223,0.987
23.861952637,0.0034,0.9626,0.2201,0.987
23.863162522,0.0002,0.9653,0.2172,0.989
23.865542945,0.0012,0.9665,0.2133,0.990
23.86652156,0.0002,0.9665,0.2118,0.989
23.868434637,-0.0002,0.9672,0.2089,0.990
23.870192906,-0.0005,0.9682,0.2067,0.990
23.872357291,-0.0005,0.9692,0.2055,0.991
23.874129675,-0.0010,0.9706,0.2060,0.992
23.877759675,-0.0007,0.9714,0.2060,0.993
23.879235637,-0.0002,0.9709,0.2067,0.993
23.880695791,0.0002,0.9711,0.2047,0.992
23.882693291,0.0017,0.9721,0.2045,0.993
23.884108599,0.0020,0.9738,0.2081,0.996
23.885936368,0.0022,0.9750,0.2084,0.997
23.888171675,0.0012,0.9748,0.2108,0.997
23.889960868,0.0029,0.9755,0.2145,0.999
23.892441714,0.0034,0.9762,0.2177,1.000
23.895666637,0.0042,0.9731,0.2223,0.998
23.897320483,0.0054,0.9714,0.2265,0.997
23.898873983,0.0059,0.9709,0.2294,0.998
23.900779714,0.0037,0.9694,0.2336,0.997
23.902163868,0.0042,0.9701,0.2348,0.998
23.904239252,0.0022,0.9704,0.2394,0.999
23.905811099,0.0015,0.9682,0.2428,0.998
23.908223983,0.0024,0.9682,0.2450,0.999
23.921114714,0.0024,0.9667,0.2499,0.999
23.922902368,-0.0005,0.9667,0.2511,0.999
23.923928714,-0.0010,0.9667,0.2526,0.999
23.925039714,-0.0037,0.9655,0.2548,0.999
23.926544637,-0.0046,0.9645,0.2560,0.998
23.928290137,-0.0071,0.9621,0.2585,0.996
23.929877945,-0.0086,0.9623,0.2599,0.997
23.931531714,-0.0078,0.9628,0.2597,0.997
23.93304756,-0.0090,0.9613,0.2614,0.996
23.934305252,-0.0086,0.9606,0.2604,0.995
23.935381829,-0.0071,0.9604,0.2590,0.995
23.936410752,-0.0086,0.9633,0.2580,0.997
23.937202945,-0.0090,0.9643,0.2582,0.998
23.938275368,-0.0095,0.9645,0.2555,0.998
23.939502099,-0.0081,0.9633,0.2541,0.996
23.940520714,-0.0081,0.9640,0.2524,0.997
23.941461791,-0.0073,0.9653,0.2529,0.998
23.944830406,-0.0061,0.9657,0.2507,0.998
23.946487675,-0.0064,0.9648,0.2485,0.996
23.94760756,-0.0029,0.9645,0.2436,0.995
23.94951206,-0.0010,0.9657,0.2421,0.996
23.951385714,-0.0005,0.9670,0.2389,0.996
23.953156022,0.0007,0.9682,0.2372,0.997
23.955424214,0.0010,0.9682,0.2362,0.997
23.957119906,0.0032,0.9687,0.2345,0.997
23.960814406,0.0039,0.9701,0.2326,0.998
23.962280022,0.0029,0.9719,0.2287,0.998
23.963507983,0.0046,0.9704,0.2279,0.997
23.964961368,0.0056,0.9704,0.2270,0.997
23.967092214,0.0066,0.9701,0.2257,0.996
23.968928906,0.0071,0.9706,0.2257,0.997
23.971039522,0.0076,0.9699,0.2257,0.996
23.973028022,0.0061,0.9701,0.2272,0.996
23.974866098,0.0071,0.9697,0.2282,0.996
23.978180868,0.0093,0.9697,0.2292,0.996
23.979966406,0.0090,0.9704,0.2296,0.997
23.981054598,0.0098,0.9711,0.2304,0.998
23.983100445,0.0105,0.9714,0.2314,0.999
23.984714368,0.0098,0.9711,0.2333,0.999
23.986747175,0.0095,0.9684,0.2362,0.997
23.995028406,0.0100,0.9684,0.2389,0.998
23.996212329,0.0093,0.9694,0.2399,0.999
23.997498022,0.0088,0.9714,0.2416,1.001
23.998955714,0.0088,0.9701,0.2438,1.000
23.999743291,0.0090,0.9694,0.2448,1.000
24.000801406,0.0076,0.9714,0.2467,1.002
24.001562714,0.0068,0.9711,0.2475,1.002
24.002638637,0.0073,0.9721,0.2487,1.003
24.004696714,0.0088,0.9733,0.2497,1.005
24.006609445,0.0086,0.9738,0.2504,1.006
24.008840522,0.0081,0.9731,0.2511,1.005
24.018894714,0.0086,0.9736,0.2504,1.005
24.020322675,0.0081,0.9728,0.2509,1.005
24.021280291,0.0064,0.9716,0.2497,1.003
24.022296483,0.0076,0.9723,0.2507,1.004
24.023434522,0.0068,0.9723,0.2504,1.004
24.024778868,0.0076,0.9745,0.2507,1.006
24.026629522,0.0081,0.9740,0.2494,1.006
24.02712356,0.0081,0.9721,0.2487,1.003
24.027374868,0.0088,0.9721,0.2467,1.003
24.030707483,0.0095,0.9706,0.2453,1.001
24.031164445,0.0088,0.9704,0.2424,1.000
24.032444483,0.0090,0.9701,0.2421,1.000
24.034179829,0.0083,0.9684,0.2389,0.998
24.036268598,0.0098,0.9687,0.2365,0.997
24.038667252,0.0093,0.9682,0.2355,0.996
24.040165291,0.0086,0.9670,0.2328,0.995
24.041982406,0.0090,0.9667,0.2331,0.994
24.044358445,0.0095,0.9665,0.2340,0.994
24.046097945,0.0095,0.9665,0.2321,0.994
24.048088983,0.0083,0.9670,0.2299,0.994
24.050036829,0.0095,0.9682,0.2294,0.995
24.052009021,0.0095,0.9650,0.2294,0.992
24.053999598,0.0105,0.9643,0.2287,0.991
24.056146368,0.0103,0.9648,0.2284,0.991
24.058007945,0.0098,0.9655,0.2289,0.992
24.060419214,0.0100,0.9635,0.2289,0.990
24.062581252,0.0073,0.9631,0.2301,0.990
24.063947791,0.0076,0.9635,0.2314,0.991
24.065671714,0.0066,0.9645,0.2328,0.992
24.067870752,0.0073,0.9643,0.2333,0.992
24.069687252,0.0071,0.9648,0.2336,0.993
24.072172983,0.0068,0.9645,0.2353,0.993
24.073745945,0.0073,0.9633,0.2370,0.992
24.076146868,0.0083,0.9638,0.2375,0.993
24.07868906,0.0081,0.9643,0.2389,0.993
24.079992021,0.0081,0.9631,0.2394,0.992
24.081836483,0.0081,0.9655,0.2399,0.995
24.083644945,0.0078,0.9655,0.2402,0.995
24.08556256,0.0076,0.9653,0.2402,0.995
24.087639291,0.0054,0.9635,0.2382,0.993
24.089489021,0.0056,0.9638,0.2377,0.993
24.091536598,0.0049,0.9653,0.2389,0.994
24.094177906,0.0034,0.9660,0.2394,0.995
24.09585656,0.0024,0.9670,0.2416,0.997
24.098072714,0.0005,0.9660,0.2424,0.996
24.099700983,-0.0002,0.9650,0.2436,0.995
24.101362868,-0.0007,0.9648,0.2409,0.994
24.103404021,-0.0044,0.9672,0.2421,0.997
24.105347945,-0.0049,0.9667,0.2421,0.997
24.107261521,-0.0054,0.9662,0.2406,0.996
24.117929214,-0.0059,0.9665,0.2399,0.996
24.119511291,-0.0051,0.9667,0.2404,0.996
24.120448175,-0.0042,0.9670,0.2402,0.996
24.121445521,-0.0046,0.9682,0.2387,0.997
24.122606983,-0.0056,0.9689,0.2384,0.998
24.123679752,-0.0066,0.9687,0.2380,0.997
24.130296752,-0.0081,0.9677,0.2365,0.996
24.13190006,-0.0066,0.9682,0.2345,0.996
24.132838406,-0.0059,0.9682,0.2348,0.996
24.133658291,-0.0066,0.9682,0.2350,0.996
24.134734906,-0.0068,0.9684,0.2333,0.996
24.135795714,-0.0066,0.9689,0.2331,0.997
24.136960445,-0.0066,0.9699,0.2331,0.998
24.137789637,-0.0059,0.9704,0.2348,0.998
24.138574637,-0.0059,0.9692,0.2343,0.997
24.139442214,-0.0066,0.9706,0.2336,0.998
24.141176598,-0.0056,0.9701,0.2336,0.998
24.144034329,-0.0054,0.9689,0.2343,0.997
24.144927521,-0.0037,0.9697,0.2340,0.998
24.146724637,-0.0029,0.9699,0.2343,0.998
24.148851752,-0.0034,0.9694,0.2338,0.997
24.150641368,-0.0049,0.9684,0.2343,0.996
24.153123368,-0.0027,0.9677,0.2333,0.995
24.154639175,-0.0010,0.9684,0.2336,0.996
24.156460291,-0.0010,0.9682,0.2338,0.996
24.158406637,-0.0010,0.9684,0.2338,0.996
24.161161906,-0.0002,0.9689,0.2343,0.997
24.162458021,0.0000,0.9679,0.2345,0.996
24.164468944,0.0012,0.9665,0.2343,0.994
24.166300906,0.0012,0.9660,0.2340,0.994
24.168481098,0.0020,0.9655,0.2345,0.994
24.170236829,0.0027,0.9660,0.2340,0.994
24.172382483,0.0034,0.9655,0.2338,0.993
24.174252406,0.0032,0.9655,0.2328,0.993
24.177292598,0.0042,0.9650,0.2353,0.993
24.179151637,0.0046,0.9655,0.2353,0.994
24.180372214,0.0034,0.9657,0.2333,0.994
24.182223791,0.0029,0.9653,0.2338,0.993
24.184410675,0.0044,0.9657,0.2328,0.993
24.186425521,0.0032,0.9660,0.2343,0.994
24.188448829,0.0032,0.9660,0.2353,0.994
24.190476598,0.0046,0.9667,0.2355,0.995
24.19245956,0.0046,0.9653,0.2348,0.993
24.195598944,0.0042,0.9655,0.2345,0.994
24.196995714,0.0049,0.9665,0.2340,0.994
24.198682406,0.0037,0.9667,0.2336,0.995
24.200468291,0.0029,0.9677,0.2358,0.996
24.202207483,0.0017,0.9667,0.2343,0.995
24.204366791,0.0027,0.9662,0.2348,0.994
24.20596656,0.0029,0.9675,0.2355,0.996
24.208062521,0.0044,0.9672,0.2353,0.995
24.217517637,0.0049,0.9684,0.2355,0.997
24.219059137,0.0049,0.9689,0.2353,0.997
24.220118444,0.0044,0.9679,0.2343,0.996
24.220993944,0.0039,0.9684,0.2355,0.997
24.222115675,0.0042,0.9667,0.2360,0.995
24.223324983,0.0042,0.9660,0.2358,0.994
24.22443656,0.0034,0.9665,0.2358,0.995
24.228309406,0.0044,0.9662,0.2367,0.995
24.229810291,0.0027,0.9670,0.2365,0.995
24.230975714,0.0022,0.9687,0.2372,0.997
24.232024368,0.0027,0.9682,0.2370,0.997
24.23323456,0.0022,0.9672,0.2377,0.996
24.234702752,0.0012,0.9677,0.2377,0.996
24.235796598,0.0017,0.9679,0.2377,0.997
24.237712598,0.0015,0.9687,0.2387,0.998
24.239701983,-0.0002,0.9699,0.2384,0.999
24.241627598,0.0024,0.9699,0.2380,0.999
24.244617252,0.0029,0.9682,0.2370,0.997
24.245659444,0.0032,0.9679,0.2375,0.997
24.247836752,0.0044,0.9679,0.2387,0.997
24.249499944,0.0042,0.9679,0.2384,0.997
24.25162856,0.0037,0.9679,0.2397,0.997
24.25348456,0.0037,0.9684,0.2406,0.998
24.255685444,0.0029,0.9677,0.2399,0.997
24.257459637,0.0037,0.9660,0.2399,0.995
24.259491983,0.0046,0.9667,0.2409,0.996
24.261519214,0.0039,0.9672,0.2406,0.997
24.263481752,0.0051,0.9667,0.2397,0.996
24.265528214,0.0046,0.9670,0.2389,0.996
24.267487867,0.0054,0.9672,0.2399,0.997
24.269253291,0.0049,0.9679,0.2409,0.997
24.271372521,0.0046,0.9679,0.2406,0.997
24.27297456,0.0037,0.9675,0.2399,0.997
24.275316483,0.0049,0.9677,0.2411,0.997
24.277775944,0.0051,0.9675,0.2416,0.997
24.279368983,0.0051,0.9655,0.2426,0.996
24.28108156,0.0061,0.9645,0.2421,0.994
24.28323356,0.0051,0.9655,0.2406,0.995
24.285292483,0.0064,0.9670,0.2409,0.997
24.287385867,0.0056,0.9670,0.2411,0.997
24.289118637,0.0056,0.9655,0.2399,0.995
24.291238714,0.0071,0.9660,0.2392,0.995
24.294482906,0.0068,0.9660,0.2406,0.996
24.295745521,0.0068,0.9660,0.2411,0.996
24.29686306,0.0059,0.9660,0.2409,0.996
24.299067252,0.0068,0.9655,0.2397,0.995
24.30078706,0.0059,0.9643,0.2394,0.994
24.302965137,0.0061,0.9640,0.2394,0.993
24.304897021,0.0066,0.9648,0.2406,0.994
24.307106252,0.0086,0.9638,0.2404,0.993
24.309451675,0.0090,0.9648,0.2406,0.994
24.311185137,0.0088,0.9648,0.2416,0.995
24.320076175,0.0086,0.9645,0.2414,0.994
24.321246329,0.0042,0.9650,0.2419,0.995
24.322447944,0.0012,0.9660,0.2428,0.996
24.323251406,0.0010,0.9662,0.2428,0.996
24.324097637,0.0000,0.9660,0.2433,0.996
24.325108175,0.0002,0.9657,0.2438,0.996
24.326663637,-0.0005,0.9675,0.2419,0.997
24.328206867,0.0010,0.9682,0.2409,0.998
24.329189483,-0.0002,0.9672,0.2409,0.997
24.330620906,-0.0010,0.9672,0.2389,0.996
24.340412291,-0.0002,0.9662,0.2370,0.995
24.341752406,-0.0007,0.9657,0.2360,0.994
24.343028752,0.0007,0.9667,0.2348,0.995
24.343941867,-0.0002,0.9672,0.2340,0.995
24.345101021,-0.0005,0.9687,0.2333,0.996
24.346167098,0.0005,0.9687,0.2321,0.996
24.347252483,0.0002,0.9692,0.2321,0.997
24.348299021,0.0007,0.9677,0.2318,0.995
24.349316675,0.0007,0.9677,0.2316,0.995
24.351930714,0.0005,0.9682,0.2328,0.996
24.353307483,-0.0007,0.9684,0.2345,0.996
24.354284406,-0.0010,0.9692,0.2355,0.997
24.356346675,-0.0015,0.9689,0.2399,0.998
24.358251021,-0.0015,0.9697,0.2414,0.999
24.361306252,-0.0015,0.9709,0.2419,1.001
24.36292356,-0.0024,0.9704,0.2436,1.000
24.364031175,-0.0024,0.9701,0.2446,1.000
24.366084521,-0.0027,0.9682,0.2453,0.999
24.368137252,-0.0034,0.9672,0.2458,0.998
24.370075521,-0.0029,0.9667,0.2467,0.998
24.37201506,-0.0020,0.9670,0.2511,0.999
24.373971098,-0.0029,0.9679,0.2524,1.000
24.376349829,-0.0022,0.9662,0.2543,0.999
24.379441444,-0.0017,0.9672,0.2573,1.001
24.380897444,-0.0024,0.9679,0.2587,1.002
24.383055406,-0.0039,0.9670,0.2604,1.001
24.384162367,-0.0029,0.9667,0.2629,1.002
24.38581629,-0.0029,0.9655,0.2636,1.001
24.387844483,-0.0012,0.9653,0.2648,1.001
24.389801637,-0.0005,0.9648,0.2651,1.001
24.391759675,0.0012,0.9638,0.2675,1.000
24.395073944,0.0012,0.9631,0.2687,1.000
24.39708456,0.0002,0.9631,0.2680,1.000
24.39815006,-0.0010,0.9626,0.2665,0.999
24.400063252,-0.0005,0.9628,0.2639,0.998
24.40152029,-0.0015,0.9623,0.2624,0.997
24.403627944,-0.0012,0.9606,0.2582,0.995
24.405612252,-0.0022,0.9613,0.2570,0.995
24.40787529,-0.0034,0.9631,0.2548,0.996
24.409791675,-0.0037,0.9611,0.2504,0.993
24.41899656,-0.0039,0.9609,0.2475,0.992
24.420452752,-0.0056,0.9613,0.2433,0.992
24.421485867,-0.0054,0.9621,0.2404,0.992
24.422475175,-0.0076,0.9640,0.2350,0.992
24.423614367,-0.0086,0.9645,0.2331,0.992
24.424772752,-0.0090,0.9650,0.2321,0.993
24.425914252,-0.0088,0.9667,0.2299,0.994
24.426933137,-0.0115,0.9682,0.2282,0.995
24.430278983,-0.0120,0.9679,0.2267,0.994
24.430784752,-0.0117,0.9672,0.2248,0.993
24.431041252,-0.0100,0.9684,0.2228,0.994
24.433257983,-0.0098,0.9701,0.2238,0.996
24.435342175,-0.0078,0.9704,0.2233,0.996
24.43733829,-0.0078,0.9704,0.2245,0.996
24.439254098,-0.0086,0.9697,0.2260,0.996
24.441328021,-0.0068,0.9719,0.2294,0.999
24.443267675,-0.0073,0.9721,0.2301,0.999
24.445302098,-0.0044,0.9728,0.2326,1.000
24.448405983,-0.0037,0.9726,0.2336,1.000
24.452971598,-0.0046,0.9740,0.2370,1.002
24.453239175,-0.0037,0.9714,0.2387,1.000
24.453471867,-0.0027,0.9709,0.2406,1.000
24.455017329,-0.0012,0.9706,0.2465,1.001
24.456911637,-0.0020,0.9701,0.2499,1.002
24.459060329,-0.0027,0.9692,0.2519,1.001
24.461822714,-0.0029,0.9687,0.2555,1.002
24.46367829,-0.0039,0.9682,0.2575,1.002
24.464828598,-0.0037,0.9689,0.2609,1.003
24.466803252,-0.0054,0.9653,0.2643,1.001
24.46885556,-0.0059,0.9648,0.2651,1.001
24.470975137,-0.0066,0.9648,0.2660,1.001
24.472754137,-0.0088,0.9653,0.2670,1.002
24.474943175,-0.0103,0.9653,0.2678,1.002
24.478516637,-0.0112,0.9633,0.2680,1.000
24.479887829,-0.0115,0.9623,0.2680,0.999
24.480827329,-0.0125,0.9621,0.2675,0.999
24.482600675,-0.0122,0.9623,0.2663,0.999
24.484603021,-0.0112,0.9616,0.2665,0.998
24.48655829,-0.0110,0.9596,0.2656,0.996
24.488742137,-0.0110,0.9604,0.2639,0.996
24.490807137,-0.0098,0.9616,0.2607,0.996
24.492662713,-0.0095,0.9621,0.2577,0.996
24.495244521,-0.0098,0.9638,0.2558,0.997
24.496566252,-0.0088,0.9655,0.2538,0.998
24.498325213,-0.0076,0.9653,0.2521,0.998
24.500425213,-0.0051,0.9657,0.2489,0.997
24.502257521,-0.0015,0.9665,0.2463,0.997
24.504353329,-0.0010,0.9672,0.2450,0.998
24.50652729,-0.0010,0.9665,0.2421,0.996
24.508508829,-0.0007,0.9679,0.2387,0.997
24.521111406,0.0002,0.9697,0.2372,0.998
24.523078829,0.0012,0.9699,0.2338,0.998
24.524273252,0.0012,0.9694,0.2321,0.997
24.525719175,0.0034,0.9694,0.2282,0.996
24.527354175,0.0044,0.9692,0.2282,0.996
24.528688213,0.0054,0.9699,0.2267,0.996
24.530036021,0.0051,0.9692,0.2250,0.995
24.531602521,0.0066,0.9694,0.2233,0.995
24.532935444,0.0059,0.9697,0.2221,0.995
24.534587829,0.0046,0.9692,0.2226,0.994
24.535235598,0.0042,0.9694,0.2226,0.995
24.535601329,0.0066,0.9682,0.2240,0.994
24.535960213,0.0078,0.9672,0.2226,0.993
24.536315252,0.0066,0.9682,0.2238,0.994
24.537632137,0.0073,0.9679,0.2272,0.994
24.539783867,0.0068,0.9687,0.2270,0.995
24.541424098,0.0078,0.9672,0.2287,0.994
24.545013444,0.0064,0.9679,0.2306,0.995
24.546348944,0.0056,0.9692,0.2318,0.997
24.547619406,0.0061,0.9682,0.2338,0.996
24.549296444,0.0054,0.9660,0.2345,0.994
24.551632944,0.0051,0.9667,0.2387,0.996
24.553262521,0.0064,0.9662,0.2411,0.996
24.555615137,0.0061,0.9660,0.2414,0.996
24.557531675,0.0054,0.9655,0.2438,0.996
24.559771675,0.0044,0.9650,0.2460,0.996
24.562273444,0.0037,0.9648,0.2465,0.996
24.563258713,0.0022,0.9655,0.2480,0.997
24.56516629,0.0027,0.9660,0.2494,0.998
24.567421637,0.0022,0.9655,0.2511,0.998
24.569226906,0.0029,0.9660,0.2526,0.998
24.571084367,0.0029,0.9665,0.2521,0.999
24.572970444,0.0017,0.9670,0.2504,0.999
24.575037867,0.0015,0.9672,0.2509,0.999
24.57801829,0.0017,0.9660,0.2524,0.998
24.578986867,0.0000,0.9662,0.2511,0.998
24.581011483,-0.0005,0.9662,0.2516,0.998
24.582859598,0.0012,0.9648,0.2516,0.997
24.58495329,0.0007,0.9650,0.2502,0.997
24.587087329,-0.0002,0.9660,0.2502,0.998
24.588874329,-0.0012,0.9665,0.2480,0.998
24.591126444,-0.0002,0.9662,0.2411,0.996
24.592705944,0.0044,0.9633,0.2169,0.987
24.595538906,0.0093,0.9601,0.1942,0.980
24.598487098,0.0081,0.9594,0.1859,0.977
24.599254329,-0.0002,0.9601,0.1761,0.976
24.600697636,-0.0149,0.9638,0.1713,0.979
24.60296529,-0.0217,0.9723,0.1713,0.988
24.604919252,-0.0296,0.9777,0.1766,0.994
24.607070983,-0.0310,0.9797,0.1803,0.997
24.608868636,-0.0313,0.9816,0.1915,1.001
24.619723752,-0.0266,0.9826,0.2023,1.004
24.620346483,-0.0242,0.9816,0.2077,1.004
24.620663021,-0.0186,0.9809,0.2209,1.006
24.620937367,-0.0142,0.9806,0.2284,1.007
24.621207636,-0.0068,0.9794,0.2402,1.008
24.621458521,0.0010,0.9765,0.2524,1.009
24.623334483,0.0039,0.9750,0.2575,1.008
24.624457136,0.0112,0.9716,0.2663,1.008
24.626702675,0.0147,0.9692,0.2734,1.007
24.62865506,0.0164,0.9684,0.2753,1.007
24.631054483,0.0220,0.9662,0.2810,1.006
24.632327098,0.0232,0.9660,0.2832,1.007
24.634253829,0.0230,0.9645,0.2853,1.006
24.636289598,0.0235,0.9623,0.2895,1.005
24.638295906,0.0230,0.9611,0.2910,1.004
24.640281713,0.0242,0.9601,0.2915,1.004
24.642246713,0.0257,0.9587,0.2922,1.003
24.644319906,0.0264,0.9574,0.2927,1.002
24.64642956,0.0257,0.9555,0.2941,1.000
24.648233906,0.0259,0.9560,0.2939,1.000
24.650135906,0.0257,0.9547,0.2941,0.999
24.652073406,0.0259,0.9540,0.2915,0.998
24.654082175,0.0247,0.9550,0.2897,0.998
24.65602529,0.0227,0.9543,0.2888,0.997
24.657992252,0.0205,0.9538,0.2873,0.996
24.660038867,0.0193,0.9552,0.2836,0.997
24.66209006,0.0164,0.9577,0.2766,0.997
24.664007175,0.0147,0.9584,0.2753,0.997
24.665851521,0.0120,0.9591,0.2707,0.997
24.667797444,0.0068,0.9601,0.2656,0.996
24.669736829,0.0029,0.9623,0.2617,0.997
24.671688213,-0.0029,0.9640,0.2533,0.997
24.673689983,-0.0054,0.9653,0.2499,0.997
24.67562779,-0.0115,0.9689,0.2414,0.999
24.677773675,-0.0149,0.9711,0.2323,0.999
24.67993279,-0.0134,0.9706,0.2289,0.997
24.681614021,-0.0086,0.9704,0.2182,0.995
24.68354579,-0.0073,0.9692,0.2135,0.992
24.68552056,-0.0059,0.9682,0.2072,0.990
24.687474752,-0.0066,0.9682,0.2040,0.989
24.689460444,-0.0066,0.9692,0.2018,0.990
24.69144479,-0.0078,0.9716,0.1989,0.992
24.693404021,-0.0093,0.9709,0.2006,0.991
24.696982983,-0.0100,0.9719,0.2006,0.992
24.697574252,-0.0093,0.9736,0.2001,0.994
24.699433675,-0.0086,0.9736,0.2008,0.994
24.701492713,-0.0090,0.9748,0.2038,0.996
24.703963252,-0.0125,0.9755,0.2079,0.998
24.705265213,-0.0127,0.9748,0.2089,0.997
24.70718629,-0.0110,0.9755,0.2130,0.999
24.709166021,-0.0112,0.9765,0.2150,1.000
24.711500598,-0.0112,0.9758,0.2187,1.000
