time,gFx,gFy,gFz,TgF
0.003964231,0.0391,0.9870,0.0645,0.990
0.004662116,0.0388,0.9870,0.0655,0.990
0.005154616,0.0381,0.9890,0.0679,0.992
0.005681308,0.0386,0.9902,0.0730,0.994
0.006115885,0.0384,0.9907,0.0740,0.994
0.006400116,0.0393,0.9902,0.0796,0.994
0.006661923,0.0386,0.9899,0.0831,0.994
0.006942923,0.0379,0.9907,0.0911,0.996
0.009292077,0.0386,0.9916,0.0994,0.997
0.010419923,0.0393,0.9914,0.1031,0.998
0.011947616,0.0376,0.9912,0.1109,0.998
0.013808885,0.0342,0.9916,0.1182,0.999
0.016738346,0.0337,0.9926,0.1224,1.001
0.01786127,0.0340,0.9907,0.1307,1.000
0.019828193,0.0332,0.9885,0.1346,0.998
0.021666116,0.0320,0.9892,0.1437,1.000
0.0315355,0.0308,0.9875,0.1502,0.999
0.032169923,0.0310,0.9875,0.1544,1.000
0.032460808,0.0300,0.9877,0.1630,1.002
0.032717539,0.0288,0.9868,0.1669,1.001
0.03295127,0.0264,0.9846,0.1722,1.000
0.033615654,0.0257,0.9850,0.1786,1.001
0.03531977,0.0252,0.9843,0.1823,1.001
0.037197077,0.0252,0.9826,0.1864,1.000
0.041374423,0.0244,0.9826,0.1893,1.001
0.042012,0.0239,0.9824,0.1913,1.001
0.046639616,0.0249,0.9824,0.1945,1.002
0.047238346,0.0254,0.9816,0.1962,1.001
0.047557346,0.0261,0.9809,0.1981,1.001
0.049349923,0.0261,0.9802,0.1989,1.000
0.051199193,0.0271,0.9792,0.1986,0.999
0.053069846,0.0274,0.9792,0.1994,1.000
0.055075346,0.0286,0.9789,0.1994,0.999
0.057522731,0.0303,0.9789,0.1981,0.999
0.059616116,0.0327,0.9782,0.1976,0.999
0.061014693,0.0330,0.9780,0.1945,0.998
0.062818077,0.0325,0.9806,0.1937,1.000
0.065112616,0.0318,0.9804,0.1920,1.000
0.067049539,0.0315,0.9809,0.1901,1.000
0.069008616,0.0330,0.9816,0.1867,1.000
0.07083527,0.0347,0.9831,0.1837,1.001
0.074709923,0.0349,0.9826,0.1820,1.000
0.075924539,0.0352,0.9831,0.1788,1.000
0.076702193,0.0349,0.9826,0.1757,0.999
0.07878877,0.0366,0.9843,0.1722,1.000
0.080821885,0.0374,0.9841,0.1700,0.999
0.083057116,0.0369,0.9838,0.1688,0.999
0.084526385,0.0379,0.9855,0.1652,1.000
0.086460654,0.0401,0.9853,0.1634,1.000
0.088518,0.0406,0.9858,0.1627,1.000
0.0906265,0.0401,0.9860,0.1620,1.000
0.092593654,0.0406,0.9875,0.1615,1.001
0.094612231,0.0401,0.9863,0.1615,1.000
0.09649077,0.0415,0.9872,0.1608,1.001
0.098320693,0.0415,0.9877,0.1598,1.001
0.100288846,0.0406,0.9868,0.1588,1.000
0.102183308,0.0391,0.9872,0.1588,1.001
0.104316077,0.0388,0.9868,0.1598,1.000
0.110083308,0.0362,0.9853,0.1605,0.999
0.110722577,0.0349,0.9858,0.1612,0.999
0.111116616,0.0354,0.9863,0.1610,1.000
0.112326846,0.0349,0.9846,0.1620,0.998
0.114050423,0.0330,0.9843,0.1615,0.998
0.116158808,0.0303,0.9841,0.1615,0.998
0.117964846,0.0305,0.9836,0.1625,0.997
0.1201715,0.0305,0.9821,0.1632,0.996
0.121852,0.0291,0.9826,0.1630,0.996
0.124004577,0.0279,0.9824,0.1637,0.996
0.125961846,0.0269,0.9819,0.1639,0.996
0.127935808,0.0254,0.9794,0.1644,0.993
0.129861462,0.0257,0.9799,0.1647,0.994
0.131878,0.0269,0.9802,0.1647,0.994
0.133731346,0.0257,0.9824,0.1639,0.996
0.135888962,0.0252,0.9819,0.1647,0.996
0.137620385,0.0271,0.9804,0.1656,0.995
0.144535039,0.0274,0.9792,0.1656,0.993
0.146013577,0.0286,0.9775,0.1661,0.992
0.146379116,0.0286,0.9767,0.1656,0.991
0.146650539,0.0286,0.9772,0.1652,0.991
0.147493116,0.0281,0.9777,0.1652,0.992
0.149473769,0.0276,0.9777,0.1642,0.992
0.151618462,0.0298,0.9780,0.1639,0.992
0.153631116,0.0310,0.9775,0.1632,0.991
0.155442385,0.0318,0.9777,0.1632,0.992
0.1574705,0.0347,0.9767,0.1644,0.991
0.159701308,0.0366,0.9770,0.1649,0.991
0.161402039,0.0371,0.9777,0.1639,0.992
0.1633435,0.0406,0.9762,0.1615,0.990
0.165466385,0.0440,0.9755,0.1642,0.990
0.167420616,0.0454,0.9745,0.1639,0.989
0.169189269,0.0462,0.9765,0.1652,0.991
0.171136385,0.0472,0.9762,0.1644,0.991
0.174218116,0.0481,0.9762,0.1642,0.991
0.175397885,0.0518,0.9767,0.1654,0.992
0.177048693,0.0537,0.9758,0.1666,0.991
0.179021923,0.0530,0.9762,0.1678,0.992
0.181032346,0.0540,0.9755,0.1681,0.991
0.183127731,0.0542,0.9755,0.1683,0.991
0.184933231,0.0542,0.9784,0.1686,0.994
0.186914693,0.0552,0.9777,0.1691,0.994
0.188846693,0.0557,0.9755,0.1693,0.992
0.191112346,0.0542,0.9787,0.1693,0.995
0.192897693,0.0542,0.9787,0.1695,0.995
0.194869885,0.0528,0.9782,0.1681,0.994
0.196773077,0.0530,0.9784,0.1673,0.994
0.198910962,0.0515,0.9802,0.1659,0.995
0.200611577,0.0506,0.9821,0.1634,0.997
0.202585269,0.0489,0.9816,0.1625,0.996
0.204560654,0.0467,0.9816,0.1612,0.996
0.215853077,0.0440,0.9814,0.1595,0.995
0.216580769,0.0432,0.9824,0.1576,0.996
0.216904385,0.0423,0.9838,0.1561,0.997
0.217164808,0.0413,0.9846,0.1559,0.998
0.217421308,0.0381,0.9863,0.1546,0.999
0.217674962,0.0379,0.9872,0.1534,1.000
0.218371269,0.0371,0.9880,0.1537,1.001
0.220387808,0.0352,0.9909,0.1507,1.003
0.222545346,0.0325,0.9899,0.1524,1.002
0.225250039,0.0325,0.9904,0.1524,1.003
0.228661962,0.0325,0.9912,0.1524,1.003
0.233120116,0.0308,0.9924,0.1520,1.004
0.233679231,0.0300,0.9899,0.1522,1.002
0.233986308,0.0279,0.9916,0.1522,1.004
0.234287423,0.0286,0.9931,0.1524,1.005
0.237723154,0.0286,0.9931,0.1532,1.005
0.239096577,0.0283,0.9926,0.1537,1.005
0.245242769,0.0279,0.9914,0.1532,1.004
0.245816962,0.0276,0.9933,0.1554,1.006
0.246103039,0.0279,0.9946,0.1527,1.007
0.246517769,0.0266,0.9963,0.1520,1.008
0.247726808,0.0264,0.9965,0.1529,1.009
0.249765154,0.0269,0.9990,0.1537,1.011
0.251632616,0.0264,0.9990,0.1534,1.011
0.253829231,0.0269,0.9985,0.1527,1.010
0.255626154,0.0252,0.9985,0.1524,1.010
0.258435346,0.0244,0.9985,0.1529,1.010
0.259647462,0.0247,0.9997,0.1537,1.012
0.261809116,0.0249,0.9999,0.1520,1.012
0.263592577,0.0235,0.9999,0.1507,1.012
0.265571616,0.0237,0.9997,0.1500,1.011
0.267525808,0.0244,1.0014,0.1512,1.013
0.269659692,0.0257,1.0019,0.1502,1.013
0.271389731,0.0266,1.0017,0.1512,1.013
0.277706346,0.0288,1.0017,0.1495,1.013
0.278448654,0.0288,1.0017,0.1490,1.013
0.278714039,0.0303,1.0019,0.1493,1.013
0.280158692,0.0315,1.0012,0.1488,1.013
0.281322116,0.0318,1.0004,0.1505,1.012
0.283318731,0.0352,1.0009,0.1493,1.013
0.285371539,0.0362,1.0012,0.1498,1.013
0.287258962,0.0359,1.0012,0.1490,1.013
0.289171192,0.0369,0.9980,0.1480,1.010
0.291535731,0.0381,0.9970,0.1488,1.009
0.294027654,0.0410,0.9980,0.1476,1.010
0.295271808,0.0428,0.9980,0.1463,1.010
0.296943962,0.0445,0.9977,0.1456,1.009
0.298829539,0.0469,0.9973,0.1444,1.009
0.300963577,0.0472,0.9963,0.1449,1.008
0.302833539,0.0484,0.9938,0.1446,1.005
0.304772077,0.0506,0.9938,0.1439,1.005
0.307724,0.0518,0.9931,0.1446,1.005
0.308901,0.0540,0.9931,0.1451,1.005
0.310997385,0.0559,0.9926,0.1463,1.005
0.312823731,0.0567,0.9892,0.1468,1.002
0.314702731,0.0589,0.9865,0.1500,1.000
0.316862962,0.0606,0.9865,0.1515,1.000
0.318533154,0.0623,0.9860,0.1522,1.000
0.320642962,0.0655,0.9843,0.1564,0.999
0.322489346,0.0669,0.9843,0.1581,0.999
0.326841346,0.0667,0.9846,0.1627,1.000
0.327400308,0.0669,0.9848,0.1644,1.001
0.328454077,0.0662,0.9858,0.1683,1.002
0.330392539,0.0672,0.9875,0.1730,1.005
0.332634808,0.0667,0.9887,0.1757,1.006
0.3344355,0.0660,0.9882,0.1793,1.007
0.336552269,0.0650,0.9897,0.1827,1.009
0.338619308,0.0645,0.9899,0.1837,1.009
0.341545192,0.0647,0.9904,0.1847,1.010
0.342251577,0.0647,0.9916,0.1862,1.011
0.344268423,0.0650,0.9902,0.1874,1.010
0.346046577,0.0643,0.9870,0.1847,1.006
0.348173115,0.0650,0.9855,0.1835,1.005
0.350036808,0.0677,0.9848,0.1783,1.003
0.352039115,0.0706,0.9841,0.1713,1.001
0.353873039,0.0706,0.9838,0.1673,1.000
0.356013423,0.0696,0.9848,0.1588,1.000
0.357914769,0.0699,0.9855,0.1549,1.000
0.359999269,0.0689,0.9836,0.1502,0.997
0.361931269,0.0689,0.9828,0.1461,0.996
0.363947962,0.0682,0.9831,0.1444,0.996
0.365762385,0.0716,0.9833,0.1415,0.996
0.367846,0.0735,0.9843,0.1383,0.997
0.369661615,0.0735,0.9843,0.1383,0.997
0.371817846,0.0745,0.9828,0.1349,0.995
0.374295808,0.0748,0.9816,0.1346,0.994
0.375642577,0.0743,0.9802,0.1339,0.992
0.377644423,0.0748,0.9787,0.1329,0.990
0.379645346,0.0748,0.9792,0.1327,0.991
0.381523385,0.0748,0.9794,0.1331,0.991
0.383457962,0.0735,0.9797,0.1351,0.992
0.385403769,0.0733,0.9787,0.1363,0.991
0.387449192,0.0730,0.9794,0.1395,0.992
0.389324539,0.0740,0.9799,0.1419,0.993
0.392101115,0.0755,0.9794,0.1468,0.993
0.393289615,0.0765,0.9767,0.1539,0.992
0.395453231,0.0767,0.9770,0.1573,0.993
0.397153423,0.0762,0.9787,0.1617,0.995
0.399155077,0.0762,0.9789,0.1654,0.996
0.401110077,0.0752,0.9792,0.1710,0.997
0.403161385,0.0733,0.9777,0.1764,0.996
0.405059731,0.0733,0.9775,0.1788,0.996
0.410451346,0.0730,0.9753,0.1818,0.995
0.414146539,0.0694,0.9760,0.1830,0.995
0.414560115,0.0677,0.9750,0.1840,0.995
0.414945769,0.0633,0.9723,0.1810,0.991
0.415303423,0.0608,0.9709,0.1788,0.989
0.416951885,0.0557,0.9692,0.1739,0.986
0.419016885,0.0501,0.9670,0.1686,0.983
0.423021192,0.0469,0.9655,0.1654,0.981
0.435176115,0.0423,0.9631,0.1612,0.977
0.435602577,0.0376,0.9626,0.1537,0.975
0.436041808,0.0357,0.9613,0.1498,0.974
0.436413154,0.0308,0.9604,0.1419,0.971
0.436768923,0.0274,0.9604,0.1390,0.971
0.437121,0.0208,0.9591,0.1344,0.969
0.437477038,0.0147,0.9589,0.1275,0.967
0.437834654,0.0125,0.9594,0.1246,0.968
0.442581038,0.0056,0.9584,0.1204,0.966
0.443711269,0.0000,0.9582,0.1146,0.965
0.444198654,-0.0024,0.9596,0.1116,0.966
0.444498731,-0.0073,0.9623,0.1080,0.968
0.446533154,-0.0100,0.9640,0.1051,0.970
0.448361038,-0.0166,0.9657,0.1004,0.971
0.450398846,-0.0186,0.9684,0.0989,0.974
0.4522305,-0.0200,0.9699,0.0970,0.975
0.454269,-0.0249,0.9728,0.0955,0.978
0.456257885,-0.0288,0.9731,0.0948,0.978
0.458443077,-0.0291,0.9762,0.0933,0.981
0.460293615,-0.0313,0.9784,0.0926,0.983
0.462187269,-0.0315,0.9806,0.0921,0.985
0.464144077,-0.0322,0.9831,0.0926,0.988
0.466189462,-0.0305,0.9875,0.0945,0.992
0.468093154,-0.0310,0.9880,0.0945,0.993
0.470025,-0.0281,0.9894,0.0943,0.994
0.471967462,-0.0264,0.9907,0.0950,0.996
0.474358692,-0.0244,0.9904,0.0967,0.995
0.476103192,-0.0205,0.9914,0.0982,0.996
0.477893231,-0.0181,0.9919,0.0975,0.997
0.479939462,-0.0122,0.9933,0.0970,0.998
0.481984808,-0.0083,0.9936,0.0975,0.998
0.483848692,-0.0068,0.9943,0.0960,0.999
0.485831962,0.0007,0.9936,0.0972,0.998
0.487685808,0.0037,0.9936,0.0989,0.999
0.490003654,0.0105,0.9953,0.0989,1.000
0.491694346,0.0154,0.9975,0.0992,1.003
0.494182846,0.0176,0.9973,0.0992,1.002
0.495851346,0.0213,0.9960,0.1002,1.001
0.497901308,0.0247,0.9958,0.0997,1.001
0.499639192,0.0264,0.9948,0.0992,1.000
0.501724962,0.0293,0.9958,0.1007,1.001
0.503468885,0.0313,0.9953,0.1002,1.001
0.505952038,0.0327,0.9948,0.1004,1.000
0.511925962,0.0337,0.9919,0.0994,0.997
0.512583038,0.0349,0.9912,0.0992,0.997
0.512875692,0.0349,0.9902,0.0994,0.996
0.513872269,0.0344,0.9872,0.1007,0.993
0.515552423,0.0347,0.9870,0.0985,0.993
0.517452038,0.0347,0.9841,0.0980,0.990
0.519569077,0.0342,0.9821,0.0992,0.988
0.521627769,0.0327,0.9792,0.0987,0.985
0.523558654,0.0313,0.9762,0.1007,0.982
0.529117692,0.0291,0.9748,0.1011,0.980
0.529837923,0.0276,0.9726,0.1055,0.979
0.530171077,0.0252,0.9709,0.1102,0.977
0.531325231,0.0252,0.9701,0.1121,0.977
0.533597269,0.0242,0.9677,0.1148,0.975
0.535181346,0.0222,0.9672,0.1156,0.974
0.537423808,0.0215,0.9648,0.1219,0.973
0.538992385,0.0220,0.9621,0.1275,0.971
0.542180615,0.0225,0.9601,0.1300,0.969
0.543214308,0.0220,0.9579,0.1344,0.968
0.545444923,0.0227,0.9577,0.1407,0.968
0.547162577,0.0220,0.9565,0.1432,0.967
0.5493815,0.0222,0.9535,0.1471,0.965
0.551122192,0.0203,0.9550,0.1502,0.967
0.553460192,0.0210,0.9543,0.1527,0.967
0.555154846,0.0220,0.9496,0.1559,0.963
0.557247385,0.0227,0.9479,0.1583,0.961
0.560646846,0.0220,0.9460,0.1634,0.960
0.561427038,0.0225,0.9472,0.1656,0.962
0.562978769,0.0220,0.9469,0.1664,0.962
0.565056423,0.0208,0.9452,0.1700,0.961
0.566922346,0.0188,0.9457,0.1713,0.961
0.569064308,0.0183,0.9467,0.1742,0.963
0.570761461,0.0161,0.9474,0.1771,0.964
0.573286808,0.0156,0.9482,0.1788,0.965
0.5755715,0.0144,0.9496,0.1827,0.967
0.577420346,0.0149,0.9511,0.1871,0.969
0.579129615,0.0151,0.9518,0.1896,0.971
0.580859654,0.0134,0.9530,0.1945,0.973
0.582752461,0.0132,0.9547,0.2003,0.976
0.584628038,0.0137,0.9555,0.2033,0.977
0.586458192,0.0132,0.9567,0.2096,0.979
0.588611346,0.0120,0.9584,0.2128,0.982
0.592021654,0.0142,0.9589,0.2174,0.983
0.592687115,0.0154,0.9584,0.2199,0.983
0.594685692,0.0159,0.9594,0.2223,0.985
0.596725538,0.0144,0.9626,0.2270,0.989
0.598644731,0.0127,0.9653,0.2301,0.992
0.600706577,0.0117,0.9655,0.2314,0.993
0.602535961,0.0125,0.9675,0.2355,0.996
0.604642308,0.0110,0.9682,0.2367,0.997
0.606471192,0.0083,0.9697,0.2387,0.999
0.610009,0.0049,0.9721,0.2394,1.001
0.610788231,0.0032,0.9719,0.2404,1.001
0.612413538,0.0010,0.9726,0.2414,1.002
0.614398423,-0.0064,0.9745,0.2384,1.003
0.616405538,-0.0093,0.9750,0.2370,1.003
0.618157077,-0.0125,0.9748,0.2362,1.003
0.622203692,-0.0154,0.9748,0.2367,1.003
0.622736808,-0.0220,0.9755,0.2345,1.004
0.628338692,-0.0269,0.9777,0.2336,1.006
0.629077231,-0.0300,0.9780,0.2336,1.006
0.629403846,-0.0371,0.9772,0.2340,1.006
0.630187154,-0.0432,0.9767,0.2343,1.005
0.635388231,-0.0454,0.9762,0.2345,1.005
0.636097538,-0.0511,0.9760,0.2367,1.006
0.636446231,-0.0550,0.9770,0.2377,1.007
0.647432577,-0.0606,0.9784,0.2394,1.009
0.648147269,-0.0660,0.9772,0.2397,1.008
0.6484325,-0.0684,0.9760,0.2414,1.008
0.648919808,-0.0740,0.9767,0.2455,1.010
0.649465231,-0.0784,0.9762,0.2504,1.011
0.649913461,-0.0792,0.9765,0.2514,1.011
0.650191038,-0.0831,0.9792,0.2533,1.015
0.651516731,-0.0836,0.9804,0.2548,1.016
0.653634346,-0.0848,0.9811,0.2546,1.017
0.655464577,-0.0855,0.9833,0.2563,1.020
0.659387884,-0.0858,0.9848,0.2577,1.022
0.660156846,-0.0853,0.9860,0.2597,1.023
0.661570115,-0.0818,0.9880,0.2607,1.025
0.663452038,-0.0804,0.9882,0.2612,1.025
0.665285731,-0.0792,0.9926,0.2619,1.030
0.667305077,-0.0787,0.9933,0.2624,1.030
0.669139577,-0.0757,0.9938,0.2639,1.031
0.671485846,-0.0728,0.9968,0.2643,1.034
0.673300846,-0.0704,0.9977,0.2643,1.035
0.690619846,-0.0650,0.9990,0.2646,1.035
0.693034654,-0.0599,1.0021,0.2658,1.039
0.693633308,-0.0567,1.0026,0.2668,1.039
0.694032731,-0.0518,1.0034,0.2668,1.040
0.694336846,-0.0479,1.0039,0.2682,1.040
0.694613538,-0.0462,1.0068,0.2685,1.043
0.694876884,-0.0406,1.0100,0.2678,1.046
0.695133192,-0.0376,1.0105,0.2665,1.046
0.695392615,-0.0325,1.0112,0.2651,1.046
0.695631538,-0.0286,1.0136,0.2641,1.048
0.698019192,-0.0259,1.0148,0.2626,1.049
0.698586808,-0.0195,1.0161,0.2621,1.050
0.698905038,-0.0178,1.0185,0.2612,1.052
0.700736077,-0.0144,1.0192,0.2563,1.051
0.702839038,-0.0110,1.0217,0.2548,1.053
0.704685346,-0.0090,1.0219,0.2536,1.053
0.709712115,-0.0071,1.0234,0.2499,1.053
0.710301769,-0.0044,1.0254,0.2480,1.055
0.710629538,-0.0039,1.0261,0.2463,1.055
0.712848192,-0.0024,1.0263,0.2424,1.055
0.714438538,-0.0017,1.0276,0.2414,1.056
0.716736654,-0.0010,1.0266,0.2384,1.054
0.718765154,0.0020,1.0271,0.2360,1.054
0.720465846,0.0024,1.0263,0.2338,1.053
0.722356577,0.0037,1.0258,0.2292,1.051
0.728438692,0.0049,1.0251,0.2270,1.050
0.729160577,0.0044,1.0236,0.2228,1.048
0.729562192,0.0032,1.0212,0.2167,1.044
0.730949231,0.0032,1.0197,0.2140,1.042
0.736923077,0.0034,1.0158,0.2079,1.037
0.737439038,0.0049,1.0139,0.2001,1.033
0.737679346,0.0049,1.0129,0.1964,1.032
0.739214846,0.0039,1.0078,0.1908,1.026
0.740194077,0.0039,1.0058,0.1847,1.023
0.753372154,0.0044,1.0036,0.1813,1.020
0.754134269,0.0044,1.0041,0.1766,1.020
0.754521154,0.0037,1.0041,0.1739,1.019
0.754831731,0.0027,1.0031,0.1686,1.017
0.755143692,0.0017,1.0019,0.1622,1.015
0.755433923,0.0020,1.0034,0.1590,1.016
0.7557205,0.0024,1.0046,0.1542,1.016
0.762619769,0.0022,1.0046,0.1495,1.016
0.763469846,0.0012,1.0065,0.1476,1.017
0.763976,0.0002,1.0105,0.1451,1.021
0.764326269,-0.0012,1.0119,0.1437,1.022
0.764661615,-0.0017,1.0153,0.1405,1.025
0.766114923,-0.0037,1.0185,0.1375,1.028
0.767728731,-0.0044,1.0212,0.1371,1.030
0.7715745,-0.0068,1.0232,0.1317,1.032
0.772215961,-0.0076,1.0290,0.1273,1.037
0.773914846,-0.0086,1.0302,0.1241,1.038
0.781810346,-0.0095,1.0319,0.1222,1.039
0.782739923,-0.0103,1.0329,0.1217,1.040
0.783360692,-0.0112,1.0356,0.1165,1.042
0.783817884,-0.0122,1.0356,0.1119,1.042
0.784229846,-0.0129,1.0361,0.1082,1.042
0.785818346,-0.0159,1.0351,0.1043,1.040
0.787564346,-0.0156,1.0344,0.1016,1.039
0.789818269,-0.0164,1.0310,0.0999,1.036
0.793258384,-0.0176,1.0273,0.0953,1.032
0.794102346,-0.0191,1.0249,0.0941,1.029
0.795813192,-0.0188,1.0207,0.0916,1.025
0.797393731,-0.0200,1.0151,0.0936,1.020
0.799969884,-0.0205,1.0124,0.0948,1.017
0.801317846,-0.0217,1.0085,0.0965,1.013
0.805246423,-0.0227,1.0051,0.0970,1.010
0.805828077,-0.0210,0.9999,0.1009,1.005
0.807101461,-0.0227,0.9953,0.1075,1.001
0.812799807,-0.0230,0.9924,0.1114,0.999
0.813595269,-0.0239,0.9877,0.1192,0.995
0.815011961,-0.0261,0.9843,0.1292,0.993
0.815608577,-0.0261,0.9821,0.1351,0.992
0.817205346,-0.0279,0.9760,0.1454,0.987
0.818856307,-0.0286,0.9723,0.1502,0.984
0.820865192,-0.0279,0.9687,0.1610,0.982
0.822769346,-0.0293,0.9660,0.1713,0.981
0.840935654,-0.0283,0.9623,0.1771,0.979
0.841720731,-0.0274,0.9582,0.1898,0.977
0.842097846,-0.0269,0.9550,0.2013,0.976
0.842509077,-0.0274,0.9533,0.2074,0.976
0.842888692,-0.0264,0.9491,0.2187,0.974
0.843264538,-0.0252,0.9472,0.2240,0.974
0.843641038,-0.0252,0.9455,0.2328,0.974
0.844180769,-0.0239,0.9423,0.2414,0.973
0.844620577,-0.0230,0.9403,0.2450,0.972
0.845022731,-0.0203,0.9381,0.2509,0.971
0.845442231,-0.0169,0.9376,0.2570,0.972
0.846712538,-0.0154,0.9352,0.2592,0.971
0.848460115,-0.0112,0.9323,0.2621,0.968
0.850572846,-0.0088,0.9315,0.2629,0.968
0.852515307,-0.0044,0.9308,0.2680,0.969
0.854317,0.0000,0.9291,0.2695,0.967
0.856536,0.0037,0.9298,0.2700,0.968
0.859507884,0.0095,0.9293,0.2717,0.968
0.860543307,0.0110,0.9276,0.2717,0.967
0.863590307,0.0120,0.9264,0.2722,0.966
0.864465423,0.0173,0.9259,0.2712,0.965
0.868739577,0.0198,0.9262,0.2707,0.965
0.869335538,0.0203,0.9269,0.2690,0.965
0.872386192,0.0220,0.9267,0.2682,0.965
0.873049,0.0239,0.9264,0.2685,0.965
0.874611307,0.0244,0.9259,0.2653,0.963
0.878121,0.0257,0.9262,0.2621,0.963
0.879114807,0.0242,0.9271,0.2626,0.964
0.880280807,0.0217,0.9279,0.2609,0.964
0.882903461,0.0213,0.9289,0.2585,0.964
0.884322154,0.0203,0.9284,0.2558,0.963
0.885995615,0.0186,0.9293,0.2516,0.963
0.887864115,0.0198,0.9289,0.2502,0.962
0.890499346,0.0188,0.9301,0.2450,0.962
0.893552461,0.0183,0.9286,0.2406,0.959
0.894601538,0.0173,0.9291,0.2384,0.959
0.895912115,0.0147,0.9308,0.2333,0.960
0.89771473,0.0132,0.9301,0.2311,0.958
0.899851692,0.0078,0.9328,0.2262,0.960
0.9021165,0.0054,0.9350,0.2223,0.961
0.903947654,0.0039,0.9357,0.2206,0.961
0.905813269,0.0017,0.9394,0.2155,0.964
0.907728461,0.0005,0.9396,0.2135,0.964
0.910256384,-0.0039,0.9423,0.2086,0.965
0.911520269,-0.0076,0.9442,0.2033,0.966
0.914344346,-0.0105,0.9467,0.2018,0.968
0.915350538,-0.0144,0.9496,0.1979,0.970
0.917339961,-0.0188,0.9530,0.1947,0.973
0.919438654,-0.0208,0.9552,0.1923,0.975
0.9214745,-0.0264,0.9589,0.1876,0.977
0.923380423,-0.0283,0.9596,0.1859,0.978
0.930378577,-0.0296,0.9611,0.1818,0.979
0.931287154,-0.0340,0.9643,0.1776,0.981
0.931726115,-0.0344,0.9660,0.1766,0.983
0.933390154,-0.0374,0.9677,0.1747,0.984
0.934012038,-0.0418,0.9697,0.1739,0.986
0.939198538,-0.0430,0.9719,0.1725,0.988
0.939888,-0.0442,0.9731,0.1725,0.989
0.940251461,-0.0440,0.9728,0.1722,0.989
0.940867884,-0.0437,0.9726,0.1715,0.989
0.947838692,-0.0440,0.9760,0.1713,0.992
0.948787961,-0.0428,0.9772,0.1735,0.993
0.949268346,-0.0430,0.9762,0.1737,0.993
0.94964923,-0.0410,0.9760,0.1715,0.992
0.950656961,-0.0396,0.9755,0.1717,0.991
0.952751461,-0.0364,0.9767,0.1713,0.992
0.954943923,-0.0366,0.9770,0.1708,0.992
0.956991846,-0.0347,0.9772,0.1688,0.992
0.960868077,-0.0318,0.9782,0.1676,0.993
0.962024307,-0.0322,0.9789,0.1664,0.993
0.96677823,-0.0296,0.9819,0.1637,0.996
0.967442077,-0.0271,0.9819,0.1603,0.995
0.968157461,-0.0259,0.9824,0.1588,0.995
0.968817807,-0.0249,0.9848,0.1534,0.997
0.970852923,-0.0244,0.9868,0.1505,0.998
0.972689384,-0.0227,0.9899,0.1468,1.001
0.974696923,-0.0237,0.9919,0.1415,1.002
0.977538846,-0.0239,0.9938,0.1380,1.004
0.978564961,-0.0237,0.9985,0.1327,1.008
0.98035773,-0.0239,1.0004,0.1287,1.009
0.982248269,-0.0247,1.0019,0.1280,1.010
0.984222,-0.0244,1.0034,0.1256,1.011
0.986318461,-0.0247,1.0039,0.1248,1.012
0.988202461,-0.0257,1.0029,0.1266,1.011
0.99011373,-0.0257,0.9990,0.1305,1.008
0.992748077,-0.0242,0.9977,0.1324,1.007
0.994078615,-0.0227,0.9955,0.1388,1.005
0.996348307,-0.0244,0.9926,0.1451,1.003
0.998247346,-0.0247,0.9897,0.1507,1.001
1.000052961,-0.0271,0.9868,0.1603,1.000
1.002102692,-0.0266,0.9846,0.1661,0.999
1.00396773,-0.0271,0.9809,0.1769,0.997
1.005821615,-0.0266,0.9789,0.1893,0.997
1.007911,-0.0254,0.9765,0.1979,0.997
1.010888653,-0.0257,0.9731,0.2135,0.997
1.01166273,-0.0261,0.9714,0.2199,0.996
1.014020115,-0.0244,0.9672,0.2304,0.995
1.015581846,-0.0208,0.9645,0.2411,0.994
1.017724307,-0.0195,0.9643,0.2458,0.995
1.01949573,-0.0203,0.9599,0.2553,0.993
1.022554,-0.0176,0.9572,0.2651,0.993
1.023709153,-0.0166,0.9550,0.2685,0.992
1.029007,-0.0164,0.9538,0.2726,0.992
1.029714653,-0.0164,0.9521,0.2756,0.991
1.030044153,-0.0154,0.9491,0.2807,0.990
1.031491077,-0.0171,0.9460,0.2839,0.988
1.034065423,-0.0176,0.9445,0.2846,0.987
1.035329961,-0.0220,0.9438,0.2866,0.987
1.037671577,-0.0266,0.9442,0.2900,0.988
1.039253192,-0.0271,0.9435,0.2900,0.987
1.041864192,-0.0322,0.9447,0.2900,0.989
1.047593961,-0.0393,0.9445,0.2893,0.989
1.048390269,-0.0430,0.9457,0.2873,0.989
1.048720115,-0.0498,0.9457,0.2853,0.989
1.049517038,-0.0530,0.9462,0.2844,0.989
1.051377538,-0.0596,0.9460,0.2814,0.989
1.053441346,-0.0652,0.9474,0.2797,0.990
1.055236384,-0.0682,0.9484,0.2758,0.990
1.057632615,-0.0740,0.9496,0.2697,0.990
1.060243923,-0.0794,0.9501,0.2665,0.990
1.062776538,-0.0816,0.9506,0.2641,0.990
1.063280192,-0.0855,0.9516,0.2604,0.990
1.065394692,-0.0875,0.9523,0.2592,0.991
1.067179615,-0.0880,0.9530,0.2548,0.990
1.069174807,-0.0880,0.9540,0.2553,0.991
1.071088692,-0.0880,0.9557,0.2555,0.993
1.07314873,-0.0877,0.9560,0.2563,0.994
1.07514423,-0.0880,0.9560,0.2597,0.995
1.077555769,-0.0860,0.9565,0.2619,0.995
1.078942384,-0.0845,0.9577,0.2658,0.997
1.081138115,-0.0840,0.9577,0.2680,0.998
1.082802769,-0.0828,0.9582,0.2717,0.999
1.085031769,-0.0811,0.9569,0.2751,0.999
1.086858576,-0.0799,0.9579,0.2763,1.000
1.089061384,-0.0772,0.9606,0.2780,1.003
1.090935076,-0.0750,0.9621,0.2807,1.005
1.09353823,-0.0745,0.9621,0.2817,1.005
1.095701384,-0.0689,0.9609,0.2807,1.003
1.097060461,-0.0647,0.9599,0.2819,1.003
1.09872223,-0.0572,0.9584,0.2829,1.001
1.100840038,-0.0513,0.9560,0.2800,0.997
1.1026805,-0.0472,0.9550,0.2783,0.996
1.104982115,-0.0396,0.9513,0.2748,0.991
1.1064835,-0.0332,0.9489,0.2697,0.987
1.109916153,-0.0300,0.9484,0.2687,0.986
1.110818576,-0.0237,0.9467,0.2680,0.984
1.11247973,-0.0215,0.9460,0.2668,0.983
1.114321115,-0.0181,0.9464,0.2673,0.984
1.11662173,-0.0154,0.9467,0.2712,0.985
1.118410307,-0.0139,0.9474,0.2724,0.986
1.120640307,-0.0144,0.9501,0.2724,0.988
1.122185615,-0.0139,0.9511,0.2739,0.990
1.124055615,-0.0127,0.9523,0.2756,0.991
1.129556961,-0.0115,0.9540,0.2756,0.993
1.1302035,-0.0112,0.9550,0.2753,0.994
1.130534115,-0.0132,0.9591,0.2739,0.998
1.135201653,-0.0132,0.9621,0.2697,0.999
1.135878115,-0.0132,0.9626,0.2680,0.999
1.136210653,-0.0134,0.9650,0.2685,1.002
1.138141538,-0.0105,0.9684,0.2690,1.005
1.140036269,-0.0083,0.9701,0.2692,1.007
1.142104,-0.0054,0.9723,0.2704,1.009
1.14838073,-0.0046,0.9736,0.2709,1.011
1.149043961,-0.0010,0.9767,0.2734,1.014
1.149334692,0.0007,0.9806,0.2734,1.018
1.150171923,0.0024,0.9828,0.2746,1.020
1.152009461,0.0064,0.9868,0.2756,1.025
1.154013923,0.0083,0.9941,0.2756,1.032
1.155997884,0.0088,0.9965,0.2756,1.034
1.157862807,0.0103,1.0024,0.2746,1.039
1.160052346,0.0093,1.0063,0.2726,1.043
1.161653384,0.0064,1.0105,0.2668,1.045
1.163695115,0.0046,1.0144,0.2587,1.047
1.16576523,0.0044,1.0141,0.2543,1.046
1.167600115,0.0012,1.0190,0.2460,1.048
1.169490307,-0.0012,1.0217,0.2404,1.050
1.171476576,-0.0024,1.0244,0.2375,1.052
1.173379576,-0.0078,1.0251,0.2336,1.051
1.176783884,-0.0088,1.0256,0.2314,1.051
1.17778073,-0.0115,1.0280,0.2277,1.053
1.179796846,-0.0161,1.0305,0.2248,1.055
1.181497807,-0.0178,1.0317,0.2240,1.056
1.183337499,-0.0188,1.0322,0.2233,1.056
1.185199076,-0.0227,1.0317,0.2231,1.056
1.187184499,-0.0235,1.0319,0.2260,1.057
1.189511884,-0.0252,1.0319,0.2287,1.057
1.191031769,-0.0259,1.0322,0.2296,1.058
1.19405523,-0.0291,1.0319,0.2336,1.058
1.195354576,-0.0298,1.0285,0.2367,1.056
1.197176346,-0.0300,1.0283,0.2375,1.056
1.199268884,-0.0335,1.0283,0.2426,1.057
1.200808269,-0.0352,1.0278,0.2450,1.057
1.202999499,-0.0386,1.0261,0.2509,1.057
1.204934884,-0.0435,1.0258,0.2575,1.059
1.206936346,-0.0454,1.0251,0.2599,1.059
1.212388538,-0.0479,1.0241,0.2646,1.059
1.213007076,-0.0530,1.0227,0.2709,1.059
1.21326523,-0.0562,1.0232,0.2756,1.061
1.218442923,-0.0623,1.0251,0.2832,1.065
1.218676999,-0.0650,1.0254,0.2871,1.067
1.218908884,-0.0699,1.0254,0.2917,1.068
1.221384115,-0.0738,1.0280,0.2971,1.073
1.222397115,-0.0760,1.0295,0.2995,1.075
1.230198384,-0.0767,1.0322,0.3012,1.078
1.231589615,-0.0794,1.0366,0.3034,1.083
1.23191723,-0.0792,1.0400,0.3039,1.086
1.232151653,-0.0784,1.0437,0.3049,1.090
1.232402769,-0.0782,1.0456,0.3042,1.092
1.234343384,-0.0779,1.0498,0.3005,1.095
1.236326115,-0.0765,1.0537,0.2956,1.097
1.238333423,-0.0748,1.0559,0.2922,1.098
1.240331576,-0.0696,1.0600,0.2839,1.100
1.243285192,-0.0657,1.0649,0.2753,1.102
1.244280692,-0.0638,1.0659,0.2709,1.102
1.24624073,-0.0594,1.0708,0.2595,1.103
1.248140038,-0.0581,1.0730,0.2538,1.104
1.250047807,-0.0550,1.0796,0.2428,1.108
1.251955653,-0.0515,1.0845,0.2338,1.111
1.254333384,-0.0498,1.0874,0.2289,1.112
1.256279999,-0.0447,1.0906,0.2209,1.114
1.258089999,-0.0393,1.0933,0.2167,1.115
1.261191692,-0.0374,1.0982,0.2079,1.118
1.262636538,-0.0322,1.1013,0.2013,1.120
1.263870653,-0.0305,1.1026,0.1979,1.121
1.265790153,-0.0264,1.1057,0.1940,1.123
1.267704038,-0.0242,1.1104,0.1903,1.127
1.269987807,-0.0235,1.1116,0.1876,1.128
1.271909076,-0.0213,1.1138,0.1847,1.129
1.273951115,-0.0183,1.1143,0.1832,1.129
1.27770173,-0.0156,1.1162,0.1835,1.131
1.278979769,-0.0132,1.1197,0.1847,1.135
1.280140076,-0.0127,1.1211,0.1862,1.137
1.281687769,-0.0134,1.1228,0.1888,1.139
1.283607961,-0.0159,1.1248,0.1925,1.141
1.285727038,-0.0164,1.1258,0.1947,1.143
1.287450499,-0.0186,1.1280,0.1984,1.145
1.289421769,-0.0208,1.1292,0.2003,1.147
1.291377999,-0.0208,1.1270,0.2052,1.146
1.294832192,-0.0208,1.1243,0.2111,1.144
1.296448922,-0.0215,1.1221,0.2133,1.142
1.297652307,-0.0193,1.1189,0.2201,1.141
1.300149038,-0.0173,1.1126,0.2265,1.136
1.301323576,-0.0173,1.1116,0.2304,1.135
1.303371999,-0.0151,1.1104,0.2365,1.135
1.305262692,-0.0122,1.1104,0.2414,1.136
1.307317538,-0.0083,1.1118,0.2504,1.140
1.309357307,-0.0022,1.1153,0.2602,1.145
1.312202192,0.0010,1.1177,0.2651,1.149
1.315544346,0.0081,1.1248,0.2734,1.158
1.316854038,0.0144,1.1355,0.2824,1.170
1.317989922,0.0171,1.1407,0.2856,1.176
1.319181922,0.0235,1.1487,0.2924,1.186
1.321095961,0.0279,1.1534,0.2954,1.191
1.323011076,0.0296,1.1658,0.3000,1.204
1.325185615,0.0354,1.1783,0.3046,1.218
1.334483846,0.0391,1.1839,0.3059,1.223
1.335149653,0.0450,1.1981,0.3090,1.238
1.33544773,0.0496,1.2118,0.3103,1.252
1.335686615,0.0528,1.2181,0.3115,1.258
1.335986499,0.0572,1.2320,0.3112,1.272
1.337062076,0.0647,1.2467,0.3088,1.286
1.338795384,0.0679,1.2535,0.3083,1.293
1.340929153,0.0713,1.2660,0.3054,1.304
1.35490473,0.0743,1.2706,0.3039,1.309
1.355477499,0.0779,1.2819,0.2959,1.318
1.355774192,0.0796,1.2919,0.2880,1.326
1.356181346,0.0794,1.2951,0.2839,1.328
1.356557461,0.0814,1.3007,0.2741,1.332
1.356922422,0.0789,1.3068,0.2599,1.335
1.357287653,0.0770,1.3087,0.2531,1.335
1.357660038,0.0708,1.3122,0.2367,1.335
1.358643807,0.0660,1.3134,0.2270,1.334
1.365198115,0.0520,1.3171,0.2072,1.334
1.365765615,0.0393,1.3197,0.1874,1.334
1.366023653,0.0315,1.3215,0.1764,1.334
1.366261692,0.0151,1.3232,0.1549,1.332
1.36829473,-0.0022,1.3237,0.1339,1.330
1.37008973,-0.0115,1.3266,0.1226,1.332
1.372297807,-0.0305,1.3312,0.1004,1.335
1.374163807,-0.0396,1.3324,0.0889,1.336
1.377292769,-0.0581,1.3368,0.0655,1.340
1.378494461,-0.0767,1.3393,0.0420,1.342
1.380344692,-0.0848,1.3403,0.0305,1.343
1.381955499,-0.1007,1.3439,0.0093,1.348
1.383968576,-0.1068,1.3459,-0.0010,1.350
1.386030422,-0.1173,1.3483,-0.0222,1.354
1.387962922,-0.1244,1.3505,-0.0408,1.357
1.389886807,-0.1266,1.3508,-0.0491,1.358
1.391924922,-0.1305,1.3515,-0.0662,1.359
1.395103692,-0.1324,1.3513,-0.0821,1.360
1.396735769,-0.1309,1.3505,-0.0884,1.360
1.39780523,-0.1268,1.3471,-0.0994,1.357
1.399706115,-0.1234,1.3454,-0.1036,1.355
1.401650422,-0.1138,1.3410,-0.1107,1.350
1.403683307,-0.1031,1.3317,-0.1168,1.341
1.405809884,-0.0953,1.3268,-0.1170,1.335
1.407489269,-0.0792,1.3134,-0.1146,1.321
1.411378615,-0.0704,1.3068,-0.1121,1.313
1.41335473,-0.0542,1.2912,-0.1041,1.296
1.41433823,-0.0406,1.2753,-0.0899,1.279
1.416073499,-0.0347,1.2658,-0.0806,1.269
1.417331615,-0.0222,1.2462,-0.0594,1.248
1.419405384,-0.0117,1.2279,-0.0366,1.228
1.421388999,-0.0066,1.2171,-0.0247,1.217
1.423315653,0.0017,1.1956,0.0005,1.196
1.42531423,0.0056,1.1856,0.0125,1.186
1.437640769,0.0139,1.1641,0.0420,1.165
1.439477576,0.0205,1.1424,0.0674,1.145
1.44087623,0.0227,1.1311,0.0806,1.134
1.442231884,0.0291,1.1070,0.1031,1.112
1.443957769,0.0359,1.0840,0.1261,1.092
1.444831384,0.0381,1.0713,0.1363,1.081
1.445237576,0.0442,1.0469,0.1534,1.059
1.44557973,0.0474,1.0351,0.1610,1.049
1.44592523,0.0555,1.0109,0.1730,1.027
1.446266961,0.0633,0.9860,0.1825,1.005
1.467724038,0.0679,0.9745,0.1867,0.995
1.469727576,0.0779,0.9501,0.1908,0.972
1.471157538,0.0870,0.9264,0.1910,0.950
1.471573999,0.0911,0.9157,0.1893,0.939
1.471983653,0.1026,0.8961,0.1840,0.921
1.472332615,0.1075,0.8876,0.1801,0.912
1.472667769,0.1158,0.8675,0.1720,0.892
1.473002807,0.1270,0.8509,0.1605,0.875
1.473340615,0.1309,0.8429,0.1534,0.867
1.473679615,0.1388,0.8277,0.1388,0.851
1.474009192,0.1480,0.8121,0.1209,0.834
1.474342499,0.1524,0.8060,0.1124,0.828
1.474699884,0.1583,0.7979,0.0941,0.819
1.475099345,0.1654,0.7906,0.0743,0.811
1.475385845,0.1669,0.7872,0.0652,0.807
1.479490038,0.1695,0.7815,0.0508,0.801
1.48031773,0.1710,0.7810,0.0447,0.801
1.480625038,0.1749,0.7803,0.0313,0.800
1.482569884,0.1771,0.7820,0.0188,0.802
1.484700922,0.1759,0.7850,0.0129,0.805
1.486373845,0.1769,0.7918,0.0022,0.811
1.488584884,0.1747,0.7947,-0.0054,0.814
1.490550269,0.1722,0.8060,-0.0081,0.824
1.492118076,0.1686,0.8182,-0.0127,0.835
1.494272115,0.1649,0.8248,-0.0144,0.841
1.496129692,0.1588,0.8397,-0.0159,0.855
1.498244653,0.1500,0.8534,-0.0166,0.867
1.499994922,0.1454,0.8617,-0.0159,0.874
1.503118922,0.1341,0.8800,-0.0159,0.890
1.504047345,0.1295,0.8881,-0.0166,0.898
1.506301768,0.1197,0.9076,-0.0166,0.916
1.508079115,0.1112,0.9252,-0.0169,0.932
1.514585768,0.1055,0.9337,-0.0169,0.940
1.515387961,0.0941,0.9489,-0.0171,0.954
1.515831499,0.0833,0.9655,-0.0183,0.969
1.516227845,0.0772,0.9738,-0.0195,0.977
1.518184692,0.0665,0.9887,-0.0252,0.991
1.520119384,0.0613,0.9948,-0.0266,0.997
1.522105807,0.0511,1.0065,-0.0288,1.008
1.523881961,0.0430,1.0175,-0.0344,1.019
1.526214345,0.0398,1.0222,-0.0374,1.024
1.540744153,0.0347,1.0305,-0.0428,1.032
1.542557192,0.0303,1.0356,-0.0489,1.037
1.544062115,0.0279,1.0366,-0.0530,1.038
1.545396845,0.0257,1.0381,-0.0621,1.040
1.546724845,0.0232,1.0381,-0.0655,1.040
1.548068961,0.0208,1.0361,-0.0748,1.039
1.549086499,0.0230,1.0319,-0.0833,1.036
1.550336461,0.0227,1.0295,-0.0877,1.033
1.551399268,0.0249,1.0212,-0.0980,1.026
1.552808384,0.0286,1.0173,-0.1087,1.023
1.554038884,0.0296,1.0075,-0.1138,1.014
1.554892999,0.0322,0.9985,-0.1234,1.007
1.555959499,0.0342,0.9936,-0.1283,1.002
1.556825615,0.0401,0.9821,-0.1368,0.992
1.557963461,0.0467,0.9721,-0.1449,0.984
1.558856615,0.0503,0.9679,-0.1483,0.981
1.560479615,0.0594,0.9577,-0.1546,0.972
1.561821615,0.0677,0.9523,-0.1581,0.968
1.563252268,0.0716,0.9440,-0.1590,0.960
1.56626123,0.0787,0.9369,-0.1603,0.954
1.569136384,0.0794,0.9337,-0.1595,0.951
1.56956123,0.0838,0.9281,-0.1586,0.945
1.570730076,0.0887,0.9218,-0.1517,0.938
1.572976153,0.0904,0.9201,-0.1480,0.936
1.574780538,0.0933,0.9149,-0.1422,0.931
1.578008153,0.0972,0.9137,-0.1312,0.928
1.578892922,0.0989,0.9118,-0.1251,0.926
1.58166823,0.1019,0.9086,-0.1112,0.921
1.582937153,0.1033,0.9078,-0.1031,0.920
1.585512461,0.1053,0.9113,-0.0853,0.921
1.58666123,0.1043,0.9125,-0.0660,0.921
1.588833038,0.1029,0.9130,-0.0559,0.920
1.590714076,0.0999,0.9159,-0.0335,0.922
1.592776961,0.0965,0.9176,-0.0105,0.923
1.595913922,0.0963,0.9232,0.0002,0.928
1.596520615,0.0928,0.9267,0.0220,0.932
1.599091268,0.0916,0.9291,0.0320,0.934
1.600690422,0.0880,0.9325,0.0511,0.938
1.602543192,0.0853,0.9359,0.0706,0.942
1.604335384,0.0838,0.9374,0.0794,0.944
1.606267807,0.0796,0.9438,0.0955,0.952
1.608822768,0.0774,0.9464,0.1029,0.955
1.613379538,0.0748,0.9521,0.1158,0.962
1.613931268,0.0716,0.9574,0.1256,0.968
1.614635807,0.0699,0.9596,0.1300,0.971
1.616566307,0.0655,0.9643,0.1351,0.976
1.618051768,0.0608,0.9667,0.1373,0.978
1.620245268,0.0596,0.9692,0.1363,0.981
1.622161268,0.0572,0.9753,0.1317,0.986
1.624167191,0.0550,0.9758,0.1285,0.986
1.626042999,0.0525,0.9762,0.1217,0.985
1.633362691,0.0476,0.9748,0.1124,0.982
1.634467653,0.0464,0.9728,0.1065,0.980
1.635289422,0.0437,0.9704,0.0921,0.976
1.636233461,0.0408,0.9670,0.0784,0.971
1.636949384,0.0391,0.9662,0.0713,0.970
1.638060422,0.0340,0.9611,0.0562,0.963
1.640490384,0.0308,0.9579,0.0496,0.960
1.64190023,0.0300,0.9526,0.0310,0.954
1.644758691,0.0288,0.9474,0.0144,0.948
1.645958922,0.0264,0.9442,0.0049,0.945
1.648209845,0.0254,0.9369,-0.0100,0.937
1.650110615,0.0235,0.9281,-0.0266,0.929
1.651856807,0.0213,0.9247,-0.0344,0.926
1.653662384,0.0198,0.9171,-0.0476,0.919
1.655819884,0.0198,0.9144,-0.0542,0.916
1.657798576,0.0210,0.9083,-0.0647,0.911
1.659819038,0.0217,0.8998,-0.0767,0.903
1.662623153,0.0225,0.8959,-0.0821,0.900
1.664004345,0.0261,0.8900,-0.0884,0.895
1.665678538,0.0320,0.8841,-0.0931,0.890
1.667416922,0.0340,0.8812,-0.0950,0.887
1.669636153,0.0379,0.8741,-0.0987,0.880
1.671727999,0.0413,0.8697,-0.0982,0.876
1.673573884,0.0474,0.8648,-0.0985,0.872
1.675514807,0.0530,0.8597,-0.0965,0.867
1.678376422,0.0555,0.8570,-0.0950,0.864
1.679968576,0.0630,0.8490,-0.0919,0.856
1.681303384,0.0711,0.8446,-0.0860,0.852
1.683300922,0.0750,0.8382,-0.0818,0.846
1.685115538,0.0821,0.8316,-0.0723,0.839
1.687175538,0.0860,0.8277,-0.0674,0.835
1.689197384,0.0933,0.8206,-0.0555,0.828
1.69101723,0.1009,0.8133,-0.0430,0.821
1.693194191,0.1043,0.8109,-0.0366,0.818
1.695949384,0.1116,0.8062,-0.0200,0.814
1.697489653,0.1131,0.8045,-0.0112,0.812
1.699074268,0.1170,0.8008,0.0071,0.809
1.701036615,0.1185,0.7972,0.0252,0.806
1.702877884,0.1195,0.7964,0.0340,0.806
1.704943076,0.1204,0.7952,0.0530,0.806
1.706758768,0.1200,0.7950,0.0738,0.807
1.70878923,0.1178,0.7964,0.0831,0.809
1.712132768,0.1146,0.7977,0.1048,0.813
1.713467191,0.1126,0.8001,0.1151,0.816
1.714770422,0.1094,0.8040,0.1358,0.823
1.716771038,0.1070,0.8091,0.1583,0.831
1.718777768,0.1048,0.8116,0.1683,0.835
1.720732268,0.0987,0.8211,0.1879,0.848
1.722424345,0.0931,0.8284,0.2060,0.859
1.724518922,0.0914,0.8333,0.2145,0.865
1.726722422,0.0867,0.8419,0.2301,0.877
1.735636191,0.0838,0.8448,0.2370,0.881
1.737359499,0.0782,0.8524,0.2499,0.892
1.738595653,0.0745,0.8595,0.2599,0.901
1.739543538,0.0728,0.8631,0.2641,0.906
1.740902538,0.0711,0.8695,0.2697,0.913
1.74139023,0.0687,0.8758,0.2729,0.920
1.741644384,0.0684,0.8793,0.2724,0.923
1.742269461,0.0691,0.8851,0.2709,0.928
1.752749422,0.0694,0.8885,0.2692,0.931
1.753422961,0.0708,0.8944,0.2656,0.936
1.753681768,0.0718,0.9000,0.2582,0.939
1.753911268,0.0718,0.9034,0.2538,0.941
1.754145884,0.0711,0.9088,0.2428,0.943
1.754377845,0.0745,0.9137,0.2321,0.946
1.755828807,0.0760,0.9174,0.2267,0.948
1.758142961,0.0774,0.9230,0.2140,0.951
1.759952576,0.0787,0.9247,0.2079,0.951
1.761981153,0.0816,0.9306,0.1957,0.954
1.763934076,0.0828,0.9340,0.1813,0.955
1.765965461,0.0850,0.9362,0.1754,0.956
1.767804384,0.0875,0.9406,0.1639,0.959
1.769852076,0.0894,0.9423,0.1583,0.960
1.772292768,0.0916,0.9464,0.1449,0.962
1.773979961,0.0938,0.9491,0.1336,0.963
1.775528461,0.0945,0.9499,0.1283,0.963
1.778196076,0.0985,0.9518,0.1151,0.964
1.780392345,0.1011,0.9518,0.1048,0.963
1.781769345,0.1026,0.9511,0.0997,0.962
1.783616768,0.1068,0.9518,0.0899,0.962
1.785694807,0.1121,0.9516,0.0833,0.962
1.787329114,0.1141,0.9518,0.0723,0.961
1.789659114,0.1165,0.9511,0.0613,0.960
1.791492114,0.1175,0.9501,0.0562,0.959
1.793554345,0.1202,0.9462,0.0479,0.955
1.796012576,0.1239,0.9455,0.0420,0.954
1.797629384,0.1261,0.9442,0.0384,0.953
1.79940823,0.1283,0.9406,0.0308,0.950
1.801340307,0.1292,0.9391,0.0249,0.948
1.803237653,0.1290,0.9369,0.0237,0.946
1.805487038,0.1305,0.9318,0.0198,0.941
1.807334268,0.1322,0.9301,0.0181,0.940
1.809352576,0.1331,0.9274,0.0188,0.937
1.81218623,0.1324,0.9235,0.0203,0.933
1.813673653,0.1331,0.9227,0.0215,0.933
1.815166038,0.1324,0.9201,0.0239,0.930
1.81781873,0.1317,0.9176,0.0281,0.927
1.81905273,0.1312,0.9149,0.0325,0.925
1.821055884,0.1327,0.9120,0.0418,0.923
1.823031191,0.1322,0.9110,0.0452,0.922
1.824943422,0.1324,0.9083,0.0535,0.919
1.835126576,0.1309,0.9059,0.0647,0.918
1.836760653,0.1319,0.9044,0.0716,0.917
1.837770384,0.1339,0.9032,0.0858,0.917
1.838899268,0.1339,0.9015,0.1011,0.917
1.840063884,0.1361,0.9015,0.1090,0.918
1.841189076,0.1368,0.9037,0.1234,0.922
1.841968614,0.1383,0.9042,0.1319,0.924
1.843392653,0.1380,0.9044,0.1473,0.927
1.844828691,0.1385,0.9061,0.1620,0.931
1.845766961,0.1390,0.9074,0.1698,0.934
1.846832037,0.1393,0.9098,0.1845,0.939
1.856964384,0.1400,0.9120,0.1969,0.943
1.857510345,0.1405,0.9127,0.2013,0.945
1.85775823,0.1402,0.9152,0.2111,0.950
1.857991807,0.1405,0.9161,0.2155,0.952
1.858234807,0.1424,0.9174,0.2226,0.955
1.858452114,0.1422,0.9179,0.2277,0.956
1.872592614,0.1422,0.9181,0.2279,0.957
1.87422723,0.1424,0.9193,0.2277,0.958
1.875339461,0.1422,0.9205,0.2235,0.958
1.876973845,0.1412,0.9227,0.2209,0.959
1.878408961,0.1356,0.9286,0.2160,0.963
1.880157268,0.1312,0.9311,0.2140,0.964
1.881410037,0.1222,0.9374,0.2106,0.969
1.882597461,0.1160,0.9440,0.2055,0.973
1.883482614,0.1129,0.9472,0.2042,0.975
1.884852345,0.1080,0.9533,0.2008,0.980
1.885913537,0.1011,0.9565,0.1969,0.982
1.886932384,0.0975,0.9579,0.1942,0.982
1.888033576,0.0897,0.9584,0.1869,0.981
1.888856114,0.0850,0.9579,0.1823,0.979
1.889653653,0.0770,0.9577,0.1713,0.976
1.890624037,0.0669,0.9587,0.1610,0.974
1.893248884,0.0633,0.9565,0.1561,0.971
1.894799499,0.0567,0.9547,0.1488,0.968
1.897349768,0.0520,0.9540,0.1380,0.965
1.898664884,0.0493,0.9540,0.1341,0.965
1.899947691,0.0479,0.9518,0.1280,0.962
1.901890576,0.0484,0.9506,0.1239,0.960
1.904046422,0.0474,0.9462,0.1180,0.955
1.905872076,0.0459,0.9428,0.1148,0.951
1.908041345,0.0454,0.9411,0.1131,0.949
1.909951307,0.0432,0.9394,0.1107,0.947
1.912916922,0.0413,0.9406,0.1097,0.948
1.91444273,0.0406,0.9408,0.1092,0.948
1.916349461,0.0369,0.9406,0.1092,0.948
1.917554153,0.0354,0.9408,0.1102,0.948
1.919664961,0.0342,0.9411,0.1119,0.948
1.921661037,0.0327,0.9413,0.1102,0.948
1.923645961,0.0310,0.9435,0.1109,0.951
1.925524037,0.0286,0.9452,0.1114,0.952
1.934893922,0.0242,0.9464,0.1097,0.953
1.936567384,0.0237,0.9474,0.1082,0.954
1.937760153,0.0264,0.9482,0.1077,0.955
1.939007499,0.0274,0.9482,0.1063,0.954
1.940307114,0.0283,0.9486,0.1033,0.955
1.941319884,0.0313,0.9494,0.1051,0.956
1.942226499,0.0327,0.9496,0.1051,0.956
1.943076576,0.0364,0.9516,0.1075,0.958
1.944383691,0.0406,0.9543,0.1077,0.961
1.957748845,0.0435,0.9560,0.1085,0.963
1.958286653,0.0491,0.9587,0.1114,0.966
1.958537076,0.0520,0.9601,0.1146,0.968
1.958766653,0.0589,0.9633,0.1173,0.972
1.95901673,0.0655,0.9675,0.1187,0.977
1.959236268,0.0684,0.9704,0.1200,0.980
1.959471614,0.0770,0.9743,0.1241,0.985
1.959702037,0.0833,0.9767,0.1270,0.988
1.966651999,0.0877,0.9819,0.1295,0.994
1.967239537,0.0970,0.9887,0.1373,1.003
1.967490153,0.1024,0.9912,0.1400,1.006
1.967730345,0.1114,0.9968,0.1444,1.013
1.968761576,0.1224,1.0014,0.1461,1.019
1.970938422,0.1295,1.0048,0.1493,1.024
1.972528191,0.1432,1.0105,0.1551,1.032
1.97462323,0.1495,1.0126,0.1561,1.035
1.976484845,0.1647,1.0195,0.1600,1.045
1.978587384,0.1766,1.0251,0.1627,1.053
1.980444884,0.1827,1.0278,0.1639,1.057
1.982282422,0.1940,1.0322,0.1637,1.063
1.984374114,0.2038,1.0388,0.1647,1.071
1.986412153,0.2079,1.0412,0.1649,1.075
1.988293884,0.2143,1.0442,0.1654,1.079
1.990450576,0.2184,1.0454,0.1661,1.081
1.99232096,0.2277,1.0500,0.1634,1.087
1.994963153,0.2331,1.0583,0.1617,1.096
1.996274191,0.2360,1.0598,0.1605,1.098
1.998271037,0.2424,1.0632,0.1568,1.102
2.000179307,0.2489,1.0684,0.1515,1.107
2.002373653,0.2516,1.0715,0.1500,1.111
2.004141037,0.2565,1.0759,0.1449,1.116
2.006324537,0.2573,1.0786,0.1427,1.118
2.008174845,0.2592,1.0828,0.1373,1.122
2.010572884,0.2634,1.0879,0.1314,1.127
2.013277768,0.2636,1.0894,0.1307,1.128
2.014576191,0.2653,1.0940,0.1258,1.133
2.016403884,0.2665,1.0989,0.1219,1.137
2.018058537,0.2675,1.1021,0.1197,1.140
2.020016384,0.2687,1.1084,0.1180,1.147
2.022169037,0.2700,1.1111,0.1160,1.149
2.023888191,0.2697,1.1145,0.1134,1.152
2.026120268,0.2702,1.1211,0.1109,1.159
2.034501807,0.2714,1.1238,0.1097,1.161
2.03597746,0.2734,1.1272,0.1097,1.165
2.036696422,0.2741,1.1294,0.1090,1.167
2.03783823,0.2741,1.1324,0.1085,1.170
2.038946922,0.2748,1.1353,0.1053,1.173
2.040295999,0.2744,1.1365,0.1029,1.174
2.041005883,0.2731,1.1392,0.0958,1.175
2.04237746,0.2748,1.1402,0.0889,1.176
2.043833114,0.2751,1.1407,0.0867,1.177
2.052060307,0.2773,1.1429,0.0828,1.179
2.053695999,0.2792,1.1416,0.0792,1.178
2.054542653,0.2792,1.1404,0.0782,1.177
2.055807422,0.2770,1.1402,0.0772,1.176
2.056763307,0.2770,1.1399,0.0787,1.176
2.057887576,0.2792,1.1368,0.0821,1.173
2.058834114,0.2800,1.1365,0.0884,1.174
2.059841345,0.2827,1.1363,0.0933,1.175
2.06278746,0.2902,1.1392,0.1048,1.180
2.06436123,0.2981,1.1458,0.1207,1.190
2.065555999,0.3022,1.1492,0.1307,1.195
2.06731523,0.3090,1.1570,0.1532,1.207
2.069301768,0.3115,1.1609,0.1654,1.213
2.071175691,0.3147,1.1697,0.1915,1.226
2.073502153,0.3105,1.1824,0.2201,1.242
2.075190576,0.3068,1.1893,0.2353,1.251
2.077193422,0.2961,1.2022,0.2636,1.266
2.079056191,0.2795,1.2093,0.2868,1.274
2.081117576,0.2697,1.2257,0.2983,1.290
2.082909653,0.2497,1.2403,0.3154,1.304
2.084884537,0.2394,1.2506,0.3227,1.314
2.086870422,0.2206,1.2692,0.3283,1.329
2.089130114,0.2020,1.2897,0.3288,1.346
2.091044614,0.1937,1.2992,0.3274,1.354
2.093164422,0.1737,1.3175,0.3210,1.367
2.095605614,0.1573,1.3334,0.3093,1.378
2.096899153,0.1510,1.3412,0.3037,1.383
2.098790268,0.1397,1.3579,0.2910,1.396
2.100851422,0.1314,1.3654,0.2775,1.400
2.102840076,0.1275,1.3781,0.2690,1.410
2.104956845,0.1275,1.3862,0.2514,1.415
2.106791153,0.1287,1.3889,0.2450,1.416
2.10867123,0.1312,1.3947,0.2321,1.420
2.110804307,0.1371,1.3943,0.2150,1.417
2.113703114,0.1417,1.3928,0.2062,1.415
2.114684114,0.1510,1.3884,0.1896,1.409
2.11658646,0.1554,1.3857,0.1832,1.406
2.11838573,0.1649,1.3767,0.1671,1.397
2.120652345,0.1732,1.3662,0.1485,1.385
2.122581537,0.1766,1.3596,0.1405,1.378
2.124484845,0.1827,1.3447,0.1219,1.362
2.126519383,0.1910,1.3300,0.1004,1.347
2.135149114,0.1942,1.3210,0.0894,1.338
2.136510153,0.1972,1.3007,0.0667,1.317
2.137345576,0.2003,1.2775,0.0418,1.294
2.138267845,0.1998,1.2653,0.0293,1.281
2.139173307,0.1984,1.2386,0.0012,1.254
2.140171422,0.1972,1.2240,-0.0144,1.240
2.141073499,0.1945,1.1915,-0.0464,1.208
2.142342345,0.1898,1.1590,-0.0784,1.177
2.154877153,0.1874,1.1426,-0.0945,1.162
2.15646296,0.1815,1.1089,-0.1256,1.131
2.15732273,0.1771,1.0923,-0.1576,1.118
2.158331922,0.1747,1.0613,-0.1737,1.089
2.159317422,0.1656,1.0319,-0.2011,1.064
2.160543768,0.1603,1.0175,-0.2140,1.052
2.161639922,0.1495,0.9892,-0.2414,1.029
2.16342146,0.1397,0.9621,-0.2658,1.008
2.164597114,0.1351,0.9494,-0.2751,0.998
2.165385499,0.1263,0.9264,-0.2919,0.979
2.166395576,0.1202,0.9164,-0.2998,0.972
2.167168345,0.1082,0.8976,-0.3137,0.957
2.168362768,0.0972,0.8805,-0.3225,0.943
2.170872768,0.0926,0.8727,-0.3257,0.936
2.172463191,0.0845,0.8590,-0.3305,0.924
2.176602076,0.0733,0.8463,-0.3313,0.912
2.178029499,0.0687,0.8416,-0.3288,0.906
2.179264037,0.0584,0.8348,-0.3215,0.896
2.180537922,0.0530,0.8311,-0.3169,0.891
2.181793422,0.0445,0.8240,-0.3025,0.879
2.18458823,0.0374,0.8221,-0.2832,0.870
2.18613673,0.0337,0.8218,-0.2724,0.866
2.187667191,0.0259,0.8240,-0.2485,0.861
2.189560306,0.0227,0.8297,-0.2233,0.859
2.191535499,0.0220,0.8328,-0.2079,0.859
2.193656076,0.0244,0.8399,-0.1783,0.859
2.19719646,0.0264,0.8492,-0.1461,0.862
2.198654153,0.0288,0.8543,-0.1309,0.865
2.200318653,0.0315,0.8673,-0.0997,0.874
2.201622383,0.0325,0.8741,-0.0836,0.879
2.203272845,0.0327,0.8866,-0.0501,0.889
2.205238153,0.0330,0.9000,-0.0213,0.901
2.207460614,0.0337,0.9059,-0.0076,0.907
2.209543345,0.0315,0.9183,0.0159,0.919
2.213111114,0.0288,0.9306,0.0344,0.932
2.21457373,0.0271,0.9362,0.0420,0.938
2.215831345,0.0261,0.9496,0.0552,0.952
2.216979576,0.0266,0.9560,0.0606,0.958
2.219151268,0.0291,0.9677,0.0677,0.970
2.221179537,0.0288,0.9777,0.0755,0.981
2.223149383,0.0298,0.9833,0.0772,0.987
2.225036845,0.0325,0.9955,0.0772,0.999
2.227060268,0.0369,1.0051,0.0748,1.009
2.23673696,0.0384,1.0105,0.0730,1.014
2.238215537,0.0415,1.0180,0.0694,1.021
2.239455537,0.0430,1.0219,0.0684,1.025
2.240587806,0.0481,1.0288,0.0660,1.032
2.24161096,0.0515,1.0346,0.0623,1.038
2.242519691,0.0533,1.0381,0.0613,1.041
2.243376653,0.0599,1.0417,0.0625,1.045
2.24429996,0.0635,1.0454,0.0616,1.049
2.244607806,0.0655,1.0461,0.0616,1.050
2.256440768,0.0696,1.0464,0.0611,1.050
2.256981653,0.0733,1.0456,0.0608,1.050
2.257225499,0.0770,1.0444,0.0599,1.049
2.257467076,0.0804,1.0383,0.0589,1.043
2.257694268,0.0806,1.0359,0.0567,1.041
2.257919191,0.0816,1.0305,0.0520,1.035
2.258454576,0.0816,1.0222,0.0476,1.027
2.260497076,0.0821,1.0168,0.0454,1.021
2.26511946,0.0809,1.0051,0.0371,1.009
2.265662345,0.0789,0.9995,0.0340,1.003
2.266240037,0.0760,0.9882,0.0279,0.992
2.268350345,0.0755,0.9799,0.0191,0.983
2.270398229,0.0752,0.9753,0.0139,0.978
2.274710422,0.0748,0.9657,0.0046,0.969
2.274966037,0.0730,0.9582,-0.0042,0.961
2.276297153,0.0726,0.9545,-0.0083,0.957
2.279038922,0.0750,0.9477,-0.0173,0.951
2.28029646,0.0745,0.9442,-0.0198,0.947
2.282101768,0.0733,0.9403,-0.0259,0.944
2.284159383,0.0752,0.9340,-0.0332,0.938
2.286246229,0.0752,0.9325,-0.0366,0.936
2.288053499,0.0767,0.9298,-0.0418,0.934
2.290069768,0.0765,0.9252,-0.0467,0.930
2.292179229,0.0767,0.9242,-0.0489,0.929
2.294118229,0.0765,0.9218,-0.0555,0.927
2.296440422,0.0777,0.9205,-0.0577,0.926
2.297971576,0.0789,0.9186,-0.0608,0.924
2.299897037,0.0799,0.9154,-0.0645,0.921
2.302160268,0.0806,0.9139,-0.0657,0.920
2.304131614,0.0840,0.9096,-0.0669,0.916
2.305997768,0.0867,0.9039,-0.0694,0.911
2.307721691,0.0877,0.9005,-0.0704,0.908
2.309986191,0.0914,0.8959,-0.0708,0.903
2.313166037,0.0933,0.8937,-0.0713,0.901
2.314459653,0.0985,0.8881,-0.0704,0.896
2.317148153,0.1016,0.8824,-0.0662,0.891
2.31854696,0.1031,0.8802,-0.0645,0.889
2.319702614,0.1031,0.8751,-0.0603,0.883
2.32177846,0.1060,0.8712,-0.0550,0.879
2.323667999,0.1070,0.8692,-0.0525,0.877
2.325832229,0.1073,0.8648,-0.0462,0.873
2.327706729,0.1070,0.8636,-0.0437,0.871
2.336347614,0.1068,0.8619,-0.0366,0.869
2.337722729,0.1026,0.8587,-0.0264,0.865
2.338552653,0.1002,0.8575,-0.0225,0.864
2.339604499,0.0938,0.8560,-0.0169,0.861
2.340798306,0.0875,0.8558,-0.0081,0.860
2.342414422,0.0848,0.8541,-0.0022,0.858
2.343350499,0.0745,0.8539,0.0071,0.857
2.354315191,0.0708,0.8526,0.0112,0.856
2.355917845,0.0625,0.8529,0.0186,0.855
2.356823153,0.0537,0.8526,0.0254,0.855
2.35780246,0.0486,0.8531,0.0288,0.855
2.358769076,0.0384,0.8526,0.0340,0.854
2.359728845,0.0279,0.8521,0.0384,0.853
2.361153999,0.0215,0.8517,0.0403,0.853
2.362055114,0.0090,0.8519,0.0459,0.853
2.363316076,0.0042,0.8531,0.0464,0.854
2.364425537,-0.0046,0.8524,0.0493,0.854
2.365461652,-0.0142,0.8551,0.0498,0.857
2.366553845,-0.0181,0.8563,0.0498,0.858
2.36741196,-0.0235,0.8575,0.0491,0.859
2.370402652,-0.0308,0.8565,0.0493,0.859
2.371967768,-0.0347,0.8568,0.0486,0.859
2.373366306,-0.0410,0.8575,0.0462,0.860
2.375077191,-0.0442,0.8570,0.0450,0.859
2.376927152,-0.0481,0.8573,0.0423,0.860
2.381484037,-0.0525,0.8568,0.0391,0.859
2.383121614,-0.0552,0.8585,0.0374,0.861
2.384647191,-0.0596,0.8592,0.0308,0.862
2.385887191,-0.0611,0.8602,0.0271,0.863
2.386962614,-0.0616,0.8614,0.0242,0.864
2.388913152,-0.0608,0.8631,0.0188,0.865
2.390573152,-0.0616,0.8651,0.0147,0.867
2.392631614,-0.0608,0.8680,0.0100,0.870
2.394269537,-0.0574,0.8705,0.0059,0.872
2.397059268,-0.0550,0.8717,0.0037,0.873
2.398602652,-0.0481,0.8761,-0.0012,0.877
2.400407345,-0.0435,0.8775,-0.0061,0.879
2.402248883,-0.0401,0.8824,-0.0090,0.883
2.404348076,-0.0340,0.8866,-0.0127,0.887
2.406197114,-0.0300,0.8890,-0.0151,0.890
2.408401114,-0.0195,0.8927,-0.0181,0.893
2.410237114,-0.0112,0.8956,-0.0217,0.896
2.415191114,-0.0054,0.8956,-0.0222,0.896
2.416145152,0.0039,0.8983,-0.0264,0.899
2.416576576,0.0129,0.9017,-0.0303,0.902
2.418517652,0.0171,0.9030,-0.0318,0.904
2.420582152,0.0242,0.9012,-0.0366,0.902
2.422455845,0.0288,0.9015,-0.0371,0.903
2.424259191,0.0362,0.9044,-0.0386,0.906
2.426150883,0.0440,0.9056,-0.0403,0.908
2.428412383,0.0472,0.9052,-0.0410,0.907
2.435676268,0.0511,0.9054,-0.0447,0.908
2.436693422,0.0564,0.9059,-0.0476,0.909
2.437121229,0.0589,0.9059,-0.0491,0.909
2.437554268,0.0616,0.9039,-0.0486,0.907
2.438152152,0.0628,0.9039,-0.0496,0.907
2.439818922,0.0674,0.9042,-0.0506,0.908
2.44184246,0.0718,0.9049,-0.0533,0.909
2.443893076,0.0735,0.9042,-0.0533,0.909
2.446394806,0.0757,0.9034,-0.0528,0.908
2.448874768,0.0787,0.9056,-0.0525,0.911
2.449776229,0.0792,0.9052,-0.0513,0.910
2.451807768,0.0814,0.9032,-0.0474,0.908
2.453879729,0.0816,0.9027,-0.0464,0.908
2.455719499,0.0816,0.9008,-0.0452,0.906
2.458007076,0.0811,0.9003,-0.0430,0.905
2.459647383,0.0799,0.9008,-0.0401,0.905
2.461597076,0.0811,0.9010,-0.0347,0.905
2.46393346,0.0801,0.8990,-0.0293,0.903
2.465347768,0.0789,0.8993,-0.0247,0.903
2.467444383,0.0767,0.8990,-0.0169,0.902
2.469437422,0.0762,0.8978,-0.0151,0.901
2.471400499,0.0755,0.8964,-0.0083,0.900
2.473814499,0.0748,0.8942,0.0007,0.897
2.475625075,0.0745,0.8922,0.0044,0.895
2.477936422,0.0733,0.8903,0.0090,0.893
2.481095152,0.0716,0.8898,0.0161,0.893
2.482021499,0.0718,0.8895,0.0198,0.893
2.48351396,0.0682,0.8883,0.0291,0.891
2.485589845,0.0662,0.8873,0.0322,0.890
2.487487383,0.0613,0.8866,0.0381,0.890
2.489799768,0.0586,0.8866,0.0428,0.890
2.491348191,0.0579,0.8863,0.0457,0.889
2.493526999,0.0537,0.8866,0.0503,0.890
2.495299345,0.0479,0.8881,0.0552,0.891
2.498079345,0.0452,0.8888,0.0579,0.892
2.499201806,0.0391,0.8883,0.0611,0.891
2.502016845,0.0354,0.8895,0.0633,0.892
2.503107306,0.0291,0.8927,0.0647,0.896
2.505362499,0.0244,0.8959,0.0672,0.899
2.507243691,0.0215,0.8971,0.0684,0.900
2.509476652,0.0149,0.9005,0.0689,0.903
2.511013268,0.0083,0.9039,0.0711,0.907
2.514065037,0.0059,0.9061,0.0701,0.909
2.515015729,0.0029,0.9113,0.0672,0.914
2.517888575,-0.0024,0.9174,0.0650,0.920
2.518705037,-0.0049,0.9196,0.0638,0.922
2.52136296,-0.0078,0.9232,0.0603,0.925
2.523254114,-0.0093,0.9252,0.0591,0.927
2.525433652,-0.0137,0.9318,0.0533,0.933
2.527081345,-0.0161,0.9345,0.0508,0.936
2.529200883,-0.0169,0.9367,0.0479,0.938
2.535827268,-0.0176,0.9428,0.0410,0.944
2.536733922,-0.0200,0.9501,0.0352,0.951
2.537157499,-0.0205,0.9526,0.0318,0.953
2.537579575,-0.0208,0.9557,0.0261,0.956
2.53904596,-0.0225,0.9577,0.0235,0.958
2.540906075,-0.0225,0.9604,0.0176,0.961
2.54276246,-0.0232,0.9631,0.0127,0.963
2.54504546,-0.0235,0.9638,0.0088,0.964
2.564220845,-0.0249,0.9682,0.0029,0.969
2.566133691,-0.0257,0.9709,-0.0015,0.971
2.567507806,-0.0249,0.9723,-0.0032,0.973
2.569735922,-0.0254,0.9745,-0.0066,0.975
2.571210422,-0.0257,0.9758,-0.0083,0.976
2.572705499,-0.0257,0.9789,-0.0107,0.979
2.573915883,-0.0259,0.9804,-0.0125,0.981
2.574886652,-0.0266,0.9821,-0.0142,0.983
2.576253729,-0.0286,0.9853,-0.0151,0.986
2.577246345,-0.0298,0.9872,-0.0173,0.988
2.578535152,-0.0315,0.9890,-0.0183,0.990
2.579888075,-0.0320,0.9929,-0.0178,0.994
2.580927075,-0.0327,0.9933,-0.0171,0.994
2.582217345,-0.0371,0.9951,-0.0169,0.996
2.58329996,-0.0406,0.9987,-0.0161,1.000
2.584547614,-0.0423,1.0004,-0.0139,1.001
2.585651345,-0.0464,1.0031,-0.0120,1.004
2.586749845,-0.0481,1.0039,-0.0100,1.005
2.588371037,-0.0508,1.0051,-0.0068,1.006
2.589521537,-0.0542,1.0085,0.0015,1.010
2.590544345,-0.0552,1.0109,0.0042,1.012
2.591381037,-0.0562,1.0139,0.0115,1.015
2.592312037,-0.0569,1.0170,0.0181,1.019
2.592614845,-0.0577,1.0180,0.0205,1.020
2.594447922,-0.0613,1.0205,0.0281,1.023
2.595465306,-0.0608,1.0222,0.0320,1.024
2.597780922,-0.0625,1.0256,0.0403,1.028
2.599553922,-0.0638,1.0288,0.0501,1.032
2.601749383,-0.0633,1.0305,0.0555,1.034
2.603526806,-0.0623,1.0341,0.0647,1.038
2.605455114,-0.0621,1.0371,0.0713,1.041
2.60740346,-0.0601,1.0388,0.0740,1.043
2.609869037,-0.0596,1.0425,0.0811,1.047
2.611321998,-0.0579,1.0429,0.0838,1.048
2.613670922,-0.0547,1.0437,0.0897,1.049
2.615603998,-0.0493,1.0473,0.0921,1.053
2.618998691,-0.0476,1.0493,0.0933,1.055
2.619360806,-0.0437,1.0539,0.0948,1.059
2.621438191,-0.0396,1.0593,0.0945,1.064
2.623070806,-0.0374,1.0613,0.0931,1.066
2.625409345,-0.0352,1.0671,0.0926,1.072
2.627076537,-0.0330,1.0691,0.0926,1.074
2.632564345,-0.0288,1.0727,0.0911,1.077
2.633169922,-0.0254,1.0742,0.0880,1.078
2.633412691,-0.0249,1.0752,0.0862,1.079
2.635000922,-0.0237,1.0791,0.0814,1.082
2.637157768,-0.0217,1.0820,0.0755,1.085
2.638891498,-0.0205,1.0835,0.0733,1.086
2.641040422,-0.0195,1.0886,0.0687,1.091
2.642832614,-0.0183,1.0896,0.0667,1.092
2.644693345,-0.0166,1.0930,0.0625,1.095
2.652674883,-0.0156,1.0996,0.0603,1.101
2.653223306,-0.0144,1.1023,0.0603,1.104
2.653471729,-0.0120,1.1096,0.0567,1.111
2.653707422,-0.0129,1.1153,0.0535,1.117
2.654657691,-0.0147,1.1175,0.0530,1.119
2.657233652,-0.0173,1.1211,0.0518,1.122
2.658746268,-0.0222,1.1267,0.0467,1.128
2.660750537,-0.0259,1.1289,0.0445,1.130
2.663810691,-0.0325,1.1324,0.0376,1.133
2.664838229,-0.0347,1.1324,0.0344,1.133
2.666510037,-0.0386,1.1358,0.0293,1.137
2.66862346,-0.0428,1.1365,0.0269,1.138
2.670603537,-0.0435,1.1375,0.0264,1.139
2.672670075,-0.0425,1.1397,0.0269,1.141
2.674501729,-0.0408,1.1426,0.0271,1.144
2.676396422,-0.0381,1.1456,0.0281,1.147
2.678316729,-0.0325,1.1573,0.0293,1.158
2.68038096,-0.0303,1.1649,0.0305,1.166
2.682200114,-0.0276,1.1810,0.0286,1.182
2.684392614,-0.0269,1.2015,0.0259,1.202
2.686115883,-0.0279,1.2120,0.0244,1.213
2.688586614,-0.0298,1.2342,0.0193,1.235
2.69026646,-0.0325,1.2443,0.0110,1.245
2.692541921,-0.0332,1.2653,0.0064,1.266
2.694178191,-0.0344,1.2829,-0.0032,1.283
2.696718883,-0.0337,1.2919,-0.0095,1.292
2.699067383,-0.0300,1.3090,-0.0227,1.310
2.700399691,-0.0225,1.3217,-0.0335,1.322
2.702260383,-0.0178,1.3271,-0.0403,1.328
2.704332191,-0.0088,1.3371,-0.0498,1.338
2.706193383,0.0029,1.3447,-0.0567,1.346
2.708203614,0.0103,1.3486,-0.0591,1.350
2.710101037,0.0235,1.3539,-0.0616,1.356
2.712154306,0.0298,1.3554,-0.0640,1.357
2.714908921,0.0430,1.3576,-0.0669,1.360
2.716334845,0.0572,1.3593,-0.0669,1.362
2.718262729,0.0645,1.3591,-0.0667,1.362
2.719985306,0.0779,1.3588,-0.0660,1.363
2.721769229,0.0884,1.3566,-0.0677,1.361
2.723839498,0.0928,1.3559,-0.0689,1.361
2.725870345,0.0999,1.3544,-0.0672,1.360
2.727914191,0.1036,1.3517,-0.0657,1.357
2.737719537,0.1038,1.3464,-0.0665,1.352
2.739327652,0.1011,1.3425,-0.0684,1.348
2.740649883,0.1004,1.3398,-0.0701,1.345
2.741801575,0.0958,1.3327,-0.0733,1.338
2.743253306,0.0901,1.3271,-0.0757,1.332
2.745217883,0.0875,1.3234,-0.0767,1.329
2.746673845,0.0806,1.3161,-0.0799,1.321
2.748159037,0.0748,1.3075,-0.0831,1.312
2.749246037,0.0713,1.3024,-0.0860,1.307
2.750313729,0.0652,1.2926,-0.0921,1.298
2.751486845,0.0633,1.2865,-0.0967,1.292
2.75249496,0.0545,1.2750,-0.1073,1.281
2.753432306,0.0472,1.2631,-0.1180,1.269
2.759500845,0.0459,1.2582,-0.1234,1.265
2.760939268,0.0447,1.2482,-0.1351,1.256
2.762124152,0.0437,1.2433,-0.1468,1.253
2.763152345,0.0447,1.2337,-0.1534,1.244
2.764495652,0.0474,1.2235,-0.1656,1.236
2.765791883,0.0486,1.2179,-0.1708,1.231
2.768793498,0.0513,1.2057,-0.1815,1.220
2.769411075,0.0530,1.1939,-0.1923,1.210
2.770965229,0.0545,1.1883,-0.1967,1.206
2.773282729,0.0574,1.1773,-0.2055,1.196
2.775012768,0.0608,1.1631,-0.2103,1.184
2.777048421,0.0623,1.1563,-0.2121,1.177
2.780166075,0.0643,1.1431,-0.2128,1.165
2.781260652,0.0665,1.1365,-0.2135,1.158
2.782929998,0.0706,1.1219,-0.2123,1.144
2.784739768,0.0733,1.1077,-0.2089,1.130
2.78672496,0.0748,1.0996,-0.2064,1.121
2.78875746,0.0789,1.0850,-0.2008,1.106
2.790750075,0.0838,1.0693,-0.1918,1.090
2.792755306,0.0845,1.0610,-0.1862,1.081
2.794663306,0.0914,1.0464,-0.1757,1.065
2.79777746,0.0948,1.0383,-0.1703,1.056
2.798917729,0.0994,1.0234,-0.1595,1.041
2.800763037,0.0999,1.0087,-0.1468,1.024
2.802642768,0.1016,1.0026,-0.1407,1.018
2.804844998,0.1033,0.9902,-0.1263,1.004
2.806512229,0.1038,0.9758,-0.1114,0.988
2.808831421,0.1041,0.9689,-0.1031,0.980
2.810658114,0.1048,0.9584,-0.0884,0.968
2.819581806,0.1058,0.9518,-0.0811,0.961
2.821029844,0.1051,0.9420,-0.0667,0.950
2.821834691,0.1055,0.9318,-0.0515,0.939
2.822919768,0.1055,0.9257,-0.0430,0.933
2.824090421,0.1053,0.9154,-0.0283,0.922
2.825070729,0.1065,0.9076,-0.0115,0.914
2.825802344,0.1073,0.9027,-0.0034,0.909
2.826904268,0.1082,0.8954,0.0081,0.902
2.828478921,0.1099,0.8922,0.0156,0.899
2.839168152,0.1146,0.8859,0.0281,0.894
2.840810921,0.1170,0.8810,0.0420,0.890
2.841733421,0.1195,0.8800,0.0469,0.889
2.842945191,0.1231,0.8773,0.0555,0.888
2.844119652,0.1278,0.8751,0.0618,0.887
2.84526346,0.1287,0.8744,0.0652,0.886
2.846373652,0.1344,0.8756,0.0735,0.889
2.847574691,0.1368,0.8761,0.0784,0.890
2.848641691,0.1402,0.8797,0.0823,0.895
2.849352498,0.1412,0.8834,0.0862,0.899
2.850361306,0.1422,0.8863,0.0884,0.902
2.852081652,0.1412,0.8915,0.0911,0.907
2.854165691,0.1405,0.8949,0.0923,0.911
2.855962844,0.1390,0.9027,0.0923,0.918
2.857927537,0.1393,0.9088,0.0923,0.924
2.860078421,0.1393,0.9115,0.0911,0.927
2.862108883,0.1393,0.9171,0.0880,0.932
2.865086421,0.1388,0.9227,0.0858,0.937
2.866724306,0.1390,0.9264,0.0840,0.941
2.867871921,0.1363,0.9325,0.0774,0.946
2.869759883,0.1351,0.9352,0.0745,0.948
2.871575344,0.1353,0.9403,0.0687,0.953
2.87384246,0.1341,0.9452,0.0618,0.957
2.875474998,0.1341,0.9467,0.0569,0.958
2.877728729,0.1358,0.9508,0.0457,0.962
2.880872844,0.1356,0.9533,0.0359,0.964
2.882451806,0.1361,0.9533,0.0318,0.963
2.884292883,0.1371,0.9533,0.0198,0.963
2.885820844,0.1373,0.9538,0.0137,0.964
2.887363152,0.1371,0.9533,0.0015,0.963
2.889501691,0.1361,0.9526,-0.0100,0.962
2.891430498,0.1366,0.9506,-0.0164,0.960
2.893532614,0.1363,0.9489,-0.0249,0.959
2.895422729,0.1351,0.9462,-0.0340,0.956
2.898654306,0.1341,0.9450,-0.0386,0.955
2.900275383,0.1344,0.9428,-0.0489,0.954
2.901603075,0.1300,0.9418,-0.0540,0.952
2.903470267,0.1275,0.9369,-0.0574,0.947
2.905376383,0.1236,0.9325,-0.0625,0.943
2.907207998,0.1219,0.9311,-0.0638,0.941
2.909364729,0.1200,0.9269,-0.0689,0.937
2.911220383,0.1151,0.9232,-0.0696,0.933
2.914564152,0.1129,0.9223,-0.0699,0.932
2.916187152,0.1068,0.9210,-0.0713,0.930
2.91740746,0.1004,0.9213,-0.0691,0.929
2.919714229,0.0960,0.9205,-0.0679,0.928
2.921284114,0.0889,0.9198,-0.0635,0.926
2.922970767,0.0862,0.9198,-0.0603,0.926
2.925325652,0.0799,0.9203,-0.0552,0.925
2.927014652,0.0730,0.9174,-0.0501,0.922
2.929300421,0.0704,0.9174,-0.0464,0.921
2.938165729,0.0679,0.9157,-0.0413,0.919
2.939688152,0.0652,0.9110,-0.0337,0.914
2.940926267,0.0628,0.9093,-0.0296,0.912
2.942011421,0.0591,0.9071,-0.0220,0.909
2.94368096,0.0579,0.9049,-0.0188,0.907
2.944741075,0.0552,0.9015,-0.0125,0.903
2.945647614,0.0523,0.8976,-0.0059,0.899
2.947101191,0.0503,0.8964,-0.0022,0.898
2.948505806,0.0484,0.8932,0.0024,0.894
2.948804229,0.0472,0.8883,0.0054,0.890
2.957896575,0.0467,0.8859,0.0066,0.887
2.958345498,0.0467,0.8778,0.0081,0.879
2.958589537,0.0469,0.8751,0.0095,0.876
2.95882296,0.0464,0.8692,0.0122,0.871
2.959063729,0.0498,0.8626,0.0129,0.864
2.965881729,0.0508,0.8590,0.0129,0.861
2.966484729,0.0511,0.8546,0.0139,0.856
2.966736691,0.0523,0.8517,0.0139,0.853
2.966972421,0.0540,0.8468,0.0139,0.849
2.968334114,0.0569,0.8431,0.0129,0.845
2.970078921,0.0572,0.8414,0.0129,0.843
2.972380998,0.0591,0.8380,0.0129,0.840
2.973907383,0.0611,0.8331,0.0142,0.835
2.976136844,0.0630,0.8306,0.0132,0.833
2.978056383,0.0660,0.8270,0.0139,0.830
2.981498037,0.0723,0.8255,0.0117,0.829
2.982018498,0.0745,0.8211,0.0115,0.825
2.985216114,0.0767,0.8194,0.0122,0.823
2.986189883,0.0770,0.8174,0.0129,0.821
2.990951075,0.0792,0.8148,0.0112,0.819
2.991217844,0.0836,0.8116,0.0120,0.816
2.991817383,0.0860,0.8106,0.0129,0.815
2.993692652,0.0899,0.8113,0.0112,0.816
2.99583146,0.0931,0.8079,0.0098,0.813
2.997856383,0.0948,0.8057,0.0088,0.811
2.999810806,0.0985,0.8062,0.0071,0.812
3.002997921,0.0997,0.8055,0.0068,0.812
3.003789152,0.1051,0.8025,0.0064,0.809
3.005613191,0.1090,0.8023,0.0044,0.810
3.007663075,0.1109,0.8011,0.0044,0.809
3.00960219,0.1124,0.7991,0.0056,0.807
3.011579344,0.1124,0.7981,0.0078,0.806
3.017400114,0.1119,0.7979,0.0090,0.806
3.018002614,0.1129,0.7996,0.0110,0.808
3.01911869,0.1138,0.8001,0.0117,0.808
3.01965069,0.1138,0.7999,0.0151,0.808
3.022102921,0.1107,0.8013,0.0200,0.809
3.02757696,0.1094,0.8016,0.0222,0.809
3.028272229,0.1085,0.8033,0.0266,0.811
3.039805844,0.1046,0.8038,0.0318,0.811
3.04046796,0.1036,0.8060,0.0352,0.813
3.040741229,0.1024,0.8094,0.0413,0.817
3.040986883,0.1002,0.8106,0.0447,0.818
3.041241152,0.0972,0.8131,0.0506,0.820
3.041480267,0.0938,0.8148,0.0557,0.822
3.041716267,0.0928,0.8172,0.0581,0.825
3.041950344,0.0906,0.8194,0.0652,0.827
3.050612498,0.0919,0.8194,0.0730,0.828
3.051282114,0.0911,0.8236,0.0755,0.832
3.05158296,0.0919,0.8260,0.0821,0.835
3.051899844,0.0936,0.8275,0.0840,0.837
3.052162075,0.0943,0.8306,0.0904,0.841
3.053197344,0.0955,0.8333,0.0938,0.844
3.054869114,0.0958,0.8348,0.0936,0.845
3.057065037,0.0967,0.8375,0.0967,0.849
3.060330306,0.0989,0.8419,0.0950,0.853
3.060844152,0.0999,0.8416,0.0933,0.853
3.07008246,0.1019,0.8433,0.0928,0.855
3.070612883,0.1019,0.8453,0.0928,0.856
3.070849229,0.1058,0.8475,0.0887,0.859
3.071089806,0.1082,0.8460,0.0897,0.858
3.071336152,0.1107,0.8463,0.0901,0.858
3.072440229,0.1146,0.8480,0.0880,0.860
3.07482146,0.1182,0.8497,0.0872,0.862
3.076632421,0.1209,0.8497,0.0872,0.863
3.07878869,0.1224,0.8512,0.0853,0.864
3.083430883,0.1236,0.8512,0.0855,0.864
3.084005921,0.1261,0.8512,0.0843,0.865
3.08448246,0.1290,0.8509,0.0862,0.865
3.086555383,0.1302,0.8499,0.0875,0.864
3.088377537,0.1353,0.8497,0.0889,0.865
3.090417114,0.1390,0.8470,0.0899,0.863
3.092254806,0.1397,0.8460,0.0911,0.862
3.09419896,0.1412,0.8473,0.0948,0.864
3.097577383,0.1410,0.8485,0.0980,0.866
3.099955998,0.1407,0.8497,0.1004,0.867
3.106337267,0.1402,0.8512,0.1031,0.869
3.10663346,0.1415,0.8517,0.1048,0.870
3.10686769,0.1434,0.8551,0.1080,0.874
3.107097537,0.1446,0.8575,0.1121,0.877
3.108131344,0.1446,0.8585,0.1136,0.878
3.110173575,0.1432,0.8626,0.1165,0.882
3.112064383,0.1427,0.8634,0.1182,0.883
3.114531652,0.1417,0.8661,0.1204,0.886
3.116145652,0.1424,0.8678,0.1244,0.888
3.118048344,0.1429,0.8695,0.1261,0.890
3.120235344,0.1429,0.8753,0.1300,0.896
3.122349729,0.1441,0.8788,0.1314,0.900
3.124075152,0.1441,0.8810,0.1329,0.903
3.125877844,0.1461,0.8863,0.1349,0.908
3.127932229,0.1483,0.8898,0.1344,0.912
3.133529844,0.1505,0.8917,0.1344,0.914
3.134006883,0.1537,0.8961,0.1341,0.919
3.134249921,0.1549,0.8968,0.1351,0.920
3.135806575,0.1605,0.9005,0.1356,0.925
3.138392152,0.1664,0.9049,0.1334,0.930
3.139824652,0.1695,0.9069,0.1351,0.932
3.142031498,0.1727,0.9115,0.1331,0.937
3.143836844,0.1752,0.9152,0.1317,0.941
3.146064921,0.1752,0.9171,0.1307,0.943
3.155463729,0.1769,0.9218,0.1280,0.947
3.156454498,0.1791,0.9237,0.1263,0.949
3.15713419,0.1808,0.9281,0.1244,0.954
3.157802306,0.1788,0.9337,0.1207,0.958
3.158448113,0.1783,0.9369,0.1202,0.961
3.160010575,0.1791,0.9423,0.1217,0.967
3.160720075,0.1749,0.9445,0.1197,0.968
3.161952421,0.1725,0.9491,0.1190,0.972
3.166232613,0.1676,0.9545,0.1153,0.976
3.16710296,0.1647,0.9582,0.1160,0.979
3.168026575,0.1600,0.9628,0.1163,0.983
3.169594729,0.1542,0.9679,0.1173,0.987
3.171259267,0.1532,0.9709,0.1175,0.990
3.173402767,0.1468,0.9767,0.1192,0.995
3.175318075,0.1434,0.9789,0.1207,0.997
3.177665883,0.1383,0.9841,0.1224,1.001
3.17914669,0.1334,0.9882,0.1244,1.005
3.182304729,0.1319,0.9904,0.1246,1.007
3.18342696,0.1270,0.9958,0.1275,1.012
3.185436383,0.1229,0.9995,0.1287,1.015
3.187096498,0.1202,1.0007,0.1295,1.016
3.189345575,0.1175,1.0048,0.1314,1.020
3.190917344,0.1160,1.0065,0.1305,1.022
3.193036652,0.1126,1.0073,0.1312,1.022
3.19497069,0.1092,1.0100,0.1300,1.024
3.198636306,0.1077,1.0114,0.1297,1.025
3.200034537,0.1058,1.0139,0.1273,1.027
3.200954383,0.1051,1.0144,0.1226,1.027
3.202694498,0.1046,1.0139,0.1217,1.026
3.204659767,0.1038,1.0122,0.1190,1.024
3.206876267,0.1016,1.0117,0.1151,1.023
3.208834037,0.1011,1.0100,0.1092,1.021
3.210585344,0.1009,1.0090,0.1036,1.019
3.212687921,0.1016,1.0073,0.1026,1.018
3.216011998,0.1016,1.0041,0.0972,1.014
3.217202613,0.1038,1.0021,0.0931,1.012
3.21867296,0.1038,1.0021,0.0904,1.012
3.220741383,0.1051,1.0004,0.0870,1.010
3.222651075,0.1058,0.9995,0.0840,1.009
3.224868075,0.1090,0.9987,0.0806,1.008
3.226538729,0.1092,0.9951,0.0767,1.004
3.228520267,0.1104,0.9938,0.0743,1.003
3.238234844,0.1094,0.9921,0.0713,1.001
3.239327421,0.1124,0.9902,0.0689,0.999
3.24045119,0.1146,0.9899,0.0684,0.999
3.241388767,0.1165,0.9880,0.0638,0.997
3.242412921,0.1165,0.9863,0.0601,0.995
3.243273152,0.1178,0.9821,0.0572,0.991
3.244546498,0.1197,0.9811,0.0552,0.990
3.245336113,0.1212,0.9811,0.0540,0.990
3.246617844,0.1239,0.9809,0.0528,0.990
3.26100396,0.1275,0.9809,0.0520,0.991
3.262309767,0.1300,0.9809,0.0520,0.991
3.263670921,0.1327,0.9809,0.0489,0.991
3.264764613,0.1346,0.9806,0.0489,0.991
3.265883075,0.1393,0.9802,0.0489,0.991
3.267004844,0.1432,0.9836,0.0501,0.995
3.268294998,0.1451,0.9850,0.0496,0.997
3.269563036,0.1510,0.9865,0.0511,0.999
3.270652883,0.1532,0.9882,0.0528,1.001
3.271566036,0.1603,0.9914,0.0537,1.006
3.27277369,0.1642,0.9948,0.0572,1.010
3.273914536,0.1678,0.9968,0.0589,1.013
3.274601729,0.1730,0.9992,0.0643,1.016
3.275454575,0.1761,1.0048,0.0689,1.022
3.276414883,0.1786,1.0075,0.0704,1.026
3.278889306,0.1808,1.0134,0.0787,1.032
3.280553575,0.1830,1.0161,0.0826,1.036
3.281645229,0.1854,1.0219,0.0906,1.043
3.28921369,0.1869,1.0285,0.0987,1.050
3.29049596,0.1871,1.0317,0.1036,1.054
3.291650229,0.1867,1.0368,0.1141,1.060
3.292668036,0.1852,1.0425,0.1226,1.066
3.293957498,0.1842,1.0444,0.1263,1.068
3.295197767,0.1830,1.0483,0.1341,1.073
3.296816729,0.1805,1.0512,0.1427,1.076
3.297976613,0.1783,1.0537,0.1449,1.078
3.301642075,0.1752,1.0571,0.1495,1.082
3.303249767,0.1752,1.0576,0.1546,1.083
3.304362113,0.1735,1.0581,0.1603,1.084
3.305228575,0.1695,1.0596,0.1630,1.085
3.307263383,0.1686,1.0596,0.1652,1.086
3.309258767,0.1659,1.0596,0.1647,1.085
3.311261575,0.1612,1.0591,0.1647,1.084
3.313199883,0.1610,1.0581,0.1617,1.082
3.31862319,0.1588,1.0586,0.1561,1.082
3.319159383,0.1576,1.0586,0.1539,1.081
3.319419729,0.1539,1.0593,0.1483,1.081
3.321092267,0.1520,1.0591,0.1434,1.079
3.322899536,0.1507,1.0598,0.1407,1.080
3.325086883,0.1478,1.0588,0.1366,1.078
3.326861306,0.1459,1.0576,0.1344,1.076
3.328810036,0.1451,1.0574,0.1317,1.075
3.330787613,0.1432,1.0542,0.1248,1.071
3.344706806,0.1410,1.0530,0.1226,1.069
3.34530469,0.1383,1.0483,0.1143,1.064
3.345586036,0.1368,1.0439,0.1046,1.058
3.345837767,0.1358,1.0422,0.0992,1.056
3.346531306,0.1344,1.0393,0.0892,1.052
3.346812383,0.1344,1.0373,0.0848,1.049
3.347049036,0.1353,1.0322,0.0748,1.044
3.347276421,0.1358,1.0298,0.0652,1.041
3.354589536,0.1373,1.0290,0.0623,1.040
3.355192767,0.1395,1.0256,0.0584,1.037
3.355443421,0.1471,1.0258,0.0562,1.038
3.355710921,0.1488,1.0246,0.0508,1.037
3.356405344,0.1549,1.0254,0.0491,1.038
3.358455306,0.1586,1.0263,0.0491,1.040
3.360590036,0.1676,1.0276,0.0459,1.042
3.365802883,0.1766,1.0283,0.0462,1.044
3.366469383,0.1805,1.0285,0.0462,1.045
3.382037613,0.1915,1.0276,0.0457,1.046
3.382696613,0.2001,1.0256,0.0457,1.046
3.383087267,0.2060,1.0256,0.0472,1.047
3.383796344,0.2130,1.0254,0.0498,1.048
3.385578536,0.2169,1.0251,0.0511,1.049
3.386291229,0.2260,1.0217,0.0555,1.048
3.386546113,0.2345,1.0202,0.0569,1.048
3.386793806,0.2380,1.0197,0.0574,1.049
3.387015575,0.2458,1.0205,0.0599,1.051
3.387248883,0.2548,1.0212,0.0640,1.054
3.387480459,0.2587,1.0246,0.0669,1.059
3.388138613,0.2685,1.0298,0.0723,1.067
3.389886267,0.2717,1.0327,0.0760,1.071
3.391660536,0.2766,1.0420,0.0862,1.081
3.396664959,0.2756,1.0534,0.0977,1.093
3.397159344,0.2746,1.0603,0.1053,1.100
3.398673459,0.2678,1.0759,0.1197,1.115
3.40050669,0.2634,1.0835,0.1268,1.122
3.401518575,0.2504,1.1011,0.1427,1.138
3.403540921,0.2353,1.1211,0.1600,1.157
3.405423883,0.2274,1.1314,0.1656,1.166
3.407158498,0.2111,1.1529,0.1764,1.185
3.409134383,0.1981,1.1734,0.1879,1.205
3.411041383,0.1928,1.1822,0.1920,1.213
3.41608119,0.1825,1.2000,0.2011,1.230
3.416590152,0.1779,1.2083,0.2055,1.239
3.417297498,0.1698,1.2274,0.2123,1.257
3.419604998,0.1634,1.2425,0.2204,1.272
3.421504229,0.1622,1.2494,0.2243,1.280
3.423228998,0.1578,1.2623,0.2321,1.293
3.42525219,0.1564,1.2714,0.2375,1.303
3.427107575,0.1551,1.2750,0.2387,1.306
3.429372229,0.1556,1.2782,0.2443,1.311
3.435153421,0.1561,1.2792,0.2448,1.312
3.436039921,0.1595,1.2787,0.2421,1.311
3.436430421,0.1652,1.2745,0.2367,1.307
3.437177998,0.1681,1.2709,0.2321,1.303
3.439127036,0.1757,1.2636,0.2174,1.294
3.441143113,0.1845,1.2543,0.1989,1.283
3.471275959,0.1893,1.2489,0.1881,1.277
3.471930421,0.1998,1.2372,0.1659,1.264
3.472168959,0.2108,1.2323,0.1390,1.258
3.472391613,0.2147,1.2228,0.1251,1.248
3.472614382,0.2206,1.2142,0.0950,1.238
3.472850613,0.2231,1.2110,0.0789,1.234
3.473093113,0.2257,1.2039,0.0484,1.226
3.473319921,0.2277,1.2005,0.0176,1.222
3.473561113,0.2289,1.1991,0.0012,1.221
3.473791575,0.2289,1.1976,-0.0286,1.220
3.474049152,0.2260,1.1978,-0.0435,1.220
3.474271382,0.2240,1.1993,-0.0706,1.222
3.474497344,0.2216,1.1986,-0.0982,1.223
3.475069921,0.2216,1.1991,-0.1112,1.224
3.475543767,0.2204,1.2015,-0.1380,1.229
3.475811267,0.2169,1.2044,-0.1581,1.234
3.47604219,0.2147,1.2052,-0.1669,1.235
3.476397882,0.2079,1.2071,-0.1845,1.239
3.478279882,0.2038,1.2076,-0.1908,1.239
3.481928267,0.1935,1.2076,-0.2035,1.240
3.482525652,0.1786,1.2088,-0.2162,1.241
3.484544036,0.1710,1.2093,-0.2194,1.241
3.486396498,0.1527,1.2118,-0.2248,1.242
3.488381075,0.1331,1.2105,-0.2274,1.239
3.490197998,0.1224,1.2096,-0.2267,1.237
3.492439075,0.0982,1.2079,-0.2233,1.232
3.494238959,0.0867,1.2071,-0.2194,1.230
3.496333075,0.0623,1.2054,-0.2138,1.226
3.498756767,0.0391,1.2027,-0.2035,1.220
3.500387036,0.0286,1.2010,-0.1967,1.217
3.502063306,0.0078,1.1981,-0.1801,1.212
3.504114652,-0.0117,1.1925,-0.1632,1.204
3.506063536,-0.0205,1.1898,-0.1544,1.200
3.508177306,-0.0366,1.1859,-0.1356,1.194
3.51014119,-0.0508,1.1820,-0.1124,1.188
3.512006806,-0.0581,1.1741,-0.1004,1.180
3.514146036,-0.0679,1.1658,-0.0772,1.170
3.516928959,-0.0718,1.1614,-0.0655,1.165
3.519406767,-0.0784,1.1502,-0.0432,1.154
3.520613844,-0.0843,1.1385,-0.0195,1.142
3.522078152,-0.0880,1.1309,-0.0078,1.134
3.523971459,-0.0931,1.1155,0.0120,1.119
3.525968767,-0.0963,1.1028,0.0293,1.107
3.527857344,-0.0975,1.0950,0.0384,1.100
3.529947806,-0.1016,1.0803,0.0525,1.086
3.539644113,-0.1036,1.0737,0.0594,1.080
3.541225729,-0.1073,1.0583,0.0687,1.066
3.54228119,-0.1107,1.0422,0.0748,1.051
3.543578575,-0.1129,1.0344,0.0765,1.043
3.544678075,-0.1131,1.0197,0.0796,1.029
3.545806421,-0.1134,1.0124,0.0789,1.022
3.547015536,-0.1146,0.9973,0.0770,1.007
3.548405382,-0.1124,0.9853,0.0730,0.994
3.54882569,-0.1102,0.9794,0.0699,0.988
3.550051575,-0.1041,0.9682,0.0638,0.976
3.551508844,-0.0992,0.9569,0.0559,0.964
3.55455519,-0.0960,0.9518,0.0518,0.958
3.555495729,-0.0894,0.9433,0.0435,0.948
3.557606805,-0.0814,0.9389,0.0396,0.943
3.560124421,-0.0777,0.9308,0.0310,0.935
3.561123267,-0.0696,0.9242,0.0222,0.927
3.563854805,-0.0657,0.9215,0.0193,0.924
3.578604036,-0.0579,0.9208,0.0132,0.923
3.579418152,-0.0515,0.9183,0.0054,0.920
3.579829036,-0.0479,0.9179,0.0027,0.919
3.580132536,-0.0398,0.9161,-0.0012,0.917
3.587991805,-0.0366,0.9174,-0.0056,0.918
3.588942729,-0.0296,0.9188,-0.0086,0.919
3.589456036,-0.0213,0.9193,-0.0120,0.920
3.589906421,-0.0188,0.9213,-0.0147,0.922
3.590320998,-0.0105,0.9257,-0.0171,0.926
3.590701729,-0.0061,0.9342,-0.0210,0.934
3.591069652,-0.0042,0.9367,-0.0210,0.937
3.591428113,0.0022,0.9403,-0.0235,0.941
3.591807613,0.0046,0.9438,-0.0232,0.944
3.592169075,0.0093,0.9504,-0.0232,0.951
3.592672152,0.0149,0.9555,-0.0259,0.956
3.594896305,0.0178,0.9594,-0.0264,0.960
3.596915344,0.0227,0.9657,-0.0259,0.966
3.599566075,0.0271,0.9719,-0.0288,0.973
3.602300575,0.0296,0.9758,-0.0283,0.977
3.603221113,0.0342,0.9833,-0.0310,0.984
3.604793921,0.0362,0.9865,-0.0322,0.988
3.606863344,0.0420,0.9929,-0.0352,0.994
3.608533921,0.0457,0.9982,-0.0347,1.000
3.610498229,0.0472,1.0014,-0.0359,1.003
3.612650344,0.0484,1.0051,-0.0369,1.007
3.617509075,0.0501,1.0095,-0.0406,1.012
3.618157844,0.0496,1.0114,-0.0423,1.014
3.618423498,0.0489,1.0141,-0.0435,1.016
3.620273767,0.0472,1.0139,-0.0454,1.016
3.622204882,0.0432,1.0139,-0.0489,1.016
3.624086113,0.0384,1.0119,-0.0537,1.014
3.626159344,0.0366,1.0107,-0.0569,1.013
3.628117113,0.0318,1.0075,-0.0613,1.010
3.630183382,0.0235,1.0029,-0.0665,1.005
3.634833229,0.0198,1.0007,-0.0687,1.003
3.635438652,0.0112,0.9948,-0.0743,0.998
3.636024498,0.0039,0.9912,-0.0774,0.994
3.637954844,-0.0007,0.9819,-0.0836,0.985
3.64007669,-0.0090,0.9750,-0.0904,0.979
3.642211036,-0.0134,0.9706,-0.0948,0.975
3.643950575,-0.0242,0.9626,-0.0999,0.968
3.645747421,-0.0318,0.9557,-0.1021,0.962
3.662581305,-0.0359,0.9535,-0.1024,0.960
3.663194882,-0.0440,0.9464,-0.1029,0.953
3.663461921,-0.0459,0.9435,-0.1036,0.950
3.663718152,-0.0498,0.9408,-0.1051,0.948
3.663988344,-0.0542,0.9350,-0.1033,0.942
3.66422369,-0.0552,0.9330,-0.1007,0.940
3.664467305,-0.0577,0.9284,-0.0950,0.935
3.664725382,-0.0596,0.9242,-0.0904,0.931
3.665005421,-0.0601,0.9232,-0.0877,0.929
3.670787267,-0.0606,0.9198,-0.0779,0.925
3.671345652,-0.0606,0.9196,-0.0738,0.925
3.671616344,-0.0616,0.9174,-0.0652,0.922
3.671915613,-0.0618,0.9174,-0.0557,0.921
3.673416036,-0.0608,0.9166,-0.0506,0.920
3.675395344,-0.0606,0.9152,-0.0403,0.918
3.677404113,-0.0594,0.9137,-0.0286,0.916
3.679907959,-0.0581,0.9137,-0.0227,0.916
3.682821075,-0.0574,0.9132,-0.0132,0.915
3.683637767,-0.0562,0.9130,-0.0078,0.915
3.685562728,-0.0552,0.9105,0.0022,0.912
3.687302382,-0.0559,0.9115,0.0129,0.913
3.689450959,-0.0550,0.9105,0.0181,0.912
3.691108305,-0.0523,0.9091,0.0281,0.911
3.693257882,-0.0511,0.9091,0.0359,0.911
3.695122882,-0.0493,0.9088,0.0406,0.911
3.697554575,-0.0464,0.9078,0.0503,0.910
3.699336459,-0.0425,0.9059,0.0577,0.909
3.701155844,-0.0408,0.9042,0.0601,0.907
3.703107498,-0.0369,0.9022,0.0665,0.905
3.705371998,-0.0344,0.9010,0.0696,0.904
3.707001728,-0.0296,0.8998,0.0755,0.903
3.709161575,-0.0269,0.8978,0.0804,0.902
3.711062805,-0.0257,0.8968,0.0821,0.901
3.712902113,-0.0205,0.8927,0.0848,0.897
3.715612075,-0.0169,0.8922,0.0872,0.897
3.71722369,-0.0144,0.8905,0.0889,0.895
3.718956498,-0.0110,0.8898,0.0909,0.894
3.720935613,-0.0098,0.8881,0.0899,0.893
3.722618267,-0.0078,0.8846,0.0882,0.889
3.724593421,-0.0022,0.8819,0.0860,0.886
3.726540844,-0.0002,0.8817,0.0843,0.886
3.728877921,0.0037,0.8763,0.0794,0.880
3.730764421,0.0054,0.8753,0.0757,0.879
3.734950498,0.0081,0.8705,0.0706,0.873
3.736417228,0.0127,0.8668,0.0669,0.869
3.736883805,0.0132,0.8639,0.0645,0.866
3.738842113,0.0142,0.8607,0.0581,0.863
3.740502305,0.0154,0.8595,0.0547,0.861
3.742452075,0.0164,0.8585,0.0520,0.860
3.744496075,0.0161,0.8563,0.0474,0.858
3.746315382,0.0156,0.8553,0.0435,0.857
3.756646305,0.0142,0.8543,0.0371,0.855
3.758183036,0.0103,0.8548,0.0340,0.856
3.75900169,0.0086,0.8558,0.0300,0.856
3.76028519,0.0042,0.8565,0.0247,0.857
3.761256536,-0.0012,0.8568,0.0217,0.857
3.762468075,-0.0039,0.8573,0.0208,0.858
3.763395498,-0.0088,0.8592,0.0156,0.859
3.764872998,-0.0129,0.8607,0.0134,0.861
3.765869921,-0.0156,0.8622,0.0125,0.862
3.767044498,-0.0198,0.8636,0.0107,0.864
3.768463075,-0.0222,0.8641,0.0110,0.864
3.771407882,-0.0264,0.8675,0.0093,0.868
3.773308036,-0.0313,0.8692,0.0068,0.870
3.774630728,-0.0337,0.8705,0.0051,0.871
3.776412305,-0.0349,0.8712,0.0032,0.872
3.778245267,-0.0366,0.8741,0.0022,0.875
3.780072998,-0.0381,0.8744,0.0010,0.875
3.783178267,-0.0384,0.8778,0.0002,0.879
3.785070421,-0.0386,0.8788,0.0000,0.880
3.786484998,-0.0391,0.8780,0.0024,0.879
3.787901151,-0.0384,0.8797,0.0032,0.881
3.790072998,-0.0379,0.8802,0.0032,0.881
3.791959921,-0.0354,0.8824,0.0044,0.883
3.793883075,-0.0327,0.8819,0.0054,0.883
3.795948036,-0.0330,0.8795,0.0073,0.880
3.799104921,-0.0283,0.8778,0.0120,0.878
3.800471075,-0.0264,0.8773,0.0142,0.878
3.801590767,-0.0225,0.8768,0.0166,0.877
3.803452613,-0.0193,0.8732,0.0205,0.874
3.805524536,-0.0164,0.8732,0.0232,0.874
3.807524382,-0.0122,0.8710,0.0281,0.871
3.809433228,-0.0090,0.8702,0.0337,0.871
3.811371728,-0.0064,0.8683,0.0369,0.869
3.813298459,-0.0029,0.8648,0.0432,0.866
3.815860267,-0.0002,0.8641,0.0454,0.865
3.817542459,0.0061,0.8631,0.0501,0.865
3.820661998,0.0098,0.8597,0.0569,0.862
3.821223151,0.0127,0.8592,0.0608,0.861
3.823562382,0.0169,0.8604,0.0665,0.863
3.825263421,0.0249,0.8597,0.0704,0.863
3.82713569,0.0271,0.8597,0.0718,0.863
3.829235151,0.0300,0.8575,0.0735,0.861
3.83266119,0.0315,0.8556,0.0733,0.859
3.833519075,0.0330,0.8519,0.0735,0.856
3.835204344,0.0337,0.8482,0.0748,0.852
3.837254421,0.0332,0.8477,0.0752,0.852
3.839186305,0.0298,0.8458,0.0748,0.850
3.841173151,0.0254,0.8446,0.0748,0.848
3.843054036,0.0222,0.8433,0.0743,0.847
3.845412728,0.0159,0.8419,0.0799,0.846
3.846953805,0.0105,0.8411,0.0821,0.845
3.851504075,0.0083,0.8411,0.0838,0.845
3.852131536,0.0034,0.8411,0.0865,0.846
3.852981844,0.0027,0.8399,0.0875,0.844
3.855180075,0.0012,0.8419,0.0897,0.847
3.856772459,0.0027,0.8424,0.0936,0.848
3.858756113,0.0024,0.8421,0.0965,0.848
3.860773113,0.0034,0.8416,0.0980,0.847
3.862726267,0.0049,0.8402,0.0975,0.846
3.872890382,0.0061,0.8387,0.0989,0.845
3.874368844,0.0083,0.8385,0.0977,0.844
3.875434036,0.0088,0.8387,0.0965,0.844
3.876574344,0.0110,0.8380,0.0948,0.843
3.87757369,0.0115,0.8375,0.0921,0.843
3.878567074,0.0132,0.8372,0.0906,0.842
3.879650151,0.0125,0.8363,0.0862,0.841
3.880737459,0.0117,0.8363,0.0845,0.841
3.88197469,0.0107,0.8380,0.0801,0.842
3.883169805,0.0105,0.8372,0.0750,0.841
3.886591998,0.0107,0.8370,0.0728,0.840
3.888303267,0.0120,0.8382,0.0694,0.841
3.924770536,0.0115,0.8365,0.0665,0.839
3.926449421,0.0115,0.8355,0.0652,0.838
3.927682074,0.0103,0.8377,0.0635,0.840
3.928991267,0.0095,0.8382,0.0618,0.841
3.930207344,0.0088,0.8392,0.0596,0.841
3.933415498,0.0061,0.8394,0.0586,0.842
3.93630069,0.0061,0.8397,0.0591,0.842
3.937566459,0.0068,0.8433,0.0596,0.845
3.938820921,0.0056,0.8453,0.0572,0.847
3.940175574,0.0044,0.8463,0.0574,0.848
3.941484882,0.0032,0.8468,0.0589,0.849
3.942760113,0.0015,0.8504,0.0618,0.853
3.944166382,0.0002,0.8512,0.0628,0.853
3.944708382,-0.0012,0.8529,0.0635,0.855
3.945085998,-0.0010,0.8539,0.0645,0.856
3.945446613,-0.0051,0.8556,0.0667,0.858
3.945875921,-0.0095,0.8570,0.0691,0.860
3.946139613,-0.0117,0.8573,0.0704,0.860
3.946406344,-0.0154,0.8595,0.0721,0.863
3.946682574,-0.0193,0.8619,0.0755,0.865
3.946972151,-0.0222,0.8626,0.0777,0.866
3.947262344,-0.0264,0.8651,0.0809,0.869
3.947871036,-0.0293,0.8673,0.0821,0.872
3.948335151,-0.0352,0.8697,0.0855,0.875
3.94873769,-0.0413,0.8712,0.0880,0.877
3.949103344,-0.0445,0.8734,0.0906,0.879
3.949416998,-0.0479,0.8773,0.0977,0.884
3.958721651,-0.0493,0.8800,0.1038,0.887
3.959695805,-0.0498,0.8827,0.1077,0.891
3.960306228,-0.0479,0.8859,0.1168,0.895
3.960628382,-0.0479,0.8925,0.1236,0.902
3.960916113,-0.0489,0.8946,0.1273,0.905
3.961192959,-0.0523,0.8978,0.1351,0.909
3.961525151,-0.0552,0.9015,0.1380,0.914
3.961860844,-0.0584,0.9071,0.1441,0.920
3.962212998,-0.0601,0.9122,0.1502,0.926
3.962541921,-0.0608,0.9147,0.1529,0.929
3.962894344,-0.0616,0.9198,0.1566,0.935
3.963858267,-0.0611,0.9227,0.1578,0.938
3.976495305,-0.0584,0.9291,0.1603,0.945
3.977526728,-0.0537,0.9313,0.1634,0.947
3.977993959,-0.0518,0.9320,0.1642,0.948
3.978355882,-0.0462,0.9357,0.1610,0.951
3.978683382,-0.0418,0.9384,0.1600,0.953
3.979002574,-0.0396,0.9394,0.1590,0.954
3.979284997,-0.0359,0.9403,0.1542,0.954
3.986909767,-0.0315,0.9425,0.1493,0.955
3.987904728,-0.0288,0.9457,0.1461,0.957
3.988273228,-0.0257,0.9489,0.1410,0.960
3.988594921,-0.0235,0.9486,0.1385,0.959
3.988924882,-0.0198,0.9521,0.1344,0.962
3.99379369,-0.0156,0.9560,0.1292,0.965
3.994276267,-0.0147,0.9569,0.1270,0.965
3.997927959,-0.0127,0.9582,0.1200,0.966
3.998525728,-0.0112,0.9587,0.1141,0.965
3.998893882,-0.0100,0.9569,0.1099,0.963
4.000962228,-0.0103,0.9569,0.1011,0.962
4.001572228,-0.0110,0.9565,0.0933,0.961
4.003092536,-0.0115,0.9569,0.0887,0.961
4.005138959,-0.0112,0.9572,0.0794,0.961
4.009840344,-0.0115,0.9565,0.0745,0.959
4.010377497,-0.0090,0.9516,0.0662,0.954
4.011279036,-0.0078,0.9482,0.0591,0.950
4.019595113,-0.0078,0.9472,0.0559,0.949
4.020396651,-0.0086,0.9474,0.0481,0.949
4.020782651,-0.0098,0.9469,0.0396,0.948
4.021179151,-0.0112,0.9462,0.0359,0.947
4.021480997,-0.0137,0.9474,0.0293,0.948
4.023171728,-0.0139,0.9486,0.0271,0.949
4.025321613,-0.0156,0.9506,0.0232,0.951
4.031904882,-0.0183,0.9545,0.0193,0.955
4.036360651,-0.0191,0.9574,0.0176,0.958
4.037063151,-0.0225,0.9645,0.0127,0.965
4.037409459,-0.0247,0.9662,0.0103,0.967
4.037746921,-0.0269,0.9714,0.0088,0.972
4.038051613,-0.0313,0.9782,0.0056,0.979
4.038984305,-0.0340,0.9809,0.0049,0.981
4.040681728,-0.0376,0.9892,0.0022,0.990
4.042949113,-0.0408,0.9958,-0.0007,0.997
4.044743113,-0.0425,1.0007,-0.0032,1.002
4.046439459,-0.0447,1.0085,-0.0066,1.010
4.049789767,-0.0479,1.0158,-0.0090,1.017
4.050561805,-0.0486,1.0188,-0.0122,1.020
4.052915267,-0.0503,1.0241,-0.0169,1.026
4.054657536,-0.0498,1.0268,-0.0195,1.028
4.056589459,-0.0489,1.0307,-0.0230,1.032
4.058208036,-0.0469,1.0339,-0.0279,1.035
4.060205344,-0.0469,1.0344,-0.0291,1.036
4.062063921,-0.0450,1.0363,-0.0335,1.038
4.06407019,-0.0430,1.0385,-0.0386,1.040
4.06722269,-0.0415,1.0390,-0.0398,1.041
4.068266113,-0.0379,1.0385,-0.0442,1.040
4.070257882,-0.0376,1.0373,-0.0454,1.039
4.072392536,-0.0349,1.0371,-0.0469,1.039
4.074158767,-0.0327,1.0366,-0.0469,1.038
4.076162921,-0.0332,1.0354,-0.0469,1.037
4.077870997,-0.0325,1.0334,-0.0445,1.035
4.079832767,-0.0325,1.0315,-0.0386,1.033
4.082842459,-0.0332,1.0300,-0.0366,1.031
4.08532469,-0.0342,1.0283,-0.0303,1.029
4.08648469,-0.0352,1.0276,-0.0274,1.029
4.087930267,-0.0349,1.0249,-0.0235,1.026
4.089913767,-0.0381,1.0232,-0.0154,1.024
4.09211819,-0.0420,1.0222,-0.0117,1.023
4.093739844,-0.0520,1.0227,-0.0044,1.024
4.095847459,-0.0689,1.0222,-0.0020,1.024
4.097833536,-0.0789,1.0202,-0.0010,1.023
4.099966651,-0.0965,1.0188,0.0000,1.023
4.102070267,-0.1046,1.0192,0.0000,1.025
4.103632574,-0.1200,1.0190,0.0010,1.026
4.105529997,-0.1331,1.0205,0.0017,1.029
4.107483997,-0.1395,1.0227,0.0044,1.032
4.109351997,-0.1471,1.0263,0.0090,1.037
4.111427613,-0.1500,1.0293,0.0149,1.040
4.113678344,-0.1510,1.0371,0.0193,1.048
4.117405228,-0.1480,1.0461,0.0288,1.057
4.11807269,-0.1461,1.0512,0.0335,1.062
4.119323767,-0.1390,1.0622,0.0423,1.072
4.121209844,-0.1280,1.0754,0.0481,1.084
4.123541382,-0.1207,1.0830,0.0506,1.091
4.125269536,-0.1036,1.0991,0.0542,1.105
4.12725869,-0.0882,1.1150,0.0559,1.120
4.129423382,-0.0787,1.1228,0.0572,1.127
4.131323651,-0.0633,1.1407,0.0581,1.144
4.133364767,-0.0557,1.1480,0.0591,1.151
4.135255036,-0.0406,1.1627,0.0596,1.165
4.137036844,-0.0276,1.1783,0.0596,1.180
4.139339459,-0.0227,1.1856,0.0586,1.187
4.141351382,-0.0147,1.1978,0.0555,1.199
4.142975228,-0.0049,1.2108,0.0550,1.212
4.14514369,-0.0015,1.2174,0.0552,1.219
4.147031074,0.0059,1.2286,0.0564,1.230
4.153197497,0.0098,1.2342,0.0581,1.236
4.153831497,0.0181,1.2457,0.0599,1.247
4.15409292,0.0266,1.2579,0.0640,1.260
4.154942844,0.0291,1.2621,0.0679,1.264
4.15696742,0.0340,1.2701,0.0772,1.273
4.15961669,0.0369,1.2753,0.0887,1.279
4.161893767,0.0374,1.2780,0.0950,1.282
4.162875459,0.0386,1.2811,0.1060,1.286
4.165138382,0.0386,1.2829,0.1124,1.288
4.172147305,0.0357,1.2838,0.1302,1.291
4.172901959,0.0340,1.2833,0.1510,1.293
4.173210382,0.0313,1.2833,0.1600,1.294
4.173480728,0.0254,1.2824,0.1749,1.294
4.17440842,0.0164,1.2811,0.1893,1.295
4.176571228,0.0122,1.2804,0.1959,1.295
4.178433459,0.0034,1.2819,0.2067,1.298
4.180345613,-0.0020,1.2824,0.2094,1.299
4.184714267,-0.0159,1.2814,0.2118,1.299
4.185465728,-0.0293,1.2833,0.2108,1.301
4.186412228,-0.0354,1.2836,0.2064,1.301
4.19140969,-0.0496,1.2858,0.1942,1.301
4.192054228,-0.0613,1.2855,0.1783,1.299
4.19239992,-0.0677,1.2870,0.1669,1.300
4.19472519,-0.0796,1.2909,0.1407,1.301
4.196290767,-0.0853,1.2916,0.1253,1.301
4.198219574,-0.0967,1.2941,0.0948,1.301
4.200933113,-0.1085,1.2958,0.0596,1.302
4.202496767,-0.1136,1.2975,0.0430,1.303
4.204497382,-0.1244,1.2970,0.0088,1.303
4.20631292,-0.1346,1.2987,-0.0244,1.306
4.20859792,-0.1380,1.3000,-0.0391,1.308
4.211063805,-0.1429,1.3024,-0.0699,1.312
4.214393843,-0.1466,1.3034,-0.0840,1.314
4.215036805,-0.1498,1.3073,-0.1092,1.320
4.217230228,-0.1529,1.3131,-0.1324,1.329
4.217920882,-0.1532,1.3158,-0.1412,1.332
4.220171382,-0.1498,1.3219,-0.1559,1.339
4.221902113,-0.1468,1.3251,-0.1617,1.343
4.224004651,-0.1400,1.3332,-0.1664,1.351
4.226781459,-0.1317,1.3427,-0.1700,1.360
4.22787542,-0.1270,1.3464,-0.1695,1.363
4.22968542,-0.1170,1.3566,-0.1676,1.372
4.231547613,-0.1060,1.3681,-0.1637,1.382
4.236369343,-0.0997,1.3735,-0.1588,1.386
4.236995767,-0.0889,1.3820,-0.1473,1.393
4.23770219,-0.0848,1.3872,-0.1410,1.397
4.241757305,-0.0772,1.3969,-0.1266,1.405
4.242053767,-0.0684,1.4065,-0.1080,1.412
4.243468497,-0.0635,1.4131,-0.0989,1.418
4.245441997,-0.0567,1.4219,-0.0821,1.425
4.247440267,-0.0501,1.4302,-0.0660,1.433
4.256522882,-0.0479,1.4351,-0.0572,1.437
4.257301459,-0.0410,1.4409,-0.0423,1.442
4.257598382,-0.0371,1.4431,-0.0300,1.444
4.257892113,-0.0352,1.4473,-0.0252,1.448
4.258181343,-0.0322,1.4478,-0.0166,1.448
4.259249267,-0.0320,1.4456,-0.0132,1.446
4.261350036,-0.0288,1.4412,-0.0076,1.441
4.263183651,-0.0259,1.4336,-0.0027,1.434
4.265588228,-0.0252,1.4289,-0.0017,1.429
4.267707382,-0.0222,1.4158,-0.0020,1.416
4.269461151,-0.0166,1.4082,-0.0029,1.408
4.271141305,-0.0142,1.3918,-0.0073,1.392
4.273602997,-0.0083,1.3732,-0.0122,1.373
4.27554569,-0.0068,1.3642,-0.0149,1.364
4.277084767,-0.0015,1.3444,-0.0203,1.345
4.278910728,0.0027,1.3237,-0.0257,1.324
4.281325036,0.0056,1.3139,-0.0296,1.314
4.28397919,0.0107,1.2912,-0.0379,1.292
4.285284497,0.0183,1.2785,-0.0442,1.279
4.286917228,0.0217,1.2521,-0.0555,1.253
4.289033382,0.0313,1.2279,-0.0689,1.230
4.290871343,0.0374,1.2147,-0.0765,1.218
4.29293169,0.0479,1.1873,-0.0919,1.192
4.294810613,0.0606,1.1609,-0.1038,1.167
4.296695728,0.0660,1.1478,-0.1114,1.155
4.298589882,0.0750,1.1241,-0.1239,1.133
4.300819343,0.0843,1.1106,-0.1363,1.122
4.304660497,0.0889,1.0884,-0.1419,1.101
4.306062766,0.0965,1.0640,-0.1510,1.079
4.30648869,0.1002,1.0520,-0.1551,1.068
4.308934266,0.1075,1.0307,-0.1595,1.049
4.310584882,0.1165,1.0112,-0.1617,1.031
4.312925497,0.1192,1.0004,-0.1625,1.021
4.31453642,0.1258,0.9809,-0.1615,1.002
4.318451305,0.1319,0.9640,-0.1588,0.986
4.318886728,0.1351,0.9565,-0.1588,0.979
4.32062042,0.1432,0.9420,-0.1546,0.965
4.322546074,0.1454,0.9359,-0.1517,0.959
4.324438343,0.1483,0.9252,-0.1444,0.948
4.328030728,0.1524,0.9159,-0.1344,0.938
4.329738805,0.1537,0.9130,-0.1292,0.935
4.330536113,0.1573,0.9083,-0.1175,0.929
4.33229942,0.1600,0.9039,-0.1046,0.924
4.33754619,0.1612,0.9020,-0.0982,0.922
4.338398613,0.1605,0.8981,-0.0862,0.916
4.338828843,0.1612,0.8976,-0.0806,0.916
4.340303228,0.1625,0.8976,-0.0689,0.915
4.342158382,0.1620,0.8986,-0.0557,0.915
4.344434805,0.1620,0.8986,-0.0496,0.914
4.346069959,0.1612,0.9003,-0.0423,0.916
4.348375266,0.1590,0.9037,-0.0313,0.918
4.361006228,0.1564,0.9064,-0.0254,0.920
4.361618151,0.1537,0.9132,-0.0159,0.926
4.361866151,0.1507,0.9161,-0.0127,0.929
4.362099651,0.1441,0.9232,-0.0044,0.934
4.362331843,0.1388,0.9313,0.0027,0.942
4.362555459,0.1368,0.9347,0.0071,0.945
4.362790113,0.1297,0.9423,0.0120,0.951
4.36381642,0.1217,0.9462,0.0149,0.954
4.36584042,0.1185,0.9540,0.0208,0.962
4.370407497,0.1126,0.9621,0.0274,0.969
4.370959997,0.1104,0.9672,0.0288,0.974
4.371574651,0.1048,0.9753,0.0340,0.981
4.373667882,0.0999,0.9824,0.0388,0.988
4.375665574,0.0980,0.9855,0.0408,0.991
4.37747842,0.0950,0.9921,0.0462,0.998
4.379458882,0.0906,0.9977,0.0493,1.003
4.381554843,0.0897,0.9990,0.0496,1.004
4.383574997,0.0860,1.0017,0.0518,1.007
4.38546392,0.0838,1.0029,0.0528,1.008
4.38737592,0.0826,1.0061,0.0523,1.011
4.389712959,0.0843,1.0095,0.0491,1.014
4.391426497,0.0848,1.0102,0.0467,1.015
4.39353819,0.0850,1.0114,0.0425,1.016
4.39540269,0.0862,1.0097,0.0357,1.014
4.397387613,0.0875,1.0097,0.0315,1.014
4.400057036,0.0877,1.0114,0.0242,1.016
4.403225228,0.0884,1.0105,0.0156,1.014
4.404770843,0.0892,1.0073,0.0112,1.011
4.405852266,0.0882,1.0036,0.0017,1.007
4.407387382,0.0882,1.0012,-0.0034,1.005
4.409624382,0.0872,0.9963,-0.0156,1.000
4.411163036,0.0848,0.9897,-0.0239,0.994
4.413485074,0.0840,0.9875,-0.0281,0.991
4.418813766,0.0838,0.9809,-0.0371,0.985
4.420370997,0.0828,0.9782,-0.0413,0.983
4.421552074,0.0796,0.9733,-0.0479,0.978
4.422493151,0.0777,0.9665,-0.0537,0.971
4.423565689,0.0760,0.9628,-0.0559,0.967
4.425051997,0.0738,0.9562,-0.0633,0.961
4.426950343,0.0730,0.9489,-0.0687,0.954
4.429178766,0.0716,0.9455,-0.0718,0.951
4.430973959,0.0701,0.9381,-0.0757,0.944
4.441459997,0.0684,0.9350,-0.0762,0.941
4.442938382,0.0687,0.9264,-0.0787,0.932
4.443898997,0.0665,0.9198,-0.0777,0.925
4.444992613,0.0643,0.9174,-0.0774,0.923
4.446003189,0.0650,0.9113,-0.0757,0.917
4.447044382,0.0633,0.9044,-0.0733,0.910
4.447983959,0.0625,0.8998,-0.0723,0.905
4.448518805,0.0625,0.8915,-0.0696,0.896
4.448774228,0.0608,0.8881,-0.0677,0.893
4.464836805,0.0586,0.8802,-0.0643,0.885
4.465392997,0.0542,0.8756,-0.0564,0.879
4.465642036,0.0528,0.8729,-0.0535,0.876
4.465870036,0.0518,0.8675,-0.0481,0.870
4.466103843,0.0493,0.8600,-0.0432,0.862
4.466348266,0.0472,0.8570,-0.0410,0.859
4.466580805,0.0454,0.8502,-0.0364,0.852
4.466800036,0.0445,0.8475,-0.0340,0.849
4.467032305,0.0413,0.8409,-0.0283,0.842
4.474740228,0.0384,0.8363,-0.0227,0.837
4.475227574,0.0374,0.8326,-0.0208,0.834
4.475490343,0.0344,0.8272,-0.0156,0.828
4.475718036,0.0296,0.8253,-0.0112,0.826
4.476432805,0.0276,0.8233,-0.0071,0.824
4.478549266,0.0232,0.8189,-0.0015,0.819
4.480258882,0.0198,0.8155,0.0017,0.816
4.482108843,0.0173,0.8148,0.0027,0.815
4.484396113,0.0144,0.8123,0.0044,0.812
4.486083343,0.0127,0.8101,0.0064,0.810
4.488109266,0.0093,0.8099,0.0078,0.810
4.490051689,0.0059,0.8079,0.0081,0.808
4.492080305,0.0017,0.8062,0.0095,0.806
4.494058574,-0.0007,0.8047,0.0112,0.805
4.496217382,-0.0046,0.8055,0.0093,0.806
4.498186997,-0.0056,0.8050,0.0090,0.805
4.501465074,-0.0083,0.8011,0.0078,0.801
4.503173305,-0.0098,0.8006,0.0064,0.801
4.504478689,-0.0098,0.8003,0.0056,0.800
4.506487459,-0.0112,0.7981,0.0046,0.798
4.508040805,-0.0120,0.7981,0.0022,0.798
4.510085882,-0.0120,0.7962,-0.0017,0.796
4.511943651,-0.0139,0.7952,-0.0034,0.795
4.513792113,-0.0137,0.7938,-0.0051,0.794
4.516003459,-0.0132,0.7916,-0.0090,0.792
4.519659959,-0.0125,0.7908,-0.0107,0.791
4.520873766,-0.0105,0.7881,-0.0120,0.788
4.521896266,-0.0081,0.7869,-0.0129,0.787
4.523548459,-0.0064,0.7859,-0.0127,0.786
4.525901574,-0.0032,0.7823,-0.0127,0.782
4.527539997,-0.0017,0.7818,-0.0117,0.782
4.529556266,0.0015,0.7832,-0.0103,0.783
4.531394728,0.0049,0.7793,-0.0071,0.779
4.541428497,0.0059,0.7791,-0.0068,0.779
4.542838305,0.0086,0.7801,-0.0051,0.780
4.543894459,0.0139,0.7813,-0.0015,0.781
4.544930151,0.0181,0.7803,0.0005,0.781
4.546059305,0.0230,0.7808,0.0027,0.781
4.547670266,0.0242,0.7820,0.0059,0.782
4.548589536,0.0269,0.7842,0.0088,0.785
4.549969305,0.0276,0.7874,0.0142,0.788
4.561897651,0.0279,0.7898,0.0156,0.790
4.562507305,0.0283,0.7942,0.0176,0.795
4.562760228,0.0288,0.7991,0.0191,0.800
4.563012651,0.0288,0.8025,0.0200,0.803
4.56323792,0.0310,0.8067,0.0235,0.808
4.563472766,0.0330,0.8087,0.0252,0.810
4.564357036,0.0322,0.8133,0.0264,0.814
4.564617766,0.0308,0.8172,0.0291,0.818
4.565026612,0.0318,0.8194,0.0291,0.821
4.569905997,0.0327,0.8228,0.0264,0.824
4.570386343,0.0337,0.8260,0.0279,0.827
4.570630612,0.0335,0.8267,0.0259,0.828
4.572954343,0.0349,0.8311,0.0264,0.832
4.574687228,0.0371,0.8314,0.0264,0.833
4.576863112,0.0386,0.8333,0.0239,0.835
4.578620728,0.0413,0.8355,0.0195,0.837
4.580898882,0.0430,0.8355,0.0181,0.837
4.582528805,0.0464,0.8363,0.0137,0.838
4.584949805,0.0486,0.8348,0.0103,0.836
4.586550189,0.0513,0.8338,0.0093,0.835
4.588943228,0.0547,0.8316,0.0066,0.833
4.590500036,0.0584,0.8299,0.0020,0.832
4.592739266,0.0596,0.8297,0.0002,0.832
4.594620189,0.0606,0.8280,-0.0022,0.830
4.596835882,0.0623,0.8265,-0.0034,0.829
4.59862842,0.0645,0.8238,-0.0071,0.826
4.601561536,0.0669,0.8221,-0.0110,0.825
4.603044959,0.0672,0.8211,-0.0129,0.824
4.606088074,0.0689,0.8204,-0.0164,0.823
4.607241382,0.0699,0.8182,-0.0161,0.821
4.608416189,0.0696,0.8172,-0.0169,0.820
4.610375843,0.0687,0.8148,-0.0178,0.818
4.612600305,0.0674,0.8150,-0.0169,0.818
4.614292036,0.0662,0.8143,-0.0173,0.817
4.616490305,0.0643,0.8150,-0.0181,0.818
4.619681228,0.0625,0.8160,-0.0171,0.819
4.621268497,0.0601,0.8165,-0.0139,0.819
4.624464497,0.0586,0.8162,-0.0137,0.818
4.625623882,0.0559,0.8167,-0.0103,0.819
4.626993228,0.0547,0.8170,-0.0061,0.819
4.628487843,0.0537,0.8174,-0.0042,0.819
4.629840112,0.0491,0.8228,-0.0007,0.824
4.631916228,0.0486,0.8258,0.0007,0.827
4.642625805,0.0476,0.8260,0.0034,0.827
4.644281574,0.0459,0.8319,0.0071,0.833
4.645390228,0.0445,0.8341,0.0086,0.835
4.646382535,0.0418,0.8389,0.0112,0.840
4.647733612,0.0420,0.8448,0.0164,0.846
4.648835959,0.0408,0.8470,0.0191,0.848
4.649909343,0.0403,0.8517,0.0237,0.853
4.651149805,0.0406,0.8548,0.0276,0.856
4.652369305,0.0410,0.8580,0.0296,0.859
4.652709882,0.0386,0.8624,0.0357,0.864
4.662130112,0.0384,0.8648,0.0374,0.867
4.662807266,0.0386,0.8688,0.0428,0.871
4.663079266,0.0398,0.8734,0.0464,0.876
4.663331459,0.0415,0.8746,0.0491,0.877
4.663572266,0.0437,0.8797,0.0530,0.882
4.663879035,0.0445,0.8822,0.0586,0.885
4.665536535,0.0450,0.8863,0.0608,0.890
4.670165343,0.0484,0.8912,0.0643,0.895
4.670831305,0.0515,0.8944,0.0665,0.898
4.671095882,0.0535,0.8986,0.0716,0.903
4.673394843,0.0581,0.9027,0.0757,0.908
4.675283882,0.0606,0.9049,0.0789,0.910
4.677210189,0.0640,0.9103,0.0836,0.916
4.679057805,0.0696,0.9115,0.0884,0.918
4.681212459,0.0713,0.9161,0.0916,0.923
4.683351689,0.0765,0.9186,0.0943,0.927
4.686266574,0.0794,0.9196,0.0958,0.928
4.687406305,0.0823,0.9210,0.0997,0.930
4.689303343,0.0877,0.9252,0.1026,0.935
4.691214459,0.0904,0.9271,0.1031,0.937
4.69293992,0.0965,0.9306,0.1048,0.941
4.694776535,0.1016,0.9323,0.1058,0.944
4.696894074,0.1038,0.9340,0.1063,0.946
4.698834459,0.1104,0.9376,0.1036,0.950
4.701770343,0.1129,0.9381,0.1011,0.950
4.703894382,0.1175,0.9391,0.1002,0.952
4.704612766,0.1239,0.9401,0.0982,0.953
4.706878766,0.1266,0.9403,0.0982,0.954
4.708679959,0.1314,0.9406,0.0948,0.954
4.710668035,0.1371,0.9396,0.0921,0.954
4.712830766,0.1388,0.9381,0.0906,0.953
4.714737112,0.1434,0.9374,0.0897,0.953
4.716848728,0.1451,0.9376,0.0892,0.953
4.71926742,0.1493,0.9379,0.0870,0.954
4.720672574,0.1512,0.9379,0.0845,0.954
4.722848612,0.1520,0.9376,0.0840,0.954
4.724698651,0.1542,0.9372,0.0855,0.954
4.726573459,0.1549,0.9364,0.0867,0.953
4.728566343,0.1561,0.9369,0.0880,0.954
4.733179151,0.1605,0.9347,0.0882,0.952
4.733718843,0.1608,0.9340,0.0887,0.952
4.738838651,0.1615,0.9323,0.0911,0.951
4.739867343,0.1642,0.9333,0.0950,0.952
4.740365151,0.1647,0.9333,0.0965,0.953
4.740825843,0.1652,0.9340,0.0977,0.953
4.742474689,0.1649,0.9347,0.0999,0.954
4.744404689,0.1649,0.9352,0.1016,0.955
4.746401112,0.1647,0.9340,0.1046,0.954
4.748509112,0.1639,0.9342,0.1053,0.954
4.750975343,0.1630,0.9362,0.1080,0.956
4.761534766,0.1610,0.9389,0.1087,0.959
4.762455651,0.1590,0.9403,0.1087,0.960
4.762854266,0.1559,0.9428,0.1097,0.962
4.763244305,0.1544,0.9462,0.1077,0.965
4.763613882,0.1542,0.9477,0.1051,0.966
4.764109266,0.1493,0.9486,0.1041,0.966
4.764537112,0.1468,0.9496,0.1009,0.966
4.765761151,0.1419,0.9526,0.0965,0.968
4.770026766,0.1393,0.9572,0.0943,0.972
4.771114382,0.1385,0.9594,0.0928,0.974
4.771890805,0.1371,0.9631,0.0897,0.977
4.773979958,0.1373,0.9643,0.0865,0.978
4.775891997,0.1378,0.9662,0.0845,0.980
4.777901651,0.1371,0.9716,0.0782,0.984
4.779622458,0.1393,0.9733,0.0755,0.986
4.781713535,0.1407,0.9770,0.0743,0.990
4.785297574,0.1461,0.9811,0.0728,0.995
4.786341228,0.1498,0.9821,0.0713,0.996
4.787581574,0.1542,0.9882,0.0701,1.003
4.789794112,0.1586,0.9948,0.0674,1.010
4.791480228,0.1617,0.9960,0.0652,1.011
4.793735458,0.1676,0.9992,0.0601,1.015
4.795818189,0.1744,1.0031,0.0557,1.020
4.797592882,0.1769,1.0046,0.0533,1.021
4.799569805,0.1783,1.0080,0.0484,1.025
4.801765151,0.1798,1.0095,0.0462,1.026
4.803414497,0.1801,1.0119,0.0410,1.029
4.805476343,0.1810,1.0136,0.0344,1.030
4.809644151,0.1808,1.0156,0.0315,1.032
4.81011992,0.1793,1.0183,0.0261,1.034
4.811443112,0.1759,1.0207,0.0232,1.036
4.813276497,0.1747,1.0217,0.0208,1.037
4.815282574,0.1695,1.0229,0.0173,1.037
4.818523112,0.1676,1.0246,0.0159,1.038
4.820774574,0.1620,1.0288,0.0137,1.042
4.823195074,0.1573,1.0300,0.0117,1.042
4.823668651,0.1546,1.0310,0.0147,1.043
4.825411343,0.1493,1.0341,0.0164,1.045
4.827814535,0.1432,1.0341,0.0230,1.044
4.829271151,0.1402,1.0354,0.0244,1.045
4.831044497,0.1361,1.0368,0.0315,1.046
4.833200112,0.1331,1.0383,0.0354,1.047
4.835025266,0.1287,1.0429,0.0464,1.052
4.837131343,0.1241,1.0434,0.0589,1.052
4.838715881,0.1224,1.0442,0.0660,1.053
4.840896458,0.1192,1.0437,0.0818,1.054
4.842695843,0.1170,1.0444,0.0985,1.056
4.844909189,0.1138,1.0444,0.1082,1.056
4.846703689,0.1099,1.0442,0.1256,1.057
4.848755805,0.1085,1.0449,0.1349,1.059
4.854456381,0.1087,1.0461,0.1534,1.063
4.855101381,0.1090,1.0481,0.1698,1.067
4.855380151,0.1099,1.0476,0.1791,1.068
4.858204612,0.1131,1.0488,0.1967,1.073
4.858697266,0.1156,1.0500,0.2052,1.076
4.860625843,0.1170,1.0508,0.2228,1.080
4.862557112,0.1182,1.0532,0.2355,1.086
4.86459392,0.1202,1.0537,0.2426,1.088
4.866354689,0.1236,1.0537,0.2587,1.092
4.877299958,0.1285,1.0556,0.2726,1.098
4.877936766,0.1317,1.0581,0.2785,1.102
4.878189805,0.1412,1.0618,0.2885,1.109
4.878435458,0.1527,1.0657,0.2966,1.117
4.878672266,0.1581,1.0681,0.3005,1.121
4.878929997,0.1700,1.0784,0.3078,1.134
4.880334651,0.1783,1.0830,0.3095,1.140
4.882137074,0.1901,1.0945,0.3110,1.154
4.885254843,0.2016,1.1072,0.3093,1.167
4.887431074,0.2052,1.1143,0.3066,1.174
4.888296997,0.2123,1.1304,0.3015,1.189
4.890154228,0.2130,1.1460,0.2900,1.201
4.892015151,0.2128,1.1556,0.2846,1.209
4.894377574,0.2091,1.1724,0.2700,1.221
4.896031728,0.2074,1.1822,0.2619,1.228
4.897829689,0.2016,1.2035,0.2441,1.244
4.89978642,0.1942,1.2267,0.2231,1.262
4.902849612,0.1888,1.2377,0.2121,1.270
4.904137151,0.1810,1.2587,0.1896,1.286
4.905746958,0.1722,1.2826,0.1630,1.304
4.907853112,0.1693,1.2946,0.1498,1.314
4.909717151,0.1634,1.3173,0.1241,1.333
4.911905881,0.1608,1.3278,0.1104,1.342
4.913788574,0.1546,1.3471,0.0818,1.358
4.915709805,0.1476,1.3642,0.0555,1.373
4.922319074,0.1446,1.3732,0.0423,1.381
4.923103305,0.1419,1.3908,0.0178,1.398
4.923472535,0.1441,1.4060,-0.0029,1.413
4.925251458,0.1461,1.4128,-0.0139,1.420
4.92585042,0.1507,1.4253,-0.0354,1.434
4.929434497,0.1556,1.4309,-0.0450,1.440
4.930049228,0.1661,1.4399,-0.0616,1.451
4.931437958,0.1779,1.4448,-0.0752,1.458
4.933709574,0.1837,1.4458,-0.0821,1.460
4.954066728,0.1932,1.4453,-0.0958,1.461
4.955228497,0.1996,1.4414,-0.1077,1.459
4.956034497,0.2008,1.4368,-0.1136,1.455
4.956499689,0.2035,1.4307,-0.1246,1.450
4.956926804,0.2047,1.4260,-0.1371,1.447
4.957326112,0.2047,1.4121,-0.1427,1.434
4.957728151,0.2067,1.3952,-0.1551,1.419
4.95811292,0.2077,1.3852,-0.1603,1.410
4.958481535,0.2106,1.3630,-0.1713,1.390
4.958844766,0.2128,1.3408,-0.1803,1.369
4.95923692,0.2160,1.3305,-0.1840,1.360
4.959618997,0.2226,1.3087,-0.1908,1.341
4.960108112,0.2279,1.2982,-0.1972,1.333
4.961255151,0.2296,1.2802,-0.1991,1.316
4.96307142,0.2326,1.2623,-0.2011,1.299
4.966113881,0.2333,1.2538,-0.2033,1.291
4.966997651,0.2353,1.2374,-0.2045,1.276
4.969697728,0.2318,1.2218,-0.2035,1.260
4.972168612,0.2287,1.2164,-0.2018,1.254
4.973080689,0.2199,1.2047,-0.1945,1.240
4.975251497,0.2067,1.1925,-0.1862,1.224
4.977200035,0.1981,1.1876,-0.1798,1.217
4.979196458,0.1766,1.1788,-0.1654,1.203
4.981074958,0.1656,1.1732,-0.1568,1.195
4.983066574,0.1415,1.1666,-0.1380,1.183
4.986294458,0.1182,1.1617,-0.1143,1.173
4.987180651,0.1065,1.1587,-0.1046,1.168
4.989185343,0.0816,1.1531,-0.0811,1.159
4.991275958,0.0567,1.1480,-0.0577,1.151
4.992961997,0.0428,1.1456,-0.0442,1.147
4.994813189,0.0183,1.1409,-0.0193,1.141
4.996764035,0.0076,1.1380,-0.0059,1.138
4.998576458,-0.0137,1.1328,0.0191,1.133
5.000566151,-0.0364,1.1260,0.0440,1.127
5.003721689,-0.0442,1.1231,0.0562,1.125
5.004497574,-0.0569,1.1172,0.0804,1.122
5.006413497,-0.0689,1.1099,0.1014,1.117
5.008403266,-0.0748,1.1060,0.1116,1.114
5.010244381,-0.0850,1.0967,0.1322,1.108
5.012365535,-0.0897,1.0911,0.1412,1.104
5.014443843,-0.0953,1.0811,0.1578,1.097
5.016454151,-0.0982,1.0715,0.1722,1.090
5.018993574,-0.1009,1.0654,0.1781,1.085
5.020495189,-0.1011,1.0527,0.1881,1.074
5.022446304,-0.1009,1.0395,0.1932,1.062
5.02425392,-0.1007,1.0319,0.1957,1.055
5.026183881,-0.0982,1.0197,0.1947,1.043
5.028026958,-0.0977,1.0136,0.1928,1.036
5.030218458,-0.0914,0.9990,0.1859,1.020
5.032028689,-0.0858,0.9850,0.1757,1.004
5.038163881,-0.0821,0.9780,0.1698,0.996
5.038779843,-0.0735,0.9645,0.1581,0.980
5.039066689,-0.0674,0.9528,0.1422,0.966
5.04431042,-0.0633,0.9482,0.1349,0.960
5.044792535,-0.0542,0.9403,0.1175,0.949
5.045100074,-0.0496,0.9367,0.1082,0.944
5.045986728,-0.0386,0.9279,0.0899,0.933
5.048550304,-0.0286,0.9232,0.0721,0.926
5.049634997,-0.0232,0.9218,0.0638,0.924
5.060714343,-0.0127,0.9205,0.0496,0.922
5.061370535,-0.0044,0.9208,0.0369,0.922
5.061653766,0.0015,0.9235,0.0305,0.924
5.061911612,0.0122,0.9286,0.0176,0.929
5.062156689,0.0176,0.9320,0.0127,0.932
5.062389997,0.0276,0.9398,0.0022,0.940
5.07625742,0.0388,0.9477,-0.0046,0.948
5.076922727,0.0428,0.9540,-0.0081,0.955
5.077184035,0.0513,0.9662,-0.0156,0.968
5.077426612,0.0555,0.9714,-0.0205,0.973
5.077654612,0.0625,0.9816,-0.0283,0.984
5.077874381,0.0669,0.9926,-0.0364,0.996
5.078097074,0.0706,0.9975,-0.0391,1.001
5.07833342,0.0743,1.0063,-0.0459,1.010
5.079232997,0.0796,1.0173,-0.0525,1.022
5.081101074,0.0809,1.0227,-0.0547,1.027
5.083066189,0.0821,1.0312,-0.0618,1.036
5.087025727,0.0823,1.0354,-0.0652,1.041
5.087626997,0.0850,1.0427,-0.0704,1.049
5.089537112,0.0884,1.0495,-0.0779,1.056
5.091177535,0.0892,1.0510,-0.0806,1.058
5.093281958,0.0889,1.0549,-0.0845,1.062
5.095035574,0.0914,1.0574,-0.0921,1.065
5.097284381,0.0916,1.0576,-0.0943,1.066
5.099054458,0.0923,1.0569,-0.0989,1.065
5.102478689,0.0926,1.0556,-0.1009,1.064
5.105675881,0.0916,1.0547,-0.1031,1.064
5.105993266,0.0919,1.0520,-0.1051,1.061
5.107403612,0.0931,1.0495,-0.1055,1.059
5.109290766,0.0928,1.0444,-0.1033,1.054
5.110894535,0.0931,1.0378,-0.1019,1.047
5.113144074,0.0931,1.0334,-0.1004,1.042
5.114712804,0.0919,1.0268,-0.0945,1.035
5.116912843,0.0911,1.0239,-0.0914,1.032
5.12008692,0.0884,1.0166,-0.0858,1.024
5.120716881,0.0848,1.0109,-0.0770,1.017
5.122688035,0.0831,1.0070,-0.0718,1.013
5.124736343,0.0794,0.9987,-0.0625,1.004
5.12648392,0.0760,0.9943,-0.0542,0.999
5.128651343,0.0740,0.9877,-0.0496,0.992
5.130543035,0.0674,0.9811,-0.0408,0.984
5.13279142,0.0643,0.9782,-0.0371,0.981
5.135252997,0.0579,0.9726,-0.0269,0.975
5.136320689,0.0523,0.9638,-0.0198,0.965
5.138222612,0.0493,0.9601,-0.0166,0.962
5.140875074,0.0450,0.9552,-0.0127,0.956
5.142243227,0.0384,0.9521,-0.0086,0.953
5.144540151,0.0352,0.9455,-0.0049,0.946
5.146360727,0.0303,0.9381,0.0007,0.939
5.148405612,0.0281,0.9335,0.0029,0.934
5.150439266,0.0230,0.9303,0.0064,0.931
5.161249804,0.0173,0.9252,0.0098,0.925
5.162775035,0.0149,0.9232,0.0112,0.923
5.164029381,0.0120,0.9181,0.0129,0.918
5.16506242,0.0115,0.9179,0.0127,0.918
5.166184381,0.0100,0.9127,0.0120,0.913
5.16699315,0.0073,0.9069,0.0112,0.907
5.168291035,0.0061,0.9049,0.0122,0.905
5.16948965,0.0012,0.8993,0.0142,0.899
5.170499266,-0.0017,0.8939,0.0137,0.894
5.17131792,-0.0034,0.8915,0.0132,0.892
5.172308997,-0.0081,0.8895,0.0110,0.890
5.192925535,-0.0132,0.8883,0.0110,0.888
5.193517074,-0.0169,0.8846,0.0095,0.885
5.193773189,-0.0200,0.8815,0.0071,0.882
5.194010343,-0.0215,0.8805,0.0073,0.881
5.194238689,-0.0232,0.8775,0.0039,0.878
5.194472304,-0.0264,0.8753,0.0051,0.876
5.194713189,-0.0271,0.8734,0.0049,0.874
5.19493865,-0.0281,0.8719,0.0039,0.872
5.195163574,-0.0286,0.8717,0.0034,0.872
5.195390074,-0.0293,0.8695,0.0029,0.870
5.195633689,-0.0283,0.8670,0.0034,0.868
5.195912997,-0.0286,0.8670,0.0029,0.868
5.197406189,-0.0266,0.8668,0.0022,0.867
5.199252381,-0.0259,0.8644,0.0039,0.865
5.202583381,-0.0257,0.8639,0.0051,0.864
5.203430689,-0.0242,0.8622,0.0073,0.863
5.20536715,-0.0232,0.8622,0.0071,0.862
5.207393843,-0.0239,0.8609,0.0086,0.861
5.209239343,-0.0232,0.8600,0.0093,0.860
5.211308189,-0.0230,0.8592,0.0100,0.860
5.213355304,-0.0237,0.8570,0.0107,0.857
5.215063304,-0.0244,0.8556,0.0134,0.856
5.217232189,-0.0254,0.8553,0.0144,0.856
5.220021458,-0.0288,0.8531,0.0176,0.854
5.22165642,-0.0298,0.8504,0.0183,0.851
5.223153304,-0.0303,0.8490,0.0203,0.850
5.22498392,-0.0325,0.8485,0.0198,0.849
5.227076574,-0.0340,0.8470,0.0203,0.848
5.229103112,-0.0374,0.8438,0.0188,0.845
5.230931881,-0.0384,0.8424,0.0169,0.843
5.233151189,-0.0374,0.8409,0.0173,0.842
5.236419881,-0.0388,0.8385,0.0169,0.840
5.237627804,-0.0388,0.8387,0.0169,0.840
5.238768227,-0.0406,0.8380,0.0183,0.839
5.241336112,-0.0418,0.8341,0.0195,0.835
5.242844881,-0.0418,0.8331,0.0195,0.834
5.244766689,-0.0425,0.8319,0.0215,0.833
5.24678765,-0.0401,0.8311,0.0242,0.832
5.248991035,-0.0379,0.8304,0.0257,0.832
5.25141442,-0.0349,0.8280,0.0286,0.829
5.253139074,-0.0349,0.8280,0.0308,0.829
5.263902958,-0.0322,0.8277,0.0354,0.829
5.265709189,-0.0286,0.8267,0.0381,0.828
5.267134535,-0.0264,0.8270,0.0401,0.828
5.269280381,-0.0232,0.8270,0.0418,0.828
5.27090565,-0.0183,0.8250,0.0437,0.826
5.272897381,-0.0171,0.8245,0.0459,0.826
5.274171343,-0.0139,0.8236,0.0481,0.825
5.275993035,-0.0129,0.8240,0.0491,0.826
5.276557727,-0.0105,0.8231,0.0508,0.825
5.276875266,-0.0078,0.8223,0.0523,0.824
5.277189266,-0.0066,0.8228,0.0520,0.824
5.277459727,-0.0022,0.8228,0.0528,0.825
5.290976689,0.0022,0.8221,0.0535,0.824
5.291629458,0.0042,0.8209,0.0535,0.823
5.291986804,0.0076,0.8196,0.0542,0.821
5.292252458,0.0100,0.8201,0.0535,0.822
5.292499381,0.0137,0.8192,0.0515,0.821
5.29272942,0.0164,0.8204,0.0476,0.822
5.292947881,0.0191,0.8211,0.0437,0.822
5.293172073,0.0230,0.8226,0.0393,0.824
5.293793266,0.0247,0.8250,0.0354,0.826
5.296120573,0.0266,0.8255,0.0320,0.827
5.298680189,0.0313,0.8287,0.0281,0.830
5.300120535,0.0340,0.8304,0.0283,0.832
5.304108997,0.0366,0.8346,0.0286,0.836
5.304700573,0.0403,0.8385,0.0259,0.840
5.307725766,0.0425,0.8392,0.0257,0.841
5.308272035,0.0476,0.8404,0.0283,0.842
5.30974515,0.0515,0.8451,0.0293,0.847
5.313311958,0.0540,0.8463,0.0286,0.848
5.313824843,0.0572,0.8451,0.0296,0.848
5.315636804,0.0589,0.8458,0.0291,0.848
5.317822843,0.0616,0.8477,0.0305,0.851
5.320940881,0.0625,0.8509,0.0320,0.854
5.323049612,0.0630,0.8529,0.0310,0.856
5.323735458,0.0667,0.8558,0.0310,0.859
5.325551035,0.0687,0.8587,0.0310,0.862
5.327468881,0.0706,0.8597,0.0320,0.863
5.329519804,0.0743,0.8619,0.0318,0.866
5.331257881,0.0738,0.8631,0.0308,0.867
5.334049458,0.0721,0.8624,0.0281,0.866
5.336631304,0.0706,0.8634,0.0257,0.867
5.337551727,0.0699,0.8639,0.0232,0.867
5.339251381,0.0696,0.8624,0.0151,0.865
5.341318843,0.0689,0.8617,0.0083,0.864
5.343146189,0.0679,0.8617,0.0039,0.864
5.345305227,0.0657,0.8602,-0.0042,0.863
5.347091497,0.0645,0.8587,-0.0098,0.861
5.349252689,0.0603,0.8573,-0.0237,0.860
5.35105992,0.0577,0.8551,-0.0366,0.858
5.35805415,0.0572,0.8539,-0.0420,0.857
5.358803073,0.0552,0.8473,-0.0550,0.851
5.359181112,0.0506,0.8436,-0.0616,0.847
5.359571843,0.0489,0.8411,-0.0740,0.846
5.363592381,0.0432,0.8375,-0.0831,0.843
5.364107458,0.0410,0.8360,-0.0875,0.842
5.364854112,0.0369,0.8360,-0.0911,0.842
5.366632997,0.0293,0.8350,-0.0953,0.841
5.37947965,0.0257,0.8336,-0.0960,0.839
5.380236804,0.0193,0.8326,-0.0941,0.838
5.380525689,0.0115,0.8328,-0.0909,0.838
5.380797073,0.0078,0.8328,-0.0884,0.838
5.381063881,0.0000,0.8348,-0.0809,0.839
5.38135442,-0.0037,0.8363,-0.0762,0.840
5.38162392,-0.0115,0.8358,-0.0643,0.838
5.382362766,-0.0217,0.8402,-0.0484,0.842
5.384721573,-0.0257,0.8411,-0.0396,0.842
5.387111381,-0.0347,0.8460,-0.0203,0.847
5.388590189,-0.0388,0.8487,-0.0098,0.850
5.390390535,-0.0474,0.8534,0.0127,0.855
5.39261642,-0.0550,0.8575,0.0347,0.860
5.394311073,-0.0579,0.8609,0.0464,0.864
5.396477804,-0.0640,0.8653,0.0713,0.871
5.398196689,-0.0699,0.8700,0.0953,0.878
5.400332381,-0.0721,0.8722,0.1085,0.882
5.402928304,-0.0765,0.8758,0.1339,0.889
5.405214881,-0.0787,0.8771,0.1454,0.892
5.406105496,-0.0816,0.8797,0.1683,0.899
5.408486227,-0.0838,0.8817,0.1903,0.906
5.410336035,-0.0845,0.8827,0.2008,0.909
5.41232265,-0.0853,0.8841,0.2179,0.915
5.414099573,-0.0840,0.8873,0.2355,0.922
5.416322958,-0.0838,0.8885,0.2416,0.925
5.420268458,-0.0840,0.8883,0.2538,0.928
5.42133792,-0.0843,0.8881,0.2570,0.928
5.422570073,-0.0823,0.8893,0.2619,0.931
5.424516035,-0.0821,0.8900,0.2636,0.932
5.42577365,-0.0804,0.8905,0.2643,0.932
5.427904958,-0.0779,0.8895,0.2612,0.930
5.429929881,-0.0779,0.8900,0.2575,0.930
5.431852458,-0.0772,0.8895,0.2499,0.927
5.434046573,-0.0765,0.8873,0.2382,0.922
5.444504996,-0.0770,0.8868,0.2316,0.920
5.445824573,-0.0772,0.8868,0.2179,0.916
5.446659881,-0.0794,0.8878,0.2008,0.914
5.447559881,-0.0796,0.8883,0.1925,0.912
5.448598804,-0.0823,0.8878,0.1747,0.909
5.449952881,-0.0848,0.8888,0.1654,0.908
5.45114915,-0.0884,0.8900,0.1461,0.906
5.452322458,-0.0914,0.8905,0.1292,0.904
5.453700996,-0.0926,0.8910,0.1212,0.904
5.454645227,-0.0941,0.8903,0.1021,0.901
5.45603542,-0.0963,0.8905,0.0840,0.900
5.468219035,-0.0963,0.8912,0.0745,0.900
5.469869458,-0.0963,0.8932,0.0591,0.900
5.47092515,-0.0972,0.8937,0.0515,0.900
5.471940612,-0.0955,0.8939,0.0384,0.900
5.47319742,-0.0941,0.8968,0.0244,0.902
5.474149304,-0.0923,0.8986,0.0171,0.903
5.475403958,-0.0899,0.8998,0.0024,0.904
5.476641727,-0.0865,0.9061,-0.0073,0.910
5.477577266,-0.0855,0.9081,-0.0122,0.912
5.478387496,-0.0826,0.9125,-0.0217,0.916
5.479479958,-0.0806,0.9152,-0.0261,0.919
5.48048165,-0.0777,0.9203,-0.0320,0.924
5.481497343,-0.0733,0.9257,-0.0379,0.929
5.482803458,-0.0726,0.9289,-0.0408,0.933
5.484973266,-0.0694,0.9354,-0.0430,0.939
5.487930766,-0.0667,0.9416,-0.0442,0.945
5.489674612,-0.0655,0.9442,-0.0454,0.948
5.490880343,-0.0608,0.9508,-0.0484,0.954
5.492940766,-0.0601,0.9547,-0.0484,0.958
5.495016381,-0.0562,0.9616,-0.0464,0.964
5.496875612,-0.0520,0.9667,-0.0450,0.969
5.498726958,-0.0503,0.9701,-0.0415,0.972
5.500825189,-0.0476,0.9770,-0.0374,0.979
5.503734419,-0.0437,0.9833,-0.0322,0.985
5.505234996,-0.0410,0.9865,-0.0286,0.988
5.506759112,-0.0379,0.9921,-0.0220,0.993
5.508589343,-0.0354,0.9958,-0.0186,0.997
5.51108415,-0.0322,1.0034,-0.0117,1.004
5.512522612,-0.0283,1.0102,-0.0049,1.011
5.514698766,-0.0259,1.0144,-0.0005,1.015
5.516563073,-0.0215,1.0239,0.0098,1.024
5.520174843,-0.0200,1.0339,0.0188,1.034
5.521647689,-0.0188,1.0376,0.0242,1.038
5.522898343,-0.0159,1.0486,0.0340,1.049
5.524304919,-0.0147,1.0552,0.0381,1.056
5.526432496,-0.0127,1.0657,0.0467,1.067
5.528413843,-0.0105,1.0747,0.0552,1.076
5.530291381,-0.0086,1.0796,0.0596,1.081
5.53234365,-0.0042,1.0877,0.0691,1.090
5.534371496,-0.0012,1.0955,0.0750,1.098
5.537224343,-0.0007,1.0994,0.0770,1.102
5.538653343,-0.0029,1.1050,0.0823,1.108
5.540316343,-0.0056,1.1104,0.0887,1.114
5.542259612,-0.0068,1.1133,0.0909,1.117
5.544077958,-0.0090,1.1165,0.0967,1.121
5.546282804,-0.0120,1.1175,0.0994,1.122
5.548079881,-0.0173,1.1194,0.0999,1.124
5.550539804,-0.0227,1.1206,0.1016,1.125
5.560618073,-0.0254,1.1204,0.1021,1.125
5.562111919,-0.0300,1.1214,0.1019,1.126
5.563009227,-0.0349,1.1209,0.1004,1.126
5.564374458,-0.0359,1.1182,0.1011,1.123
5.565750458,-0.0359,1.1155,0.1009,1.121
5.56622965,-0.0357,1.1135,0.0999,1.119
5.566600266,-0.0362,1.1096,0.0980,1.115
5.566840919,-0.0325,1.1057,0.0970,1.110
5.567470458,-0.0318,1.1033,0.0965,1.108
5.57960265,-0.0303,1.0984,0.0985,1.103
5.580220304,-0.0286,1.0935,0.0989,1.098
5.580490227,-0.0288,1.0913,0.0994,1.096
5.580723496,-0.0283,1.0877,0.1009,1.093
5.580951996,-0.0264,1.0859,0.1019,1.091
5.581185996,-0.0249,1.0840,0.1082,1.090
5.581697727,-0.0242,1.0828,0.1134,1.089
5.583542266,-0.0247,1.0828,0.1163,1.089
5.587867766,-0.0271,1.0833,0.1219,1.090
5.588414535,-0.0276,1.0845,0.1278,1.092
5.593839035,-0.0261,1.0877,0.1292,1.096
5.594085766,-0.0269,1.0911,0.1339,1.100
5.59431965,-0.0279,1.0918,0.1368,1.101
5.595132073,-0.0327,1.0940,0.1441,1.104
5.597525227,-0.0388,1.0979,0.1473,1.108
5.599426342,-0.0430,1.1016,0.1473,1.112
5.601238112,-0.0496,1.1050,0.1422,1.115
5.603201304,-0.0589,1.1062,0.1393,1.117
5.606867842,-0.0633,1.1087,0.1319,1.118
5.607209919,-0.0733,1.1109,0.1234,1.120
5.609053689,-0.0784,1.1121,0.1173,1.121
5.610920996,-0.0880,1.1135,0.1041,1.122
5.613224227,-0.0933,1.1140,0.0897,1.122
5.614878535,-0.0948,1.1143,0.0811,1.121
5.617215727,-0.0963,1.1145,0.0669,1.121
5.62072965,-0.0965,1.1153,0.0596,1.121
5.622120227,-0.0909,1.1175,0.0469,1.122
5.623055727,-0.0853,1.1189,0.0354,1.123
5.624922419,-0.0826,1.1214,0.0300,1.125
5.62690815,-0.0740,1.1285,0.0242,1.131
5.629094727,-0.0618,1.1363,0.0205,1.138
5.630710496,-0.0567,1.1404,0.0225,1.142
5.633083535,-0.0462,1.1534,0.0254,1.155
5.635089958,-0.0401,1.1590,0.0293,1.160
5.638453766,-0.0296,1.1719,0.0386,1.173
5.640111227,-0.0213,1.1883,0.0496,1.190
5.641670496,-0.0161,1.1973,0.0557,1.199
5.657605689,-0.0081,1.2144,0.0677,1.216
5.658364689,-0.0010,1.2318,0.0792,1.234
5.658696381,0.0029,1.2396,0.0848,1.243
5.658941458,0.0090,1.2555,0.0936,1.259
5.65917765,0.0142,1.2623,0.0994,1.266
5.65941715,0.0159,1.2755,0.1011,1.280
5.659650881,0.0183,1.2860,0.1009,1.290
5.660088381,0.0198,1.2894,0.0975,1.293
5.664489112,0.0208,1.2958,0.0909,1.299
5.665328266,0.0210,1.2997,0.0809,1.302
5.665688842,0.0217,1.3014,0.0745,1.304
5.666008112,0.0205,1.2987,0.0603,1.300
5.667116842,0.0213,1.2965,0.0464,1.298
5.678882842,0.0217,1.2931,0.0379,1.294
5.679728227,0.0217,1.2890,0.0222,1.289
5.68031115,0.0210,1.2875,0.0139,1.288
5.680749996,0.0205,1.2855,-0.0017,1.286
5.681074842,0.0159,1.2819,-0.0117,1.282
5.681435766,0.0122,1.2804,-0.0176,1.281
5.681792573,0.0039,1.2785,-0.0300,1.279
5.683532112,-0.0034,1.2785,-0.0379,1.279
5.684224419,-0.0095,1.2785,-0.0391,1.279
5.686915996,-0.0247,1.2777,-0.0401,1.279
5.688011842,-0.0325,1.2777,-0.0396,1.279
5.690366881,-0.0476,1.2782,-0.0364,1.280
5.69217965,-0.0640,1.2789,-0.0293,1.281
5.693832035,-0.0730,1.2807,-0.0237,1.283
5.696078842,-0.0906,1.2826,-0.0139,1.286
5.697692189,-0.1075,1.2858,-0.0044,1.290
5.699884381,-0.1148,1.2875,0.0020,1.293
5.70178165,-0.1261,1.2921,0.0120,1.298
5.703855996,-0.1312,1.2934,0.0159,1.300
5.706674227,-0.1378,1.2960,0.0220,1.304
5.708155842,-0.1371,1.2963,0.0264,1.304
5.709868573,-0.1361,1.2963,0.0281,1.304
5.712100958,-0.1317,1.2956,0.0313,1.303
5.713816881,-0.1241,1.2919,0.0354,1.298
5.715701073,-0.1217,1.2899,0.0369,1.296
5.717579573,-0.1146,1.2865,0.0396,1.292
5.721228073,-0.1116,1.2853,0.0396,1.291
5.72193815,-0.1060,1.2807,0.0442,1.286
5.72369315,-0.1016,1.2736,0.0474,1.278
5.72525665,-0.0992,1.2706,0.0501,1.275
5.727338573,-0.0960,1.2643,0.0533,1.269
5.729248881,-0.0894,1.2609,0.0555,1.265
5.731251919,-0.0870,1.2538,0.0562,1.258
5.733094035,-0.0828,1.2474,0.0569,1.251
5.737075073,-0.0801,1.2430,0.0572,1.247
5.739941881,-0.0772,1.2359,0.0574,1.240
5.741253996,-0.0728,1.2293,0.0547,1.233
5.741761727,-0.0701,1.2259,0.0523,1.229
5.74303665,-0.0657,1.2181,0.0452,1.221
5.74510265,-0.0606,1.2152,0.0408,1.217
5.746970496,-0.0572,1.2064,0.0327,1.208
5.748878265,-0.0493,1.1966,0.0235,1.198
5.750865919,-0.0462,1.1917,0.0166,1.193
5.756951496,-0.0388,1.1820,0.0032,1.183
5.757699881,-0.0318,1.1695,-0.0073,1.170
5.759471535,-0.0271,1.1631,-0.0122,1.164
5.760147227,-0.0164,1.1502,-0.0213,1.151
5.760720958,-0.0115,1.1438,-0.0266,1.144
5.762655689,-0.0005,1.1311,-0.0369,1.132
5.764553073,0.0100,1.1179,-0.0464,1.119
5.766739881,0.0137,1.1111,-0.0513,1.112
5.76860865,0.0242,1.0955,-0.0594,1.097
5.774762919,0.0347,1.0806,-0.0696,1.083
5.77859765,0.0398,1.0720,-0.0735,1.075
5.778981035,0.0508,1.0591,-0.0836,1.064
5.779240958,0.0562,1.0512,-0.0889,1.056
5.779487381,0.0669,1.0356,-0.0975,1.042
5.780275535,0.0779,1.0202,-0.1065,1.029
5.782189612,0.0833,1.0124,-0.1112,1.022
5.784431689,0.0916,0.9960,-0.1224,1.008
5.787335189,0.0992,0.9809,-0.1307,0.995
5.791297458,0.1024,0.9740,-0.1351,0.989
5.791611304,0.1075,0.9628,-0.1446,0.980
5.792238689,0.1114,0.9577,-0.1500,0.976
5.794185842,0.1178,0.9467,-0.1603,0.967
5.795988342,0.1207,0.9379,-0.1703,0.961
5.797889419,0.1202,0.9347,-0.1742,0.958
5.799922342,0.1195,0.9279,-0.1825,0.953
5.804528689,0.1200,0.9237,-0.1901,0.951
5.805446227,0.1200,0.9232,-0.1942,0.951
5.805989458,0.1158,0.9232,-0.1996,0.952
5.807957573,0.1146,0.9245,-0.2011,0.953
5.81595065,0.1121,0.9271,-0.2047,0.956
5.816724073,0.1112,0.9325,-0.2069,0.962
5.817058535,0.1092,0.9354,-0.2079,0.964
5.817303419,0.1048,0.9433,-0.2067,0.971
5.817867419,0.1036,0.9518,-0.2047,0.979
5.820725265,0.1019,0.9560,-0.2038,0.983
5.824210419,0.0985,0.9667,-0.1994,0.992
5.824982073,0.0972,0.9721,-0.1959,0.996
5.826019958,0.0972,0.9826,-0.1906,1.006
5.827593073,0.0967,0.9933,-0.1835,1.015
5.829609112,0.0958,0.9985,-0.1798,1.019
5.83149515,0.0977,1.0102,-0.1752,1.030
5.833454996,0.0999,1.0158,-0.1693,1.035
5.83524915,0.1002,1.0256,-0.1661,1.044
5.839405573,0.1009,1.0332,-0.1608,1.050
5.854694381,0.1011,1.0368,-0.1593,1.054
5.855076958,0.1038,1.0412,-0.1559,1.058
5.855327727,0.1075,1.0456,-0.1515,1.062
5.855588419,0.1094,1.0481,-0.1480,1.064
5.855882727,0.1116,1.0503,-0.1439,1.066
5.856109304,0.1114,1.0510,-0.1415,1.066
5.856364073,0.1129,1.0525,-0.1371,1.067
5.856594265,0.1131,1.0517,-0.1278,1.065
5.856841458,0.1136,1.0515,-0.1244,1.065
5.857097073,0.1151,1.0486,-0.1138,1.061
5.861811112,0.1138,1.0449,-0.1048,1.056
5.862518342,0.1141,1.0439,-0.0994,1.055
5.863010458,0.1126,1.0410,-0.0860,1.051
5.86501515,0.1116,1.0378,-0.0804,1.047
5.866823342,0.1109,1.0341,-0.0696,1.042
5.870568342,0.1097,1.0273,-0.0559,1.035
5.871259688,0.1094,1.0246,-0.0503,1.032
5.873120342,0.1099,1.0229,-0.0386,1.030
5.875705458,0.1114,1.0183,-0.0274,1.025
5.876730496,0.1109,1.0153,-0.0208,1.022
5.878682188,0.1094,1.0095,-0.0083,1.015
5.881210881,0.1068,1.0048,0.0037,1.010
5.882749881,0.1070,0.9980,0.0086,1.004
5.884794727,0.1073,0.9929,0.0176,0.999
5.886861573,0.1058,0.9899,0.0230,0.996
5.889842996,0.1026,0.9833,0.0318,0.989
5.890696458,0.0994,0.9762,0.0391,0.982
5.892956035,0.0985,0.9721,0.0413,0.978
5.894829265,0.0953,0.9672,0.0476,0.973
5.896916112,0.0945,0.9613,0.0496,0.967
5.898520265,0.0936,0.9579,0.0498,0.964
5.900628881,0.0921,0.9518,0.0503,0.958
5.903573535,0.0901,0.9491,0.0501,0.955
5.904935381,0.0877,0.9425,0.0498,0.948
5.906560458,0.0821,0.9389,0.0469,0.944
5.908607688,0.0801,0.9381,0.0445,0.943
5.910473727,0.0730,0.9374,0.0406,0.941
5.912730996,0.0633,0.9354,0.0349,0.938
5.914226573,0.0606,0.9345,0.0322,0.937
5.916487765,0.0528,0.9320,0.0257,0.934
5.918335458,0.0479,0.9313,0.0217,0.933
5.92180965,0.0384,0.9284,0.0149,0.929
5.923069842,0.0325,0.9264,0.0059,0.927
5.924447227,0.0276,0.9254,0.0012,0.926
5.926370496,0.0181,0.9203,-0.0078,0.921
5.928480688,0.0110,0.9154,-0.0171,0.916
5.92999015,0.0073,0.9132,-0.0225,0.914
5.932009958,0.0010,0.9098,-0.0315,0.910
5.934134188,-0.0022,0.9056,-0.0369,0.906
5.937289227,-0.0068,0.9020,-0.0467,0.903
5.938428381,-0.0122,0.8959,-0.0530,0.898
5.939985996,-0.0156,0.8932,-0.0559,0.895
5.941959304,-0.0203,0.8866,-0.0618,0.889
5.944198842,-0.0247,0.8788,-0.0657,0.882
5.946066304,-0.0266,0.8741,-0.0672,0.877
5.947913265,-0.0303,0.8639,-0.0696,0.867
5.949987073,-0.0313,0.8590,-0.0713,0.863
5.951834765,-0.0352,0.8475,-0.0743,0.851
5.956716958,-0.0369,0.8375,-0.0743,0.842
5.957298073,-0.0384,0.8319,-0.0762,0.836
5.958248958,-0.0379,0.8236,-0.0789,0.828
5.959793611,-0.0381,0.8155,-0.0762,0.820
5.961872381,-0.0364,0.8101,-0.0740,0.814
5.963947765,-0.0335,0.8016,-0.0691,0.805
5.965843419,-0.0318,0.7952,-0.0613,0.798
5.967878111,-0.0298,0.7923,-0.0574,0.795
5.976672996,-0.0266,0.7862,-0.0484,0.788
5.977215919,-0.0239,0.7830,-0.0432,0.785
5.977470035,-0.0210,0.7771,-0.0332,0.778
5.977708611,-0.0161,0.7718,-0.0203,0.772
5.977949111,-0.0132,0.7703,-0.0139,0.771
5.979550804,-0.0078,0.7649,0.0000,0.765
5.981773535,-0.0042,0.7610,0.0139,0.761
5.983638573,-0.0027,0.7591,0.0205,0.759
5.985688842,-0.0005,0.7571,0.0344,0.758
5.987631842,0.0020,0.7566,0.0406,0.758
5.989620458,0.0061,0.7539,0.0520,0.756
5.991510688,0.0078,0.7517,0.0645,0.755
5.993577265,0.0093,0.7508,0.0704,0.754
5.995461381,0.0112,0.7508,0.0794,0.755
5.997229227,0.0132,0.7481,0.0882,0.753
5.999333573,0.0144,0.7471,0.0933,0.753
6.001369958,0.0188,0.7466,0.1014,0.754
6.004088611,0.0205,0.7464,0.1063,0.754
6.005216188,0.0215,0.7422,0.1116,0.751
6.007270073,0.0257,0.7407,0.1173,0.750
6.00912415,0.0274,0.7410,0.1190,0.751
6.011138881,0.0313,0.7400,0.1209,0.750
6.013149573,0.0362,0.7380,0.1226,0.749
6.01502165,0.0393,0.7373,0.1239,0.749
6.016973881,0.0447,0.7356,0.1222,0.747
6.018944881,0.0472,0.7356,0.1204,0.747
6.021157381,0.0493,0.7356,0.1185,0.747
6.023080611,0.0540,0.7346,0.1114,0.745
6.024816034,0.0552,0.7344,0.1094,0.745
6.026722188,0.0567,0.7368,0.1024,0.746
6.028760342,0.0601,0.7373,0.0960,0.746
6.030841188,0.0616,0.7363,0.0923,0.745
6.046177304,0.0621,0.7385,0.0821,0.746
6.047848304,0.0628,0.7400,0.0772,0.747
6.048978304,0.0660,0.7424,0.0677,0.748
6.050011111,0.0682,0.7439,0.0581,0.749
6.050996842,0.0679,0.7446,0.0547,0.750
6.05220065,0.0696,0.7476,0.0474,0.752
6.053540919,0.0748,0.7500,0.0398,0.755
6.054684881,0.0757,0.7532,0.0354,0.758
6.055628381,0.0770,0.7564,0.0296,0.761
6.056654496,0.0782,0.7576,0.0269,0.762
6.057750073,0.0801,0.7617,0.0210,0.766
6.058777881,0.0833,0.7657,0.0154,0.770
6.059515958,0.0853,0.7683,0.0144,0.773
6.060401111,0.0901,0.7745,0.0100,0.780
6.071212765,0.0945,0.7793,0.0022,0.785
6.071848227,0.0963,0.7815,-0.0012,0.787
6.072116227,0.1007,0.7901,-0.0054,0.796
6.072561073,0.1070,0.7940,-0.0083,0.801
6.072819573,0.1109,0.7986,-0.0095,0.806
6.073066111,0.1180,0.8033,-0.0125,0.812
6.073345765,0.1212,0.8074,-0.0129,0.817
6.078151034,0.1266,0.8135,-0.0154,0.823
6.078466727,0.1317,0.8194,-0.0161,0.830
6.079579958,0.1341,0.8218,-0.0166,0.833
6.080775034,0.1432,0.8284,-0.0161,0.841
6.082075765,0.1461,0.8306,-0.0156,0.844
6.085011958,0.1522,0.8355,-0.0154,0.849
6.086361688,0.1561,0.8416,-0.0161,0.856
6.089769419,0.1583,0.8446,-0.0147,0.859
6.090599958,0.1622,0.8504,-0.0129,0.866
6.096061265,0.1654,0.8543,-0.0088,0.870
6.096690727,0.1666,0.8568,-0.0078,0.873
6.097086842,0.1664,0.8631,-0.0049,0.879
6.098112304,0.1666,0.8658,-0.0005,0.882
6.100865727,0.1676,0.8707,0.0022,0.887
6.102286996,0.1659,0.8746,0.0064,0.890
6.105303611,0.1659,0.8749,0.0093,0.890
6.106048804,0.1627,0.8797,0.0127,0.895
6.107994034,0.1622,0.8863,0.0169,0.901
6.110402881,0.1608,0.8883,0.0188,0.903
6.111639534,0.1554,0.8925,0.0239,0.906
6.113897342,0.1500,0.8946,0.0247,0.907
6.115541919,0.1483,0.8988,0.0254,0.911
6.117627111,0.1451,0.9037,0.0266,0.916
6.121876381,0.1434,0.9069,0.0281,0.919
6.122469419,0.1400,0.9105,0.0291,0.922
6.125174073,0.1378,0.9159,0.0313,0.927
6.126577419,0.1375,0.9181,0.0305,0.929
6.127377765,0.1375,0.9198,0.0298,0.931
6.129406996,0.1363,0.9247,0.0279,0.935
6.131368842,0.1378,0.9262,0.0266,0.937
6.133329765,0.1395,0.9281,0.0286,0.939
6.135244381,0.1402,0.9298,0.0281,0.941
6.138239034,0.1410,0.9320,0.0274,0.943
6.140587804,0.1422,0.9352,0.0293,0.946
6.141543188,0.1422,0.9357,0.0288,0.947
6.14363915,0.1422,0.9379,0.0296,0.949
6.14534215,0.1439,0.9391,0.0315,0.951
6.147196457,0.1441,0.9396,0.0337,0.951
6.149417919,0.1471,0.9411,0.0347,0.953
6.150964688,0.1478,0.9428,0.0344,0.955
6.157396304,0.1490,0.9457,0.0342,0.958
6.158003265,0.1495,0.9479,0.0335,0.960
6.158256457,0.1493,0.9496,0.0330,0.962
6.158971342,0.1500,0.9538,0.0327,0.966
6.160954534,0.1505,0.9552,0.0313,0.968
6.16302465,0.1534,0.9601,0.0276,0.973
6.164905688,0.1534,0.9635,0.0264,0.976
6.167050765,0.1546,0.9655,0.0252,0.978
6.168912688,0.1586,0.9697,0.0237,0.983
6.18423815,0.1627,0.9743,0.0208,0.988
6.184856457,0.1637,0.9770,0.0200,0.991
6.185112957,0.1691,0.9804,0.0169,0.995
6.185354457,0.1720,0.9806,0.0166,0.996
6.185582073,0.1761,0.9824,0.0137,0.998
6.185810342,0.1796,0.9848,0.0144,1.001
6.18603615,0.1842,0.9855,0.0144,1.003
6.186265804,0.1896,0.9860,0.0147,1.004
6.186509073,0.1969,0.9875,0.0139,1.007
6.197732073,0.1981,0.9868,0.0142,1.007
6.198268996,0.2038,0.9868,0.0147,1.008
6.198555188,0.2072,0.9853,0.0154,1.007
6.198814381,0.2113,0.9853,0.0186,1.008
6.199039919,0.2150,0.9841,0.0203,1.007
6.19927315,0.2165,0.9831,0.0217,1.007
6.200450804,0.2196,0.9836,0.0276,1.008
6.202169419,0.2248,0.9826,0.0303,1.008
6.206032034,0.2260,0.9809,0.0308,1.007
6.206770842,0.2250,0.9794,0.0352,1.006
6.208435496,0.2243,0.9794,0.0381,1.005
6.210134381,0.2216,0.9806,0.0410,1.006
6.212276227,0.2174,0.9816,0.0481,1.007
6.214077188,0.2157,0.9816,0.0506,1.006
6.215928381,0.2108,0.9824,0.0559,1.006
6.217894688,0.2064,0.9836,0.0608,1.007
6.221097765,0.2042,0.9850,0.0625,1.008
6.222323304,0.1998,0.9858,0.0682,1.008
6.223710265,0.1976,0.9863,0.0706,1.008
6.225629227,0.1945,0.9865,0.0760,1.008
6.227675304,0.1901,0.9897,0.0826,1.011
6.22978415,0.1881,0.9909,0.0845,1.012
6.231660842,0.1869,0.9899,0.0880,1.011
6.233807304,0.1869,0.9907,0.0892,1.012
6.235555496,0.1876,0.9929,0.0921,1.015
6.237931842,0.1879,0.9946,0.0926,1.016
6.239712188,0.1886,0.9948,0.0919,1.017
6.241665188,0.1903,0.9963,0.0904,1.018
6.243580111,0.1923,0.9963,0.0858,1.018
6.245535804,0.1930,0.9985,0.0833,1.020
6.24739415,0.1954,0.9990,0.0774,1.021
6.249693073,0.1974,0.9992,0.0735,1.021
6.251684957,0.1996,1.0019,0.0652,1.024
6.261712265,0.2028,1.0046,0.0591,1.027
6.262789688,0.2045,1.0056,0.0550,1.028
6.26360265,0.2072,1.0058,0.0462,1.028
6.264430573,0.2096,1.0075,0.0347,1.030
6.265140111,0.2103,1.0080,0.0300,1.030
6.265813842,0.2135,1.0090,0.0217,1.032
6.268919419,0.2143,1.0105,0.0122,1.033
6.269782188,0.2147,1.0114,0.0076,1.034
6.270614457,0.2155,1.0129,-0.0039,1.036
6.271515304,0.2145,1.0131,-0.0095,1.036
6.284716457,0.2121,1.0153,-0.0171,1.037
6.28622915,0.2101,1.0195,-0.0242,1.041
6.287486188,0.2069,1.0202,-0.0261,1.041
6.288803919,0.1986,1.0232,-0.0303,1.043
6.289879957,0.1940,1.0256,-0.0327,1.044
6.291140611,0.1901,1.0273,-0.0340,1.045
6.292408457,0.1825,1.0312,-0.0352,1.048
6.293641304,0.1752,1.0324,-0.0354,1.048
6.294434073,0.1708,1.0337,-0.0315,1.048
6.29545265,0.1625,1.0368,-0.0281,1.050
6.296602611,0.1595,1.0385,-0.0266,1.051
6.297503996,0.1522,1.0415,-0.0242,1.053
6.29907738,0.1485,1.0442,-0.0203,1.055
6.300035227,0.1459,1.0434,-0.0186,1.054
6.30113665,0.1417,1.0456,-0.0129,1.055
6.302951227,0.1407,1.0476,-0.0112,1.057
6.306344765,0.1402,1.0495,-0.0064,1.059
6.308002919,0.1388,1.0534,0.0027,1.063
6.309092919,0.1400,1.0544,0.0088,1.064
6.310777227,0.1407,1.0574,0.0230,1.067
6.312945957,0.1395,1.0586,0.0384,1.068
6.315091265,0.1412,1.0613,0.0457,1.072
6.316829804,0.1407,1.0644,0.0621,1.075
6.318636496,0.1412,1.0669,0.0691,1.078
6.322833688,0.1415,1.0737,0.0845,1.086
6.324556727,0.1444,1.0825,0.0999,1.097
6.326276111,0.1473,1.0857,0.1073,1.101
6.327537573,0.1512,1.0957,0.1192,1.113
6.328740727,0.1551,1.1052,0.1336,1.124
6.330475034,0.1578,1.1118,0.1405,1.132
6.33239065,0.1612,1.1253,0.1488,1.146
6.334448111,0.1627,1.1319,0.1529,1.154
6.336331611,0.1632,1.1485,0.1590,1.171
6.339367496,0.1608,1.1651,0.1634,1.187
6.340715073,0.1598,1.1739,0.1644,1.196
6.342389803,0.1576,1.1927,0.1637,1.214
6.344203111,0.1493,1.2122,0.1605,1.232
6.346239265,0.1456,1.2213,0.1590,1.240
6.348235688,0.1390,1.2423,0.1527,1.259
6.350202227,0.1349,1.2528,0.1498,1.269
6.352369957,0.1287,1.2745,0.1412,1.289
6.354928919,0.1219,1.2946,0.1314,1.307
6.356224727,0.1187,1.3039,0.1270,1.315
6.365417496,0.1141,1.3222,0.1175,1.332
6.366892534,0.1134,1.3364,0.1092,1.346
6.367952534,0.1121,1.3420,0.1077,1.351
6.368958611,0.1116,1.3520,0.1058,1.361
6.370470457,0.1129,1.3571,0.1055,1.366
6.371515073,0.1151,1.3591,0.1082,1.368
6.37234115,0.1229,1.3581,0.1116,1.368
6.37264538,0.1273,1.3566,0.1138,1.367
6.386550342,0.1383,1.3547,0.1192,1.367
6.387955303,0.1515,1.3466,0.1226,1.361
6.38892938,0.1605,1.3412,0.1236,1.356
6.390039303,0.1810,1.3322,0.1261,1.350
6.39106338,0.2001,1.3288,0.1219,1.349
6.392427611,0.2094,1.3212,0.1195,1.343
6.393296111,0.2287,1.3146,0.1116,1.339
6.394394303,0.2387,1.3114,0.1036,1.337
6.39539438,0.2575,1.3044,0.0838,1.332
6.39641388,0.2719,1.2995,0.0621,1.329
6.397087303,0.2790,1.2978,0.0496,1.328
6.398110111,0.2917,1.2968,0.0222,1.329
6.398793496,0.3000,1.2953,-0.0049,1.330
6.399925303,0.3044,1.2941,-0.0220,1.330
6.401639265,0.3117,1.2909,-0.0542,1.329
6.403454342,0.3171,1.2899,-0.0701,1.330
6.40635065,0.3269,1.2870,-0.1014,1.332
6.40817388,0.3347,1.2848,-0.1334,1.334
6.409615457,0.3374,1.2841,-0.1476,1.336
6.411624996,0.3440,1.2811,-0.1752,1.338
6.41360688,0.3481,1.2787,-0.2001,1.340
6.415202996,0.3479,1.2721,-0.2101,1.335
6.41749065,0.3467,1.2672,-0.2253,1.333
6.419140803,0.3433,1.2660,-0.2316,1.332
6.42319365,0.3364,1.2618,-0.2404,1.328
6.42483265,0.3259,1.2572,-0.2411,1.321
6.426707688,0.3198,1.2562,-0.2382,1.318
6.428166842,0.3020,1.2540,-0.2318,1.311
6.429324419,0.2912,1.2535,-0.2284,1.307
6.430913611,0.2690,1.2526,-0.2157,1.299
6.433288688,0.2458,1.2533,-0.1994,1.293
6.435038765,0.2333,1.2528,-0.1910,1.289
6.436925919,0.2077,1.2538,-0.1747,1.283
6.439662688,0.1813,1.2530,-0.1537,1.275
6.44152438,0.1678,1.2535,-0.1427,1.273
6.44269288,0.1410,1.2501,-0.1236,1.264
6.444877457,0.1290,1.2486,-0.1160,1.261
6.44664065,0.1036,1.2452,-0.1009,1.254
6.448916727,0.0789,1.2401,-0.0853,1.246
6.450699765,0.0674,1.2377,-0.0777,1.242
6.452638611,0.0484,1.2293,-0.0660,1.232
6.462926765,0.0318,1.2230,-0.0540,1.225
6.464552111,0.0230,1.2179,-0.0508,1.219
6.465476573,0.0073,1.2081,-0.0445,1.209
6.466480688,0.0022,1.2022,-0.0406,1.203
6.467499996,-0.0064,1.1907,-0.0322,1.191
6.468353496,-0.0107,1.1790,-0.0259,1.179
6.468649265,-0.0127,1.1732,-0.0242,1.173
6.468887842,-0.0173,1.1590,-0.0208,1.159
6.470518688,-0.0208,1.1468,-0.0173,1.147
6.484722611,-0.0208,1.1394,-0.0164,1.140
6.485281111,-0.0220,1.1231,-0.0134,1.123
6.48553888,-0.0213,1.1157,-0.0132,1.116
6.48577088,-0.0205,1.1033,-0.0125,1.104
6.486002842,-0.0195,1.0877,-0.0127,1.088
6.486245611,-0.0188,1.0796,-0.0139,1.080
6.486474342,-0.0171,1.0652,-0.0144,1.065
6.486700188,-0.0183,1.0512,-0.0205,1.052
6.493763226,-0.0181,1.0437,-0.0215,1.044
6.494248419,-0.0169,1.0290,-0.0259,1.029
6.494492457,-0.0169,1.0227,-0.0288,1.023
6.494849996,-0.0193,1.0097,-0.0362,1.011
6.496324496,-0.0213,0.9975,-0.0408,0.999
6.498144419,-0.0220,0.9926,-0.0428,0.994
6.499991457,-0.0259,0.9836,-0.0489,0.985
6.502026573,-0.0300,0.9755,-0.0559,0.978
6.503854265,-0.0318,0.9723,-0.0586,0.975
6.506507342,-0.0366,0.9648,-0.0635,0.968
6.507709457,-0.0398,0.9616,-0.0677,0.965
6.509762726,-0.0437,0.9555,-0.0738,0.959
6.511666073,-0.0479,0.9484,-0.0801,0.953
6.51384638,-0.0498,0.9462,-0.0838,0.951
6.515655919,-0.0520,0.9408,-0.0892,0.946
6.517810226,-0.0559,0.9367,-0.0958,0.943
6.519871303,-0.0589,0.9337,-0.0972,0.941
6.522195611,-0.0613,0.9320,-0.1019,0.940
6.523516226,-0.0608,0.9308,-0.1031,0.938
6.525760919,-0.0606,0.9296,-0.1080,0.938
6.527480188,-0.0616,0.9281,-0.1097,0.937
6.52941188,-0.0623,0.9291,-0.1094,0.938
6.531279303,-0.0650,0.9315,-0.1116,0.940
6.53345638,-0.0660,0.9323,-0.1116,0.941
6.535384996,-0.0645,0.9325,-0.1112,0.941
6.537456303,-0.0628,0.9328,-0.1124,0.942
6.546394265,-0.0618,0.9345,-0.1121,0.943
6.547817534,-0.0596,0.9369,-0.1112,0.945
6.548697457,-0.0550,0.9418,-0.1107,0.950
6.549635303,-0.0535,0.9430,-0.1104,0.951
6.550537842,-0.0511,0.9445,-0.1075,0.952
6.551683573,-0.0486,0.9462,-0.1055,0.953
6.552545265,-0.0447,0.9455,-0.1038,0.952
6.553456034,-0.0410,0.9484,-0.1009,0.955
6.567578842,-0.0398,0.9501,-0.1009,0.956
6.569209034,-0.0342,0.9526,-0.0999,0.958
6.570081419,-0.0279,0.9560,-0.0967,0.961
6.571025688,-0.0252,0.9567,-0.0963,0.962
6.572248226,-0.0186,0.9565,-0.0941,0.961
6.573352726,-0.0159,0.9572,-0.0923,0.962
6.574609534,-0.0095,0.9579,-0.0901,0.962
6.575821496,-0.0066,0.9584,-0.0880,0.962
6.576855457,-0.0049,0.9604,-0.0862,0.964
6.577538149,0.0005,0.9633,-0.0816,0.967
6.578499496,0.0037,0.9640,-0.0784,0.967
6.579281457,0.0054,0.9640,-0.0765,0.967
6.58004688,0.0068,0.9645,-0.0726,0.967
6.581171419,0.0073,0.9643,-0.0704,0.967
6.58378738,0.0071,0.9631,-0.0672,0.965
6.585230688,0.0105,0.9618,-0.0650,0.964
6.586747457,0.0115,0.9599,-0.0635,0.962
6.592618073,0.0127,0.9552,-0.0591,0.957
6.594347073,0.0144,0.9538,-0.0584,0.956
6.595446996,0.0147,0.9535,-0.0562,0.955
6.596731765,0.0159,0.9499,-0.0550,0.952
6.597500034,0.0159,0.9482,-0.0555,0.950
6.59855738,0.0178,0.9445,-0.0550,0.946
6.600311342,0.0205,0.9428,-0.0552,0.945
6.602252573,0.0215,0.9406,-0.0550,0.942
6.604251457,0.0213,0.9367,-0.0513,0.938
6.607065726,0.0208,0.9335,-0.0491,0.935
6.608696265,0.0195,0.9279,-0.0501,0.929
6.610084573,0.0188,0.9225,-0.0506,0.924
6.612081188,0.0173,0.9186,-0.0506,0.920
6.614135496,0.0122,0.9118,-0.0506,0.913
6.615982073,0.0095,0.9054,-0.0506,0.907
6.618091419,0.0076,0.9032,-0.0486,0.905
6.619985688,0.0032,0.8978,-0.0484,0.899
6.624257919,-0.0012,0.8954,-0.0474,0.897
6.625889957,-0.0044,0.8898,-0.0450,0.891
6.627219149,-0.0081,0.8856,-0.0410,0.887
6.62873488,-0.0112,0.8834,-0.0376,0.884
6.629929611,-0.0154,0.8815,-0.0325,0.882
6.631728726,-0.0188,0.8753,-0.0274,0.876
6.633929496,-0.0208,0.8719,-0.0235,0.872
6.63566038,-0.0235,0.8668,-0.0151,0.867
6.639574803,-0.0249,0.8639,-0.0068,0.864
6.641380649,-0.0249,0.8595,-0.0020,0.860
6.642763149,-0.0259,0.8560,0.0076,0.856
6.644524534,-0.0266,0.8541,0.0127,0.855
6.645803803,-0.0296,0.8502,0.0239,0.851
6.647694265,-0.0313,0.8468,0.0349,0.848
6.64940588,-0.0318,0.8441,0.0398,0.846
6.651363149,-0.0342,0.8409,0.0501,0.843
6.653586957,-0.0344,0.8397,0.0545,0.842
6.658261188,-0.0335,0.8348,0.0623,0.838
6.658855034,-0.0315,0.8311,0.0694,0.835
6.659397842,-0.0315,0.8299,0.0733,0.834
6.661567303,-0.0313,0.8258,0.0792,0.830
6.663441957,-0.0310,0.8209,0.0870,0.826
6.66537588,-0.0313,0.8187,0.0897,0.824
6.667155649,-0.0320,0.8131,0.0958,0.819
6.669588649,-0.0320,0.8094,0.1011,0.816
6.68178688,-0.0325,0.8089,0.1019,0.816
6.683108496,-0.0354,0.8060,0.1043,0.813
6.684177111,-0.0366,0.8035,0.1051,0.811
6.685059726,-0.0379,0.7984,0.1058,0.806
6.685970342,-0.0398,0.7955,0.1082,0.804
6.686921072,-0.0408,0.7938,0.1082,0.802
6.688033688,-0.0425,0.7896,0.1085,0.798
6.689224034,-0.0457,0.7847,0.1109,0.794
6.690068226,-0.0472,0.7830,0.1124,0.792
6.691303765,-0.0464,0.7803,0.1134,0.790
6.69313388,-0.0472,0.7786,0.1151,0.788
6.693936765,-0.0496,0.7745,0.1180,0.785
6.696421342,-0.0503,0.7696,0.1168,0.780
6.697830342,-0.0503,0.7683,0.1173,0.779
6.698905919,-0.0513,0.7649,0.1192,0.776
6.701056957,-0.0503,0.7637,0.1192,0.775
6.702751265,-0.0498,0.7632,0.1190,0.774
6.705583957,-0.0496,0.7595,0.1195,0.770
6.706771226,-0.0484,0.7583,0.1212,0.769
6.709235726,-0.0489,0.7544,0.1226,0.766
6.710661419,-0.0467,0.7542,0.1224,0.765
6.712684034,-0.0462,0.7552,0.1226,0.766
6.714425226,-0.0435,0.7547,0.1241,0.766
6.716808688,-0.0423,0.7559,0.1244,0.767
6.718628996,-0.0401,0.7591,0.1222,0.770
6.720630996,-0.0359,0.7622,0.1229,0.773
6.723580265,-0.0349,0.7635,0.1214,0.774
6.725103611,-0.0325,0.7659,0.1197,0.776
6.726385149,-0.0291,0.7705,0.1175,0.780
6.728457265,-0.0283,0.7732,0.1153,0.782
6.730211611,-0.0257,0.7779,0.1077,0.786
6.732521572,-0.0252,0.7818,0.1046,0.789
6.734219688,-0.0239,0.7881,0.0977,0.795
6.736231457,-0.0213,0.7935,0.0899,0.799
6.746771496,-0.0198,0.7969,0.0853,0.802
6.748326072,-0.0191,0.8018,0.0765,0.806
6.749517572,-0.0176,0.8040,0.0713,0.807
6.750603149,-0.0166,0.8087,0.0613,0.811
6.752081188,-0.0144,0.8140,0.0525,0.816
6.75256738,-0.0134,0.8162,0.0489,0.818
6.752806765,-0.0100,0.8214,0.0374,0.822
6.753040342,-0.0064,0.8265,0.0274,0.827
6.753711842,-0.0037,0.8284,0.0232,0.829
6.77393688,0.0002,0.8341,0.0142,0.834
6.775416572,0.0032,0.8358,0.0073,0.836
6.775834995,0.0051,0.8387,0.0039,0.839
6.776084419,0.0086,0.8414,-0.0032,0.841
6.776320803,0.0107,0.8436,-0.0064,0.844
6.776570265,0.0149,0.8455,-0.0125,0.846
6.776796572,0.0176,0.8492,-0.0178,0.850
6.777024957,0.0191,0.8497,-0.0200,0.850
6.777250572,0.0191,0.8507,-0.0242,0.851
6.777479726,0.0230,0.8509,-0.0271,0.852
6.777702649,0.0254,0.8526,-0.0300,0.854
6.777934149,0.0264,0.8543,-0.0310,0.855
6.779437072,0.0269,0.8551,-0.0320,0.856
6.781389995,0.0271,0.8558,-0.0335,0.857
6.78325488,0.0254,0.8582,-0.0315,0.859
6.785290995,0.0239,0.8597,-0.0313,0.861
6.787258919,0.0220,0.8609,-0.0318,0.862
6.789219303,0.0215,0.8634,-0.0327,0.864
6.791163188,0.0198,0.8661,-0.0318,0.867
6.793087726,0.0161,0.8692,-0.0274,0.870
6.79520988,0.0151,0.8705,-0.0252,0.871
6.797091342,0.0127,0.8751,-0.0217,0.875
6.799044803,0.0100,0.8766,-0.0171,0.877
6.801058611,0.0086,0.8780,-0.0142,0.878
6.803128111,0.0042,0.8802,-0.0098,0.880
6.806289995,0.0012,0.8822,-0.0071,0.882
6.807436765,-0.0044,0.8868,-0.0029,0.887
6.808890534,-0.0073,0.8895,0.0037,0.890
6.810957265,-0.0088,0.8922,0.0068,0.892
6.81294938,-0.0120,0.8949,0.0120,0.895
6.814850034,-0.0161,0.8995,0.0183,0.900
6.816946419,-0.0171,0.9025,0.0220,0.903
6.818935611,-0.0193,0.9047,0.0266,0.905
6.820671265,-0.0213,0.9059,0.0300,0.907
6.823288957,-0.0247,0.9083,0.0366,0.909
6.824743765,-0.0293,0.9105,0.0428,0.912
6.826716995,-0.0313,0.9118,0.0454,0.913
6.828505919,-0.0330,0.9157,0.0508,0.918
6.830480534,-0.0369,0.9188,0.0572,0.921
6.832559803,-0.0384,0.9215,0.0596,0.924
6.834706149,-0.0430,0.9247,0.0625,0.928
6.836566342,-0.0445,0.9269,0.0643,0.930
6.840129649,-0.0498,0.9313,0.0689,0.935
6.841436572,-0.0552,0.9347,0.0704,0.939
6.842603726,-0.0581,0.9364,0.0711,0.941
6.844978342,-0.0635,0.9420,0.0740,0.947
6.846732419,-0.0691,0.9477,0.0752,0.953
6.849707919,-0.0699,0.9489,0.0760,0.954
6.850852495,-0.0728,0.9528,0.0755,0.959
6.852478111,-0.0760,0.9540,0.0750,0.960
6.854441188,-0.0796,0.9594,0.0721,0.965
6.867710995,-0.0806,0.9616,0.0723,0.968
6.869483572,-0.0821,0.9628,0.0706,0.969
6.870650688,-0.0843,0.9657,0.0694,0.972
6.872035611,-0.0843,0.9657,0.0650,0.972
6.873362072,-0.0836,0.9665,0.0623,0.972
6.874993919,-0.0821,0.9653,0.0599,0.971
6.909704226,-0.0823,0.9648,0.0567,0.970
6.911311149,-0.0826,0.9655,0.0523,0.970
6.912593495,-0.0799,0.9635,0.0491,0.968
6.913940688,-0.0782,0.9633,0.0476,0.968
6.915162111,-0.0750,0.9596,0.0452,0.964
6.916591918,-0.0738,0.9584,0.0445,0.962
6.917863957,-0.0726,0.9572,0.0425,0.961
6.919108688,-0.0701,0.9545,0.0408,0.958
6.920335418,-0.0689,0.9543,0.0406,0.958
6.921644957,-0.0635,0.9540,0.0415,0.957
6.923192726,-0.0625,0.9526,0.0428,0.956
6.924718649,-0.0621,0.9516,0.0432,0.955
6.925936457,-0.0596,0.9494,0.0432,0.952
6.927156265,-0.0594,0.9496,0.0440,0.952
6.928353034,-0.0564,0.9496,0.0442,0.952
6.929419803,-0.0535,0.9494,0.0462,0.952
6.930224188,-0.0520,0.9491,0.0464,0.952
6.931339495,-0.0501,0.9501,0.0457,0.953
6.932394034,-0.0454,0.9496,0.0464,0.952
6.933408034,-0.0440,0.9516,0.0454,0.954
6.934247611,-0.0415,0.9516,0.0440,0.953
6.935195495,-0.0406,0.9513,0.0442,0.953
6.936143072,-0.0413,0.9518,0.0437,0.954
6.937198111,-0.0393,0.9540,0.0469,0.956
6.938097918,-0.0379,0.9543,0.0489,0.956
6.939054265,-0.0352,0.9557,0.0493,0.958
6.940375495,-0.0342,0.9579,0.0501,0.960
6.94086138,-0.0325,0.9584,0.0506,0.960
6.941271957,-0.0315,0.9601,0.0520,0.962
6.941666611,-0.0322,0.9613,0.0537,0.963
6.942081111,-0.0305,0.9635,0.0569,0.966
6.942473957,-0.0305,0.9655,0.0611,0.968
6.942876765,-0.0305,0.9660,0.0633,0.969
6.943288842,-0.0298,0.9684,0.0682,0.971
6.943694342,-0.0305,0.9692,0.0706,0.972
6.944197918,-0.0315,0.9701,0.0748,0.974
6.944589457,-0.0310,0.9738,0.0799,0.978
6.944986072,-0.0310,0.9753,0.0814,0.979
6.945391457,-0.0332,0.9780,0.0855,0.982
6.945815342,-0.0342,0.9802,0.0909,0.985
6.947996534,-0.0342,0.9809,0.0919,0.986
6.948720572,-0.0349,0.9831,0.0928,0.988
6.954306418,-0.0349,0.9846,0.0945,0.990
6.954818649,-0.0344,0.9880,0.0967,0.993
6.955250611,-0.0354,0.9904,0.0985,0.996
6.962215995,-0.0364,0.9909,0.0997,0.997
6.963131034,-0.0366,0.9943,0.1026,1.000
6.963634265,-0.0376,0.9980,0.1048,1.004
6.964173803,-0.0379,1.0012,0.1046,1.007
6.96465138,-0.0371,1.0058,0.1026,1.012
6.966473303,-0.0379,1.0078,0.1036,1.014
6.968575534,-0.0391,1.0126,0.1043,1.019
6.970379418,-0.0393,1.0173,0.1024,1.023
6.989409149,-0.0381,1.0190,0.1021,1.025
6.99029588,-0.0362,1.0234,0.1033,1.029
6.99075338,-0.0354,1.0288,0.1029,1.035
6.991172572,-0.0342,1.0307,0.1026,1.036
6.991585303,-0.0325,1.0371,0.1016,1.043
6.992109841,-0.0315,1.0395,0.1009,1.045
6.992536572,-0.0300,1.0444,0.0992,1.050
6.99293738,-0.0283,1.0491,0.0975,1.054
6.993347572,-0.0279,1.0520,0.0958,1.057
6.993740034,-0.0259,1.0561,0.0933,1.061
6.994189457,-0.0247,1.0613,0.0906,1.065
6.994546034,-0.0235,1.0642,0.0892,1.068
6.995853765,-0.0239,1.0666,0.0872,1.070
6.997761765,-0.0239,1.0686,0.0853,1.072
6.999682649,-0.0222,1.0725,0.0814,1.076
7.001503034,-0.0217,1.0774,0.0787,1.080
7.003416226,-0.0213,1.0786,0.0782,1.082
7.006581072,-0.0232,1.0808,0.0772,1.084
7.007980688,-0.0247,1.0867,0.0770,1.090
7.009705726,-0.0257,1.0889,0.0770,1.092
7.011510341,-0.0269,1.0920,0.0782,1.095
7.01351488,-0.0274,1.0938,0.0787,1.097
7.015415341,-0.0283,1.0962,0.0792,1.099
7.017482841,-0.0266,1.1013,0.0818,1.105
7.019708495,-0.0271,1.1026,0.0850,1.106
7.021405726,-0.0264,1.1045,0.0899,1.108
7.02355038,-0.0298,1.1070,0.0933,1.111
7.025482495,-0.0286,1.1079,0.0950,1.112
7.02722888,-0.0296,1.1067,0.1004,1.112
7.029442418,-0.0310,1.1062,0.1024,1.111
7.031506188,-0.0327,1.1057,0.1053,1.111
7.033243841,-0.0359,1.1026,0.1077,1.108
7.035058072,-0.0386,1.1018,0.1087,1.108
7.037568726,-0.0454,1.0991,0.1131,1.106
7.044418457,-0.0525,1.0950,0.1126,1.102
7.045292034,-0.0562,1.0925,0.1109,1.100
7.045777034,-0.0647,1.0920,0.1031,1.099
7.046182495,-0.0713,1.0923,0.0997,1.099
7.047256149,-0.0855,1.0903,0.0943,1.098
7.049219688,-0.0985,1.0901,0.0909,1.098
7.050996803,-0.1043,1.0899,0.0884,1.098
7.053126841,-0.1116,1.0879,0.0836,1.097
7.055194803,-0.1146,1.0857,0.0836,1.095
7.078303803,-0.1136,1.0857,0.0826,1.095
7.07921788,-0.1099,1.0869,0.0796,1.095
7.079651841,-0.1016,1.0896,0.0784,1.097
7.080148418,-0.0958,1.0994,0.0792,1.106
7.080567688,-0.0845,1.1113,0.0767,1.117
7.080996918,-0.0772,1.1175,0.0777,1.123
7.081438611,-0.0630,1.1311,0.0777,1.136
7.081833418,-0.0476,1.1465,0.0760,1.150
7.082239726,-0.0391,1.1534,0.0765,1.157
7.082655111,-0.0244,1.1685,0.0772,1.171
7.08309888,-0.0105,1.1856,0.0772,1.188
7.083494341,-0.0039,1.1942,0.0782,1.197
7.084006572,0.0083,1.2157,0.0779,1.218
7.084407649,0.0151,1.2247,0.0787,1.227
7.085263457,0.0244,1.2435,0.0789,1.246
7.086814841,0.0330,1.2614,0.0777,1.264
7.088971572,0.0384,1.2694,0.0765,1.272
7.091231803,0.0464,1.2841,0.0760,1.287
7.09370338,0.0486,1.2899,0.0740,1.293
7.094595149,0.0530,1.2987,0.0689,1.302
7.096979457,0.0574,1.3068,0.0608,1.309
7.098679188,0.0586,1.3083,0.0569,1.311
7.100436111,0.0601,1.3095,0.0476,1.312
7.102386457,0.0579,1.3078,0.0364,1.310
7.10430788,0.0574,1.3061,0.0305,1.308
7.107165341,0.0547,1.3002,0.0198,1.301
7.109429534,0.0523,1.2968,0.0142,1.298
7.110384457,0.0486,1.2899,0.0044,1.291
7.113316072,0.0398,1.2807,-0.0039,1.281
7.114359341,0.0335,1.2770,-0.0090,1.277
7.116318918,0.0208,1.2682,-0.0169,1.268
7.118533149,0.0095,1.2606,-0.0227,1.261
7.120250764,0.0017,1.2567,-0.0259,1.257
7.122162495,-0.0147,1.2504,-0.0318,1.251
7.125340649,-0.0217,1.2477,-0.0344,1.248
7.12708238,-0.0379,1.2435,-0.0406,1.245
7.128540572,-0.0501,1.2384,-0.0474,1.240
7.130169957,-0.0550,1.2364,-0.0491,1.239
7.132083072,-0.0647,1.2342,-0.0523,1.237
7.134274341,-0.0740,1.2318,-0.0577,1.235
7.136295957,-0.0774,1.2315,-0.0606,1.235
7.137878611,-0.0828,1.2328,-0.0669,1.237
7.141476303,-0.0853,1.2325,-0.0706,1.237
7.143283111,-0.0865,1.2350,-0.0784,1.240
7.144670341,-0.0877,1.2394,-0.0865,1.245
7.146013534,-0.0870,1.2421,-0.0906,1.248
7.147690034,-0.0823,1.2462,-0.1004,1.253
7.15001488,-0.0804,1.2506,-0.1116,1.258
7.151500341,-0.0779,1.2530,-0.1160,1.261
7.153635688,-0.0706,1.2599,-0.1273,1.268
7.157051611,-0.0657,1.2626,-0.1331,1.271
7.158151764,-0.0577,1.2650,-0.1444,1.275
7.167166495,-0.0491,1.2648,-0.1510,1.275
7.168829572,-0.0437,1.2650,-0.1544,1.275
7.170153149,-0.0366,1.2643,-0.1603,1.275
7.171400611,-0.0308,1.2638,-0.1617,1.274
7.17266888,-0.0271,1.2631,-0.1632,1.274
7.17347138,-0.0222,1.2584,-0.1639,1.269
7.191913841,-0.0200,1.2545,-0.1632,1.265
7.193493688,-0.0169,1.2479,-0.1608,1.258
7.194521995,-0.0151,1.2438,-0.1542,1.253
7.195530803,-0.0144,1.2406,-0.1505,1.250
7.196556688,-0.0103,1.2345,-0.1449,1.243
7.197947534,-0.0049,1.2296,-0.1358,1.237
7.199243341,-0.0024,1.2269,-0.1307,1.234
7.200684918,0.0081,1.2213,-0.1219,1.227
7.201886957,0.0120,1.2184,-0.1160,1.224
7.202823226,0.0222,1.2125,-0.1065,1.217
7.204080687,0.0325,1.2042,-0.0989,1.209
7.205159957,0.0384,1.2005,-0.0948,1.205
7.206289149,0.0481,1.1932,-0.0875,1.197
7.207458418,0.0584,1.1854,-0.0816,1.190
7.208736726,0.0623,1.1798,-0.0787,1.184
7.209742341,0.0723,1.1683,-0.0740,1.173
7.210901457,0.0779,1.1631,-0.0728,1.168
7.211715764,0.0862,1.1521,-0.0674,1.157
7.212726418,0.0941,1.1392,-0.0645,1.145
7.213168072,0.0992,1.1336,-0.0630,1.140
7.213585226,0.1046,1.1219,-0.0628,1.128
7.214013957,0.1114,1.1067,-0.0628,1.114
7.214417649,0.1148,1.0989,-0.0616,1.107
7.216893649,0.1209,1.0867,-0.0618,1.095
7.218638303,0.1290,1.0793,-0.0625,1.089
7.221112418,0.1327,1.0647,-0.0655,1.075
7.224605034,0.1397,1.0483,-0.0674,1.060
7.225355418,0.1424,1.0400,-0.0669,1.052
7.226495649,0.1495,1.0268,-0.0672,1.040
7.228716918,0.1556,1.0105,-0.0699,1.025
7.230452495,0.1588,1.0039,-0.0721,1.019
7.232995726,0.1632,0.9924,-0.0760,1.009
7.23439088,0.1649,0.9870,-0.0782,1.004
7.236383226,0.1691,0.9736,-0.0823,0.992
7.238207187,0.1727,0.9645,-0.0884,0.984
7.245045072,0.1739,0.9611,-0.0916,0.981
7.245894611,0.1749,0.9513,-0.0953,0.972
7.246322995,0.1754,0.9442,-0.1024,0.966
7.246731149,0.1766,0.9411,-0.1055,0.963
7.248213418,0.1771,0.9369,-0.1090,0.960
7.250182572,0.1742,0.9354,-0.1148,0.958
7.252125995,0.1747,0.9318,-0.1163,0.955
7.254295649,0.1761,0.9328,-0.1200,0.957
7.264968918,0.1752,0.9330,-0.1202,0.957
7.266522034,0.1737,0.9325,-0.1214,0.956
7.267354687,0.1708,0.9337,-0.1200,0.957
7.268351149,0.1688,0.9347,-0.1185,0.957
7.26927788,0.1656,0.9403,-0.1175,0.962
7.270287495,0.1615,0.9433,-0.1168,0.964
7.271692341,0.1603,0.9467,-0.1141,0.967
7.273052226,0.1549,0.9508,-0.1121,0.970
7.27441488,0.1520,0.9526,-0.1099,0.971
7.275477611,0.1446,0.9547,-0.1033,0.971
7.276464341,0.1402,0.9567,-0.1014,0.972
7.278944226,0.1383,0.9582,-0.1009,0.973
7.280539457,0.1341,0.9582,-0.0992,0.973
7.281800687,0.1327,0.9582,-0.0985,0.972
7.283925495,0.1312,0.9574,-0.0982,0.971
7.285632957,0.1314,0.9579,-0.1016,0.972
7.287516303,0.1317,0.9577,-0.1036,0.972
7.290972957,0.1339,0.9560,-0.1065,0.971
7.292729034,0.1356,0.9552,-0.1109,0.971
7.29394488,0.1378,0.9550,-0.1131,0.971
7.295560303,0.1427,0.9518,-0.1178,0.970
7.297362187,0.1437,0.9516,-0.1192,0.970
7.299847418,0.1446,0.9496,-0.1202,0.968
7.303027687,0.1468,0.9445,-0.1229,0.964
7.304086303,0.1480,0.9413,-0.1231,0.961
7.305410572,0.1459,0.9372,-0.1234,0.956
7.308710264,0.1441,0.9323,-0.1229,0.951
7.31034088,0.1424,0.9284,-0.1234,0.947
7.311706841,0.1373,0.9240,-0.1219,0.942
7.31330538,0.1353,0.9223,-0.1200,0.940
7.315212226,0.1305,0.9196,-0.1158,0.936
7.317589034,0.1261,0.9161,-0.1080,0.931
7.319118187,0.1236,0.9154,-0.1051,0.930
7.321369803,0.1185,0.9130,-0.0967,0.926
7.324911841,0.1121,0.9118,-0.0877,0.923
7.326558918,0.1080,0.9108,-0.0814,0.921
7.328369187,0.1041,0.9091,-0.0687,0.918
7.329998726,0.1016,0.9096,-0.0623,0.917
7.331139303,0.0963,0.9103,-0.0493,0.917
7.332986187,0.0906,0.9100,-0.0352,0.915
7.334878187,0.0880,0.9093,-0.0281,0.914
7.337154226,0.0845,0.9093,-0.0151,0.913
7.339421149,0.0794,0.9091,-0.0015,0.913
7.340958957,0.0767,0.9096,0.0020,0.913
7.343667226,0.0699,0.9086,0.0112,0.911
7.345642226,0.0687,0.9083,0.0156,0.911
7.347131995,0.0657,0.9069,0.0225,0.910
7.348970495,0.0613,0.9042,0.0281,0.907
7.35055711,0.0599,0.9030,0.0296,0.905
7.352581841,0.0562,0.9027,0.0322,0.905
7.354510303,0.0523,0.9008,0.0332,0.903
7.365087649,0.0515,0.9000,0.0332,0.902
7.365920264,0.0506,0.8976,0.0320,0.900
7.366347034,0.0479,0.8966,0.0318,0.898
7.366769072,0.0459,0.8942,0.0269,0.896
7.367185995,0.0435,0.8927,0.0210,0.894
7.367584418,0.0410,0.8922,0.0183,0.893
7.36863111,0.0376,0.8900,0.0120,0.891
7.370538072,0.0352,0.8868,0.0056,0.888
7.372278995,0.0344,0.8856,0.0002,0.886
7.38699211,0.0320,0.8815,-0.0081,0.882
7.38867338,0.0303,0.8793,-0.0132,0.880
7.390015957,0.0271,0.8773,-0.0227,0.878
7.39121661,0.0261,0.8741,-0.0347,0.875
7.393152649,0.0244,0.8727,-0.0398,0.874
7.394450264,0.0200,0.8680,-0.0476,0.870
7.395556418,0.0186,0.8636,-0.0537,0.865
7.397051764,0.0176,0.8622,-0.0552,0.864
7.398086764,0.0173,0.8580,-0.0596,0.860
7.399163034,0.0171,0.8556,-0.0608,0.858
7.400378457,0.0176,0.8517,-0.0655,0.854
7.401921841,0.0195,0.8502,-0.0657,0.853
7.402963841,0.0208,0.8487,-0.0655,0.851
7.40415961,0.0237,0.8448,-0.0638,0.848
7.405228534,0.0271,0.8436,-0.0640,0.846
7.406464687,0.0283,0.8416,-0.0625,0.844
7.407562187,0.0315,0.8372,-0.0616,0.840
7.410125918,0.0332,0.8360,-0.0599,0.839
7.410942957,0.0362,0.8343,-0.0564,0.837
7.411646803,0.0415,0.8321,-0.0535,0.835
7.414207534,0.0428,0.8314,-0.0523,0.834
7.415836495,0.0435,0.8309,-0.0513,0.834
7.417883072,0.0469,0.8289,-0.0489,0.832
7.419541072,0.0496,0.8299,-0.0479,0.833
7.421614341,0.0540,0.8314,-0.0464,0.834
7.424575303,0.0555,0.8316,-0.0469,0.835
7.426600226,0.0562,0.8326,-0.0457,0.836
7.427348264,0.0577,0.8353,-0.0450,0.838
7.42962538,0.0596,0.8360,-0.0450,0.839
7.431359841,0.0608,0.8382,-0.0462,0.842
7.433611803,0.0613,0.8409,-0.0435,0.844
7.435505457,0.0630,0.8404,-0.0432,0.844
7.43767838,0.0618,0.8433,-0.0418,0.847
7.439598572,0.0623,0.8443,-0.0415,0.848
7.442228841,0.0647,0.8475,-0.0413,0.851
7.443386995,0.0689,0.8495,-0.0386,0.853
7.445970457,0.0699,0.8499,-0.0371,0.854
7.447511264,0.0713,0.8529,-0.0349,0.857
7.449990149,0.0726,0.8539,-0.0308,0.857
7.451266033,0.0726,0.8543,-0.0293,0.858
7.45342838,0.0757,0.8553,-0.0283,0.859
7.455109841,0.0789,0.8580,-0.0230,0.862
7.463020072,0.0804,0.8592,-0.0222,0.863
7.463982918,0.0814,0.8592,-0.0195,0.863
7.464425995,0.0843,0.8582,-0.0178,0.863
7.464841303,0.0850,0.8587,-0.0154,0.863
7.47100911,0.0884,0.8600,-0.0115,0.865
7.471664418,0.0897,0.8600,-0.0112,0.865
7.472163187,0.0911,0.8600,-0.0083,0.865
7.472595226,0.0955,0.8609,-0.0051,0.866
7.473039303,0.0975,0.8626,-0.0042,0.868
7.491284918,0.0987,0.8653,0.0005,0.871
7.493175303,0.1011,0.8653,0.0034,0.871
7.495298495,0.1026,0.8658,0.0051,0.872
7.496516995,0.1033,0.8675,0.0081,0.874
7.497786572,0.1048,0.8688,0.0100,0.875
7.499180995,0.1053,0.8712,0.0132,0.878
7.500541995,0.1092,0.8700,0.0164,0.877
7.501744726,0.1112,0.8697,0.0176,0.877
7.502570957,0.1126,0.8705,0.0203,0.878
7.503270303,0.1143,0.8717,0.0217,0.879
7.504167264,0.1190,0.8727,0.0249,0.881
7.505141303,0.1204,0.8710,0.0261,0.880
7.505926957,0.1222,0.8702,0.0266,0.879
7.509074187,0.1268,0.8690,0.0298,0.879
7.51072388,0.1287,0.8658,0.0310,0.876
7.511627803,0.1297,0.8658,0.0318,0.876
7.51286138,0.1356,0.8678,0.0347,0.879
7.51388761,0.1390,0.8678,0.0349,0.880
7.515198341,0.1427,0.8644,0.0349,0.877
7.51656811,0.1480,0.8609,0.0366,0.874
7.517597264,0.1520,0.8609,0.0364,0.875
7.518667803,0.1573,0.8607,0.0374,0.876
7.519499726,0.1637,0.8587,0.0366,0.875
7.52067361,0.1647,0.8580,0.0362,0.874
7.52254738,0.1708,0.8578,0.0357,0.875
7.52595238,0.1742,0.8565,0.0337,0.875
7.526859187,0.1766,0.8568,0.0303,0.875
7.52910811,0.1766,0.8565,0.0293,0.875
7.530187226,0.1764,0.8575,0.0296,0.876
7.532215572,0.1764,0.8585,0.0286,0.877
7.534114418,0.1749,0.8609,0.0286,0.879
7.536079226,0.1749,0.8626,0.0293,0.881
7.537930764,0.1744,0.8651,0.0296,0.883
7.541771956,0.1722,0.8648,0.0291,0.882
7.543621456,0.1666,0.8673,0.0318,0.884
7.544179187,0.1632,0.8710,0.0335,0.887
7.546518726,0.1627,0.8719,0.0340,0.888
7.547926456,0.1578,0.8780,0.0381,0.893
7.549895726,0.1515,0.8815,0.0430,0.895
7.552323418,0.1490,0.8844,0.0459,0.898
7.55412488,0.1437,0.8895,0.0498,0.902
7.555918303,0.1407,0.8912,0.0528,0.904
7.562604572,0.1366,0.8964,0.0579,0.909
7.563457187,0.1317,0.9020,0.0618,0.914
7.563960956,0.1290,0.9039,0.0657,0.915
7.564380226,0.1229,0.9088,0.0694,0.920
7.565671764,0.1165,0.9115,0.0718,0.922
7.567929726,0.1151,0.9132,0.0770,0.924
7.569540033,0.1112,0.9166,0.0826,0.927
7.571483803,0.1085,0.9181,0.0845,0.928
7.58610538,0.1048,0.9225,0.0882,0.933
7.587985226,0.0997,0.9242,0.0926,0.934
7.589180533,0.0975,0.9254,0.0941,0.935
7.59059388,0.0928,0.9289,0.0972,0.939
7.592074995,0.0906,0.9303,0.0987,0.940
7.593969533,0.0860,0.9306,0.0982,0.940
7.595227533,0.0806,0.9306,0.1014,0.940
7.59638911,0.0789,0.9313,0.1021,0.940
7.597591418,0.0757,0.9342,0.1007,0.943
7.598384264,0.0701,0.9350,0.0977,0.943
7.599484072,0.0689,0.9347,0.0967,0.942
7.600458649,0.0655,0.9364,0.0965,0.944
7.601357726,0.0652,0.9374,0.0955,0.945
7.602108995,0.0645,0.9396,0.0923,0.946
7.603089033,0.0655,0.9389,0.0875,0.945
7.603886226,0.0647,0.9384,0.0860,0.945
7.604963841,0.0643,0.9386,0.0821,0.944
7.608535533,0.0647,0.9384,0.0828,0.944
7.60999038,0.0660,0.9384,0.0826,0.944
7.611028341,0.0674,0.9376,0.0804,0.943
7.61288261,0.0682,0.9374,0.0804,0.943
7.614948918,0.0704,0.9374,0.0806,0.943
7.616775264,0.0740,0.9359,0.0836,0.943
7.618941495,0.0757,0.9347,0.0843,0.942
7.62061261,0.0777,0.9345,0.0858,0.942
7.622988649,0.0782,0.9333,0.0882,0.941
7.625659726,0.0792,0.9318,0.0887,0.939
7.62719538,0.0828,0.9311,0.0921,0.939
7.628394303,0.0850,0.9298,0.0936,0.938
7.630578533,0.0897,0.9281,0.0980,0.938
7.632530418,0.0911,0.9247,0.1014,0.935
7.634519495,0.0919,0.9237,0.1026,0.934
7.636475226,0.0941,0.9227,0.1053,0.933
7.638402687,0.0985,0.9198,0.1099,0.932
7.640341264,0.0985,0.9183,0.1119,0.930
7.643071918,0.1021,0.9169,0.1143,0.930
7.644683072,0.1043,0.9166,0.1158,0.930
7.64647511,0.1077,0.9159,0.1178,0.930
7.648329226,0.1092,0.9164,0.1187,0.930
7.650305033,0.1104,0.9164,0.1190,0.931
7.652335033,0.1121,0.9169,0.1192,0.931
7.654298879,0.1143,0.9176,0.1200,0.932
7.656390841,0.1143,0.9183,0.1195,0.933
7.665972379,0.1153,0.9201,0.1175,0.935
7.667386341,0.1163,0.9203,0.1168,0.935
7.668595918,0.1175,0.9213,0.1163,0.936
7.669645956,0.1182,0.9210,0.1134,0.935
7.670842495,0.1180,0.9213,0.1107,0.935
7.672066226,0.1202,0.9227,0.1048,0.936
7.672723379,0.1192,0.9237,0.1009,0.937
7.673138533,0.1192,0.9259,0.0977,0.939
7.692017687,0.1173,0.9286,0.0899,0.940
7.693800149,0.1173,0.9303,0.0882,0.942
7.694715379,0.1168,0.9323,0.0858,0.943
7.695906303,0.1160,0.9364,0.0821,0.947
7.696913841,0.1146,0.9369,0.0806,0.947
7.698001533,0.1126,0.9401,0.0772,0.950
7.699159303,0.1126,0.9440,0.0762,0.954
7.700220995,0.1094,0.9489,0.0730,0.958
7.701234264,0.1077,0.9518,0.0735,0.961
7.702322956,0.1070,0.9533,0.0728,0.962
7.703364572,0.1065,0.9577,0.0713,0.966
7.704479726,0.1029,0.9628,0.0674,0.971
7.705616533,0.1026,0.9653,0.0667,0.973
7.706472764,0.1024,0.9677,0.0652,0.975
7.707554072,0.1014,0.9694,0.0647,0.977
7.708732341,0.0999,0.9740,0.0630,0.981
7.709809495,0.0994,0.9782,0.0599,0.985
7.710703456,0.1007,0.9794,0.0572,0.986
7.711662072,0.1031,0.9826,0.0530,0.989
7.712711533,0.1033,0.9838,0.0496,0.990
7.713738495,0.1033,0.9877,0.0457,0.994
7.716915995,0.1051,0.9926,0.0393,0.999
7.717801495,0.1060,0.9931,0.0364,0.999
7.718723995,0.1048,0.9968,0.0300,1.003
7.721119956,0.1085,1.0007,0.0257,1.007
7.723233341,0.1099,1.0017,0.0242,1.008
7.726173533,0.1109,1.0026,0.0208,1.009
7.727007764,0.1114,1.0034,0.0154,1.010
7.729434495,0.1121,1.0073,0.0122,1.014
7.730905072,0.1129,1.0139,0.0129,1.020
7.733290149,0.1138,1.0173,0.0117,1.024
7.734798803,0.1156,1.0232,0.0095,1.030
7.737097572,0.1178,1.0293,0.0120,1.036
7.738834879,0.1192,1.0329,0.0112,1.040
7.744853764,0.1239,1.0425,0.0117,1.050
7.74548911,0.1307,1.0505,0.0144,1.059
7.745777726,0.1336,1.0522,0.0156,1.061
7.746600533,0.1415,1.0596,0.0171,1.069
7.748886995,0.1454,1.0647,0.0171,1.075
7.75043361,0.1542,1.0710,0.0186,1.082
7.752765841,0.1632,1.0767,0.0222,1.089
7.754520418,0.1656,1.0796,0.0235,1.092
7.756618187,0.1730,1.0852,0.0269,1.099
7.76803711,0.1801,1.0881,0.0261,1.103
7.768836995,0.1832,1.0952,0.0247,1.111
7.769193572,0.1886,1.0999,0.0237,1.116
7.76950161,0.1925,1.1011,0.0220,1.118
7.769814149,0.1974,1.1045,0.0186,1.122
7.770123187,0.2035,1.1070,0.0191,1.126
7.775941187,0.2050,1.1084,0.0193,1.127
7.776718379,0.2094,1.1109,0.0208,1.131
7.777082841,0.2116,1.1106,0.0222,1.131
7.777490379,0.2123,1.1089,0.0244,1.129
7.777841918,0.2118,1.1048,0.0308,1.125
7.780357841,0.2101,1.1023,0.0349,1.123
7.782529226,0.2079,1.0950,0.0435,1.115
7.784313264,0.2020,1.0886,0.0501,1.108
7.786034726,0.1994,1.0850,0.0535,1.104
7.787845149,0.1959,1.0779,0.0616,1.097
7.790157149,0.1923,1.0740,0.0699,1.093
7.793141226,0.1901,1.0737,0.0745,1.093
7.794191687,0.1820,1.0730,0.0884,1.092
7.796356649,0.1776,1.0732,0.0958,1.092
7.798770456,0.1664,1.0767,0.1092,1.095
7.799662187,0.1505,1.0840,0.1253,1.102
7.802529533,0.1419,1.0891,0.1336,1.106
7.803989802,0.1239,1.1016,0.1522,1.119
7.805706995,0.1004,1.1099,0.1693,1.127
7.808906841,0.0877,1.1292,0.1769,1.146
7.809632495,0.0647,1.1473,0.1886,1.164
7.811518841,0.0533,1.1568,0.1928,1.174
7.813560533,0.0322,1.1758,0.2008,1.193
7.815310072,0.0169,1.1956,0.2052,1.213
7.817424687,0.0100,1.2057,0.2055,1.223
7.819390841,-0.0012,1.2279,0.2055,1.245
7.821508379,-0.0110,1.2472,0.1989,1.263
7.823344072,-0.0132,1.2567,0.1967,1.272
7.825428841,-0.0188,1.2743,0.1879,1.288
7.827366456,-0.0188,1.2831,0.1832,1.296
7.829705302,-0.0178,1.2987,0.1725,1.310
7.831517726,-0.0156,1.3109,0.1625,1.321
7.833122956,-0.0132,1.3144,0.1571,1.324
7.835127841,-0.0054,1.3171,0.1446,1.325
7.837283841,0.0046,1.3197,0.1295,1.326
7.839237572,0.0117,1.3190,0.1214,1.325
7.842073264,0.0252,1.3146,0.1026,1.319
7.843184879,0.0325,1.3122,0.0923,1.316
7.845203187,0.0493,1.3022,0.0713,1.305
7.847239495,0.0677,1.2929,0.0472,1.295
7.849196072,0.0779,1.2868,0.0349,1.290
7.851301225,0.1007,1.2753,0.0061,1.279
7.853050072,0.1248,1.2636,-0.0232,1.270
7.854850995,0.1373,1.2577,-0.0384,1.266
7.857096879,0.1625,1.2467,-0.0657,1.259
7.862238572,0.1837,1.2416,-0.0936,1.259
7.862990187,0.1947,1.2345,-0.1053,1.254
7.863352418,0.2147,1.2291,-0.1307,1.255
7.865042802,0.2233,1.2286,-0.1419,1.257
7.869649879,0.2362,1.2274,-0.1627,1.260
7.870173841,0.2470,1.2315,-0.1827,1.269
7.870507033,0.2499,1.2325,-0.1901,1.272
7.87274611,0.2521,1.2401,-0.2042,1.282
7.905413033,0.2470,1.2443,-0.2130,1.286
7.906292072,0.2441,1.2526,-0.2167,1.294
7.906800187,0.2382,1.2638,-0.2213,1.305
7.907246302,0.2345,1.2699,-0.2213,1.310
7.907655341,0.2245,1.2789,-0.2177,1.317
7.908079264,0.2116,1.2875,-0.2094,1.321
7.908404341,0.2057,1.2919,-0.2038,1.324
7.908705764,0.1957,1.3029,-0.1913,1.331
7.909045687,0.1827,1.3070,-0.1722,1.331
7.909445149,0.1764,1.3153,-0.1617,1.337
7.909848341,0.1642,1.3239,-0.1388,1.341
7.910238649,0.1598,1.3280,-0.1268,1.344
7.911167456,0.1510,1.3361,-0.1009,1.348
7.91178511,0.1419,1.3400,-0.0733,1.350
7.912178879,0.1385,1.3415,-0.0586,1.350
7.912704302,0.1317,1.3439,-0.0274,1.351
7.914007379,0.1261,1.3444,0.0039,1.350
7.914561533,0.1229,1.3425,0.0203,1.348
7.91498911,0.1168,1.3417,0.0515,1.348
7.915253802,0.1141,1.3405,0.0660,1.347
7.915510956,0.1082,1.3371,0.0958,1.345
7.917121533,0.0997,1.3288,0.1234,1.338
7.917860841,0.0965,1.3241,0.1375,1.335
7.919856649,0.0928,1.3136,0.1612,1.327
7.922049764,0.0872,1.3070,0.1730,1.321
7.92390161,0.0865,1.2926,0.1932,1.310
7.925929072,0.0843,1.2763,0.2113,1.296
7.927854379,0.0838,1.2682,0.2184,1.290
7.930102725,0.0848,1.2501,0.2284,1.274
7.931843764,0.0840,1.2296,0.2350,1.255
7.933892072,0.0836,1.2201,0.2355,1.245
7.935681649,0.0865,1.1998,0.2336,1.225
7.937934841,0.0882,1.1778,0.2267,1.203
7.939708072,0.0870,1.1678,0.2216,1.192
7.944674225,0.0870,1.1497,0.2094,1.172
7.945240879,0.0862,1.1380,0.2006,1.159
7.945956418,0.0848,1.1155,0.1818,1.133
7.947612802,0.0831,1.0952,0.1615,1.110
7.949801918,0.0809,1.0847,0.1502,1.098
7.951445956,0.0750,1.0630,0.1261,1.073
7.953769302,0.0696,1.0417,0.0994,1.049
7.955356533,0.0677,1.0315,0.0860,1.037
7.957363572,0.0647,1.0107,0.0559,1.014
7.967466302,0.0608,1.0024,0.0401,1.005
7.967953533,0.0545,0.9860,0.0078,0.988
7.968206148,0.0469,0.9699,-0.0252,0.971
7.96844011,0.0447,0.9626,-0.0401,0.964
7.968663995,0.0396,0.9499,-0.0696,0.953
7.969777033,0.0342,0.9435,-0.0845,0.948
7.971217879,0.0318,0.9333,-0.1102,0.940
7.973331456,0.0244,0.9227,-0.1361,0.933
7.976510418,0.0198,0.9196,-0.1476,0.932
7.97771411,0.0115,0.9103,-0.1695,0.926
7.978903725,0.0051,0.9015,-0.1898,0.921
7.981053148,0.0015,0.8973,-0.1994,0.919
7.982832687,-0.0059,0.8910,-0.2167,0.917
7.985155418,-0.0081,0.8881,-0.2221,0.915
7.986771648,-0.0129,0.8861,-0.2321,0.916
7.988929495,-0.0159,0.8832,-0.2404,0.915
7.991947187,-0.0173,0.8810,-0.2419,0.914
7.993444764,-0.0181,0.8819,-0.2448,0.915
7.994649148,-0.0200,0.8829,-0.2416,0.916
7.996728725,-0.0200,0.8824,-0.2389,0.914
7.998566495,-0.0191,0.8861,-0.2304,0.916
8.000875456,-0.0191,0.8878,-0.2253,0.916
8.002332918,-0.0188,0.8907,-0.2125,0.916
8.004661533,-0.0188,0.8944,-0.1945,0.915
8.006860341,-0.0181,0.8968,-0.1874,0.916
8.008754033,-0.0169,0.9017,-0.1678,0.917
8.010380841,-0.0149,0.9071,-0.1471,0.919
8.012475148,-0.0142,0.9093,-0.1380,0.920
8.014513264,-0.0144,0.9152,-0.1202,0.923
8.016691072,-0.0142,0.9183,-0.1107,0.925
8.018474764,-0.0149,0.9235,-0.0921,0.928
8.020405341,-0.0169,0.9264,-0.0772,0.930
8.022461072,-0.0161,0.9291,-0.0691,0.932
8.025827033,-0.0132,0.9350,-0.0557,0.937
8.026914572,-0.0105,0.9374,-0.0452,0.939
8.028470648,-0.0088,0.9386,-0.0415,0.940
8.030282302,-0.0071,0.9428,-0.0354,0.943
8.032506302,-0.0051,0.9457,-0.0281,0.946
8.034314995,-0.0044,0.9477,-0.0259,0.948
8.036312264,-0.0032,0.9521,-0.0230,0.952
8.038480495,-0.0010,0.9540,-0.0208,0.954
8.040690495,0.0022,0.9555,-0.0171,0.956
8.043313802,0.0100,0.9550,-0.0156,0.955
8.044632572,0.0134,0.9555,-0.0151,0.956
8.046099418,0.0186,0.9567,-0.0139,0.957
8.048345533,0.0269,0.9582,-0.0142,0.959
8.050138302,0.0293,0.9582,-0.0147,0.959
8.052143956,0.0352,0.9579,-0.0151,0.959
8.054118918,0.0371,0.9577,-0.0159,0.959
8.056079533,0.0423,0.9560,-0.0166,0.957
8.066407764,0.0474,0.9550,-0.0176,0.956
8.068028187,0.0484,0.9552,-0.0173,0.957
8.068930725,0.0501,0.9521,-0.0149,0.953
8.070177956,0.0511,0.9511,-0.0159,0.953
8.071127418,0.0518,0.9496,-0.0166,0.951
8.072355879,0.0528,0.9467,-0.0183,0.948
8.073414456,0.0537,0.9455,-0.0193,0.947
8.074617764,0.0525,0.9433,-0.0210,0.945
8.075962571,0.0513,0.9408,-0.0235,0.943
8.076587841,0.0511,0.9406,-0.0244,0.942
8.089644995,0.0506,0.9401,-0.0279,0.942
8.090146302,0.0442,0.9389,-0.0298,0.940
8.090389764,0.0430,0.9374,-0.0340,0.939
8.090630918,0.0415,0.9367,-0.0386,0.938
8.090860687,0.0406,0.9364,-0.0410,0.938
8.091096302,0.0379,0.9374,-0.0474,0.939
8.091336341,0.0335,0.9379,-0.0525,0.940
8.09155861,0.0313,0.9384,-0.0552,0.941
8.098394725,0.0276,0.9398,-0.0599,0.942
8.098824187,0.0232,0.9413,-0.0667,0.944
8.099080995,0.0210,0.9430,-0.0696,0.946
8.099310302,0.0181,0.9447,-0.0738,0.948
8.101351225,0.0164,0.9460,-0.0757,0.949
8.103454571,0.0105,0.9494,-0.0796,0.953
8.105275071,0.0054,0.9535,-0.0843,0.957
8.107353418,0.0051,0.9530,-0.0855,0.957
8.109152379,0.0015,0.9577,-0.0865,0.962
8.11121361,-0.0012,0.9591,-0.0877,0.963
8.113155802,-0.0032,0.9604,-0.0887,0.964
8.11488911,-0.0088,0.9645,-0.0887,0.969
8.117040648,-0.0107,0.9657,-0.0882,0.970
8.119114918,-0.0129,0.9687,-0.0870,0.973
8.121021764,-0.0159,0.9709,-0.0836,0.975
8.122897187,-0.0166,0.9719,-0.0823,0.975
8.125986956,-0.0210,0.9711,-0.0796,0.975
8.12705811,-0.0227,0.9716,-0.0745,0.975
8.129104418,-0.0213,0.9709,-0.0721,0.974
8.130862341,-0.0217,0.9701,-0.0657,0.973
8.133012533,-0.0200,0.9704,-0.0586,0.972
8.135001264,-0.0198,0.9679,-0.0550,0.970
8.137003879,-0.0198,0.9626,-0.0464,0.964
8.138866841,-0.0200,0.9609,-0.0423,0.962
8.140916648,-0.0191,0.9555,-0.0330,0.956
8.14327111,-0.0188,0.9513,-0.0239,0.952
8.144896302,-0.0186,0.9499,-0.0193,0.950
8.146752648,-0.0161,0.9440,-0.0083,0.944
8.148732264,-0.0154,0.9403,-0.0029,0.940
8.150581187,-0.0115,0.9328,0.0100,0.933
8.152692302,-0.0095,0.9247,0.0203,0.925
8.154418379,-0.0098,0.9201,0.0247,0.920
8.156958725,-0.0115,0.9115,0.0354,0.912
8.166767802,-0.0086,0.9034,0.0435,0.905
8.167954841,-0.0066,0.8993,0.0479,0.901
8.168668879,-0.0032,0.8922,0.0550,0.894
8.169409918,-0.0024,0.8878,0.0589,0.890
8.170129341,0.0005,0.8778,0.0662,0.880
8.172628764,0.0015,0.8700,0.0713,0.873
8.173408764,0.0017,0.8668,0.0750,0.870
8.174087302,0.0020,0.8585,0.0811,0.862
8.17661111,0.0012,0.8514,0.0855,0.856
8.177649341,0.0020,0.8492,0.0882,0.854
8.178755994,0.0027,0.8421,0.0921,0.847
8.188415033,0.0022,0.8409,0.0948,0.846
8.190034148,0.0005,0.8367,0.0985,0.843
8.191277802,-0.0010,0.8348,0.1029,0.841
8.192641533,-0.0010,0.8338,0.1033,0.840
8.193914841,0.0012,0.8324,0.1041,0.839
8.195254302,0.0010,0.8319,0.1065,0.839
8.196490225,0.0007,0.8336,0.1068,0.840
8.197528302,0.0005,0.8331,0.1055,0.840
8.198532456,0.0005,0.8326,0.1046,0.839
8.199463187,0.0027,0.8331,0.1011,0.839
8.200690071,0.0049,0.8314,0.0980,0.837
8.203598648,0.0051,0.8302,0.0960,0.836
8.205215956,0.0083,0.8302,0.0909,0.835
8.206338918,0.0093,0.8292,0.0833,0.833
8.210213918,0.0103,0.8289,0.0799,0.833
8.213246571,0.0125,0.8284,0.0735,0.832
8.21441211,0.0129,0.8277,0.0704,0.831
8.215314994,0.0139,0.8245,0.0638,0.827
8.218561071,0.0156,0.8236,0.0579,0.826
8.219569956,0.0166,0.8231,0.0530,0.825
8.220717341,0.0176,0.8216,0.0459,0.823
8.221871494,0.0191,0.8226,0.0381,0.824
8.225048841,0.0188,0.8226,0.0344,0.824
8.226258264,0.0173,0.8192,0.0274,0.820
8.229045918,0.0161,0.8177,0.0242,0.818
8.230582225,0.0159,0.8167,0.0156,0.817
8.231866456,0.0164,0.8135,0.0083,0.814
8.233745187,0.0159,0.8126,0.0061,0.813
8.235630648,0.0129,0.8111,-0.0010,0.811
8.237760571,0.0127,0.8079,-0.0049,0.808
8.239426918,0.0132,0.8057,-0.0081,0.806
8.24142311,0.0125,0.8030,-0.0125,0.803
8.244489725,0.0103,0.8006,-0.0142,0.801
8.246067379,0.0086,0.7967,-0.0208,0.797
8.247633571,0.0078,0.7938,-0.0232,0.794
8.249355918,0.0078,0.7918,-0.0252,0.792
8.251314841,0.0090,0.7874,-0.0288,0.788
8.253447456,0.0071,0.7842,-0.0293,0.785
8.255400764,0.0064,0.7818,-0.0291,0.782
8.257498341,0.0090,0.7781,-0.0286,0.779
8.266110571,0.0100,0.7737,-0.0286,0.774
8.266705956,0.0115,0.7715,-0.0300,0.772
8.266966033,0.0156,0.7676,-0.0266,0.768
8.267222533,0.0164,0.7659,-0.0239,0.766
8.267945187,0.0195,0.7635,-0.0220,0.764
8.269210379,0.0215,0.7591,-0.0156,0.760
8.270845918,0.0242,0.7573,-0.0122,0.758
8.272851764,0.0281,0.7556,-0.0086,0.756
8.29117461,0.0325,0.7552,-0.0020,0.756
8.291872917,0.0352,0.7539,0.0005,0.755
8.292162879,0.0398,0.7559,0.0068,0.757
8.292405033,0.0415,0.7554,0.0129,0.757
8.292642802,0.0452,0.7552,0.0205,0.757
8.292875494,0.0491,0.7561,0.0286,0.758
8.293100648,0.0508,0.7564,0.0327,0.759
8.293329379,0.0557,0.7583,0.0388,0.761
8.293556802,0.0618,0.7576,0.0459,0.761
8.293786033,0.0643,0.7583,0.0491,0.763
8.294670764,0.0691,0.7600,0.0557,0.765
8.296820417,0.0711,0.7600,0.0589,0.766
8.298601148,0.0748,0.7603,0.0655,0.767
8.300648187,0.0792,0.7637,0.0716,0.771
8.302287187,0.0809,0.7639,0.0738,0.772
8.304480071,0.0831,0.7639,0.0796,0.773
8.306251456,0.0860,0.7639,0.0823,0.773
8.309695033,0.0884,0.7649,0.0836,0.775
8.310403994,0.0919,0.7639,0.0855,0.774
8.315957571,0.0928,0.7632,0.0865,0.774
8.316238956,0.0938,0.7630,0.0872,0.774
8.31721111,0.0945,0.7649,0.0838,0.775
8.317914802,0.0938,0.7649,0.0818,0.775
8.319949802,0.0923,0.7649,0.0792,0.775
8.321958417,0.0904,0.7647,0.0765,0.774
8.324434994,0.0884,0.7644,0.0718,0.773
8.329729841,0.0853,0.7639,0.0647,0.771
8.330171264,0.0828,0.7637,0.0606,0.771
8.330673687,0.0779,0.7632,0.0547,0.769
8.332532994,0.0726,0.7635,0.0491,0.768
8.334064571,0.0708,0.7635,0.0459,0.768
8.336491725,0.0660,0.7630,0.0391,0.767
8.338028879,0.0599,0.7652,0.0318,0.768
8.340122802,0.0567,0.7652,0.0291,0.768
8.346931341,0.0533,0.7666,0.0235,0.769
8.347667533,0.0520,0.7686,0.0200,0.771
8.348146302,0.0467,0.7730,0.0151,0.775
8.348511225,0.0423,0.7781,0.0110,0.779
8.350270802,0.0401,0.7810,0.0103,0.782
8.351913456,0.0388,0.7862,0.0071,0.787
8.353801379,0.0344,0.7942,0.0061,0.795
8.355695764,0.0342,0.7979,0.0059,0.799
8.357597302,0.0300,0.8065,0.0051,0.807
8.36758911,0.0274,0.8106,0.0037,0.811
8.36811661,0.0271,0.8179,0.0042,0.818
8.36837461,0.0269,0.8267,0.0081,0.827
8.368601648,0.0269,0.8309,0.0103,0.831
8.368832725,0.0249,0.8399,0.0149,0.840
8.373359417,0.0210,0.8477,0.0198,0.848
8.37362361,0.0191,0.8521,0.0237,0.853
8.373856225,0.0176,0.8612,0.0322,0.862
8.376330648,0.0169,0.8663,0.0359,0.867
8.377337302,0.0129,0.8744,0.0447,0.876
8.379391725,0.0061,0.8815,0.0542,0.883
8.381349533,0.0029,0.8859,0.0586,0.888
8.383149417,-0.0037,0.8966,0.0677,0.899
8.385215648,-0.0129,0.9042,0.0767,0.908
8.387200417,-0.0186,0.9083,0.0831,0.912
8.389302264,-0.0274,0.9176,0.0916,0.923
8.391101994,-0.0308,0.9230,0.0943,0.928
8.393414802,-0.0432,0.9342,0.1011,0.941
8.395128571,-0.0525,0.9462,0.1063,0.954
8.397147302,-0.0577,0.9508,0.1097,0.959
8.398906494,-0.0691,0.9601,0.1148,0.969
8.400978379,-0.0821,0.9660,0.1136,0.976
8.402952379,-0.0884,0.9782,0.1136,0.989
8.404802148,-0.0982,0.9899,0.1104,1.001
8.406748379,-0.1053,0.9960,0.1087,1.007
8.40971434,-0.1173,1.0100,0.1046,1.022
8.410856456,-0.1297,1.0241,0.0987,1.037
8.412726764,-0.1346,1.0302,0.0958,1.043
8.414906879,-0.1446,1.0434,0.0882,1.057
8.416723494,-0.1544,1.0498,0.0806,1.064
8.418676917,-0.1598,1.0620,0.0779,1.077
8.420725033,-0.1678,1.0752,0.0713,1.091
8.422543764,-0.1725,1.0815,0.0674,1.097
8.424524533,-0.1818,1.0933,0.0603,1.110
8.428239071,-0.1925,1.1033,0.0525,1.121
8.429022148,-0.1974,1.1079,0.0484,1.126
8.430619033,-0.2077,1.1177,0.0423,1.138
8.432485456,-0.2150,1.1211,0.0332,1.142
8.434628071,-0.2191,1.1287,0.0291,1.150
8.436374687,-0.2274,1.1358,0.0198,1.158
8.438543764,-0.2323,1.1392,0.0159,1.163
8.440500456,-0.2384,1.1431,0.0083,1.168
8.451320571,-0.2424,1.1453,0.0012,1.171
8.45285734,-0.2443,1.1460,-0.0029,1.172
8.453840071,-0.2460,1.1478,-0.0107,1.174
8.45466461,-0.2453,1.1473,-0.0173,1.173
8.455536264,-0.2443,1.1475,-0.0215,1.173
8.457135994,-0.2402,1.1458,-0.0303,1.171
8.458220302,-0.2384,1.1453,-0.0330,1.170
8.459201187,-0.2326,1.1465,-0.0379,1.170
8.460490802,-0.2226,1.1446,-0.0442,1.167
8.461580764,-0.2191,1.1429,-0.0459,1.165
8.462776687,-0.2099,1.1414,-0.0486,1.162
8.464221571,-0.1996,1.1431,-0.0496,1.161
8.505655725,-0.1947,1.1421,-0.0493,1.160
8.506259379,-0.1842,1.1409,-0.0493,1.157
8.50650334,-0.1786,1.1404,-0.0481,1.155
8.506738763,-0.1681,1.1443,-0.0432,1.157
8.506985494,-0.1566,1.1460,-0.0379,1.157
8.50722834,-0.1505,1.1463,-0.0335,1.157
8.507445225,-0.1383,1.1504,-0.0264,1.159
8.50767611,-0.1241,1.1543,-0.0188,1.161
8.50796961,-0.1175,1.1570,-0.0147,1.163
8.508230225,-0.1021,1.1614,-0.0061,1.166
8.508470494,-0.0892,1.1649,0.0032,1.168
8.508695417,-0.0831,1.1671,0.0081,1.170
8.508926456,-0.0721,1.1734,0.0191,1.176
8.509145071,-0.0640,1.1751,0.0237,1.177
8.50938611,-0.0508,1.1790,0.0330,1.181
8.50960084,-0.0401,1.1834,0.0437,1.185
8.509822917,-0.0349,1.1854,0.0489,1.187
8.510053302,-0.0257,1.1886,0.0569,1.190
8.510284379,-0.0164,1.1910,0.0633,1.193
8.510497379,-0.0127,1.1937,0.0662,1.196
8.510717071,-0.0061,1.1971,0.0699,1.199
8.510940033,-0.0012,1.1966,0.0721,1.199
8.511164763,0.0051,1.1969,0.0738,1.199
8.51138134,0.0112,1.1959,0.0726,1.198
8.518959033,0.0142,1.1961,0.0706,1.198
8.519410879,0.0213,1.1959,0.0682,1.198
8.519652879,0.0225,1.1959,0.0655,1.198
8.519954033,0.0252,1.1961,0.0601,1.198
8.523045648,0.0298,1.1978,0.0547,1.199
8.523728263,0.0310,1.1986,0.0515,1.200
8.530026802,0.0342,1.2000,0.0437,1.201
8.530610571,0.0384,1.2008,0.0349,1.202
8.531548648,0.0391,1.2017,0.0315,1.203
8.532034648,0.0379,1.2044,0.0230,1.205
8.53307011,0.0379,1.2061,0.0171,1.207
8.535204494,0.0381,1.2083,0.0147,1.209
8.537063033,0.0379,1.2079,0.0083,1.208
8.538837763,0.0369,1.2091,0.0054,1.210
8.541118033,0.0332,1.2130,0.0000,1.213
8.546047263,0.0296,1.2154,-0.0010,1.216
8.546630725,0.0259,1.2166,-0.0020,1.217
8.54688184,0.0173,1.2193,-0.0032,1.219
8.55232684,0.0078,1.2218,-0.0037,1.222
8.552796648,0.0037,1.2232,-0.0044,1.223
8.553035456,-0.0059,1.2267,-0.0032,1.227
8.554823571,-0.0120,1.2276,-0.0017,1.228
8.556983379,-0.0227,1.2306,0.0017,1.231
8.582324071,-0.0357,1.2342,0.0059,1.235
8.582990802,-0.0418,1.2359,0.0090,1.237
8.583268994,-0.0518,1.2408,0.0129,1.242
8.583521802,-0.0635,1.2457,0.0171,1.247
8.583808648,-0.0684,1.2472,0.0188,1.249
8.584067225,-0.0772,1.2540,0.0230,1.257
8.584300994,-0.0823,1.2584,0.0247,1.261
8.584538302,-0.0919,1.2650,0.0259,1.269
8.584779917,-0.0999,1.2736,0.0308,1.278
8.585024263,-0.1033,1.2782,0.0315,1.283
8.585246648,-0.1114,1.2887,0.0320,1.294
8.585480763,-0.1160,1.2987,0.0354,1.304
8.58570761,-0.1195,1.3048,0.0376,1.311
8.585943763,-0.1258,1.3163,0.0408,1.323
8.58622311,-0.1280,1.3224,0.0425,1.329
8.588458225,-0.1324,1.3339,0.0476,1.341
8.590167302,-0.1415,1.3476,0.0508,1.356
8.593378725,-0.1437,1.3544,0.0523,1.363
8.594605571,-0.1476,1.3686,0.0567,1.378
8.596293725,-0.1498,1.3840,0.0586,1.393
8.598165379,-0.1500,1.3903,0.0594,1.400
8.600416879,-0.1505,1.4043,0.0584,1.414
8.602044033,-0.1505,1.4104,0.0567,1.420
8.604219071,-0.1483,1.4219,0.0520,1.431
8.606212956,-0.1459,1.4321,0.0462,1.440
8.60832384,-0.1444,1.4365,0.0410,1.444
8.610336186,-0.1393,1.4453,0.0274,1.452
8.612411956,-0.1327,1.4524,0.0112,1.458
8.613984994,-0.1295,1.4568,0.0032,1.463
8.616302956,-0.1217,1.4619,-0.0161,1.467
8.617993725,-0.1180,1.4644,-0.0261,1.469
8.619889494,-0.1097,1.4663,-0.0515,1.471
8.62191884,-0.1002,1.4678,-0.0804,1.473
8.624259148,-0.0967,1.4668,-0.0950,1.473
8.627112456,-0.0870,1.4658,-0.1236,1.474
8.628109494,-0.0779,1.4624,-0.1554,1.473
8.630177263,-0.0733,1.4600,-0.1717,1.472
8.631853533,-0.0640,1.4539,-0.2013,1.469
8.633696994,-0.0584,1.4504,-0.2147,1.467
8.635690917,-0.0518,1.4407,-0.2428,1.462
8.638008379,-0.0452,1.4304,-0.2651,1.455
8.639838071,-0.0437,1.4241,-0.2746,1.451
8.641842533,-0.0406,1.4116,-0.2895,1.442
8.643618917,-0.0384,1.3965,-0.2981,1.428
8.645659148,-0.0379,1.3884,-0.3005,1.421
8.647634917,-0.0379,1.3710,-0.3010,1.404
8.649616994,-0.0386,1.3632,-0.2993,1.396
8.651380302,-0.0384,1.3447,-0.2939,1.377
8.653345263,-0.0369,1.3237,-0.2846,1.354
8.655873417,-0.0354,1.3119,-0.2795,1.342
8.657460033,-0.0344,1.2851,-0.2682,1.313
8.662743302,-0.0308,1.2596,-0.2575,1.286
8.66365361,-0.0286,1.2460,-0.2541,1.272
8.664019686,-0.0249,1.2169,-0.2465,1.242
8.66538911,-0.0235,1.2025,-0.2433,1.227
8.667142148,-0.0220,1.1741,-0.2377,1.198
8.669272994,-0.0227,1.1453,-0.2311,1.169
8.67142384,-0.0232,1.1299,-0.2284,1.153
8.673025379,-0.0237,1.0994,-0.2218,1.122
8.675087802,-0.0261,1.0681,-0.2152,1.090
8.684360879,-0.0261,1.0517,-0.2130,1.073
8.685106033,-0.0293,1.0195,-0.2091,1.041
8.685420456,-0.0313,1.0029,-0.2060,1.024
8.685720494,-0.0335,0.9706,-0.2003,0.992
8.685973802,-0.0349,0.9381,-0.1950,0.959
8.68702734,-0.0364,0.9220,-0.1918,0.942
8.689094571,-0.0398,0.8917,-0.1859,0.912
8.690868033,-0.0391,0.8624,-0.1764,0.881
8.693211494,-0.0393,0.8480,-0.1730,0.866
8.695174225,-0.0393,0.8209,-0.1634,0.838
8.696801879,-0.0376,0.8096,-0.1588,0.826
8.69880434,-0.0347,0.7881,-0.1485,0.803
8.700943917,-0.0315,0.7657,-0.1366,0.778
8.702879302,-0.0300,0.7569,-0.1290,0.768
8.704550533,-0.0296,0.7415,-0.1168,0.751
8.706678648,-0.0230,0.7275,-0.1041,0.735
8.708727417,-0.0208,0.7217,-0.0970,0.728
8.711699571,-0.0164,0.7117,-0.0821,0.717
8.712856186,-0.0147,0.7078,-0.0752,0.712
8.714614109,-0.0076,0.7024,-0.0618,0.705
8.716364686,-0.0010,0.7004,-0.0511,0.702
8.718557494,0.0022,0.6994,-0.0450,0.701
8.720439302,0.0107,0.7007,-0.0347,0.702
8.722434494,0.0195,0.7031,-0.0296,0.704
8.724391648,0.0239,0.7048,-0.0283,0.706
8.727611802,0.0327,0.7107,-0.0269,0.712
8.728532609,0.0420,0.7170,-0.0308,0.719
8.730344648,0.0450,0.7200,-0.0340,0.722
8.732258071,0.0511,0.7253,-0.0445,0.728
8.734493917,0.0535,0.7285,-0.0513,0.732
8.736373879,0.0599,0.7368,-0.0667,0.742
8.738170071,0.0633,0.7488,-0.0845,0.756
8.740343417,0.0645,0.7544,-0.0923,0.763
8.742447494,0.0669,0.7652,-0.1104,0.776
8.746515802,0.0657,0.7791,-0.1285,0.792
8.747076071,0.0647,0.7872,-0.1373,0.802
8.748340533,0.0635,0.8047,-0.1534,0.822
8.750245379,0.0628,0.8118,-0.1620,0.830
8.75205684,0.0564,0.8294,-0.1781,0.850
8.754075494,0.0508,0.8470,-0.1930,0.870
8.756117917,0.0469,0.8568,-0.1989,0.881
8.758077379,0.0406,0.8761,-0.2099,0.902
8.768938571,0.0330,0.8937,-0.2211,0.921
8.769385571,0.0300,0.9027,-0.2260,0.931
8.769629686,0.0271,0.9205,-0.2314,0.950
8.769869033,0.0239,0.9291,-0.2350,0.959
8.770117033,0.0164,0.9442,-0.2458,0.976
8.770338879,0.0110,0.9596,-0.2514,0.992
8.771709763,0.0083,0.9657,-0.2529,0.998
8.773815609,0.0002,0.9780,-0.2551,1.011
8.775671879,-0.0073,0.9880,-0.2548,1.020
8.777631802,-0.0105,0.9921,-0.2543,1.024
8.779487379,-0.0176,0.9980,-0.2526,1.030
8.781877802,-0.0195,1.0017,-0.2502,1.033
8.783820417,-0.0261,1.0073,-0.2453,1.037
8.785639533,-0.0286,1.0109,-0.2394,1.039
8.787517033,-0.0303,1.0122,-0.2362,1.040
8.789567148,-0.0342,1.0134,-0.2294,1.040
8.791413494,-0.0393,1.0153,-0.2201,1.040
8.793695571,-0.0410,1.0158,-0.2147,1.039
8.795674186,-0.0450,1.0166,-0.2028,1.038
8.797665263,-0.0467,1.0151,-0.1974,1.035
8.799424071,-0.0472,1.0139,-0.1840,1.032
8.801400763,-0.0484,1.0109,-0.1737,1.027
8.803285956,-0.0484,1.0085,-0.1678,1.024
8.805500071,-0.0506,1.0056,-0.1529,1.018
8.80734284,-0.0530,1.0024,-0.1393,1.013
8.810677225,-0.0535,1.0012,-0.1324,1.011
8.811505148,-0.0552,0.9955,-0.1200,1.004
8.813879571,-0.0586,0.9941,-0.1073,1.002
8.815181417,-0.0606,0.9912,-0.1004,0.998
8.817168725,-0.0643,0.9882,-0.0899,0.994
8.819274417,-0.0669,0.9868,-0.0855,0.993
8.821367648,-0.0711,0.9828,-0.0779,0.988
8.822966648,-0.0774,0.9770,-0.0730,0.983
8.825043225,-0.0779,0.9736,-0.0711,0.979
8.827196379,-0.0831,0.9701,-0.0674,0.976
8.829505148,-0.0865,0.9675,-0.0657,0.974
8.831144379,-0.0899,0.9638,-0.0662,0.970
8.833163917,-0.0928,0.9591,-0.0679,0.966
8.834933917,-0.0945,0.9577,-0.0696,0.965
8.836953417,-0.0965,0.9533,-0.0723,0.961
8.83871284,-0.0970,0.9484,-0.0760,0.956
8.840704879,-0.0982,0.9472,-0.0782,0.955
8.843095725,-0.0997,0.9440,-0.0823,0.953
8.852091571,-0.0982,0.9418,-0.0840,0.951
8.853597302,-0.0958,0.9369,-0.0887,0.946
8.854530802,-0.0921,0.9328,-0.0923,0.942
8.855479263,-0.0909,0.9311,-0.0941,0.940
8.856643186,-0.0831,0.9235,-0.0958,0.932
8.857542609,-0.0762,0.9198,-0.0972,0.928
8.858272802,-0.0726,0.9186,-0.0985,0.927
8.859475109,-0.0628,0.9135,-0.0977,0.921
8.860743225,-0.0569,0.9096,-0.0977,0.917
8.877387763,-0.0464,0.9044,-0.0953,0.911
8.879034379,-0.0357,0.9005,-0.0933,0.906
8.879975109,-0.0296,0.8976,-0.0911,0.903
8.880861186,-0.0188,0.8915,-0.0892,0.896
8.881920071,-0.0066,0.8846,-0.0880,0.889
8.883046686,0.0010,0.8824,-0.0862,0.887
8.884338109,0.0147,0.8778,-0.0855,0.882
8.885523302,0.0261,0.8739,-0.0862,0.879
8.886586571,0.0318,0.8656,-0.0850,0.870
8.887308802,0.0435,0.8607,-0.0850,0.866
8.888311648,0.0503,0.8578,-0.0853,0.863
8.889162609,0.0650,0.8519,-0.0870,0.859
8.889950417,0.0777,0.8441,-0.0892,0.852
8.890809609,0.0838,0.8411,-0.0897,0.850
8.891599494,0.0963,0.8358,-0.0904,0.846
8.89284634,0.1075,0.8328,-0.0936,0.845
8.895620648,0.1136,0.8267,-0.0941,0.840
8.897241571,0.1253,0.8248,-0.0970,0.840
8.901770956,0.1314,0.8238,-0.0989,0.840
8.90272334,0.1397,0.8211,-0.0992,0.839
8.903955917,0.1505,0.8196,-0.0997,0.839
8.904772802,0.1542,0.8187,-0.0989,0.839
8.906010917,0.1620,0.8206,-0.0963,0.842
8.908081917,0.1686,0.8223,-0.0950,0.845
8.911271571,0.1722,0.8238,-0.0941,0.847
8.912919263,0.1771,0.8267,-0.0911,0.850
8.914158109,0.1791,0.8294,-0.0899,0.853
8.915957109,0.1820,0.8355,-0.0845,0.859
8.917711225,0.1862,0.8411,-0.0809,0.865
8.919823302,0.1859,0.8438,-0.0789,0.868
8.921852417,0.1854,0.8492,-0.0711,0.872
8.923982609,0.1881,0.8548,-0.0647,0.878
8.925757379,0.1862,0.8568,-0.0621,0.879
8.928602148,0.1852,0.8639,-0.0564,0.885
8.930102071,0.1847,0.8663,-0.0525,0.887
8.931842763,0.1796,0.8727,-0.0452,0.892
8.933628571,0.1725,0.8807,-0.0371,0.898
8.935416802,0.1691,0.8844,-0.0340,0.901
8.937766802,0.1627,0.8890,-0.0298,0.904
8.93955884,0.1568,0.8895,-0.0279,0.904
8.941431263,0.1549,0.8917,-0.0235,0.905
8.94485284,0.1468,0.8932,-0.0166,0.905
8.946401494,0.1427,0.8925,-0.0171,0.904
8.947622648,0.1351,0.8912,-0.0176,0.902
8.949613686,0.1239,0.8925,-0.0147,0.901
8.951403225,0.1197,0.8929,-0.0132,0.901
8.953462032,0.1085,0.8912,-0.0115,0.898
8.95531334,0.1019,0.8900,-0.0100,0.896
8.957370417,0.0887,0.8868,-0.0086,0.891
8.959377186,0.0745,0.8829,-0.0068,0.886
8.970354417,0.0672,0.8800,-0.0054,0.883
8.971985186,0.0503,0.8746,-0.0042,0.876
8.973203186,0.0349,0.8729,-0.0012,0.874
8.974222648,0.0281,0.8656,0.0005,0.866
8.975233109,0.0137,0.8602,0.0044,0.860
8.976443494,0.0068,0.8565,0.0061,0.857
8.977464763,-0.0064,0.8477,0.0110,0.848
8.978226225,-0.0203,0.8419,0.0159,0.842
8.979504109,-0.0269,0.8387,0.0183,0.839
8.980377225,-0.0384,0.8306,0.0220,0.832
8.980676455,-0.0445,0.8267,0.0261,0.828
8.995480379,-0.0537,0.8192,0.0357,0.822
8.996810802,-0.0647,0.8121,0.0428,0.816
8.997688225,-0.0691,0.8087,0.0481,0.813
8.998624225,-0.0765,0.8008,0.0584,0.807
8.999439071,-0.0823,0.7959,0.0718,0.803
9.000523225,-0.0843,0.7930,0.0782,0.801
9.001344802,-0.0887,0.7876,0.0904,0.798
9.002170032,-0.0894,0.7850,0.0967,0.796
9.003010725,-0.0909,0.7803,0.1119,0.794
9.003865802,-0.0897,0.7757,0.1256,0.791
9.004663494,-0.0887,0.7732,0.1319,0.789
9.005271917,-0.0853,0.7691,0.1446,0.787
9.006036879,-0.0821,0.7676,0.1578,0.788
9.008300571,-0.0801,0.7674,0.1632,0.789
9.011415609,-0.0728,0.7654,0.1730,0.788
9.012990763,-0.0701,0.7657,0.1783,0.789
9.014107532,-0.0630,0.7657,0.1859,0.790
9.019422379,-0.0572,0.7661,0.1923,0.792
9.02065584,-0.0530,0.7671,0.1959,0.794
9.021650917,-0.0467,0.7688,0.2011,0.796
9.022636917,-0.0413,0.7713,0.2008,0.798
9.025571994,-0.0379,0.7720,0.2013,0.799
9.026847032,-0.0293,0.7762,0.2001,0.802
9.028270263,-0.0269,0.7786,0.1994,0.804
9.031526878,-0.0205,0.7845,0.1964,0.809
9.033307878,-0.0147,0.7896,0.1935,0.813
9.034609071,-0.0117,0.7930,0.1910,0.816
9.036733071,-0.0054,0.7994,0.1832,0.820
9.037924648,0.0017,0.8052,0.1764,0.824
9.039999648,0.0051,0.8079,0.1730,0.826
9.042043686,0.0120,0.8145,0.1630,0.831
9.046849148,0.0154,0.8177,0.1581,0.833
9.048629917,0.0208,0.8255,0.1500,0.839
9.049777378,0.0252,0.8331,0.1429,0.846
9.051248609,0.0286,0.8367,0.1383,0.849
9.05284434,0.0354,0.8451,0.1307,0.856
9.054081148,0.0410,0.8536,0.1209,0.863
9.056310378,0.0442,0.8580,0.1151,0.867
9.060021609,0.0486,0.8683,0.1073,0.876
9.06040834,0.0508,0.8719,0.1038,0.880
9.065351571,0.0535,0.8812,0.0970,0.888
9.066217032,0.0572,0.8903,0.0899,0.897
9.066639763,0.0572,0.8954,0.0870,0.901
9.067196686,0.0579,0.9039,0.0811,0.909
9.070116494,0.0599,0.9120,0.0774,0.917
9.071230994,0.0594,0.9161,0.0765,0.921
9.073254225,0.0584,0.9232,0.0743,0.928
9.074993994,0.0599,0.9269,0.0733,0.932
9.090224186,0.0606,0.9345,0.0711,0.939
9.091141417,0.0591,0.9411,0.0716,0.946
9.091541686,0.0589,0.9445,0.0718,0.949
9.092010109,0.0567,0.9501,0.0723,0.955
9.092377378,0.0555,0.9535,0.0726,0.958
9.09277384,0.0537,0.9555,0.0721,0.960
9.093150494,0.0523,0.9589,0.0748,0.963
9.093516994,0.0503,0.9611,0.0762,0.965
9.093875725,0.0486,0.9613,0.0796,0.966
9.099282571,0.0454,0.9621,0.0828,0.967
9.100358917,0.0457,0.9621,0.0843,0.967
9.100914955,0.0428,0.9616,0.0872,0.966
9.101399417,0.0410,0.9613,0.0897,0.966
9.103711263,0.0403,0.9584,0.0901,0.963
9.104809763,0.0388,0.9545,0.0916,0.960
9.106668802,0.0388,0.9533,0.0928,0.959
9.108574609,0.0393,0.9499,0.0943,0.955
9.111935917,0.0403,0.9484,0.0977,0.954
9.112994571,0.0403,0.9467,0.0987,0.953
9.114547148,0.0388,0.9433,0.0992,0.949
9.116750148,0.0374,0.9423,0.1043,0.949
9.118414648,0.0374,0.9379,0.1043,0.944
9.120674494,0.0369,0.9323,0.1080,0.939
9.122440494,0.0347,0.9313,0.1087,0.938
9.124447032,0.0349,0.9289,0.1104,0.936
9.126234225,0.0322,0.9252,0.1109,0.932
9.128550032,0.0325,0.9227,0.1129,0.930
9.13027234,0.0320,0.9159,0.1156,0.924
9.132321071,0.0300,0.9144,0.1165,0.922
9.134331725,0.0269,0.9083,0.1185,0.916
9.136341609,0.0244,0.9027,0.1197,0.911
9.138400263,0.0237,0.8998,0.1197,0.908
9.140255609,0.0237,0.8937,0.1204,0.902
9.142141378,0.0242,0.8922,0.1226,0.901
9.14526534,0.0254,0.8859,0.1244,0.895
9.146702494,0.0257,0.8780,0.1258,0.887
9.14770534,0.0257,0.8749,0.1261,0.884
9.149713609,0.0259,0.8680,0.1266,0.878
9.151654186,0.0244,0.8617,0.1300,0.872
9.153693878,0.0247,0.8592,0.1322,0.870
9.155539763,0.0244,0.8573,0.1351,0.868
9.157697609,0.0264,0.8556,0.1371,0.867
9.160668917,0.0276,0.8499,0.1375,0.861
9.161840917,0.0281,0.8473,0.1419,0.860
9.171041032,0.0281,0.8438,0.1427,0.856
9.172635378,0.0315,0.8397,0.1424,0.852
9.173574301,0.0347,0.8372,0.1407,0.850
9.174484725,0.0371,0.8358,0.1405,0.848
9.175643917,0.0418,0.8331,0.1388,0.846
9.177092071,0.0452,0.8319,0.1380,0.844
9.178082878,0.0501,0.8309,0.1339,0.843
9.179123532,0.0545,0.8289,0.1309,0.841
9.193371225,0.0567,0.8287,0.1312,0.841
9.19524784,0.0606,0.8289,0.1256,0.841
9.19650484,0.0650,0.8306,0.1222,0.842
9.197822609,0.0672,0.8319,0.1195,0.843
9.199145917,0.0711,0.8324,0.1151,0.843
9.200598648,0.0723,0.8336,0.1131,0.844
9.201459032,0.0755,0.8394,0.1099,0.850
9.202170032,0.0774,0.8443,0.1060,0.854
9.20327434,0.0779,0.8470,0.1048,0.857
9.204373878,0.0784,0.8531,0.1026,0.863
9.205342186,0.0796,0.8602,0.1024,0.870
9.206202955,0.0806,0.8634,0.1021,0.873
9.207283301,0.0828,0.8727,0.1041,0.883
9.208262071,0.0845,0.8780,0.1063,0.888
9.209138917,0.0850,0.8888,0.1102,0.900
9.210272763,0.0870,0.8995,0.1141,0.911
9.211592686,0.0894,0.9066,0.1175,0.919
9.214531609,0.0923,0.9213,0.1222,0.934
9.216221609,0.0906,0.9369,0.1292,0.950
9.220728455,0.0916,0.9447,0.1317,0.958
9.221801725,0.0953,0.9611,0.1366,0.975
9.222584878,0.0963,0.9697,0.1397,0.984
9.223457648,0.0972,0.9887,0.1459,1.004
9.224686301,0.0985,1.0095,0.1505,1.025
9.226888725,0.0997,1.0200,0.1537,1.036
9.230139225,0.0999,1.0417,0.1586,1.058
9.231656532,0.1021,1.0664,0.1617,1.083
9.232499378,0.1033,1.0776,0.1637,1.095
9.234454917,0.1038,1.1013,0.1649,1.118
9.236766494,0.1038,1.1123,0.1652,1.129
9.23870084,0.1014,1.1353,0.1647,1.152
9.240265878,0.0994,1.1605,0.1637,1.176
9.24236834,0.0989,1.1719,0.1637,1.187
9.24495184,0.0982,1.1951,0.1634,1.210
9.246531224,0.0950,1.2152,0.1637,1.230
9.248345224,0.0931,1.2257,0.1632,1.240
9.250161224,0.0899,1.2452,0.1610,1.259
9.252149994,0.0889,1.2545,0.1615,1.268
9.254424494,0.0887,1.2689,0.1612,1.282
9.256070071,0.0909,1.2814,0.1625,1.295
9.258300494,0.0928,1.2851,0.1649,1.299
9.259952648,0.0948,1.2924,0.1691,1.307
9.264177801,0.1019,1.2968,0.1732,1.312
9.264766955,0.1060,1.2978,0.1757,1.314
9.270544994,0.1146,1.2943,0.1803,1.312
9.270849724,0.1190,1.2912,0.1823,1.309
9.271075955,0.1307,1.2841,0.1891,1.304
9.272123686,0.1466,1.2726,0.1932,1.295
9.273981878,0.1561,1.2653,0.1940,1.290
9.275923571,0.1730,1.2496,0.1945,1.276
9.287470686,0.1923,1.2284,0.1976,1.259
9.288056109,0.2038,1.2186,0.1984,1.251
9.288317532,0.2270,1.1995,0.2003,1.237
9.288560032,0.2367,1.1888,0.2011,1.229
9.288809532,0.2565,1.1680,0.1981,1.212
9.289037763,0.2756,1.1495,0.1937,1.198
9.28983784,0.2834,1.1412,0.1903,1.191
9.291678378,0.2966,1.1243,0.1862,1.178
9.295420994,0.3081,1.1104,0.1786,1.166
9.296017532,0.3122,1.1033,0.1730,1.160
9.298206263,0.3210,1.0923,0.1630,1.150
9.299375378,0.3240,1.0889,0.1566,1.147
9.301437186,0.3252,1.0828,0.1476,1.140
9.303564609,0.3230,1.0776,0.1371,1.133
9.305411878,0.3205,1.0764,0.1327,1.131
9.307372071,0.3142,1.0754,0.1246,1.127
9.309347263,0.3100,1.0745,0.1219,1.125
9.312587032,0.3003,1.0754,0.1217,1.123
9.313794417,0.2863,1.0776,0.1234,1.122
9.315306186,0.2775,1.0798,0.1263,1.122
9.31833384,0.2597,1.0886,0.1351,1.127
9.319201955,0.2399,1.1006,0.1449,1.136
9.321086224,0.2301,1.1074,0.1512,1.141
9.323207609,0.2072,1.1253,0.1637,1.156
9.325268494,0.1969,1.1360,0.1681,1.165
9.327096609,0.1727,1.1590,0.1771,1.185
9.329829455,0.1517,1.1839,0.1823,1.207
9.331269763,0.1407,1.1956,0.1837,1.218
9.333073532,0.1158,1.2210,0.1879,1.241
9.334768224,0.0911,1.2465,0.1888,1.264
9.336953417,0.0796,1.2599,0.1874,1.276
9.338785917,0.0528,1.2863,0.1823,1.300
9.340970955,0.0413,1.2982,0.1779,1.311
9.34285934,0.0173,1.3166,0.1652,1.327
9.346168648,-0.0095,1.3263,0.1495,1.335
9.347879455,-0.0222,1.3285,0.1402,1.336
9.349160955,-0.0452,1.3251,0.1224,1.332
9.350487763,-0.0655,1.3168,0.1046,1.323
9.35275434,-0.0721,1.3090,0.0948,1.314
9.35478234,-0.0816,1.2860,0.0743,1.291
9.356714455,-0.0831,1.2716,0.0645,1.276
9.35871684,-0.0762,1.2411,0.0503,1.244
9.360623455,-0.0569,1.2105,0.0391,1.213
9.371506147,-0.0437,1.1947,0.0335,1.196
9.373167955,-0.0127,1.1675,0.0254,1.168
9.374262647,0.0203,1.1421,0.0213,1.143
9.375412917,0.0376,1.1306,0.0193,1.131
9.376706032,0.0718,1.1092,0.0151,1.112
9.378062878,0.0862,1.0996,0.0134,1.103
9.379160955,0.1109,1.0828,0.0120,1.088
9.380591878,0.1356,1.0684,0.0064,1.077
9.381108917,0.1466,1.0620,0.0022,1.072
9.381522686,0.1659,1.0539,-0.0066,1.067
9.397934301,0.1820,1.0476,-0.0149,1.063
9.39847684,0.1886,1.0454,-0.0213,1.062
9.398747455,0.2001,1.0444,-0.0310,1.064
9.398977763,0.2045,1.0451,-0.0359,1.066
9.399209801,0.2155,1.0471,-0.0486,1.070
9.399440724,0.2204,1.0500,-0.0584,1.074
9.399696455,0.2223,1.0534,-0.0638,1.079
9.399977878,0.2228,1.0605,-0.0767,1.086
9.400205686,0.2182,1.0674,-0.0880,1.093
9.400435763,0.2135,1.0715,-0.0943,1.097
9.401969263,0.2013,1.0791,-0.1058,1.103
9.404222724,0.1942,1.0833,-0.1131,1.106
9.405711724,0.1783,1.0884,-0.1246,1.110
9.407697378,0.1625,1.0903,-0.1334,1.110
9.409654417,0.1549,1.0906,-0.1385,1.110
9.412162071,0.1397,1.0884,-0.1480,1.107
9.414227071,0.1231,1.0855,-0.1583,1.104
9.418805532,0.1146,1.0779,-0.1642,1.096
9.419069994,0.1009,1.0669,-0.1771,1.086
9.419484532,0.0945,1.0600,-0.1847,1.080
9.421623417,0.0840,1.0444,-0.1981,1.066
9.423465609,0.0748,1.0256,-0.2133,1.050
9.425612724,0.0721,1.0158,-0.2199,1.042
9.428263532,0.0652,0.9943,-0.2321,1.023
9.432113686,0.0630,0.9740,-0.2441,1.006
9.434006571,0.0633,0.9638,-0.2487,0.997
9.435595994,0.0640,0.9398,-0.2543,0.976
9.437451071,0.0640,0.9274,-0.2575,0.965
9.449347801,0.0650,0.9071,-0.2563,0.945
9.45093884,0.0647,0.8876,-0.2516,0.925
9.452388994,0.0645,0.8778,-0.2487,0.915
9.453473878,0.0618,0.8604,-0.2414,0.896
9.454639532,0.0572,0.8470,-0.2243,0.878
9.455712109,0.0557,0.8392,-0.2150,0.868
9.457508647,0.0479,0.8248,-0.1935,0.849
9.45848534,0.0450,0.8189,-0.1823,0.840
9.459423609,0.0388,0.8084,-0.1534,0.824
9.460370455,0.0274,0.7986,-0.1202,0.808
9.461545109,0.0217,0.7957,-0.1051,0.803
9.462447801,0.0107,0.7911,-0.0738,0.795
9.46354484,-0.0037,0.7913,-0.0413,0.792
9.464458301,-0.0100,0.7923,-0.0249,0.793
9.465371801,-0.0222,0.7957,0.0086,0.796
9.474041724,-0.0279,0.7986,0.0252,0.800
9.474653301,-0.0374,0.8079,0.0518,0.810
9.474958455,-0.0474,0.8187,0.0745,0.823
9.475230686,-0.0506,0.8245,0.0855,0.830
9.475492263,-0.0577,0.8348,0.1060,0.843
9.476808417,-0.0652,0.8477,0.1180,0.858
9.501184147,-0.0682,0.8548,0.1229,0.866
9.501848224,-0.0718,0.8666,0.1270,0.879
9.502146147,-0.0726,0.8722,0.1280,0.884
9.502518186,-0.0730,0.8859,0.1275,0.898
9.502805378,-0.0726,0.8988,0.1239,0.910
9.50308757,-0.0711,0.9049,0.1217,0.916
9.503367032,-0.0684,0.9171,0.1148,0.927
9.503651147,-0.0633,0.9298,0.1077,0.938
9.504017647,-0.0608,0.9354,0.1033,0.943
9.504300724,-0.0540,0.9479,0.0931,0.954
9.504585417,-0.0489,0.9543,0.0880,0.960
9.504880186,-0.0457,0.9662,0.0789,0.971
9.505150609,-0.0364,0.9750,0.0716,0.978
9.505420147,-0.0318,0.9794,0.0682,0.982
9.506505455,-0.0198,0.9897,0.0613,0.992
9.508481147,-0.0066,0.9973,0.0569,0.999
9.510361186,-0.0012,1.0009,0.0528,1.002
9.512402955,0.0142,1.0083,0.0469,1.009
9.514502109,0.0291,1.0124,0.0432,1.014
9.51632807,0.0354,1.0151,0.0408,1.017
9.518145147,0.0474,1.0197,0.0337,1.021
9.520177801,0.0525,1.0210,0.0310,1.023
9.522140147,0.0660,1.0219,0.0254,1.024
9.524216032,0.0772,1.0236,0.0193,1.027
9.526079455,0.0840,1.0251,0.0164,1.029
9.529494455,0.0948,1.0229,0.0066,1.027
9.530691532,0.1063,1.0212,0.0022,1.027
9.532147263,0.1114,1.0192,-0.0068,1.025
9.534115609,0.1202,1.0158,-0.0164,1.023
9.535910263,0.1234,1.0139,-0.0210,1.022
9.538094609,0.1290,1.0058,-0.0318,1.015
9.53988734,0.1327,0.9977,-0.0410,1.007
9.541906417,0.1339,0.9936,-0.0450,1.004
9.544055455,0.1385,0.9863,-0.0577,0.998
9.547162878,0.1405,0.9836,-0.0616,0.995
9.548580417,0.1444,0.9758,-0.0704,0.989
9.550277878,0.1471,0.9667,-0.0782,0.981
9.551549763,0.1490,0.9633,-0.0804,0.978
9.553870032,0.1571,0.9565,-0.0848,0.973
9.555588801,0.1605,0.9479,-0.0870,0.965
9.557778763,0.1620,0.9447,-0.0880,0.963
9.559561609,0.1649,0.9398,-0.0887,0.958
9.570061263,0.1659,0.9369,-0.0850,0.955
9.571383417,0.1647,0.9308,-0.0826,0.949
9.572329109,0.1625,0.9259,-0.0755,0.943
9.573260609,0.1625,0.9237,-0.0723,0.941
9.57414784,0.1615,0.9213,-0.0630,0.937
9.575018878,0.1581,0.9198,-0.0501,0.935
9.575938263,0.1561,0.9198,-0.0432,0.934
9.576785724,0.1522,0.9198,-0.0276,0.933
9.578047263,0.1502,0.9201,-0.0193,0.932
9.579187878,0.1434,0.9198,-0.0032,0.931
9.59561634,0.1363,0.9227,0.0147,0.933
9.597319455,0.1339,0.9237,0.0247,0.934
9.598451493,0.1278,0.9245,0.0437,0.934
9.599447263,0.1190,0.9284,0.0613,0.938
9.60060007,0.1156,0.9306,0.0713,0.940
9.601677878,0.1065,0.9333,0.0919,0.944
9.602678455,0.1021,0.9342,0.1014,0.945
9.603735917,0.0921,0.9362,0.1180,0.948
9.60486807,0.0814,0.9367,0.1341,0.950
9.605614493,0.0765,0.9389,0.1410,0.952
9.606365032,0.0667,0.9406,0.1551,0.956
9.60728707,0.0589,0.9423,0.1691,0.959
9.608246532,0.0552,0.9433,0.1732,0.961
9.609292763,0.0486,0.9445,0.1796,0.963
9.610005417,0.0445,0.9435,0.1823,0.962
9.611017301,0.0384,0.9435,0.1869,0.963
9.614187532,0.0296,0.9403,0.1884,0.959
9.615673724,0.0261,0.9381,0.1884,0.957
9.620052686,0.0213,0.9345,0.1857,0.953
9.621248263,0.0142,0.9301,0.1813,0.948
9.622061147,0.0112,0.9269,0.1786,0.944
9.623128993,0.0081,0.9225,0.1720,0.938
9.624880917,0.0051,0.9193,0.1683,0.935
9.62670634,-0.0002,0.9122,0.1622,0.927
9.629718801,-0.0034,0.9069,0.1517,0.919
9.631248801,-0.0051,0.9030,0.1466,0.915
9.632717993,-0.0100,0.8978,0.1353,0.908
9.634370224,-0.0154,0.8956,0.1231,0.904
9.63663107,-0.0178,0.8917,0.1180,0.900
9.638300993,-0.0210,0.8861,0.1065,0.893
9.640399917,-0.0215,0.8849,0.1007,0.891
9.642426147,-0.0244,0.8817,0.0889,0.887
9.644363417,-0.0247,0.8785,0.0772,0.882
9.647456378,-0.0237,0.8773,0.0704,0.880
9.649057301,-0.0232,0.8758,0.0581,0.878
9.650238186,-0.0230,0.8756,0.0535,0.878
9.652076224,-0.0200,0.8749,0.0432,0.876
9.65401434,-0.0154,0.8749,0.0335,0.876
9.656240032,-0.0122,0.8771,0.0296,0.878
9.658174147,-0.0034,0.8812,0.0217,0.881
9.66004557,0.0046,0.8834,0.0137,0.884
9.670777301,0.0107,0.8849,0.0103,0.885
9.672470532,0.0200,0.8876,0.0049,0.888
9.673601917,0.0293,0.8893,-0.0027,0.890
9.674741455,0.0344,0.8932,-0.0054,0.894
9.675849109,0.0447,0.8983,-0.0107,0.899
9.67683084,0.0501,0.9012,-0.0134,0.903
9.67781384,0.0596,0.9044,-0.0208,0.907
9.678674109,0.0665,0.9083,-0.0261,0.911
9.67958934,0.0711,0.9115,-0.0279,0.915
9.681006763,0.0767,0.9157,-0.0313,0.919
9.682112609,0.0821,0.9154,-0.0327,0.920
9.693742724,0.0845,0.9181,-0.0332,0.923
9.695337109,0.0887,0.9218,-0.0327,0.927
9.69661284,0.0897,0.9245,-0.0310,0.929
9.697666186,0.0909,0.9274,-0.0276,0.932
9.698839109,0.0894,0.9318,-0.0198,0.936
9.699961686,0.0880,0.9333,-0.0166,0.938
9.701131686,0.0853,0.9354,-0.0083,0.939
9.70200757,0.0840,0.9359,-0.0015,0.940
9.702689263,0.0799,0.9369,0.0117,0.940
9.703845801,0.0726,0.9374,0.0230,0.940
9.704673224,0.0682,0.9384,0.0300,0.941
9.705653532,0.0591,0.9403,0.0462,0.943
9.707392763,0.0503,0.9445,0.0608,0.948
9.709312186,0.0459,0.9447,0.0682,0.948
9.711131263,0.0349,0.9430,0.0826,0.947
9.71425907,0.0300,0.9445,0.0914,0.949
9.715849609,0.0188,0.9462,0.1065,0.952
9.71707407,0.0095,0.9469,0.1212,0.955
9.718962724,0.0064,0.9472,0.1280,0.956
9.72087284,-0.0017,0.9469,0.1383,0.957
9.722803032,-0.0098,0.9452,0.1478,0.957
9.724837993,-0.0125,0.9462,0.1512,0.958
9.72694407,-0.0161,0.9460,0.1578,0.959
9.729792224,-0.0191,0.9457,0.1620,0.960
9.731249532,-0.0227,0.9447,0.1647,0.959
9.732667916,-0.0254,0.9413,0.1659,0.956
9.73497834,-0.0271,0.9418,0.1656,0.957
9.73674184,-0.0310,0.9406,0.1630,0.955
9.738759493,-0.0352,0.9391,0.1600,0.953
9.74066757,-0.0357,0.9386,0.1554,0.952
9.742611455,-0.0379,0.9372,0.1490,0.950
9.744600532,-0.0384,0.9364,0.1451,0.948
9.748828378,-0.0398,0.9340,0.1371,0.945
9.749878224,-0.0388,0.9337,0.1278,0.943
9.750977609,-0.0384,0.9342,0.1214,0.943
9.752398378,-0.0403,0.9340,0.1116,0.941
9.754326647,-0.0418,0.9333,0.1063,0.940
9.756381609,-0.0435,0.9342,0.0975,0.940
9.758518147,-0.0428,0.9333,0.0860,0.938
9.760478916,-0.0437,0.9333,0.0809,0.938
9.769802493,-0.0418,0.9342,0.0706,0.938
9.771219378,-0.0406,0.9362,0.0611,0.939
9.772314801,-0.0415,0.9362,0.0557,0.939
9.773257724,-0.0408,0.9337,0.0435,0.936
9.774426993,-0.0398,0.9340,0.0384,0.936
9.775311224,-0.0391,0.9333,0.0286,0.935
9.776510378,-0.0391,0.9318,0.0183,0.933
9.777607647,-0.0393,0.9306,0.0125,0.931
9.77849034,-0.0388,0.9306,0.0032,0.931
9.805756532,-0.0386,0.9301,-0.0059,0.931
9.806447109,-0.0401,0.9291,-0.0086,0.930
9.806744378,-0.0413,0.9274,-0.0159,0.928
9.807010993,-0.0425,0.9267,-0.0173,0.928
9.807286955,-0.0440,0.9252,-0.0225,0.927
9.807559878,-0.0445,0.9232,-0.0227,0.925
9.807894839,-0.0447,0.9223,-0.0217,0.924
9.808302801,-0.0425,0.9193,-0.0208,0.921
9.808614763,-0.0440,0.9181,-0.0171,0.919
9.808943493,-0.0440,0.9125,-0.0149,0.914
9.80927857,-0.0428,0.9098,-0.0086,0.911
9.809621032,-0.0428,0.9096,-0.0056,0.911
9.809929301,-0.0435,0.9069,0.0049,0.908
9.810247416,-0.0440,0.9025,0.0156,0.904
9.810577686,-0.0428,0.9005,0.0208,0.902
9.810906609,-0.0393,0.8971,0.0310,0.898
9.811278839,-0.0379,0.8956,0.0423,0.897
9.821067455,-0.0369,0.8937,0.0491,0.896
9.822657916,-0.0349,0.8917,0.0647,0.895
9.823901839,-0.0347,0.8912,0.0718,0.895
9.82508257,-0.0320,0.8898,0.0858,0.894
9.826289916,-0.0288,0.8888,0.0992,0.895
9.827511763,-0.0271,0.8895,0.1053,0.896
9.828862339,-0.0261,0.8895,0.1173,0.898
9.830201878,-0.0230,0.8890,0.1290,0.899
9.831350263,-0.0210,0.8893,0.1346,0.900
9.832778416,-0.0183,0.8925,0.1466,0.905
9.833919109,-0.0159,0.8959,0.1559,0.909
9.836962878,-0.0151,0.8964,0.1608,0.911
9.838452993,-0.0105,0.8971,0.1688,0.913
9.839632339,-0.0095,0.8993,0.1735,0.916
9.841128878,-0.0078,0.9047,0.1803,0.922
9.843212724,-0.0068,0.9088,0.1835,0.927
9.85018507,-0.0066,0.9115,0.1854,0.930
9.850947416,-0.0061,0.9193,0.1879,0.938
9.851318455,-0.0066,0.9257,0.1915,0.945
9.851668263,-0.0068,0.9298,0.1928,0.950
9.856334878,-0.0095,0.9379,0.1925,0.957
9.856947186,-0.0103,0.9423,0.1935,0.962
9.857343339,-0.0129,0.9489,0.1945,0.969
9.858743224,-0.0156,0.9574,0.1950,0.977
9.861388109,-0.0156,0.9616,0.1954,0.981
9.873935839,-0.0186,0.9699,0.1986,0.990
9.874781224,-0.0198,0.9770,0.1994,0.997
9.875201416,-0.0210,0.9809,0.2006,1.001
9.875601109,-0.0220,0.9877,0.2030,1.009
9.876047532,-0.0220,0.9921,0.2040,1.013
9.876389032,-0.0217,0.9982,0.2062,1.020
9.876718109,-0.0225,1.0048,0.2067,1.026
9.877200724,-0.0215,1.0080,0.2081,1.029
9.878813763,-0.0200,1.0112,0.2099,1.033
9.882369724,-0.0193,1.0134,0.2108,1.035
9.883309263,-0.0161,1.0188,0.2147,1.041
9.884697109,-0.0139,1.0227,0.2174,1.046
9.88647157,-0.0127,1.0249,0.2187,1.048
9.888550147,-0.0100,1.0273,0.2191,1.050
9.890407147,-0.0076,1.0300,0.2199,1.053
9.89246207,-0.0071,1.0302,0.2184,1.053
9.894388532,-0.0042,1.0310,0.2165,1.053
9.897013301,-0.0037,1.0334,0.2135,1.055
9.900019301,-0.0020,1.0373,0.2060,1.058
9.900555955,0.0000,1.0415,0.1976,1.060
9.902211301,0.0002,1.0432,0.1937,1.061
9.904296916,-0.0017,1.0481,0.1818,1.064
9.906195532,-0.0037,1.0532,0.1703,1.067
9.908586455,-0.0046,1.0571,0.1652,1.070
9.909897147,-0.0071,1.0652,0.1524,1.076
9.912074647,-0.0129,1.0696,0.1410,1.079
9.914411801,-0.0156,1.0759,0.1349,1.084
9.916224378,-0.0191,1.0820,0.1244,1.089
9.91830857,-0.0210,1.0850,0.1197,1.092
9.920016416,-0.0239,1.0918,0.1087,1.097
9.922101378,-0.0252,1.0957,0.1002,1.101
9.924206993,-0.0264,1.0972,0.0958,1.102
9.925983532,-0.0286,1.1006,0.0904,1.105
9.928114762,-0.0276,1.1018,0.0858,1.105
9.931602762,-0.0279,1.1028,0.0831,1.106
9.933637916,-0.0271,1.1043,0.0792,1.107
9.93483257,-0.0279,1.1040,0.0779,1.107
9.936689147,-0.0303,1.1018,0.0816,1.105
9.938030301,-0.0320,1.1006,0.0836,1.104
9.939991378,-0.0332,1.1001,0.0853,1.104
9.941919493,-0.0357,1.0979,0.0909,1.102
9.943586262,-0.0398,1.0967,0.0936,1.101
9.947547532,-0.0418,1.0964,0.0965,1.101
9.949521839,-0.0445,1.0928,0.1019,1.098
9.950587724,-0.0459,1.0923,0.1055,1.098
9.95234357,-0.0506,1.0901,0.1146,1.097
9.954605147,-0.0545,1.0879,0.1204,1.096
9.955934339,-0.0557,1.0862,0.1244,1.095
9.957547147,-0.0567,1.0825,0.1317,1.092
9.960056147,-0.0586,1.0786,0.1397,1.089
9.961687186,-0.0596,1.0779,0.1439,1.089
9.973747032,-0.0594,1.0742,0.1495,1.086
9.974635993,-0.0596,1.0723,0.1532,1.085
9.97509507,-0.0572,1.0706,0.1588,1.084
9.975508878,-0.0550,1.0686,0.1659,1.083
9.976015878,-0.0535,1.0671,0.1691,1.082
9.976428724,-0.0518,1.0669,0.1747,1.082
9.997350647,-0.0496,1.0669,0.1776,1.083
9.998910378,-0.0445,1.0649,0.1845,1.082
9.999977647,-0.0354,1.0652,0.1952,1.083
10.001269262,-0.0318,1.0652,0.2013,1.084
10.00251607,-0.0252,1.0654,0.2099,1.086
10.003513301,-0.0181,1.0713,0.2184,1.093
10.004952301,-0.0147,1.0725,0.2240,1.096
10.006154609,-0.0039,1.0764,0.2318,1.101
10.007204262,0.0032,1.0818,0.2416,1.108
10.008215455,0.0083,1.0840,0.2485,1.112
10.009229839,0.0183,1.0911,0.2599,1.122
10.009986224,0.0242,1.0942,0.2658,1.126
10.010976032,0.0357,1.1030,0.2795,1.138
10.012023339,0.0452,1.1140,0.2912,1.152
10.013230609,0.0518,1.1201,0.2968,1.160
10.014378762,0.0643,1.1338,0.3076,1.177
10.01549907,0.0760,1.1470,0.3176,1.193
10.016993532,0.0826,1.1548,0.3213,1.202
10.017820685,0.0943,1.1707,0.3257,1.219
10.018923301,0.0992,1.1793,0.3266,1.228
10.019820339,0.1075,1.1981,0.3249,1.246
10.020836878,0.1121,1.2164,0.3198,1.263
10.021545032,0.1134,1.2247,0.3156,1.270
10.022539301,0.1153,1.2396,0.3044,1.282
10.023409416,0.1134,1.2489,0.2897,1.287
10.024550378,0.1112,1.2528,0.2810,1.289
10.026494262,0.1065,1.2572,0.2656,1.289
10.028346647,0.1036,1.2570,0.2575,1.287
10.034783609,0.0994,1.2530,0.2406,1.280
10.035623916,0.0938,1.2452,0.2226,1.268
10.03615807,0.0894,1.2413,0.2150,1.263
10.036583878,0.0826,1.2293,0.2025,1.249
10.039006339,0.0760,1.2181,0.1910,1.235
10.04018507,0.0718,1.2127,0.1869,1.229
10.042285147,0.0655,1.2013,0.1818,1.217
10.044014378,0.0601,1.1969,0.1808,1.212
10.047128839,0.0508,1.1939,0.1810,1.209
10.048056839,0.0401,1.1927,0.1820,1.207
10.051259109,0.0337,1.1932,0.1835,1.208
10.052607339,0.0222,1.1944,0.1862,1.209
10.053851185,0.0107,1.1956,0.1847,1.210
10.055700762,0.0054,1.1966,0.1813,1.210
10.058104685,-0.0032,1.1991,0.1681,1.211
10.060001339,-0.0064,1.2000,0.1593,1.211
10.061960455,-0.0088,1.2032,0.1363,1.211
10.070407762,-0.0068,1.2066,0.1051,1.211
10.071624301,-0.0056,1.2069,0.0872,1.210
10.072646801,0.0029,1.2103,0.0476,1.211
10.073541955,0.0107,1.2115,0.0022,1.212
10.074340839,0.0159,1.2122,-0.0213,1.213
10.075104955,0.0286,1.2137,-0.0701,1.216
10.075986801,0.0362,1.2162,-0.0943,1.220
10.077631416,0.0515,1.2196,-0.1412,1.229
10.091638224,0.0672,1.2250,-0.1888,1.241
10.093235493,0.0755,1.2281,-0.2113,1.248
10.094186647,0.0921,1.2308,-0.2541,1.260
10.095012378,0.1090,1.2320,-0.2741,1.267
10.096267378,0.1175,1.2337,-0.3117,1.278
10.097458839,0.1295,1.2352,-0.3501,1.290
10.098428109,0.1341,1.2340,-0.3669,1.294
10.099669955,0.1471,1.2315,-0.3977,1.303
10.101118762,0.1520,1.2228,-0.4217,1.302
10.10207657,0.1534,1.2166,-0.4314,1.300
10.103011647,0.1561,1.2013,-0.4471,1.291
10.103947955,0.1595,1.1922,-0.4532,1.285
10.104768724,0.1610,1.1714,-0.4608,1.269
10.105830724,0.1652,1.1480,-0.4603,1.248
10.118748185,0.1686,1.1358,-0.4578,1.236
10.12004007,0.1752,1.1077,-0.4488,1.208
10.121254955,0.1776,1.0774,-0.4310,1.174
10.122384608,0.1798,1.0622,-0.4190,1.156
10.123535532,0.1845,1.0312,-0.3931,1.119
10.124775532,0.1881,0.9973,-0.3647,1.078
10.125746993,0.1888,0.9806,-0.3476,1.057
10.126807839,0.1881,0.9482,-0.3112,1.016
10.127791724,0.1871,0.9333,-0.2907,0.995
10.129036916,0.1823,0.9034,-0.2472,0.954
10.129946916,0.1737,0.8744,-0.2013,0.914
10.131050185,0.1688,0.8612,-0.1769,0.895
10.132166993,0.1564,0.8341,-0.1246,0.858
10.133277647,0.1375,0.8116,-0.0721,0.826
10.136434224,0.1278,0.8003,-0.0459,0.812
10.137900955,0.1070,0.7784,0.0064,0.786
10.142615455,0.0950,0.7674,0.0340,0.774
10.143672378,0.0704,0.7459,0.0889,0.754
10.144581185,0.0474,0.7268,0.1378,0.741
10.145545032,0.0374,0.7180,0.1605,0.737
10.149286301,0.0171,0.7014,0.1996,0.729
10.150721108,-0.0029,0.6870,0.2326,0.725
10.15164057,-0.0115,0.6809,0.2465,0.724
10.152851378,-0.0242,0.6706,0.2702,0.723
10.154483493,-0.0298,0.6670,0.2800,0.724
10.156433916,-0.0362,0.6591,0.2934,0.722
10.158464339,-0.0349,0.6547,0.2961,0.719
10.160628224,-0.0325,0.6538,0.2929,0.717
10.170759339,-0.0232,0.6552,0.2890,0.717
10.17245407,-0.0142,0.6577,0.2761,0.713
10.173346032,-0.0083,0.6665,0.2656,0.717
10.174378955,0.0059,0.6799,0.2411,0.721
10.175381108,0.0132,0.6872,0.2272,0.724
10.176306762,0.0283,0.7034,0.1991,0.732
10.176836224,0.0435,0.7236,0.1686,0.744
10.17708507,0.0503,0.7341,0.1527,0.752
10.177860608,0.0628,0.7569,0.1253,0.770
10.192733608,0.0694,0.7708,0.1119,0.782
10.194030801,0.0809,0.7972,0.0858,0.806
10.19441257,0.0882,0.8248,0.0635,0.832
10.194668147,0.0916,0.8375,0.0528,0.844
10.194903801,0.0994,0.8658,0.0315,0.872
10.195144532,0.1051,0.8922,0.0139,0.898
10.195368262,0.1073,0.9054,0.0068,0.912
10.195605108,0.1102,0.9318,-0.0066,0.938
10.195892839,0.1109,0.9435,-0.0122,0.950
10.201404262,0.1153,0.9679,-0.0225,0.975
10.201886224,0.1195,0.9885,-0.0337,0.996
10.202147108,0.1217,0.9992,-0.0391,1.007
10.206796532,0.1256,1.0183,-0.0476,1.027
10.207065032,0.1273,1.0363,-0.0581,1.046
10.207637416,0.1275,1.0434,-0.0625,1.053
10.209620224,0.1287,1.0571,-0.0713,1.067
10.211663955,0.1297,1.0715,-0.0777,1.082
10.214361108,0.1285,1.0793,-0.0809,1.090
10.215810493,0.1248,1.0916,-0.0848,1.102
10.217692416,0.1239,1.0957,-0.0865,1.106
10.219394108,0.1209,1.1055,-0.0921,1.116
10.221767878,0.1131,1.1148,-0.0982,1.125
10.223791878,0.1094,1.1172,-0.1009,1.127
10.226162608,0.1046,1.1197,-0.1060,1.130
10.227935185,0.0992,1.1221,-0.1112,1.132
10.231519455,0.0955,1.1214,-0.1131,1.131
10.233466378,0.0916,1.1182,-0.1192,1.128
10.235076647,0.0914,1.1160,-0.1219,1.126
10.236454647,0.0887,1.1104,-0.1258,1.121
10.238190993,0.0894,1.1060,-0.1322,1.117
10.23996107,0.0901,1.1030,-0.1341,1.115
10.24146407,0.0928,1.0962,-0.1368,1.109
10.243507493,0.0945,1.0869,-0.1368,1.100
10.245462955,0.0941,1.0820,-0.1366,1.095
10.249453108,0.0955,1.0727,-0.1361,1.086
10.251035647,0.0950,1.0676,-0.1366,1.081
10.253626955,0.0938,1.0574,-0.1339,1.070
10.254723685,0.0933,1.0495,-0.1287,1.062
10.255840031,0.0911,1.0447,-0.1248,1.056
10.257191301,0.0855,1.0359,-0.1170,1.046
10.258991493,0.0789,1.0266,-0.1070,1.035
10.261020301,0.0765,1.0222,-0.1009,1.030
10.264498878,0.0704,1.0136,-0.0860,1.020
10.266185724,0.0667,1.0097,-0.0782,1.015
10.268436262,0.0586,1.0002,-0.0650,1.004
10.269469301,0.0511,0.9931,-0.0472,0.996
10.270847455,0.0467,0.9902,-0.0391,0.992
10.272803224,0.0413,0.9821,-0.0222,0.983
10.274665531,0.0388,0.9758,-0.0037,0.977
10.276870301,0.0366,0.9726,0.0071,0.973
10.279016762,0.0335,0.9653,0.0257,0.966
10.290210724,0.0320,0.9616,0.0362,0.963
10.291633147,0.0325,0.9565,0.0537,0.959
10.292813147,0.0325,0.9533,0.0738,0.957
10.293774839,0.0330,0.9513,0.0823,0.955
10.294810339,0.0347,0.9455,0.1024,0.952
10.295955724,0.0379,0.9406,0.1209,0.949
10.296460916,0.0403,0.9391,0.1290,0.949
10.296717224,0.0432,0.9340,0.1461,0.946
10.296952301,0.0454,0.9313,0.1539,0.945
10.314119455,0.0503,0.9247,0.1708,0.942
10.316103762,0.0557,0.9215,0.1845,0.941
10.316599993,0.0579,0.9191,0.1898,0.940
10.316849685,0.0579,0.9157,0.2006,0.939
10.317085262,0.0618,0.9110,0.2145,0.938
10.317323685,0.0638,0.9086,0.2187,0.937
10.31755257,0.0657,0.9047,0.2270,0.935
10.317781108,0.0669,0.9027,0.2311,0.934
10.31801157,0.0696,0.9010,0.2367,0.934
10.318242724,0.0721,0.9008,0.2402,0.935
10.318465839,0.0735,0.8998,0.2384,0.934
10.319820108,0.0760,0.8986,0.2392,0.933
10.321966416,0.0777,0.8993,0.2372,0.933
10.323788454,0.0774,0.8988,0.2345,0.932
10.326023724,0.0774,0.9005,0.2284,0.932
10.327769685,0.0765,0.9008,0.2245,0.931
10.330780531,0.0760,0.9017,0.2152,0.930
10.332845454,0.0767,0.9022,0.2023,0.928
10.338629685,0.0765,0.9022,0.1954,0.926
10.338888378,0.0765,0.9052,0.1805,0.926
10.339118378,0.0767,0.9056,0.1652,0.924
10.339730878,0.0770,0.9074,0.1576,0.924
10.341909416,0.0762,0.9110,0.1383,0.925
10.343660108,0.0760,0.9125,0.1285,0.925
10.345776031,0.0772,0.9152,0.1068,0.925
10.348448378,0.0792,0.9174,0.0875,0.925
10.349826416,0.0796,0.9193,0.0772,0.926
10.351727147,0.0787,0.9223,0.0577,0.927
10.353409416,0.0799,0.9274,0.0393,0.932
10.355416878,0.0804,0.9296,0.0315,0.934
10.357624801,0.0806,0.9333,0.0137,0.937
10.359485378,0.0814,0.9352,0.0046,0.939
10.361596801,0.0860,0.9389,-0.0117,0.943
10.364643839,0.0892,0.9452,-0.0259,0.950
10.366044762,0.0894,0.9474,-0.0322,0.952
10.368150147,0.0921,0.9530,-0.0423,0.958
10.369471647,0.0916,0.9591,-0.0513,0.965
10.37132207,0.0933,0.9611,-0.0559,0.967
10.373355147,0.0977,0.9660,-0.0628,0.973
10.375214185,0.0975,0.9692,-0.0657,0.976
10.377433685,0.0972,0.9789,-0.0689,0.986
10.379302416,0.0982,0.9897,-0.0718,0.997
10.390721801,0.0982,0.9941,-0.0726,1.002
10.392449108,0.0977,1.0031,-0.0726,1.010
10.393533878,0.0960,1.0148,-0.0708,1.022
10.394516801,0.0972,1.0190,-0.0708,1.026
10.395521416,0.0967,1.0273,-0.0699,1.034
10.396722993,0.0963,1.0312,-0.0677,1.038
10.397849878,0.0992,1.0378,-0.0640,1.045
10.398765339,0.1038,1.0444,-0.0589,1.051
10.400012262,0.1046,1.0469,-0.0564,1.054
10.401177301,0.1060,1.0508,-0.0528,1.057
10.402121608,0.1082,1.0544,-0.0479,1.061
10.403096301,0.1094,1.0544,-0.0452,1.061
10.418916108,0.1085,1.0561,-0.0386,1.062
10.420630724,0.1077,1.0576,-0.0359,1.064
10.421644801,0.1046,1.0578,-0.0308,1.063
10.422878724,0.1021,1.0571,-0.0252,1.062
10.424284647,0.1009,1.0547,-0.0232,1.060
10.425510147,0.0982,1.0520,-0.0186,1.057
10.426653608,0.0941,1.0491,-0.0132,1.053
10.427459531,0.0931,1.0464,-0.0110,1.051
10.428694416,0.0889,1.0407,-0.0103,1.045
10.429839685,0.0877,1.0381,-0.0081,1.042
10.431100685,0.0843,1.0329,-0.0049,1.036
10.432410262,0.0806,1.0283,-0.0020,1.031
10.433559301,0.0789,1.0251,-0.0017,1.028
10.434844647,0.0755,1.0200,0.0015,1.023
10.435595339,0.0735,1.0178,0.0032,1.020
10.437014724,0.0706,1.0158,0.0042,1.018
10.437739185,0.0640,1.0136,0.0064,1.016
10.438799762,0.0611,1.0117,0.0076,1.014
10.44155707,0.0606,1.0095,0.0115,1.011
10.442972224,0.0591,1.0073,0.0132,1.009
10.44439507,0.0586,1.0061,0.0144,1.008
10.446336301,0.0574,1.0036,0.0159,1.005
10.448820916,0.0574,1.0009,0.0193,1.003
10.450302031,0.0579,1.0002,0.0188,1.002
10.452333454,0.0589,0.9990,0.0200,1.001
10.454007224,0.0584,0.9990,0.0208,1.001
10.456218916,0.0579,0.9982,0.0222,1.000
10.458122685,0.0596,0.9946,0.0217,0.997
10.460284262,0.0616,0.9926,0.0210,0.995
10.462007801,0.0623,0.9877,0.0217,0.990
10.465046185,0.0662,0.9841,0.0198,0.986
10.466598647,0.0687,0.9811,0.0183,0.984
10.468495877,0.0745,0.9748,0.0139,0.978
10.470062416,0.0767,0.9721,0.0122,0.975
10.471730685,0.0831,0.9670,0.0098,0.971
10.473777839,0.0884,0.9623,0.0066,0.966
10.475875377,0.0904,0.9596,0.0039,0.964
10.477960954,0.0975,0.9535,0.0002,0.958
10.479799185,0.1024,0.9491,-0.0034,0.955
10.490533224,0.1068,0.9455,-0.0049,0.951
10.492201262,0.1131,0.9413,-0.0083,0.948
10.493078724,0.1141,0.9389,-0.0100,0.946
10.494174339,0.1175,0.9350,-0.0139,0.942
10.495181531,0.1217,0.9301,-0.0147,0.938
10.496389031,0.1222,0.9274,-0.0164,0.936
10.49722957,0.1246,0.9240,-0.0181,0.933
10.498125339,0.1266,0.9220,-0.0154,0.931
10.499245647,0.1278,0.9208,-0.0151,0.930
10.500299724,0.1278,0.9159,-0.0164,0.925
10.516052724,0.1290,0.9142,-0.0144,0.923
10.517302108,0.1285,0.9144,-0.0103,0.923
10.518176377,0.1268,0.9152,-0.0061,0.924
10.519067954,0.1273,0.9157,-0.0029,0.924
10.519862685,0.1258,0.9152,0.0032,0.924
10.52066057,0.1226,0.9142,0.0110,0.922
10.521623301,0.1214,0.9152,0.0144,0.923
10.522408185,0.1197,0.9169,0.0230,0.925
10.523398877,0.1197,0.9176,0.0281,0.926
10.524420993,0.1178,0.9196,0.0393,0.928
10.525221031,0.1158,0.9203,0.0506,0.929
10.525934839,0.1165,0.9223,0.0550,0.931
10.526597916,0.1148,0.9230,0.0665,0.932
10.527484262,0.1153,0.9249,0.0794,0.935
10.529027762,0.1153,0.9259,0.0858,0.937
10.531827608,0.1121,0.9289,0.0970,0.941
10.533327339,0.1124,0.9296,0.1019,0.942
10.534808493,0.1134,0.9318,0.1153,0.946
10.537108493,0.1129,0.9337,0.1244,0.949
10.538933377,0.1136,0.9352,0.1287,0.951
10.540908224,0.1138,0.9359,0.1385,0.953
10.542819877,0.1153,0.9376,0.1461,0.956
10.544769224,0.1168,0.9391,0.1485,0.958
10.548304224,0.1192,0.9398,0.1546,0.960
10.549804147,0.1239,0.9403,0.1590,0.962
10.551924608,0.1258,0.9442,0.1617,0.966
10.553105839,0.1283,0.9489,0.1649,0.972
10.555090454,0.1285,0.9516,0.1661,0.974
10.556778108,0.1309,0.9560,0.1676,0.979
10.558711685,0.1331,0.9604,0.1688,0.984
10.560684493,0.1346,0.9626,0.1688,0.986
10.562803531,0.1358,0.9667,0.1681,0.991
10.565763224,0.1380,0.9689,0.1673,0.993
10.567136262,0.1419,0.9736,0.1664,0.998
10.56885757,0.1437,0.9799,0.1647,1.004
10.570672877,0.1459,0.9821,0.1642,1.006
10.572415531,0.1476,0.9846,0.1593,1.008
10.574354608,0.1517,0.9877,0.1537,1.011
10.576380185,0.1539,0.9880,0.1520,1.011
10.578638762,0.1590,0.9882,0.1441,1.011
10.5890768,0.1605,0.9890,0.1400,1.012
10.590541916,0.1656,0.9872,0.1314,1.010
10.591506877,0.1730,0.9846,0.1219,1.007
10.592765108,0.1761,0.9843,0.1165,1.007
10.593743839,0.1840,0.9804,0.1033,1.003
10.594860262,0.1910,0.9787,0.0911,1.001
10.59593107,0.1952,0.9792,0.0843,1.002
10.596875685,0.2008,0.9777,0.0728,1.001
10.597821877,0.2028,0.9762,0.0669,0.999
10.598835493,0.2038,0.9740,0.0530,0.997
10.600146377,0.2035,0.9723,0.0388,0.994
10.61258007,0.2028,0.9719,0.0320,0.993
10.613066377,0.2003,0.9709,0.0208,0.992
10.613317377,0.1947,0.9714,0.0098,0.991
10.613550108,0.1920,0.9714,0.0042,0.990
10.613784839,0.1847,0.9719,-0.0044,0.989
10.614008262,0.1783,0.9748,-0.0134,0.991
10.614247185,0.1739,0.9765,-0.0173,0.992
10.619710454,0.1634,0.9799,-0.0235,0.994
10.620027916,0.1595,0.9809,-0.0259,0.994
10.620272108,0.1500,0.9838,-0.0288,0.996
10.621600147,0.1405,0.9860,-0.0293,0.996
10.623467531,0.1351,0.9882,-0.0281,0.998
10.625833877,0.1241,0.9946,-0.0259,1.003
10.627523839,0.1138,0.9973,-0.0178,1.004
10.629512724,0.1092,1.0031,-0.0122,1.009
10.631487724,0.0999,1.0102,0.0000,1.015
10.633668147,0.0958,1.0129,0.0059,1.017
10.635371339,0.0870,1.0205,0.0200,1.024
10.637423608,0.0792,1.0293,0.0388,1.033
10.639203416,0.0765,1.0329,0.0481,1.037
10.6412508,0.0733,1.0403,0.0682,1.045
10.643057454,0.0721,1.0429,0.0792,1.048
10.645249223,0.0699,1.0478,0.1058,1.055
10.64760707,0.0674,1.0532,0.1307,1.063
10.649550608,0.0672,1.0559,0.1451,1.068
10.650872954,0.0667,1.0596,0.1735,1.076
10.653067762,0.0669,1.0627,0.2016,1.084
10.654846608,0.0674,1.0632,0.2162,1.087
10.657111454,0.0689,1.0644,0.2446,1.094
10.658855108,0.0689,1.0652,0.2580,1.098
10.661155762,0.0701,1.0647,0.2849,1.104
10.662935108,0.0723,1.0654,0.3090,1.112
10.665309147,0.0740,1.0652,0.3215,1.115
10.6671538,0.0755,1.0649,0.3415,1.121
10.668978685,0.0755,1.0647,0.3567,1.125
10.670904723,0.0777,1.0640,0.3643,1.127
10.673130531,0.0804,1.0635,0.3762,1.131
10.67480557,0.0811,1.0632,0.3809,1.132
10.67680607,0.0826,1.0603,0.3853,1.131
10.678748685,0.0865,1.0586,0.3809,1.128
10.681050416,0.0897,1.0569,0.3770,1.126
10.6914383,0.0955,1.0534,0.3684,1.120
10.692917108,0.1011,1.0488,0.3547,1.112
10.693792223,0.1053,1.0464,0.3462,1.107
10.694622993,0.1136,1.0422,0.3240,1.097
10.695609877,0.1173,1.0403,0.3117,1.092
10.696782877,0.1229,1.0341,0.2863,1.080
10.697661685,0.1317,1.0285,0.2621,1.070
10.698886877,0.1346,1.0256,0.2504,1.064
10.7000138,0.1407,1.0224,0.2231,1.056
10.700641762,0.1485,1.0207,0.2003,1.051
10.709948031,0.1534,1.0175,0.1881,1.046
10.710499723,0.1573,1.0126,0.1642,1.038
10.7107473,0.1593,1.0102,0.1515,1.034
10.7109768,0.1622,1.0070,0.1287,1.028
10.711201723,0.1647,1.0056,0.1043,1.024
10.712228493,0.1647,1.0048,0.0931,1.022
10.718316493,0.1661,1.0058,0.0711,1.022
10.71887657,0.1669,1.0063,0.0508,1.021
10.719119762,0.1664,1.0078,0.0428,1.022
10.719977377,0.1654,1.0090,0.0281,1.023
10.722213993,0.1649,1.0107,0.0217,1.024
10.723849877,0.1654,1.0148,0.0120,1.028
10.725775185,0.1642,1.0185,0.0061,1.032
10.727841147,0.1627,1.0212,0.0046,1.034
10.7297243,0.1583,1.0285,0.0024,1.041
10.731779147,0.1517,1.0310,0.0039,1.042
10.734597454,0.1502,1.0376,0.0105,1.048
10.735798147,0.1456,1.0456,0.0183,1.056
10.737835839,0.1424,1.0498,0.0242,1.060
10.73957307,0.1363,1.0603,0.0379,1.070
10.741602339,0.1285,1.0708,0.0511,1.080
10.743572608,0.1266,1.0762,0.0586,1.085
10.745728877,0.1217,1.0891,0.0718,1.098
10.748647993,0.1197,1.0955,0.0779,1.105
10.749568877,0.1146,1.1065,0.0872,1.116
10.751404147,0.1104,1.1175,0.0987,1.127
10.753813377,0.1099,1.1226,0.1046,1.133
10.755403146,0.1070,1.1319,0.1119,1.142
10.757438146,0.1041,1.1421,0.1195,1.153
10.759408377,0.1026,1.1473,0.1231,1.158
10.761203031,0.1011,1.1573,0.1275,1.169
10.76314257,0.1002,1.1609,0.1292,1.172
10.765888685,0.1011,1.1693,0.1319,1.181
10.767362454,0.1016,1.1790,0.1324,1.191
10.769219723,0.1029,1.1837,0.1331,1.196
10.771091223,0.1051,1.1900,0.1324,1.202
10.7731223,0.1063,1.1939,0.1285,1.206
10.775011493,0.1073,1.2030,0.1256,1.214
10.777052146,0.1090,1.2105,0.1202,1.221
10.779042646,0.1094,1.2147,0.1165,1.225
10.788726108,0.1114,1.2240,0.1099,1.234
10.7899253,0.1116,1.2325,0.0992,1.242
10.790766493,0.1124,1.2369,0.0941,1.246
10.791605493,0.1131,1.2460,0.0826,1.254
10.792496762,0.1109,1.2501,0.0689,1.257
10.793615493,0.1094,1.2594,0.0608,1.266
10.794540839,0.1060,1.2679,0.0457,1.273
10.795332916,0.1036,1.2731,0.0384,1.278
10.797283646,0.0989,1.2838,0.0205,1.288
10.812300108,0.0926,1.2934,-0.0012,1.297
10.813920993,0.0889,1.2992,-0.0110,1.302
10.815017416,0.0848,1.3102,-0.0318,1.313
10.816383377,0.0801,1.3217,-0.0530,1.325
10.817593993,0.0784,1.3273,-0.0633,1.331
10.818797339,0.0728,1.3388,-0.0823,1.343
10.819677993,0.0708,1.3466,-0.0916,1.352
10.820721262,0.0706,1.3601,-0.1090,1.366
10.821398262,0.0687,1.3713,-0.1285,1.379
10.822132993,0.0687,1.3767,-0.1380,1.385
10.822947531,0.0699,1.3869,-0.1532,1.397
10.82363457,0.0752,1.3911,-0.1676,1.403
10.824716723,0.0779,1.4004,-0.1735,1.413
10.825481916,0.0858,1.4094,-0.1857,1.424
10.82662607,0.0916,1.4131,-0.1908,1.429
10.830188954,0.1024,1.4202,-0.2006,1.438
10.83198357,0.1165,1.4246,-0.2091,1.445
10.833230954,0.1231,1.4275,-0.2118,1.448
10.834555185,0.1375,1.4311,-0.2194,1.454
10.836132531,0.1441,1.4331,-0.2235,1.458
10.83798257,0.1559,1.4355,-0.2306,1.462
10.839948877,0.1630,1.4380,-0.2375,1.467
10.842086839,0.1659,1.4373,-0.2409,1.467
10.843908377,0.1703,1.4333,-0.2494,1.465
10.846019454,0.1730,1.4292,-0.2575,1.462
10.849272608,0.1752,1.4263,-0.2609,1.460
10.851017031,0.1769,1.4177,-0.2700,1.454
10.852723877,0.1771,1.4126,-0.2753,1.450
10.854038646,0.1761,1.4006,-0.2858,1.440
10.855621916,0.1781,1.3862,-0.2976,1.429
10.857979762,0.1786,1.3791,-0.3027,1.423
10.859573416,0.1793,1.3635,-0.3137,1.411
10.861907493,0.1820,1.3430,-0.3213,1.393
10.863634339,0.1837,1.3337,-0.3235,1.385
10.867128916,0.1827,1.3139,-0.3247,1.366
10.868437416,0.1823,1.3029,-0.3247,1.355
10.869935608,0.1854,1.2824,-0.3208,1.335
10.871571339,0.1876,1.2596,-0.3110,1.311
10.873659223,0.1884,1.2477,-0.3054,1.298
10.875336416,0.1891,1.2247,-0.2924,1.273
10.877664223,0.1906,1.2005,-0.2744,1.246
10.879429185,0.1910,1.1876,-0.2643,1.232
10.889744685,0.1920,1.1627,-0.2436,1.203
10.891224069,0.1925,1.1492,-0.2323,1.188
10.892305108,0.1913,1.1248,-0.2081,1.160
10.8933723,0.1918,1.0999,-0.1832,1.131
10.894355493,0.1918,1.0872,-0.1715,1.117
10.895702569,0.1893,1.0625,-0.1480,1.089
10.896019723,0.1849,1.0371,-0.1241,1.061
10.896267031,0.1837,1.0249,-0.1121,1.047
10.897145262,0.1796,1.0004,-0.0892,1.020
10.913697569,0.1766,0.9887,-0.0784,1.007
10.915240031,0.1710,0.9643,-0.0586,0.981
10.916603762,0.1627,0.9425,-0.0401,0.957
10.917766031,0.1595,0.9320,-0.0322,0.946
10.919075762,0.1488,0.9135,-0.0156,0.926
10.920399723,0.1383,0.8983,-0.0022,0.909
10.921620377,0.1346,0.8915,0.0042,0.902
10.922706954,0.1246,0.8766,0.0147,0.886
10.9238718,0.1185,0.8705,0.0193,0.879
10.924947108,0.1053,0.8636,0.0279,0.870
10.925705185,0.0926,0.8585,0.0313,0.864
10.926531608,0.0867,0.8551,0.0318,0.860
10.927361569,0.0770,0.8521,0.0313,0.856
10.928333185,0.0704,0.8512,0.0298,0.855
10.929372146,0.0591,0.8490,0.0264,0.851
10.930677262,0.0491,0.8524,0.0198,0.854
10.931701685,0.0432,0.8539,0.0169,0.855
10.932935377,0.0330,0.8560,0.0054,0.857
10.9354583,0.0230,0.8619,-0.0076,0.862
10.936336685,0.0181,0.8646,-0.0134,0.865
10.938571685,0.0088,0.8724,-0.0298,0.873
10.940845262,0.0007,0.8763,-0.0462,0.878
10.942554531,-0.0024,0.8805,-0.0552,0.882
10.944540339,-0.0098,0.8898,-0.0750,0.893
10.9464168,-0.0139,0.8934,-0.0865,0.898
10.949431954,-0.0208,0.9020,-0.1087,0.909
10.950241646,-0.0259,0.9110,-0.1309,0.921
10.952396223,-0.0288,0.9144,-0.1417,0.926
10.954471185,-0.0354,0.9196,-0.1666,0.935
10.956489685,-0.0364,0.9269,-0.1908,0.947
10.958157916,-0.0364,0.9296,-0.2028,0.952
10.960170839,-0.0374,0.9376,-0.2248,0.965
10.962209723,-0.0364,0.9425,-0.2370,0.973
10.964302262,-0.0332,0.9484,-0.2619,0.984
10.968944069,-0.0308,0.9516,-0.2841,0.994
10.969511608,-0.0279,0.9521,-0.2946,0.997
10.970233646,-0.0215,0.9560,-0.3171,1.007
10.972333108,-0.0149,0.9579,-0.3376,1.016
10.974052146,-0.0110,0.9623,-0.3462,1.023
10.975799569,-0.0068,0.9631,-0.3660,1.030
10.977642069,-0.0061,0.9626,-0.3753,1.033
10.979793262,-0.0005,0.9657,-0.3889,1.041
10.998136916,0.0112,0.9701,-0.4009,1.050
10.999622723,0.0176,0.9728,-0.4055,1.054
11.000666108,0.0325,0.9762,-0.4097,1.059
11.001724185,0.0474,0.9780,-0.4139,1.063
11.002577339,0.0559,0.9821,-0.4153,1.068
11.003675416,0.0718,0.9858,-0.4136,1.071
11.005940069,0.0782,0.9872,-0.4117,1.072
11.0077063,0.0872,0.9902,-0.4065,1.074
11.009002954,0.0997,0.9907,-0.3972,1.072
11.010357377,0.1043,0.9907,-0.3906,1.070
11.011382185,0.1112,0.9885,-0.3755,1.063
11.012684223,0.1146,0.9870,-0.3584,1.056
11.013955608,0.1163,0.9858,-0.3476,1.052
11.015276992,0.1195,0.9811,-0.3279,1.041
11.016998146,0.1200,0.9784,-0.3186,1.036
11.018426646,0.1229,0.9743,-0.2993,1.027
11.020225454,0.1266,0.9699,-0.2783,1.017
11.021708146,0.1287,0.9677,-0.2673,1.012
11.022720762,0.1309,0.9618,-0.2470,1.002
11.023484569,0.1353,0.9560,-0.2270,0.992
11.0239048,0.1368,0.9538,-0.2174,0.988
11.024680185,0.1390,0.9491,-0.1962,0.979
11.026187454,0.1439,0.9469,-0.1869,0.976
11.028758416,0.1463,0.9430,-0.1664,0.969
11.029640454,0.1502,0.9418,-0.1476,0.965
11.040877262,0.1522,0.9398,-0.1368,0.962
11.041338954,0.1571,0.9372,-0.1165,0.957
11.041587531,0.1615,0.9340,-0.0967,0.953
11.0418233,0.1632,0.9342,-0.0848,0.952
11.0420518,0.1673,0.9335,-0.0657,0.951
11.042292454,0.1705,0.9320,-0.0567,0.949
11.043078069,0.1715,0.9306,-0.0388,0.947
11.044882685,0.1776,0.9289,-0.0235,0.946
11.0468903,0.1774,0.9286,-0.0151,0.946
11.050156377,0.1810,0.9262,-0.0012,0.944
11.051398608,0.1830,0.9254,0.0110,0.943
11.052876569,0.1835,0.9252,0.0151,0.943
11.054946608,0.1837,0.9227,0.0235,0.941
11.056987839,0.1803,0.9220,0.0313,0.940
11.058867762,0.1813,0.9196,0.0344,0.938
11.061143877,0.1786,0.9179,0.0379,0.936
11.062769454,0.1779,0.9166,0.0401,0.935
11.068601069,0.1769,0.9147,0.0432,0.933
11.069205762,0.1737,0.9103,0.0432,0.928
11.069450223,0.1705,0.9088,0.0425,0.926
11.074729339,0.1652,0.9047,0.0403,0.921
11.075001877,0.1571,0.9022,0.0379,0.917
11.075232262,0.1542,0.8973,0.0359,0.911
11.076667531,0.1459,0.8925,0.0332,0.905
11.078621646,0.1422,0.8903,0.0318,0.902
11.080548723,0.1336,0.8876,0.0266,0.898
11.097991608,0.1234,0.8859,0.0227,0.895
11.099609569,0.1197,0.8851,0.0193,0.893
11.100742877,0.1102,0.8807,0.0147,0.888
11.101800954,0.1009,0.8778,0.0100,0.884
11.102638915,0.0950,0.8763,0.0076,0.881
11.103419223,0.0831,0.8741,0.0056,0.878
11.104610069,0.0755,0.8729,0.0039,0.876
11.105563454,0.0621,0.8690,0.0002,0.871
11.106688531,0.0525,0.8685,0.0000,0.870
11.1076653,0.0467,0.8678,0.0000,0.869
11.1086313,0.0347,0.8666,-0.0024,0.867
11.109396031,0.0252,0.8668,-0.0042,0.867
11.110340454,0.0198,0.8668,-0.0034,0.867
11.110992339,0.0090,0.8646,-0.0017,0.865
11.1116873,0.0054,0.8624,-0.0020,0.862
11.112584492,-0.0066,0.8631,-0.0044,0.863
11.114263723,-0.0161,0.8600,-0.0039,0.860
11.117077685,-0.0213,0.8580,-0.0020,0.858
11.118407377,-0.0288,0.8560,0.0000,0.857
11.122729185,-0.0325,0.8546,0.0000,0.855
11.123736839,-0.0408,0.8536,0.0029,0.855
11.124668685,-0.0464,0.8504,0.0024,0.852
11.125653762,-0.0491,0.8495,0.0022,0.851
11.127838723,-0.0545,0.8490,0.0037,0.851
11.130000685,-0.0579,0.8495,0.0066,0.851
11.132726031,-0.0591,0.8490,0.0086,0.851
11.134118646,-0.0606,0.8485,0.0093,0.851
11.135536915,-0.0603,0.8480,0.0100,0.850
11.150685108,-0.0594,0.8473,0.0105,0.849
11.152308262,-0.0596,0.8465,0.0110,0.849
11.153440454,-0.0579,0.8470,0.0110,0.849
11.154409223,-0.0535,0.8485,0.0115,0.850
11.155545646,-0.0503,0.8482,0.0142,0.850
11.1568338,-0.0474,0.8487,0.0147,0.850
11.1579333,-0.0410,0.8490,0.0156,0.850
11.158820762,-0.0379,0.8497,0.0159,0.851
11.159808646,-0.0298,0.8512,0.0166,0.852
11.160600646,-0.0227,0.8504,0.0205,0.851
11.1615263,-0.0193,0.8499,0.0215,0.850
11.162353954,-0.0120,0.8519,0.0242,0.852
11.163222146,-0.0024,0.8524,0.0264,0.853
11.164162262,0.0020,0.8526,0.0281,0.853
11.167051839,0.0090,0.8541,0.0320,0.855
11.168627108,0.0125,0.8546,0.0342,0.855
11.169711108,0.0198,0.8536,0.0374,0.855
11.172502185,0.0259,0.8553,0.0410,0.857
11.173478377,0.0283,0.8553,0.0423,0.857
11.1749208,0.0335,0.8521,0.0445,0.854
11.177326223,0.0396,0.8509,0.0459,0.853
11.178997569,0.0413,0.8497,0.0467,0.852
11.181319262,0.0432,0.8485,0.0474,0.851
11.191276723,0.0442,0.8477,0.0476,0.850
11.192824031,0.0442,0.8482,0.0450,0.851
11.193931762,0.0462,0.8470,0.0462,0.850
11.195045031,0.0479,0.8460,0.0447,0.849
11.196308992,0.0506,0.8453,0.0396,0.848
11.196894762,0.0523,0.8453,0.0349,0.848
11.2171553,0.0533,0.8460,0.0327,0.848
11.218720262,0.0572,0.8470,0.0286,0.849
11.219638877,0.0586,0.8473,0.0274,0.850
11.2206518,0.0616,0.8480,0.0264,0.851
11.221558531,0.0630,0.8487,0.0261,0.851
11.2226473,0.0652,0.8495,0.0247,0.852
11.223604646,0.0679,0.8519,0.0239,0.855
11.224867031,0.0708,0.8531,0.0230,0.856
11.225804838,0.0728,0.8539,0.0239,0.857
11.2268203,0.0755,0.8560,0.0249,0.860
11.227673762,0.0770,0.8568,0.0252,0.861
11.228750992,0.0767,0.8597,0.0271,0.864
11.229542838,0.0784,0.8619,0.0305,0.866
11.230480915,0.0789,0.8622,0.0308,0.866
11.231685723,0.0811,0.8653,0.0335,0.870
11.232646223,0.0821,0.8663,0.0354,0.871
11.233803185,0.0828,0.8673,0.0364,0.872
11.234778108,0.0804,0.8695,0.0369,0.874
11.235638146,0.0809,0.8697,0.0376,0.874
11.236684877,0.0779,0.8739,0.0364,0.878
11.237442454,0.0762,0.8768,0.0330,0.881
11.238301415,0.0745,0.8793,0.0305,0.883
11.239111415,0.0699,0.8834,0.0247,0.887
11.241908031,0.0677,0.8849,0.0217,0.888
11.243355454,0.0618,0.8888,0.0137,0.891
11.247973146,0.0552,0.8917,0.0037,0.893
11.2486398,0.0523,0.8932,-0.0010,0.895
11.251071531,0.0469,0.8959,-0.0088,0.897
11.251832415,0.0374,0.8993,-0.0191,0.900
11.252301877,0.0325,0.9000,-0.0239,0.901
11.253826838,0.0274,0.9017,-0.0335,0.903
11.255895223,0.0227,0.9030,-0.0432,0.904
11.258008108,0.0193,0.9066,-0.0472,0.908
11.259875377,0.0112,0.9096,-0.0537,0.911
11.262181646,0.0086,0.9103,-0.0574,0.912
11.263899185,0.0032,0.9120,-0.0643,0.914
11.270643954,-0.0044,0.9130,-0.0694,0.916
11.271461492,-0.0081,0.9135,-0.0713,0.916
11.271995685,-0.0107,0.9164,-0.0730,0.919
11.2724278,-0.0125,0.9171,-0.0733,0.920
11.273651454,-0.0139,0.9188,-0.0748,0.922
11.275558377,-0.0159,0.9198,-0.0740,0.923
11.277859185,-0.0164,0.9203,-0.0728,0.923
11.279620338,-0.0181,0.9215,-0.0682,0.924
11.294344415,-0.0164,0.9213,-0.0625,0.924
11.296046415,-0.0169,0.9210,-0.0586,0.923
11.297074877,-0.0176,0.9235,-0.0513,0.925
11.2980458,-0.0159,0.9235,-0.0423,0.925
11.299279915,-0.0164,0.9237,-0.0384,0.925
11.300574338,-0.0164,0.9213,-0.0293,0.922
11.301883492,-0.0159,0.9215,-0.0249,0.922
11.302907223,-0.0137,0.9249,-0.0156,0.925
11.303947454,-0.0120,0.9249,-0.0039,0.925
11.305081146,-0.0103,0.9245,0.0012,0.925
11.306027646,-0.0098,0.9249,0.0112,0.925
11.307175069,-0.0081,0.9249,0.0181,0.925
11.308249492,-0.0078,0.9264,0.0213,0.927
11.309305146,-0.0059,0.9284,0.0298,0.929
11.310091338,-0.0034,0.9296,0.0327,0.930
11.311067454,-0.0020,0.9313,0.0393,0.932
11.313923877,0.0007,0.9325,0.0447,0.934
11.315487031,0.0015,0.9328,0.0462,0.934
11.317510108,0.0027,0.9350,0.0501,0.936
11.319027185,0.0059,0.9364,0.0535,0.938
11.320934492,0.0071,0.9391,0.0555,0.941
11.322826877,0.0083,0.9384,0.0584,0.940
11.325392146,0.0103,0.9376,0.0599,0.940
11.3272258,0.0117,0.9354,0.0623,0.938
11.3291048,0.0125,0.9328,0.0621,0.935
11.330560454,0.0127,0.9320,0.0606,0.934
11.333666954,0.0144,0.9315,0.0584,0.933
11.336419761,0.0137,0.9308,0.0559,0.933
11.336925992,0.0149,0.9315,0.0547,0.933
11.338540954,0.0147,0.9313,0.0530,0.933
11.341345108,0.0154,0.9306,0.0515,0.932
11.343128646,0.0149,0.9306,0.0481,0.932
11.345022454,0.0147,0.9303,0.0479,0.932
11.346690646,0.0134,0.9281,0.0476,0.929
11.350332954,0.0125,0.9271,0.0469,0.928
11.351221069,0.0112,0.9257,0.0447,0.927
11.353469646,0.0110,0.9247,0.0445,0.926
11.354447531,0.0083,0.9215,0.0447,0.923
11.356457261,0.0071,0.9203,0.0437,0.921
11.358725723,0.0049,0.9193,0.0415,0.920
11.361076877,0.0010,0.9164,0.0398,0.917
11.362261608,0.0002,0.9152,0.0384,0.916
11.364347569,0.0012,0.9149,0.0381,0.916
11.366723915,-0.0010,0.9171,0.0386,0.918
11.368491723,-0.0017,0.9183,0.0393,0.919
11.370363108,-0.0012,0.9193,0.0379,0.920
11.372356069,-0.0017,0.9198,0.0364,0.921
11.374495915,-0.0007,0.9215,0.0376,0.922
11.376478646,0.0022,0.9257,0.0388,0.926
11.378419454,0.0034,0.9262,0.0398,0.927
11.380259069,0.0054,0.9289,0.0428,0.930
11.393014146,0.0095,0.9291,0.0450,0.930
11.394717838,0.0105,0.9303,0.0452,0.931
11.396010761,0.0137,0.9347,0.0491,0.936
11.397022377,0.0173,0.9359,0.0508,0.937
11.398317684,0.0205,0.9406,0.0550,0.942
11.399411838,0.0215,0.9438,0.0594,0.946
11.400618915,0.0215,0.9452,0.0613,0.947
11.402003146,0.0230,0.9484,0.0669,0.951
11.402994646,0.0247,0.9499,0.0696,0.953
11.404111415,0.0247,0.9508,0.0713,0.954
11.404986646,0.0225,0.9543,0.0748,0.957
11.406199684,0.0220,0.9560,0.0748,0.959
11.407714415,0.0213,0.9594,0.0762,0.963
11.408674377,0.0198,0.9626,0.0770,0.966
11.418934069,0.0203,0.9633,0.0757,0.966
11.419712646,0.0210,0.9638,0.0757,0.967
11.420207684,0.0210,0.9660,0.0740,0.969
11.420615569,0.0225,0.9672,0.0738,0.970
11.421023377,0.0227,0.9699,0.0706,0.973
11.421956838,0.0225,0.9719,0.0691,0.975
11.422370415,0.0222,0.9770,0.0657,0.979
11.423564454,0.0230,0.9794,0.0613,0.982
11.425470761,0.0232,0.9806,0.0594,0.983
11.427426954,0.0252,0.9831,0.0555,0.985
11.429492531,0.0252,0.9860,0.0537,0.988
11.431345184,0.0242,0.9865,0.0513,0.988
11.433507223,0.0257,0.9902,0.0472,0.992
11.4353833,0.0271,0.9909,0.0472,0.992
11.437779877,0.0293,0.9938,0.0457,0.995
11.439175108,0.0296,0.9946,0.0437,0.996
11.441169838,0.0305,0.9948,0.0420,0.996
11.4431628,0.0303,0.9970,0.0386,0.998
11.445593608,0.0296,0.9980,0.0403,0.999
11.446987261,0.0281,0.9975,0.0398,0.999
11.450746608,0.0244,0.9965,0.0381,0.998
11.451520184,0.0239,0.9963,0.0386,0.997
11.453861338,0.0222,0.9965,0.0369,0.997
11.455204492,0.0210,0.9948,0.0359,0.996
11.457251684,0.0213,0.9946,0.0362,0.995
11.458819723,0.0169,0.9938,0.0342,0.995
11.460806146,0.0144,0.9941,0.0337,0.995
11.462634915,0.0122,0.9916,0.0340,0.992
11.4650148,0.0086,0.9924,0.0330,0.993
11.468987415,0.0071,0.9921,0.0330,0.993
11.470736877,0.0022,0.9919,0.0327,0.992
11.471993031,-0.0012,0.9926,0.0342,0.993
11.473256454,-0.0027,0.9931,0.0337,0.994
11.474950031,-0.0064,0.9929,0.0340,0.993
11.476711992,-0.0105,0.9926,0.0349,0.993
11.478537992,-0.0122,0.9936,0.0379,0.994
11.480616954,-0.0154,0.9948,0.0381,0.996
11.493880184,-0.0178,0.9955,0.0388,0.996
11.494515492,-0.0244,0.9975,0.0410,0.999
11.494787723,-0.0286,0.9973,0.0457,0.999
11.495038108,-0.0293,0.9977,0.0486,0.999
11.495283492,-0.0320,0.9995,0.0535,1.001
11.495511992,-0.0347,0.9999,0.0601,1.002
11.495802877,-0.0362,1.0014,0.0630,1.004
11.496048646,-0.0381,1.0029,0.0677,1.006
11.518476107,-0.0398,1.0034,0.0716,1.007
11.520644992,-0.0440,1.0058,0.0794,1.010
11.521140723,-0.0445,1.0073,0.0870,1.012
11.521554569,-0.0462,1.0085,0.0919,1.014
11.521979723,-0.0474,1.0102,0.0997,1.016
11.522415838,-0.0464,1.0112,0.1038,1.018
11.522809646,-0.0464,1.0131,0.1116,1.020
11.523209069,-0.0472,1.0148,0.1192,1.023
11.523612954,-0.0464,1.0151,0.1239,1.024
11.524126338,-0.0464,1.0180,0.1317,1.028
11.524525107,-0.0452,1.0210,0.1397,1.031
11.524935569,-0.0462,1.0224,0.1429,1.033
11.525340569,-0.0467,1.0241,0.1495,1.036
11.525745646,-0.0464,1.0249,0.1532,1.037
11.526131646,-0.0459,1.0280,0.1598,1.041
11.527911761,-0.0442,1.0312,0.1664,1.045
11.529602992,-0.0432,1.0327,0.1693,1.047
11.531847377,-0.0432,1.0346,0.1744,1.050
11.534238954,-0.0435,1.0376,0.1793,1.054
11.535646415,-0.0435,1.0383,0.1810,1.055
11.537551377,-0.0420,1.0410,0.1818,1.058
11.539623761,-0.0423,1.0427,0.1823,1.059
11.542036184,-0.0418,1.0442,0.1805,1.060
11.543539684,-0.0415,1.0456,0.1796,1.062
11.545206261,-0.0410,1.0464,0.1779,1.062
11.547470761,-0.0413,1.0469,0.1708,1.061
11.550837184,-0.0406,1.0478,0.1669,1.062
11.552276223,-0.0415,1.0527,0.1576,1.065
11.5532718,-0.0459,1.0552,0.1454,1.066
11.555477377,-0.0481,1.0571,0.1393,1.067
11.557657107,-0.0537,1.0603,0.1261,1.069
11.559156723,-0.0589,1.0615,0.1104,1.069
11.561492454,-0.0628,1.0627,0.1026,1.070
11.563489223,-0.0665,1.0637,0.0887,1.069
11.565459454,-0.0679,1.0637,0.0733,1.068
11.5699723,-0.0677,1.0627,0.0674,1.067
11.571663107,-0.0650,1.0596,0.0559,1.063
11.572953031,-0.0630,1.0586,0.0503,1.062
11.574190646,-0.0581,1.0578,0.0396,1.060
11.575389761,-0.0518,1.0603,0.0300,1.062
11.5771263,-0.0486,1.0632,0.0257,1.065
11.578960684,-0.0386,1.0706,0.0183,1.071
11.581147531,-0.0315,1.0801,0.0103,1.081
11.592409838,-0.0283,1.0857,0.0073,1.086
11.594043646,-0.0232,1.1004,0.0034,1.101
11.595349684,-0.0210,1.1079,0.0007,1.108
11.596735954,-0.0159,1.1236,-0.0005,1.124
11.597841377,-0.0110,1.1419,-0.0046,1.142
11.599159531,-0.0090,1.1517,-0.0066,1.152
11.600564377,-0.0034,1.1724,-0.0093,1.172
11.601120146,0.0064,1.1824,-0.0134,1.183
11.601579992,0.0103,1.2027,-0.0161,1.203
11.602015184,0.0183,1.2225,-0.0195,1.223
11.621270877,0.0230,1.2325,-0.0222,1.233
11.623147492,0.0320,1.2528,-0.0276,1.254
11.624535377,0.0418,1.2728,-0.0354,1.274
11.625509377,0.0464,1.2829,-0.0386,1.284
11.62666503,0.0564,1.2990,-0.0464,1.301
11.62801603,0.0652,1.3149,-0.0520,1.318
11.629192877,0.0691,1.3217,-0.0562,1.325
11.630615338,0.0762,1.3349,-0.0638,1.339
11.631366877,0.0799,1.3403,-0.0665,1.344
11.632607223,0.0845,1.3500,-0.0684,1.354
11.6334708,0.0880,1.3583,-0.0713,1.363
11.634716761,0.0899,1.3605,-0.0718,1.365
11.635709646,0.0926,1.3620,-0.0701,1.367
11.636853838,0.0906,1.3618,-0.0665,1.366
11.6378503,0.0901,1.3588,-0.0645,1.363
11.6388268,0.0901,1.3517,-0.0586,1.356
11.639571415,0.0894,1.3476,-0.0547,1.352
11.6406298,0.0875,1.3415,-0.0457,1.345
11.64143803,0.0845,1.3368,-0.0384,1.340
11.642312107,0.0845,1.3334,-0.0337,1.337
11.64314753,0.0818,1.3295,-0.0244,1.332
11.645796415,0.0814,1.3256,-0.0178,1.328
11.647234415,0.0792,1.3241,-0.0154,1.327
11.648505107,0.0752,1.3222,-0.0105,1.324
11.6542188,0.0696,1.3210,-0.0093,1.323
11.6549588,0.0660,1.3200,-0.0068,1.322
11.655418569,0.0589,1.3200,-0.0061,1.321
11.655995338,0.0552,1.3212,-0.0066,1.322
11.657832684,0.0459,1.3234,-0.0078,1.324
11.659546377,0.0379,1.3244,-0.0112,1.325
11.661497377,0.0344,1.3266,-0.0117,1.327
11.663343223,0.0279,1.3324,-0.0144,1.333
11.67140853,0.0264,1.3346,-0.0156,1.335
11.672313607,0.0225,1.3381,-0.0178,1.338
11.6727418,0.0176,1.3442,-0.0188,1.344
11.673154646,0.0173,1.3461,-0.0186,1.346
11.67356053,0.0156,1.3515,-0.0173,1.352
11.675230569,0.0147,1.3547,-0.0134,1.355
11.677336492,0.0129,1.3613,-0.0098,1.361
11.679571261,0.0151,1.3681,-0.0046,1.368
11.681990761,0.0171,1.3715,-0.0015,1.372
11.6942478,0.0186,1.3781,0.0093,1.378
11.695722107,0.0193,1.3862,0.0232,1.387
11.696661646,0.0200,1.3899,0.0296,1.390
11.697677338,0.0222,1.3950,0.0432,1.396
11.698776607,0.0237,1.3989,0.0557,1.400
11.6999808,0.0252,1.3994,0.0621,1.401
11.701174607,0.0266,1.3984,0.0733,1.401
11.702312069,0.0261,1.3974,0.0792,1.400
11.703309646,0.0252,1.3923,0.0892,1.395
11.704159569,0.0235,1.3864,0.0965,1.390
11.705162492,0.0220,1.3823,0.0982,1.386
11.705932454,0.0173,1.3713,0.0987,1.375
11.708357454,0.0129,1.3647,0.0950,1.368
11.709856338,0.0100,1.3508,0.0916,1.354
11.71100153,0.0032,1.3329,0.0796,1.335
11.713099377,0.0007,1.3246,0.0730,1.327
11.7150878,-0.0015,1.3041,0.0569,1.305
11.718631761,-0.0059,1.2811,0.0415,1.282
11.720237146,-0.0056,1.2692,0.0320,1.270
11.7216413,-0.0054,1.2455,0.0107,1.246
11.722814338,-0.0015,1.2340,-0.0090,1.234
11.7249813,0.0012,1.2098,-0.0186,1.210
11.726661377,0.0066,1.1846,-0.0379,1.185
11.728964838,0.0100,1.1717,-0.0476,1.173
11.730672415,0.0195,1.1470,-0.0647,1.149
11.735251684,0.0303,1.1214,-0.0794,1.125
11.736953915,0.0362,1.1072,-0.0867,1.111
11.737892377,0.0469,1.0815,-0.1014,1.087
11.73909253,0.0603,1.0544,-0.1141,1.062
11.740478338,0.0679,1.0415,-0.1192,1.050
11.742488723,0.0833,1.0144,-0.1285,1.026
11.744728223,0.0899,1.0017,-0.1327,1.014
11.746534223,0.1041,0.9777,-0.1383,0.993
11.748536838,0.1190,0.9543,-0.1437,0.972
11.751479953,0.1253,0.9433,-0.1444,0.962
11.753078838,0.1344,0.9213,-0.1473,0.943
11.754393107,0.1459,0.9115,-0.1490,0.935
11.756808184,0.1507,0.8944,-0.1498,0.919
11.758263684,0.1595,0.8795,-0.1529,0.907
11.760831992,0.1634,0.8719,-0.1524,0.900
11.762366877,0.1705,0.8580,-0.1507,0.888
11.764331723,0.1774,0.8492,-0.1495,0.880
11.768147492,0.1793,0.8473,-0.1490,0.879
11.769699453,0.1805,0.8446,-0.1451,0.876
11.77083853,0.1808,0.8407,-0.1410,0.871
11.772054838,0.1803,0.8402,-0.1380,0.870
11.774110415,0.1791,0.8426,-0.1312,0.871
11.776240338,0.1764,0.8448,-0.1266,0.872
11.778082684,0.1698,0.8499,-0.1187,0.875
11.779979953,0.1620,0.8575,-0.1094,0.880
11.781946723,0.1583,0.8607,-0.1038,0.881
11.794802992,0.1532,0.8675,-0.0943,0.886
11.796594646,0.1466,0.8714,-0.0897,0.888
11.79791053,0.1439,0.8805,-0.0787,0.896
11.799212146,0.1371,0.8917,-0.0677,0.905
11.800953069,0.1341,0.8973,-0.0611,0.909
11.80152753,0.1300,0.9056,-0.0486,0.916
11.8020688,0.1275,0.9152,-0.0408,0.925
11.802534492,0.1268,0.9183,-0.0364,0.928
11.803018492,0.1266,0.9269,-0.0288,0.936
11.803496646,0.1253,0.9298,-0.0257,0.939
11.8040748,0.1275,0.9364,-0.0222,0.945
11.819661069,0.1329,0.9406,-0.0235,0.950
11.821005838,0.1339,0.9425,-0.0244,0.952
11.821465069,0.1361,0.9477,-0.0266,0.958
11.821869146,0.1407,0.9479,-0.0286,0.959
11.822658415,0.1424,0.9464,-0.0320,0.958
11.823045261,0.1461,0.9464,-0.0398,0.958
11.8234468,0.1483,0.9450,-0.0462,0.958
11.8238568,0.1500,0.9398,-0.0506,0.953
11.824233146,0.1534,0.9357,-0.0572,0.950
11.824597453,0.1544,0.9335,-0.0606,0.948
11.825237953,0.1529,0.9279,-0.0677,0.943
11.82706853,0.1515,0.9232,-0.0738,0.938
11.829163992,0.1490,0.9208,-0.0772,0.936
11.831145492,0.1451,0.9147,-0.0823,0.930
11.834181184,0.1432,0.9115,-0.0848,0.927
11.835613876,0.1366,0.9054,-0.0897,0.920
11.837072261,0.1287,0.9012,-0.0931,0.915
11.839041376,0.1241,0.8986,-0.0953,0.912
11.840970107,0.1148,0.8934,-0.0963,0.906
11.842815146,0.1063,0.8885,-0.0967,0.900
11.844929146,0.1009,0.8859,-0.0963,0.897
11.846650376,0.0921,0.8810,-0.0950,0.891
11.848979684,0.0882,0.8788,-0.0950,0.888
11.851004761,0.0794,0.8751,-0.0909,0.883
11.852803376,0.0716,0.8722,-0.0860,0.879
11.854784723,0.0674,0.8714,-0.0831,0.878
11.856642492,0.0603,0.8675,-0.0779,0.873
11.858812069,0.0562,0.8653,-0.0723,0.870
11.861800761,0.0533,0.8639,-0.0684,0.868
11.862518338,0.0491,0.8612,-0.0589,0.865
11.864526146,0.0474,0.8597,-0.0545,0.863
11.867807146,0.0445,0.8582,-0.0464,0.861
11.869091569,0.0403,0.8558,-0.0354,0.857
11.870516107,0.0388,0.8551,-0.0293,0.856
11.87285903,0.0366,0.8539,-0.0161,0.855
11.874381838,0.0340,0.8543,-0.0044,0.855
11.876535646,0.0340,0.8548,0.0010,0.856
11.878427607,0.0340,0.8534,0.0117,0.854
11.880610953,0.0347,0.8509,0.0242,0.852
11.88259403,0.0347,0.8497,0.0310,0.851
11.8949868,0.0366,0.8463,0.0401,0.848
11.896664607,0.0386,0.8451,0.0445,0.847
11.89760153,0.0396,0.8451,0.0535,0.848
11.898786761,0.0423,0.8429,0.0608,0.846
11.900038915,0.0445,0.8429,0.0643,0.846
11.901167684,0.0467,0.8416,0.0689,0.846
11.90231303,0.0496,0.8411,0.0733,0.846
11.90330803,0.0518,0.8397,0.0735,0.844
11.904631646,0.0557,0.8392,0.0772,0.845
11.905673761,0.0579,0.8397,0.0784,0.845
11.906804338,0.0606,0.8389,0.0779,0.845
11.907650876,0.0628,0.8387,0.0770,0.845
11.90856253,0.0655,0.8389,0.0757,0.845
11.922435953,0.0679,0.8399,0.0740,0.846
11.924273915,0.0711,0.8407,0.0718,0.847
11.925152184,0.0716,0.8419,0.0701,0.848
11.926374684,0.0730,0.8441,0.0655,0.850
11.927665646,0.0748,0.8443,0.0621,0.850
11.9289073,0.0740,0.8446,0.0569,0.850
11.93025553,0.0721,0.8475,0.0533,0.852
11.931092453,0.0713,0.8480,0.0508,0.852
11.932596992,0.0704,0.8492,0.0447,0.853
11.9337088,0.0699,0.8517,0.0406,0.855
11.934811184,0.0696,0.8514,0.0384,0.855
11.936114492,0.0674,0.8524,0.0320,0.856
11.936965338,0.0662,0.8531,0.0293,0.856
11.937894376,0.0647,0.8507,0.0225,0.853
11.938999569,0.0630,0.8499,0.0159,0.852
11.940122953,0.0616,0.8492,0.0134,0.852
11.94261753,0.0601,0.8482,0.0061,0.850
11.944334876,0.0594,0.8475,0.0022,0.850
11.94871503,0.0599,0.8453,-0.0024,0.847
11.949945261,0.0577,0.8438,-0.0086,0.846
11.950973184,0.0572,0.8438,-0.0129,0.846
11.952401992,0.0564,0.8426,-0.0181,0.845
11.953492915,0.0567,0.8414,-0.0215,0.844
11.956055915,0.0569,0.8416,-0.0244,0.844
11.957627684,0.0564,0.8409,-0.0293,0.843
11.959175876,0.0552,0.8399,-0.0337,0.842
11.961274838,0.0552,0.8402,-0.0354,0.843
11.963185299,0.0562,0.8389,-0.0369,0.842
11.965261684,0.0559,0.8394,-0.0359,0.842
11.969999838,0.0564,0.8394,-0.0335,0.842
11.970548799,0.0579,0.8387,-0.0320,0.841
11.970800569,0.0584,0.8377,-0.0305,0.840
11.973290799,0.0596,0.8367,-0.0288,0.839
11.974971838,0.0633,0.8382,-0.0235,0.841
11.976977953,0.0635,0.8372,-0.0203,0.840
11.979629415,0.0669,0.8370,-0.0137,0.840
11.980858761,0.0677,0.8375,-0.0120,0.840
11.982910684,0.0689,0.8367,-0.0110,0.840
11.995890723,0.0708,0.8367,-0.0090,0.840
11.997170069,0.0716,0.8363,-0.0081,0.839
11.998002799,0.0740,0.8367,-0.0051,0.840
11.998908838,0.0762,0.8372,-0.0024,0.841
11.999902838,0.0770,0.8363,-0.0017,0.840
12.000812799,0.0804,0.8363,-0.0005,0.840
12.001868376,0.0831,0.8363,0.0012,0.840
12.002979569,0.0838,0.8372,0.0020,0.841
12.003961492,0.0845,0.8377,0.0046,0.842
12.00497403,0.0858,0.8375,0.0064,0.842
12.005689646,0.0850,0.8370,0.0064,0.841
12.006490107,0.0855,0.8365,0.0076,0.841
12.008687646,0.0855,0.8355,0.0064,0.840
12.010502723,0.0875,0.8355,0.0076,0.840
12.012653723,0.0901,0.8346,0.0081,0.839
12.014370838,0.0931,0.8336,0.0093,0.839
12.018230953,0.0955,0.8341,0.0105,0.840
12.020012338,0.0992,0.8343,0.0125,0.840
12.022225069,0.1053,0.8338,0.0154,0.841
12.023496338,0.1112,0.8346,0.0203,0.842
12.024883223,0.1146,0.8336,0.0217,0.842
12.026371761,0.1197,0.8350,0.0276,0.844
12.028505723,0.1226,0.8346,0.0318,0.844
12.030342876,0.1287,0.8333,0.0396,0.844
12.032201338,0.1361,0.8324,0.0457,0.845
12.036406146,0.1390,0.8319,0.0496,0.845
12.03802603,0.1454,0.8292,0.0552,0.844
12.039490146,0.1510,0.8262,0.0603,0.842
12.040831992,0.1539,0.8255,0.0635,0.842
12.042083876,0.1586,0.8255,0.0677,0.843
12.044138299,0.1620,0.8253,0.0704,0.844
12.045871876,0.1691,0.8243,0.0713,0.844
12.047936607,0.1779,0.8228,0.0740,0.845
12.051532376,0.1808,0.8214,0.0733,0.844
12.053144992,0.1867,0.8226,0.0770,0.847
12.05420803,0.1940,0.8221,0.0779,0.848
12.055668299,0.1981,0.8223,0.0789,0.850
12.057842415,0.2038,0.8233,0.0792,0.852
12.05966403,0.2060,0.8253,0.0787,0.854
12.061859453,0.2121,0.8306,0.0762,0.861
12.063550722,0.2162,0.8346,0.0760,0.865
12.065896876,0.2172,0.8365,0.0752,0.868
12.069343146,0.2201,0.8414,0.0745,0.873
12.070747184,0.2221,0.8475,0.0728,0.879
12.072610453,0.2221,0.8512,0.0711,0.883
12.076367338,0.2216,0.8570,0.0689,0.888
12.077376069,0.2209,0.8597,0.0674,0.890
12.078330299,0.2194,0.8668,0.0647,0.896
12.079363376,0.2189,0.8717,0.0647,0.901
12.081614453,0.2189,0.8734,0.0645,0.903
12.091943069,0.2162,0.8788,0.0640,0.907
12.093439261,0.2113,0.8824,0.0618,0.909
12.094327184,0.2103,0.8849,0.0608,0.912
12.095401992,0.2086,0.8890,0.0596,0.915
12.096539261,0.2069,0.8915,0.0594,0.917
12.097538838,0.2020,0.8966,0.0596,0.921
12.098268838,0.1986,0.8995,0.0586,0.923
12.09924303,0.1967,0.9000,0.0579,0.923
12.100386261,0.1942,0.9015,0.0579,0.924
12.11782303,0.1903,0.9052,0.0584,0.927
12.119169953,0.1884,0.9064,0.0584,0.928
12.120063646,0.1864,0.9069,0.0567,0.928
12.120859607,0.1849,0.9076,0.0562,0.928
12.121695992,0.1837,0.9088,0.0572,0.929
12.122635338,0.1820,0.9103,0.0574,0.930
12.123677376,0.1823,0.9105,0.0586,0.930
12.124671376,0.1779,0.9115,0.0599,0.931
12.12548153,0.1744,0.9118,0.0621,0.930
12.126147992,0.1727,0.9118,0.0616,0.930
12.127001261,0.1710,0.9108,0.0621,0.929
12.127668569,0.1708,0.9103,0.0638,0.928
12.12889103,0.1681,0.9120,0.0672,0.930
12.129813069,0.1666,0.9105,0.0711,0.928
12.130841915,0.1669,0.9098,0.0716,0.928
12.131634799,0.1673,0.9103,0.0750,0.929
12.132628607,0.1652,0.9100,0.0782,0.928
12.136204953,0.1647,0.9088,0.0809,0.927
12.137531492,0.1654,0.9088,0.0853,0.928
12.138552338,0.1652,0.9086,0.0884,0.928
12.140595453,0.1676,0.9088,0.0923,0.929
12.14237303,0.1691,0.9096,0.0960,0.930
12.144436953,0.1703,0.9103,0.0982,0.931
12.146429261,0.1732,0.9093,0.1016,0.931
12.148326876,0.1747,0.9081,0.1041,0.931
12.151570222,0.1766,0.9059,0.1073,0.929
12.152944415,0.1796,0.9037,0.1102,0.928
12.154477992,0.1805,0.9047,0.1121,0.929
12.156293107,0.1796,0.9047,0.1134,0.929
12.158131299,0.1805,0.9039,0.1146,0.929
12.160173915,0.1803,0.9034,0.1153,0.928
12.162027184,0.1808,0.9015,0.1178,0.927
12.163969569,0.1803,0.9010,0.1192,0.927
12.166175645,0.1793,0.9039,0.1207,0.929
12.168906453,0.1798,0.9047,0.1248,0.931
12.170310607,0.1803,0.9044,0.1253,0.931
12.172330184,0.1803,0.9056,0.1273,0.932
12.174162799,0.1783,0.9056,0.1270,0.932
12.176119222,0.1771,0.9056,0.1280,0.932
12.178511492,0.1749,0.9071,0.1305,0.933
12.179973915,0.1744,0.9086,0.1307,0.934
12.181966376,0.1735,0.9103,0.1317,0.936
12.191871453,0.1717,0.9127,0.1344,0.938
12.193260376,0.1717,0.9139,0.1346,0.940
12.194546569,0.1698,0.9142,0.1368,0.940
12.195711492,0.1683,0.9166,0.1366,0.942
12.19673253,0.1673,0.9181,0.1371,0.943
12.197798492,0.1656,0.9191,0.1385,0.944
12.19868203,0.1652,0.9218,0.1378,0.947
12.199975338,0.1649,0.9220,0.1363,0.947
12.200451838,0.1634,0.9235,0.1368,0.948
12.236455915,0.1634,0.9237,0.1356,0.948
12.237186261,0.1625,0.9271,0.1334,0.951
12.237486607,0.1622,0.9311,0.1314,0.954
12.238049953,0.1627,0.9315,0.1295,0.954
12.238296722,0.1644,0.9359,0.1290,0.959
12.238549799,0.1637,0.9403,0.1268,0.963
12.238793453,0.1642,0.9428,0.1248,0.965
12.239033376,0.1647,0.9486,0.1226,0.971
12.239266338,0.1652,0.9516,0.1219,0.973
12.239496492,0.1664,0.9569,0.1204,0.979
12.246615107,0.1649,0.9621,0.1156,0.983
12.247114222,0.1652,0.9643,0.1146,0.985
12.247388761,0.1652,0.9662,0.1148,0.987
12.247640222,0.1661,0.9670,0.1158,0.988
12.247957915,0.1659,0.9706,0.1158,0.991
12.248177722,0.1652,0.9728,0.1134,0.993
12.248408838,0.1642,0.9743,0.1138,0.995
12.248645992,0.1637,0.9758,0.1165,0.996
12.248872953,0.1634,0.9787,0.1156,0.999
12.249083799,0.1625,0.9792,0.1163,0.999
12.249310222,0.1637,0.9792,0.1190,1.000
12.249544915,0.1639,0.9789,0.1224,1.000
12.249789107,0.1627,0.9782,0.1229,0.999
12.250014722,0.1630,0.9780,0.1256,0.999
12.250256953,0.1634,0.9762,0.1275,0.998
12.252164876,0.1627,0.9731,0.1309,0.995
12.252807761,0.1615,0.9701,0.1363,0.993
12.254660222,0.1610,0.9689,0.1388,0.992
12.256760607,0.1620,0.9679,0.1417,0.992
12.258425261,0.1630,0.9665,0.1439,0.991
12.260770068,0.1610,0.9640,0.1483,0.989
12.262647761,0.1620,0.9631,0.1546,0.989
12.264821568,0.1608,0.9618,0.1568,0.988
12.269389799,0.1586,0.9589,0.1615,0.985
12.270035376,0.1573,0.9565,0.1637,0.983
12.270302568,0.1559,0.9550,0.1647,0.982
12.272830492,0.1537,0.9526,0.1695,0.980
12.274317645,0.1527,0.9511,0.1700,0.978
12.276531299,0.1517,0.9494,0.1725,0.977
12.278302222,0.1505,0.9460,0.1727,0.973
12.280786568,0.1507,0.9455,0.1715,0.973
12.282048376,0.1488,0.9440,0.1727,0.971
12.287629184,0.1478,0.9416,0.1742,0.969
12.288252145,0.1463,0.9406,0.1732,0.968
12.288505415,0.1468,0.9398,0.1688,0.966
12.29354453,0.1471,0.9398,0.1669,0.966
12.293917684,0.1473,0.9401,0.1647,0.966
12.294169568,0.1473,0.9433,0.1639,0.969
12.296272645,0.1490,0.9440,0.1632,0.970
12.298250722,0.1546,0.9452,0.1615,0.971
12.300327838,0.1583,0.9482,0.1608,0.975
12.313989107,0.1603,0.9491,0.1608,0.976
12.314644568,0.1644,0.9506,0.1612,0.978
12.314892838,0.1661,0.9521,0.1612,0.980
12.315132838,0.1705,0.9567,0.1615,0.985
12.315366107,0.1752,0.9618,0.1627,0.991
12.315600992,0.1769,0.9638,0.1639,0.994
12.31590003,0.1823,0.9670,0.1666,0.998
12.316130338,0.1876,0.9699,0.1671,1.002
12.32273053,0.1903,0.9714,0.1661,1.004
12.323423299,0.1937,0.9750,0.1652,1.008
12.323706415,0.1959,0.9770,0.1644,1.010
12.324012876,0.1998,0.9824,0.1620,1.015
12.325393645,0.2038,0.9875,0.1605,1.021
12.327649722,0.2055,0.9897,0.1590,1.023
12.329353992,0.2094,0.9958,0.1561,1.029
12.331287184,0.2125,0.9995,0.1537,1.033
12.333296415,0.2145,1.0017,0.1534,1.036
12.340312415,0.2182,1.0073,0.1507,1.042
12.340851453,0.2201,1.0100,0.1490,1.044
12.341147261,0.2253,1.0141,0.1454,1.049
12.34145053,0.2270,1.0163,0.1417,1.051
12.343535838,0.2287,1.0168,0.1410,1.052
12.345232992,0.2323,1.0210,0.1393,1.056
12.346992299,0.2338,1.0229,0.1356,1.058
12.349094799,0.2340,1.0239,0.1349,1.059
12.355439568,0.2343,1.0256,0.1339,1.061
12.356294915,0.2348,1.0261,0.1334,1.061
12.356679453,0.2345,1.0266,0.1334,1.061
12.362051107,0.2360,1.0263,0.1317,1.061
12.362535261,0.2372,1.0263,0.1309,1.061
12.362842261,0.2367,1.0273,0.1329,1.063
12.363153453,0.2372,1.0273,0.1331,1.063
12.366234915,0.2362,1.0278,0.1349,1.063
12.366786184,0.2348,1.0319,0.1390,1.067
12.373450261,0.2331,1.0334,0.1417,1.069
12.374048107,0.2282,1.0366,0.1463,1.071
12.374295338,0.2235,1.0429,0.1515,1.077
12.374772722,0.2218,1.0464,0.1539,1.081
12.376514299,0.2169,1.0544,0.1588,1.088
12.378645068,0.2128,1.0635,0.1654,1.097
12.380605761,0.2103,1.0676,0.1688,1.101
12.38257553,0.2074,1.0776,0.1737,1.111
12.385275107,0.2050,1.0830,0.1761,1.116
12.386754415,0.1994,1.0923,0.1820,1.125
12.388561838,0.1923,1.1011,0.1852,1.133
12.390661799,0.1903,1.1050,0.1869,1.137
12.392511953,0.1874,1.1143,0.1906,1.146
12.394524299,0.1845,1.1214,0.1940,1.153
12.396540991,0.1830,1.1233,0.1947,1.155
12.398559415,0.1783,1.1275,0.1947,1.158
12.402167415,0.1761,1.1275,0.1964,1.158
12.402682991,0.1730,1.1287,0.1959,1.159
12.40582853,0.1710,1.1311,0.1954,1.161
12.406536991,0.1693,1.1292,0.1954,1.158
12.408417607,0.1652,1.1248,0.1945,1.153
12.410491799,0.1595,1.1216,0.1923,1.149
12.412306261,0.1581,1.1182,0.1908,1.145
12.414426607,0.1583,1.1118,0.1871,1.139
12.416277415,0.1556,1.1082,0.1859,1.134
12.419983491,0.1527,1.0994,0.1813,1.125
12.42073903,0.1522,1.0906,0.1752,1.115
12.425346915,0.1512,1.0862,0.1708,1.110
12.42581653,0.1500,1.0774,0.1622,1.100
12.426502568,0.1493,1.0688,0.1512,1.090
12.428200491,0.1490,1.0647,0.1468,1.085
12.430111415,0.1502,1.0591,0.1383,1.079
12.431851953,0.1510,1.0554,0.1329,1.074
12.43647953,0.1524,1.0503,0.1224,1.068
12.440883991,0.1542,1.0434,0.1126,1.061
12.44127253,0.1537,1.0410,0.1070,1.058
12.441511453,0.1554,1.0373,0.0958,1.053
12.441750838,0.1571,1.0346,0.0838,1.050
12.447671838,0.1568,1.0344,0.0777,1.049
12.448141568,0.1578,1.0315,0.0667,1.046
12.448397107,0.1576,1.0305,0.0603,1.044
12.449715068,0.1576,1.0322,0.0496,1.045
12.452550761,0.1578,1.0344,0.0359,1.047
12.453820145,0.1576,1.0376,0.0305,1.050
12.456607491,0.1578,1.0437,0.0181,1.056
12.457649722,0.1549,1.0495,0.0076,1.061
12.459442838,0.1537,1.0537,0.0012,1.065
12.461550376,0.1539,1.0603,-0.0105,1.071
12.463388838,0.1529,1.0640,-0.0156,1.075
12.465401991,0.1512,1.0735,-0.0239,1.084
12.471311107,0.1488,1.0835,-0.0310,1.094
12.471977915,0.1485,1.0869,-0.0330,1.098
12.472233145,0.1476,1.0964,-0.0364,1.107
12.47346853,0.1454,1.1094,-0.0349,1.119
12.475414876,0.1441,1.1175,-0.0344,1.127
12.477671338,0.1434,1.1304,-0.0300,1.140
12.479441453,0.1412,1.1370,-0.0261,1.146
12.481302184,0.1410,1.1509,-0.0173,1.160
12.483392684,0.1397,1.1661,-0.0068,1.174
12.497700568,0.1375,1.1739,-0.0015,1.182
12.498373068,0.1383,1.1895,0.0103,1.198
12.498639338,0.1366,1.2047,0.0242,1.213
12.498896184,0.1361,1.2120,0.0308,1.220
12.499154607,0.1390,1.2279,0.0476,1.237
12.499396876,0.1444,1.2347,0.0657,1.245
12.499642876,0.1466,1.2486,0.0726,1.259
12.499956761,0.1554,1.2640,0.0906,1.277
12.510197991,0.1576,1.2714,0.0994,1.285
12.511449722,0.1649,1.2841,0.1192,1.300
12.512072876,0.1749,1.2982,0.1361,1.317
12.512515453,0.1783,1.3039,0.1449,1.324
12.513172491,0.1879,1.3146,0.1598,1.338
12.513565184,0.1974,1.3251,0.1722,1.351
12.513942761,0.2016,1.3298,0.1771,1.357
12.514882991,0.2108,1.3373,0.1893,1.367
12.517110338,0.2165,1.3408,0.1947,1.372
12.519872645,0.2250,1.3483,0.2035,1.382
12.520768414,0.2321,1.3559,0.2096,1.391
12.522638645,0.2358,1.3593,0.2138,1.396
12.525032376,0.2455,1.3637,0.2165,1.402
12.526569568,0.2526,1.3642,0.2162,1.404
12.529023645,0.2546,1.3669,0.2152,1.407
12.530685414,0.2563,1.3666,0.2128,1.407
12.532819068,0.2570,1.3662,0.2101,1.406
12.536088376,0.2570,1.3642,0.2018,1.403
12.537773876,0.2551,1.3615,0.1915,1.398
12.538369338,0.2524,1.3586,0.1845,1.394
12.540516376,0.2470,1.3520,0.1686,1.385
12.542172261,0.2431,1.3476,0.1600,1.379
12.544420184,0.2358,1.3378,0.1407,1.366
12.546441338,0.2265,1.3285,0.1182,1.353
12.548299299,0.2218,1.3239,0.1051,1.346
12.550231914,0.2108,1.3139,0.0801,1.333
12.552217338,0.2016,1.3029,0.0525,1.319
12.554209991,0.1972,1.2965,0.0388,1.312
12.556411222,0.1857,1.2865,0.0117,1.300
12.558117491,0.1803,1.2807,-0.0032,1.293
12.559948838,0.1688,1.2699,-0.0305,1.281
12.562150414,0.1568,1.2596,-0.0589,1.271
12.564047991,0.1510,1.2538,-0.0718,1.265
12.566067953,0.1400,1.2445,-0.0967,1.256
12.571448184,0.1287,1.2345,-0.1212,1.247
12.572065338,0.1229,1.2296,-0.1317,1.243
12.572319145,0.1136,1.2201,-0.1522,1.235
12.576467222,0.1019,1.2096,-0.1693,1.226
12.576740068,0.0950,1.2052,-0.1776,1.222
12.577985607,0.0848,1.1981,-0.1874,1.216
12.579784991,0.0809,1.1939,-0.1925,1.212
12.581765145,0.0721,1.1851,-0.1994,1.204
12.583848491,0.0630,1.1766,-0.2040,1.196
12.594361953,0.0579,1.1729,-0.2050,1.192
12.595023184,0.0464,1.1636,-0.2045,1.182
12.595484837,0.0420,1.1587,-0.2033,1.177
12.595725799,0.0340,1.1495,-0.2003,1.167
12.595990607,0.0271,1.1399,-0.1964,1.157
12.596228222,0.0237,1.1350,-0.1942,1.152
12.597348107,0.0171,1.1238,-0.1886,1.140
12.599325222,0.0112,1.1128,-0.1803,1.127
12.602599799,0.0090,1.1062,-0.1769,1.120
12.603474414,0.0054,1.0938,-0.1703,1.107
12.605439376,0.0049,1.0881,-0.1659,1.101
12.607383568,0.0034,1.0784,-0.1564,1.090
12.609398184,-0.0005,1.0686,-0.1466,1.079
12.611475414,-0.0017,1.0630,-0.1412,1.072
12.613379568,-0.0034,1.0530,-0.1305,1.061
12.61526253,-0.0064,1.0439,-0.1204,1.051
12.617164722,-0.0081,1.0393,-0.1151,1.046
12.619332068,-0.0090,1.0322,-0.1029,1.037
12.621299722,-0.0095,1.0280,-0.0975,1.033
12.623126645,-0.0117,1.0185,-0.0880,1.022
12.624937876,-0.0154,1.0102,-0.0767,1.013
12.626969145,-0.0161,1.0078,-0.0721,1.010
12.628919068,-0.0166,1.0046,-0.0640,1.007
12.630922876,-0.0181,0.9999,-0.0569,1.002
12.632969299,-0.0200,0.9977,-0.0535,0.999
12.635277107,-0.0213,0.9975,-0.0462,0.999
12.637629568,-0.0208,0.9977,-0.0428,0.999
12.639056645,-0.0215,0.9987,-0.0364,1.000
12.64091403,-0.0232,1.0002,-0.0286,1.001
12.642914222,-0.0235,1.0012,-0.0259,1.002
12.644921761,-0.0257,1.0068,-0.0227,1.007
12.646918414,-0.0261,1.0134,-0.0200,1.014
12.648808645,-0.0254,1.0185,-0.0217,1.019
12.650931799,-0.0266,1.0268,-0.0215,1.027
12.654456876,-0.0271,1.0312,-0.0222,1.032
12.655938414,-0.0264,1.0410,-0.0252,1.042
12.657043568,-0.0259,1.0512,-0.0303,1.052
12.658692645,-0.0254,1.0564,-0.0315,1.057
12.660655299,-0.0244,1.0664,-0.0374,1.067
12.662702414,-0.0220,1.0774,-0.0447,1.079
12.664627568,-0.0225,1.0833,-0.0484,1.085
12.666802299,-0.0200,1.0916,-0.0552,1.093
12.669911261,-0.0186,1.0952,-0.0579,1.097
12.671449222,-0.0149,1.1006,-0.0655,1.103
12.67272003,-0.0127,1.1057,-0.0694,1.108
12.674695414,-0.0115,1.1077,-0.0721,1.110
12.676553837,-0.0083,1.1106,-0.0774,1.113
12.678631684,-0.0066,1.1121,-0.0809,1.115
12.680559991,-0.0059,1.1118,-0.0816,1.115
12.682630837,-0.0046,1.1089,-0.0858,1.112
12.69308176,-0.0046,1.1072,-0.0875,1.111
12.694545145,-0.0022,1.1030,-0.0862,1.106
12.695489184,-0.0015,1.0989,-0.0855,1.102
12.696656376,-0.0015,1.0955,-0.0855,1.099
12.697627876,-0.0029,1.0891,-0.0843,1.092
12.698613337,-0.0020,1.0803,-0.0779,1.083
12.699912645,-0.0015,1.0759,-0.0752,1.079
12.70108253,-0.0015,1.0684,-0.0696,1.071
12.702039299,-0.0020,1.0649,-0.0657,1.067
12.702928222,-0.0024,1.0574,-0.0579,1.059
12.719186107,-0.0044,1.0493,-0.0506,1.051
12.721380607,-0.0054,1.0442,-0.0457,1.045
12.722887068,-0.0068,1.0329,-0.0354,1.034
12.724541414,-0.0083,1.0217,-0.0247,1.022
12.72601226,-0.0090,1.0161,-0.0208,1.016
12.727439337,-0.0093,1.0043,-0.0137,1.004
12.729166107,-0.0081,0.9980,-0.0103,0.998
12.730550068,-0.0090,0.9836,-0.0015,0.984
12.731990299,-0.0103,0.9694,0.0061,0.969
12.733196491,-0.0100,0.9633,0.0105,0.963
12.734818337,-0.0105,0.9521,0.0161,0.952
12.736934876,-0.0088,0.9394,0.0213,0.940
12.738006837,-0.0076,0.9335,0.0232,0.934
12.739047568,-0.0056,0.9240,0.0271,0.924
12.74027626,-0.0042,0.9183,0.0293,0.919
12.741236645,0.0002,0.9091,0.0308,0.910
12.742175607,0.0042,0.8993,0.0308,0.900
12.743079722,0.0064,0.8939,0.0320,0.895
12.744665222,0.0107,0.8859,0.0325,0.887
12.74504626,0.0156,0.8797,0.0340,0.881
12.745347184,0.0191,0.8773,0.0330,0.878
12.745652799,0.0230,0.8712,0.0337,0.872
12.747466722,0.0249,0.8685,0.0340,0.870
12.74957226,0.0296,0.8639,0.0354,0.865
12.751364491,0.0337,0.8585,0.0369,0.860
12.759204876,0.0349,0.8565,0.0379,0.858
12.75988726,0.0366,0.8529,0.0369,0.854
12.76025876,0.0381,0.8487,0.0364,0.850
12.76059976,0.0398,0.8465,0.0379,0.848
12.76148653,0.0415,0.8419,0.0398,0.844
12.76335503,0.0413,0.8407,0.0410,0.843
12.765280184,0.0428,0.8375,0.0408,0.840
12.766931645,0.0423,0.8333,0.0415,0.835
12.773218376,0.0418,0.8314,0.0415,0.833
12.773952376,0.0393,0.8287,0.0415,0.831
12.774315568,0.0366,0.8250,0.0418,0.827
12.775267107,0.0362,0.8233,0.0408,0.825
12.77734103,0.0357,0.8192,0.0388,0.821
12.778958453,0.0344,0.8167,0.0384,0.818
12.780913684,0.0318,0.8145,0.0374,0.816
12.782758491,0.0303,0.8109,0.0379,0.812
12.800220568,0.0298,0.8091,0.0374,0.811
12.802187914,0.0283,0.8035,0.0354,0.805
12.803533068,0.0271,0.8008,0.0359,0.802
12.806456722,0.0264,0.7977,0.0349,0.799
12.807939722,0.0261,0.7938,0.0344,0.795
12.80910703,0.0254,0.7918,0.0357,0.793
12.81035053,0.0249,0.7869,0.0362,0.788
12.81151353,0.0237,0.7832,0.0342,0.784
12.812671683,0.0232,0.7815,0.0337,0.783
12.813500145,0.0213,0.7803,0.0354,0.781
12.81456553,0.0198,0.7798,0.0352,0.781
12.815455299,0.0200,0.7793,0.0340,0.780
12.816754568,0.0178,0.7769,0.0335,0.778
12.818091453,0.0156,0.7769,0.0344,0.778
12.819116145,0.0134,0.7747,0.0347,0.776
12.820559145,0.0134,0.7752,0.0322,0.776
12.821414914,0.0127,0.7745,0.0330,0.775
12.822432414,0.0132,0.7742,0.0330,0.775
12.823176107,0.0154,0.7745,0.0332,0.775
12.824384107,0.0156,0.7730,0.0342,0.774
12.825171837,0.0156,0.7735,0.0349,0.774
12.826047568,0.0159,0.7747,0.0342,0.776
12.828633107,0.0173,0.7732,0.0340,0.774
12.830035568,0.0186,0.7745,0.0344,0.775
12.832140799,0.0186,0.7752,0.0354,0.776
12.833872376,0.0213,0.7764,0.0369,0.778
12.835603645,0.0237,0.7769,0.0376,0.778
12.838889376,0.0247,0.7779,0.0364,0.779
12.839650837,0.0249,0.7806,0.0366,0.782
12.841746722,0.0254,0.7815,0.0369,0.783
12.843431145,0.0239,0.7803,0.0354,0.781
12.845506991,0.0227,0.7796,0.0352,0.781
12.847609876,0.0232,0.7788,0.0352,0.780
12.849674876,0.0237,0.7784,0.0293,0.779
12.852888876,0.0227,0.7793,0.0271,0.780
12.853581222,0.0210,0.7798,0.0247,0.780
12.855651222,0.0193,0.7779,0.0203,0.778
12.857839183,0.0188,0.7784,0.0169,0.779
12.859564222,0.0156,0.7764,0.0110,0.777
12.861721107,0.0127,0.7764,0.0071,0.777
12.863612953,0.0107,0.7754,0.0056,0.776
12.865421068,0.0090,0.7742,0.0042,0.774
12.867370914,0.0083,0.7754,0.0017,0.775
12.870404837,0.0095,0.7766,-0.0037,0.777
12.872632453,0.0078,0.7771,-0.0046,0.777
12.873467068,0.0083,0.7779,-0.0064,0.778
12.875141337,0.0086,0.7798,-0.0073,0.780
12.877228607,0.0088,0.7815,-0.0068,0.782
12.87928103,0.0098,0.7830,-0.0066,0.783
12.881302568,0.0098,0.7842,-0.0066,0.784
12.88298453,0.0105,0.7845,-0.0064,0.785
12.89292703,0.0100,0.7874,-0.0049,0.787
12.894101953,0.0139,0.7884,-0.0049,0.789
12.894897068,0.0147,0.7896,-0.0037,0.790
12.895685222,0.0166,0.7928,-0.0007,0.793
12.896546068,0.0183,0.7940,0.0012,0.794
12.897302453,0.0198,0.7947,0.0010,0.795
12.900601953,0.0220,0.7979,0.0022,0.798
12.901578491,0.0239,0.7999,0.0010,0.800
12.902406453,0.0264,0.8035,-0.0002,0.804
12.90344526,0.0279,0.8067,0.0022,0.807
12.918971876,0.0288,0.8084,0.0020,0.809
12.920683645,0.0288,0.8094,-0.0010,0.810
12.921812606,0.0296,0.8121,-0.0032,0.813
12.922917068,0.0296,0.8150,-0.0039,0.816
12.923927491,0.0298,0.8189,-0.0054,0.819
12.925141491,0.0288,0.8194,-0.0066,0.820
12.926283953,0.0281,0.8218,-0.0066,0.822
12.927417683,0.0269,0.8253,-0.0059,0.826
12.928745914,0.0259,0.8272,-0.0054,0.828
12.929538991,0.0230,0.8311,-0.0066,0.831
12.930286914,0.0222,0.8372,-0.0068,0.838
12.931160222,0.0198,0.8382,-0.0073,0.838
12.931938491,0.0173,0.8414,-0.0078,0.842
12.93298503,0.0186,0.8436,-0.0076,0.844
12.933651683,0.0159,0.8475,-0.0068,0.848
12.934652568,0.0127,0.8512,-0.0037,0.851
12.937707683,0.0115,0.8541,-0.0029,0.854
12.939187722,0.0081,0.8578,-0.0010,0.858
12.943794106,0.0056,0.8622,0.0049,0.862
12.945031337,0.0039,0.8626,0.0068,0.863
12.945746914,-0.0005,0.8641,0.0129,0.864
12.946728145,-0.0032,0.8673,0.0166,0.867
12.948307453,-0.0095,0.8697,0.0222,0.870
12.950523722,-0.0137,0.8729,0.0291,0.873
12.953733683,-0.0173,0.8744,0.0340,0.875
12.955216799,-0.0237,0.8758,0.0398,0.877
12.95648203,-0.0313,0.8778,0.0484,0.880
12.958492376,-0.0344,0.8771,0.0523,0.879
12.960105568,-0.0391,0.8780,0.0628,0.881
12.962088491,-0.0418,0.8783,0.0677,0.882
12.964252953,-0.0469,0.8817,0.0792,0.886
12.966176645,-0.0503,0.8829,0.0892,0.889
12.967987337,-0.0525,0.8832,0.0960,0.890
12.97085976,-0.0540,0.8859,0.1068,0.894
12.972475491,-0.0569,0.8883,0.1190,0.898
12.975619145,-0.0577,0.8893,0.1236,0.900
12.976662837,-0.0621,0.8898,0.1339,0.902
12.97774853,-0.0643,0.8907,0.1393,0.904
12.98021826,-0.0652,0.8915,0.1471,0.906
12.982099453,-0.0657,0.8951,0.1554,0.911
12.983887222,-0.0667,0.8973,0.1595,0.914
12.993875645,-0.0665,0.9005,0.1639,0.918
12.994431606,-0.0662,0.9039,0.1661,0.921
12.994679876,-0.0660,0.9054,0.1673,0.923
12.994914106,-0.0633,0.9066,0.1710,0.925
12.995142991,-0.0628,0.9086,0.1708,0.927
12.999479068,-0.0613,0.9122,0.1676,0.930
12.99978526,-0.0596,0.9144,0.1659,0.931
13.000027453,-0.0572,0.9164,0.1637,0.933
13.017986222,-0.0503,0.9186,0.1583,0.933
13.01953476,-0.0435,0.9220,0.1517,0.935
13.020754183,-0.0415,0.9242,0.1483,0.937
13.021963683,-0.0354,0.9267,0.1422,0.938
13.023325799,-0.0315,0.9284,0.1380,0.939
13.024478683,-0.0232,0.9296,0.1317,0.939
13.025790068,-0.0127,0.9311,0.1214,0.939
13.027075222,-0.0086,0.9323,0.1170,0.940
13.028388953,0.0005,0.9325,0.1085,0.939
13.029668068,0.0083,0.9333,0.0992,0.939
13.030858683,0.0117,0.9340,0.0941,0.939
13.031925453,0.0193,0.9350,0.0836,0.939
13.032891606,0.0244,0.9350,0.0782,0.939
13.034136991,0.0279,0.9342,0.0694,0.937
13.035633799,0.0296,0.9354,0.0584,0.938
13.036904145,0.0310,0.9359,0.0530,0.938
13.037825029,0.0357,0.9369,0.0428,0.939
13.038658491,0.0396,0.9381,0.0337,0.940
13.039489068,0.0401,0.9389,0.0288,0.940
13.040299991,0.0425,0.9381,0.0210,0.939
13.040586529,0.0437,0.9381,0.0166,0.939
13.042748145,0.0476,0.9401,0.0081,0.941
13.044763722,0.0496,0.9416,0.0032,0.943
13.046550799,0.0513,0.9423,0.0012,0.944
13.04855426,0.0540,0.9416,-0.0027,0.943
13.050427106,0.0569,0.9442,-0.0076,0.946
13.055685876,0.0577,0.9455,-0.0086,0.947
13.056325722,0.0584,0.9469,-0.0095,0.949
13.056587106,0.0584,0.9479,-0.0100,0.950
13.058439914,0.0591,0.9508,-0.0090,0.953
13.060565914,0.0579,0.9540,-0.0066,0.956
13.062265683,0.0577,0.9547,-0.0037,0.956
13.064535991,0.0564,0.9569,0.0017,0.959
13.066520529,0.0542,0.9574,0.0073,0.959
13.079098029,0.0533,0.9599,0.0112,0.961
13.079662376,0.0513,0.9631,0.0203,0.965
13.079959414,0.0486,0.9645,0.0249,0.966
13.080203683,0.0423,0.9667,0.0330,0.968
13.080446837,0.0352,0.9699,0.0442,0.972
13.080705183,0.0330,0.9714,0.0486,0.973
13.08092726,0.0259,0.9758,0.0581,0.978
13.082170645,0.0178,0.9787,0.0669,0.981
13.084336453,0.0134,0.9797,0.0728,0.982
13.08815076,0.0049,0.9824,0.0814,0.986
13.088769183,0.0005,0.9836,0.0845,0.987
13.089896914,-0.0076,0.9865,0.0955,0.991
13.091803106,-0.0147,0.9904,0.1048,0.996
13.093624414,-0.0181,0.9912,0.1090,0.997
13.095708145,-0.0237,0.9936,0.1190,1.001
13.097666991,-0.0291,0.9938,0.1297,1.003
13.099664145,-0.0320,0.9953,0.1331,1.005
13.101904799,-0.0357,0.9965,0.1402,1.007
13.103899337,-0.0376,0.9965,0.1446,1.008
13.105667606,-0.0410,0.9992,0.1532,1.012
13.107791029,-0.0459,0.9987,0.1620,1.013
13.109594453,-0.0479,0.9997,0.1656,1.014
13.111704683,-0.0506,1.0026,0.1732,1.019
13.113852722,-0.0523,1.0031,0.1779,1.020
13.115608645,-0.0535,1.0036,0.1832,1.022
13.117542529,-0.0550,1.0031,0.1898,1.022
13.120022799,-0.0567,1.0026,0.1932,1.023
13.121661952,-0.0572,1.0036,0.1979,1.025
13.123463452,-0.0591,1.0068,0.2042,1.029
13.125519837,-0.0589,1.0065,0.2069,1.029
13.127323799,-0.0611,1.0068,0.2108,1.030
13.129447914,-0.0603,1.0058,0.2121,1.030
13.131206914,-0.0581,1.0065,0.2116,1.030
13.133507376,-0.0572,1.0068,0.2125,1.031
13.137144837,-0.0567,1.0070,0.2130,1.031
13.137799183,-0.0557,1.0095,0.2123,1.033
13.139085106,-0.0518,1.0117,0.2106,1.035
13.141425452,-0.0506,1.0134,0.2084,1.036
13.142935914,-0.0464,1.0148,0.2052,1.036
13.144848337,-0.0447,1.0156,0.2033,1.037
13.146918337,-0.0403,1.0170,0.1972,1.037
13.148848068,-0.0396,1.0212,0.1915,1.040
13.150810799,-0.0379,1.0224,0.1886,1.040
13.153160068,-0.0330,1.0239,0.1827,1.041
13.154957606,-0.0266,1.0266,0.1744,1.042
13.156990299,-0.0227,1.0278,0.1700,1.042
13.158790068,-0.0154,1.0278,0.1634,1.041
13.160762529,-0.0125,1.0290,0.1598,1.041
13.162782722,-0.0078,1.0324,0.1542,1.044
13.164606183,-0.0027,1.0354,0.1456,1.046
13.166597876,-0.0002,1.0359,0.1417,1.046
13.169050106,0.0044,1.0368,0.1349,1.046
13.171539529,0.0068,1.0383,0.1280,1.046
13.172918491,0.0086,1.0393,0.1246,1.047
13.175568952,0.0120,1.0417,0.1178,1.048
13.176837491,0.0142,1.0420,0.1119,1.048
13.178844876,0.0147,1.0437,0.1082,1.049
13.180796452,0.0154,1.0454,0.1009,1.050
13.182660683,0.0147,1.0461,0.0970,1.051
13.184853645,0.0125,1.0481,0.0931,1.052
13.194816529,0.0127,1.0522,0.0867,1.056
13.196421183,0.0122,1.0537,0.0848,1.057
13.197415991,0.0083,1.0556,0.0823,1.059
13.198625145,0.0056,1.0566,0.0794,1.060
13.199568106,0.0039,1.0591,0.0789,1.062
13.200653683,-0.0007,1.0615,0.0792,1.064
13.201521876,-0.0022,1.0622,0.0777,1.065
13.202808799,-0.0059,1.0652,0.0760,1.068
13.203687799,-0.0071,1.0669,0.0750,1.070
13.204447222,-0.0081,1.0676,0.0760,1.070
13.218270452,-0.0098,1.0698,0.0787,1.073
13.219523068,-0.0127,1.0723,0.0787,1.075
13.220594068,-0.0132,1.0754,0.0801,1.078
13.221502722,-0.0183,1.0798,0.0838,1.083
13.222519568,-0.0205,1.0820,0.0855,1.086
13.223422491,-0.0225,1.0884,0.0882,1.092
13.224564299,-0.0217,1.0923,0.0919,1.096
13.225524337,-0.0208,1.0942,0.0933,1.098
13.226476799,-0.0186,1.0984,0.0936,1.103
13.227294145,-0.0134,1.1011,0.0950,1.105
13.228374683,-0.0105,1.1050,0.0970,1.109
13.229113222,-0.0032,1.1109,0.0980,1.115
13.229987145,0.0005,1.1133,0.0982,1.118
13.231952029,0.0068,1.1221,0.0945,1.126
13.234088183,0.0129,1.1309,0.0916,1.135
13.237535722,0.0151,1.1368,0.0882,1.140
13.238999106,0.0208,1.1482,0.0823,1.151
13.240149568,0.0242,1.1543,0.0809,1.157
13.241829991,0.0308,1.1690,0.0762,1.172
13.243907375,0.0384,1.1829,0.0730,1.186
13.245786106,0.0430,1.1900,0.0706,1.193
13.247704568,0.0515,1.2059,0.0655,1.209
13.249976837,0.0596,1.2223,0.0594,1.225
13.25141576,0.0650,1.2306,0.0564,1.234
13.254481222,0.0755,1.2494,0.0511,1.253
13.255984452,0.0794,1.2582,0.0484,1.262
13.25774976,0.0862,1.2758,0.0428,1.279
13.259331914,0.0938,1.2931,0.0325,1.297
13.261589645,0.0994,1.3007,0.0274,1.305
13.263506837,0.1099,1.3134,0.0186,1.318
13.265685991,0.1192,1.3254,0.0078,1.331
13.267516837,0.1251,1.3307,0.0024,1.337
13.269955914,0.1344,1.3410,-0.0112,1.348
13.27265526,0.1390,1.3454,-0.0173,1.353
13.274106106,0.1493,1.3520,-0.0271,1.360
13.27527576,0.1612,1.3625,-0.0415,1.373
13.277224452,0.1644,1.3681,-0.0498,1.379
13.279025991,0.1703,1.3801,-0.0652,1.392
13.281256452,0.1744,1.3857,-0.0728,1.399
13.283027183,0.1757,1.3962,-0.0880,1.410
13.285244875,0.1730,1.4072,-0.1014,1.421
13.296565029,0.1693,1.4140,-0.1094,1.428
13.298095106,0.1576,1.4260,-0.1231,1.440
13.29928276,0.1402,1.4380,-0.1339,1.451
13.300619068,0.1305,1.4439,-0.1388,1.456
13.30194726,0.1046,1.4526,-0.1483,1.464
13.302518837,0.0919,1.4568,-0.1507,1.467
13.302823722,0.0638,1.4614,-0.1554,1.471
13.303096337,0.0366,1.4666,-0.1549,1.475
13.303360491,0.0244,1.4671,-0.1554,1.475
13.332202183,0.0012,1.4673,-0.1549,1.475
13.332821183,-0.0188,1.4649,-0.1485,1.472
13.33308676,-0.0281,1.4634,-0.1456,1.471
13.333341722,-0.0464,1.4595,-0.1375,1.467
13.333572183,-0.0533,1.4568,-0.1329,1.464
13.333799375,-0.0633,1.4519,-0.1200,1.458
13.334029337,-0.0708,1.4463,-0.1065,1.452
13.334264722,-0.0740,1.4412,-0.0982,1.446
13.334500991,-0.0782,1.4304,-0.0809,1.435
13.334732375,-0.0792,1.4238,-0.0633,1.427
13.334967106,-0.0770,1.4136,-0.0535,1.417
13.335197529,-0.0718,1.3994,-0.0318,1.402
13.335437183,-0.0677,1.3918,-0.0215,1.394
13.335658029,-0.0574,1.3779,0.0024,1.379
13.335948991,-0.0452,1.3652,0.0274,1.366
13.33616826,-0.0388,1.3583,0.0381,1.359
13.336423683,-0.0276,1.3447,0.0613,1.346
13.340169145,-0.0232,1.3376,0.0713,1.340
13.340966106,-0.0122,1.3217,0.0950,1.325
13.341832529,0.0015,1.3080,0.1173,1.313
13.344141606,0.0073,1.3002,0.1268,1.306
13.346438068,0.0156,1.2824,0.1424,1.290
13.347871145,0.0281,1.2667,0.1568,1.277
13.349763222,0.0318,1.2587,0.1632,1.270
13.351966491,0.0425,1.2433,0.1708,1.256
13.354103145,0.0525,1.2262,0.1779,1.240
13.356037722,0.0579,1.2186,0.1810,1.233
13.35795376,0.0652,1.2042,0.1827,1.220
13.359854991,0.0713,1.1969,0.1825,1.213
13.361795798,0.0821,1.1824,0.1776,1.199
13.363571183,0.0897,1.1671,0.1695,1.183
13.365545991,0.0943,1.1583,0.1637,1.174
13.36757776,0.1041,1.1431,0.1529,1.158
13.374627145,0.1151,1.1282,0.1407,1.143
13.375397645,0.1195,1.1197,0.1336,1.134
13.375880914,0.1283,1.1026,0.1170,1.116
13.376302683,0.1319,1.0942,0.1077,1.107
13.377929491,0.1388,1.0769,0.0904,1.090
13.379845837,0.1473,1.0591,0.0701,1.072
13.381571298,0.1520,1.0505,0.0601,1.063
13.383501452,0.1598,1.0346,0.0420,1.048
13.385922645,0.1678,1.0192,0.0220,1.033
13.397558183,0.1715,1.0112,0.0110,1.026
13.399948568,0.1776,0.9965,-0.0098,1.012
13.400967298,0.1810,0.9882,-0.0203,1.005
13.402248452,0.1913,0.9736,-0.0388,0.993
13.40363126,0.1976,0.9591,-0.0562,0.981
13.405076837,0.2016,0.9533,-0.0645,0.976
13.406074183,0.2077,0.9418,-0.0796,0.968
13.407454914,0.2138,0.9342,-0.0941,0.963
13.408491683,0.2160,0.9313,-0.0987,0.961
13.409485106,0.2179,0.9230,-0.1060,0.954
13.410223606,0.2189,0.9208,-0.1085,0.953
13.411150529,0.2209,0.9174,-0.1129,0.950
13.412307606,0.2206,0.9179,-0.1138,0.951
13.413193875,0.2213,0.9174,-0.1141,0.951
13.415973298,0.2204,0.9181,-0.1119,0.951
13.417415375,0.2201,0.9232,-0.1092,0.955
13.418941914,0.2174,0.9235,-0.1046,0.954
13.422580798,0.2106,0.9274,-0.0997,0.956
13.423965914,0.2079,0.9306,-0.0970,0.958
13.425295029,0.2016,0.9376,-0.0931,0.964
13.42685476,0.1959,0.9425,-0.0870,0.967
13.42937276,0.1925,0.9440,-0.0831,0.967
13.431039529,0.1859,0.9452,-0.0787,0.967
13.43281726,0.1813,0.9482,-0.0733,0.968
13.434726183,0.1788,0.9489,-0.0713,0.968
13.438092452,0.1732,0.9484,-0.0679,0.966
13.439613568,0.1717,0.9482,-0.0662,0.966
13.440904491,0.1695,0.9484,-0.0640,0.966
13.442983337,0.1671,0.9474,-0.0608,0.964
13.444589798,0.1671,0.9464,-0.0599,0.963
13.446661875,0.1630,0.9438,-0.0584,0.959
13.448695721,0.1639,0.9416,-0.0559,0.957
13.450556414,0.1634,0.9401,-0.0547,0.956
13.452683952,0.1620,0.9401,-0.0530,0.955
13.455847491,0.1612,0.9391,-0.0503,0.954
13.457499606,0.1603,0.9352,-0.0484,0.950
13.458741375,0.1612,0.9323,-0.0472,0.947
13.461293029,0.1605,0.9306,-0.0464,0.945
13.462558875,0.1600,0.9264,-0.0442,0.941
13.464446068,0.1576,0.9259,-0.0413,0.940
13.466237452,0.1568,0.9232,-0.0413,0.937
13.468160991,0.1517,0.9196,-0.0391,0.933
13.477885298,0.1502,0.9191,-0.0384,0.932
13.479016414,0.1471,0.9149,-0.0347,0.927
13.479697068,0.1410,0.9115,-0.0330,0.923
13.480434645,0.1373,0.9096,-0.0315,0.920
13.481084952,0.1336,0.9047,-0.0276,0.915
13.481726568,0.1280,0.9022,-0.0274,0.912
13.482371145,0.1268,0.8973,-0.0247,0.907
13.484076221,0.1231,0.8934,-0.0225,0.902
13.486338337,0.1197,0.8922,-0.0215,0.900
13.502576721,0.1151,0.8846,-0.0217,0.892
13.504201568,0.1087,0.8773,-0.0198,0.884
13.504708529,0.1055,0.8749,-0.0186,0.881
13.505127952,0.1004,0.8666,-0.0200,0.873
13.505539221,0.0948,0.8617,-0.0205,0.867
13.505952798,0.0916,0.8529,-0.0205,0.858
13.506360183,0.0870,0.8475,-0.0215,0.852
13.506784298,0.0836,0.8438,-0.0215,0.848
13.507177798,0.0777,0.8353,-0.0195,0.839
13.509426337,0.0723,0.8282,-0.0195,0.832
13.510077375,0.0691,0.8243,-0.0188,0.827
13.510541337,0.0655,0.8162,-0.0193,0.819
13.511365606,0.0603,0.8131,-0.0191,0.816
13.513752106,0.0586,0.8077,-0.0178,0.810
13.515530414,0.0540,0.8028,-0.0149,0.805
13.517505414,0.0513,0.8008,-0.0125,0.803
13.519417337,0.0481,0.7977,-0.0081,0.799
13.521964645,0.0459,0.7962,-0.0056,0.798
13.523290452,0.0440,0.7947,-0.0049,0.796
13.526102414,0.0386,0.7940,-0.0034,0.795
13.527505645,0.0313,0.7938,-0.0039,0.794
13.529469221,0.0298,0.7918,-0.0032,0.792
13.531435183,0.0271,0.7928,-0.0029,0.793
13.533846914,0.0242,0.7938,-0.0037,0.794
13.535209183,0.0166,0.7955,-0.0049,0.796
13.538325068,0.0112,0.7977,-0.0110,0.798
13.539244337,0.0090,0.7989,-0.0117,0.799
13.541823952,0.0046,0.8003,-0.0137,0.800
13.543124414,0.0037,0.8021,-0.0173,0.802
13.545553029,0.0034,0.8016,-0.0191,0.802
13.546981029,0.0022,0.8008,-0.0205,0.801
13.549474106,0.0029,0.8001,-0.0220,0.800
13.551168452,0.0059,0.7989,-0.0225,0.799
13.555048452,0.0122,0.8008,-0.0220,0.801
13.555954798,0.0149,0.8016,-0.0215,0.802
13.557467721,0.0200,0.8008,-0.0205,0.801
13.558999837,0.0254,0.7999,-0.0173,0.800
13.561154068,0.0271,0.8006,-0.0166,0.801
13.563025106,0.0332,0.8016,-0.0125,0.802
13.565198068,0.0352,0.8033,-0.0090,0.804
13.566961798,0.0354,0.8060,-0.0022,0.807
13.569287991,0.0376,0.8072,0.0027,0.808
13.573796183,0.0396,0.8082,0.0042,0.809
13.575026683,0.0410,0.8091,0.0093,0.810
13.577628837,0.0386,0.8128,0.0117,0.814
13.578482644,0.0401,0.8138,0.0134,0.815
13.579299068,0.0437,0.8150,0.0149,0.816
13.580993875,0.0442,0.8177,0.0151,0.819
13.582811991,0.0454,0.8179,0.0149,0.819
13.584537068,0.0472,0.8162,0.0149,0.818
13.587491183,0.0476,0.8160,0.0137,0.817
13.588956721,0.0503,0.8145,0.0100,0.816
13.598629644,0.0515,0.8131,0.0051,0.815
13.59947976,0.0530,0.8123,0.0032,0.814
13.600019414,0.0569,0.8118,-0.0024,0.814
13.600436875,0.0577,0.8104,-0.0039,0.812
13.600872337,0.0589,0.8055,-0.0056,0.808
13.627834991,0.0621,0.8030,-0.0093,0.805
13.629642875,0.0625,0.8021,-0.0105,0.805
13.630725452,0.0645,0.7991,-0.0107,0.802
13.632320875,0.0650,0.7977,-0.0095,0.800
13.633548144,0.0652,0.7959,-0.0086,0.799
13.635238798,0.0669,0.7955,-0.0056,0.798
13.636727683,0.0684,0.7945,-0.0042,0.797
13.638104221,0.0677,0.7925,-0.0005,0.795
13.640322837,0.0682,0.7908,0.0029,0.794
13.641250568,0.0696,0.7894,0.0042,0.792
13.642329568,0.0701,0.7872,0.0073,0.790
13.643240644,0.0711,0.7869,0.0083,0.790
13.64466326,0.0728,0.7847,0.0105,0.788
13.645813952,0.0755,0.7825,0.0095,0.786
13.646556144,0.0762,0.7818,0.0078,0.786
13.647512991,0.0792,0.7813,0.0066,0.785
13.648551491,0.0796,0.7810,0.0059,0.785
13.649345221,0.0801,0.7818,0.0046,0.786
13.650330683,0.0826,0.7820,0.0002,0.786
13.651156029,0.0836,0.7820,-0.0007,0.786
13.652515221,0.0838,0.7845,-0.0029,0.789
13.653869721,0.0858,0.7876,-0.0068,0.792
13.655020183,0.0865,0.7886,-0.0076,0.793
13.656504798,0.0884,0.7925,-0.0112,0.798
13.657001106,0.0901,0.7967,-0.0139,0.802
13.657439567,0.0909,0.7991,-0.0137,0.804
13.657850337,0.0923,0.8047,-0.0129,0.810
13.658276567,0.0958,0.8109,-0.0127,0.817
13.658693837,0.0963,0.8153,-0.0120,0.821
13.659127952,0.0997,0.8206,-0.0093,0.827
13.659527029,0.1014,0.8253,-0.0088,0.832
13.662253991,0.1055,0.8341,-0.0073,0.841
13.663254491,0.1090,0.8421,-0.0066,0.849
13.665799375,0.1116,0.8458,-0.0066,0.853
13.667602914,0.1178,0.8524,-0.0042,0.860
13.669431875,0.1253,0.8592,-0.0029,0.868
13.673048914,0.1285,0.8626,-0.0015,0.872
13.673965106,0.1336,0.8683,-0.0010,0.878
13.675427414,0.1363,0.8717,0.0005,0.882
13.677508991,0.1410,0.8773,0.0037,0.889
13.679027067,0.1471,0.8846,0.0029,0.897
13.681445644,0.1490,0.8873,0.0029,0.900
13.683120298,0.1532,0.8946,0.0042,0.908
13.685434414,0.1590,0.9012,0.0059,0.915
13.693182067,0.1620,0.9037,0.0066,0.918
13.694080721,0.1676,0.9108,0.0083,0.926
13.694527221,0.1713,0.9144,0.0098,0.930
13.694936029,0.1735,0.9223,0.0149,0.939
13.695349452,0.1759,0.9286,0.0198,0.945
13.697397298,0.1771,0.9315,0.0225,0.948
13.699230221,0.1801,0.9372,0.0298,0.955
13.700913875,0.1823,0.9433,0.0393,0.962
13.702864529,0.1835,0.9469,0.0435,0.966
13.725340029,0.1840,0.9518,0.0493,0.971
13.727283144,0.1837,0.9540,0.0533,0.973
13.72869476,0.1845,0.9594,0.0603,0.979
13.729618991,0.1845,0.9631,0.0672,0.983
13.730813337,0.1840,0.9657,0.0694,0.986
13.732097606,0.1842,0.9687,0.0752,0.989
13.733299798,0.1825,0.9701,0.0809,0.990
13.734499452,0.1820,0.9719,0.0816,0.992
13.735454721,0.1783,0.9738,0.0806,0.993
13.736767414,0.1771,0.9740,0.0831,0.994
13.737860952,0.1759,0.9762,0.0843,0.996
13.738890721,0.1717,0.9760,0.0840,0.995
13.739976067,0.1708,0.9750,0.0836,0.993
13.74084076,0.1686,0.9738,0.0811,0.992
13.74150776,0.1622,0.9721,0.0801,0.989
13.742323221,0.1598,0.9711,0.0794,0.987
13.743206067,0.1554,0.9682,0.0760,0.984
13.744072067,0.1510,0.9650,0.0740,0.980
13.744909144,0.1493,0.9626,0.0723,0.977
13.745593414,0.1476,0.9582,0.0716,0.972
13.746545144,0.1461,0.9550,0.0708,0.969
13.747352221,0.1422,0.9521,0.0669,0.965
13.748385567,0.1395,0.9486,0.0635,0.961
13.750802337,0.1390,0.9467,0.0625,0.959
13.752285644,0.1371,0.9433,0.0596,0.955
13.754261837,0.1361,0.9418,0.0586,0.953
13.75617876,0.1358,0.9408,0.0579,0.952
13.758046567,0.1346,0.9384,0.0567,0.950
13.760164106,0.1346,0.9374,0.0557,0.949
13.762098875,0.1349,0.9345,0.0545,0.946
13.764042798,0.1368,0.9315,0.0564,0.943
13.76607849,0.1371,0.9298,0.0572,0.942
13.767943144,0.1356,0.9281,0.0572,0.940
13.771090952,0.1361,0.9271,0.0552,0.939
13.773988529,0.1371,0.9245,0.0557,0.936
13.775427452,0.1373,0.9215,0.0557,0.933
13.776534644,0.1383,0.9210,0.0555,0.933
13.778148606,0.1393,0.9208,0.0545,0.933
13.779634067,0.1422,0.9186,0.0542,0.931
13.78170726,0.1429,0.9179,0.0552,0.931
13.783553606,0.1412,0.9166,0.0562,0.929
13.785653221,0.1419,0.9154,0.0581,0.928
13.794801837,0.1422,0.9125,0.0586,0.925
13.79560776,0.1437,0.9122,0.0581,0.925
13.79614676,0.1427,0.9120,0.0594,0.925
13.796556337,0.1417,0.9093,0.0606,0.922
13.796990067,0.1415,0.9069,0.0640,0.920
13.797409375,0.1407,0.9052,0.0645,0.918
13.79949376,0.1356,0.9037,0.0667,0.916
13.801813529,0.1312,0.9012,0.0708,0.913
13.803229606,0.1287,0.9000,0.0721,0.912
13.817564837,0.1234,0.8983,0.0777,0.910
13.81843299,0.1212,0.8973,0.0799,0.909
13.818864067,0.1178,0.8959,0.0821,0.907
13.819279721,0.1134,0.8959,0.0884,0.907
13.819674298,0.1102,0.8959,0.0916,0.907
13.820149183,0.1046,0.8959,0.0989,0.907
13.820545567,0.1016,0.8971,0.1051,0.909
13.820944221,0.1004,0.8986,0.1070,0.910
13.826273144,0.0950,0.9005,0.1136,0.913
13.827166067,0.0936,0.9022,0.1168,0.915
13.827591721,0.0909,0.9056,0.1219,0.918
13.828090029,0.0860,0.9083,0.1283,0.921
13.82890799,0.0845,0.9110,0.1295,0.924
13.830805298,0.0821,0.9164,0.1334,0.930
13.833293414,0.0799,0.9203,0.1375,0.934
13.834769914,0.0774,0.9227,0.1373,0.936
13.838718837,0.0782,0.9281,0.1397,0.942
13.840422644,0.0794,0.9308,0.1400,0.945
13.84189649,0.0801,0.9359,0.1393,0.950
13.843219221,0.0799,0.9411,0.1395,0.955
13.845012029,0.0806,0.9425,0.1375,0.956
13.846881644,0.0853,0.9474,0.1339,0.961
13.849123567,0.0911,0.9518,0.1300,0.965
13.850777029,0.0943,0.9552,0.1266,0.968
13.85277949,0.0977,0.9594,0.1217,0.972
13.856009606,0.0999,0.9618,0.1185,0.974
13.85762226,0.1058,0.9665,0.1104,0.978
13.859424683,0.1104,0.9738,0.1033,0.985
13.860719452,0.1124,0.9770,0.0999,0.988
13.862580183,0.1148,0.9828,0.0955,0.994
13.864672721,0.1190,0.9890,0.0897,1.000
13.866529452,0.1202,0.9926,0.0860,1.004
13.868553721,0.1214,0.9990,0.0794,1.009
13.871584567,0.1217,1.0019,0.0767,1.012
13.872898913,0.1236,1.0078,0.0694,1.018
13.875567144,0.1268,1.0126,0.0608,1.022
13.87722499,0.1285,1.0144,0.0562,1.024
13.87906026,0.1307,1.0185,0.0457,1.028
13.880365298,0.1351,1.0207,0.0364,1.030
13.882322106,0.1373,1.0224,0.0320,1.032
13.884417952,0.1419,1.0271,0.0217,1.037
13.886291721,0.1441,1.0290,0.0186,1.039
13.897035644,0.1471,1.0307,0.0139,1.041
13.898618221,0.1507,1.0341,0.0076,1.045
13.899561106,0.1529,1.0354,0.0054,1.047
13.900802029,0.1549,1.0346,0.0020,1.046
13.901975567,0.1551,1.0337,-0.0034,1.045
13.902865144,0.1544,1.0324,-0.0049,1.044
13.904132298,0.1517,1.0300,-0.0066,1.041
13.904835721,0.1500,1.0298,-0.0078,1.041
13.905304067,0.1476,1.0249,-0.0078,1.035
13.92387226,0.1441,1.0217,-0.0068,1.032
13.925501029,0.1410,1.0210,-0.0054,1.031
13.926751413,0.1361,1.0173,0.0000,1.026
13.927853952,0.1327,1.0153,0.0093,1.024
13.928970337,0.1300,1.0119,0.0132,1.020
13.930290721,0.1283,1.0070,0.0220,1.015
13.931449413,0.1270,1.0043,0.0288,1.013
13.932728298,0.1244,0.9995,0.0435,1.008
13.933827029,0.1224,0.9948,0.0579,1.004
13.934701606,0.1212,0.9929,0.0655,1.002
13.935943106,0.1204,0.9907,0.0814,1.001
13.936954567,0.1214,0.9853,0.0970,0.997
13.938159798,0.1214,0.9841,0.1055,0.997
13.939301721,0.1214,0.9784,0.1241,0.994
13.94055226,0.1212,0.9762,0.1312,0.992
13.941567606,0.1222,0.9733,0.1459,0.992
13.942360529,0.1253,0.9709,0.1590,0.992
13.94320349,0.1253,0.9692,0.1659,0.991
13.944581413,0.1258,0.9684,0.1779,0.993
13.945054067,0.1268,0.9687,0.1881,0.995
13.945479221,0.1261,0.9672,0.1930,0.994
13.94787699,0.1280,0.9648,0.2008,0.994
13.950024106,0.1290,0.9640,0.2055,0.994
13.951501452,0.1300,0.9623,0.2123,0.994
13.95313699,0.1305,0.9626,0.2152,0.995
13.958047183,0.1309,0.9616,0.2160,0.994
13.958978298,0.1324,0.9601,0.2179,0.993
13.95946726,0.1341,0.9609,0.2157,0.994
13.961676298,0.1349,0.9604,0.2138,0.993
13.963414413,0.1371,0.9609,0.2077,0.993
13.965384144,0.1393,0.9596,0.2018,0.990
13.967258837,0.1407,0.9609,0.1979,0.991
13.969565875,0.1446,0.9623,0.1891,0.991
13.977159606,0.1468,0.9635,0.1852,0.992
13.97803649,0.1507,0.9643,0.1769,0.992
13.978476298,0.1546,0.9631,0.1700,0.990
13.97888149,0.1566,0.9626,0.1669,0.989
13.979289452,0.1586,0.9633,0.1610,0.989
13.982750298,0.1637,0.9628,0.1561,0.989
13.983262183,0.1656,0.9631,0.1544,0.989
13.985081375,0.1691,0.9623,0.1502,0.989
13.987018836,0.1693,0.9618,0.1483,0.988
14.003414452,0.1695,0.9633,0.1446,0.989
14.005304413,0.1695,0.9635,0.1429,0.989
14.006624029,0.1686,0.9635,0.1424,0.988
14.007900798,0.1683,0.9665,0.1437,0.991
14.009127683,0.1671,0.9670,0.1432,0.992
14.010353798,0.1637,0.9687,0.1446,0.993
14.011590567,0.1588,0.9721,0.1493,0.996
14.012784144,0.1568,0.9738,0.1505,0.998
14.013572375,0.1539,0.9777,0.1549,1.002
14.014725952,0.1493,0.9828,0.1581,1.007
14.015530875,0.1478,0.9850,0.1600,1.009
14.016793952,0.1444,0.9902,0.1686,1.015
14.017786875,0.1397,0.9926,0.1766,1.018
14.018774913,0.1375,0.9960,0.1808,1.022
14.019666567,0.1346,1.0004,0.1888,1.027
14.020987721,0.1336,1.0036,0.1930,1.031
14.02209576,0.1314,1.0100,0.2030,1.039
14.022971375,0.1290,1.0156,0.2106,1.045
14.025791106,0.1275,1.0185,0.2160,1.049
14.027271606,0.1251,1.0234,0.2255,1.055
14.032200567,0.1239,1.0251,0.2284,1.058
14.033229298,0.1224,1.0295,0.2348,1.063
14.03419476,0.1219,1.0344,0.2387,1.069
14.034978029,0.1224,1.0371,0.2397,1.071
14.036140183,0.1231,1.0405,0.2389,1.075
14.039227721,0.1244,1.0451,0.2340,1.078
14.041428875,0.1251,1.0469,0.2306,1.079
14.042480452,0.1273,1.0495,0.2233,1.081
14.043908567,0.1280,1.0512,0.2179,1.081
14.045978875,0.1317,1.0559,0.2072,1.084
14.047798798,0.1346,1.0588,0.1976,1.085
14.049967606,0.1363,1.0600,0.1903,1.086
14.052074952,0.1397,1.0627,0.1757,1.086
14.057491067,0.1415,1.0659,0.1605,1.087
14.05900499,0.1419,1.0674,0.1539,1.088
14.060377413,0.1439,1.0688,0.1415,1.088
14.061528952,0.1488,1.0698,0.1353,1.089
14.062600644,0.1507,1.0745,0.1241,1.092
14.06367799,0.1522,1.0784,0.1138,1.095
14.065720375,0.1532,1.0808,0.1104,1.097
14.067543606,0.1564,1.0862,0.1041,1.102
14.069957144,0.1576,1.0918,0.0987,1.108
14.072347875,0.1571,1.0955,0.0975,1.111
14.073520913,0.1581,1.0994,0.0953,1.115
14.075249606,0.1595,1.1026,0.0945,1.118
14.077475798,0.1620,1.1067,0.0963,1.123
14.079266836,0.1656,1.1101,0.0977,1.127
14.081866913,0.1669,1.1135,0.0982,1.130
14.083192913,0.1695,1.1177,0.0982,1.135
14.085822029,0.1754,1.1219,0.0985,1.140
14.087399452,0.1803,1.1233,0.1002,1.142
14.093927798,0.1862,1.1267,0.1016,1.147
14.094789029,0.1918,1.1285,0.1019,1.149
14.09522899,0.1932,1.1319,0.1011,1.153
14.095642759,0.2011,1.1343,0.1029,1.157
14.097308798,0.2047,1.1363,0.1060,1.159
14.099126183,0.2118,1.1392,0.1112,1.164
14.101587452,0.2143,1.1451,0.1168,1.171
14.102843375,0.2155,1.1468,0.1204,1.173
14.117015952,0.2174,1.1526,0.1261,1.180
14.118564567,0.2172,1.1546,0.1280,1.182
14.119507836,0.2157,1.1590,0.1361,1.187
14.120659798,0.2108,1.1678,0.1434,1.195
14.121701567,0.2081,1.1724,0.1476,1.200
14.122973759,0.2020,1.1817,0.1559,1.209
14.124178913,0.1959,1.1942,0.1588,1.221
14.125258106,0.1923,1.2010,0.1603,1.227
14.126238375,0.1830,1.2149,0.1661,1.240
14.127198875,0.1788,1.2223,0.1695,1.247
14.128045106,0.1710,1.2374,0.1769,1.262
14.129037759,0.1642,1.2552,0.1835,1.279
14.129872029,0.1605,1.2638,0.1849,1.287
14.13079749,0.1524,1.2816,0.1888,1.304
14.133550606,0.1495,1.2990,0.1932,1.322
14.135006721,0.1461,1.3075,0.1945,1.330
14.136556221,0.1407,1.3222,0.1957,1.344
14.142538875,0.1378,1.3293,0.1950,1.351
14.144282221,0.1353,1.3434,0.1918,1.364
14.145458336,0.1324,1.3557,0.1876,1.375
14.146582413,0.1309,1.3601,0.1845,1.379
14.147575952,0.1295,1.3671,0.1754,1.384
14.148724875,0.1309,1.3735,0.1683,1.390
14.150410683,0.1317,1.3745,0.1644,1.391
14.152559336,0.1331,1.3764,0.1559,1.392
14.156256336,0.1375,1.3781,0.1463,1.393
14.158137529,0.1397,1.3784,0.1415,1.393
14.159278029,0.1419,1.3789,0.1346,1.393
14.16101699,0.1468,1.3772,0.1309,1.391
14.162144413,0.1480,1.3752,0.1280,1.389
14.164231567,0.1515,1.3708,0.1256,1.385
14.166258875,0.1537,1.3684,0.1248,1.383
14.168053106,0.1571,1.3645,0.1263,1.379
14.170350644,0.1610,1.3588,0.1270,1.374
14.174052375,0.1630,1.3554,0.1302,1.371
14.176023759,0.1678,1.3476,0.1351,1.365
14.177089106,0.1698,1.3437,0.1378,1.361
14.178860952,0.1737,1.3364,0.1410,1.355
14.180381029,0.1798,1.3246,0.1454,1.345
14.182088644,0.1837,1.3180,0.1473,1.339
14.183945298,0.1918,1.3080,0.1495,1.330
14.185984144,0.2003,1.2960,0.1583,1.321
14.189362913,0.2038,1.2902,0.1612,1.316
14.190450606,0.2125,1.2780,0.1620,1.306
14.19963949,0.2160,1.2726,0.1649,1.301
14.200564759,0.2233,1.2631,0.1634,1.293
14.20101149,0.2306,1.2538,0.1598,1.285
14.201431759,0.2345,1.2482,0.1586,1.280
14.201846721,0.2382,1.2399,0.1561,1.272
14.202258682,0.2404,1.2357,0.1515,1.268
14.203732452,0.2411,1.2274,0.1495,1.260
14.227246567,0.2406,1.2206,0.1402,1.252
14.229267798,0.2402,1.2181,0.1366,1.249
14.230410952,0.2382,1.2125,0.1273,1.242
14.231477336,0.2316,1.2066,0.1180,1.234
14.232842875,0.2282,1.2027,0.1141,1.229
14.233943298,0.2218,1.1969,0.1016,1.221
14.235057606,0.2150,1.1942,0.0943,1.217
14.23636499,0.2125,1.1864,0.0826,1.208
14.237631182,0.2045,1.1780,0.0665,1.198
14.23871849,0.2006,1.1736,0.0586,1.192
14.240010644,0.1918,1.1629,0.0418,1.179
14.241127721,0.1818,1.1485,0.0237,1.163
14.242273221,0.1774,1.1421,0.0147,1.156
14.243318144,0.1681,1.1267,-0.0054,1.139
14.244418413,0.1647,1.1179,-0.0154,1.130
14.245527952,0.1551,1.0969,-0.0381,1.109
14.246275375,0.1478,1.0774,-0.0564,1.089
14.247357875,0.1439,1.0669,-0.0650,1.079
14.248410029,0.1356,1.0444,-0.0870,1.057
14.249477182,0.1268,1.0214,-0.1090,1.035
14.250380067,0.1229,1.0102,-0.1195,1.025
14.251441106,0.1175,0.9885,-0.1393,1.005
14.252659875,0.1121,0.9775,-0.1498,0.995
14.253138259,0.1031,0.9540,-0.1693,0.974
14.253557798,0.0950,0.9337,-0.1867,0.957
14.255954529,0.0909,0.9252,-0.1947,0.950
14.257432913,0.0818,0.9093,-0.2096,0.937
14.258792298,0.0711,0.8946,-0.2250,0.925
14.260790221,0.0672,0.8893,-0.2311,0.921
14.262656182,0.0586,0.8793,-0.2411,0.914
14.265451529,0.0545,0.8746,-0.2450,0.910
14.266758606,0.0445,0.8675,-0.2524,0.905
14.268450952,0.0371,0.8636,-0.2577,0.902
14.270406067,0.0322,0.8629,-0.2587,0.901
14.274970298,0.0242,0.8639,-0.2590,0.902
14.275655644,0.0186,0.8636,-0.2577,0.901
14.276494644,0.0147,0.8651,-0.2563,0.902
14.278297759,0.0073,0.8678,-0.2519,0.904
14.281311798,0.0046,0.8690,-0.2485,0.904
14.282200567,-0.0010,0.8741,-0.2409,0.907
14.284082106,-0.0064,0.8819,-0.2282,0.911
14.286261721,-0.0095,0.8868,-0.2218,0.914
14.294669182,-0.0159,0.8966,-0.2108,0.921
14.295586259,-0.0195,0.9052,-0.1984,0.927
14.296172336,-0.0186,0.9110,-0.1915,0.931
14.296636567,-0.0178,0.9201,-0.1754,0.937
14.297134759,-0.0176,0.9240,-0.1686,0.939
14.298511029,-0.0149,0.9328,-0.1522,0.945
14.300452259,-0.0081,0.9438,-0.1375,0.954
14.302085875,-0.0049,0.9494,-0.1307,0.958
14.304253375,0.0032,0.9606,-0.1163,0.968
14.329310105,0.0144,0.9738,-0.1009,0.979
14.330104798,0.0205,0.9799,-0.0943,0.985
14.330491875,0.0347,0.9912,-0.0792,0.995
14.330827029,0.0425,0.9965,-0.0711,1.000
14.331154144,0.0618,1.0075,-0.0567,1.011
14.331457682,0.0784,1.0170,-0.0440,1.021
14.331831413,0.0867,1.0212,-0.0374,1.026
14.332210875,0.1053,1.0285,-0.0252,1.034
14.332443336,0.1244,1.0346,-0.0107,1.042
14.332680836,0.1319,1.0363,-0.0046,1.045
14.332911529,0.1498,1.0388,0.0044,1.050
14.333141759,0.1571,1.0403,0.0093,1.052
14.333372221,0.1705,1.0407,0.0200,1.055
14.335420105,0.1793,1.0381,0.0281,1.054
14.335839452,0.1823,1.0371,0.0313,1.053
14.336104952,0.1869,1.0298,0.0354,1.047
14.337464913,0.1864,1.0239,0.0369,1.041
14.339799682,0.1832,1.0188,0.0369,1.036
14.341913182,0.1803,1.0073,0.0342,1.024
14.346432836,0.1779,1.0012,0.0335,1.017
14.346720259,0.1727,0.9912,0.0308,1.007
14.346959682,0.1664,0.9789,0.0261,0.993
14.349241221,0.1634,0.9731,0.0222,0.987
14.351060759,0.1588,0.9604,0.0173,0.974
14.353390567,0.1517,0.9467,0.0103,0.959
14.356253644,0.1493,0.9406,0.0076,0.952
14.358155029,0.1444,0.9296,-0.0022,0.941
14.358934875,0.1385,0.9232,-0.0103,0.934
14.361182144,0.1344,0.9108,-0.0147,0.921
14.362983759,0.1251,0.9010,-0.0235,0.910
14.36508499,0.1231,0.8959,-0.0276,0.905
14.366899529,0.1160,0.8841,-0.0349,0.892
14.369091913,0.1053,0.8717,-0.0423,0.879
14.37089699,0.1009,0.8670,-0.0464,0.874
14.38262349,0.0936,0.8597,-0.0552,0.867
14.38492199,0.0870,0.8507,-0.0608,0.857
14.385921721,0.0836,0.8463,-0.0645,0.853
14.387145298,0.0770,0.8385,-0.0701,0.845
14.389136529,0.0730,0.8338,-0.0723,0.840
14.390693759,0.0625,0.8253,-0.0784,0.831
14.392421875,0.0540,0.8187,-0.0823,0.825
14.392894067,0.0496,0.8162,-0.0836,0.822
14.393267375,0.0425,0.8118,-0.0867,0.818
14.393626029,0.0376,0.8096,-0.0880,0.815
14.394047336,0.0305,0.8050,-0.0904,0.811
14.403909798,0.0225,0.8013,-0.0904,0.807
14.404613875,0.0193,0.8011,-0.0909,0.806
14.404966182,0.0147,0.8021,-0.0894,0.807
14.405284259,0.0098,0.8011,-0.0877,0.806
14.405601605,0.0071,0.8008,-0.0850,0.805
14.40590299,0.0037,0.8035,-0.0799,0.807
14.406736875,0.0034,0.8045,-0.0721,0.808
14.408324452,0.0027,0.8050,-0.0677,0.808
14.410247836,0.0034,0.8065,-0.0586,0.809
14.412359798,0.0032,0.8069,-0.0542,0.809
14.414275105,0.0051,0.8084,-0.0467,0.810
14.416740259,0.0076,0.8091,-0.0347,0.810
14.418327644,0.0093,0.8099,-0.0296,0.810
14.420506452,0.0144,0.8123,-0.0193,0.813
14.422836528,0.0193,0.8128,-0.0147,0.813
14.42424349,0.0215,0.8140,-0.0064,0.814
14.426200528,0.0257,0.8140,0.0024,0.814
14.428226105,0.0288,0.8140,0.0073,0.815
14.430252952,0.0318,0.8150,0.0147,0.816
14.432076182,0.0362,0.8143,0.0208,0.815
14.434089913,0.0371,0.8140,0.0235,0.815
14.436064836,0.0410,0.8157,0.0261,0.817
14.438077836,0.0435,0.8160,0.0281,0.818
14.44054049,0.0454,0.8162,0.0286,0.818
14.441997028,0.0486,0.8182,0.0279,0.820
14.443775336,0.0501,0.8192,0.0288,0.821
14.445810605,0.0520,0.8204,0.0300,0.823
14.447794644,0.0545,0.8228,0.0298,0.825
14.44984599,0.0547,0.8233,0.0293,0.826
14.451583144,0.0547,0.8245,0.0286,0.827
14.453756913,0.0550,0.8250,0.0276,0.827
14.456759067,0.0555,0.8272,0.0239,0.829
14.460301682,0.0542,0.8284,0.0213,0.830
14.461317759,0.0528,0.8292,0.0198,0.831
14.462163759,0.0511,0.8314,0.0176,0.833
14.463594798,0.0508,0.8346,0.0151,0.836
14.465788952,0.0511,0.8365,0.0132,0.838
14.467543182,0.0515,0.8414,0.0088,0.843
14.469626182,0.0515,0.8431,0.0046,0.845
14.473405105,0.0518,0.8453,0.0027,0.847
14.474820028,0.0511,0.8473,0.0002,0.849
14.476727759,0.0503,0.8497,-0.0005,0.851
14.478246452,0.0489,0.8543,-0.0027,0.856
14.479425452,0.0491,0.8570,-0.0073,0.858
14.481387836,0.0479,0.8600,-0.0078,0.861
14.48322049,0.0479,0.8624,-0.0083,0.864
14.485289105,0.0476,0.8656,-0.0086,0.867
14.487173182,0.0479,0.8712,-0.0103,0.873
14.496858067,0.0472,0.8746,-0.0090,0.876
14.498209682,0.0464,0.8768,-0.0093,0.878
14.499173259,0.0450,0.8841,-0.0103,0.885
14.500425298,0.0440,0.8898,-0.0083,0.891
14.501442182,0.0410,0.8920,-0.0076,0.893
14.502410413,0.0401,0.8966,-0.0056,0.898
14.503377798,0.0393,0.8971,-0.0049,0.898
14.504784028,0.0388,0.9010,-0.0032,0.902
14.505315144,0.0369,0.9025,-0.0044,0.903
14.523524798,0.0359,0.9034,-0.0034,0.904
14.524894913,0.0327,0.9042,-0.0054,0.905
14.52594849,0.0283,0.9052,-0.0105,0.906
14.526956605,0.0259,0.9064,-0.0115,0.907
14.52772699,0.0208,0.9088,-0.0151,0.909
14.528899105,0.0171,0.9096,-0.0169,0.910
14.529743759,0.0151,0.9122,-0.0222,0.913
14.530816259,0.0117,0.9120,-0.0244,0.912
14.531803913,0.0098,0.9130,-0.0242,0.913
14.532742105,0.0046,0.9135,-0.0269,0.914
14.533442721,-0.0002,0.9127,-0.0266,0.913
14.534365451,-0.0032,0.9122,-0.0266,0.913
14.535170798,-0.0066,0.9096,-0.0288,0.910
14.535991144,-0.0076,0.9083,-0.0308,0.909
14.536962798,-0.0086,0.9071,-0.0347,0.908
14.537630336,-0.0103,0.9059,-0.0396,0.907
14.538658798,-0.0125,0.9037,-0.0406,0.905
14.541229951,-0.0117,0.9020,-0.0418,0.903
14.542656836,-0.0112,0.9005,-0.0432,0.902
14.54424249,-0.0107,0.9010,-0.0447,0.902
14.546319721,-0.0127,0.9005,-0.0457,0.902
14.548325644,-0.0125,0.9000,-0.0454,0.901
14.550318028,-0.0122,0.8966,-0.0454,0.898
14.552284028,-0.0134,0.8951,-0.0457,0.896
14.554110528,-0.0132,0.8942,-0.0464,0.895
14.557020144,-0.0107,0.8922,-0.0467,0.893
14.558826451,-0.0100,0.8917,-0.0476,0.893
14.560201451,-0.0093,0.8907,-0.0484,0.892
14.562191144,-0.0064,0.8895,-0.0491,0.891
14.564116028,-0.0039,0.8878,-0.0486,0.889
14.566125451,-0.0002,0.8873,-0.0469,0.889
14.568042105,0.0039,0.8854,-0.0464,0.887
14.569896836,0.0059,0.8841,-0.0447,0.885
14.573439067,0.0098,0.8837,-0.0393,0.885
14.575067451,0.0142,0.8841,-0.0335,0.885
14.577264605,0.0161,0.8854,-0.0313,0.886
14.578799067,0.0198,0.8856,-0.0247,0.886
14.579991067,0.0222,0.8849,-0.0198,0.885
14.581840028,0.0264,0.8863,-0.0076,0.887
14.583624105,0.0291,0.8893,0.0037,0.890
14.585823798,0.0300,0.8912,0.0107,0.892
14.587704798,0.0335,0.8939,0.0261,0.895
14.598371221,0.0344,0.8961,0.0371,0.898
14.599980951,0.0354,0.8978,0.0437,0.900
14.601125721,0.0369,0.8990,0.0555,0.902
14.602274182,0.0388,0.8998,0.0608,0.903
14.603378182,0.0396,0.9027,0.0701,0.906
14.604457759,0.0391,0.9032,0.0794,0.908
14.605592028,0.0391,0.9039,0.0821,0.908
14.606634067,0.0379,0.9056,0.0867,0.911
14.608022221,0.0371,0.9064,0.0923,0.912
14.608506375,0.0369,0.9066,0.0955,0.912
14.625718336,0.0342,0.9066,0.0985,0.913
14.626235374,0.0325,0.9069,0.1004,0.913
14.62648099,0.0286,0.9076,0.1073,0.914
14.626717105,0.0230,0.9078,0.1094,0.915
14.626940336,0.0200,0.9069,0.1102,0.914
14.627180567,0.0178,0.9061,0.1146,0.914
14.627401336,0.0166,0.9056,0.1204,0.914
14.627626644,0.0142,0.9047,0.1209,0.913
14.627904374,0.0127,0.9015,0.1217,0.910
14.628137874,0.0144,0.9015,0.1214,0.910
14.629015221,0.0144,0.8988,0.1204,0.907
14.630977182,0.0154,0.8951,0.1168,0.903
14.633074221,0.0154,0.8934,0.1158,0.901
14.634851298,0.0154,0.8917,0.1134,0.899
14.637046605,0.0137,0.8888,0.1090,0.896
14.639870336,0.0144,0.8883,0.1051,0.895
14.641055913,0.0159,0.8851,0.0987,0.891
14.643063721,0.0144,0.8841,0.0906,0.889
14.645292951,0.0144,0.8829,0.0858,0.887
14.64683149,0.0139,0.8819,0.0782,0.886
14.649000644,0.0132,0.8817,0.0752,0.885
14.650816951,0.0105,0.8817,0.0679,0.884
14.653060605,0.0093,0.8802,0.0608,0.882
14.654717336,0.0093,0.8800,0.0581,0.882
14.657950567,0.0071,0.8817,0.0542,0.883
14.659055259,0.0044,0.8815,0.0533,0.883
14.660724067,0.0051,0.8810,0.0528,0.883
14.662529874,0.0066,0.8817,0.0508,0.883
14.664636644,0.0061,0.8817,0.0493,0.883
14.666415721,0.0032,0.8819,0.0464,0.883
14.668714336,0.0037,0.8839,0.0469,0.885
14.67054549,0.0032,0.8844,0.0469,0.886
14.680190067,0.0022,0.8841,0.0469,0.885
14.681384951,-0.0010,0.8859,0.0472,0.887
14.68218949,-0.0027,0.8861,0.0472,0.887
14.683015605,-0.0022,0.8868,0.0469,0.888
14.683875182,-0.0039,0.8883,0.0476,0.890
14.684670413,-0.0076,0.8912,0.0501,0.893
14.685478874,-0.0103,0.8910,0.0515,0.893
14.686292028,-0.0112,0.8927,0.0518,0.894
14.68819349,-0.0125,0.8949,0.0525,0.897
14.703936336,-0.0139,0.8981,0.0547,0.900
14.705369144,-0.0147,0.9005,0.0559,0.902
14.706409221,-0.0183,0.9039,0.0579,0.906
14.707469413,-0.0208,0.9066,0.0594,0.909
14.708706105,-0.0227,0.9093,0.0623,0.912
14.709733798,-0.0254,0.9096,0.0657,0.912
14.710670451,-0.0259,0.9105,0.0669,0.913
14.711913836,-0.0283,0.9132,0.0696,0.916
14.712754221,-0.0298,0.9147,0.0711,0.918
14.713412105,-0.0313,0.9174,0.0723,0.921
14.714318182,-0.0330,0.9186,0.0711,0.922
14.715076259,-0.0344,0.9191,0.0708,0.922
14.715968913,-0.0337,0.9198,0.0704,0.923
14.716840798,-0.0332,0.9201,0.0667,0.923
14.717908451,-0.0330,0.9196,0.0630,0.922
14.719951182,-0.0296,0.9181,0.0567,0.920
14.721979605,-0.0252,0.9174,0.0508,0.919
14.724854067,-0.0232,0.9161,0.0474,0.918
14.726518682,-0.0210,0.9144,0.0406,0.916
14.728014913,-0.0210,0.9127,0.0305,0.913
14.730010567,-0.0200,0.9088,0.0264,0.909
14.732014913,-0.0171,0.9081,0.0191,0.908
14.733548182,-0.0173,0.9074,0.0144,0.908
14.735646605,-0.0161,0.9061,0.0066,0.906
14.737547259,-0.0134,0.9030,0.0005,0.903
14.74076549,-0.0117,0.9015,-0.0046,0.902
14.742364797,-0.0081,0.9000,-0.0156,0.900
14.743917182,-0.0076,0.8995,-0.0200,0.900
14.745664951,-0.0056,0.9012,-0.0279,0.902
14.747415105,-0.0024,0.9005,-0.0369,0.901
14.74977449,-0.0015,0.9005,-0.0423,0.902
14.751378759,-0.0012,0.9008,-0.0537,0.902
14.753527259,-0.0022,0.9015,-0.0608,0.904
14.755625682,-0.0017,0.9020,-0.0650,0.904
14.75858249,0.0005,0.9030,-0.0713,0.906
14.760502067,0.0015,0.9049,-0.0740,0.908
14.762027644,0.0022,0.9083,-0.0804,0.912
14.763332297,0.0029,0.9115,-0.0848,0.915
14.76519599,0.0039,0.9154,-0.0862,0.919
14.767032567,0.0056,0.9203,-0.0858,0.924
14.769313336,0.0081,0.9257,-0.0823,0.929
14.771188913,0.0090,0.9291,-0.0794,0.933
14.77449749,0.0083,0.9350,-0.0743,0.938
14.776221913,0.0098,0.9389,-0.0701,0.942
14.777674528,0.0100,0.9450,-0.0608,0.947
14.779097336,0.0120,0.9547,-0.0479,0.956
14.780881644,0.0144,0.9599,-0.0406,0.961
14.78275049,0.0169,0.9687,-0.0210,0.969
14.785170951,0.0193,0.9736,-0.0022,0.974
14.786948682,0.0205,0.9838,0.0081,0.984
14.788843144,0.0249,0.9948,0.0276,0.996
14.797970336,0.0274,0.9997,0.0386,1.001
14.798547605,0.0315,1.0105,0.0577,1.013
14.798800605,0.0344,1.0207,0.0767,1.024
14.799057144,0.0354,1.0261,0.0862,1.030
14.799277682,0.0362,1.0366,0.1038,1.042
14.800835721,0.0403,1.0451,0.1165,1.052
14.802698182,0.0415,1.0498,0.1224,1.058
14.804439605,0.0430,1.0593,0.1346,1.069
14.821967874,0.0442,1.0632,0.1390,1.073
14.822480182,0.0457,1.0693,0.1434,1.080
14.822728644,0.0462,1.0771,0.1466,1.088
14.822965567,0.0459,1.0798,0.1463,1.091
14.823203759,0.0450,1.0850,0.1451,1.096
14.823435605,0.0428,1.0894,0.1424,1.099
14.823668413,0.0425,1.0903,0.1397,1.100
14.823944451,0.0420,1.0940,0.1349,1.103
14.82419049,0.0406,1.0945,0.1314,1.103
14.824425913,0.0391,1.0955,0.1261,1.103
14.826378644,0.0362,1.0957,0.1202,1.103
14.828230144,0.0352,1.0952,0.1175,1.102
14.830282297,0.0335,1.0942,0.1119,1.100
14.83221799,0.0315,1.0942,0.1075,1.100
14.834373297,0.0305,1.0925,0.1053,1.098
14.836279105,0.0288,1.0920,0.1009,1.097
14.838163028,0.0291,1.0903,0.0977,1.095
14.840756874,0.0320,1.0859,0.0921,1.090
14.842905105,0.0305,1.0815,0.0862,1.085
14.84414449,0.0288,1.0798,0.0845,1.084
14.84594822,0.0269,1.0769,0.0836,1.080
14.847938874,0.0217,1.0725,0.0794,1.076
14.850169528,0.0186,1.0698,0.0770,1.073
14.851997951,0.0107,1.0647,0.0706,1.067
14.85393349,0.0066,1.0622,0.0672,1.064
14.857511413,-0.0020,1.0578,0.0601,1.060
14.85877849,-0.0073,1.0537,0.0545,1.055
14.859704836,-0.0115,1.0503,0.0496,1.052
14.861635105,-0.0149,1.0459,0.0393,1.047
14.863788259,-0.0112,1.0420,0.0279,1.042
14.866311644,-0.0081,1.0395,0.0227,1.040
14.867637874,-0.0029,1.0349,0.0098,1.035
14.869868913,0.0000,1.0359,0.0056,1.036
14.87150322,0.0071,1.0390,-0.0037,1.039
14.874543413,0.0134,1.0451,-0.0120,1.045
14.876236913,0.0173,1.0495,-0.0159,1.050
14.877481528,0.0264,1.0620,-0.0220,1.063
14.879374874,0.0340,1.0676,-0.0247,1.068
14.881578951,0.0369,1.0815,-0.0283,1.083
14.883461336,0.0420,1.0986,-0.0274,1.100
14.885514836,0.0450,1.1074,-0.0266,1.109
14.887289374,0.0498,1.1236,-0.0210,1.125
14.900045374,0.0557,1.1424,-0.0154,1.144
14.901743182,0.0591,1.1517,-0.0122,1.153
14.902755413,0.0650,1.1732,-0.0039,1.175
14.903924413,0.0672,1.1832,0.0007,1.185
14.905075874,0.0704,1.2015,0.0088,1.204
14.906255913,0.0765,1.2206,0.0149,1.223
14.907490951,0.0796,1.2301,0.0156,1.233
14.908751644,0.0833,1.2474,0.0173,1.250
14.910061028,0.0855,1.2650,0.0183,1.268
14.911211913,0.0867,1.2719,0.0183,1.275
14.912269567,0.0892,1.2853,0.0144,1.288
14.913403067,0.0901,1.2914,0.0107,1.295
14.914366182,0.0909,1.3002,0.0051,1.303
14.915643374,0.0919,1.3085,-0.0027,1.312
14.917114028,0.0923,1.3102,-0.0078,1.313
14.929315182,0.0906,1.3112,-0.0132,1.314
14.930970567,0.0921,1.3109,-0.0215,1.314
14.931943336,0.0921,1.3100,-0.0261,1.313
14.933184682,0.0911,1.3073,-0.0340,1.311
14.934263413,0.0911,1.3073,-0.0374,1.311
14.935374028,0.0899,1.3080,-0.0432,1.312
14.936793528,0.0892,1.3068,-0.0491,1.311
14.937800413,0.0870,1.3090,-0.0508,1.313
14.938799836,0.0821,1.3144,-0.0581,1.318
14.93990699,0.0779,1.3207,-0.0650,1.325
14.941124144,0.0762,1.3249,-0.0684,1.329
14.942202105,0.0696,1.3332,-0.0750,1.337
14.943103374,0.0628,1.3390,-0.0779,1.343
14.945727913,0.0589,1.3515,-0.0884,1.356
14.947191951,0.0503,1.3637,-0.1002,1.368
14.948645451,0.0467,1.3698,-0.1068,1.375
14.950563067,0.0384,1.3808,-0.1195,1.387
14.952561336,0.0293,1.3930,-0.1307,1.399
14.954418874,0.0239,1.3989,-0.1388,1.406
14.957840759,0.0147,1.4070,-0.1515,1.415
14.959422759,0.0061,1.4148,-0.1649,1.424
14.960855605,0.0020,1.4184,-0.1705,1.429
14.962137567,-0.0090,1.4253,-0.1810,1.437
14.96429999,-0.0144,1.4275,-0.1857,1.440
14.966140913,-0.0249,1.4326,-0.1947,1.446
14.968295451,-0.0342,1.4370,-0.2028,1.452
14.97018999,-0.0386,1.4385,-0.2055,1.454
14.972262028,-0.0464,1.4399,-0.2055,1.455
14.97513522,-0.0542,1.4377,-0.2047,1.453
14.976752105,-0.0581,1.4375,-0.2035,1.453
14.978023567,-0.0657,1.4351,-0.1984,1.450
14.980105182,-0.0682,1.4331,-0.1950,1.448
14.982052874,-0.0750,1.4280,-0.1874,1.442
14.98408722,-0.0821,1.4246,-0.1776,1.438
14.986002567,-0.0850,1.4219,-0.1715,1.435
14.988083567,-0.0877,1.4172,-0.1583,1.429
14.990575567,-0.0906,1.4111,-0.1454,1.421
15.00038549,-0.0911,1.4084,-0.1395,1.418
15.001892143,-0.0906,1.4028,-0.1283,1.412
15.002950067,-0.0897,1.3994,-0.1241,1.408
15.004121682,-0.0853,1.3921,-0.1170,1.400
15.005342797,-0.0784,1.3833,-0.1121,1.390
15.006756797,-0.0740,1.3779,-0.1097,1.384
15.00807699,-0.0650,1.3666,-0.1051,1.372
15.008546797,-0.0559,1.3610,-0.1053,1.366
15.00879322,-0.0506,1.3473,-0.1043,1.352
15.029337105,-0.0403,1.3300,-0.1075,1.335
15.030631182,-0.0352,1.3217,-0.1104,1.327
15.031512874,-0.0210,1.3036,-0.1146,1.309
15.032387836,-0.0081,1.2865,-0.1146,1.292
15.033255643,-0.0012,1.2782,-0.1158,1.283
15.03400522,0.0115,1.2626,-0.1204,1.268
15.034807028,0.0274,1.2440,-0.1239,1.250
15.035576259,0.0344,1.2345,-0.1253,1.241
15.036489297,0.0486,1.2186,-0.1266,1.226
15.037381913,0.0630,1.2103,-0.1280,1.219
15.038054951,0.0699,1.1925,-0.1300,1.202
15.038659759,0.0836,1.1746,-0.1295,1.185
15.039602605,0.0889,1.1649,-0.1305,1.176
15.040495951,0.1009,1.1441,-0.1317,1.156
15.041450874,0.1141,1.1265,-0.1307,1.140
15.042232528,0.1192,1.1189,-0.1302,1.133
15.043045105,0.1290,1.1028,-0.1307,1.118
15.043734105,0.1390,1.0879,-0.1297,1.104
15.046224105,0.1424,1.0786,-0.1302,1.096
15.04743549,0.1478,1.0620,-0.1302,1.080
15.048873451,0.1507,1.0552,-0.1300,1.074
15.051014374,0.1544,1.0403,-0.1305,1.060
15.055178028,0.1581,1.0266,-0.1302,1.047
15.056421566,0.1588,1.0207,-0.1302,1.041
15.057468913,0.1583,1.0095,-0.1300,1.030
15.060237951,0.1576,1.0046,-0.1285,1.025
15.061532951,0.1561,0.9955,-0.1278,1.016
15.063398836,0.1539,0.9875,-0.1258,1.007
15.065098797,0.1537,0.9848,-0.1251,1.005
15.066682336,0.1493,0.9806,-0.1236,1.000
15.068762951,0.1444,0.9770,-0.1209,0.995
15.070817259,0.1405,0.9762,-0.1200,0.994
15.07274249,0.1373,0.9772,-0.1192,0.994
15.075521797,0.1341,0.9787,-0.1185,0.995
15.077033605,0.1322,0.9806,-0.1156,0.996
15.080019836,0.1263,0.9843,-0.1124,0.999
15.08109749,0.1241,0.9858,-0.1112,1.000
15.082556374,0.1207,0.9904,-0.1077,1.004
15.084489182,0.1146,0.9953,-0.1038,1.007
15.086562028,0.1116,0.9980,-0.1016,1.009
15.088403297,0.1077,1.0017,-0.0989,1.012
15.098178297,0.1055,1.0048,-0.0980,1.015
15.099468182,0.1031,1.0083,-0.0948,1.018
15.100632451,0.1011,1.0117,-0.0936,1.021
15.101486105,0.0997,1.0126,-0.0938,1.022
15.10258649,0.0997,1.0163,-0.0931,1.025
15.103570143,0.0997,1.0175,-0.0936,1.027
15.104304643,0.0994,1.0168,-0.0933,1.026
15.104593374,0.1014,1.0144,-0.0945,1.024
15.106105605,0.1014,1.0122,-0.0948,1.022
15.123077643,0.1029,1.0068,-0.0987,1.017
15.124635259,0.1016,0.9987,-0.1038,1.009
15.125672451,0.1019,0.9931,-0.1080,1.004
15.12683422,0.1036,0.9821,-0.1165,0.994
15.128154259,0.1082,0.9777,-0.1241,0.991
15.129138182,0.1097,0.9662,-0.1283,0.981
15.130310413,0.1134,0.9552,-0.1380,0.972
15.131363066,0.1165,0.9486,-0.1424,0.966
15.132388874,0.1204,0.9372,-0.1500,0.957
15.13308299,0.1253,0.9242,-0.1564,0.946
15.134146951,0.1270,0.9193,-0.1578,0.941
15.134868682,0.1317,0.9064,-0.1620,0.930
15.135877297,0.1371,0.8961,-0.1634,0.921
15.136735182,0.1383,0.8905,-0.1639,0.916
15.137469297,0.1410,0.8778,-0.1625,0.904
15.138249836,0.1424,0.8719,-0.1615,0.898
15.139650143,0.1437,0.8604,-0.1590,0.887
15.14271622,0.1437,0.8490,-0.1527,0.874
15.14441922,0.1424,0.8446,-0.1507,0.870
15.145764682,0.1412,0.8365,-0.1434,0.860
15.147538682,0.1424,0.8277,-0.1346,0.851
15.149698643,0.1419,0.8243,-0.1290,0.846
15.151365913,0.1407,0.8160,-0.1165,0.836
15.15350122,0.1424,0.8133,-0.1036,0.832
15.155119566,0.1427,0.8062,-0.0960,0.824
15.158046105,0.1434,0.8003,-0.0806,0.817
15.159954066,0.1437,0.7979,-0.0735,0.814
15.161332836,0.1446,0.7928,-0.0577,0.808
15.163210605,0.1432,0.7896,-0.0408,0.804
15.165367297,0.1427,0.7876,-0.0320,0.801
15.167301874,0.1429,0.7852,-0.0154,0.798
15.169277528,0.1441,0.7830,-0.0005,0.796
15.171097682,0.1439,0.7796,0.0073,0.793
15.174407028,0.1424,0.7781,0.0215,0.791
15.175423143,0.1417,0.7774,0.0276,0.791
15.177975874,0.1424,0.7742,0.0393,0.788
15.179321297,0.1424,0.7696,0.0501,0.784
15.181331489,0.1434,0.7674,0.0555,0.783
15.183002336,0.1419,0.7652,0.0628,0.781
15.185006336,0.1412,0.7627,0.0687,0.779
15.186816105,0.1417,0.7610,0.0706,0.777
15.18914822,0.1415,0.7613,0.0723,0.778
15.19821622,0.1402,0.7610,0.0733,0.777
15.199273989,0.1405,0.7598,0.0774,0.777
15.200038374,0.1390,0.7600,0.0806,0.777
15.200829836,0.1388,0.7608,0.0811,0.778
15.201497566,0.1366,0.7608,0.0828,0.777
15.202201643,0.1351,0.7635,0.0828,0.780
15.202999028,0.1344,0.7652,0.0823,0.781
15.204925297,0.1331,0.7688,0.0809,0.784
15.20666872,0.1312,0.7710,0.0794,0.786
15.222570374,0.1275,0.7754,0.0735,0.789
15.223945489,0.1253,0.7796,0.0699,0.793
15.224808489,0.1231,0.7832,0.0674,0.796
15.225687259,0.1192,0.7869,0.0594,0.798
15.226538989,0.1158,0.7928,0.0535,0.803
15.227429413,0.1138,0.7940,0.0501,0.804
15.228549528,0.1112,0.7967,0.0437,0.806
15.229655797,0.1107,0.7999,0.0406,0.808
15.231120836,0.1060,0.8035,0.0325,0.811
15.232203489,0.1024,0.8069,0.0266,0.814
15.233090336,0.0999,0.8084,0.0232,0.815
15.233698105,0.0972,0.8099,0.0154,0.816
15.234549566,0.0945,0.8121,0.0093,0.818
15.235347797,0.0936,0.8128,0.0056,0.818
15.236573451,0.0928,0.8128,-0.0005,0.818
15.238393759,0.0914,0.8135,-0.0034,0.819
15.241693605,0.0865,0.8150,-0.0122,0.820
15.24325972,0.0840,0.8153,-0.0195,0.820
15.244475182,0.0831,0.8157,-0.0232,0.820
15.246150759,0.0809,0.8177,-0.0303,0.822
15.248116105,0.0774,0.8162,-0.0374,0.821
15.250071451,0.0752,0.8165,-0.0408,0.821
15.252369989,0.0713,0.8172,-0.0447,0.822
15.253947643,0.0701,0.8174,-0.0479,0.822
15.255971874,0.0677,0.8162,-0.0552,0.821
15.259140913,0.0655,0.8162,-0.0594,0.821
15.261304259,0.0630,0.8157,-0.0613,0.820
15.262444489,0.0601,0.8153,-0.0638,0.820
15.264516489,0.0579,0.8162,-0.0640,0.821
15.265774413,0.0567,0.8131,-0.0645,0.818
15.267999105,0.0545,0.8106,-0.0623,0.815
15.269784066,0.0535,0.8099,-0.0623,0.814
15.271876566,0.0537,0.8091,-0.0611,0.813
15.275199412,0.0547,0.8077,-0.0569,0.812
15.276771797,0.0545,0.8067,-0.0555,0.810
15.277937759,0.0542,0.8038,-0.0542,0.807
15.279630336,0.0535,0.8023,-0.0493,0.806
15.281664412,0.0515,0.7999,-0.0472,0.803
15.283630528,0.0496,0.7986,-0.0413,0.801
15.285712528,0.0484,0.7984,-0.0393,0.801
15.287341989,0.0479,0.7964,-0.0344,0.799
15.289713528,0.0484,0.7959,-0.0308,0.798
15.301216105,0.0476,0.7955,-0.0276,0.797
15.302775066,0.0469,0.7959,-0.0225,0.798
15.304370797,0.0457,0.7957,-0.0191,0.797
15.305549989,0.0462,0.7962,-0.0181,0.798
15.306965143,0.0442,0.7957,-0.0166,0.797
15.308461143,0.0447,0.7947,-0.0134,0.796
15.309518451,0.0437,0.7945,-0.0095,0.796
15.310667374,0.0425,0.7959,-0.0078,0.797
15.311993105,0.0432,0.7962,-0.0076,0.797
15.31253622,0.0437,0.7959,-0.0046,0.797
15.312791643,0.0437,0.7967,-0.0032,0.798
15.313035143,0.0447,0.7967,-0.0015,0.798
15.325060566,0.0440,0.7972,0.0017,0.798
15.325951682,0.0447,0.7964,0.0029,0.798
15.326383182,0.0476,0.7984,0.0049,0.800
15.326765643,0.0520,0.7996,0.0056,0.801
15.327158451,0.0530,0.8011,0.0068,0.803
15.327513336,0.0579,0.8025,0.0100,0.805
15.330607028,0.0625,0.8030,0.0115,0.806
15.331298028,0.0655,0.8035,0.0120,0.806
15.331826989,0.0716,0.8028,0.0137,0.806
15.33284272,0.0748,0.8033,0.0156,0.807
15.334745682,0.0816,0.8065,0.0188,0.811
15.336760182,0.0928,0.8099,0.0225,0.815
15.338790066,0.0977,0.8121,0.0242,0.818
15.341880682,0.1058,0.8143,0.0259,0.822
15.342641759,0.1143,0.8157,0.0298,0.824
15.344878451,0.1190,0.8184,0.0305,0.828
15.34711422,0.1287,0.8209,0.0327,0.832
15.348914451,0.1341,0.8211,0.0347,0.833
15.350886066,0.1459,0.8250,0.0398,0.839
15.352650682,0.1537,0.8299,0.0406,0.845
15.354549066,0.1564,0.8321,0.0428,0.848
15.356460912,0.1595,0.8375,0.0452,0.854
15.358607605,0.1652,0.8397,0.0491,0.857
15.362851297,0.1673,0.8433,0.0506,0.861
15.363139451,0.1700,0.8499,0.0523,0.868
15.364421336,0.1703,0.8526,0.0535,0.871
15.366305951,0.1705,0.8573,0.0550,0.876
15.368360643,0.1681,0.8636,0.0559,0.882
15.370257874,0.1669,0.8668,0.0562,0.884
15.372064682,0.1661,0.8719,0.0542,0.889
15.377891643,0.1627,0.8783,0.0535,0.895
15.37846122,0.1610,0.8829,0.0525,0.899
15.37869872,0.1576,0.8893,0.0518,0.905
15.380452374,0.1559,0.8929,0.0503,0.908
15.382089066,0.1498,0.9017,0.0472,0.915
15.384176835,0.1444,0.9076,0.0469,0.920
15.386176412,0.1405,0.9103,0.0452,0.922
15.387997528,0.1368,0.9166,0.0435,0.928
15.389972835,0.1331,0.9203,0.0415,0.931
15.403302951,0.1319,0.9249,0.0413,0.935
15.404897335,0.1287,0.9315,0.0410,0.941
15.405969874,0.1261,0.9345,0.0403,0.944
15.406950335,0.1244,0.9401,0.0406,0.949
15.408010374,0.1219,0.9430,0.0386,0.952
15.409113835,0.1195,0.9450,0.0398,0.953
15.410233566,0.1178,0.9496,0.0398,0.958
15.411258605,0.1180,0.9513,0.0403,0.959
15.412440028,0.1187,0.9535,0.0398,0.962
15.413384451,0.1168,0.9555,0.0415,0.963
15.414162605,0.1165,0.9560,0.0430,0.964
15.414807182,0.1153,0.9572,0.0452,0.965
15.415724182,0.1192,0.9579,0.0454,0.966
15.418332566,0.1212,0.9574,0.0462,0.966
15.419974835,0.1222,0.9562,0.0469,0.965
15.421390143,0.1226,0.9565,0.0472,0.965
15.423333797,0.1236,0.9557,0.0513,0.965
15.426561951,0.1278,0.9557,0.0545,0.966
15.428070759,0.1295,0.9545,0.0547,0.965
15.429210874,0.1322,0.9538,0.0579,0.965
15.431193951,0.1329,0.9538,0.0613,0.965
15.433324297,0.1341,0.9513,0.0630,0.963
15.435026489,0.1361,0.9504,0.0674,0.962
15.437624835,0.1380,0.9494,0.0691,0.962
15.438978759,0.1393,0.9472,0.0728,0.960
15.443391412,0.1427,0.9452,0.0770,0.959
15.445036451,0.1432,0.9445,0.0796,0.959
15.446275066,0.1461,0.9442,0.0855,0.959
15.447598259,0.1466,0.9442,0.0892,0.960
15.449162028,0.1473,0.9447,0.0980,0.961
15.451076528,0.1495,0.9430,0.1031,0.960
15.453005259,0.1502,0.9420,0.1065,0.960
15.454843528,0.1490,0.9420,0.1168,0.961
15.457417335,0.1483,0.9423,0.1273,0.962
15.460552489,0.1478,0.9430,0.1327,0.964
15.462429528,0.1463,0.9440,0.1410,0.966
15.463957259,0.1449,0.9467,0.1507,0.969
15.465209374,0.1449,0.9482,0.1549,0.972
15.466834835,0.1441,0.9484,0.1620,0.973
15.469184528,0.1432,0.9494,0.1661,0.974
15.470786797,0.1400,0.9523,0.1757,0.978
15.473136028,0.1388,0.9526,0.1808,0.979
15.476539374,0.1383,0.9528,0.1832,0.980
15.478085182,0.1344,0.9547,0.1896,0.983
15.479579643,0.1331,0.9543,0.1947,0.983
15.480913143,0.1324,0.9552,0.1981,0.985
15.482530989,0.1292,0.9552,0.1998,0.984
15.484543451,0.1283,0.9538,0.2001,0.983
15.486646797,0.1253,0.9543,0.1986,0.983
15.488646297,0.1234,0.9518,0.1991,0.980
15.490661451,0.1219,0.9511,0.1981,0.979
15.499984335,0.1214,0.9508,0.1950,0.978
15.501404797,0.1207,0.9501,0.1874,0.976
15.50254072,0.1202,0.9506,0.1830,0.975
15.503613028,0.1209,0.9511,0.1749,0.975
15.504772682,0.1214,0.9511,0.1695,0.974
15.506175797,0.1246,0.9526,0.1564,0.973
15.506596566,0.1285,0.9535,0.1427,0.973
15.507016951,0.1314,0.9547,0.1353,0.973
15.525431912,0.1371,0.9560,0.1209,0.973
15.527366028,0.1410,0.9579,0.1119,0.975
15.528636182,0.1498,0.9616,0.0953,0.978
15.529862528,0.1568,0.9653,0.0784,0.981
15.530974643,0.1612,0.9667,0.0694,0.983
15.53266572,0.1730,0.9687,0.0511,0.985
15.533878066,0.1840,0.9714,0.0318,0.989
15.534837412,0.1903,0.9723,0.0222,0.991
15.536347143,0.2033,0.9762,0.0037,0.997
15.537312951,0.2152,0.9777,-0.0125,1.001
15.538261989,0.2233,0.9794,-0.0208,1.005
15.539032105,0.2392,0.9824,-0.0357,1.012
15.540418105,0.2475,0.9831,-0.0423,1.015
15.541550335,0.2599,0.9826,-0.0577,1.018
15.542609297,0.2717,0.9831,-0.0674,1.022
15.544040912,0.2778,0.9836,-0.0728,1.025
15.544797412,0.2890,0.9821,-0.0816,1.027
15.545870758,0.2985,0.9811,-0.0884,1.029
15.546666105,0.3027,0.9789,-0.0923,1.029
15.548212758,0.3103,0.9767,-0.0953,1.029
15.548911912,0.3134,0.9753,-0.0958,1.029
15.549345335,0.3205,0.9738,-0.0953,1.030
15.551589451,0.3244,0.9738,-0.0928,1.031
15.553379335,0.3261,0.9736,-0.0911,1.031
15.555467566,0.3261,0.9740,-0.0833,1.031
15.557524143,0.3242,0.9740,-0.0755,1.029
15.563869797,0.3218,0.9743,-0.0711,1.029
15.564681797,0.3171,0.9765,-0.0584,1.028
15.56512072,0.3134,0.9787,-0.0515,1.029
15.565541258,0.3046,0.9821,-0.0354,1.029
15.567351105,0.2944,0.9875,-0.0191,1.031
15.569127682,0.2897,0.9880,-0.0112,1.030
15.571016951,0.2792,0.9926,0.0054,1.031
15.573539528,0.2722,0.9953,0.0144,1.032
15.587693028,0.2580,1.0014,0.0310,1.035
15.589537335,0.2446,1.0073,0.0476,1.038
15.590649374,0.2370,1.0105,0.0559,1.039
15.591613528,0.2253,1.0151,0.0713,1.042
15.592958758,0.2135,1.0195,0.0840,1.045
15.594161412,0.2069,1.0212,0.0889,1.046
15.595502028,0.1969,1.0239,0.0975,1.047
15.596926451,0.1876,1.0266,0.1031,1.049
15.597850566,0.1823,1.0315,0.1053,1.053
15.598654912,0.1717,1.0339,0.1085,1.054
15.599481374,0.1681,1.0346,0.1087,1.054
15.600685835,0.1600,1.0351,0.1094,1.053
15.601600489,0.1524,1.0378,0.1073,1.054
15.602351066,0.1507,1.0376,0.1051,1.054
15.603209258,0.1473,1.0368,0.0987,1.052
15.605889105,0.1463,1.0378,0.0945,1.052
15.607464643,0.1444,1.0388,0.0862,1.052
15.60874222,0.1415,1.0398,0.0745,1.052
15.615102105,0.1402,1.0405,0.0691,1.052
15.617046105,0.1415,1.0420,0.0564,1.053
15.61829422,0.1415,1.0442,0.0452,1.055
15.619396528,0.1427,1.0454,0.0406,1.056
15.620605605,0.1405,1.0469,0.0320,1.057
15.621448028,0.1400,1.0483,0.0274,1.058
15.622493258,0.1422,1.0515,0.0198,1.061
15.625757989,0.1444,1.0564,0.0127,1.066
15.628844028,0.1432,1.0576,0.0090,1.067
15.630498451,0.1461,1.0618,0.0037,1.072
15.631572374,0.1478,1.0652,0.0037,1.075
15.632681489,0.1498,1.0686,0.0024,1.079
15.633972605,0.1539,1.0754,0.0005,1.086
15.636078758,0.1546,1.0781,0.0022,1.089
15.638680258,0.1564,1.0864,0.0071,1.098
15.640110258,0.1564,1.0930,0.0173,1.104
15.642332181,0.1568,1.0967,0.0235,1.108
15.644231066,0.1573,1.1028,0.0359,1.115
15.646682912,0.1542,1.1109,0.0486,1.123
15.647845412,0.1544,1.1155,0.0559,1.128
15.650302105,0.1527,1.1241,0.0740,1.137
15.651907643,0.1522,1.1280,0.0833,1.141
15.654489105,0.1534,1.1368,0.0987,1.151
15.655959258,0.1507,1.1473,0.1178,1.163
15.660015181,0.1505,1.1526,0.1266,1.169
15.66096272,0.1493,1.1666,0.1415,1.185
15.662154874,0.1488,1.1802,0.1551,1.200
15.663943412,0.1478,1.1878,0.1600,1.208
15.665856105,0.1451,1.2042,0.1695,1.225
15.667658835,0.1395,1.2120,0.1791,1.233
15.669874989,0.1368,1.2274,0.1810,1.248
15.671647681,0.1275,1.2418,0.1837,1.262
15.673750605,0.1241,1.2496,0.1842,1.269
15.676440797,0.1153,1.2645,0.1813,1.283
15.678912874,0.1058,1.2794,0.1766,1.296
15.679491489,0.1014,1.2855,0.1749,1.301
15.681668451,0.0931,1.3009,0.1664,1.315
15.683491489,0.0897,1.3092,0.1603,1.322
15.685924566,0.0836,1.3227,0.1500,1.334
15.687465643,0.0757,1.3376,0.1371,1.347
15.689668066,0.0730,1.3444,0.1312,1.353
15.700413989,0.0672,1.3574,0.1185,1.364
15.702038489,0.0638,1.3708,0.1073,1.376
15.703222066,0.0623,1.3767,0.0987,1.382
15.704476835,0.0579,1.3867,0.0880,1.391
15.705695412,0.0574,1.3916,0.0831,1.395
15.706608143,0.0594,1.3991,0.0726,1.402
15.708112643,0.0616,1.4026,0.0633,1.405
15.709242604,0.0645,1.4052,0.0589,1.408
15.710263874,0.0699,1.4094,0.0508,1.412
15.711359797,0.0794,1.4099,0.0437,1.413
15.712640181,0.0862,1.4087,0.0406,1.412
15.726680874,0.1024,1.4070,0.0352,1.411
15.727622758,0.1107,1.4057,0.0308,1.410
15.728165489,0.1270,1.4021,0.0249,1.408
15.728576643,0.1417,1.3979,0.0186,1.405
15.728993489,0.1495,1.3960,0.0147,1.404
15.729407143,0.1654,1.3908,0.0073,1.401
15.729823451,0.1769,1.3855,-0.0037,1.397
15.730225951,0.1825,1.3813,-0.0120,1.393
15.73063822,0.1913,1.3757,-0.0303,1.389
15.731047451,0.2008,1.3657,-0.0491,1.381
15.733224489,0.2035,1.3596,-0.0594,1.376
15.734580874,0.2096,1.3495,-0.0838,1.368
15.736650028,0.2116,1.3434,-0.0972,1.363
15.73916622,0.2145,1.3324,-0.1239,1.355
15.741162028,0.2140,1.3222,-0.1476,1.347
15.743283451,0.2123,1.3153,-0.1600,1.342
15.744617143,0.2072,1.3034,-0.1842,1.333
15.749623374,0.2042,1.2973,-0.1950,1.328
15.750247451,0.1962,1.2872,-0.2165,1.320
15.750688335,0.1854,1.2792,-0.2360,1.314
15.752960835,0.1793,1.2753,-0.2436,1.311
15.754276604,0.1659,1.2648,-0.2555,1.301
15.756954297,0.1507,1.2570,-0.2626,1.293
15.759329835,0.1427,1.2523,-0.2643,1.288
15.761537335,0.1241,1.2401,-0.2653,1.274
15.762179951,0.1134,1.2342,-0.2641,1.267
15.764345104,0.0919,1.2225,-0.2560,1.252
15.766047604,0.0679,1.2120,-0.2431,1.238
15.768016643,0.0567,1.2049,-0.2348,1.229
15.770286989,0.0347,1.1915,-0.2182,1.212
15.772276412,0.0127,1.1773,-0.1981,1.194
15.774434335,0.0020,1.1693,-0.1879,1.184
15.777235758,-0.0154,1.1536,-0.1632,1.165
15.778123912,-0.0210,1.1441,-0.1505,1.154
15.779933066,-0.0340,1.1260,-0.1244,1.133
15.782242412,-0.0440,1.1072,-0.0985,1.112
15.783623066,-0.0493,1.0955,-0.0858,1.100
15.785899643,-0.0545,1.0769,-0.0606,1.080
15.788046412,-0.0596,1.0566,-0.0381,1.059
15.789981643,-0.0618,1.0478,-0.0259,1.050
15.796688143,-0.0630,1.0302,-0.0042,1.032
15.797496028,-0.0623,1.0214,0.0059,1.023
15.797927374,-0.0616,1.0014,0.0217,1.004
15.798373989,-0.0603,0.9819,0.0344,0.984
15.799630874,-0.0581,0.9704,0.0381,0.973
15.801640528,-0.0530,0.9535,0.0452,0.956
15.804465374,-0.0498,0.9376,0.0476,0.940
15.805508528,-0.0481,0.9286,0.0489,0.931
15.807399066,-0.0423,0.9147,0.0474,0.917
15.822477797,-0.0374,0.9083,0.0450,0.910
15.824148066,-0.0315,0.8971,0.0408,0.899
15.825317335,-0.0261,0.8910,0.0325,0.892
15.82648972,-0.0225,0.8863,0.0281,0.887
15.827974066,-0.0139,0.8800,0.0215,0.880
15.82908722,-0.0037,0.8763,0.0125,0.876
15.830232681,0.0020,0.8756,0.0081,0.876
15.831461604,0.0122,0.8751,0.0007,0.875
15.832497874,0.0173,0.8761,-0.0024,0.876
15.833541797,0.0266,0.8822,-0.0105,0.883
15.834525604,0.0369,0.8876,-0.0173,0.889
15.835649412,0.0413,0.8917,-0.0220,0.893
15.836691643,0.0513,0.9025,-0.0279,0.904
15.837703104,0.0625,0.9137,-0.0344,0.916
15.838467027,0.0677,0.9198,-0.0366,0.923
15.83947122,0.0760,0.9320,-0.0418,0.936
15.842460489,0.0789,0.9396,-0.0452,0.944
15.844215835,0.0865,0.9521,-0.0508,0.957
15.845339374,0.0931,0.9653,-0.0564,0.971
15.846921181,0.0953,0.9714,-0.0589,0.978
15.848950489,0.1004,0.9850,-0.0635,0.992
15.851386912,0.1046,0.9985,-0.0711,1.006
15.853203181,0.1065,1.0048,-0.0750,1.013
15.855115835,0.1087,1.0146,-0.0823,1.024
15.857017681,0.1099,1.0200,-0.0845,1.029
15.859810566,0.1109,1.0312,-0.0901,1.041
15.862040951,0.1129,1.0422,-0.0965,1.053
15.863257835,0.1134,1.0454,-0.0999,1.056
15.864613374,0.1107,1.0537,-0.1060,1.065
15.86664422,0.1097,1.0566,-0.1121,1.068
15.868663951,0.1087,1.0591,-0.1143,1.071
15.87057622,0.1058,1.0632,-0.1207,1.075
15.872591835,0.1055,1.0640,-0.1229,1.076
15.876104951,0.1016,1.0620,-0.1295,1.075
15.877128989,0.0938,1.0586,-0.1324,1.071
15.879557297,0.0906,1.0578,-0.1329,1.070
15.881188066,0.0848,1.0542,-0.1324,1.066
15.882842258,0.0818,1.0530,-0.1322,1.064
15.884638989,0.0735,1.0481,-0.1319,1.059
15.886323989,0.0669,1.0437,-0.1319,1.054
15.888529989,0.0623,1.0412,-0.1297,1.051
15.890475027,0.0530,1.0341,-0.1266,1.043
15.901337758,0.0457,1.0280,-0.1209,1.036
15.902208335,0.0401,1.0254,-0.1178,1.033
15.902651758,0.0300,1.0229,-0.1119,1.029
15.903075181,0.0200,1.0195,-0.1046,1.025
15.903512374,0.0139,1.0129,-0.1016,1.018
15.904002027,0.0024,1.0070,-0.0958,1.012
15.904425797,-0.0034,1.0039,-0.0921,1.008
15.90623522,-0.0144,0.9963,-0.0843,1.000
15.908270104,-0.0293,0.9894,-0.0796,0.993
15.931561412,-0.0349,0.9850,-0.0762,0.989
15.933377681,-0.0462,0.9767,-0.0677,0.980
15.934547374,-0.0572,0.9736,-0.0638,0.977
15.935690643,-0.0630,0.9640,-0.0621,0.968
15.936692835,-0.0755,0.9572,-0.0584,0.962
15.937796104,-0.0804,0.9530,-0.0564,0.958
15.93896772,-0.0906,0.9469,-0.0513,0.953
15.940310181,-0.0992,0.9408,-0.0479,0.947
15.941551297,-0.1029,0.9374,-0.0469,0.944
15.942762335,-0.1077,0.9318,-0.0447,0.939
15.944028604,-0.1107,0.9296,-0.0430,0.937
15.945386566,-0.1173,0.9230,-0.0410,0.931
15.946663181,-0.1214,0.9186,-0.0401,0.927
15.947972835,-0.1214,0.9154,-0.0393,0.924
15.949134835,-0.1204,0.9098,-0.0376,0.919
15.950146335,-0.1173,0.9052,-0.0354,0.913
15.95132222,-0.1148,0.9034,-0.0335,0.911
15.95235845,-0.1082,0.9005,-0.0298,0.907
15.953440374,-0.1051,0.8986,-0.0291,0.905
15.954349412,-0.0982,0.8942,-0.0247,0.900
15.955501066,-0.0870,0.8900,-0.0205,0.894
15.957339027,-0.0816,0.8885,-0.0195,0.892
15.958435643,-0.0699,0.8871,-0.0147,0.890
15.960075181,-0.0594,0.8834,-0.0095,0.885
15.960788258,-0.0545,0.8817,-0.0081,0.883
15.961222874,-0.0437,0.8785,-0.0064,0.880
15.963238681,-0.0381,0.8775,-0.0044,0.878
15.963990797,-0.0261,0.8758,0.0005,0.876
15.965632181,-0.0161,0.8744,0.0042,0.875
15.96711845,-0.0132,0.8736,0.0049,0.874
15.969785912,-0.0051,0.8724,0.0081,0.872
15.971014027,-0.0002,0.8692,0.0142,0.869
15.973012066,0.0020,0.8688,0.0144,0.869
15.974706604,0.0081,0.8666,0.0173,0.867
15.978235143,0.0139,0.8658,0.0171,0.866
15.97874722,0.0166,0.8646,0.0176,0.865
15.981345258,0.0181,0.8631,0.0176,0.864
15.982865681,0.0178,0.8619,0.0186,0.862
15.985065643,0.0181,0.8585,0.0164,0.859
15.986577912,0.0198,0.8570,0.0151,0.857
15.989339912,0.0195,0.8560,0.0156,0.856
15.990922297,0.0183,0.8531,0.0151,0.853
15.998639566,0.0188,0.8519,0.0147,0.852
15.999515335,0.0169,0.8482,0.0120,0.848
16.00006395,0.0159,0.8443,0.0090,0.845
16.000486566,0.0151,0.8433,0.0086,0.844
16.000894566,0.0127,0.8407,0.0088,0.841
16.002642681,0.0142,0.8372,0.0066,0.837
16.00607045,0.0149,0.8346,0.0066,0.835
16.006744566,0.0156,0.8311,0.0039,0.831
16.008671489,0.0154,0.8297,0.0022,0.830
16.027406297,0.0132,0.8270,0.0010,0.827
16.029274335,0.0139,0.8238,-0.0012,0.824
16.030293412,0.0132,0.8231,-0.0012,0.823
16.031158835,0.0132,0.8209,-0.0024,0.821
16.032617989,0.0120,0.8192,-0.0022,0.819
16.033831604,0.0103,0.8194,-0.0024,0.819
16.035144566,0.0083,0.8187,-0.0022,0.819
16.036625027,0.0083,0.8177,-0.0017,0.818
16.037686104,0.0076,0.8167,-0.0017,0.817
16.038613566,0.0051,0.8153,0.0000,0.815
16.039415681,0.0037,0.8140,0.0020,0.814
16.040525104,0.0010,0.8133,0.0056,0.813
16.041223373,-0.0017,0.8113,0.0076,0.811
16.042238027,-0.0032,0.8099,0.0088,0.810
16.04310245,-0.0059,0.8087,0.0129,0.809
16.044506412,-0.0083,0.8087,0.0139,0.809
16.045510912,-0.0112,0.8057,0.0191,0.806
16.046491681,-0.0134,0.8043,0.0235,0.805
16.047223143,-0.0142,0.8035,0.0247,0.804
16.04831522,-0.0171,0.8008,0.0261,0.801
16.050721527,-0.0200,0.7994,0.0261,0.800
16.05229122,-0.0215,0.7962,0.0269,0.797
16.053858489,-0.0254,0.7942,0.0300,0.795
16.055926912,-0.0266,0.7930,0.0320,0.794
16.057809373,-0.0271,0.7918,0.0330,0.793
16.06119572,-0.0286,0.7911,0.0342,0.792
16.06335972,-0.0298,0.7916,0.0357,0.793
16.064554566,-0.0332,0.7896,0.0386,0.791
16.065940912,-0.0362,0.7889,0.0440,0.791
16.067501527,-0.0366,0.7891,0.0457,0.791
16.06981922,-0.0366,0.7886,0.0479,0.791
16.071465835,-0.0369,0.7872,0.0484,0.790
16.073262797,-0.0393,0.7879,0.0525,0.791
16.075301066,-0.0406,0.7874,0.0557,0.790
16.081599412,-0.0408,0.7859,0.0564,0.789
16.082389297,-0.0413,0.7847,0.0606,0.788
16.082817489,-0.0413,0.7842,0.0640,0.788
16.083231527,-0.0418,0.7832,0.0669,0.787
16.085773797,-0.0415,0.7818,0.0696,0.786
16.08707822,-0.0425,0.7815,0.0713,0.786
16.089494335,-0.0432,0.7810,0.0770,0.786
16.091043412,-0.0440,0.7813,0.0814,0.787
16.105968412,-0.0442,0.7808,0.0826,0.786
16.107457681,-0.0428,0.7806,0.0840,0.786
16.108873412,-0.0413,0.7810,0.0853,0.787
16.109884335,-0.0398,0.7820,0.0872,0.788
16.111134027,-0.0366,0.7847,0.0906,0.791
16.112417104,-0.0352,0.7862,0.0916,0.792
16.113588604,-0.0318,0.7881,0.0972,0.795
16.114685797,-0.0279,0.7879,0.1007,0.795
16.115584643,-0.0257,0.7889,0.1033,0.796
16.116561643,-0.0198,0.7906,0.1063,0.798
16.117499797,-0.0166,0.7938,0.1097,0.801
16.118239489,-0.0139,0.7959,0.1121,0.804
16.119179143,-0.0073,0.8006,0.1160,0.809
16.120015797,-0.0032,0.8008,0.1192,0.810
16.120974527,0.0027,0.8043,0.1234,0.814
16.123454835,0.0076,0.8074,0.1280,0.818
16.125102181,0.0110,0.8096,0.1283,0.820
16.131561681,0.0171,0.8113,0.1300,0.822
16.133305489,0.0217,0.8160,0.1349,0.827
16.134430758,0.0244,0.8184,0.1358,0.830
16.135542643,0.0293,0.8211,0.1397,0.833
16.136769412,0.0320,0.8228,0.1407,0.835
16.137549489,0.0347,0.8258,0.1419,0.839
16.13839122,0.0371,0.8275,0.1424,0.840
16.140618027,0.0381,0.8287,0.1417,0.842
16.143845681,0.0396,0.8341,0.1400,0.847
16.145344873,0.0425,0.8367,0.1388,0.849
16.148026258,0.0445,0.8375,0.1378,0.850
16.149421373,0.0464,0.8416,0.1349,0.854
16.150811835,0.0472,0.8429,0.1319,0.854
16.152537643,0.0489,0.8458,0.1285,0.857
16.154342066,0.0518,0.8502,0.1246,0.861
16.156363604,0.0523,0.8512,0.1214,0.861
16.158275489,0.0533,0.8551,0.1175,0.865
16.161912835,0.0535,0.8580,0.1116,0.867
16.163684373,0.0533,0.8602,0.1085,0.869
16.164903258,0.0540,0.8641,0.1009,0.872
16.166293104,0.0540,0.8670,0.0955,0.874
16.168320258,0.0523,0.8700,0.0865,0.876
16.17014272,0.0511,0.8719,0.0767,0.877
16.171885566,0.0511,0.8727,0.0726,0.877
16.17422045,0.0501,0.8778,0.0635,0.882
16.176975758,0.0476,0.8793,0.0545,0.882
16.177988604,0.0454,0.8822,0.0496,0.885
16.180077181,0.0432,0.8856,0.0415,0.888
16.182198027,0.0415,0.8871,0.0364,0.889
16.183672027,0.0384,0.8903,0.0249,0.891
16.185666681,0.0332,0.8925,0.0147,0.893
16.187356796,0.0313,0.8932,0.0103,0.894
16.190332335,0.0281,0.8986,0.0032,0.899
16.191852296,0.0259,0.9012,0.0005,0.902
16.198297104,0.0215,0.9047,-0.0071,0.905
16.199104873,0.0173,0.9103,-0.0105,0.911
16.199568027,0.0171,0.9122,-0.0117,0.912
16.200092527,0.0151,0.9166,-0.0149,0.917
16.20381222,0.0122,0.9210,-0.0164,0.921
16.204290912,0.0115,0.9220,-0.0164,0.922
16.205660758,0.0071,0.9259,-0.0159,0.926
16.208003258,0.0005,0.9289,-0.0132,0.929
16.22501622,-0.0002,0.9308,-0.0127,0.931
16.227011835,-0.0032,0.9350,-0.0093,0.935
16.22835672,-0.0076,0.9374,-0.0066,0.937
16.229563143,-0.0107,0.9413,-0.0005,0.941
16.230695527,-0.0156,0.9452,0.0059,0.945
16.232163835,-0.0178,0.9462,0.0103,0.946
16.23350122,-0.0239,0.9482,0.0183,0.949
16.234546296,-0.0293,0.9504,0.0269,0.951
16.236435527,-0.0305,0.9511,0.0305,0.952
16.238035104,-0.0332,0.9513,0.0371,0.953
16.239410758,-0.0384,0.9526,0.0462,0.954
16.240756143,-0.0413,0.9538,0.0511,0.956
16.242048489,-0.0484,0.9547,0.0601,0.958
16.243539719,-0.0520,0.9545,0.0650,0.958
16.245149335,-0.0574,0.9543,0.0733,0.959
16.246499758,-0.0625,0.9528,0.0806,0.958
16.247925412,-0.0652,0.9530,0.0853,0.959
16.249355258,-0.0713,0.9562,0.0906,0.963
16.250521873,-0.0750,0.9560,0.0970,0.964
16.252022219,-0.0782,0.9569,0.1007,0.965
16.252694527,-0.0814,0.9609,0.1048,0.970
16.25310795,-0.0828,0.9616,0.1073,0.971
16.253434758,-0.0838,0.9618,0.1114,0.972
16.255515835,-0.0855,0.9638,0.1134,0.974
16.256958489,-0.0860,0.9653,0.1138,0.976
16.259104873,-0.0840,0.9665,0.1151,0.977
16.268291335,-0.0814,0.9677,0.1158,0.978
16.269181258,-0.0806,0.9694,0.1173,0.980
16.269563027,-0.0784,0.9716,0.1182,0.982
16.269909219,-0.0779,0.9728,0.1178,0.983
16.270254027,-0.0767,0.9733,0.1163,0.983
16.270584104,-0.0721,0.9758,0.1146,0.985
16.272643027,-0.0701,0.9767,0.1131,0.986
16.274543066,-0.0669,0.9784,0.1104,0.987
16.281485643,-0.0647,0.9777,0.1085,0.986
16.28233545,-0.0601,0.9767,0.1068,0.984
16.282784066,-0.0533,0.9792,0.1024,0.986
16.283213335,-0.0506,0.9794,0.0987,0.986
16.284948296,-0.0491,0.9802,0.0938,0.986
16.292844835,-0.0457,0.9814,0.0884,0.986
16.29351545,-0.0430,0.9819,0.0843,0.986
16.29395195,-0.0384,0.9831,0.0777,0.987
16.294360796,-0.0369,0.9848,0.0696,0.988
16.294800912,-0.0369,0.9858,0.0647,0.989
16.310668719,-0.0369,0.9899,0.0552,0.992
16.312626104,-0.0366,0.9921,0.0511,0.994
16.314070835,-0.0366,0.9931,0.0425,0.995
16.315394527,-0.0374,0.9977,0.0318,0.999
16.316784566,-0.0381,0.9997,0.0259,1.001
16.317962219,-0.0410,1.0034,0.0166,1.004
16.318971412,-0.0415,1.0092,0.0068,1.010
16.320064258,-0.0418,1.0124,0.0029,1.013
16.321030873,-0.0408,1.0168,-0.0078,1.018
16.32263495,-0.0408,1.0185,-0.0125,1.019
16.323699296,-0.0406,1.0241,-0.0213,1.025
16.324822219,-0.0403,1.0298,-0.0286,1.031
16.326122681,-0.0403,1.0322,-0.0315,1.033
16.327182104,-0.0401,1.0371,-0.0384,1.039
16.328607643,-0.0403,1.0403,-0.0437,1.042
16.329814219,-0.0410,1.0412,-0.0445,1.043
16.330793989,-0.0398,1.0439,-0.0464,1.046
16.332167873,-0.0396,1.0456,-0.0462,1.047
16.332889989,-0.0398,1.0486,-0.0447,1.050
16.334950873,-0.0401,1.0508,-0.0452,1.052
16.335725527,-0.0410,1.0520,-0.0432,1.054
16.337758258,-0.0406,1.0539,-0.0374,1.055
16.339917873,-0.0406,1.0556,-0.0308,1.057
16.34159595,-0.0403,1.0576,-0.0269,1.059
16.344123335,-0.0418,1.0598,-0.0173,1.061
16.346519604,-0.0423,1.0605,-0.0127,1.061
16.34761045,-0.0442,1.0615,-0.0020,1.062
16.349730373,-0.0457,1.0647,0.0112,1.066
16.351286796,-0.0469,1.0659,0.0178,1.067
16.353976335,-0.0489,1.0698,0.0283,1.071
16.355428027,-0.0513,1.0723,0.0413,1.074
16.35739995,-0.0525,1.0742,0.0481,1.077
16.359182873,-0.0540,1.0769,0.0621,1.080
16.361635566,-0.0555,1.0786,0.0682,1.082
16.36323895,-0.0596,1.0835,0.0818,1.088
16.36561095,-0.0584,1.0840,0.0960,1.090
16.36726645,-0.0594,1.0850,0.1024,1.091
16.369813604,-0.0603,1.0867,0.1158,1.094
16.371620296,-0.0623,1.0881,0.1278,1.097
16.373527489,-0.0635,1.0894,0.1334,1.099
16.375048912,-0.0674,1.0918,0.1451,1.103
16.381795527,-0.0708,1.0916,0.1498,1.104
16.382618373,-0.0772,1.0928,0.1537,1.106
16.383001489,-0.0872,1.0935,0.1581,1.108
16.383382489,-0.0914,1.0940,0.1583,1.109
16.38583445,-0.0987,1.0938,0.1590,1.110
16.387056719,-0.1068,1.0933,0.1549,1.109
16.389344258,-0.1116,1.0916,0.1515,1.108
16.391027296,-0.1187,1.0891,0.1422,1.105
16.410196835,-0.1214,1.0874,0.1373,1.103
16.412076566,-0.1251,1.0867,0.1256,1.101
16.413310066,-0.1270,1.0872,0.1134,1.100
16.414208642,-0.1283,1.0884,0.1063,1.101
16.415271219,-0.1305,1.0903,0.0919,1.102
16.416661566,-0.1287,1.0957,0.0767,1.106
16.417824681,-0.1290,1.0972,0.0689,1.107
16.419056296,-0.1248,1.1004,0.0542,1.109
16.420244642,-0.1173,1.1043,0.0474,1.111
16.421286989,-0.1126,1.1116,0.0330,1.118
16.422113566,-0.1058,1.1177,0.0247,1.123
16.423105066,-0.1009,1.1221,0.0183,1.127
16.423968912,-0.0931,1.1287,0.0066,1.133
16.424980719,-0.0828,1.1368,-0.0024,1.140
16.426121989,-0.0784,1.1397,-0.0066,1.142
16.427124604,-0.0687,1.1465,-0.0137,1.149
16.428494335,-0.0655,1.1507,-0.0161,1.153
16.429567758,-0.0555,1.1614,-0.0215,1.163
16.430620989,-0.0442,1.1712,-0.0274,1.172
16.431505758,-0.0374,1.1771,-0.0296,1.178
16.432726719,-0.0242,1.1900,-0.0344,1.191
16.436247296,-0.0107,1.2010,-0.0401,1.202
16.445197681,-0.0039,1.2069,-0.0418,1.208
16.446900758,0.0112,1.2144,-0.0479,1.215
16.448397027,0.0188,1.2179,-0.0501,1.219
16.449508527,0.0325,1.2235,-0.0542,1.225
16.450701835,0.0457,1.2274,-0.0601,1.230
16.451663027,0.0535,1.2281,-0.0633,1.231
16.452599681,0.0647,1.2281,-0.0726,1.232
16.453319719,0.0694,1.2262,-0.0806,1.231
16.454418258,0.0718,1.2235,-0.0848,1.229
16.455215065,0.0757,1.2164,-0.0938,1.222
16.456520065,0.0782,1.2140,-0.0987,1.220
16.458263642,0.0818,1.2091,-0.1051,1.216
16.46207295,0.0828,1.2052,-0.1114,1.213
16.463651989,0.0845,1.2044,-0.1143,1.213
16.464884489,0.0865,1.2042,-0.1197,1.213
16.466032142,0.0862,1.2064,-0.1248,1.216
16.467923565,0.0853,1.2079,-0.1273,1.218
16.469706796,0.0811,1.2140,-0.1287,1.223
16.471595912,0.0779,1.2166,-0.1302,1.226
16.473713335,0.0733,1.2228,-0.1331,1.232
16.475571335,0.0696,1.2289,-0.1349,1.238
16.477694758,0.0674,1.2318,-0.1363,1.241
16.479525873,0.0606,1.2379,-0.1373,1.247
16.481668758,0.0564,1.2406,-0.1397,1.250
16.483159373,0.0542,1.2474,-0.1395,1.256
16.485433796,0.0518,1.2540,-0.1383,1.263
16.487405296,0.0486,1.2589,-0.1368,1.267
16.489631104,0.0440,1.2660,-0.1302,1.273
16.491311181,0.0388,1.2728,-0.1231,1.279
16.498578642,0.0357,1.2748,-0.1190,1.281
16.499396719,0.0271,1.2816,-0.1112,1.287
16.499850489,0.0183,1.2843,-0.1011,1.288
16.500233565,0.0110,1.2909,-0.0955,1.294
16.501305719,-0.0002,1.2953,-0.0865,1.298
16.503427604,-0.0059,1.2968,-0.0831,1.299
16.505247142,-0.0193,1.3007,-0.0740,1.303
16.507006335,-0.0315,1.3046,-0.0655,1.307
16.50901795,-0.0359,1.3058,-0.0628,1.308
16.528628681,-0.0464,1.3075,-0.0579,1.310
16.530065142,-0.0552,1.3068,-0.0562,1.309
16.531022912,-0.0594,1.3075,-0.0528,1.310
16.531856335,-0.0672,1.3080,-0.0542,1.311
16.532814412,-0.0701,1.3083,-0.0545,1.311
16.533629565,-0.0745,1.3073,-0.0581,1.311
16.534636835,-0.0787,1.3051,-0.0647,1.309
16.535488527,-0.0809,1.3031,-0.0699,1.308
16.536632604,-0.0826,1.2995,-0.0799,1.305
16.537430873,-0.0826,1.2936,-0.0914,1.299
16.538174065,-0.0828,1.2907,-0.0980,1.297
16.538956719,-0.0833,1.2829,-0.1114,1.290
16.539656027,-0.0821,1.2775,-0.1187,1.286
16.540631412,-0.0804,1.2679,-0.1302,1.277
16.541392335,-0.0762,1.2574,-0.1429,1.268
16.542141565,-0.0733,1.2526,-0.1488,1.263
16.543226373,-0.0652,1.2411,-0.1620,1.253
16.545930258,-0.0574,1.2284,-0.1691,1.241
16.547377142,-0.0533,1.2225,-0.1715,1.236
16.548475873,-0.0469,1.2130,-0.1779,1.227
16.550425142,-0.0423,1.2079,-0.1793,1.222
16.552776142,-0.0322,1.1956,-0.1825,1.210
16.554350027,-0.0203,1.1827,-0.1864,1.197
16.556363142,-0.0144,1.1773,-0.1859,1.192
16.558365335,-0.0029,1.1661,-0.1823,1.180
16.561398988,0.0071,1.1558,-0.1791,1.170
16.562898219,0.0132,1.1512,-0.1774,1.165
16.564143412,0.0220,1.1409,-0.1713,1.154
16.56611145,0.0276,1.1355,-0.1669,1.148
16.568270565,0.0374,1.1248,-0.1593,1.137
16.570230988,0.0498,1.1160,-0.1510,1.127
16.572116873,0.0559,1.1113,-0.1459,1.122
16.574159719,0.0677,1.0984,-0.1351,1.109
16.578111604,0.0779,1.0920,-0.1253,1.102
16.579481258,0.0821,1.0815,-0.1207,1.091
16.580606604,0.0928,1.0710,-0.1116,1.081
16.581974758,0.0972,1.0664,-0.1077,1.076
16.58416645,0.1063,1.0554,-0.1002,1.065
16.585798104,0.1151,1.0459,-0.0938,1.056
16.587671335,0.1190,1.0417,-0.0899,1.052
16.589698373,0.1270,1.0324,-0.0826,1.043
16.591877373,0.1334,1.0276,-0.0777,1.039
16.601550258,0.1358,1.0195,-0.0740,1.031
16.602929181,0.1400,1.0119,-0.0699,1.024
16.603914719,0.1410,1.0083,-0.0677,1.020
16.604915604,0.1468,1.0031,-0.0630,1.016
16.605863642,0.1510,0.9975,-0.0567,1.010
16.606786219,0.1524,0.9953,-0.0545,1.008
16.607874527,0.1546,0.9921,-0.0540,1.006
16.608481604,0.1571,0.9894,-0.0511,1.003
16.609531604,0.1573,0.9875,-0.0503,1.001
16.626123065,0.1581,0.9863,-0.0491,1.000
16.628015296,0.1583,0.9865,-0.0486,1.000
16.629382796,0.1573,0.9863,-0.0467,1.000
16.630289912,0.1556,0.9860,-0.0467,0.999
16.631484565,0.1554,0.9868,-0.0474,1.000
16.63299595,0.1546,0.9877,-0.0496,1.001
16.633788796,0.1512,0.9880,-0.0542,1.001
16.634512065,0.1485,0.9885,-0.0555,1.001
16.635555642,0.1466,0.9887,-0.0601,1.001
16.636512373,0.1468,0.9887,-0.0635,1.002
16.637415219,0.1446,0.9875,-0.0713,1.001
16.638108181,0.1434,0.9882,-0.0809,1.002
16.639056527,0.1417,0.9880,-0.0850,1.002
16.639950335,0.1400,0.9877,-0.0948,1.002
16.640893373,0.1390,0.9885,-0.0999,1.003
16.641740219,0.1390,0.9904,-0.1094,1.006
16.642995565,0.1380,0.9877,-0.1185,1.004
16.646141565,0.1371,0.9860,-0.1222,1.003
16.647676412,0.1356,0.9846,-0.1305,1.002
16.648907142,0.1336,0.9828,-0.1393,1.002
16.650898912,0.1327,0.9819,-0.1437,1.001
16.652969412,0.1312,0.9794,-0.1498,0.999
16.654750142,0.1319,0.9794,-0.1537,1.000
16.656802142,0.1307,0.9758,-0.1544,0.997
16.658563181,0.1270,0.9719,-0.1576,0.993
16.660809527,0.1263,0.9699,-0.1586,0.991
16.662907412,0.1248,0.9665,-0.1581,0.987
16.664579104,0.1236,0.9613,-0.1571,0.982
16.666359604,0.1229,0.9589,-0.1559,0.979
16.668570065,0.1226,0.9562,-0.1537,0.976
16.670482796,0.1217,0.9547,-0.1507,0.974
16.672355604,0.1187,0.9521,-0.1459,0.970
16.674276911,0.1168,0.9489,-0.1397,0.966
16.676660027,0.1153,0.9464,-0.1363,0.963
16.685472719,0.1121,0.9420,-0.1287,0.957
16.686688642,0.1134,0.9391,-0.1170,0.953
16.687467104,0.1116,0.9350,-0.1121,0.948
16.688466565,0.1080,0.9323,-0.1014,0.944
16.689344796,0.1065,0.9320,-0.0970,0.943
16.690301258,0.1026,0.9279,-0.0880,0.938
16.691044604,0.0972,0.9245,-0.0750,0.933
16.69217895,0.0933,0.9237,-0.0691,0.931
16.711005411,0.0872,0.9205,-0.0594,0.927
16.712564642,0.0831,0.9183,-0.0479,0.923
16.713384758,0.0804,0.9142,-0.0428,0.919
16.714312411,0.0748,0.9113,-0.0325,0.915
16.71510495,0.0721,0.9105,-0.0274,0.914
16.716718873,0.0674,0.9074,-0.0171,0.910
16.717624911,0.0630,0.9059,-0.0078,0.908
16.718632565,0.0608,0.9034,-0.0044,0.906
16.719611527,0.0581,0.8995,0.0027,0.901
16.720478911,0.0572,0.8961,0.0120,0.898
16.721302604,0.0569,0.8942,0.0161,0.896
16.722239488,0.0559,0.8917,0.0205,0.894
16.722937219,0.0542,0.8900,0.0222,0.892
16.723717681,0.0540,0.8876,0.0257,0.890
16.724615181,0.0520,0.8859,0.0288,0.888
16.725250219,0.0515,0.8851,0.0291,0.887
16.72628595,0.0513,0.8800,0.0291,0.882
16.728885142,0.0496,0.8758,0.0288,0.878
16.730281988,0.0491,0.8736,0.0276,0.875
16.731662873,0.0479,0.8705,0.0252,0.872
16.734135565,0.0459,0.8663,0.0215,0.868
16.735812104,0.0459,0.8636,0.0188,0.865
16.737616873,0.0428,0.8592,0.0137,0.860
16.739452335,0.0406,0.8563,0.0103,0.857
16.74182895,0.0364,0.8531,0.0017,0.854
16.745043258,0.0320,0.8504,-0.0068,0.851
16.746717873,0.0291,0.8487,-0.0110,0.849
16.748044104,0.0239,0.8426,-0.0203,0.843
16.749663296,0.0208,0.8394,-0.0257,0.840
16.75151295,0.0169,0.8343,-0.0369,0.835
16.753333796,0.0122,0.8304,-0.0459,0.832
16.755244604,0.0105,0.8289,-0.0506,0.831
16.757333642,0.0051,0.8262,-0.0586,0.828
16.759285181,-0.0007,0.8211,-0.0665,0.824
16.762555335,-0.0046,0.8187,-0.0696,0.822
16.764252835,-0.0110,0.8157,-0.0755,0.819
16.765538258,-0.0186,0.8126,-0.0794,0.817
16.76720845,-0.0222,0.8109,-0.0821,0.815
16.769035104,-0.0291,0.8067,-0.0853,0.812
16.770984142,-0.0315,0.8055,-0.0877,0.811
16.773321911,-0.0342,0.8033,-0.0906,0.809
16.775123988,-0.0391,0.7996,-0.0931,0.806
16.779019719,-0.0413,0.7977,-0.0938,0.804
16.780595296,-0.0459,0.7955,-0.0938,0.802
16.782247411,-0.0489,0.7942,-0.0953,0.801
16.783441988,-0.0501,0.7938,-0.0953,0.801
16.784962758,-0.0520,0.7933,-0.0955,0.801
16.78687245,-0.0530,0.7935,-0.0953,0.801
16.789102719,-0.0542,0.7933,-0.0950,0.801
16.790691104,-0.0555,0.7938,-0.0921,0.801
16.792962796,-0.0559,0.7930,-0.0916,0.800
16.803076065,-0.0547,0.7925,-0.0901,0.800
16.80468845,-0.0513,0.7925,-0.0882,0.799
16.805630373,-0.0501,0.7942,-0.0860,0.800
16.806736988,-0.0457,0.7945,-0.0801,0.800
16.807887488,-0.0440,0.7942,-0.0767,0.799
16.80891595,-0.0403,0.7950,-0.0708,0.799
16.80993045,-0.0364,0.7977,-0.0657,0.801
16.810980758,-0.0330,0.7994,-0.0618,0.802
16.812234027,-0.0264,0.8023,-0.0552,0.805
16.812589219,-0.0208,0.8067,-0.0467,0.808
16.829611527,-0.0186,0.8089,-0.0415,0.810
16.831047565,-0.0120,0.8133,-0.0337,0.814
16.832085488,-0.0100,0.8143,-0.0293,0.815
16.833089104,-0.0044,0.8209,-0.0186,0.821
16.834010142,0.0012,0.8277,-0.0120,0.828
16.834897065,0.0049,0.8321,-0.0081,0.832
16.835838027,0.0129,0.8382,-0.0002,0.838
16.836810911,0.0220,0.8455,0.0068,0.846
16.837672758,0.0266,0.8495,0.0090,0.850
16.838536834,0.0357,0.8563,0.0139,0.857
16.839224181,0.0406,0.8597,0.0142,0.861
16.839953834,0.0501,0.8673,0.0151,0.869
16.840754681,0.0633,0.8724,0.0173,0.875
16.841474796,0.0694,0.8763,0.0164,0.879
16.842424758,0.0794,0.8859,0.0127,0.889
16.84517845,0.0909,0.8900,0.0110,0.895
16.84651895,0.0965,0.8934,0.0110,0.899
16.851073258,0.1068,0.8990,0.0071,0.905
16.852212796,0.1124,0.9017,0.0061,0.909
16.853062258,0.1253,0.9071,-0.0002,0.916
16.854092681,0.1366,0.9120,-0.0024,0.922
16.856015334,0.1415,0.9135,-0.0039,0.924
16.857969488,0.1510,0.9174,-0.0073,0.930
16.859960219,0.1581,0.9205,-0.0125,0.934
16.86283645,0.1625,0.9225,-0.0147,0.937
16.86438595,0.1715,0.9237,-0.0200,0.940
16.865761834,0.1747,0.9247,-0.0217,0.941
16.867997142,0.1808,0.9259,-0.0279,0.944
16.869752758,0.1879,0.9257,-0.0335,0.945
16.871632681,0.1906,0.9259,-0.0359,0.946
16.873705334,0.1947,0.9249,-0.0398,0.946
16.875559373,0.2006,0.9247,-0.0442,0.947
16.878480296,0.2033,0.9237,-0.0459,0.947
16.880182796,0.2069,0.9227,-0.0508,0.947
16.88153945,0.2084,0.9225,-0.0533,0.947
16.883634757,0.2089,0.9218,-0.0562,0.947
16.885516181,0.2084,0.9220,-0.0572,0.947
16.887317834,0.2096,0.9213,-0.0574,0.947
16.889357681,0.2084,0.9220,-0.0577,0.947
16.891340834,0.2047,0.9225,-0.0572,0.947
16.893431065,0.2028,0.9235,-0.0528,0.947
16.902477296,0.1959,0.9259,-0.0489,0.948
16.903992604,0.1923,0.9269,-0.0472,0.948
16.904906142,0.1852,0.9306,-0.0410,0.950
16.905811488,0.1776,0.9330,-0.0318,0.950
16.906734681,0.1744,0.9333,-0.0276,0.950
16.907722565,0.1661,0.9381,-0.0169,0.953
16.908398296,0.1581,0.9398,-0.0117,0.953
16.908701296,0.1551,0.9423,-0.0007,0.955
16.926508411,0.1502,0.9438,0.0107,0.956
16.927932681,0.1466,0.9440,0.0169,0.955
16.928897027,0.1402,0.9464,0.0293,0.957
16.929852142,0.1336,0.9499,0.0415,0.960
16.930782796,0.1302,0.9501,0.0464,0.960
16.931729988,0.1256,0.9543,0.0557,0.964
16.93284445,0.1244,0.9560,0.0594,0.966
16.934096257,0.1224,0.9567,0.0660,0.967
16.935284796,0.1214,0.9577,0.0750,0.968
16.936631027,0.1202,0.9591,0.0779,0.970
16.937478681,0.1173,0.9574,0.0850,0.968
16.938418488,0.1156,0.9572,0.0892,0.968
16.93929695,0.1151,0.9560,0.0897,0.967
16.940704334,0.1143,0.9557,0.0899,0.967
16.941715604,0.1148,0.9538,0.0911,0.965
16.942913834,0.1129,0.9545,0.0931,0.966
16.944157488,0.1107,0.9523,0.0931,0.963
16.947573257,0.1114,0.9521,0.0931,0.963
16.94879195,0.1107,0.9530,0.0936,0.964
16.949061142,0.1087,0.9523,0.0933,0.963
16.955588757,0.1087,0.9496,0.0938,0.960
16.955968142,0.1102,0.9494,0.0931,0.960
16.956198527,0.1097,0.9489,0.0945,0.960
16.956673104,0.1085,0.9477,0.0967,0.959
16.965058757,0.1087,0.9477,0.0994,0.959
16.965452065,0.1085,0.9474,0.1007,0.959
16.96570695,0.1075,0.9469,0.1016,0.958
16.965921257,0.1080,0.9455,0.1024,0.957
16.966160681,0.1097,0.9452,0.1046,0.957
16.968042334,0.1099,0.9420,0.1051,0.954
16.970009604,0.1092,0.9416,0.1041,0.954
16.971868027,0.1090,0.9396,0.1009,0.951
16.974128642,0.1104,0.9384,0.0970,0.950
16.975842027,0.1102,0.9381,0.0945,0.949
16.981272604,0.1082,0.9357,0.0897,0.946
16.981897488,0.1080,0.9345,0.0875,0.945
16.982155565,0.1055,0.9306,0.0816,0.940
16.986939527,0.1058,0.9274,0.0733,0.936
16.987228334,0.1058,0.9254,0.0699,0.934
16.987483142,0.1041,0.9218,0.0628,0.930
16.989603296,0.1011,0.9213,0.0545,0.928
16.991273027,0.1004,0.9186,0.0501,0.925
16.993709642,0.1002,0.9152,0.0410,0.922
17.01367495,0.0977,0.9139,0.0376,0.920
17.015029834,0.0967,0.9110,0.0288,0.917
17.016338296,0.0958,0.9083,0.0222,0.914
17.017244488,0.0950,0.9074,0.0203,0.913
17.018180834,0.0943,0.9054,0.0137,0.910
17.01934518,0.0931,0.9030,0.0071,0.908
17.020564373,0.0926,0.9015,0.0024,0.906
17.021723604,0.0921,0.9000,-0.0044,0.905
17.022841757,0.0909,0.8981,-0.0068,0.903
17.023672796,0.0884,0.8954,-0.0127,0.900
17.024549411,0.0867,0.8956,-0.0191,0.900
17.025617219,0.0853,0.8964,-0.0217,0.901
17.026430796,0.0831,0.8966,-0.0239,0.901
17.027496488,0.0833,0.8964,-0.0279,0.901
17.028607796,0.0836,0.8951,-0.0293,0.900
17.029687065,0.0833,0.8939,-0.0305,0.898
17.03056295,0.0833,0.8925,-0.0335,0.897
17.031527873,0.0836,0.8912,-0.0384,0.896
17.03245868,0.0838,0.8912,-0.0435,0.896
17.033456527,0.0840,0.8912,-0.0459,0.896
17.03613945,0.0843,0.8922,-0.0525,0.898
17.037685834,0.0848,0.8939,-0.0584,0.900
17.042402988,0.0850,0.8964,-0.0616,0.902
17.043681834,0.0875,0.8990,-0.0667,0.906
17.045145334,0.0875,0.9015,-0.0689,0.908
17.046459373,0.0875,0.9037,-0.0684,0.910
17.047723911,0.0889,0.9074,-0.0674,0.914
17.049039027,0.0904,0.9103,-0.0677,0.917
17.051640757,0.0911,0.9142,-0.0640,0.921
17.053351873,0.0921,0.9147,-0.0616,0.921
17.054857373,0.0923,0.9188,-0.0550,0.925
17.056682104,0.0965,0.9218,-0.0489,0.928
17.058497719,0.0989,0.9230,-0.0459,0.929
17.060676796,0.1021,0.9249,-0.0371,0.931
17.063117027,0.1082,0.9281,-0.0298,0.935
17.064506027,0.1107,0.9306,-0.0269,0.938
17.066188642,0.1163,0.9345,-0.0181,0.942
17.068313027,0.1182,0.9367,-0.0132,0.944
17.070106757,0.1234,0.9408,-0.0051,0.949
17.072277104,0.1314,0.9452,0.0044,0.954
17.074390142,0.1339,0.9474,0.0088,0.957
17.076359257,0.1388,0.9518,0.0193,0.962
17.081410796,0.1456,0.9567,0.0259,0.968
17.081973104,0.1480,0.9582,0.0300,0.970
17.082232219,0.1551,0.9626,0.0386,0.976
17.084317027,0.1583,0.9665,0.0457,0.980
17.08612668,0.1600,0.9677,0.0486,0.982
17.08807568,0.1630,0.9721,0.0557,0.987
17.090048527,0.1644,0.9733,0.0579,0.989
17.09194068,0.1678,0.9767,0.0606,0.993
17.093953873,0.1703,0.9804,0.0645,0.997
17.111200027,0.1710,0.9824,0.0665,0.999
17.112952988,0.1747,0.9850,0.0684,1.003
17.114207603,0.1769,0.9872,0.0711,1.005
17.115063796,0.1776,0.9894,0.0730,1.008
17.115993257,0.1805,0.9914,0.0779,1.011
17.116975719,0.1810,0.9931,0.0792,1.013
17.118007373,0.1810,0.9970,0.0782,1.016
17.119161027,0.1837,0.9992,0.0777,1.019
17.120360142,0.1857,1.0012,0.0767,1.021
17.121056719,0.1849,1.0021,0.0718,1.022
17.122110527,0.1835,1.0026,0.0687,1.022
17.122811411,0.1837,1.0024,0.0674,1.021
17.12387768,0.1845,1.0046,0.0599,1.023
17.124671411,0.1859,1.0065,0.0564,1.025
17.125410911,0.1864,1.0085,0.0520,1.027
17.126242603,0.1879,1.0109,0.0447,1.029
17.128657796,0.1893,1.0114,0.0406,1.030
17.129817334,0.1920,1.0158,0.0340,1.034
17.132192373,0.1957,1.0190,0.0271,1.038
17.134159642,0.1972,1.0205,0.0235,1.040
17.13551468,0.2030,1.0236,0.0176,1.044
17.137465834,0.2060,1.0268,0.0151,1.047
17.139354142,0.2116,1.0329,0.0127,1.054
17.141369065,0.2182,1.0339,0.0095,1.057
17.14339218,0.2204,1.0356,0.0081,1.059
17.14640618,0.2235,1.0395,0.0078,1.063
17.147952642,0.2296,1.0459,0.0049,1.071
17.149572603,0.2309,1.0488,0.0044,1.074
17.151588065,0.2336,1.0539,0.0039,1.080
17.153216796,0.2348,1.0561,0.0046,1.082
17.15525845,0.2370,1.0608,0.0066,1.087
17.157144911,0.2389,1.0686,0.0110,1.095
17.15902168,0.2392,1.0715,0.0137,1.098
17.161058603,0.2416,1.0796,0.0173,1.106
17.163921103,0.2414,1.0833,0.0208,1.110
17.165167219,0.2421,1.0855,0.0227,1.112
17.167143527,0.2426,1.0928,0.0291,1.120
17.169026719,0.2428,1.0952,0.0320,1.122
17.170919565,0.2436,1.0986,0.0366,1.126
17.172836796,0.2446,1.1028,0.0415,1.130
17.174837757,0.2455,1.1050,0.0428,1.133
17.17687068,0.2446,1.1084,0.0469,1.136
17.188285527,0.2443,1.1101,0.0518,1.138
17.189936257,0.2448,1.1104,0.0542,1.138
17.191130065,0.2424,1.1106,0.0608,1.138
17.192606219,0.2414,1.1113,0.0616,1.139
17.193691988,0.2365,1.1113,0.0667,1.138
17.195154103,0.2292,1.1104,0.0708,1.136
17.196358027,0.2267,1.1116,0.0726,1.137
17.196759911,0.2211,1.1118,0.0765,1.136
17.19705218,0.2125,1.1104,0.0823,1.134
17.197348219,0.2081,1.1072,0.0853,1.130
17.216023988,0.1996,1.1055,0.0894,1.127
17.217462796,0.1947,1.1043,0.0916,1.125
17.218484026,0.1832,1.1033,0.0967,1.123
17.219340988,0.1761,1.1026,0.1029,1.121
17.220555219,0.1710,1.1021,0.1048,1.120
17.221590873,0.1568,1.1018,0.1116,1.119
17.222766719,0.1456,1.1028,0.1143,1.118
17.223871257,0.1385,1.1057,0.1200,1.121
17.225130796,0.1234,1.1128,0.1251,1.127
17.225632334,0.1168,1.1179,0.1280,1.131
17.225868219,0.1029,1.1306,0.1322,1.143
17.226089642,0.0872,1.1473,0.1353,1.159
17.226328488,0.0806,1.1561,0.1356,1.167
17.226565373,0.0660,1.1714,0.1356,1.181
17.226795026,0.0589,1.1800,0.1346,1.189
17.229041526,0.0467,1.1971,0.1292,1.205
17.229907719,0.0359,1.2142,0.1239,1.221
17.231856911,0.0308,1.2208,0.1202,1.227
17.233944526,0.0203,1.2355,0.1119,1.241
17.235868642,0.0132,1.2469,0.1041,1.251
17.237930373,0.0098,1.2530,0.1011,1.257
17.23955595,0.0056,1.2638,0.0923,1.267
17.241561142,0.0037,1.2679,0.0877,1.271
17.24336945,0.0007,1.2753,0.0765,1.278
17.246038834,-0.0015,1.2785,0.0669,1.280
17.248197373,-0.0007,1.2799,0.0611,1.281
17.249449757,-0.0002,1.2821,0.0498,1.283
17.251232488,0.0015,1.2819,0.0445,1.283
17.253379026,0.0056,1.2816,0.0298,1.282
17.255318796,0.0093,1.2780,0.0169,1.278
17.257318065,0.0112,1.2748,0.0103,1.275
17.259211373,0.0186,1.2682,-0.0051,1.268
17.262345834,0.0271,1.2628,-0.0195,1.263
17.264755796,0.0318,1.2596,-0.0281,1.260
17.265903257,0.0440,1.2499,-0.0452,1.251
17.267110873,0.0515,1.2460,-0.0535,1.248
17.269434719,0.0691,1.2384,-0.0716,1.242
17.271296757,0.0889,1.2279,-0.0884,1.234
17.273375488,0.0997,1.2223,-0.0972,1.230
17.274991603,0.1219,1.2122,-0.1126,1.224
17.27699595,0.1446,1.2039,-0.1251,1.219
17.279835103,0.1564,1.2000,-0.1309,1.217
17.281463026,0.1769,1.1942,-0.1410,1.215
17.282858565,0.1871,1.1907,-0.1454,1.214
17.284827911,0.2069,1.1851,-0.1529,1.213
17.286688488,0.2235,1.1817,-0.1578,1.213
17.288892334,0.2331,1.1810,-0.1590,1.214
17.290796373,0.2489,1.1780,-0.1588,1.214
17.29278695,0.2621,1.1754,-0.1561,1.214
17.295617373,0.2692,1.1763,-0.1546,1.217
17.304962296,0.2788,1.1756,-0.1468,1.217
17.30627268,0.2822,1.1766,-0.1422,1.218
17.307125796,0.2861,1.1785,-0.1300,1.220
17.308056411,0.2910,1.1805,-0.1146,1.221
17.309204757,0.2919,1.1817,-0.1048,1.222
17.31086468,0.2919,1.1844,-0.0850,1.223
17.311847988,0.2907,1.1878,-0.0635,1.225
17.312834411,0.2890,1.1895,-0.0513,1.225
17.313975142,0.2834,1.1942,-0.0269,1.228
17.314988065,0.2792,1.1971,-0.0134,1.229
17.332059103,0.2692,1.2017,0.0151,1.232
17.333811796,0.2587,1.2071,0.0388,1.235
17.33490218,0.2516,1.2100,0.0515,1.237
17.336009449,0.2367,1.2118,0.0777,1.237
17.337025219,0.2277,1.2130,0.0901,1.237
17.338252873,0.2096,1.2166,0.1146,1.240
17.339158796,0.1908,1.2181,0.1373,1.241
17.340672488,0.1815,1.2191,0.1466,1.241
17.341337142,0.1627,1.2181,0.1639,1.240
17.34221818,0.1444,1.2176,0.1779,1.239
17.342899873,0.1351,1.2166,0.1837,1.238
17.343617373,0.1170,1.2118,0.1940,1.233
17.344833565,0.1077,1.2088,0.1967,1.229
17.345960334,0.0919,1.2025,0.1976,1.222
17.346946065,0.0789,1.1922,0.1964,1.211
17.348079065,0.0733,1.1868,0.1947,1.205
17.348812757,0.0647,1.1754,0.1891,1.192
17.351298565,0.0564,1.1600,0.1827,1.176
17.352703834,0.0537,1.1524,0.1774,1.167
17.353675949,0.0491,1.1372,0.1634,1.150
17.356021103,0.0462,1.1289,0.1505,1.140
17.358084257,0.0445,1.1104,0.1427,1.120
17.359893219,0.0410,1.0923,0.1256,1.100
17.363424103,0.0393,1.0840,0.1165,1.091
17.365086334,0.0362,1.0642,0.0970,1.069
17.366289719,0.0276,1.0454,0.0757,1.048
17.367509796,0.0232,1.0363,0.0647,1.039
17.369736065,0.0139,1.0192,0.0415,1.020
17.371625373,0.0054,1.0105,0.0134,1.011
17.373686988,0.0012,0.9926,-0.0002,0.993
17.375290449,-0.0110,0.9755,-0.0281,0.976
17.377544257,-0.0151,0.9682,-0.0418,0.969
17.380749757,-0.0215,0.9555,-0.0691,0.958
17.382231219,-0.0279,0.9416,-0.0977,0.947
17.383526488,-0.0322,0.9359,-0.1114,0.943
17.385360911,-0.0371,0.9264,-0.1368,0.937
17.387314565,-0.0391,0.9225,-0.1512,0.936
17.389156026,-0.0425,0.9159,-0.1776,0.934
17.391046565,-0.0437,0.9130,-0.2016,0.936
17.393386988,-0.0440,0.9115,-0.2116,0.937
17.39607468,-0.0435,0.9108,-0.2299,0.940
17.397326065,-0.0440,0.9149,-0.2458,0.948
17.405937334,-0.0435,0.9166,-0.2536,0.952
17.406478757,-0.0423,0.9227,-0.2656,0.961
17.406730373,-0.0408,0.9262,-0.2707,0.966
17.406964757,-0.0371,0.9328,-0.2792,0.974
17.407203949,-0.0332,0.9394,-0.2839,0.982
17.409012219,-0.0318,0.9428,-0.2863,0.986
17.410966642,-0.0269,0.9504,-0.2893,0.994
17.435147949,-0.0220,0.9557,-0.2893,0.999
17.437011603,-0.0208,0.9667,-0.2888,1.009
17.438125372,-0.0134,0.9770,-0.2856,1.018
17.43914918,-0.0103,0.9826,-0.2827,1.022
17.440681949,-0.0051,0.9926,-0.2744,1.030
17.441584911,0.0024,1.0019,-0.2639,1.036
17.443020796,0.0064,1.0075,-0.2570,1.040
17.444361796,0.0166,1.0180,-0.2424,1.047
17.445264796,0.0230,1.0232,-0.2345,1.050
17.446456488,0.0362,1.0332,-0.2191,1.057
17.447376488,0.0508,1.0420,-0.2003,1.062
17.448659142,0.0572,1.0459,-0.1901,1.065
17.449320872,0.0691,1.0534,-0.1695,1.069
17.450160565,0.0816,1.0620,-0.1480,1.075
17.451118872,0.0880,1.0640,-0.1366,1.076
17.452510449,0.0994,1.0674,-0.1158,1.078
17.453317642,0.1043,1.0684,-0.1048,1.079
17.454512642,0.1121,1.0698,-0.0845,1.079
17.455677796,0.1209,1.0701,-0.0647,1.079
17.456827603,0.1239,1.0706,-0.0557,1.079
17.457861603,0.1273,1.0684,-0.0396,1.077
17.458921257,0.1302,1.0642,-0.0225,1.072
17.46047118,0.1317,1.0618,-0.0161,1.070
17.461695642,0.1334,1.0542,-0.0034,1.063
17.462846526,0.1329,1.0500,0.0022,1.058
17.464048949,0.1309,1.0412,0.0093,1.049
17.464853642,0.1295,1.0322,0.0186,1.040
17.465924603,0.1285,1.0273,0.0215,1.036
17.468710449,0.1263,1.0173,0.0266,1.025
17.469903026,0.1214,1.0102,0.0293,1.018
17.471665603,0.1180,1.0065,0.0298,1.014
17.474133872,0.1112,1.0002,0.0296,1.007
17.476013142,0.1070,0.9982,0.0293,1.004
17.477922834,0.0972,0.9907,0.0266,0.996
17.481246449,0.0906,0.9860,0.0230,0.990
17.481966796,0.0870,0.9831,0.0200,0.987
17.483469872,0.0765,0.9780,0.0137,0.981
17.485616988,0.0691,0.9728,0.0066,0.975
17.487400026,0.0647,0.9699,0.0024,0.972
17.489656565,0.0557,0.9665,-0.0076,0.968
17.491394796,0.0513,0.9645,-0.0129,0.966
17.493493911,0.0445,0.9587,-0.0203,0.960
17.498813334,0.0354,0.9557,-0.0276,0.957
17.499385642,0.0313,0.9535,-0.0305,0.955
17.499651219,0.0244,0.9499,-0.0388,0.951
17.504488219,0.0149,0.9462,-0.0459,0.947
17.504755911,0.0093,0.9469,-0.0491,0.948
17.505404296,0.0005,0.9460,-0.0550,0.948
17.507861526,-0.0039,0.9452,-0.0579,0.947
17.509010065,-0.0125,0.9442,-0.0618,0.946
17.511328219,-0.0200,0.9435,-0.0643,0.946
17.523891834,-0.0247,0.9433,-0.0660,0.946
17.524369834,-0.0327,0.9452,-0.0662,0.948
17.52461968,-0.0403,0.9445,-0.0660,0.948
17.524855411,-0.0437,0.9440,-0.0650,0.947
17.525088142,-0.0486,0.9411,-0.0638,0.944
17.525319219,-0.0513,0.9386,-0.0618,0.942
17.525552488,-0.0530,0.9367,-0.0555,0.940
17.526914372,-0.0562,0.9350,-0.0508,0.938
17.532906372,-0.0562,0.9350,-0.0469,0.938
17.53343518,-0.0564,0.9347,-0.0398,0.937
17.533680795,-0.0540,0.9293,-0.0308,0.931
17.534675295,-0.0525,0.9271,-0.0276,0.929
17.536820795,-0.0508,0.9218,-0.0181,0.923
17.538726834,-0.0491,0.9183,-0.0132,0.920
17.540583142,-0.0462,0.9137,-0.0049,0.915
17.542389988,-0.0406,0.9076,0.0068,0.909
17.544872834,-0.0371,0.9042,0.0107,0.905
17.548035488,-0.0320,0.8990,0.0213,0.900
17.549142603,-0.0286,0.8956,0.0271,0.896
17.550506795,-0.0195,0.8878,0.0354,0.889
17.552406949,-0.0107,0.8795,0.0435,0.881
17.554345949,-0.0076,0.8756,0.0489,0.877
17.556464065,0.0000,0.8700,0.0567,0.872
17.558423526,0.0093,0.8626,0.0630,0.865
17.560351719,0.0134,0.8600,0.0660,0.863
17.563127719,0.0217,0.8502,0.0718,0.853
17.564298411,0.0271,0.8465,0.0748,0.850
17.566099988,0.0354,0.8416,0.0789,0.846
17.568682565,0.0428,0.8355,0.0836,0.841
17.569873911,0.0481,0.8319,0.0858,0.838
17.572354603,0.0564,0.8267,0.0882,0.833
17.573854103,0.0643,0.8236,0.0914,0.831
17.576819372,0.0687,0.8170,0.0916,0.825
17.577730372,0.0787,0.8106,0.0928,0.820
17.581571219,0.0818,0.8077,0.0941,0.817
17.582139911,0.0887,0.8033,0.0948,0.814
17.583669219,0.0945,0.7981,0.0943,0.809
17.585687911,0.0972,0.7962,0.0926,0.807
17.588787872,0.1026,0.7908,0.0916,0.803
17.589749065,0.1075,0.7886,0.0880,0.801
17.591871334,0.1094,0.7869,0.0855,0.799
17.593916603,0.1104,0.7840,0.0823,0.796
17.599977988,0.1119,0.7825,0.0814,0.795
17.600685449,0.1131,0.7796,0.0782,0.792
17.600985603,0.1131,0.7779,0.0745,0.790
17.601933334,0.1134,0.7774,0.0726,0.789
17.603904719,0.1107,0.7757,0.0669,0.786
17.605757834,0.1065,0.7742,0.0616,0.784
17.607832065,0.1048,0.7732,0.0581,0.782
17.610212449,0.1019,0.7727,0.0513,0.781
17.611665719,0.0980,0.7727,0.0486,0.780
17.628628372,0.0892,0.7718,0.0415,0.778
17.629643719,0.0845,0.7723,0.0340,0.778
17.630089834,0.0818,0.7723,0.0300,0.777
17.630505526,0.0757,0.7696,0.0230,0.774
17.630916911,0.0672,0.7691,0.0142,0.772
17.631339219,0.0635,0.7688,0.0107,0.772
17.631810488,0.0540,0.7708,0.0046,0.773
17.632249103,0.0484,0.7705,0.0020,0.772
17.632658757,0.0406,0.7720,-0.0042,0.773
17.633063603,0.0325,0.7732,-0.0095,0.774
17.633461565,0.0279,0.7754,-0.0115,0.776
17.635321026,0.0183,0.7796,-0.0147,0.780
17.637689565,0.0122,0.7810,-0.0164,0.781
17.639423142,0.0027,0.7879,-0.0198,0.788
17.640911526,-0.0054,0.7925,-0.0210,0.793
17.64282418,-0.0076,0.7957,-0.0220,0.796
17.645288718,-0.0139,0.7996,-0.0222,0.800
17.648120411,-0.0198,0.8052,-0.0220,0.806
17.652965565,-0.0230,0.8067,-0.0208,0.807
17.654412526,-0.0288,0.8111,-0.0217,0.812
17.656420257,-0.0313,0.8135,-0.0222,0.814
17.657816372,-0.0335,0.8182,-0.0222,0.819
17.659090757,-0.0364,0.8236,-0.0237,0.825
17.660749988,-0.0374,0.8265,-0.0254,0.828
17.662465257,-0.0415,0.8316,-0.0269,0.833
17.664052757,-0.0450,0.8367,-0.0261,0.838
17.665290642,-0.0454,0.8389,-0.0266,0.841
17.66863018,-0.0486,0.8429,-0.0269,0.845
17.670523911,-0.0503,0.8465,-0.0279,0.848
17.67237368,-0.0525,0.8497,-0.0288,0.852
17.673719334,-0.0533,0.8534,-0.0322,0.856
17.67496418,-0.0555,0.8536,-0.0335,0.856
17.677167565,-0.0557,0.8556,-0.0359,0.858
17.680410103,-0.0555,0.8597,-0.0384,0.862
17.681324526,-0.0555,0.8612,-0.0398,0.864
17.682369718,-0.0555,0.8626,-0.0393,0.865
17.685051411,-0.0540,0.8636,-0.0388,0.866
17.686486834,-0.0515,0.8685,-0.0388,0.871
17.688355526,-0.0486,0.8707,-0.0366,0.873
17.690157065,-0.0459,0.8710,-0.0366,0.873
17.692633295,-0.0418,0.8729,-0.0322,0.875
17.694531603,-0.0369,0.8734,-0.0261,0.875
17.701634334,-0.0337,0.8741,-0.0242,0.875
17.702574949,-0.0281,0.8775,-0.0198,0.878
17.703038103,-0.0276,0.8773,-0.0181,0.878
17.703460988,-0.0227,0.8793,-0.0117,0.880
17.704272295,-0.0176,0.8807,-0.0037,0.881
17.70800618,-0.0154,0.8812,-0.0007,0.881
17.708703142,-0.0110,0.8834,0.0061,0.884
17.710244142,-0.0068,0.8839,0.0107,0.884
17.712259565,-0.0066,0.8844,0.0122,0.884
17.727286295,-0.0032,0.8841,0.0149,0.884
17.728363911,-0.0012,0.8871,0.0173,0.887
17.728823795,0.0002,0.8876,0.0181,0.888
17.729238911,0.0000,0.8866,0.0222,0.887
17.729641142,-0.0002,0.8866,0.0222,0.887
17.730227718,0.0000,0.8873,0.0239,0.888
17.730649565,0.0027,0.8859,0.0254,0.886
17.731073372,0.0027,0.8856,0.0269,0.886
17.731510642,0.0005,0.8873,0.0288,0.888
17.73199668,0.0002,0.8878,0.0318,0.888
17.734468949,0.0000,0.8876,0.0325,0.888
17.735839757,0.0002,0.8866,0.0362,0.887
17.737673295,0.0002,0.8859,0.0374,0.887
17.739520872,0.0012,0.8854,0.0384,0.886
17.741748949,0.0002,0.8839,0.0393,0.885
17.745263257,0.0002,0.8832,0.0401,0.884
17.746005757,-0.0005,0.8819,0.0428,0.883
17.749622218,0.0002,0.8822,0.0437,0.883
17.750356295,0.0010,0.8810,0.0469,0.882
17.751274449,0.0015,0.8790,0.0503,0.880
17.753353757,0.0022,0.8778,0.0528,0.879
17.755126988,0.0039,0.8783,0.0581,0.880
17.757739911,0.0046,0.8788,0.0606,0.881
17.75921718,0.0049,0.8788,0.0611,0.881
17.761027449,0.0073,0.8785,0.0665,0.881
17.763494872,0.0076,0.8773,0.0691,0.880
17.766091718,0.0088,0.8771,0.0728,0.880
17.767888795,0.0078,0.8771,0.0772,0.880
17.768925795,0.0078,0.8775,0.0794,0.881
17.770852641,0.0073,0.8800,0.0806,0.884
17.773382834,0.0066,0.8805,0.0828,0.884
17.774940526,0.0061,0.8810,0.0838,0.885
17.777022141,0.0049,0.8837,0.0843,0.888
17.782759565,0.0056,0.8827,0.0843,0.887
17.784403372,0.0049,0.8841,0.0858,0.888
17.785573141,0.0039,0.8859,0.0848,0.890
17.786800488,0.0049,0.8866,0.0845,0.891
17.787993911,0.0042,0.8885,0.0814,0.892
17.789043103,0.0042,0.8895,0.0809,0.893
17.790784065,0.0032,0.8898,0.0799,0.893
17.792945334,0.0005,0.8912,0.0777,0.895
17.794932372,0.0010,0.8942,0.0765,0.897
17.806038795,0.0020,0.8949,0.0755,0.898
17.807691295,0.0022,0.8966,0.0735,0.900
17.808974526,0.0022,0.8978,0.0728,0.901
17.810117257,0.0010,0.9020,0.0721,0.905
17.811360103,-0.0005,0.9054,0.0689,0.908
17.81252968,0.0000,0.9064,0.0684,0.909
17.813020872,-0.0022,0.9088,0.0674,0.911
17.813453449,-0.0029,0.9096,0.0672,0.912
17.813862988,-0.0042,0.9108,0.0657,0.913
17.833935257,-0.0051,0.9166,0.0662,0.919
17.835487565,-0.0064,0.9188,0.0669,0.921
17.836734872,-0.0083,0.9223,0.0662,0.925
17.837592603,-0.0088,0.9279,0.0655,0.930
17.838723988,-0.0093,0.9296,0.0647,0.932
17.839966795,-0.0115,0.9330,0.0625,0.935
17.841089911,-0.0125,0.9347,0.0628,0.937
17.842316526,-0.0147,0.9391,0.0625,0.941
17.843359218,-0.0173,0.9440,0.0608,0.946
17.844560411,-0.0176,0.9450,0.0594,0.947
17.845514449,-0.0195,0.9482,0.0567,0.950
17.846611949,-0.0200,0.9518,0.0552,0.954
17.84765218,-0.0205,0.9530,0.0542,0.955
17.848821641,-0.0222,0.9552,0.0535,0.957
17.849901026,-0.0225,0.9572,0.0523,0.959
17.850783257,-0.0239,0.9594,0.0498,0.961
17.852152834,-0.0242,0.9616,0.0462,0.963
17.852963795,-0.0244,0.9621,0.0442,0.963
17.853884718,-0.0237,0.9648,0.0440,0.966
17.854786449,-0.0222,0.9655,0.0425,0.967
17.855715141,-0.0215,0.9662,0.0428,0.967
17.856641449,-0.0193,0.9677,0.0410,0.969
17.859290141,-0.0188,0.9682,0.0398,0.969
17.860251257,-0.0151,0.9692,0.0376,0.970
17.861654218,-0.0134,0.9728,0.0398,0.974
17.86778718,-0.0122,0.9736,0.0393,0.974
17.868711564,-0.0083,0.9755,0.0379,0.976
17.869127411,-0.0037,0.9750,0.0374,0.976
17.869505526,-0.0020,0.9758,0.0369,0.976
17.871511718,0.0010,0.9789,0.0381,0.980
17.87357218,0.0024,0.9809,0.0376,0.982
17.875541488,0.0046,0.9865,0.0364,0.987
17.877384141,0.0071,0.9912,0.0374,0.992
17.884934834,0.0076,0.9933,0.0384,0.994
17.885766718,0.0093,0.9965,0.0384,0.997
17.886208064,0.0120,0.9987,0.0393,1.000
17.886623488,0.0132,1.0017,0.0401,1.003
17.890406795,0.0137,1.0073,0.0401,1.008
17.891083295,0.0134,1.0097,0.0403,1.011
17.891494372,0.0127,1.0141,0.0423,1.015
17.893761103,0.0132,1.0178,0.0442,1.019
17.895208988,0.0122,1.0197,0.0450,1.021
17.909712911,0.0098,1.0239,0.0469,1.025
17.91061318,0.0081,1.0278,0.0484,1.029
17.911106718,0.0064,1.0300,0.0498,1.031
17.911524718,0.0051,1.0351,0.0513,1.036
17.912035757,0.0051,1.0368,0.0520,1.038
17.912481449,0.0010,1.0405,0.0535,1.042
17.912893872,-0.0039,1.0420,0.0545,1.043
17.913298411,-0.0054,1.0434,0.0555,1.045
17.913697141,-0.0039,1.0459,0.0574,1.047
17.918228949,-0.0037,1.0469,0.0603,1.049
17.91914168,-0.0049,1.0483,0.0606,1.050
17.919585718,-0.0066,1.0495,0.0640,1.052
17.920883488,-0.0078,1.0508,0.0645,1.053
17.923025911,-0.0088,1.0505,0.0672,1.053
17.92484718,-0.0093,1.0510,0.0682,1.053
17.927023988,-0.0105,1.0532,0.0684,1.055
17.929164411,-0.0088,1.0559,0.0708,1.058
17.931676064,-0.0105,1.0559,0.0738,1.059
17.933395911,-0.0115,1.0564,0.0757,1.059
17.934646488,-0.0125,1.0571,0.0801,1.060
17.936594064,-0.0132,1.0581,0.0818,1.061
17.93864668,-0.0117,1.0603,0.0848,1.064
17.941062488,-0.0107,1.0620,0.0884,1.066
17.942407411,-0.0093,1.0620,0.0909,1.066
17.944984026,-0.0093,1.0637,0.0948,1.068
17.947544641,-0.0095,1.0671,0.1026,1.072
17.948492141,-0.0100,1.0669,0.1063,1.072
17.95024118,-0.0093,1.0662,0.1141,1.072
17.952623257,-0.0083,1.0666,0.1160,1.073
17.954504949,-0.0049,1.0676,0.1209,1.074
17.956326141,-0.0015,1.0698,0.1275,1.077
17.958340834,-0.0002,1.0701,0.1302,1.078
17.960391449,0.0020,1.0706,0.1307,1.079
17.962613872,0.0034,1.0691,0.1322,1.077
17.965447641,0.0044,1.0662,0.1356,1.075
17.967274603,0.0020,1.0679,0.1368,1.077
17.968806257,0.0005,1.0696,0.1371,1.078
17.970496603,-0.0049,1.0706,0.1371,1.079
17.972123911,-0.0117,1.0727,0.1336,1.081
17.974138064,-0.0166,1.0740,0.1322,1.082
17.976242718,-0.0259,1.0784,0.1278,1.086
17.978262218,-0.0357,1.0815,0.1207,1.089
17.981783795,-0.0401,1.0872,0.1158,1.094
17.983519026,-0.0476,1.0920,0.1085,1.098
17.984797257,-0.0501,1.0957,0.1041,1.102
17.98620218,-0.0525,1.1040,0.0948,1.109
17.987922603,-0.0515,1.1135,0.0850,1.118
17.989886872,-0.0496,1.1179,0.0806,1.122
17.991937949,-0.0452,1.1250,0.0699,1.128
17.994118372,-0.0423,1.1302,0.0665,1.133
17.995887411,-0.0330,1.1441,0.0599,1.146
18.006660411,-0.0249,1.1592,0.0528,1.161
18.008486718,-0.0210,1.1675,0.0506,1.169
18.009545334,-0.0151,1.1839,0.0467,1.185
18.010739949,-0.0107,1.2013,0.0462,1.202
18.012115641,-0.0098,1.2105,0.0454,1.211
18.012881411,-0.0073,1.2296,0.0454,1.230
18.01337468,-0.0046,1.2381,0.0467,1.239
18.013867911,-0.0042,1.2562,0.0472,1.257
18.01429518,-0.0046,1.2748,0.0503,1.276
18.032075064,-0.0037,1.2829,0.0506,1.284
18.034010334,-0.0020,1.2956,0.0525,1.297
18.035475641,0.0017,1.3068,0.0555,1.308
18.03676768,0.0034,1.3124,0.0572,1.314
18.038326526,0.0076,1.3188,0.0577,1.320
18.040189641,0.0125,1.3205,0.0594,1.322
18.041490064,0.0159,1.3227,0.0601,1.324
18.04238568,0.0239,1.3251,0.0611,1.327
18.043464603,0.0279,1.3261,0.0630,1.328
18.044696718,0.0337,1.3249,0.0638,1.327
18.04607718,0.0376,1.3278,0.0603,1.330
18.047342334,0.0398,1.3293,0.0581,1.331
18.049085795,0.0423,1.3327,0.0535,1.334
18.050545334,0.0445,1.3359,0.0481,1.337
18.051487372,0.0435,1.3417,0.0442,1.343
18.05262618,0.0403,1.3464,0.0349,1.347
18.053641257,0.0406,1.3500,0.0310,1.351
18.054528026,0.0401,1.3559,0.0227,1.357
18.056104834,0.0374,1.3627,0.0103,1.363
18.056803257,0.0342,1.3662,0.0049,1.367
18.057214487,0.0288,1.3730,-0.0066,1.373
18.05763818,0.0205,1.3784,-0.0176,1.379
18.059858526,0.0156,1.3825,-0.0247,1.383
18.061049334,0.0064,1.3896,-0.0362,1.390
18.062840757,0.0037,1.3921,-0.0418,1.393
18.070454487,-0.0049,1.3996,-0.0550,1.401
18.071395872,-0.0154,1.4074,-0.0628,1.409
18.07188041,-0.0193,1.4104,-0.0669,1.412
18.072313872,-0.0269,1.4172,-0.0767,1.420
18.07315341,-0.0330,1.4214,-0.0833,1.424
18.074961949,-0.0357,1.4224,-0.0867,1.425
18.076694334,-0.0398,1.4243,-0.0909,1.428
18.078626872,-0.0406,1.4258,-0.0909,1.429
18.085543757,-0.0406,1.4272,-0.0892,1.431
18.08643941,-0.0413,1.4250,-0.0860,1.428
18.08687168,-0.0420,1.4243,-0.0826,1.427
18.087292603,-0.0391,1.4189,-0.0745,1.421
18.089234103,-0.0359,1.4089,-0.0655,1.411
18.090519295,-0.0349,1.4045,-0.0608,1.406
18.093500603,-0.0320,1.3935,-0.0481,1.395
18.094331526,-0.0276,1.3869,-0.0408,1.388
18.115053641,-0.0225,1.3710,-0.0279,1.372
18.118123603,-0.0151,1.3554,-0.0137,1.356
18.11930968,-0.0112,1.3473,-0.0078,1.347
18.120912795,-0.0032,1.3298,0.0061,1.330
18.12242291,0.0017,1.3124,0.0156,1.313
18.123858872,0.0034,1.3051,0.0215,1.305
18.124912834,0.0078,1.2912,0.0315,1.292
18.126159026,0.0098,1.2851,0.0354,1.286
18.127074334,0.0122,1.2706,0.0430,1.271
18.128423295,0.0132,1.2594,0.0501,1.260
18.129449987,0.0137,1.2540,0.0515,1.255
18.130759026,0.0149,1.2418,0.0552,1.243
18.132129526,0.0166,1.2311,0.0589,1.233
18.13305118,0.0186,1.2242,0.0603,1.226
18.134070987,0.0208,1.2137,0.0596,1.215
18.134954295,0.0222,1.2071,0.0599,1.209
18.136225257,0.0271,1.1947,0.0603,1.196
18.13733518,0.0320,1.1810,0.0572,1.183
18.138415834,0.0340,1.1732,0.0555,1.175
18.139348334,0.0376,1.1558,0.0498,1.157
18.140624987,0.0432,1.1394,0.0447,1.141
18.141511295,0.0469,1.1314,0.0408,1.133
18.142421641,0.0550,1.1153,0.0327,1.117
18.143200103,0.0584,1.1074,0.0286,1.109
18.14462541,0.0674,1.0906,0.0193,1.093
18.146699257,0.0767,1.0727,0.0071,1.076
18.147843334,0.0821,1.0647,0.0005,1.068
18.149541949,0.0906,1.0471,-0.0156,1.051
18.151710218,0.1004,1.0310,-0.0276,1.036
18.153531026,0.1051,1.0214,-0.0352,1.027
18.155393526,0.1168,1.0056,-0.0515,1.014
18.157443026,0.1217,0.9987,-0.0606,1.008
18.159681834,0.1295,0.9838,-0.0755,0.995
18.16154241,0.1380,0.9711,-0.0914,0.985
18.165418834,0.1417,0.9653,-0.0992,0.981
18.166348872,0.1478,0.9552,-0.1143,0.973
18.167464834,0.1537,0.9501,-0.1297,0.971
18.16921518,0.1571,0.9460,-0.1368,0.969
18.171134757,0.1617,0.9408,-0.1515,0.967
18.173548757,0.1634,0.9406,-0.1576,0.968
18.175331064,0.1661,0.9423,-0.1691,0.972
18.177370872,0.1693,0.9452,-0.1793,0.977
18.179057564,0.1695,0.9474,-0.1837,0.980
18.181825641,0.1671,0.9540,-0.1908,0.987
18.183408218,0.1656,0.9631,-0.1989,0.997
18.185155872,0.1634,0.9689,-0.2018,1.003
18.187027103,0.1549,0.9806,-0.2045,1.014
18.189017372,0.1512,0.9860,-0.2050,1.018
18.191136295,0.1422,0.9985,-0.2055,1.029
18.193613718,0.1297,1.0134,-0.2045,1.042
18.19530041,0.1241,1.0192,-0.2042,1.047
18.207423295,0.1121,1.0298,-0.2028,1.055
18.209187641,0.1011,1.0407,-0.1994,1.064
18.210220987,0.0963,1.0459,-0.1976,1.069
18.211459987,0.0865,1.0520,-0.1930,1.073
18.212894064,0.0811,1.0547,-0.1910,1.075
18.21413941,0.0728,1.0583,-0.1862,1.077
18.215190757,0.0652,1.0583,-0.1803,1.076
18.216305103,0.0623,1.0586,-0.1764,1.075
18.217218026,0.0574,1.0554,-0.1700,1.071
18.218671372,0.0535,1.0515,-0.1642,1.066
18.219622333,0.0518,1.0491,-0.1612,1.063
18.220760872,0.0484,1.0437,-0.1556,1.056
18.221588718,0.0462,1.0410,-0.1524,1.053
18.223007603,0.0413,1.0334,-0.1466,1.045
18.236465757,0.0386,1.0271,-0.1390,1.037
18.237374449,0.0371,1.0239,-0.1349,1.033
18.237808641,0.0340,1.0151,-0.1268,1.024
18.23823668,0.0298,1.0061,-0.1168,1.013
18.23867668,0.0288,1.0029,-0.1143,1.010
18.23907791,0.0237,0.9963,-0.1107,1.003
18.239487949,0.0210,0.9926,-0.1065,0.999
18.23998191,0.0173,0.9831,-0.0965,0.988
18.240421487,0.0154,0.9748,-0.0877,0.979
18.242548641,0.0147,0.9689,-0.0843,0.973
18.243966026,0.0117,0.9587,-0.0748,0.962
18.246376103,0.0115,0.9491,-0.0643,0.951
18.248848064,0.0115,0.9442,-0.0589,0.946
18.250086103,0.0120,0.9359,-0.0503,0.937
18.251937949,0.0117,0.9306,-0.0459,0.932
18.254034641,0.0144,0.9223,-0.0386,0.923
18.255898257,0.0183,0.9110,-0.0283,0.912
18.257643257,0.0195,0.9054,-0.0237,0.906
18.259536372,0.0200,0.8973,-0.0129,0.898
18.26206941,0.0220,0.8873,-0.0044,0.888
18.264919641,0.0239,0.8837,0.0005,0.884
18.266621757,0.0249,0.8761,0.0105,0.876
18.267607141,0.0252,0.8722,0.0149,0.873
18.269825718,0.0264,0.8617,0.0222,0.862
18.271646026,0.0288,0.8524,0.0291,0.853
18.273583487,0.0296,0.8482,0.0330,0.849
18.275540487,0.0308,0.8380,0.0364,0.839
18.277738103,0.0354,0.8287,0.0410,0.830
18.280090564,0.0371,0.8236,0.0423,0.825
18.283050872,0.0374,0.8138,0.0447,0.816
18.284589295,0.0388,0.8106,0.0454,0.813
18.286210103,0.0388,0.8028,0.0452,0.805
18.287840372,0.0366,0.7942,0.0454,0.796
18.289627718,0.0369,0.7913,0.0459,0.793
18.29137441,0.0379,0.7859,0.0457,0.788
18.293875833,0.0344,0.7786,0.0450,0.781
18.295518333,0.0332,0.7752,0.0450,0.777
18.305549449,0.0310,0.7683,0.0467,0.770
18.306981141,0.0283,0.7613,0.0452,0.763
18.307931564,0.0271,0.7578,0.0450,0.760
18.308853949,0.0252,0.7495,0.0450,0.751
18.309914987,0.0239,0.7461,0.0452,0.748
18.31110518,0.0220,0.7422,0.0450,0.744
18.31211741,0.0213,0.7376,0.0469,0.739
18.313033526,0.0215,0.7349,0.0484,0.737
18.314045064,0.0205,0.7312,0.0520,0.733
18.316016756,0.0186,0.7246,0.0574,0.727
18.329899333,0.0173,0.7227,0.0596,0.725
18.330806449,0.0186,0.7185,0.0643,0.722
18.333174333,0.0198,0.7161,0.0677,0.720
18.333802449,0.0191,0.7114,0.0743,0.716
18.334224756,0.0188,0.7073,0.0801,0.712
18.334623487,0.0183,0.7056,0.0836,0.711
18.335054256,0.0178,0.7009,0.0872,0.707
18.335448795,0.0188,0.7004,0.0923,0.707
18.335962833,0.0178,0.6980,0.0938,0.704
18.336373449,0.0178,0.6946,0.0970,0.702
18.338087487,0.0188,0.6943,0.0987,0.702
18.34657168,0.0186,0.6919,0.1002,0.699
18.347089718,0.0186,0.6880,0.1016,0.696
18.347524141,0.0178,0.6870,0.1033,0.695
18.348030333,0.0198,0.6872,0.1021,0.695
18.348430872,0.0220,0.6870,0.1007,0.695
18.350756064,0.0227,0.6865,0.1007,0.694
18.351616141,0.0198,0.6870,0.1002,0.695
18.352830372,0.0227,0.6870,0.0982,0.694
18.35505018,0.0242,0.6877,0.0985,0.695
18.356679026,0.0269,0.6887,0.0955,0.696
18.358474833,0.0271,0.6907,0.0936,0.697
18.360503218,0.0279,0.6919,0.0894,0.698
18.362442756,0.0288,0.6946,0.0848,0.700
18.365402449,0.0298,0.6970,0.0828,0.703
18.366485564,0.0313,0.6999,0.0782,0.705
18.36861818,0.0332,0.7029,0.0748,0.708
18.371504103,0.0352,0.7041,0.0728,0.709
18.373701026,0.0393,0.7053,0.0672,0.710
18.374242218,0.0406,0.7063,0.0650,0.710
18.376698103,0.0435,0.7090,0.0618,0.713
18.378468603,0.0459,0.7090,0.0572,0.713
18.381906218,0.0479,0.7104,0.0552,0.714
18.382525103,0.0506,0.7124,0.0540,0.716
18.385487718,0.0545,0.7156,0.0498,0.719
18.386860987,0.0562,0.7161,0.0474,0.720
18.388443179,0.0611,0.7153,0.0442,0.719
18.39055791,0.0628,0.7158,0.0437,0.720
18.392370103,0.0643,0.7187,0.0406,0.723
18.39434991,0.0672,0.7195,0.0388,0.724
18.396915179,0.0682,0.7202,0.0381,0.724
18.406705256,0.0711,0.7251,0.0354,0.729
18.408585833,0.0755,0.7290,0.0325,0.734
18.409800564,0.0772,0.7312,0.0320,0.736
18.410964333,0.0789,0.7346,0.0291,0.739
18.412311718,0.0806,0.7366,0.0288,0.742
18.413437987,0.0816,0.7432,0.0271,0.748
18.41441191,0.0818,0.7508,0.0244,0.756
18.415920603,0.0821,0.7552,0.0217,0.760
18.417174218,0.0806,0.7625,0.0173,0.767
18.418264179,0.0804,0.7698,0.0122,0.774
18.419066179,0.0787,0.7745,0.0105,0.779
18.420245179,0.0772,0.7850,0.0078,0.789
18.435935872,0.0767,0.7906,0.0059,0.794
18.436805064,0.0765,0.8008,-0.0012,0.804
18.437261795,0.0750,0.8089,-0.0088,0.812
18.437685141,0.0740,0.8148,-0.0107,0.818
18.438119333,0.0733,0.8258,-0.0164,0.829
18.438522026,0.0721,0.8372,-0.0203,0.841
18.438926372,0.0733,0.8411,-0.0213,0.845
18.439327333,0.0730,0.8492,-0.0257,0.853
18.439828949,0.0738,0.8536,-0.0293,0.857
18.440322295,0.0745,0.8597,-0.0335,0.864
18.441646949,0.0770,0.8678,-0.0369,0.872
18.44364341,0.0789,0.8717,-0.0401,0.876
18.445516026,0.0796,0.8775,-0.0447,0.882
18.448871064,0.0792,0.8859,-0.0493,0.891
18.449643256,0.0789,0.8895,-0.0515,0.894
18.451632064,0.0794,0.8966,-0.0555,0.902
18.453374449,0.0784,0.9010,-0.0562,0.906
18.455469526,0.0772,0.9088,-0.0577,0.914
18.457348064,0.0770,0.9154,-0.0577,0.920
18.459531641,0.0752,0.9193,-0.0569,0.924
18.461349103,0.0721,0.9269,-0.0552,0.931
18.463338872,0.0699,0.9320,-0.0496,0.936
18.467327256,0.0682,0.9352,-0.0459,0.939
18.469232026,0.0669,0.9416,-0.0371,0.945
18.470365756,0.0665,0.9455,-0.0325,0.948
18.471635026,0.0652,0.9516,-0.0227,0.954
18.47301941,0.0628,0.9565,-0.0112,0.959
18.475443795,0.0623,0.9596,-0.0049,0.962
18.477228103,0.0621,0.9657,0.0081,0.968
18.479186679,0.0633,0.9689,0.0208,0.971
18.48287291,0.0635,0.9701,0.0288,0.973
18.484663487,0.0650,0.9723,0.0432,0.975
18.485767179,0.0665,0.9758,0.0579,0.980
18.48716741,0.0667,0.9765,0.0650,0.981
18.488963679,0.0701,0.9777,0.0811,0.984
18.491020987,0.0716,0.9792,0.0889,0.986
18.493105256,0.0718,0.9819,0.1002,0.990
18.494918256,0.0743,0.9828,0.1136,0.992
18.497089872,0.0748,0.9836,0.1207,0.994
18.507734218,0.0767,0.9846,0.1314,0.996
18.509461256,0.0782,0.9843,0.1437,0.998
18.51065041,0.0796,0.9855,0.1490,1.000
18.512080179,0.0811,0.9855,0.1568,1.001
18.512825679,0.0814,0.9860,0.1600,1.002
18.513226333,0.0826,0.9843,0.1671,1.002
18.513606949,0.0850,0.9843,0.1720,1.003
18.514195833,0.0853,0.9853,0.1752,1.004
18.514610795,0.0845,0.9868,0.1791,1.006
18.541219872,0.0848,0.9868,0.1813,1.007
18.542878756,0.0845,0.9855,0.1818,1.006
18.543944833,0.0840,0.9850,0.1847,1.006
18.54490791,0.0843,0.9860,0.1842,1.007
18.546022795,0.0826,0.9863,0.1815,1.006
18.547338987,0.0826,0.9860,0.1793,1.006
18.548475833,0.0821,0.9855,0.1786,1.005
18.549827564,0.0814,0.9855,0.1771,1.005
18.550944833,0.0818,0.9843,0.1761,1.003
18.552048449,0.0809,0.9836,0.1747,1.002
18.552950641,0.0779,0.9826,0.1695,1.000
18.553709641,0.0767,0.9826,0.1676,1.000
18.554635949,0.0750,0.9821,0.1639,0.999
18.555363718,0.0716,0.9784,0.1590,0.994
18.556401295,0.0696,0.9770,0.1556,0.992
18.557092179,0.0691,0.9784,0.1510,0.992
18.558176102,0.0672,0.9750,0.1456,0.988
18.558946064,0.0665,0.9740,0.1424,0.987
18.559900256,0.0638,0.9728,0.1346,0.984
18.560795756,0.0628,0.9711,0.1322,0.982
18.561654795,0.0608,0.9704,0.1295,0.981
18.562522949,0.0579,0.9692,0.1253,0.979
18.563288833,0.0562,0.9679,0.1231,0.977
18.564473256,0.0562,0.9657,0.1185,0.975
18.565571872,0.0552,0.9657,0.1173,0.974
18.566787718,0.0552,0.9650,0.1143,0.973
18.568174102,0.0540,0.9640,0.1092,0.972
18.570675218,0.0535,0.9631,0.1073,0.970
18.571729333,0.0542,0.9609,0.1033,0.968
18.57401441,0.0547,0.9601,0.0982,0.967
18.575813795,0.0525,0.9596,0.0963,0.966
18.578000526,0.0523,0.9609,0.0923,0.967
18.579439064,0.0542,0.9604,0.0901,0.966
18.583034602,0.0552,0.9601,0.0887,0.966
18.584089333,0.0557,0.9606,0.0843,0.966
18.585772487,0.0557,0.9604,0.0818,0.965
18.587401833,0.0599,0.9599,0.0774,0.965
18.589357102,0.0616,0.9609,0.0711,0.965
18.591212141,0.0623,0.9621,0.0689,0.967
18.593379756,0.0652,0.9638,0.0665,0.968
18.595337564,0.0687,0.9650,0.0623,0.969
18.604034025,0.0701,0.9653,0.0606,0.970
18.604857641,0.0728,0.9667,0.0572,0.971
18.605293372,0.0752,0.9687,0.0559,0.973
18.605695141,0.0792,0.9714,0.0555,0.976
18.609867102,0.0826,0.9753,0.0535,0.980
18.610528833,0.0833,0.9767,0.0533,0.982
18.610948525,0.0843,0.9787,0.0515,0.984
18.611406333,0.0894,0.9809,0.0506,0.986
18.613934449,0.0909,0.9831,0.0501,0.989
18.628908256,0.0941,0.9870,0.0493,0.993
18.630538641,0.0970,0.9890,0.0491,0.995
18.63188841,0.1011,0.9912,0.0491,0.998
18.633093756,0.1080,0.9938,0.0501,1.001
18.634129025,0.1104,0.9955,0.0503,1.003
18.635529372,0.1158,0.9995,0.0530,1.008
18.637156372,0.1214,1.0024,0.0562,1.011
18.638285064,0.1244,1.0046,0.0599,1.014
18.639157179,0.1312,1.0080,0.0647,1.019
18.640118795,0.1339,1.0102,0.0669,1.021
18.641094564,0.1363,1.0134,0.0721,1.025
18.641822295,0.1429,1.0158,0.0789,1.029
18.642859987,0.1449,1.0168,0.0823,1.030
18.643840256,0.1505,1.0205,0.0904,1.035
18.645057756,0.1561,1.0212,0.0982,1.038
18.646053102,0.1583,1.0229,0.1033,1.040
18.647197679,0.1632,1.0263,0.1131,1.045
18.649755833,0.1673,1.0273,0.1175,1.047
18.650952641,0.1710,1.0288,0.1253,1.050
18.653659218,0.1725,1.0315,0.1329,1.054
18.654431064,0.1742,1.0322,0.1366,1.056
18.656346449,0.1747,1.0349,0.1454,1.060
18.658219064,0.1749,1.0351,0.1495,1.060
18.660175179,0.1752,1.0381,0.1556,1.064
18.662118987,0.1732,1.0395,0.1625,1.066
18.666573102,0.1739,1.0403,0.1664,1.068
18.667094795,0.1720,1.0432,0.1725,1.071
18.66875941,0.1681,1.0459,0.1793,1.074
18.669787102,0.1669,1.0464,0.1827,1.075
18.672081372,0.1612,1.0510,0.1888,1.080
18.674027025,0.1568,1.0522,0.1952,1.082
18.675834218,0.1546,1.0554,0.1974,1.085
18.678016602,0.1490,1.0583,0.2023,1.088
18.680644487,0.1466,1.0598,0.2052,1.089
18.68250991,0.1422,1.0608,0.2108,1.091
18.68489391,0.1393,1.0652,0.2162,1.096
18.685921641,0.1366,1.0684,0.2194,1.099
18.687966949,0.1324,1.0710,0.2233,1.102
18.689644218,0.1297,1.0720,0.2253,1.103
18.691470102,0.1268,1.0735,0.2282,1.105
18.693820564,0.1253,1.0747,0.2323,1.107
18.695964333,0.1239,1.0752,0.2323,1.107
18.701666641,0.1231,1.0771,0.2326,1.109
18.702260372,0.1202,1.0789,0.2345,1.111
18.702513987,0.1178,1.0789,0.2360,1.111
18.704032718,0.1168,1.0798,0.2350,1.111
18.705654564,0.1168,1.0813,0.2338,1.112
18.707446795,0.1168,1.0842,0.2314,1.115
18.709678218,0.1185,1.0859,0.2292,1.116
18.711267525,0.1187,1.0857,0.2270,1.116
18.71336191,0.1207,1.0867,0.2213,1.116
18.730501102,0.1226,1.0867,0.2172,1.115
18.732014564,0.1251,1.0867,0.2160,1.115
18.733125218,0.1312,1.0872,0.2077,1.115
18.733925064,0.1334,1.0869,0.2025,1.114
18.73479491,0.1393,1.0859,0.1888,1.111
18.735729218,0.1432,1.0837,0.1700,1.106
18.737085025,0.1441,1.0850,0.1600,1.106
18.738193948,0.1498,1.0859,0.1405,1.105
18.740642948,0.1568,1.0852,0.1209,1.103
18.741845833,0.1605,1.0862,0.1124,1.104
18.742572872,0.1654,1.0886,0.0933,1.105
18.743528487,0.1686,1.0925,0.0735,1.108
18.744363718,0.1717,1.0950,0.0655,1.110
18.745458218,0.1735,1.0994,0.0525,1.114
18.746230602,0.1737,1.1016,0.0462,1.116
18.747217487,0.1735,1.1065,0.0369,1.121
18.748316179,0.1735,1.1121,0.0242,1.126
18.749364795,0.1735,1.1157,0.0173,1.129
18.751970256,0.1779,1.1211,0.0064,1.135
18.753425795,0.1823,1.1272,-0.0061,1.142
18.754850987,0.1862,1.1316,-0.0105,1.147
18.757003564,0.1962,1.1382,-0.0171,1.155
18.759513295,0.2003,1.1436,-0.0186,1.161
18.761018641,0.2106,1.1546,-0.0195,1.174
18.762923833,0.2147,1.1705,-0.0159,1.190
18.765984718,0.2150,1.1793,-0.0115,1.199
18.767445564,0.2094,1.1988,-0.0034,1.217
18.769814141,0.2011,1.2215,0.0076,1.238
18.770997064,0.1947,1.2337,0.0137,1.249
18.772966218,0.1796,1.2582,0.0249,1.271
18.774947564,0.1634,1.2831,0.0369,1.294
18.776855295,0.1561,1.2965,0.0410,1.307
18.77876041,0.1437,1.3188,0.0501,1.328
18.780986064,0.1373,1.3285,0.0533,1.337
18.783670141,0.1275,1.3488,0.0542,1.356
18.786773256,0.1192,1.3693,0.0515,1.375
18.787590218,0.1143,1.3791,0.0479,1.385
18.788615602,0.1075,1.3965,0.0381,1.401
18.790700218,0.1014,1.4055,0.0325,1.410
18.792550602,0.0987,1.4250,0.0200,1.429
18.794463564,0.0975,1.4421,0.0068,1.445
18.796659564,0.0963,1.4485,0.0000,1.452
18.806514141,0.0970,1.4573,-0.0144,1.461
18.808010564,0.1002,1.4632,-0.0279,1.467
18.808986525,0.1024,1.4658,-0.0344,1.470
18.809905718,0.1085,1.4678,-0.0474,1.473
18.828285564,0.1136,1.4668,-0.0601,1.472
18.829889102,0.1168,1.4636,-0.0662,1.470
18.831299679,0.1261,1.4602,-0.0748,1.468
18.832527795,0.1295,1.4573,-0.0774,1.465
18.833757256,0.1361,1.4500,-0.0850,1.459
18.834887141,0.1407,1.4417,-0.0936,1.452
18.837239025,0.1434,1.4368,-0.0963,1.447
18.839180987,0.1456,1.4246,-0.1002,1.435
18.84053241,0.1478,1.4182,-0.1016,1.429
18.841732448,0.1524,1.4009,-0.1021,1.413
18.842918987,0.1568,1.3823,-0.1011,1.395
18.844343487,0.1590,1.3708,-0.0992,1.384
18.845605064,0.1627,1.3464,-0.0941,1.359
18.846792487,0.1678,1.3202,-0.0858,1.334
18.848164064,0.1708,1.3061,-0.0804,1.320
18.849410218,0.1771,1.2775,-0.0677,1.291
18.850705871,0.1793,1.2623,-0.0603,1.276
18.851949064,0.1847,1.2303,-0.0430,1.245
18.852491871,0.1852,1.1983,-0.0276,1.213
18.85276091,0.1854,1.1822,-0.0178,1.197
18.853019948,0.1815,1.1524,0.0020,1.167
18.853291256,0.1725,1.1226,0.0232,1.136
18.853525025,0.1676,1.1087,0.0332,1.122
18.853748141,0.1532,1.0803,0.0533,1.092
18.853988525,0.1446,1.0654,0.0623,1.077
18.85676991,0.1295,1.0371,0.0804,1.048
18.857487025,0.1114,1.0109,0.0999,1.022
18.861919371,0.1024,0.9990,0.1070,1.010
18.862359295,0.0865,0.9750,0.1229,0.987
18.86324991,0.0718,0.9508,0.1390,0.964
18.865627295,0.0660,0.9401,0.1444,0.953
18.867058948,0.0537,0.9205,0.1542,0.935
18.869465641,0.0489,0.9105,0.1581,0.925
18.870929256,0.0403,0.8922,0.1639,0.908
18.872996602,0.0337,0.8763,0.1661,0.893
18.874768333,0.0291,0.8692,0.1649,0.885
18.877054795,0.0205,0.8543,0.1617,0.870
18.878766448,0.0156,0.8416,0.1537,0.856
18.880924602,0.0134,0.8370,0.1471,0.850
18.88289591,0.0115,0.8280,0.1307,0.838
18.885082564,0.0117,0.8233,0.1209,0.832
18.886908795,0.0105,0.8165,0.1002,0.823
18.888811218,0.0107,0.8126,0.0765,0.816
18.890589333,0.0112,0.8113,0.0645,0.814
18.892849064,0.0127,0.8109,0.0384,0.812
18.894750179,0.0144,0.8126,0.0100,0.813
18.896827102,0.0151,0.8118,-0.0064,0.812
18.901597141,0.0191,0.8157,-0.0393,0.817
18.902152025,0.0222,0.8194,-0.0569,0.822
18.902611602,0.0266,0.8258,-0.0914,0.831
18.904536295,0.0322,0.8328,-0.1270,0.843
18.90840941,0.0362,0.8387,-0.1454,0.852
18.908715448,0.0440,0.8517,-0.1825,0.872
18.910262564,0.0518,0.8585,-0.2167,0.887
18.912504487,0.0550,0.8719,-0.2336,0.904
18.914260987,0.0618,0.8888,-0.2629,0.929
18.928718871,0.0667,0.8973,-0.2773,0.942
18.930027141,0.0730,0.9157,-0.3054,0.968
18.930965756,0.0789,0.9323,-0.3264,0.991
18.932003487,0.0814,0.9425,-0.3367,1.004
18.933044448,0.0914,0.9611,-0.3560,1.029
18.934165987,0.0970,0.9806,-0.3709,1.053
18.935265025,0.1014,0.9912,-0.3762,1.065
18.936535833,0.1114,1.0112,-0.3858,1.088
18.93779041,0.1182,1.0217,-0.3894,1.100
18.938840641,0.1309,1.0422,-0.3916,1.121
18.939859871,0.1466,1.0615,-0.3875,1.139
18.94088291,0.1542,1.0693,-0.3836,1.146
18.941653718,0.1666,1.0837,-0.3721,1.158
18.942654064,0.1781,1.0952,-0.3552,1.165
18.945336525,0.1837,1.1011,-0.3459,1.169
18.946730371,0.1910,1.1079,-0.3254,1.170
18.948435833,0.1928,1.1096,-0.3132,1.169
18.956005141,0.1954,1.1113,-0.2900,1.165
18.957626179,0.1923,1.1084,-0.2682,1.157
18.958895794,0.1901,1.1050,-0.2563,1.150
18.960228756,0.1823,1.0977,-0.2318,1.137
18.96140791,0.1732,1.0938,-0.2084,1.127
18.962354871,0.1666,1.0813,-0.1969,1.112
18.963178525,0.1544,1.0725,-0.1739,1.097
18.96438241,0.1466,1.0679,-0.1632,1.090
18.968252371,0.1327,1.0593,-0.1415,1.077
18.96982891,0.1209,1.0500,-0.1187,1.064
18.971070871,0.1146,1.0461,-0.1070,1.058
18.972308141,0.0985,1.0393,-0.0867,1.048
18.97459191,0.0855,1.0312,-0.0643,1.037
18.976196294,0.0787,1.0271,-0.0537,1.031
18.977838448,0.0645,1.0170,-0.0322,1.020
18.979660371,0.0586,1.0129,-0.0220,1.015
18.984066871,0.0462,1.0058,-0.0017,1.007
18.985576141,0.0381,0.9985,0.0169,0.999
18.98674991,0.0344,0.9936,0.0254,0.995
18.98805891,0.0261,0.9860,0.0415,0.987
18.98938241,0.0195,0.9770,0.0528,0.979
18.99124291,0.0176,0.9731,0.0581,0.975
18.993155756,0.0151,0.9655,0.0655,0.968
18.99513841,0.0156,0.9613,0.0696,0.964
18.997504487,0.0171,0.9550,0.0770,0.958
19.002176679,0.0178,0.9499,0.0826,0.954
19.002742756,0.0193,0.9469,0.0850,0.951
19.003214256,0.0210,0.9416,0.0892,0.946
19.008897179,0.0271,0.9359,0.0936,0.941
19.009198948,0.0293,0.9337,0.0950,0.939
19.009444102,0.0335,0.9284,0.0963,0.934
19.011161102,0.0374,0.9257,0.0977,0.932
19.013046448,0.0406,0.9205,0.1014,0.927
19.014902871,0.0450,0.9191,0.1021,0.926
19.029586679,0.0469,0.9166,0.1036,0.924
19.034038602,0.0491,0.9120,0.1051,0.919
19.035652371,0.0520,0.9096,0.1063,0.917
19.037426064,0.0540,0.9076,0.1065,0.915
19.038950948,0.0564,0.9044,0.1046,0.912
19.040164794,0.0567,0.9034,0.1036,0.911
19.041619256,0.0581,0.9003,0.1019,0.908
19.043231871,0.0569,0.8966,0.0994,0.904
19.044632564,0.0567,0.8949,0.0975,0.902
19.045877448,0.0569,0.8910,0.0943,0.898
19.047168487,0.0555,0.8895,0.0909,0.896
19.048618025,0.0537,0.8856,0.0889,0.892
19.050088102,0.0515,0.8829,0.0831,0.888
19.051594833,0.0511,0.8822,0.0792,0.887
19.053133256,0.0484,0.8783,0.0718,0.883
19.05392141,0.0450,0.8739,0.0647,0.877
19.055032141,0.0432,0.8729,0.0599,0.876
19.056196217,0.0408,0.8695,0.0525,0.872
19.057184833,0.0381,0.8670,0.0437,0.869
19.05786541,0.0362,0.8668,0.0401,0.868
19.058970602,0.0342,0.8634,0.0310,0.865
19.059734333,0.0318,0.8619,0.0266,0.863
19.060407717,0.0281,0.8595,0.0164,0.860
19.06234991,0.0239,0.8582,0.0078,0.859
19.064322333,0.0220,0.8565,0.0020,0.857
19.071161871,0.0178,0.8558,-0.0076,0.856
19.071774948,0.0127,0.8536,-0.0166,0.854
19.072031294,0.0122,0.8539,-0.0210,0.854
19.072294641,0.0081,0.8529,-0.0300,0.853
19.074484179,0.0039,0.8509,-0.0403,0.852
19.076316679,0.0022,0.8519,-0.0467,0.853
19.078123179,0.0000,0.8526,-0.0584,0.855
19.080258217,-0.0015,0.8529,-0.0616,0.855
19.09931591,-0.0027,0.8514,-0.0689,0.854
19.100643756,-0.0051,0.8539,-0.0728,0.857
19.101413794,-0.0064,0.8546,-0.0760,0.858
19.102178987,-0.0086,0.8531,-0.0826,0.857
19.102860871,-0.0134,0.8560,-0.0889,0.861
19.10389791,-0.0154,0.8585,-0.0914,0.863
19.104801833,-0.0215,0.8612,-0.0945,0.867
19.10556591,-0.0239,0.8617,-0.0967,0.867
19.106573448,-0.0303,0.8622,-0.1004,0.869
19.107549717,-0.0335,0.8644,-0.1002,0.871
19.108599871,-0.0362,0.8651,-0.1011,0.872
19.11008791,-0.0408,0.8692,-0.1041,0.876
19.110764602,-0.0472,0.8702,-0.1053,0.878
19.111498294,-0.0489,0.8714,-0.1041,0.879
19.112405717,-0.0550,0.8756,-0.1019,0.883
19.113194217,-0.0594,0.8766,-0.1009,0.884
19.114131602,-0.0660,0.8797,-0.0980,0.888
19.11673491,-0.0713,0.8810,-0.0945,0.889
19.118169948,-0.0748,0.8824,-0.0923,0.890
19.119628717,-0.0818,0.8832,-0.0870,0.891
19.12177541,-0.0862,0.8856,-0.0799,0.893
19.123671833,-0.0882,0.8859,-0.0755,0.893
19.125639756,-0.0933,0.8866,-0.0672,0.894
19.127653294,-0.0941,0.8861,-0.0643,0.893
19.129820141,-0.0950,0.8856,-0.0559,0.892
19.131450833,-0.0943,0.8861,-0.0457,0.892
19.134982487,-0.0936,0.8851,-0.0413,0.891
19.136490025,-0.0899,0.8832,-0.0313,0.888
19.137803679,-0.0860,0.8800,-0.0247,0.885
19.13943691,-0.0833,0.8795,-0.0217,0.884
19.141344794,-0.0760,0.8751,-0.0127,0.878
19.143216987,-0.0728,0.8736,-0.0093,0.877
19.145434064,-0.0667,0.8707,-0.0022,0.873
19.147239217,-0.0594,0.8678,0.0027,0.870
19.150988025,-0.0572,0.8653,0.0059,0.867
19.15262914,-0.0530,0.8614,0.0098,0.863
19.155446102,-0.0459,0.8580,0.0144,0.859
19.156748064,-0.0425,0.8553,0.0159,0.857
19.158078794,-0.0352,0.8497,0.0183,0.851
19.159710217,-0.0308,0.8470,0.0191,0.848
19.16114214,-0.0222,0.8416,0.0208,0.842
19.163202794,-0.0171,0.8375,0.0220,0.838
19.165095102,-0.0159,0.8350,0.0220,0.835
19.16810691,-0.0098,0.8302,0.0215,0.830
19.169538679,-0.0061,0.8270,0.0195,0.827
19.170990987,-0.0034,0.8258,0.0186,0.826
19.17449214,0.0002,0.8238,0.0173,0.824
19.175635179,0.0015,0.8226,0.0161,0.823
19.176784756,0.0022,0.8214,0.0139,0.821
19.184925717,0.0029,0.8189,0.0132,0.819
19.186592102,0.0032,0.8182,0.0132,0.818
19.187967602,0.0046,0.8196,0.0112,0.820
19.189265217,0.0066,0.8201,0.0105,0.820
19.190515679,0.0068,0.8204,0.0110,0.820
19.19167541,0.0086,0.8226,0.0110,0.823
19.192931756,0.0105,0.8233,0.0105,0.823
19.193991025,0.0154,0.8250,0.0107,0.825
19.195079871,0.0191,0.8306,0.0134,0.831
19.197317794,0.0193,0.8321,0.0134,0.832
19.198647448,0.0242,0.8353,0.0139,0.836
19.20536114,0.0281,0.8380,0.0142,0.839
19.206067064,0.0291,0.8404,0.0142,0.841
19.20640991,0.0322,0.8436,0.0183,0.844
19.206793333,0.0344,0.8446,0.0191,0.845
19.208513833,0.0386,0.8497,0.0210,0.851
19.210216525,0.0408,0.8524,0.0244,0.854
19.212971987,0.0432,0.8536,0.0252,0.855
19.214367564,0.0472,0.8558,0.0264,0.858
19.23407114,0.0503,0.8563,0.0286,0.858
19.235644102,0.0513,0.8563,0.0305,0.858
19.236754333,0.0525,0.8563,0.0335,0.859
19.237925333,0.0530,0.8560,0.0352,0.858
19.239059756,0.0542,0.8560,0.0398,0.859
19.240376217,0.0542,0.8573,0.0450,0.860
19.241557064,0.0525,0.8573,0.0479,0.860
19.242516987,0.0491,0.8573,0.0540,0.860
19.243592256,0.0457,0.8551,0.0611,0.858
19.244790948,0.0432,0.8546,0.0660,0.858
19.245867217,0.0388,0.8524,0.0713,0.856
19.246739217,0.0376,0.8521,0.0748,0.856
19.247937794,0.0337,0.8509,0.0821,0.856
19.248993025,0.0320,0.8497,0.0872,0.855
19.250066717,0.0303,0.8487,0.0904,0.854
19.251157025,0.0244,0.8465,0.0977,0.852
19.25226441,0.0215,0.8463,0.1038,0.853
19.253152025,0.0205,0.8470,0.1058,0.854
19.25406414,0.0173,0.8480,0.1107,0.855
19.254919602,0.0154,0.8487,0.1146,0.857
19.256075217,0.0151,0.8507,0.1200,0.859
19.257447563,0.0120,0.8517,0.1217,0.860
19.259273294,0.0117,0.8524,0.1222,0.861
19.261442794,0.0129,0.8548,0.1244,0.864
19.263344217,0.0134,0.8565,0.1231,0.865
19.265371063,0.0134,0.8587,0.1212,0.867
19.26782491,0.0151,0.8607,0.1190,0.869
19.269496102,0.0149,0.8631,0.1178,0.871
19.273944717,0.0129,0.8670,0.1165,0.875
19.274220294,0.0129,0.8697,0.1126,0.877
19.275075948,0.0125,0.8717,0.1114,0.879
19.277147717,0.0103,0.8766,0.1087,0.883
19.27917564,0.0107,0.8827,0.1036,0.889
19.28602664,0.0110,0.8851,0.1016,0.891
19.286574294,0.0095,0.8910,0.0960,0.896
19.286818333,0.0105,0.8937,0.0943,0.899
19.28705291,0.0100,0.8986,0.0906,0.903
19.292377525,0.0110,0.9030,0.0858,0.907
19.292669833,0.0115,0.9064,0.0831,0.910
19.292911717,0.0120,0.9118,0.0765,0.915
19.294902602,0.0122,0.9135,0.0745,0.917
19.296707679,0.0115,0.9188,0.0684,0.921
19.298700371,0.0117,0.9230,0.0633,0.925
19.311073987,0.0120,0.9247,0.0599,0.927
19.312981987,0.0122,0.9281,0.0535,0.930
19.313939102,0.0125,0.9306,0.0491,0.932
19.31500764,0.0125,0.9325,0.0484,0.934
19.316398179,0.0127,0.9362,0.0413,0.937
19.317695025,0.0129,0.9379,0.0384,0.939
19.321290063,0.0134,0.9403,0.0335,0.941
19.32266664,0.0127,0.9430,0.0291,0.944
19.323899833,0.0144,0.9438,0.0264,0.944
19.324781179,0.0178,0.9460,0.0213,0.946
19.325737794,0.0198,0.9467,0.0191,0.947
19.328097217,0.0220,0.9469,0.0178,0.947
19.329256448,0.0254,0.9501,0.0149,0.951
19.330156179,0.0276,0.9511,0.0142,0.952
19.331493025,0.0330,0.9533,0.0134,0.954
19.332793756,0.0357,0.9557,0.0110,0.956
19.335971679,0.0371,0.9567,0.0105,0.957
19.337413987,0.0406,0.9606,0.0115,0.962
19.338614256,0.0425,0.9623,0.0120,0.963
19.339698563,0.0467,0.9665,0.0134,0.968
19.340409871,0.0489,0.9701,0.0134,0.971
19.342060063,0.0503,0.9719,0.0134,0.973
19.34389714,0.0533,0.9770,0.0142,0.979
19.345883294,0.0540,0.9797,0.0129,0.981
19.347977179,0.0567,0.9816,0.0127,0.983
19.350259717,0.0589,0.9848,0.0132,0.987
19.352439602,0.0599,0.9860,0.0127,0.988
19.354278602,0.0606,0.9897,0.0151,0.992
19.355666756,0.0633,0.9912,0.0166,0.993
19.35775241,0.0640,0.9921,0.0173,0.994
19.359468602,0.0630,0.9936,0.0198,0.996
19.361706179,0.0633,0.9955,0.0220,0.998
19.363476756,0.0616,0.9953,0.0220,0.997
19.365809025,0.0611,0.9965,0.0249,0.999
19.368106833,0.0584,0.9970,0.0261,0.999
19.370959179,0.0567,0.9982,0.0279,1.000
19.372622063,0.0569,0.9973,0.0286,0.999
19.373600448,0.0555,0.9977,0.0281,1.000
19.375492217,0.0508,0.9992,0.0315,1.001
19.377559794,0.0486,1.0012,0.0340,1.003
19.379375063,0.0476,1.0012,0.0347,1.003
19.381790217,0.0450,1.0031,0.0374,1.005
19.386392525,0.0428,1.0046,0.0393,1.006
19.386947525,0.0374,1.0061,0.0430,1.008
19.387206333,0.0340,1.0065,0.0462,1.008
19.389673063,0.0310,1.0092,0.0479,1.011
19.391352256,0.0274,1.0129,0.0528,1.015
19.393192794,0.0213,1.0188,0.0569,1.021
19.395358679,0.0193,1.0212,0.0601,1.023
19.397417871,0.0149,1.0249,0.0679,1.027
19.413658448,0.0134,1.0256,0.0704,1.028
19.415035256,0.0117,1.0283,0.0765,1.031
19.416262986,0.0090,1.0329,0.0836,1.036
19.417348371,0.0076,1.0356,0.0894,1.039
19.418409563,0.0056,1.0412,0.1004,1.046
19.419532756,0.0042,1.0454,0.1129,1.051
19.420889025,0.0044,1.0469,0.1180,1.053
19.42208291,0.0029,1.0495,0.1287,1.057
19.423277448,0.0034,1.0517,0.1334,1.060
19.42420214,0.0042,1.0569,0.1451,1.067
19.425288833,0.0042,1.0603,0.1568,1.072
19.426003371,0.0034,1.0625,0.1630,1.075
19.427018448,0.0034,1.0640,0.1779,1.079
19.427857948,0.0064,1.0647,0.1898,1.081
19.428803871,0.0073,1.0644,0.1964,1.082
19.42960341,0.0100,1.0640,0.2045,1.083
19.431938256,0.0129,1.0640,0.2060,1.084
19.433436563,0.0154,1.0618,0.2081,1.082
19.438811486,0.0129,1.0600,0.2045,1.080
19.440663217,0.0083,1.0596,0.2023,1.079
19.441808794,-0.0010,1.0593,0.1964,1.077
19.442837602,-0.0186,1.0593,0.1859,1.076
19.443672756,-0.0279,1.0600,0.1793,1.075
19.444824525,-0.0454,1.0632,0.1656,1.077
19.446566333,-0.0640,1.0637,0.1603,1.078
19.448656102,-0.0721,1.0657,0.1505,1.079
19.451982102,-0.0831,1.0676,0.1417,1.080
19.456941102,-0.0853,1.0688,0.1383,1.081
19.457847371,-0.0858,1.0696,0.1341,1.081
19.458745794,-0.0784,1.0698,0.1305,1.081
19.45941414,-0.0716,1.0710,0.1290,1.081
19.460636102,-0.0550,1.0779,0.1270,1.087
19.462329525,-0.0384,1.0818,0.1251,1.090
19.464371371,-0.0291,1.0930,0.1236,1.100
19.467632717,-0.0081,1.1074,0.1182,1.114
19.469442448,0.0022,1.1150,0.1143,1.121
19.471617333,0.0227,1.1324,0.1068,1.138
19.472839563,0.0418,1.1502,0.0975,1.155
19.474141602,0.0503,1.1612,0.0919,1.166
19.476293333,0.0635,1.1834,0.0796,1.188
19.478050679,0.0691,1.1942,0.0723,1.198
19.480155217,0.0784,1.2191,0.0572,1.223
19.482043563,0.0862,1.2469,0.0369,1.250
19.485285833,0.0897,1.2606,0.0266,1.264
19.48678914,0.0941,1.2909,0.0083,1.294
19.488899871,0.0943,1.3229,-0.0095,1.326
19.489999217,0.0945,1.3376,-0.0188,1.341
19.491950063,0.0997,1.3674,-0.0318,1.371
19.493940909,0.1055,1.3825,-0.0371,1.387
19.49604414,0.1094,1.4082,-0.0428,1.413
19.497946986,0.1178,1.4329,-0.0432,1.438
19.509074179,0.1219,1.4431,-0.0420,1.449
19.510640909,0.1290,1.4588,-0.0347,1.465
19.51173464,0.1356,1.4729,-0.0242,1.479
19.512940833,0.1368,1.4781,-0.0183,1.484
19.51408964,0.1341,1.4837,-0.0064,1.490
19.515085448,0.1297,1.4854,-0.0002,1.491
19.516284833,0.1175,1.4849,0.0110,1.490
19.517145909,0.1021,1.4822,0.0227,1.486
19.51832614,0.0923,1.4785,0.0286,1.482
19.51935314,0.0696,1.4680,0.0398,1.470
19.520340948,0.0489,1.4553,0.0481,1.457
19.538806948,0.0376,1.4480,0.0508,1.449
19.54035164,0.0142,1.4324,0.0520,1.433
19.541206833,-0.0056,1.4248,0.0481,1.426
19.541911371,-0.0142,1.4106,0.0430,1.411
19.542680909,-0.0281,1.3989,0.0310,1.400
19.54351514,-0.0327,1.3938,0.0235,1.394
19.544480909,-0.0398,1.3874,0.0061,1.388
19.545507756,-0.0454,1.3820,-0.0142,1.383
19.546574909,-0.0481,1.3808,-0.0269,1.382
19.54757914,-0.0530,1.3806,-0.0491,1.382
19.548434371,-0.0557,1.3811,-0.0596,1.383
19.549498563,-0.0594,1.3838,-0.0818,1.387
19.550460717,-0.0606,1.3840,-0.0997,1.389
19.551625448,-0.0616,1.3833,-0.1058,1.389
19.552637717,-0.0665,1.3818,-0.1153,1.388
19.553589409,-0.0652,1.3789,-0.1209,1.386
19.554381871,-0.0638,1.3772,-0.1226,1.384
19.555425448,-0.0567,1.3740,-0.1217,1.381
19.558098063,-0.0525,1.3710,-0.1209,1.377
19.559615102,-0.0428,1.3635,-0.1116,1.369
19.560964217,-0.0300,1.3527,-0.1011,1.357
19.563158679,-0.0222,1.3481,-0.0958,1.352
19.564831102,-0.0081,1.3386,-0.0845,1.341
19.567251448,0.0068,1.3285,-0.0704,1.330
19.57014314,0.0166,1.3237,-0.0638,1.325
19.570766679,0.0347,1.3149,-0.0528,1.316
19.573251486,0.0513,1.3102,-0.0410,1.312
19.574552217,0.0594,1.3009,-0.0344,1.303
19.576688371,0.0748,1.2912,-0.0252,1.294
19.578770794,0.0821,1.2875,-0.0210,1.290
19.580503679,0.0933,1.2799,-0.0112,1.283
19.582579909,0.1021,1.2704,-0.0032,1.274
19.585461294,0.1046,1.2658,0.0010,1.270
19.586496371,0.1109,1.2545,0.0073,1.259
19.588475063,0.1131,1.2489,0.0105,1.254
19.590452832,0.1173,1.2362,0.0166,1.242
19.592347794,0.1180,1.2232,0.0166,1.229
19.59423214,0.1175,1.2154,0.0181,1.221
19.596576794,0.1146,1.1995,0.0213,1.205
19.59826514,0.1136,1.1829,0.0239,1.189
19.603844602,0.1129,1.1739,0.0244,1.180
19.604474717,0.1116,1.1558,0.0276,1.162
19.604729794,0.1124,1.1465,0.0281,1.152
19.606025448,0.1099,1.1263,0.0281,1.132
19.608268563,0.1114,1.1057,0.0279,1.112
19.610135102,0.1126,1.0974,0.0279,1.104
19.611863486,0.1148,1.0789,0.0291,1.085
19.614044832,0.1173,1.0598,0.0271,1.067
19.615888871,0.1178,1.0510,0.0254,1.058
19.642043294,0.1200,1.0315,0.0225,1.039
19.642700563,0.1202,1.0227,0.0205,1.030
19.642951063,0.1200,1.0065,0.0149,1.014
19.643188948,0.1202,0.9882,0.0110,0.996
19.643437063,0.1209,0.9794,0.0081,0.987
19.643673217,0.1226,0.9611,0.0010,0.969
19.643977563,0.1231,0.9484,-0.0039,0.956
19.64420914,0.1226,0.9435,-0.0081,0.951
19.644457525,0.1253,0.9303,-0.0178,0.939
19.644699832,0.1258,0.9230,-0.0274,0.932
19.644952332,0.1275,0.9122,-0.0322,0.922
19.645179602,0.1309,0.9012,-0.0418,0.912
19.645401448,0.1327,0.8966,-0.0474,0.908
19.64562714,0.1358,0.8881,-0.0603,0.900
19.645860448,0.1419,0.8817,-0.0721,0.896
19.647495909,0.1429,0.8790,-0.0799,0.894
19.651459409,0.1471,0.8746,-0.0919,0.892
19.652131294,0.1500,0.8739,-0.1058,0.893
19.654696371,0.1507,0.8739,-0.1119,0.894
19.656959679,0.1532,0.8734,-0.1261,0.896
19.657383832,0.1532,0.8744,-0.1341,0.898
19.659155294,0.1539,0.8749,-0.1468,0.900
19.661688871,0.1551,0.8783,-0.1610,0.906
19.663065256,0.1564,0.8797,-0.1681,0.909
19.665368179,0.1561,0.8854,-0.1818,0.917
19.668017679,0.1551,0.8895,-0.1881,0.922
19.670122294,0.1546,0.8978,-0.1986,0.932
19.671040332,0.1539,0.9076,-0.2096,0.944
19.673226909,0.1534,0.9130,-0.2138,0.950
19.675195025,0.1534,0.9227,-0.2218,0.961
19.677086525,0.1527,0.9354,-0.2279,0.975
19.678982025,0.1512,0.9420,-0.2311,0.982
19.681186294,0.1498,0.9545,-0.2353,0.994
19.682979794,0.1495,0.9606,-0.2350,1.000
19.687617563,0.1471,0.9721,-0.2340,1.011
19.688283986,0.1451,0.9843,-0.2348,1.022
19.688999217,0.1444,0.9880,-0.2338,1.025
19.690835102,0.1415,0.9982,-0.2272,1.033
19.692847179,0.1388,1.0029,-0.2182,1.036
19.694560717,0.1373,1.0053,-0.2133,1.037
19.696787602,0.1356,1.0080,-0.2016,1.037
19.698421179,0.1358,1.0083,-0.1952,1.036
19.715019525,0.1358,1.0063,-0.1805,1.031
19.715662102,0.1341,1.0031,-0.1647,1.025
19.71602614,0.1336,1.0017,-0.1559,1.022
19.716347371,0.1346,0.9960,-0.1366,1.014
19.716618486,0.1366,0.9894,-0.1190,1.006
19.716866948,0.1363,0.9860,-0.1107,1.002
19.71711114,0.1351,0.9797,-0.0931,0.993
19.717361217,0.1334,0.9760,-0.0840,0.989
19.717604525,0.1317,0.9694,-0.0652,0.980
19.724707832,0.1285,0.9606,-0.0476,0.970
19.725363717,0.1256,0.9565,-0.0398,0.965
19.725626448,0.1234,0.9491,-0.0244,0.957
19.725868794,0.1195,0.9406,-0.0095,0.948
19.726119063,0.1185,0.9359,-0.0042,0.943
19.72847614,0.1119,0.9264,0.0073,0.933
19.730235179,0.1087,0.9213,0.0137,0.928
19.732076179,0.1004,0.9122,0.0247,0.918
19.734399832,0.0965,0.9039,0.0337,0.910
19.736134063,0.0928,0.9000,0.0381,0.906
19.738021563,0.0867,0.8905,0.0457,0.896
19.740546909,0.0806,0.8866,0.0530,0.892
19.741965755,0.0792,0.8790,0.0564,0.884
19.743957794,0.0755,0.8707,0.0623,0.876
19.746194025,0.0730,0.8680,0.0635,0.873
19.747846755,0.0691,0.8607,0.0669,0.866
19.750313063,0.0657,0.8531,0.0708,0.859
19.752369332,0.0630,0.8509,0.0718,0.856
19.755295832,0.0623,0.8451,0.0748,0.851
19.755731525,0.0633,0.8399,0.0762,0.846
19.758023948,0.0633,0.8377,0.0755,0.843
19.759895371,0.0643,0.8297,0.0767,0.836
19.761775217,0.0672,0.8267,0.0770,0.833
19.763625717,0.0696,0.8211,0.0777,0.828
19.765755794,0.0706,0.8155,0.0770,0.822
19.76841614,0.0738,0.8128,0.0755,0.820
19.769894179,0.0799,0.8077,0.0728,0.815
19.771942255,0.0828,0.8016,0.0708,0.809
19.773735448,0.0843,0.7991,0.0708,0.807
19.775736102,0.0870,0.7923,0.0667,0.800
19.777777063,0.0870,0.7884,0.0643,0.796
19.779448563,0.0880,0.7835,0.0616,0.791
19.782004871,0.0894,0.7796,0.0581,0.787
19.785004602,0.0894,0.7769,0.0552,0.784
19.785991025,0.0899,0.7703,0.0535,0.777
19.787372602,0.0914,0.7639,0.0506,0.771
19.789562909,0.0909,0.7613,0.0498,0.768
19.791425986,0.0867,0.7573,0.0474,0.764
19.793269178,0.0867,0.7547,0.0447,0.761
19.79517764,0.0855,0.7517,0.0418,0.758
19.797433794,0.0821,0.7493,0.0388,0.755
19.799343871,0.0806,0.7468,0.0381,0.752
19.80956214,0.0789,0.7466,0.0359,0.752
19.811014794,0.0755,0.7451,0.0337,0.750
19.812051794,0.0735,0.7449,0.0332,0.749
19.813062332,0.0728,0.7451,0.0305,0.749
19.81404064,0.0713,0.7466,0.0300,0.751
19.815024871,0.0679,0.7466,0.0296,0.750
19.816849486,0.0657,0.7468,0.0293,0.750
19.817954409,0.0650,0.7481,0.0283,0.751
19.819246025,0.0645,0.7490,0.0266,0.752
19.820530717,0.0616,0.7512,0.0269,0.754
19.821433525,0.0603,0.7525,0.0274,0.755
19.837334102,0.0577,0.7561,0.0279,0.759
19.838953871,0.0579,0.7559,0.0276,0.759
19.83998064,0.0577,0.7564,0.0293,0.759
19.841040832,0.0577,0.7581,0.0303,0.761
19.842093717,0.0574,0.7600,0.0315,0.763
19.84315764,0.0572,0.7620,0.0322,0.765
19.844488832,0.0567,0.7622,0.0320,0.765
19.845564217,0.0569,0.7639,0.0330,0.767
19.846453871,0.0577,0.7657,0.0347,0.769
19.847305255,0.0581,0.7657,0.0332,0.769
19.848364371,0.0603,0.7654,0.0308,0.768
19.84924964,0.0601,0.7686,0.0327,0.772
19.850218832,0.0616,0.7703,0.0332,0.773
19.851319025,0.0645,0.7693,0.0327,0.773
19.85260564,0.0652,0.7705,0.0325,0.774
19.85380114,0.0669,0.7705,0.0313,0.774
19.854843255,0.0694,0.7710,0.0296,0.775
19.857891871,0.0701,0.7725,0.0296,0.776
19.85932414,0.0726,0.7749,0.0288,0.779
19.860590986,0.0743,0.7752,0.0279,0.779
19.862745871,0.0740,0.7759,0.0281,0.780
19.864329832,0.0765,0.7786,0.0283,0.783
19.873402448,0.0760,0.7808,0.0283,0.785
19.874954986,0.0765,0.7842,0.0305,0.789
19.87627564,0.0770,0.7874,0.0298,0.792
19.877295217,0.0772,0.7884,0.0300,0.793
19.878435832,0.0777,0.7923,0.0315,0.797
19.879161755,0.0765,0.7955,0.0322,0.800
19.880263794,0.0755,0.7974,0.0313,0.802
19.880936832,0.0767,0.8008,0.0313,0.805
19.881806025,0.0774,0.8043,0.0318,0.809
19.885495448,0.0765,0.8089,0.0310,0.813
19.887077871,0.0772,0.8145,0.0283,0.819
19.888392025,0.0762,0.8165,0.0266,0.820
19.889934102,0.0748,0.8187,0.0247,0.822
19.891567332,0.0738,0.8189,0.0225,0.823
19.893820255,0.0745,0.8221,0.0200,0.826
19.895976063,0.0774,0.8255,0.0171,0.829
19.897694486,0.0799,0.8267,0.0164,0.831
19.899473063,0.0845,0.8270,0.0147,0.831
19.910160101,0.0884,0.8282,0.0098,0.833
19.911016178,0.0899,0.8284,0.0071,0.833
19.911483601,0.0933,0.8302,0.0032,0.835
19.911997563,0.0950,0.8309,0.0015,0.836
19.912441717,0.0989,0.8326,-0.0010,0.838
19.912855717,0.1038,0.8336,-0.0029,0.840
19.913635255,0.1058,0.8341,-0.0037,0.841
19.91568914,0.1092,0.8348,-0.0064,0.842
19.942528178,0.1148,0.8350,-0.0081,0.843
19.944299486,0.1173,0.8355,-0.0078,0.844
19.945316909,0.1195,0.8385,-0.0078,0.847
19.946625025,0.1239,0.8394,-0.0081,0.849
19.948214178,0.1268,0.8409,-0.0061,0.850
19.950560717,0.1295,0.8438,-0.0049,0.854
19.952493601,0.1312,0.8465,-0.0029,0.857
19.953848601,0.1349,0.8529,-0.0005,0.863
19.955257601,0.1375,0.8570,0.0015,0.868
19.956913409,0.1397,0.8590,0.0027,0.870
19.958159255,0.1446,0.8634,0.0056,0.875
19.95929464,0.1471,0.8648,0.0068,0.877
19.96080464,0.1493,0.8697,0.0112,0.883
19.961819025,0.1510,0.8746,0.0151,0.888
19.963003525,0.1522,0.8773,0.0166,0.891
19.964153371,0.1559,0.8839,0.0203,0.898
19.965342986,0.1564,0.8871,0.0276,0.901
19.966495601,0.1556,0.8895,0.0303,0.904
19.96766464,0.1576,0.8942,0.0364,0.909
19.969122755,0.1590,0.8961,0.0401,0.911
19.970504294,0.1598,0.9012,0.0481,0.917
19.971609525,0.1620,0.9047,0.0520,0.921
19.972823448,0.1630,0.9076,0.0533,0.924
19.973532871,0.1644,0.9118,0.0579,0.928
19.974181832,0.1637,0.9154,0.0640,0.932
19.974820025,0.1642,0.9166,0.0665,0.934
19.975466601,0.1642,0.9196,0.0718,0.937
19.976189486,0.1637,0.9198,0.0748,0.937
19.976810832,0.1627,0.9223,0.0784,0.940
19.977427101,0.1608,0.9245,0.0831,0.942
19.97804864,0.1586,0.9249,0.0840,0.942
19.978661486,0.1566,0.9279,0.0865,0.945
19.980982794,0.1556,0.9286,0.0897,0.946
19.982188794,0.1544,0.9306,0.0909,0.948
19.989024601,0.1532,0.9325,0.0936,0.950
19.99024564,0.1524,0.9340,0.0941,0.951
19.990922755,0.1522,0.9369,0.0953,0.954
19.991574755,0.1517,0.9391,0.0989,0.956
19.992292101,0.1500,0.9398,0.0999,0.957
19.994159909,0.1478,0.9425,0.0992,0.959
19.99624664,0.1461,0.9450,0.1009,0.962
19.998826063,0.1461,0.9462,0.1002,0.963
19.999877217,0.1463,0.9504,0.0972,0.966
20.006680563,0.1466,0.9518,0.0970,0.968
20.007554755,0.1459,0.9555,0.0963,0.971
20.00812264,0.1463,0.9565,0.0945,0.972
20.008541063,0.1468,0.9565,0.0933,0.972
20.009852255,0.1446,0.9577,0.0914,0.973
20.012062601,0.1441,0.9594,0.0901,0.974
20.013743294,0.1454,0.9601,0.0897,0.975
20.015647024,0.1493,0.9604,0.0904,0.976
20.033158332,0.1500,0.9613,0.0904,0.977
20.034577178,0.1517,0.9613,0.0872,0.977
20.035632024,0.1542,0.9621,0.0872,0.978
20.036826063,0.1554,0.9626,0.0877,0.979
20.037949601,0.1588,0.9626,0.0884,0.980
20.038964794,0.1630,0.9616,0.0884,0.979
20.040459101,0.1644,0.9616,0.0887,0.980
20.041570063,0.1661,0.9613,0.0909,0.980
20.042401871,0.1700,0.9616,0.0911,0.981
20.043300101,0.1747,0.9611,0.0923,0.981
20.044311371,0.1766,0.9599,0.0948,0.981
20.045123294,0.1783,0.9604,0.0955,0.981
20.045943563,0.1820,0.9613,0.0987,0.983
20.046751832,0.1820,0.9589,0.1026,0.981
20.047564794,0.1837,0.9587,0.1036,0.982
20.048495024,0.1845,0.9591,0.1046,0.982
20.049461871,0.1849,0.9596,0.1055,0.983
20.052689294,0.1835,0.9611,0.1080,0.984
20.054149217,0.1801,0.9633,0.1104,0.986
20.059085986,0.1788,0.9645,0.1116,0.987
20.060611217,0.1752,0.9665,0.1151,0.989
20.061616448,0.1693,0.9684,0.1180,0.990
20.062419486,0.1656,0.9694,0.1192,0.991
20.063398294,0.1605,0.9719,0.1214,0.992
20.065409101,0.1576,0.9736,0.1244,0.994
20.067049755,0.1527,0.9777,0.1285,0.998
20.069613832,0.1463,0.9831,0.1302,1.002
20.071635063,0.1437,0.9846,0.1317,1.004
20.073123755,0.1388,0.9865,0.1297,1.005
20.075020409,0.1344,0.9916,0.1317,1.009
20.077158063,0.1329,0.9943,0.1322,1.012
20.078851255,0.1300,0.9997,0.1327,1.017
20.080820794,0.1292,1.0017,0.1331,1.019
20.082970024,0.1287,1.0061,0.1327,1.023
20.085721794,0.1285,1.0102,0.1322,1.027
20.086579832,0.1285,1.0117,0.1312,1.028
20.088876678,0.1290,1.0153,0.1280,1.031
20.090643178,0.1314,1.0205,0.1258,1.037
20.093003755,0.1336,1.0217,0.1239,1.038
20.094448871,0.1378,1.0241,0.1204,1.040
20.096847563,0.1400,1.0249,0.1195,1.041
20.098399909,0.1449,1.0273,0.1165,1.044
20.106997832,0.1502,1.0283,0.1124,1.045
20.107842563,0.1517,1.0290,0.1099,1.046
20.108281178,0.1561,1.0305,0.1080,1.048
20.108697024,0.1593,1.0307,0.1055,1.048
20.112850871,0.1598,1.0322,0.1031,1.050
20.113467294,0.1644,1.0327,0.0997,1.050
20.113891563,0.1652,1.0334,0.0989,1.051
20.114309563,0.1664,1.0332,0.0985,1.051
20.116065217,0.1705,1.0317,0.0963,1.050
20.132368678,0.1713,1.0295,0.0965,1.048
20.134123371,0.1759,1.0273,0.0938,1.046
20.135481678,0.1781,1.0261,0.0921,1.045
20.13666764,0.1823,1.0236,0.0897,1.044
20.138467255,0.1871,1.0214,0.0867,1.042
20.140167678,0.1886,1.0197,0.0860,1.041
20.141268524,0.1910,1.0180,0.0853,1.039
20.142352678,0.1957,1.0180,0.0838,1.040
20.143174178,0.1969,1.0192,0.0828,1.041
20.144524909,0.2008,1.0197,0.0809,1.042
20.145409294,0.2042,1.0197,0.0814,1.043
20.146515524,0.2057,1.0197,0.0804,1.043
20.147324563,0.2057,1.0178,0.0821,1.042
20.148441255,0.2062,1.0158,0.0831,1.040
20.14920664,0.2074,1.0141,0.0831,1.038
20.150346447,0.2074,1.0144,0.0840,1.039
20.151473294,0.2055,1.0131,0.0838,1.037
20.15285614,0.2028,1.0131,0.0853,1.037
20.154113986,0.2006,1.0148,0.0877,1.038
20.157060678,0.2001,1.0158,0.0894,1.039
20.158825524,0.1994,1.0180,0.0938,1.042
20.160372063,0.1994,1.0188,0.0960,1.043
20.161718563,0.1994,1.0219,0.1041,1.046
20.163624101,0.1986,1.0224,0.1151,1.048
20.165997332,0.1976,1.0222,0.1185,1.048
20.167661678,0.1952,1.0234,0.1285,1.050
20.170609178,0.1925,1.0241,0.1424,1.052
20.171543255,0.1908,1.0234,0.1495,1.052
20.173371371,0.1898,1.0210,0.1630,1.051
20.175321678,0.1893,1.0183,0.1691,1.049
20.177802755,0.1896,1.0151,0.1769,1.048
20.179341563,0.1930,1.0119,0.1788,1.046
20.181685794,0.1940,1.0112,0.1774,1.045
20.183611217,0.1967,1.0097,0.1759,1.044
20.190499601,0.1967,1.0092,0.1757,1.043
20.191414255,0.1967,1.0083,0.1749,1.042
20.191922678,0.1940,1.0075,0.1764,1.041
20.192342294,0.1932,1.0068,0.1810,1.041
20.193825678,0.1920,1.0070,0.1859,1.042
20.195406794,0.1930,1.0083,0.1879,1.044
20.197038909,0.1930,1.0083,0.1876,1.044
20.198859447,0.1972,1.0112,0.1891,1.047
20.222628947,0.2018,1.0131,0.1901,1.050
20.223507563,0.2062,1.0161,0.1903,1.054
20.224046255,0.2145,1.0212,0.1915,1.061
20.224466332,0.2174,1.0241,0.1925,1.065
20.224910947,0.2204,1.0324,0.1959,1.074
20.225307409,0.2169,1.0417,0.1974,1.082
20.225712832,0.2145,1.0486,0.1976,1.088
20.22613114,0.2057,1.0630,0.1981,1.101
20.226555294,0.1989,1.0710,0.1979,1.107
20.226948332,0.1874,1.0913,0.1962,1.125
20.227346755,0.1725,1.1140,0.1952,1.144
20.227803101,0.1637,1.1265,0.1957,1.155
20.228192294,0.1478,1.1514,0.1964,1.177
20.228572101,0.1280,1.1812,0.1950,1.204
20.228976447,0.1180,1.1964,0.1935,1.218
20.230415101,0.0989,1.2286,0.1920,1.247
20.232731947,0.0814,1.2450,0.1854,1.261
20.234478178,0.0723,1.2745,0.1818,1.289
20.237715217,0.0552,1.3017,0.1749,1.315
20.238728832,0.0486,1.3156,0.1710,1.328
20.240828832,0.0376,1.3408,0.1608,1.351
20.242196755,0.0254,1.3649,0.1510,1.373
20.244247563,0.0203,1.3754,0.1471,1.383
20.246454717,0.0088,1.3921,0.1378,1.399
20.248256409,0.0073,1.3996,0.1334,1.406
20.250398909,0.0024,1.4104,0.1234,1.416
20.253151794,-0.0015,1.4165,0.1126,1.421
20.25402337,-0.0039,1.4170,0.1063,1.421
20.256849486,-0.0090,1.4148,0.0921,1.418
20.25796337,-0.0100,1.4158,0.0814,1.418
20.25993314,-0.0059,1.4184,0.0767,1.421
20.262020947,0.0088,1.4233,0.0625,1.425
20.264044178,0.0269,1.4250,0.0479,1.426
20.265897486,0.0384,1.4253,0.0379,1.426
20.270024909,0.0650,1.4258,0.0183,1.427
20.27130614,0.0787,1.4255,0.0076,1.428
20.272410178,0.1082,1.4248,-0.0132,1.429
20.274216524,0.1388,1.4231,-0.0369,1.430
20.275655947,0.1537,1.4231,-0.0506,1.432
20.277861947,0.1825,1.4211,-0.0784,1.435
20.280060178,0.1964,1.4187,-0.0936,1.435
20.28193814,0.2253,1.4143,-0.1268,1.438
20.283668678,0.2494,1.4077,-0.1639,1.439
20.287554678,0.2575,1.4026,-0.1830,1.438
20.28919764,0.2726,1.3911,-0.2191,1.434
20.290360447,0.2834,1.3764,-0.2573,1.429
20.291954717,0.2871,1.3669,-0.2761,1.424
20.293686294,0.2910,1.3498,-0.3103,1.415
20.295857063,0.2905,1.3425,-0.3415,1.415
20.297625986,0.2890,1.3266,-0.3555,1.403
20.299603101,0.2885,1.3112,-0.3794,1.395
20.30186437,0.2875,1.3039,-0.3889,1.391
20.311338101,0.2853,1.2904,-0.4099,1.384
20.31272187,0.2824,1.2819,-0.4268,1.380
20.313207947,0.2802,1.2765,-0.4317,1.376
20.313643794,0.2748,1.2706,-0.4407,1.373
20.314063563,0.2709,1.2687,-0.4444,1.371
20.31447487,0.2619,1.2636,-0.4481,1.366
20.315248909,0.2516,1.2614,-0.4449,1.361
20.317565255,0.2463,1.2611,-0.4400,1.358
20.338611524,0.2338,1.2592,-0.4283,1.350
20.340431178,0.2194,1.2557,-0.4092,1.339
20.34164164,0.2130,1.2543,-0.3972,1.333
20.342822024,0.1998,1.2518,-0.3704,1.321
20.343956563,0.1874,1.2491,-0.3376,1.307
20.345196986,0.1815,1.2408,-0.3203,1.294
20.346308063,0.1703,1.2333,-0.2871,1.278
20.347352832,0.1647,1.2286,-0.2692,1.269
20.348397909,0.1515,1.2152,-0.2331,1.247
20.349471601,0.1417,1.2020,-0.1976,1.226
20.350293293,0.1383,1.1947,-0.1808,1.216
20.351356524,0.1339,1.1778,-0.1478,1.195
20.352534601,0.1292,1.1607,-0.1158,1.174
20.353661332,0.1261,1.1521,-0.1009,1.163
20.354749217,0.1212,1.1319,-0.0721,1.141
20.355611409,0.1197,1.1233,-0.0579,1.131
20.356594947,0.1173,1.1043,-0.0320,1.111
20.357384524,0.1190,1.0833,-0.0122,1.090
20.358073063,0.1182,1.0732,-0.0046,1.080
20.359214601,0.1160,1.0537,0.0107,1.060
20.360038832,0.1170,1.0346,0.0235,1.041
20.362705832,0.1180,1.0256,0.0276,1.033
20.36443614,0.1185,1.0078,0.0335,1.015
20.365351486,0.1192,0.9990,0.0364,1.007
20.36686087,0.1217,0.9826,0.0393,0.991
20.37153464,0.1241,0.9684,0.0384,0.977
20.372589947,0.1248,0.9609,0.0371,0.970
20.373081793,0.1239,0.9494,0.0332,0.958
20.374284255,0.1236,0.9398,0.0288,0.948
20.376435063,0.1246,0.9350,0.0254,0.944
20.378433793,0.1275,0.9271,0.0154,0.936
20.38018637,0.1292,0.9242,0.0122,0.933
20.382385947,0.1314,0.9201,0.0002,0.929
20.384262447,0.1329,0.9179,-0.0122,0.928
20.390667717,0.1346,0.9179,-0.0178,0.928
20.39146987,0.1395,0.9198,-0.0322,0.931
20.391985717,0.1417,0.9235,-0.0462,0.935
20.392409601,0.1424,0.9271,-0.0525,0.939
20.396048601,0.1459,0.9357,-0.0660,0.949
20.396520755,0.1471,0.9391,-0.0728,0.953
20.398408486,0.1512,0.9474,-0.0843,0.963
20.400054563,0.1542,0.9545,-0.0955,0.972
20.417040947,0.1549,0.9584,-0.1009,0.976
20.419173563,0.1564,0.9667,-0.1143,0.986
20.420575678,0.1586,0.9762,-0.1241,0.997
20.42176364,0.1573,0.9809,-0.1285,1.002
20.422808909,0.1542,0.9914,-0.1366,1.013
20.424299563,0.1515,0.9960,-0.1410,1.017
20.425523524,0.1483,1.0039,-0.1483,1.026
20.426920563,0.1444,1.0117,-0.1537,1.033
20.428253524,0.1427,1.0146,-0.1561,1.036
20.429039486,0.1380,1.0214,-0.1595,1.043
20.430235293,0.1290,1.0298,-0.1605,1.050
20.431026332,0.1268,1.0317,-0.1605,1.052
20.432110101,0.1197,1.0351,-0.1627,1.055
20.432972332,0.1156,1.0371,-0.1632,1.056
20.433921178,0.1099,1.0412,-0.1627,1.060
20.434978024,0.1048,1.0444,-0.1615,1.062
20.436208486,0.1024,1.0447,-0.1595,1.062
20.437308293,0.0953,1.0449,-0.1549,1.061
20.438485332,0.0867,1.0432,-0.1473,1.057
20.439582947,0.0826,1.0422,-0.1434,1.055
20.442271755,0.0740,1.0412,-0.1334,1.052
20.443432486,0.0706,1.0403,-0.1297,1.051
20.445637447,0.0625,1.0400,-0.1195,1.049
20.447241986,0.0550,1.0354,-0.1087,1.043
20.449503755,0.0513,1.0341,-0.1036,1.041
20.451606716,0.0442,1.0295,-0.0933,1.035
20.454048101,0.0357,1.0244,-0.0806,1.028
20.455184678,0.0303,1.0229,-0.0748,1.026
20.457449293,0.0225,1.0183,-0.0594,1.020
20.459429524,0.0147,1.0129,-0.0476,1.014
20.461710332,0.0098,1.0090,-0.0418,1.010
20.463269486,-0.0010,1.0019,-0.0281,1.002
20.465397178,-0.0064,0.9982,-0.0208,0.998
20.467141947,-0.0166,0.9931,-0.0090,0.993
20.470368678,-0.0271,0.9836,0.0012,0.984
20.471169332,-0.0315,0.9794,0.0073,0.980
20.473249101,-0.0413,0.9726,0.0191,0.974
20.475383947,-0.0496,0.9689,0.0271,0.971
20.477288063,-0.0533,0.9628,0.0308,0.965
20.479094678,-0.0603,0.9560,0.0379,0.959
20.481436793,-0.0638,0.9530,0.0420,0.956
20.483074793,-0.0718,0.9464,0.0493,0.950
20.485662332,-0.0789,0.9413,0.0545,0.946
20.488293409,-0.0818,0.9391,0.0572,0.944
20.489069601,-0.0894,0.9340,0.0603,0.940
20.490812216,-0.0933,0.9303,0.0630,0.937
20.493369524,-0.0953,0.9276,0.0645,0.935
20.49470114,-0.0977,0.9215,0.0665,0.929
20.496925832,-0.0980,0.9181,0.0672,0.926
20.498937793,-0.0989,0.9147,0.0687,0.923
20.501243255,-0.0999,0.9108,0.0682,0.919
20.508057832,-0.0997,0.9083,0.0689,0.916
20.508941832,-0.0997,0.9037,0.0655,0.912
20.509395447,-0.0943,0.8983,0.0635,0.905
20.509814293,-0.0906,0.8937,0.0621,0.900
20.515278601,-0.0833,0.8878,0.0577,0.894
20.516058793,-0.0801,0.8846,0.0557,0.890
20.516457947,-0.0704,0.8775,0.0530,0.882
20.516871755,-0.0596,0.8727,0.0469,0.876
20.542240832,-0.0540,0.8692,0.0435,0.872
20.543695409,-0.0423,0.8622,0.0366,0.864
20.544969832,-0.0303,0.8597,0.0288,0.861
20.546132832,-0.0257,0.8575,0.0259,0.858
20.547423947,-0.0142,0.8521,0.0195,0.852
20.548789832,-0.0093,0.8492,0.0161,0.849
20.550042447,0.0005,0.8463,0.0093,0.846
20.551207832,0.0095,0.8409,0.0034,0.841
20.552577024,0.0134,0.8397,0.0000,0.840
20.553740601,0.0232,0.8372,-0.0054,0.838
20.554910563,0.0322,0.8338,-0.0095,0.834
20.556203101,0.0364,0.8324,-0.0107,0.833
20.55720187,0.0457,0.8297,-0.0142,0.831
20.558175601,0.0533,0.8282,-0.0186,0.830
20.558912139,0.0581,0.8265,-0.0205,0.829
20.560014793,0.0645,0.8236,-0.0237,0.826
20.560805486,0.0677,0.8223,-0.0264,0.826
20.561780639,0.0752,0.8209,-0.0274,0.825
20.562734639,0.0828,0.8196,-0.0293,0.824
20.563608178,0.0858,0.8182,-0.0310,0.823
20.564599639,0.0911,0.8153,-0.0352,0.821
20.565375024,0.0965,0.8148,-0.0359,0.821
20.566339216,0.0970,0.8133,-0.0401,0.820
20.567144563,0.0994,0.8104,-0.0418,0.818
20.56833987,0.1021,0.8091,-0.0415,0.817
20.569352178,0.1073,0.8060,-0.0420,0.814
20.570548178,0.1104,0.8040,-0.0432,0.813
20.573747293,0.1119,0.8030,-0.0442,0.812
20.57529487,0.1151,0.7994,-0.0445,0.809
20.576545447,0.1160,0.7989,-0.0435,0.808
20.577656678,0.1175,0.7974,-0.0432,0.807
20.579639524,0.1185,0.7959,-0.0425,0.806
20.581527486,0.1202,0.7955,-0.0423,0.806
20.583574832,0.1231,0.7933,-0.0403,0.804
20.585635063,0.1241,0.7930,-0.0379,0.804
20.588422216,0.1244,0.7916,-0.0352,0.802
20.589599101,0.1253,0.7889,-0.0313,0.799
20.591449255,0.1244,0.7867,-0.0291,0.797
20.593448639,0.1248,0.7837,-0.0266,0.794
20.595607716,0.1253,0.7832,-0.0242,0.794
20.59781287,0.1263,0.7828,-0.0210,0.793
20.599308332,0.1241,0.7808,-0.0164,0.791
20.601319486,0.1229,0.7803,-0.0129,0.790
20.608105447,0.1214,0.7798,-0.0115,0.789
20.608959024,0.1187,0.7774,-0.0068,0.786
20.609387139,0.1173,0.7762,-0.0046,0.785
20.609804947,0.1131,0.7757,-0.0027,0.784
20.611406139,0.1085,0.7745,-0.0022,0.782
20.613129139,0.1068,0.7740,-0.0010,0.781
20.614985986,0.0997,0.7713,-0.0007,0.778
20.617306755,0.0948,0.7705,-0.0012,0.776
20.619051678,0.0931,0.7708,-0.0010,0.776
20.640067755,0.0892,0.7676,-0.0010,0.773
20.641898563,0.0865,0.7657,0.0002,0.771
20.64308487,0.0801,0.7632,0.0017,0.767
20.644438447,0.0750,0.7630,0.0039,0.767
20.645590255,0.0716,0.7622,0.0044,0.766
20.647213793,0.0662,0.7588,0.0059,0.762
20.648686678,0.0603,0.7571,0.0107,0.760
20.649509947,0.0572,0.7561,0.0127,0.758
20.650378678,0.0525,0.7537,0.0205,0.756
20.651502755,0.0498,0.7530,0.0254,0.755
20.653001793,0.0454,0.7503,0.0335,0.752
20.654210293,0.0396,0.7505,0.0425,0.753
20.655663639,0.0369,0.7505,0.0474,0.753
20.656957639,0.0337,0.7483,0.0589,0.751
20.657766332,0.0298,0.7483,0.0708,0.752
20.658968409,0.0281,0.7476,0.0779,0.752
20.660477755,0.0254,0.7488,0.0911,0.755
20.661332024,0.0225,0.7498,0.1029,0.757
20.662293255,0.0220,0.7505,0.1094,0.759
20.663310101,0.0195,0.7530,0.1234,0.763
20.664501793,0.0176,0.7547,0.1314,0.766
20.665358755,0.0120,0.7583,0.1441,0.772
20.66634387,0.0090,0.7598,0.1576,0.776
20.667284716,0.0071,0.7603,0.1634,0.778
20.668536447,0.0049,0.7630,0.1744,0.783
20.67095637,0.0005,0.7679,0.1857,0.790
20.672798255,-0.0007,0.7698,0.1896,0.793
20.674187601,-0.0039,0.7735,0.1959,0.798
20.676075101,-0.0046,0.7759,0.1994,0.801
20.678427832,-0.0083,0.7786,0.2042,0.805
20.680259793,-0.0117,0.7842,0.2077,0.811
20.682466601,-0.0144,0.7889,0.2099,0.816
20.684033139,-0.0173,0.7940,0.2123,0.822
20.687955447,-0.0191,0.7959,0.2123,0.824
20.688860524,-0.0232,0.8035,0.2130,0.832
20.690134562,-0.0288,0.8123,0.2128,0.840
20.691869101,-0.0303,0.8145,0.2125,0.842
20.694119986,-0.0318,0.8209,0.2094,0.848
20.695940793,-0.0347,0.8277,0.2050,0.853
20.697997639,-0.0349,0.8311,0.2018,0.856
20.699692601,-0.0352,0.8375,0.1957,0.861
20.702035216,-0.0347,0.8414,0.1923,0.864
20.709164832,-0.0359,0.8497,0.1852,0.870
20.710043139,-0.0342,0.8560,0.1779,0.875
20.710470216,-0.0322,0.8595,0.1747,0.878
20.710891062,-0.0298,0.8641,0.1669,0.881
20.712573524,-0.0288,0.8717,0.1603,0.887
20.741206639,-0.0266,0.8756,0.1561,0.890
20.742859793,-0.0257,0.8815,0.1495,0.894
20.744018486,-0.0254,0.8849,0.1468,0.897
20.745129216,-0.0227,0.8925,0.1424,0.904
20.746144832,-0.0230,0.8956,0.1358,0.906
20.747332793,-0.0217,0.8983,0.1312,0.908
20.748707024,-0.0181,0.9069,0.1263,0.916
20.74990837,-0.0164,0.9088,0.1204,0.917
20.750980909,-0.0186,0.9159,0.1190,0.924
20.751976562,-0.0186,0.9205,0.1168,0.928
20.753014447,-0.0176,0.9215,0.1158,0.929
20.754029062,-0.0161,0.9259,0.1124,0.933
20.755070101,-0.0181,0.9323,0.1102,0.939
20.756118216,-0.0178,0.9347,0.1085,0.941
20.757107985,-0.0186,0.9386,0.1011,0.944
20.757814985,-0.0169,0.9394,0.0997,0.945
20.758747216,-0.0171,0.9411,0.0955,0.946
20.759489024,-0.0191,0.9430,0.0887,0.947
20.760580985,-0.0181,0.9440,0.0862,0.948
20.761500755,-0.0169,0.9467,0.0833,0.950
20.76222737,-0.0144,0.9482,0.0799,0.952
20.763247101,-0.0125,0.9484,0.0779,0.952
20.764159216,-0.0098,0.9501,0.0735,0.953
20.765110024,-0.0066,0.9499,0.0716,0.953
20.765989716,-0.0056,0.9489,0.0687,0.951
20.767016909,-0.0002,0.9460,0.0645,0.948
20.769349985,0.0020,0.9450,0.0625,0.947
20.770612678,0.0059,0.9452,0.0581,0.947
20.771471293,0.0098,0.9428,0.0555,0.944
20.772642639,0.0117,0.9416,0.0542,0.943
20.773149716,0.0191,0.9423,0.0552,0.944
20.776145332,0.0230,0.9428,0.0557,0.945
20.776824601,0.0310,0.9442,0.0528,0.946
20.77851437,0.0369,0.9433,0.0542,0.946
20.780631101,0.0398,0.9445,0.0569,0.947
20.782601216,0.0472,0.9472,0.0601,0.950
20.784747255,0.0537,0.9504,0.0655,0.954
20.788268562,0.0567,0.9506,0.0684,0.955
20.788803678,0.0621,0.9508,0.0740,0.956
20.79034137,0.0662,0.9547,0.0804,0.960
20.79246737,0.0691,0.9565,0.0833,0.963
20.794285409,0.0740,0.9601,0.0926,0.967
20.796391293,0.0735,0.9616,0.0960,0.969
20.79838587,0.0733,0.9672,0.1048,0.976
20.800298562,0.0721,0.9726,0.1116,0.982
20.802318562,0.0721,0.9767,0.1143,0.986
20.808084332,0.0696,0.9794,0.1217,0.989
20.808945678,0.0662,0.9809,0.1258,0.991
20.809262101,0.0635,0.9828,0.1334,0.994
20.810502293,0.0579,0.9858,0.1375,0.997
20.812168332,0.0562,0.9863,0.1388,0.998
20.814156485,0.0503,0.9890,0.1415,1.000
20.816288755,0.0406,0.9909,0.1439,1.002
20.817810447,0.0371,0.9902,0.1437,1.001
20.836768178,0.0300,0.9916,0.1427,1.002
20.837690793,0.0198,0.9924,0.1412,1.003
20.838129716,0.0147,0.9907,0.1417,1.001
20.838513101,0.0066,0.9907,0.1402,1.001
20.838902447,0.0032,0.9912,0.1375,1.001
20.839272293,-0.0078,0.9887,0.1322,0.998
20.839654985,-0.0169,0.9865,0.1283,0.995
20.840084985,-0.0220,0.9872,0.1256,0.995
20.840463409,-0.0320,0.9870,0.1197,0.995
20.840826678,-0.0354,0.9858,0.1165,0.993
20.841197947,-0.0435,0.9828,0.1114,0.990
20.841575447,-0.0515,0.9806,0.1063,0.988
20.843653216,-0.0545,0.9789,0.1043,0.986
20.845494601,-0.0594,0.9770,0.0999,0.984
20.847627985,-0.0667,0.9748,0.0963,0.982
20.849594024,-0.0701,0.9736,0.0953,0.981
20.851305678,-0.0740,0.9694,0.0923,0.977
20.854590832,-0.0765,0.9675,0.0904,0.975
20.855592909,-0.0799,0.9640,0.0889,0.971
20.857674716,-0.0821,0.9618,0.0889,0.969
20.85942537,-0.0836,0.9618,0.0899,0.970
20.861525332,-0.0831,0.9606,0.0916,0.969
20.863581832,-0.0811,0.9579,0.0906,0.966
20.865465408,-0.0801,0.9579,0.0911,0.966
20.867001062,-0.0792,0.9572,0.0928,0.965
20.869151908,-0.0779,0.9584,0.0948,0.966
20.872324485,-0.0782,0.9616,0.0955,0.969
20.873166447,-0.0755,0.9679,0.0999,0.976
20.874921101,-0.0730,0.9711,0.1029,0.979
20.877115178,-0.0684,0.9794,0.1077,0.988
20.878905139,-0.0621,0.9877,0.1160,0.996
20.880725793,-0.0594,0.9924,0.1204,1.001
20.884252178,-0.0513,1.0026,0.1287,1.012
20.884914139,-0.0428,1.0080,0.1331,1.018
20.890504178,-0.0406,1.0229,0.1393,1.033
20.891100139,-0.0347,1.0351,0.1473,1.046
20.891375216,-0.0308,1.0412,0.1512,1.053
20.892799255,-0.0257,1.0527,0.1576,1.065
20.894833255,-0.0200,1.0622,0.1666,1.075
20.896699601,-0.0176,1.0669,0.1708,1.081
20.898540216,-0.0127,1.0720,0.1747,1.086
20.900418755,-0.0086,1.0747,0.1823,1.090
20.919066062,-0.0054,1.0749,0.1835,1.091
20.919958485,0.0000,1.0759,0.1881,1.092
20.920246255,0.0022,1.0745,0.1888,1.091
20.920483601,0.0083,1.0676,0.1913,1.085
20.920735485,0.0095,1.0591,0.1930,1.077
20.920971524,0.0112,1.0542,0.1930,1.072
20.921203639,0.0166,1.0464,0.1886,1.063
20.921439908,0.0227,1.0420,0.1871,1.059
20.921665332,0.0264,1.0334,0.1847,1.050
20.921894985,0.0318,1.0229,0.1788,1.039
20.923052755,0.0337,1.0197,0.1749,1.035
20.924467062,0.0386,1.0107,0.1693,1.026
20.926376678,0.0425,1.0024,0.1617,1.016
20.966950293,0.0452,0.9987,0.1576,1.012
20.968340332,0.0462,0.9933,0.1490,1.006
20.96968337,0.0454,0.9919,0.1388,1.003
20.970684178,0.0432,0.9899,0.1334,1.000
20.972062447,0.0374,0.9885,0.1244,0.997
20.972985408,0.0335,0.9892,0.1195,0.997
20.974045331,0.0276,0.9914,0.1124,0.998
20.974738408,0.0230,0.9933,0.1051,0.999
20.975952947,0.0205,0.9931,0.1014,0.998
20.976722485,0.0178,0.9953,0.0970,1.000
20.977728024,0.0149,0.9963,0.0911,1.001
20.97853237,0.0137,0.9982,0.0887,1.002
20.979650178,0.0115,0.9987,0.0853,1.002
20.980595678,0.0112,0.9999,0.0828,1.003
20.98147687,0.0120,0.9990,0.0787,1.002
20.982439255,0.0115,0.9977,0.0743,1.001
20.983375024,0.0117,0.9973,0.0718,1.000
20.984508331,0.0139,0.9941,0.0684,0.997
20.985798331,0.0188,0.9904,0.0650,0.993
20.986628485,0.0198,0.9885,0.0652,0.991
20.988008255,0.0235,0.9833,0.0662,0.986
20.989039562,0.0271,0.9804,0.0650,0.983
20.990151024,0.0320,0.9743,0.0672,0.977
20.990965562,0.0391,0.9706,0.0708,0.974
20.999421447,0.0428,0.9682,0.0735,0.972
21.000542678,0.0506,0.9621,0.0794,0.967
21.000944447,0.0591,0.9596,0.0877,0.965
21.001291447,0.0625,0.9562,0.0938,0.963
21.001629831,0.0674,0.9516,0.1051,0.960
21.001952678,0.0696,0.9494,0.1112,0.958
21.002281408,0.0730,0.9457,0.1251,0.957
21.00261237,0.0782,0.9445,0.1446,0.959
21.002959139,0.0787,0.9447,0.1529,0.960
21.00330887,0.0816,0.9457,0.1695,0.964
21.003636908,0.0855,0.9447,0.1879,0.967
21.004040139,0.0865,0.9440,0.1957,0.968
21.004360485,0.0901,0.9442,0.2145,0.972
21.004695331,0.0958,0.9440,0.2255,0.975
21.005011947,0.1021,0.9440,0.2399,0.979
21.005400447,0.1011,0.9464,0.2460,0.983
21.010667139,0.0997,0.9489,0.2458,0.985
21.011387024,0.0916,0.9521,0.2431,0.987
21.011790293,0.0848,0.9560,0.2353,0.988
21.013202024,0.0821,0.9613,0.2318,0.992
21.015039601,0.0762,0.9682,0.2243,0.997
21.017317255,0.0721,0.9709,0.2218,0.998
21.018872408,0.0647,0.9770,0.2169,1.003
21.047950562,0.0594,0.9802,0.2130,1.005
21.048565178,0.0564,0.9821,0.2116,1.006
21.048826447,0.0523,0.9863,0.2116,1.010
21.049063678,0.0469,0.9912,0.2118,1.015
21.049316831,0.0450,0.9926,0.2140,1.016
21.049543178,0.0423,0.9953,0.2152,1.019
21.049776024,0.0396,0.9958,0.2165,1.020
21.050010639,0.0396,0.9943,0.2169,1.018
21.05025687,0.0384,0.9946,0.2143,1.018
21.050475524,0.0371,0.9938,0.2133,1.017
21.05070337,0.0362,0.9897,0.2099,1.012
21.050929524,0.0344,0.9850,0.2016,1.006
21.051150216,0.0344,0.9841,0.1967,1.004
21.051357178,0.0349,0.9806,0.1837,0.998
21.05157287,0.0352,0.9782,0.1776,0.995
21.051829947,0.0384,0.9736,0.1647,0.988
21.052371255,0.0415,0.9692,0.1524,0.982
21.057333331,0.0415,0.9670,0.1456,0.979
21.057919331,0.0420,0.9638,0.1322,0.974
21.058179985,0.0491,0.9609,0.1204,0.970
21.060790562,0.0508,0.9579,0.1143,0.966
21.06218437,0.0559,0.9526,0.1048,0.960
21.064722062,0.0577,0.9511,0.1019,0.958
21.06612037,0.0584,0.9484,0.0943,0.955
21.067959255,0.0606,0.9474,0.0880,0.953
21.072354716,0.0616,0.9467,0.0843,0.952
21.072961562,0.0652,0.9452,0.0770,0.951
21.074008255,0.0694,0.9457,0.0706,0.951
21.07610287,0.0723,0.9462,0.0684,0.951
21.078047678,0.0811,0.9450,0.0665,0.951
21.079972947,0.1002,0.9433,0.0669,0.951
21.081906485,0.1415,0.9457,0.0643,0.958
21.083633293,0.1551,0.9477,0.0625,0.962
21.085935331,0.1568,0.9484,0.0603,0.963
21.088435947,0.1551,0.9484,0.0625,0.963
21.089543254,0.1483,0.9491,0.0618,0.963
21.091644178,0.1456,0.9516,0.0623,0.965
21.093679831,0.1397,0.9521,0.0657,0.965
21.095638524,0.1378,0.9526,0.0684,0.965
21.097666408,0.1349,0.9535,0.0733,0.966
21.099925908,0.1346,0.9565,0.0787,0.969
21.10167837,0.1344,0.9579,0.0831,0.971
21.10723487,0.1336,0.9599,0.0904,0.973
21.107902101,0.1305,0.9628,0.0963,0.976
21.108174254,0.1297,0.9635,0.0989,0.977
21.109270985,0.1256,0.9648,0.1070,0.979
21.111509639,0.1239,0.9640,0.1116,0.978
21.113372024,0.1204,0.9667,0.1195,0.981
21.115195331,0.1141,0.9684,0.1268,0.983
21.117499485,0.1107,0.9706,0.1309,0.986
21.119171754,0.1026,0.9745,0.1383,0.990
21.135617408,0.0965,0.9777,0.1466,0.993
21.137349447,0.0928,0.9784,0.1495,0.994
21.137701408,0.0862,0.9846,0.1564,1.001
21.137946178,0.0826,0.9865,0.1603,1.003
21.138170601,0.0738,0.9907,0.1666,1.007
21.138403524,0.0672,0.9938,0.1732,1.011
21.138644178,0.0660,0.9946,0.1769,1.012
21.138901601,0.0606,0.9970,0.1840,1.016
21.139153908,0.0547,0.9982,0.1913,1.018
21.139861408,0.0506,0.9999,0.1950,1.020
21.140872331,0.0428,1.0041,0.2003,1.025
21.142881293,0.0410,1.0061,0.2038,1.027
21.144756062,0.0325,1.0080,0.2089,1.030
21.147006485,0.0257,1.0112,0.2160,1.034
21.148859754,0.0227,1.0122,0.2199,1.036
21.15069887,0.0198,1.0117,0.2253,1.037
21.152788947,0.0171,1.0124,0.2304,1.038
21.155055254,0.0173,1.0122,0.2323,1.039
21.156581331,0.0205,1.0144,0.2340,1.041
21.158529254,0.0232,1.0158,0.2331,1.042
21.160879178,0.0264,1.0144,0.2296,1.040
21.16273237,0.0281,1.0136,0.2204,1.038
21.164645678,0.0286,1.0134,0.2155,1.036
21.166486408,0.0293,1.0139,0.2057,1.035
21.168578254,0.0318,1.0141,0.1952,1.033
21.172874678,0.0337,1.0136,0.1898,1.032
21.173483101,0.0364,1.0134,0.1803,1.030
21.174442716,0.0371,1.0124,0.1747,1.028
21.176834408,0.0413,1.0114,0.1649,1.026
21.178459485,0.0418,1.0119,0.1581,1.025
21.180495908,0.0415,1.0122,0.1542,1.025
21.182586601,0.0401,1.0114,0.1471,1.023
21.184592639,0.0362,1.0102,0.1397,1.020
21.186337831,0.0340,1.0090,0.1371,1.019
21.191708177,0.0327,1.0065,0.1319,1.016
21.192198562,0.0322,1.0053,0.1280,1.014
21.192461447,0.0308,1.0034,0.1214,1.011
21.194321562,0.0298,1.0004,0.1170,1.008
21.197931408,0.0298,0.9987,0.1138,1.006
21.198232677,0.0315,0.9960,0.1092,1.003
21.200077947,0.0352,0.9941,0.1068,1.000
21.20219687,0.0362,0.9929,0.1055,0.999
21.207462101,0.0398,0.9890,0.1055,0.995
21.20813787,0.0420,0.9877,0.1055,0.994
21.209151139,0.0432,0.9875,0.1063,0.994
21.213779601,0.0464,0.9875,0.1092,0.995
21.21441187,0.0469,0.9870,0.1104,0.994
21.215277331,0.0484,0.9850,0.1121,0.993
21.216100754,0.0523,0.9850,0.1136,0.993
21.217953677,0.0542,0.9833,0.1143,0.991
21.227984716,0.0581,0.9836,0.1158,0.992
21.228700254,0.0608,0.9833,0.1160,0.992
21.229009408,0.0645,0.9836,0.1200,0.993
21.229245101,0.0677,0.9831,0.1234,0.993
21.229470139,0.0696,0.9821,0.1246,0.992
21.236558485,0.0733,0.9814,0.1285,0.992
21.237021101,0.0735,0.9806,0.1327,0.992
21.237272485,0.0757,0.9789,0.1336,0.991
21.237511601,0.0787,0.9792,0.1371,0.992
21.239483062,0.0811,0.9794,0.1390,0.993
21.244434601,0.0862,0.9799,0.1400,0.994
21.24479037,0.0880,0.9775,0.1434,0.992
21.24502537,0.0880,0.9780,0.1439,0.992
21.245733985,0.0889,0.9777,0.1444,0.992
21.247451254,0.0897,0.9772,0.1449,0.992
21.249226793,0.0914,0.9753,0.1463,0.990
21.251079677,0.0921,0.9750,0.1451,0.990
21.253463639,0.0931,0.9750,0.1461,0.990
21.255705524,0.0953,0.9760,0.1490,0.992
21.259353408,0.0994,0.9733,0.1527,0.990
21.259715139,0.0997,0.9728,0.1551,0.990
21.261178639,0.0992,0.9765,0.1568,0.994
21.263100677,0.0972,0.9772,0.1571,0.995
21.265191793,0.0970,0.9758,0.1588,0.993
21.267162447,0.0953,0.9753,0.1630,0.993
21.269047601,0.0948,0.9740,0.1627,0.992
21.277949139,0.0926,0.9748,0.1647,0.993
21.278400601,0.0923,0.9753,0.1673,0.994
21.278636062,0.0919,0.9755,0.1683,0.994
21.278867101,0.0906,0.9765,0.1720,0.996
21.279659331,0.0899,0.9772,0.1730,0.996
21.280948677,0.0887,0.9760,0.1747,0.995
21.282535831,0.0870,0.9758,0.1779,0.996
21.284716985,0.0862,0.9765,0.1788,0.996
21.291462716,0.0831,0.9767,0.1825,0.997
21.292107024,0.0806,0.9762,0.1859,0.997
21.29236487,0.0789,0.9765,0.1879,0.998
21.2926061,0.0752,0.9775,0.1901,0.999
21.294302754,0.0740,0.9765,0.1908,0.998
21.296568331,0.0696,0.9760,0.1942,0.998
21.298346254,0.0679,0.9775,0.1976,1.000
21.300428216,0.0662,0.9782,0.1984,1.000
21.302264254,0.0618,0.9775,0.1994,1.000
21.3219666,0.0596,0.9760,0.1998,0.998
21.3226101,0.0572,0.9762,0.1996,0.998
21.322868985,0.0555,0.9772,0.1976,0.999
21.323127562,0.0540,0.9765,0.1969,0.998
21.323372331,0.0501,0.9750,0.1964,0.996
21.3236166,0.0464,0.9758,0.1954,0.996
21.323924947,0.0472,0.9758,0.1947,0.996
21.324157331,0.0457,0.9745,0.1918,0.994
21.324389947,0.0440,0.9760,0.1896,0.995
21.3246201,0.0445,0.9767,0.1881,0.996
21.324846139,0.0454,0.9787,0.1862,0.997
21.325882062,0.0464,0.9787,0.1849,0.997
21.327896908,0.0464,0.9789,0.1842,0.997
21.330003908,0.0484,0.9811,0.1813,0.999
21.332259716,0.0484,0.9819,0.1793,0.999
21.333941139,0.0472,0.9819,0.1754,0.999
21.336232177,0.0423,0.9850,0.1727,1.001
21.341807908,0.0401,0.9855,0.1695,1.001
21.342486677,0.0349,0.9887,0.1678,1.003
21.342736831,0.0313,0.9899,0.1625,1.004
21.343891562,0.0286,0.9924,0.1595,1.006
21.34804937,0.0274,0.9931,0.1515,1.005
21.348501793,0.0276,0.9933,0.1476,1.005
21.349701024,0.0283,0.9926,0.1397,1.003
21.351825177,0.0288,0.9946,0.1324,1.004
21.355533793,0.0298,0.9946,0.1278,1.003
21.3568436,0.0296,0.9953,0.1195,1.003
21.35874637,0.0279,0.9958,0.1109,1.002
21.359509562,0.0264,0.9965,0.1080,1.003
21.361559562,0.0252,0.9958,0.1021,1.001
21.363412754,0.0247,0.9963,0.0997,1.002
21.365398216,0.0264,0.9968,0.0955,1.002
21.367387216,0.0269,0.9970,0.0948,1.002
21.369513408,0.0276,0.9958,0.0950,1.001
21.373931139,0.0286,0.9951,0.0943,1.000
21.374411408,0.0298,0.9929,0.0943,0.998
21.376015524,0.0291,0.9914,0.0950,0.996
21.377551677,0.0298,0.9887,0.0953,0.994
21.37929087,0.0286,0.9875,0.0953,0.992
21.381177677,0.0279,0.9860,0.0980,0.991
21.38320137,0.0300,0.9843,0.0963,0.989
21.385106447,0.0305,0.9841,0.0965,0.989
21.391214793,0.0325,0.9836,0.1007,0.989
21.3918406,0.0337,0.9826,0.1019,0.988
21.392383485,0.0364,0.9828,0.1024,0.989
21.397474408,0.0440,0.9833,0.1060,0.990
21.3985091,0.0467,0.9831,0.1085,0.990
21.39883687,0.0511,0.9828,0.1124,0.991
21.399111947,0.0555,0.9814,0.1178,0.990
21.401067716,0.0579,0.9819,0.1209,0.991
21.402985293,0.0616,0.9846,0.1258,0.994
21.411913331,0.0640,0.9841,0.1319,0.995
21.412674216,0.0655,0.9846,0.1334,0.996
21.412966485,0.0684,0.9843,0.1358,0.996
21.413212254,0.0699,0.9841,0.1371,0.996
21.413446177,0.0708,0.9838,0.1393,0.996
21.418442408,0.0730,0.9838,0.1410,0.997
21.418774139,0.0748,0.9824,0.1424,0.995
21.419308408,0.0784,0.9816,0.1441,0.995
21.423104293,0.0801,0.9816,0.1471,0.996
21.424057447,0.0799,0.9816,0.1480,0.996
21.4247281,0.0821,0.9799,0.1490,0.995
21.426598331,0.0816,0.9804,0.1507,0.995
21.428704062,0.0792,0.9792,0.1549,0.995
21.430961139,0.0796,0.9775,0.1571,0.993
21.432770408,0.0784,0.9765,0.1573,0.992
21.434740677,0.0752,0.9760,0.1576,0.992
21.439117177,0.0748,0.9767,0.1581,0.992
21.440568947,0.0733,0.9760,0.1564,0.991
21.4410011,0.0694,0.9782,0.1532,0.993
21.4427756,0.0679,0.9784,0.1515,0.992
21.4447206,0.0652,0.9782,0.1466,0.991
21.446616447,0.0640,0.9782,0.1410,0.990
21.448489216,0.0633,0.9794,0.1375,0.991
21.450584985,0.0616,0.9811,0.1322,0.992
21.452500831,0.0616,0.9799,0.1295,0.990
21.455419293,0.0611,0.9784,0.1280,0.989
21.457187523,0.0591,0.9797,0.1261,0.990
21.458385254,0.0569,0.9799,0.1234,0.989
21.460312562,0.0557,0.9789,0.1226,0.988
21.462353754,0.0535,0.9794,0.1212,0.988
21.464390216,0.0550,0.9804,0.1175,0.989
21.466534639,0.0574,0.9802,0.1146,0.988
21.468399293,0.0601,0.9792,0.1141,0.988
21.47049987,0.0606,0.9784,0.1146,0.987
21.472261523,0.0589,0.9777,0.1136,0.986
21.4740256,0.0569,0.9782,0.1114,0.986
21.476213254,0.0559,0.9799,0.1119,0.988
21.478330408,0.0555,0.9797,0.1126,0.988
21.479962139,0.0545,0.9799,0.1124,0.988
21.48220187,0.0542,0.9809,0.1124,0.989
21.484102908,0.0506,0.9797,0.1126,0.987
21.486287639,0.0498,0.9792,0.1136,0.987
21.488919523,0.0511,0.9802,0.1131,0.988
21.490089793,0.0511,0.9809,0.1107,0.988
21.492008793,0.0520,0.9806,0.1102,0.988
21.494278523,0.0525,0.9806,0.1094,0.988
21.496079331,0.0530,0.9784,0.1090,0.986
21.49809787,0.0530,0.9792,0.1104,0.987
21.499838908,0.0537,0.9797,0.1134,0.988
21.502367293,0.0540,0.9794,0.1146,0.988
21.51336537,0.0530,0.9794,0.1158,0.988
21.5149251,0.0547,0.9789,0.1160,0.987
21.516246639,0.0550,0.9780,0.1158,0.986
21.517240677,0.0569,0.9782,0.1153,0.987
21.518375485,0.0581,0.9775,0.1170,0.986
21.519413254,0.0611,0.9765,0.1202,0.986
21.520672754,0.0618,0.9767,0.1153,0.985
21.521740562,0.0594,0.9775,0.0955,0.984
21.52309687,0.0542,0.9740,0.0279,0.976
21.524454023,0.0596,0.9750,-0.0418,0.978
21.525501254,0.0643,0.9782,-0.0638,0.982
21.52668887,0.0635,0.9860,-0.0691,0.990
21.527915254,0.0562,0.9899,-0.0506,0.993
21.538229562,0.0298,0.9963,0.0195,0.997
21.539986331,0.0083,1.0007,0.1011,1.006
21.541148177,0.0029,1.0009,0.1339,1.010
21.54249187,0.0073,1.0014,0.1732,1.016
21.543891139,0.0279,0.9977,0.1842,1.015
21.545138177,0.0428,0.9941,0.1840,1.012
21.548380639,0.0711,0.9894,0.1730,1.007
21.548847023,0.0809,0.9880,0.1644,1.005
21.549082793,0.0899,0.9850,0.1520,1.001
21.549308562,0.0880,0.9890,0.1498,1.004
21.549555523,0.0836,0.9897,0.1517,1.005
21.550835254,0.0730,0.9926,0.1649,1.009
21.552832754,0.0633,0.9929,0.1815,1.011
21.554931831,0.0591,0.9933,0.1884,1.013
21.557091946,0.0586,0.9941,0.2016,1.016
21.558874254,0.0603,0.9933,0.2072,1.017
21.560850139,0.0657,0.9924,0.2133,1.017
21.562754946,0.0713,0.9902,0.2196,1.017
21.564950293,0.0726,0.9894,0.2216,1.017
21.566742331,0.0750,0.9877,0.2260,1.016
21.5687471,0.0733,0.9872,0.2289,1.016
21.571555831,0.0723,0.9868,0.2289,1.016
21.57289437,0.0687,0.9865,0.2321,1.016
21.576317485,0.0665,0.9863,0.2328,1.016
21.576787793,0.0596,0.9875,0.2328,1.016
21.578539446,0.0528,0.9865,0.2314,1.015
21.580681793,0.0508,0.9860,0.2316,1.014
21.582364754,0.0462,0.9848,0.2306,1.012
21.584307446,0.0410,0.9858,0.2272,1.012
21.586213408,0.0393,0.9850,0.2260,1.011
21.588715023,0.0376,0.9855,0.2216,1.011
21.591279985,0.0371,0.9841,0.2189,1.009
21.592418023,0.0349,0.9850,0.2143,1.009
21.594248177,0.0310,0.9855,0.2103,1.008
21.5963091,0.0303,0.9850,0.2091,1.007
21.59805987,0.0279,0.9860,0.2055,1.008
21.600129023,0.0266,0.9885,0.2023,1.009
21.602118677,0.0247,0.9890,0.1996,1.009
21.607516716,0.0239,0.9902,0.1947,1.009
21.608207985,0.0239,0.9899,0.1915,1.009
21.608541639,0.0276,0.9892,0.1847,1.007
21.610155023,0.0286,0.9880,0.1749,1.004
21.612372716,0.0303,0.9882,0.1691,1.003
21.61389487,0.0159,0.9926,0.1566,1.005
21.616126793,-0.0032,0.9938,0.1502,1.005
21.617959523,-0.0056,0.9933,0.1361,1.003
21.619947869,-0.0002,0.9921,0.1175,0.999
21.625489485,0.0066,0.9919,0.1092,0.998
21.626171985,0.0198,0.9929,0.0921,0.997
21.626487793,0.0300,0.9909,0.0774,0.994
21.627994331,0.0344,0.9912,0.0711,0.994
21.629666062,0.0381,0.9914,0.0606,0.994
21.631582716,0.0391,0.9921,0.0542,0.994
21.633474562,0.0403,0.9924,0.0518,0.995
21.635626831,0.0428,0.9921,0.0481,0.994
21.638322677,0.0435,0.9924,0.0454,0.994
21.639614139,0.0562,0.9907,0.0496,0.993
21.641628869,0.0694,0.9872,0.0601,0.991
21.6435106,0.0708,0.9863,0.0633,0.991
21.646084062,0.0718,0.9853,0.0691,0.990
21.6473546,0.0708,0.9833,0.0743,0.989
21.649234254,0.0694,0.9826,0.0762,0.988
21.651279177,0.0643,0.9846,0.0821,0.990
21.653131869,0.0630,0.9848,0.0840,0.990
