time,gFx,gFy,gFz,TgF
0.005451961,-0.0989,0.9489,0.0682,0.956
0.005940884,-0.1016,0.9486,0.0611,0.956
0.006219461,-0.1055,0.9491,0.0528,0.956
0.006497654,-0.1073,0.9499,0.0489,0.957
0.006751038,-0.1116,0.9501,0.0462,0.958
0.006998,-0.1131,0.9506,0.0454,0.958
0.007276,-0.1158,0.9530,0.0454,0.961
0.007685038,-0.1156,0.9545,0.0484,0.963
0.008007577,-0.1134,0.9560,0.0501,0.964
0.013665038,-0.1094,0.9587,0.0520,0.966
0.014273769,-0.1077,0.9604,0.0552,0.968
0.014573269,-0.1026,0.9633,0.0591,0.971
0.015785231,-0.0972,0.9667,0.0635,0.974
0.017641846,-0.0950,0.9687,0.0657,0.976
0.019804038,-0.0894,0.9701,0.0716,0.977
0.023775654,-0.0821,0.9704,0.0774,0.977
0.024408461,-0.0782,0.9723,0.0801,0.979
0.025712731,-0.0750,0.9758,0.0850,0.982
0.027741884,-0.0738,0.9762,0.0882,0.983
0.029638231,-0.0696,0.9775,0.0906,0.984
0.031708,-0.0682,0.9767,0.0909,0.983
0.033467231,-0.0674,0.9772,0.0923,0.984
0.035447269,-0.0650,0.9782,0.0938,0.985
0.039529154,-0.0608,0.9780,0.0916,0.984
0.040114,-0.0584,0.9782,0.0921,0.984
0.041336731,-0.0547,0.9782,0.0901,0.984
0.043334423,-0.0533,0.9792,0.0884,0.985
0.045381308,-0.0479,0.9802,0.0889,0.985
0.047484154,-0.0398,0.9809,0.0889,0.986
0.049189192,-0.0379,0.9809,0.0894,0.986
0.051101384,-0.0342,0.9816,0.0899,0.986
0.053240077,-0.0305,0.9828,0.0941,0.988
0.063997269,-0.0303,0.9831,0.0965,0.988
0.064565923,-0.0269,0.9826,0.0992,0.988
0.06484,-0.0257,0.9824,0.1019,0.988
0.065088654,-0.0217,0.9828,0.1058,0.989
0.065326346,-0.0178,0.9831,0.1102,0.989
0.065561846,-0.0171,0.9833,0.1102,0.990
0.067541308,-0.0132,0.9865,0.1148,0.993
0.068942192,-0.0110,0.9865,0.1192,0.994
0.071776115,-0.0103,0.9868,0.1197,0.994
0.073021308,-0.0081,0.9850,0.1239,0.993
0.074988923,-0.0071,0.9843,0.1278,0.993
0.077267192,-0.0073,0.9838,0.1302,0.992
0.078990269,-0.0064,0.9848,0.1331,0.994
0.080996538,-0.0068,0.9843,0.1358,0.994
0.082966538,-0.0078,0.9821,0.1373,0.992
0.085139577,-0.0066,0.9814,0.1407,0.991
0.089051154,-0.0061,0.9806,0.1422,0.991
0.089747077,-0.0064,0.9794,0.1449,0.990
0.101508923,-0.0068,0.9794,0.1463,0.990
0.102364,-0.0056,0.9767,0.1476,0.988
0.102780654,-0.0078,0.9758,0.1473,0.987
0.103125115,-0.0083,0.9762,0.1461,0.987
0.103553923,-0.0103,0.9748,0.1439,0.985
0.104022154,-0.0122,0.9733,0.1419,0.984
0.104533538,-0.0134,0.9719,0.1412,0.982
0.105015654,-0.0139,0.9694,0.1402,0.980
0.114723692,-0.0169,0.9670,0.1393,0.977
0.115544115,-0.0186,0.9657,0.1393,0.976
0.115984038,-0.0181,0.9657,0.1375,0.976
0.116302192,-0.0186,0.9648,0.1368,0.975
0.116588692,-0.0210,0.9633,0.1346,0.973
0.116889192,-0.0239,0.9611,0.1363,0.971
0.118451538,-0.0247,0.9601,0.1366,0.970
0.124404769,-0.0279,0.9589,0.1341,0.969
0.125187461,-0.0296,0.9591,0.1317,0.969
0.125623154,-0.0315,0.9584,0.1312,0.968
0.126361384,-0.0325,0.9584,0.1302,0.968
0.128453461,-0.0376,0.9572,0.1280,0.966
0.130252461,-0.0401,0.9535,0.1278,0.963
0.132130269,-0.0437,0.9530,0.1290,0.963
0.134244154,-0.0442,0.9535,0.1292,0.963
0.136136115,-0.0476,0.9538,0.1309,0.964
0.139013154,-0.0498,0.9528,0.1314,0.963
0.140093923,-0.0520,0.9533,0.1312,0.964
0.142184654,-0.0569,0.9547,0.1309,0.965
0.144087346,-0.0606,0.9557,0.1319,0.967
0.145998807,-0.0625,0.9562,0.1319,0.967
0.147976192,-0.0674,0.9582,0.1336,0.970
0.150034269,-0.0704,0.9587,0.1363,0.971
0.151922884,-0.0726,0.9618,0.1371,0.974
0.154372538,-0.0740,0.9633,0.1388,0.976
0.156307807,-0.0770,0.9640,0.1390,0.977
0.157995846,-0.0796,0.9662,0.1400,0.980
0.160012538,-0.0850,0.9689,0.1415,0.983
0.161863923,-0.0855,0.9704,0.1427,0.985
0.164000307,-0.0884,0.9740,0.1437,0.989
0.165895307,-0.0899,0.9750,0.1451,0.990
0.168250307,-0.0911,0.9777,0.1480,0.993
0.169675038,-0.0921,0.9797,0.1476,0.995
0.179336961,-0.0923,0.9819,0.1478,0.997
0.180036692,-0.0928,0.9870,0.1510,1.003
0.180356461,-0.0931,0.9899,0.1539,1.006
0.180632384,-0.0923,0.9912,0.1546,1.007
0.180887423,-0.0921,0.9936,0.1556,1.010
0.181529923,-0.0926,0.9960,0.1566,1.013
0.183504961,-0.0938,0.9985,0.1581,1.015
0.185509769,-0.0911,1.0019,0.1600,1.019
0.188202231,-0.0889,1.0029,0.1615,1.020
0.189444307,-0.0906,1.0068,0.1634,1.024
0.191699731,-0.0892,1.0105,0.1654,1.028
0.193357038,-0.0892,1.0117,0.1659,1.029
0.195187461,-0.0882,1.0131,0.1659,1.030
0.197271154,-0.0872,1.0144,0.1661,1.032
0.199492115,-0.0840,1.0180,0.1673,1.035
0.201225538,-0.0848,1.0232,0.1659,1.040
0.20318073,-0.0840,1.0251,0.1671,1.042
0.218269384,-0.0816,1.0263,0.1681,1.043
0.218877615,-0.0789,1.0290,0.1678,1.046
0.219175077,-0.0779,1.0293,0.1673,1.046
0.219453154,-0.0782,1.0315,0.1669,1.048
0.219703077,-0.0789,1.0317,0.1671,1.048
0.219953269,-0.0772,1.0344,0.1681,1.051
0.220202923,-0.0774,1.0361,0.1683,1.053
0.220472115,-0.0760,1.0363,0.1688,1.053
0.223492769,-0.0718,1.0383,0.1705,1.055
0.224165307,-0.0682,1.0378,0.1695,1.054
0.224944923,-0.0662,1.0378,0.1683,1.053
0.227136654,-0.0655,1.0390,0.1637,1.054
0.228958538,-0.0630,1.0400,0.1586,1.054
0.230802654,-0.0608,1.0407,0.1559,1.054
0.2327745,-0.0577,1.0403,0.1495,1.053
0.234760154,-0.0564,1.0407,0.1463,1.052
0.237078192,-0.0542,1.0412,0.1393,1.052
0.239411461,-0.0542,1.0412,0.1361,1.051
0.240783077,-0.0545,1.0417,0.1346,1.052
0.24280373,-0.0535,1.0429,0.1307,1.052
0.244726269,-0.0525,1.0432,0.1270,1.052
0.246552961,-0.0518,1.0425,0.1236,1.051
0.248488961,-0.0508,1.0422,0.1219,1.051
0.250485,-0.0503,1.0417,0.1239,1.050
0.252591038,-0.0491,1.0422,0.1309,1.052
0.257189961,-0.0440,1.0398,0.1380,1.050
0.257716346,-0.0430,1.0381,0.1422,1.049
0.258579846,-0.0393,1.0346,0.1512,1.046
0.26063823,-0.0340,1.0295,0.1588,1.042
0.262485538,-0.0325,1.0283,0.1615,1.041
0.264360115,-0.0300,1.0258,0.1647,1.039
0.266534154,-0.0283,1.0232,0.1708,1.038
0.268448577,-0.0261,1.0202,0.1735,1.035
0.279855115,-0.0274,1.0151,0.1788,1.031
0.28048273,-0.0266,1.0122,0.1820,1.029
0.280787423,-0.0237,1.0068,0.1862,1.024
0.281041115,-0.0210,1.0031,0.1876,1.021
0.281271807,-0.0188,1.0004,0.1886,1.018
0.281703461,-0.0159,0.9970,0.1884,1.015
0.282348884,-0.0144,0.9953,0.1903,1.013
0.284303692,-0.0144,0.9943,0.1915,1.013
0.286089461,-0.0169,0.9890,0.1964,1.008
0.288456654,-0.0176,0.9877,0.1991,1.008
0.290102307,-0.0193,0.9850,0.2028,1.006
0.292326192,-0.0225,0.9833,0.1986,1.003
0.294192077,-0.0237,0.9836,0.1964,1.003
0.295956961,-0.0264,0.9826,0.1884,1.001
0.297961884,-0.0315,0.9821,0.1796,0.999
0.299982961,-0.0342,0.9819,0.1742,0.998
0.301952538,-0.0386,0.9806,0.1610,0.995
0.304847,-0.0423,0.9806,0.1534,0.993
0.305913307,-0.0486,0.9804,0.1390,0.991
0.308052692,-0.0542,0.9794,0.1258,0.989
0.309910538,-0.0579,0.9792,0.1200,0.988
0.3118165,-0.0662,0.9787,0.1141,0.988
0.313708115,-0.0735,0.9762,0.1092,0.985
0.315829077,-0.0770,0.9758,0.1068,0.985
0.317666884,-0.0833,0.9743,0.1026,0.983
0.319608077,-0.0858,0.9740,0.1021,0.983
0.321658384,-0.0882,0.9728,0.1014,0.982
0.323774692,-0.0914,0.9719,0.1009,0.981
0.325688115,-0.0928,0.9716,0.1011,0.981
0.327576115,-0.0914,0.9687,0.1033,0.978
0.329429692,-0.0943,0.9667,0.1075,0.977
0.331503807,-0.0953,0.9648,0.1097,0.976
0.333314884,-0.0941,0.9621,0.1148,0.973
0.335257307,-0.0941,0.9609,0.1178,0.973
0.338425692,-0.0943,0.9587,0.1239,0.971
0.339859615,-0.0941,0.9569,0.1290,0.970
0.341294577,-0.0950,0.9560,0.1329,0.970
0.343192269,-0.0945,0.9535,0.1429,0.969
0.345150884,-0.0963,0.9521,0.1456,0.968
0.347113115,-0.0970,0.9499,0.1522,0.967
0.349023653,-0.0992,0.9501,0.1600,0.969
0.350928346,-0.0994,0.9499,0.1639,0.969
0.352918653,-0.0994,0.9511,0.1710,0.971
0.357497346,-0.0997,0.9526,0.1764,0.974
0.358065538,-0.0997,0.9526,0.1788,0.974
0.360321115,-0.1007,0.9535,0.1823,0.976
0.36091723,-0.1007,0.9555,0.1847,0.978
0.362997192,-0.1014,0.9587,0.1886,0.982
0.364793384,-0.1033,0.9616,0.1871,0.985
0.367430769,-0.1036,0.9635,0.1874,0.987
0.368751653,-0.1031,0.9677,0.1857,0.991
0.372270384,-0.1041,0.9709,0.1840,0.994
0.37701073,-0.1038,0.9748,0.1835,0.997
0.377733,-0.1038,0.9792,0.1766,1.000
0.378020692,-0.1043,0.9804,0.1725,1.001
0.378652807,-0.1046,0.9848,0.1654,1.004
0.380715615,-0.1055,0.9890,0.1605,1.007
0.382451307,-0.1068,0.9907,0.1561,1.009
0.38458573,-0.1063,0.9938,0.1480,1.010
0.386540307,-0.1038,0.9968,0.1444,1.013
0.388972807,-0.1036,1.0014,0.1358,1.016
0.390411115,-0.1036,1.0046,0.1295,1.018
0.392453653,-0.1014,1.0051,0.1261,1.018
0.394408577,-0.1009,1.0085,0.1185,1.020
0.396272577,-0.1007,1.0092,0.1134,1.021
0.398185077,-0.1011,1.0097,0.1104,1.021
0.400246077,-0.1007,1.0073,0.1051,1.018
0.402202269,-0.1002,1.0070,0.1029,1.017
0.405348461,-0.0985,1.0090,0.0994,1.019
0.406171884,-0.0972,1.0087,0.0958,1.018
0.408411038,-0.0970,1.0078,0.0936,1.017
0.410295461,-0.0955,1.0075,0.0906,1.016
0.412159307,-0.0916,1.0043,0.0889,1.012
0.414031346,-0.0904,1.0029,0.0897,1.011
0.415959423,-0.0914,0.9995,0.0897,1.008
0.418112423,-0.0897,0.9965,0.0884,1.004
0.420097423,-0.0892,0.9938,0.0884,1.002
0.422064961,-0.0877,0.9907,0.0923,0.999
0.424145346,-0.0867,0.9897,0.0931,0.998
0.4260695,-0.0850,0.9843,0.0963,0.993
0.427919461,-0.0855,0.9814,0.0987,0.990
0.429892461,-0.0848,0.9804,0.1019,0.989
0.431856423,-0.0823,0.9784,0.1058,0.988
0.433925923,-0.0806,0.9750,0.1073,0.984
0.435823,-0.0787,0.9723,0.1099,0.982
0.438794692,-0.0770,0.9679,0.1136,0.978
0.440723269,-0.0750,0.9672,0.1165,0.977
0.442027384,-0.0726,0.9653,0.1185,0.975
0.443837384,-0.0708,0.9633,0.1229,0.974
0.445691461,-0.0694,0.9623,0.1244,0.973
0.447676076,-0.0687,0.9604,0.1278,0.971
0.449788346,-0.0662,0.9609,0.1283,0.972
0.451692576,-0.0643,0.9613,0.1285,0.972
0.45355973,-0.0616,0.9631,0.1295,0.974
0.457465615,-0.0618,0.9621,0.1300,0.973
0.458093769,-0.0603,0.9643,0.1280,0.975
0.460400923,-0.0581,0.9697,0.1239,0.979
0.461496846,-0.0567,0.9711,0.1219,0.980
0.463482153,-0.0523,0.9748,0.1202,0.984
0.467536576,-0.0498,0.9792,0.1146,0.987
0.468015769,-0.0491,0.9816,0.1131,0.989
0.469527076,-0.0464,0.9872,0.1097,0.994
0.479532538,-0.0435,0.9914,0.1070,0.998
0.480193692,-0.0432,0.9990,0.1070,1.006
0.480471923,-0.0410,1.0058,0.1070,1.012
0.480977423,-0.0398,1.0095,0.1070,1.016
0.4812185,-0.0359,1.0200,0.1075,1.026
0.481459038,-0.0332,1.0280,0.1080,1.034
0.483421423,-0.0313,1.0319,0.1092,1.038
0.485274,-0.0266,1.0412,0.1121,1.048
0.487251615,-0.0239,1.0500,0.1102,1.056
0.489718961,-0.0215,1.0542,0.1085,1.060
0.491316269,-0.0181,1.0640,0.1068,1.069
0.493248423,-0.0176,1.0679,0.1087,1.074
0.495969076,-0.0164,1.0757,0.1124,1.082
0.4973915,-0.0125,1.0828,0.1109,1.089
0.499088346,-0.0125,1.0859,0.1114,1.092
0.501126576,-0.0134,1.0950,0.1107,1.101
0.50294673,-0.0120,1.1016,0.1107,1.107
0.507034846,-0.0110,1.1040,0.1099,1.110
0.507596961,-0.0105,1.1116,0.1073,1.117
0.508875,-0.0093,1.1160,0.1041,1.121
0.510776153,-0.0076,1.1199,0.1004,1.124
0.513079,-0.0090,1.1255,0.0977,1.130
0.514858461,-0.0090,1.1277,0.0945,1.132
0.516890115,-0.0090,1.1336,0.0916,1.137
0.518757038,-0.0073,1.1392,0.0860,1.142
0.522188692,-0.0078,1.1429,0.0833,1.146
0.523597346,-0.0098,1.1507,0.0774,1.153
0.524837538,-0.0095,1.1534,0.0733,1.156
0.526730884,-0.0061,1.1592,0.0667,1.161
0.528869923,-0.0044,1.1646,0.0618,1.166
0.530642615,-0.0042,1.1675,0.0594,1.169
0.53280373,0.0000,1.1722,0.0525,1.173
0.53460673,0.0007,1.1795,0.0481,1.180
0.536720115,0.0027,1.1815,0.0459,1.182
0.539546115,0.0071,1.1866,0.0408,1.187
0.54101123,0.0076,1.1890,0.0388,1.190
0.542504769,0.0086,1.1920,0.0349,1.193
0.544655576,0.0098,1.1942,0.0300,1.195
0.54637273,0.0103,1.1956,0.0286,1.196
0.548528769,0.0142,1.1964,0.0249,1.197
0.550457692,0.0164,1.1949,0.0244,1.195
0.552692384,0.0176,1.1934,0.0247,1.194
0.557875346,0.0205,1.1893,0.0239,1.190
0.559305999,0.0198,1.1881,0.0244,1.188
0.560487615,0.0198,1.1832,0.0269,1.184
0.561517576,0.0210,1.1766,0.0305,1.177
0.562529576,0.0208,1.1722,0.0325,1.173
0.564405538,0.0181,1.1619,0.0362,1.163
0.566118576,0.0166,1.1519,0.0428,1.153
0.568248346,0.0166,1.1456,0.0459,1.147
0.570116653,0.0164,1.1331,0.0515,1.134
0.579448961,0.0149,1.1265,0.0550,1.128
0.580649499,0.0149,1.1133,0.0657,1.115
0.581327461,0.0134,1.0989,0.0757,1.102
0.581938615,0.0134,1.0918,0.0811,1.095
0.582636384,0.0137,1.0759,0.0906,1.080
0.583321807,0.0142,1.0669,0.0994,1.072
0.584858807,0.0149,1.0505,0.1051,1.056
0.586037269,0.0144,1.0339,0.1151,1.040
0.612961269,0.0142,1.0246,0.1202,1.032
0.613862346,0.0147,1.0078,0.1297,1.016
0.614230615,0.0173,0.9914,0.1395,1.001
0.61454523,0.0188,0.9828,0.1429,0.993
0.614872384,0.0178,0.9657,0.1520,0.978
0.615178538,0.0222,0.9494,0.1598,0.963
0.615576653,0.0242,0.9408,0.1627,0.955
0.615900384,0.0281,0.9230,0.1700,0.939
0.616209499,0.0313,0.9142,0.1735,0.931
0.616515923,0.0374,0.8995,0.1769,0.918
0.616791846,0.0454,0.8851,0.1803,0.904
0.617076538,0.0479,0.8793,0.1823,0.899
0.617347692,0.0515,0.8641,0.1845,0.885
0.617637307,0.0567,0.8509,0.1845,0.873
0.618001423,0.0581,0.8443,0.1842,0.866
0.618322269,0.0643,0.8316,0.1815,0.854
0.619513115,0.0689,0.8177,0.1791,0.840
0.622843192,0.0713,0.8116,0.1783,0.834
0.624278653,0.0799,0.8016,0.1749,0.824
0.626496576,0.0826,0.7957,0.1722,0.818
0.627661807,0.0901,0.7869,0.1652,0.809
0.629676615,0.0960,0.7774,0.1583,0.799
0.631515807,0.0994,0.7732,0.1546,0.795
0.633272422,0.1043,0.7644,0.1476,0.786
0.635183615,0.1107,0.7576,0.1400,0.778
0.637429384,0.1116,0.7542,0.1344,0.774
0.640317346,0.1151,0.7488,0.1251,0.768
0.641527115,0.1182,0.7454,0.1222,0.765
0.643009153,0.1244,0.7412,0.1160,0.760
0.645002615,0.1292,0.7388,0.1068,0.758
0.647046769,0.1319,0.7383,0.1011,0.757
0.649056846,0.1344,0.7363,0.0909,0.754
0.650898615,0.1405,0.7359,0.0831,0.754
0.653030153,0.1427,0.7361,0.0796,0.754
0.658712422,0.1483,0.7400,0.0718,0.758
0.659323884,0.1498,0.7417,0.0689,0.760
0.659663461,0.1517,0.7449,0.0616,0.763
0.660890999,0.1524,0.7493,0.0545,0.767
0.663102038,0.1539,0.7537,0.0520,0.771
0.664778307,0.1554,0.7642,0.0469,0.781
0.666774692,0.1522,0.7705,0.0418,0.787
0.66900173,0.1473,0.7752,0.0379,0.790
0.671092961,0.1439,0.7862,0.0344,0.800
0.685013884,0.1473,0.7945,0.0335,0.809
0.685817884,0.1478,0.8091,0.0357,0.823
0.686109538,0.1498,0.8272,0.0410,0.842
0.686377692,0.1493,0.8353,0.0450,0.850
0.686646422,0.1480,0.8541,0.0486,0.868
0.686921576,0.1522,0.8749,0.0537,0.890
0.687162538,0.1546,0.8832,0.0555,0.898
0.687458384,0.1598,0.8981,0.0650,0.914
0.688691999,0.1673,0.9066,0.0694,0.925
0.695588884,0.1705,0.9252,0.0779,0.944
0.696427384,0.1783,0.9442,0.0882,0.965
0.696759576,0.1832,0.9530,0.0928,0.975
0.697041384,0.1903,0.9726,0.1014,0.996
0.69878473,0.1957,0.9909,0.1138,1.016
0.700767807,0.1986,1.0002,0.1195,1.027
0.702664692,0.2045,1.0190,0.1300,1.047
0.707687538,0.2064,1.0295,0.1351,1.059
0.708595884,0.2091,1.0486,0.1485,1.079
0.709011346,0.2106,1.0664,0.1620,1.099
0.710550422,0.2121,1.0752,0.1688,1.109
0.712523807,0.2130,1.0916,0.1813,1.127
0.714537846,0.2143,1.1067,0.1913,1.143
0.716431076,0.2140,1.1143,0.1969,1.152
0.718368807,0.2143,1.1302,0.2050,1.168
0.720226192,0.2143,1.1421,0.2116,1.181
0.723327576,0.2150,1.1485,0.2123,1.188
0.724235538,0.2167,1.1607,0.2157,1.200
0.727925999,0.2177,1.1656,0.2187,1.206
0.729095192,0.2179,1.1739,0.2204,1.214
0.729969884,0.2194,1.1807,0.2231,1.221
0.732202846,0.2209,1.1839,0.2240,1.225
0.734073576,0.2211,1.1866,0.2216,1.227
0.736180115,0.2226,1.1881,0.2191,1.228
0.737867115,0.2245,1.1881,0.2165,1.228
0.740755499,0.2262,1.1881,0.2094,1.227
0.741978884,0.2262,1.1890,0.2069,1.228
0.743844807,0.2250,1.1861,0.1989,1.224
0.745824345,0.2270,1.1815,0.1896,1.218
0.748017076,0.2274,1.1776,0.1854,1.214
0.749835961,0.2270,1.1702,0.1764,1.205
0.751787153,0.2243,1.1619,0.1656,1.195
0.763974692,0.2223,1.1575,0.1610,1.190
0.764497769,0.2189,1.1478,0.1520,1.178
0.764744576,0.2165,1.1429,0.1480,1.173
0.764984499,0.2118,1.1297,0.1402,1.158
0.765216115,0.2064,1.1157,0.1341,1.143
0.765466076,0.2030,1.1092,0.1300,1.135
0.765711845,0.1959,1.0960,0.1246,1.120
0.768090615,0.1876,1.0825,0.1173,1.105
0.769385576,0.1827,1.0747,0.1148,1.096
0.771464461,0.1744,1.0598,0.1119,1.080
0.776031038,0.1686,1.0510,0.1109,1.070
0.776665845,0.1583,1.0346,0.1073,1.052
0.777515538,0.1480,1.0183,0.1077,1.035
0.782211845,0.1441,1.0107,0.1082,1.027
0.782714769,0.1351,0.9965,0.1102,1.012
0.783180538,0.1236,0.9809,0.1114,0.995
0.785346999,0.1185,0.9731,0.1134,0.987
0.787213269,0.1097,0.9565,0.1190,0.970
0.805332499,0.1060,0.9477,0.1229,0.961
0.806060615,0.0982,0.9328,0.1275,0.947
0.806372384,0.0862,0.9186,0.1341,0.932
0.806703922,0.0821,0.9113,0.1380,0.925
0.806952653,0.0730,0.8986,0.1463,0.913
0.807194269,0.0657,0.8851,0.1539,0.901
0.807472384,0.0630,0.8788,0.1578,0.895
0.807707653,0.0569,0.8651,0.1639,0.882
0.807953653,0.0545,0.8602,0.1671,0.878
0.80818973,0.0464,0.8499,0.1747,0.869
0.808785922,0.0401,0.8414,0.1808,0.862
0.816120884,0.0369,0.8363,0.1852,0.857
0.817030153,0.0320,0.8267,0.1957,0.850
0.817300999,0.0296,0.8187,0.2023,0.844
0.817553653,0.0281,0.8150,0.2050,0.841
0.819222115,0.0264,0.8089,0.2125,0.837
0.820698538,0.0259,0.8067,0.2165,0.836
0.823474345,0.0244,0.8011,0.2221,0.832
0.824623615,0.0244,0.7957,0.2279,0.828
0.832222769,0.0242,0.7962,0.2309,0.829
0.832550615,0.0244,0.7945,0.2318,0.828
0.832775307,0.0230,0.7930,0.2343,0.827
0.833007499,0.0227,0.7920,0.2353,0.827
0.83450873,0.0230,0.7920,0.2360,0.827
0.836561961,0.0239,0.7933,0.2358,0.828
0.839551384,0.0242,0.7952,0.2328,0.829
0.842791038,0.0252,0.7972,0.2301,0.830
0.843215461,0.0252,0.7989,0.2284,0.831
0.845803615,0.0269,0.8047,0.2213,0.835
0.846334615,0.0296,0.8099,0.2125,0.838
0.848521192,0.0315,0.8131,0.2079,0.840
0.850473922,0.0340,0.8214,0.1989,0.846
0.852530768,0.0354,0.8250,0.1940,0.848
0.854401345,0.0381,0.8297,0.1842,0.851
0.857334615,0.0413,0.8382,0.1752,0.857
0.858525307,0.0425,0.8424,0.1691,0.860
0.860808268,0.0467,0.8526,0.1571,0.868
0.862554422,0.0501,0.8604,0.1488,0.875
0.864218422,0.0518,0.8661,0.1478,0.880
0.866297653,0.0552,0.8727,0.1517,0.887
0.868389999,0.0579,0.8761,0.1546,0.892
0.870003115,0.0633,0.8849,0.1625,0.902
0.87690123,0.0706,0.8929,0.1691,0.912
0.877493038,0.0740,0.8966,0.1727,0.916
0.877761422,0.0804,0.9030,0.1803,0.924
0.878023461,0.0870,0.9088,0.1874,0.932
0.879979192,0.0901,0.9118,0.1896,0.936
0.881860922,0.0958,0.9191,0.1932,0.944
0.883821345,0.0982,0.9215,0.1935,0.947
0.885578538,0.1038,0.9284,0.1940,0.954
0.887646884,0.1126,0.9345,0.1915,0.961
0.908587422,0.1148,0.9372,0.1908,0.963
0.909248884,0.1204,0.9416,0.1854,0.967
0.909558115,0.1263,0.9469,0.1791,0.972
0.90983923,0.1287,0.9501,0.1769,0.975
0.910129922,0.1339,0.9569,0.1769,0.982
0.910409922,0.1349,0.9594,0.1771,0.985
0.910671576,0.1353,0.9653,0.1781,0.991
0.910926999,0.1383,0.9716,0.1801,0.998
0.911202692,0.1402,0.9750,0.1813,1.002
0.911554307,0.1439,0.9811,0.1788,1.008
0.911824768,0.1454,0.9858,0.1715,1.011
0.912082076,0.1459,0.9890,0.1678,1.014
0.913771192,0.1449,0.9943,0.1593,1.017
0.91547973,0.1444,0.9968,0.1529,1.019
0.917353807,0.1419,1.0017,0.1378,1.021
0.919216884,0.1390,1.0056,0.1231,1.023
0.921238999,0.1368,1.0073,0.1180,1.023
0.924629115,0.1324,1.0102,0.1094,1.025
0.925280499,0.1290,1.0144,0.1019,1.028
0.927039345,0.1261,1.0156,0.0992,1.028
0.929068922,0.1187,1.0153,0.0975,1.027
0.931455153,0.1185,1.0156,0.0965,1.027
0.933353153,0.1168,1.0148,0.0945,1.026
0.934792422,0.1146,1.0156,0.0943,1.026
0.937326807,0.1138,1.0151,0.0958,1.026
0.943292115,0.1114,1.0141,0.0980,1.025
0.943812499,0.1114,1.0131,0.1038,1.025
0.944066653,0.1112,1.0124,0.1070,1.024
0.944825461,0.1109,1.0097,0.1146,1.022
0.946916384,0.1099,1.0090,0.1187,1.022
0.949537499,0.1092,1.0087,0.1280,1.023
0.950804422,0.1087,1.0073,0.1415,1.023
0.952827345,0.1082,1.0063,0.1471,1.023
0.954830307,0.1099,1.0048,0.1581,1.023
0.959467691,0.1129,1.0063,0.1725,1.027
0.960077884,0.1148,1.0061,0.1781,1.028
0.960676345,0.1160,1.0046,0.1884,1.029
0.963333691,0.1173,1.0075,0.2011,1.034
0.964622845,0.1178,1.0078,0.2072,1.036
0.966581499,0.1185,1.0100,0.2145,1.039
0.968714422,0.1182,1.0124,0.2191,1.043
0.971316653,0.1197,1.0163,0.2274,1.048
0.988820961,0.1209,1.0197,0.2345,1.053
0.989429807,0.1192,1.0222,0.2377,1.056
0.989688961,0.1197,1.0268,0.2421,1.062
0.989929768,0.1173,1.0319,0.2443,1.067
0.990177115,0.1170,1.0359,0.2448,1.071
0.990407153,0.1185,1.0420,0.2453,1.077
0.990640384,0.1160,1.0439,0.2426,1.078
0.990869576,0.1143,1.0481,0.2411,1.082
0.991895422,0.1138,1.0552,0.2355,1.087
0.992146615,0.1143,1.0571,0.2326,1.088
0.992403615,0.1138,1.0603,0.2250,1.090
0.994379499,0.1131,1.0652,0.2165,1.093
0.997100307,0.1124,1.0681,0.2128,1.095
0.998392461,0.1116,1.0710,0.2040,1.096
1.000405422,0.1121,1.0727,0.1996,1.097
1.002311038,0.1134,1.0757,0.1918,1.099
1.004305115,0.1173,1.0803,0.1832,1.102
1.008033384,0.1180,1.0820,0.1786,1.103
1.008758922,0.1190,1.0835,0.1683,1.103
1.010235038,0.1219,1.0852,0.1588,1.104
1.012138384,0.1246,1.0862,0.1537,1.104
1.014012884,0.1268,1.0879,0.1454,1.105
1.016063653,0.1285,1.0884,0.1388,1.105
1.021335038,0.1295,1.0889,0.1349,1.105
1.022712768,0.1344,1.0879,0.1275,1.104
1.023110268,0.1368,1.0881,0.1246,1.104
1.025505268,0.1400,1.0857,0.1200,1.101
1.027044884,0.1424,1.0830,0.1178,1.099
1.030096038,0.1449,1.0820,0.1146,1.098
1.03061973,0.1468,1.0769,0.1104,1.092
1.03196173,0.1473,1.0730,0.1121,1.089
1.034073461,0.1485,1.0708,0.1121,1.087
1.035952268,0.1527,1.0679,0.1129,1.085
1.037866268,0.1534,1.0659,0.1138,1.083
1.041146268,0.1542,1.0615,0.1185,1.079
1.042088691,0.1556,1.0554,0.1219,1.074
1.043915307,0.1559,1.0530,0.1258,1.072
1.045812884,0.1561,1.0488,0.1307,1.068
1.047765576,0.1534,1.0437,0.1349,1.063
1.049878038,0.1527,1.0412,0.1375,1.061
1.051619191,0.1485,1.0383,0.1432,1.059
1.053590845,0.1471,1.0378,0.1461,1.058
1.057399538,0.1449,1.0344,0.1527,1.056
1.060202576,0.1429,1.0341,0.1581,1.056
1.061401691,0.1415,1.0339,0.1615,1.056
1.062027345,0.1388,1.0322,0.1661,1.055
1.064263038,0.1334,1.0317,0.1683,1.054
1.065791461,0.1314,1.0327,0.1698,1.055
1.067657768,0.1266,1.0341,0.1730,1.056
1.069336768,0.1251,1.0368,0.1737,1.059
1.071416191,0.1217,1.0412,0.1742,1.063
1.077114114,0.1202,1.0459,0.1727,1.067
1.077958576,0.1197,1.0486,0.1715,1.069
1.078338461,0.1163,1.0522,0.1703,1.072
1.079144076,0.1143,1.0534,0.1686,1.073
1.081332191,0.1138,1.0569,0.1620,1.075
1.082982384,0.1134,1.0608,0.1588,1.079
1.084882499,0.1136,1.0632,0.1573,1.081
1.087536807,0.1136,1.0686,0.1529,1.085
1.089109345,0.1153,1.0710,0.1512,1.088
1.10437373,0.1170,1.0757,0.1520,1.093
1.105221576,0.1217,1.0793,0.1510,1.097
1.105614922,0.1251,1.0811,0.1515,1.099
1.105971884,0.1309,1.0867,0.1542,1.105
1.106291114,0.1383,1.0901,0.1537,1.110
1.106605038,0.1419,1.0920,0.1534,1.112
1.106881691,0.1480,1.0977,0.1483,1.117
1.107167614,0.1544,1.1016,0.1422,1.121
1.107525614,0.1566,1.1062,0.1390,1.126
1.117623807,0.1588,1.1113,0.1327,1.130
1.118431538,0.1595,1.1140,0.1290,1.133
1.118783499,0.1583,1.1209,0.1200,1.138
1.119080191,0.1542,1.1275,0.1092,1.143
1.119350345,0.1522,1.1306,0.1038,1.146
1.119708422,0.1463,1.1377,0.0904,1.151
1.120900153,0.1410,1.1475,0.0774,1.159
1.127680422,0.1397,1.1524,0.0713,1.163
1.128463922,0.1380,1.1614,0.0594,1.171
1.128812038,0.1371,1.1661,0.0542,1.175
1.129091576,0.1366,1.1778,0.0474,1.187
1.130868691,0.1375,1.1895,0.0435,1.198
1.132680076,0.1378,1.1954,0.0415,1.204
1.134552538,0.1410,1.2071,0.0376,1.216
1.136519653,0.1495,1.2137,0.0320,1.223
1.13843773,0.1537,1.2272,0.0291,1.237
1.141202884,0.1642,1.2396,0.0247,1.251
1.142088384,0.1693,1.2467,0.0230,1.258
1.144504268,0.1803,1.2604,0.0183,1.273
1.146229922,0.1932,1.2748,0.0139,1.289
1.148658922,0.1996,1.2816,0.0107,1.297
1.149959768,0.2128,1.2960,0.0061,1.313
1.152363614,0.2233,1.3107,0.0000,1.330
1.154115422,0.2289,1.3166,-0.0015,1.336
1.157961461,0.2414,1.3280,-0.0064,1.350
1.158757691,0.2472,1.3329,-0.0098,1.356
1.160221384,0.2573,1.3430,-0.0129,1.367
1.162197768,0.2651,1.3530,-0.0171,1.379
1.164321191,0.2695,1.3564,-0.0193,1.383
1.16606673,0.2778,1.3620,-0.0222,1.390
1.167992576,0.2824,1.3671,-0.0249,1.396
1.169842345,0.2851,1.3691,-0.0259,1.399
1.171962537,0.2897,1.3728,-0.0252,1.403
1.178496114,0.2900,1.3735,-0.0252,1.404
1.179192422,0.2907,1.3752,-0.0242,1.406
1.186170153,0.2900,1.3757,-0.0225,1.406
1.186708153,0.2893,1.3757,-0.0225,1.406
1.186994307,0.2863,1.3740,-0.0200,1.404
1.187247961,0.2812,1.3723,-0.0156,1.401
1.187562268,0.2788,1.3713,-0.0129,1.399
1.190078807,0.2731,1.3684,-0.0059,1.395
1.190699691,0.2685,1.3647,0.0012,1.391
1.213607537,0.2670,1.3627,0.0051,1.389
1.214272884,0.2619,1.3586,0.0142,1.384
1.214518114,0.2607,1.3554,0.0178,1.380
1.214756614,0.2585,1.3510,0.0274,1.376
1.214992845,0.2543,1.3459,0.0362,1.370
1.215255576,0.2521,1.3432,0.0406,1.367
1.215551691,0.2487,1.3371,0.0476,1.361
1.215793499,0.2443,1.3349,0.0530,1.358
1.216053114,0.2416,1.3300,0.0545,1.353
1.216295268,0.2340,1.3234,0.0555,1.345
1.216519191,0.2287,1.3207,0.0559,1.342
1.216752268,0.2167,1.3134,0.0547,1.332
1.216974807,0.2025,1.3073,0.0533,1.324
1.217215037,0.1945,1.3031,0.0518,1.319
1.219143691,0.1786,1.2963,0.0464,1.309
1.221124153,0.1625,1.2894,0.0425,1.300
1.226597422,0.1549,1.2855,0.0396,1.295
1.227246461,0.1363,1.2785,0.0327,1.286
1.227690191,0.1273,1.2741,0.0300,1.281
1.228948345,0.1114,1.2670,0.0239,1.272
1.231102614,0.0955,1.2570,0.0188,1.261
1.23295573,0.0882,1.2526,0.0171,1.256
1.234846537,0.0740,1.2421,0.0132,1.244
1.236810307,0.0616,1.2318,0.0093,1.233
1.238883537,0.0545,1.2257,0.0086,1.227
1.243333307,0.0432,1.2122,0.0071,1.213
1.243924768,0.0369,1.2059,0.0068,1.206
1.244740345,0.0281,1.1920,0.0056,1.192
1.246736461,0.0178,1.1780,0.0037,1.178
1.24871073,0.0132,1.1705,0.0039,1.171
1.250681268,0.0059,1.1551,0.0056,1.155
1.252632961,0.0012,1.1412,0.0054,1.141
1.254424268,-0.0027,1.1338,0.0059,1.134
1.260521922,-0.0088,1.1192,0.0051,1.119
1.261184499,-0.0105,1.1121,0.0039,1.112
1.261491576,-0.0156,1.0964,0.0020,1.097
1.262443153,-0.0193,1.0791,0.0010,1.079
1.264538807,-0.0215,1.0703,-0.0002,1.071
1.266564922,-0.0257,1.0552,-0.0027,1.055
1.26864223,-0.0276,1.0403,-0.0051,1.041
1.270340807,-0.0298,1.0310,-0.0071,1.031
1.288960422,-0.0327,1.0151,-0.0132,1.016
1.289938153,-0.0337,1.0065,-0.0159,1.007
1.290580384,-0.0335,0.9909,-0.0230,0.992
1.291089345,-0.0357,0.9755,-0.0310,0.977
1.291639114,-0.0374,0.9677,-0.0349,0.969
1.292074076,-0.0410,0.9547,-0.0413,0.957
1.292486499,-0.0423,0.9491,-0.0511,0.951
1.292912345,-0.0432,0.9364,-0.0559,0.939
1.293303191,-0.0450,0.9237,-0.0669,0.927
1.293698191,-0.0469,0.9169,-0.0728,0.921
1.297021537,-0.0496,0.9049,-0.0833,0.910
1.297784884,-0.0503,0.8927,-0.0897,0.899
1.29827246,-0.0513,0.8873,-0.0945,0.894
1.298738422,-0.0542,0.8768,-0.1055,0.885
1.303552845,-0.0572,0.8670,-0.1168,0.877
1.304209076,-0.0577,0.8626,-0.1224,0.873
1.304661845,-0.0579,0.8536,-0.1309,0.866
1.30882423,-0.0577,0.8492,-0.1356,0.862
1.309677537,-0.0584,0.8404,-0.1463,0.855
1.314967499,-0.0589,0.8314,-0.1571,0.848
1.317104691,-0.0594,0.8275,-0.1615,0.845
1.317590037,-0.0574,0.8194,-0.1691,0.839
1.318050691,-0.0574,0.8106,-0.1776,0.832
1.318374037,-0.0574,0.8060,-0.1823,0.828
1.32021146,-0.0542,0.7991,-0.1891,0.823
1.322036153,-0.0537,0.7933,-0.1925,0.818
1.324538307,-0.0530,0.7901,-0.1950,0.816
1.326320999,-0.0511,0.7845,-0.2001,0.811
1.328226114,-0.0511,0.7832,-0.2018,0.810
1.330365076,-0.0472,0.7801,-0.2040,0.808
1.331459268,-0.0454,0.7752,-0.2028,0.803
1.334308768,-0.0450,0.7720,-0.2013,0.799
1.33574573,-0.0445,0.7688,-0.1981,0.795
1.337611345,-0.0454,0.7664,-0.1947,0.792
1.340030653,-0.0447,0.7659,-0.1906,0.791
1.342425307,-0.0406,0.7635,-0.1835,0.786
1.34609973,-0.0401,0.7613,-0.1791,0.783
1.346576653,-0.0381,0.7613,-0.1691,0.781
1.347620691,-0.0344,0.7608,-0.1573,0.778
1.349554076,-0.0327,0.7603,-0.1510,0.776
1.351583807,-0.0286,0.7600,-0.1434,0.774
1.353473653,-0.0271,0.7615,-0.1307,0.773
1.35555896,-0.0244,0.7625,-0.1234,0.773
1.360708537,-0.0215,0.7664,-0.1121,0.775
1.36132823,-0.0193,0.7674,-0.1055,0.775
1.361601307,-0.0181,0.7710,-0.0921,0.777
1.364067922,-0.0142,0.7764,-0.0804,0.781
1.36655996,-0.0129,0.7786,-0.0738,0.782
1.367099307,-0.0139,0.7850,-0.0621,0.788
1.369006999,-0.0127,0.7918,-0.0511,0.794
1.37099973,-0.0107,0.7938,-0.0464,0.795
1.394643653,-0.0100,0.8016,-0.0391,0.803
1.39547023,-0.0098,0.8057,-0.0362,0.807
1.395877807,-0.0073,0.8135,-0.0298,0.814
1.396189999,-0.0029,0.8226,-0.0242,0.823
1.396474768,-0.0017,0.8250,-0.0222,0.825
1.396761922,-0.0007,0.8331,-0.0183,0.833
1.397012383,0.0015,0.8426,-0.0173,0.843
1.39726323,0.0020,0.8458,-0.0166,0.846
1.397531307,0.0039,0.8529,-0.0171,0.853
1.397817537,0.0042,0.8570,-0.0195,0.857
1.398075037,0.0051,0.8648,-0.0215,0.865
1.398339807,0.0049,0.8717,-0.0252,0.872
1.398595383,0.0059,0.8758,-0.0271,0.876
1.40414046,0.0086,0.8817,-0.0293,0.882
1.404687499,0.0105,0.8883,-0.0320,0.889
1.405008653,0.0117,0.8907,-0.0320,0.891
1.408709807,0.0164,0.8939,-0.0332,0.895
1.416143422,0.0183,0.8949,-0.0349,0.896
1.416629153,0.0183,0.9010,-0.0381,0.902
1.416893576,0.0191,0.9034,-0.0396,0.905
1.418031268,0.0205,0.9044,-0.0398,0.906
1.418423537,0.0217,0.9056,-0.0418,0.907
1.418894845,0.0227,0.9083,-0.0428,0.910
1.419301383,0.0225,0.9088,-0.0447,0.910
1.420360114,0.0247,0.9083,-0.0474,0.910
1.422218345,0.0252,0.9086,-0.0479,0.910
1.424686883,0.0244,0.9078,-0.0486,0.909
1.426331768,0.0235,0.9064,-0.0491,0.908
1.429347191,0.0230,0.9042,-0.0489,0.906
1.430522614,0.0208,0.9012,-0.0474,0.903
1.432171191,0.0208,0.8986,-0.0457,0.900
1.434129883,0.0195,0.8978,-0.0447,0.899
1.436239537,0.0178,0.8915,-0.0415,0.893
1.438140037,0.0161,0.8888,-0.0410,0.890
1.44129523,0.0120,0.8863,-0.0396,0.887
1.446631614,0.0071,0.8812,-0.0388,0.882
1.447105268,0.0051,0.8790,-0.0362,0.880
1.447480114,-0.0015,0.8746,-0.0332,0.875
1.448050114,-0.0034,0.8692,-0.0313,0.870
1.449976883,-0.0054,0.8666,-0.0279,0.867
1.451968268,-0.0105,0.8607,-0.0232,0.861
1.453939345,-0.0115,0.8578,-0.0217,0.858
1.455874037,-0.0149,0.8531,-0.0225,0.854
1.458935422,-0.0191,0.8487,-0.0249,0.849
1.462577653,-0.0210,0.8470,-0.0220,0.848
1.463083499,-0.0247,0.8426,-0.0110,0.843
1.463839076,-0.0281,0.8380,0.0005,0.838
1.465787922,-0.0293,0.8350,0.0068,0.836
1.467852153,-0.0300,0.8292,0.0200,0.830
1.469689653,-0.0313,0.8267,0.0296,0.828
1.471627499,-0.0318,0.8206,0.0340,0.822
1.479071691,-0.0313,0.8145,0.0371,0.816
1.479920653,-0.0320,0.8123,0.0366,0.814
1.48025323,-0.0327,0.8067,0.0359,0.808
1.480554307,-0.0369,0.8025,0.0428,0.805
1.481793576,-0.0391,0.8011,0.0481,0.803
1.484047576,-0.0428,0.8016,0.0572,0.805
1.48574346,-0.0454,0.8003,0.0650,0.804
1.487895883,-0.0459,0.8001,0.0687,0.804
1.509879153,-0.0437,0.7989,0.0772,0.804
1.510497037,-0.0428,0.7996,0.0811,0.805
1.510752383,-0.0423,0.7984,0.0901,0.805
1.511006345,-0.0401,0.8001,0.0997,0.807
1.511267653,-0.0393,0.8006,0.1019,0.808
1.511596191,-0.0371,0.8001,0.1073,0.808
1.511871691,-0.0332,0.8028,0.1080,0.811
1.512114345,-0.0318,0.8035,0.1070,0.811
1.512344306,-0.0322,0.8045,0.1021,0.812
1.512580653,-0.0313,0.8060,0.0972,0.812
1.512808537,-0.0279,0.8084,0.0894,0.814
1.513046114,-0.0264,0.8126,0.0826,0.817
1.513280999,-0.0269,0.8148,0.0787,0.819
1.515986922,-0.0283,0.8196,0.0713,0.823
1.517019768,-0.0288,0.8233,0.0640,0.826
1.518886422,-0.0286,0.8258,0.0616,0.829
1.521099768,-0.0308,0.8309,0.0569,0.833
1.52472646,-0.0320,0.8338,0.0537,0.836
1.52544446,-0.0322,0.8380,0.0503,0.840
1.531022576,-0.0352,0.8436,0.0457,0.846
1.531591268,-0.0349,0.8460,0.0452,0.848
1.531857037,-0.0352,0.8499,0.0450,0.852
1.532996076,-0.0357,0.8546,0.0452,0.857
1.535009076,-0.0354,0.8570,0.0457,0.859
1.537018653,-0.0364,0.8629,0.0459,0.865
1.539720806,-0.0374,0.8644,0.0464,0.866
1.541915076,-0.0371,0.8692,0.0467,0.871
1.542838653,-0.0364,0.8741,0.0481,0.876
1.544659153,-0.0354,0.8761,0.0486,0.878
1.546633114,-0.0349,0.8832,0.0489,0.885
1.548464345,-0.0369,0.8885,0.0511,0.891
1.550362345,-0.0379,0.8922,0.0523,0.895
1.552629268,-0.0398,0.8986,0.0537,0.901
1.569824191,-0.0408,0.9015,0.0550,0.904
1.570346422,-0.0398,0.9088,0.0577,0.912
1.57066773,-0.0359,0.9154,0.0586,0.918
1.570918768,-0.0344,0.9191,0.0591,0.922
1.571163576,-0.0322,0.9247,0.0591,0.927
1.57144823,-0.0291,0.9301,0.0596,0.932
1.571688306,-0.0281,0.9333,0.0589,0.936
1.57193523,-0.0266,0.9391,0.0562,0.941
1.572189845,-0.0247,0.9420,0.0564,0.944
1.572437845,-0.0178,0.9486,0.0564,0.950
1.577180114,-0.0120,0.9521,0.0545,0.954
1.582774153,-0.0112,0.9555,0.0520,0.957
1.58324623,-0.0120,0.9584,0.0472,0.960
1.583702806,-0.0120,0.9621,0.0435,0.963
1.583957076,-0.0132,0.9650,0.0401,0.966
1.584195422,-0.0117,0.9716,0.0352,0.972
1.586021768,-0.0107,0.9733,0.0332,0.974
1.588137422,-0.0066,0.9758,0.0257,0.976
1.602187729,-0.0017,0.9787,0.0159,0.979
1.602808806,0.0002,0.9789,0.0100,0.979
1.603059806,0.0054,0.9787,0.0020,0.979
1.603301229,0.0100,0.9787,-0.0066,0.979
1.603586537,0.0115,0.9787,-0.0125,0.979
1.603818268,0.0147,0.9782,-0.0203,0.979
1.604058114,0.0156,0.9792,-0.0249,0.980
1.604292729,0.0147,0.9782,-0.0318,0.979
1.60569596,0.0161,0.9767,-0.0403,0.978
1.61161146,0.0171,0.9753,-0.0445,0.976
1.612265614,0.0159,0.9753,-0.0508,0.977
1.612528422,0.0156,0.9740,-0.0564,0.976
1.616031614,0.0154,0.9706,-0.0586,0.973
1.616336422,0.0154,0.9672,-0.0608,0.969
1.617542037,0.0156,0.9653,-0.0625,0.967
1.619580614,0.0164,0.9613,-0.0652,0.964
1.621415422,0.0183,0.9557,-0.0674,0.958
1.626624306,0.0183,0.9535,-0.0674,0.956
1.627211653,0.0203,0.9508,-0.0660,0.953
1.62755796,0.0230,0.9494,-0.0645,0.952
1.629284614,0.0239,0.9450,-0.0616,0.947
1.631437806,0.0266,0.9401,-0.0550,0.942
1.633312499,0.0271,0.9384,-0.0511,0.940
1.635186691,0.0271,0.9335,-0.0450,0.935
1.63721446,0.0259,0.9293,-0.0381,0.930
1.639101883,0.0252,0.9274,-0.0330,0.928
1.642434576,0.0244,0.9235,-0.0237,0.924
1.642969191,0.0244,0.9225,-0.0103,0.923
1.645262729,0.0254,0.9225,-0.0049,0.923
1.647159114,0.0232,0.9208,0.0046,0.921
1.649131422,0.0227,0.9208,0.0093,0.921
1.65103446,0.0220,0.9179,0.0193,0.918
1.653117999,0.0198,0.9181,0.0276,0.919
1.655019768,0.0193,0.9186,0.0318,0.919
1.658604306,0.0147,0.9203,0.0371,0.921
1.659064691,0.0105,0.9235,0.0418,0.924
1.660894306,0.0110,0.9235,0.0435,0.925
1.662776768,0.0100,0.9257,0.0459,0.927
1.664913922,0.0095,0.9276,0.0464,0.929
1.666783153,0.0083,0.9313,0.0452,0.932
1.668711345,0.0054,0.9333,0.0450,0.934
1.670718306,0.0042,0.9362,0.0447,0.937
1.673000499,0.0027,0.9428,0.0418,0.944
1.677742768,0.0007,0.9489,0.0374,0.950
1.678316922,0.0000,0.9511,0.0349,0.952
1.678569191,0.0002,0.9577,0.0298,0.958
1.680710499,-0.0010,0.9604,0.0264,0.961
1.682587345,-0.0024,0.9665,0.0200,0.967
1.684586191,-0.0037,0.9777,0.0159,0.978
1.686426114,-0.0032,0.9816,0.0134,0.982
1.690027076,-0.0015,0.9899,0.0103,0.990
1.690433806,-0.0024,1.0002,0.0100,1.000
1.710637037,-0.0024,1.0058,0.0105,1.006
1.712686268,-0.0007,1.0185,0.0112,1.019
1.713612768,-0.0002,1.0246,0.0110,1.025
1.715340614,-0.0010,1.0361,0.0105,1.036
1.716742191,-0.0024,1.0500,0.0061,1.050
1.717916537,-0.0015,1.0576,0.0039,1.058
1.718972306,-0.0051,1.0688,0.0024,1.069
1.720419152,-0.0071,1.0855,0.0024,1.085
1.721412691,-0.0076,1.0928,0.0022,1.093
1.722374383,-0.0103,1.1089,0.0027,1.109
1.723609845,-0.0117,1.1233,0.0032,1.123
1.724491999,-0.0122,1.1306,0.0039,1.131
1.725761537,-0.0166,1.1473,0.0054,1.147
1.727026922,-0.0169,1.1543,0.0059,1.154
1.728399383,-0.0220,1.1683,0.0073,1.169
1.729352883,-0.0220,1.1824,0.0098,1.183
1.730502152,-0.0227,1.1895,0.0110,1.190
1.73204696,-0.0242,1.2000,0.0083,1.200
1.73320946,-0.0254,1.2054,0.0090,1.206
1.734277691,-0.0237,1.2142,0.0117,1.214
1.735197537,-0.0247,1.2235,0.0090,1.224
1.736312729,-0.0249,1.2272,0.0100,1.227
1.737229999,-0.0271,1.2350,0.0122,1.235
1.738473229,-0.0271,1.2394,0.0149,1.240
1.741030614,-0.0276,1.2411,0.0169,1.241
1.742316806,-0.0296,1.2428,0.0193,1.243
1.74385946,-0.0320,1.2440,0.0205,1.245
1.745662806,-0.0337,1.2425,0.0205,1.243
1.747645422,-0.0369,1.2403,0.0232,1.241
1.749528268,-0.0384,1.2389,0.0254,1.240
1.75177746,-0.0425,1.2320,0.0261,1.233
1.75378846,-0.0464,1.2232,0.0274,1.224
1.755775076,-0.0474,1.2186,0.0279,1.220
1.758324729,-0.0476,1.2086,0.0261,1.210
1.761057499,-0.0486,1.1981,0.0210,1.199
1.761628576,-0.0481,1.1925,0.0200,1.194
1.763629691,-0.0508,1.1834,0.0225,1.185
1.765663691,-0.0511,1.1778,0.0247,1.179
1.767684922,-0.0511,1.1683,0.0320,1.170
1.769439499,-0.0513,1.1583,0.0413,1.160
1.771539806,-0.0506,1.1536,0.0469,1.156
1.773400614,-0.0496,1.1431,0.0577,1.146
1.777561422,-0.0469,1.1289,0.0669,1.132
1.778122729,-0.0457,1.1228,0.0674,1.126
1.782338652,-0.0418,1.1101,0.0611,1.113
1.782875383,-0.0362,1.1030,0.0545,1.105
1.783215883,-0.0244,1.0881,0.0366,1.089
1.785467191,-0.0110,1.0754,0.0110,1.076
1.787237768,-0.0039,1.0693,-0.0015,1.069
1.789258768,0.0129,1.0581,-0.0227,1.058
1.806117383,0.0305,1.0534,-0.0398,1.055
1.808107499,0.0401,1.0447,-0.0450,1.046
1.809317999,0.0557,1.0378,-0.0474,1.040
1.810498999,0.0630,1.0361,-0.0442,1.039
1.811652537,0.0748,1.0339,-0.0357,1.037
1.812790691,0.0850,1.0376,-0.0173,1.041
1.813912999,0.0897,1.0400,-0.0059,1.044
1.815031768,0.0997,1.0488,0.0159,1.054
1.816069575,0.1094,1.0549,0.0352,1.061
1.817081729,0.1141,1.0701,0.0442,1.077
1.818112114,0.1246,1.0886,0.0594,1.097
1.819309268,0.1317,1.0979,0.0645,1.108
1.820472999,0.1459,1.1182,0.0728,1.130
1.82155296,0.1586,1.1441,0.0777,1.158
1.822581306,0.1656,1.1578,0.0789,1.172
1.823748806,0.1779,1.1839,0.0772,1.200
1.824843075,0.1845,1.1983,0.0760,1.215
1.82599046,0.1893,1.2250,0.0748,1.242
1.826999652,0.1994,1.2528,0.0665,1.270
1.829652114,0.2020,1.2670,0.0638,1.285
1.830460883,0.2099,1.2934,0.0557,1.311
1.832704652,0.2257,1.3212,0.0442,1.341
1.834480652,0.2360,1.3346,0.0396,1.356
1.836765768,0.2551,1.3579,0.0286,1.382
1.838353652,0.2770,1.3811,0.0176,1.409
1.841619191,0.2846,1.3930,0.0122,1.422
1.842576268,0.2998,1.4148,0.0007,1.446
1.844333422,0.3061,1.4246,-0.0032,1.457
1.846623422,0.3208,1.4414,-0.0093,1.477
1.848712691,0.3347,1.4539,-0.0159,1.492
1.850285075,0.3408,1.4595,-0.0193,1.499
1.852314537,0.3555,1.4661,-0.0264,1.509
1.854573729,0.3689,1.4705,-0.0384,1.517
1.856185691,0.3748,1.4717,-0.0450,1.519
1.860304075,0.3860,1.4707,-0.0613,1.522
1.86084996,0.3916,1.4700,-0.0691,1.523
1.86217196,0.3982,1.4641,-0.0843,1.520
1.864318575,0.4021,1.4597,-0.1019,1.518
1.865948152,0.4031,1.4566,-0.1099,1.515
1.868055806,0.4002,1.4480,-0.1246,1.507
1.870047768,0.3960,1.4387,-0.1380,1.499
1.872084768,0.3906,1.4343,-0.1437,1.493
1.877483537,0.3792,1.4236,-0.1493,1.481
1.878051537,0.3733,1.4175,-0.1522,1.474
1.878318191,0.3608,1.4043,-0.1576,1.458
1.879986537,0.3472,1.3864,-0.1610,1.438
1.882064883,0.3398,1.3764,-0.1622,1.427
1.884131883,0.3257,1.3574,-0.1590,1.405
1.885894883,0.3090,1.3393,-0.1559,1.383
1.887764306,0.2998,1.3293,-0.1534,1.371
1.889894422,0.2807,1.3078,-0.1478,1.346
1.908549422,0.2604,1.2855,-0.1371,1.319
1.910137845,0.2489,1.2745,-0.1331,1.305
1.911161999,0.2267,1.2511,-0.1253,1.278
1.912463191,0.2147,1.2399,-0.1204,1.264
1.91343296,0.1928,1.2176,-0.1097,1.238
1.914410383,0.1742,1.1937,-0.0992,1.210
1.915433075,0.1644,1.1820,-0.0931,1.197
1.916645806,0.1439,1.1587,-0.0814,1.170
1.917597575,0.1251,1.1343,-0.0699,1.143
1.918386883,0.1158,1.1204,-0.0625,1.128
1.919188614,0.0985,1.0957,-0.0513,1.101
1.920243037,0.0831,1.0833,-0.0428,1.087
1.920940575,0.0772,1.0583,-0.0386,1.062
1.921905345,0.0662,1.0334,-0.0322,1.036
1.922612268,0.0606,1.0207,-0.0305,1.023
1.923310498,0.0523,0.9936,-0.0264,0.995
1.924327845,0.0462,0.9670,-0.0235,0.968
1.927256768,0.0430,0.9540,-0.0239,0.955
1.928751614,0.0376,0.9293,-0.0252,0.930
1.929843883,0.0369,0.9171,-0.0293,0.918
1.931536306,0.0359,0.8934,-0.0313,0.895
1.933717537,0.0347,0.8695,-0.0374,0.871
1.935328652,0.0349,0.8575,-0.0408,0.859
1.937424268,0.0379,0.8360,-0.0474,0.838
1.939326268,0.0403,0.8143,-0.0557,0.817
1.942399191,0.0445,0.8025,-0.0599,0.806
1.94423146,0.0523,0.7810,-0.0682,0.786
1.945438037,0.0552,0.7710,-0.0735,0.776
1.947285998,0.0652,0.7534,-0.0843,0.761
1.949323191,0.0770,0.7368,-0.0923,0.747
1.950997729,0.0823,0.7283,-0.0963,0.739
1.953276883,0.0943,0.7117,-0.1043,0.725
1.954994768,0.1043,0.6968,-0.1146,0.714
1.957349268,0.1107,0.6911,-0.1175,0.710
1.960092614,0.1222,0.6797,-0.1239,0.702
1.961716191,0.1295,0.6755,-0.1268,0.699
1.963442806,0.1446,0.6670,-0.1309,0.695
1.964987768,0.1566,0.6604,-0.1349,0.692
1.966811575,0.1625,0.6582,-0.1371,0.692
1.968902537,0.1735,0.6555,-0.1380,0.692
1.971774152,0.1845,0.6550,-0.1397,0.695
1.972889806,0.1906,0.6550,-0.1395,0.696
1.98344246,0.1996,0.6572,-0.1395,0.701
1.984044037,0.2025,0.6584,-0.1373,0.702
1.984306806,0.2096,0.6643,-0.1329,0.709
1.984539652,0.2169,0.6716,-0.1297,0.718
1.984791498,0.2199,0.6758,-0.1280,0.722
1.985023037,0.2250,0.6843,-0.1231,0.731
1.986567075,0.2316,0.6946,-0.1195,0.742
1.988652268,0.2348,0.7009,-0.1175,0.748
1.99030796,0.2397,0.7151,-0.1134,0.763
2.010895614,0.2428,0.7217,-0.1104,0.769
2.01286996,0.2487,0.7339,-0.1036,0.782
2.013786845,0.2526,0.7488,-0.0992,0.796
2.014846075,0.2543,0.7571,-0.0960,0.804
2.016385037,0.2602,0.7715,-0.0914,0.819
2.017636422,0.2639,0.7850,-0.0884,0.833
2.018700883,0.2653,0.7916,-0.0853,0.839
2.019874306,0.2700,0.8065,-0.0811,0.854
2.020914614,0.2707,0.8155,-0.0782,0.863
2.021717768,0.2724,0.8309,-0.0716,0.877
2.022749383,0.2736,0.8453,-0.0652,0.891
2.023722537,0.2734,0.8536,-0.0625,0.898
2.02474396,0.2751,0.8700,-0.0564,0.914
2.026161806,0.2800,0.8841,-0.0520,0.929
2.027171037,0.2802,0.8915,-0.0496,0.936
2.028292729,0.2861,0.9069,-0.0462,0.952
2.02925946,0.2878,0.9142,-0.0442,0.959
2.030426498,0.2905,0.9308,-0.0425,0.976
2.03148196,0.2917,0.9450,-0.0406,0.990
2.032593268,0.2949,0.9513,-0.0403,0.997
2.033510921,0.2995,0.9638,-0.0428,1.010
2.034487037,0.3073,0.9770,-0.0472,1.025
2.037302191,0.3117,0.9848,-0.0479,1.034
2.038739845,0.3169,0.9990,-0.0457,1.049
2.039837152,0.3205,1.0048,-0.0410,1.056
2.04609096,0.3281,1.0163,-0.0303,1.068
2.04664246,0.3359,1.0263,-0.0203,1.080
2.046892883,0.3386,1.0312,-0.0144,1.085
2.049054383,0.3445,1.0395,-0.0029,1.095
2.04968246,0.3486,1.0505,0.0071,1.107
2.051582345,0.3511,1.0537,0.0107,1.111
2.053660345,0.3530,1.0598,0.0178,1.117
2.055475383,0.3525,1.0630,0.0220,1.120
2.058256729,0.3525,1.0666,0.0322,1.124
2.064383806,0.3525,1.0703,0.0459,1.128
2.06516996,0.3520,1.0701,0.0511,1.128
2.065559845,0.3518,1.0703,0.0635,1.128
2.065922806,0.3523,1.0703,0.0716,1.129
2.068061768,0.3518,1.0691,0.0752,1.128
2.069664075,0.3494,1.0647,0.0823,1.124
2.071600883,0.3472,1.0605,0.0848,1.119
2.073602537,0.3462,1.0583,0.0843,1.117
2.096072998,0.3418,1.0508,0.0787,1.108
2.098156652,0.3381,1.0488,0.0750,1.105
2.098558229,0.3303,1.0442,0.0630,1.097
2.098907114,0.3225,1.0381,0.0474,1.088
2.099138421,0.3186,1.0349,0.0384,1.083
2.099414921,0.3090,1.0263,0.0181,1.072
2.099657268,0.2993,1.0190,-0.0029,1.062
2.099884152,0.2934,1.0146,-0.0142,1.056
2.100121114,0.2824,1.0073,-0.0332,1.047
2.100354537,0.2763,1.0034,-0.0420,1.042
2.100585383,0.2656,0.9965,-0.0579,1.033
2.100825845,0.2553,0.9890,-0.0699,1.024
2.101053114,0.2502,0.9855,-0.0745,1.020
2.101288498,0.2375,0.9760,-0.0853,1.008
2.102881114,0.2287,0.9660,-0.0897,0.997
2.104885614,0.2240,0.9613,-0.0897,0.991
2.106809268,0.2145,0.9506,-0.0919,0.979
2.108990575,0.2096,0.9455,-0.0919,0.973
2.110714537,0.2016,0.9340,-0.0882,0.960
2.112760421,0.1932,0.9215,-0.0858,0.945
2.114579037,0.1886,0.9147,-0.0826,0.938
2.116807575,0.1808,0.9020,-0.0762,0.923
2.118536498,0.1720,0.8885,-0.0674,0.908
2.120706537,0.1676,0.8810,-0.0630,0.899
2.122656037,0.1583,0.8683,-0.0537,0.884
2.124576998,0.1532,0.8622,-0.0481,0.877
2.126579537,0.1439,0.8497,-0.0384,0.863
2.128604806,0.1346,0.8375,-0.0269,0.849
2.130603268,0.1297,0.8321,-0.0205,0.842
2.132503845,0.1207,0.8206,-0.0086,0.829
2.134396152,0.1102,0.8096,0.0007,0.817
2.136664383,0.1048,0.8060,0.0066,0.813
2.138855191,0.0953,0.7999,0.0178,0.806
2.140492768,0.0909,0.7952,0.0225,0.801
2.142376806,0.0823,0.7867,0.0303,0.792
2.14423246,0.0735,0.7808,0.0376,0.785
2.146170768,0.0699,0.7788,0.0403,0.783
2.148129652,0.0635,0.7745,0.0476,0.779
2.149939152,0.0579,0.7725,0.0501,0.776
2.152230344,0.0552,0.7696,0.0540,0.773
2.153943729,0.0508,0.7669,0.0579,0.771
2.155871229,0.0493,0.7657,0.0596,0.770
2.157815691,0.0457,0.7627,0.0591,0.766
2.159899537,0.0440,0.7630,0.0584,0.766
2.161925229,0.0408,0.7630,0.0579,0.766
2.163789229,0.0364,0.7642,0.0557,0.767
2.165654306,0.0357,0.7649,0.0552,0.768
2.167837268,0.0340,0.7649,0.0540,0.768
2.169834575,0.0320,0.7664,0.0523,0.769
2.171773883,0.0310,0.7661,0.0511,0.768
2.173668691,0.0300,0.7676,0.0472,0.770
2.178323421,0.0310,0.7698,0.0457,0.772
2.178906268,0.0320,0.7691,0.0440,0.771
2.179745844,0.0337,0.7713,0.0415,0.773
2.181803191,0.0354,0.7720,0.0401,0.774
2.183915075,0.0391,0.7730,0.0352,0.775
2.186066575,0.0425,0.7710,0.0291,0.773
2.187737537,0.0442,0.7725,0.0266,0.774
2.189835075,0.0479,0.7730,0.0220,0.775
2.192596806,0.0530,0.7747,0.0178,0.777
2.210732652,0.0547,0.7735,0.0151,0.776
2.211407921,0.0557,0.7742,0.0112,0.776
2.211775383,0.0603,0.7769,0.0066,0.779
2.212093152,0.0633,0.7776,0.0042,0.780
2.21240396,0.0665,0.7784,0.0007,0.781
2.212713306,0.0679,0.7796,-0.0010,0.783
2.213031614,0.0699,0.7813,-0.0059,0.784
2.213333844,0.0716,0.7825,-0.0120,0.786
2.213655075,0.0745,0.7837,-0.0147,0.787
2.213963614,0.0770,0.7867,-0.0173,0.791
2.214284652,0.0799,0.7891,-0.0232,0.793
2.215420114,0.0818,0.7911,-0.0254,0.796
2.217632306,0.0855,0.7940,-0.0303,0.799
2.219316191,0.0880,0.7942,-0.0322,0.800
2.221086152,0.0948,0.7981,-0.0347,0.805
2.223230614,0.0980,0.8006,-0.0388,0.807
2.226988883,0.1007,0.8030,-0.0408,0.810
2.227654921,0.1080,0.8069,-0.0447,0.815
2.229154652,0.1151,0.8104,-0.0474,0.820
2.230920998,0.1190,0.8123,-0.0493,0.822
2.232976229,0.1280,0.8148,-0.0535,0.826
2.234879037,0.1378,0.8162,-0.0547,0.830
2.237121075,0.1422,0.8165,-0.0557,0.831
2.238922806,0.1507,0.8194,-0.0567,0.835
2.241053844,0.1559,0.8196,-0.0567,0.836
2.243652191,0.1671,0.8218,-0.0567,0.841
2.24548046,0.1761,0.8238,-0.0550,0.844
2.246871306,0.1823,0.8260,-0.0555,0.848
2.248975152,0.1925,0.8287,-0.0540,0.852
2.250875498,0.1994,0.8306,-0.0513,0.856
2.253076767,0.2028,0.8311,-0.0501,0.857
2.254764267,0.2091,0.8328,-0.0486,0.860
2.257001883,0.2140,0.8350,-0.0481,0.863
2.262660229,0.2194,0.8370,-0.0464,0.867
2.263290306,0.2255,0.8399,-0.0432,0.871
2.263636229,0.2277,0.8409,-0.0415,0.872
2.264972806,0.2306,0.8446,-0.0364,0.876
2.266599806,0.2323,0.8470,-0.0315,0.879
2.268855537,0.2333,0.8480,-0.0274,0.880
2.270704344,0.2338,0.8531,-0.0203,0.885
2.27300996,0.2340,0.8563,-0.0164,0.888
2.275311498,0.2345,0.8622,-0.0107,0.894
2.291563691,0.2362,0.8695,-0.0022,0.901
2.29324646,0.2370,0.8729,0.0024,0.905
2.294458306,0.2380,0.8790,0.0090,0.911
2.295498075,0.2389,0.8851,0.0117,0.917
2.296637267,0.2397,0.8895,0.0132,0.921
2.297676998,0.2382,0.8968,0.0132,0.928
2.298766191,0.2380,0.9027,0.0105,0.934
2.300123921,0.2392,0.9113,0.0076,0.942
2.301328575,0.2375,0.9186,0.0059,0.949
2.302442075,0.2375,0.9240,0.0042,0.954
2.303262998,0.2355,0.9350,-0.0024,0.964
2.304328883,0.2348,0.9398,-0.0073,0.969
2.305309229,0.2338,0.9496,-0.0100,0.978
2.306462614,0.2316,0.9599,-0.0178,0.988
2.307883921,0.2311,0.9655,-0.0208,0.993
2.309102152,0.2301,0.9762,-0.0244,1.003
2.310304998,0.2304,0.9853,-0.0293,1.012
2.311565383,0.2299,0.9902,-0.0320,1.017
2.312095344,0.2287,1.0026,-0.0349,1.029
2.316819652,0.2274,1.0139,-0.0384,1.040
2.317525421,0.2257,1.0178,-0.0391,1.043
2.321737344,0.2231,1.0268,-0.0410,1.052
2.322777344,0.2216,1.0322,-0.0403,1.056
2.323173344,0.2191,1.0405,-0.0376,1.064
2.323670383,0.2157,1.0503,-0.0371,1.073
2.326498806,0.2150,1.0561,-0.0364,1.078
2.327850306,0.2147,1.0637,-0.0352,1.086
2.329760191,0.2128,1.0671,-0.0357,1.089
2.336170267,0.2069,1.0757,-0.0332,1.096
2.336629344,0.2020,1.0857,-0.0296,1.105
2.336858921,0.2008,1.0894,-0.0283,1.108
2.337286421,0.1979,1.0964,-0.0254,1.114
2.339282498,0.1930,1.1006,-0.0225,1.118
2.341477306,0.1903,1.1038,-0.0200,1.120
2.346979883,0.1859,1.1099,-0.0156,1.125
2.347588267,0.1835,1.1131,-0.0149,1.128
2.348588844,0.1791,1.1199,-0.0139,1.134
2.349315229,0.1754,1.1233,-0.0103,1.137
2.352151767,0.1737,1.1248,-0.0086,1.138
2.353388883,0.1708,1.1297,-0.0039,1.143
2.354942306,0.1693,1.1341,-0.0032,1.147
2.357690383,0.1686,1.1358,-0.0022,1.148
2.362888114,0.1652,1.1355,0.0002,1.147
2.363744883,0.1634,1.1372,0.0007,1.149
2.364123844,0.1615,1.1387,-0.0002,1.150
2.368496498,0.1612,1.1404,0.0000,1.152
2.369002498,0.1620,1.1402,0.0005,1.152
2.369307614,0.1625,1.1414,-0.0012,1.153
2.370843306,0.1630,1.1404,0.0017,1.152
2.372901344,0.1634,1.1392,0.0010,1.151
2.390925152,0.1647,1.1385,0.0007,1.150
2.39158896,0.1647,1.1380,0.0010,1.150
2.391833537,0.1669,1.1377,0.0017,1.150
2.392065267,0.1698,1.1360,0.0010,1.149
2.39229496,0.1710,1.1336,0.0022,1.146
2.392538229,0.1739,1.1324,0.0022,1.146
2.392769344,0.1747,1.1292,-0.0020,1.143
2.393018767,0.1766,1.1275,-0.0020,1.141
2.393247037,0.1791,1.1255,-0.0007,1.140
2.393474614,0.1803,1.1236,-0.0029,1.138
2.394527152,0.1808,1.1226,-0.0029,1.137
2.396669152,0.1842,1.1211,-0.0029,1.136
2.398648114,0.1854,1.1204,-0.0034,1.136
2.400864537,0.1884,1.1194,-0.0049,1.135
2.402424921,0.1910,1.1165,-0.0005,1.133
2.404648114,0.1925,1.1148,0.0032,1.131
2.406609421,0.1954,1.1116,0.0095,1.129
2.409447844,0.1964,1.1074,0.0134,1.125
2.411461306,0.1981,1.1065,0.0132,1.124
2.412842114,0.2016,1.1011,0.0144,1.119
2.414475267,0.2025,1.0982,0.0161,1.117
2.41648496,0.2052,1.0957,0.0183,1.115
2.418314037,0.2111,1.0957,0.0210,1.116
2.420356383,0.2128,1.0952,0.0239,1.116
2.422452306,0.2179,1.0955,0.0274,1.117
2.42434596,0.2270,1.0969,0.0300,1.121
2.426256614,0.2316,1.0986,0.0322,1.123
2.42844846,0.2389,1.0974,0.0369,1.124
2.430437998,0.2431,1.0974,0.0379,1.125
2.432337152,0.2455,1.0967,0.0376,1.124
2.434226921,0.2428,1.0964,0.0344,1.124
2.43620246,0.2406,1.0969,0.0332,1.124
2.43818069,0.2321,1.0964,0.0288,1.121
2.440252152,0.2253,1.0945,0.0215,1.118
2.44343419,0.2226,1.0955,0.0161,1.118
2.444641421,0.2179,1.0991,0.0071,1.121
2.446073344,0.2169,1.0999,0.0002,1.121
2.448223537,0.2167,1.1006,-0.0088,1.122
2.45017596,0.2228,1.1050,-0.0110,1.127
2.452232729,0.2265,1.1077,-0.0095,1.131
2.453946229,0.2311,1.1170,-0.0051,1.141
2.456043652,0.2372,1.1292,0.0007,1.154
2.457907652,0.2402,1.1377,0.0059,1.163
2.460484498,0.2472,1.1595,0.0188,1.186
2.462213498,0.2487,1.1822,0.0298,1.208
2.464042421,0.2492,1.1927,0.0337,1.219
2.465814652,0.2489,1.2159,0.0384,1.242
2.467842537,0.2489,1.2284,0.0408,1.254
2.469893383,0.2482,1.2548,0.0396,1.280
2.471861383,0.2480,1.2799,0.0357,1.304
2.473794229,0.2492,1.2926,0.0337,1.317
2.483728806,0.2521,1.3158,0.0283,1.340
2.485075883,0.2541,1.3259,0.0232,1.350
2.486191383,0.2587,1.3447,0.0127,1.369
2.487248883,0.2660,1.3605,0.0044,1.386
2.488431537,0.2714,1.3659,-0.0010,1.393
2.489448844,0.2807,1.3742,-0.0105,1.403
2.49027169,0.2932,1.3828,-0.0205,1.414
2.491013267,0.3005,1.3852,-0.0252,1.418
2.492143844,0.3149,1.3884,-0.0308,1.424
2.511077613,0.3247,1.3889,-0.0410,1.427
2.512691575,0.3330,1.3889,-0.0462,1.429
2.513671383,0.3516,1.3896,-0.0572,1.435
2.514639075,0.3599,1.3881,-0.0628,1.435
2.515838229,0.3801,1.3857,-0.0770,1.439
2.517001037,0.3980,1.3820,-0.0899,1.441
2.518203306,0.4055,1.3801,-0.0965,1.442
2.51951119,0.4175,1.3759,-0.1075,1.442
2.520536729,0.4214,1.3742,-0.1143,1.442
2.521710806,0.4273,1.3686,-0.1280,1.439
2.522960152,0.4285,1.3632,-0.1407,1.436
2.524307267,0.4266,1.3615,-0.1471,1.434
2.525297806,0.4219,1.3569,-0.1598,1.430
2.526548883,0.4121,1.3520,-0.1725,1.424
2.52780169,0.4051,1.3491,-0.1783,1.420
2.528804844,0.3872,1.3439,-0.1908,1.412
2.529673883,0.3787,1.3400,-0.1964,1.406
2.53052819,0.3604,1.3310,-0.2077,1.394
2.531682844,0.3376,1.3212,-0.2169,1.381
2.53268096,0.3266,1.3151,-0.2223,1.373
2.533797767,0.3027,1.3017,-0.2301,1.356
2.534927613,0.2739,1.2956,-0.2348,1.345
2.537230883,0.2597,1.2802,-0.2372,1.328
2.53863996,0.2314,1.2633,-0.2404,1.307
2.540737921,0.2201,1.2548,-0.2419,1.297
2.546619537,0.1974,1.2379,-0.2455,1.277
2.547285152,0.1769,1.2164,-0.2438,1.253
2.54764719,0.1669,1.2071,-0.2426,1.243
2.548623344,0.1451,1.1873,-0.2409,1.220
2.550275037,0.1346,1.1776,-0.2399,1.209
2.55222346,0.1129,1.1565,-0.2372,1.186
2.554259344,0.0909,1.1343,-0.2326,1.161
2.556520767,0.0806,1.1248,-0.2289,1.151
2.55802219,0.0601,1.1052,-0.2231,1.129
2.563018883,0.0408,1.0942,-0.2160,1.116
2.563938652,0.0322,1.0737,-0.2125,1.095
2.564421921,0.0147,1.0527,-0.2047,1.073
2.566126921,0.0076,1.0417,-0.2003,1.061
2.568136729,-0.0071,1.0210,-0.1923,1.039
2.57015096,-0.0200,1.0007,-0.1803,1.017
2.57230969,-0.0257,0.9894,-0.1747,1.005
2.573920306,-0.0364,0.9682,-0.1649,0.983
2.596305844,-0.0467,0.9579,-0.1539,0.971
2.597190767,-0.0508,0.9379,-0.1480,0.951
2.59764019,-0.0586,0.9196,-0.1368,0.932
2.598050036,-0.0628,0.9103,-0.1302,0.922
2.598472652,-0.0726,0.8912,-0.1202,0.902
2.598882421,-0.0801,0.8714,-0.1121,0.882
2.599300729,-0.0850,0.8626,-0.1075,0.873
2.59980269,-0.0943,0.8458,-0.1002,0.857
2.600203344,-0.0982,0.8375,-0.0965,0.849
2.600603806,-0.1070,0.8223,-0.0884,0.834
2.601005421,-0.1158,0.8055,-0.0814,0.818
2.601443998,-0.1200,0.7979,-0.0789,0.811
2.602931075,-0.1246,0.7837,-0.0745,0.797
2.603486729,-0.1285,0.7696,-0.0735,0.784
2.603988729,-0.1305,0.7613,-0.0723,0.776
2.605333152,-0.1317,0.7481,-0.0718,0.763
2.607262344,-0.1302,0.7417,-0.0735,0.757
2.610852729,-0.1334,0.7285,-0.0794,0.745
2.612993613,-0.1334,0.7183,-0.0806,0.735
2.61348719,-0.1327,0.7139,-0.0804,0.731
2.614930344,-0.1324,0.7038,-0.0799,0.721
2.617924306,-0.1290,0.6997,-0.0767,0.716
2.61935346,-0.1287,0.6897,-0.0767,0.706
2.621298267,-0.1251,0.6828,-0.0782,0.699
2.62332646,-0.1226,0.6801,-0.0792,0.696
2.625128344,-0.1153,0.6738,-0.0801,0.688
2.628679229,-0.1109,0.6689,-0.0840,0.683
2.63051196,-0.1092,0.6674,-0.0862,0.682
2.631997921,-0.1041,0.6650,-0.0860,0.679
2.63323946,-0.0992,0.6650,-0.0860,0.678
2.635025729,-0.0909,0.6648,-0.0887,0.677
2.636810344,-0.0821,0.6674,-0.0921,0.679
2.638773806,-0.0794,0.6696,-0.0928,0.681
2.640727652,-0.0718,0.6726,-0.0914,0.683
2.64426746,-0.0655,0.6731,-0.0928,0.683
2.645849036,-0.0618,0.6748,-0.0923,0.684
2.647151229,-0.0557,0.6792,-0.0904,0.687
2.649613383,-0.0511,0.6821,-0.0904,0.690
2.650873844,-0.0437,0.6860,-0.0955,0.694
2.652886075,-0.0342,0.6911,-0.1026,0.700
2.65470646,-0.0298,0.6953,-0.1055,0.704
2.65677446,-0.0203,0.7043,-0.1141,0.714
2.658919383,-0.0125,0.7129,-0.1246,0.724
2.662090575,-0.0088,0.7163,-0.1297,0.728
2.66360296,-0.0012,0.7261,-0.1390,0.739
2.665210152,0.0017,0.7315,-0.1429,0.745
2.66662146,0.0086,0.7434,-0.1495,0.758
2.668297613,0.0154,0.7542,-0.1546,0.770
2.670162729,0.0169,0.7605,-0.1583,0.777
2.672232921,0.0220,0.7703,-0.1642,0.788
2.674266921,0.0232,0.7754,-0.1669,0.794
2.685020806,0.0288,0.7872,-0.1722,0.806
2.686515844,0.0344,0.7947,-0.1737,0.814
2.687695767,0.0396,0.8006,-0.1742,0.820
2.688814229,0.0467,0.8111,-0.1752,0.831
2.68990819,0.0540,0.8199,-0.1781,0.841
2.690808729,0.0579,0.8231,-0.1788,0.844
2.691602113,0.0640,0.8297,-0.1793,0.851
2.692685729,0.0735,0.8367,-0.1786,0.859
2.693696229,0.0784,0.8399,-0.1779,0.862
2.695083229,0.0880,0.8455,-0.1754,0.868
2.696044075,0.0921,0.8495,-0.1747,0.872
2.715709536,0.1009,0.8534,-0.1725,0.876
2.717297959,0.1085,0.8560,-0.1681,0.879
2.718488075,0.1119,0.8578,-0.1659,0.881
2.719595767,0.1207,0.8614,-0.1603,0.884
2.720879806,0.1268,0.8634,-0.1561,0.886
2.721968344,0.1302,0.8641,-0.1529,0.887
2.723137652,0.1339,0.8661,-0.1478,0.889
2.724218229,0.1368,0.8670,-0.1449,0.890
2.725285459,0.1419,0.8663,-0.1383,0.889
2.726454767,0.1466,0.8663,-0.1319,0.888
2.727663152,0.1478,0.8666,-0.1278,0.888
2.728812883,0.1493,0.8658,-0.1202,0.887
2.73013519,0.1512,0.8644,-0.1134,0.885
2.73112619,0.1512,0.8636,-0.1107,0.884
2.732334344,0.1505,0.8604,-0.1033,0.880
2.733397806,0.1515,0.8600,-0.0982,0.879
2.734420575,0.1515,0.8573,-0.0955,0.876
2.735597344,0.1498,0.8563,-0.0901,0.874
2.736634152,0.1485,0.8558,-0.0872,0.873
2.73774519,0.1456,0.8534,-0.0828,0.870
2.73862519,0.1419,0.8495,-0.0779,0.865
2.739846883,0.1400,0.8477,-0.0755,0.863
2.743219459,0.1356,0.8443,-0.0713,0.858
2.743681998,0.1297,0.8421,-0.0672,0.855
2.746471652,0.1283,0.8414,-0.0655,0.854
2.747155921,0.1253,0.8367,-0.0608,0.848
2.749190536,0.1229,0.8328,-0.0591,0.844
2.750999267,0.1182,0.8294,-0.0547,0.840
2.753191729,0.1143,0.8255,-0.0515,0.835
2.754969806,0.1124,0.8231,-0.0501,0.832
2.757106959,0.1065,0.8189,-0.0454,0.827
2.758943921,0.1021,0.8153,-0.0467,0.823
2.763197344,0.0999,0.8133,-0.0467,0.821
2.764814344,0.0933,0.8094,-0.0440,0.816
2.765548267,0.0909,0.8077,-0.0428,0.814
2.771828498,0.0858,0.8055,-0.0408,0.811
2.77224469,0.0845,0.8033,-0.0410,0.809
2.772480998,0.0840,0.8006,-0.0413,0.806
2.772713883,0.0811,0.7957,-0.0435,0.801
2.774704767,0.0774,0.7923,-0.0459,0.797
2.797704921,0.0750,0.7930,-0.0447,0.798
2.798371229,0.0706,0.7955,-0.0413,0.800
2.798633113,0.0655,0.7957,-0.0408,0.799
2.79888069,0.0635,0.7942,-0.0428,0.798
2.799138998,0.0621,0.7942,-0.0430,0.798
2.799418652,0.0621,0.7942,-0.0423,0.798
2.799657152,0.0591,0.7950,-0.0435,0.798
2.799888921,0.0559,0.7969,-0.0457,0.800
2.80013369,0.0557,0.7984,-0.0457,0.802
2.800352729,0.0545,0.8028,-0.0476,0.806
2.800585498,0.0542,0.8040,-0.0447,0.807
2.800816959,0.0550,0.8069,-0.0445,0.810
2.801043921,0.0537,0.8123,-0.0447,0.815
2.802580882,0.0533,0.8150,-0.0445,0.818
2.804517575,0.0530,0.8194,-0.0437,0.822
2.806507536,0.0496,0.8265,-0.0415,0.829
2.808601075,0.0493,0.8294,-0.0398,0.832
2.810332882,0.0489,0.8353,-0.0366,0.838
2.812478921,0.0454,0.8414,-0.0332,0.843
2.81438819,0.0440,0.8436,-0.0305,0.845
2.816701267,0.0425,0.8490,-0.0242,0.850
2.818286075,0.0413,0.8517,-0.0217,0.853
2.820392113,0.0406,0.8587,-0.0166,0.860
2.822511152,0.0379,0.8646,-0.0132,0.866
2.824649882,0.0371,0.8663,-0.0105,0.867
2.828170036,0.0344,0.8710,-0.0073,0.872
2.829444306,0.0337,0.8753,-0.0032,0.876
2.830460959,0.0320,0.8775,-0.0010,0.878
2.832750344,0.0303,0.8817,0.0034,0.882
2.834265421,0.0266,0.8837,0.0051,0.884
2.836341036,0.0244,0.8856,0.0056,0.886
2.838340036,0.0213,0.8868,0.0061,0.887
2.840355806,0.0186,0.8878,0.0044,0.888
2.842316959,0.0147,0.8903,0.0049,0.890
2.845408882,0.0107,0.8927,0.0034,0.893
2.846847882,0.0086,0.8937,0.0024,0.894
2.848795613,0.0051,0.8964,0.0002,0.896
2.850124921,0.0022,0.8973,-0.0032,0.897
2.851994844,0.0002,0.8993,-0.0042,0.899
2.853976267,-0.0039,0.9022,-0.0086,0.902
2.856030267,-0.0049,0.9034,-0.0103,0.904
2.857968459,-0.0066,0.9052,-0.0147,0.905
2.860662498,-0.0093,0.9054,-0.0178,0.906
2.86328469,-0.0120,0.9066,-0.0195,0.907
2.866654536,-0.0137,0.9100,-0.0247,0.910
2.867798421,-0.0139,0.9135,-0.0303,0.914
2.868821459,-0.0149,0.9152,-0.0342,0.916
2.869787575,-0.0178,0.9179,-0.0396,0.919
2.872045113,-0.0183,0.9181,-0.0428,0.919
2.873795382,-0.0205,0.9201,-0.0479,0.922
2.875843921,-0.0232,0.9254,-0.0530,0.927
2.885399113,-0.0249,0.9276,-0.0555,0.930
2.887097959,-0.0266,0.9301,-0.0606,0.932
2.888379036,-0.0269,0.9350,-0.0647,0.938
2.889261229,-0.0264,0.9362,-0.0650,0.939
2.890296036,-0.0269,0.9379,-0.0672,0.941
2.891426344,-0.0279,0.9403,-0.0691,0.943
2.892541652,-0.0279,0.9433,-0.0699,0.946
2.893591805,-0.0264,0.9464,-0.0708,0.949
2.894596652,-0.0254,0.9477,-0.0713,0.951
2.913001844,-0.0264,0.9501,-0.0706,0.953
2.914654305,-0.0261,0.9523,-0.0716,0.955
2.916169921,-0.0257,0.9528,-0.0713,0.956
2.917653305,-0.0237,0.9538,-0.0699,0.957
2.918943805,-0.0222,0.9543,-0.0694,0.957
2.920240075,-0.0217,0.9557,-0.0691,0.958
2.921240921,-0.0191,0.9562,-0.0665,0.959
2.92210269,-0.0161,0.9577,-0.0674,0.960
2.923310844,-0.0129,0.9604,-0.0650,0.963
2.924226998,-0.0117,0.9613,-0.0616,0.963
2.925226536,-0.0107,0.9618,-0.0591,0.964
2.926581267,-0.0071,0.9650,-0.0545,0.967
2.927971075,-0.0061,0.9665,-0.0530,0.968
2.929149267,-0.0042,0.9689,-0.0496,0.970
2.929935613,-0.0010,0.9733,-0.0447,0.974
2.931078036,0.0015,0.9758,-0.0425,0.977
2.932081036,0.0029,0.9806,-0.0386,0.981
2.933189382,0.0066,0.9836,-0.0347,0.984
2.933960305,0.0081,0.9868,-0.0330,0.987
2.935009229,0.0115,0.9921,-0.0288,0.993
2.936060421,0.0134,0.9946,-0.0274,0.995
2.937091075,0.0156,0.9992,-0.0264,1.000
2.94134219,0.0181,1.0048,-0.0247,1.005
2.943559729,0.0186,1.0083,-0.0252,1.009
2.945131459,0.0220,1.0134,-0.0247,1.014
2.946854113,0.0235,1.0183,-0.0264,1.019
2.947937998,0.0257,1.0217,-0.0257,1.022
2.949816882,0.0264,1.0290,-0.0247,1.030
2.950774652,0.0264,1.0322,-0.0235,1.033
2.952451382,0.0276,1.0400,-0.0239,1.041
2.954205152,0.0313,1.0454,-0.0237,1.046
2.956458536,0.0332,1.0488,-0.0254,1.050
2.958264767,0.0357,1.0591,-0.0237,1.060
2.963127344,0.0381,1.0674,-0.0242,1.068
2.963757267,0.0398,1.0720,-0.0227,1.073
2.964127767,0.0428,1.0818,-0.0213,1.083
2.966397459,0.0428,1.0872,-0.0213,1.088
2.968189805,0.0450,1.0977,-0.0183,1.099
2.970088036,0.0489,1.1072,-0.0171,1.108
2.972356344,0.0508,1.1123,-0.0161,1.114
2.974173382,0.0547,1.1221,-0.0166,1.124
2.993081267,0.0564,1.1277,-0.0159,1.129
2.994873305,0.0589,1.1399,-0.0125,1.142
2.996308767,0.0613,1.1499,-0.0112,1.152
2.997120652,0.0630,1.1541,-0.0125,1.156
2.998357152,0.0672,1.1644,-0.0134,1.166
2.999651575,0.0706,1.1756,-0.0178,1.178
3.00084819,0.0735,1.1807,-0.0186,1.183
3.00202519,0.0784,1.1895,-0.0217,1.192
3.002812075,0.0823,1.1932,-0.0237,1.196
3.003905613,0.0887,1.2020,-0.0288,1.206
3.004833421,0.0955,1.2074,-0.0347,1.212
3.005717844,0.0997,1.2110,-0.0381,1.216
3.006541882,0.1075,1.2191,-0.0440,1.225
3.007313228,0.1143,1.2225,-0.0515,1.229
3.008349767,0.1170,1.2306,-0.0562,1.237
3.009192267,0.1231,1.2364,-0.0665,1.244
3.010055113,0.1263,1.2394,-0.0713,1.248
3.011031113,0.1324,1.2457,-0.0799,1.255
3.012244267,0.1390,1.2513,-0.0892,1.262
3.014767036,0.1412,1.2540,-0.0938,1.265
3.016218882,0.1456,1.2592,-0.1024,1.272
3.017506228,0.1483,1.2623,-0.1073,1.276
3.01956719,0.1510,1.2665,-0.1156,1.281
3.021589844,0.1532,1.2699,-0.1234,1.285
3.023443921,0.1534,1.2723,-0.1266,1.288
3.025285882,0.1534,1.2758,-0.1336,1.292
3.028406959,0.1517,1.2780,-0.1385,1.294
3.029973998,0.1498,1.2787,-0.1402,1.295
3.031187728,0.1461,1.2792,-0.1441,1.296
3.032976613,0.1434,1.2785,-0.1446,1.295
3.034960998,0.1373,1.2782,-0.1432,1.294
3.037293075,0.1278,1.2758,-0.1402,1.290
3.039027652,0.1226,1.2750,-0.1378,1.288
3.040994075,0.1129,1.2714,-0.1319,1.283
3.042854113,0.0982,1.2667,-0.1226,1.276
3.046339344,0.0897,1.2658,-0.1182,1.274
3.046766459,0.0760,1.2587,-0.1099,1.266
3.048783267,0.0684,1.2545,-0.1055,1.261
3.050802228,0.0523,1.2494,-0.0948,1.254
3.052878844,0.0352,1.2435,-0.0838,1.247
3.054805959,0.0261,1.2401,-0.0796,1.243
3.05674869,0.0059,1.2364,-0.0665,1.238
3.058739959,-0.0144,1.2328,-0.0518,1.234
3.063929959,-0.0249,1.2306,-0.0454,1.232
3.064429998,-0.0440,1.2232,-0.0293,1.224
3.064671613,-0.0555,1.2196,-0.0149,1.221
3.070395267,-0.0603,1.2096,-0.0095,1.211
3.070768767,-0.0684,1.1986,-0.0076,1.201
3.071035459,-0.0721,1.1937,-0.0098,1.196
3.072701228,-0.0794,1.1824,-0.0210,1.185
3.074725805,-0.0855,1.1732,-0.0406,1.177
3.104166151,-0.0877,1.1702,-0.0525,1.175
3.105497767,-0.0936,1.1646,-0.0740,1.171
3.106409959,-0.0989,1.1627,-0.0919,1.170
3.10744719,-0.1007,1.1646,-0.0999,1.173
3.108461305,-0.1038,1.1666,-0.1060,1.176
3.109607228,-0.1080,1.1751,-0.1163,1.186
3.110711305,-0.1104,1.1812,-0.1190,1.192
3.111967344,-0.1126,1.1973,-0.1219,1.209
3.113034805,-0.1158,1.2162,-0.1222,1.228
3.113949805,-0.1146,1.2269,-0.1217,1.238
3.114637151,-0.1094,1.2479,-0.1185,1.258
3.115813575,-0.1011,1.2682,-0.1173,1.278
3.116583267,-0.0945,1.2789,-0.1158,1.288
3.117500767,-0.0796,1.2985,-0.1156,1.306
3.11825069,-0.0708,1.3066,-0.1153,1.314
3.118922267,-0.0545,1.3227,-0.1160,1.329
3.119993959,-0.0313,1.3349,-0.1163,1.340
3.120607459,-0.0183,1.3393,-0.1151,1.344
3.121550536,0.0103,1.3473,-0.1141,1.352
3.122276921,0.0420,1.3544,-0.1148,1.360
3.123006459,0.0579,1.3554,-0.1168,1.362
3.12501719,0.0926,1.3566,-0.1209,1.365
3.125813536,0.1097,1.3579,-0.1219,1.368
3.126878613,0.1434,1.3601,-0.1261,1.373
3.12854569,0.1769,1.3601,-0.1307,1.378
3.129718459,0.1923,1.3615,-0.1339,1.382
3.130594613,0.2233,1.3625,-0.1390,1.388
3.131735536,0.2519,1.3620,-0.1397,1.392
3.13216219,0.2648,1.3635,-0.1397,1.396
3.133899613,0.2890,1.3659,-0.1393,1.403
3.134981113,0.3010,1.3659,-0.1385,1.406
3.136999805,0.3235,1.3659,-0.1344,1.410
3.139083651,0.3445,1.3610,-0.1292,1.410
3.14091919,0.3552,1.3588,-0.1258,1.410
3.142895959,0.3745,1.3535,-0.1214,1.410
3.145388959,0.3914,1.3444,-0.1146,1.405
3.146616421,0.3994,1.3390,-0.1116,1.402
3.148822267,0.4141,1.3256,-0.1043,1.393
3.150557498,0.4197,1.3200,-0.1009,1.389
3.152558459,0.4241,1.3063,-0.0943,1.377
3.154485151,0.4248,1.2875,-0.0862,1.359
3.156542382,0.4236,1.2792,-0.0823,1.350
3.158334421,0.4192,1.2611,-0.0726,1.331
3.163977651,0.4121,1.2396,-0.0635,1.308
3.164464151,0.4070,1.2286,-0.0591,1.296
3.164702728,0.3968,1.2064,-0.0491,1.271
3.169378536,0.3916,1.1949,-0.0442,1.258
3.169747959,0.3777,1.1739,-0.0366,1.234
3.170418613,0.3638,1.1524,-0.0315,1.209
3.172625921,0.3572,1.1421,-0.0286,1.197
3.174042536,0.3391,1.1223,-0.0215,1.173
3.176211421,0.3222,1.1109,-0.0186,1.157
3.19044419,0.3156,1.0901,-0.0166,1.135
3.191622998,0.3061,1.0703,-0.0144,1.113
3.192736267,0.3017,1.0593,-0.0156,1.102
3.193765844,0.2915,1.0415,-0.0183,1.082
3.194834805,0.2812,1.0251,-0.0205,1.063
3.196136921,0.2751,1.0170,-0.0200,1.054
3.197201075,0.2682,0.9992,-0.0195,1.035
3.198335036,0.2658,0.9909,-0.0210,1.026
3.199527575,0.2587,0.9743,-0.0249,1.008
3.200326536,0.2577,0.9599,-0.0325,0.994
3.200968575,0.2573,0.9528,-0.0357,0.988
3.204281575,0.2558,0.9367,-0.0415,0.972
3.20534519,0.2504,0.9225,-0.0484,0.957
3.206214767,0.2480,0.9147,-0.0523,0.949
3.207114075,0.2443,0.8990,-0.0633,0.934
3.208271959,0.2426,0.8912,-0.0672,0.926
3.209932498,0.2414,0.8785,-0.0760,0.914
3.213476959,0.2365,0.8631,-0.0872,0.899
3.21490069,0.2331,0.8558,-0.0923,0.892
3.216086844,0.2292,0.8411,-0.1024,0.878
3.217594036,0.2277,0.8294,-0.1116,0.867
3.219613959,0.2301,0.8214,-0.1163,0.861
3.221406151,0.2343,0.8050,-0.1251,0.848
3.223193882,0.2372,0.7989,-0.1292,0.843
3.225534613,0.2394,0.7862,-0.1371,0.833
3.228447305,0.2394,0.7725,-0.1459,0.822
3.230382959,0.2402,0.7654,-0.1498,0.816
3.231212228,0.2438,0.7510,-0.1593,0.805
3.233234574,0.2460,0.7437,-0.1717,0.802
3.235261613,0.2458,0.7319,-0.1771,0.792
3.237420267,0.2470,0.7212,-0.1888,0.785
3.239188228,0.2472,0.7158,-0.1930,0.782
3.241692498,0.2446,0.7041,-0.1998,0.772
3.243201574,0.2389,0.6941,-0.2050,0.762
3.245797228,0.2375,0.6907,-0.2077,0.759
3.247438036,0.2365,0.6831,-0.2128,0.754
3.249028728,0.2306,0.6797,-0.2121,0.748
3.251070805,0.2274,0.6731,-0.2116,0.741
3.253220536,0.2223,0.6682,-0.2096,0.735
3.254999498,0.2199,0.6662,-0.2077,0.732
3.257161421,0.2179,0.6626,-0.2025,0.726
3.258906767,0.2157,0.6596,-0.1954,0.721
3.261773459,0.2128,0.6594,-0.1910,0.719
3.262766882,0.2091,0.6613,-0.1820,0.717
3.264766728,0.2052,0.6606,-0.1776,0.714
3.266859882,0.2030,0.6643,-0.1642,0.714
3.269021844,0.1979,0.6687,-0.1483,0.713
3.270678151,0.1947,0.6716,-0.1402,0.713
3.272831805,0.1930,0.6765,-0.1246,0.714
3.274636959,0.1920,0.6823,-0.1077,0.717
3.277096305,0.1913,0.6860,-0.1007,0.719
3.286259344,0.1932,0.6904,-0.0850,0.722
3.287323344,0.1969,0.6985,-0.0684,0.729
3.288171074,0.1986,0.7024,-0.0613,0.732
3.289023228,0.2023,0.7097,-0.0474,0.739
3.289764882,0.2060,0.7139,-0.0413,0.744
3.292432844,0.2069,0.7236,-0.0286,0.753
3.293437728,0.2108,0.7322,-0.0171,0.762
3.294330574,0.2128,0.7376,-0.0117,0.768
3.295249767,0.2179,0.7481,-0.0010,0.779
3.321473497,0.2216,0.7598,0.0086,0.791
3.322245344,0.2240,0.7659,0.0122,0.798
3.322618228,0.2287,0.7786,0.0213,0.812
3.322934074,0.2345,0.7850,0.0300,0.820
3.323212536,0.2362,0.7981,0.0318,0.833
3.32354619,0.2409,0.8135,0.0379,0.849
3.323785805,0.2436,0.8223,0.0403,0.859
3.324017921,0.2480,0.8365,0.0452,0.874
3.324270767,0.2524,0.8531,0.0474,0.891
3.324513036,0.2543,0.8631,0.0506,0.901
3.324777036,0.2568,0.8790,0.0569,0.918
3.325020113,0.2599,0.8973,0.0606,0.936
3.325245036,0.2614,0.9056,0.0625,0.945
3.325470305,0.2643,0.9232,0.0647,0.963
3.325707074,0.2653,0.9325,0.0660,0.972
3.331702151,0.2660,0.9504,0.0713,0.989
3.332311959,0.2648,0.9662,0.0760,1.005
3.332608228,0.2641,0.9736,0.0779,1.012
3.332894305,0.2617,0.9836,0.0794,1.021
3.334136151,0.2607,0.9968,0.0836,1.034
3.336308921,0.2602,1.0031,0.0853,1.040
3.338273767,0.2587,1.0131,0.0894,1.049
3.340610267,0.2560,1.0163,0.0906,1.052
3.342010382,0.2551,1.0236,0.0906,1.059
3.345462113,0.2526,1.0271,0.0899,1.061
3.346308805,0.2519,1.0273,0.0892,1.061
3.348111805,0.2489,1.0280,0.0860,1.061
3.349983959,0.2448,1.0268,0.0809,1.059
3.353274882,0.2431,1.0254,0.0792,1.057
3.354171074,0.2404,1.0202,0.0716,1.051
3.355921113,0.2372,1.0178,0.0672,1.047
3.357914459,0.2343,1.0090,0.0594,1.038
3.359692882,0.2294,1.0017,0.0503,1.029
3.362173805,0.2257,0.9965,0.0452,1.023
3.364171305,0.2169,0.9865,0.0354,1.011
3.365684305,0.2116,0.9794,0.0318,1.003
3.367640382,0.2089,0.9750,0.0281,0.998
3.369921805,0.2011,0.9660,0.0203,0.987
3.371569613,0.1967,0.9618,0.0166,0.982
3.37465419,0.1876,0.9516,0.0127,0.970
3.375802382,0.1771,0.9416,0.0071,0.958
3.383536151,0.1720,0.9359,0.0042,0.952
3.384445036,0.1627,0.9235,0.0012,0.938
3.384858267,0.1522,0.9110,-0.0066,0.924
3.385224574,0.1471,0.9042,-0.0083,0.916
3.39015019,0.1378,0.8900,-0.0098,0.901
3.39082369,0.1344,0.8829,-0.0090,0.893
3.391218921,0.1285,0.8692,-0.0066,0.879
3.391695536,0.1258,0.8573,0.0000,0.866
3.393638728,0.1258,0.8526,0.0032,0.862
3.422391728,0.1246,0.8409,0.0081,0.850
3.423500767,0.1241,0.8253,0.0088,0.835
3.423996997,0.1236,0.8170,0.0095,0.826
3.424423344,0.1202,0.8013,0.0107,0.810
3.424836151,0.1173,0.7935,0.0115,0.802
3.425240344,0.1141,0.7781,0.0115,0.787
3.425670036,0.1119,0.7635,0.0129,0.772
3.426056767,0.1109,0.7569,0.0129,0.765
3.426473767,0.1082,0.7444,0.0122,0.752
3.426879074,0.1046,0.7297,0.0122,0.737
3.42728119,0.1038,0.7224,0.0137,0.730
3.427750574,0.1016,0.7100,0.0139,0.717
3.428141305,0.1019,0.7046,0.0134,0.712
3.428528844,0.0980,0.6914,0.0122,0.698
3.428910767,0.0948,0.6787,0.0090,0.685
3.429287844,0.0948,0.6721,0.0046,0.679
3.429673305,0.0906,0.6608,0.0061,0.667
3.430076536,0.0901,0.6569,0.0105,0.663
3.436084036,0.0923,0.6489,0.0183,0.656
3.438016305,0.0921,0.6428,0.0213,0.650
3.440105344,0.0923,0.6393,0.0215,0.646
3.441392036,0.0928,0.6315,0.0235,0.639
3.443991805,0.0965,0.6232,0.0222,0.631
3.445529651,0.0985,0.6203,0.0217,0.628
3.447055459,0.1014,0.6149,0.0220,0.624
3.448350113,0.1038,0.6130,0.0217,0.622
3.44926542,0.1068,0.6083,0.0205,0.618
3.450263651,0.1116,0.6051,0.0181,0.616
3.451241344,0.1134,0.6039,0.0166,0.615
3.453929113,0.1178,0.6039,0.0134,0.615
3.455436574,0.1195,0.6042,0.0112,0.616
3.456565613,0.1214,0.6042,0.0100,0.616
3.457930267,0.1273,0.6049,0.0064,0.618
3.460109074,0.1290,0.6061,0.0042,0.620
3.463040997,0.1295,0.6098,0.0020,0.623
3.464639036,0.1324,0.6159,0.0017,0.630
3.465826267,0.1336,0.6200,0.0000,0.634
3.467820497,0.1366,0.6254,-0.0044,0.640
3.469778574,0.1412,0.6288,-0.0066,0.645
3.472077228,0.1432,0.6369,-0.0105,0.653
3.473809844,0.1473,0.6450,-0.0151,0.662
3.47591319,0.1488,0.6506,-0.0186,0.668
3.48744942,0.1522,0.6616,-0.0235,0.679
3.488282536,0.1546,0.6711,-0.0296,0.689
3.488721651,0.1566,0.6782,-0.0340,0.697
3.489140344,0.1630,0.6909,-0.0388,0.711
3.489586459,0.1659,0.7058,-0.0450,0.726
3.490002382,0.1686,0.7139,-0.0479,0.735
3.490425267,0.1749,0.7275,-0.0503,0.750
3.491546844,0.1783,0.7356,-0.0523,0.759
3.49346519,0.1864,0.7520,-0.0567,0.777
3.520041959,0.1947,0.7683,-0.0584,0.795
3.521704728,0.1989,0.7766,-0.0603,0.804
3.522611459,0.2060,0.7950,-0.0603,0.823
3.523746305,0.2123,0.8045,-0.0606,0.834
3.524824228,0.2162,0.8243,-0.0640,0.855
3.525895844,0.2265,0.8473,-0.0638,0.879
3.527092497,0.2306,0.8575,-0.0638,0.890
3.528115997,0.2387,0.8780,-0.0628,0.912
3.529243805,0.2460,0.8986,-0.0652,0.934
3.530134536,0.2502,0.9091,-0.0655,0.945
3.531180382,0.2585,0.9289,-0.0660,0.966
3.53209269,0.2673,0.9489,-0.0660,0.988
3.532806959,0.2719,0.9596,-0.0647,1.000
3.533656767,0.2810,0.9819,-0.0657,1.023
3.534345343,0.2851,0.9919,-0.0652,1.034
3.535149574,0.2954,1.0100,-0.0674,1.054
3.53601519,0.3039,1.0300,-0.0689,1.076
3.536752843,0.3083,1.0385,-0.0691,1.086
3.53762842,0.3159,1.0556,-0.0711,1.104
3.538338613,0.3240,1.0730,-0.0711,1.123
3.539236267,0.3286,1.0803,-0.0726,1.132
3.540178651,0.3347,1.0962,-0.0767,1.149
3.540966728,0.3381,1.1028,-0.0774,1.156
3.541809882,0.3457,1.1167,-0.0809,1.172
3.54438492,0.3513,1.1287,-0.0792,1.185
3.545965343,0.3535,1.1326,-0.0777,1.189
3.547555536,0.3582,1.1421,-0.0755,1.199
3.548720574,0.3667,1.1512,-0.0728,1.210
3.550771382,0.3689,1.1548,-0.0733,1.215
3.552771267,0.3748,1.1627,-0.0699,1.224
3.554675728,0.3792,1.1651,-0.0689,1.227
3.557054343,0.3801,1.1700,-0.0645,1.232
3.558568843,0.3804,1.1729,-0.0594,1.234
3.560703997,0.3809,1.1744,-0.0572,1.236
3.564327113,0.3794,1.1754,-0.0511,1.236
3.566177382,0.3750,1.1754,-0.0467,1.235
3.567702459,0.3723,1.1751,-0.0454,1.234
3.569015267,0.3662,1.1741,-0.0440,1.231
3.570459151,0.3579,1.1729,-0.0430,1.227
3.572640497,0.3530,1.1663,-0.0428,1.219
3.574475113,0.3467,1.1597,-0.0459,1.211
3.576641536,0.3442,1.1573,-0.0469,1.208
3.586949497,0.3369,1.1499,-0.0511,1.199
3.587901497,0.3276,1.1416,-0.0550,1.189
3.588478497,0.3240,1.1377,-0.0569,1.184
3.589026113,0.3137,1.1294,-0.0611,1.174
3.58935769,0.3042,1.1211,-0.0667,1.164
3.589679843,0.3005,1.1184,-0.0699,1.160
3.590050036,0.2917,1.1109,-0.0752,1.151
3.592366805,0.2878,1.1067,-0.0774,1.146
3.594085805,0.2800,1.0982,-0.0823,1.136
3.618259267,0.2746,1.0913,-0.0858,1.129
3.620093305,0.2724,1.0889,-0.0872,1.126
3.621206843,0.2678,1.0808,-0.0882,1.117
3.622414767,0.2634,1.0767,-0.0880,1.112
3.623685997,0.2604,1.0688,-0.0845,1.103
3.624598805,0.2592,1.0615,-0.0836,1.096
3.625825151,0.2587,1.0581,-0.0809,1.092
3.626998267,0.2573,1.0491,-0.0755,1.083
3.628255613,0.2568,1.0407,-0.0721,1.074
3.629489651,0.2570,1.0376,-0.0689,1.071
3.63037269,0.2553,1.0295,-0.0621,1.063
3.631567113,0.2548,1.0251,-0.0579,1.058
3.632400651,0.2551,1.0202,-0.0486,1.053
3.633161459,0.2531,1.0148,-0.0401,1.047
3.63403119,0.2524,1.0112,-0.0352,1.043
3.634662305,0.2507,1.0061,-0.0239,1.037
3.635644228,0.2460,0.9999,-0.0105,1.030
3.636378767,0.2448,0.9968,-0.0049,1.026
3.637529767,0.2416,0.9953,0.0059,1.024
3.638325536,0.2377,0.9929,0.0120,1.021
3.639087151,0.2353,0.9902,0.0227,1.018
3.640043497,0.2289,0.9885,0.0330,1.015
3.64081969,0.2277,0.9875,0.0384,1.014
3.641747805,0.2257,0.9875,0.0501,1.014
3.644270651,0.2209,0.9877,0.0589,1.014
3.645623651,0.2184,0.9880,0.0640,1.014
3.647226113,0.2152,0.9912,0.0728,1.017
3.649508843,0.2145,0.9914,0.0772,1.017
3.651053843,0.2113,0.9953,0.0858,1.021
3.653249113,0.2094,0.9963,0.0906,1.022
3.654971997,0.2079,0.9977,0.0948,1.024
3.657101766,0.2035,1.0019,0.1029,1.028
3.65907569,0.1991,1.0041,0.1063,1.029
3.66081569,0.1952,1.0095,0.1077,1.034
3.663334843,0.1935,1.0158,0.1094,1.040
3.665147843,0.1928,1.0192,0.1094,1.043
3.666858266,0.1918,1.0224,0.1073,1.046
3.668792074,0.1925,1.0268,0.1068,1.050
3.670669651,0.1932,1.0315,0.1043,1.055
3.672754766,0.1979,1.0407,0.1031,1.064
3.674712074,0.2008,1.0442,0.1016,1.068
3.677029536,0.2055,1.0508,0.0980,1.075
3.686091151,0.2086,1.0554,0.0941,1.080
3.687317651,0.2094,1.0581,0.0916,1.082
3.688171382,0.2125,1.0637,0.0845,1.088
3.688961074,0.2099,1.0696,0.0733,1.092
3.689732843,0.2072,1.0713,0.0667,1.093
3.691321805,0.1996,1.0781,0.0545,1.098
3.692324305,0.1957,1.0815,0.0486,1.100
3.693276036,0.1867,1.0886,0.0349,1.105
3.694328497,0.1752,1.0950,0.0203,1.109
3.719336382,0.1693,1.0989,0.0125,1.112
3.720897074,0.1603,1.1079,-0.0020,1.119
3.721820959,0.1564,1.1197,-0.0173,1.131
3.722725728,0.1554,1.1260,-0.0232,1.137
3.724138343,0.1537,1.1426,-0.0330,1.153
3.725214805,0.1549,1.1524,-0.0388,1.163
3.726212113,0.1593,1.1741,-0.0476,1.186
3.727275728,0.1691,1.1971,-0.0550,1.210
3.72837542,0.1739,1.2103,-0.0564,1.224
3.729408997,0.1857,1.2379,-0.0611,1.253
3.730342151,0.1976,1.2679,-0.0672,1.285
3.731094574,0.2062,1.2826,-0.0699,1.301
3.732284574,0.2187,1.3153,-0.0774,1.336
3.732980574,0.2253,1.3317,-0.0826,1.353
3.734008651,0.2409,1.3645,-0.0906,1.389
3.734756343,0.2558,1.3974,-0.1031,1.424
3.73555569,0.2577,1.4153,-0.1126,1.443
3.736381882,0.2707,1.4439,-0.1261,1.474
3.737132536,0.2976,1.4563,-0.1419,1.493
3.738098766,0.3073,1.4800,-0.1512,1.519
3.738821997,0.3200,1.5025,-0.1710,1.546
3.739794766,0.3305,1.5093,-0.1781,1.555
3.740723036,0.3476,1.5220,-0.1930,1.573
3.741703151,0.3626,1.5340,-0.2089,1.590
3.74409669,0.3713,1.5384,-0.2184,1.598
3.746992689,0.3865,1.5435,-0.2336,1.608
3.748641805,0.3958,1.5460,-0.2460,1.615
3.749785189,0.3980,1.5452,-0.2504,1.615
3.751714305,0.4012,1.5413,-0.2543,1.613
3.753732189,0.4014,1.5374,-0.2541,1.609
3.755684997,0.4012,1.5279,-0.2536,1.600
3.757427036,0.3968,1.5147,-0.2499,1.586
3.759476228,0.3941,1.5066,-0.2455,1.577
3.76174692,0.3882,1.4871,-0.2370,1.555
3.764579728,0.3762,1.4668,-0.2250,1.531
3.766211266,0.3689,1.4570,-0.2187,1.519
3.767487766,0.3545,1.4363,-0.2077,1.494
3.769621613,0.3464,1.4265,-0.2003,1.482
3.771661805,0.3291,1.4065,-0.1876,1.457
3.773630728,0.3095,1.3823,-0.1744,1.427
3.775474959,0.2998,1.3703,-0.1659,1.412
3.777664536,0.2817,1.3459,-0.1502,1.383
3.786817189,0.2631,1.3205,-0.1373,1.353
3.788330189,0.2543,1.3061,-0.1305,1.337
3.789483959,0.2338,1.2777,-0.1170,1.304
3.790503343,0.2152,1.2640,-0.1107,1.287
3.791633305,0.2064,1.2364,-0.0999,1.258
3.79258292,0.1874,1.2100,-0.0928,1.228
3.793685497,0.1771,1.1961,-0.0901,1.213
3.794548959,0.1566,1.1705,-0.0870,1.184
3.795612497,0.1353,1.1436,-0.0872,1.155
3.816809536,0.1231,1.1314,-0.0875,1.141
3.81855842,0.1014,1.1072,-0.0906,1.116
3.819961228,0.0814,1.0835,-0.0960,1.091
3.821050113,0.0713,1.0742,-0.0987,1.081
3.822100228,0.0491,1.0512,-0.1041,1.058
3.823413036,0.0388,1.0400,-0.1070,1.046
3.824772613,0.0203,1.0202,-0.1104,1.026
3.825621189,0.0012,0.9985,-0.1131,1.005
3.826514382,-0.0076,0.9875,-0.1148,0.994
3.827964343,-0.0200,0.9650,-0.1160,0.972
3.82914692,-0.0335,0.9403,-0.1178,0.948
3.830281997,-0.0393,0.9286,-0.1187,0.937
3.831530613,-0.0467,0.9076,-0.1195,0.917
3.832823305,-0.0542,0.8827,-0.1195,0.892
3.833711728,-0.0584,0.8719,-0.1202,0.882
3.834913882,-0.0660,0.8495,-0.1195,0.860
3.83682292,-0.0691,0.8363,-0.1182,0.847
3.837790151,-0.0767,0.8118,-0.1175,0.824
3.838962343,-0.0796,0.7920,-0.1143,0.804
3.840332228,-0.0821,0.7791,-0.1124,0.791
3.841510536,-0.0867,0.7569,-0.1090,0.770
3.842679882,-0.0911,0.7341,-0.1055,0.747
3.843841574,-0.0916,0.7239,-0.1026,0.737
3.844203305,-0.0911,0.7046,-0.0967,0.717
3.844498036,-0.0916,0.6938,-0.0938,0.706
3.846480574,-0.0899,0.6743,-0.0887,0.686
3.852116074,-0.0882,0.6579,-0.0833,0.669
3.852520189,-0.0858,0.6489,-0.0809,0.659
3.852783574,-0.0784,0.6342,-0.0750,0.643
3.854054228,-0.0733,0.6284,-0.0677,0.636
3.85620692,-0.0704,0.6171,-0.0643,0.624
3.85813092,-0.0625,0.6066,-0.0562,0.612
3.860078689,-0.0579,0.6025,-0.0535,0.608
3.862729382,-0.0506,0.5966,-0.0479,0.601
3.863999343,-0.0432,0.5937,-0.0415,0.597
3.866066266,-0.0401,0.5934,-0.0396,0.596
3.868063112,-0.0337,0.5932,-0.0347,0.595
3.869953612,-0.0269,0.5937,-0.0298,0.595
3.871961459,-0.0235,0.5954,-0.0281,0.596
3.874020382,-0.0166,0.6012,-0.0247,0.602
3.876120689,-0.0127,0.6037,-0.0237,0.604
3.878657112,-0.0088,0.6120,-0.0210,0.612
3.882842151,-0.0034,0.6188,-0.0195,0.619
3.883501497,-0.0010,0.6242,-0.0188,0.624
3.883899266,0.0046,0.6357,-0.0195,0.636
3.885727959,0.0078,0.6462,-0.0213,0.647
3.887777612,0.0105,0.6513,-0.0235,0.652
3.889708189,0.0156,0.6616,-0.0254,0.662
3.89161642,0.0173,0.6687,-0.0269,0.669
3.893690036,0.0230,0.6833,-0.0300,0.684
3.912468036,0.0283,0.6963,-0.0340,0.698
3.913411266,0.0313,0.7024,-0.0357,0.704
3.913720805,0.0362,0.7144,-0.0403,0.716
3.913991805,0.0388,0.7285,-0.0459,0.731
3.914218189,0.0418,0.7354,-0.0493,0.738
3.914459574,0.0467,0.7512,-0.0540,0.755
3.914694997,0.0535,0.7632,-0.0591,0.767
3.914932843,0.0547,0.7701,-0.0623,0.775
3.915170228,0.0574,0.7830,-0.0694,0.788
3.915432651,0.0599,0.7894,-0.0721,0.795
3.915664459,0.0635,0.8030,-0.0767,0.809
3.917421574,0.0662,0.8153,-0.0833,0.822
3.919472997,0.0682,0.8221,-0.0870,0.829
3.921590112,0.0713,0.8333,-0.0945,0.842
3.923276036,0.0757,0.8448,-0.1014,0.854
3.925523497,0.0779,0.8514,-0.1051,0.861
3.927464459,0.0804,0.8609,-0.1107,0.872
3.929787689,0.0816,0.8656,-0.1124,0.877
3.93180692,0.0843,0.8771,-0.1173,0.889
3.933357459,0.0882,0.8868,-0.1219,0.900
3.935213036,0.0894,0.8929,-0.1244,0.906
3.937364843,0.0926,0.9030,-0.1305,0.917
3.939424497,0.0950,0.9122,-0.1344,0.927
3.941141266,0.0963,0.9174,-0.1373,0.933
3.943126843,0.0982,0.9262,-0.1405,0.942
3.946380882,0.1002,0.9301,-0.1432,0.946
3.947159266,0.1014,0.9386,-0.1444,0.955
3.949277997,0.1041,0.9457,-0.1456,0.962
3.951204728,0.1053,0.9499,-0.1459,0.967
3.953460151,0.1046,0.9579,-0.1461,0.975
3.954846805,0.1051,0.9640,-0.1454,0.981
3.957033574,0.1065,0.9667,-0.1441,0.983
3.958799382,0.1107,0.9719,-0.1427,0.988
3.961102612,0.1116,0.9743,-0.1412,0.991
3.962770574,0.1112,0.9794,-0.1390,0.995
3.964851651,0.1102,0.9836,-0.1344,0.999
3.966676766,0.1109,0.9848,-0.1327,1.000
3.96879192,0.1109,0.9868,-0.1287,1.001
3.970527689,0.1119,0.9877,-0.1226,1.002
3.972877189,0.1126,0.9892,-0.1197,1.003
3.974575612,0.1141,0.9890,-0.1146,1.002
3.976880805,0.1146,0.9875,-0.1121,1.000
3.986812651,0.1168,0.9853,-0.1024,0.997
3.98805192,0.1170,0.9814,-0.0926,0.993
3.988835497,0.1182,0.9804,-0.0875,0.991
3.989495612,0.1200,0.9760,-0.0772,0.986
3.990498497,0.1204,0.9719,-0.0672,0.982
3.991452574,0.1207,0.9682,-0.0616,0.978
4.013418459,0.1229,0.9640,-0.0503,0.973
4.015096612,0.1248,0.9611,-0.0437,0.970
4.016497382,0.1256,0.9560,-0.0318,0.965
4.017802766,0.1268,0.9462,-0.0200,0.955
4.019599305,0.1295,0.9423,-0.0139,0.951
4.020894574,0.1297,0.9354,-0.0017,0.944
4.022155151,0.1324,0.9315,0.0076,0.941
4.023213189,0.1331,0.9247,0.0110,0.934
4.024655882,0.1314,0.9183,0.0178,0.928
4.026057843,0.1302,0.9144,0.0203,0.924
4.027303189,0.1273,0.9054,0.0242,0.915
4.028742843,0.1231,0.8973,0.0242,0.906
4.029955651,0.1204,0.8925,0.0244,0.901
4.031109766,0.1180,0.8841,0.0244,0.892
4.032404689,0.1124,0.8810,0.0215,0.888
4.033496689,0.1092,0.8727,0.0205,0.880
4.034508228,0.1016,0.8666,0.0164,0.873
4.035819612,0.0980,0.8656,0.0134,0.871
4.037251343,0.0901,0.8607,0.0061,0.865
4.038220651,0.0843,0.8563,-0.0005,0.860
4.039112382,0.0804,0.8548,-0.0056,0.859
4.042740651,0.0711,0.8514,-0.0173,0.855
4.044315689,0.0674,0.8490,-0.0213,0.852
4.044827035,0.0596,0.8463,-0.0318,0.849
4.045247728,0.0520,0.8421,-0.0440,0.845
4.045662497,0.0486,0.8419,-0.0486,0.845
4.046093959,0.0410,0.8409,-0.0616,0.844
4.046502343,0.0335,0.8411,-0.0748,0.845
4.046910112,0.0308,0.8419,-0.0806,0.846
4.049765766,0.0249,0.8399,-0.0887,0.845
4.050730843,0.0237,0.8392,-0.0936,0.845
4.051704689,0.0203,0.8385,-0.1036,0.845
4.053970112,0.0171,0.8377,-0.1124,0.845
4.055823228,0.0154,0.8377,-0.1163,0.846
4.057859343,0.0139,0.8392,-0.1226,0.848
4.061133651,0.0125,0.8380,-0.1283,0.848
4.061815997,0.0122,0.8367,-0.1285,0.847
4.066028535,0.0098,0.8360,-0.1324,0.846
4.067057959,0.0093,0.8363,-0.1349,0.847
4.067719612,0.0093,0.8363,-0.1390,0.848
4.069568228,0.0061,0.8348,-0.1407,0.847
4.071149843,0.0049,0.8338,-0.1427,0.846
4.07314142,0.0039,0.8316,-0.1451,0.844
4.075004612,0.0022,0.8319,-0.1446,0.844
4.077432882,0.0010,0.8311,-0.1451,0.844
4.085146882,0.0005,0.8304,-0.1446,0.843
4.086178882,-0.0034,0.8302,-0.1393,0.842
4.086638458,-0.0044,0.8299,-0.1375,0.841
4.087059189,-0.0054,0.8304,-0.1319,0.841
4.087614151,-0.0049,0.8319,-0.1300,0.842
4.089016112,-0.0037,0.8338,-0.1226,0.843
4.091219651,-0.0037,0.8358,-0.1151,0.844
4.092963112,-0.0034,0.8358,-0.1099,0.843
4.127482728,-0.0044,0.8389,-0.1011,0.845
4.128623843,-0.0042,0.8438,-0.0926,0.849
4.129248574,-0.0039,0.8458,-0.0880,0.850
4.129690266,-0.0029,0.8507,-0.0782,0.854
4.130208343,-0.0020,0.8534,-0.0704,0.856
4.130656612,-0.0017,0.8565,-0.0662,0.859
4.131128651,-0.0017,0.8609,-0.0574,0.863
4.131641035,-0.0012,0.8644,-0.0528,0.866
4.132028651,0.0010,0.8695,-0.0447,0.871
4.132381535,0.0002,0.8751,-0.0364,0.876
4.132746574,0.0007,0.8790,-0.0340,0.880
4.133104382,0.0012,0.8846,-0.0271,0.885
4.133434728,0.0027,0.8868,-0.0203,0.887
4.133772228,0.0029,0.8927,-0.0159,0.893
4.134093574,0.0051,0.8981,-0.0127,0.898
4.134445305,0.0046,0.9010,-0.0107,0.901
4.134757805,0.0020,0.9054,-0.0073,0.905
4.135078458,-0.0007,0.9103,-0.0073,0.910
4.135477305,-0.0020,0.9125,-0.0054,0.913
4.135856535,-0.0042,0.9198,-0.0039,0.920
4.136720766,-0.0024,0.9230,-0.0042,0.923
4.137255151,-0.0037,0.9274,-0.0061,0.927
4.138575035,-0.0044,0.9320,-0.0059,0.932
4.140623805,-0.0056,0.9333,-0.0061,0.933
4.142630535,-0.0066,0.9381,-0.0081,0.938
4.14422992,-0.0071,0.9440,-0.0103,0.944
4.148626997,-0.0081,0.9455,-0.0105,0.946
4.149155843,-0.0081,0.9489,-0.0129,0.949
4.150466805,-0.0076,0.9528,-0.0139,0.953
4.152766189,-0.0071,0.9543,-0.0139,0.954
4.154314574,-0.0071,0.9572,-0.0125,0.957
4.166907497,-0.0086,0.9587,-0.0129,0.959
4.167721189,-0.0100,0.9613,-0.0147,0.962
4.16799642,-0.0090,0.9650,-0.0156,0.965
4.16822942,-0.0086,0.9660,-0.0171,0.966
4.168460497,-0.0090,0.9684,-0.0213,0.969
4.168713843,-0.0093,0.9704,-0.0264,0.971
4.16897442,-0.0093,0.9721,-0.0291,0.973
4.169919189,-0.0107,0.9753,-0.0364,0.976
4.172074074,-0.0134,0.9765,-0.0398,0.977
4.173890074,-0.0171,0.9770,-0.0445,0.978
4.175969497,-0.0191,0.9765,-0.0542,0.978
4.177972458,-0.0203,0.9770,-0.0581,0.979
4.196684535,-0.0225,0.9789,-0.0665,0.981
4.197343535,-0.0293,0.9794,-0.0757,0.983
4.197695958,-0.0308,0.9804,-0.0799,0.984
4.197984343,-0.0349,0.9797,-0.0889,0.984
4.198219305,-0.0371,0.9797,-0.0931,0.985
4.198446881,-0.0388,0.9802,-0.1002,0.986
4.198678843,-0.0410,0.9806,-0.1097,0.988
4.198905035,-0.0432,0.9806,-0.1138,0.988
4.199138766,-0.0447,0.9792,-0.1202,0.988
4.199412266,-0.0469,0.9816,-0.1261,0.991
4.199648266,-0.0476,0.9826,-0.1292,0.992
4.201484458,-0.0474,0.9836,-0.1375,0.994
4.203384343,-0.0472,0.9843,-0.1407,0.995
4.205630881,-0.0450,0.9855,-0.1446,0.997
4.207256305,-0.0437,0.9902,-0.1478,1.002
4.209210189,-0.0442,0.9921,-0.1505,1.004
4.211148535,-0.0418,0.9955,-0.1537,1.008
4.213808651,-0.0388,1.0017,-0.1573,1.015
4.215534266,-0.0362,1.0041,-0.1581,1.017
4.217328189,-0.0352,1.0085,-0.1566,1.021
4.219298843,-0.0347,1.0117,-0.1566,1.024
4.221252881,-0.0310,1.0195,-0.1566,1.032
4.223260228,-0.0288,1.0256,-0.1532,1.037
4.225017074,-0.0286,1.0290,-0.1515,1.040
4.226919112,-0.0271,1.0356,-0.1490,1.047
4.230383881,-0.0217,1.0442,-0.1451,1.054
4.230944497,-0.0200,1.0486,-0.1439,1.059
4.234570189,-0.0161,1.0569,-0.1383,1.066
4.236167458,-0.0115,1.0608,-0.1356,1.069
4.237146535,-0.0088,1.0701,-0.1300,1.078
4.239073881,-0.0051,1.0779,-0.1231,1.085
4.241010843,-0.0032,1.0820,-0.1209,1.089
4.242849305,-0.0010,1.0920,-0.1146,1.098
4.245069881,-0.0017,1.1035,-0.1065,1.109
4.247302189,0.0005,1.1092,-0.1026,1.114
4.249010651,0.0034,1.1192,-0.0950,1.123
4.250965689,0.0056,1.1243,-0.0914,1.128
4.252920689,0.0098,1.1350,-0.0823,1.138
4.25474592,0.0125,1.1453,-0.0696,1.147
4.256728843,0.0154,1.1502,-0.0650,1.152
4.25870892,0.0173,1.1614,-0.0530,1.163
4.260684728,0.0210,1.1712,-0.0384,1.172
4.265681535,0.0232,1.1763,-0.0298,1.177
4.267121881,0.0252,1.1851,-0.0132,1.185
4.268309189,0.0298,1.1932,0.0022,1.194
4.269888651,0.0335,1.1961,0.0073,1.197
4.271013612,0.0388,1.2015,0.0144,1.202
4.272751997,0.0423,1.2037,0.0183,1.205
4.274687305,0.0496,1.2081,0.0208,1.209
4.276648843,0.0579,1.2115,0.0161,1.213
4.278744112,0.0625,1.2125,0.0112,1.214
4.292290689,0.0704,1.2149,0.0000,1.217
4.294105266,0.0757,1.2184,-0.0112,1.221
4.296216458,0.0772,1.2215,-0.0176,1.224
4.297091035,0.0816,1.2284,-0.0300,1.231
4.297751804,0.0843,1.2293,-0.0364,1.233
4.298467766,0.0831,1.2345,-0.0459,1.238
4.298956112,0.0840,1.2438,-0.0525,1.248
4.299476997,0.0855,1.2482,-0.0552,1.252
4.299922612,0.0872,1.2606,-0.0596,1.265
4.300374151,0.0923,1.2714,-0.0694,1.277
4.30089942,0.0933,1.2782,-0.0730,1.284
4.328641728,0.0987,1.2924,-0.0757,1.298
4.329538997,0.1031,1.3080,-0.0826,1.315
4.330040881,0.1063,1.3144,-0.0872,1.322
4.330473574,0.1102,1.3273,-0.1004,1.336
4.33088292,0.1121,1.3315,-0.1099,1.341
4.331304189,0.1197,1.3417,-0.1317,1.353
4.331811189,0.1248,1.3503,-0.1612,1.366
4.332206535,0.1273,1.3532,-0.1749,1.370
4.332635266,0.1331,1.3566,-0.2020,1.378
4.333044997,0.1390,1.3588,-0.2331,1.386
4.333447689,0.1432,1.3581,-0.2489,1.388
4.333848151,0.1515,1.3593,-0.2802,1.396
4.33423592,0.1546,1.3591,-0.2949,1.399
4.334629381,0.1605,1.3547,-0.3183,1.401
4.335025228,0.1676,1.3515,-0.3376,1.403
4.335509381,0.1713,1.3493,-0.3462,1.403
4.335922189,0.1813,1.3456,-0.3577,1.404
4.336324804,0.1867,1.3405,-0.3677,1.402
4.337841612,0.1896,1.3381,-0.3706,1.401
4.339785343,0.1964,1.3359,-0.3767,1.402
4.341695458,0.1998,1.3364,-0.3809,1.404
4.343792189,0.2064,1.3359,-0.3899,1.407
4.34566692,0.2123,1.3351,-0.3968,1.409
4.348265689,0.2165,1.3342,-0.4016,1.410
4.349400381,0.2260,1.3329,-0.4082,1.412
4.351335997,0.2314,1.3329,-0.4143,1.415
4.353585766,0.2331,1.3332,-0.4165,1.416
4.355543881,0.2355,1.3312,-0.4170,1.415
4.357726381,0.2362,1.3280,-0.4161,1.412
4.359541381,0.2392,1.3202,-0.4119,1.404
4.361519689,0.2399,1.3134,-0.4051,1.395
4.371797881,0.2404,1.3078,-0.3994,1.388
4.373285843,0.2436,1.2946,-0.3870,1.373
4.374375189,0.2463,1.2797,-0.3701,1.355
4.375652112,0.2475,1.2716,-0.3601,1.345
4.376726497,0.2516,1.2533,-0.3408,1.323
4.377818804,0.2543,1.2430,-0.3305,1.311
4.378754035,0.2617,1.2203,-0.3054,1.285
4.379916074,0.2690,1.1959,-0.2805,1.257
4.38092192,0.2719,1.1832,-0.2675,1.243
4.382041112,0.2785,1.1600,-0.2431,1.217
4.408809343,0.2836,1.1360,-0.2179,1.191
4.409453343,0.2868,1.1236,-0.2057,1.178
4.409713651,0.2927,1.0972,-0.1847,1.150
4.409953112,0.2959,1.0855,-0.1749,1.139
4.410180574,0.2988,1.0618,-0.1544,1.114
4.410408535,0.3017,1.0415,-0.1393,1.093
4.410646151,0.3029,1.0315,-0.1307,1.083
4.410884497,0.3027,1.0136,-0.1185,1.064
4.411116727,0.3029,0.9924,-0.1085,1.043
4.411351651,0.3012,0.9831,-0.1038,1.033
4.411637151,0.2956,0.9662,-0.0982,1.015
4.411898958,0.2910,0.9589,-0.0936,1.006
4.412135843,0.2897,0.9455,-0.0938,0.993
4.412353497,0.2875,0.9325,-0.0938,0.980
4.412570574,0.2868,0.9271,-0.0953,0.975
4.412811497,0.2871,0.9186,-0.0989,0.967
4.417268151,0.2885,0.9103,-0.1053,0.961
4.417853458,0.2888,0.9074,-0.1094,0.958
4.418536343,0.2880,0.9012,-0.1197,0.954
4.420806689,0.2907,0.8983,-0.1312,0.953
4.422646612,0.2919,0.8956,-0.1368,0.952
4.424745689,0.2954,0.8922,-0.1512,0.952
4.426706997,0.2966,0.8903,-0.1578,0.952
4.428576997,0.2939,0.8888,-0.1720,0.952
4.432055458,0.2888,0.8873,-0.1859,0.951
4.432652304,0.2871,0.8863,-0.1932,0.951
4.434838304,0.2836,0.8859,-0.2094,0.953
4.436642227,0.2836,0.8834,-0.2221,0.954
4.43836892,0.2829,0.8832,-0.2270,0.955
4.440544727,0.2788,0.8829,-0.2367,0.956
4.442675035,0.2719,0.8807,-0.2463,0.954
4.444332189,0.2675,0.8800,-0.2514,0.953
4.447955189,0.2560,0.8766,-0.2607,0.950
4.448522343,0.2487,0.8766,-0.2648,0.949
4.450764151,0.2355,0.8751,-0.2690,0.945
4.452409843,0.2223,0.8732,-0.2748,0.942
4.454401804,0.2160,0.8732,-0.2768,0.941
4.456371112,0.2038,0.8705,-0.2807,0.937
4.458326497,0.1930,0.8668,-0.2812,0.931
4.46078242,0.1871,0.8675,-0.2802,0.931
4.462614151,0.1737,0.8673,-0.2766,0.927
4.466061266,0.1639,0.8668,-0.2736,0.924
4.467553766,0.1586,0.8668,-0.2695,0.921
4.468633804,0.1485,0.8710,-0.2619,0.922
4.470270997,0.1441,0.8727,-0.2565,0.921
4.472311612,0.1353,0.8758,-0.2463,0.920
4.474271381,0.1280,0.8807,-0.2380,0.921
4.476259035,0.1261,0.8829,-0.2328,0.922
4.478212804,0.1217,0.8888,-0.2211,0.924
4.490283727,0.1170,0.8954,-0.2099,0.927
4.492192689,0.1153,0.8981,-0.2033,0.928
4.493479458,0.1136,0.9037,-0.1901,0.930
4.496115074,0.1129,0.9059,-0.1840,0.931
4.497574804,0.1129,0.9135,-0.1744,0.937
4.498820574,0.1131,0.9220,-0.1637,0.943
4.500694189,0.1134,0.9259,-0.1588,0.946
4.502053958,0.1134,0.9328,-0.1468,0.951
4.503605804,0.1136,0.9406,-0.1371,0.957
4.504119689,0.1138,0.9450,-0.1329,0.961
4.504364343,0.1158,0.9513,-0.1226,0.966
4.504616266,0.1200,0.9550,-0.1141,0.969
4.504864574,0.1209,0.9635,-0.1102,0.977
4.520028727,0.1217,0.9704,-0.1002,0.983
4.520652035,0.1226,0.9719,-0.0948,0.984
4.520912766,0.1256,0.9750,-0.0872,0.987
4.52116215,0.1283,0.9804,-0.0833,0.992
4.52139415,0.1300,0.9826,-0.0792,0.994
4.521636497,0.1314,0.9863,-0.0767,0.998
4.521870612,0.1334,0.9865,-0.0740,0.998
4.522104766,0.1349,0.9892,-0.0738,1.001
4.522340843,0.1349,0.9904,-0.0684,1.002
4.523478997,0.1356,0.9909,-0.0682,1.002
4.525495381,0.1375,0.9914,-0.0679,1.003
4.527419497,0.1400,0.9914,-0.0701,1.004
4.531098497,0.1412,0.9907,-0.0706,1.003
4.532610766,0.1422,0.9899,-0.0713,1.003
4.533380727,0.1415,0.9887,-0.0723,1.001
4.53527665,0.1419,0.9872,-0.0723,1.000
4.537260804,0.1429,0.9855,-0.0730,0.999
4.539220881,0.1441,0.9843,-0.0733,0.998
4.541162574,0.1444,0.9816,-0.0757,0.995
4.543037497,0.1446,0.9760,-0.0733,0.989
4.545293612,0.1446,0.9748,-0.0735,0.988
4.548053227,0.1449,0.9716,-0.0738,0.985
4.549101381,0.1412,0.9679,-0.0730,0.981
4.551349689,0.1393,0.9638,-0.0721,0.976
4.553077843,0.1373,0.9579,-0.0694,0.970
4.554951766,0.1378,0.9547,-0.0679,0.967
4.55702592,0.1388,0.9479,-0.0633,0.960
4.558942381,0.1366,0.9420,-0.0596,0.954
4.561057612,0.1349,0.9389,-0.0577,0.950
4.565986881,0.1334,0.9301,-0.0550,0.941
4.567152497,0.1324,0.9259,-0.0530,0.937
4.568126997,0.1314,0.9169,-0.0486,0.928
4.569072304,0.1300,0.9083,-0.0452,0.919
4.570984574,0.1280,0.9034,-0.0425,0.913
4.572912112,0.1244,0.8942,-0.0393,0.904
4.574856958,0.1214,0.8854,-0.0376,0.894
4.576923766,0.1195,0.8810,-0.0374,0.890
4.578847997,0.1175,0.8695,-0.0340,0.878
4.588869997,0.1126,0.8570,-0.0335,0.865
4.590374304,0.1114,0.8519,-0.0325,0.860
4.591254727,0.1082,0.8429,-0.0344,0.850
4.592199727,0.1048,0.8365,-0.0335,0.844
4.593376997,0.0997,0.8250,-0.0320,0.832
4.594298304,0.0960,0.8123,-0.0327,0.819
4.595252766,0.0943,0.8067,-0.0327,0.813
4.596465843,0.0921,0.7952,-0.0352,0.801
4.597316612,0.0926,0.7842,-0.0384,0.791
4.622551727,0.0928,0.7786,-0.0403,0.785
4.62322465,0.0936,0.7659,-0.0415,0.773
4.623580843,0.0943,0.7591,-0.0430,0.766
4.623840573,0.0985,0.7456,-0.0445,0.753
4.624090727,0.1026,0.7339,-0.0474,0.743
4.624364689,0.1046,0.7278,-0.0481,0.737
4.624620535,0.1068,0.7146,-0.0496,0.724
4.624881689,0.1070,0.7043,-0.0474,0.714
4.625134343,0.1090,0.6987,-0.0469,0.709
4.625368112,0.1143,0.6907,-0.0474,0.702
4.625929804,0.1151,0.6858,-0.0479,0.697
4.628524458,0.1178,0.6775,-0.0476,0.689
4.628810881,0.1202,0.6674,-0.0472,0.680
4.629039112,0.1214,0.6628,-0.0467,0.675
4.62925465,0.1244,0.6543,-0.0462,0.668
4.629486073,0.1297,0.6486,-0.0445,0.663
4.631587381,0.1322,0.6440,-0.0445,0.659
4.633546881,0.1349,0.6357,-0.0437,0.651
4.634007843,0.1373,0.6315,-0.0437,0.648
4.636088689,0.1412,0.6247,-0.0425,0.642
4.637823689,0.1449,0.6174,-0.0393,0.635
4.640032535,0.1451,0.6161,-0.0393,0.634
4.641877535,0.1476,0.6132,-0.0371,0.632
4.643950304,0.1517,0.6061,-0.0327,0.626
4.645663381,0.1542,0.6049,-0.0313,0.625
4.648112843,0.1586,0.6025,-0.0286,0.624
4.649940227,0.1634,0.6005,-0.0257,0.623
4.65188342,0.1656,0.5978,-0.0225,0.621
4.65377442,0.1691,0.5939,-0.0181,0.618
4.655695843,0.1713,0.5929,-0.0156,0.617
4.657671612,0.1739,0.5934,-0.0103,0.618
4.659760266,0.1759,0.5959,-0.0076,0.621
4.66170242,0.1776,0.5973,-0.0046,0.623
4.667069458,0.1815,0.6003,-0.0002,0.627
4.667752227,0.1830,0.6051,0.0066,0.632
4.668006189,0.1825,0.6091,0.0093,0.636
4.669745881,0.1854,0.6139,0.0137,0.641
4.671831997,0.1859,0.6171,0.0161,0.645
4.673446112,0.1852,0.6244,0.0203,0.652
4.67569892,0.1876,0.6325,0.0222,0.660
4.677714497,0.1881,0.6362,0.0227,0.664
4.679841535,0.1879,0.6459,0.0259,0.673
4.69389965,0.1876,0.6565,0.0274,0.683
4.695559843,0.1881,0.6616,0.0276,0.688
4.697029535,0.1886,0.6736,0.0274,0.700
4.69847692,0.1879,0.6797,0.0266,0.706
4.700236304,0.1879,0.6914,0.0271,0.717
4.701462266,0.1886,0.7038,0.0237,0.729
4.702730112,0.1908,0.7097,0.0227,0.735
4.704031458,0.1935,0.7234,0.0215,0.749
4.705013766,0.1947,0.7368,0.0193,0.762
4.706078073,0.1954,0.7449,0.0171,0.770
4.70707492,0.1972,0.7603,0.0112,0.786
4.708133573,0.2003,0.7671,0.0081,0.793
4.708979497,0.2025,0.7815,0.0056,0.807
4.709964343,0.2062,0.7979,0.0005,0.824
4.710909766,0.2081,0.8045,0.0000,0.831
4.71206392,0.2103,0.8211,-0.0015,0.848
4.713141958,0.2121,0.8353,-0.0042,0.862
4.716082343,0.2125,0.8429,-0.0049,0.869
4.717538189,0.2177,0.8575,-0.0076,0.885
4.719399573,0.2196,0.8756,-0.0078,0.903
4.723510112,0.2201,0.8837,-0.0078,0.911
4.724026573,0.2223,0.8986,-0.0098,0.926
4.725227304,0.2226,0.9064,-0.0105,0.933
4.72692815,0.2218,0.9215,-0.0105,0.948
4.728958304,0.2218,0.9364,-0.0122,0.962
4.732596843,0.2228,0.9442,-0.0117,0.970
4.736170573,0.2223,0.9591,-0.0105,0.985
4.736689381,0.2216,0.9660,-0.0090,0.991
4.737002843,0.2216,0.9780,-0.0095,1.003
4.738975996,0.2196,0.9904,-0.0098,1.015
4.740789996,0.2184,0.9963,-0.0095,1.020
4.743597073,0.2169,1.0083,-0.0083,1.031
4.744725227,0.2172,1.0188,-0.0076,1.042
4.746635766,0.2167,1.0234,-0.0071,1.046
4.750398804,0.2138,1.0307,-0.0073,1.053
4.750862843,0.2128,1.0349,-0.0059,1.057
4.752414689,0.2116,1.0444,-0.0054,1.066
4.754445689,0.2089,1.0495,-0.0039,1.070
4.756434227,0.2069,1.0508,-0.0059,1.071
4.75820365,0.2038,1.0539,-0.0093,1.073
4.760301035,0.2006,1.0591,-0.0107,1.078
4.762235304,0.1981,1.0603,-0.0125,1.079
4.766755881,0.1937,1.0588,-0.0188,1.077
4.767329189,0.1910,1.0583,-0.0210,1.076
4.76829092,0.1840,1.0571,-0.0286,1.073
4.770595227,0.1776,1.0547,-0.0366,1.070
4.77212615,0.1732,1.0534,-0.0420,1.068
4.774082804,0.1688,1.0483,-0.0508,1.063
4.776057727,0.1637,1.0437,-0.0616,1.058
4.778026304,0.1612,1.0412,-0.0674,1.056
4.79652415,0.1537,1.0361,-0.0787,1.050
4.797096766,0.1510,1.0332,-0.0836,1.047
4.797365727,0.1483,1.0258,-0.0950,1.041
4.797615766,0.1444,1.0183,-0.1063,1.034
4.797881689,0.1434,1.0151,-0.1116,1.031
4.798136227,0.1402,1.0083,-0.1219,1.025
4.798368996,0.1371,1.0031,-0.1309,1.021
4.79860165,0.1368,1.0002,-0.1356,1.019
4.798825881,0.1378,0.9931,-0.1390,1.012
4.799066035,0.1388,0.9887,-0.1419,1.008
4.799587458,0.1402,0.9826,-0.1466,1.003
4.801655266,0.1444,0.9775,-0.1505,0.999
4.803671381,0.1456,0.9753,-0.1510,0.998
4.805565458,0.1488,0.9709,-0.1502,0.994
4.807274573,0.1502,0.9694,-0.1495,0.992
4.809249266,0.1542,0.9655,-0.1483,0.989
4.811258958,0.1610,0.9628,-0.1427,0.987
4.814833112,0.1661,0.9613,-0.1415,0.986
4.815793458,0.1754,0.9594,-0.1346,0.985
4.817208958,0.1857,0.9569,-0.1256,0.983
4.819158266,0.1913,0.9565,-0.1226,0.983
4.821450189,0.2028,0.9567,-0.1151,0.985
4.823887189,0.2084,0.9582,-0.1114,0.987
4.82522065,0.2196,0.9584,-0.1038,0.989
4.827123189,0.2323,0.9609,-0.0955,0.993
4.829295496,0.2387,0.9618,-0.0914,0.995
4.831469689,0.2516,0.9660,-0.0840,1.002
4.833371689,0.2614,0.9726,-0.0726,1.010
4.835075035,0.2673,0.9743,-0.0660,1.012
4.837866073,0.2763,0.9777,-0.0530,1.017
4.838896766,0.2797,0.9792,-0.0476,1.019
4.841093266,0.2873,0.9875,-0.0362,1.029
4.843002343,0.2937,0.9955,-0.0274,1.038
4.845021804,0.2971,1.0007,-0.0227,1.044
4.846751073,0.3020,1.0105,-0.0149,1.055
4.849578073,0.3037,1.0212,-0.0044,1.065
4.851142535,0.3071,1.0280,0.0017,1.073
4.852897343,0.3122,1.0390,0.0176,1.085
4.858024573,0.3132,1.0505,0.0320,1.097
4.858274727,0.3149,1.0571,0.0393,1.104
4.858697573,0.3196,1.0703,0.0545,1.118
4.860680112,0.3225,1.0774,0.0630,1.126
4.862576535,0.3298,1.0903,0.0799,1.142
4.867498419,0.3352,1.1023,0.0977,1.156
4.868092458,0.3364,1.1087,0.1058,1.163
4.868639958,0.3379,1.1194,0.1197,1.175
4.870551381,0.3381,1.1297,0.1339,1.187
4.87382965,0.3367,1.1355,0.1402,1.193
4.874490573,0.3274,1.1456,0.1517,1.201
4.876583843,0.3152,1.1502,0.1622,1.204
4.878563881,0.3095,1.1624,0.1654,1.214
4.893973419,0.2978,1.1736,0.1703,1.223
4.894700843,0.2932,1.1778,0.1715,1.226
4.894958035,0.2812,1.1876,0.1691,1.232
4.895229073,0.2704,1.1969,0.1630,1.238
4.895531689,0.2639,1.2022,0.1578,1.241
4.895758573,0.2514,1.2140,0.1446,1.248
4.895986919,0.2414,1.2264,0.1280,1.256
4.896219458,0.2367,1.2325,0.1182,1.261
4.896485419,0.2296,1.2455,0.0994,1.270
4.903993958,0.2245,1.2530,0.0887,1.276
4.905406419,0.2165,1.2709,0.0699,1.291
4.906540881,0.2072,1.2887,0.0476,1.306
4.907918496,0.2023,1.2992,0.0369,1.315
4.909207727,0.1903,1.3232,0.0149,1.337
4.910510612,0.1791,1.3461,-0.0071,1.358
4.91188065,0.1757,1.3576,-0.0191,1.369
4.912828573,0.1688,1.3857,-0.0391,1.396
4.914320343,0.1654,1.3999,-0.0491,1.410
4.91767215,0.1620,1.4282,-0.0691,1.439
4.91976415,0.1615,1.4578,-0.0894,1.469
4.92124965,0.1615,1.4741,-0.0992,1.486
4.923044227,0.1654,1.5044,-0.1197,1.518
4.924317881,0.0831,1.5382,-0.1366,1.546
4.925961343,0.0545,1.6097,-0.1832,1.621
4.928054227,0.0579,1.6400,-0.2072,1.654
4.930199958,0.0730,1.6459,-0.2167,1.662
4.933260227,0.1136,1.6478,-0.2406,1.669
4.935575458,0.1625,1.6515,-0.2624,1.680
4.936809919,0.1920,1.6547,-0.2739,1.688
4.93799215,0.2555,1.6515,-0.2973,1.697
4.939939381,0.3110,1.6474,-0.3166,1.706
4.941636266,0.3376,1.6427,-0.3247,1.708
4.943677304,0.3848,1.6317,-0.3374,1.710
4.945681112,0.4058,1.6261,-0.3418,1.710
4.948575496,0.4356,1.6180,-0.3442,1.711
4.949802727,0.4591,1.6083,-0.3379,1.706
4.951530304,0.4698,1.6002,-0.3315,1.700
4.953393458,0.5008,1.5775,-0.3090,1.684
4.955593689,0.5045,1.5633,-0.2851,1.667
4.957582573,0.4906,1.5614,-0.2756,1.660
4.959222689,0.4483,1.5587,-0.2590,1.642
4.961343689,0.4244,1.5577,-0.2499,1.634
4.963504689,0.3762,1.5518,-0.2311,1.613
4.966282804,0.3337,1.5408,-0.2174,1.591
4.967518689,0.3142,1.5335,-0.2121,1.580
4.969363035,0.2790,1.5159,-0.1996,1.554
4.971150766,0.2450,1.4964,-0.1932,1.529
4.973239535,0.2301,1.4859,-0.1903,1.516
4.975032189,0.2030,1.4634,-0.1862,1.489
4.977236842,0.1896,1.4529,-0.1845,1.477
4.979181804,0.1634,1.4277,-0.1823,1.449
4.985110381,0.1380,1.4035,-0.1774,1.421
4.985769304,0.1266,1.3899,-0.1744,1.406
4.986026381,0.1036,1.3588,-0.1710,1.373
4.987071919,0.0931,1.3452,-0.1705,1.359
4.989101804,0.0728,1.3175,-0.1673,1.330
4.991159073,0.0537,1.2890,-0.1610,1.300
4.992796342,0.0452,1.2741,-0.1581,1.285
4.994907535,0.0291,1.2430,-0.1520,1.253
4.996886689,0.0169,1.2122,-0.1454,1.221
5.015548919,0.0107,1.1981,-0.1429,1.207
5.016474342,-0.0010,1.1683,-0.1361,1.176
5.016967189,-0.0083,1.1524,-0.1334,1.160
5.017389073,-0.0178,1.1211,-0.1275,1.128
5.017804496,-0.0259,1.0916,-0.1182,1.098
5.018174842,-0.0293,1.0764,-0.1138,1.083
5.018559727,-0.0374,1.0488,-0.1080,1.055
5.01950915,-0.0447,1.0192,-0.1011,1.025
5.019956573,-0.0489,1.0051,-0.0987,1.011
5.020369189,-0.0552,0.9765,-0.0923,0.982
5.020816266,-0.0618,0.9477,-0.0865,0.954
5.021244035,-0.0647,0.9342,-0.0850,0.940
5.023131458,-0.0689,0.9074,-0.0814,0.914
5.024893227,-0.0723,0.8944,-0.0806,0.901
5.026478996,-0.0770,0.8697,-0.0794,0.877
5.028511266,-0.0796,0.8443,-0.0794,0.852
5.032416227,-0.0809,0.8316,-0.0787,0.839
5.033279727,-0.0853,0.8099,-0.0806,0.818
5.034396535,-0.0919,0.7884,-0.0860,0.798
5.036449265,-0.0941,0.7784,-0.0875,0.789
5.038343535,-0.0992,0.7588,-0.0919,0.771
5.040938112,-0.1014,0.7490,-0.0943,0.762
5.042420304,-0.1038,0.7332,-0.0999,0.747
5.044283612,-0.1077,0.7175,-0.1070,0.733
5.046527304,-0.1090,0.7100,-0.1092,0.727
5.049018035,-0.1099,0.6968,-0.1151,0.715
5.052683727,-0.1092,0.6853,-0.1222,0.705
5.052971612,-0.1082,0.6789,-0.1258,0.699
5.054460765,-0.1036,0.6701,-0.1351,0.691
5.056152496,-0.0985,0.6613,-0.1415,0.683
5.058085765,-0.0943,0.6574,-0.1461,0.680
5.059917919,-0.0843,0.6496,-0.1544,0.673
5.062026612,-0.0796,0.6464,-0.1571,0.670
5.067874881,-0.0687,0.6396,-0.1622,0.663
5.068441304,-0.0569,0.6350,-0.1678,0.659
5.068698573,-0.0496,0.6323,-0.1717,0.657
5.070121035,-0.0359,0.6288,-0.1761,0.654
5.072059458,-0.0239,0.6259,-0.1805,0.652
5.074158765,-0.0176,0.6237,-0.1818,0.650
5.076085189,-0.0034,0.6235,-0.1825,0.650
5.07799665,0.0039,0.6227,-0.1832,0.649
5.080019881,0.0156,0.6235,-0.1827,0.650
5.098734765,0.0266,0.6237,-0.1783,0.649
5.099756458,0.0318,0.6240,-0.1764,0.649
5.100268842,0.0435,0.6262,-0.1722,0.651
5.100659073,0.0559,0.6306,-0.1671,0.655
5.101053612,0.0611,0.6318,-0.1639,0.656
5.101421881,0.0716,0.6367,-0.1588,0.660
5.101799804,0.0750,0.6396,-0.1561,0.663
5.102165381,0.0843,0.6457,-0.1512,0.669
5.102540996,0.0938,0.6521,-0.1461,0.675
5.102906727,0.0992,0.6572,-0.1434,0.680
5.103280419,0.1087,0.6667,-0.1363,0.689
5.103711996,0.1175,0.6772,-0.1312,0.700
5.105597842,0.1217,0.6821,-0.1285,0.705
5.107262419,0.1305,0.6909,-0.1234,0.714
5.109467419,0.1344,0.6975,-0.1212,0.721
5.111219573,0.1397,0.7109,-0.1197,0.734
5.113403342,0.1456,0.7246,-0.1182,0.748
5.115350496,0.1498,0.7317,-0.1182,0.756
5.117355419,0.1556,0.7459,-0.1148,0.771
5.119165458,0.1637,0.7615,-0.1131,0.787
5.121301458,0.1669,0.7691,-0.1129,0.795
5.123083458,0.1739,0.7847,-0.1131,0.812
5.125174765,0.1774,0.7928,-0.1134,0.820
5.126927112,0.1849,0.8084,-0.1141,0.837
5.129235419,0.1920,0.8233,-0.1163,0.853
5.132165765,0.1954,0.8319,-0.1185,0.863
5.135315573,0.2018,0.8477,-0.1224,0.880
5.135654804,0.2094,0.8551,-0.1278,0.890
5.136900342,0.2138,0.8692,-0.1300,0.905
5.138860381,0.2223,0.8841,-0.1339,0.921
5.140895612,0.2250,0.8915,-0.1346,0.929
5.143001727,0.2360,0.9061,-0.1375,0.946
5.144831342,0.2438,0.9218,-0.1422,0.964
5.146732112,0.2465,0.9284,-0.1437,0.971
5.148844881,0.2524,0.9423,-0.1461,0.986
5.150949688,0.2568,0.9484,-0.1476,0.994
5.152953996,0.2599,0.9606,-0.1483,1.006
5.154877842,0.2641,0.9728,-0.1517,1.019
5.156741073,0.2665,0.9777,-0.1532,1.025
5.158746688,0.2685,0.9875,-0.1559,1.035
5.160717496,0.2700,0.9963,-0.1559,1.044
5.162574265,0.2692,0.9999,-0.1578,1.048
5.166089765,0.2675,1.0053,-0.1615,1.053
5.166604035,0.2680,1.0085,-0.1637,1.056
5.169428342,0.2660,1.0122,-0.1634,1.059
5.170935842,0.2595,1.0173,-0.1639,1.063
5.172505304,0.2560,1.0192,-0.1652,1.064
5.174502381,0.2494,1.0217,-0.1652,1.065
5.176648342,0.2414,1.0224,-0.1634,1.063
5.178817304,0.2367,1.0207,-0.1615,1.060
5.18052065,0.2279,1.0185,-0.1593,1.056
5.184886765,0.2135,1.0175,-0.1556,1.051
5.185503804,0.2069,1.0151,-0.1527,1.047
5.186508496,0.1950,1.0117,-0.1502,1.041
5.188286419,0.1888,1.0087,-0.1461,1.037
5.190205304,0.1742,1.0036,-0.1375,1.028
5.19231165,0.1573,0.9992,-0.1290,1.020
5.194190304,0.1495,0.9965,-0.1241,1.015
5.196173188,0.1317,0.9890,-0.1129,1.004
5.213173458,0.1168,0.9841,-0.1073,0.997
5.213792919,0.1087,0.9745,-0.0967,0.985
5.214062573,0.0921,0.9657,-0.0855,0.974
5.214294919,0.0848,0.9601,-0.0787,0.967
5.214539765,0.0721,0.9504,-0.0643,0.955
5.214773496,0.0581,0.9389,-0.0496,0.942
5.215118073,0.0515,0.9333,-0.0428,0.936
5.215351727,0.0376,0.9218,-0.0298,0.923
5.218893188,0.0237,0.9096,-0.0156,0.910
5.219216612,0.0176,0.9047,-0.0093,0.905
5.219557612,0.0049,0.8929,0.0046,0.893
5.219815419,-0.0005,0.8866,0.0112,0.887
5.221696035,-0.0105,0.8732,0.0237,0.874
5.224030112,-0.0200,0.8622,0.0352,0.863
5.22594265,-0.0242,0.8560,0.0408,0.857
5.227599265,-0.0315,0.8448,0.0496,0.847
5.229765919,-0.0396,0.8326,0.0555,0.835
5.233778765,-0.0435,0.8260,0.0589,0.829
5.234397304,-0.0493,0.8174,0.0645,0.821
5.235717573,-0.0564,0.8128,0.0687,0.818
5.237717996,-0.0594,0.8038,0.0718,0.809
5.239855265,-0.0635,0.7947,0.0728,0.801
5.241492035,-0.0660,0.7896,0.0733,0.796
5.243505035,-0.0723,0.7810,0.0745,0.788
5.245465727,-0.0770,0.7732,0.0728,0.780
5.250023188,-0.0789,0.7698,0.0711,0.777
5.251015112,-0.0831,0.7642,0.0665,0.772
5.251822111,-0.0872,0.7571,0.0635,0.765
5.253575342,-0.0904,0.7537,0.0603,0.761
5.256580688,-0.0960,0.7483,0.0537,0.756
5.257362188,-0.0985,0.7464,0.0503,0.755
5.259531688,-0.1058,0.7434,0.0437,0.752
5.26130315,-0.1087,0.7390,0.0359,0.748
5.263684111,-0.1099,0.7376,0.0310,0.746
5.266828727,-0.1114,0.7346,0.0247,0.743
5.269020573,-0.1138,0.7339,0.0169,0.743
5.269615958,-0.1146,0.7327,0.0129,0.742
5.271748342,-0.1148,0.7312,0.0054,0.740
5.273627958,-0.1165,0.7319,0.0020,0.741
5.275430188,-0.1182,0.7317,-0.0034,0.741
5.277343958,-0.1204,0.7319,-0.0098,0.742
5.279284265,-0.1212,0.7334,-0.0132,0.743
5.287683881,-0.1231,0.7337,-0.0161,0.744
5.288659535,-0.1246,0.7361,-0.0200,0.747
5.289134073,-0.1253,0.7368,-0.0227,0.748
5.289557304,-0.1258,0.7385,-0.0249,0.750
5.289982227,-0.1263,0.7400,-0.0259,0.751
5.291472227,-0.1256,0.7424,-0.0271,0.753
5.293022458,-0.1248,0.7481,-0.0266,0.759
5.294913035,-0.1241,0.7500,-0.0271,0.761
5.29719115,-0.1214,0.7532,-0.0269,0.763
5.321640842,-0.1217,0.7564,-0.0279,0.767
5.323625035,-0.1212,0.7588,-0.0264,0.769
5.325018035,-0.1192,0.7630,-0.0259,0.773
5.326605688,-0.1185,0.7647,-0.0254,0.774
5.328187188,-0.1146,0.7676,-0.0259,0.777
5.329684842,-0.1104,0.7725,-0.0239,0.781
5.330866227,-0.1092,0.7757,-0.0230,0.784
5.332411535,-0.1075,0.7828,-0.0208,0.790
5.334005111,-0.1053,0.7864,-0.0195,0.794
5.335112919,-0.1036,0.7916,-0.0181,0.799
5.336603188,-0.0960,0.7977,-0.0147,0.804
5.337560458,-0.0941,0.8018,-0.0134,0.807
5.338588688,-0.0906,0.8099,-0.0095,0.815
5.339654458,-0.0870,0.8170,-0.0068,0.822
5.340814458,-0.0836,0.8211,-0.0061,0.825
5.341816496,-0.0767,0.8292,-0.0015,0.833
5.342827727,-0.0738,0.8333,0.0000,0.837
5.343954688,-0.0691,0.8411,0.0005,0.844
5.345051188,-0.0599,0.8512,0.0034,0.853
5.346105958,-0.0557,0.8548,0.0059,0.857
5.347148535,-0.0484,0.8600,0.0068,0.861
5.348376996,-0.0410,0.8695,0.0086,0.870
5.349506573,-0.0357,0.8739,0.0088,0.875
5.350695496,-0.0264,0.8812,0.0115,0.882
5.351851111,-0.0215,0.8846,0.0117,0.885
5.35251715,-0.0127,0.8942,0.0154,0.894
5.352955111,-0.0046,0.9025,0.0181,0.903
5.353377611,0.0002,0.9052,0.0181,0.905
5.353847381,0.0088,0.9127,0.0183,0.913
5.356327381,0.0176,0.9205,0.0191,0.921
5.357884381,0.0215,0.9247,0.0191,0.925
5.359890996,0.0271,0.9315,0.0186,0.932
5.361865804,0.0332,0.9396,0.0200,0.940
5.363960034,0.0357,0.9433,0.0205,0.944
5.369950727,0.0398,0.9511,0.0225,0.952
5.370853419,0.0406,0.9552,0.0230,0.956
5.371294034,0.0428,0.9613,0.0259,0.963
5.371923111,0.0437,0.9675,0.0276,0.969
5.373842458,0.0445,0.9692,0.0276,0.971
5.375781227,0.0437,0.9770,0.0286,0.978
5.377810073,0.0435,0.9826,0.0291,0.984
5.379769419,0.0442,0.9868,0.0288,0.988
5.403272381,0.0408,0.9946,0.0259,0.996
5.405158534,0.0379,1.0026,0.0261,1.004
5.406358765,0.0379,1.0056,0.0259,1.007
5.407822881,0.0357,1.0119,0.0249,1.013
5.409033419,0.0349,1.0148,0.0239,1.016
5.41092915,0.0352,1.0202,0.0235,1.021
5.412299573,0.0362,1.0246,0.0242,1.026
5.413517188,0.0359,1.0273,0.0249,1.028
5.415058458,0.0376,1.0312,0.0239,1.032
5.416384073,0.0374,1.0349,0.0178,1.036
5.417520611,0.0371,1.0366,0.0164,1.037
5.418380458,0.0369,1.0417,0.0139,1.042
5.419774265,0.0379,1.0432,0.0134,1.044
5.421273342,0.0384,1.0481,0.0149,1.049
5.422198034,0.0401,1.0515,0.0164,1.052
5.423197342,0.0413,1.0542,0.0161,1.055
5.424215765,0.0423,1.0574,0.0129,1.058
5.425346458,0.0437,1.0620,0.0103,1.063
5.426320381,0.0447,1.0637,0.0086,1.065
5.427600688,0.0496,1.0657,0.0078,1.067
5.428649881,0.0513,1.0674,0.0049,1.069
5.429707496,0.0540,1.0715,0.0027,1.073
5.431003188,0.0547,1.0745,0.0007,1.076
5.432110534,0.0562,1.0752,0.0007,1.077
5.432616765,0.0601,1.0771,0.0005,1.079
5.433043996,0.0630,1.0767,0.0000,1.079
5.433460727,0.0655,1.0771,-0.0005,1.079
5.43575665,0.0696,1.0771,-0.0029,1.079
5.437551727,0.0706,1.0764,-0.0046,1.079
5.439014304,0.0721,1.0784,-0.0088,1.081
5.441179804,0.0718,1.0789,-0.0125,1.081
5.442848534,0.0716,1.0786,-0.0156,1.081
5.445003304,0.0728,1.0796,-0.0242,1.082
5.446893265,0.0711,1.0823,-0.0357,1.085
5.450035765,0.0706,1.0833,-0.0428,1.086
5.450835958,0.0667,1.0859,-0.0591,1.090
5.453274458,0.0635,1.0884,-0.0750,1.093
5.454762304,0.0616,1.0908,-0.0801,1.095
5.456783073,0.0577,1.0942,-0.0941,1.100
5.458769573,0.0542,1.0962,-0.1014,1.102
5.460971342,0.0481,1.1021,-0.1124,1.109
5.462778111,0.0432,1.1067,-0.1231,1.114
5.464690419,0.0398,1.1096,-0.1278,1.118
5.466884419,0.0349,1.1140,-0.1371,1.123
5.468601419,0.0315,1.1165,-0.1444,1.126
5.470380381,0.0305,1.1211,-0.1473,1.131
5.472855265,0.0291,1.1255,-0.1532,1.136
5.474835727,0.0276,1.1272,-0.1539,1.138
5.476622034,0.0257,1.1319,-0.1549,1.143
5.478411611,0.0252,1.1360,-0.1537,1.147
5.480633111,0.0252,1.1385,-0.1532,1.149
5.492138227,0.0266,1.1441,-0.1480,1.154
5.49382765,0.0271,1.1482,-0.1383,1.157
5.495047996,0.0276,1.1495,-0.1336,1.158
5.496448534,0.0293,1.1519,-0.1229,1.159
5.497809881,0.0308,1.1536,-0.1156,1.160
5.499051419,0.0337,1.1565,-0.0987,1.161
5.500380111,0.0362,1.1590,-0.0816,1.162
5.501481957,0.0369,1.1602,-0.0740,1.163
5.502550573,0.0391,1.1622,-0.0584,1.164
5.504141111,0.0415,1.1678,-0.0440,1.169
5.504679227,0.0437,1.1700,-0.0369,1.171
5.505117727,0.0476,1.1736,-0.0213,1.175
5.526694804,0.0481,1.1761,-0.0147,1.177
5.52835715,0.0496,1.1822,-0.0046,1.183
5.529424419,0.0547,1.1871,0.0024,1.188
5.530660842,0.0577,1.1895,0.0034,1.191
5.532057765,0.0643,1.1954,0.0037,1.197
5.533129265,0.0730,1.2030,-0.0012,1.205
5.534311996,0.0789,1.2064,-0.0049,1.209
5.535553611,0.0880,1.2118,-0.0195,1.215
5.536761381,0.0914,1.2162,-0.0291,1.220
5.537780881,0.0970,1.2281,-0.0484,1.233
5.538804688,0.1002,1.2421,-0.0657,1.248
5.540188227,0.1011,1.2504,-0.0730,1.257
5.541338227,0.1043,1.2679,-0.0875,1.275
5.542633573,0.1002,1.2907,-0.0999,1.298
5.543979227,0.0970,1.3029,-0.1046,1.311
5.545119419,0.0948,1.3302,-0.1153,1.339
5.546379804,0.0919,1.3596,-0.1239,1.368
5.547670996,0.0911,1.3752,-0.1268,1.384
5.549123688,0.0909,1.4067,-0.1349,1.416
5.550556804,0.0916,1.4226,-0.1380,1.432
5.552151227,0.0958,1.4509,-0.1456,1.461
5.552688996,0.1024,1.4790,-0.1537,1.491
5.553144188,0.1063,1.4917,-0.1598,1.504
5.553567342,0.1185,1.5127,-0.1705,1.527
5.553981188,0.1327,1.5303,-0.1830,1.547
5.557384111,0.1415,1.5367,-0.1886,1.555
5.558437919,0.1615,1.5457,-0.2028,1.567
5.561519996,0.1815,1.5472,-0.2147,1.573
5.562227996,0.1945,1.5469,-0.2209,1.575
5.563670881,0.2162,1.5430,-0.2316,1.575
5.567937957,0.2274,1.5401,-0.2375,1.575
5.56889315,0.2504,1.5311,-0.2487,1.571
5.569677804,0.2702,1.5189,-0.2565,1.564
5.572486111,0.2790,1.5123,-0.2587,1.559
5.573808073,0.2963,1.4956,-0.2621,1.547
5.576010496,0.3120,1.4861,-0.2607,1.541
5.577461034,0.3161,1.4668,-0.2587,1.523
5.579610073,0.3252,1.4468,-0.2555,1.505
5.58138515,0.3274,1.4370,-0.2531,1.495
5.589219227,0.3320,1.4172,-0.2492,1.477
5.590178265,0.3313,1.3957,-0.2414,1.455
5.590622611,0.3325,1.3857,-0.2367,1.445
5.591062842,0.3340,1.3632,-0.2250,1.421
5.591602457,0.3340,1.3539,-0.2204,1.412
5.593160342,0.3332,1.3334,-0.2133,1.391
5.594903573,0.3330,1.3136,-0.2050,1.371
5.596763611,0.3308,1.3022,-0.2025,1.359
5.625752034,0.3293,1.2807,-0.1981,1.337
5.626805304,0.3305,1.2582,-0.1942,1.315
5.627257073,0.3301,1.2472,-0.1928,1.304
5.627969919,0.3281,1.2257,-0.1901,1.283
5.628382842,0.3269,1.2149,-0.1884,1.272
5.628795573,0.3252,1.1912,-0.1864,1.249
5.629213534,0.3227,1.1680,-0.1835,1.226
5.629635034,0.3227,1.1553,-0.1835,1.214
5.630049496,0.3225,1.1319,-0.1835,1.191
5.630469073,0.3244,1.1206,-0.1818,1.181
5.630891342,0.3237,1.0960,-0.1813,1.157
5.631291496,0.3222,1.0735,-0.1827,1.136
5.631769342,0.3220,1.0625,-0.1832,1.125
5.632163111,0.3215,1.0398,-0.1842,1.104
5.632571534,0.3203,1.0163,-0.1849,1.082
5.633017496,0.3196,1.0065,-0.1840,1.072
5.633276188,0.3188,0.9855,-0.1837,1.052
5.633503534,0.3198,0.9743,-0.1823,1.042
5.63770138,0.3203,0.9540,-0.1827,1.023
5.638358804,0.3174,0.9362,-0.1791,1.005
5.63864065,0.3161,0.9269,-0.1786,0.995
5.640107034,0.3127,0.9083,-0.1766,0.977
5.642255804,0.3064,0.8917,-0.1705,0.958
5.643965457,0.2998,0.8834,-0.1676,0.948
5.646104919,0.2907,0.8683,-0.1634,0.930
5.648417419,0.2883,0.8512,-0.1610,0.913
5.650643073,0.2873,0.8419,-0.1573,0.903
5.652019842,0.2844,0.8275,-0.1532,0.888
5.653985573,0.2822,0.8216,-0.1505,0.882
5.656187996,0.2790,0.8089,-0.1466,0.868
5.658051111,0.2763,0.7955,-0.1434,0.854
5.659779573,0.2746,0.7884,-0.1419,0.847
5.661787804,0.2707,0.7762,-0.1375,0.833
5.663741534,0.2670,0.7649,-0.1368,0.822
5.667010457,0.2658,0.7598,-0.1349,0.816
5.667869996,0.2614,0.7495,-0.1331,0.805
5.67064365,0.2597,0.7444,-0.1327,0.799
5.671899573,0.2582,0.7337,-0.1295,0.788
5.67373665,0.2555,0.7244,-0.1295,0.779
5.675815534,0.2543,0.7207,-0.1305,0.775
5.677813804,0.2492,0.7122,-0.1292,0.765
5.679792611,0.2448,0.7046,-0.1287,0.757
5.681934034,0.2411,0.7024,-0.1283,0.754
5.68616738,0.2353,0.6985,-0.1266,0.748
5.68674015,0.2309,0.6938,-0.1253,0.742
5.687584534,0.2272,0.6924,-0.1253,0.739
5.689578803,0.2182,0.6882,-0.1251,0.733
5.691507688,0.2147,0.6863,-0.1256,0.730
5.693260996,0.2077,0.6848,-0.1273,0.727
5.695327111,0.1996,0.6872,-0.1292,0.727
5.697730227,0.1952,0.6882,-0.1309,0.727
5.716548611,0.1845,0.6911,-0.1309,0.727
5.719087419,0.1747,0.6958,-0.1295,0.729
5.720332265,0.1703,0.6982,-0.1300,0.730
5.721466303,0.1603,0.7065,-0.1270,0.736
5.722571188,0.1578,0.7107,-0.1239,0.738
5.723870496,0.1507,0.7202,-0.1185,0.745
5.724950919,0.1461,0.7293,-0.1097,0.752
5.726037496,0.1446,0.7351,-0.1058,0.757
5.727120919,0.1419,0.7459,-0.0975,0.765
5.728148419,0.1432,0.7556,-0.0892,0.774
5.72914388,0.1441,0.7603,-0.0860,0.779
5.730133996,0.1483,0.7683,-0.0787,0.786
5.73121088,0.1502,0.7732,-0.0772,0.791
5.732392303,0.1564,0.7832,-0.0745,0.802
5.733536496,0.1644,0.7923,-0.0713,0.812
5.734600303,0.1676,0.7957,-0.0699,0.816
5.73575588,0.1752,0.8055,-0.0674,0.827
5.736589611,0.1837,0.8138,-0.0657,0.837
5.737646803,0.1888,0.8184,-0.0652,0.842
5.738691111,0.1989,0.8262,-0.0647,0.852
5.739848303,0.2038,0.8309,-0.0652,0.858
5.741647957,0.2128,0.8419,-0.0638,0.871
5.743248188,0.2218,0.8499,-0.0628,0.881
5.745062611,0.2255,0.8541,-0.0630,0.886
5.746932111,0.2350,0.8631,-0.0630,0.897
5.750479765,0.2460,0.8732,-0.0647,0.909
5.750981957,0.2504,0.8795,-0.0650,0.917
5.752853227,0.2590,0.8903,-0.0647,0.929
5.754782765,0.2612,0.8954,-0.0655,0.935
5.756747688,0.2653,0.9052,-0.0665,0.946
5.758628611,0.2709,0.9159,-0.0669,0.957
5.760857457,0.2739,0.9213,-0.0677,0.964
5.762359034,0.2800,0.9306,-0.0672,0.974
5.764438919,0.2856,0.9372,-0.0657,0.982
5.767250342,0.2878,0.9403,-0.0650,0.986
5.769053803,0.2919,0.9486,-0.0633,0.995
5.771195034,0.2944,0.9516,-0.0611,0.998
5.772415111,0.2937,0.9569,-0.0599,1.003
5.77462515,0.2941,0.9616,-0.0581,1.007
5.77665615,0.2946,0.9640,-0.0579,1.010
5.778299111,0.2919,0.9672,-0.0555,1.012
5.780407227,0.2875,0.9701,-0.0540,1.013
5.786696034,0.2849,0.9701,-0.0530,1.012
5.78752688,0.2788,0.9706,-0.0501,1.011
5.787852034,0.2753,0.9697,-0.0501,1.009
5.788159803,0.2682,0.9665,-0.0491,1.004
5.790360303,0.2621,0.9653,-0.0479,1.001
5.792395996,0.2577,0.9638,-0.0479,0.999
5.796129919,0.2487,0.9594,-0.0484,0.992
5.796463534,0.2404,0.9545,-0.0486,0.986
5.797938842,0.2370,0.9508,-0.0491,0.981
5.823225111,0.2289,0.9455,-0.0498,0.974
5.824295803,0.2235,0.9413,-0.0506,0.969
5.824742726,0.2145,0.9330,-0.0525,0.959
5.825008457,0.2084,0.9252,-0.0542,0.950
5.825245803,0.2040,0.9198,-0.0547,0.944
5.825476688,0.1959,0.9091,-0.0550,0.932
5.825704765,0.1891,0.8990,-0.0569,0.920
5.82594515,0.1862,0.8939,-0.0559,0.915
5.826180765,0.1815,0.8849,-0.0562,0.905
5.826419342,0.1796,0.8790,-0.0552,0.899
5.826644957,0.1739,0.8668,-0.0555,0.886
5.826875111,0.1698,0.8568,-0.0542,0.875
5.827084226,0.1671,0.8509,-0.0547,0.869
5.82731488,0.1610,0.8407,-0.0547,0.858
5.827604457,0.1510,0.8367,-0.0579,0.852
5.829496303,0.1476,0.8260,-0.0579,0.841
5.83139165,0.1405,0.8150,-0.0572,0.829
5.833460957,0.1385,0.8094,-0.0555,0.823
5.835230073,0.1415,0.7981,-0.0489,0.812
5.837361803,0.1437,0.7864,-0.0445,0.801
5.83935038,0.1429,0.7828,-0.0445,0.797
5.84120465,0.1422,0.7732,-0.0447,0.787
5.843317303,0.1407,0.7622,-0.0442,0.776
5.845263842,0.1393,0.7573,-0.0450,0.771
5.847205765,0.1361,0.7488,-0.0442,0.762
5.85157488,0.1358,0.7432,-0.0435,0.757
5.852178573,0.1339,0.7341,-0.0435,0.748
5.853128957,0.1322,0.7251,-0.0440,0.738
5.855184765,0.1317,0.7209,-0.0430,0.734
5.857059688,0.1317,0.7119,-0.0418,0.725
5.858933803,0.1305,0.7036,-0.0420,0.717
5.861053342,0.1283,0.6999,-0.0432,0.713
5.863051265,0.1234,0.6946,-0.0425,0.707
5.864769842,0.1214,0.6919,-0.0440,0.704
5.866991226,0.1192,0.6843,-0.0437,0.696
5.86912265,0.1231,0.6784,-0.0376,0.691
5.871273726,0.1270,0.6750,-0.0342,0.688
5.873172457,0.1349,0.6699,-0.0257,0.684
5.875021457,0.1417,0.6648,-0.0191,0.680
5.876841188,0.1437,0.6623,-0.0159,0.678
5.878825573,0.1488,0.6582,-0.0134,0.675
5.880806342,0.1498,0.6574,-0.0107,0.674
5.88619315,0.1480,0.6560,-0.0100,0.673
5.886770919,0.1485,0.6543,-0.0066,0.671
5.887065226,0.1483,0.6540,-0.0042,0.671
5.888684265,0.1476,0.6540,-0.0061,0.670
5.890594265,0.1463,0.6552,-0.0051,0.671
5.89257088,0.1451,0.6557,-0.0042,0.672
5.894886303,0.1449,0.6586,-0.0027,0.674
5.897144496,0.1459,0.6594,-0.0029,0.675
5.910932726,0.1454,0.6613,-0.0017,0.677
5.911601726,0.1454,0.6640,-0.0010,0.680
5.911862111,0.1466,0.6662,-0.0007,0.682
5.912099342,0.1471,0.6706,-0.0002,0.687
5.912345803,0.1471,0.6770,-0.0012,0.693
5.912569303,0.1471,0.6794,0.0000,0.695
5.914944765,0.1478,0.6863,0.0022,0.702
5.915287765,0.1483,0.6894,0.0032,0.705
5.915613803,0.1490,0.6951,0.0037,0.711
5.920935111,0.1517,0.7024,0.0044,0.719
5.921554765,0.1510,0.7065,0.0039,0.722
5.921803803,0.1510,0.7144,0.0027,0.730
5.922308265,0.1505,0.7222,0.0044,0.738
5.924067496,0.1512,0.7268,0.0044,0.742
5.926246957,0.1527,0.7346,0.0029,0.750
5.928406957,0.1534,0.7388,0.0044,0.755
5.929942726,0.1534,0.7468,0.0034,0.762
5.936307688,0.1537,0.7559,0.0054,0.771
5.937043611,0.1532,0.7605,0.0054,0.776
5.937323996,0.1520,0.7693,0.0049,0.784
5.938190073,0.1520,0.7786,0.0054,0.793
5.940420919,0.1529,0.7832,0.0059,0.798
5.942045226,0.1520,0.7920,0.0064,0.807
5.944130342,0.1510,0.7967,0.0061,0.811
5.946188188,0.1522,0.8062,0.0066,0.820
5.947823573,0.1529,0.8157,0.0068,0.830
5.950290688,0.1534,0.8211,0.0076,0.835
5.952757149,0.1534,0.8311,0.0083,0.845
5.953930496,0.1537,0.8392,0.0115,0.853
5.955840111,0.1532,0.8441,0.0120,0.858
5.957721419,0.1527,0.8551,0.0144,0.869
5.960072226,0.1520,0.8641,0.0147,0.877
5.961746149,0.1524,0.8675,0.0137,0.881
5.963804073,0.1534,0.8763,0.0088,0.890
5.966965342,0.1529,0.8812,0.0061,0.894
5.968339803,0.1529,0.8905,0.0061,0.904
5.969884457,0.1529,0.8988,0.0083,0.912
5.971744957,0.1542,0.9030,0.0095,0.916
5.97364488,0.1571,0.9110,0.0129,0.925
5.975573265,0.1583,0.9186,0.0144,0.932
5.977512342,0.1600,0.9230,0.0151,0.937
5.979388765,0.1608,0.9306,0.0191,0.945
5.981418611,0.1627,0.9340,0.0203,0.948
5.986936803,0.1681,0.9406,0.0244,0.956
5.987560226,0.1735,0.9455,0.0293,0.962
5.987820111,0.1781,0.9494,0.0300,0.966
5.989576419,0.1852,0.9552,0.0315,0.974
5.992305034,0.1910,0.9589,0.0330,0.978
5.993164226,0.1945,0.9613,0.0342,0.981
5.995276996,0.1986,0.9667,0.0364,0.988
5.997308226,0.2052,0.9684,0.0366,0.991
6.010716726,0.2096,0.9716,0.0396,0.995
6.011405957,0.2152,0.9738,0.0396,0.998
6.011680996,0.2174,0.9745,0.0393,0.999
6.011954726,0.2228,0.9772,0.0376,1.003
6.012206957,0.2292,0.9802,0.0342,1.007
6.012440842,0.2309,0.9816,0.0315,1.009
6.012671765,0.2311,0.9865,0.0247,1.014
6.015312072,0.2331,0.9907,0.0134,1.018
6.015745496,0.2336,0.9931,0.0064,1.020
6.021539149,0.2296,0.9965,-0.0064,1.023
6.022214611,0.2262,0.9992,-0.0137,1.025
6.022474226,0.2245,1.0058,-0.0269,1.031
6.022881726,0.2228,1.0117,-0.0406,1.037
6.025036919,0.2221,1.0161,-0.0459,1.041
6.026836303,0.2226,1.0246,-0.0525,1.050
6.028958342,0.2245,1.0317,-0.0567,1.057
6.030705457,0.2253,1.0346,-0.0599,1.061
6.03475838,0.2260,1.0420,-0.0645,1.068
6.036229419,0.2270,1.0451,-0.0665,1.072
6.037061842,0.2321,1.0508,-0.0665,1.078
6.03897588,0.2355,1.0561,-0.0643,1.084
6.040768534,0.2360,1.0591,-0.0628,1.087
6.042708649,0.2389,1.0664,-0.0608,1.095
6.044782842,0.2441,1.0708,-0.0537,1.100
6.046597149,0.2458,1.0732,-0.0506,1.102
6.048917303,0.2472,1.0776,-0.0430,1.106
6.051216534,0.2507,1.0850,-0.0362,1.114
6.052788919,0.2521,1.0872,-0.0313,1.116
6.054618572,0.2543,1.0908,-0.0230,1.120
6.056521572,0.2558,1.0930,-0.0193,1.123
6.058478034,0.2587,1.1008,-0.0105,1.131
6.060690688,0.2582,1.1065,-0.0032,1.136
6.062668611,0.2585,1.1096,0.0024,1.139
6.064874726,0.2604,1.1155,0.0112,1.146
6.06999288,0.2614,1.1189,0.0210,1.149
6.070590188,0.2607,1.1260,0.0257,1.156
6.070848803,0.2634,1.1353,0.0332,1.166
6.075577957,0.2648,1.1397,0.0366,1.171
6.076041457,0.2678,1.1456,0.0428,1.177
6.076355226,0.2724,1.1539,0.0459,1.186
6.078306496,0.2744,1.1583,0.0472,1.191
6.080658688,0.2775,1.1656,0.0493,1.199
6.082360265,0.2836,1.1766,0.0481,1.211
6.092855419,0.2849,1.1829,0.0484,1.218
6.093481765,0.2890,1.1900,0.0472,1.226
6.093748072,0.2922,1.1954,0.0442,1.231
6.093986419,0.2968,1.2061,0.0401,1.243
6.094240688,0.3010,1.2191,0.0337,1.256
6.094477726,0.3025,1.2230,0.0298,1.260
6.096049919,0.3088,1.2313,0.0264,1.270
6.098009996,0.3144,1.2389,0.0178,1.278
6.103242457,0.3178,1.2435,0.0134,1.284
6.103967419,0.3210,1.2508,0.0034,1.291
6.104291303,0.3230,1.2548,-0.0005,1.296
6.106121572,0.3276,1.2609,-0.0081,1.303
6.107962649,0.3330,1.2655,-0.0154,1.309
6.109673072,0.3342,1.2672,-0.0210,1.311
6.111640188,0.3345,1.2701,-0.0291,1.314
6.113573149,0.3320,1.2709,-0.0310,1.314
6.115700342,0.3318,1.2721,-0.0352,1.315
6.117598226,0.3308,1.2694,-0.0403,1.312
6.119676457,0.3283,1.2667,-0.0440,1.309
6.121725188,0.3230,1.2621,-0.0496,1.304
6.123720765,0.3137,1.2567,-0.0584,1.297
6.126012265,0.3064,1.2533,-0.0630,1.292
6.128027534,0.2902,1.2472,-0.0762,1.283
6.129528534,0.2812,1.2438,-0.0823,1.278
6.131414611,0.2612,1.2399,-0.0970,1.271
6.13510838,0.2421,1.2377,-0.1109,1.266
6.136542919,0.2323,1.2374,-0.1185,1.265
6.138816534,0.2140,1.2406,-0.1300,1.266
6.139532957,0.1984,1.2467,-0.1427,1.270
6.141620688,0.1920,1.2508,-0.1495,1.274
6.143206649,0.1840,1.2616,-0.1564,1.284
6.145201072,0.1818,1.2667,-0.1590,1.290
6.147566572,0.1783,1.2777,-0.1644,1.301
6.149259265,0.1791,1.2924,-0.1708,1.316
6.151131149,0.1818,1.3004,-0.1727,1.324
6.153108842,0.1871,1.3146,-0.1783,1.340
6.155168803,0.1986,1.3283,-0.1847,1.356
6.156964765,0.2062,1.3354,-0.1898,1.364
6.158859226,0.2257,1.3454,-0.2011,1.379
6.16107588,0.2384,1.3491,-0.2069,1.386
6.162885457,0.2673,1.3574,-0.2221,1.401
6.164875072,0.2961,1.3637,-0.2402,1.416
6.174746111,0.3110,1.3657,-0.2489,1.423
6.175985688,0.3398,1.3708,-0.2680,1.438
6.176799995,0.3665,1.3745,-0.2858,1.451
6.177587342,0.3804,1.3737,-0.2944,1.456
6.17917538,0.4031,1.3735,-0.3125,1.465
6.180475265,0.4241,1.3728,-0.3281,1.474
6.18163188,0.4324,1.3696,-0.3364,1.475
6.18284938,0.4473,1.3696,-0.3508,1.483
6.18602888,0.4529,1.3681,-0.3560,1.484
6.187657842,0.4581,1.3664,-0.3635,1.486
6.188147265,0.4598,1.3640,-0.3655,1.485
6.199525303,0.4581,1.3625,-0.3630,1.483
6.200143611,0.4515,1.3591,-0.3542,1.475
6.200400534,0.4415,1.3583,-0.3403,1.468
6.200633303,0.4358,1.3566,-0.3315,1.463
6.201285957,0.4185,1.3557,-0.3137,1.453
6.201545611,0.4090,1.3547,-0.3042,1.447
6.201784688,0.3860,1.3525,-0.2814,1.434
6.202534034,0.3618,1.3495,-0.2597,1.421
6.204267688,0.3498,1.3473,-0.2487,1.414
6.206570072,0.3257,1.3437,-0.2311,1.402
6.20845038,0.3012,1.3366,-0.2128,1.387
6.210664765,0.2897,1.3324,-0.2057,1.379
6.212518611,0.2663,1.3249,-0.1974,1.366
6.21442588,0.2548,1.3202,-0.1950,1.359
6.218128611,0.2301,1.3109,-0.1930,1.345
6.218624457,0.2069,1.2997,-0.1957,1.331
6.222233842,0.1952,1.2943,-0.1994,1.324
6.222526957,0.1735,1.2824,-0.2099,1.311
6.22446538,0.1498,1.2687,-0.2194,1.296
6.226482957,0.1388,1.2628,-0.2250,1.290
6.228240572,0.1182,1.2504,-0.2397,1.279
6.230115457,0.0970,1.2359,-0.2536,1.265
6.232459342,0.0872,1.2276,-0.2617,1.258
6.234324265,0.0684,1.2110,-0.2766,1.244
6.236354342,0.0591,1.2032,-0.2836,1.238
6.238300765,0.0459,1.1854,-0.2951,1.222
6.24020738,0.0337,1.1666,-0.3059,1.206
6.242083072,0.0281,1.1570,-0.3103,1.198
6.244104726,0.0176,1.1350,-0.3171,1.179
6.246081418,0.0090,1.1121,-0.3230,1.158
6.248149188,0.0061,1.1004,-0.3252,1.147
6.251276918,0.0022,1.0764,-0.3293,1.126
6.252676034,0.0000,1.0632,-0.3305,1.113
6.254125303,-0.0032,1.0381,-0.3315,1.090
6.257071803,-0.0027,1.0097,-0.3286,1.062
6.258171072,-0.0037,0.9953,-0.3286,1.048
6.259906688,-0.0039,0.9689,-0.3269,1.023
6.261741072,-0.0068,0.9401,-0.3230,0.994
6.264066726,-0.0073,0.9279,-0.3200,0.982
6.266044265,-0.0056,0.9012,-0.3125,0.954
6.269130918,-0.0039,0.8883,-0.3090,0.941
6.27065538,-0.0044,0.8602,-0.3005,0.911
6.272680034,-0.0029,0.8348,-0.2910,0.884
6.273849265,-0.0027,0.8231,-0.2866,0.872
6.275873918,-0.0020,0.7991,-0.2768,0.846
6.277755765,-0.0020,0.7762,-0.2648,0.820
6.27971938,-0.0012,0.7661,-0.2595,0.809
6.281762649,-0.0012,0.7459,-0.2492,0.786
6.292028495,-0.0012,0.7373,-0.2443,0.777
6.293588649,-0.0022,0.7192,-0.2340,0.756
6.29448838,-0.0029,0.7026,-0.2265,0.738
6.295866918,-0.0020,0.6953,-0.2216,0.730
6.296667072,0.0000,0.6806,-0.2147,0.714
6.299224842,0.0039,0.6660,-0.2096,0.698
6.299765149,0.0071,0.6606,-0.2052,0.692
6.300135649,0.0103,0.6494,-0.1996,0.679
6.300556803,0.0134,0.6437,-0.1974,0.673
6.323552649,0.0200,0.6323,-0.1930,0.661
6.325189765,0.0269,0.6230,-0.1886,0.651
6.32634338,0.0310,0.6188,-0.1854,0.647
6.327562803,0.0374,0.6125,-0.1820,0.640
6.328707726,0.0408,0.6088,-0.1808,0.636
6.329732072,0.0481,0.6049,-0.1761,0.632
6.331006957,0.0550,0.6022,-0.1737,0.629
6.332215918,0.0581,0.6027,-0.1715,0.629
6.333515265,0.0616,0.6027,-0.1676,0.629
6.33481238,0.0669,0.6042,-0.1659,0.630
6.336016572,0.0687,0.6054,-0.1649,0.631
6.337146611,0.0713,0.6095,-0.1627,0.635
6.338118034,0.0738,0.6122,-0.1617,0.638
6.339085495,0.0757,0.6166,-0.1600,0.642
6.340225226,0.0779,0.6230,-0.1590,0.648
6.341242111,0.0794,0.6259,-0.1590,0.651
6.342299918,0.0811,0.6325,-0.1551,0.656
6.343244688,0.0826,0.6376,-0.1539,0.661
6.344301188,0.0833,0.6481,-0.1510,0.671
6.345278457,0.0858,0.6601,-0.1476,0.682
6.346300457,0.0872,0.6657,-0.1463,0.687
6.347325418,0.0894,0.6770,-0.1434,0.698
6.348298072,0.0892,0.6936,-0.1407,0.713
6.348646841,0.0904,0.7016,-0.1407,0.721
6.348992341,0.0904,0.7163,-0.1393,0.735
6.351179111,0.0916,0.7239,-0.1400,0.743
6.352224303,0.0919,0.7407,-0.1422,0.760
6.354106803,0.0919,0.7583,-0.1424,0.777
6.356729149,0.0914,0.7669,-0.1437,0.786
6.358655034,0.0916,0.7850,-0.1471,0.804
6.360602341,0.0901,0.8023,-0.1522,0.822
6.362149495,0.0904,0.8104,-0.1549,0.830
6.364340649,0.0911,0.8284,-0.1612,0.849
6.365903303,0.0906,0.8375,-0.1654,0.858
6.370173688,0.0921,0.8546,-0.1732,0.877
6.371006303,0.0936,0.8722,-0.1857,0.897
6.372622226,0.0953,0.8815,-0.1928,0.907
6.373918226,0.0970,0.8973,-0.2028,0.925
6.376459534,0.0994,0.9130,-0.2143,0.943
6.378028803,0.1009,0.9210,-0.2204,0.952
6.379902649,0.1033,0.9372,-0.2348,0.972
6.381596188,0.1055,0.9447,-0.2409,0.981
6.389147611,0.1097,0.9589,-0.2536,0.998
6.390008188,0.1126,0.9692,-0.2670,1.012
6.390430534,0.1141,0.9750,-0.2731,1.019
6.390845111,0.1182,0.9863,-0.2851,1.033
6.392252226,0.1219,0.9968,-0.2959,1.047
6.394113111,0.1236,1.0009,-0.2995,1.052
6.395652765,0.1256,1.0097,-0.3083,1.063
6.397863918,0.1258,1.0131,-0.3117,1.067
6.399692726,0.1278,1.0212,-0.3186,1.077
6.422658765,0.1278,1.0266,-0.3240,1.084
6.424398534,0.1280,1.0280,-0.3240,1.085
6.425595495,0.1287,1.0310,-0.3242,1.088
6.426728688,0.1297,1.0315,-0.3232,1.089
6.428090803,0.1292,1.0319,-0.3213,1.089
6.429337072,0.1266,1.0295,-0.3176,1.085
6.430315841,0.1263,1.0285,-0.3147,1.083
6.431572572,0.1229,1.0239,-0.3064,1.076
6.432645418,0.1192,1.0200,-0.2981,1.069
6.43388788,0.1163,1.0170,-0.2922,1.065
6.435018572,0.1107,1.0092,-0.2788,1.053
6.436259149,0.1048,1.0009,-0.2665,1.041
6.437299649,0.1004,0.9965,-0.2612,1.035
6.43819238,0.0904,0.9868,-0.2458,1.021
6.439338726,0.0836,0.9789,-0.2301,1.009
6.440331688,0.0799,0.9723,-0.2218,1.001
6.441441495,0.0713,0.9604,-0.2052,0.985
6.442450341,0.0633,0.9552,-0.1869,0.975
6.443626457,0.0581,0.9428,-0.1779,0.961
6.44453188,0.0508,0.9301,-0.1615,0.945
6.445673149,0.0467,0.9220,-0.1515,0.936
6.446593726,0.0386,0.9110,-0.1358,0.922
6.447838688,0.0300,0.8964,-0.1195,0.905
6.448951803,0.0261,0.8898,-0.1119,0.897
6.450150841,0.0176,0.8780,-0.0977,0.884
6.454880264,0.0105,0.8663,-0.0816,0.870
6.455807649,0.0081,0.8607,-0.0745,0.864
6.456246303,0.0007,0.8477,-0.0623,0.850
6.456881726,-0.0027,0.8421,-0.0572,0.844
6.460748226,-0.0095,0.8321,-0.0486,0.834
6.461502803,-0.0137,0.8182,-0.0396,0.819
6.463551303,-0.0169,0.8138,-0.0374,0.815
6.465367649,-0.0217,0.8030,-0.0303,0.804
6.467092034,-0.0261,0.7935,-0.0264,0.794
6.470785726,-0.0269,0.7879,-0.0249,0.789
6.471760111,-0.0286,0.7779,-0.0215,0.779
6.473247918,-0.0296,0.7740,-0.0198,0.775
6.475174764,-0.0291,0.7657,-0.0186,0.766
6.476782418,-0.0293,0.7581,-0.0186,0.759
6.479064649,-0.0298,0.7547,-0.0181,0.755
6.480793726,-0.0308,0.7483,-0.0188,0.749
6.482473418,-0.0310,0.7415,-0.0198,0.742
6.491806841,-0.0291,0.7388,-0.0217,0.740
6.493212341,-0.0274,0.7366,-0.0232,0.737
6.493984226,-0.0264,0.7346,-0.0232,0.735
6.494901188,-0.0235,0.7310,-0.0249,0.732
6.495836649,-0.0235,0.7285,-0.0264,0.729
6.496952918,-0.0237,0.7271,-0.0279,0.728
6.500105918,-0.0200,0.7251,-0.0286,0.726
6.500957341,-0.0171,0.7227,-0.0310,0.724
6.501547341,-0.0151,0.7236,-0.0322,0.725
6.525373341,-0.0132,0.7231,-0.0349,0.724
6.526626149,-0.0112,0.7222,-0.0364,0.723
6.527264072,-0.0076,0.7253,-0.0403,0.727
6.527905611,-0.0042,0.7261,-0.0432,0.727
6.528472264,-0.0022,0.7258,-0.0459,0.727
6.528996995,0.0002,0.7275,-0.0486,0.729
6.52952788,0.0002,0.7290,-0.0515,0.731
6.530182303,0.0020,0.7300,-0.0518,0.732
6.530810341,0.0051,0.7322,-0.0523,0.734
6.531480149,0.0064,0.7349,-0.0528,0.737
6.532084918,0.0064,0.7388,-0.0557,0.741
6.532706226,0.0086,0.7444,-0.0623,0.747
6.533637457,0.0090,0.7468,-0.0674,0.750
6.534126572,0.0110,0.7527,-0.0718,0.756
6.534655457,0.0132,0.7561,-0.0735,0.760
6.535509918,0.0129,0.7625,-0.0735,0.766
6.53616938,0.0137,0.7705,-0.0730,0.774
6.538283264,0.0132,0.7737,-0.0730,0.777
6.538837149,0.0144,0.7793,-0.0738,0.783
6.541813649,0.0154,0.7867,-0.0748,0.790
6.542744764,0.0166,0.7894,-0.0743,0.793
6.544133457,0.0200,0.7942,-0.0728,0.798
6.545783995,0.0217,0.7999,-0.0711,0.803
6.54750938,0.0235,0.8023,-0.0706,0.806
6.549614995,0.0298,0.8072,-0.0718,0.811
6.553103687,0.0330,0.8089,-0.0757,0.813
6.556811149,0.0359,0.8138,-0.0765,0.818
6.557402072,0.0393,0.8177,-0.0772,0.822
6.558102303,0.0425,0.8199,-0.0784,0.825
6.559577149,0.0464,0.8253,-0.0779,0.830
6.561433649,0.0533,0.8289,-0.0755,0.834
6.563504226,0.0552,0.8309,-0.0743,0.836
6.565628687,0.0611,0.8321,-0.0716,0.837
6.572350995,0.0660,0.8358,-0.0708,0.841
6.573167457,0.0682,0.8375,-0.0691,0.843
6.573579457,0.0696,0.8414,-0.0696,0.847
6.573956226,0.0704,0.8441,-0.0706,0.850
6.578413149,0.0721,0.8497,-0.0728,0.856
6.579023841,0.0728,0.8536,-0.0782,0.860
6.57949588,0.0730,0.8563,-0.0796,0.863
6.581502841,0.0689,0.8604,-0.0836,0.867
6.583226572,0.0679,0.8661,-0.0919,0.874
6.604947226,0.0672,0.8695,-0.0950,0.877
6.606835457,0.0667,0.8771,-0.1007,0.885
6.607842149,0.0655,0.8795,-0.1026,0.888
6.609409187,0.0621,0.8839,-0.1058,0.892
6.610313418,0.0589,0.8893,-0.1102,0.898
6.611488995,0.0584,0.8900,-0.1104,0.899
6.612465149,0.0574,0.8954,-0.1097,0.904
6.613387572,0.0567,0.9000,-0.1092,0.908
6.614207572,0.0567,0.9015,-0.1094,0.910
6.615194187,0.0589,0.9071,-0.1070,0.915
6.616225726,0.0611,0.9086,-0.1055,0.917
6.617336649,0.0630,0.9122,-0.1048,0.920
6.618366764,0.0669,0.9157,-0.1031,0.924
6.619534264,0.0684,0.9166,-0.1031,0.925
6.620433341,0.0691,0.9186,-0.0999,0.927
6.621442187,0.0701,0.9203,-0.0967,0.928
6.622428687,0.0713,0.9210,-0.0941,0.929
6.623307534,0.0716,0.9225,-0.0906,0.930
6.624458687,0.0711,0.9230,-0.0899,0.930
6.627478341,0.0674,0.9223,-0.0870,0.929
6.628990995,0.0677,0.9223,-0.0833,0.928
6.62997438,0.0672,0.9227,-0.0811,0.929
6.631065034,0.0657,0.9215,-0.0782,0.927
6.632298264,0.0640,0.9205,-0.0718,0.926
6.633505457,0.0635,0.9203,-0.0689,0.925
6.634755572,0.0628,0.9203,-0.0665,0.925
6.636091149,0.0601,0.9193,-0.0630,0.923
6.637480187,0.0594,0.9193,-0.0601,0.923
6.639620072,0.0589,0.9205,-0.0547,0.924
6.641750072,0.0559,0.9196,-0.0513,0.923
6.643689187,0.0545,0.9198,-0.0496,0.923
6.645330457,0.0530,0.9215,-0.0474,0.924
6.647599341,0.0496,0.9242,-0.0432,0.927
6.649269764,0.0481,0.9262,-0.0430,0.928
6.652293034,0.0418,0.9298,-0.0371,0.932
6.653220687,0.0386,0.9315,-0.0359,0.933
6.655810995,0.0359,0.9362,-0.0315,0.937
6.657163034,0.0325,0.9413,-0.0293,0.942
6.65905661,0.0315,0.9440,-0.0283,0.945
6.661074303,0.0296,0.9494,-0.0283,0.950
6.66308761,0.0279,0.9528,-0.0269,0.954
6.66518338,0.0252,0.9584,-0.0286,0.959
6.667046995,0.0232,0.9631,-0.0281,0.964
6.669119457,0.0239,0.9657,-0.0283,0.966
6.671079534,0.0210,0.9726,-0.0276,0.973
6.673250995,0.0178,0.9811,-0.0279,0.982
6.67502388,0.0171,0.9853,-0.0291,0.986
6.676974034,0.0159,0.9914,-0.0296,0.992
6.678857918,0.0149,0.9955,-0.0298,0.996
6.680955072,0.0149,1.0034,-0.0293,1.004
6.68310188,0.0125,1.0105,-0.0330,1.011
6.68799611,0.0112,1.0141,-0.0349,1.015
6.688593187,0.0073,1.0212,-0.0364,1.022
6.689062841,0.0042,1.0280,-0.0376,1.029
6.696146303,0.0027,1.0317,-0.0388,1.032
6.696759264,0.0002,1.0405,-0.0418,1.041
6.697129918,-0.0017,1.0432,-0.0410,1.044
6.697419418,-0.0044,1.0495,-0.0413,1.050
6.698555649,-0.0076,1.0566,-0.0415,1.057
6.700687726,-0.0107,1.0608,-0.0428,1.062
6.713503149,-0.0161,1.0686,-0.0445,1.070
6.714148072,-0.0188,1.0767,-0.0486,1.078
6.714397918,-0.0203,1.0803,-0.0486,1.082
6.714648457,-0.0247,1.0884,-0.0496,1.090
6.714880418,-0.0310,1.0930,-0.0501,1.095
6.715111418,-0.0325,1.0991,-0.0520,1.101
6.715347534,-0.0359,1.1084,-0.0550,1.110
6.71652138,-0.0391,1.1135,-0.0552,1.116
6.723061918,-0.0435,1.1236,-0.0562,1.126
6.723728649,-0.0467,1.1341,-0.0545,1.136
6.724003072,-0.0476,1.1394,-0.0550,1.142
6.724445457,-0.0484,1.1504,-0.0545,1.153
6.72615788,-0.0481,1.1612,-0.0493,1.163
6.728357534,-0.0486,1.1666,-0.0474,1.169
6.730309341,-0.0506,1.1771,-0.0457,1.179
6.732539687,-0.0518,1.1829,-0.0425,1.185
6.737884918,-0.0518,1.1949,-0.0374,1.197
6.738493303,-0.0537,1.2071,-0.0330,1.209
6.738766572,-0.0537,1.2137,-0.0298,1.215
6.74015588,-0.0513,1.2264,-0.0257,1.228
6.742212957,-0.0503,1.2389,-0.0230,1.240
6.744274534,-0.0503,1.2443,-0.0208,1.245
6.745973803,-0.0501,1.2557,-0.0173,1.257
6.748058495,-0.0496,1.2606,-0.0156,1.262
6.749807841,-0.0486,1.2738,-0.0132,1.275
6.75375411,-0.0464,1.2858,-0.0112,1.287
6.754386187,-0.0462,1.2914,-0.0117,1.292
6.756063303,-0.0442,1.3012,-0.0117,1.302
6.75773361,-0.0403,1.3087,-0.0120,1.309
6.759883726,-0.0388,1.3122,-0.0117,1.313
6.761880341,-0.0354,1.3193,-0.0132,1.320
6.763986649,-0.0308,1.3212,-0.0134,1.322
6.765910841,-0.0274,1.3239,-0.0164,1.324
6.76916911,-0.0205,1.3276,-0.0198,1.328
6.77048288,-0.0183,1.3290,-0.0217,1.329
6.771616418,-0.0122,1.3307,-0.0239,1.331
6.773753687,-0.0056,1.3310,-0.0269,1.331
6.775620226,-0.0020,1.3307,-0.0293,1.331
6.777576226,0.0059,1.3290,-0.0337,1.329
6.77959238,0.0142,1.3271,-0.0386,1.328
6.78142388,0.0186,1.3256,-0.0403,1.326
6.783793764,0.0254,1.3215,-0.0459,1.322
6.793754918,0.0298,1.3190,-0.0501,1.320
6.79560038,0.0391,1.3129,-0.0594,1.315
6.796717764,0.0474,1.3066,-0.0691,1.309
6.797902457,0.0503,1.3036,-0.0750,1.307
6.79890838,0.0564,1.2973,-0.0867,1.301
6.800100841,0.0586,1.2948,-0.0945,1.300
6.801384457,0.0635,1.2909,-0.1097,1.297
6.802273764,0.0662,1.2894,-0.1261,1.297
6.822961726,0.0682,1.2880,-0.1341,1.297
6.824943957,0.0708,1.2880,-0.1471,1.298
6.826386457,0.0706,1.2907,-0.1593,1.302
6.82815488,0.0711,1.2924,-0.1652,1.305
6.830961495,0.0691,1.2956,-0.1739,1.309
6.832094149,0.0721,1.2973,-0.1854,1.312
6.833145495,0.0755,1.3019,-0.1901,1.318
6.835613187,0.0789,1.3070,-0.1984,1.324
6.83730638,0.0811,1.3097,-0.2033,1.328
6.838383803,0.0911,1.3163,-0.2135,1.337
6.839467457,0.1014,1.3215,-0.2213,1.344
6.840541995,0.1070,1.3246,-0.2270,1.348
6.84152311,0.1209,1.3327,-0.2365,1.359
6.842562995,0.1275,1.3356,-0.2404,1.363
6.843631957,0.1432,1.3398,-0.2516,1.371
6.844703995,0.1581,1.3473,-0.2592,1.381
6.845651264,0.1652,1.3503,-0.2626,1.385
6.846652187,0.1820,1.3574,-0.2700,1.396
6.84768011,0.1972,1.3637,-0.2800,1.406
6.848823341,0.2047,1.3671,-0.2851,1.411
6.849960149,0.2177,1.3752,-0.2902,1.422
6.851066457,0.2243,1.3791,-0.2924,1.428
6.85194261,0.2360,1.3879,-0.2951,1.438
6.852232187,0.2455,1.3967,-0.2983,1.449
6.852487341,0.2482,1.4009,-0.3000,1.454
6.852723072,0.2555,1.4116,-0.3022,1.466
6.852961649,0.2641,1.4219,-0.2995,1.477
6.854677149,0.2687,1.4280,-0.2983,1.483
6.856331149,0.2741,1.4377,-0.2944,1.493
6.858270418,0.2785,1.4412,-0.2922,1.497
6.860618533,0.2866,1.4482,-0.2856,1.504
6.86221761,0.2961,1.4548,-0.2775,1.510
6.864489495,0.3010,1.4580,-0.2729,1.514
6.866265303,0.3105,1.4600,-0.2631,1.516
6.869454495,0.3210,1.4570,-0.2546,1.514
6.870331072,0.3261,1.4544,-0.2497,1.511
6.872209149,0.3369,1.4468,-0.2362,1.504
6.873975264,0.3413,1.4402,-0.2299,1.498
6.87632288,0.3498,1.4255,-0.2213,1.484
6.878086303,0.3569,1.4060,-0.2096,1.466
6.880112264,0.3606,1.3947,-0.2064,1.455
6.882068572,0.3667,1.3725,-0.2008,1.435
6.884026072,0.3735,1.3478,-0.1981,1.413
6.88868238,0.3777,1.3344,-0.1967,1.401
6.889265649,0.3833,1.3058,-0.1969,1.375
6.892794726,0.3880,1.2914,-0.1972,1.363
6.89322611,0.3970,1.2633,-0.1989,1.339
6.893834649,0.4051,1.2369,-0.2060,1.318
6.895789303,0.4087,1.2237,-0.2089,1.307
6.89812288,0.4131,1.1983,-0.2172,1.286
6.899821418,0.4197,1.1739,-0.2262,1.267
6.914702264,0.4212,1.1624,-0.2318,1.258
6.916925264,0.4241,1.1390,-0.2426,1.239
6.918495533,0.4261,1.1275,-0.2524,1.231
6.921123764,0.4261,1.1077,-0.2585,1.215
6.922829072,0.4270,1.0877,-0.2702,1.199
6.924228764,0.4246,1.0776,-0.2744,1.190
6.925514303,0.4202,1.0578,-0.2844,1.173
6.92681111,0.4134,1.0381,-0.2919,1.155
6.928124533,0.4085,1.0280,-0.2946,1.145
6.92932488,0.3990,1.0097,-0.3005,1.126
6.930452033,0.3867,0.9921,-0.3015,1.107
6.932021341,0.3801,0.9809,-0.3015,1.094
6.93309211,0.3689,0.9613,-0.2998,1.072
6.93454661,0.3567,0.9518,-0.2946,1.058
6.935647995,0.3496,0.9308,-0.2910,1.036
6.936172418,0.3349,0.9105,-0.2858,1.011
6.936428726,0.3286,0.9012,-0.2817,1.000
6.938611956,0.3159,0.8790,-0.2704,0.972
6.939087033,0.3064,0.8578,-0.2585,0.947
6.939559187,0.3022,0.8468,-0.2524,0.934
6.94156811,0.2946,0.8280,-0.2397,0.911
6.94346988,0.2893,0.8050,-0.2265,0.885
6.945343687,0.2856,0.7933,-0.2187,0.871
6.947425303,0.2780,0.7730,-0.2025,0.846
6.949317726,0.2761,0.7642,-0.1952,0.836
6.952728187,0.2744,0.7420,-0.1813,0.812
6.953894687,0.2736,0.7251,-0.1647,0.792
6.955184956,0.2729,0.7146,-0.1564,0.781
6.957053033,0.2712,0.6970,-0.1393,0.761
6.959077187,0.2712,0.6797,-0.1231,0.742
6.961039726,0.2700,0.6723,-0.1141,0.733
6.962957072,0.2692,0.6579,-0.0972,0.717
6.964996572,0.2675,0.6513,-0.0889,0.710
6.967183649,0.2651,0.6418,-0.0716,0.698
6.971099495,0.2597,0.6347,-0.0569,0.688
6.971744726,0.2548,0.6325,-0.0501,0.684
6.97299061,0.2460,0.6269,-0.0354,0.674
6.97596211,0.2370,0.6254,-0.0208,0.669
6.976946918,0.2316,0.6257,-0.0139,0.667
6.978893572,0.2177,0.6286,0.0005,0.665
6.980854649,0.2106,0.6308,0.0071,0.665
6.982757995,0.1950,0.6381,0.0203,0.668
6.988822033,0.1818,0.6440,0.0344,0.670
6.98943861,0.1749,0.6474,0.0403,0.672
6.989696956,0.1661,0.6547,0.0528,0.678
6.990645687,0.1608,0.6652,0.0611,0.687
6.994825379,0.1581,0.6701,0.0657,0.692
6.99521261,0.1559,0.6816,0.0735,0.703
6.996640341,0.1559,0.6877,0.0770,0.709
6.998583149,0.1576,0.6990,0.0823,0.721
7.000618264,0.1588,0.7117,0.0867,0.734
7.022888995,0.1598,0.7192,0.0872,0.742
7.023603879,0.1625,0.7329,0.0894,0.756
7.023881418,0.1639,0.7385,0.0901,0.762
7.024119149,0.1656,0.7544,0.0911,0.778
7.024367303,0.1686,0.7708,0.0880,0.794
7.024597418,0.1708,0.7793,0.0872,0.803
7.024830687,0.1732,0.7972,0.0858,0.820
7.025053303,0.1742,0.8145,0.0826,0.837
7.025287303,0.1757,0.8228,0.0814,0.845
7.025517918,0.1783,0.8402,0.0787,0.862
7.025744187,0.1796,0.8490,0.0772,0.871
7.025986303,0.1830,0.8651,0.0745,0.887
7.028119495,0.1864,0.8829,0.0716,0.905
7.028436918,0.1884,0.8925,0.0706,0.915
7.029860726,0.1918,0.9098,0.0694,0.932
7.031998726,0.1964,0.9267,0.0669,0.950
7.033716533,0.1991,0.9342,0.0652,0.957
7.037243149,0.2035,0.9477,0.0616,0.971
7.038367764,0.2060,0.9555,0.0596,0.979
7.040023572,0.2118,0.9684,0.0567,0.993
7.041788879,0.2196,0.9799,0.0547,1.006
7.043830072,0.2223,0.9843,0.0523,1.010
7.045603418,0.2270,0.9931,0.0452,1.020
7.047616841,0.2309,0.9999,0.0357,1.027
7.049504803,0.2345,1.0029,0.0320,1.030
7.053476456,0.2399,1.0085,0.0230,1.037
7.054090726,0.2431,1.0097,0.0181,1.039
7.055878572,0.2480,1.0102,0.0064,1.040
7.057613572,0.2538,1.0114,-0.0073,1.043
7.05957211,0.2560,1.0119,-0.0144,1.044
7.061916995,0.2585,1.0105,-0.0281,1.043
7.063483649,0.2612,1.0090,-0.0413,1.043
7.065456033,0.2617,1.0048,-0.0486,1.039
7.067480995,0.2614,0.9968,-0.0606,1.032
7.071870072,0.2621,0.9936,-0.0669,1.030
7.072792879,0.2634,0.9860,-0.0782,1.024
7.07351361,0.2651,0.9775,-0.0901,1.017
7.075539995,0.2653,0.9736,-0.0948,1.014
7.078248533,0.2685,0.9635,-0.1009,1.005
7.079608341,0.2709,0.9523,-0.1046,0.996
7.081489264,0.2724,0.9474,-0.1080,0.992
7.083495841,0.2739,0.9335,-0.1102,0.979
7.092472379,0.2734,0.9252,-0.1116,0.971
7.093422764,0.2734,0.9093,-0.1143,0.956
7.09384911,0.2709,0.8942,-0.1156,0.941
7.094221995,0.2690,0.8859,-0.1148,0.933
7.094598187,0.2639,0.8732,-0.1094,0.919
7.096507302,0.2582,0.8578,-0.1019,0.902
7.09749211,0.2551,0.8490,-0.0989,0.892
7.100227226,0.2497,0.8331,-0.0921,0.875
7.120012687,0.2426,0.8258,-0.0804,0.864
7.120722149,0.2394,0.8096,-0.0748,0.848
7.121002995,0.2311,0.7916,-0.0616,0.827
7.121269726,0.2265,0.7820,-0.0557,0.816
7.121502533,0.2201,0.7637,-0.0366,0.796
7.121739726,0.2135,0.7442,-0.0215,0.774
7.121973572,0.2103,0.7351,-0.0161,0.765
7.122208879,0.2040,0.7175,-0.0032,0.746
7.122431956,0.1981,0.7021,0.0093,0.730
7.122658802,0.1947,0.6946,0.0159,0.722
7.123868226,0.1901,0.6760,0.0274,0.703
7.124142879,0.1864,0.6682,0.0322,0.694
7.124909841,0.1788,0.6518,0.0425,0.677
7.126754033,0.1708,0.6381,0.0520,0.663
7.128704879,0.1671,0.6306,0.0574,0.655
7.130512072,0.1615,0.6179,0.0655,0.642
7.132413264,0.1539,0.6066,0.0660,0.629
7.134563418,0.1505,0.6015,0.0674,0.624
7.136730841,0.1456,0.5934,0.0662,0.615
7.138566264,0.1393,0.5878,0.0630,0.607
7.140695879,0.1363,0.5797,0.0611,0.599
7.142457572,0.1280,0.5736,0.0540,0.590
7.144292495,0.1253,0.5707,0.0506,0.586
7.146566956,0.1168,0.5656,0.0423,0.579
7.148486072,0.1114,0.5617,0.0325,0.574
7.150469149,0.1080,0.5609,0.0286,0.572
7.153808879,0.1038,0.5580,0.0210,0.568
7.154502033,0.0977,0.5580,0.0142,0.567
7.156596495,0.0948,0.5585,0.0112,0.567
7.158260379,0.0901,0.5563,0.0051,0.564
7.160273995,0.0889,0.5558,0.0029,0.563
7.162258726,0.0880,0.5565,-0.0015,0.563
7.16424411,0.0882,0.5563,-0.0049,0.563
7.166298379,0.0889,0.5558,-0.0061,0.563
7.168091456,0.0904,0.5570,-0.0083,0.564
7.171533187,0.0894,0.5568,-0.0086,0.564
7.17202311,0.0897,0.5570,-0.0078,0.564
7.174046033,0.0899,0.5599,-0.0049,0.567
7.175897495,0.0911,0.5607,-0.0044,0.568
7.177874687,0.0928,0.5639,-0.0034,0.571
7.179831764,0.0928,0.5675,0.0000,0.575
7.181859341,0.0931,0.5705,0.0027,0.578
7.18392711,0.0967,0.5778,0.0088,0.586
7.189049764,0.0977,0.5810,0.0098,0.589
7.189631495,0.0970,0.5868,0.0161,0.595
7.190592302,0.0987,0.5959,0.0230,0.604
7.191914649,0.1002,0.6003,0.0261,0.609
7.193919264,0.1024,0.6088,0.0347,0.618
7.195875495,0.1043,0.6179,0.0418,0.628
7.197601264,0.1058,0.6232,0.0457,0.634
7.199734264,0.1082,0.6350,0.0518,0.646
7.201787033,0.1092,0.6411,0.0550,0.653
7.224151572,0.1119,0.6528,0.0628,0.665
7.224799725,0.1158,0.6652,0.0674,0.679
7.225047725,0.1178,0.6728,0.0694,0.687
7.225283918,0.1212,0.6863,0.0740,0.701
7.225517995,0.1231,0.7007,0.0755,0.715
7.225770341,0.1251,0.7085,0.0770,0.724
7.22600811,0.1287,0.7236,0.0787,0.739
7.226238918,0.1302,0.7312,0.0792,0.747
7.226463649,0.1358,0.7481,0.0777,0.764
7.226705572,0.1395,0.7659,0.0752,0.782
7.226928879,0.1424,0.7749,0.0740,0.791
7.227849149,0.1510,0.7928,0.0726,0.810
7.228229379,0.1578,0.8106,0.0706,0.829
7.229612649,0.1600,0.8199,0.0696,0.838
7.231225495,0.1654,0.8402,0.0665,0.859
7.233295495,0.1717,0.8585,0.0647,0.878
7.237032725,0.1754,0.8675,0.0635,0.887
7.237708841,0.1808,0.8890,0.0596,0.909
7.23922561,0.1825,0.8971,0.0599,0.917
7.241153418,0.1876,0.9169,0.0574,0.938
7.243408764,0.1932,0.9362,0.0564,0.958
7.245269418,0.1967,0.9452,0.0555,0.967
7.247124379,0.2008,0.9623,0.0525,0.984
7.249099725,0.2074,0.9804,0.0511,1.003
7.251151456,0.2091,0.9877,0.0503,1.011
7.254059995,0.2113,1.0026,0.0491,1.026
7.255946072,0.2140,1.0168,0.0472,1.040
7.257484341,0.2169,1.0222,0.0457,1.046
7.259206687,0.2218,1.0337,0.0452,1.058
7.261221649,0.2238,1.0398,0.0442,1.064
7.263159764,0.2265,1.0491,0.0423,1.074
7.265065649,0.2284,1.0574,0.0376,1.082
7.267067572,0.2282,1.0613,0.0349,1.086
7.273919687,0.2265,1.0696,0.0322,1.094
7.274813802,0.2270,1.0742,0.0305,1.098
7.275238956,0.2262,1.0811,0.0257,1.105
7.275722264,0.2274,1.0847,0.0222,1.109
7.280716649,0.2270,1.0862,0.0208,1.110
7.281709302,0.2221,1.0867,0.0191,1.109
7.283815533,0.2177,1.0869,0.0142,1.109
7.28592311,0.2152,1.0864,0.0107,1.108
7.286372802,0.2089,1.0864,0.0042,1.106
7.302872225,0.2008,1.0840,0.0024,1.102
7.303811802,0.1979,1.0820,-0.0017,1.100
7.304137918,0.1925,1.0786,-0.0061,1.096
7.304412879,0.1879,1.0754,-0.0086,1.092
7.304664841,0.1796,1.0701,-0.0100,1.085
7.304901495,0.1720,1.0630,-0.0122,1.077
7.305144495,0.1688,1.0596,-0.0142,1.073
7.305382995,0.1610,1.0542,-0.0164,1.067
7.305638725,0.1542,1.0451,-0.0161,1.057
7.305875148,0.1527,1.0403,-0.0142,1.051
7.306186687,0.1473,1.0315,-0.0127,1.042
7.308938764,0.1449,1.0273,-0.0103,1.038
7.310263879,0.1402,1.0168,-0.0076,1.026
7.312438225,0.1358,1.0068,-0.0032,1.016
7.314160379,0.1327,1.0021,-0.0010,1.011
7.316184302,0.1295,0.9924,0.0061,1.001
7.318098995,0.1248,0.9824,0.0139,0.990
7.320519687,0.1224,0.9775,0.0169,0.985
7.322181072,0.1200,0.9660,0.0237,0.974
7.324366379,0.1182,0.9606,0.0276,0.968
7.326087456,0.1153,0.9499,0.0342,0.957
7.327999302,0.1109,0.9406,0.0435,0.948
7.329986764,0.1097,0.9357,0.0469,0.943
7.332181264,0.1065,0.9249,0.0535,0.933
7.333924764,0.1031,0.9154,0.0606,0.923
7.336491072,0.1026,0.9098,0.0635,0.918
7.338171879,0.1029,0.9015,0.0704,0.910
7.339860956,0.1021,0.8983,0.0743,0.907
7.341907918,0.0980,0.8905,0.0765,0.899
7.343854841,0.0955,0.8846,0.0806,0.893
7.34599761,0.0945,0.8819,0.0831,0.891
7.347957918,0.0938,0.8766,0.0858,0.886
7.349633456,0.0950,0.8719,0.0894,0.882
7.354369187,0.0950,0.8702,0.0916,0.880
7.354968033,0.0960,0.8661,0.0923,0.876
7.355540418,0.0960,0.8641,0.0916,0.874
7.357921764,0.0982,0.8626,0.0928,0.873
7.359588648,0.1021,0.8636,0.0906,0.874
7.361488456,0.1048,0.8648,0.0899,0.876
7.36338961,0.1109,0.8678,0.0892,0.879
7.365273033,0.1156,0.8727,0.0887,0.885
7.367197879,0.1180,0.8761,0.0872,0.888
7.370722379,0.1256,0.8839,0.0833,0.897
7.371441187,0.1295,0.8888,0.0828,0.902
7.374499572,0.1393,0.9000,0.0831,0.915
7.375818572,0.1500,0.9130,0.0806,0.929
7.377332072,0.1542,0.9191,0.0794,0.935
7.379437841,0.1644,0.9330,0.0757,0.950
7.38126611,0.1774,0.9479,0.0750,0.967
7.383428533,0.1847,0.9560,0.0740,0.976
7.385446533,0.2006,0.9738,0.0743,0.997
7.390336456,0.2086,0.9816,0.0750,1.006
7.390921764,0.2240,0.9999,0.0765,1.028
7.391159841,0.2389,1.0185,0.0774,1.049
7.393029072,0.2465,1.0273,0.0772,1.059
7.395147418,0.2607,1.0451,0.0809,1.080
7.397002764,0.2741,1.0552,0.0833,1.093
7.415432687,0.2800,1.0762,0.0850,1.115
7.416095225,0.2897,1.0974,0.0931,1.139
7.416353687,0.2949,1.1074,0.0963,1.150
7.416578148,0.3049,1.1292,0.1021,1.174
7.416830033,0.3169,1.1497,0.1109,1.198
7.417062225,0.3208,1.1600,0.1158,1.209
7.417292802,0.3286,1.1827,0.1263,1.234
7.417521687,0.3371,1.2049,0.1410,1.259
7.417753418,0.3411,1.2149,0.1498,1.271
7.417982495,0.3501,1.2374,0.1630,1.296
7.428167764,0.3552,1.2474,0.1708,1.308
7.428829418,0.3582,1.2689,0.1874,1.332
7.429118495,0.3640,1.2907,0.2030,1.356
7.429372302,0.3669,1.3019,0.2106,1.369
7.429639148,0.3694,1.3244,0.2279,1.394
7.429874725,0.3740,1.3481,0.2428,1.420
7.430448533,0.3765,1.3586,0.2494,1.432
7.432540533,0.3814,1.3784,0.2599,1.454
7.434420456,0.3838,1.3999,0.2675,1.476
7.437172918,0.3845,1.4084,0.2709,1.485
7.438414841,0.3819,1.4243,0.2773,1.500
7.440341071,0.3819,1.4321,0.2775,1.508
7.442250495,0.3770,1.4460,0.2783,1.520
7.444295648,0.3669,1.4561,0.2758,1.527
7.446156495,0.3606,1.4610,0.2741,1.530
7.448247379,0.3433,1.4695,0.2665,1.532
7.450193841,0.3240,1.4751,0.2597,1.532
7.453301764,0.3142,1.4761,0.2551,1.531
7.454220995,0.2919,1.4741,0.2465,1.523
7.456233071,0.2810,1.4710,0.2431,1.517
7.458098995,0.2607,1.4651,0.2358,1.507
7.460325956,0.2402,1.4573,0.2270,1.494
7.462137918,0.2304,1.4522,0.2221,1.487
7.464317225,0.2128,1.4399,0.2130,1.471
7.466300379,0.1984,1.4250,0.2069,1.454
7.468200687,0.1910,1.4167,0.2028,1.444
7.471810341,0.1798,1.3984,0.1967,1.424
7.472861764,0.1678,1.3896,0.1950,1.413
7.475229264,0.1608,1.3696,0.1918,1.392
7.476865841,0.1480,1.3476,0.1920,1.369
7.478175725,0.1417,1.3351,0.1923,1.356
7.480433648,0.1287,1.3112,0.1954,1.332
7.481979341,0.1148,1.2853,0.1974,1.305
7.483991302,0.1075,1.2731,0.1989,1.293
7.495489841,0.0923,1.2489,0.2008,1.268
7.497030879,0.0860,1.2369,0.2013,1.256
7.498365725,0.0699,1.2110,0.1996,1.229
7.499778802,0.0542,1.1878,0.1913,1.204
7.500869648,0.0469,1.1776,0.1879,1.193
7.502241956,0.0340,1.1587,0.1722,1.172
7.50371561,0.0237,1.1443,0.1542,1.155
7.504303802,0.0173,1.1387,0.1427,1.148
7.504676802,0.0066,1.1309,0.1156,1.137
7.505012995,0.0015,1.1285,0.1016,1.133
7.522666418,-0.0088,1.1275,0.0726,1.130
7.523688187,-0.0193,1.1299,0.0437,1.131
7.524149956,-0.0242,1.1338,0.0257,1.134
7.524589994,-0.0300,1.1407,-0.0093,1.141
7.525003648,-0.0337,1.1456,-0.0550,1.147
7.525433148,-0.0310,1.1485,-0.0760,1.151
7.525828879,-0.0071,1.1556,-0.1102,1.161
7.526241956,0.0061,1.1580,-0.1248,1.165
7.526644148,0.0327,1.1619,-0.1549,1.173
7.527048725,0.0613,1.1668,-0.1818,1.182
7.52869111,0.0770,1.1678,-0.1945,1.186
7.529140648,0.1090,1.1683,-0.2199,1.194
7.529571033,0.1390,1.1702,-0.2338,1.201
7.531068994,0.1493,1.1729,-0.2590,1.210
7.53314561,0.1554,1.1798,-0.2907,1.225
7.535114802,0.1664,1.1829,-0.3042,1.233
7.537774494,0.2067,1.1851,-0.3090,1.242
7.543743956,0.2504,1.1878,-0.3076,1.252
7.544365879,0.2580,1.1920,-0.3174,1.260
7.54477761,0.2700,1.1981,-0.3271,1.271
7.545202571,0.3103,1.1978,-0.3218,1.279
7.546950071,0.3367,1.1949,-0.3037,1.278
7.54911961,0.3963,1.1876,-0.2739,1.282
7.551027725,0.4161,1.1856,-0.2656,1.284
7.554669725,0.4292,1.1881,-0.2619,1.290
7.556342264,0.4280,1.1927,-0.2634,1.294
7.55779011,0.4251,1.1956,-0.2639,1.296
7.559194148,0.4168,1.1993,-0.2668,1.297
7.56103711,0.4136,1.2008,-0.2697,1.298
7.562684148,0.4080,1.2057,-0.2731,1.302
7.56487511,0.4021,1.2103,-0.2795,1.306
7.566722456,0.3985,1.2122,-0.2841,1.307
7.568955456,0.3926,1.2140,-0.2939,1.309
7.57300761,0.3899,1.2149,-0.3090,1.313
7.574887571,0.3877,1.2137,-0.3171,1.313
7.576493956,0.3855,1.2110,-0.3347,1.314
7.578049918,0.3845,1.2086,-0.3435,1.314
7.579187264,0.3819,1.2027,-0.3635,1.313
7.58062361,0.3757,1.1939,-0.3838,1.309
7.582497533,0.3733,1.1890,-0.3950,1.307
7.584504225,0.3655,1.1785,-0.4151,1.302
7.592769418,0.3589,1.1685,-0.4363,1.298
7.593617225,0.3552,1.1631,-0.4473,1.296
7.594054994,0.3464,1.1534,-0.4630,1.290
7.594482571,0.3362,1.1478,-0.4703,1.285
7.594928418,0.3310,1.1370,-0.4847,1.280
7.596727841,0.3205,1.1287,-0.4994,1.275
7.598346956,0.3139,1.1258,-0.5038,1.273
7.600256725,0.3022,1.1167,-0.5113,1.265
7.602184379,0.2900,1.1084,-0.5182,1.257
7.62312511,0.2841,1.1048,-0.5196,1.253
7.624910841,0.2712,1.0989,-0.5223,1.247
7.626157571,0.2587,1.0928,-0.5255,1.240
7.627484071,0.2514,1.0889,-0.5257,1.235
7.628643494,0.2370,1.0808,-0.5270,1.226
7.629642071,0.2299,1.0774,-0.5265,1.221
7.630764841,0.2172,1.0681,-0.5282,1.211
7.632117802,0.2081,1.0578,-0.5231,1.198
7.633153725,0.2042,1.0520,-0.5204,1.191
7.634235071,0.1959,1.0388,-0.5121,1.175
7.635276033,0.1893,1.0241,-0.5064,1.158
7.636574533,0.1871,1.0180,-0.5023,1.151
7.637769187,0.1830,1.0029,-0.4930,1.132
7.63873661,0.1810,0.9855,-0.4852,1.113
7.639878379,0.1805,0.9760,-0.4796,1.102
7.640832341,0.1786,0.9589,-0.4683,1.082
7.641948071,0.1774,0.9504,-0.4639,1.072
7.642908725,0.1752,0.9313,-0.4537,1.051
7.644116033,0.1737,0.9142,-0.4437,1.031
7.645124341,0.1735,0.9049,-0.4388,1.021
7.646171956,0.1727,0.8878,-0.4300,1.001
7.647192879,0.1708,0.8702,-0.4256,0.984
7.647952341,0.1703,0.8617,-0.4219,0.974
7.649703148,0.1688,0.8441,-0.4178,0.957
7.657975879,0.1656,0.8350,-0.4175,0.948
7.658589533,0.1639,0.8196,-0.4180,0.935
7.658840187,0.1605,0.8043,-0.4244,0.923
7.659083725,0.1586,0.7969,-0.4285,0.919
7.659783571,0.1546,0.7825,-0.4322,0.907
7.662208533,0.1517,0.7708,-0.4312,0.896
7.663601071,0.1515,0.7627,-0.4317,0.889
7.665468456,0.1483,0.7488,-0.4305,0.876
7.667302917,0.1466,0.7427,-0.4285,0.870
7.670681879,0.1454,0.7305,-0.4266,0.858
7.671902302,0.1410,0.7158,-0.4226,0.843
7.673304802,0.1407,0.7097,-0.4183,0.836
7.67646511,0.1402,0.6994,-0.4075,0.822
7.677111648,0.1356,0.6902,-0.3987,0.809
7.679068725,0.1331,0.6863,-0.3948,0.803
7.681128725,0.1275,0.6760,-0.3897,0.791
7.682985071,0.1251,0.6718,-0.3877,0.786
7.684971341,0.1219,0.6630,-0.3875,0.778
7.689967379,0.1168,0.6569,-0.3836,0.770
7.690587994,0.1134,0.6543,-0.3797,0.765
7.691083417,0.1063,0.6491,-0.3709,0.755
7.693211302,0.1011,0.6464,-0.3599,0.747
7.695014571,0.0970,0.6455,-0.3552,0.743
7.69690011,0.0899,0.6440,-0.3435,0.735
7.699279494,0.0862,0.6437,-0.3367,0.732
7.70106461,0.0796,0.6435,-0.3254,0.725
7.712532764,0.0708,0.6433,-0.3132,0.719
7.713176725,0.0667,0.6445,-0.3086,0.718
7.713437187,0.0586,0.6481,-0.2981,0.716
7.713700687,0.0503,0.6567,-0.2941,0.721
7.713936879,0.0474,0.6608,-0.2915,0.724
7.714169533,0.0406,0.6696,-0.2866,0.730
7.718624456,0.0344,0.6748,-0.2832,0.733
7.718938187,0.0322,0.6836,-0.2770,0.738
7.719183841,0.0269,0.6943,-0.2682,0.745
7.724994417,0.0257,0.6992,-0.2643,0.748
7.725588148,0.0232,0.7122,-0.2536,0.756
7.725841956,0.0203,0.7244,-0.2443,0.765
7.731166764,0.0200,0.7310,-0.2399,0.770
7.731514225,0.0191,0.7451,-0.2316,0.781
7.73175234,0.0191,0.7593,-0.2216,0.791
7.732678956,0.0193,0.7669,-0.2172,0.797
7.734451225,0.0215,0.7808,-0.2077,0.808
7.739121917,0.0225,0.7886,-0.2033,0.815
7.739796033,0.0249,0.8057,-0.1967,0.830
7.740442687,0.0242,0.8218,-0.1888,0.844
7.742373071,0.0239,0.8292,-0.1845,0.850
7.744320225,0.0252,0.8463,-0.1796,0.865
7.746378302,0.0281,0.8622,-0.1725,0.880
7.748185725,0.0300,0.8700,-0.1691,0.887
7.750158687,0.0303,0.8876,-0.1642,0.903
7.752269148,0.0320,0.8956,-0.1581,0.910
7.75516884,0.0332,0.9105,-0.1561,0.924
7.756305764,0.0347,0.9298,-0.1507,0.943
7.758148302,0.0354,0.9391,-0.1493,0.952
7.760079148,0.0406,0.9565,-0.1449,0.968
7.76201384,0.0452,0.9719,-0.1412,0.983
7.764304648,0.0476,0.9806,-0.1388,0.992
7.766146148,0.0496,0.9970,-0.1349,1.007
7.768082302,0.0542,1.0107,-0.1339,1.021
7.771789917,0.0557,1.0197,-0.1331,1.030
7.772372225,0.0606,1.0354,-0.1334,1.046
7.774270802,0.0635,1.0422,-0.1349,1.053
7.776673187,0.0682,1.0571,-0.1375,1.068
7.777862725,0.0704,1.0698,-0.1380,1.081
7.780688879,0.0730,1.0752,-0.1397,1.087
7.781954764,0.0726,1.0852,-0.1444,1.097
7.784099456,0.0733,1.0952,-0.1502,1.108
7.789836494,0.0743,1.0989,-0.1524,1.112
7.790377302,0.0726,1.1030,-0.1603,1.117
7.790835302,0.0733,1.1045,-0.1647,1.119
7.79194411,0.0718,1.1077,-0.1715,1.123
7.794112264,0.0679,1.1082,-0.1805,1.125
7.796037956,0.0669,1.1084,-0.1849,1.126
7.797799225,0.0633,1.1087,-0.1942,1.127
7.799956033,0.0581,1.1060,-0.2028,1.126
7.801891148,0.0562,1.1040,-0.2081,1.125
7.822012571,0.0496,1.0982,-0.2167,1.120
7.82270284,0.0469,1.0952,-0.2199,1.118
7.822964456,0.0406,1.0886,-0.2270,1.113
7.823208148,0.0320,1.0786,-0.2340,1.104
7.823504994,0.0296,1.0742,-0.2365,1.100
7.823745533,0.0203,1.0642,-0.2406,1.091
7.823994764,0.0149,1.0549,-0.2428,1.083
7.824225956,0.0117,1.0508,-0.2436,1.079
7.824475956,0.0051,1.0407,-0.2426,1.069
7.824697456,0.0015,1.0351,-0.2428,1.063
7.824924456,-0.0056,1.0234,-0.2404,1.051
7.825301264,-0.0115,1.0119,-0.2365,1.039
7.827119225,-0.0147,1.0063,-0.2340,1.033
7.829570494,-0.0186,0.9941,-0.2277,1.020
7.83147361,-0.0227,0.9846,-0.2209,1.009
7.833497225,-0.0252,0.9789,-0.2174,1.003
7.835535071,-0.0288,0.9677,-0.2074,0.990
7.840238956,-0.0296,0.9618,-0.2016,0.983
7.840852225,-0.0325,0.9494,-0.1925,0.969
7.841115956,-0.0349,0.9374,-0.1801,0.955
7.844022763,-0.0359,0.9320,-0.1739,0.949
7.84506061,-0.0352,0.9198,-0.1620,0.935
7.846842148,-0.0354,0.9137,-0.1510,0.927
7.848960763,-0.0347,0.9015,-0.1451,0.914
7.850851417,-0.0354,0.8888,-0.1327,0.899
7.854483302,-0.0347,0.8819,-0.1266,0.892
7.855080071,-0.0322,0.8685,-0.1138,0.877
7.856882956,-0.0313,0.8556,-0.1026,0.862
7.85864711,-0.0286,0.8492,-0.0955,0.855
7.860800571,-0.0257,0.8377,-0.0843,0.842
7.862655687,-0.0217,0.8311,-0.0750,0.835
7.864841687,-0.0208,0.8199,-0.0701,0.823
7.866558571,-0.0156,0.8065,-0.0599,0.809
7.868715148,-0.0144,0.8013,-0.0555,0.803
7.873491956,-0.0098,0.7886,-0.0464,0.790
7.873823533,-0.0034,0.7771,-0.0403,0.778
7.874615571,-0.0002,0.7725,-0.0366,0.773
7.876317802,0.0059,0.7615,-0.0308,0.762
7.878223802,0.0090,0.7561,-0.0279,0.757
7.880516533,0.0142,0.7473,-0.0252,0.748
7.882298417,0.0222,0.7395,-0.0227,0.740
7.884379148,0.0259,0.7354,-0.0213,0.736
7.886332763,0.0325,0.7280,-0.0198,0.729
7.89080034,0.0371,0.7209,-0.0195,0.722
7.891427956,0.0398,0.7183,-0.0195,0.720
7.892137533,0.0474,0.7100,-0.0193,0.712
7.894286456,0.0508,0.7056,-0.0198,0.708
7.89621934,0.0559,0.6994,-0.0227,0.702
7.898108033,0.0640,0.6955,-0.0230,0.699
7.90016461,0.0662,0.6933,-0.0232,0.697
7.902172494,0.0730,0.6887,-0.0259,0.693
7.921153763,0.0821,0.6836,-0.0296,0.689
7.92296661,0.0865,0.6821,-0.0300,0.688
7.924733648,0.0933,0.6794,-0.0335,0.687
7.926238225,0.0972,0.6779,-0.0352,0.686
7.927881956,0.1053,0.6760,-0.0423,0.685
7.929284648,0.1112,0.6731,-0.0486,0.684
7.930370379,0.1134,0.6731,-0.0518,0.685
7.931806725,0.1192,0.6736,-0.0572,0.686
7.93285761,0.1231,0.6738,-0.0623,0.688
7.93408784,0.1256,0.6736,-0.0655,0.688
7.935088379,0.1283,0.6723,-0.0696,0.688
7.936896648,0.1327,0.6733,-0.0748,0.690
7.938234917,0.1346,0.6733,-0.0767,0.691
7.939612033,0.1358,0.6736,-0.0809,0.692
7.940573417,0.1351,0.6748,-0.0831,0.693
7.941845186,0.1329,0.6772,-0.0870,0.696
7.942918648,0.1314,0.6806,-0.0906,0.699
7.943972879,0.1309,0.6801,-0.0926,0.699
7.944271763,0.1290,0.6804,-0.0945,0.699
7.944520994,0.1278,0.6816,-0.0987,0.700
7.944754648,0.1275,0.6838,-0.1009,0.703
7.946403417,0.1253,0.6870,-0.1016,0.706
7.947486571,0.1241,0.6885,-0.1038,0.707
7.949304994,0.1231,0.6877,-0.1058,0.707
7.951308071,0.1209,0.6889,-0.1080,0.708
7.954376956,0.1200,0.6902,-0.1092,0.709
7.955224225,0.1163,0.6914,-0.1114,0.710
7.95726961,0.1136,0.6933,-0.1121,0.711
7.959186648,0.1107,0.6963,-0.1124,0.714
7.96126761,0.1058,0.6999,-0.1134,0.717
7.963282725,0.1019,0.7014,-0.1126,0.718
7.965096956,0.0972,0.7065,-0.1112,0.722
7.967081225,0.0936,0.7126,-0.1082,0.727
7.969198071,0.0911,0.7151,-0.1053,0.729
7.975836071,0.0865,0.7192,-0.0994,0.731
7.976397456,0.0801,0.7253,-0.0950,0.736
7.976697148,0.0767,0.7268,-0.0931,0.737
7.97712661,0.0728,0.7327,-0.0882,0.742
7.97901134,0.0713,0.7359,-0.0845,0.744
7.981195648,0.0645,0.7417,-0.0796,0.749
7.983942533,0.0601,0.7481,-0.0726,0.754
7.984917417,0.0586,0.7517,-0.0696,0.757
7.990339456,0.0555,0.7581,-0.0630,0.763
7.990940994,0.0513,0.7635,-0.0579,0.767
7.991241379,0.0474,0.7659,-0.0550,0.769
7.999409879,0.0410,0.7718,-0.0501,0.774
7.999871186,0.0381,0.7757,-0.0481,0.778
8.000105879,0.0344,0.7823,-0.0418,0.784
8.000339879,0.0286,0.7886,-0.0359,0.790
8.001087071,0.0266,0.7920,-0.0340,0.793
8.003048802,0.0215,0.7986,-0.0298,0.799
8.029765956,0.0188,0.8047,-0.0261,0.805
8.03082434,0.0171,0.8074,-0.0247,0.808
8.03129911,0.0144,0.8148,-0.0205,0.815
8.03181311,0.0132,0.8187,-0.0173,0.819
8.03221661,0.0125,0.8272,-0.0156,0.827
8.032621917,0.0093,0.8355,-0.0115,0.836
8.033160494,0.0093,0.8409,-0.0107,0.841
8.033591456,0.0083,0.8490,-0.0076,0.849
8.03402461,0.0044,0.8590,-0.0044,0.859
8.034472379,0.0024,0.8641,-0.0022,0.864
8.034890917,-0.0017,0.8732,0.0017,0.873
8.035317648,-0.0054,0.8793,0.0066,0.879
8.03578011,-0.0088,0.8903,0.0103,0.890
8.036262917,-0.0147,0.9017,0.0137,0.902
8.036728879,-0.0176,0.9076,0.0151,0.908
8.03721561,-0.0252,0.9208,0.0205,0.921
8.037795186,-0.0308,0.9328,0.0242,0.934
8.041790148,-0.0337,0.9396,0.0274,0.941
8.04285061,-0.0396,0.9513,0.0310,0.953
8.043476725,-0.0428,0.9579,0.0327,0.959
8.044397725,-0.0508,0.9701,0.0335,0.972
8.046575725,-0.0594,0.9819,0.0357,0.984
8.048193263,-0.0630,0.9865,0.0347,0.989
8.049952302,-0.0718,0.9968,0.0344,1.000
8.052239879,-0.0809,1.0090,0.0332,1.013
8.056156917,-0.0853,1.0144,0.0327,1.018
8.056905609,-0.0921,1.0244,0.0313,1.029
8.057890225,-0.0950,1.0278,0.0293,1.033
8.060011071,-0.1031,1.0359,0.0220,1.041
8.061870225,-0.1102,1.0444,0.0164,1.050
8.064036879,-0.1124,1.0488,0.0127,1.055
8.065935417,-0.1170,1.0583,0.0078,1.065
8.067689571,-0.1214,1.0637,-0.0002,1.071
8.069724609,-0.1224,1.0679,-0.0042,1.075
8.074562071,-0.1239,1.0757,-0.0134,1.083
8.075145186,-0.1248,1.0784,-0.0188,1.086
8.075660533,-0.1239,1.0833,-0.0279,1.091
8.077543956,-0.1219,1.0881,-0.0386,1.096
8.079807071,-0.1204,1.0899,-0.0450,1.097
8.081648071,-0.1141,1.0916,-0.0545,1.099
8.083655456,-0.1107,1.0913,-0.0603,1.099
8.085611033,-0.1007,1.0906,-0.0733,1.098
8.106563879,-0.0894,1.0862,-0.0828,1.093
8.107459071,-0.0821,1.0835,-0.0877,1.090
8.107884379,-0.0684,1.0793,-0.0972,1.086
8.108281225,-0.0530,1.0737,-0.1051,1.080
8.108699417,-0.0442,1.0698,-0.1099,1.076
8.109063686,-0.0274,1.0620,-0.1192,1.069
8.109438033,-0.0195,1.0581,-0.1229,1.065
8.109936456,-0.0051,1.0517,-0.1292,1.060
8.110458725,0.0086,1.0466,-0.1339,1.055
8.110824917,0.0154,1.0434,-0.1358,1.052
8.11170134,0.0310,1.0361,-0.1341,1.045
8.112056994,0.0459,1.0332,-0.1307,1.042
8.112323994,0.0533,1.0271,-0.1283,1.036
8.112721379,0.0674,1.0210,-0.1217,1.030
8.114818263,0.0738,1.0197,-0.1170,1.029
8.116776379,0.0843,1.0188,-0.1063,1.028
8.118704456,0.0923,1.0190,-0.0919,1.027
8.123265456,0.0955,1.0200,-0.0838,1.028
8.123934456,0.1019,1.0236,-0.0665,1.031
8.124809917,0.1051,1.0258,-0.0574,1.033
8.126631263,0.1080,1.0329,-0.0337,1.039
8.128520263,0.1109,1.0412,-0.0098,1.047
8.130398648,0.1104,1.0464,0.0024,1.052
8.132409456,0.1070,1.0581,0.0298,1.064
8.134316071,0.1051,1.0725,0.0581,1.079
8.136516417,0.1026,1.0793,0.0718,1.087
8.139299186,0.0982,1.0940,0.1038,1.103
8.140297263,0.0953,1.1006,0.1204,1.111
8.142355494,0.0926,1.1170,0.1500,1.131
8.144176994,0.0875,1.1316,0.1791,1.149
8.146096494,0.0848,1.1377,0.1928,1.157
8.148103071,0.0811,1.1507,0.2187,1.174
8.149967686,0.0757,1.1568,0.2436,1.185
8.15201084,0.0738,1.1649,0.2555,1.195
8.155469032,0.0699,1.1729,0.2744,1.207
8.155882648,0.0684,1.1780,0.2807,1.213
8.157876609,0.0665,1.1837,0.2932,1.221
8.160173379,0.0635,1.1905,0.3005,1.229
8.161955571,0.0635,1.1929,0.3029,1.232
8.164018686,0.0618,1.1981,0.3042,1.238
8.165961032,0.0613,1.2020,0.3003,1.240
8.167945763,0.0611,1.2032,0.2963,1.241
8.170169186,0.0618,1.2081,0.2819,1.242
8.172208494,0.0638,1.2120,0.2734,1.244
8.173780263,0.0650,1.2179,0.2533,1.246
8.176354917,0.0684,1.2228,0.2311,1.246
8.17761334,0.0694,1.2254,0.2187,1.247
8.179821725,0.0733,1.2333,0.1915,1.250
8.181734956,0.0789,1.2396,0.1612,1.253
8.18386084,0.0828,1.2445,0.1451,1.256
8.18568234,0.0921,1.2540,0.1119,1.262
8.190897456,0.0967,1.2587,0.0950,1.266
8.191535379,0.1085,1.2684,0.0628,1.275
8.191782071,0.1173,1.2797,0.0269,1.285
8.193638032,0.1209,1.2843,0.0088,1.290
8.195622494,0.1314,1.2956,-0.0269,1.302
8.197652186,0.1393,1.3124,-0.0625,1.321
8.199544917,0.1422,1.3217,-0.0782,1.332
8.201555071,0.1480,1.3400,-0.1051,1.352
8.203746494,0.1498,1.3513,-0.1175,1.365
8.223774725,0.1539,1.3764,-0.1363,1.392
8.225283532,0.1588,1.4052,-0.1444,1.422
8.226384302,0.1608,1.4214,-0.1459,1.438
8.227995417,0.1630,1.4548,-0.1459,1.471
8.229291494,0.1669,1.4888,-0.1393,1.505
8.230994109,0.1715,1.5069,-0.1339,1.523
8.232194686,0.1820,1.5428,-0.1175,1.558
8.233298532,0.1932,1.5741,-0.0997,1.589
8.234320994,0.1996,1.5882,-0.0916,1.603
8.235581725,0.2145,1.6102,-0.0765,1.626
8.236552879,0.2223,1.6193,-0.0694,1.636
8.238816994,0.2389,1.6310,-0.0501,1.649
8.24010934,0.2555,1.6293,-0.0354,1.650
8.241199532,0.2656,1.6237,-0.0320,1.646
8.242020917,0.2822,1.6026,-0.0347,1.628
8.242701263,0.2988,1.5873,-0.0410,1.616
8.243637302,0.3061,1.5511,-0.0486,1.582
8.244373802,0.3132,1.5044,-0.0660,1.538
8.245271609,0.3144,1.4798,-0.0743,1.515
8.246012263,0.3088,1.4267,-0.0933,1.463
8.246690725,0.2983,1.3740,-0.1148,1.411
8.247812802,0.2922,1.3476,-0.1253,1.385
8.250076417,0.2748,1.2946,-0.1446,1.331
8.251638571,0.2546,1.2491,-0.1551,1.284
8.252811917,0.2433,1.2281,-0.1581,1.262
8.258530032,0.2265,1.1871,-0.1610,1.219
8.260223379,0.2199,1.1685,-0.1605,1.200
8.261443648,0.2140,1.1358,-0.1564,1.166
8.263034994,0.2103,1.1052,-0.1522,1.135
8.264151379,0.2096,1.0903,-0.1498,1.120
8.265292263,0.2123,1.0632,-0.1463,1.094
8.266624763,0.2177,1.0383,-0.1483,1.071
8.268593379,0.2191,1.0263,-0.1495,1.060
8.272709802,0.2228,1.0036,-0.1551,1.040
8.275803532,0.2257,0.9933,-0.1598,1.031
8.276944955,0.2345,0.9740,-0.1730,1.017
8.277951379,0.2450,0.9543,-0.1879,1.003
8.27901434,0.2494,0.9457,-0.1964,0.998
8.280414609,0.2595,0.9293,-0.2123,0.988
8.282478302,0.2724,0.9210,-0.2296,0.988
8.284545455,0.2785,0.9047,-0.2362,0.976
8.286335225,0.2902,0.8895,-0.2509,0.969
8.288860917,0.2985,0.8827,-0.2575,0.967
8.297438225,0.3149,0.8695,-0.2660,0.962
8.297989417,0.3301,0.8529,-0.2731,0.954
8.298236225,0.3381,0.8463,-0.2748,0.952
8.298472917,0.3530,0.8321,-0.2751,0.945
8.298706763,0.3682,0.8248,-0.2741,0.944
8.300044148,0.3762,0.8126,-0.2712,0.936
8.302085109,0.3914,0.8003,-0.2624,0.929
8.323545455,0.3997,0.7947,-0.2592,0.927
8.324429994,0.4148,0.7825,-0.2497,0.920
8.324718879,0.4280,0.7701,-0.2377,0.913
8.324951225,0.4349,0.7654,-0.2299,0.910
8.325197148,0.4456,0.7554,-0.2147,0.903
8.325430148,0.4554,0.7498,-0.1972,0.899
8.325660955,0.4588,0.7424,-0.1886,0.893
8.325886109,0.4617,0.7344,-0.1698,0.884
8.326111802,0.4622,0.7305,-0.1593,0.879
8.326340571,0.4615,0.7234,-0.1402,0.869
8.32657034,0.4625,0.7200,-0.1212,0.864
8.32679234,0.4637,0.7168,-0.1121,0.861
8.327767302,0.4686,0.7114,-0.0916,0.857
8.329837071,0.4705,0.7104,-0.0811,0.856
8.331598032,0.4705,0.7075,-0.0613,0.852
8.333676879,0.4693,0.7070,-0.0428,0.850
8.335492148,0.4683,0.7068,-0.0337,0.849
8.338487417,0.4639,0.7068,-0.0191,0.846
8.339719302,0.4578,0.7102,-0.0078,0.845
8.34143634,0.4549,0.7114,-0.0037,0.844
8.343259802,0.4439,0.7158,0.0027,0.842
8.345368379,0.4383,0.7173,0.0046,0.841
8.347473955,0.4244,0.7246,0.0068,0.840
8.349335417,0.4087,0.7346,0.0049,0.841
8.351163532,0.3987,0.7398,0.0039,0.840
8.353271186,0.3770,0.7508,0.0022,0.840
8.355973263,0.3569,0.7642,-0.0024,0.843
8.357693994,0.3474,0.7715,-0.0049,0.846
8.359493802,0.3291,0.7867,-0.0105,0.853
8.36109334,0.3117,0.8035,-0.0147,0.862
8.363069263,0.3029,0.8121,-0.0164,0.867
8.365071725,0.2895,0.8302,-0.0205,0.879
8.367207955,0.2829,0.8389,-0.0232,0.886
8.368981955,0.2702,0.8597,-0.0274,0.902
8.372059725,0.2582,0.8827,-0.0298,0.920
8.374237648,0.2514,0.8939,-0.0293,0.929
8.374986148,0.2404,0.9181,-0.0271,0.949
8.378259378,0.2314,0.9433,-0.0252,0.972
8.379057648,0.2248,0.9550,-0.0244,0.981
8.380905109,0.2121,0.9792,-0.0217,1.002
8.382891917,0.2060,0.9919,-0.0215,1.013
8.385253186,0.1930,1.0168,-0.0176,1.035
8.386950994,0.1813,1.0410,-0.0134,1.057
8.39187534,0.1739,1.0522,-0.0122,1.067
8.392567648,0.1595,1.0740,-0.0105,1.086
8.392889378,0.1463,1.0964,-0.0071,1.106
8.394939225,0.1397,1.1070,-0.0051,1.116
8.396963955,0.1266,1.1289,-0.0017,1.136
8.398590494,0.1204,1.1390,-0.0010,1.145
8.400607955,0.1094,1.1543,-0.0002,1.160
8.402694917,0.0967,1.1707,0.0020,1.175
8.427196263,0.0901,1.1773,0.0027,1.181
8.427896455,0.0762,1.1883,0.0017,1.191
8.42816284,0.0655,1.1966,-0.0039,1.198
8.428399225,0.0586,1.1993,-0.0034,1.201
8.428643455,0.0472,1.2027,-0.0034,1.204
8.428875109,0.0344,1.2035,-0.0064,1.204
8.429120378,0.0271,1.2022,-0.0078,1.203
8.429366802,0.0132,1.1983,-0.0105,1.198
8.429612494,0.0061,1.1949,-0.0107,1.195
8.429849378,-0.0044,1.1871,-0.0144,1.187
8.430086417,-0.0149,1.1744,-0.0156,1.175
8.430322571,-0.0205,1.1680,-0.0181,1.168
8.430573763,-0.0281,1.1536,-0.0208,1.154
8.430808532,-0.0344,1.1333,-0.0227,1.134
8.432511955,-0.0366,1.1231,-0.0242,1.124
8.434713994,-0.0408,1.1026,-0.0281,1.104
8.436575263,-0.0403,1.0928,-0.0288,1.094
8.438987109,-0.0403,1.0696,-0.0303,1.071
8.441490917,-0.0396,1.0439,-0.0330,1.045
8.442180609,-0.0401,1.0310,-0.0325,1.032
8.444277725,-0.0396,1.0039,-0.0322,1.005
8.446337571,-0.0369,0.9775,-0.0308,0.979
8.448282455,-0.0362,0.9638,-0.0293,0.965
8.450458878,-0.0357,0.9362,-0.0237,0.937
8.45219484,-0.0354,0.9230,-0.0210,0.924
8.454237148,-0.0327,0.8971,-0.0147,0.898
8.457108302,-0.0340,0.8697,-0.0088,0.870
8.457974763,-0.0332,0.8573,-0.0042,0.858
8.459941571,-0.0332,0.8311,0.0046,0.832
8.461902109,-0.0340,0.8055,0.0147,0.806
8.464128417,-0.0332,0.7930,0.0205,0.794
8.465953186,-0.0315,0.7686,0.0349,0.770
8.467916532,-0.0313,0.7544,0.0425,0.756
8.469934148,-0.0286,0.7288,0.0550,0.731
8.472416378,-0.0286,0.7043,0.0679,0.708
8.473636302,-0.0281,0.6938,0.0726,0.698
8.475664994,-0.0230,0.6709,0.0838,0.676
8.477986917,-0.0198,0.6501,0.0921,0.657
8.479949686,-0.0178,0.6401,0.0970,0.648
8.481923494,-0.0129,0.6193,0.1063,0.629
8.483789763,-0.0117,0.6105,0.1109,0.621
8.485630494,-0.0078,0.5929,0.1200,0.605
8.487577071,-0.0046,0.5773,0.1273,0.591
8.492184609,-0.0027,0.5707,0.1302,0.585
8.492757494,0.0010,0.5587,0.1356,0.575
8.49344834,0.0056,0.5468,0.1415,0.565
8.495316917,0.0076,0.5419,0.1434,0.561
8.497510648,0.0127,0.5311,0.1473,0.551
8.499311955,0.0159,0.5270,0.1483,0.548
8.501894032,0.0181,0.5192,0.1517,0.541
8.503240532,0.0203,0.5138,0.1527,0.536
8.518165032,0.0217,0.5111,0.1539,0.534
8.518773378,0.0254,0.5057,0.1554,0.530
8.519045148,0.0271,0.5011,0.1559,0.525
8.519294301,0.0296,0.5006,0.1568,0.525
8.519599686,0.0340,0.4991,0.1581,0.525
8.519838417,0.0362,0.4999,0.1561,0.525
8.520074032,0.0374,0.4986,0.1556,0.524
8.520308071,0.0413,0.4996,0.1556,0.525
8.527164609,0.0435,0.5003,0.1559,0.526
8.527890955,0.0467,0.5052,0.1554,0.531
8.528154801,0.0528,0.5123,0.1556,0.538
8.528390494,0.0547,0.5150,0.1559,0.541
8.529143148,0.0606,0.5204,0.1564,0.547
8.531137417,0.0650,0.5287,0.1573,0.555
8.532821609,0.0662,0.5319,0.1595,0.559
8.53508484,0.0699,0.5404,0.1617,0.568
8.536946301,0.0721,0.5450,0.1622,0.573
8.539167763,0.0752,0.5543,0.1637,0.583
8.541594917,0.0782,0.5634,0.1649,0.592
8.54326234,0.0792,0.5680,0.1654,0.597
8.544847225,0.0794,0.5800,0.1661,0.609
8.546744417,0.0831,0.5939,0.1681,0.623
8.548714225,0.0845,0.6003,0.1676,0.629
8.550668225,0.0867,0.6113,0.1681,0.640
8.552757494,0.0882,0.6181,0.1678,0.647
8.556134686,0.0928,0.6313,0.1666,0.659
8.556842532,0.0955,0.6472,0.1647,0.675
8.558599725,0.0967,0.6535,0.1639,0.681
8.560565917,0.0972,0.6684,0.1627,0.695
8.562536071,0.1007,0.6858,0.1595,0.711
8.564477417,0.1021,0.6936,0.1578,0.719
8.566678955,0.1036,0.7104,0.1549,0.734
8.568678648,0.1060,0.7195,0.1532,0.743
8.570504109,0.1070,0.7373,0.1490,0.760
8.573824109,0.1119,0.7556,0.1432,0.777
8.574962955,0.1138,0.7642,0.1410,0.785
8.576726071,0.1197,0.7837,0.1373,0.805
8.578660417,0.1229,0.8025,0.1317,0.823
8.580596878,0.1261,0.8123,0.1305,0.832
8.582483532,0.1324,0.8346,0.1239,0.854
8.584465955,0.1373,0.8453,0.1163,0.864
8.586393917,0.1407,0.8631,0.1134,0.882
8.591821571,0.1493,0.8827,0.1065,0.902
8.592411801,0.1542,0.8925,0.1036,0.912
8.592682532,0.1649,0.9108,0.0958,0.931
8.594510994,0.1754,0.9303,0.0897,0.951
8.596288032,0.1803,0.9386,0.0872,0.960
8.598161071,0.1910,0.9552,0.0828,0.978
8.600406609,0.2060,0.9633,0.0770,0.988
8.602122686,0.2125,0.9794,0.0733,1.005
8.604180032,0.2257,0.9951,0.0662,1.022
8.622915186,0.2328,1.0031,0.0625,1.032
8.623620801,0.2450,1.0166,0.0586,1.047
8.623874032,0.2553,1.0276,0.0542,1.060
8.624113224,0.2602,1.0324,0.0523,1.066
8.624345571,0.2700,1.0420,0.0474,1.077
8.624585917,0.2756,1.0466,0.0440,1.083
8.62482734,0.2797,1.0569,0.0413,1.094
8.62505184,0.2832,1.0659,0.0396,1.104
8.625279571,0.2841,1.0713,0.0369,1.109
8.625509609,0.2866,1.0808,0.0335,1.119
8.625753148,0.2868,1.0894,0.0344,1.127
8.627484186,0.2851,1.0935,0.0347,1.131
8.629872109,0.2827,1.1030,0.0349,1.139
8.631782455,0.2817,1.1079,0.0359,1.144
8.633877609,0.2775,1.1167,0.0408,1.151
8.635523263,0.2709,1.1277,0.0469,1.161
8.637686148,0.2673,1.1333,0.0493,1.165
8.641055263,0.2614,1.1414,0.0562,1.172
8.64238134,0.2543,1.1490,0.0630,1.178
8.644071263,0.2519,1.1526,0.0684,1.182
8.647807301,0.2458,1.1595,0.0745,1.188
8.648813532,0.2421,1.1631,0.0779,1.191
8.649813571,0.2338,1.1671,0.0843,1.193
8.651300071,0.2243,1.1702,0.0897,1.195
8.653397724,0.2211,1.1714,0.0938,1.196
8.658039494,0.2135,1.1732,0.1004,1.197
8.658681417,0.2033,1.1739,0.1068,1.196
8.659056032,0.1986,1.1739,0.1082,1.195
8.661056148,0.1884,1.1758,0.1124,1.196
8.663062071,0.1830,1.1761,0.1143,1.196
8.665213071,0.1730,1.1768,0.1173,1.195
8.666945878,0.1615,1.1756,0.1202,1.193
8.668962378,0.1551,1.1754,0.1207,1.192
8.671144917,0.1451,1.1761,0.1226,1.191
8.673104301,0.1361,1.1746,0.1236,1.189
8.67544034,0.1305,1.1749,0.1253,1.189
8.677018917,0.1204,1.1754,0.1292,1.189
8.678988648,0.1160,1.1778,0.1307,1.191
8.681005686,0.1092,1.1788,0.1339,1.191
8.682792378,0.1021,1.1817,0.1371,1.194
8.684937109,0.0989,1.1829,0.1390,1.195
8.686685224,0.0933,1.1866,0.1424,1.199
8.689597724,0.0875,1.1890,0.1444,1.201
8.691849224,0.0855,1.1932,0.1471,1.205
8.701578147,0.0801,1.1991,0.1476,1.211
8.702748647,0.0779,1.2020,0.1490,1.214
8.703784109,0.0740,1.2057,0.1542,1.218
8.705036801,0.0726,1.2120,0.1571,1.224
8.706616071,0.0721,1.2154,0.1588,1.228
8.708557224,0.0657,1.2230,0.1615,1.235
8.70949884,0.0601,1.2313,0.1664,1.244
8.710903378,0.0574,1.2350,0.1691,1.248
8.712092224,0.0542,1.2440,0.1757,1.258
8.712384994,0.0508,1.2469,0.1786,1.261
8.712628417,0.0486,1.2552,0.1862,1.270
8.731227801,0.0423,1.2665,0.1932,1.282
8.731928917,0.0396,1.2716,0.1962,1.287
8.732187455,0.0303,1.2846,0.2042,1.301
8.732424224,0.0217,1.2992,0.2096,1.316
8.732685917,0.0169,1.3078,0.2128,1.325
8.732916994,0.0073,1.3246,0.2221,1.343
8.733138647,-0.0020,1.3422,0.2296,1.362
8.733374263,-0.0049,1.3513,0.2328,1.371
8.733606724,-0.0093,1.3701,0.2404,1.391
8.733837686,-0.0105,1.3796,0.2458,1.401
8.734218955,-0.0110,1.3991,0.2526,1.422
8.736240417,-0.0112,1.4170,0.2614,1.441
8.738126071,-0.0112,1.4260,0.2680,1.451
8.743540032,-0.0093,1.4419,0.2795,1.469
8.744112186,-0.0017,1.4558,0.2875,1.484
8.744386917,0.0017,1.4624,0.2912,1.491
8.749299686,0.0103,1.4744,0.2988,1.504
8.749604263,0.0151,1.4793,0.3005,1.510
8.749996494,0.0215,1.4888,0.3000,1.519
8.752038917,0.0269,1.4964,0.2963,1.526
8.754306378,0.0296,1.5010,0.2939,1.530
8.756501224,0.0347,1.5079,0.2866,1.535
8.758317955,0.0354,1.5137,0.2763,1.539
8.760173801,0.0347,1.5164,0.2712,1.541
8.761847071,0.0291,1.5240,0.2585,1.546
8.763989071,0.0249,1.5286,0.2504,1.549
8.765739147,0.0161,1.5379,0.2355,1.556
8.767801455,0.0059,1.5484,0.2189,1.564
8.769657494,0.0000,1.5533,0.2108,1.568
8.77540634,-0.0076,1.5631,0.1937,1.575
8.775987763,-0.0071,1.5733,0.1818,1.584
8.776237109,-0.0039,1.5782,0.1747,1.588
8.777661109,0.0017,1.5848,0.1608,1.593
8.779637571,-0.0017,1.5887,0.1520,1.596
8.781504686,-0.0173,1.6051,0.1209,1.610
8.783453994,-0.0892,1.6376,0.0669,1.641
8.785482801,-0.1065,1.6454,0.0462,1.649
8.787546878,-0.0882,1.6434,0.0249,1.646
8.806210686,-0.0281,1.6290,0.0093,1.629
8.806758647,0.0083,1.6168,-0.0012,1.617
8.807007494,0.0899,1.5899,-0.0213,1.593
8.807262224,0.1351,1.5787,-0.0274,1.585
8.807561494,0.2223,1.5499,-0.0464,1.566
8.807794801,0.2993,1.5211,-0.0721,1.552
8.808023801,0.3325,1.5057,-0.0875,1.544
8.808265301,0.4065,1.4754,-0.1097,1.534
8.808490032,0.4676,1.4473,-0.1363,1.527
8.808718109,0.4947,1.4319,-0.1495,1.522
8.809245301,0.5609,1.4026,-0.1671,1.520
8.811111686,0.5944,1.3886,-0.1710,1.520
8.813225763,0.6301,1.3684,-0.1925,1.519
8.815206301,0.6315,1.3552,-0.2238,1.512
8.817033609,0.6288,1.3488,-0.2372,1.507
8.818905032,0.6244,1.3378,-0.2597,1.499
8.821050801,0.6139,1.3232,-0.2802,1.485
8.824599263,0.6125,1.3158,-0.2873,1.480
8.825795301,0.6159,1.3017,-0.2919,1.469
8.826896263,0.6169,1.2941,-0.2946,1.464
8.828884917,0.6225,1.2767,-0.2990,1.452
8.830823994,0.6247,1.2570,-0.3020,1.436
8.832802186,0.6237,1.2450,-0.3049,1.425
8.83479907,0.6198,1.2210,-0.3120,1.404
8.836736686,0.6127,1.1966,-0.3171,1.381
8.839651455,0.6108,1.1834,-0.3200,1.370
8.842226186,0.6049,1.1609,-0.3281,1.350
8.84375007,0.6025,1.1512,-0.3318,1.341
8.845591609,0.5973,1.1333,-0.3369,1.325
8.846893224,0.5951,1.1236,-0.3420,1.317
8.848646186,0.5946,1.1184,-0.3433,1.312
8.850665917,0.5834,1.1040,-0.3494,1.297
8.85262207,0.5568,1.0872,-0.3628,1.274
8.854731994,0.5414,1.0789,-0.3682,1.262
8.858056494,0.5077,1.0608,-0.3775,1.235
8.859888994,0.4884,1.0522,-0.3828,1.222
8.861113455,0.4500,1.0363,-0.3904,1.195
8.863001263,0.4156,1.0210,-0.3982,1.172
8.864331224,0.3972,1.0122,-0.4036,1.160
8.866396686,0.3572,0.9899,-0.4214,1.134
8.868485301,0.3225,0.9723,-0.4217,1.108
8.870454186,0.3073,0.9672,-0.4200,1.098
8.875159647,0.2795,0.9577,-0.4134,1.080
8.879921109,0.2585,0.9540,-0.4073,1.069
8.881283801,0.2487,0.9408,-0.4055,1.054
8.882825763,0.2196,0.9274,-0.4038,1.035
8.884571224,0.2103,0.9193,-0.3997,1.024
8.88585557,0.1925,0.9042,-0.3916,1.004
8.887118878,0.1556,0.8920,-0.3931,0.987
8.888124186,0.1363,0.8854,-0.3936,0.978
8.888503686,0.1024,0.8751,-0.3938,0.965
8.894130763,0.0713,0.8663,-0.3936,0.954
8.894756609,0.0574,0.8609,-0.3946,0.949
8.895008455,0.0247,0.8512,-0.3975,0.940
8.896108224,-0.0059,0.8463,-0.3992,0.936
8.898119532,-0.0186,0.8382,-0.4012,0.929
8.90057534,-0.0398,0.8319,-0.4033,0.925
8.901856878,-0.0493,0.8287,-0.4036,0.923
8.90556657,-0.0733,0.8255,-0.4051,0.922
8.906049994,-0.1009,0.8233,-0.4112,0.926
8.926969109,-0.1178,0.8236,-0.4148,0.930
8.927782878,-0.1429,0.8218,-0.4173,0.933
8.92807507,-0.1615,0.8214,-0.4195,0.936
8.928321917,-0.1688,0.8206,-0.4205,0.937
8.92856557,-0.1805,0.8196,-0.4168,0.937
8.928800955,-0.1859,0.8192,-0.4139,0.936
8.929043955,-0.1906,0.8223,-0.4102,0.939
8.929275224,-0.1950,0.8250,-0.4038,0.939
8.929512609,-0.1954,0.8272,-0.3999,0.939
8.929743032,-0.1979,0.8292,-0.3924,0.938
8.929979032,-0.1967,0.8324,-0.3814,0.936
8.93022734,-0.1942,0.8353,-0.3755,0.936
8.931898647,-0.1881,0.8387,-0.3604,0.932
8.93405107,-0.1847,0.8399,-0.3523,0.929
8.935536455,-0.1735,0.8448,-0.3349,0.925
8.937435455,-0.1590,0.8465,-0.3166,0.918
8.940692647,-0.1520,0.8482,-0.3073,0.915
8.942821647,-0.1356,0.8502,-0.2873,0.908
8.94322884,-0.1151,0.8514,-0.2656,0.899
8.945533301,-0.1053,0.8507,-0.2548,0.894
8.947877993,-0.0838,0.8487,-0.2350,0.885
8.94926434,-0.0748,0.8492,-0.2245,0.882
8.951455032,-0.0533,0.8499,-0.2035,0.876
8.953316609,-0.0322,0.8475,-0.1832,0.868
8.955244917,-0.0217,0.8455,-0.1744,0.864
8.958338647,0.0024,0.8433,-0.1573,0.858
8.959196186,0.0237,0.8421,-0.1495,0.856
8.961393532,0.0340,0.8394,-0.1356,0.851
8.963034724,0.0567,0.8365,-0.1231,0.847
8.965006301,0.0674,0.8353,-0.1185,0.846
8.966920955,0.0875,0.8314,-0.1087,0.843
8.969037955,0.1087,0.8297,-0.1026,0.843
8.970973493,0.1182,0.8304,-0.0989,0.845
8.974348724,0.1373,0.8297,-0.0938,0.846
8.974825532,0.1476,0.8302,-0.0921,0.848
8.976820493,0.1652,0.8321,-0.0897,0.853
8.978880493,0.1810,0.8358,-0.0892,0.860
8.980912186,0.1893,0.8392,-0.0914,0.865
8.982775801,0.2023,0.8455,-0.0975,0.875
8.984748878,0.2103,0.8509,-0.0997,0.882
8.986729686,0.2155,0.8539,-0.0999,0.886
8.988916955,0.2267,0.8626,-0.1033,0.898
8.993719763,0.2370,0.8668,-0.1085,0.905
8.994368455,0.2424,0.8758,-0.1104,0.915
8.994641493,0.2514,0.8832,-0.1153,0.925
9.000081917,0.2558,0.8878,-0.1175,0.931
9.000567532,0.2648,0.8968,-0.1231,0.943
9.000836224,0.2714,0.9059,-0.1305,0.955
9.002464417,0.2741,0.9110,-0.1341,0.961
9.004403917,0.2817,0.9188,-0.1383,0.971
9.024088609,0.2868,0.9232,-0.1432,0.977
9.024800224,0.2888,0.9315,-0.1454,0.986
9.025082763,0.2929,0.9379,-0.1517,0.994
9.025336532,0.2941,0.9413,-0.1549,0.998
9.025573724,0.2959,0.9472,-0.1608,1.005
9.025818686,0.2956,0.9496,-0.1647,1.008
9.026053993,0.2951,0.9506,-0.1671,1.009
9.026288993,0.2932,0.9535,-0.1720,1.012
9.026522032,0.2919,0.9557,-0.1776,1.015
9.026759109,0.2895,0.9560,-0.1803,1.015
9.027004686,0.2861,0.9538,-0.1859,1.013
9.02854607,0.2834,0.9538,-0.1888,1.013
9.030443378,0.2768,0.9511,-0.1928,1.009
9.032839455,0.2714,0.9477,-0.1962,1.005
9.034147378,0.2673,0.9450,-0.1979,1.002
9.03664607,0.2558,0.9394,-0.2013,0.994
9.03832184,0.2448,0.9323,-0.2023,0.985
9.043331724,0.2397,0.9274,-0.2038,0.979
9.043932378,0.2218,0.9203,-0.2060,0.969
9.04418257,0.2125,0.9174,-0.2060,0.964
9.046489878,0.1957,0.9088,-0.2069,0.952
9.047957186,0.1769,0.8990,-0.2060,0.939
9.049976801,0.1671,0.8954,-0.2074,0.934
9.051997801,0.1512,0.8863,-0.2081,0.923
9.053694801,0.1358,0.8768,-0.2050,0.911
9.05777984,0.1278,0.8707,-0.2025,0.903
9.06012307,0.1158,0.8595,-0.1996,0.890
9.060457916,0.1082,0.8556,-0.1974,0.885
9.061771724,0.0867,0.8502,-0.1942,0.876
9.063892993,0.0704,0.8411,-0.1901,0.865
9.065695724,0.0638,0.8358,-0.1881,0.859
9.067731993,0.0523,0.8253,-0.1840,0.847
9.06966257,0.0401,0.8165,-0.1793,0.837
9.071650263,0.0352,0.8128,-0.1764,0.832
9.074619147,0.0261,0.8052,-0.1713,0.824
9.07577884,0.0186,0.8016,-0.1644,0.818
9.078149455,0.0164,0.7935,-0.1615,0.810
9.079452416,0.0149,0.7842,-0.1566,0.800
9.081405916,0.0142,0.7806,-0.1524,0.795
9.083432532,0.0151,0.7727,-0.1424,0.786
9.08545457,0.0132,0.7652,-0.1329,0.777
9.087438147,0.0137,0.7603,-0.1290,0.771
9.092857301,0.0134,0.7530,-0.1175,0.762
9.093437263,0.0139,0.7464,-0.1065,0.754
9.093685532,0.0144,0.7424,-0.1004,0.749
9.095395647,0.0127,0.7354,-0.0880,0.741
9.09746184,0.0127,0.7327,-0.0823,0.737
9.099244686,0.0173,0.7275,-0.0708,0.731
9.101324032,0.0195,0.7192,-0.0591,0.722
9.10316484,0.0198,0.7168,-0.0537,0.719
9.105273109,0.0222,0.7109,-0.0440,0.713
9.129758455,0.0232,0.7056,-0.0349,0.707
9.131689493,0.0237,0.7021,-0.0315,0.703
9.132893532,0.0257,0.6946,-0.0242,0.695
9.134020378,0.0247,0.6929,-0.0210,0.694
9.135158416,0.0266,0.6892,-0.0161,0.690
9.136402301,0.0261,0.6853,-0.0110,0.686
9.137585455,0.0271,0.6836,-0.0078,0.684
9.138892801,0.0266,0.6809,-0.0029,0.681
9.140233763,0.0288,0.6784,0.0010,0.679
9.141521455,0.0296,0.6779,0.0027,0.679
9.142608878,0.0325,0.6792,0.0022,0.680
9.143906263,0.0337,0.6801,0.0029,0.681
9.145064455,0.0359,0.6828,0.0054,0.684
9.146073609,0.0384,0.6858,0.0037,0.687
9.147096839,0.0403,0.6880,0.0037,0.689
9.148158186,0.0428,0.6933,0.0029,0.695
9.149189493,0.0447,0.6958,0.0015,0.697
9.150161109,0.0467,0.7048,-0.0010,0.706
9.151186224,0.0501,0.7141,-0.0012,0.716
9.152231993,0.0501,0.7202,-0.0029,0.722
9.153150416,0.0508,0.7317,-0.0059,0.733
9.154091532,0.0523,0.7402,-0.0071,0.742
9.155024224,0.0537,0.7464,-0.0086,0.748
9.156668378,0.0567,0.7615,-0.0103,0.764
9.158149493,0.0606,0.7676,-0.0120,0.770
9.159185263,0.0623,0.7796,-0.0154,0.782
9.159933301,0.0677,0.7918,-0.0193,0.795
9.160298839,0.0708,0.7981,-0.0215,0.802
9.162277878,0.0757,0.8111,-0.0266,0.815
9.163983263,0.0826,0.8267,-0.0310,0.831
9.16593657,0.0860,0.8333,-0.0330,0.838
9.168167416,0.0901,0.8468,-0.0384,0.852
9.170038763,0.0916,0.8534,-0.0410,0.859
9.172121993,0.0960,0.8707,-0.0459,0.877
9.176489839,0.1009,0.8861,-0.0513,0.893
9.177071763,0.1026,0.8929,-0.0555,0.901
9.177784532,0.1068,0.9093,-0.0608,0.918
9.180212224,0.1087,0.9249,-0.0667,0.934
9.182175416,0.1097,0.9323,-0.0694,0.941
9.183970032,0.1126,0.9491,-0.0760,0.959
9.186156224,0.1141,0.9569,-0.0804,0.967
9.18793457,0.1126,0.9711,-0.0875,0.982
9.202826224,0.1134,0.9865,-0.0970,0.998
9.203525609,0.1121,0.9933,-0.0997,1.005
9.203789763,0.1116,1.0063,-0.1077,1.018
9.204029839,0.1102,1.0185,-0.1197,1.031
9.204263686,0.1104,1.0239,-0.1253,1.037
9.204495339,0.1141,1.0332,-0.1324,1.048
9.204719686,0.1219,1.0366,-0.1363,1.053
9.204950801,0.1217,1.0481,-0.1446,1.065
9.205816878,0.1094,1.0583,-0.1520,1.075
9.208017301,0.1070,1.0613,-0.1534,1.078
9.209786801,0.1055,1.0686,-0.1588,1.085
9.211702493,0.1129,1.0723,-0.1617,1.090
9.213558301,0.1121,1.0749,-0.1642,1.093
9.215403609,0.1077,1.0774,-0.1659,1.095
9.217465955,0.1102,1.0779,-0.1664,1.096
9.219295416,0.1104,1.0779,-0.1649,1.096
9.22156207,0.0955,1.0786,-0.1625,1.095
9.224325032,0.0887,1.0793,-0.1615,1.095
9.225370147,0.0831,1.0784,-0.1556,1.093
9.227251724,0.0796,1.0747,-0.1510,1.088
9.229269493,0.0801,1.0725,-0.1485,1.086
9.231401493,0.0792,1.0657,-0.1444,1.078
9.233303878,0.0816,1.0566,-0.1383,1.069
9.235659724,0.0828,1.0525,-0.1358,1.064
9.237313955,0.0818,1.0437,-0.1290,1.055
9.239438455,0.0826,1.0393,-0.1266,1.050
9.242317916,0.0831,1.0310,-0.1212,1.041
9.243998609,0.0872,1.0224,-0.1168,1.033
9.245549955,0.0887,1.0183,-0.1153,1.029
9.247230493,0.0911,1.0100,-0.1107,1.020
9.249458532,0.0958,1.0039,-0.1080,1.014
9.251242916,0.0975,0.9999,-0.1063,1.010
9.253219224,0.1024,0.9926,-0.1031,1.003
9.255097109,0.1060,0.9904,-0.1041,1.001
9.258788493,0.1121,0.9843,-0.1041,0.996
9.260433301,0.1192,0.9816,-0.1043,0.994
9.262187686,0.1219,0.9799,-0.1043,0.993
9.263425724,0.1266,0.9792,-0.1055,0.993
9.265240647,0.1322,0.9770,-0.1094,0.992
9.267128647,0.1336,0.9748,-0.1107,0.990
9.269012109,0.1361,0.9755,-0.1119,0.991
9.270858532,0.1385,0.9760,-0.1182,0.993
9.275522493,0.1390,0.9775,-0.1207,0.995
9.277255916,0.1400,0.9784,-0.1241,0.996
9.278802839,0.1402,0.9787,-0.1261,0.997
9.280412455,0.1405,0.9780,-0.1307,0.997
9.281440455,0.1366,0.9804,-0.1371,0.999
9.282874532,0.1334,0.9824,-0.1385,1.001
9.285084532,0.1309,0.9836,-0.1432,1.003
9.286740609,0.1302,0.9885,-0.1446,1.007
9.289023762,0.1295,0.9909,-0.1444,1.010
9.295487609,0.1268,0.9973,-0.1461,1.016
9.296376224,0.1258,0.9990,-0.1476,1.018
9.296816109,0.1217,1.0017,-0.1505,1.020
9.297250955,0.1202,1.0080,-0.1488,1.026
9.30409057,0.1200,1.0107,-0.1478,1.028
9.304607839,0.1178,1.0153,-0.1454,1.032
9.304949262,0.1173,1.0192,-0.1407,1.036
9.305303647,0.1163,1.0219,-0.1385,1.038
9.325039378,0.1146,1.0266,-0.1327,1.041
9.326743955,0.1124,1.0293,-0.1309,1.044
9.327980609,0.1099,1.0363,-0.1256,1.050
9.329149762,0.1031,1.0442,-0.1207,1.056
9.330444686,0.1016,1.0473,-0.1180,1.059
9.331797839,0.0999,1.0556,-0.1131,1.066
9.332991032,0.1009,1.0600,-0.1075,1.070
9.334020801,0.1011,1.0679,-0.1058,1.078
9.334975224,0.1007,1.0757,-0.1055,1.086
9.336164493,0.1004,1.0815,-0.1055,1.091
9.337286801,0.1038,1.0903,-0.1131,1.101
9.338473455,0.1051,1.0989,-0.1248,1.111
9.339625262,0.1063,1.1035,-0.1322,1.116
9.340752878,0.1099,1.1160,-0.1520,1.132
9.342223109,0.1156,1.1223,-0.1744,1.142
9.343285224,0.1175,1.1348,-0.1869,1.156
9.344327993,0.1200,1.1482,-0.2091,1.173
9.345191378,0.1200,1.1568,-0.2194,1.184
9.346107724,0.1209,1.1771,-0.2389,1.207
9.349197839,0.1214,1.1998,-0.2565,1.233
9.350707109,0.1236,1.2130,-0.2646,1.248
9.351782839,0.1287,1.2399,-0.2780,1.277
9.352669532,0.1307,1.2701,-0.2839,1.308
9.354610685,0.1307,1.2855,-0.2844,1.323
9.356037185,0.1344,1.3171,-0.2841,1.354
9.356576493,0.1368,1.3329,-0.2856,1.370
9.360717224,0.1439,1.3659,-0.2910,1.404
9.361512916,0.1561,1.3965,-0.2981,1.436
9.36195657,0.1639,1.4104,-0.3017,1.452
9.36387757,0.1830,1.4343,-0.3100,1.479
9.365730532,0.2020,1.4563,-0.3193,1.505
9.36757607,0.2140,1.4646,-0.3230,1.515
9.369853262,0.2409,1.4788,-0.3296,1.534
9.371424416,0.2541,1.4842,-0.3337,1.542
9.374631224,0.2841,1.4917,-0.3415,1.556
9.375570378,0.3154,1.4917,-0.3454,1.563
9.37829557,0.3303,1.4910,-0.3450,1.566
9.379609455,0.3584,1.4890,-0.3433,1.570
9.381394224,0.3799,1.4822,-0.3379,1.567
9.383223762,0.3902,1.4778,-0.3349,1.565
9.385389685,0.4053,1.4663,-0.3271,1.556
9.387189147,0.4173,1.4588,-0.3208,1.551
9.389356647,0.4209,1.4426,-0.3171,1.536
9.395551993,0.4231,1.4241,-0.3149,1.519
9.396417185,0.4256,1.4143,-0.3152,1.510
9.396844878,0.4261,1.3962,-0.3176,1.494
9.397291032,0.4226,1.3769,-0.3215,1.476
9.399202109,0.4212,1.3662,-0.3247,1.466
9.401358647,0.4156,1.3439,-0.3318,1.445
9.403141647,0.4080,1.3219,-0.3415,1.425
9.40562807,0.4041,1.3109,-0.3454,1.415
9.434985378,0.3965,1.2868,-0.3491,1.391
9.437101109,0.3836,1.2640,-0.3520,1.367
9.438291685,0.3789,1.2521,-0.3523,1.355
9.43964057,0.3662,1.2281,-0.3523,1.329
9.441933416,0.3606,1.2169,-0.3511,1.317
9.443539262,0.3484,1.1934,-0.3459,1.290
9.445110685,0.3354,1.1697,-0.3430,1.264
9.446314685,0.3281,1.1585,-0.3403,1.251
9.447594916,0.3142,1.1353,-0.3357,1.225
9.449004839,0.3098,1.1236,-0.3323,1.212
9.450127532,0.3086,1.0986,-0.3237,1.186
9.451448762,0.3037,1.0723,-0.3149,1.158
9.452794801,0.3000,1.0593,-0.3108,1.144
9.453805185,0.3003,1.0351,-0.3044,1.120
9.455070339,0.3005,1.0124,-0.2971,1.097
9.456554685,0.3010,1.0014,-0.2927,1.086
9.457937262,0.3020,0.9780,-0.2858,1.063
9.459255878,0.3003,0.9662,-0.2817,1.050
9.460734455,0.2993,0.9477,-0.2739,1.031
9.46185507,0.3012,0.9281,-0.2658,1.011
9.463042147,0.3027,0.9203,-0.2617,1.004
9.464646685,0.3015,0.8998,-0.2519,0.982
9.465708032,0.3022,0.8834,-0.2453,0.965
9.466922762,0.3044,0.8746,-0.2421,0.957
9.468328416,0.3037,0.8582,-0.2348,0.940
9.468827378,0.3049,0.8504,-0.2316,0.933
9.469198416,0.3110,0.8358,-0.2272,0.920
9.469580032,0.3139,0.8248,-0.2231,0.910
9.469946339,0.3137,0.8167,-0.2218,0.903
9.470308339,0.3186,0.8023,-0.2167,0.890
9.470664032,0.3193,0.7972,-0.2145,0.885
9.471024416,0.3198,0.7881,-0.2150,0.877
9.471474801,0.3210,0.7803,-0.2128,0.870
9.47379907,0.3196,0.7762,-0.2125,0.866
9.474674685,0.3161,0.7691,-0.2138,0.859
9.476342108,0.3125,0.7652,-0.2157,0.854
9.47815207,0.3112,0.7635,-0.2167,0.852
9.480161493,0.3095,0.7615,-0.2182,0.850
9.481993647,0.3081,0.7603,-0.2194,0.849
9.484135455,0.2988,0.7578,-0.2204,0.844
9.485955493,0.2883,0.7576,-0.2216,0.840
9.487931378,0.2814,0.7578,-0.2231,0.839
9.492394647,0.2682,0.7586,-0.2248,0.835
9.493319378,0.2504,0.7620,-0.2248,0.833
9.493788647,0.2414,0.7639,-0.2260,0.832
9.496551916,0.2238,0.7671,-0.2255,0.830
9.497895147,0.2135,0.7696,-0.2253,0.830
9.500378455,0.1954,0.7769,-0.2218,0.831
9.501621032,0.1810,0.7825,-0.2187,0.832
9.503600108,0.1752,0.7857,-0.2160,0.833
9.505780339,0.1639,0.7923,-0.2094,0.836
9.512061685,0.1578,0.7984,-0.2028,0.839
9.512905647,0.1554,0.8023,-0.2003,0.841
9.513355032,0.1510,0.8074,-0.1952,0.844
9.51380557,0.1502,0.8109,-0.1932,0.847
9.51549007,0.1466,0.8187,-0.1888,0.853
9.517411262,0.1478,0.8275,-0.1852,0.861
9.519436378,0.1483,0.8326,-0.1827,0.865
9.52142607,0.1471,0.8407,-0.1788,0.872
9.523144224,0.1480,0.8487,-0.1744,0.879
9.545749108,0.1483,0.8531,-0.1713,0.883
9.54734957,0.1493,0.8622,-0.1656,0.891
9.548317455,0.1510,0.8670,-0.1634,0.895
9.549952647,0.1507,0.8749,-0.1568,0.902
9.551069147,0.1534,0.8851,-0.1537,0.911
9.552306262,0.1544,0.8893,-0.1517,0.915
9.553502339,0.1581,0.8993,-0.1466,0.925
9.554635839,0.1637,0.9078,-0.1412,0.933
9.555753339,0.1661,0.9125,-0.1395,0.938
9.556973262,0.1735,0.9183,-0.1329,0.944
9.557943685,0.1783,0.9223,-0.1287,0.948
9.559116839,0.1845,0.9293,-0.1212,0.955
9.560456185,0.1920,0.9350,-0.1138,0.961
9.561391185,0.1952,0.9372,-0.1102,0.964
9.562352531,0.2013,0.9413,-0.1026,0.968
9.563312801,0.2057,0.9438,-0.0941,0.970
9.564439031,0.2084,0.9479,-0.0909,0.975
9.565349493,0.2145,0.9508,-0.0826,0.978
9.566383685,0.2165,0.9511,-0.0789,0.979
9.567411916,0.2199,0.9526,-0.0723,0.980
9.56841107,0.2238,0.9545,-0.0679,0.983
9.569412031,0.2248,0.9545,-0.0665,0.983
9.570345455,0.2265,0.9535,-0.0638,0.982
9.571288724,0.2265,0.9523,-0.0611,0.981
9.574014608,0.2262,0.9511,-0.0596,0.979
9.574860301,0.2270,0.9508,-0.0611,0.979
9.577067416,0.2267,0.9499,-0.0606,0.978
9.578518185,0.2255,0.9462,-0.0608,0.975
9.580853455,0.2233,0.9445,-0.0589,0.972
9.582624608,0.2226,0.9425,-0.0577,0.970
9.585104378,0.2218,0.9398,-0.0569,0.967
9.586538416,0.2184,0.9359,-0.0540,0.963
9.588780878,0.2184,0.9337,-0.0528,0.960
9.593201416,0.2160,0.9301,-0.0498,0.956
9.594080955,0.2135,0.9264,-0.0459,0.952
9.594524801,0.2123,0.9249,-0.0432,0.950
9.596806493,0.2077,0.9205,-0.0388,0.944
9.59827157,0.2060,0.9179,-0.0371,0.941
9.600325955,0.2011,0.9110,-0.0354,0.934
9.602296378,0.1976,0.9056,-0.0344,0.928
9.604385224,0.1959,0.9030,-0.0332,0.925
9.606189801,0.1896,0.8986,-0.0327,0.919
9.612473801,0.1842,0.8927,-0.0313,0.912
9.613389916,0.1810,0.8900,-0.0310,0.909
9.61381607,0.1720,0.8844,-0.0325,0.902
9.619142378,0.1630,0.8819,-0.0335,0.897
9.619749185,0.1590,0.8758,-0.0332,0.891
9.620152301,0.1534,0.8670,-0.0337,0.881
9.620562839,0.1502,0.8631,-0.0335,0.877
9.622251839,0.1424,0.8551,-0.0354,0.868
9.64647557,0.1363,0.8463,-0.0376,0.858
9.648132416,0.1331,0.8421,-0.0381,0.853
9.649349531,0.1280,0.8338,-0.0398,0.845
9.65055857,0.1224,0.8226,-0.0435,0.833
9.651922339,0.1200,0.8170,-0.0445,0.827
9.653045455,0.1163,0.8060,-0.0469,0.816
9.654192262,0.1138,0.8008,-0.0498,0.810
9.655426455,0.1094,0.7876,-0.0530,0.797
9.656467147,0.1065,0.7796,-0.0606,0.789
9.657670955,0.1055,0.7747,-0.0638,0.784
9.659075224,0.1021,0.7642,-0.0696,0.774
9.66116357,0.0997,0.7591,-0.0706,0.769
9.662457454,0.0977,0.7493,-0.0784,0.760
9.664029685,0.0928,0.7420,-0.0843,0.752
9.665547762,0.0901,0.7368,-0.0858,0.747
9.66691757,0.0862,0.7283,-0.0904,0.739
9.668373339,0.0828,0.7192,-0.0950,0.730
9.669832608,0.0814,0.7144,-0.0970,0.725
9.67117457,0.0770,0.7056,-0.1014,0.717
9.672672147,0.0745,0.7026,-0.1033,0.714
9.67417807,0.0708,0.6936,-0.1080,0.706
9.675805608,0.0682,0.6867,-0.1114,0.699
9.676323339,0.0674,0.6819,-0.1134,0.694
9.676632839,0.0655,0.6740,-0.1168,0.687
9.677084993,0.0655,0.6689,-0.1200,0.683
9.678287493,0.0645,0.6635,-0.1200,0.677
9.678648147,0.0672,0.6565,-0.1229,0.671
9.678930993,0.0677,0.6521,-0.1236,0.667
9.679187108,0.0669,0.6450,-0.1231,0.660
9.68173257,0.0674,0.6406,-0.1231,0.656
9.683291301,0.0679,0.6389,-0.1234,0.654
9.684887108,0.0704,0.6345,-0.1219,0.650
9.686861993,0.0723,0.6308,-0.1204,0.646
9.689030416,0.0733,0.6315,-0.1192,0.647
9.692070801,0.0740,0.6318,-0.1151,0.646
9.692757108,0.0735,0.6318,-0.1141,0.646
9.694769301,0.0750,0.6291,-0.1116,0.643
9.696761531,0.0757,0.6315,-0.1070,0.645
9.698641878,0.0767,0.6335,-0.1053,0.647
9.70060357,0.0804,0.6352,-0.1002,0.648
9.702622954,0.0831,0.6376,-0.0948,0.650
9.70457257,0.0840,0.6440,-0.0931,0.656
9.706522301,0.0877,0.6496,-0.0901,0.662
9.710866916,0.0904,0.6530,-0.0877,0.665
9.711493993,0.0948,0.6621,-0.0833,0.674
9.712618762,0.0987,0.6709,-0.0796,0.683
9.716241301,0.1011,0.6762,-0.0774,0.688
9.716776454,0.1046,0.6863,-0.0740,0.698
9.718431031,0.1065,0.6902,-0.0716,0.702
9.720520031,0.1114,0.6997,-0.0679,0.712
9.72321507,0.1178,0.7114,-0.0665,0.724
9.738223608,0.1197,0.7175,-0.0643,0.730
9.738870108,0.1204,0.7297,-0.0640,0.742
9.739121454,0.1241,0.7434,-0.0613,0.756
9.739412801,0.1263,0.7508,-0.0608,0.764
9.739650724,0.1300,0.7647,-0.0596,0.778
9.739883185,0.1309,0.7720,-0.0591,0.785
9.740108416,0.1327,0.7862,-0.0574,0.799
9.740355647,0.1366,0.7996,-0.0567,0.813
9.740600224,0.1393,0.8082,-0.0569,0.822
9.751147801,0.1429,0.8221,-0.0569,0.836
9.751798685,0.1471,0.8365,-0.0567,0.851
9.75258257,0.1476,0.8446,-0.0564,0.859
9.752874916,0.1527,0.8592,-0.0596,0.875
9.753119608,0.1576,0.8666,-0.0589,0.883
9.753349339,0.1595,0.8810,-0.0591,0.897
9.75394157,0.1627,0.8944,-0.0589,0.911
9.755997493,0.1659,0.9022,-0.0599,0.919
9.759289147,0.1703,0.9181,-0.0623,0.936
9.759995762,0.1730,0.9320,-0.0633,0.950
9.761911724,0.1749,0.9379,-0.0650,0.956
9.763875031,0.1810,0.9491,-0.0684,0.969
9.765668685,0.1867,0.9606,-0.0721,0.981
9.767694031,0.1884,0.9662,-0.0730,0.987
9.769687416,0.1925,0.9767,-0.0772,0.999
9.771687916,0.1947,0.9809,-0.0787,1.003
9.774188147,0.1991,0.9921,-0.0816,1.015
9.776434685,0.2035,0.9999,-0.0865,1.024
9.777552493,0.2045,1.0034,-0.0887,1.028
9.779847147,0.2064,1.0114,-0.0919,1.036
9.781637993,0.2125,1.0151,-0.0955,1.041
9.783505031,0.2145,1.0188,-0.0977,1.046
9.785440993,0.2169,1.0246,-0.1021,1.052
9.78743057,0.2172,1.0280,-0.1065,1.056
9.789657108,0.2174,1.0305,-0.1077,1.059
9.794357262,0.2184,1.0329,-0.1104,1.062
9.794912454,0.2189,1.0354,-0.1114,1.064
9.795674531,0.2191,1.0363,-0.1158,1.066
9.798629993,0.2189,1.0354,-0.1178,1.065
9.799977416,0.2174,1.0363,-0.1165,1.065
9.80137107,0.2169,1.0363,-0.1168,1.065
9.803343762,0.2147,1.0366,-0.1178,1.065
9.805552954,0.2130,1.0371,-0.1185,1.065
9.822759224,0.2143,1.0371,-0.1187,1.066
9.823590954,0.2099,1.0356,-0.1185,1.063
9.82396157,0.2079,1.0319,-0.1195,1.059
9.82429407,0.2047,1.0300,-0.1185,1.057
9.824623377,0.2028,1.0288,-0.1200,1.055
9.824984801,0.1981,1.0283,-0.1234,1.054
9.825241108,0.1954,1.0258,-0.1241,1.052
9.825469454,0.1942,1.0229,-0.1256,1.049
9.825700608,0.1920,1.0205,-0.1268,1.046
9.826251224,0.1886,1.0180,-0.1278,1.043
9.827031339,0.1881,1.0114,-0.1283,1.037
9.829454493,0.1869,1.0102,-0.1290,1.035
9.830971877,0.1845,1.0095,-0.1300,1.034
9.833006647,0.1788,1.0046,-0.1327,1.029
9.835014954,0.1791,1.0014,-0.1341,1.026
9.836962916,0.1769,1.0004,-0.1353,1.025
9.839004993,0.1759,0.9987,-0.1371,1.023
9.842322724,0.1759,0.9970,-0.1385,1.022
9.84299757,0.1739,0.9936,-0.1380,1.018
9.844683801,0.1757,0.9902,-0.1393,1.015
9.846666339,0.1761,0.9892,-0.1393,1.014
9.848848108,0.1786,0.9894,-0.1378,1.015
9.850609954,0.1801,0.9880,-0.1353,1.013
9.852661031,0.1815,0.9877,-0.1346,1.013
9.85455757,0.1832,0.9877,-0.1324,1.013
9.856707147,0.1859,0.9885,-0.1297,1.014
9.86031857,0.1884,0.9892,-0.1270,1.015
9.861619454,0.1910,0.9907,-0.1195,1.016
9.862786647,0.1925,0.9924,-0.1158,1.017
9.864870301,0.1952,0.9953,-0.1065,1.020
9.86666757,0.1996,0.9990,-0.0982,1.023
9.868777762,0.2020,1.0012,-0.0928,1.026
9.870491454,0.2081,1.0056,-0.0809,1.030
9.872549801,0.2111,1.0075,-0.0757,1.032
9.876387224,0.2167,1.0131,-0.0660,1.038
9.878013493,0.2233,1.0195,-0.0596,1.045
9.8791933,0.2250,1.0236,-0.0555,1.050
9.880460377,0.2299,1.0295,-0.0474,1.056
9.882367377,0.2338,1.0378,-0.0406,1.065
9.884397993,0.2360,1.0422,-0.0374,1.069
9.886363762,0.2406,1.0534,-0.0322,1.081
9.888436185,0.2426,1.0640,-0.0259,1.092
9.89044307,0.2424,1.0696,-0.0230,1.097
9.901042454,0.2411,1.0820,-0.0181,1.109
9.902582262,0.2414,1.0884,-0.0134,1.115
9.90378107,0.2387,1.1001,-0.0149,1.126
9.904758954,0.2343,1.1131,-0.0230,1.138
9.905741839,0.2328,1.1206,-0.0281,1.145
9.906850647,0.2296,1.1346,-0.0322,1.158
9.907889724,0.2240,1.1485,-0.0303,1.171
9.908201954,0.2228,1.1568,-0.0308,1.178
9.908437762,0.2209,1.1741,-0.0349,1.195
9.932130262,0.2204,1.1915,-0.0388,1.212
9.933757993,0.2187,1.2000,-0.0425,1.221
9.934878108,0.2167,1.2152,-0.0491,1.235
9.936270608,0.2160,1.2237,-0.0511,1.244
9.937384339,0.2108,1.2394,-0.0572,1.258
9.938567647,0.2069,1.2565,-0.0677,1.275
9.939940647,0.2033,1.2643,-0.0740,1.283
9.941122724,0.1952,1.2829,-0.0870,1.301
9.942325993,0.1876,1.3009,-0.0999,1.318
9.943520762,0.1837,1.3097,-0.1077,1.327
9.944794608,0.1752,1.3280,-0.1226,1.345
9.945917839,0.1722,1.3381,-0.1278,1.355
9.946977147,0.1713,1.3564,-0.1375,1.374
9.948186954,0.1681,1.3757,-0.1478,1.394
9.949181031,0.1686,1.3855,-0.1522,1.404
9.950164493,0.1739,1.4055,-0.1620,1.425
9.951271416,0.1857,1.4270,-0.1700,1.449
9.952547185,0.1930,1.4375,-0.1727,1.461
9.953702108,0.2084,1.4612,-0.1803,1.487
9.954656262,0.2238,1.4729,-0.1837,1.501
9.955878877,0.2326,1.5030,-0.1871,1.532
9.95681957,0.2492,1.5306,-0.1942,1.563
9.958341339,0.2573,1.5438,-0.1989,1.578
9.959627262,0.2785,1.5692,-0.2020,1.606
9.960106877,0.2954,1.5912,-0.2091,1.632
9.960356916,0.3015,1.6026,-0.2125,1.645
9.962270377,0.3144,1.6215,-0.2213,1.666
9.9633518,0.3230,1.6281,-0.2267,1.675
9.965217262,0.3352,1.6393,-0.2360,1.690
9.967222493,0.3489,1.6427,-0.2446,1.697
9.969325224,0.3560,1.6430,-0.2494,1.699
9.971095839,0.3682,1.6388,-0.2570,1.699
9.973139608,0.3823,1.6325,-0.2626,1.697
9.977095377,0.3870,1.6185,-0.2634,1.685
9.977607454,0.3960,1.5990,-0.2636,1.668
9.97902607,0.4014,1.5858,-0.2639,1.657
9.9811348,0.4046,1.5548,-0.2643,1.628
9.98296857,0.4016,1.5223,-0.2634,1.596
9.985023377,0.3972,1.5057,-0.2621,1.579
9.986782416,0.3916,1.4715,-0.2543,1.544
9.988866647,0.3836,1.4534,-0.2494,1.524
9.990713339,0.3770,1.4182,-0.2416,1.487
9.995040185,0.3594,1.3835,-0.2340,1.448
9.995711031,0.3481,1.3681,-0.2306,1.430
9.996585762,0.3225,1.3403,-0.2223,1.396
9.998683647,0.2949,1.3117,-0.2162,1.362
10.001138647,0.2812,1.2990,-0.2140,1.346
10.002634608,0.2538,1.2750,-0.2081,1.317
10.004652147,0.2279,1.2633,-0.2045,1.300
10.006446416,0.2145,1.2396,-0.2035,1.274
10.021121839,0.1884,1.2176,-0.2025,1.249
10.021742031,0.1759,1.2064,-0.2023,1.236
10.021997147,0.1524,1.1846,-0.2028,1.212
10.022249223,0.1287,1.1644,-0.2035,1.189
10.022487454,0.1182,1.1531,-0.2047,1.177
10.0227163,0.0989,1.1314,-0.2096,1.155
10.022948685,0.0782,1.1111,-0.2152,1.134
10.02317107,0.0682,1.1016,-0.2179,1.125
10.034589031,0.0486,1.0813,-0.2211,1.105
10.035198916,0.0391,1.0710,-0.2221,1.095
10.035527647,0.0203,1.0491,-0.2262,1.073
10.03582107,0.0039,1.0310,-0.2314,1.057
10.036067916,-0.0039,1.0212,-0.2331,1.047
10.036326377,-0.0198,1.0021,-0.2384,1.030
10.036585762,-0.0344,0.9919,-0.2416,1.021
10.038229108,-0.0388,0.9701,-0.2441,1.001
10.039994031,-0.0489,0.9486,-0.2448,0.981
10.046059608,-0.0547,0.9379,-0.2450,0.971
10.046709031,-0.0682,0.9183,-0.2465,0.953
10.0469723,-0.0777,0.8964,-0.2458,0.933
10.049358262,-0.0821,0.8859,-0.2460,0.923
10.051561454,-0.0892,0.8639,-0.2424,0.902
10.051863608,-0.0955,0.8531,-0.2406,0.892
10.054604223,-0.0982,0.8314,-0.2358,0.870
10.056085416,-0.1029,0.8099,-0.2304,0.848
10.05950307,-0.1048,0.7999,-0.2262,0.838
10.060629223,-0.1077,0.7806,-0.2167,0.817
10.06183607,-0.1112,0.7603,-0.2086,0.796
10.064013723,-0.1121,0.7505,-0.2047,0.786
10.065950108,-0.1158,0.7307,-0.1957,0.765
10.068106993,-0.1192,0.7122,-0.1862,0.746
10.069874531,-0.1192,0.7036,-0.1813,0.736
10.073398762,-0.1214,0.6885,-0.1717,0.720
10.073847647,-0.1224,0.6804,-0.1664,0.711
10.0794093,-0.1248,0.6662,-0.1556,0.695
10.08028257,-0.1236,0.6511,-0.1459,0.679
10.080707531,-0.1226,0.6440,-0.1422,0.671
10.081819493,-0.1222,0.6310,-0.1327,0.656
10.0845993,-0.1202,0.6227,-0.1239,0.646
10.085740493,-0.1180,0.6181,-0.1195,0.640
10.087724031,-0.1109,0.6100,-0.1112,0.630
10.089775377,-0.1073,0.6056,-0.1077,0.624
10.097630146,-0.1016,0.5983,-0.1019,0.615
10.098798185,-0.0897,0.5946,-0.0926,0.608
10.09927307,-0.0843,0.5929,-0.0889,0.605
10.099786185,-0.0728,0.5922,-0.0850,0.603
10.1047748,-0.0574,0.5907,-0.0814,0.599
10.105392685,-0.0508,0.5917,-0.0789,0.599
10.105737608,-0.0369,0.5939,-0.0735,0.600
10.1060718,-0.0242,0.5981,-0.0696,0.603
10.107707454,-0.0186,0.6003,-0.0696,0.605
10.132265685,-0.0071,0.6059,-0.0687,0.610
10.132917954,-0.0005,0.6105,-0.0667,0.614
10.133197723,0.0105,0.6200,-0.0650,0.624
10.133447762,0.0178,0.6301,-0.0645,0.634
10.133683262,0.0227,0.6359,-0.0655,0.640
10.133910108,0.0327,0.6474,-0.0669,0.652
10.134152954,0.0393,0.6594,-0.0687,0.664
10.134386993,0.0415,0.6667,-0.0711,0.672
10.134642146,0.0472,0.6814,-0.0743,0.687
10.134871185,0.0513,0.6882,-0.0750,0.694
10.135106954,0.0577,0.7048,-0.0784,0.712
10.135346108,0.0623,0.7222,-0.0809,0.729
10.135623723,0.0650,0.7305,-0.0836,0.738
10.135851262,0.0730,0.7471,-0.0889,0.756
10.137118993,0.0794,0.7649,-0.0926,0.775
10.139306723,0.0818,0.7749,-0.0928,0.785
10.141269454,0.0884,0.7925,-0.0977,0.803
10.146817454,0.0923,0.8021,-0.1019,0.814
10.147465839,0.0955,0.8206,-0.1031,0.833
10.147741608,0.1029,0.8389,-0.1094,0.852
10.148945608,0.1053,0.8480,-0.1126,0.862
10.150547339,0.1114,0.8656,-0.1197,0.881
10.152720993,0.1185,0.8824,-0.1239,0.899
10.154457339,0.1204,0.8922,-0.1275,0.909
10.156620531,0.1256,0.9093,-0.1356,0.928
10.1599113,0.1285,0.9186,-0.1383,0.938
10.160654146,0.1351,0.9347,-0.1439,0.955
10.162459646,0.1402,0.9506,-0.1485,0.972
10.164519377,0.1434,0.9574,-0.1522,0.980
10.166283146,0.1485,0.9709,-0.1583,0.995
10.168415916,0.1532,0.9833,-0.1642,1.009
10.170467954,0.1551,0.9892,-0.1673,1.015
10.172578646,0.1576,0.9975,-0.1720,1.024
10.174663377,0.1637,1.0009,-0.1739,1.029
10.177459416,0.1659,1.0085,-0.1766,1.037
10.178933493,0.1681,1.0126,-0.1798,1.042
10.1804938,0.1691,1.0151,-0.1808,1.045
10.182318262,0.1717,1.0192,-0.1830,1.050
10.184618685,0.1720,1.0214,-0.1862,1.052
10.186257954,0.1722,1.0197,-0.1857,1.051
10.188386377,0.1732,1.0175,-0.1837,1.048
10.190323877,0.1722,1.0158,-0.1823,1.046
10.200995916,0.1727,1.0148,-0.1808,1.045
10.202485223,0.1705,1.0112,-0.1769,1.041
10.203582839,0.1688,1.0090,-0.1747,1.038
10.204858839,0.1659,1.0043,-0.1686,1.032
10.206020146,0.1620,0.9985,-0.1605,1.024
10.207112146,0.1581,0.9953,-0.1571,1.020
10.208005569,0.1502,0.9885,-0.1502,1.011
10.208299339,0.1434,0.9787,-0.1424,0.999
10.230525569,0.1397,0.9738,-0.1385,0.993
10.231178108,0.1322,0.9660,-0.1280,0.983
10.231480031,0.1258,0.9579,-0.1197,0.974
10.231723723,0.1209,0.9530,-0.1163,0.968
10.231962762,0.1126,0.9403,-0.1070,0.953
10.2322118,0.1082,0.9347,-0.1038,0.947
10.232455146,0.0992,0.9218,-0.0963,0.932
10.232681954,0.0906,0.9118,-0.0889,0.921
10.2329233,0.0870,0.9044,-0.0858,0.913
10.2331653,0.0792,0.8888,-0.0787,0.896
10.233386608,0.0735,0.8766,-0.0721,0.883
10.233616954,0.0689,0.8700,-0.0691,0.875
10.233839262,0.0645,0.8556,-0.0640,0.860
10.234066493,0.0616,0.8480,-0.0608,0.852
10.2359138,0.0550,0.8321,-0.0555,0.836
10.237838377,0.0496,0.8189,-0.0493,0.822
10.239696223,0.0467,0.8116,-0.0469,0.814
10.242803493,0.0393,0.7977,-0.0435,0.800
10.244070339,0.0330,0.7857,-0.0374,0.787
10.245841954,0.0303,0.7798,-0.0347,0.781
10.247770762,0.0247,0.7674,-0.0300,0.768
10.249401262,0.0232,0.7605,-0.0281,0.761
10.251471223,0.0186,0.7486,-0.0230,0.749
10.253524493,0.0139,0.7366,-0.0225,0.737
10.255461916,0.0120,0.7312,-0.0200,0.732
10.257573954,0.0071,0.7212,-0.0169,0.721
10.260671839,0.0029,0.7102,-0.0139,0.710
10.261869762,0.0027,0.7051,-0.0132,0.705
10.263613531,-0.0005,0.6970,-0.0120,0.697
10.265350569,-0.0020,0.6943,-0.0105,0.694
10.2673468,-0.0017,0.6889,-0.0100,0.689
10.269285069,-0.0032,0.6811,-0.0081,0.681
10.271346339,-0.0034,0.6777,-0.0068,0.678
10.273263069,-0.0032,0.6726,-0.0066,0.673
10.277690993,-0.0029,0.6674,-0.0071,0.667
10.279181454,-0.0022,0.6662,-0.0068,0.666
10.280470262,0.0002,0.6635,-0.0068,0.664
10.281640069,0.0012,0.6618,-0.0068,0.662
10.283181031,0.0046,0.6618,-0.0086,0.662
10.285180146,0.0064,0.6628,-0.0120,0.663
10.287228839,0.0081,0.6626,-0.0122,0.663
10.289297069,0.0103,0.6645,-0.0139,0.665
10.291289069,0.0142,0.6665,-0.0164,0.667
10.3023123,0.0164,0.6677,-0.0195,0.668
10.304041646,0.0213,0.6714,-0.0220,0.672
10.305003608,0.0225,0.6743,-0.0232,0.675
10.305941608,0.0279,0.6799,-0.0247,0.681
10.307100069,0.0332,0.6897,-0.0293,0.691
10.3080603,0.0347,0.6941,-0.0310,0.696
10.308434377,0.0398,0.7004,-0.0347,0.702
10.308931531,0.0457,0.7075,-0.0386,0.710
10.3092288,0.0474,0.7119,-0.0403,0.715
10.337006723,0.0523,0.7231,-0.0457,0.726
10.337896377,0.0557,0.7300,-0.0481,0.734
10.338337223,0.0603,0.7432,-0.0545,0.748
10.338744531,0.0625,0.7549,-0.0589,0.760
10.339162569,0.0650,0.7615,-0.0613,0.767
10.339711762,0.0672,0.7749,-0.0655,0.781
10.340118339,0.0728,0.7823,-0.0682,0.789
10.340544185,0.0740,0.7967,-0.0713,0.803
10.340952569,0.0760,0.8121,-0.0762,0.819
10.341365992,0.0772,0.8201,-0.0774,0.827
10.341774762,0.0772,0.8365,-0.0806,0.844
10.342201223,0.0777,0.8519,-0.0838,0.860
10.342583954,0.0799,0.8587,-0.0865,0.867
10.342982646,0.0867,0.8685,-0.0911,0.878
10.344008146,0.0889,0.8761,-0.0931,0.885
10.344465146,0.0850,0.8946,-0.0897,0.903
10.344892723,0.0767,0.9171,-0.0872,0.924
10.345301108,0.0716,0.9281,-0.0862,0.935
10.347750646,0.0635,0.9499,-0.0880,0.956
10.348581108,0.0618,0.9679,-0.0897,0.974
10.350000454,0.0613,0.9760,-0.0904,0.982
10.352818762,0.0623,0.9892,-0.0923,0.995
10.354256723,0.0633,0.9955,-0.0938,1.002
10.356401992,0.0694,1.0073,-0.0970,1.014
10.357840839,0.0677,1.0232,-0.0958,1.030
10.360427377,0.0650,1.0327,-0.0950,1.039
10.365168492,0.0572,1.0508,-0.0911,1.056
10.366036839,0.0547,1.0669,-0.0880,1.072
10.366479954,0.0540,1.0745,-0.0870,1.079
10.368404723,0.0550,1.0889,-0.0848,1.094
10.369775531,0.0555,1.0950,-0.0833,1.100
10.371750185,0.0552,1.1067,-0.0821,1.111
10.373697146,0.0581,1.1157,-0.0806,1.120
10.377236454,0.0601,1.1199,-0.0789,1.124
10.378264839,0.0596,1.1333,-0.0748,1.137
10.379850185,0.0569,1.1482,-0.0672,1.152
10.3823308,0.0552,1.1558,-0.0635,1.159
10.383729877,0.0508,1.1685,-0.0579,1.171
10.385479877,0.0491,1.1727,-0.0535,1.175
10.388263569,0.0489,1.1798,-0.0518,1.182
10.389786108,0.0496,1.1861,-0.0452,1.188
10.391664916,0.0486,1.1898,-0.0430,1.192
10.403126223,0.0474,1.1951,-0.0374,1.197
10.404803839,0.0474,1.1973,-0.0332,1.199
10.405899608,0.0476,1.1986,-0.0300,1.200
10.407151646,0.0454,1.2000,-0.0230,1.201
10.408869531,0.0450,1.2005,-0.0183,1.202
10.410809339,0.0425,1.2000,-0.0161,1.201
10.412592569,0.0381,1.1986,-0.0129,1.199
10.414153492,0.0364,1.1961,-0.0112,1.197
10.4158768,0.0313,1.1934,-0.0059,1.194
10.416816839,0.0266,1.1898,-0.0010,1.190
10.417497762,0.0239,1.1856,0.0024,1.186
10.417937646,0.0205,1.1763,0.0088,1.177
10.418338954,0.0142,1.1710,0.0132,1.171
10.439558069,0.0117,1.1673,0.0151,1.167
10.440460031,0.0076,1.1578,0.0183,1.158
10.440851915,0.0022,1.1526,0.0203,1.153
10.441211069,0.0000,1.1426,0.0200,1.143
10.441596031,-0.0049,1.1333,0.0188,1.134
10.441973839,-0.0061,1.1292,0.0166,1.129
10.442314146,-0.0098,1.1179,0.0139,1.118
10.4426483,-0.0171,1.1087,0.0081,1.109
10.442973262,-0.0213,1.1055,0.0056,1.106
10.443289877,-0.0288,1.0994,0.0007,1.100
10.443793492,-0.0371,1.0950,-0.0039,1.096
10.444159185,-0.0406,1.0942,-0.0068,1.095
10.452472877,-0.0472,1.0920,-0.0117,1.093
10.453704415,-0.0491,1.0908,-0.0147,1.092
10.454347146,-0.0540,1.0908,-0.0239,1.092
10.454883877,-0.0596,1.0899,-0.0362,1.092
10.455517992,-0.0621,1.0906,-0.0428,1.093
10.456046185,-0.0677,1.0952,-0.0528,1.099
10.458672454,-0.0752,1.1006,-0.0596,1.105
10.459314915,-0.0796,1.1026,-0.0633,1.107
10.464780069,-0.0826,1.1089,-0.0743,1.114
10.465634723,-0.0845,1.1111,-0.0806,1.117
10.466177454,-0.0865,1.1165,-0.0919,1.124
10.466712608,-0.0901,1.1238,-0.1021,1.132
10.467251223,-0.0916,1.1280,-0.1080,1.137
10.468805262,-0.0933,1.1355,-0.1146,1.145
10.470557377,-0.0936,1.1446,-0.1207,1.155
10.472481646,-0.0936,1.1492,-0.1246,1.160
10.474403762,-0.0967,1.1587,-0.1349,1.171
10.481723069,-0.0975,1.1631,-0.1395,1.176
10.482721954,-0.0955,1.1717,-0.1478,1.185
10.4834698,-0.0928,1.1778,-0.1527,1.191
10.483956762,-0.0904,1.1790,-0.1556,1.193
10.484465185,-0.0833,1.1849,-0.1615,1.199
10.486400339,-0.0752,1.1942,-0.1654,1.208
10.488961339,-0.0713,1.2008,-0.1666,1.214
10.490384223,-0.0594,1.2125,-0.1686,1.226
10.513929608,-0.0542,1.2181,-0.1698,1.231
10.515721223,-0.0425,1.2269,-0.1722,1.240
10.516765262,-0.0286,1.2335,-0.1771,1.246
10.517900915,-0.0208,1.2367,-0.1810,1.250
10.519683877,-0.0012,1.2416,-0.1898,1.256
10.521341646,0.0205,1.2445,-0.2042,1.261
10.522490954,0.0313,1.2465,-0.2128,1.265
10.5236893,0.0508,1.2501,-0.2274,1.272
10.5246468,0.0616,1.2533,-0.2353,1.277
10.525931262,0.0804,1.2618,-0.2526,1.289
10.527035992,0.1014,1.2643,-0.2717,1.297
10.528209531,0.1116,1.2584,-0.2829,1.295
10.529220608,0.1219,1.2535,-0.3000,1.295
10.530174838,0.1287,1.2577,-0.3125,1.302
10.531066838,0.1314,1.2667,-0.3117,1.311
10.532231146,0.1405,1.2833,-0.3152,1.329
10.533140915,0.1483,1.2929,-0.3117,1.338
10.534222838,0.1524,1.3205,-0.2932,1.361
10.535135185,0.1649,1.3508,-0.2739,1.388
10.536283454,0.1722,1.3666,-0.2648,1.403
10.537217185,0.1901,1.4026,-0.2467,1.437
10.538214223,0.2165,1.4360,-0.2304,1.470
10.539691146,0.2318,1.4534,-0.2233,1.489
10.540358031,0.2629,1.4864,-0.2064,1.523
10.540749992,0.2775,1.5047,-0.1979,1.543
10.542961223,0.3117,1.5518,-0.1705,1.592
10.544364415,0.3508,1.5948,-0.1517,1.640
10.5455278,0.3748,1.6102,-0.1471,1.660
10.547750146,0.4226,1.6320,-0.1373,1.691
10.549900569,0.4722,1.6415,-0.1380,1.714
10.553323723,0.4945,1.6452,-0.1388,1.723
10.553831338,0.5338,1.6459,-0.1417,1.736
10.555746492,0.5687,1.6427,-0.1434,1.744
10.557436415,0.5827,1.6300,-0.1412,1.737
10.560737454,0.6049,1.6114,-0.1393,1.727
10.562210646,0.6149,1.6007,-0.1383,1.720
10.563547031,0.6281,1.5724,-0.1351,1.699
10.565510608,0.6313,1.5377,-0.1322,1.667
10.567267223,0.6293,1.5198,-0.1302,1.650
10.569198338,0.6198,1.4832,-0.1263,1.612
10.571258877,0.6051,1.4458,-0.1204,1.572
10.573217569,0.5954,1.4275,-0.1163,1.551
10.575240646,0.5739,1.3918,-0.1058,1.509
10.579030531,0.5602,1.3745,-0.0992,1.488
10.579914646,0.5316,1.3393,-0.0853,1.443
10.580921838,0.5050,1.3048,-0.0728,1.401
10.5830673,0.4918,1.2880,-0.0674,1.380
10.585497146,0.4622,1.2516,-0.0555,1.335
10.587008954,0.4305,1.2181,-0.0486,1.293
10.589496338,0.4178,1.2017,-0.0457,1.273
10.5909138,0.3946,1.1671,-0.0420,1.233
10.597707954,0.3831,1.1504,-0.0398,1.213
10.5985403,0.3635,1.1170,-0.0369,1.175
10.598982069,0.3437,1.0855,-0.0362,1.139
10.599514377,0.3347,1.0696,-0.0369,1.121
10.600803992,0.3181,1.0398,-0.0408,1.088
10.602715954,0.3068,1.0073,-0.0469,1.054
10.604821338,0.3007,0.9912,-0.0501,1.037
10.606876723,0.2885,0.9648,-0.0533,1.008
10.608902223,0.2775,0.9518,-0.0562,0.993
10.632740915,0.2714,0.9257,-0.0603,0.967
10.634330146,0.2587,0.9000,-0.0694,0.939
10.635541877,0.2529,0.8876,-0.0757,0.926
10.636794108,0.2433,0.8663,-0.0875,0.904
10.637958954,0.2365,0.8431,-0.0985,0.881
10.638943415,0.2328,0.8326,-0.1043,0.871
10.640271031,0.2294,0.8150,-0.1148,0.854
10.641311954,0.2250,0.8057,-0.1263,0.846
10.642773569,0.2221,0.7876,-0.1317,0.829
10.644133492,0.2172,0.7737,-0.1454,0.817
10.645292146,0.2140,0.7664,-0.1515,0.810
10.6464348,0.2099,0.7552,-0.1617,0.800
10.647559685,0.2050,0.7429,-0.1705,0.789
10.648552492,0.2016,0.7385,-0.1739,0.785
10.649478992,0.1940,0.7285,-0.1786,0.775
10.650474415,0.1876,0.7256,-0.1852,0.772
10.651405415,0.1842,0.7183,-0.1879,0.765
10.6525508,0.1727,0.7139,-0.1915,0.759
10.653648031,0.1673,0.7109,-0.1947,0.756
10.654716838,0.1576,0.7041,-0.2020,0.749
10.655949685,0.1476,0.7012,-0.2072,0.746
10.656849646,0.1410,0.7007,-0.2052,0.744
10.658010377,0.1283,0.6977,-0.1989,0.737
10.659160223,0.1173,0.6965,-0.1991,0.734
10.660398954,0.1134,0.6951,-0.1998,0.732
10.6614208,0.1068,0.6938,-0.1957,0.729
10.662518723,0.1024,0.6936,-0.1947,0.728
10.665318146,0.0943,0.6921,-0.1893,0.724
10.665899608,0.0899,0.6924,-0.1837,0.722
10.671081223,0.0889,0.6924,-0.1801,0.721
10.671410685,0.0865,0.6938,-0.1691,0.719
10.672163992,0.0828,0.6943,-0.1586,0.717
10.673713761,0.0801,0.6963,-0.1520,0.717
10.6773903,0.0796,0.6973,-0.1378,0.715
10.678396646,0.0796,0.6990,-0.1300,0.715
10.6796948,0.0777,0.7034,-0.1126,0.717
10.681827915,0.0757,0.7082,-0.0950,0.719
10.683577454,0.0765,0.7112,-0.0858,0.720
10.685647069,0.0787,0.7173,-0.0694,0.725
10.687686646,0.0816,0.7234,-0.0545,0.730
10.689666531,0.0816,0.7271,-0.0476,0.733
10.6915723,0.0836,0.7344,-0.0347,0.740
10.696204608,0.0855,0.7388,-0.0308,0.744
10.696818069,0.0921,0.7444,-0.0205,0.750
10.697617377,0.0953,0.7510,-0.0098,0.757
10.702377261,0.0967,0.7556,-0.0068,0.762
10.702823338,0.1014,0.7625,-0.0039,0.769
10.703441569,0.1065,0.7710,-0.0020,0.778
10.706885223,0.1087,0.7759,-0.0010,0.783
10.707321146,0.1134,0.7842,-0.0020,0.792
10.723214838,0.1148,0.7891,-0.0017,0.797
10.724949838,0.1190,0.7991,-0.0029,0.808
10.726291608,0.1258,0.8104,-0.0068,0.820
10.728539069,0.1287,0.8157,-0.0076,0.826
10.730108569,0.1353,0.8245,-0.0071,0.836
10.731321915,0.1429,0.8341,-0.0122,0.846
10.732461338,0.1483,0.8385,-0.0129,0.852
10.733538723,0.1586,0.8480,-0.0137,0.863
10.734570261,0.1715,0.8580,-0.0149,0.875
10.7357718,0.1757,0.8631,-0.0161,0.881
10.736973992,0.1864,0.8714,-0.0222,0.891
10.738107031,0.1913,0.8766,-0.0259,0.898
10.740036223,0.2020,0.8834,-0.0288,0.907
10.741260108,0.2135,0.8881,-0.0308,0.914
10.742537031,0.2194,0.8920,-0.0332,0.919
10.743802108,0.2272,0.9008,-0.0362,0.930
10.745189492,0.2353,0.9076,-0.0371,0.938
10.746227761,0.2384,0.9098,-0.0371,0.941
10.747657684,0.2475,0.9137,-0.0371,0.947
10.748197146,0.2570,0.9149,-0.0371,0.951
10.750326146,0.2595,0.9183,-0.0369,0.955
10.750880261,0.2634,0.9213,-0.0315,0.959
10.752915261,0.2653,0.9218,-0.0288,0.960
10.755994338,0.2690,0.9245,-0.0244,0.963
10.756881261,0.2692,0.9249,-0.0178,0.963
10.758757915,0.2692,0.9242,-0.0147,0.963
10.761644108,0.2685,0.9227,-0.0076,0.961
10.763137531,0.2653,0.9218,-0.0029,0.959
10.764925031,0.2634,0.9196,-0.0002,0.957
10.766341723,0.2565,0.9157,0.0059,0.951
10.768642492,0.2538,0.9122,0.0105,0.947
10.770725031,0.2467,0.9078,0.0173,0.941
10.772519415,0.2380,0.9008,0.0235,0.932
10.774869415,0.2340,0.8968,0.0274,0.927
10.779779223,0.2235,0.8903,0.0342,0.919
10.780322877,0.2108,0.8868,0.0420,0.913
10.7805663,0.2047,0.8783,0.0452,0.903
10.782205338,0.1954,0.8707,0.0542,0.894
10.784255569,0.1932,0.8651,0.0601,0.888
10.786312877,0.1879,0.8519,0.0708,0.875
10.788218492,0.1803,0.8429,0.0796,0.866
10.790026761,0.1761,0.8375,0.0853,0.860
10.811006723,0.1695,0.8265,0.0945,0.849
10.811728108,0.1664,0.8204,0.0982,0.843
10.812004723,0.1610,0.8101,0.1058,0.833
10.812237608,0.1551,0.8001,0.1138,0.823
10.812501992,0.1515,0.7945,0.1165,0.817
10.812731108,0.1449,0.7823,0.1207,0.805
10.8129513,0.1405,0.7776,0.1246,0.800
10.813190838,0.1373,0.7676,0.1241,0.790
10.813419184,0.1307,0.7571,0.1270,0.779
10.815583761,0.1295,0.7512,0.1280,0.773
10.815848261,0.1241,0.7402,0.1278,0.761
10.816082261,0.1185,0.7315,0.1312,0.753
10.816321454,0.1160,0.7288,0.1297,0.749
10.817738531,0.1131,0.7190,0.1256,0.739
10.819760915,0.1090,0.7163,0.1244,0.735
10.821713069,0.1080,0.7082,0.1217,0.727
10.823757608,0.1033,0.7019,0.1185,0.719
10.825644069,0.1019,0.6990,0.1168,0.716
10.828597377,0.1002,0.6948,0.1097,0.711
10.829851838,0.1011,0.6882,0.1051,0.703
10.831638992,0.1002,0.6855,0.1029,0.700
10.833545569,0.1014,0.6801,0.0965,0.694
10.835576261,0.1038,0.6779,0.0914,0.692
10.837476684,0.1031,0.6767,0.0880,0.690
10.839600723,0.1031,0.6728,0.0814,0.686
10.841864415,0.1048,0.6716,0.0779,0.684
10.844668377,0.1077,0.6714,0.0721,0.684
10.846247377,0.1104,0.6699,0.0667,0.682
10.847580377,0.1107,0.6706,0.0645,0.683
10.849495531,0.1151,0.6706,0.0603,0.683
10.8514383,0.1185,0.6704,0.0562,0.683
10.8534623,0.1190,0.6701,0.0545,0.683
10.855426954,0.1217,0.6723,0.0518,0.685
10.8574028,0.1251,0.6731,0.0491,0.686
10.860414992,0.1261,0.6736,0.0498,0.687
10.861627761,0.1285,0.6772,0.0506,0.691
10.864335338,0.1292,0.6787,0.0489,0.693
10.865900877,0.1317,0.6806,0.0464,0.695
10.867242377,0.1358,0.6838,0.0484,0.699
10.869228184,0.1361,0.6858,0.0489,0.701
10.871175569,0.1371,0.6887,0.0489,0.704
10.873151607,0.1373,0.6948,0.0476,0.710
10.875204684,0.1371,0.6970,0.0472,0.712
10.879747761,0.1385,0.7024,0.0489,0.718
10.881244069,0.1390,0.7053,0.0484,0.721
10.882205454,0.1424,0.7112,0.0491,0.727
10.883785031,0.1427,0.7148,0.0501,0.731
10.885012261,0.1429,0.7175,0.0518,0.733
10.886973069,0.1446,0.7241,0.0537,0.740
10.889101261,0.1446,0.7293,0.0520,0.745
10.891221107,0.1446,0.7324,0.0513,0.748
10.901592531,0.1461,0.7405,0.0511,0.756
10.902166684,0.1478,0.7446,0.0498,0.761
10.902409223,0.1483,0.7522,0.0486,0.768
10.902644069,0.1529,0.7593,0.0479,0.776
10.902874607,0.1532,0.7622,0.0462,0.779
10.903112607,0.1566,0.7669,0.0450,0.784
10.904929877,0.1600,0.7742,0.0432,0.792
10.906751338,0.1632,0.7771,0.0415,0.795
10.908793761,0.1686,0.7832,0.0408,0.802
10.928230454,0.1769,0.7891,0.0388,0.810
10.929834107,0.1803,0.7923,0.0381,0.813
10.930928069,0.1864,0.7984,0.0379,0.821
10.932232915,0.1893,0.8021,0.0384,0.825
10.933422954,0.1952,0.8096,0.0386,0.834
10.934548415,0.2016,0.8182,0.0393,0.844
10.9356813,0.2060,0.8221,0.0396,0.848
10.9367193,0.2128,0.8297,0.0408,0.857
10.937399838,0.2177,0.8353,0.0418,0.864
10.938164915,0.2206,0.8448,0.0447,0.874
10.939239377,0.2243,0.8536,0.0472,0.884
10.940210377,0.2267,0.8582,0.0484,0.889
10.941156838,0.2309,0.8685,0.0511,0.900
10.942026569,0.2343,0.8788,0.0533,0.911
10.943063954,0.2353,0.8844,0.0540,0.917
10.9442238,0.2377,0.8949,0.0584,0.928
10.945240607,0.2399,0.9003,0.0628,0.934
10.946266877,0.2411,0.9110,0.0652,0.945
10.946996223,0.2431,0.9230,0.0696,0.957
10.949733069,0.2450,0.9281,0.0716,0.963
10.9512138,0.2455,0.9384,0.0733,0.973
10.952359184,0.2460,0.9499,0.0760,0.984
10.954126992,0.2477,0.9555,0.0770,0.990
10.956144569,0.2480,0.9655,0.0777,1.000
10.957921954,0.2477,0.9709,0.0787,1.005
10.962905338,0.2494,0.9819,0.0821,1.016
10.964456069,0.2511,0.9916,0.0823,1.026
10.965558723,0.2516,0.9955,0.0833,1.030
10.966671684,0.2536,1.0056,0.0838,1.040
10.968109684,0.2538,1.0148,0.0850,1.050
10.969926761,0.2529,1.0202,0.0845,1.054
10.972073338,0.2536,1.0290,0.0848,1.063
10.973917338,0.2541,1.0329,0.0860,1.067
10.975624338,0.2548,1.0412,0.0850,1.075
10.978719915,0.2555,1.0481,0.0850,1.082
10.98033503,0.2546,1.0517,0.0845,1.085
10.981876954,0.2533,1.0593,0.0845,1.092
10.9837323,0.2524,1.0664,0.0855,1.099
10.985883377,0.2516,1.0696,0.0855,1.102
10.987859146,0.2487,1.0740,0.0855,1.106
10.989896915,0.2458,1.0815,0.0845,1.112
10.991681569,0.2455,1.0852,0.0821,1.116
11.001801954,0.2458,1.0920,0.0796,1.122
11.003301069,0.2446,1.0945,0.0789,1.124
11.004520992,0.2421,1.0996,0.0774,1.129
11.005666838,0.2411,1.1052,0.0760,1.134
11.006722838,0.2392,1.1077,0.0760,1.136
11.007917069,0.2336,1.1126,0.0743,1.139
11.008315877,0.2299,1.1175,0.0682,1.143
11.008636492,0.2265,1.1204,0.0645,1.145
11.009570569,0.2204,1.1280,0.0562,1.151
11.042929415,0.2140,1.1311,0.0496,1.152
11.045025607,0.2091,1.1370,0.0484,1.157
11.045590607,0.2084,1.1402,0.0476,1.160
11.04600853,0.2079,1.1412,0.0472,1.161
11.046430492,0.2079,1.1446,0.0447,1.164
11.046833761,0.2060,1.1473,0.0391,1.166
11.04723203,0.2020,1.1497,0.0364,1.168
11.04774303,0.1942,1.1556,0.0335,1.172
11.0481563,0.1779,1.1636,0.0193,1.177
11.048565684,0.1796,1.1646,0.0183,1.179
11.0489888,0.1945,1.1600,0.0186,1.176
11.049397069,0.2001,1.1583,0.0183,1.176
11.04980653,0.2177,1.1541,0.0188,1.175
11.050181454,0.2453,1.1465,0.0215,1.173
11.050571992,0.2602,1.1424,0.0259,1.172
11.050974377,0.2846,1.1343,0.0342,1.170
11.051428377,0.2944,1.1287,0.0371,1.167
11.051838915,0.2966,1.1267,0.0364,1.166
11.052221992,0.2993,1.1241,0.0371,1.164
11.052618146,0.2995,1.1231,0.0386,1.163
11.053021146,0.2995,1.1238,0.0408,1.164
11.053442338,0.2983,1.1233,0.0428,1.163
11.054983184,0.2990,1.1233,0.0445,1.163
11.057369877,0.3022,1.1221,0.0450,1.163
11.058760492,0.3015,1.1231,0.0459,1.164
11.062283184,0.3005,1.1245,0.0457,1.165
11.067639684,0.2995,1.1255,0.0420,1.165
11.068184992,0.3007,1.1272,0.0393,1.167
11.068547338,0.2993,1.1302,0.0381,1.170
11.068914723,0.3015,1.1353,0.0364,1.175
11.0705808,0.3025,1.1353,0.0388,1.176
11.072488453,0.3051,1.1360,0.0435,1.177
11.074463723,0.3100,1.1358,0.0491,1.178
11.076606261,0.3117,1.1363,0.0533,1.179
11.078621184,0.3159,1.1350,0.0628,1.180
11.0805878,0.3171,1.1336,0.0674,1.179
11.082531992,0.3134,1.1299,0.0789,1.175
11.084433684,0.3059,1.1292,0.0887,1.173
11.086818107,0.3000,1.1260,0.0928,1.169
11.090311184,0.2849,1.1211,0.0989,1.161
11.090829338,0.2678,1.1199,0.1026,1.156
11.092314569,0.2599,1.1187,0.1041,1.153
11.097476146,0.2438,1.1184,0.1048,1.149
11.098142069,0.2367,1.1201,0.1046,1.150
11.098473838,0.2253,1.1258,0.1051,1.153
11.100234569,0.2162,1.1331,0.1024,1.158
11.102170492,0.2118,1.1390,0.1021,1.163
11.104098684,0.2045,1.1541,0.1036,1.177
11.106024953,0.2006,1.1693,0.1016,1.191
11.108183569,0.1996,1.1800,0.1011,1.201
11.109978877,0.1986,1.2030,0.1016,1.223
11.126590453,0.1976,1.2166,0.0997,1.237
11.128412415,0.1962,1.2443,0.0963,1.263
11.129639569,0.1981,1.2748,0.0914,1.293
11.130627453,0.1994,1.2902,0.0882,1.308
11.131858607,0.2001,1.3234,0.0799,1.341
11.13280903,0.1705,1.3430,0.0572,1.355
11.133969723,0.1319,1.4013,0.0342,1.408
11.135171184,0.0770,1.4585,-0.0020,1.461
11.13669153,0.0733,1.4790,-0.0132,1.481
11.137562492,0.0843,1.5118,-0.0288,1.514
11.138491261,0.1082,1.5406,-0.0454,1.545
11.13947553,0.1246,1.5528,-0.0508,1.559
11.140714184,0.1537,1.5765,-0.0647,1.585
11.141751723,0.1676,1.5877,-0.0743,1.598
11.142646107,0.2038,1.6036,-0.0928,1.619
11.1440038,0.2441,1.6163,-0.1051,1.638
11.145131953,0.2631,1.6207,-0.1112,1.646
11.146296684,0.2939,1.6307,-0.1236,1.662
11.1476208,0.3286,1.6315,-0.1336,1.670
11.14962403,0.3484,1.6305,-0.1353,1.673
11.151495338,0.3787,1.6266,-0.1424,1.676
11.153214492,0.3994,1.6251,-0.1459,1.680
11.155452915,0.4097,1.6198,-0.1473,1.677
11.157164569,0.4317,1.6061,-0.1422,1.669
11.159260223,0.4449,1.5973,-0.1358,1.664
11.161558415,0.4764,1.5743,-0.1197,1.649
11.16358453,0.5079,1.5477,-0.0999,1.632
11.164941607,0.5275,1.5313,-0.0880,1.622
11.167104492,0.5604,1.5008,-0.0618,1.603
11.169058184,0.5563,1.4766,-0.0550,1.579
11.170889453,0.5424,1.4658,-0.0559,1.564
11.173079261,0.5050,1.4470,-0.0621,1.534
11.174987646,0.4862,1.4375,-0.0665,1.519
11.178070992,0.4493,1.4184,-0.0728,1.490
11.179907146,0.4173,1.3957,-0.0814,1.459
11.180992069,0.4019,1.3835,-0.0848,1.443
11.182955184,0.3711,1.3610,-0.0931,1.414
11.185024069,0.3428,1.3388,-0.1016,1.386
11.187152646,0.3281,1.3285,-0.1053,1.372
11.189019184,0.3012,1.3068,-0.1114,1.346
11.190836415,0.2873,1.2960,-0.1136,1.332
11.1929073,0.2599,1.2743,-0.1178,1.306
11.197411223,0.2338,1.2550,-0.1204,1.282
11.198026492,0.2213,1.2457,-0.1214,1.271
11.198689876,0.1972,1.2254,-0.1236,1.247
11.2009783,0.1752,1.2047,-0.1261,1.224
11.202836723,0.1647,1.1939,-0.1270,1.212
11.204868107,0.1446,1.1732,-0.1266,1.189
11.207094223,0.1263,1.1627,-0.1258,1.176
11.208636492,0.1182,1.1407,-0.1251,1.154
11.236084723,0.1036,1.1177,-0.1219,1.129
11.237989453,0.0958,1.1050,-0.1207,1.116
11.239985146,0.0794,1.0835,-0.1187,1.093
11.241224261,0.0640,1.0620,-0.1170,1.070
11.2425843,0.0564,1.0491,-0.1148,1.057
11.244117569,0.0415,1.0261,-0.1134,1.033
11.245482146,0.0288,1.0051,-0.1094,1.011
11.246649146,0.0213,0.9929,-0.1092,0.999
11.2479663,0.0059,0.9672,-0.1055,0.973
11.248894415,-0.0086,0.9557,-0.1053,0.962
11.249625107,-0.0142,0.9318,-0.1068,0.938
11.2515948,-0.0235,0.9086,-0.1033,0.915
11.252626338,-0.0288,0.8968,-0.1019,0.903
11.253347953,-0.0374,0.8724,-0.1002,0.879
11.254371223,-0.0435,0.8507,-0.0980,0.857
11.255114569,-0.0462,0.8392,-0.0963,0.846
11.256112376,-0.0518,0.8172,-0.0933,0.824
11.2570118,-0.0552,0.8072,-0.0909,0.814
11.257836992,-0.0574,0.7862,-0.0865,0.793
11.2588603,-0.0596,0.7659,-0.0818,0.773
11.260323184,-0.0596,0.7554,-0.0796,0.762
11.261354146,-0.0596,0.7378,-0.0757,0.744
11.262714261,-0.0577,0.7205,-0.0723,0.726
11.264917876,-0.0557,0.7112,-0.0699,0.717
11.266015415,-0.0511,0.6946,-0.0672,0.700
11.267045915,-0.0479,0.6867,-0.0665,0.692
11.268329646,-0.0410,0.6721,-0.0643,0.676
11.2688093,-0.0340,0.6601,-0.0628,0.664
11.269203723,-0.0303,0.6552,-0.0625,0.659
11.269581492,-0.0232,0.6435,-0.0635,0.647
11.269971607,-0.0161,0.6332,-0.0660,0.637
11.274497569,-0.0117,0.6276,-0.0669,0.631
11.275196646,-0.0044,0.6196,-0.0679,0.623
11.275998261,-0.0015,0.6171,-0.0706,0.621
11.286309069,0.0068,0.6115,-0.0738,0.616
11.286905761,0.0161,0.6066,-0.0777,0.612
11.287161223,0.0208,0.6051,-0.0792,0.611
11.287440223,0.0298,0.6025,-0.0787,0.608
11.287685338,0.0359,0.6007,-0.0811,0.607
11.287907992,0.0386,0.6007,-0.0821,0.608
11.289916453,0.0469,0.6025,-0.0843,0.610
11.292105838,0.0498,0.6037,-0.0848,0.612
11.293724184,0.0537,0.6081,-0.0875,0.617
11.325099992,0.0589,0.6132,-0.0897,0.623
11.326177492,0.0616,0.6161,-0.0894,0.626
11.32666953,0.0647,0.6218,-0.0884,0.631
11.327134684,0.0674,0.6286,-0.0867,0.638
11.327721761,0.0682,0.6332,-0.0850,0.643
11.328139338,0.0696,0.6435,-0.0843,0.653
11.328586915,0.0704,0.6489,-0.0831,0.658
11.329040492,0.0713,0.6591,-0.0787,0.668
11.329518492,0.0740,0.6701,-0.0745,0.678
11.329947838,0.0743,0.6767,-0.0733,0.685
11.330373799,0.0755,0.6872,-0.0713,0.695
11.330801415,0.0750,0.7004,-0.0687,0.708
11.331216992,0.0752,0.7056,-0.0669,0.713
11.331765299,0.0757,0.7175,-0.0647,0.724
11.332234299,0.0760,0.7241,-0.0633,0.731
11.332839992,0.0760,0.7373,-0.0618,0.744
11.333248338,0.0765,0.7505,-0.0594,0.757
11.333679223,0.0767,0.7571,-0.0589,0.763
11.334113415,0.0777,0.7688,-0.0581,0.775
11.33453603,0.0777,0.7806,-0.0567,0.786
11.334940146,0.0782,0.7874,-0.0562,0.793
11.338699299,0.0774,0.8001,-0.0550,0.806
11.339644069,0.0767,0.8099,-0.0528,0.815
11.341798569,0.0779,0.8150,-0.0523,0.820
11.343040684,0.0787,0.8258,-0.0511,0.831
11.350831953,0.0784,0.8319,-0.0486,0.837
11.351906646,0.0774,0.8438,-0.0462,0.849
11.352324607,0.0772,0.8553,-0.0459,0.860
11.352708684,0.0772,0.8612,-0.0440,0.866
11.354243607,0.0772,0.8714,-0.0408,0.876
11.354750453,0.0789,0.8783,-0.0388,0.883
11.356636761,0.0796,0.8822,-0.0371,0.887
11.358614069,0.0816,0.8910,-0.0335,0.895
11.361840684,0.0823,0.8944,-0.0320,0.899
11.362558223,0.0818,0.9020,-0.0293,0.906
11.364666261,0.0823,0.9081,-0.0244,0.912
11.366463415,0.0828,0.9103,-0.0227,0.914
11.368593453,0.0862,0.9139,-0.0198,0.918
11.370436953,0.0870,0.9183,-0.0144,0.923
11.372512107,0.0875,0.9183,-0.0132,0.923
11.374456415,0.0897,0.9181,-0.0112,0.923
11.376487107,0.0882,0.9191,-0.0110,0.923
11.378693146,0.0870,0.9193,-0.0105,0.923
11.380433992,0.0845,0.9171,-0.0073,0.921
11.382362761,0.0828,0.9152,-0.0056,0.919
11.384508146,0.0779,0.9113,-0.0056,0.915
11.386188607,0.0755,0.9066,-0.0032,0.910
11.388271876,0.0740,0.9015,-0.0007,0.905
11.390172992,0.0699,0.8939,0.0015,0.897
11.392172646,0.0660,0.8895,0.0032,0.892
11.401704453,0.0635,0.8812,0.0059,0.884
11.402811646,0.0608,0.8717,0.0086,0.874
11.403576107,0.0584,0.8666,0.0100,0.869
11.404346146,0.0511,0.8573,0.0137,0.859
11.405110761,0.0469,0.8487,0.0159,0.850
11.409645146,0.0459,0.8424,0.0176,0.844
11.410650646,0.0423,0.8324,0.0200,0.834
11.411459799,0.0398,0.8270,0.0213,0.828
11.412408492,0.0344,0.8174,0.0239,0.819
11.413217992,0.0305,0.8082,0.0264,0.809
11.414019722,0.0291,0.8023,0.0281,0.803
11.436771569,0.0264,0.7916,0.0269,0.792
11.438558222,0.0242,0.7837,0.0283,0.785
11.43985153,0.0239,0.7784,0.0276,0.779
11.440764299,0.0193,0.7701,0.0293,0.771
11.441826376,0.0176,0.7659,0.0305,0.767
11.442731838,0.0166,0.7578,0.0305,0.759
11.444100415,0.0149,0.7476,0.0300,0.748
11.445088415,0.0125,0.7434,0.0305,0.744
11.446116569,0.0110,0.7371,0.0296,0.738
11.447109184,0.0076,0.7302,0.0276,0.731
11.448047492,0.0090,0.7268,0.0264,0.727
11.448864992,0.0090,0.7197,0.0252,0.720
11.449708415,0.0083,0.7168,0.0239,0.717
11.450364915,0.0083,0.7100,0.0205,0.710
11.451205222,0.0071,0.7036,0.0191,0.704
11.452113107,0.0068,0.7014,0.0178,0.702
11.452791069,0.0061,0.6970,0.0134,0.697
11.453630915,0.0054,0.6936,0.0110,0.694
11.454343299,0.0061,0.6882,0.0112,0.688
11.455415107,0.0068,0.6848,0.0088,0.685
11.456198838,0.0073,0.6841,0.0068,0.684
11.458683915,0.0066,0.6811,0.0039,0.681
11.460295799,0.0083,0.6765,0.0010,0.677
11.467444261,0.0088,0.6755,0.0015,0.676
11.468986761,0.0115,0.6745,0.0002,0.675
11.470041415,0.0151,0.6740,0.0007,0.674
11.471197684,0.0159,0.6711,0.0015,0.671
11.472253607,0.0173,0.6694,0.0039,0.670
11.47317203,0.0186,0.6689,0.0051,0.669
11.473832722,0.0215,0.6670,0.0081,0.667
11.474704953,0.0257,0.6682,0.0090,0.669
11.476950453,0.0279,0.6679,0.0112,0.669
11.479769607,0.0318,0.6699,0.0159,0.671
11.481306146,0.0335,0.6711,0.0186,0.672
11.482694184,0.0364,0.6718,0.0254,0.673
11.484715953,0.0408,0.6733,0.0293,0.675
11.486628146,0.0428,0.6745,0.0320,0.677
11.488700338,0.0450,0.6770,0.0359,0.679
11.490703222,0.0469,0.6816,0.0420,0.685
11.492775492,0.0491,0.6843,0.0430,0.687
11.502760145,0.0508,0.6909,0.0474,0.694
11.503409069,0.0518,0.6987,0.0498,0.702
11.503667069,0.0520,0.7021,0.0503,0.706
11.503899184,0.0545,0.7100,0.0537,0.714
11.504127184,0.0555,0.7134,0.0557,0.718
11.504622761,0.0555,0.7209,0.0581,0.725
11.507864645,0.0547,0.7312,0.0591,0.736
11.508163261,0.0545,0.7371,0.0599,0.742
11.510157299,0.0547,0.7464,0.0601,0.751
11.538366222,0.0562,0.7571,0.0601,0.762
11.540096722,0.0562,0.7627,0.0606,0.767
11.540990876,0.0555,0.7737,0.0616,0.778
11.54200353,0.0557,0.7793,0.0611,0.784
11.543208069,0.0533,0.7908,0.0625,0.795
11.545788876,0.0533,0.8045,0.0623,0.809
11.547338261,0.0523,0.8111,0.0621,0.815
11.548217453,0.0523,0.8172,0.0623,0.821
11.549369107,0.0540,0.8287,0.0635,0.833
11.550308838,0.0537,0.8360,0.0633,0.840
11.551550684,0.0528,0.8487,0.0647,0.853
11.552351145,0.0540,0.8612,0.0633,0.865
11.553506492,0.0555,0.8685,0.0635,0.873
11.554154838,0.0550,0.8829,0.0643,0.887
11.555138145,0.0557,0.8961,0.0630,0.900
11.555958184,0.0564,0.9030,0.0630,0.907
11.556638722,0.0574,0.9191,0.0616,0.923
11.557448876,0.0581,0.9264,0.0601,0.930
11.558081838,0.0577,0.9396,0.0579,0.943
11.559020645,0.0555,0.9530,0.0545,0.956
11.55996403,0.0552,0.9599,0.0535,0.963
11.560993684,0.0540,0.9733,0.0528,0.976
11.562030492,0.0533,0.9880,0.0484,0.991
11.563110838,0.0520,0.9951,0.0452,0.997
11.56403253,0.0496,1.0100,0.0420,1.012
11.565292107,0.0450,1.0227,0.0420,1.025
11.566011453,0.0440,1.0293,0.0440,1.031
11.567006722,0.0425,1.0429,0.0479,1.045
11.567876261,0.0410,1.0488,0.0493,1.051
11.56976253,0.0398,1.0613,0.0511,1.063
11.57130753,0.0393,1.0723,0.0535,1.074
11.577142145,0.0396,1.0767,0.0562,1.079
11.57950253,0.0393,1.0862,0.0611,1.089
11.58001453,0.0401,1.0969,0.0674,1.100
11.580287492,0.0406,1.1013,0.0689,1.104
11.580545222,0.0440,1.1096,0.0699,1.113
11.582481261,0.0452,1.1133,0.0694,1.116
11.584287453,0.0476,1.1192,0.0691,1.122
11.586589107,0.0462,1.1243,0.0691,1.127
11.588540992,0.0452,1.1277,0.0694,1.131
11.590463415,0.0459,1.1360,0.0677,1.139
11.592654876,0.0447,1.1416,0.0669,1.144
11.598820838,0.0435,1.1446,0.0655,1.147
11.599651376,0.0408,1.1485,0.0618,1.151
11.600019607,0.0388,1.1495,0.0596,1.152
11.600387261,0.0379,1.1526,0.0523,1.154
11.604450145,0.0357,1.1595,0.0413,1.161
11.604979299,0.0342,1.1607,0.0342,1.162
11.606102492,0.0291,1.1631,0.0188,1.164
11.608368992,0.0252,1.1668,-0.0020,1.167
11.610063568,0.0232,1.1680,-0.0125,1.168
11.63473803,0.0193,1.1688,-0.0322,1.169
11.635623722,0.0173,1.1685,-0.0437,1.169
11.635928645,0.0112,1.1693,-0.0647,1.171
11.636195492,0.0046,1.1697,-0.0826,1.173
11.636439876,0.0022,1.1693,-0.0892,1.173
11.636694838,-0.0042,1.1675,-0.1031,1.172
11.636941838,-0.0066,1.1631,-0.1126,1.169
11.637201299,-0.0081,1.1609,-0.1168,1.167
11.637448492,-0.0112,1.1575,-0.1251,1.164
11.637683953,-0.0115,1.1546,-0.1275,1.162
11.637910299,-0.0137,1.1499,-0.1283,1.157
11.638143107,-0.0149,1.1451,-0.1273,1.152
11.639890453,-0.0166,1.1407,-0.1268,1.148
11.640165415,-0.0164,1.1350,-0.1241,1.142
11.640403107,-0.0193,1.1285,-0.1168,1.135
11.642151953,-0.0186,1.1267,-0.1126,1.133
11.643473261,-0.0213,1.1236,-0.1043,1.129
11.646075799,-0.0237,1.1209,-0.0992,1.126
11.647323222,-0.0264,1.1143,-0.0870,1.118
11.649366299,-0.0296,1.1109,-0.0704,1.113
11.651202107,-0.0313,1.1089,-0.0621,1.111
11.653239145,-0.0340,1.1092,-0.0447,1.111
11.655146645,-0.0362,1.1087,-0.0342,1.110
11.657328338,-0.0369,1.1094,-0.0139,1.110
11.659196684,-0.0388,1.1106,0.0049,1.111
11.663113722,-0.0381,1.1111,0.0149,1.112
11.664797761,-0.0374,1.1135,0.0344,1.115
11.665707261,-0.0342,1.1175,0.0542,1.119
11.667211107,-0.0315,1.1189,0.0625,1.121
11.66913553,-0.0281,1.1231,0.0816,1.126
11.671109607,-0.0232,1.1287,0.0965,1.133
11.673147684,-0.0203,1.1314,0.1048,1.136
11.675011453,-0.0125,1.1360,0.1190,1.142
11.677071684,-0.0086,1.1382,0.1246,1.145
11.679568299,-0.0068,1.1419,0.1324,1.150
11.681179492,-0.0005,1.1512,0.1361,1.159
11.683079184,0.0034,1.1558,0.1366,1.164
11.685260684,0.0073,1.1666,0.1373,1.175
11.687205607,0.0159,1.1758,0.1329,1.183
11.689307338,0.0195,1.1820,0.1322,1.189
11.69116503,0.0230,1.1949,0.1312,1.202
11.693305876,0.0279,1.2066,0.1305,1.214
11.694939261,0.0322,1.2127,0.1297,1.220
11.700099415,0.0406,1.2213,0.1283,1.229
11.700675145,0.0467,1.2262,0.1263,1.234
11.70133053,0.0594,1.2328,0.1212,1.240
11.705448184,0.0738,1.2389,0.1099,1.246
11.70571153,0.0806,1.2423,0.1036,1.249
11.706641299,0.0936,1.2477,0.0850,1.254
11.708732068,0.1021,1.2557,0.0667,1.262
11.710761799,0.1075,1.2592,0.0586,1.265
11.739649568,0.1153,1.2697,0.0437,1.276
11.741431568,0.1185,1.2763,0.0352,1.282
11.742595299,0.1239,1.2912,0.0249,1.297
11.744338799,0.1297,1.3092,0.0169,1.316
11.745555607,0.1309,1.3195,0.0127,1.326
11.746646415,0.1349,1.3403,0.0137,1.347
11.748457953,0.1432,1.3627,0.0117,1.370
11.749371376,0.1473,1.3730,0.0105,1.381
11.750582338,0.1581,1.3955,0.0110,1.404
11.751561722,0.1642,1.4070,0.0112,1.417
11.75269603,0.1793,1.4260,0.0098,1.437
11.753606607,0.1972,1.4419,0.0083,1.455
11.75468353,0.2060,1.4497,0.0083,1.464
11.755602184,0.2245,1.4624,0.0056,1.480
11.756714799,0.2428,1.4722,0.0032,1.492
11.757703299,0.2514,1.4763,0.0037,1.498
11.758733261,0.2682,1.4805,0.0029,1.505
11.759612684,0.2839,1.4805,0.0012,1.507
11.760590415,0.2907,1.4793,-0.0044,1.508
11.761626991,0.3020,1.4749,-0.0103,1.506
11.762549299,0.3073,1.4724,-0.0129,1.504
11.763526915,0.3166,1.4661,-0.0181,1.500
11.764580607,0.3220,1.4573,-0.0259,1.493
11.765363684,0.3254,1.4526,-0.0293,1.489
11.766436799,0.3315,1.4417,-0.0354,1.480
11.767304684,0.3337,1.4358,-0.0384,1.475
11.768086415,0.3381,1.4233,-0.0454,1.464
11.768355068,0.3415,1.4114,-0.0513,1.453
11.768594876,0.3437,1.4060,-0.0545,1.448
11.770268568,0.3513,1.3952,-0.0623,1.440
11.772029222,0.3582,1.3845,-0.0716,1.432
11.773810722,0.3613,1.3798,-0.0767,1.428
11.77604553,0.3711,1.3686,-0.0858,1.421
11.779132491,0.3792,1.3627,-0.0916,1.417
11.780009722,0.3828,1.3515,-0.0965,1.408
11.782404991,0.3906,1.3412,-0.1068,1.401
11.784331299,0.3931,1.3354,-0.1107,1.396
11.785650068,0.3992,1.3237,-0.1180,1.388
11.787587299,0.4016,1.3117,-0.1261,1.378
11.789797915,0.4033,1.3051,-0.1285,1.372
11.791552607,0.4075,1.2926,-0.1329,1.362
11.793648722,0.4075,1.2855,-0.1366,1.355
11.798480491,0.4075,1.2714,-0.1397,1.342
11.79906503,0.4095,1.2555,-0.1417,1.328
11.800165107,0.4102,1.2467,-0.1412,1.320
11.801268838,0.4099,1.2286,-0.1415,1.303
11.804480991,0.4121,1.2110,-0.1444,1.287
11.805355107,0.4129,1.2022,-0.1454,1.279
11.807445953,0.4129,1.1827,-0.1488,1.261
11.809665568,0.4109,1.1622,-0.1512,1.242
11.836757068,0.4117,1.1531,-0.1517,1.234
11.837407338,0.4129,1.1353,-0.1510,1.217
11.837667722,0.4136,1.1245,-0.1500,1.208
11.837912799,0.4129,1.1033,-0.1478,1.187
11.838146876,0.4104,1.0833,-0.1444,1.167
11.838394414,0.4107,1.0723,-0.1427,1.157
11.838612568,0.4112,1.0525,-0.1395,1.139
11.838841261,0.4102,1.0432,-0.1383,1.129
11.839080722,0.4085,1.0249,-0.1336,1.111
11.839310222,0.4082,1.0048,-0.1305,1.092
11.839592761,0.4073,0.9948,-0.1275,1.082
11.839829414,0.4026,0.9767,-0.1248,1.064
11.840056338,0.4009,0.9589,-0.1248,1.047
11.840281953,0.3999,0.9499,-0.1241,1.038
11.843232145,0.3970,0.9320,-0.1241,1.021
11.844346991,0.3960,0.9142,-0.1285,1.005
11.845525761,0.3938,0.9056,-0.1309,0.996
11.846664568,0.3870,0.8898,-0.1351,0.980
11.849869376,0.3845,0.8819,-0.1371,0.972
11.851458761,0.3801,0.8656,-0.1410,0.956
11.852507414,0.3779,0.8495,-0.1454,0.941
11.853580953,0.3772,0.8421,-0.1476,0.934
11.854875684,0.3745,0.8272,-0.1522,0.921
11.857328914,0.3721,0.8148,-0.1549,0.909
11.858786338,0.3706,0.8094,-0.1564,0.904
11.860792645,0.3687,0.7959,-0.1590,0.891
11.865233761,0.3643,0.7835,-0.1622,0.879
11.866870838,0.3623,0.7774,-0.1632,0.873
11.868157376,0.3599,0.7679,-0.1659,0.864
11.869307068,0.3572,0.7630,-0.1664,0.859
11.870990222,0.3528,0.7522,-0.1656,0.847
11.872848799,0.3481,0.7424,-0.1649,0.836
11.874728991,0.3459,0.7383,-0.1644,0.832
11.876982068,0.3420,0.7310,-0.1603,0.823
11.880750107,0.3371,0.7231,-0.1559,0.813
11.882321799,0.3349,0.7202,-0.1539,0.809
11.883634376,0.3318,0.7161,-0.1480,0.803
11.884753953,0.3301,0.7139,-0.1466,0.800
11.886582068,0.3254,0.7107,-0.1410,0.794
11.888513684,0.3154,0.7082,-0.1341,0.787
11.890491184,0.3100,0.7078,-0.1317,0.784
11.892600299,0.3010,0.7097,-0.1251,0.781
11.894792453,0.2922,0.7134,-0.1178,0.780
11.902559376,0.2890,0.7134,-0.1124,0.778
11.903179607,0.2810,0.7153,-0.1063,0.776
11.903491261,0.2778,0.7170,-0.1031,0.776
11.903726876,0.2697,0.7231,-0.0958,0.778
11.90453053,0.2673,0.7295,-0.0884,0.782
11.906285261,0.2656,0.7332,-0.0845,0.784
11.908377953,0.2551,0.7417,-0.0784,0.788
11.910577953,0.2438,0.7515,-0.0728,0.793
11.942565376,0.2404,0.7569,-0.0704,0.797
11.943301453,0.2340,0.7671,-0.0647,0.805
11.944065953,0.2318,0.7735,-0.0611,0.810
11.944412299,0.2287,0.7832,-0.0542,0.818
11.944665376,0.2248,0.7959,-0.0496,0.829
11.944935837,0.2218,0.8023,-0.0476,0.834
11.945210799,0.2206,0.8145,-0.0435,0.845
11.945528876,0.2218,0.8287,-0.0430,0.859
11.945874261,0.2211,0.8360,-0.0428,0.866
11.946267107,0.2206,0.8495,-0.0410,0.879
11.94655003,0.2209,0.8568,-0.0403,0.886
11.946791107,0.2243,0.8741,-0.0408,0.903
11.947016261,0.2262,0.8898,-0.0418,0.919
11.947235299,0.2274,0.8981,-0.0420,0.927
11.947547337,0.2316,0.9132,-0.0445,0.943
11.947784222,0.2389,0.9313,-0.0496,0.963
11.948030722,0.2424,0.9389,-0.0540,0.971
11.948254184,0.2467,0.9545,-0.0616,0.988
11.948494107,0.2497,0.9635,-0.0643,0.997
11.951560222,0.2563,0.9819,-0.0723,1.017
11.953614261,0.2653,0.9973,-0.0823,1.035
11.95398853,0.2692,1.0039,-0.0860,1.043
11.955593799,0.2766,1.0200,-0.0923,1.061
11.957833222,0.2839,1.0349,-0.0989,1.078
11.959685068,0.2868,1.0417,-0.1021,1.085
11.984537914,0.2941,1.0527,-0.1082,1.098
11.985233068,0.2963,1.0574,-0.1090,1.103
11.985556222,0.3025,1.0644,-0.1116,1.112
11.985797914,0.3078,1.0686,-0.1126,1.118
11.986047222,0.3081,1.0701,-0.1131,1.119
11.986341491,0.3112,1.0698,-0.1116,1.120
11.986613953,0.3086,1.0627,-0.1058,1.112
11.986876876,0.3100,1.0581,-0.1009,1.107
11.98714153,0.3127,1.0464,-0.0975,1.096
11.991011761,0.3132,1.0398,-0.0943,1.090
11.991568684,0.3142,1.0222,-0.0933,1.073
11.991853914,0.3139,1.0039,-0.0906,1.056
11.992087299,0.3125,0.9938,-0.0889,1.046
11.992332068,0.3115,0.9714,-0.0833,1.023
11.992566876,0.3108,0.9526,-0.0777,1.005
11.992797337,0.3095,0.9418,-0.0745,0.994
11.993037607,0.3042,0.9205,-0.0645,0.972
11.997521145,0.2968,0.9003,-0.0557,0.950
11.998165261,0.2939,0.8912,-0.0518,0.940
11.998976337,0.2856,0.8717,-0.0403,0.918
12.001044376,0.2812,0.8622,-0.0354,0.908
12.008529222,0.2736,0.8446,-0.0252,0.888
12.009071068,0.2656,0.8267,-0.0164,0.868
12.009398376,0.2595,0.8179,-0.0107,0.858
12.009720299,0.2511,0.8021,-0.0017,0.840
12.011335645,0.2392,0.7842,0.0054,0.820
12.016728684,0.2316,0.7759,0.0098,0.810
12.01750453,0.2147,0.7610,0.0191,0.791
12.017825222,0.2057,0.7537,0.0220,0.782
12.019694799,0.1901,0.7412,0.0293,0.766
12.020689376,0.1761,0.7258,0.0379,0.748
12.022655645,0.1693,0.7187,0.0418,0.740
12.025827837,0.1564,0.7048,0.0484,0.724
12.026361722,0.1422,0.6929,0.0574,0.710
12.048576414,0.1339,0.6870,0.0611,0.703
12.04938876,0.1180,0.6723,0.0674,0.686
12.049753645,0.1046,0.6650,0.0738,0.677
12.050077107,0.0989,0.6565,0.0777,0.668
12.050373645,0.0858,0.6472,0.0845,0.658
12.050615222,0.0779,0.6420,0.0892,0.653
12.050929799,0.0638,0.6301,0.0965,0.641
12.05118203,0.0523,0.6230,0.1002,0.633
12.051476222,0.0476,0.6179,0.1031,0.628
12.051721414,0.0388,0.6081,0.1109,0.619
12.05196476,0.0330,0.6012,0.1185,0.614
12.052208953,0.0298,0.5976,0.1209,0.610
12.05246953,0.0254,0.5932,0.1256,0.607
12.054175145,0.0264,0.5900,0.1285,0.604
12.05629653,0.0269,0.5851,0.1353,0.601
12.075724184,0.0261,0.5795,0.1388,0.596
12.076168491,0.0276,0.5766,0.1405,0.594
12.07643876,0.0288,0.5729,0.1427,0.591
12.076681453,0.0300,0.5724,0.1429,0.591
12.07691676,0.0315,0.5724,0.1449,0.591
12.077157414,0.0401,0.5717,0.1478,0.592
12.077394337,0.0454,0.5702,0.1488,0.591
12.07760853,0.0540,0.5690,0.1500,0.591
12.077833184,0.0611,0.5707,0.1454,0.592
12.078066645,0.0655,0.5717,0.1415,0.593
12.07830803,0.0774,0.5753,0.1375,0.597
12.080723299,0.0880,0.5785,0.1331,0.600
12.081913145,0.0936,0.5802,0.1290,0.602
12.084132837,0.1019,0.5868,0.1190,0.607
12.085727991,0.1046,0.5917,0.1129,0.611
12.088055491,0.1092,0.6022,0.0999,0.620
12.11131026,0.1138,0.6105,0.0911,0.628
12.112312299,0.1160,0.6154,0.0862,0.632
12.11278653,0.1204,0.6271,0.0748,0.643
12.113179799,0.1256,0.6328,0.0652,0.648
12.113554184,0.1285,0.6457,0.0599,0.661
12.11395126,0.1300,0.6586,0.0469,0.673
12.114319299,0.1300,0.6660,0.0393,0.680
12.114711607,0.1283,0.6789,0.0315,0.692
12.115162799,0.1285,0.6970,0.0296,0.709
12.115633491,0.1292,0.7046,0.0271,0.717
12.13033253,0.1300,0.7192,0.0264,0.731
12.13090803,0.1317,0.7271,0.0274,0.739
12.131490222,0.1314,0.7429,0.0269,0.755
12.131894491,0.1344,0.7595,0.0283,0.772
12.132245568,0.1349,0.7676,0.0298,0.780
12.13255626,0.1375,0.7820,0.0337,0.795
12.132874568,0.1385,0.7974,0.0423,0.810
12.133144299,0.1400,0.8057,0.0462,0.819
12.133413107,0.1412,0.8226,0.0498,0.836
12.133694491,0.1422,0.8389,0.0530,0.853
12.13395703,0.1439,0.8460,0.0545,0.860
12.134214145,0.1449,0.8617,0.0579,0.876
12.13446303,0.1451,0.8685,0.0594,0.883
12.135090799,0.1493,0.8837,0.0618,0.898
12.152115145,0.1529,0.8976,0.0672,0.913
12.152837799,0.1542,0.9042,0.0694,0.920
12.153152491,0.1564,0.9152,0.0728,0.931
12.153425876,0.1605,0.9218,0.0728,0.938
12.15367303,0.1634,0.9330,0.0735,0.950
12.153934491,0.1664,0.9452,0.0711,0.962
12.154189953,0.1669,0.9496,0.0687,0.967
12.154471337,0.1703,0.9591,0.0628,0.976
12.154727145,0.1749,0.9682,0.0559,0.985
12.155285183,0.1764,0.9716,0.0518,0.989
12.156915837,0.1786,0.9821,0.0415,0.999
12.15890803,0.1803,0.9892,0.0320,1.006
12.161077683,0.1796,0.9936,0.0286,1.010
12.164185914,0.1827,1.0004,0.0225,1.017
12.165751722,0.1852,1.0043,0.0205,1.021
12.166661799,0.1874,1.0063,0.0200,1.024
12.17293226,0.1923,1.0078,0.0210,1.026
12.173368107,0.1947,1.0075,0.0222,1.026
12.17360376,0.1964,1.0097,0.0213,1.029
12.174660337,0.1991,1.0102,0.0227,1.030
12.176873837,0.2018,1.0105,0.0244,1.031
12.178502914,0.2072,1.0058,0.0279,1.027
12.181232837,0.2106,1.0026,0.0327,1.025
12.18255203,0.2123,1.0007,0.0342,1.024
12.184493145,0.2147,0.9953,0.0381,1.019
12.186553337,0.2167,0.9931,0.0408,1.017
12.188551107,0.2179,0.9880,0.0428,1.013
12.190575799,0.2191,0.9828,0.0457,1.008
12.192532683,0.2191,0.9811,0.0476,1.006
12.194676491,0.2182,0.9767,0.0528,1.002
12.199319491,0.2182,0.9711,0.0579,0.997
12.199980837,0.2187,0.9684,0.0618,0.995
12.200380722,0.2196,0.9643,0.0708,0.992
12.202419607,0.2191,0.9633,0.0752,0.991
12.204429414,0.2189,0.9616,0.0823,0.990
12.20626103,0.2194,0.9584,0.0892,0.987
12.208370376,0.2191,0.9574,0.0928,0.987
12.21038803,0.2199,0.9582,0.1004,0.988
12.212241491,0.2187,0.9601,0.1073,0.991
12.227529376,0.2184,0.9604,0.1107,0.991
12.22925626,0.2184,0.9604,0.1134,0.991
12.230402299,0.2187,0.9606,0.1151,0.992
12.231635183,0.2174,0.9631,0.1182,0.994
12.232772914,0.2155,0.9643,0.1234,0.996
12.233966222,0.2160,0.9648,0.1236,0.996
12.235185799,0.2147,0.9672,0.1214,0.998
12.23641203,0.2140,0.9699,0.1192,1.000
12.237099683,0.2145,0.9721,0.1192,1.003
12.23818076,0.2133,0.9760,0.1185,1.006
12.23895826,0.2123,0.9780,0.1160,1.007
12.24027526,0.2116,0.9826,0.1156,1.012
12.241235337,0.2140,0.9846,0.1153,1.014
12.242441068,0.2135,0.9855,0.1134,1.015
12.243253837,0.2140,0.9907,0.1099,1.019
12.244418337,0.2140,0.9948,0.1073,1.023
12.245808837,0.2138,0.9968,0.1058,1.025
12.248832722,0.2150,1.0014,0.1019,1.029
12.25037876,0.2167,1.0048,0.1002,1.033
12.251766183,0.2194,1.0090,0.0982,1.037
12.253747876,0.2206,1.0126,0.0919,1.040
12.25563203,0.2216,1.0144,0.0894,1.042
12.257784183,0.2265,1.0175,0.0858,1.046
12.259598337,0.2328,1.0205,0.0823,1.050
12.261681414,0.2343,1.0246,0.0806,1.054
12.26505503,0.2397,1.0295,0.0752,1.060
12.266749068,0.2436,1.0310,0.0726,1.062
12.268269183,0.2482,1.0332,0.0682,1.065
12.26974253,0.2526,1.0373,0.0628,1.069
12.272209876,0.2558,1.0403,0.0596,1.073
12.27328276,0.2621,1.0442,0.0572,1.078
12.275197491,0.2697,1.0444,0.0569,1.080
12.277221299,0.2724,1.0491,0.0535,1.085
12.281057376,0.2790,1.0564,0.0515,1.094
12.282735914,0.2824,1.0603,0.0501,1.098
12.28444026,0.2883,1.0676,0.0459,1.107
12.285843337,0.2946,1.0725,0.0418,1.113
12.287031837,0.2981,1.0776,0.0418,1.119
12.28891026,0.3046,1.0852,0.0396,1.128
12.290943222,0.3093,1.0881,0.0376,1.132
12.292899337,0.3169,1.0964,0.0349,1.142
12.294834414,0.3232,1.1062,0.0332,1.153
12.305081606,0.3247,1.1121,0.0322,1.159
12.305760491,0.3323,1.1226,0.0286,1.171
12.306071568,0.3389,1.1331,0.0281,1.183
12.306353068,0.3423,1.1382,0.0271,1.189
12.306623453,0.3464,1.1468,0.0283,1.198
12.306872953,0.3484,1.1514,0.0291,1.203
12.389995568,0.3533,1.1634,0.0266,1.216
12.391083683,0.3577,1.1744,0.0269,1.228
12.391505376,0.3584,1.1800,0.0271,1.234
12.391879991,0.3611,1.1915,0.0286,1.245
12.392216914,0.3665,1.2037,0.0296,1.259
12.392541414,0.3682,1.2093,0.0315,1.265
12.392823722,0.3716,1.2191,0.0359,1.275
12.393112453,0.3731,1.2259,0.0376,1.282
12.393409722,0.3777,1.2401,0.0418,1.297
12.393719068,0.3801,1.2501,0.0452,1.307
12.393966453,0.3814,1.2565,0.0464,1.314
12.394225183,0.3809,1.2650,0.0498,1.322
12.394460606,0.3777,1.2745,0.0528,1.330
12.394698799,0.3750,1.2782,0.0540,1.333
12.394940183,0.3682,1.2868,0.0537,1.339
12.395181453,0.3647,1.2912,0.0530,1.343
12.395466914,0.3552,1.2978,0.0508,1.346
12.396821722,0.3454,1.3066,0.0474,1.352
12.397159953,0.3398,1.3097,0.0447,1.354
12.39740726,0.3308,1.3153,0.0366,1.357
12.397638606,0.3232,1.3251,0.0308,1.364
12.397871606,0.3186,1.3288,0.0271,1.367
12.398113299,0.3090,1.3361,0.0237,1.372
12.398332145,0.3017,1.3471,0.0225,1.381
12.398555876,0.2973,1.3532,0.0225,1.386
12.398783645,0.2875,1.3659,0.0242,1.396
12.399020376,0.2824,1.3725,0.0239,1.401
12.399238876,0.2748,1.3862,0.0235,1.413
12.399524606,0.2704,1.4006,0.0237,1.427
12.400029414,0.2675,1.4089,0.0215,1.434
12.400285568,0.2612,1.4238,0.0169,1.448
12.400506337,0.2575,1.4407,0.0159,1.464
12.400732491,0.2558,1.4490,0.0120,1.471
12.400962953,0.2551,1.4646,0.0037,1.487
12.401199837,0.2607,1.4744,-0.0078,1.497
12.401440991,0.2641,1.4817,-0.0149,1.505
12.401710914,0.2731,1.4959,-0.0330,1.521
12.401956183,0.2785,1.5013,-0.0428,1.527
12.402182645,0.2888,1.5110,-0.0625,1.540
12.402465376,0.2834,1.5250,-0.0936,1.554
12.40269526,0.2729,1.5352,-0.1121,1.563
12.402920606,0.2255,1.5706,-0.1598,1.595
12.403151068,0.2187,1.5858,-0.1920,1.612
12.403466183,0.2372,1.5829,-0.2018,1.613
12.403718799,0.2871,1.5706,-0.2165,1.611
12.403958876,0.3152,1.5628,-0.2228,1.610
12.404223029,0.3775,1.5401,-0.2301,1.602
12.404474837,0.4285,1.5132,-0.2353,1.590
12.404724991,0.4461,1.4991,-0.2372,1.582
12.406651645,0.4942,1.4785,-0.2311,1.576
12.407437606,0.5353,1.4580,-0.2187,1.568
12.418928183,0.5514,1.4478,-0.2121,1.564
12.419972953,0.5744,1.4253,-0.1976,1.549
12.424678568,0.5861,1.4128,-0.1879,1.541
12.425189106,0.6132,1.3859,-0.1622,1.524
12.425456529,0.6391,1.3586,-0.1302,1.507
12.425708029,0.6406,1.3488,-0.1197,1.498
12.425944453,0.6152,1.3342,-0.1085,1.473
12.426187837,0.5700,1.3232,-0.1016,1.444
12.426435222,0.5477,1.3183,-0.1007,1.431
12.427024837,0.5042,1.3063,-0.0994,1.404
12.430004299,0.4847,1.2985,-0.1009,1.390
12.431525145,0.4498,1.2811,-0.1041,1.362
12.451985337,0.4173,1.2621,-0.1048,1.333
12.452796606,0.4007,1.2533,-0.1053,1.320
12.453150991,0.3696,1.2337,-0.1068,1.292
12.453435876,0.3425,1.2135,-0.1053,1.265
12.453701529,0.3303,1.2035,-0.1043,1.252
12.453957837,0.3029,1.1854,-0.1055,1.228
12.454232529,0.2888,1.1756,-0.1060,1.215
12.454500145,0.2636,1.1553,-0.1041,1.190
12.454772376,0.2443,1.1358,-0.1031,1.166
12.455040645,0.2333,1.1255,-0.1036,1.154
12.455401991,0.2116,1.1057,-0.1046,1.131
12.455729645,0.1925,1.0855,-0.1087,1.108
12.456872145,0.1845,1.0742,-0.1107,1.096
12.462485799,0.1681,1.0554,-0.1129,1.075
12.463035876,0.1605,1.0466,-0.1141,1.065
12.467585914,0.1456,1.0249,-0.1178,1.042
12.468360183,0.1324,1.0026,-0.1212,1.019
12.468783837,0.1266,0.9914,-0.1236,1.007
12.46910476,0.1138,0.9721,-0.1302,0.987
12.470532683,0.1019,0.9511,-0.1339,0.966
12.472441452,0.0953,0.9406,-0.1368,0.955
12.474794606,0.0809,0.9201,-0.1439,0.935
12.476861799,0.0743,0.9098,-0.1471,0.925
12.478566568,0.0613,0.8905,-0.1529,0.906
12.481035068,0.0479,0.8702,-0.1576,0.886
12.482417606,0.0423,0.8607,-0.1603,0.877
12.484115337,0.0300,0.8409,-0.1664,0.858
12.486914337,0.0159,0.8223,-0.1732,0.841
12.488040529,0.0098,0.8138,-0.1749,0.832
12.491103799,-0.0049,0.7955,-0.1786,0.815
12.492015952,-0.0122,0.7867,-0.1820,0.808
12.493964222,-0.0257,0.7705,-0.1893,0.794
12.496722952,-0.0371,0.7539,-0.1940,0.779
12.501689183,-0.0435,0.7471,-0.1962,0.774
12.502362183,-0.0567,0.7327,-0.2013,0.762
12.502639414,-0.0699,0.7200,-0.2052,0.752
12.503914029,-0.0748,0.7134,-0.2074,0.747
12.505979414,-0.0831,0.7012,-0.2123,0.737
12.508087683,-0.0848,0.6951,-0.2138,0.732
12.510576106,-0.0897,0.6821,-0.2157,0.721
12.512752837,-0.0906,0.6704,-0.2196,0.711
12.532942106,-0.0911,0.6638,-0.2211,0.706
12.53368376,-0.0875,0.6538,-0.2235,0.696
12.533991414,-0.0814,0.6435,-0.2231,0.686
12.534273414,-0.0777,0.6389,-0.2226,0.681
12.534527683,-0.0691,0.6313,-0.2201,0.672
12.534776145,-0.0638,0.6274,-0.2189,0.668
12.535026722,-0.0545,0.6183,-0.2162,0.657
12.535257068,-0.0423,0.6125,-0.2108,0.649
12.535574529,-0.0366,0.6105,-0.2074,0.646
12.535817183,-0.0239,0.6047,-0.2006,0.638
12.536052029,-0.0127,0.5993,-0.1910,0.629
12.536301837,-0.0083,0.5973,-0.1864,0.626
12.537377568,0.0022,0.5956,-0.1766,0.621
12.539548837,0.0122,0.5949,-0.1693,0.619
12.541622414,0.0164,0.5956,-0.1649,0.618
12.543818183,0.0249,0.5968,-0.1542,0.617
12.545351722,0.0293,0.5968,-0.1490,0.616
12.548177606,0.0393,0.5998,-0.1400,0.617
12.550769799,0.0467,0.6066,-0.1309,0.622
12.551263991,0.0498,0.6088,-0.1266,0.624
12.553424645,0.0584,0.6132,-0.1187,0.627
12.556975606,0.0660,0.6186,-0.1114,0.632
12.557578914,0.0691,0.6218,-0.1087,0.635
12.559494376,0.0743,0.6313,-0.1041,0.644
12.561317491,0.0796,0.6359,-0.0999,0.649
12.565727645,0.0814,0.6423,-0.0985,0.655
12.566674529,0.0865,0.6525,-0.0960,0.665
12.567728952,0.0884,0.6572,-0.0953,0.670
12.569364568,0.0941,0.6684,-0.0955,0.682
12.57123576,0.1004,0.6801,-0.0945,0.694
12.57309476,0.1024,0.6867,-0.0943,0.701
12.574990837,0.1070,0.6973,-0.0931,0.712
12.577034337,0.1092,0.7031,-0.0936,0.718
12.578961683,0.1146,0.7166,-0.0945,0.732
12.581862222,0.1195,0.7300,-0.0980,0.746
12.583585222,0.1219,0.7368,-0.0985,0.753
12.585187991,0.1268,0.7517,-0.1002,0.769
12.587434491,0.1331,0.7661,-0.1029,0.784
12.589217952,0.1356,0.7747,-0.1036,0.793
12.590931183,0.1434,0.7901,-0.1070,0.810
12.59288376,0.1461,0.7962,-0.1087,0.817
12.594713491,0.1551,0.8121,-0.1124,0.834
12.601696952,0.1622,0.8270,-0.1158,0.851
12.60250776,0.1664,0.8353,-0.1178,0.860
12.602833183,0.1732,0.8507,-0.1204,0.876
12.603160375,0.1818,0.8644,-0.1222,0.892
12.604773452,0.1862,0.8710,-0.1236,0.899
12.606573837,0.1918,0.8822,-0.1268,0.912
12.608798837,0.1954,0.8878,-0.1290,0.918
12.610503299,0.2011,0.8993,-0.1334,0.931
12.612941952,0.2028,0.9110,-0.1380,0.943
12.636619106,0.2057,0.9161,-0.1395,0.949
12.638407799,0.2086,0.9240,-0.1434,0.958
12.639934183,0.2099,0.9335,-0.1500,0.968
12.640456145,0.2106,0.9369,-0.1532,0.972
12.640758068,0.2099,0.9425,-0.1566,0.978
12.641012106,0.2052,0.9457,-0.1610,0.981
12.641258529,0.2035,0.9474,-0.1625,0.983
12.641504222,0.1981,0.9508,-0.1661,0.985
12.641816222,0.1952,0.9518,-0.1671,0.986
12.642060606,0.1867,0.9521,-0.1713,0.985
12.64231576,0.1764,0.9511,-0.1735,0.983
12.642881491,0.1730,0.9499,-0.1742,0.981
12.643284991,0.1666,0.9462,-0.1708,0.976
12.643603722,0.1595,0.9406,-0.1681,0.969
12.643843529,0.1544,0.9386,-0.1652,0.965
12.645127299,0.1451,0.9328,-0.1598,0.957
12.648156414,0.1410,0.9286,-0.1564,0.952
12.649220222,0.1292,0.9196,-0.1488,0.940
12.650348722,0.1197,0.9096,-0.1424,0.928
12.652335029,0.1160,0.9047,-0.1388,0.923
12.654028529,0.1082,0.8932,-0.1283,0.909
12.656400722,0.1004,0.8824,-0.1178,0.896
12.658282414,0.0965,0.8775,-0.1109,0.890
12.660324875,0.0914,0.8646,-0.0965,0.875
12.662034414,0.0862,0.8592,-0.0892,0.868
12.665388375,0.0833,0.8468,-0.0806,0.855
12.666040799,0.0787,0.8341,-0.0706,0.841
12.668207337,0.0762,0.8287,-0.0645,0.835
12.669879683,0.0738,0.8172,-0.0550,0.822
12.672031452,0.0723,0.8050,-0.0459,0.810
12.673927145,0.0721,0.8001,-0.0418,0.804
12.676065452,0.0694,0.7913,-0.0332,0.795
12.677865606,0.0652,0.7857,-0.0239,0.789
12.685186068,0.0640,0.7749,-0.0205,0.778
12.686018914,0.0613,0.7664,-0.0127,0.769
12.68676826,0.0594,0.7630,-0.0107,0.765
12.690445645,0.0564,0.7559,-0.0112,0.758
12.691129222,0.0559,0.7503,-0.0125,0.752
12.692383452,0.0550,0.7466,-0.0139,0.749
12.693378029,0.0511,0.7395,-0.0193,0.742
12.69438776,0.0474,0.7366,-0.0242,0.739
12.69612126,0.0450,0.7312,-0.0274,0.733
12.727034491,0.0396,0.7268,-0.0337,0.729
12.728009683,0.0369,0.7246,-0.0364,0.726
12.728372606,0.0354,0.7217,-0.0420,0.724
12.72865176,0.0327,0.7173,-0.0467,0.720
12.729264722,0.0313,0.7166,-0.0503,0.719
12.72956176,0.0296,0.7129,-0.0564,0.716
12.729891837,0.0281,0.7082,-0.0589,0.711
12.730163991,0.0283,0.7075,-0.0613,0.711
12.730448529,0.0300,0.7068,-0.0655,0.710
12.73071076,0.0305,0.7058,-0.0672,0.710
12.731015298,0.0340,0.7031,-0.0699,0.707
12.731288991,0.0379,0.7016,-0.0716,0.706
12.73164626,0.0398,0.7019,-0.0711,0.707
12.731946645,0.0442,0.7014,-0.0733,0.707
12.732227222,0.0469,0.7029,-0.0704,0.708
12.732475914,0.0481,0.7034,-0.0694,0.708
12.732741529,0.0513,0.7056,-0.0677,0.711
12.733016837,0.0542,0.7051,-0.0660,0.710
12.739862837,0.0581,0.7095,-0.0616,0.715
12.740600337,0.0611,0.7151,-0.0589,0.720
12.740893722,0.0630,0.7180,-0.0569,0.723
12.741410568,0.0662,0.7214,-0.0533,0.726
12.742282491,0.0711,0.7246,-0.0493,0.730
12.742776452,0.0728,0.7315,-0.0474,0.737
12.744706529,0.0755,0.7380,-0.0423,0.743
12.752156183,0.0772,0.7420,-0.0403,0.747
12.75289926,0.0811,0.7483,-0.0376,0.754
12.753189645,0.0843,0.7578,-0.0342,0.763
12.753451875,0.0862,0.7632,-0.0332,0.769
12.754741222,0.0909,0.7715,-0.0325,0.778
12.756818683,0.0936,0.7818,-0.0318,0.788
12.758492529,0.0945,0.7867,-0.0327,0.793
12.760494491,0.0972,0.7959,-0.0337,0.803
12.762502106,0.0997,0.8008,-0.0354,0.808
12.764736991,0.1038,0.8099,-0.0386,0.817
12.767106991,0.1058,0.8231,-0.0401,0.831
12.768646375,0.1073,0.8292,-0.0430,0.837
12.770514568,0.1104,0.8407,-0.0452,0.849
12.772582029,0.1131,0.8536,-0.0476,0.862
12.774302991,0.1143,0.8582,-0.0493,0.867
12.776322952,0.1182,0.8685,-0.0501,0.878
12.778529914,0.1207,0.8741,-0.0540,0.884
12.784411875,0.1214,0.8859,-0.0574,0.896
12.785049798,0.1251,0.8993,-0.0611,0.910
12.785336375,0.1273,0.9054,-0.0630,0.916
12.790064914,0.1302,0.9164,-0.0679,0.928
12.790521645,0.1331,0.9286,-0.0689,0.941
12.790787798,0.1341,0.9347,-0.0699,0.947
12.792339414,0.1378,0.9464,-0.0706,0.959
12.794272106,0.1417,0.9518,-0.0704,0.965
12.796301837,0.1439,0.9631,-0.0706,0.976
12.81577326,0.1476,0.9760,-0.0718,0.990
12.817368452,0.1471,0.9809,-0.0718,0.994
12.818587721,0.1500,0.9907,-0.0716,1.005
12.818999991,0.1515,0.9990,-0.0728,1.013
12.819260568,0.1517,1.0039,-0.0726,1.018
12.819558529,0.1505,1.0136,-0.0716,1.027
12.81980776,0.1507,1.0227,-0.0728,1.036
12.820061914,0.1512,1.0276,-0.0740,1.041
12.820296068,0.1505,1.0359,-0.0733,1.049
12.820532298,0.1500,1.0405,-0.0726,1.054
12.820773068,0.1471,1.0493,-0.0682,1.062
12.821013645,0.1441,1.0581,-0.0674,1.070
12.821964875,0.1417,1.0625,-0.0662,1.074
12.824010068,0.1366,1.0703,-0.0640,1.081
12.826070683,0.1314,1.0784,-0.0625,1.088
12.827969375,0.1287,1.0825,-0.0616,1.092
12.829804952,0.1236,1.0896,-0.0599,1.098
12.832070837,0.1165,1.0928,-0.0599,1.101
12.838099452,0.1141,1.1004,-0.0586,1.108
12.838537106,0.1109,1.1079,-0.0577,1.115
12.838818837,0.1085,1.1123,-0.0569,1.119
12.83975576,0.1029,1.1184,-0.0591,1.125
12.841761414,0.0980,1.1245,-0.0608,1.130
12.843809298,0.0955,1.1275,-0.0630,1.133
12.84557476,0.0901,1.1341,-0.0674,1.140
12.852210645,0.0865,1.1429,-0.0704,1.148
12.852892068,0.0833,1.1470,-0.0726,1.152
12.853165875,0.0814,1.1541,-0.0757,1.159
12.853670491,0.0796,1.1570,-0.0787,1.162
12.855733645,0.0784,1.1644,-0.0845,1.170
12.857691568,0.0774,1.1710,-0.0911,1.177
12.859569183,0.0770,1.1741,-0.0941,1.180
12.861684837,0.0752,1.1810,-0.1004,1.188
12.863596645,0.0752,1.1888,-0.1058,1.196
12.865531529,0.0750,1.1917,-0.1077,1.199
12.867332683,0.0743,1.1983,-0.1131,1.206
12.869456452,0.0748,1.2017,-0.1151,1.210
12.871204298,0.0748,1.2081,-0.1209,1.216
12.873379721,0.0774,1.2127,-0.1258,1.222
12.875248221,0.0804,1.2142,-0.1278,1.224
12.877315298,0.0862,1.2176,-0.1339,1.228
12.879115068,0.0936,1.2188,-0.1375,1.230
12.882059452,0.0967,1.2210,-0.1405,1.233
12.884020106,0.1043,1.2213,-0.1419,1.234
12.885158337,0.1077,1.2220,-0.1432,1.235
12.887040606,0.1173,1.2225,-0.1439,1.237
12.889188837,0.1241,1.2218,-0.1461,1.237
12.891076106,0.1261,1.2218,-0.1466,1.237
12.893157529,0.1302,1.2218,-0.1466,1.237
12.895053683,0.1349,1.2210,-0.1419,1.237
12.902460414,0.1383,1.2215,-0.1417,1.237
12.903107952,0.1456,1.2206,-0.1375,1.237
12.903450568,0.1510,1.2215,-0.1307,1.238
12.903864683,0.1532,1.2188,-0.1256,1.235
12.905221568,0.1586,1.2174,-0.1197,1.233
12.90696776,0.1630,1.2169,-0.1173,1.233
12.908775644,0.1695,1.2135,-0.1116,1.230
12.91068776,0.1757,1.2125,-0.1029,1.229
12.913109337,0.1774,1.2122,-0.1002,1.229
12.932292029,0.1808,1.2132,-0.0921,1.230
12.93304826,0.1820,1.2159,-0.0801,1.232
12.93334176,0.1837,1.2181,-0.0733,1.234
12.933584414,0.1867,1.2196,-0.0599,1.235
12.933832144,0.1888,1.2196,-0.0520,1.235
12.93406876,0.1986,1.2193,-0.0408,1.236
12.934316914,0.2091,1.2149,-0.0332,1.233
12.934550183,0.2157,1.2130,-0.0318,1.232
12.934791106,0.2287,1.2118,-0.0364,1.234
12.935034106,0.2443,1.2081,-0.0457,1.233
12.935269491,0.2531,1.2074,-0.0520,1.235
12.936695991,0.2673,1.2071,-0.0669,1.238
12.938399568,0.2726,1.2069,-0.0743,1.240
12.940693491,0.2773,1.2096,-0.0862,1.244
12.942611952,0.2817,1.2157,-0.0889,1.251
12.944479991,0.2819,1.2203,-0.0867,1.255
12.946453144,0.2785,1.2337,-0.0750,1.267
12.948484375,0.2744,1.2528,-0.0569,1.284
12.950403721,0.2712,1.2631,-0.0462,1.293
12.952444029,0.2656,1.2860,-0.0225,1.313
12.954324106,0.2653,1.3131,0.0012,1.340
12.956502606,0.2656,1.3278,0.0112,1.354
12.958371144,0.2692,1.3554,0.0291,1.382
12.960444798,0.2734,1.3684,0.0362,1.396
12.962268337,0.2795,1.3960,0.0472,1.424
12.965524721,0.2873,1.4206,0.0528,1.450
12.966303837,0.2912,1.4314,0.0557,1.462
12.968373644,0.3010,1.4504,0.0559,1.482
12.970271721,0.3125,1.4651,0.0528,1.499
12.972484491,0.3198,1.4712,0.0498,1.506
12.974204798,0.3391,1.4810,0.0415,1.520
12.976221068,0.3489,1.4832,0.0359,1.524
12.977909068,0.3709,1.4851,0.0213,1.531
12.979856337,0.3946,1.4798,0.0044,1.531
12.982127337,0.4051,1.4768,-0.0051,1.531
12.984558683,0.4278,1.4644,-0.0257,1.526
12.985905029,0.4478,1.4514,-0.0481,1.520
12.988473183,0.4561,1.4441,-0.0601,1.516
12.989879337,0.4710,1.4280,-0.0831,1.506
12.991856683,0.4757,1.4189,-0.0945,1.500
12.993639491,0.4859,1.4006,-0.1173,1.487
12.995770798,0.4918,1.3816,-0.1373,1.473
13.001628798,0.4945,1.3723,-0.1466,1.466
13.002251567,0.4996,1.3527,-0.1683,1.452
13.003560144,0.5001,1.3442,-0.1910,1.447
13.003900875,0.5020,1.3249,-0.2013,1.431
13.005769644,0.5040,1.3085,-0.2233,1.420
13.007882067,0.5020,1.3002,-0.2340,1.413
13.009694721,0.4991,1.2841,-0.2543,1.401
13.011553914,0.4923,1.2665,-0.2707,1.385
13.013623337,0.4859,1.2589,-0.2783,1.378
13.037753798,0.4752,1.2445,-0.2917,1.364
13.039495144,0.4693,1.2362,-0.2973,1.355
13.040423067,0.4644,1.2181,-0.3049,1.339
13.041648491,0.4529,1.2010,-0.3076,1.320
13.042675529,0.4459,1.1922,-0.3071,1.309
13.043988221,0.4395,1.1776,-0.3046,1.293
13.045103798,0.4332,1.1605,-0.3003,1.275
13.045959683,0.4283,1.1507,-0.2966,1.263
13.046690144,0.4231,1.1297,-0.2858,1.240
13.047924029,0.4195,1.1184,-0.2792,1.227
13.049003798,0.4063,1.1011,-0.2663,1.203
13.050107106,0.3887,1.0825,-0.2541,1.178
13.051112567,0.3826,1.0737,-0.2480,1.167
13.051983337,0.3735,1.0520,-0.2328,1.140
13.052700644,0.3633,1.0298,-0.2191,1.114
13.053586606,0.3540,1.0200,-0.2143,1.101
13.054265183,0.3530,0.9970,-0.2003,1.076
13.055176952,0.3381,0.9872,-0.1937,1.061
13.056209106,0.3288,0.9684,-0.1888,1.040
13.057246144,0.2985,0.9513,-0.1840,1.014
13.058162721,0.2863,0.9416,-0.1808,1.001
13.059084798,0.2761,0.9213,-0.1735,0.977
13.060081875,0.2565,0.9064,-0.1720,0.958
13.061010144,0.2441,0.8986,-0.1710,0.947
13.063585029,0.2253,0.8815,-0.1666,0.925
13.065439798,0.2140,0.8648,-0.1632,0.906
13.066800721,0.2096,0.8553,-0.1620,0.895
13.068699183,0.2025,0.8407,-0.1603,0.879
13.070814875,0.1986,0.8328,-0.1576,0.871
13.072880337,0.1910,0.8170,-0.1551,0.853
13.074677914,0.1867,0.8025,-0.1527,0.838
13.076543991,0.1852,0.7950,-0.1515,0.830
13.078567414,0.1815,0.7825,-0.1471,0.817
13.081943144,0.1796,0.7698,-0.1454,0.804
13.082650875,0.1786,0.7627,-0.1454,0.797
13.084585875,0.1783,0.7505,-0.1449,0.785
13.086529183,0.1779,0.7464,-0.1437,0.781
13.088511837,0.1808,0.7366,-0.1422,0.772
13.090346798,0.1832,0.7297,-0.1397,0.765
13.092493606,0.1845,0.7253,-0.1385,0.761
13.09438926,0.1869,0.7166,-0.1378,0.753
13.096723606,0.1906,0.7090,-0.1366,0.747
13.09882076,0.1923,0.7065,-0.1356,0.745
13.100635875,0.1984,0.7038,-0.1319,0.743
13.103127337,0.2028,0.7012,-0.1295,0.741
13.104404683,0.2050,0.6982,-0.1278,0.739
13.106199337,0.2074,0.6970,-0.1248,0.738
13.108433837,0.2094,0.6960,-0.1224,0.737
13.110316644,0.2145,0.6965,-0.1214,0.739
13.112307952,0.2157,0.6977,-0.1151,0.739
13.117939375,0.2169,0.6994,-0.1134,0.741
13.118586337,0.2206,0.7019,-0.1094,0.744
13.118849914,0.2257,0.7053,-0.1068,0.748
13.12032199,0.2270,0.7078,-0.1053,0.751
13.122175529,0.2301,0.7139,-0.1009,0.757
13.124248144,0.2326,0.7163,-0.0977,0.759
13.12622926,0.2353,0.7234,-0.0926,0.766
13.128699183,0.2409,0.7315,-0.0894,0.775
13.129920644,0.2446,0.7349,-0.0867,0.779
13.145667837,0.2526,0.7424,-0.0816,0.788
13.14749776,0.2604,0.7520,-0.0757,0.799
13.148733567,0.2634,0.7564,-0.0743,0.804
13.149935529,0.2712,0.7649,-0.0696,0.815
13.150959644,0.2729,0.7701,-0.0684,0.820
13.152259952,0.2805,0.7781,-0.0662,0.830
13.153283644,0.2861,0.7869,-0.0660,0.840
13.154333337,0.2880,0.7913,-0.0672,0.845
13.155015644,0.2919,0.8018,-0.0687,0.856
13.156296221,0.2961,0.8123,-0.0708,0.867
13.157023644,0.2973,0.8170,-0.0718,0.872
13.15809549,0.2985,0.8277,-0.0748,0.883
13.158859875,0.3010,0.8331,-0.0762,0.889
13.160050144,0.3029,0.8458,-0.0806,0.902
13.160903029,0.3034,0.8575,-0.0850,0.914
13.161825298,0.3034,0.8634,-0.0880,0.919
13.165438144,0.3056,0.8749,-0.0889,0.931
13.166955798,0.3059,0.8859,-0.0828,0.941
13.171798029,0.3073,0.8917,-0.0794,0.947
13.172727529,0.3076,0.9020,-0.0755,0.956
13.17384299,0.3076,0.9071,-0.0735,0.961
13.174654798,0.3083,0.9186,-0.0674,0.971
13.175991914,0.3071,0.9293,-0.0616,0.981
13.177649837,0.3083,0.9345,-0.0586,0.986
13.179552606,0.3064,0.9418,-0.0511,0.992
13.183214875,0.3046,0.9508,-0.0415,0.999
13.185200567,0.3037,0.9543,-0.0374,1.002
13.186412606,0.3015,0.9609,-0.0291,1.007
13.187835067,0.3012,0.9633,-0.0254,1.010
13.189136837,0.3012,0.9667,-0.0191,1.013
13.190975183,0.2978,0.9687,-0.0090,1.013
13.193240375,0.2954,0.9692,-0.0051,1.013
13.19511499,0.2919,0.9697,0.0015,1.013
13.197454606,0.2868,0.9689,0.0081,1.011
13.20213326,0.2829,0.9682,0.0115,1.009
13.202809798,0.2751,0.9655,0.0173,1.004
13.203131567,0.2722,0.9643,0.0183,1.002
13.205839298,0.2668,0.9596,0.0173,0.996
13.206952914,0.2570,0.9562,0.0127,0.990
13.209506337,0.2519,0.9540,0.0095,0.987
13.210966683,0.2406,0.9479,0.0010,0.978
13.213108567,0.2294,0.9428,-0.0078,0.970
13.235285452,0.2231,0.9394,-0.0139,0.966
13.236047567,0.2123,0.9323,-0.0235,0.956
13.236333721,0.2062,0.9284,-0.0261,0.951
13.236589375,0.1952,0.9196,-0.0305,0.941
13.236848183,0.1837,0.9125,-0.0332,0.931
13.237084913,0.1783,0.9083,-0.0347,0.926
13.237332183,0.1713,0.8981,-0.0337,0.915
13.23756849,0.1656,0.8863,-0.0303,0.902
13.237814298,0.1634,0.8812,-0.0276,0.897
13.23806776,0.1603,0.8661,-0.0225,0.881
13.238293337,0.1568,0.8592,-0.0161,0.874
13.23853449,0.1564,0.8451,-0.0120,0.859
13.238778567,0.1542,0.8311,-0.0042,0.845
13.240704067,0.1544,0.8238,-0.0005,0.838
13.242555221,0.1544,0.8087,0.0083,0.823
13.244632644,0.1542,0.7925,0.0173,0.808
13.246550529,0.1534,0.7845,0.0217,0.800
13.249565721,0.1502,0.7693,0.0327,0.785
13.250410606,0.1500,0.7539,0.0420,0.770
13.25260549,0.1500,0.7468,0.0467,0.763
13.254551106,0.1488,0.7322,0.0540,0.749
13.256502298,0.1471,0.7249,0.0638,0.742
13.258379183,0.1466,0.7107,0.0677,0.729
13.260587183,0.1476,0.7002,0.0765,0.720
13.262138413,0.1478,0.6948,0.0811,0.715
13.264319452,0.1473,0.6821,0.0875,0.703
13.266612144,0.1476,0.6709,0.0948,0.693
13.269172067,0.1473,0.6648,0.0987,0.688
13.270351452,0.1463,0.6557,0.1043,0.680
13.272328952,0.1471,0.6474,0.1087,0.673
13.274237067,0.1461,0.6447,0.1097,0.670
13.276292875,0.1471,0.6384,0.1102,0.664
13.278197452,0.1480,0.6357,0.1104,0.662
13.280140913,0.1471,0.6288,0.1099,0.655
13.284044529,0.1456,0.6274,0.1109,0.654
13.284763875,0.1463,0.6264,0.1107,0.653
13.286125413,0.1473,0.6230,0.1077,0.649
13.288145106,0.1471,0.6205,0.1043,0.646
13.289860529,0.1468,0.6200,0.1019,0.645
13.293126721,0.1459,0.6188,0.0982,0.643
13.293801413,0.1446,0.6196,0.0958,0.643
13.295785798,0.1444,0.6213,0.0906,0.644
13.298033221,0.1454,0.6210,0.0843,0.643
13.303252298,0.1439,0.6227,0.0814,0.644
13.304044567,0.1405,0.6257,0.0733,0.645
13.304361644,0.1388,0.6269,0.0652,0.645
13.305719183,0.1388,0.6274,0.0611,0.645
13.307996875,0.1361,0.6284,0.0542,0.645
13.309802375,0.1351,0.6308,0.0515,0.647
13.311742952,0.1336,0.6337,0.0447,0.649
13.316105452,0.1329,0.6372,0.0379,0.652
13.316792337,0.1336,0.6386,0.0332,0.653
13.332548721,0.1339,0.6420,0.0269,0.656
13.334859606,0.1336,0.6440,0.0205,0.658
13.33549076,0.1344,0.6462,0.0169,0.660
13.33593849,0.1334,0.6494,0.0129,0.663
13.336390375,0.1336,0.6516,0.0107,0.665
13.33682626,0.1339,0.6560,0.0071,0.670
13.337281913,0.1363,0.6596,0.0029,0.674
13.33773876,0.1388,0.6616,0.0015,0.676
13.338239106,0.1405,0.6660,-0.0020,0.681
13.338743106,0.1419,0.6682,-0.0037,0.683
13.33931276,0.1434,0.6750,-0.0073,0.690
13.339957606,0.1434,0.6814,-0.0078,0.696
13.341337144,0.1441,0.6855,-0.0073,0.701
13.34319149,0.1466,0.6929,-0.0088,0.708
13.345137375,0.1476,0.7009,-0.0107,0.716
13.347128106,0.1490,0.7041,-0.0110,0.720
13.350173683,0.1527,0.7114,-0.0110,0.728
13.35120926,0.1551,0.7166,-0.0107,0.733
13.35287999,0.1573,0.7251,-0.0090,0.742
13.355541913,0.1600,0.7349,-0.0081,0.752
13.35751726,0.1620,0.7405,-0.0076,0.758
13.35907499,0.1666,0.7508,-0.0049,0.769
13.360794952,0.1676,0.7598,-0.0029,0.778
13.362854221,0.1688,0.7657,-0.0022,0.784
13.364837067,0.1703,0.7762,0.0005,0.795
13.366985336,0.1710,0.7813,0.0027,0.800
13.369064298,0.1715,0.7923,0.0049,0.811
13.371668606,0.1713,0.8028,0.0093,0.821
13.373152567,0.1725,0.8079,0.0110,0.826
13.375351913,0.1737,0.8179,0.0137,0.836
13.376604836,0.1737,0.8304,0.0203,0.849
13.378846029,0.1754,0.8365,0.0215,0.855
13.380657529,0.1771,0.8480,0.0239,0.867
13.391197875,0.1764,0.8534,0.0291,0.872
13.392074529,0.1771,0.8656,0.0308,0.884
13.392388336,0.1779,0.8771,0.0335,0.896
13.392680606,0.1801,0.8819,0.0344,0.901
13.392961029,0.1835,0.8939,0.0366,0.913
13.393309721,0.1864,0.9056,0.0371,0.925
13.394686798,0.1881,0.9115,0.0379,0.931
13.396774606,0.1920,0.9230,0.0406,0.944
13.422699529,0.1942,0.9293,0.0408,0.950
13.423422298,0.1950,0.9413,0.0403,0.962
13.423730298,0.2011,0.9518,0.0398,0.974
13.423973798,0.2033,0.9565,0.0376,0.979
13.424236644,0.2103,0.9687,0.0357,0.992
13.42448649,0.2145,0.9782,0.0347,1.002
13.424748106,0.2167,0.9838,0.0327,1.008
13.42500049,0.2233,0.9943,0.0281,1.019
13.425242259,0.2301,1.0058,0.0259,1.032
13.425493106,0.2338,1.0097,0.0244,1.037
13.425769721,0.2397,1.0217,0.0210,1.050
13.426087798,0.2421,1.0266,0.0186,1.055
13.429445644,0.2475,1.0354,0.0125,1.065
13.434282759,0.2541,1.0444,0.0061,1.075
13.435062875,0.2570,1.0505,0.0029,1.082
13.435451952,0.2631,1.0605,-0.0029,1.093
13.436223336,0.2707,1.0720,-0.0081,1.106
13.436716375,0.2741,1.0757,-0.0117,1.110
13.437001798,0.2788,1.0823,-0.0188,1.118
13.442897452,0.2812,1.0874,-0.0225,1.123
13.443561683,0.2873,1.0979,-0.0310,1.135
13.443936413,0.2934,1.1062,-0.0381,1.145
13.444222606,0.2961,1.1101,-0.0418,1.150
13.449913298,0.3022,1.1175,-0.0459,1.159
13.450845644,0.3110,1.1258,-0.0481,1.169
13.45123049,0.3159,1.1294,-0.0511,1.174
13.451731759,0.3242,1.1368,-0.0552,1.183
13.455088721,0.3310,1.1458,-0.0596,1.194
13.456042259,0.3349,1.1502,-0.0601,1.199
13.456479567,0.3408,1.1561,-0.0603,1.207
13.457831183,0.3430,1.1592,-0.0603,1.210
13.459718644,0.3501,1.1661,-0.0603,1.219
13.461567606,0.3569,1.1719,-0.0613,1.227
13.46463899,0.3599,1.1741,-0.0628,1.230
13.467650183,0.3660,1.1783,-0.0645,1.235
13.468340952,0.3735,1.1810,-0.0665,1.240
13.469297413,0.3765,1.1846,-0.0657,1.245
13.471584952,0.3814,1.1876,-0.0657,1.249
13.473354567,0.3845,1.1881,-0.0662,1.250
13.475210836,0.3889,1.1905,-0.0657,1.254
13.477358567,0.3931,1.1920,-0.0650,1.257
13.479077183,0.3970,1.1920,-0.0628,1.258
13.481112106,0.4021,1.1912,-0.0586,1.259
13.483813875,0.4036,1.1922,-0.0572,1.260
13.48552399,0.4073,1.1907,-0.0540,1.260
13.487150298,0.4107,1.1895,-0.0493,1.259
13.490287875,0.4126,1.1898,-0.0472,1.260
13.491078029,0.4136,1.1881,-0.0413,1.259
13.492952221,0.4131,1.1844,-0.0366,1.255
13.494865759,0.4121,1.1829,-0.0332,1.253
13.496952375,0.4063,1.1795,-0.0281,1.248
13.499046259,0.4038,1.1773,-0.0257,1.245
13.504310913,0.4007,1.1719,-0.0205,1.239
13.505024759,0.3955,1.1668,-0.0149,1.232
13.505328683,0.3921,1.1636,-0.0129,1.228
13.506675836,0.3865,1.1585,-0.0071,1.221
13.508754836,0.3782,1.1526,-0.0022,1.213
13.510579144,0.3740,1.1492,0.0015,1.209
13.512570952,0.3662,1.1424,0.0095,1.200
13.514562298,0.3630,1.1407,0.0120,1.197
13.536110298,0.3530,1.1343,0.0156,1.188
13.536918644,0.3425,1.1272,0.0188,1.178
13.53735649,0.3371,1.1260,0.0195,1.176
13.537700029,0.3254,1.1250,0.0213,1.171
13.538070452,0.3154,1.1231,0.0259,1.167
13.538438144,0.3120,1.1236,0.0288,1.166
13.538786221,0.3054,1.1228,0.0352,1.164
13.539115952,0.3012,1.1231,0.0369,1.163
13.539486259,0.2934,1.1226,0.0410,1.161
13.539791682,0.2817,1.1214,0.0410,1.157
13.540133298,0.2748,1.1194,0.0413,1.153
13.540457798,0.2563,1.1194,0.0357,1.149
13.540734029,0.2460,1.1184,0.0305,1.146
13.541977452,0.2213,1.1201,0.0154,1.142
13.544241298,0.1950,1.1236,-0.0017,1.140
13.546276259,0.1810,1.1260,-0.0120,1.141
13.548068106,0.1573,1.1343,-0.0300,1.146
13.550856875,0.1373,1.1436,-0.0503,1.153
13.552494644,0.1300,1.1499,-0.0599,1.159
13.560506913,0.1214,1.1612,-0.0772,1.170
13.561054182,0.1165,1.1685,-0.0906,1.178
13.561370606,0.1160,1.1861,-0.0967,1.196
13.561640182,0.1182,1.2054,-0.1048,1.216
13.561983759,0.1190,1.2154,-0.1082,1.226
13.564068182,0.1224,1.2386,-0.1121,1.250
13.567739106,0.1248,1.2640,-0.1119,1.275
13.568632913,0.1273,1.2767,-0.1112,1.288
13.57135049,0.1346,1.3041,-0.1104,1.316
13.57257899,0.1424,1.3310,-0.1109,1.343
13.573792298,0.1468,1.3452,-0.1099,1.358
13.57584949,0.1622,1.3713,-0.1085,1.385
13.577660413,0.1698,1.3847,-0.1075,1.399
13.579570298,0.1801,1.4089,-0.1114,1.425
13.581449798,0.1954,1.4314,-0.1134,1.449
13.584890375,0.2042,1.4417,-0.1138,1.460
13.585440298,0.2274,1.4600,-0.1158,1.482
13.587342644,0.2497,1.4763,-0.1214,1.502
13.589323606,0.2607,1.4827,-0.1234,1.510
13.596843298,0.2790,1.4949,-0.1270,1.526
13.59734749,0.2878,1.4996,-0.1305,1.532
13.597644029,0.3049,1.5076,-0.1371,1.544
13.597905067,0.3242,1.5115,-0.1473,1.553
13.602559375,0.3332,1.5130,-0.1529,1.557
13.603187182,0.3533,1.5137,-0.1595,1.563
13.603569567,0.3711,1.5098,-0.1659,1.564
13.605091721,0.3799,1.5071,-0.1688,1.563
13.607552682,0.4004,1.4974,-0.1774,1.560
13.609234529,0.4092,1.4922,-0.1815,1.558
13.611178452,0.4248,1.4798,-0.1876,1.551
13.613280336,0.4415,1.4629,-0.1940,1.540
13.631736144,0.4500,1.4536,-0.1976,1.534
13.632553029,0.4647,1.4343,-0.2067,1.522
13.632876259,0.4722,1.4136,-0.2162,1.506
13.633189336,0.4740,1.4026,-0.2233,1.497
13.633467375,0.4720,1.3791,-0.2362,1.477
13.633734144,0.4656,1.3676,-0.2443,1.465
13.634006144,0.4591,1.3449,-0.2590,1.444
13.63428949,0.4454,1.3229,-0.2739,1.422
13.634565567,0.4361,1.3119,-0.2802,1.411
13.634839182,0.4156,1.2904,-0.2919,1.387
13.63512599,0.3931,1.2687,-0.3029,1.362
13.636693067,0.3792,1.2589,-0.3059,1.350
13.638892106,0.3525,1.2396,-0.3112,1.326
13.640807529,0.3403,1.2291,-0.3132,1.313
13.642944605,0.3130,1.2093,-0.3147,1.288
13.644695298,0.2846,1.1907,-0.3127,1.264
13.646524144,0.2702,1.1810,-0.3120,1.251
13.648784259,0.2441,1.1624,-0.3095,1.227
13.652147413,0.2162,1.1412,-0.3064,1.201
13.652807067,0.2020,1.1314,-0.3039,1.189
13.654747759,0.1766,1.1121,-0.2993,1.165
13.656694836,0.1529,1.1033,-0.2946,1.152
13.658668413,0.1410,1.0833,-0.2917,1.131
13.660742529,0.1187,1.0632,-0.2851,1.107
13.662610452,0.1073,1.0527,-0.2814,1.095
13.664657144,0.0882,1.0317,-0.2731,1.071
13.666653298,0.0687,1.0095,-0.2653,1.046
13.668644798,0.0591,0.9992,-0.2609,1.034
13.670475413,0.0437,0.9780,-0.2485,1.010
13.672610375,0.0291,0.9574,-0.2355,0.986
13.67440349,0.0230,0.9474,-0.2292,0.975
13.676514567,0.0100,0.9274,-0.2187,0.953
13.678450452,0.0039,0.9181,-0.2138,0.943
13.680579336,-0.0076,0.9020,-0.2052,0.925
13.683139913,-0.0210,0.8851,-0.1981,0.907
13.684327221,-0.0274,0.8758,-0.1920,0.897
13.686322452,-0.0393,0.8604,-0.1793,0.880
13.688262605,-0.0501,0.8446,-0.1686,0.863
13.690390029,-0.0555,0.8358,-0.1627,0.853
13.692151105,-0.0643,0.8189,-0.1529,0.836
13.69414699,-0.0689,0.8113,-0.1485,0.828
13.696116029,-0.0755,0.7969,-0.1366,0.812
13.698021836,-0.0794,0.7801,-0.1226,0.794
13.702871836,-0.0792,0.7725,-0.1180,0.785
13.703592105,-0.0770,0.7581,-0.1065,0.769
13.704115182,-0.0752,0.7420,-0.0994,0.752
13.706070952,-0.0728,0.7341,-0.0963,0.744
13.708095221,-0.0647,0.7197,-0.0931,0.729
13.710010029,-0.0606,0.7134,-0.0916,0.722
13.711987644,-0.0523,0.7026,-0.0870,0.710
13.713857836,-0.0432,0.6911,-0.0826,0.697
13.735632298,-0.0364,0.6870,-0.0799,0.693
13.737168798,-0.0242,0.6772,-0.0760,0.682
13.738123529,-0.0144,0.6738,-0.0726,0.678
13.738995952,-0.0098,0.6670,-0.0708,0.671
13.740144375,0.0010,0.6623,-0.0723,0.666
13.741203567,0.0056,0.6616,-0.0745,0.666
13.742163952,0.0117,0.6621,-0.0782,0.667
13.743213759,0.0171,0.6650,-0.0840,0.671
13.744375029,0.0200,0.6667,-0.0894,0.673
13.74571349,0.0235,0.6711,-0.0994,0.679
13.746275105,0.0271,0.6762,-0.1053,0.685
13.746563644,0.0283,0.6787,-0.1097,0.688
13.746804836,0.0313,0.6865,-0.1197,0.698
13.747035913,0.0332,0.6916,-0.1229,0.703
13.747280105,0.0359,0.6987,-0.1290,0.711
13.747595452,0.0374,0.7058,-0.1336,0.719
13.747847336,0.0388,0.7095,-0.1356,0.723
13.750912259,0.0423,0.7195,-0.1395,0.734
13.752476721,0.0452,0.7283,-0.1439,0.744
13.753443836,0.0467,0.7312,-0.1439,0.747
13.755138298,0.0484,0.7393,-0.1468,0.755
13.757498105,0.0484,0.7456,-0.1483,0.762
13.759269144,0.0501,0.7488,-0.1502,0.765
13.761342798,0.0555,0.7573,-0.1517,0.774
13.763313028,0.0572,0.7622,-0.1532,0.780
13.765508259,0.0594,0.7705,-0.1534,0.788
13.768288336,0.0635,0.7779,-0.1551,0.796
13.769386836,0.0647,0.7818,-0.1551,0.800
13.771050182,0.0662,0.7903,-0.1551,0.808
13.773229452,0.0701,0.7967,-0.1539,0.814
13.77491049,0.0713,0.8003,-0.1515,0.818
13.777279759,0.0743,0.8089,-0.1483,0.826
13.778981336,0.0755,0.8123,-0.1468,0.829
13.781027375,0.0804,0.8199,-0.1432,0.836
13.786526567,0.0833,0.8262,-0.1395,0.842
13.787197182,0.0845,0.8297,-0.1371,0.845
13.78754399,0.0862,0.8375,-0.1322,0.852
13.789473836,0.0909,0.8433,-0.1244,0.857
13.791053836,0.0931,0.8460,-0.1207,0.860
13.793063682,0.0955,0.8521,-0.1138,0.865
13.794882798,0.0980,0.8541,-0.1094,0.867
13.79706299,0.1019,0.8582,-0.0999,0.870
13.798807144,0.1024,0.8658,-0.0899,0.876
13.814895528,0.1031,0.8678,-0.0845,0.878
13.816649298,0.1063,0.8710,-0.0740,0.881
13.817005452,0.1085,0.8775,-0.0652,0.887
13.817267875,0.1085,0.8790,-0.0611,0.888
13.817517221,0.1102,0.8812,-0.0518,0.890
13.81777149,0.1114,0.8856,-0.0440,0.894
13.818021875,0.1092,0.8863,-0.0396,0.894
13.818261144,0.1080,0.8876,-0.0310,0.895
13.818513836,0.1085,0.8888,-0.0276,0.896
13.818745836,0.1082,0.8893,-0.0205,0.896
13.820600452,0.1060,0.8881,-0.0154,0.894
13.822354413,0.1048,0.8888,-0.0134,0.895
13.824306375,0.1024,0.8866,-0.0076,0.893
13.826753528,0.1019,0.8849,-0.0012,0.891
13.828377952,0.1019,0.8807,0.0007,0.887
13.830204528,0.1004,0.8763,0.0044,0.882
13.833650759,0.0985,0.8741,0.0059,0.880
13.834667375,0.0958,0.8673,0.0088,0.873
13.841957144,0.0936,0.8607,0.0112,0.866
13.842425567,0.0916,0.8582,0.0134,0.863
13.842689528,0.0897,0.8512,0.0176,0.856
13.842960182,0.0901,0.8475,0.0186,0.852
13.844288528,0.0870,0.8404,0.0220,0.845
13.846195413,0.0858,0.8331,0.0244,0.838
13.848175298,0.0862,0.8289,0.0266,0.834
13.850628221,0.0840,0.8201,0.0286,0.825
13.852998875,0.0821,0.8121,0.0315,0.817
13.854107567,0.0811,0.8072,0.0325,0.812
13.856750913,0.0789,0.7999,0.0342,0.804
13.857929682,0.0782,0.7967,0.0354,0.801
13.860032221,0.0779,0.7908,0.0359,0.795
13.862007182,0.0752,0.7828,0.0344,0.787
13.864068336,0.0738,0.7781,0.0347,0.782
13.867330798,0.0713,0.7693,0.0349,0.773
13.868026836,0.0687,0.7617,0.0340,0.766
13.869919605,0.0677,0.7578,0.0327,0.762
13.87319099,0.0655,0.7510,0.0310,0.754
13.873676105,0.0643,0.7473,0.0296,0.751
13.875751759,0.0645,0.7405,0.0293,0.744
13.87790349,0.0633,0.7349,0.0279,0.738
13.879643028,0.0618,0.7317,0.0269,0.735
13.881633721,0.0608,0.7244,0.0244,0.727
13.884041951,0.0599,0.7187,0.0193,0.721
13.88569849,0.0594,0.7163,0.0171,0.719
13.887696913,0.0559,0.7124,0.0161,0.715
13.890437067,0.0535,0.7090,0.0125,0.711
13.891820375,0.0525,0.7060,0.0117,0.708
13.893671028,0.0518,0.7007,0.0076,0.703
13.895349105,0.0511,0.6999,0.0064,0.702
13.897485875,0.0493,0.6973,0.0029,0.699
13.903768144,0.0479,0.6926,-0.0007,0.694
13.904445644,0.0469,0.6916,-0.0024,0.693
13.904720875,0.0430,0.6885,-0.0049,0.690
13.910219913,0.0398,0.6872,-0.0083,0.688
13.910725605,0.0388,0.6867,-0.0093,0.688
13.910990567,0.0371,0.6872,-0.0112,0.688
13.911444413,0.0357,0.6867,-0.0120,0.688
13.913362298,0.0352,0.6872,-0.0156,0.688
13.915313913,0.0332,0.6865,-0.0183,0.688
13.941225644,0.0318,0.6863,-0.0183,0.687
13.942935798,0.0305,0.6865,-0.0198,0.687
13.944058105,0.0291,0.6887,-0.0203,0.690
13.945292067,0.0266,0.6907,-0.0200,0.691
13.946564875,0.0254,0.6931,-0.0208,0.694
13.948134567,0.0257,0.6987,-0.0237,0.700
13.949642375,0.0257,0.7007,-0.0249,0.702
13.951123913,0.0230,0.7063,-0.0259,0.707
13.952618336,0.0230,0.7095,-0.0261,0.710
13.953825298,0.0217,0.7148,-0.0266,0.716
13.955033528,0.0203,0.7222,-0.0274,0.723
13.956297567,0.0186,0.7261,-0.0274,0.727
13.957444528,0.0176,0.7329,-0.0305,0.734
13.95872049,0.0159,0.7424,-0.0305,0.743
13.960101759,0.0169,0.7466,-0.0313,0.747
13.961186605,0.0181,0.7578,-0.0327,0.759
13.962571221,0.0191,0.7632,-0.0340,0.764
13.964022144,0.0200,0.7752,-0.0352,0.776
13.965514451,0.0186,0.7862,-0.0376,0.787
13.967017721,0.0183,0.7925,-0.0381,0.794
13.970617567,0.0161,0.8069,-0.0406,0.808
13.971901451,0.0169,0.8206,-0.0418,0.822
13.972353259,0.0164,0.8272,-0.0420,0.828
13.972679528,0.0186,0.8407,-0.0437,0.842
13.972942605,0.0193,0.8475,-0.0445,0.849
13.973199374,0.0186,0.8622,-0.0457,0.864
13.973449336,0.0198,0.8778,-0.0479,0.879
13.973697144,0.0203,0.8861,-0.0486,0.888
13.973927144,0.0200,0.9015,-0.0498,0.903
13.975653951,0.0188,0.9186,-0.0481,0.920
13.97629649,0.0203,0.9269,-0.0476,0.928
13.985379451,0.0213,0.9423,-0.0464,0.944
13.985985874,0.0200,0.9486,-0.0454,0.950
13.986297451,0.0205,0.9643,-0.0430,0.965
13.986633221,0.0217,0.9819,-0.0393,0.983
13.986929451,0.0225,0.9894,-0.0381,0.990
13.991751605,0.0222,1.0058,-0.0357,1.007
13.992295567,0.0203,1.0207,-0.0325,1.021
13.992579913,0.0208,1.0293,-0.0310,1.030
13.994508644,0.0208,1.0464,-0.0283,1.047
13.996132682,0.0198,1.0549,-0.0276,1.055
13.997931221,0.0181,1.0713,-0.0242,1.072
14.003471105,0.0161,1.0874,-0.0213,1.088
14.004254528,0.0144,1.0945,-0.0188,1.095
14.004628259,0.0134,1.1087,-0.0156,1.109
14.005869798,0.0088,1.1228,-0.0156,1.123
14.007900528,0.0076,1.1292,-0.0142,1.129
14.009953528,0.0076,1.1421,-0.0125,1.142
14.011738528,0.0059,1.1475,-0.0125,1.148
14.013682836,0.0015,1.1580,-0.0120,1.158
14.015948605,0.0000,1.1675,-0.0137,1.168
14.040243298,-0.0010,1.1712,-0.0159,1.171
14.040980528,-0.0037,1.1795,-0.0176,1.180
14.041286221,-0.0066,1.1854,-0.0195,1.186
14.041545951,-0.0068,1.1881,-0.0220,1.188
14.041804182,-0.0076,1.1912,-0.0269,1.192
14.042071259,-0.0068,1.1922,-0.0296,1.193
14.042321067,-0.0073,1.1929,-0.0366,1.194
14.04257649,-0.0071,1.1925,-0.0423,1.193
14.042826874,-0.0064,1.1937,-0.0450,1.195
14.043077644,-0.0049,1.1932,-0.0501,1.194
14.043314913,0.0012,1.1907,-0.0535,1.192
14.043617874,0.0020,1.1888,-0.0557,1.190
14.043844759,0.0056,1.1842,-0.0594,1.186
14.044084067,0.0105,1.1812,-0.0606,1.183
14.045401298,0.0117,1.1739,-0.0611,1.176
14.047283913,0.0144,1.1678,-0.0652,1.170
14.050027836,0.0154,1.1651,-0.0662,1.167
14.052360221,0.0176,1.1573,-0.0699,1.160
14.053360221,0.0227,1.1495,-0.0704,1.152
14.055065951,0.0239,1.1463,-0.0708,1.149
14.057522067,0.0276,1.1399,-0.0691,1.142
14.059181759,0.0313,1.1331,-0.0672,1.136
14.061334221,0.0318,1.1287,-0.0672,1.131
14.063335182,0.0352,1.1214,-0.0650,1.124
14.065417759,0.0366,1.1175,-0.0652,1.120
14.068347144,0.0398,1.1113,-0.0638,1.114
14.069040836,0.0445,1.1055,-0.0640,1.108
14.070920221,0.0447,1.1016,-0.0645,1.104
14.073458874,0.0445,1.0982,-0.0662,1.101
14.075672836,0.0469,1.0960,-0.0662,1.099
14.077234413,0.0467,1.0925,-0.0665,1.096
14.079236028,0.0457,1.0901,-0.0704,1.093
14.081273451,0.0435,1.0889,-0.0713,1.092
14.087680759,0.0403,1.0872,-0.0738,1.090
14.088520182,0.0362,1.0869,-0.0779,1.090
14.089175067,0.0342,1.0872,-0.0814,1.091
14.096000759,0.0305,1.0884,-0.0855,1.092
14.096636105,0.0261,1.0886,-0.0887,1.093
14.096944682,0.0244,1.0889,-0.0892,1.093
14.098152682,0.0205,1.0889,-0.0923,1.093
14.098572413,0.0178,1.0908,-0.0931,1.095
14.099183567,0.0173,1.0925,-0.0965,1.097
14.121343182,0.0144,1.0957,-0.0985,1.100
14.122054682,0.0132,1.0972,-0.1002,1.102
14.12235149,0.0110,1.1013,-0.0997,1.106
14.122600913,0.0090,1.1070,-0.1004,1.112
14.122848644,0.0083,1.1101,-0.0999,1.115
14.123091221,0.0086,1.1138,-0.0992,1.118
14.123323759,0.0083,1.1170,-0.0975,1.121
14.123602836,0.0071,1.1226,-0.0948,1.127
14.123854144,0.0066,1.1304,-0.0884,1.134
14.124093144,0.0086,1.1333,-0.0858,1.137
14.124331413,0.0125,1.1385,-0.0799,1.141
14.124575721,0.0161,1.1441,-0.0743,1.147
14.12480549,0.0191,1.1468,-0.0721,1.149
14.126465144,0.0237,1.1521,-0.0677,1.154
14.128587721,0.0313,1.1578,-0.0669,1.160
14.129425413,0.0313,1.1578,-0.0669,1.160
14.131440644,0.0391,1.1649,-0.0679,1.167
14.134346221,0.0484,1.1722,-0.0704,1.175
14.135337951,0.0523,1.1776,-0.0728,1.181
14.137474874,0.0608,1.1859,-0.0799,1.190
14.139285144,0.0706,1.1912,-0.0894,1.197
14.141287913,0.0755,1.2042,-0.0948,1.210
14.143174451,0.0826,1.2181,-0.1063,1.226
14.14522049,0.0865,1.2272,-0.1114,1.235
14.147130682,0.0938,1.2457,-0.1207,1.255
14.149207567,0.1004,1.2672,-0.1295,1.278
14.151192913,0.1046,1.2777,-0.1329,1.289
14.153591528,0.1143,1.3014,-0.1410,1.314
14.155058144,0.1182,1.3146,-0.1432,1.328
14.157103451,0.1263,1.3390,-0.1495,1.353
14.158885451,0.1390,1.3659,-0.1559,1.382
14.161121105,0.1463,1.3789,-0.1581,1.396
14.162869374,0.1593,1.4038,-0.1642,1.422
14.165043028,0.1735,1.4289,-0.1705,1.450
14.167871797,0.1805,1.4402,-0.1747,1.462
14.168913067,0.1959,1.4610,-0.1857,1.486
14.170755951,0.2047,1.4715,-0.1935,1.498
14.172960759,0.2223,1.4873,-0.2077,1.518
14.174658105,0.2450,1.4983,-0.2277,1.535
14.176803182,0.2577,1.5039,-0.2397,1.545
14.178652182,0.2836,1.5135,-0.2646,1.562
14.180777297,0.3115,1.5189,-0.2924,1.578
14.182520182,0.3259,1.5193,-0.3056,1.584
14.18474849,0.3530,1.5198,-0.3340,1.596
14.186572067,0.3814,1.5193,-0.3486,1.605
14.188548567,0.3938,1.5174,-0.3745,1.612
14.190454028,0.4165,1.5152,-0.3985,1.621
14.19253799,0.4261,1.5140,-0.4112,1.626
14.194481259,0.4451,1.5118,-0.4273,1.633
14.196523528,0.4586,1.5066,-0.4390,1.635
14.198303797,0.4639,1.5039,-0.4432,1.635
14.203341105,0.4727,1.4974,-0.4427,1.631
14.204014605,0.4786,1.4925,-0.4395,1.628
14.204939874,0.4806,1.4825,-0.4253,1.615
14.206331374,0.4847,1.4658,-0.4053,1.596
14.208310259,0.4862,1.4566,-0.3958,1.586
14.210138797,0.4845,1.4360,-0.3745,1.561
14.213937682,0.4837,1.4106,-0.3467,1.531
14.214324836,0.4842,1.3974,-0.3323,1.516
14.237726451,0.4825,1.3664,-0.3029,1.480
14.239473259,0.4771,1.3500,-0.2685,1.457
14.240706182,0.4754,1.3156,-0.2519,1.421
14.241592067,0.4700,1.2804,-0.2196,1.382
14.242612951,0.4676,1.2621,-0.2033,1.361
14.243707374,0.4634,1.2235,-0.1686,1.319
14.244913836,0.4571,1.1859,-0.1324,1.278
14.245948759,0.4551,1.1668,-0.1151,1.258
14.247058144,0.4488,1.1311,-0.0838,1.220
14.248302874,0.4412,1.0967,-0.0550,1.183
14.24913422,0.4380,1.0813,-0.0428,1.167
14.250325913,0.4307,1.0471,-0.0244,1.132
14.251345874,0.4268,1.0295,-0.0188,1.115
14.252492528,0.4212,0.9977,-0.0139,1.083
14.253328528,0.4126,0.9694,-0.0186,1.054
14.25429872,0.4073,0.9545,-0.0225,1.038
14.255068951,0.3965,0.9271,-0.0322,1.009
14.256253028,0.3867,0.9034,-0.0486,0.984
14.257044797,0.3806,0.8915,-0.0574,0.971
14.25802772,0.3677,0.8700,-0.0765,0.948
14.258787605,0.3608,0.8604,-0.0880,0.937
14.259751374,0.3428,0.8414,-0.1124,0.915
14.260578182,0.3247,0.8262,-0.1346,0.898
14.262996797,0.3156,0.8192,-0.1454,0.890
14.26464349,0.2993,0.8045,-0.1652,0.874
14.265766567,0.2824,0.7916,-0.1857,0.861
14.272615528,0.2744,0.7850,-0.1942,0.854
14.273303567,0.2590,0.7730,-0.2103,0.842
14.27357999,0.2460,0.7671,-0.2174,0.834
14.273824567,0.2411,0.7566,-0.2309,0.827
14.275755451,0.2306,0.7442,-0.2416,0.816
14.277413028,0.2265,0.7390,-0.2460,0.811
14.279425336,0.2182,0.7295,-0.2560,0.803
14.28147599,0.2108,0.7207,-0.2612,0.795
14.284814028,0.2074,0.7163,-0.2621,0.790
14.285459797,0.1984,0.7068,-0.2641,0.780
14.287410067,0.1903,0.7031,-0.2643,0.775
14.289387105,0.1854,0.6941,-0.2621,0.765
14.291141836,0.1759,0.6863,-0.2582,0.754
14.29324272,0.1713,0.6838,-0.2558,0.750
14.295437028,0.1632,0.6784,-0.2480,0.741
14.297238836,0.1512,0.6731,-0.2389,0.730
14.29900072,0.1451,0.6711,-0.2340,0.725
14.304603067,0.1346,0.6684,-0.2216,0.717
14.305426567,0.1239,0.6689,-0.2081,0.711
14.305766028,0.1178,0.6696,-0.2003,0.709
14.307111682,0.1065,0.6696,-0.1852,0.703
14.316274067,0.1009,0.6723,-0.1769,0.702
14.316849913,0.0897,0.6789,-0.1576,0.703
14.317186759,0.0792,0.6907,-0.1395,0.709
14.317487759,0.0743,0.6953,-0.1327,0.712
14.317792682,0.0655,0.7056,-0.1185,0.718
14.34873322,0.0630,0.7117,-0.1099,0.723
14.349495797,0.0584,0.7224,-0.0950,0.731
14.349799336,0.0564,0.7354,-0.0826,0.742
14.35003699,0.0584,0.7410,-0.0784,0.747
14.350271105,0.0586,0.7522,-0.0726,0.758
14.350521605,0.0621,0.7669,-0.0682,0.772
14.350763605,0.0635,0.7735,-0.0660,0.779
14.351032605,0.0696,0.7876,-0.0599,0.793
14.351294297,0.0721,0.7930,-0.0581,0.798
14.351671182,0.0792,0.8050,-0.0579,0.811
14.351967913,0.0865,0.8201,-0.0569,0.827
14.352451682,0.0911,0.8267,-0.0564,0.834
14.352715297,0.1019,0.8389,-0.0581,0.847
14.352971182,0.1119,0.8499,-0.0589,0.859
14.353210874,0.1156,0.8568,-0.0601,0.867
14.353449182,0.1251,0.8707,-0.0635,0.882
14.353673567,0.1312,0.8768,-0.0665,0.889
14.353916028,0.1424,0.8893,-0.0694,0.903
14.35477622,0.1529,0.9022,-0.0726,0.918
14.357327259,0.1593,0.9086,-0.0745,0.925
14.358192797,0.1713,0.9205,-0.0777,0.940
14.360729374,0.1849,0.9291,-0.0814,0.951
14.362471643,0.1928,0.9342,-0.0836,0.958
14.364088951,0.2064,0.9428,-0.0875,0.969
14.366654451,0.2223,0.9477,-0.0899,0.978
14.373682259,0.2282,0.9569,-0.0916,0.988
14.374523605,0.2409,0.9635,-0.0980,0.998
14.374961259,0.2470,0.9665,-0.1007,1.003
14.375432143,0.2599,0.9709,-0.1043,1.010
14.376735374,0.2724,0.9772,-0.1077,1.020
14.37808349,0.2770,0.9797,-0.1085,1.024
14.380833874,0.2871,0.9841,-0.1119,1.031
14.381866336,0.2910,0.9858,-0.1129,1.034
14.384075874,0.2988,0.9890,-0.1143,1.039
14.38712122,0.3042,0.9909,-0.1170,1.043
14.388364067,0.3071,0.9907,-0.1175,1.044
14.389806874,0.3120,0.9904,-0.1178,1.045
14.391613336,0.3139,0.9885,-0.1156,1.044
14.393611066,0.3144,0.9872,-0.1126,1.042
14.395813028,0.3139,0.9868,-0.1094,1.041
14.39753722,0.3139,0.9865,-0.1085,1.041
14.399642874,0.3115,0.9824,-0.1048,1.036
14.40434922,0.3078,0.9787,-0.0985,1.031
14.405280105,0.3049,0.9758,-0.0955,1.027
14.405718643,0.2993,0.9682,-0.0911,1.017
14.407490374,0.2932,0.9606,-0.0858,1.008
14.410583797,0.2907,0.9562,-0.0828,1.003
14.411507605,0.2853,0.9499,-0.0748,0.995
14.413597874,0.2792,0.9408,-0.0687,0.984
14.415618413,0.2766,0.9372,-0.0657,0.979
14.423455836,0.2695,0.9276,-0.0594,0.968
14.424268182,0.2658,0.9232,-0.0567,0.962
14.424725759,0.2575,0.9142,-0.0498,0.951
14.425173874,0.2514,0.9010,-0.0428,0.936
14.425565066,0.2477,0.8944,-0.0401,0.929
14.427481451,0.2397,0.8824,-0.0318,0.915
14.429347836,0.2345,0.8700,-0.0259,0.901
14.43125822,0.2316,0.8631,-0.0232,0.894
14.433691643,0.2238,0.8495,-0.0156,0.879
14.461168913,0.2174,0.8353,-0.0115,0.863
14.462039566,0.2150,0.8275,-0.0090,0.855
14.46249499,0.2099,0.8113,-0.0037,0.838
14.46306822,0.2057,0.8035,-0.0017,0.829
14.463502374,0.2006,0.7889,0.0037,0.814
14.463878105,0.1950,0.7754,0.0032,0.800
14.46431549,0.1918,0.7676,0.0039,0.791
14.464972836,0.1857,0.7512,0.0042,0.774
14.46545899,0.1830,0.7439,0.0042,0.766
14.46587472,0.1764,0.7297,0.0081,0.751
14.466236528,0.1683,0.7161,0.0090,0.736
14.466768259,0.1630,0.7102,0.0100,0.729
14.467182682,0.1542,0.6970,0.0103,0.714
14.467641259,0.1495,0.6863,0.0120,0.702
14.467955643,0.1471,0.6801,0.0127,0.696
14.468317951,0.1419,0.6701,0.0134,0.685
14.468812143,0.1366,0.6645,0.0132,0.679
14.469189566,0.1334,0.6540,0.0120,0.668
14.470945913,0.1309,0.6457,0.0083,0.659
14.472820759,0.1290,0.6413,0.0078,0.654
14.474824682,0.1261,0.6352,0.0066,0.648
14.476920451,0.1239,0.6281,0.0024,0.640
14.478747643,0.1229,0.6242,0.0007,0.636
14.480573566,0.1204,0.6154,-0.0002,0.627
14.482645143,0.1185,0.6125,-0.0032,0.624
14.485211643,0.1185,0.6091,-0.0037,0.620
14.486833105,0.1192,0.6034,-0.0054,0.615
14.48851172,0.1204,0.6015,-0.0056,0.613
14.491691297,0.1229,0.5973,-0.0046,0.610
14.492597874,0.1234,0.5942,-0.0051,0.607
14.494391336,0.1246,0.5932,-0.0046,0.606
14.496362374,0.1285,0.5902,-0.0064,0.604
14.498367874,0.1305,0.5895,-0.0059,0.604
14.502223566,0.1312,0.5902,-0.0071,0.605
14.503026951,0.1329,0.5907,-0.0095,0.606
14.505616451,0.1349,0.5912,-0.0098,0.606
14.506185143,0.1388,0.5922,-0.0078,0.608
14.508127989,0.1412,0.5956,-0.0088,0.612
14.510046643,0.1429,0.5973,-0.0083,0.614
14.512023759,0.1483,0.6005,-0.0095,0.619
14.514060951,0.1493,0.6017,-0.0100,0.620
14.516063913,0.1524,0.6054,-0.0105,0.624
14.522088451,0.1546,0.6122,-0.0117,0.632
14.522913836,0.1556,0.6157,-0.0117,0.635
14.523289797,0.1586,0.6210,-0.0100,0.641
14.523939374,0.1617,0.6296,-0.0125,0.650
14.525972759,0.1625,0.6328,-0.0125,0.653
14.527969682,0.1634,0.6393,-0.0098,0.660
14.529776989,0.1654,0.6440,-0.0100,0.665
14.532085566,0.1681,0.6528,-0.0120,0.674
14.562870028,0.1708,0.6606,-0.0127,0.682
14.56369922,0.1717,0.6655,-0.0132,0.687
14.564007259,0.1717,0.6755,-0.0142,0.697
14.56426272,0.1742,0.6848,-0.0122,0.707
14.564505259,0.1769,0.6892,-0.0112,0.712
14.564745451,0.1796,0.7012,-0.0107,0.724
14.564993528,0.1796,0.7065,-0.0112,0.729
14.565223066,0.1803,0.7158,-0.0115,0.738
14.565473759,0.1813,0.7285,-0.0098,0.751
14.565715797,0.1830,0.7346,-0.0093,0.757
14.565945566,0.1852,0.7449,-0.0088,0.768
14.566185489,0.1852,0.7569,-0.0073,0.779
14.566412951,0.1874,0.7620,-0.0071,0.785
14.566649105,0.1898,0.7727,-0.0064,0.796
14.566867374,0.1920,0.7857,-0.0064,0.809
14.567111489,0.1928,0.7928,-0.0049,0.816
14.567339874,0.1942,0.8038,-0.0039,0.827
14.573947836,0.1952,0.8109,-0.0037,0.834
14.574623105,0.1986,0.8243,-0.0049,0.848
14.574906605,0.2001,0.8363,-0.0042,0.860
14.575153528,0.2006,0.8421,-0.0039,0.866
14.575461297,0.2025,0.8524,-0.0029,0.876
14.577341759,0.2055,0.8636,-0.0027,0.888
14.579587259,0.2074,0.8702,-0.0039,0.895
14.581273643,0.2145,0.8834,-0.0059,0.909
14.583279797,0.2167,0.8883,-0.0059,0.914
14.595767566,0.2179,0.9003,-0.0059,0.926
14.597028028,0.2218,0.9103,-0.0064,0.937
14.598205797,0.2238,0.9161,-0.0066,0.943
14.599500605,0.2272,0.9271,-0.0081,0.955
14.603040143,0.2309,0.9362,-0.0095,0.964
14.604836182,0.2340,0.9406,-0.0093,0.969
14.605995259,0.2384,0.9506,-0.0093,0.980
14.608076336,0.2446,0.9540,-0.0107,0.985
14.609516182,0.2472,0.9623,-0.0129,0.994
14.611303836,0.2521,0.9701,-0.0120,1.002
14.612099374,0.2543,0.9731,-0.0122,1.006
14.612429836,0.2595,0.9799,-0.0107,1.014
14.612678874,0.2634,0.9865,-0.0095,1.021
14.612922759,0.2658,0.9892,-0.0090,1.024
14.619204297,0.2687,0.9968,-0.0086,1.032
14.619976951,0.2714,0.9992,-0.0081,1.035
14.620304105,0.2726,1.0009,-0.0088,1.037
14.626796451,0.2736,1.0051,-0.0066,1.042
14.627271259,0.2726,1.0061,-0.0059,1.042
14.627568374,0.2736,1.0100,-0.0039,1.046
14.627798412,0.2714,1.0124,-0.0029,1.048
14.628028836,0.2704,1.0151,-0.0034,1.051
14.628504528,0.2700,1.0175,-0.0039,1.053
14.630558297,0.2653,1.0207,-0.0061,1.055
14.632730297,0.2621,1.0205,-0.0059,1.054
14.656751643,0.2582,1.0217,-0.0073,1.054
14.65752322,0.2565,1.0222,-0.0076,1.054
14.657826451,0.2514,1.0258,-0.0093,1.056
14.658088297,0.2499,1.0280,-0.0100,1.058
14.658341105,0.2480,1.0283,-0.0122,1.058
14.65859122,0.2441,1.0293,-0.0149,1.058
14.658836489,0.2402,1.0319,-0.0188,1.060
14.659080489,0.2377,1.0324,-0.0220,1.060
14.659328643,0.2321,1.0351,-0.0264,1.061
14.659611066,0.2304,1.0356,-0.0293,1.061
14.65984472,0.2287,1.0383,-0.0335,1.064
14.660098605,0.2255,1.0417,-0.0415,1.067
14.660331682,0.2243,1.0437,-0.0432,1.068
14.660574605,0.2209,1.0473,-0.0486,1.071
14.66208372,0.2187,1.0495,-0.0562,1.074
14.665421951,0.2177,1.0503,-0.0586,1.074
14.666041182,0.2172,1.0544,-0.0660,1.079
14.670642759,0.2177,1.0559,-0.0704,1.080
14.671324643,0.2169,1.0588,-0.0757,1.083
14.671994297,0.2157,1.0620,-0.0804,1.087
14.67390172,0.2130,1.0635,-0.0882,1.088
14.675839682,0.2182,1.0671,-0.0877,1.093
14.677739605,0.2243,1.0691,-0.0875,1.096
14.679830605,0.2272,1.0740,-0.0904,1.101
14.681741951,0.2301,1.0784,-0.0943,1.107
14.683801336,0.2309,1.0796,-0.0960,1.108
14.686576797,0.2348,1.0815,-0.0958,1.111
14.687865297,0.2365,1.0825,-0.0982,1.112
14.689851989,0.2387,1.0837,-0.0994,1.114
14.691562951,0.2450,1.0847,-0.0963,1.116
14.693391759,0.2470,1.0864,-0.0945,1.118
14.696165682,0.2524,1.0881,-0.0921,1.121
14.697484489,0.2590,1.0881,-0.0901,1.122
14.699736336,0.2621,1.0894,-0.0887,1.124
14.703137259,0.2695,1.0911,-0.0867,1.127
14.704100489,0.2780,1.0923,-0.0845,1.130
14.70533522,0.2822,1.0930,-0.0826,1.132
14.707615643,0.2878,1.0952,-0.0779,1.135
14.709208951,0.2910,1.0989,-0.0760,1.139
14.711218912,0.2949,1.1035,-0.0691,1.144
14.713315836,0.3003,1.1062,-0.0630,1.148
14.715215643,0.3037,1.1082,-0.0616,1.151
14.721792066,0.3081,1.1145,-0.0596,1.158
14.72244422,0.3110,1.1192,-0.0567,1.163
14.722725759,0.3125,1.1214,-0.0530,1.165
14.723264412,0.3144,1.1270,-0.0450,1.171
14.729331374,0.3181,1.1336,-0.0381,1.178
14.729850105,0.3208,1.1370,-0.0347,1.182
14.730088682,0.3254,1.1434,-0.0276,1.189
14.731278759,0.3271,1.1460,-0.0239,1.192
14.733077528,0.3293,1.1512,-0.0161,1.197
14.758689143,0.3325,1.1551,-0.0098,1.202
14.759476951,0.3342,1.1565,-0.0066,1.204
14.759785259,0.3384,1.1624,-0.0017,1.211
14.760053259,0.3391,1.1678,0.0044,1.216
14.760308105,0.3406,1.1707,0.0068,1.219
14.760552451,0.3447,1.1763,0.0107,1.226
14.760813028,0.3462,1.1790,0.0115,1.229
14.761044259,0.3481,1.1837,0.0171,1.234
14.761308412,0.3516,1.1871,0.0213,1.238
14.761550259,0.3545,1.1890,0.0235,1.241
14.76180672,0.3572,1.1937,0.0254,1.246
14.762039028,0.3589,1.1981,0.0247,1.251
14.762266912,0.3586,1.2003,0.0242,1.253
14.762490412,0.3591,1.2059,0.0203,1.258
14.762726797,0.3579,1.2118,0.0120,1.264
14.764616874,0.3555,1.2154,0.0061,1.266
14.766807066,0.3501,1.2245,-0.0098,1.274
14.770659605,0.3472,1.2301,-0.0181,1.278
14.771305182,0.3389,1.2413,-0.0357,1.287
14.772517335,0.3308,1.2570,-0.0528,1.301
14.774389028,0.3269,1.2655,-0.0608,1.308
14.776562335,0.3200,1.2826,-0.0782,1.324
14.778762605,0.3174,1.3022,-0.0931,1.343
14.780328489,0.3159,1.3134,-0.0997,1.355
14.782734066,0.3142,1.3361,-0.1131,1.377
14.787672835,0.3142,1.3481,-0.1195,1.389
14.788382528,0.3154,1.3706,-0.1331,1.413
14.788887797,0.3149,1.3967,-0.1454,1.439
14.790145297,0.3159,1.4084,-0.1505,1.451
14.792159797,0.3044,1.4289,-0.1722,1.471
14.794239028,0.3010,1.4568,-0.1840,1.499
14.796200028,0.3068,1.4717,-0.1920,1.516
14.798280835,0.3305,1.4959,-0.1986,1.545
14.800302105,0.3393,1.5054,-0.2040,1.557
14.806243489,0.3533,1.5252,-0.2165,1.580
14.807055835,0.3560,1.5482,-0.2350,1.606
14.807577874,0.3415,1.5621,-0.2568,1.619
14.808291143,0.3215,1.5851,-0.2915,1.643
14.810280105,0.3159,1.5917,-0.3149,1.653
14.81223172,0.3249,1.5931,-0.3191,1.657
14.814311374,0.3723,1.5980,-0.3178,1.671
14.816066605,0.4021,1.5965,-0.3166,1.677
14.842473874,0.4598,1.5892,-0.3120,1.684
14.84351722,0.5038,1.5768,-0.3078,1.684
14.843973143,0.5182,1.5716,-0.3056,1.683
14.844362758,0.5397,1.5592,-0.3007,1.677
14.844691682,0.5634,1.5394,-0.2873,1.664
14.844983912,0.5788,1.5269,-0.2761,1.656
14.845278874,0.6000,1.5015,-0.2519,1.636
14.845584451,0.6095,1.4893,-0.2248,1.625
14.845896605,0.6117,1.4636,-0.2091,1.600
14.846214566,0.5951,1.4419,-0.1825,1.571
14.846513066,0.5785,1.4329,-0.1708,1.555
14.846805374,0.5360,1.4162,-0.1556,1.522
14.847294797,0.4915,1.3987,-0.1415,1.489
14.848249066,0.4715,1.3899,-0.1358,1.474
14.848577258,0.4329,1.3723,-0.1283,1.445
14.848973182,0.3990,1.3625,-0.1239,1.425
14.849671143,0.3836,1.3422,-0.1178,1.401
14.86488972,0.3557,1.3207,-0.1151,1.373
14.865659451,0.3437,1.3100,-0.1134,1.359
14.865983105,0.3171,1.2880,-0.1112,1.331
14.866252758,0.2919,1.2662,-0.1077,1.304
14.866511566,0.2788,1.2552,-0.1068,1.290
14.866768758,0.2543,1.2342,-0.1048,1.265
14.867033489,0.2299,1.2228,-0.1058,1.249
14.867311874,0.2165,1.2020,-0.1068,1.226
14.867667374,0.1903,1.1805,-0.1092,1.201
14.876174835,0.1786,1.1702,-0.1094,1.189
14.876837951,0.1561,1.1473,-0.1131,1.163
14.877177182,0.1319,1.1265,-0.1175,1.140
14.877594143,0.1219,1.1155,-0.1192,1.128
14.877884835,0.1058,1.0928,-0.1234,1.105
14.879103528,0.0921,1.0710,-0.1302,1.083
14.881101682,0.0848,1.0600,-0.1329,1.072
14.882969105,0.0699,1.0385,-0.1385,1.050
14.885641258,0.0628,1.0273,-0.1410,1.039
14.88719172,0.0469,1.0026,-0.1480,1.015
14.888997643,0.0330,0.9804,-0.1578,0.994
14.890929835,0.0269,0.9689,-0.1622,0.983
14.893039489,0.0149,0.9462,-0.1678,0.961
14.897221451,0.0027,0.9213,-0.1732,0.937
14.903575758,-0.0027,0.9086,-0.1766,0.926
14.904404489,-0.0132,0.8881,-0.1857,0.907
14.904666297,-0.0239,0.8775,-0.1871,0.898
14.904902258,-0.0291,0.8563,-0.1898,0.878
14.905147528,-0.0408,0.8377,-0.1932,0.861
14.90797922,-0.0469,0.8262,-0.1950,0.850
14.908690143,-0.0555,0.8074,-0.1972,0.833
14.910646835,-0.0640,0.7884,-0.1959,0.815
14.912840105,-0.0682,0.7796,-0.1957,0.807
14.914588374,-0.0770,0.7625,-0.1969,0.791
14.916582874,-0.0821,0.7456,-0.1964,0.775
14.921841258,-0.0838,0.7366,-0.1957,0.767
14.922396528,-0.0887,0.7183,-0.1945,0.749
14.922919258,-0.0904,0.7100,-0.1930,0.741
14.92709022,-0.0916,0.6951,-0.1893,0.726
14.927605989,-0.0909,0.6823,-0.1874,0.713
14.928642605,-0.0901,0.6758,-0.1859,0.707
14.930522143,-0.0865,0.6626,-0.1832,0.693
14.932642412,-0.0828,0.6496,-0.1779,0.679
14.951393912,-0.0796,0.6428,-0.1764,0.671
14.952785951,-0.0713,0.6310,-0.1722,0.658
14.953126835,-0.0665,0.6269,-0.1713,0.653
14.953366489,-0.0584,0.6188,-0.1671,0.644
14.953605143,-0.0496,0.6105,-0.1627,0.634
14.953843412,-0.0445,0.6066,-0.1605,0.629
14.95407722,-0.0332,0.6017,-0.1581,0.623
14.954312181,-0.0242,0.5973,-0.1566,0.618
14.954545835,-0.0169,0.5954,-0.1551,0.615
14.954776181,-0.0059,0.5944,-0.1515,0.613
14.955021066,0.0005,0.5949,-0.1502,0.614
14.956155528,0.0151,0.5934,-0.1490,0.612
14.958071374,0.0274,0.5932,-0.1490,0.612
14.960574797,0.0325,0.5946,-0.1485,0.614
14.961966989,0.0428,0.5995,-0.1488,0.619
14.963931143,0.0523,0.6051,-0.1471,0.625
14.966191797,0.0564,0.6081,-0.1468,0.628
14.967962566,0.0647,0.6152,-0.1466,0.636
14.969997105,0.0679,0.6193,-0.1468,0.640
14.972648989,0.0743,0.6291,-0.1466,0.650
14.973996758,0.0814,0.6413,-0.1463,0.663
14.975978681,0.0845,0.6474,-0.1459,0.669
14.978044951,0.0901,0.6591,-0.1454,0.681
14.980040181,0.0933,0.6650,-0.1461,0.687
14.98161672,0.0963,0.6792,-0.1473,0.702
14.983800605,0.1009,0.6941,-0.1488,0.717
14.986539951,0.1024,0.7012,-0.1500,0.724
14.987963297,0.1073,0.7163,-0.1527,0.740
14.98958522,0.1092,0.7329,-0.1559,0.757
14.991681566,0.1107,0.7402,-0.1568,0.765
14.993481758,0.1148,0.7547,-0.1593,0.780
14.995879989,0.1178,0.7703,-0.1617,0.796
14.997565489,0.1182,0.7784,-0.1637,0.804
14.999487066,0.1207,0.7940,-0.1656,0.820
15.001806643,0.1229,0.8011,-0.1659,0.827
15.004216028,0.1261,0.8153,-0.1700,0.842
15.007737951,0.1305,0.8289,-0.1722,0.857
15.008534797,0.1334,0.8353,-0.1730,0.863
15.009298451,0.1390,0.8482,-0.1761,0.877
15.011068797,0.1395,0.8622,-0.1779,0.891
15.013307989,0.1402,0.8690,-0.1796,0.898
15.015086374,0.1451,0.8800,-0.1835,0.911
15.017020374,0.1466,0.8846,-0.1859,0.916
15.021871643,0.1483,0.8956,-0.1864,0.927
15.023471451,0.1517,0.9049,-0.1881,0.937
15.023788451,0.1537,0.9098,-0.1879,0.942
15.025344874,0.1566,0.9198,-0.1884,0.952
15.027158489,0.1586,0.9262,-0.1884,0.958
15.029201758,0.1593,0.9286,-0.1886,0.961
15.031022989,0.1590,0.9333,-0.1884,0.965
15.033276335,0.1564,0.9357,-0.1884,0.967
15.050197258,0.1556,0.9408,-0.1869,0.972
15.050907451,0.1512,0.9430,-0.1840,0.973
15.051177604,0.1502,0.9435,-0.1830,0.973
15.051486412,0.1476,0.9442,-0.1776,0.972
15.051748758,0.1417,0.9450,-0.1725,0.971
15.051982528,0.1410,0.9440,-0.1700,0.969
15.052217681,0.1388,0.9423,-0.1637,0.966
15.05245072,0.1322,0.9413,-0.1554,0.963
15.05268922,0.1290,0.9413,-0.1520,0.962
15.05430922,0.1234,0.9381,-0.1417,0.957
15.056172566,0.1217,0.9342,-0.1356,0.952
15.056685335,0.1156,0.9325,-0.1224,0.948
15.058832412,0.1094,0.9293,-0.1109,0.942
15.060959489,0.1068,0.9257,-0.1048,0.938
15.062729989,0.1021,0.9191,-0.0909,0.929
15.064740681,0.0948,0.9137,-0.0772,0.922
15.066720681,0.0914,0.9108,-0.0696,0.918
15.069941412,0.0855,0.9039,-0.0581,0.910
15.070631566,0.0821,0.9008,-0.0523,0.906
15.076779566,0.0772,0.8946,-0.0384,0.899
15.077263951,0.0711,0.8868,-0.0249,0.890
15.077532566,0.0679,0.8824,-0.0173,0.885
15.078574258,0.0613,0.8758,-0.0046,0.878
15.080659412,0.0562,0.8675,0.0083,0.869
15.082475489,0.0537,0.8639,0.0134,0.866
15.084819258,0.0474,0.8580,0.0242,0.860
15.087834835,0.0425,0.8541,0.0293,0.856
15.08917522,0.0388,0.8468,0.0401,0.849
15.090474912,0.0349,0.8399,0.0472,0.842
15.092757143,0.0330,0.8377,0.0515,0.840
15.094403912,0.0303,0.8297,0.0581,0.832
15.096505951,0.0261,0.8228,0.0606,0.825
15.098306951,0.0242,0.8204,0.0599,0.823
15.100859758,0.0213,0.8143,0.0608,0.817
15.105968335,0.0205,0.8113,0.0611,0.814
15.106754451,0.0181,0.8082,0.0606,0.811
15.107063566,0.0139,0.8047,0.0586,0.807
15.108191066,0.0110,0.8030,0.0572,0.805
15.110339451,0.0078,0.7981,0.0555,0.800
15.112081604,0.0059,0.7945,0.0518,0.796
15.114018489,0.0054,0.7925,0.0481,0.794
15.116254835,0.0054,0.7896,0.0418,0.791
15.117984028,0.0044,0.7869,0.0384,0.788
15.139994604,0.0024,0.7832,0.0298,0.784
15.140678374,0.0010,0.7813,0.0239,0.782
15.14094322,0.0005,0.7803,0.0205,0.781
15.141196489,0.0017,0.7793,0.0142,0.779
15.141443258,0.0022,0.7788,0.0110,0.779
15.141668104,0.0022,0.7781,0.0029,0.778
15.141905335,0.0024,0.7762,-0.0044,0.776
15.142140181,0.0015,0.7752,-0.0081,0.775
15.142383989,0.0000,0.7737,-0.0122,0.774
15.142610681,0.0010,0.7715,-0.0195,0.772
15.142836451,0.0010,0.7710,-0.0227,0.771
15.143068528,0.0024,0.7708,-0.0286,0.771
15.143442028,0.0032,0.7710,-0.0357,0.772
15.145587258,0.0012,0.7715,-0.0379,0.772
15.14778122,0.0037,0.7730,-0.0423,0.774
15.149621643,0.0037,0.7732,-0.0457,0.775
15.151700297,0.0059,0.7718,-0.0481,0.773
15.156337489,0.0076,0.7713,-0.0513,0.773
15.157136912,0.0081,0.7727,-0.0525,0.775
15.157425066,0.0115,0.7757,-0.0542,0.778
15.159499066,0.0134,0.7776,-0.0579,0.780
15.161482066,0.0149,0.7786,-0.0581,0.781
15.163482027,0.0186,0.7796,-0.0586,0.782
15.16522072,0.0191,0.7810,-0.0589,0.783
15.167132297,0.0235,0.7842,-0.0579,0.787
15.171485027,0.0269,0.7857,-0.0591,0.788
15.172624912,0.0288,0.7874,-0.0601,0.790
15.172998451,0.0337,0.7898,-0.0577,0.793
15.175329643,0.0386,0.7945,-0.0572,0.797
15.177013681,0.0403,0.7964,-0.0572,0.800
15.179026181,0.0437,0.7999,-0.0564,0.803
15.181215604,0.0450,0.8021,-0.0550,0.805
15.183069297,0.0472,0.8045,-0.0508,0.807
15.185192258,0.0518,0.8094,-0.0479,0.812
15.189154758,0.0535,0.8121,-0.0484,0.815
15.189918566,0.0564,0.8153,-0.0437,0.818
15.190926066,0.0594,0.8187,-0.0388,0.822
15.194294258,0.0606,0.8221,-0.0357,0.825
15.19514422,0.0611,0.8294,-0.0313,0.832
15.196755874,0.0657,0.8358,-0.0252,0.839
15.198807374,0.0662,0.8392,-0.0213,0.842
15.200785681,0.0674,0.8443,-0.0144,0.847
15.204036566,0.0689,0.8473,-0.0110,0.850
15.204856797,0.0713,0.8534,-0.0037,0.856
15.206631527,0.0738,0.8614,0.0022,0.865
15.208619066,0.0740,0.8646,0.0056,0.868
15.210809681,0.0740,0.8710,0.0125,0.874
15.212722566,0.0752,0.8766,0.0195,0.880
15.214565643,0.0770,0.8805,0.0242,0.884
15.217569258,0.0799,0.8878,0.0315,0.892
15.222863335,0.0796,0.8922,0.0332,0.896
15.223682181,0.0814,0.8995,0.0386,0.904
15.223996143,0.0838,0.9064,0.0432,0.911
15.228025912,0.0845,0.9100,0.0445,0.915
15.228528104,0.0875,0.9171,0.0459,0.922
15.229262027,0.0897,0.9235,0.0469,0.929
15.230422989,0.0894,0.9281,0.0481,0.934
15.234093874,0.0919,0.9350,0.0469,0.941
15.234913335,0.0926,0.9396,0.0464,0.945
15.254055566,0.0919,0.9482,0.0459,0.954
15.254741412,0.0919,0.9584,0.0398,0.964
15.254998912,0.0923,0.9621,0.0357,0.967
15.255244258,0.0901,0.9699,0.0296,0.975
15.25554422,0.0892,0.9777,0.0310,0.982
15.25577895,0.0882,0.9814,0.0310,0.986
15.256022835,0.0889,0.9897,0.0347,0.994
15.256282374,0.0899,0.9931,0.0347,0.998
15.25651322,0.0887,0.9990,0.0357,1.004
15.256742604,0.0892,1.0051,0.0381,1.010
15.256968489,0.0906,1.0087,0.0398,1.014
15.25798072,0.0892,1.0153,0.0435,1.020
15.259818143,0.0904,1.0200,0.0459,1.025
15.261883643,0.0894,1.0222,0.0476,1.027
15.264045874,0.0911,1.0271,0.0542,1.033
15.266181374,0.0938,1.0293,0.0542,1.035
15.267883104,0.0958,1.0319,0.0559,1.038
15.276695912,0.1002,1.0349,0.0608,1.041
15.277382258,0.1011,1.0366,0.0616,1.043
15.27764472,0.1048,1.0405,0.0643,1.048
15.277876643,0.1075,1.0420,0.0650,1.050
15.278124143,0.1075,1.0429,0.0650,1.050
15.28000722,0.1075,1.0427,0.0647,1.050
15.282008604,0.1073,1.0439,0.0665,1.052
15.283926643,0.1082,1.0451,0.0660,1.053
15.286969566,0.1073,1.0461,0.0589,1.053
15.289291989,0.1073,1.0473,0.0542,1.054
15.292061143,0.1087,1.0493,0.0445,1.056
15.292530143,0.1077,1.0495,0.0320,1.056
15.294431181,0.1075,1.0505,0.0249,1.056
15.295635181,0.0994,1.0547,0.0078,1.059
15.29764245,0.0892,1.0566,-0.0107,1.060
15.299599681,0.0848,1.0610,-0.0193,1.065
15.301499181,0.0796,1.0652,-0.0354,1.069
15.304441412,0.0752,1.0666,-0.0440,1.070
15.30543322,0.0665,1.0698,-0.0569,1.073
15.308375681,0.0572,1.0715,-0.0716,1.075
15.309233835,0.0542,1.0723,-0.0777,1.076
15.311571527,0.0493,1.0732,-0.0875,1.078
15.313615143,0.0452,1.0720,-0.0958,1.077
15.31551772,0.0408,1.0720,-0.0989,1.077
15.31722845,0.0325,1.0706,-0.1055,1.076
15.323252489,0.0264,1.0706,-0.1080,1.076
15.32409795,0.0257,1.0693,-0.1116,1.075
15.324443989,0.0235,1.0693,-0.1131,1.076
15.325110835,0.0210,1.0696,-0.1146,1.076
15.328003335,0.0173,1.0718,-0.1156,1.078
15.330176681,0.0149,1.0725,-0.1126,1.079
15.331557874,0.0129,1.0727,-0.1112,1.079
15.333110604,0.0142,1.0752,-0.1075,1.081
15.356384104,0.0125,1.0769,-0.1029,1.082
15.357213066,0.0127,1.0774,-0.0997,1.082
15.357555566,0.0139,1.0791,-0.0928,1.083
15.357859258,0.0154,1.0813,-0.0872,1.085
15.358133066,0.0183,1.0833,-0.0789,1.086
15.358378797,0.0217,1.0852,-0.0669,1.087
15.358622758,0.0232,1.0862,-0.0606,1.088
15.358856527,0.0286,1.0874,-0.0498,1.089
15.359087143,0.0352,1.0891,-0.0379,1.090
15.359307412,0.0384,1.0903,-0.0320,1.091
15.359598758,0.0462,1.0940,-0.0227,1.095
15.359850297,0.0513,1.0952,-0.0181,1.097
15.360082412,0.0608,1.0977,-0.0093,1.099
15.36400945,0.0694,1.1008,-0.0017,1.103
15.364347258,0.0728,1.1023,0.0042,1.105
15.365586335,0.0811,1.1074,0.0142,1.110
15.36680995,0.0894,1.1123,0.0237,1.116
15.37010722,0.0931,1.1143,0.0271,1.118
15.371251489,0.0999,1.1182,0.0337,1.123
15.374333604,0.1097,1.1204,0.0384,1.126
15.375775527,0.1151,1.1206,0.0371,1.127
15.376604643,0.1287,1.1194,0.0335,1.127
15.37851595,0.1358,1.1199,0.0298,1.129
15.380482412,0.1502,1.1187,0.0169,1.129
15.382587412,0.1637,1.1172,-0.0005,1.129
15.384707835,0.1678,1.1172,-0.0100,1.130
15.390294873,0.1757,1.1211,-0.0335,1.135
15.391092566,0.1815,1.1265,-0.0550,1.142
15.391551412,0.1827,1.1302,-0.0657,1.147
15.39280045,0.1818,1.1434,-0.0840,1.161
15.394570143,0.1796,1.1521,-0.0941,1.170
15.396563181,0.1791,1.1729,-0.1073,1.191
15.398466489,0.1801,1.1951,-0.1138,1.214
15.400581989,0.1796,1.2069,-0.1160,1.226
15.40424395,0.1820,1.2325,-0.1209,1.252
15.40477972,0.1857,1.2614,-0.1239,1.281
15.410658412,0.1901,1.2772,-0.1246,1.297
15.411183335,0.2030,1.3075,-0.1285,1.329
15.411590143,0.2169,1.3234,-0.1309,1.347
15.41221845,0.2253,1.3544,-0.1329,1.379
15.414224912,0.2443,1.3852,-0.1383,1.413
15.416441181,0.2536,1.4011,-0.1410,1.431
15.42361922,0.2736,1.4329,-0.1476,1.466
15.42443545,0.2929,1.4644,-0.1524,1.501
15.424859489,0.3025,1.4793,-0.1556,1.518
15.425250989,0.3220,1.5086,-0.1622,1.551
15.425907143,0.3308,1.5225,-0.1681,1.567
15.428118297,0.3486,1.5462,-0.1791,1.595
15.430505412,0.3696,1.5658,-0.1849,1.619
15.432036912,0.3794,1.5750,-0.1893,1.631
15.43411145,0.3963,1.5919,-0.1950,1.652
15.454590297,0.4134,1.6034,-0.1969,1.667
15.455229873,0.4195,1.6080,-0.1959,1.673
15.455578412,0.4275,1.6180,-0.1910,1.684
15.455858835,0.4300,1.6219,-0.1876,1.688
15.456098643,0.4314,1.6271,-0.1801,1.693
15.456342143,0.4332,1.6293,-0.1693,1.694
15.456582297,0.4322,1.6290,-0.1639,1.693
15.456813027,0.4317,1.6256,-0.1498,1.689
15.457043835,0.4310,1.6244,-0.1446,1.687
15.457271027,0.4288,1.6171,-0.1324,1.678
15.462742258,0.4246,1.6075,-0.1197,1.667
15.463165104,0.4222,1.6026,-0.1134,1.661
15.463454066,0.4178,1.5892,-0.1011,1.646
15.46371645,0.4090,1.5692,-0.0953,1.624
15.46403045,0.4033,1.5592,-0.0928,1.613
15.465203297,0.3941,1.5364,-0.0887,1.589
15.467158143,0.3894,1.5252,-0.0862,1.576
15.470442796,0.3794,1.5000,-0.0845,1.550
15.471106989,0.3650,1.4719,-0.0833,1.519
15.473001412,0.3594,1.4575,-0.0821,1.503
15.474891873,0.3498,1.4289,-0.0821,1.473
15.476925835,0.3408,1.3969,-0.0811,1.440
15.478898412,0.3374,1.3803,-0.0806,1.423
15.480960566,0.3303,1.3488,-0.0831,1.391
15.482764296,0.3249,1.3329,-0.0836,1.375
15.484788527,0.3218,1.3000,-0.0850,1.342
15.487867027,0.3164,1.2665,-0.0887,1.308
15.489358643,0.3132,1.2504,-0.0919,1.292
15.49072545,0.3088,1.2181,-0.0958,1.260
15.492613796,0.3059,1.1881,-0.0987,1.231
15.49486745,0.3034,1.1732,-0.1002,1.216
15.496718027,0.2983,1.1431,-0.1031,1.186
15.498713604,0.2981,1.1285,-0.1036,1.172
15.500833566,0.2973,1.1004,-0.1068,1.145
15.503958373,0.2956,1.0725,-0.1099,1.118
15.504674912,0.2976,1.0591,-0.1114,1.106
15.506757912,0.2978,1.0327,-0.1129,1.081
15.508611681,0.2954,1.0068,-0.1170,1.056
15.510673066,0.2946,0.9938,-0.1190,1.043
15.512543796,0.2954,0.9704,-0.1214,1.022
15.514505681,0.2951,0.9596,-0.1229,1.011
15.516464912,0.3000,0.9330,-0.1273,0.988
15.518583643,0.3039,0.9076,-0.1358,0.967
15.523515566,0.2978,0.8971,-0.1397,0.956
15.524162912,0.2880,0.8788,-0.1471,0.936
15.524465066,0.2878,0.8587,-0.1529,0.919
15.526631412,0.2880,0.8480,-0.1566,0.909
15.52851072,0.2900,0.8280,-0.1598,0.892
15.530358258,0.2993,0.8065,-0.1615,0.875
15.532510335,0.3073,0.7955,-0.1625,0.868
15.534409412,0.3042,0.7769,-0.1656,0.851
15.561662604,0.2971,0.7681,-0.1698,0.841
15.562579104,0.2888,0.7527,-0.1781,0.826
15.562977489,0.2878,0.7373,-0.1842,0.813
15.563326758,0.2895,0.7295,-0.1859,0.807
15.563776258,0.2937,0.7144,-0.1876,0.795
15.564130758,0.3054,0.6970,-0.1903,0.784
15.564479181,0.3103,0.6889,-0.1915,0.779
15.564835296,0.3005,0.6770,-0.1942,0.766
15.565199835,0.2880,0.6721,-0.1974,0.757
15.565538989,0.2834,0.6626,-0.2001,0.748
15.565875643,0.2758,0.6523,-0.2011,0.736
15.566206373,0.2729,0.6489,-0.1991,0.732
15.566528873,0.2651,0.6425,-0.1954,0.722
15.566844643,0.2609,0.6372,-0.1913,0.715
15.567169489,0.2577,0.6362,-0.1884,0.712
15.567600758,0.2541,0.6328,-0.1823,0.706
15.568276835,0.2465,0.6330,-0.1749,0.701
15.57103572,0.2428,0.6345,-0.1705,0.700
15.572398143,0.2394,0.6369,-0.1598,0.699
15.573972604,0.2375,0.6389,-0.1529,0.699
15.576220835,0.2321,0.6457,-0.1397,0.700
15.578089604,0.2279,0.6547,-0.1256,0.705
15.579807681,0.2262,0.6589,-0.1192,0.707
15.58170545,0.2216,0.6692,-0.1060,0.713
15.583675527,0.2194,0.6806,-0.0938,0.721
15.587410066,0.2177,0.6865,-0.0875,0.725
15.587918219,0.2160,0.6965,-0.0760,0.733
15.590229027,0.2155,0.7021,-0.0706,0.738
15.591714835,0.2165,0.7153,-0.0625,0.750
15.593553373,0.2174,0.7275,-0.0552,0.761
15.595452412,0.2187,0.7319,-0.0533,0.766
15.597682873,0.2226,0.7420,-0.0476,0.776
15.599418489,0.2277,0.7552,-0.0464,0.790
15.601287143,0.2309,0.7610,-0.0437,0.796
15.604705912,0.2365,0.7723,-0.0423,0.809
15.605523758,0.2389,0.7774,-0.0425,0.814
15.607483681,0.2448,0.7881,-0.0435,0.826
15.609420527,0.2529,0.7981,-0.0435,0.838
15.611282873,0.2573,0.8045,-0.0454,0.846
15.614878027,0.2651,0.8172,-0.0474,0.860
15.615454912,0.2761,0.8240,-0.0489,0.870
15.617488989,0.2822,0.8370,-0.0515,0.885
15.619300296,0.2919,0.8487,-0.0547,0.899
15.624718566,0.2973,0.8541,-0.0562,0.906
15.625529681,0.3078,0.8653,-0.0564,0.920
15.625877027,0.3200,0.8800,-0.0589,0.938
15.627319104,0.3252,0.8859,-0.0611,0.946
15.629314989,0.3369,0.8988,-0.0665,0.962
15.635015796,0.3425,0.9059,-0.0677,0.971
15.63561895,0.3511,0.9188,-0.0718,0.986
15.65860645,0.3616,0.9311,-0.0740,1.002
15.659265335,0.3662,0.9376,-0.0743,1.009
15.659609143,0.3740,0.9521,-0.0772,1.026
15.659885873,0.3814,0.9670,-0.0777,1.042
15.660143989,0.3845,0.9745,-0.0789,1.051
15.660410027,0.3897,0.9850,-0.0806,1.062
15.660667989,0.3931,0.9907,-0.0816,1.069
15.66092495,0.3946,1.0026,-0.0848,1.081
15.661167989,0.3948,1.0119,-0.0875,1.090
15.661420835,0.3950,1.0146,-0.0877,1.092
15.661675643,0.3948,1.0207,-0.0877,1.098
15.665816335,0.3902,1.0261,-0.0870,1.101
15.666396643,0.3880,1.0288,-0.0884,1.103
15.666712873,0.3809,1.0310,-0.0875,1.103
15.667014758,0.3765,1.0319,-0.0855,1.102
15.667631719,0.3674,1.0349,-0.0801,1.101
15.667955489,0.3564,1.0310,-0.0765,1.094
15.668724489,0.3508,1.0295,-0.0735,1.090
15.672095989,0.3408,1.0244,-0.0704,1.082
15.675995758,0.3288,1.0178,-0.0640,1.071
15.676609027,0.3218,1.0151,-0.0606,1.067
15.676969296,0.3078,1.0080,-0.0547,1.055
15.678454143,0.2956,0.9995,-0.0498,1.043
15.680634335,0.2900,0.9938,-0.0464,1.036
15.682254181,0.2773,0.9833,-0.0393,1.022
15.684391566,0.2709,0.9770,-0.0359,1.014
15.686988258,0.2565,0.9655,-0.0300,0.999
15.689747296,0.2431,0.9530,-0.0247,0.984
15.691593335,0.2377,0.9467,-0.0210,0.976
15.696287373,0.2284,0.9311,-0.0139,0.959
15.696882642,0.2206,0.9230,-0.0105,0.949
15.697303104,0.2162,0.9105,-0.0076,0.936
15.69811445,0.2052,0.8966,-0.0010,0.920
15.700108027,0.2001,0.8881,0.0015,0.910
15.701961604,0.1925,0.8712,0.0076,0.892
15.710106873,0.1815,0.8556,0.0117,0.875
15.710868335,0.1754,0.8480,0.0137,0.866
15.711333027,0.1664,0.8304,0.0193,0.847
15.711816219,0.1564,0.8150,0.0239,0.830
15.712239527,0.1529,0.8077,0.0257,0.822
15.714111835,0.1466,0.7918,0.0300,0.806
15.716229796,0.1393,0.7840,0.0318,0.797
15.719269027,0.1351,0.7693,0.0332,0.782
15.719975835,0.1278,0.7561,0.0386,0.768
15.727454989,0.1246,0.7486,0.0401,0.760
15.728528835,0.1173,0.7351,0.0430,0.746
15.729096258,0.1107,0.7224,0.0464,0.732
15.729579066,0.1075,0.7161,0.0498,0.726
15.730961796,0.1038,0.7024,0.0530,0.712
15.733704758,0.1007,0.6960,0.0540,0.705
15.734481027,0.0965,0.6838,0.0564,0.693
15.736111796,0.0938,0.6745,0.0586,0.684
15.765861719,0.0933,0.6682,0.0591,0.677
15.766794989,0.0921,0.6582,0.0611,0.667
15.767187912,0.0899,0.6489,0.0611,0.658
15.767599066,0.0901,0.6440,0.0613,0.653
15.767919912,0.0897,0.6352,0.0601,0.644
15.768236412,0.0889,0.6315,0.0586,0.640
15.768553373,0.0887,0.6247,0.0557,0.633
15.768936835,0.0887,0.6181,0.0498,0.626
15.769376835,0.0887,0.6157,0.0484,0.624
15.769807296,0.0870,0.6125,0.0452,0.620
15.770226873,0.0875,0.6122,0.0396,0.620
15.770628566,0.0877,0.6110,0.0379,0.618
15.77103795,0.0892,0.6100,0.0325,0.617
15.771568489,0.0892,0.6100,0.0198,0.617
15.77202845,0.0906,0.6100,0.0154,0.617
15.772462642,0.0919,0.6125,0.0093,0.619
15.772859412,0.0911,0.6137,0.0068,0.620
15.773280566,0.0914,0.6164,0.0061,0.623
15.773703989,0.0958,0.6215,0.0064,0.629
15.778312912,0.0972,0.6235,0.0078,0.631
15.779133181,0.1007,0.6276,0.0068,0.636
15.779671873,0.1048,0.6310,0.0066,0.640
15.781418835,0.1068,0.6359,0.0078,0.645
15.783080758,0.1114,0.6428,0.0112,0.652
15.78498345,0.1138,0.6455,0.0134,0.656
15.788660066,0.1185,0.6489,0.0169,0.660
15.789593258,0.1204,0.6567,0.0205,0.668
15.790834066,0.1219,0.6606,0.0222,0.672
15.792875527,0.1258,0.6665,0.0274,0.679
15.794847527,0.1295,0.6692,0.0291,0.682
15.796826181,0.1363,0.6758,0.0332,0.690
15.79864195,0.1429,0.6841,0.0379,0.700
15.800780565,0.1463,0.6858,0.0386,0.702
15.802688873,0.1520,0.6926,0.0423,0.710
15.805529027,0.1576,0.7007,0.0454,0.720
15.806583758,0.1608,0.7048,0.0454,0.724
15.808690604,0.1681,0.7109,0.0418,0.732
15.810401642,0.1715,0.7151,0.0393,0.736
15.812662296,0.1730,0.7253,0.0313,0.746
15.814348758,0.1752,0.7339,0.0220,0.755
15.81655595,0.1757,0.7383,0.0169,0.759
15.818364912,0.1788,0.7478,0.0044,0.769
15.829061604,0.1813,0.7564,-0.0103,0.778
15.830636989,0.1813,0.7610,-0.0183,0.783
15.831902527,0.1820,0.7696,-0.0327,0.791
15.833030142,0.1835,0.7759,-0.0386,0.798
15.834210642,0.1871,0.7852,-0.0469,0.809
15.83551345,0.1906,0.7940,-0.0545,0.818
15.867000412,0.1930,0.7984,-0.0569,0.823
15.868897642,0.1981,0.8094,-0.0618,0.836
15.870017642,0.2025,0.8135,-0.0650,0.841
15.871215681,0.2057,0.8184,-0.0660,0.846
15.872557335,0.2123,0.8248,-0.0652,0.854
15.873697142,0.2147,0.8289,-0.0640,0.859
15.874909565,0.2235,0.8338,-0.0647,0.866
15.876184565,0.2306,0.8387,-0.0645,0.872
15.877218642,0.2343,0.8414,-0.0643,0.876
15.87824245,0.2419,0.8460,-0.0616,0.882
15.879191065,0.2502,0.8480,-0.0584,0.886
15.880149258,0.2531,0.8514,-0.0528,0.890
15.880975642,0.2599,0.8539,-0.0462,0.894
15.882085835,0.2626,0.8541,-0.0437,0.895
15.883926104,0.2680,0.8558,-0.0366,0.898
15.885796335,0.2724,0.8580,-0.0286,0.901
15.886887835,0.2753,0.8587,-0.0239,0.902
15.888117527,0.2795,0.8604,-0.0137,0.905
15.889401758,0.2805,0.8614,-0.0093,0.906
15.890459489,0.2836,0.8622,-0.0010,0.908
15.891577873,0.2846,0.8644,0.0093,0.910
15.892320219,0.2853,0.8648,0.0144,0.911
15.893097565,0.2868,0.8663,0.0244,0.913
15.893938604,0.2895,0.8685,0.0352,0.916
15.894594873,0.2910,0.8697,0.0381,0.918
15.896823373,0.2919,0.8727,0.0457,0.921
15.898137873,0.2937,0.8736,0.0493,0.923
15.899689719,0.2917,0.8795,0.0530,0.928
15.900377412,0.2910,0.8810,0.0562,0.929
15.900807258,0.2902,0.8819,0.0577,0.930
15.901269104,0.2907,0.8881,0.0628,0.937
15.90169495,0.2900,0.8927,0.0647,0.941
15.902103719,0.2907,0.8949,0.0672,0.943
15.902512488,0.2927,0.9005,0.0660,0.949
15.902939681,0.2905,0.9039,0.0667,0.952
15.903339142,0.2907,0.9059,0.0657,0.954
15.903811142,0.2932,0.9135,0.0640,0.961
15.905817642,0.2929,0.9164,0.0618,0.964
15.907165335,0.2910,0.9203,0.0601,0.967
15.909708412,0.2939,0.9262,0.0564,0.973
15.911067642,0.2941,0.9289,0.0552,0.976
15.913858796,0.2934,0.9342,0.0520,0.981
15.915097488,0.2954,0.9379,0.0501,0.985
15.917166796,0.2978,0.9398,0.0484,0.987
15.91885095,0.3007,0.9420,0.0472,0.990
15.922501758,0.3020,0.9447,0.0452,0.993
15.92390445,0.3032,0.9482,0.0435,0.996
15.92478495,0.3056,0.9530,0.0410,1.002
15.926875642,0.3066,0.9543,0.0401,1.003
15.928916565,0.3044,0.9591,0.0393,1.007
15.930697296,0.3044,0.9638,0.0349,1.011
15.933164373,0.3037,0.9655,0.0330,1.013
15.934623642,0.3037,0.9692,0.0310,1.016
15.942307181,0.3027,0.9719,0.0288,1.018
15.943159258,0.3025,0.9733,0.0276,1.020
15.94370345,0.3003,0.9784,0.0235,1.024
15.944103604,0.2998,0.9814,0.0217,1.026
15.945070835,0.2988,0.9850,0.0208,1.030
15.946765681,0.2985,0.9929,0.0183,1.037
15.948663065,0.2990,0.9953,0.0176,1.039
15.950634258,0.3003,1.0024,0.0159,1.047
15.952739642,0.2998,1.0095,0.0144,1.053
15.984141027,0.2988,1.0117,0.0142,1.055
15.986198296,0.3003,1.0214,0.0095,1.065
15.987672527,0.3022,1.0256,0.0081,1.069
15.989685642,0.3044,1.0317,0.0078,1.076
15.991069912,0.3064,1.0412,0.0042,1.085
15.992604642,0.3064,1.0469,0.0029,1.091
15.994039835,0.3093,1.0552,0.0010,1.100
15.995719681,0.3134,1.0644,0.0002,1.110
15.997297565,0.3164,1.0693,-0.0005,1.115
15.998896296,0.3237,1.0774,-0.0012,1.125
16.000561758,0.3315,1.0837,-0.0029,1.133
16.001734027,0.3345,1.0894,-0.0032,1.140
16.002883027,0.3411,1.0994,-0.0044,1.151
16.004101258,0.3437,1.1038,-0.0056,1.156
16.005182065,0.3508,1.1087,-0.0073,1.163
16.006371604,0.3608,1.1165,-0.0086,1.173
16.007172027,0.3633,1.1206,-0.0073,1.178
16.00827745,0.3679,1.1299,-0.0061,1.188
16.009172142,0.3745,1.1343,-0.0039,1.195
16.010145296,0.3777,1.1407,-0.0024,1.202
16.010893527,0.3840,1.1495,-0.0012,1.212
16.011937065,0.3867,1.1529,0.0022,1.216
16.012844604,0.3938,1.1587,0.0088,1.224
16.013622565,0.3987,1.1666,0.0149,1.233
16.014652411,0.4019,1.1693,0.0183,1.237
16.015466911,0.4070,1.1749,0.0227,1.244
16.016487796,0.4112,1.1827,0.0279,1.252
16.017311796,0.4124,1.1849,0.0286,1.255
16.018281142,0.4136,1.1912,0.0313,1.261
16.019090565,0.4153,1.1939,0.0327,1.265
16.020239142,0.4156,1.2008,0.0371,1.271
16.020733065,0.4170,1.2059,0.0398,1.277
16.021153988,0.4158,1.2083,0.0406,1.279
16.021552296,0.4143,1.2157,0.0437,1.285
16.021959142,0.4139,1.2220,0.0437,1.291
16.024683911,0.4121,1.2240,0.0440,1.292
16.025774565,0.4104,1.2298,0.0467,1.297
16.029471411,0.4080,1.2333,0.0474,1.300
16.030289604,0.4021,1.2381,0.0467,1.303
16.032264104,0.3958,1.2430,0.0469,1.305
16.033580681,0.3936,1.2447,0.0474,1.306
16.035798296,0.3860,1.2484,0.0464,1.308
16.044284681,0.3770,1.2530,0.0442,1.309
16.045266835,0.3721,1.2550,0.0418,1.310
16.045744911,0.3628,1.2577,0.0381,1.310
16.046191065,0.3555,1.2579,0.0357,1.308
16.046606835,0.3506,1.2594,0.0342,1.308
16.048066681,0.3401,1.2626,0.0269,1.308
16.051163219,0.3340,1.2623,0.0249,1.306
16.05171095,0.3220,1.2633,0.0191,1.304
16.05365345,0.3112,1.2677,0.0110,1.305
16.086863988,0.3054,1.2689,0.0073,1.305
16.089137835,0.2927,1.2711,0.0020,1.304
16.090881642,0.2812,1.2765,-0.0046,1.307
16.092407104,0.2753,1.2789,-0.0105,1.308
16.093847527,0.2629,1.2843,-0.0176,1.311
16.09532195,0.2553,1.2892,-0.0210,1.314
16.096824565,0.2353,1.3000,-0.0325,1.321
16.09780145,0.2201,1.3122,-0.0415,1.331
16.098752758,0.2177,1.3195,-0.0452,1.338
16.099988565,0.2003,1.3339,-0.0584,1.350
16.101087258,0.1600,1.3530,-0.0980,1.366
16.102094604,0.1551,1.3627,-0.1051,1.376
16.103262373,0.1522,1.3838,-0.1126,1.397
16.104722181,0.1559,1.3935,-0.1153,1.407
16.106152104,0.1632,1.4123,-0.1222,1.427
16.107702258,0.1823,1.4299,-0.1334,1.448
16.109075181,0.1950,1.4377,-0.1371,1.457
16.110070258,0.2157,1.4531,-0.1466,1.476
16.111452796,0.2419,1.4666,-0.1656,1.496
16.112414565,0.2582,1.4717,-0.1749,1.504
16.11356295,0.2963,1.4773,-0.1891,1.519
16.114432681,0.3386,1.4805,-0.2013,1.532
16.115271219,0.3594,1.4793,-0.2101,1.537
16.116330796,0.4019,1.4754,-0.2296,1.546
16.116754681,0.4217,1.4719,-0.2382,1.550
16.117185142,0.4588,1.4627,-0.2480,1.553
16.117619758,0.4996,1.4492,-0.2543,1.554
16.118020181,0.5177,1.4402,-0.2582,1.552
16.118422834,0.5514,1.4214,-0.2568,1.546
16.118838027,0.5805,1.3984,-0.2497,1.535
16.119252258,0.5983,1.3857,-0.2394,1.528
16.119761719,0.6232,1.3593,-0.2150,1.511
16.120162681,0.6230,1.3473,-0.2067,1.499
16.120564681,0.5978,1.3261,-0.1976,1.468
16.122689296,0.5553,1.3066,-0.1901,1.432
16.124993642,0.5321,1.2970,-0.1845,1.414
16.126596181,0.4859,1.2811,-0.1725,1.381
16.128836834,0.4446,1.2660,-0.1610,1.351
16.130435181,0.4251,1.2582,-0.1564,1.337
16.133032258,0.3882,1.2413,-0.1451,1.309
16.134373527,0.3711,1.2337,-0.1410,1.296
16.136532604,0.3415,1.2184,-0.1341,1.272
16.142646027,0.3144,1.2020,-0.1312,1.249
16.143204719,0.3007,1.1942,-0.1290,1.238
16.143514181,0.2731,1.1776,-0.1266,1.215
16.144414104,0.2477,1.1602,-0.1273,1.193
16.14885745,0.2345,1.1512,-0.1278,1.182
16.149415911,0.2116,1.1355,-0.1290,1.162
16.150467988,0.1915,1.1267,-0.1334,1.151
16.152455873,0.1813,1.1094,-0.1353,1.132
16.18266145,0.1659,1.0901,-0.1397,1.111
16.189400373,0.1603,1.0798,-0.1432,1.101
16.190446988,0.1485,1.0613,-0.1510,1.082
16.191540796,0.1393,1.0417,-0.1590,1.063
16.192586796,0.1351,1.0305,-0.1617,1.052
16.193836681,0.1314,1.0097,-0.1671,1.032
16.194755027,0.1305,0.9995,-0.1698,1.022
16.195906988,0.1244,0.9753,-0.1774,0.999
16.196862104,0.1182,0.9550,-0.1845,0.980
16.198049027,0.1151,0.9464,-0.1891,0.972
16.19898545,0.1075,0.9262,-0.1976,0.953
16.200222681,0.1004,0.9069,-0.2033,0.935
16.201076681,0.0955,0.8956,-0.2072,0.924
16.202181834,0.0845,0.8763,-0.2138,0.906
16.20306645,0.0762,0.8582,-0.2172,0.889
16.204265258,0.0716,0.8497,-0.2189,0.880
16.205081834,0.0603,0.8311,-0.2218,0.862
16.206162527,0.0552,0.8221,-0.2216,0.853
16.207056411,0.0445,0.8047,-0.2228,0.836
16.208184142,0.0325,0.7898,-0.2221,0.821
16.209075219,0.0269,0.7828,-0.2211,0.814
16.210019796,0.0178,0.7686,-0.2165,0.799
16.210760565,0.0086,0.7539,-0.2116,0.783
16.212040796,0.0059,0.7471,-0.2089,0.776
16.212955873,0.0020,0.7329,-0.2020,0.760
16.214070834,0.0005,0.7273,-0.1974,0.754
16.215220334,0.0015,0.7163,-0.1893,0.741
16.216174758,0.0034,0.7051,-0.1793,0.728
16.216871411,0.0044,0.7009,-0.1759,0.723
16.217819565,0.0095,0.6902,-0.1659,0.710
16.218649027,0.0171,0.6804,-0.1551,0.698
16.219961334,0.0227,0.6758,-0.1498,0.693
16.22058045,0.0352,0.6687,-0.1407,0.684
16.221022181,0.0472,0.6657,-0.1349,0.681
16.221458796,0.0545,0.6606,-0.1253,0.675
16.223769527,0.0708,0.6560,-0.1143,0.670
16.225645027,0.0787,0.6535,-0.1090,0.667
16.227334527,0.0931,0.6516,-0.1016,0.666
16.229362642,0.1090,0.6491,-0.0958,0.665
16.231230334,0.1156,0.6491,-0.0911,0.666
16.233387565,0.1302,0.6511,-0.0823,0.669
16.235331565,0.1466,0.6503,-0.0794,0.671
16.236993565,0.1524,0.6550,-0.0748,0.677
16.240076681,0.1630,0.6601,-0.0699,0.684
16.241182296,0.1683,0.6628,-0.0660,0.687
16.243011757,0.1798,0.6689,-0.0635,0.696
16.245079911,0.1896,0.6775,-0.0608,0.706
16.246719257,0.1935,0.6828,-0.0608,0.712
16.249061873,0.1989,0.6926,-0.0613,0.723
16.25095245,0.2035,0.6977,-0.0584,0.729
16.252783219,0.2064,0.7095,-0.0591,0.741
16.260038604,0.2123,0.7207,-0.0611,0.754
16.261652681,0.2138,0.7261,-0.0621,0.759
16.262120296,0.2223,0.7412,-0.0657,0.777
16.262579565,0.2274,0.7539,-0.0696,0.791
16.263008719,0.2309,0.7605,-0.0721,0.798
16.264678488,0.2331,0.7740,-0.0811,0.812
16.266611181,0.2350,0.7815,-0.0855,0.821
16.268678757,0.2399,0.7955,-0.0958,0.836
16.270441988,0.2441,0.8089,-0.1082,0.852
16.300874373,0.2463,0.8162,-0.1146,0.860
16.303063181,0.2477,0.8311,-0.1266,0.876
16.304926604,0.2485,0.8473,-0.1380,0.894
16.306758988,0.2494,0.8551,-0.1434,0.902
16.308464604,0.2502,0.8702,-0.1600,0.919
16.310051027,0.2499,0.8775,-0.1688,0.928
16.310908334,0.2492,0.8893,-0.1876,0.942
16.312136334,0.2487,0.9005,-0.2060,0.957
16.313020257,0.2472,0.9066,-0.2145,0.964
16.314105181,0.2446,0.9176,-0.2289,0.977
16.314995104,0.2424,0.9286,-0.2414,0.990
16.316292411,0.2414,0.9342,-0.2470,0.996
16.317140642,0.2406,0.9438,-0.2563,1.007
16.318167488,0.2392,0.9486,-0.2646,1.013
16.318960027,0.2382,0.9582,-0.2692,1.023
16.319967065,0.2348,0.9640,-0.2744,1.029
16.32114995,0.2328,0.9662,-0.2768,1.032
16.322265065,0.2292,0.9684,-0.2802,1.034
16.323342911,0.2289,0.9719,-0.2827,1.038
16.324547411,0.2270,0.9721,-0.2824,1.037
16.325904796,0.2255,0.9701,-0.2783,1.034
16.328675911,0.2216,0.9665,-0.2726,1.028
16.33024245,0.2191,0.9638,-0.2687,1.024
16.331573911,0.2147,0.9577,-0.2597,1.015
16.332781642,0.2123,0.9545,-0.2521,1.010
16.334269642,0.2086,0.9457,-0.2343,0.996
16.335706757,0.2055,0.9374,-0.2172,0.984
16.336348411,0.2030,0.9335,-0.2086,0.978
16.336741142,0.1979,0.9237,-0.1928,0.964
16.337109142,0.1915,0.9142,-0.1747,0.950
16.337489488,0.1876,0.9091,-0.1666,0.943
16.33784318,0.1774,0.8983,-0.1488,0.928
16.338205988,0.1666,0.8939,-0.1410,0.920
16.338565527,0.1634,0.8849,-0.1226,0.908
16.340829642,0.1537,0.8753,-0.1080,0.895
16.341765219,0.1490,0.8722,-0.1002,0.890
16.343544334,0.1395,0.8636,-0.0833,0.879
16.34557345,0.1295,0.8541,-0.0687,0.867
16.347909796,0.1239,0.8504,-0.0606,0.862
16.349675757,0.1134,0.8416,-0.0452,0.850
16.351588873,0.1026,0.8341,-0.0296,0.841
16.353514565,0.0963,0.8306,-0.0225,0.837
16.358741142,0.0855,0.8196,-0.0073,0.824
16.35954368,0.0809,0.8148,-0.0002,0.819
16.359935604,0.0748,0.8060,0.0147,0.810
16.364077104,0.0689,0.7974,0.0310,0.801
16.364571988,0.0657,0.7925,0.0359,0.796
16.365423873,0.0581,0.7857,0.0474,0.789
16.367211527,0.0547,0.7737,0.0586,0.778
16.370329911,0.0530,0.7683,0.0635,0.773
16.392561411,0.0508,0.7600,0.0757,0.765
16.39340695,0.0493,0.7564,0.0804,0.762
16.393678257,0.0501,0.7473,0.0906,0.754
16.393919065,0.0518,0.7383,0.1004,0.747
16.394154219,0.0535,0.7332,0.1048,0.743
16.394388719,0.0567,0.7258,0.1116,0.737
16.394623027,0.0601,0.7197,0.1182,0.732
16.394846911,0.0628,0.7161,0.1217,0.729
16.395075834,0.0674,0.7100,0.1287,0.725
16.395307296,0.0682,0.7080,0.1319,0.723
16.395612411,0.0721,0.7038,0.1366,0.721
16.395842373,0.0767,0.7026,0.1412,0.721
16.39607495,0.0799,0.7024,0.1432,0.721
16.397399642,0.0826,0.7012,0.1424,0.720
16.398659411,0.0850,0.7031,0.1449,0.723
16.400750873,0.0850,0.7041,0.1451,0.724
16.402663142,0.0855,0.7065,0.1424,0.726
16.406069796,0.0865,0.7085,0.1405,0.727
16.407518257,0.0870,0.7104,0.1351,0.728
16.412211527,0.0855,0.7092,0.1273,0.726
16.413214411,0.0848,0.7078,0.1268,0.724
16.413488719,0.0928,0.7046,0.1331,0.723
16.414460565,0.1046,0.7041,0.1463,0.727
16.416455911,0.1107,0.7063,0.1551,0.732
16.418429834,0.1229,0.7124,0.1791,0.745
16.420246065,0.1295,0.7168,0.1947,0.754
16.425102411,0.1554,0.7344,0.2255,0.784
16.42567618,0.1898,0.7544,0.2536,0.818
16.426387027,0.2072,0.7642,0.2648,0.835
16.428505296,0.2231,0.7681,0.2497,0.838
16.430191565,0.2267,0.7745,0.2465,0.844
16.432372257,0.2424,0.8057,0.2614,0.881
16.434290219,0.2651,0.8455,0.2717,0.927
16.436349103,0.2778,0.8683,0.2778,0.953
16.454070642,0.3005,0.9152,0.2851,1.005
16.455969103,0.3235,0.9591,0.2849,1.052
16.457120103,0.3310,0.9760,0.2758,1.067
16.458145027,0.3513,0.9985,0.2465,1.087
16.459021334,0.3584,1.0063,0.2257,1.092
16.460241603,0.4058,1.0112,0.1986,1.108
16.461362642,0.4295,1.0175,0.1551,1.115
16.462665834,0.4346,1.0205,0.1285,1.117
16.46404045,0.4371,1.0244,0.0784,1.116
16.464923142,0.4300,1.0222,0.0315,1.109
16.465754334,0.4246,1.0212,0.0107,1.106
16.46655868,0.4121,1.0131,-0.0342,1.094
16.467724027,0.4012,1.0097,-0.0555,1.088
16.468825142,0.3677,1.0039,-0.0941,1.073
16.46960445,0.3257,0.9960,-0.1358,1.057
16.470477603,0.3020,0.9926,-0.1449,1.048
16.47190368,0.2509,0.9850,-0.1845,1.033
16.472980834,0.1991,0.9806,-0.2350,1.028
16.47411345,0.1766,0.9777,-0.2538,1.025
16.476880527,0.1290,0.9738,-0.2819,1.022
16.47845145,0.1038,0.9723,-0.2939,1.021
16.479729488,0.0581,0.9704,-0.3198,1.023
16.481737065,0.0164,0.9701,-0.3420,1.029
16.483572411,-0.0017,0.9694,-0.3520,1.031
16.485288796,-0.0410,0.9682,-0.3726,1.038
16.487249103,-0.0843,0.9660,-0.3958,1.047
16.489349873,-0.1085,0.9635,-0.4087,1.052
16.491304565,-0.1573,0.9574,-0.4388,1.065
16.493252565,-0.2064,0.9543,-0.4642,1.081
16.495275873,-0.2333,0.9460,-0.4769,1.085
16.497408219,-0.2836,0.9381,-0.4994,1.100
16.49918845,-0.3081,0.9340,-0.5118,1.109
16.501372296,-0.3626,0.9242,-0.5343,1.127
16.503113988,-0.4156,0.9130,-0.5519,1.145
16.508417988,-0.4456,0.9059,-0.5595,1.154
16.508985103,-0.4962,0.8883,-0.5675,1.165
16.509233219,-0.5267,0.8678,-0.5556,1.157
16.514076065,-0.5377,0.8563,-0.5450,1.149
16.514495296,-0.5477,0.8297,-0.5170,1.121
16.515234065,-0.5502,0.8170,-0.5006,1.105
16.51722945,-0.5487,0.7933,-0.4588,1.068
16.519101257,-0.5323,0.7696,-0.4048,1.020
16.521210565,-0.5194,0.7573,-0.3735,0.991
16.537978373,-0.4845,0.7349,-0.3086,0.933
16.541891142,-0.4351,0.7166,-0.2360,0.871
16.543328027,-0.4092,0.7092,-0.1994,0.843
16.544661373,-0.3555,0.6973,-0.1329,0.794
16.546062642,-0.2998,0.6938,-0.0667,0.759
16.547652065,-0.2753,0.6926,-0.0386,0.746
16.548921219,-0.2331,0.6946,0.0132,0.733
16.550315988,-0.2160,0.6977,0.0347,0.731
16.551844719,-0.1805,0.7063,0.0745,0.733
16.553051373,-0.1439,0.7146,0.1116,0.737
16.557993026,-0.1268,0.7197,0.1270,0.742
16.55999368,-0.0989,0.7322,0.1456,0.753
16.561321411,-0.0735,0.7446,0.1664,0.767
16.562746065,-0.0608,0.7508,0.1757,0.773
16.564164988,-0.0401,0.7674,0.1888,0.791
16.565356411,-0.0322,0.7752,0.1935,0.800
16.566673757,-0.0129,0.7896,0.2045,0.816
16.567879488,0.0005,0.8062,0.2094,0.833
16.56818945,0.0066,0.8172,0.2113,0.844
16.568440834,0.0210,0.8389,0.2152,0.866
16.56870868,0.0327,0.8607,0.2201,0.889
16.568943988,0.0376,0.8719,0.2196,0.900
16.569175526,0.0472,0.8964,0.2213,0.924
16.569405026,0.0552,0.9083,0.2272,0.938
16.570315488,0.0743,0.9303,0.2380,0.963
16.574240373,0.1004,0.9516,0.2516,0.989
16.577630757,0.1104,0.9633,0.2563,1.003
16.578018565,0.1378,0.9868,0.2726,1.033
16.578287642,0.1681,1.0075,0.2878,1.061
16.580584065,0.1827,1.0175,0.2951,1.075
16.58223818,0.2228,1.0378,0.3178,1.108
16.584474296,0.2431,1.0476,0.3305,1.125
16.586186296,0.2910,1.0676,0.3547,1.162
16.588153488,0.3349,1.0867,0.3728,1.197
16.590302911,0.3564,1.0940,0.3801,1.212
16.592270603,0.3987,1.1084,0.3980,1.243
16.594126257,0.4332,1.1221,0.4112,1.271
16.59883118,0.4471,1.1280,0.4163,1.283
16.59911118,0.4747,1.1372,0.4261,1.304
16.600077026,0.4906,1.1407,0.4329,1.315
16.602089873,0.5003,1.1460,0.4339,1.324
16.603866065,0.4732,1.1509,0.4048,1.309
16.608942488,0.4537,1.1524,0.3850,1.297
16.609519873,0.4121,1.1548,0.3442,1.274
16.609781834,0.3709,1.1541,0.3230,1.255
16.614500603,0.3498,1.1507,0.2802,1.235
16.614879796,0.3100,1.1426,0.2360,1.207
16.615844296,0.2917,1.1382,0.2116,1.194
16.617601565,0.2602,1.1255,0.1664,1.167
16.619581526,0.2333,1.1116,0.1244,1.143
16.621678219,0.2223,1.1040,0.1036,1.131
16.64008318,0.2035,1.0899,0.0669,1.111
16.641823796,0.1898,1.0842,0.0511,1.102
16.643269873,0.1832,1.0730,0.0200,1.089
16.644562642,0.1693,1.0603,-0.0064,1.074
16.648334142,0.1634,1.0552,-0.0178,1.068
16.650034142,0.1529,1.0449,-0.0391,1.057
16.651787065,0.1478,1.0373,-0.0572,1.049
16.65291468,0.1468,1.0317,-0.0647,1.044
16.654293757,0.1446,1.0234,-0.0762,1.036
16.656780796,0.1429,1.0183,-0.0794,1.031
16.658484411,0.1407,1.0095,-0.0843,1.023
16.66029918,0.1351,1.0009,-0.0887,1.014
16.660851757,0.1327,0.9968,-0.0911,1.010
16.661224757,0.1297,0.9897,-0.0938,1.003
16.662164911,0.1251,0.9850,-0.0938,0.997
16.66252718,0.1241,0.9826,-0.0941,0.995
16.662858373,0.1202,0.9743,-0.0967,0.986
16.663192757,0.1151,0.9711,-0.0975,0.983
16.663609949,0.1126,0.9628,-0.0958,0.974
16.663979796,0.1097,0.9569,-0.0923,0.968
16.664318719,0.1077,0.9552,-0.0911,0.966
16.666271565,0.1031,0.9526,-0.0877,0.962
16.667109949,0.0989,0.9474,-0.0831,0.956
16.66896568,0.1002,0.9447,-0.0816,0.954
16.671461719,0.0989,0.9403,-0.0755,0.949
16.676520949,0.0963,0.9376,-0.0704,0.945
16.677258373,0.0943,0.9330,-0.0679,0.940
16.677671103,0.0933,0.9274,-0.0633,0.934
16.679922449,0.0928,0.9252,-0.0628,0.932
16.681027526,0.0901,0.9196,-0.0603,0.926
16.682786219,0.0901,0.9149,-0.0564,0.921
16.685119026,0.0899,0.9120,-0.0535,0.918
16.686827796,0.0877,0.9061,-0.0501,0.912
16.688670449,0.0872,0.9012,-0.0493,0.907
16.691709296,0.0867,0.9000,-0.0515,0.906
16.693251719,0.0804,0.8922,-0.0567,0.898
16.695544565,0.0784,0.8890,-0.0562,0.894
16.696956911,0.0814,0.8885,-0.0501,0.894
16.698616257,0.0838,0.8885,-0.0530,0.894
16.701221757,0.0818,0.8900,-0.0542,0.895
16.702916373,0.0770,0.8954,-0.0501,0.900
16.705163257,0.0691,0.9008,-0.0454,0.905
16.707566796,0.0645,0.9025,-0.0440,0.906
16.708918026,0.0537,0.9088,-0.0423,0.911
16.710620219,0.0533,0.9137,-0.0330,0.916
16.712979603,0.0545,0.9257,-0.0198,0.927
16.714421449,0.0550,0.9389,-0.0066,0.941
16.716440103,0.0550,0.9462,0.0027,0.948
16.718475142,0.0547,0.9587,0.0193,0.960
16.720379257,0.0484,0.9704,0.0352,0.972
16.726267526,0.0503,0.9770,0.0464,0.979
16.726914026,0.0618,0.9919,0.0621,0.996
16.727538065,0.0711,0.9997,0.0767,1.005
16.728252488,0.0745,1.0124,0.0804,1.018
16.732153949,0.0784,1.0254,0.0880,1.032
16.732613796,0.0789,1.0319,0.0911,1.039
16.734204988,0.0779,1.0410,0.0941,1.048
16.736321873,0.0982,1.0456,0.1073,1.056
16.73811368,0.1070,1.0508,0.1102,1.062
16.766314103,0.1131,1.0652,0.1114,1.077
16.768187834,0.1138,1.0811,0.1063,1.092
16.769149949,0.1092,1.0881,0.1009,1.098
16.770188565,0.1077,1.1060,0.0989,1.116
16.771293065,0.1114,1.1160,0.0963,1.126
16.772571219,0.1153,1.1353,0.0936,1.145
16.773909449,0.1173,1.1514,0.0894,1.161
16.77491618,0.1185,1.1600,0.0880,1.169
16.776178257,0.1236,1.1734,0.0848,1.183
16.777046219,0.1305,1.1873,0.0794,1.197
16.778061257,0.1341,1.1932,0.0779,1.203
16.778837257,0.1434,1.1995,0.0740,1.210
16.779979219,0.1566,1.2032,0.0726,1.216
16.780696449,0.1647,1.2074,0.0733,1.221
16.781663988,0.1810,1.2125,0.0728,1.228
16.78246318,0.1908,1.2125,0.0735,1.230
16.783214834,0.2094,1.2091,0.0701,1.229
16.78425018,0.2257,1.2044,0.0687,1.227
16.784994296,0.2338,1.2025,0.0679,1.227
16.785911834,0.2475,1.1971,0.0638,1.224
16.786689296,0.2516,1.1929,0.0601,1.221
16.787908526,0.2582,1.1861,0.0530,1.215
16.788979526,0.2609,1.1810,0.0459,1.210
16.790079796,0.2609,1.1788,0.0410,1.208
16.791046719,0.2599,1.1732,0.0310,1.202
16.792176488,0.2558,1.1651,0.0213,1.193
16.792994988,0.2546,1.1607,0.0151,1.188
16.793982834,0.2551,1.1541,0.0042,1.182
16.797062372,0.2536,1.1509,0.0002,1.179
16.797682411,0.2477,1.1448,-0.0081,1.171
16.79912718,0.2458,1.1350,-0.0159,1.161
16.801232911,0.2450,1.1309,-0.0198,1.157
16.803277488,0.2424,1.1238,-0.0269,1.150
16.805472603,0.2419,1.1133,-0.0303,1.140
16.807435796,0.2424,1.1082,-0.0293,1.135
16.809348719,0.2465,1.0999,-0.0257,1.127
16.811255065,0.2502,1.0955,-0.0198,1.124
16.813581603,0.2514,1.0862,-0.0195,1.115
16.814941872,0.2551,1.0774,-0.0149,1.107
16.817036988,0.2575,1.0735,-0.0129,1.104
16.818980526,0.2609,1.0642,-0.0037,1.096
16.821339488,0.2595,1.0520,0.0073,1.084
16.82611668,0.2592,1.0459,0.0139,1.078
16.826699296,0.2595,1.0359,0.0244,1.068
16.827137257,0.2575,1.0236,0.0344,1.056
16.829282988,0.2555,1.0180,0.0396,1.050
16.830974719,0.2502,1.0058,0.0496,1.038
16.832805142,0.2453,0.9995,0.0535,1.031
16.834759988,0.2426,0.9841,0.0635,1.016
16.837267372,0.2387,0.9692,0.0721,1.001
16.85610468,0.2367,0.9606,0.0757,0.992
16.857703719,0.2306,0.9440,0.0811,0.975
16.858739872,0.2274,0.9281,0.0826,0.959
16.859942949,0.2255,0.9205,0.0814,0.951
16.861218449,0.2213,0.9044,0.0740,0.934
16.862662026,0.2177,0.8881,0.0621,0.916
16.863946026,0.2160,0.8810,0.0545,0.909
16.865066372,0.2118,0.8685,0.0391,0.895
16.865839757,0.2094,0.8624,0.0315,0.888
16.866866795,0.2052,0.8499,0.0176,0.875
16.86789968,0.2006,0.8389,0.0012,0.863
16.869062642,0.1989,0.8343,-0.0073,0.858
16.869873488,0.1925,0.8265,-0.0210,0.849
16.870930372,0.1859,0.8179,-0.0318,0.839
16.871943219,0.1842,0.8145,-0.0349,0.836
16.872951142,0.1796,0.8082,-0.0398,0.829
16.873997911,0.1776,0.8047,-0.0413,0.825
16.875171065,0.1759,0.7989,-0.0452,0.819
16.876059142,0.1727,0.7940,-0.0479,0.814
16.87700868,0.1720,0.7911,-0.0474,0.811
16.879561719,0.1732,0.7881,-0.0447,0.808
16.880991026,0.1725,0.7867,-0.0415,0.806
16.882539603,0.1720,0.7862,-0.0408,0.806
16.884684449,0.1747,0.7857,-0.0359,0.806
16.886502757,0.1744,0.7869,-0.0315,0.807
16.888475219,0.1735,0.7884,-0.0300,0.808
16.892545565,0.1720,0.7906,-0.0254,0.809
16.894015219,0.1735,0.7918,-0.0217,0.811
16.895084795,0.1759,0.7955,-0.0132,0.815
16.896345911,0.1757,0.7979,-0.0037,0.817
16.898326372,0.1742,0.8013,0.0010,0.820
16.900303565,0.1725,0.8099,0.0103,0.828
16.901958603,0.1730,0.8182,0.0203,0.837
16.90408768,0.1744,0.8221,0.0254,0.841
16.906816603,0.1757,0.8299,0.0381,0.849
16.90867318,0.1783,0.8341,0.0472,0.854
16.909898949,0.1825,0.8416,0.0638,0.864
16.911860526,0.1864,0.8539,0.0755,0.877
16.913902103,0.1867,0.8590,0.0821,0.883
16.916028065,0.1906,0.8692,0.0894,0.894
16.917905257,0.1969,0.8815,0.0953,0.908
16.919989026,0.2001,0.8873,0.0992,0.915
16.922172334,0.2035,0.9012,0.1058,0.930
16.926181834,0.2042,0.9091,0.1068,0.938
16.926731449,0.2069,0.9237,0.1060,0.953
16.927778603,0.2084,0.9391,0.1043,0.968
16.929786719,0.2096,0.9455,0.1043,0.974
16.931787449,0.2113,0.9591,0.0989,0.987
16.933662142,0.2113,0.9748,0.0897,1.001
16.935643719,0.2125,0.9814,0.0862,1.008
16.937616949,0.2179,0.9931,0.0816,1.020
16.954357911,0.2213,0.9977,0.0799,1.025
16.956350026,0.2279,1.0070,0.0760,1.035
16.957475526,0.2375,1.0153,0.0760,1.046
16.958644949,0.2416,1.0185,0.0767,1.050
16.959897488,0.2502,1.0241,0.0770,1.057
16.960946449,0.2595,1.0305,0.0733,1.065
16.962149411,0.2636,1.0332,0.0718,1.069
16.962910603,0.2714,1.0425,0.0655,1.079
16.964115834,0.2751,1.0459,0.0621,1.083
16.964817757,0.2768,1.0537,0.0562,1.091
16.965858603,0.2788,1.0622,0.0511,1.099
16.96661168,0.2792,1.0684,0.0464,1.105
16.967486449,0.2810,1.0779,0.0386,1.115
16.968308872,0.2810,1.0857,0.0327,1.122
16.969091026,0.2810,1.0894,0.0288,1.125
16.970006565,0.2792,1.0960,0.0191,1.131
16.972540449,0.2775,1.0989,0.0088,1.133
16.974167411,0.2770,1.1057,0.0044,1.140
16.976198795,0.2739,1.1094,-0.0029,1.143
16.977377372,0.2722,1.1121,-0.0081,1.145
16.979549218,0.2592,1.1221,-0.0193,1.152
16.981382411,0.2521,1.1206,-0.0291,1.149
16.983427795,0.2504,1.1199,-0.0337,1.148
16.985237526,0.2492,1.1160,-0.0423,1.144
16.987304411,0.2492,1.1104,-0.0474,1.139
16.990304757,0.2482,1.1079,-0.0496,1.136
16.991572026,0.2441,1.0999,-0.0513,1.128
16.994283218,0.2424,1.0969,-0.0518,1.125
16.995968795,0.2382,1.0916,-0.0540,1.119
16.998147334,0.2338,1.0833,-0.0528,1.109
17.037841103,0.2333,1.0796,-0.0513,1.106
17.039509103,0.2289,1.0688,-0.0469,1.094
17.040753603,0.2233,1.0593,-0.0452,1.084
17.04188368,0.2213,1.0549,-0.0430,1.079
17.043318372,0.2184,1.0449,-0.0376,1.068
17.044884142,0.2172,1.0410,-0.0332,1.064
17.046405372,0.2167,1.0317,-0.0303,1.055
17.047649988,0.2113,1.0217,-0.0232,1.044
17.04885168,0.2111,1.0168,-0.0203,1.039
17.049521488,0.2130,1.0087,-0.0125,1.031
17.05031818,0.2111,0.9995,-0.0042,1.022
17.051198142,0.2101,0.9941,0.0005,1.016
17.05217268,0.2094,0.9831,0.0090,1.005
17.053161603,0.2089,0.9775,0.0203,1.000
17.053905257,0.2094,0.9692,0.0257,0.992
17.054957142,0.2062,0.9616,0.0349,0.984
17.055825911,0.2047,0.9574,0.0393,0.980
17.056811988,0.2013,0.9521,0.0450,0.974
17.057578834,0.1989,0.9491,0.0496,0.971
17.058503911,0.1967,0.9482,0.0525,0.970
17.059641103,0.1928,0.9455,0.0557,0.967
17.060158257,0.1874,0.9452,0.0567,0.965
17.060450988,0.1864,0.9408,0.0603,0.961
17.060724295,0.1869,0.9357,0.0613,0.956
17.061432565,0.1864,0.9342,0.0618,0.955
17.061739834,0.1867,0.9308,0.0625,0.951
17.061982295,0.1871,0.9267,0.0643,0.948
17.062212526,0.1884,0.9245,0.0652,0.946
17.062452526,0.1915,0.9205,0.0669,0.943
17.062679218,0.1913,0.9179,0.0704,0.940
17.062904372,0.1918,0.9132,0.0708,0.936
17.063152065,0.1942,0.9078,0.0728,0.931
17.063435334,0.1959,0.9054,0.0738,0.929
17.064464834,0.1989,0.9015,0.0745,0.926
17.066212142,0.2011,0.8978,0.0743,0.923
17.068338795,0.2018,0.8959,0.0752,0.921
17.070251218,0.2025,0.8937,0.0784,0.920
17.072700949,0.2055,0.8934,0.0845,0.921
17.075509488,0.2074,0.8920,0.0877,0.920
17.076503103,0.2101,0.8905,0.0897,0.919
17.078165911,0.2118,0.8893,0.0923,0.919
17.080275642,0.2130,0.8895,0.0965,0.920
17.082038141,0.2157,0.8898,0.1029,0.921
17.084243911,0.2172,0.8890,0.1048,0.921
17.086061295,0.2177,0.8863,0.1092,0.919
17.088245641,0.2157,0.8873,0.1112,0.920
17.092148488,0.2157,0.8876,0.1109,0.920
17.093000334,0.2172,0.8881,0.1094,0.921
17.094080103,0.2169,0.8903,0.1087,0.923
17.096228488,0.2157,0.8920,0.1085,0.924
17.09790968,0.2147,0.8942,0.1070,0.926
17.100616641,0.2162,0.8954,0.1048,0.927
17.101834641,0.2167,0.8978,0.1033,0.929
17.103975257,0.2140,0.9010,0.1007,0.932
17.105962565,0.2133,0.9030,0.0999,0.933
17.108561872,0.2140,0.9044,0.0967,0.934
17.109752872,0.2147,0.9069,0.0943,0.937
17.111310103,0.2160,0.9081,0.0926,0.938
17.113387718,0.2165,0.9115,0.0887,0.941
17.115272103,0.2169,0.9139,0.0860,0.943
17.119536565,0.2162,0.9161,0.0843,0.945
17.119949141,0.2174,0.9201,0.0796,0.949
17.121808411,0.2172,0.9215,0.0782,0.950
17.126881872,0.2160,0.9245,0.0757,0.952
17.127588795,0.2160,0.9281,0.0728,0.956
17.127843141,0.2162,0.9291,0.0716,0.957
17.129308334,0.2143,0.9323,0.0684,0.959
17.131419103,0.2121,0.9325,0.0643,0.958
17.133298872,0.2118,0.9335,0.0640,0.959
17.135128218,0.2103,0.9340,0.0591,0.959
17.137486141,0.2101,0.9340,0.0574,0.959
17.139204218,0.2103,0.9357,0.0540,0.961
17.155511103,0.2084,0.9364,0.0513,0.961
17.156172834,0.2067,0.9372,0.0493,0.961
17.156420526,0.2081,0.9306,-0.0354,0.954
17.156658988,0.2350,0.9227,-0.1143,0.959
17.156898718,0.2607,0.9074,-0.2646,0.980
17.157134334,0.2922,0.9074,-0.2609,0.988
17.157357949,0.2849,0.9135,-0.2030,0.978
17.15759368,0.2355,0.9342,-0.0723,0.966
17.157821218,0.1854,0.9486,0.0054,0.967
17.161837641,0.1708,0.9530,0.0230,0.968
17.163160218,0.1639,0.9557,0.0435,0.971
17.163452757,0.1779,0.9552,0.0567,0.973
17.164830372,0.1871,0.9516,0.0613,0.972
17.166691334,0.2091,0.9482,0.0655,0.973
17.168874718,0.2194,0.9467,0.0672,0.974
17.17056168,0.2358,0.9455,0.0733,0.977
17.172607295,0.2424,0.9472,0.0848,0.981
17.174766257,0.2411,0.9486,0.0943,0.983
17.17799768,0.2350,0.9530,0.1121,0.988
17.178473103,0.2306,0.9557,0.1197,0.990
17.180309911,0.2184,0.9621,0.1351,0.996
17.182277949,0.2060,0.9670,0.1556,1.001
17.184459834,0.2016,0.9692,0.1637,1.003
17.186346872,0.1937,0.9711,0.1771,1.006
17.188278795,0.1901,0.9733,0.1937,1.010
17.190318641,0.1898,0.9750,0.2011,1.013
17.196063872,0.1925,0.9780,0.2160,1.020
17.196508988,0.1942,0.9782,0.2213,1.022
17.196746064,0.1986,0.9794,0.2270,1.025
17.198230334,0.2040,0.9789,0.2292,1.026
17.200306641,0.2077,0.9784,0.2289,1.026
17.202151949,0.2128,0.9772,0.2250,1.025
17.204034834,0.2152,0.9767,0.2172,1.023
17.207034526,0.2167,0.9753,0.2138,1.022
17.208706257,0.2216,0.9731,0.2108,1.020
17.210055334,0.2296,0.9726,0.2077,1.021
17.211951257,0.2340,0.9726,0.2089,1.022
17.213874526,0.2443,0.9677,0.2074,1.019
17.21600468,0.2524,0.9655,0.2062,1.019
17.217887295,0.2673,0.9611,0.1998,1.017
17.219814526,0.2766,0.9574,0.1818,1.013
17.221788141,0.2788,0.9552,0.1669,1.009
17.226707603,0.2780,0.9484,0.1302,0.997
17.227267526,0.2692,0.9467,0.1090,0.990
17.227805372,0.2619,0.9438,0.0665,0.982
17.229827603,0.2531,0.9391,0.0296,0.973
17.231767757,0.2509,0.9367,0.0159,0.970
17.233621564,0.2531,0.9325,-0.0002,0.966
17.235709757,0.2570,0.9323,-0.0169,0.967
17.23763068,0.2599,0.9325,-0.0232,0.968
17.24030818,0.2634,0.9333,-0.0296,0.970
17.257506872,0.2692,0.9330,-0.0249,0.971
17.258224449,0.2751,0.9289,-0.0198,0.969
17.258506988,0.2810,0.9325,-0.0169,0.974
17.258750141,0.2810,0.9357,-0.0156,0.977
17.259006757,0.2797,0.9411,-0.0098,0.982
17.259269334,0.2790,0.9447,-0.0002,0.985
17.259584257,0.2790,0.9460,0.0064,0.986
17.259842757,0.2790,0.9474,0.0222,0.988
17.260088295,0.2805,0.9467,0.0413,0.988
17.260632257,0.2832,0.9457,0.0523,0.989
17.26314168,0.2819,0.9469,0.0643,0.990
17.263686872,0.2778,0.9477,0.0660,0.990
