time,gFx,gFy,gFz,TgF
0.005145692,-0.0254,0.9951,0.1353,1.005
0.006332769,-0.0266,0.9963,0.1449,1.007
0.007385269,-0.0281,0.9938,0.1488,1.005
0.008436384,-0.0274,0.9929,0.1576,1.006
0.009435923,-0.0288,0.9919,0.1615,1.005
0.010300269,-0.0313,0.9926,0.1661,1.007
0.011161038,-0.0330,0.9931,0.1727,1.009
0.011914538,-0.0335,0.9941,0.1754,1.010
0.012726846,-0.0340,0.9938,0.1796,1.011
0.013623461,-0.0337,0.9924,0.1845,1.010
0.01446,-0.0330,0.9907,0.1852,1.008
0.015250538,-0.0298,0.9890,0.1854,1.007
0.015975654,-0.0298,0.9882,0.1849,1.006
0.016746654,-0.0303,0.9863,0.1823,1.003
0.017490384,-0.0308,0.9855,0.1769,1.002
0.018278077,-0.0313,0.9860,0.1747,1.002
0.018932308,-0.0308,0.9850,0.1717,1.000
0.019804769,-0.0340,0.9846,0.1669,0.999
0.022471461,-0.0364,0.9828,0.1649,0.997
0.023327,-0.0374,0.9836,0.1622,0.998
0.061325654,-0.0366,0.9838,0.1603,0.997
0.062100038,-0.0357,0.9841,0.1564,0.997
0.062489692,-0.0337,0.9819,0.1529,0.994
0.062835077,-0.0320,0.9821,0.1510,0.994
0.063226423,-0.0298,0.9816,0.1478,0.993
0.0636505,-0.0281,0.9816,0.1473,0.993
0.064086115,-0.0279,0.9814,0.1463,0.993
0.064481192,-0.0271,0.9814,0.1459,0.993
0.064907577,-0.0261,0.9806,0.1444,0.992
0.065703577,-0.0247,0.9806,0.1429,0.991
0.066130846,-0.0227,0.9799,0.1417,0.990
0.066510077,-0.0220,0.9806,0.1427,0.991
0.066872615,-0.0198,0.9802,0.1446,0.991
0.067257923,-0.0188,0.9816,0.1480,0.993
0.067606731,-0.0173,0.9821,0.1488,0.993
0.067935654,-0.0151,0.9819,0.1502,0.993
0.068261115,-0.0144,0.9821,0.1522,0.994
0.068590461,-0.0125,0.9826,0.1566,0.995
0.069133846,-0.0083,0.9828,0.1612,0.996
0.069613808,-0.0078,0.9826,0.1634,0.996
0.069994846,-0.0086,0.9828,0.1652,0.997
0.0703585,-0.0083,0.9843,0.1683,0.999
0.070751423,-0.0081,0.9846,0.1681,0.999
0.071133308,-0.0066,0.9853,0.1681,1.000
0.072363923,-0.0073,0.9858,0.1688,1.000
0.080699269,-0.0095,0.9868,0.1676,1.001
0.083607,-0.0093,0.9882,0.1654,1.002
0.083967423,-0.0086,0.9870,0.1647,1.001
0.084274769,-0.0081,0.9877,0.1625,1.001
0.084592192,-0.0093,0.9872,0.1603,1.000
0.084959692,-0.0117,0.9890,0.1564,1.001
0.087899384,-0.0137,0.9872,0.1542,0.999
0.096842115,-0.0147,0.9870,0.1517,0.999
0.100425692,-0.0161,0.9863,0.1473,0.997
0.100746461,-0.0208,0.9863,0.1449,0.997
0.101030038,-0.0217,0.9858,0.1446,0.997
0.101298307,-0.0230,0.9855,0.1415,0.996
0.102075577,-0.0254,0.9855,0.1388,0.996
0.102428807,-0.0274,0.9855,0.1371,0.995
0.102740884,-0.0300,0.9865,0.1356,0.996
0.106069077,-0.0308,0.9863,0.1361,0.996
0.106723384,-0.0327,0.9860,0.1363,0.996
0.107830307,-0.0357,0.9843,0.1371,0.994
0.109962115,-0.0359,0.9846,0.1363,0.995
0.111657577,-0.0366,0.9863,0.1373,0.996
0.114367846,-0.0359,0.9860,0.1375,0.996
0.115618192,-0.0359,0.9860,0.1383,0.996
0.127823346,-0.0371,0.9865,0.1407,0.997
0.128751269,-0.0364,0.9863,0.1407,0.997
0.129292577,-0.0347,0.9870,0.1439,0.998
0.129904654,-0.0362,0.9870,0.1476,0.999
0.130392884,-0.0364,0.9870,0.1485,0.999
0.130812269,-0.0352,0.9872,0.1493,0.999
0.131229038,-0.0362,0.9885,0.1529,1.001
0.131940346,-0.0369,0.9887,0.1554,1.002
0.133562077,-0.0327,0.9882,0.1554,1.001
0.139327192,-0.0313,0.9885,0.1546,1.001
0.140095461,-0.0318,0.9902,0.1554,1.003
0.140548807,-0.0305,0.9890,0.1573,1.002
0.141242307,-0.0293,0.9897,0.1566,1.002
0.143302654,-0.0274,0.9907,0.1561,1.003
0.145389731,-0.0283,0.9907,0.1546,1.003
0.147187192,-0.0288,0.9909,0.1537,1.003
0.150297231,-0.0279,0.9924,0.1532,1.005
0.151405846,-0.0279,0.9919,0.1520,1.004
0.153489384,-0.0296,0.9912,0.1498,1.003
0.155223192,-0.0303,0.9912,0.1478,1.003
0.157162807,-0.0305,0.9912,0.1459,1.002
0.159493461,-0.0325,0.9912,0.1441,1.002
0.161177269,-0.0327,0.9909,0.1429,1.002
0.163043461,-0.0332,0.9902,0.1415,1.001
0.164962384,-0.0320,0.9912,0.1397,1.001
0.166842269,-0.0327,0.9907,0.1397,1.001
0.170418846,-0.0342,0.9894,0.1397,1.000
0.171354769,-0.0359,0.9875,0.1397,0.998
0.1728655,-0.0371,0.9875,0.1395,0.998
0.1747965,-0.0362,0.9868,0.1400,0.997
0.176920154,-0.0366,0.9868,0.1397,0.997
0.178789884,-0.0379,0.9863,0.1412,0.997
0.180683115,-0.0418,0.9860,0.1422,0.997
0.182671769,-0.0418,0.9858,0.1432,0.997
0.186221461,-0.0403,0.9855,0.1451,0.997
0.186899692,-0.0415,0.9841,0.1468,0.996
0.188718769,-0.0432,0.9833,0.1468,0.995
0.191369423,-0.0435,0.9826,0.1483,0.995
0.192569807,-0.0418,0.9833,0.1512,0.996
0.194653,-0.0403,0.9826,0.1529,0.995
0.196533884,-0.0415,0.9824,0.1549,0.995
0.198385769,-0.0420,0.9819,0.1559,0.995
0.200443577,-0.0403,0.9828,0.1566,0.996
0.202870346,-0.0386,0.9828,0.1583,0.996
0.205645423,-0.0388,0.9831,0.1586,0.997
0.206228884,-0.0384,0.9821,0.1595,0.996
0.208250461,-0.0379,0.9816,0.1600,0.995
0.210322846,-0.0364,0.9816,0.1603,0.995
0.212313154,-0.0349,0.9819,0.1593,0.995
0.214183692,-0.0330,0.9809,0.1588,0.994
0.216167077,-0.0308,0.9821,0.1581,0.995
0.219639192,-0.0286,0.9816,0.1568,0.994
0.22106873,-0.0274,0.9814,0.1566,0.994
0.222179077,-0.0257,0.9831,0.1561,0.996
0.224237192,-0.0252,0.9826,0.1564,0.995
0.226171307,-0.0252,0.9816,0.1546,0.994
0.228116115,-0.0222,0.9821,0.1512,0.994
0.230031577,-0.0205,0.9824,0.1505,0.994
0.232011577,-0.0193,0.9838,0.1493,0.995
0.234046461,-0.0173,0.9836,0.1466,0.995
0.239158769,-0.0169,0.9826,0.1454,0.993
0.239861769,-0.0191,0.9836,0.1432,0.994
0.240362461,-0.0181,0.9841,0.1415,0.994
0.242323423,-0.0183,0.9853,0.1412,0.996
0.243860538,-0.0193,0.9850,0.1422,0.995
0.246032807,-0.0193,0.9860,0.1415,0.996
0.248339115,-0.0195,0.9865,0.1402,0.997
0.251152269,-0.0188,0.9875,0.1400,0.998
0.254355538,-0.0193,0.9887,0.1400,0.999
0.255110577,-0.0205,0.9887,0.1375,0.998
0.255762769,-0.0225,0.9882,0.1407,0.998
0.257680154,-0.0222,0.9882,0.1415,0.999
0.259672846,-0.0208,0.9875,0.1422,0.998
0.261760769,-0.0210,0.9887,0.1429,0.999
0.263569307,-0.0230,0.9887,0.1419,0.999
0.2657525,-0.0230,0.9899,0.1429,1.000
0.267576923,-0.0220,0.9902,0.1449,1.001
0.269545615,-0.0225,0.9885,0.1466,1.000
0.271474577,-0.0239,0.9890,0.1471,1.000
0.273550538,-0.0249,0.9885,0.1478,1.000
0.2754985,-0.0247,0.9870,0.1510,0.999
0.277488384,-0.0242,0.9880,0.1517,1.000
0.279365269,-0.0230,0.9868,0.1539,0.999
0.281395154,-0.0217,0.9872,0.1559,1.000
0.283314307,-0.0215,0.9882,0.1571,1.001
0.28640073,-0.0208,0.9877,0.1595,1.001
0.287264038,-0.0198,0.9902,0.1617,1.003
0.289492692,-0.0195,0.9894,0.1625,1.003
0.291300115,-0.0208,0.9877,0.1652,1.002
0.293004,-0.0215,0.9882,0.1649,1.002
0.295045346,-0.0210,0.9877,0.1652,1.002
0.297024923,-0.0215,0.9880,0.1664,1.002
0.299417269,-0.0220,0.9872,0.1678,1.002
0.30092323,-0.0227,0.9875,0.1686,1.002
0.303147615,-0.0213,0.9897,0.1688,1.004
0.305039769,-0.0205,0.9899,0.1691,1.004
0.306964423,-0.0203,0.9894,0.1678,1.004
0.308886615,-0.0210,0.9890,0.1676,1.003
0.310950384,-0.0215,0.9887,0.1664,1.003
0.312915307,-0.0208,0.9897,0.1649,1.004
0.314802077,-0.0208,0.9899,0.1627,1.003
0.316808961,-0.0188,0.9909,0.1610,1.004
0.319617769,-0.0161,0.9912,0.1588,1.004
0.32117523,-0.0154,0.9912,0.1576,1.004
0.322892884,-0.0169,0.9907,0.1561,1.003
0.324676192,-0.0171,0.9916,0.1546,1.004
0.326631423,-0.0156,0.9921,0.1524,1.004
0.328638346,-0.0161,0.9907,0.1507,1.002
0.330594615,-0.0161,0.9899,0.1505,1.001
0.332545807,-0.0156,0.9907,0.1520,1.002
0.334398,-0.0173,0.9902,0.1505,1.002
0.338840077,-0.0169,0.9912,0.1488,1.002
0.339425346,-0.0149,0.9907,0.1485,1.002
0.340790692,-0.0144,0.9907,0.1490,1.002
0.342546269,-0.0137,0.9909,0.1483,1.002
0.344743807,-0.0144,0.9907,0.1471,1.002
0.346861538,-0.0137,0.9909,0.1468,1.002
0.348373807,-0.0139,0.9919,0.1471,1.003
0.350359269,-0.0147,0.9916,0.1483,1.003
0.352812807,-0.0164,0.9912,0.1478,1.002
0.3543385,-0.0166,0.9894,0.1478,1.001
0.356316307,-0.0195,0.9907,0.1473,1.002
0.358275,-0.0208,0.9904,0.1471,1.001
0.360246692,-0.0220,0.9882,0.1461,0.999
0.36225023,-0.0230,0.9872,0.1466,0.998
0.364079692,-0.0239,0.9880,0.1459,0.999
0.366058961,-0.0249,0.9875,0.1466,0.999
0.368067,-0.0252,0.9880,0.1456,0.999
0.370103115,-0.0257,0.9872,0.1427,0.998
0.37193373,-0.0257,0.9870,0.1419,0.997
0.374303192,-0.0247,0.9853,0.1415,0.996
0.3760605,-0.0259,0.9855,0.1424,0.996
0.378052846,-0.0269,0.9855,0.1417,0.996
0.379880961,-0.0269,0.9841,0.1437,0.995
0.381884769,-0.0279,0.9826,0.1444,0.994
0.38379223,-0.0274,0.9828,0.1449,0.994
0.386565192,-0.0264,0.9826,0.1444,0.994
0.3878015,-0.0261,0.9824,0.1441,0.993
0.390020346,-0.0254,0.9831,0.1437,0.994
0.391784807,-0.0259,0.9833,0.1463,0.994
0.39391473,-0.0254,0.9836,0.1456,0.995
0.39570323,-0.0266,0.9824,0.1439,0.993
0.397576192,-0.0252,0.9814,0.1439,0.992
0.399553269,-0.0252,0.9806,0.1441,0.992
0.401656,-0.0252,0.9804,0.1463,0.992
0.403625653,-0.0254,0.9811,0.1451,0.992
0.405696461,-0.0235,0.9794,0.1449,0.990
0.407573692,-0.0227,0.9819,0.1454,0.993
0.4095035,-0.0232,0.9824,0.1444,0.993
0.411308538,-0.0237,0.9821,0.1456,0.993
0.413414884,-0.0225,0.9826,0.1459,0.994
0.415538038,-0.0217,0.9824,0.1456,0.993
0.417531423,-0.0215,0.9841,0.1471,0.995
0.422840076,-0.0210,0.9836,0.1471,0.995
0.423567653,-0.0205,0.9828,0.1466,0.994
0.424132692,-0.0205,0.9836,0.1466,0.995
0.425495538,-0.0200,0.9838,0.1478,0.995
0.427310269,-0.0208,0.9838,0.1498,0.995
0.429518653,-0.0203,0.9848,0.1490,0.996
0.431381384,-0.0203,0.9863,0.1502,0.998
0.433258192,-0.0215,0.9868,0.1502,0.998
0.435436076,-0.0200,0.9868,0.1498,0.998
0.438317346,-0.0191,0.9853,0.1510,0.997
0.439148461,-0.0222,0.9872,0.1524,0.999
0.44110623,-0.0237,0.9880,0.1529,1.000
0.443091576,-0.0247,0.9872,0.1539,0.999
0.444849269,-0.0242,0.9877,0.1559,1.000
0.446877923,-0.0254,0.9877,0.1554,1.000
0.448774538,-0.0274,0.9875,0.1549,1.000
0.450706384,-0.0269,0.9870,0.1566,1.000
0.453237192,-0.0269,0.9863,0.1581,0.999
0.455511576,-0.0261,0.9846,0.1590,0.998
0.456782884,-0.0259,0.9853,0.1610,0.999
0.458654269,-0.0276,0.9855,0.1634,0.999
0.460603961,-0.0283,0.9853,0.1625,0.999
0.462597346,-0.0288,0.9848,0.1637,0.999
0.464608307,-0.0291,0.9833,0.1654,0.998
0.466475269,-0.0293,0.9824,0.1654,0.997
0.468578961,-0.0283,0.9811,0.1669,0.996
0.471253538,-0.0259,0.9809,0.1666,0.995
0.473752115,-0.0261,0.9816,0.1681,0.996
0.474450615,-0.0252,0.9814,0.1700,0.996
0.476299461,-0.0257,0.9806,0.1720,0.996
0.478385923,-0.0261,0.9811,0.1722,0.996
0.480260538,-0.0249,0.9802,0.1727,0.996
0.482131692,-0.0242,0.9802,0.1732,0.996
0.484108576,-0.0203,0.9802,0.1735,0.996
0.48634323,-0.0208,0.9802,0.1749,0.996
0.488487384,-0.0198,0.9794,0.1747,0.995
0.490088884,-0.0178,0.9806,0.1754,0.996
0.492063307,-0.0176,0.9816,0.1752,0.997
0.494344653,-0.0171,0.9814,0.1737,0.997
0.496224115,-0.0169,0.9831,0.1722,0.998
0.498507576,-0.0156,0.9836,0.1703,0.998
0.500470038,-0.0142,0.9848,0.1695,0.999
0.502927153,-0.0164,0.9848,0.1688,0.999
0.506268538,-0.0166,0.9843,0.1678,0.999
0.507302923,-0.0127,0.9863,0.1654,1.000
0.509159153,-0.0125,0.9868,0.1630,1.000
0.510033538,-0.0127,0.9872,0.1625,1.001
0.511832384,-0.0139,0.9902,0.1625,1.004
0.51810723,-0.0147,0.9909,0.1622,1.004
0.519040153,-0.0169,0.9907,0.1603,1.004
0.519988423,-0.0183,0.9931,0.1603,1.006
0.520888269,-0.0181,0.9926,0.1593,1.005
0.522028346,-0.0193,0.9916,0.1600,1.005
0.524753192,-0.0210,0.9931,0.1590,1.006
0.526284153,-0.0208,0.9931,0.1603,1.006
0.528020461,-0.0210,0.9943,0.1612,1.008
0.530167538,-0.0215,0.9946,0.1608,1.008
0.531786884,-0.0252,0.9938,0.1605,1.007
0.533747538,-0.0283,0.9921,0.1586,1.005
0.536138769,-0.0283,0.9921,0.1595,1.005
0.545150038,-0.0298,0.9916,0.1605,1.005
0.546675807,-0.0322,0.9907,0.1600,1.004
0.547732346,-0.0335,0.9907,0.1590,1.004
0.548667153,-0.0354,0.9897,0.1600,1.003
0.550071153,-0.0359,0.9887,0.1600,1.002
0.551117499,-0.0364,0.9872,0.1590,1.001
0.552417499,-0.0393,0.9863,0.1583,1.000
0.553285038,-0.0398,0.9855,0.1581,0.999
0.554176538,-0.0410,0.9848,0.1568,0.998
0.565646923,-0.0415,0.9843,0.1578,0.998
0.567157999,-0.0410,0.9846,0.1571,0.998
0.567958538,-0.0435,0.9809,0.1573,0.994
0.569471653,-0.0445,0.9797,0.1583,0.993
0.570686884,-0.0457,0.9789,0.1583,0.993
0.572052692,-0.0464,0.9780,0.1612,0.992
0.573242846,-0.0457,0.9770,0.1612,0.991
0.574134076,-0.0447,0.9740,0.1617,0.988
0.574932423,-0.0442,0.9736,0.1632,0.988
0.575794153,-0.0430,0.9719,0.1647,0.987
0.576563461,-0.0410,0.9716,0.1656,0.986
0.578094653,-0.0410,0.9709,0.1669,0.986
0.579150615,-0.0413,0.9699,0.1671,0.985
0.582024769,-0.0401,0.9692,0.1671,0.984
0.583398692,-0.0381,0.9684,0.1678,0.984
0.584737461,-0.0366,0.9692,0.1700,0.985
0.590121269,-0.0347,0.9699,0.1710,0.985
0.591532961,-0.0337,0.9694,0.1727,0.985
0.592661615,-0.0320,0.9694,0.1744,0.985
0.593816115,-0.0310,0.9697,0.1759,0.986
0.594864384,-0.0313,0.9699,0.1771,0.986
0.59676623,-0.0296,0.9692,0.1766,0.986
0.598668653,-0.0288,0.9694,0.1769,0.986
0.600447192,-0.0308,0.9714,0.1781,0.988
0.602576269,-0.0283,0.9714,0.1801,0.988
0.605393192,-0.0291,0.9721,0.1798,0.989
0.606850538,-0.0296,0.9755,0.1808,0.993
0.608539692,-0.0293,0.9758,0.1803,0.993
0.610518846,-0.0276,0.9775,0.1791,0.994
0.612512384,-0.0293,0.9775,0.1783,0.994
0.614586769,-0.0296,0.9780,0.1771,0.994
0.616233346,-0.0291,0.9809,0.1761,0.997
0.618347961,-0.0283,0.9824,0.1752,0.998
0.62130773,-0.0293,0.9826,0.1737,0.998
0.622897153,-0.0286,0.9816,0.1715,0.997
0.624347192,-0.0291,0.9819,0.1703,0.997
0.626269307,-0.0293,0.9836,0.1673,0.998
0.628117461,-0.0279,0.9841,0.1642,0.998
0.630573307,-0.0269,0.9858,0.1630,1.000
0.632160384,-0.0274,0.9868,0.1595,1.000
0.634295384,-0.0296,0.9877,0.1551,1.000
0.645546461,-0.0296,0.9880,0.1529,1.000
0.64715673,-0.0291,0.9882,0.1488,1.000
0.648250653,-0.0298,0.9887,0.1463,1.000
0.649153999,-0.0281,0.9912,0.1405,1.001
0.650327076,-0.0296,0.9924,0.1341,1.002
0.651260115,-0.0293,0.9929,0.1319,1.002
0.652474884,-0.0274,0.9933,0.1270,1.002
0.653391384,-0.0274,0.9924,0.1202,1.000
0.654576346,-0.0283,0.9936,0.1165,1.001
0.655538461,-0.0310,0.9951,0.1075,1.001
0.656342576,-0.0318,0.9955,0.1038,1.001
0.663175307,-0.0352,0.9953,0.0977,1.001
0.66369373,-0.0369,0.9963,0.0884,1.001
0.664090653,-0.0386,0.9975,0.0823,1.002
0.664329692,-0.0406,0.9973,0.0711,1.001
0.665597961,-0.0403,0.9960,0.0608,0.999
0.667458461,-0.0396,0.9955,0.0545,0.998
0.671110346,-0.0391,0.9929,0.0464,0.995
0.671598692,-0.0396,0.9921,0.0423,0.994
0.673434192,-0.0413,0.9907,0.0352,0.992
0.675548422,-0.0406,0.9885,0.0308,0.990
0.677380538,-0.0391,0.9882,0.0300,0.989
0.679362653,-0.0371,0.9841,0.0313,0.985
0.681188538,-0.0364,0.9821,0.0349,0.983
0.683351692,-0.0362,0.9809,0.0384,0.982
0.685110999,-0.0347,0.9760,0.0476,0.978
0.687414192,-0.0335,0.9736,0.0530,0.976
0.689170961,-0.0322,0.9731,0.0674,0.976
0.691343499,-0.0313,0.9728,0.0845,0.977
0.69324623,-0.0322,0.9728,0.0938,0.978
0.695105192,-0.0313,0.9740,0.1138,0.981
0.697041653,-0.0349,0.9736,0.1327,0.983
0.699155307,-0.0352,0.9738,0.1419,0.985
0.701021922,-0.0335,0.9743,0.1586,0.988
0.704239076,-0.0320,0.9753,0.1669,0.990
0.704951884,-0.0303,0.9758,0.1823,0.993
0.707054769,-0.0303,0.9770,0.1928,0.996
0.708982999,-0.0298,0.9770,0.1974,0.997
0.710991961,-0.0271,0.9777,0.2038,0.999
0.712821461,-0.0286,0.9775,0.2045,0.999
0.715026038,-0.0293,0.9789,0.2038,1.000
0.716695999,-0.0259,0.9804,0.2001,1.001
0.718891076,-0.0259,0.9809,0.1976,1.001
0.720718346,-0.0254,0.9826,0.1903,1.001
0.723148807,-0.0257,0.9843,0.1805,1.001
0.724809807,-0.0252,0.9853,0.1761,1.001
0.726606384,-0.0247,0.9868,0.1678,1.001
0.728544346,-0.0244,0.9887,0.1583,1.002
0.730545384,-0.0244,0.9897,0.1549,1.002
0.732428115,-0.0239,0.9912,0.1493,1.003
0.734570884,-0.0235,0.9907,0.1459,1.002
0.739622038,-0.0244,0.9904,0.1410,1.001
0.740160615,-0.0252,0.9894,0.1351,0.999
0.740415999,-0.0257,0.9897,0.1329,0.999
0.744555807,-0.0244,0.9890,0.1302,0.998
0.74483323,-0.0249,0.9887,0.1244,0.997
0.746632961,-0.0247,0.9877,0.1219,0.996
0.748447653,-0.0239,0.9875,0.1190,0.995
0.750406922,-0.0198,0.9870,0.1158,0.994
0.75233673,-0.0173,0.9863,0.1158,0.993
0.756567999,-0.0142,0.9863,0.1158,0.993
0.756989769,-0.0120,0.9850,0.1158,0.992
0.75832723,-0.0056,0.9833,0.1178,0.990
0.760214115,-0.0015,0.9831,0.1200,0.990
0.762365269,0.0020,0.9819,0.1204,0.989
0.764301653,0.0078,0.9792,0.1197,0.987
0.766172922,0.0115,0.9782,0.1212,0.986
0.767995192,0.0144,0.9736,0.1219,0.981
0.771413307,0.0198,0.9719,0.1239,0.980
0.772489845,0.0215,0.9694,0.1256,0.978
0.77424273,0.0247,0.9677,0.1246,0.976
0.776102269,0.0276,0.9645,0.1251,0.973
0.778380192,0.0298,0.9623,0.1268,0.971
0.78000723,0.0327,0.9599,0.1322,0.969
0.781966769,0.0369,0.9579,0.1385,0.969
0.78393023,0.0379,0.9547,0.1415,0.966
0.785958422,0.0406,0.9528,0.1488,0.965
0.78857623,0.0413,0.9521,0.1532,0.965
0.790112576,0.0435,0.9484,0.1639,0.963
0.792005845,0.0437,0.9460,0.1749,0.963
0.793896692,0.0452,0.9442,0.1796,0.962
0.795876345,0.0479,0.9401,0.1925,0.961
0.797688153,0.0518,0.9376,0.1979,0.960
0.799724345,0.0533,0.9335,0.2094,0.958
0.801778653,0.0572,0.9267,0.2189,0.954
0.805924461,0.0574,0.9237,0.2240,0.952
0.807457192,0.0589,0.9183,0.2323,0.949
0.808772692,0.0623,0.9147,0.2409,0.948
0.810125922,0.0640,0.9130,0.2441,0.947
0.811714961,0.0687,0.9096,0.2482,0.945
0.813822192,0.0748,0.9100,0.2524,0.947
0.81549523,0.0765,0.9078,0.2538,0.946
0.817466461,0.0799,0.9052,0.2560,0.944
0.820087807,0.0823,0.9039,0.2563,0.943
0.823401961,0.0850,0.9032,0.2582,0.943
0.824983999,0.0889,0.9034,0.2580,0.944
0.826451538,0.0897,0.9032,0.2575,0.943
0.827669692,0.0933,0.9044,0.2565,0.945
0.829684038,0.0963,0.9054,0.2541,0.945
0.831386961,0.0970,0.9054,0.2516,0.945
0.833230884,0.0992,0.9093,0.2463,0.947
0.835412615,0.0999,0.9125,0.2448,0.950
0.845605961,0.1019,0.9174,0.2384,0.953
0.846410922,0.1041,0.9245,0.2311,0.959
0.84672573,0.1048,0.9289,0.2260,0.962
0.847023807,0.1041,0.9352,0.2177,0.966
0.847343115,0.1038,0.9420,0.2101,0.971
0.847598345,0.1036,0.9457,0.2050,0.973
0.84900473,0.1051,0.9526,0.1930,0.978
0.851213307,0.1053,0.9569,0.1881,0.981
0.853310922,0.1046,0.9675,0.1786,0.989
0.864106268,0.1055,0.9758,0.1676,0.996
0.865102153,0.1060,0.9792,0.1627,0.998
0.865692307,0.1031,0.9882,0.1534,1.005
0.866185807,0.1002,0.9982,0.1459,1.014
0.866660153,0.0999,1.0029,0.1415,1.018
0.867125692,0.0980,1.0097,0.1353,1.023
0.867593653,0.0963,1.0144,0.1287,1.027
0.868827307,0.0967,1.0224,0.1268,1.035
0.87236273,0.0967,1.0302,0.1192,1.042
0.873310807,0.0967,1.0334,0.1175,1.045
0.875052884,0.0970,1.0398,0.1148,1.051
0.876634692,0.0992,1.0437,0.1119,1.054
0.878783538,0.0989,1.0459,0.1104,1.056
0.880867499,0.0997,1.0500,0.1112,1.061
0.88280723,0.0992,1.0522,0.1124,1.063
0.885084499,0.0999,1.0554,0.1138,1.066
0.886901268,0.0985,1.0569,0.1151,1.068
0.88895973,0.0982,1.0576,0.1158,1.068
0.890448499,0.0982,1.0583,0.1158,1.069
0.892272115,0.0977,1.0576,0.1197,1.069
0.894338692,0.0972,1.0578,0.1219,1.069
0.896131038,0.0972,1.0549,0.1261,1.067
0.898319768,0.0982,1.0532,0.1280,1.065
0.900177384,0.0977,1.0500,0.1327,1.063
0.902330268,0.0955,1.0451,0.1378,1.059
0.905118653,0.0950,1.0434,0.1417,1.057
0.906301038,0.0945,1.0393,0.1459,1.054
0.908233884,0.0928,1.0334,0.1507,1.048
0.910283961,0.0901,1.0307,0.1529,1.046
0.912041768,0.0877,1.0249,0.1576,1.041
0.913974538,0.0882,1.0229,0.1608,1.039
0.915720692,0.0877,1.0173,0.1654,1.034
0.919861576,0.0853,1.0117,0.1700,1.029
0.920300153,0.0845,1.0083,0.1730,1.026
0.922790922,0.0828,1.0034,0.1769,1.022
0.923524115,0.0787,0.9985,0.1793,1.018
0.925765768,0.0777,0.9963,0.1823,1.016
0.927651538,0.0762,0.9926,0.1862,1.013
0.929720615,0.0748,0.9921,0.1879,1.013
0.932007192,0.0721,0.9882,0.1915,1.009
0.933593038,0.0696,0.9850,0.1925,1.006
0.935654692,0.0679,0.9831,0.1942,1.004
0.941093807,0.0655,0.9806,0.1972,1.002
0.941939961,0.0655,0.9789,0.2013,1.002
0.942277653,0.0640,0.9772,0.2023,1.000
0.943696115,0.0621,0.9760,0.2064,1.000
0.945940191,0.0623,0.9758,0.2099,1.000
0.94785073,0.0608,0.9765,0.2160,1.002
0.949588191,0.0579,0.9789,0.2218,1.005
0.951860115,0.0567,0.9789,0.2245,1.006
0.962360076,0.0542,0.9794,0.2301,1.008
0.963152538,0.0530,0.9809,0.2350,1.010
0.963518153,0.0530,0.9843,0.2409,1.015
0.963806076,0.0518,0.9863,0.2492,1.019
0.964078999,0.0503,0.9872,0.2524,1.020
0.964334461,0.0498,0.9865,0.2582,1.021
0.965283345,0.0469,0.9887,0.2646,1.025
0.967449307,0.0454,0.9890,0.2673,1.025
0.969283191,0.0432,0.9885,0.2707,1.026
0.97191123,0.0440,0.9880,0.2722,1.026
0.973725345,0.0410,0.9855,0.2734,1.024
0.975377384,0.0396,0.9850,0.2729,1.023
0.977133076,0.0398,0.9838,0.2726,1.022
0.979216922,0.0393,0.9824,0.2707,1.020
0.981150691,0.0371,0.9811,0.2714,1.019
0.98295723,0.0366,0.9804,0.2717,1.018
0.984807691,0.0366,0.9804,0.2685,1.017
0.988079538,0.0366,0.9799,0.2663,1.016
0.988840153,0.0357,0.9784,0.2658,1.015
0.991080961,0.0354,0.9770,0.2612,1.012
0.993021576,0.0342,0.9772,0.2580,1.011
0.994986807,0.0337,0.9770,0.2531,1.010
0.996742115,0.0320,0.9772,0.2467,1.008
0.999082345,0.0308,0.9772,0.2433,1.008
1.000738538,0.0310,0.9738,0.2328,1.002
1.002948922,0.0322,0.9736,0.2284,1.001
1.006969538,0.0303,0.9738,0.2204,0.999
1.007497268,0.0320,0.9731,0.2108,0.996
1.008670922,0.0322,0.9736,0.2077,0.996
1.010576768,0.0318,0.9714,0.2023,0.993
1.012337499,0.0330,0.9706,0.1979,0.991
1.014767191,0.0340,0.9699,0.1954,0.990
1.016543307,0.0352,0.9679,0.1903,0.987
1.018381768,0.0354,0.9677,0.1893,0.987
1.020366307,0.0366,0.9653,0.1876,0.984
1.025480345,0.0398,0.9616,0.1869,0.980
1.026254999,0.0401,0.9587,0.1886,0.978
1.026588884,0.0408,0.9565,0.1903,0.976
1.028448576,0.0445,0.9543,0.1928,0.975
1.030489884,0.0452,0.9530,0.1950,0.974
1.032249422,0.0474,0.9506,0.2006,0.973
1.034369807,0.0481,0.9491,0.2033,0.972
1.036273153,0.0506,0.9445,0.2089,0.969
1.046867268,0.0542,0.9418,0.2147,0.967
1.047568268,0.0557,0.9411,0.2179,0.968
1.047896345,0.0584,0.9367,0.2245,0.965
1.048173038,0.0608,0.9369,0.2301,0.967
1.048432884,0.0625,0.9369,0.2311,0.967
1.048674691,0.0650,0.9364,0.2343,0.967
1.056136038,0.0660,0.9352,0.2348,0.966
1.056751999,0.0674,0.9347,0.2350,0.966
1.057002884,0.0711,0.9350,0.2350,0.967
1.057271807,0.0728,0.9350,0.2323,0.966
1.057913538,0.0750,0.9354,0.2272,0.966
1.059940961,0.0770,0.9352,0.2218,0.964
1.062144076,0.0787,0.9359,0.2187,0.964
1.06387523,0.0809,0.9364,0.2113,0.963
1.065653538,0.0836,0.9367,0.2074,0.963
1.06768223,0.0840,0.9386,0.1996,0.963
1.06947473,0.0845,0.9396,0.1910,0.963
1.071676076,0.0843,0.9401,0.1869,0.962
1.073575845,0.0838,0.9430,0.1791,0.964
1.075298307,0.0848,0.9472,0.1698,0.966
1.077312076,0.0858,0.9491,0.1644,0.967
1.079347153,0.0862,0.9530,0.1566,0.970
1.081132422,0.0867,0.9547,0.1510,0.970
1.083350691,0.0865,0.9599,0.1427,0.974
1.085447538,0.0860,0.9650,0.1363,0.978
1.088360038,0.0858,0.9679,0.1329,0.981
1.089410807,0.0858,0.9721,0.1268,0.984
1.091215614,0.0862,0.9770,0.1214,0.988
1.093010038,0.0860,0.9782,0.1187,0.989
1.095160999,0.0855,0.9816,0.1175,0.992
1.097064691,0.0858,0.9831,0.1173,0.994
1.099217538,0.0867,0.9858,0.1156,0.996
1.101161614,0.0882,0.9877,0.1163,0.998
1.103520268,0.0894,0.9887,0.1163,1.000
1.105288807,0.0921,0.9899,0.1200,1.001
1.108022422,0.0948,0.9894,0.1261,1.002
1.10909723,0.0953,0.9882,0.1295,1.001
1.111071499,0.0970,0.9863,0.1363,1.000
1.112976653,0.0982,0.9848,0.1397,1.000
1.115291422,0.0999,0.9826,0.1493,0.999
1.117101884,0.1024,0.9802,0.1586,0.998
1.119131576,0.1043,0.9787,0.1634,0.998
1.122558461,0.1048,0.9736,0.1727,0.994
1.123705961,0.1073,0.9684,0.1820,0.991
1.12499123,0.1080,0.9655,0.1862,0.989
1.127053153,0.1102,0.9616,0.1950,0.987
1.12862873,0.1109,0.9599,0.1989,0.987
1.130759461,0.1131,0.9545,0.2050,0.983
1.132609538,0.1131,0.9501,0.2089,0.979
1.134638691,0.1143,0.9472,0.2111,0.977
1.136484307,0.1178,0.9455,0.2133,0.976
1.147142691,0.1219,0.9408,0.2135,0.972
1.148604691,0.1236,0.9386,0.2140,0.971
1.149584884,0.1266,0.9335,0.2162,0.967
1.150616268,0.1275,0.9323,0.2145,0.965
1.151669345,0.1307,0.9301,0.2145,0.963
1.152875576,0.1349,0.9257,0.2140,0.960
1.154191461,0.1358,0.9237,0.2138,0.958
1.155443422,0.1400,0.9210,0.2140,0.956
1.156680538,0.1412,0.9196,0.2133,0.954
1.158136076,0.1412,0.9179,0.2130,0.953
1.159125422,0.1424,0.9169,0.2128,0.952
1.169512961,0.1437,0.9171,0.2138,0.953
1.171127576,0.1454,0.9154,0.2155,0.952
1.172273461,0.1463,0.9159,0.2138,0.952
1.17353623,0.1471,0.9154,0.2133,0.951
1.175061999,0.1461,0.9152,0.2147,0.951
1.176236037,0.1446,0.9159,0.2140,0.952
1.177289999,0.1449,0.9179,0.2135,0.953
1.178363422,0.1459,0.9191,0.2140,0.955
1.179110845,0.1454,0.9196,0.2143,0.955
1.180202614,0.1451,0.9201,0.2140,0.956
1.181043268,0.1451,0.9230,0.2128,0.958
1.182202691,0.1441,0.9242,0.2143,0.960
1.184155037,0.1441,0.9249,0.2123,0.960
1.185981653,0.1439,0.9267,0.2108,0.961
1.189288576,0.1434,0.9274,0.2103,0.962
1.195675268,0.1437,0.9289,0.2084,0.963
1.196791076,0.1419,0.9291,0.2074,0.962
1.197895845,0.1412,0.9296,0.2038,0.962
1.198729691,0.1395,0.9323,0.1996,0.964
1.199536537,0.1383,0.9330,0.1976,0.964
1.200435307,0.1341,0.9354,0.1937,0.965
1.201578153,0.1327,0.9354,0.1908,0.964
1.203857114,0.1290,0.9367,0.1862,0.964
1.206820153,0.1226,0.9384,0.1840,0.964
1.208319537,0.1214,0.9396,0.1823,0.965
1.209676884,0.1195,0.9411,0.1796,0.965
1.211785576,0.1148,0.9403,0.1754,0.963
1.213553037,0.1126,0.9408,0.1725,0.963
1.215544691,0.1075,0.9416,0.1705,0.963
1.217428422,0.0999,0.9423,0.1708,0.963
1.219429268,0.0967,0.9433,0.1691,0.963
1.222698076,0.0921,0.9430,0.1708,0.963
1.224233076,0.0904,0.9433,0.1703,0.963
1.225433191,0.0831,0.9433,0.1700,0.962
1.227223499,0.0770,0.9442,0.1720,0.963
1.229126384,0.0738,0.9450,0.1732,0.964
1.231127999,0.0694,0.9462,0.1759,0.965
1.233203576,0.0638,0.9469,0.1764,0.965
1.235262307,0.0618,0.9472,0.1771,0.966
1.237584999,0.0579,0.9479,0.1796,0.967
1.246688114,0.0559,0.9482,0.1810,0.967
1.248242268,0.0520,0.9513,0.1840,0.970
1.249149153,0.0486,0.9533,0.1869,0.973
1.250204537,0.0474,0.9538,0.1879,0.973
1.25129423,0.0450,0.9567,0.1896,0.976
1.252578537,0.0408,0.9601,0.1925,0.980
1.253842461,0.0384,0.9611,0.1940,0.981
1.254446499,0.0371,0.9648,0.1976,0.986
1.254899614,0.0357,0.9670,0.1974,0.988
1.266552537,0.0337,0.9687,0.1986,0.989
1.267325422,0.0325,0.9728,0.1981,0.993
1.267744537,0.0313,0.9753,0.1984,0.996
1.268158768,0.0305,0.9787,0.1989,0.999
1.268565499,0.0318,0.9821,0.1989,1.003
1.269010653,0.0315,0.9828,0.1994,1.003
1.269483191,0.0305,0.9877,0.1984,1.008
1.270528691,0.0313,0.9902,0.1981,1.010
1.275723499,0.0315,0.9926,0.1976,1.013
1.276555422,0.0310,0.9951,0.1942,1.014
1.27700846,0.0322,0.9980,0.1932,1.017
1.278665922,0.0322,0.9992,0.1918,1.018
1.280753807,0.0349,1.0009,0.1903,1.019
1.282529422,0.0359,1.0019,0.1893,1.020
1.28441223,0.0384,1.0041,0.1874,1.022
1.286492845,0.0403,1.0034,0.1862,1.021
1.28905323,0.0423,1.0039,0.1835,1.021
1.290411191,0.0437,1.0043,0.1830,1.022
1.292320537,0.0447,1.0024,0.1825,1.020
1.294675614,0.0474,1.0019,0.1793,1.019
1.296120845,0.0489,1.0036,0.1781,1.020
1.298257768,0.0496,1.0043,0.1766,1.021
1.300299076,0.0515,1.0041,0.1747,1.020
1.302290614,0.0530,1.0039,0.1742,1.020
1.306344768,0.0552,1.0029,0.1727,1.019
1.307961191,0.0552,1.0051,0.1725,1.021
1.308895076,0.0547,1.0053,0.1727,1.022
1.310087845,0.0540,1.0061,0.1720,1.022
1.315015499,0.0525,1.0078,0.1722,1.024
1.31608923,0.0525,1.0087,0.1715,1.025
1.317181691,0.0528,1.0112,0.1693,1.027
1.318375884,0.0520,1.0124,0.1688,1.028
1.320033691,0.0523,1.0166,0.1695,1.032
1.323384768,0.0525,1.0175,0.1688,1.033
1.324798845,0.0515,1.0192,0.1688,1.034
1.326049999,0.0518,1.0217,0.1676,1.037
1.327812268,0.0530,1.0261,0.1698,1.041
1.329885384,0.0528,1.0273,0.1705,1.043
1.33181823,0.0525,1.0307,0.1742,1.047
1.333651614,0.0528,1.0334,0.1754,1.050
1.335816653,0.0540,1.0356,0.1754,1.052
1.337886268,0.0530,1.0407,0.1783,1.057
1.347263268,0.0545,1.0425,0.1788,1.059
1.348665499,0.0577,1.0442,0.1781,1.061
1.349653614,0.0599,1.0447,0.1779,1.061
1.350642614,0.0611,1.0469,0.1774,1.064
1.351628076,0.0652,1.0503,0.1761,1.067
1.352882922,0.0667,1.0530,0.1761,1.070
1.353621307,0.0689,1.0559,0.1735,1.072
1.354226307,0.0733,1.0598,0.1700,1.076
1.363924153,0.0760,1.0610,0.1681,1.077
1.364798037,0.0779,1.0637,0.1649,1.079
1.365252537,0.0799,1.0647,0.1632,1.080
1.365744076,0.0818,1.0676,0.1603,1.083
1.366144845,0.0855,1.0691,0.1532,1.083
1.367016845,0.0880,1.0691,0.1512,1.083
1.367448191,0.0901,1.0681,0.1461,1.082
1.369217537,0.0921,1.0676,0.1415,1.081
1.37255196,0.0938,1.0681,0.1390,1.081
1.373494691,0.0967,1.0671,0.1314,1.080
1.375002076,0.0967,1.0659,0.1292,1.078
1.37689673,0.0987,1.0627,0.1236,1.074
1.379210345,0.1004,1.0615,0.1185,1.073
1.380944768,0.1019,1.0618,0.1168,1.073
1.383339499,0.1033,1.0593,0.1094,1.070
1.384947037,0.1060,1.0576,0.1051,1.068
1.386648807,0.1073,1.0574,0.1031,1.068
1.389224691,0.1075,1.0564,0.0977,1.066
1.39066473,0.1063,1.0549,0.0945,1.064
1.392733076,0.1058,1.0542,0.0880,1.063
1.39491423,0.1048,1.0534,0.0828,1.062
1.396611768,0.1048,1.0534,0.0796,1.062
1.398787037,0.1051,1.0547,0.0723,1.062
1.400533037,0.1029,1.0586,0.0647,1.066
1.402776691,0.1024,1.0588,0.0611,1.066
1.406474614,0.1014,1.0613,0.0540,1.067
1.407962883,0.0982,1.0635,0.0479,1.069
1.40901973,0.0963,1.0649,0.0447,1.070
1.410733537,0.0931,1.0718,0.0388,1.077
1.412562307,0.0911,1.0757,0.0352,1.080
1.414657422,0.0887,1.0850,0.0288,1.089
1.416666768,0.0821,1.0957,0.0257,1.099
1.418609576,0.0809,1.1011,0.0242,1.104
1.420452537,0.0789,1.1118,0.0193,1.115
1.423504768,0.0762,1.1260,0.0137,1.129
1.425082153,0.0755,1.1321,0.0112,1.135
1.426541037,0.0721,1.1421,0.0076,1.144
1.428420845,0.0704,1.1482,0.0054,1.150
1.430503153,0.0677,1.1587,-0.0010,1.161
1.432164614,0.0623,1.1690,-0.0066,1.171
1.434311807,0.0601,1.1736,-0.0103,1.175
1.436103268,0.0569,1.1802,-0.0181,1.182
1.439210037,0.0559,1.1822,-0.0220,1.184
1.440365768,0.0552,1.1846,-0.0288,1.186
1.449070037,0.0552,1.1827,-0.0313,1.184
1.450523268,0.0557,1.1798,-0.0313,1.181
1.45140873,0.0572,1.1744,-0.0308,1.176
1.452397614,0.0611,1.1685,-0.0254,1.170
1.453674614,0.0623,1.1641,-0.0225,1.166
1.454407845,0.0660,1.1558,-0.0139,1.158
1.454870537,0.0723,1.1458,-0.0056,1.148
1.469240383,0.0743,1.1397,0.0012,1.142
1.470106614,0.0806,1.1309,0.0137,1.134
1.47056896,0.0843,1.1263,0.0195,1.130
1.471011768,0.0921,1.1197,0.0322,1.124
1.471437999,0.1024,1.1140,0.0440,1.120
1.471856807,0.1075,1.1096,0.0476,1.116
1.47226096,0.1160,1.1040,0.0555,1.111
1.472700153,0.1241,1.1023,0.0628,1.111
1.473091691,0.1290,1.0979,0.0677,1.108
1.47849596,0.1400,1.0967,0.0730,1.108
1.479382845,0.1449,1.0964,0.0745,1.108
1.47981746,0.1566,1.0952,0.0796,1.109
1.480224383,0.1676,1.0935,0.0814,1.109
1.481642307,0.1720,1.0935,0.0823,1.110
1.483578422,0.1813,1.0969,0.0877,1.115
1.485460614,0.1915,1.0974,0.0938,1.118
1.487570537,0.1957,1.0996,0.0950,1.121
1.490524537,0.2042,1.1028,0.0975,1.126
1.49141646,0.2089,1.1035,0.0999,1.128
1.49319246,0.2155,1.1048,0.1043,1.130
1.495087999,0.2204,1.1057,0.1085,1.133
1.496977922,0.2238,1.1052,0.1097,1.133
1.499485306,0.2279,1.1030,0.1097,1.132
1.501048191,0.2321,1.1011,0.1099,1.131
1.503341922,0.2318,1.1018,0.1097,1.131
1.506631191,0.2314,1.1021,0.1097,1.131
1.508105306,0.2311,1.1018,0.1087,1.131
1.509224037,0.2287,1.0989,0.1073,1.128
1.510997076,0.2262,1.0952,0.1063,1.123
1.512980306,0.2250,1.0928,0.1036,1.121
1.515046076,0.2221,1.0899,0.0977,1.117
1.516758537,0.2187,1.0889,0.0943,1.115
1.519151845,0.2125,1.0820,0.0880,1.106
1.521135845,0.2057,1.0754,0.0792,1.098
1.524856691,0.2020,1.0720,0.0750,1.093
1.526351499,0.1940,1.0662,0.0669,1.086
1.527543845,0.1862,1.0588,0.0584,1.077
1.528933114,0.1820,1.0539,0.0547,1.071
1.531002576,0.1744,1.0454,0.0467,1.061
1.532721691,0.1673,1.0359,0.0379,1.050
1.534947114,0.1634,1.0298,0.0335,1.043
1.536677922,0.1537,1.0192,0.0244,1.031
1.546661691,0.1493,1.0141,0.0203,1.025
1.54811823,0.1412,1.0061,0.0134,1.016
1.549027691,0.1317,0.9955,0.0083,1.004
1.550260883,0.1275,0.9904,0.0037,0.999
1.55127596,0.1192,0.9811,-0.0024,0.988
1.552299499,0.1099,0.9719,-0.0103,0.978
1.553326576,0.1053,0.9677,-0.0137,0.974
1.55426946,0.0975,0.9596,-0.0208,0.965
1.554758383,0.0919,0.9555,-0.0247,0.960
1.564286345,0.0816,0.9472,-0.0325,0.951
1.564851653,0.0733,0.9406,-0.0403,0.944
1.565102383,0.0679,0.9372,-0.0428,0.941
1.565556153,0.0572,0.9306,-0.0501,0.934
1.565803883,0.0469,0.9210,-0.0569,0.924
1.566243614,0.0410,0.9161,-0.0596,0.919
1.568309999,0.0310,0.9093,-0.0638,0.912
1.570286345,0.0247,0.9054,-0.0652,0.908
1.57291173,0.0129,0.9000,-0.0655,0.902
1.574770268,0.0044,0.8932,-0.0679,0.896
1.575982883,-0.0007,0.8888,-0.0672,0.891
1.577995614,-0.0110,0.8837,-0.0677,0.886
1.58045223,-0.0247,0.8783,-0.0657,0.881
1.581880537,-0.0303,0.8758,-0.0647,0.879
1.583901306,-0.0379,0.8734,-0.0584,0.876
1.585893153,-0.0403,0.8717,-0.0555,0.874
1.587990922,-0.0464,0.8675,-0.0493,0.870
1.589798806,-0.0530,0.8673,-0.0406,0.870
1.591817422,-0.0569,0.8663,-0.0347,0.869
1.593412614,-0.0635,0.8622,-0.0257,0.865
1.595500768,-0.0708,0.8622,-0.0169,0.865
1.597452653,-0.0721,0.8607,-0.0122,0.864
1.599782229,-0.0760,0.8580,0.0005,0.861
1.601505383,-0.0779,0.8570,0.0044,0.861
1.603484922,-0.0814,0.8568,0.0137,0.861
1.60599296,-0.0865,0.8543,0.0213,0.859
1.60810246,-0.0877,0.8531,0.0252,0.858
1.609531883,-0.0911,0.8504,0.0327,0.856
1.611612768,-0.0933,0.8482,0.0401,0.854
1.613550383,-0.0943,0.8480,0.0420,0.854
1.615672999,-0.0963,0.8485,0.0430,0.855
1.617463653,-0.0987,0.8485,0.0459,0.855
1.619551499,-0.0994,0.8482,0.0496,0.855
1.621711922,-0.0985,0.8492,0.0530,0.857
1.623906845,-0.0982,0.8499,0.0542,0.857
1.625166614,-0.1004,0.8546,0.0574,0.862
1.627283114,-0.1026,0.8587,0.0613,0.867
1.629217576,-0.1055,0.8614,0.0633,0.870
1.631443229,-0.1055,0.8685,0.0665,0.877
1.63367846,-0.1063,0.8717,0.0677,0.881
1.635332576,-0.1102,0.8819,0.0708,0.892
1.637381153,-0.1141,0.8932,0.0711,0.903
1.639265691,-0.1160,0.8986,0.0730,0.909
1.649672806,-0.1175,0.9113,0.0770,0.922
1.652956345,-0.1204,0.9232,0.0794,0.934
1.656036922,-0.1222,0.9301,0.0787,0.941
1.657420576,-0.1236,0.9455,0.0774,0.957
1.658622845,-0.1248,0.9518,0.0762,0.963
1.659466999,-0.1273,0.9662,0.0738,0.977
1.660281422,-0.1285,0.9794,0.0723,0.990
1.661249422,-0.1287,0.9855,0.0711,0.996
1.662186999,-0.1290,0.9980,0.0691,1.009
1.662463729,-0.1283,1.0034,0.0691,1.014
1.662695845,-0.1273,1.0141,0.0674,1.024
1.667221691,-0.1256,1.0239,0.0657,1.034
1.667645845,-0.1239,1.0283,0.0657,1.038
1.668443883,-0.1187,1.0373,0.0660,1.046
1.668665191,-0.1136,1.0444,0.0669,1.053
1.670755422,-0.1114,1.0483,0.0672,1.056
1.675710076,-0.1075,1.0539,0.0713,1.062
1.676197229,-0.1011,1.0581,0.0752,1.066
1.676448306,-0.0980,1.0596,0.0777,1.067
1.678484191,-0.0938,1.0608,0.0816,1.068
1.680352691,-0.0909,1.0613,0.0840,1.068
1.682352806,-0.0882,1.0610,0.0889,1.068
1.684235383,-0.0845,1.0598,0.0931,1.067
1.686517691,-0.0838,1.0588,0.0941,1.066
1.688141883,-0.0811,1.0554,0.0977,1.063
1.690549345,-0.0770,1.0534,0.1004,1.061
1.692158268,-0.0757,1.0508,0.1002,1.058
1.694217153,-0.0726,1.0469,0.1014,1.054
1.696182153,-0.0699,1.0454,0.1009,1.053
1.698408691,-0.0655,1.0422,0.0997,1.049
1.70010996,-0.0647,1.0393,0.0970,1.046
1.702366922,-0.0640,1.0383,0.0950,1.045
1.703965114,-0.0594,1.0361,0.0909,1.042
1.70797696,-0.0545,1.0329,0.0901,1.038
1.708987576,-0.0533,1.0327,0.0877,1.038
1.710298883,-0.0515,1.0310,0.0823,1.036
1.71182746,-0.0518,1.0300,0.0787,1.034
1.715296229,-0.0508,1.0285,0.0735,1.032
1.716027229,-0.0489,1.0266,0.0660,1.030
1.717857652,-0.0476,1.0268,0.0625,1.030
1.719915883,-0.0479,1.0258,0.0559,1.028
1.723181999,-0.0481,1.0236,0.0501,1.026
1.724284999,-0.0476,1.0234,0.0472,1.026
1.72581646,-0.0472,1.0202,0.0423,1.022
1.727630152,-0.0464,1.0190,0.0406,1.021
1.729580422,-0.0437,1.0163,0.0374,1.018
1.731813691,-0.0398,1.0136,0.0330,1.015
1.733573345,-0.0408,1.0134,0.0322,1.015
1.735761152,-0.0410,1.0095,0.0315,1.011
1.737765806,-0.0401,1.0063,0.0303,1.008
1.746395806,-0.0398,1.0036,0.0305,1.005
1.747772422,-0.0403,1.0009,0.0322,1.002
1.748602576,-0.0381,0.9995,0.0325,1.001
1.749699729,-0.0381,0.9951,0.0342,0.996
1.750628268,-0.0381,0.9931,0.0379,0.995
1.751599999,-0.0384,0.9909,0.0393,0.992
1.752835537,-0.0415,0.9863,0.0430,0.988
1.753883768,-0.0425,0.9814,0.0472,0.983
1.756198191,-0.0432,0.9802,0.0498,0.982
1.757212037,-0.0425,0.9767,0.0537,0.979
1.765222729,-0.0435,0.9743,0.0569,0.977
1.766785114,-0.0442,0.9692,0.0606,0.972
1.767677422,-0.0437,0.9665,0.0647,0.970
1.768438076,-0.0437,0.9645,0.0662,0.968
1.76956696,-0.0437,0.9601,0.0691,0.964
1.77057046,-0.0440,0.9552,0.0718,0.959
1.771759306,-0.0440,0.9523,0.0730,0.956
1.774735922,-0.0440,0.9496,0.0762,0.954
1.776219383,-0.0430,0.9469,0.0784,0.951
1.777263345,-0.0432,0.9428,0.0796,0.947
1.779002076,-0.0437,0.9374,0.0814,0.942
1.780987652,-0.0425,0.9342,0.0826,0.939
1.782888999,-0.0406,0.9281,0.0865,0.933
1.784780114,-0.0398,0.9218,0.0894,0.927
1.786885499,-0.0388,0.9176,0.0904,0.923
1.79024496,-0.0388,0.9135,0.0938,0.919
1.791740037,-0.0374,0.9118,0.0972,0.918
1.793408383,-0.0352,0.9066,0.1002,0.913
1.795304037,-0.0354,0.9005,0.1048,0.907
1.796852806,-0.0362,0.8986,0.1075,0.906
1.798843114,-0.0366,0.8954,0.1136,0.903
1.800650652,-0.0376,0.8929,0.1212,0.902
1.802806845,-0.0379,0.8910,0.1263,0.901
1.80472596,-0.0371,0.8876,0.1324,0.898
1.807652999,-0.0384,0.8863,0.1361,0.898
1.809076999,-0.0398,0.8841,0.1441,0.897
1.810656114,-0.0408,0.8805,0.1529,0.895
1.812562806,-0.0410,0.8788,0.1561,0.893
1.814456729,-0.0430,0.8761,0.1627,0.892
1.816490114,-0.0447,0.8736,0.1686,0.891
1.818688037,-0.0457,0.8734,0.1710,0.891
1.820349652,-0.0464,0.8724,0.1764,0.891
1.823804575,-0.0481,0.8719,0.1786,0.891
1.825285499,-0.0493,0.8712,0.1832,0.892
1.826495999,-0.0491,0.8688,0.1867,0.890
1.828286806,-0.0498,0.8675,0.1881,0.889
1.83036946,-0.0503,0.8678,0.1910,0.890
1.832099499,-0.0501,0.8685,0.1950,0.892
1.83442996,-0.0503,0.8692,0.1957,0.892
1.836230691,-0.0491,0.8712,0.1967,0.894
1.838334922,-0.0457,0.8719,0.1969,0.895
1.84731296,-0.0437,0.8732,0.1974,0.896
1.84872746,-0.0406,0.8729,0.1959,0.896
1.849691845,-0.0393,0.8744,0.1947,0.897
1.850792152,-0.0362,0.8785,0.1937,0.900
1.851836345,-0.0313,0.8824,0.1920,0.904
1.852797383,-0.0293,0.8837,0.1915,0.905
1.853638691,-0.0264,0.8866,0.1903,0.907
1.854701383,-0.0244,0.8920,0.1859,0.911
1.867596114,-0.0220,0.8951,0.1849,0.914
1.868972306,-0.0181,0.8983,0.1815,0.917
1.870081037,-0.0156,0.9012,0.1798,0.919
1.870915306,-0.0132,0.9076,0.1754,0.924
1.872120806,-0.0122,0.9137,0.1717,0.930
1.873317922,-0.0127,0.9166,0.1686,0.932
1.874571191,-0.0132,0.9225,0.1634,0.937
1.875378652,-0.0134,0.9289,0.1600,0.943
1.876180191,-0.0144,0.9328,0.1583,0.946
1.876871037,-0.0154,0.9381,0.1539,0.951
1.877951537,-0.0166,0.9398,0.1505,0.952
1.87871596,-0.0161,0.9460,0.1451,0.957
1.879667037,-0.0181,0.9521,0.1412,0.963
1.882115499,-0.0188,0.9557,0.1397,0.966
1.887627114,-0.0213,0.9584,0.1344,0.968
1.888795191,-0.0254,0.9609,0.1317,0.970
1.890136999,-0.0269,0.9657,0.1302,0.975
1.891070652,-0.0298,0.9692,0.1278,0.978
1.892039422,-0.0325,0.9704,0.1258,0.979
1.894730999,-0.0369,0.9711,0.1239,0.980
1.896244306,-0.0381,0.9719,0.1222,0.980
1.897873806,-0.0403,0.9723,0.1217,0.981
1.899662268,-0.0442,0.9716,0.1231,0.980
1.901502652,-0.0476,0.9706,0.1256,0.980
1.903303345,-0.0503,0.9706,0.1273,0.980
1.905395422,-0.0535,0.9701,0.1314,0.980
1.908644037,-0.0552,0.9689,0.1336,0.980
1.910142691,-0.0579,0.9645,0.1378,0.976
1.911312422,-0.0621,0.9611,0.1424,0.974
1.913379614,-0.0650,0.9584,0.1459,0.972
1.915391691,-0.0684,0.9523,0.1524,0.967
1.917238614,-0.0706,0.9479,0.1608,0.964
1.919232306,-0.0716,0.9452,0.1630,0.962
1.930610037,-0.0750,0.9384,0.1688,0.956
1.931996345,-0.0730,0.9357,0.1727,0.954
1.933138152,-0.0738,0.9301,0.1754,0.949
1.934153191,-0.0772,0.9235,0.1818,0.944
1.935157691,-0.0767,0.9218,0.1854,0.943
1.936092537,-0.0738,0.9164,0.1896,0.939
1.936926652,-0.0752,0.9108,0.1962,0.935
1.938193922,-0.0743,0.9083,0.1998,0.933
1.938535037,-0.0713,0.9044,0.2052,0.930
1.953849845,-0.0689,0.9022,0.2096,0.929
1.955720345,-0.0667,0.9015,0.2121,0.928
1.956812498,-0.0650,0.8995,0.2150,0.927
1.958294806,-0.0630,0.8981,0.2169,0.926
1.959294537,-0.0586,0.8961,0.2216,0.925
1.960633806,-0.0557,0.8949,0.2238,0.924
1.961995614,-0.0545,0.8964,0.2253,0.926
1.963293114,-0.0511,0.8981,0.2277,0.928
1.964196422,-0.0447,0.8990,0.2294,0.929
1.965515922,-0.0435,0.9017,0.2294,0.931
1.966575768,-0.0403,0.9030,0.2301,0.933
1.967311345,-0.0384,0.9037,0.2287,0.933
1.968128383,-0.0340,0.9066,0.2272,0.935
1.969078614,-0.0308,0.9108,0.2265,0.939
1.970119306,-0.0288,0.9122,0.2255,0.940
1.970998922,-0.0247,0.9144,0.2211,0.941
1.97190946,-0.0208,0.9174,0.2177,0.943
1.972919114,-0.0198,0.9220,0.2160,0.947
1.97585546,-0.0193,0.9276,0.2128,0.952
1.977596422,-0.0176,0.9296,0.2099,0.953
1.978371306,-0.0151,0.9350,0.2047,0.957
1.980023922,-0.0142,0.9394,0.2006,0.961
1.982000691,-0.0142,0.9408,0.1974,0.961
1.984007268,-0.0147,0.9440,0.1937,0.964
1.986299114,-0.0164,0.9462,0.1908,0.965
1.987860537,-0.0166,0.9504,0.1857,0.968
1.990282614,-0.0164,0.9523,0.1801,0.969
1.99342346,-0.0161,0.9547,0.1776,0.971
1.994135152,-0.0186,0.9569,0.1725,0.973
1.996071998,-0.0222,0.9584,0.1669,0.973
1.998124652,-0.0242,0.9587,0.1642,0.973
2.000133498,-0.0249,0.9599,0.1593,0.973
2.002114922,-0.0288,0.9606,0.1554,0.974
2.003816729,-0.0310,0.9616,0.1527,0.974
2.006770422,-0.0330,0.9628,0.1493,0.975
2.008676652,-0.0364,0.9628,0.1480,0.975
2.01005446,-0.0384,0.9660,0.1478,0.978
2.011884998,-0.0401,0.9687,0.1449,0.980
2.013790922,-0.0413,0.9692,0.1446,0.981
2.015886383,-0.0440,0.9711,0.1463,0.983
2.01788346,-0.0469,0.9738,0.1463,0.986
2.01978946,-0.0462,0.9743,0.1456,0.986
2.021646691,-0.0472,0.9767,0.1483,0.989
2.026029575,-0.0476,0.9767,0.1488,0.989
2.026577114,-0.0481,0.9792,0.1524,0.992
2.030915729,-0.0476,0.9811,0.1551,0.994
2.031167345,-0.0479,0.9828,0.1566,0.996
2.031425229,-0.0474,0.9860,0.1590,1.000
2.03361446,-0.0484,0.9902,0.1612,1.004
2.035250691,-0.0472,0.9914,0.1625,1.006
2.037442306,-0.0450,0.9938,0.1632,1.008
2.041811345,-0.0440,0.9958,0.1654,1.010
2.042251537,-0.0432,0.9997,0.1693,1.015
2.043324345,-0.0410,1.0041,0.1720,1.020
2.045193883,-0.0420,1.0056,0.1742,1.021
2.047422075,-0.0428,1.0109,0.1783,1.027
2.049290075,-0.0435,1.0144,0.1796,1.031
2.051212229,-0.0432,1.0170,0.1796,1.034
2.053067345,-0.0401,1.0229,0.1815,1.040
2.055220268,-0.0391,1.0256,0.1818,1.042
2.057700921,-0.0349,1.0317,0.1823,1.048
2.05934246,-0.0327,1.0361,0.1818,1.052
2.061130845,-0.0308,1.0403,0.1830,1.057
2.063231998,-0.0281,1.0476,0.1837,1.064
2.065227498,-0.0257,1.0534,0.1854,1.070
2.06715796,-0.0232,1.0569,0.1864,1.073
2.069029114,-0.0176,1.0642,0.1879,1.081
2.07119196,-0.0154,1.0659,0.1879,1.082
2.074417729,-0.0107,1.0713,0.1891,1.088
2.076505768,-0.0059,1.0767,0.1906,1.093
2.07805196,-0.0034,1.0791,0.1906,1.096
2.079171421,0.0024,1.0857,0.1903,1.102
2.08094046,0.0046,1.0916,0.1881,1.108
2.08295896,0.0054,1.0945,0.1874,1.110
2.085029845,0.0061,1.0977,0.1864,1.113
2.086919729,0.0066,1.0999,0.1849,1.115
2.088896691,0.0066,1.1033,0.1808,1.118
2.092179152,0.0068,1.1060,0.1730,1.119
2.093864152,0.0068,1.1070,0.1693,1.120
2.095207614,0.0056,1.1074,0.1610,1.119
2.096537268,0.0029,1.1074,0.1493,1.117
2.098562768,0.0010,1.1072,0.1422,1.116
2.100439345,-0.0015,1.1082,0.1278,1.116
2.102498921,-0.0037,1.1089,0.1192,1.115
2.104404806,-0.0103,1.1106,0.1024,1.115
2.107648306,-0.0166,1.1116,0.0850,1.115
2.109150921,-0.0195,1.1123,0.0765,1.115
2.110423114,-0.0298,1.1128,0.0581,1.115
2.112292114,-0.0393,1.1160,0.0388,1.117
2.114275421,-0.0440,1.1172,0.0288,1.118
2.116201268,-0.0518,1.1172,0.0129,1.118
2.118366998,-0.0564,1.1167,0.0044,1.118
2.12028146,-0.0655,1.1162,-0.0149,1.118
2.122403498,-0.0730,1.1194,-0.0318,1.122
2.125664152,-0.0777,1.1201,-0.0384,1.123
2.127197883,-0.0845,1.1204,-0.0479,1.125
2.128389229,-0.0894,1.1226,-0.0567,1.128
2.130866921,-0.0921,1.1221,-0.0616,1.128
2.131947921,-0.0945,1.1226,-0.0647,1.128
2.134062575,-0.0953,1.1214,-0.0625,1.127
2.136058383,-0.0931,1.1206,-0.0589,1.126
2.137975383,-0.0899,1.1204,-0.0506,1.125
2.148704306,-0.0872,1.1194,-0.0447,1.124
2.150294498,-0.0804,1.1187,-0.0291,1.122
2.15126346,-0.0716,1.1165,-0.0098,1.119
2.152353691,-0.0665,1.1143,0.0010,1.116
2.153464421,-0.0586,1.1109,0.0279,1.113
2.15454396,-0.0552,1.1092,0.0432,1.111
2.155396729,-0.0476,1.1094,0.0738,1.113
2.157169844,-0.0408,1.1072,0.1060,1.113
2.158445691,-0.0388,1.1070,0.1209,1.114
2.159738806,-0.0340,1.1062,0.1517,1.117
2.160688498,-0.0305,1.1062,0.1874,1.122
2.161998383,-0.0286,1.1052,0.2042,1.124
2.178273344,-0.0242,1.1038,0.2350,1.129
2.179754614,-0.0217,1.1026,0.2519,1.131
2.180581114,-0.0156,1.1045,0.2844,1.141
2.181463998,-0.0134,1.1052,0.3132,1.149
2.182428306,-0.0112,1.1060,0.3274,1.153
2.183390383,-0.0066,1.1062,0.3545,1.162
2.184570844,-0.0046,1.1096,0.3784,1.172
2.185657152,-0.0029,1.1104,0.3897,1.177
2.186492306,-0.0012,1.1135,0.4073,1.186
2.187414383,0.0005,1.1145,0.4173,1.190
2.188121229,0.0029,1.1148,0.4297,1.195
2.188850691,0.0061,1.1148,0.4385,1.198
2.190054652,0.0093,1.1135,0.4407,1.198
2.191119768,0.0144,1.1135,0.4383,1.197
2.192030998,0.0191,1.1116,0.4319,1.193
2.194355037,0.0227,1.1096,0.4268,1.189
2.199895421,0.0305,1.1067,0.4121,1.181
2.201016537,0.0374,1.1052,0.4043,1.177
2.201930037,0.0428,1.1016,0.3845,1.168
2.202686844,0.0496,1.0969,0.3594,1.155
2.203539537,0.0530,1.0942,0.3481,1.150
2.205096652,0.0552,1.0913,0.3283,1.141
2.208386306,0.0537,1.0891,0.3059,1.133
2.210116498,0.0513,1.0899,0.2946,1.130
2.211252421,0.0413,1.0906,0.2751,1.126
2.21297446,0.0337,1.0925,0.2653,1.125
2.215076344,0.0200,1.0957,0.2450,1.123
2.216980998,0.0051,1.1040,0.2253,1.127
2.218972691,-0.0039,1.1094,0.2165,1.130
2.22086596,-0.0205,1.1216,0.1945,1.139
2.222966498,-0.0347,1.1338,0.1722,1.147
2.225736691,-0.0413,1.1409,0.1615,1.153
2.227170575,-0.0518,1.1551,0.1395,1.165
2.228756729,-0.0572,1.1619,0.1302,1.171
2.230843421,-0.0699,1.1758,0.1114,1.183
2.232728152,-0.0792,1.1881,0.0904,1.194
2.234952844,-0.0828,1.1934,0.0811,1.199
2.236881729,-0.0897,1.2022,0.0625,1.207
2.238892691,-0.0948,1.2108,0.0447,1.215
2.248905152,-0.0960,1.2140,0.0379,1.218
2.250469421,-0.0989,1.2208,0.0208,1.225
2.251529075,-0.1007,1.2232,0.0115,1.227
2.252552344,-0.0982,1.2252,-0.0039,1.229
2.253890191,-0.0965,1.2220,-0.0208,1.226
2.254472767,-0.0960,1.2208,-0.0291,1.225
2.254906691,-0.0938,1.2154,-0.0464,1.220
2.255346229,-0.0897,1.2086,-0.0662,1.214
2.266480191,-0.0875,1.2032,-0.0765,1.209
2.267117921,-0.0843,1.1922,-0.0958,1.199
2.267397729,-0.0809,1.1842,-0.1053,1.192
2.267637883,-0.0784,1.1707,-0.1253,1.180
2.267878383,-0.0748,1.1517,-0.1488,1.164
2.268110652,-0.0735,1.1412,-0.1595,1.155
2.268353767,-0.0706,1.1182,-0.1813,1.135
2.270174267,-0.0672,1.0925,-0.2025,1.113
2.272051191,-0.0667,1.0781,-0.2123,1.101
2.274521498,-0.0625,1.0493,-0.2299,1.076
2.27676396,-0.0608,1.0332,-0.2384,1.062
2.277921037,-0.0552,1.0009,-0.2536,1.034
2.279808844,-0.0528,0.9670,-0.2656,1.004
2.28185846,-0.0511,0.9511,-0.2697,0.990
2.283826229,-0.0489,0.9205,-0.2746,0.962
2.285887306,-0.0467,0.8907,-0.2751,0.933
2.287789191,-0.0459,0.8753,-0.2741,0.918
2.291147921,-0.0476,0.8482,-0.2675,0.891
2.291859037,-0.0481,0.8341,-0.2619,0.876
2.293868114,-0.0481,0.8082,-0.2482,0.847
2.295778806,-0.0474,0.7835,-0.2292,0.818
2.297613383,-0.0467,0.7718,-0.2187,0.803
2.299846652,-0.0459,0.7508,-0.1928,0.776
2.302174267,-0.0406,0.7288,-0.1642,0.748
2.303754152,-0.0371,0.7178,-0.1461,0.733
2.305525767,-0.0274,0.6990,-0.1085,0.708
2.307803767,-0.0181,0.6899,-0.0706,0.694
2.309572691,-0.0137,0.6726,-0.0506,0.675
2.311408037,-0.0022,0.6567,-0.0071,0.657
2.31347896,0.0039,0.6511,0.0161,0.651
2.31550346,0.0191,0.6396,0.0621,0.643
2.317520344,0.0349,0.6293,0.1082,0.640
2.319316267,0.0420,0.6257,0.1285,0.640
2.321257844,0.0577,0.6220,0.1676,0.647
2.324859191,0.0733,0.6215,0.2011,0.657
2.325895921,0.0792,0.6232,0.2167,0.665
2.327309767,0.0916,0.6293,0.2424,0.681
2.328958383,0.0982,0.6335,0.2536,0.689
2.331177883,0.1112,0.6425,0.2680,0.705
2.333126383,0.1207,0.6555,0.2739,0.721
2.335223998,0.1239,0.6635,0.2746,0.729
2.33698046,0.1292,0.6828,0.2717,0.746
2.339293691,0.1336,0.7041,0.2607,0.763
2.345684267,0.1363,0.7144,0.2536,0.770
2.346546267,0.1415,0.7390,0.2323,0.787
2.346992844,0.1424,0.7515,0.2233,0.797
2.347474075,0.1441,0.7769,0.2052,0.816
2.354222421,0.1454,0.8023,0.1818,0.835
2.35512846,0.1449,0.8170,0.1710,0.847
2.355558421,0.1410,0.8443,0.1485,0.869
2.355958344,0.1378,0.8719,0.1244,0.891
2.36559196,0.1346,0.8876,0.1129,0.905
2.366360652,0.1251,0.9157,0.0899,0.929
2.366686614,0.1202,0.9298,0.0784,0.941
2.366968998,0.1090,0.9587,0.0569,0.967
2.367246383,0.0941,0.9882,0.0369,0.993
2.372509229,0.0862,1.0024,0.0271,1.006
2.37312446,0.0679,1.0300,0.0086,1.032
2.373623767,0.0498,1.0429,-0.0086,1.044
2.374056114,0.0408,1.0691,-0.0164,1.070
2.376780729,0.0210,1.0930,-0.0308,1.094
2.377595729,0.0107,1.1055,-0.0369,1.106
2.37865069,-0.0095,1.1280,-0.0476,1.129
2.381282652,-0.0300,1.1485,-0.0577,1.150
2.382260729,-0.0388,1.1570,-0.0618,1.159
2.384329037,-0.0591,1.1724,-0.0718,1.176
2.386426729,-0.0774,1.1854,-0.0767,1.190
2.388539806,-0.0865,1.1910,-0.0782,1.197
2.391770652,-0.1046,1.1991,-0.0831,1.206
2.392693844,-0.1195,1.2017,-0.0855,1.211
2.394479767,-0.1248,1.2052,-0.0872,1.215
2.396460306,-0.1363,1.2057,-0.0901,1.217
2.398505114,-0.1407,1.2042,-0.0909,1.216
2.400701883,-0.1488,1.1995,-0.0950,1.212
2.402439114,-0.1532,1.1925,-0.0972,1.206
2.404670998,-0.1549,1.1900,-0.0972,1.204
2.406379421,-0.1566,1.1820,-0.0970,1.196
2.408498652,-0.1561,1.1763,-0.0967,1.191
2.410873883,-0.1564,1.1651,-0.0965,1.179
2.412074152,-0.1549,1.1565,-0.0933,1.171
2.41405019,-0.1549,1.1514,-0.0926,1.165
2.415955537,-0.1520,1.1404,-0.0892,1.154
2.418278075,-0.1476,1.1299,-0.0840,1.143
2.42013046,-0.1471,1.1250,-0.0814,1.138
2.422566806,-0.1451,1.1135,-0.0760,1.126
2.424904844,-0.1422,1.1074,-0.0723,1.119
2.425946614,-0.1400,1.0938,-0.0650,1.105
2.427841652,-0.1346,1.0830,-0.0569,1.093
2.42988819,-0.1312,1.0774,-0.0523,1.087
2.431852883,-0.1258,1.0627,-0.0445,1.071
2.433871575,-0.1190,1.0508,-0.0347,1.058
2.43591096,-0.1146,1.0444,-0.0279,1.051
2.438081229,-0.1053,1.0322,-0.0156,1.038
2.440023114,-0.1009,1.0261,-0.0083,1.031
2.446240383,-0.0897,1.0144,0.0044,1.018
2.447029114,-0.0782,1.0036,0.0193,1.007
2.447476306,-0.0723,0.9987,0.0281,1.002
2.447899383,-0.0611,0.9885,0.0418,0.991
2.449632614,-0.0498,0.9780,0.0572,0.981
2.452124075,-0.0440,0.9733,0.0662,0.977
2.453547421,-0.0318,0.9662,0.0826,0.970
2.45548769,-0.0249,0.9613,0.0901,0.966
2.47088469,-0.0117,0.9521,0.1055,0.958
2.472440075,0.0012,0.9440,0.1200,0.952
2.474028075,0.0073,0.9396,0.1275,0.948
2.475268844,0.0208,0.9340,0.1395,0.945
2.476996537,0.0325,0.9281,0.1495,0.941
2.478168037,0.0381,0.9240,0.1544,0.938
2.479199229,0.0496,0.9179,0.1625,0.933
2.480143652,0.0599,0.9120,0.1661,0.929
2.481153152,0.0652,0.9093,0.1676,0.927
2.48205196,0.0750,0.9059,0.1713,0.925
2.482751421,0.0789,0.9042,0.1725,0.924
2.483624613,0.0870,0.9012,0.1737,0.922
2.484422998,0.0916,0.8993,0.1686,0.920
2.485404883,0.0936,0.8976,0.1664,0.918
2.486389075,0.0982,0.8961,0.1605,0.916
2.48744046,0.1036,0.8971,0.1581,0.917
2.490178267,0.1053,0.8961,0.1549,0.915
2.491779806,0.1082,0.8964,0.1483,0.915
2.492922729,0.1099,0.8966,0.1461,0.915
2.495147498,0.1109,0.9008,0.1429,0.919
2.496926383,0.1097,0.9034,0.1375,0.920
2.498957652,0.1092,0.9052,0.1334,0.921
2.500705152,0.1109,0.9081,0.1300,0.924
2.502961152,0.1114,0.9098,0.1285,0.926
2.504853652,0.1109,0.9147,0.1275,0.930
2.507986267,0.1097,0.9193,0.1266,0.934
2.509165383,0.1099,0.9213,0.1273,0.937
2.512159344,0.1116,0.9259,0.1305,0.942
2.513684383,0.1138,0.9303,0.1331,0.947
2.514814306,0.1141,0.9323,0.1353,0.949
2.516797229,0.1163,0.9384,0.1405,0.956
2.518686075,0.1178,0.9413,0.1427,0.959
2.520698883,0.1195,0.9445,0.1488,0.964
2.522747229,0.1236,0.9474,0.1564,0.968
2.525815729,0.1251,0.9496,0.1595,0.971
2.527395729,0.1280,0.9535,0.1676,0.977
2.529332113,0.1305,0.9584,0.1732,0.983
2.530543537,0.1319,0.9591,0.1774,0.984
2.532136883,0.1339,0.9599,0.1842,0.987
2.534347537,0.1371,0.9613,0.1879,0.989
2.536424267,0.1380,0.9631,0.1947,0.992
2.538553229,0.1397,0.9640,0.1996,0.994
2.547985652,0.1400,0.9648,0.2028,0.996
2.548790344,0.1407,0.9679,0.2069,1.000
2.549249729,0.1422,0.9701,0.2069,1.002
2.549727383,0.1437,0.9716,0.2084,1.004
2.550663921,0.1417,0.9731,0.2089,1.005
2.551078267,0.1407,0.9743,0.2089,1.006
2.552173306,0.1415,0.9760,0.2084,1.008
2.554174613,0.1419,0.9755,0.2057,1.007
2.556300729,0.1415,0.9760,0.2040,1.007
2.567118883,0.1417,0.9770,0.1991,1.007
2.56762946,0.1373,0.9789,0.1930,1.007
2.567889998,0.1349,0.9802,0.1903,1.008
2.568125998,0.1300,0.9806,0.1818,1.006
2.568348229,0.1239,0.9811,0.1771,1.005
2.568576344,0.1200,0.9814,0.1664,1.003
2.569763767,0.1143,0.9811,0.1566,1.000
2.571810152,0.1107,0.9804,0.1522,0.998
2.578589229,0.1041,0.9806,0.1424,0.996
2.579789344,0.0958,0.9782,0.1309,0.992
2.580726267,0.0921,0.9765,0.1263,0.989
2.58164619,0.0867,0.9728,0.1187,0.984
2.58522119,0.0809,0.9706,0.1153,0.981
2.586216844,0.0770,0.9657,0.1085,0.975
2.587091613,0.0718,0.9613,0.1043,0.970
2.58798769,0.0696,0.9584,0.1002,0.966
2.589461652,0.0650,0.9521,0.0941,0.959
2.592633652,0.0616,0.9435,0.0901,0.950
2.594231536,0.0608,0.9398,0.0892,0.946
2.595267729,0.0562,0.9337,0.0845,0.939
2.597288344,0.0540,0.9286,0.0823,0.934
2.599222267,0.0545,0.9188,0.0814,0.924
2.601259113,0.0559,0.9098,0.0799,0.915
2.603340498,0.0547,0.9061,0.0794,0.911
2.605218344,0.0528,0.8995,0.0765,0.904
2.608110152,0.0525,0.8949,0.0762,0.900
2.61092069,0.0528,0.8915,0.0755,0.896
2.612263306,0.0513,0.8881,0.0757,0.893
2.613778575,0.0515,0.8876,0.0772,0.892
2.615200498,0.0511,0.8866,0.0794,0.892
2.617051652,0.0486,0.8854,0.0840,0.891
2.619066344,0.0481,0.8849,0.0858,0.890
2.621126998,0.0469,0.8844,0.0901,0.890
2.623306613,0.0423,0.8849,0.0928,0.891
2.626182729,0.0410,0.8849,0.0945,0.891
2.627608652,0.0391,0.8878,0.0994,0.894
2.628961652,0.0357,0.8900,0.1031,0.897
2.630992344,0.0347,0.8915,0.1046,0.898
2.632866729,0.0313,0.8932,0.1080,0.900
2.634848229,0.0303,0.8956,0.1102,0.903
2.636904998,0.0279,0.9010,0.1158,0.909
2.63891496,0.0239,0.9037,0.1222,0.912
2.64867619,0.0222,0.9059,0.1246,0.915
2.650216729,0.0198,0.9108,0.1287,0.920
2.651137036,0.0151,0.9137,0.1339,0.924
2.652099229,0.0142,0.9144,0.1353,0.925
2.653067267,0.0112,0.9137,0.1368,0.924
2.654141152,0.0095,0.9139,0.1371,0.924
2.65523846,0.0071,0.9127,0.1368,0.923
2.65609169,0.0086,0.9130,0.1339,0.923
2.65721596,0.0086,0.9122,0.1353,0.922
2.669465113,0.0086,0.9088,0.1346,0.919
2.669995806,0.0088,0.9071,0.1329,0.917
2.670243229,0.0100,0.9049,0.1317,0.914
2.670475459,0.0105,0.9017,0.1285,0.911
2.670706613,0.0100,0.9008,0.1261,0.910
2.670941767,0.0120,0.9000,0.1244,0.909
2.671163152,0.0144,0.8998,0.1200,0.908
2.679639652,0.0156,0.8981,0.1185,0.906
2.680200998,0.0164,0.8968,0.1148,0.904
2.680468806,0.0171,0.8968,0.1134,0.904
2.680693767,0.0181,0.8978,0.1112,0.905
2.680923536,0.0208,0.9003,0.1046,0.907
2.682280344,0.0203,0.9025,0.1014,0.908
2.684208036,0.0210,0.9052,0.0975,0.911
2.686476767,0.0217,0.9105,0.0921,0.915
2.688095959,0.0225,0.9127,0.0916,0.918
2.690036459,0.0247,0.9183,0.0899,0.923
2.692811729,0.0271,0.9264,0.0862,0.931
2.694020267,0.0281,0.9311,0.0853,0.935
2.695898113,0.0320,0.9413,0.0826,0.945
2.697966498,0.0330,0.9462,0.0814,0.950
2.69994669,0.0376,0.9540,0.0782,0.958
2.701980613,0.0425,0.9648,0.0740,0.969
2.703803036,0.0450,0.9684,0.0723,0.972
2.706315652,0.0472,0.9770,0.0674,0.980
2.709895344,0.0511,0.9858,0.0643,0.989
2.71119769,0.0528,0.9904,0.0623,0.994
2.712242229,0.0572,1.0002,0.0584,1.004
2.71365619,0.0584,1.0051,0.0572,1.008
2.715559844,0.0628,1.0131,0.0557,1.017
2.717761998,0.0687,1.0202,0.0577,1.024
2.719917459,0.0711,1.0236,0.0579,1.028
2.721710459,0.0755,1.0302,0.0608,1.035
2.723768652,0.0806,1.0376,0.0633,1.043
2.726767921,0.0826,1.0405,0.0650,1.046
2.72847219,0.0875,1.0471,0.0701,1.053
2.729689421,0.0897,1.0503,0.0735,1.057
2.732326883,0.0916,1.0569,0.0774,1.064
2.733514652,0.0950,1.0644,0.0818,1.072
2.735411536,0.0967,1.0684,0.0828,1.076
2.737163229,0.1007,1.0742,0.0853,1.082
2.739393267,0.1033,1.0818,0.0833,1.090
2.749524613,0.1055,1.0847,0.0816,1.093
2.751010652,0.1087,1.0901,0.0748,1.098
2.752284344,0.1099,1.0930,0.0706,1.101
2.75324869,0.1138,1.1004,0.0643,1.108
2.754450306,0.1175,1.1045,0.0550,1.112
2.755629959,0.1192,1.1070,0.0498,1.114
2.756739806,0.1209,1.1116,0.0384,1.119
2.757942921,0.1268,1.1165,0.0291,1.124
2.758282613,0.1280,1.1175,0.0242,1.125
2.775581844,0.1336,1.1211,0.0139,1.129
2.776179267,0.1346,1.1241,0.0100,1.132
2.776429882,0.1380,1.1263,0.0024,1.135
2.776667959,0.1400,1.1265,-0.0054,1.135
2.776891113,0.1405,1.1267,-0.0073,1.135
2.777120844,0.1429,1.1260,-0.0112,1.135
2.777388613,0.1419,1.1277,-0.0139,1.137
2.777632344,0.1407,1.1287,-0.0154,1.138
2.777871882,0.1383,1.1302,-0.0161,1.139
2.77809969,0.1366,1.1309,-0.0161,1.139
2.782472267,0.1341,1.1316,-0.0166,1.140
2.782742613,0.1278,1.1343,-0.0139,1.142
2.783561498,0.1251,1.1358,-0.0127,1.143
2.784463998,0.1173,1.1377,-0.0081,1.144
2.786765113,0.1092,1.1431,-0.0020,1.148
2.78844319,0.1053,1.1468,0.0000,1.152
2.79057319,0.0989,1.1575,0.0061,1.162
2.793603267,0.0916,1.1700,0.0120,1.174
2.794770806,0.0867,1.1763,0.0151,1.180
2.800255767,0.0772,1.1917,0.0205,1.194
2.800708613,0.0735,1.2003,0.0232,1.203
2.800950113,0.0679,1.2201,0.0296,1.222
2.816928959,0.0635,1.2411,0.0384,1.243
2.818510844,0.0611,1.2528,0.0432,1.255
2.819602998,0.0572,1.2772,0.0552,1.280
2.820706613,0.0540,1.3029,0.0657,1.306
2.821868882,0.0515,1.3139,0.0723,1.317
2.822944959,0.0457,1.3324,0.0853,1.336
2.82408269,0.0423,1.3417,0.0919,1.346
2.825224382,0.0371,1.3588,0.1051,1.363
2.830691152,0.0332,1.3698,0.1214,1.376
2.832025152,0.0283,1.3730,0.1295,1.379
2.833165113,0.0257,1.3740,0.1461,1.382
2.834332498,0.0242,1.3723,0.1634,1.382
2.835497844,0.0222,1.3664,0.1710,1.377
2.836385575,0.0198,1.3581,0.1857,1.371
2.83746419,0.0203,1.3530,0.1947,1.367
2.838980459,0.0198,1.3395,0.2140,1.357
2.840090113,0.0220,1.3278,0.2340,1.348
2.841865113,0.0242,1.3212,0.2441,1.344
2.84220269,0.0291,1.3097,0.2626,1.336
2.842472152,0.0305,1.3024,0.2800,1.333
2.842710075,0.0322,1.2899,0.2880,1.322
2.847059921,0.0344,1.2770,0.3003,1.312
2.847648036,0.0354,1.2694,0.3027,1.305
2.848885075,0.0374,1.2540,0.3081,1.292
2.853977998,0.0388,1.2367,0.3076,1.275
2.854483459,0.0381,1.2296,0.3037,1.267
2.854734421,0.0384,1.2120,0.2897,1.247
2.855579806,0.0396,1.2025,0.2810,1.235
2.868698806,0.0406,1.1822,0.2587,1.211
2.869317767,0.0454,1.1641,0.2318,1.188
2.869606459,0.0496,1.1553,0.2191,1.177
2.869851498,0.0596,1.1382,0.1886,1.155
2.870076113,0.0665,1.1226,0.1627,1.136
2.870305882,0.0701,1.1143,0.1510,1.127
2.870542998,0.0794,1.0974,0.1285,1.108
2.871240613,0.0840,1.0884,0.1173,1.098
2.873084536,0.0867,1.0720,0.0989,1.080
2.876763767,0.0958,1.0559,0.0826,1.063
2.877420767,0.0970,1.0486,0.0748,1.056
2.879074652,0.1019,1.0324,0.0599,1.039
2.881091613,0.1082,1.0153,0.0432,1.022
2.883260459,0.1107,1.0063,0.0340,1.013
2.884984767,0.1143,0.9875,0.0188,0.994
2.886996075,0.1175,0.9784,0.0056,0.985
2.888964844,0.1190,0.9621,0.0000,0.969
2.892048075,0.1222,0.9472,-0.0112,0.955
2.892971459,0.1239,0.9401,-0.0169,0.948
2.894927344,0.1256,0.9254,-0.0261,0.934
2.896820959,0.1251,0.9137,-0.0298,0.923
2.899103613,0.1256,0.9066,-0.0308,0.916
2.900906305,0.1261,0.8944,-0.0308,0.904
2.902802959,0.1266,0.8837,-0.0303,0.893
2.904646536,0.1256,0.8783,-0.0286,0.888
2.906762575,0.1217,0.8688,-0.0244,0.878
2.908862959,0.1200,0.8629,-0.0220,0.871
2.910934805,0.1143,0.8524,-0.0161,0.860
2.912675536,0.1104,0.8416,-0.0117,0.849
2.914834959,0.1060,0.8355,-0.0098,0.842
2.916458729,0.0977,0.8236,-0.0076,0.829
2.918617767,0.0916,0.8189,-0.0073,0.824
2.920469844,0.0880,0.8035,-0.0056,0.808
2.922853844,0.0794,0.7891,-0.0010,0.793
2.926363882,0.0752,0.7823,0.0000,0.786
2.927773305,0.0677,0.7683,0.0039,0.771
2.928864652,0.0596,0.7549,0.0107,0.757
2.930385921,0.0542,0.7483,0.0147,0.750
2.93244969,0.0413,0.7356,0.0210,0.737
2.934347498,0.0359,0.7290,0.0254,0.730
2.936262382,0.0225,0.7190,0.0379,0.720
2.938783882,0.0056,0.7090,0.0503,0.711
2.940311421,-0.0015,0.7046,0.0552,0.707
2.951308767,-0.0178,0.6953,0.0674,0.699
2.952851729,-0.0342,0.6870,0.0750,0.692
2.954020152,-0.0410,0.6841,0.0796,0.690
2.955040613,-0.0547,0.6799,0.0882,0.688
2.95620419,-0.0628,0.6770,0.0916,0.686
2.957312921,-0.0774,0.6726,0.0987,0.684
2.958574421,-0.0936,0.6728,0.1041,0.687
2.959559075,-0.1011,0.6731,0.1053,0.689
2.960410113,-0.1134,0.6745,0.1070,0.692
2.961195267,-0.1261,0.6792,0.1114,0.700
2.962385998,-0.1329,0.6823,0.1119,0.704
2.972741229,-0.1449,0.6899,0.1148,0.714
2.974311305,-0.1507,0.6955,0.1151,0.721
2.975303805,-0.1652,0.7087,0.1116,0.736
2.976323075,-0.1793,0.7234,0.1121,0.754
2.977663075,-0.1827,0.7324,0.1121,0.763
2.978683229,-0.1906,0.7498,0.1099,0.781
2.979911613,-0.1979,0.7586,0.1082,0.791
2.980873152,-0.2020,0.7771,0.1043,0.810
2.982034267,-0.2101,0.7994,0.1026,0.833
2.982883805,-0.2138,0.8111,0.1004,0.845
2.983928652,-0.2211,0.8343,0.0945,0.868
2.986634421,-0.2265,0.8602,0.0901,0.894
2.988047882,-0.2296,0.8736,0.0892,0.908
2.989624267,-0.2370,0.8990,0.0853,0.934
2.995412728,-0.2431,0.9237,0.0823,0.959
2.997038882,-0.2431,0.9376,0.0806,0.972
2.998333959,-0.2441,0.9643,0.0760,0.998
2.999609998,-0.2438,0.9772,0.0740,1.010
3.000445882,-0.2443,1.0017,0.0745,1.034
3.001618421,-0.2416,1.0261,0.0762,1.057
3.003678498,-0.2399,1.0390,0.0765,1.069
3.005556152,-0.2333,1.0605,0.0779,1.089
3.007876498,-0.2255,1.0801,0.0801,1.106
3.01105569,-0.2204,1.0899,0.0818,1.115
3.012463652,-0.2064,1.1072,0.0872,1.130
3.014229728,-0.1981,1.1150,0.0894,1.136
3.015486921,-0.1835,1.1275,0.0938,1.146
3.017146844,-0.1676,1.1402,0.0989,1.157
3.019685959,-0.1595,1.1441,0.1031,1.160
3.021275921,-0.1427,1.1517,0.1092,1.166
3.023331882,-0.1273,1.1573,0.1138,1.170
3.026689344,-0.1207,1.1587,0.1156,1.171
3.028300267,-0.1063,1.1612,0.1190,1.172
3.029498036,-0.0928,1.1631,0.1192,1.173
3.031189113,-0.0870,1.1629,0.1190,1.172
3.033136152,-0.0760,1.1609,0.1158,1.169
3.035034498,-0.0711,1.1587,0.1146,1.167
3.036928036,-0.0640,1.1556,0.1099,1.163
3.038907998,-0.0559,1.1495,0.1036,1.155
3.041178959,-0.0545,1.1470,0.0997,1.153
3.051307959,-0.0537,1.1387,0.0909,1.144
3.052909998,-0.0518,1.1299,0.0828,1.134
3.054139459,-0.0508,1.1255,0.0789,1.129
3.054627075,-0.0501,1.1145,0.0723,1.118
3.055081421,-0.0491,1.1101,0.0684,1.113
3.055500036,-0.0464,1.0999,0.0638,1.103
3.055932421,-0.0423,1.0908,0.0628,1.093
3.056587036,-0.0391,1.0855,0.0611,1.088
3.068755921,-0.0347,1.0732,0.0574,1.075
3.069425921,-0.0293,1.0618,0.0591,1.064
3.069685882,-0.0279,1.0559,0.0601,1.058
3.06991719,-0.0242,1.0444,0.0650,1.047
3.070157959,-0.0217,1.0388,0.0682,1.041
3.070391805,-0.0183,1.0271,0.0760,1.030
3.074226113,-0.0144,1.0153,0.0828,1.019
3.074512998,-0.0117,1.0097,0.0862,1.013
3.074748613,-0.0078,0.9985,0.0972,1.003
3.077691152,-0.0022,0.9933,0.1082,0.999
3.078093498,-0.0007,0.9841,0.1136,0.991
3.080039305,0.0044,0.9762,0.1251,0.984
3.082588267,0.0076,0.9716,0.1292,0.980
3.084081152,0.0125,0.9638,0.1388,0.974
3.08624769,0.0188,0.9579,0.1480,0.969
3.088039728,0.0237,0.9557,0.1539,0.968
3.092892344,0.0296,0.9511,0.1637,0.966
3.093585344,0.0362,0.9452,0.1698,0.961
3.095354536,0.0386,0.9423,0.1730,0.959
3.096910767,0.0440,0.9372,0.1779,0.955
3.098118267,0.0474,0.9362,0.1798,0.954
3.09997469,0.0520,0.9342,0.1840,0.954
3.102017536,0.0540,0.9333,0.1840,0.953
3.103893113,0.0550,0.9318,0.1845,0.951
3.106131228,0.0550,0.9291,0.1830,0.949
3.107817613,0.0569,0.9284,0.1825,0.948
3.109932498,0.0567,0.9279,0.1810,0.947
3.111798998,0.0559,0.9257,0.1796,0.945
3.114027844,0.0528,0.9247,0.1725,0.942
3.115765805,0.0535,0.9240,0.1708,0.941
3.117764805,0.0523,0.9230,0.1627,0.939
3.119748421,0.0503,0.9227,0.1593,0.938
3.121739036,0.0445,0.9198,0.1549,0.934
3.12385369,0.0401,0.9174,0.1493,0.930
3.12898369,0.0386,0.9159,0.1461,0.928
3.129514421,0.0364,0.9127,0.1405,0.924
3.12977419,0.0325,0.9113,0.1349,0.922
3.131449959,0.0310,0.9098,0.1317,0.920
3.133663921,0.0288,0.9064,0.1258,0.916
3.13564019,0.0274,0.9054,0.1246,0.914
3.139857228,0.0232,0.9025,0.1222,0.911
3.140325998,0.0200,0.8976,0.1200,0.906
3.142261036,0.0193,0.8951,0.1197,0.903
3.149769228,0.0166,0.8922,0.1197,0.900
3.150495536,0.0154,0.8915,0.1209,0.900
3.150883036,0.0151,0.8898,0.1226,0.898
3.151282844,0.0139,0.8856,0.1263,0.895
3.151672036,0.0134,0.8841,0.1285,0.894
3.157230075,0.0125,0.8817,0.1331,0.892
3.157882382,0.0120,0.8780,0.1402,0.889
3.158295959,0.0120,0.8768,0.1434,0.889
3.160699844,0.0100,0.8741,0.1498,0.887
3.162003305,0.0098,0.8719,0.1556,0.886
3.163262498,0.0100,0.8722,0.1603,0.887
3.165964421,0.0093,0.8705,0.1703,0.887
3.167236613,0.0086,0.8697,0.1722,0.887
3.169058575,0.0049,0.8690,0.1769,0.887
3.171265921,0.0042,0.8688,0.1849,0.888
3.172991575,0.0032,0.8688,0.1888,0.889
3.176610998,0.0012,0.8683,0.1920,0.889
3.177744805,-0.0007,0.8712,0.1957,0.893
3.179169805,-0.0012,0.8724,0.1981,0.895
3.181076228,-0.0044,0.8734,0.2003,0.896
3.183109805,-0.0051,0.8744,0.2013,0.897
3.185003651,-0.0061,0.8805,0.2042,0.904
3.187090228,-0.0086,0.8824,0.2023,0.905
3.188748805,-0.0090,0.8837,0.2025,0.907
3.191605613,-0.0132,0.8856,0.2016,0.908
3.193935921,-0.0154,0.8883,0.2008,0.911
3.194965305,-0.0176,0.8888,0.2011,0.911
3.196738882,-0.0222,0.8927,0.1976,0.915
3.199123959,-0.0269,0.8951,0.1940,0.916
3.202667575,-0.0286,0.8966,0.1898,0.917
3.203017151,-0.0315,0.9005,0.1881,0.920
3.204537613,-0.0337,0.9025,0.1857,0.922
3.207121421,-0.0374,0.9066,0.1825,0.926
3.21016569,-0.0403,0.9091,0.1779,0.927
3.210947421,-0.0408,0.9105,0.1764,0.928
3.212540113,-0.0420,0.9122,0.1732,0.929
3.214569844,-0.0425,0.9137,0.1720,0.931
3.216532305,-0.0452,0.9154,0.1732,0.933
3.218393805,-0.0459,0.9179,0.1725,0.935
3.220343267,-0.0464,0.9193,0.1730,0.937
3.22256669,-0.0472,0.9213,0.1739,0.939
3.22427569,-0.0474,0.9237,0.1754,0.941
3.226870228,-0.0484,0.9247,0.1759,0.943
3.228729651,-0.0511,0.9259,0.1801,0.945
3.230367382,-0.0511,0.9264,0.1805,0.945
3.232294998,-0.0518,0.9271,0.1840,0.947
3.234427959,-0.0513,0.9264,0.1896,0.947
3.236054421,-0.0513,0.9264,0.1915,0.947
3.238247959,-0.0518,0.9264,0.1967,0.948
3.240059305,-0.0533,0.9259,0.2001,0.949
3.247267151,-0.0528,0.9252,0.2006,0.948
3.247907651,-0.0535,0.9267,0.2038,0.950
3.248279228,-0.0528,0.9267,0.2047,0.950
3.248636344,-0.0511,0.9259,0.2074,0.950
3.249923613,-0.0498,0.9247,0.2116,0.950
3.253927498,-0.0496,0.9247,0.2125,0.950
3.254249921,-0.0476,0.9259,0.2147,0.952
3.255959344,-0.0447,0.9267,0.2179,0.953
3.257833767,-0.0447,0.9269,0.2204,0.954
3.267563536,-0.0410,0.9276,0.2213,0.955
3.268124305,-0.0398,0.9259,0.2213,0.953
3.268388921,-0.0384,0.9264,0.2228,0.954
3.268651113,-0.0364,0.9279,0.2253,0.956
3.268904998,-0.0359,0.9279,0.2260,0.956
3.269903998,-0.0342,0.9281,0.2265,0.956
3.27172419,-0.0322,0.9286,0.2270,0.956
3.273642844,-0.0305,0.9279,0.2279,0.956
3.276670805,-0.0271,0.9264,0.2292,0.955
3.278181036,-0.0249,0.9264,0.2311,0.955
3.279535305,-0.0235,0.9264,0.2309,0.955
3.281410805,-0.0203,0.9247,0.2306,0.953
3.283574998,-0.0183,0.9247,0.2311,0.953
3.285639651,-0.0151,0.9230,0.2296,0.951
3.287625382,-0.0154,0.9215,0.2292,0.950
3.289297959,-0.0154,0.9198,0.2301,0.948
3.291317574,-0.0151,0.9188,0.2292,0.947
3.293494074,-0.0149,0.9181,0.2287,0.946
3.295253536,-0.0129,0.9179,0.2272,0.946
3.297130459,-0.0125,0.9159,0.2272,0.944
3.299174613,-0.0132,0.9152,0.2270,0.943
3.301000844,-0.0151,0.9137,0.2265,0.941
3.303119805,-0.0171,0.9149,0.2245,0.942
3.304986844,-0.0183,0.9139,0.2226,0.941
3.306975574,-0.0225,0.9142,0.2189,0.940
3.309849113,-0.0239,0.9137,0.2187,0.940
3.312278036,-0.0271,0.9152,0.2162,0.941
3.31288569,-0.0308,0.9181,0.2128,0.943
3.31492769,-0.0320,0.9201,0.2111,0.945
3.316830728,-0.0366,0.9235,0.2069,0.947
3.318829959,-0.0428,0.9286,0.2038,0.952
3.320696882,-0.0459,0.9320,0.2011,0.955
3.322859459,-0.0493,0.9372,0.1952,0.959
3.32508669,-0.0540,0.9398,0.1910,0.961
3.327021997,-0.0579,0.9479,0.1884,0.968
3.328706536,-0.0640,0.9530,0.1837,0.973
3.330805113,-0.0672,0.9565,0.1810,0.976
3.33285869,-0.0728,0.9653,0.1781,0.984
3.334649805,-0.0772,0.9736,0.1749,0.992
3.336496497,-0.0799,0.9780,0.1739,0.997
3.338785767,-0.0818,0.9872,0.1715,1.005
3.34060769,-0.0843,0.9958,0.1669,1.013
3.346671459,-0.0865,1.0004,0.1656,1.018
3.347135267,-0.0875,1.0058,0.1642,1.023
3.347389959,-0.0877,1.0085,0.1630,1.025
3.352391421,-0.0921,1.0168,0.1642,1.034
3.352633882,-0.0931,1.0236,0.1642,1.041
3.352857305,-0.0933,1.0273,0.1654,1.045
3.35471569,-0.0963,1.0359,0.1676,1.054
3.356304574,-0.0977,1.0422,0.1676,1.060
3.358484613,-0.1004,1.0444,0.1673,1.062
3.367272228,-0.1029,1.0488,0.1673,1.067
3.367829151,-0.1029,1.0505,0.1688,1.069
3.368095459,-0.1055,1.0544,0.1695,1.073
3.368352382,-0.1075,1.0581,0.1722,1.077
3.368583613,-0.1077,1.0596,0.1727,1.079
3.370098805,-0.1090,1.0622,0.1744,1.082
3.372123382,-0.1097,1.0637,0.1757,1.084
3.374159305,-0.1104,1.0632,0.1754,1.083
3.376370613,-0.1102,1.0630,0.1776,1.083
3.378102805,-0.1094,1.0630,0.1774,1.083
3.380033844,-0.1102,1.0635,0.1774,1.084
3.382024459,-0.1104,1.0647,0.1791,1.085
3.383907074,-0.1109,1.0659,0.1793,1.087
3.385979997,-0.1134,1.0657,0.1791,1.087
3.387887267,-0.1148,1.0654,0.1781,1.086
3.390028074,-0.1156,1.0688,0.1776,1.090
3.393640536,-0.1192,1.0693,0.1766,1.090
3.394908459,-0.1195,1.0706,0.1761,1.092
3.395855959,-0.1202,1.0730,0.1754,1.094
3.398005228,-0.1212,1.0752,0.1727,1.096
3.399720997,-0.1222,1.0759,0.1708,1.096
3.401719228,-0.1239,1.0771,0.1678,1.097
3.403827305,-0.1256,1.0779,0.1656,1.098
3.405698421,-0.1256,1.0806,0.1647,1.100
3.407730997,-0.1270,1.0823,0.1605,1.101
3.411061036,-0.1263,1.0820,0.1588,1.101
3.412525036,-0.1253,1.0837,0.1549,1.102
3.414243882,-0.1204,1.0840,0.1515,1.101
3.415841228,-0.1197,1.0837,0.1505,1.101
3.417742536,-0.1168,1.0837,0.1495,1.100
3.419747767,-0.1092,1.0852,0.1473,1.101
3.421658151,-0.1043,1.0842,0.1468,1.099
3.423454767,-0.0945,1.0833,0.1471,1.097
3.42644119,-0.0892,1.0828,0.1483,1.097
3.429257228,-0.0765,1.0825,0.1498,1.096
3.430812074,-0.0657,1.0828,0.1534,1.096
3.431979113,-0.0596,1.0828,0.1566,1.096
3.434015036,-0.0479,1.0845,0.1630,1.098
3.435186305,-0.0384,1.0872,0.1673,1.101
3.437566997,-0.0327,1.0911,0.1798,1.106
3.439252113,-0.0230,1.0960,0.1891,1.112
3.441096151,-0.0176,1.0996,0.1945,1.117
3.451133228,-0.0081,1.1077,0.2077,1.127
3.45173269,0.0029,1.1187,0.2191,1.140
3.451990997,0.0066,1.1243,0.2253,1.147
3.452228997,0.0132,1.1333,0.2397,1.158
3.45246342,0.0225,1.1382,0.2543,1.167
3.455980574,0.0257,1.1482,0.2607,1.178
3.456216382,0.0325,1.1590,0.2744,1.191
3.456537267,0.0357,1.1641,0.2817,1.198
3.474711305,0.0440,1.1751,0.2949,1.212
3.475432574,0.0537,1.1827,0.3046,1.222
3.475683767,0.0567,1.1861,0.3078,1.227
3.475921228,0.0652,1.1939,0.3110,1.235
3.476156997,0.0743,1.1966,0.3112,1.239
3.476386767,0.0794,1.2027,0.3098,1.245
3.47660969,0.0914,1.2052,0.3061,1.247
3.476854536,0.0977,1.2054,0.3025,1.247
3.477103997,0.1085,1.2035,0.2937,1.244
3.477404074,0.1195,1.2039,0.2802,1.242
3.478368651,0.1244,1.2044,0.2739,1.241
3.480517228,0.1334,1.2035,0.2621,1.239
3.482537497,0.1358,1.2039,0.2543,1.238
3.484422651,0.1400,1.2057,0.2380,1.237
3.486578805,0.1402,1.2083,0.2216,1.236
3.488252536,0.1378,1.2100,0.2138,1.236
3.490329459,0.1327,1.2149,0.1981,1.238
3.494482344,0.1229,1.2220,0.1796,1.241
3.495061382,0.1187,1.2269,0.1678,1.244
3.496227113,0.1043,1.2384,0.1459,1.251
3.498331574,0.0963,1.2443,0.1349,1.255
3.50035169,0.0799,1.2562,0.1112,1.264
3.502125574,0.0635,1.2677,0.0850,1.272
3.504101805,0.0559,1.2741,0.0726,1.277
3.506346344,0.0401,1.2868,0.0467,1.288
3.508159497,0.0235,1.2992,0.0217,1.300
3.510316228,0.0159,1.3044,0.0093,1.304
3.513009651,0.0027,1.3144,-0.0171,1.314
3.514057728,-0.0083,1.3183,-0.0281,1.319
3.515900574,-0.0129,1.3222,-0.0503,1.323
3.51786492,-0.0205,1.3263,-0.0704,1.328
3.519963882,-0.0225,1.3268,-0.0801,1.329
3.52189119,-0.0222,1.3237,-0.1004,1.328
3.523813844,-0.0235,1.3166,-0.1185,1.322
3.532801536,-0.0215,1.3109,-0.1283,1.317
3.534081151,-0.0169,1.2968,-0.1495,1.305
3.534868459,-0.0142,1.2885,-0.1581,1.298
3.535706805,-0.0076,1.2682,-0.1761,1.280
3.536846574,-0.0012,1.2465,-0.1947,1.262
3.537875113,0.0012,1.2347,-0.2028,1.251
3.538607267,0.0083,1.2113,-0.2145,1.230
3.539711497,0.0169,1.1866,-0.2274,1.208
3.553037036,0.0200,1.1736,-0.2311,1.196
3.554404767,0.0239,1.1443,-0.2394,1.169
3.555344497,0.0269,1.1287,-0.2443,1.155
3.556114767,0.0300,1.0967,-0.2519,1.126
3.556864805,0.0315,1.0630,-0.2555,1.094
3.557925305,0.0322,1.0466,-0.2553,1.078
3.558840728,0.0327,1.0112,-0.2551,1.043
3.559877497,0.0349,0.9804,-0.2529,1.013
3.560861959,0.0344,0.9628,-0.2504,0.995
3.561985843,0.0337,0.9279,-0.2431,0.960
3.562679305,0.0344,0.9118,-0.2358,0.942
3.563590613,0.0354,0.8785,-0.2211,0.907
3.566124074,0.0366,0.8453,-0.2055,0.871
3.567422305,0.0357,0.8289,-0.1962,0.853
3.569501728,0.0374,0.7986,-0.1747,0.818
3.571256382,0.0410,0.7679,-0.1512,0.784
3.573156036,0.0425,0.7522,-0.1402,0.766
3.575429805,0.0437,0.7222,-0.1124,0.732
3.578689497,0.0430,0.7065,-0.0960,0.714
3.581934959,0.0425,0.6782,-0.0640,0.683
3.583097113,0.0415,0.6535,-0.0308,0.656
3.584198997,0.0410,0.6408,-0.0132,0.642
3.585510613,0.0396,0.6174,0.0208,0.619
3.587434459,0.0464,0.5959,0.0523,0.600
3.588897574,0.0484,0.5854,0.0665,0.591
3.590940536,0.0533,0.5668,0.0960,0.577
3.593742497,0.0547,0.5592,0.1119,0.573
3.596376343,0.0542,0.5472,0.1385,0.567
3.598003036,0.0574,0.5402,0.1610,0.567
3.599341651,0.0591,0.5372,0.1720,0.567
3.600800767,0.0623,0.5345,0.1940,0.572
3.602717113,0.0633,0.5323,0.2103,0.576
3.604592151,0.0652,0.5341,0.2172,0.580
3.606718267,0.0674,0.5387,0.2231,0.587
3.60883892,0.0684,0.5431,0.2248,0.592
3.612345536,0.0682,0.5529,0.2250,0.601
3.613900805,0.0657,0.5648,0.2206,0.610
3.615787574,0.0657,0.5709,0.2169,0.614
3.616948305,0.0640,0.5866,0.2045,0.624
3.618545036,0.0647,0.6037,0.1896,0.636
3.620454113,0.0643,0.6137,0.1813,0.643
3.62237669,0.0628,0.6335,0.1656,0.658
3.624259113,0.0635,0.6445,0.1568,0.666
3.627725805,0.0628,0.6665,0.1410,0.684
3.629243882,0.0608,0.6914,0.1241,0.705
3.631166536,0.0599,0.7051,0.1163,0.717
3.632367843,0.0550,0.7312,0.1009,0.740
3.634216305,0.0513,0.7578,0.0882,0.765
3.636511766,0.0472,0.7730,0.0828,0.779
3.638221459,0.0366,0.8035,0.0721,0.808
3.64026992,0.0332,0.8192,0.0662,0.823
3.642072997,0.0249,0.8509,0.0550,0.853
3.652212805,0.0132,0.8844,0.0493,0.886
3.653782228,0.0073,0.9008,0.0452,0.902
3.654868459,-0.0049,0.9313,0.0374,0.932
3.656008343,-0.0166,0.9672,0.0305,0.968
3.656977536,-0.0232,0.9848,0.0279,0.985
3.65792069,-0.0364,1.0190,0.0210,1.020
3.658305113,-0.0423,1.0332,0.0161,1.034
3.658596728,-0.0542,1.0642,0.0112,1.066
3.66848142,-0.0665,1.0994,0.0064,1.101
3.669083343,-0.0730,1.1157,0.0029,1.118
3.669329151,-0.0865,1.1448,-0.0049,1.148
3.669607843,-0.0975,1.1714,-0.0134,1.176
3.669843382,-0.1031,1.1864,-0.0181,1.191
3.67008269,-0.1134,1.2127,-0.0232,1.218
3.67146192,-0.1170,1.2245,-0.0264,1.230
3.67352792,-0.1251,1.2462,-0.0327,1.253
3.675345074,-0.1346,1.2692,-0.0371,1.277
3.67743469,-0.1385,1.2782,-0.0398,1.286
3.679352997,-0.1441,1.2931,-0.0452,1.302
3.681289459,-0.1502,1.3041,-0.0525,1.314
3.683396766,-0.1520,1.3083,-0.0535,1.318
3.685509113,-0.1537,1.3158,-0.0584,1.326
3.687425728,-0.1534,1.3180,-0.0606,1.328
3.689298959,-0.1524,1.3183,-0.0633,1.329
3.691131497,-0.1493,1.3129,-0.0677,1.323
3.693876843,-0.1473,1.3097,-0.0704,1.320
3.695713613,-0.1437,1.2995,-0.0757,1.310
3.697085113,-0.1395,1.2848,-0.0787,1.295
3.699210497,-0.1356,1.2770,-0.0806,1.287
3.701218843,-0.1287,1.2614,-0.0853,1.271
3.703041305,-0.1270,1.2528,-0.0872,1.262
3.705228805,-0.1231,1.2328,-0.0887,1.242
3.707083574,-0.1209,1.2125,-0.0875,1.222
3.70906869,-0.1195,1.2008,-0.0875,1.210
3.711663151,-0.1195,1.1790,-0.0870,1.188
3.712858728,-0.1170,1.1575,-0.0836,1.166
3.714844882,-0.1153,1.1465,-0.0818,1.155
3.716836305,-0.1104,1.1260,-0.0755,1.134
3.719036305,-0.1063,1.1155,-0.0696,1.123
3.720821382,-0.0985,1.0960,-0.0589,1.102
3.723011882,-0.0897,1.0737,-0.0479,1.079
3.72494469,-0.0853,1.0630,-0.0413,1.067
3.727229805,-0.0752,1.0439,-0.0247,1.047
3.735728266,-0.0682,1.0254,-0.0059,1.028
3.737451113,-0.0645,1.0163,0.0056,1.018
3.738175728,-0.0574,0.9997,0.0300,1.002
3.738937266,-0.0540,0.9919,0.0520,0.995
3.739653574,-0.0511,0.9797,0.0643,0.983
3.740336151,-0.0462,0.9701,0.0884,0.975
3.741041343,-0.0440,0.9657,0.0989,0.972
3.754822497,-0.0401,0.9555,0.1231,0.964
3.756245343,-0.0369,0.9457,0.1451,0.957
3.757145459,-0.0340,0.9433,0.1559,0.957
3.75810792,-0.0305,0.9364,0.1752,0.953
3.759213113,-0.0283,0.9335,0.1847,0.952
3.760353574,-0.0271,0.9303,0.2016,0.952
3.761581997,-0.0261,0.9257,0.2179,0.951
3.762762113,-0.0254,0.9242,0.2243,0.951
3.763710843,-0.0242,0.9220,0.2331,0.951
3.764746151,-0.0200,0.9208,0.2389,0.951
3.765910151,-0.0217,0.9210,0.2404,0.952
3.766880613,-0.0244,0.9213,0.2409,0.953
3.767589113,-0.0257,0.9213,0.2409,0.953
3.768458343,-0.0264,0.9220,0.2382,0.953
3.770994613,-0.0293,0.9240,0.2316,0.953
3.772400497,-0.0310,0.9240,0.2282,0.952
3.774645574,-0.0362,0.9269,0.2174,0.953
3.779990536,-0.0418,0.9291,0.2077,0.953
3.781496959,-0.0432,0.9301,0.2030,0.953
3.782719882,-0.0472,0.9325,0.1908,0.953
3.783658651,-0.0503,0.9337,0.1830,0.953
3.784588574,-0.0528,0.9367,0.1722,0.954
3.786196343,-0.0545,0.9391,0.1581,0.954
3.788211113,-0.0545,0.9401,0.1505,0.954
3.790057074,-0.0562,0.9425,0.1378,0.954
3.792080959,-0.0567,0.9411,0.1248,0.951
3.795402228,-0.0564,0.9406,0.1187,0.950
3.796801536,-0.0547,0.9401,0.1053,0.948
3.798723074,-0.0523,0.9398,0.0960,0.946
3.800013689,-0.0518,0.9394,0.0914,0.945
3.802062613,-0.0491,0.9418,0.0809,0.947
3.803916805,-0.0472,0.9416,0.0762,0.946
3.806081728,-0.0437,0.9401,0.0701,0.944
3.808008151,-0.0384,0.9376,0.0633,0.941
3.811289843,-0.0342,0.9359,0.0606,0.939
3.812784305,-0.0308,0.9364,0.0599,0.939
3.81395892,-0.0271,0.9342,0.0572,0.936
3.816054574,-0.0249,0.9323,0.0559,0.934
3.817674459,-0.0193,0.9296,0.0569,0.932
3.820885074,-0.0134,0.9284,0.0569,0.930
3.821993074,-0.0088,0.9259,0.0569,0.928
3.823724574,0.0000,0.9230,0.0589,0.925
3.825710805,0.0037,0.9218,0.0603,0.924
3.82989892,0.0137,0.9176,0.0621,0.920
3.831186228,0.0227,0.9152,0.0640,0.918
3.832363959,0.0286,0.9125,0.0660,0.915
3.836832766,0.0362,0.9086,0.0689,0.912
3.838034151,0.0430,0.9047,0.0721,0.909
3.838786074,0.0469,0.9020,0.0728,0.906
3.839669305,0.0528,0.8978,0.0770,0.903
3.841515036,0.0569,0.8959,0.0792,0.901
3.851779689,0.0633,0.8925,0.0816,0.898
3.85316542,0.0677,0.8876,0.0845,0.894
3.854326459,0.0708,0.8859,0.0872,0.893
3.855453651,0.0745,0.8839,0.0926,0.892
3.856575843,0.0757,0.8824,0.0953,0.891
3.857694382,0.0789,0.8788,0.1002,0.888
3.85810692,0.0823,0.8775,0.1065,0.888
3.858362228,0.0850,0.8761,0.1090,0.887
3.859207228,0.0875,0.8749,0.1175,0.887
3.884661189,0.0884,0.8727,0.1244,0.886
3.885302997,0.0889,0.8717,0.1295,0.886
3.885608497,0.0901,0.8705,0.1373,0.886
3.885835036,0.0914,0.8697,0.1429,0.886
3.886066459,0.0938,0.8661,0.1510,0.884
3.886303651,0.0948,0.8641,0.1610,0.884
3.886541266,0.0960,0.8631,0.1661,0.884
3.886779843,0.0975,0.8617,0.1754,0.885
3.887014997,0.0972,0.8602,0.1857,0.885
3.887255305,0.0972,0.8595,0.1903,0.886
3.887481151,0.0965,0.8600,0.2003,0.888
3.887724266,0.0975,0.8600,0.2060,0.890
3.887943882,0.0970,0.8597,0.2155,0.892
3.888163305,0.0963,0.8602,0.2221,0.894
3.88853492,0.0960,0.8592,0.2245,0.893
3.891956074,0.0950,0.8607,0.2296,0.896
3.892686882,0.0950,0.8609,0.2360,0.898
3.895571305,0.0938,0.8619,0.2367,0.899
3.896263228,0.0901,0.8644,0.2370,0.901
3.898482959,0.0889,0.8653,0.2370,0.902
3.900529189,0.0858,0.8666,0.2367,0.902
3.902473151,0.0826,0.8705,0.2358,0.906
3.904306997,0.0821,0.8712,0.2343,0.906
3.906425266,0.0818,0.8714,0.2294,0.905
3.908423843,0.0806,0.8739,0.2250,0.906
3.911866959,0.0794,0.8766,0.2223,0.908
3.912599305,0.0787,0.8793,0.2162,0.909
3.914401997,0.0767,0.8790,0.2106,0.907
3.91633892,0.0762,0.8812,0.2001,0.907
3.918456882,0.0745,0.8859,0.1896,0.909
3.920156728,0.0735,0.8873,0.1842,0.909
3.922281882,0.0743,0.8915,0.1730,0.911
3.924351112,0.0757,0.8934,0.1588,0.911
3.92635592,0.0760,0.8942,0.1512,0.910
3.928816997,0.0765,0.8973,0.1393,0.911
3.930070959,0.0772,0.8986,0.1275,0.911
3.934376151,0.0779,0.8993,0.1214,0.911
3.934863074,0.0787,0.9037,0.1094,0.914
3.93589042,0.0787,0.9054,0.1043,0.915
3.938128074,0.0784,0.9091,0.0931,0.917
3.939892459,0.0796,0.9105,0.0831,0.918
3.94203442,0.0804,0.9113,0.0777,0.918
3.948419689,0.0818,0.9137,0.0701,0.920
3.949259882,0.0831,0.9164,0.0647,0.922
3.949797728,0.0831,0.9176,0.0621,0.923
3.953221343,0.0875,0.9188,0.0601,0.925
3.953971651,0.0894,0.9210,0.0589,0.927
3.954463843,0.0904,0.9257,0.0581,0.932
3.955601343,0.0909,0.9284,0.0594,0.935
3.958109035,0.0909,0.9301,0.0606,0.936
3.959777535,0.0897,0.9340,0.0650,0.941
3.971160151,0.0889,0.9362,0.0689,0.943
3.971787382,0.0901,0.9396,0.0696,0.946
3.972019805,0.0887,0.9442,0.0735,0.951
3.972261382,0.0884,0.9477,0.0755,0.955
3.972494459,0.0872,0.9543,0.0801,0.962
3.972739266,0.0865,0.9626,0.0804,0.970
3.973430151,0.0865,0.9675,0.0823,0.975
3.97528592,0.0843,0.9762,0.0809,0.983
3.979445266,0.0840,0.9872,0.0809,0.994
3.980032305,0.0836,0.9933,0.0799,1.000
3.981210112,0.0836,1.0087,0.0774,1.015
3.983216728,0.0836,1.0153,0.0772,1.022
3.985066382,0.0823,1.0266,0.0743,1.033
3.987282305,0.0833,1.0393,0.0677,1.045
3.988999728,0.0826,1.0444,0.0643,1.050
3.991514459,0.0818,1.0571,0.0584,1.062
3.993229574,0.0836,1.0708,0.0542,1.075
3.99607042,0.0843,1.0784,0.0520,1.083
3.998469843,0.0860,1.0903,0.0440,1.095
3.999100151,0.0870,1.0955,0.0403,1.100
4.001005612,0.0877,1.1077,0.0318,1.112
4.00339342,0.0848,1.1223,0.0281,1.126
4.004881151,0.0838,1.1289,0.0261,1.132
4.007043997,0.0828,1.1409,0.0239,1.144
4.009157305,0.0821,1.1519,0.0239,1.155
4.011782997,0.0823,1.1558,0.0239,1.159
4.012846151,0.0836,1.1644,0.0252,1.168
4.015258997,0.0843,1.1700,0.0259,1.173
4.016743882,0.0855,1.1780,0.0300,1.182
4.018899305,0.0887,1.1846,0.0364,1.189
4.020872997,0.0904,1.1886,0.0393,1.193
4.023051459,0.0923,1.1917,0.0442,1.196
4.024784382,0.0950,1.1932,0.0498,1.198
4.02858492,0.0955,1.1993,0.0525,1.204
4.030038805,0.1002,1.2027,0.0569,1.208
4.030520035,0.1007,1.2032,0.0584,1.209
4.032870035,0.1036,1.2047,0.0611,1.211
4.035035843,0.1053,1.2042,0.0613,1.210
4.036850343,0.1060,1.2037,0.0616,1.210
4.038953266,0.1063,1.2020,0.0611,1.208
4.040681459,0.1070,1.1995,0.0579,1.206
4.042780228,0.1065,1.1973,0.0562,1.203
4.052278651,0.1060,1.1917,0.0506,1.198
4.053857382,0.1055,1.1888,0.0486,1.194
4.054752074,0.1053,1.1829,0.0406,1.188
4.055606843,0.1046,1.1763,0.0349,1.181
4.05662292,0.1048,1.1727,0.0325,1.178
4.057791805,0.1060,1.1661,0.0281,1.171
4.058809189,0.1051,1.1600,0.0227,1.165
4.059988035,0.1041,1.1565,0.0217,1.161
4.060912805,0.1011,1.1480,0.0215,1.153
4.063516112,0.0982,1.1465,0.0235,1.151
4.06441292,0.0931,1.1438,0.0252,1.148
4.066214651,0.0853,1.1448,0.0308,1.148
4.068166766,0.0814,1.1456,0.0347,1.149
4.070160805,0.0711,1.1504,0.0423,1.153
4.072181574,0.0599,1.1580,0.0535,1.161
4.074215997,0.0559,1.1631,0.0594,1.166
4.076150458,0.0452,1.1778,0.0726,1.181
4.078987151,0.0408,1.1842,0.0787,1.187
4.08073692,0.0325,1.1971,0.0909,1.201
4.082153612,0.0227,1.2115,0.0997,1.216
4.084399151,0.0195,1.2191,0.1055,1.224
4.08583242,0.0098,1.2333,0.1151,1.239
4.087700228,-0.0010,1.2433,0.1207,1.249
4.089780458,-0.0068,1.2484,0.1234,1.255
4.091850651,-0.0169,1.2574,0.1244,1.264
4.095211997,-0.0222,1.2623,0.1261,1.269
4.096683805,-0.0322,1.2679,0.1263,1.275
4.101559228,-0.0384,1.2758,0.1236,1.282
4.102597382,-0.0408,1.2785,0.1219,1.285
4.103471035,-0.0415,1.2829,0.1212,1.289
4.104167689,-0.0420,1.2860,0.1182,1.292
4.105548958,-0.0415,1.2880,0.1173,1.294
4.107693228,-0.0371,1.2902,0.1182,1.296
4.109579612,-0.0340,1.2904,0.1192,1.296
4.112496228,-0.0308,1.2929,0.1195,1.299
4.114169458,-0.0271,1.2919,0.1182,1.298
4.115460305,-0.0261,1.2912,0.1197,1.297
4.117302843,-0.0220,1.2914,0.1178,1.297
4.119200189,-0.0213,1.2909,0.1126,1.296
4.121145535,-0.0195,1.2921,0.1099,1.297
4.123485112,-0.0183,1.2921,0.1021,1.296
4.125290035,-0.0191,1.2931,0.0955,1.297
4.128473228,-0.0154,1.2926,0.0779,1.295
4.130948689,-0.0142,1.2926,0.0577,1.294
4.132665228,-0.0129,1.2912,0.0464,1.292
4.133615189,-0.0086,1.2887,0.0188,1.289
4.135170189,-0.0054,1.2826,-0.0081,1.283
4.13704992,-0.0027,1.2799,-0.0230,1.280
4.139127766,0.0007,1.2716,-0.0537,1.273
4.140808651,0.0037,1.2675,-0.0704,1.269
4.143088574,0.0093,1.2570,-0.0994,1.261
4.152298958,0.0166,1.2425,-0.1287,1.249
4.153838151,0.0198,1.2347,-0.1427,1.243
4.154815189,0.0235,1.2184,-0.1695,1.230
4.155798612,0.0254,1.2013,-0.1918,1.217
4.156812266,0.0271,1.1934,-0.2023,1.211
4.158041651,0.0308,1.1746,-0.2216,1.196
4.179316497,0.0320,1.1641,-0.2294,1.187
4.180718112,0.0342,1.1453,-0.2421,1.171
4.181981535,0.0359,1.1253,-0.2555,1.154
4.183008651,0.0364,1.1143,-0.2617,1.145
4.184223535,0.0374,1.0918,-0.2702,1.125
4.185325305,0.0376,1.0681,-0.2783,1.104
4.186890881,0.0369,1.0571,-0.2810,1.094
4.187720035,0.0357,1.0312,-0.2851,1.070
4.188903189,0.0342,1.0188,-0.2863,1.059
4.190006997,0.0296,0.9943,-0.2861,1.035
4.19111642,0.0249,0.9699,-0.2841,1.011
4.191945343,0.0235,0.9574,-0.2824,0.998
4.193854381,0.0181,0.9325,-0.2775,0.973
4.195371151,0.0129,0.9061,-0.2678,0.945
4.196479612,0.0100,0.8942,-0.2629,0.932
4.198062612,0.0012,0.8710,-0.2536,0.907
4.199099612,-0.0078,0.8604,-0.2406,0.893
4.20056442,-0.0127,0.8431,-0.2338,0.875
4.20160292,-0.0227,0.8250,-0.2189,0.854
4.202772305,-0.0276,0.8157,-0.2106,0.843
4.203912612,-0.0374,0.7999,-0.1920,0.823
4.204911305,-0.0459,0.7835,-0.1715,0.803
4.205859151,-0.0493,0.7757,-0.1608,0.794
4.206159535,-0.0581,0.7610,-0.1378,0.776
4.206408651,-0.0660,0.7456,-0.1163,0.758
4.206664035,-0.0701,0.7393,-0.1048,0.750
4.208660574,-0.0757,0.7258,-0.0828,0.734
4.210235612,-0.0787,0.7192,-0.0718,0.727
4.218592766,-0.0862,0.7058,-0.0493,0.713
4.219078612,-0.0916,0.6963,-0.0288,0.703
4.219339228,-0.0943,0.6914,-0.0186,0.698
4.219569766,-0.0999,0.6804,0.0037,0.688
4.220178381,-0.1051,0.6743,0.0249,0.683
4.222113689,-0.1085,0.6677,0.0357,0.677
4.223825074,-0.1170,0.6662,0.0572,0.679
4.226024035,-0.1207,0.6648,0.0669,0.679
4.228547728,-0.1266,0.6640,0.0872,0.682
4.230026728,-0.1319,0.6672,0.1070,0.688
4.232338535,-0.1349,0.6696,0.1146,0.693
4.234147189,-0.1422,0.6758,0.1292,0.703
4.235705805,-0.1498,0.6855,0.1388,0.715
4.23767592,-0.1534,0.6921,0.1422,0.723
4.239644689,-0.1610,0.7097,0.1468,0.742
4.241728381,-0.1644,0.7187,0.1471,0.752
4.243514497,-0.1715,0.7376,0.1454,0.771
4.24876142,-0.1791,0.7583,0.1344,0.791
4.24964742,-0.1823,0.7705,0.1270,0.802
4.250017035,-0.1881,0.7925,0.1107,0.822
4.251354689,-0.1910,0.8140,0.0923,0.841
4.25357642,-0.1918,0.8248,0.0818,0.851
4.255495958,-0.1879,0.8458,0.0608,0.869
4.257507458,-0.1859,0.8573,0.0498,0.879
4.259350843,-0.1744,0.8778,0.0286,0.895
4.269647151,-0.1590,0.8988,0.0078,0.913
4.270474958,-0.1510,0.9103,-0.0015,0.923
4.270859305,-0.1324,0.9286,-0.0161,0.938
4.271210535,-0.1116,0.9384,-0.0288,0.945
4.271567074,-0.1007,0.9591,-0.0332,0.965
4.271895612,-0.0762,0.9780,-0.0362,0.982
4.273173728,-0.0647,0.9870,-0.0362,0.990
4.274994805,-0.0408,1.0046,-0.0352,1.006
4.277272766,-0.0144,1.0195,-0.0310,1.020
4.280325997,-0.0024,1.0256,-0.0283,1.026
4.282303997,0.0210,1.0383,-0.0215,1.039
4.282804497,0.0393,1.0437,-0.0134,1.045
4.284978651,0.0491,1.0527,-0.0095,1.054
4.287046497,0.0640,1.0605,0.0000,1.062
4.288931112,0.0696,1.0637,0.0054,1.066
4.290776497,0.0777,1.0708,0.0115,1.074
4.292958458,0.0840,1.0757,0.0183,1.079
4.295973035,0.0877,1.0779,0.0208,1.082
4.297509074,0.0877,1.0806,0.0271,1.084
4.298534574,0.0862,1.0818,0.0298,1.086
4.300620612,0.0845,1.0845,0.0300,1.088
4.302792958,0.0821,1.0847,0.0318,1.088
4.304777689,0.0799,1.0840,0.0313,1.087
4.30652142,0.0743,1.0796,0.0305,1.083
4.308385843,0.0679,1.0798,0.0300,1.082
4.311205343,0.0657,1.0789,0.0308,1.081
4.312978189,0.0579,1.0749,0.0296,1.077
4.314465766,0.0562,1.0732,0.0283,1.075
4.316468881,0.0511,1.0701,0.0247,1.072
4.318532074,0.0445,1.0652,0.0232,1.066
4.320359843,0.0418,1.0632,0.0215,1.064
4.322407266,0.0359,1.0571,0.0156,1.058
4.324222497,0.0315,1.0527,0.0112,1.053
4.326113035,0.0300,1.0493,0.0095,1.050
4.328537843,0.0279,1.0427,0.0054,1.043
4.330345458,0.0254,1.0388,0.0032,1.039
4.332144458,0.0237,1.0337,-0.0015,1.034
4.334211035,0.0215,1.0268,-0.0024,1.027
4.336089997,0.0208,1.0234,-0.0029,1.024
4.338666343,0.0186,1.0180,-0.0015,1.018
4.339899958,0.0171,1.0144,0.0005,1.015
4.342025497,0.0169,1.0119,0.0012,1.012
4.34403792,0.0154,1.0061,0.0044,1.006
4.349673651,0.0147,1.0043,0.0064,1.004
4.350485958,0.0117,0.9987,0.0137,0.999
4.35090942,0.0086,0.9941,0.0183,0.994
4.351952151,0.0076,0.9912,0.0200,0.991
4.354057266,0.0071,0.9858,0.0261,0.986
4.356215958,0.0037,0.9804,0.0330,0.981
4.357838958,0.0024,0.9775,0.0347,0.978
4.359935535,-0.0005,0.9721,0.0381,0.973
4.374358189,-0.0049,0.9697,0.0403,0.971
4.375168804,-0.0054,0.9650,0.0406,0.966
4.375564074,-0.0088,0.9577,0.0423,0.959
4.375923266,-0.0107,0.9555,0.0425,0.956
4.37635242,-0.0125,0.9513,0.0428,0.952
4.376713343,-0.0139,0.9455,0.0398,0.946
4.377106574,-0.0144,0.9428,0.0388,0.944
4.377512074,-0.0164,0.9398,0.0371,0.941
4.377902112,-0.0183,0.9381,0.0354,0.939
4.38275492,-0.0203,0.9345,0.0330,0.935
4.383607074,-0.0237,0.9306,0.0288,0.931
4.383929228,-0.0259,0.9279,0.0269,0.929
4.385486151,-0.0279,0.9252,0.0232,0.926
4.387316997,-0.0279,0.9186,0.0200,0.919
4.38922342,-0.0288,0.9174,0.0195,0.918
4.391255112,-0.0269,0.9130,0.0169,0.914
4.39316692,-0.0266,0.9110,0.0164,0.912
4.395465074,-0.0244,0.9059,0.0171,0.906
4.398367843,-0.0200,0.8995,0.0159,0.900
4.399177074,-0.0191,0.8971,0.0159,0.897
4.40108042,-0.0159,0.8939,0.0166,0.894
4.402881766,-0.0110,0.8876,0.0186,0.888
4.404887881,-0.0088,0.8844,0.0195,0.885
4.407063458,-0.0039,0.8780,0.0254,0.878
4.408731881,-0.0012,0.8758,0.0283,0.876
4.411711574,0.0024,0.8702,0.0352,0.871
4.412900535,0.0059,0.8641,0.0410,0.865
4.414772881,0.0071,0.8617,0.0445,0.863
4.416694804,0.0093,0.8553,0.0501,0.857
4.418823843,0.0086,0.8495,0.0567,0.851
4.420763651,0.0088,0.8473,0.0603,0.849
4.42320292,0.0105,0.8443,0.0689,0.847
4.424630035,0.0093,0.8431,0.0740,0.846
4.426740727,0.0061,0.8397,0.0816,0.844
4.428909343,0.0029,0.8367,0.0894,0.842
4.430941458,0.0010,0.8360,0.0931,0.841
4.432519035,-0.0044,0.8363,0.1007,0.842
4.434542535,-0.0068,0.8360,0.1063,0.843
4.436600035,-0.0100,0.8350,0.1087,0.842
4.438650304,-0.0151,0.8358,0.1136,0.844
4.440447612,-0.0198,0.8358,0.1153,0.844
4.442664151,-0.0222,0.8365,0.1173,0.845
4.449174497,-0.0266,0.8385,0.1195,0.847
4.450020266,-0.0291,0.8399,0.1207,0.849
4.45040992,-0.0342,0.8416,0.1207,0.851
4.450793035,-0.0408,0.8453,0.1212,0.855
4.452353266,-0.0432,0.8475,0.1200,0.857
4.454777535,-0.0491,0.8521,0.1185,0.862
4.456478304,-0.0542,0.8541,0.1182,0.864
4.458115535,-0.0567,0.8592,0.1173,0.869
4.460372574,-0.0601,0.8653,0.1151,0.875
4.470747727,-0.0623,0.8680,0.1156,0.878
4.472380612,-0.0655,0.8741,0.1143,0.884
4.473483843,-0.0699,0.8788,0.1146,0.889
4.474545612,-0.0704,0.8827,0.1136,0.893
4.475558689,-0.0706,0.8900,0.1102,0.900
4.476717843,-0.0743,0.8927,0.1109,0.903
4.478129035,-0.0752,0.9005,0.1102,0.910
4.479194997,-0.0787,0.9064,0.1104,0.916
4.480396843,-0.0799,0.9093,0.1107,0.919
4.48141892,-0.0823,0.9154,0.1109,0.926
4.482404766,-0.0833,0.9205,0.1090,0.931
4.485259151,-0.0843,0.9227,0.1097,0.933
4.48681442,-0.0855,0.9289,0.1092,0.939
4.491425881,-0.0860,0.9325,0.1070,0.943
4.492649304,-0.0860,0.9345,0.1063,0.944
4.494155304,-0.0858,0.9386,0.1063,0.949
4.495045574,-0.0858,0.9413,0.1048,0.951
4.49630192,-0.0848,0.9455,0.1026,0.955
4.499363074,-0.0831,0.9472,0.1002,0.956
4.501012074,-0.0831,0.9486,0.0989,0.957
4.502457112,-0.0816,0.9491,0.0997,0.958
4.504102766,-0.0823,0.9496,0.0967,0.958
4.505567227,-0.0826,0.9528,0.0953,0.961
4.507753035,-0.0796,0.9530,0.0928,0.961
4.509576843,-0.0789,0.9538,0.0928,0.962
4.512986843,-0.0770,0.9555,0.0904,0.963
4.514622535,-0.0757,0.9555,0.0914,0.963
4.515845766,-0.0738,0.9560,0.0904,0.963
4.517818766,-0.0748,0.9577,0.0906,0.965
4.51953965,-0.0752,0.9574,0.0919,0.965
4.521679843,-0.0767,0.9565,0.0923,0.964
4.523682766,-0.0782,0.9572,0.0936,0.965
4.525691689,-0.0794,0.9577,0.0948,0.966
4.527432497,-0.0818,0.9579,0.1004,0.967
4.53079265,-0.0816,0.9560,0.1031,0.965
4.532880497,-0.0821,0.9562,0.1055,0.966
4.534197958,-0.0818,0.9567,0.1104,0.967
4.535289766,-0.0836,0.9567,0.1121,0.967
4.537074689,-0.0828,0.9565,0.1146,0.967
4.539178535,-0.0828,0.9579,0.1178,0.969
4.541176112,-0.0823,0.9587,0.1209,0.970
4.55377792,-0.0823,0.9577,0.1239,0.969
4.55461315,-0.0818,0.9579,0.1268,0.970
4.555013843,-0.0821,0.9574,0.1280,0.969
4.555392497,-0.0809,0.9584,0.1283,0.970
4.555753881,-0.0816,0.9596,0.1295,0.972
4.556125304,-0.0801,0.9569,0.1312,0.969
4.556484458,-0.0765,0.9565,0.1305,0.968
4.55685465,-0.0757,0.9574,0.1307,0.969
4.561284881,-0.0706,0.9562,0.1317,0.968
4.561928343,-0.0674,0.9550,0.1336,0.967
4.576102074,-0.0652,0.9535,0.1344,0.965
4.576693343,-0.0625,0.9513,0.1341,0.963
4.576972497,-0.0589,0.9494,0.1366,0.961
4.57720615,-0.0569,0.9489,0.1393,0.961
4.57749392,-0.0515,0.9467,0.1461,0.959
4.57773865,-0.0496,0.9452,0.1478,0.958
4.577974535,-0.0469,0.9423,0.1534,0.956
4.578195381,-0.0406,0.9406,0.1615,0.955
4.578430227,-0.0369,0.9398,0.1649,0.955
4.584183881,-0.0335,0.9384,0.1727,0.955
4.584844727,-0.0286,0.9381,0.1776,0.955
4.585181804,-0.0264,0.9376,0.1818,0.955
4.586656304,-0.0208,0.9364,0.1908,0.956
4.588523497,-0.0144,0.9372,0.1991,0.958
4.590513766,-0.0127,0.9386,0.2047,0.961
4.59242942,-0.0095,0.9386,0.2133,0.963
4.594481689,-0.0054,0.9391,0.2172,0.964
4.597550497,-0.0017,0.9406,0.2270,0.968
4.598392112,0.0046,0.9438,0.2365,0.973
4.600310574,0.0073,0.9452,0.2392,0.975
4.602483035,0.0137,0.9486,0.2463,0.980
4.604268573,0.0186,0.9540,0.2511,0.987
4.606128073,0.0205,0.9562,0.2526,0.989
4.608017189,0.0271,0.9621,0.2531,0.995
4.610273227,0.0286,0.9645,0.2536,0.998
4.612504727,0.0332,0.9723,0.2538,1.005
4.615680727,0.0369,0.9789,0.2531,1.012
4.616123573,0.0391,0.9831,0.2507,1.015
4.61805342,0.0423,0.9912,0.2443,1.022
4.620201958,0.0440,0.9992,0.2377,1.028
4.622067573,0.0452,1.0036,0.2362,1.032
4.623979766,0.0484,1.0109,0.2301,1.038
4.625987189,0.0489,1.0141,0.2262,1.040
4.628614227,0.0472,1.0224,0.2189,1.047
4.63108092,0.0457,1.0329,0.2108,1.055
4.631834766,0.0450,1.0373,0.2077,1.059
4.633813727,0.0423,1.0447,0.1994,1.064
4.635973266,0.0396,1.0520,0.1937,1.070
4.637905727,0.0386,1.0556,0.1908,1.073
4.639748958,0.0335,1.0647,0.1842,1.081
4.641760843,0.0318,1.0693,0.1801,1.085
4.643751535,0.0271,1.0767,0.1720,1.091
4.650516535,0.0205,1.0835,0.1644,1.096
4.651285535,0.0178,1.0886,0.1593,1.100
4.651690035,0.0105,1.0982,0.1505,1.108
4.65208915,0.0005,1.1072,0.1422,1.116
4.654113227,-0.0037,1.1113,0.1366,1.120
4.65570965,-0.0149,1.1221,0.1251,1.129
4.657596266,-0.0203,1.1250,0.1200,1.132
4.659639535,-0.0330,1.1341,0.1080,1.140
4.672763112,-0.0447,1.1419,0.0919,1.146
4.673405189,-0.0501,1.1468,0.0853,1.151
4.673677727,-0.0640,1.1551,0.0716,1.159
4.673910304,-0.0760,1.1602,0.0647,1.164
4.674150266,-0.0838,1.1688,0.0498,1.173
4.674385304,-0.0987,1.1754,0.0349,1.180
4.674616689,-0.1060,1.1788,0.0274,1.184
4.680712881,-0.1200,1.1881,0.0107,1.194
4.681814843,-0.1331,1.1959,-0.0049,1.203
4.682069343,-0.1383,1.1981,-0.0127,1.206
4.682316766,-0.1520,1.2044,-0.0261,1.214
4.686125458,-0.1634,1.2108,-0.0391,1.222
4.686369997,-0.1695,1.2125,-0.0459,1.225
4.686870612,-0.1803,1.2171,-0.0552,1.232
4.68882492,-0.1845,1.2198,-0.0591,1.235
4.690941266,-0.1925,1.2223,-0.0655,1.239
4.69273765,-0.1974,1.2267,-0.0684,1.244
4.695971535,-0.1986,1.2272,-0.0684,1.245
4.69732715,-0.1979,1.2306,-0.0635,1.248
4.699803304,-0.1940,1.2330,-0.0569,1.249
4.701166766,-0.1918,1.2342,-0.0520,1.250
4.702793689,-0.1874,1.2399,-0.0396,1.255
4.704709497,-0.1837,1.2416,-0.0325,1.256
4.70676442,-0.1752,1.2457,-0.0159,1.258
4.708701766,-0.1652,1.2513,0.0017,1.262
4.710701343,-0.1593,1.2552,0.0120,1.265
4.712760881,-0.1485,1.2628,0.0318,1.272
4.714994496,-0.1390,1.2716,0.0528,1.280
4.716906073,-0.1344,1.2748,0.0613,1.283
4.718583381,-0.1256,1.2816,0.0796,1.290
4.720553189,-0.1195,1.2833,0.0870,1.292
4.722792458,-0.1077,1.2848,0.1007,1.293
4.724499535,-0.0923,1.2853,0.1138,1.294
4.726589727,-0.0860,1.2851,0.1200,1.293
4.729513535,-0.0711,1.2833,0.1312,1.292
4.730405689,-0.0559,1.2753,0.1410,1.284
4.73239415,-0.0489,1.2716,0.1449,1.281
4.734600843,-0.0327,1.2609,0.1529,1.271
4.736317304,-0.0252,1.2555,0.1559,1.265
4.738349458,-0.0061,1.2440,0.1632,1.255
4.740221843,0.0120,1.2318,0.1669,1.243
4.742252189,0.0193,1.2262,0.1703,1.238
4.744207227,0.0335,1.2157,0.1722,1.228
4.752622535,0.0447,1.2113,0.1735,1.224
4.753748381,0.0501,1.2030,0.1732,1.216
4.754514266,0.0577,1.1939,0.1710,1.207
4.755143573,0.0616,1.1907,0.1695,1.204
4.755872035,0.0638,1.1866,0.1654,1.200
4.756614535,0.0655,1.1824,0.1595,1.195
4.75805165,0.0667,1.1815,0.1568,1.194
4.76004742,0.0657,1.1805,0.1498,1.192
4.772062227,0.0635,1.1793,0.1371,1.189
4.773836343,0.0613,1.1780,0.1324,1.187
4.774708996,0.0535,1.1805,0.1251,1.188
4.775699573,0.0496,1.1820,0.1209,1.189
4.776556881,0.0435,1.1854,0.1092,1.191
4.777959689,0.0403,1.1861,0.0992,1.191
4.779189996,0.0386,1.1861,0.0943,1.190
4.780345843,0.0374,1.1876,0.0870,1.191
4.78165192,0.0357,1.1876,0.0850,1.191
4.782602881,0.0354,1.1864,0.0794,1.190
4.783386766,0.0369,1.1844,0.0745,1.187
4.784231535,0.0381,1.1844,0.0738,1.187
4.786943189,0.0388,1.1822,0.0721,1.185
4.788306227,0.0418,1.1771,0.0691,1.180
4.792622843,0.0425,1.1739,0.0679,1.177
4.793936689,0.0462,1.1671,0.0633,1.170
4.795102458,0.0484,1.1624,0.0621,1.165
4.796214535,0.0515,1.1536,0.0559,1.156
4.797677381,0.0537,1.1407,0.0513,1.143
4.800098727,0.0537,1.1343,0.0476,1.137
4.801773689,0.0577,1.1182,0.0374,1.120
4.803187727,0.0625,1.1099,0.0249,1.112
4.805072189,0.0655,1.0891,0.0188,1.091
4.807142458,0.0679,1.0674,0.0054,1.070
4.80929442,0.0684,1.0564,-0.0015,1.059
4.811437266,0.0657,1.0315,-0.0173,1.034
4.814736496,0.0603,1.0048,-0.0337,1.007
4.816176766,0.0579,0.9912,-0.0428,0.994
4.817623227,0.0542,0.9628,-0.0625,0.966
4.819038112,0.0491,0.9477,-0.0823,0.953
4.821256919,0.0450,0.9198,-0.0916,0.925
4.823246189,0.0386,0.8939,-0.1114,0.902
4.825013766,0.0354,0.8800,-0.1207,0.889
4.826833035,0.0291,0.8531,-0.1368,0.865
4.829301843,0.0259,0.8265,-0.1524,0.841
4.831983073,0.0217,0.8138,-0.1590,0.829
4.833527304,0.0164,0.7908,-0.1664,0.808
4.835458804,0.0110,0.7710,-0.1725,0.790
4.836723381,0.0095,0.7617,-0.1739,0.781
4.838896612,0.0086,0.7451,-0.1744,0.765
4.840826996,0.0095,0.7295,-0.1715,0.749
4.842780266,0.0098,0.7231,-0.1693,0.743
4.844613535,0.0127,0.7102,-0.1610,0.728
4.853919996,0.0154,0.7058,-0.1554,0.723
4.855400996,0.0220,0.6973,-0.1444,0.712
4.856478766,0.0259,0.6909,-0.1285,0.703
4.857568189,0.0279,0.6870,-0.1187,0.698
4.858675304,0.0332,0.6799,-0.1002,0.688
4.859502343,0.0381,0.6775,-0.0816,0.683
4.86024965,0.0418,0.6753,-0.0711,0.680
4.861546112,0.0484,0.6743,-0.0503,0.678
4.879403419,0.0528,0.6740,-0.0410,0.677
4.881041766,0.0616,0.6758,-0.0210,0.679
4.882189996,0.0665,0.6811,-0.0027,0.684
4.882997343,0.0701,0.6838,0.0064,0.687
4.883935381,0.0772,0.6894,0.0249,0.694
4.884917496,0.0826,0.6968,0.0413,0.703
4.886242304,0.0855,0.7004,0.0476,0.707
4.887305766,0.0921,0.7114,0.0572,0.720
4.888407035,0.0945,0.7158,0.0625,0.725
4.88929615,0.1011,0.7280,0.0708,0.738
4.890510612,0.1073,0.7429,0.0745,0.754
4.891444958,0.1097,0.7517,0.0757,0.763
4.892473304,0.1126,0.7708,0.0760,0.783
4.893534881,0.1129,0.7876,0.0726,0.799
4.894613804,0.1141,0.7967,0.0694,0.808
4.895814919,0.1165,0.8165,0.0613,0.827
4.896943843,0.1158,0.8265,0.0564,0.836
4.898135035,0.1163,0.8446,0.0462,0.854
4.899202573,0.1158,0.8651,0.0315,0.873
4.900284035,0.1165,0.8751,0.0252,0.883
4.902815996,0.1160,0.8951,0.0115,0.903
4.90373165,0.1153,0.9113,-0.0037,0.919
4.905671535,0.1153,0.9201,-0.0107,0.927
4.907706689,0.1116,0.9372,-0.0242,0.944
4.91003015,0.1092,0.9450,-0.0298,0.952
4.911697919,0.1063,0.9609,-0.0425,0.968
4.913939112,0.1024,0.9738,-0.0520,0.981
4.915595073,0.0992,0.9809,-0.0569,0.988
4.917412381,0.0919,0.9955,-0.0652,1.002
4.919719266,0.0836,1.0075,-0.0691,1.013
4.92154765,0.0787,1.0131,-0.0723,1.019
4.92369465,0.0691,1.0244,-0.0755,1.029
4.925609227,0.0611,1.0293,-0.0760,1.034
4.92786865,0.0577,1.0381,-0.0733,1.042
4.933281804,0.0479,1.0483,-0.0689,1.052
4.933940227,0.0428,1.0525,-0.0662,1.055
4.934195919,0.0344,1.0596,-0.0633,1.062
4.935537304,0.0266,1.0652,-0.0577,1.067
4.937488304,0.0230,1.0674,-0.0530,1.069
4.939206766,0.0164,1.0727,-0.0457,1.074
4.941199689,0.0129,1.0747,-0.0423,1.076
4.943173266,0.0078,1.0779,-0.0344,1.078
4.944972342,0.0049,1.0808,-0.0259,1.081
4.954329996,0.0029,1.0820,-0.0237,1.082
4.954865958,0.0002,1.0859,-0.0176,1.086
4.955113496,0.0005,1.0886,-0.0098,1.089
4.955362189,0.0015,1.0894,-0.0066,1.089
4.95559315,0.0024,1.0908,-0.0012,1.091
4.960703727,0.0027,1.0901,0.0017,1.090
4.96096215,0.0034,1.0906,0.0068,1.091
4.961330689,0.0042,1.0913,0.0086,1.091
4.963006419,0.0051,1.0896,0.0090,1.090
4.964926266,0.0066,1.0867,0.0093,1.087
4.96707915,0.0059,1.0837,0.0112,1.084
4.968996881,0.0059,1.0837,0.0112,1.084
4.971010496,0.0054,1.0830,0.0112,1.083
4.972854612,0.0059,1.0823,0.0112,1.082
4.974904842,0.0073,1.0798,0.0125,1.080
4.976745535,0.0046,1.0779,0.0112,1.078
4.978856842,0.0042,1.0769,0.0110,1.077
4.981095727,0.0007,1.0732,0.0125,1.073
4.98304415,-0.0015,1.0693,0.0154,1.069
4.984906766,-0.0027,1.0659,0.0173,1.066
4.987239689,-0.0034,1.0591,0.0171,1.059
4.988781112,-0.0044,1.0539,0.0188,1.054
4.99065915,-0.0046,1.0505,0.0205,1.051
4.992798458,-0.0061,1.0459,0.0266,1.046
4.994839189,-0.0068,1.0427,0.0293,1.043
4.997836996,-0.0059,1.0363,0.0362,1.037
4.998721073,-0.0054,1.0322,0.0415,1.033
5.000944227,-0.0049,1.0290,0.0442,1.030
5.002652458,-0.0010,1.0241,0.0552,1.026
5.004686342,0.0010,1.0212,0.0667,1.023
5.006560419,0.0015,1.0192,0.0728,1.022
5.008488573,0.0032,1.0151,0.0823,1.018
5.010652342,0.0042,1.0141,0.0882,1.018
5.01367715,0.0068,1.0114,0.0994,1.016
5.015062766,0.0090,1.0078,0.1080,1.014
5.016647612,0.0103,1.0068,0.1107,1.013
5.018613458,0.0139,1.0039,0.1168,1.011
5.020562381,0.0169,1.0002,0.1212,1.008
5.022433766,0.0176,0.9990,0.1231,1.007
5.024239996,0.0205,0.9938,0.1266,1.002
5.026502535,0.0208,0.9924,0.1273,1.001
5.028520227,0.0237,0.9887,0.1280,0.997
5.031040342,0.0244,0.9841,0.1268,0.993
5.032288496,0.0252,0.9821,0.1253,0.990
5.035451958,0.0261,0.9787,0.1244,0.987
5.036966958,0.0237,0.9755,0.1270,0.984
5.038581804,0.0220,0.9743,0.1253,0.983
5.040005881,0.0205,0.9716,0.1248,0.980
5.042216535,0.0193,0.9697,0.1246,0.978
5.044125996,0.0166,0.9665,0.1244,0.975
5.049956227,0.0107,0.9650,0.1248,0.973
5.050697919,0.0071,0.9640,0.1241,0.972
5.051060342,0.0029,0.9613,0.1246,0.969
5.051987612,-0.0024,0.9562,0.1229,0.964
5.054047996,-0.0064,0.9552,0.1222,0.963
5.055732227,-0.0115,0.9533,0.1195,0.961
5.057815304,-0.0142,0.9513,0.1175,0.959
5.059988073,-0.0235,0.9469,0.1165,0.954
5.062454342,-0.0308,0.9445,0.1151,0.952
5.073899842,-0.0347,0.9435,0.1158,0.951
5.074539573,-0.0408,0.9406,0.1158,0.949
5.074821496,-0.0459,0.9379,0.1141,0.946
5.075069381,-0.0481,0.9340,0.1136,0.942
5.07530015,-0.0525,0.9313,0.1143,0.940
5.075535112,-0.0547,0.9293,0.1153,0.938
5.075783304,-0.0577,0.9259,0.1190,0.935
5.081717535,-0.0623,0.9237,0.1209,0.934
5.082783227,-0.0625,0.9223,0.1226,0.932
5.083197381,-0.0633,0.9198,0.1256,0.930
5.083479342,-0.0633,0.9169,0.1287,0.928
5.085567496,-0.0645,0.9161,0.1309,0.928
5.087224689,-0.0630,0.9142,0.1339,0.926
5.089080727,-0.0621,0.9125,0.1341,0.924
5.091150573,-0.0608,0.9120,0.1341,0.924
5.093041919,-0.0589,0.9113,0.1346,0.923
5.095096689,-0.0564,0.9103,0.1353,0.922
5.097795765,-0.0542,0.9110,0.1334,0.922
5.098984381,-0.0515,0.9115,0.1322,0.922
5.100931112,-0.0506,0.9113,0.1305,0.922
5.102965035,-0.0459,0.9108,0.1280,0.921
5.104810689,-0.0435,0.9103,0.1283,0.920
5.106825189,-0.0388,0.9108,0.1285,0.921
5.108966804,-0.0310,0.9113,0.1275,0.921
5.110919265,-0.0271,0.9115,0.1275,0.921
5.113810804,-0.0227,0.9125,0.1261,0.921
5.115061419,-0.0147,0.9115,0.1261,0.920
5.116890689,-0.0127,0.9108,0.1251,0.919
5.118769381,-0.0061,0.9088,0.1248,0.917
5.120623689,-0.0034,0.9091,0.1244,0.918
5.122835689,0.0032,0.9088,0.1248,0.917
5.124514073,0.0088,0.9083,0.1270,0.917
5.126747189,0.0110,0.9081,0.1278,0.917
5.128557189,0.0198,0.9064,0.1302,0.916
5.131485419,0.0232,0.9044,0.1307,0.914
5.132675804,0.0296,0.9039,0.1319,0.914
5.134376881,0.0364,0.9027,0.1339,0.913
5.136239227,0.0388,0.9015,0.1366,0.913
5.138425035,0.0450,0.8988,0.1412,0.911
5.140459881,0.0508,0.8986,0.1449,0.912
5.142271535,0.0540,0.8973,0.1463,0.911
5.14404565,0.0613,0.8939,0.1507,0.909
5.149912304,0.0650,0.8920,0.1529,0.907
5.150558535,0.0721,0.8883,0.1583,0.905
5.150832842,0.0779,0.8868,0.1622,0.905
5.152339112,0.0801,0.8849,0.1632,0.903
5.154310919,0.0865,0.8805,0.1666,0.900
5.15622515,0.0921,0.8795,0.1695,0.900
5.157970496,0.0945,0.8797,0.1708,0.901
5.160205535,0.0975,0.8778,0.1727,0.900
5.162262842,0.0982,0.8780,0.1752,0.901
5.170003188,0.1009,0.8795,0.1786,0.903
5.170662881,0.1021,0.8812,0.1815,0.905
5.170964265,0.1019,0.8807,0.1832,0.905
5.171244958,0.1014,0.8817,0.1859,0.907
5.172231458,0.1014,0.8834,0.1896,0.909
5.173915073,0.1026,0.8846,0.1910,0.911
5.175966535,0.1009,0.8859,0.1950,0.913
5.177739958,0.1007,0.8868,0.1969,0.914
5.180397727,0.0980,0.8895,0.2008,0.917
5.181883304,0.0955,0.8932,0.2020,0.921
5.183621342,0.0928,0.8959,0.2030,0.923
5.185885073,0.0889,0.8993,0.2042,0.926
5.187734112,0.0884,0.9042,0.2013,0.931
5.189460342,0.0872,0.9059,0.1994,0.932
5.191587342,0.0855,0.9100,0.1959,0.935
5.193538342,0.0853,0.9137,0.1918,0.938
5.196019073,0.0855,0.9191,0.1888,0.942
5.198434765,0.0853,0.9227,0.1830,0.945
5.199524496,0.0855,0.9274,0.1791,0.948
5.201746265,0.0872,0.9318,0.1688,0.951
5.203505958,0.0901,0.9350,0.1556,0.952
5.205229765,0.0914,0.9369,0.1483,0.953
5.207554458,0.0948,0.9386,0.1358,0.953
5.20938665,0.0987,0.9396,0.1258,0.953
5.211552073,0.1009,0.9401,0.1207,0.953
5.213992419,0.1051,0.9413,0.1077,0.953
5.215176573,0.1080,0.9413,0.1043,0.953
5.217208765,0.1112,0.9386,0.0943,0.950
5.219424842,0.1134,0.9398,0.0875,0.951
5.221188496,0.1163,0.9401,0.0867,0.951
5.223282765,0.1200,0.9401,0.0850,0.952
5.225055073,0.1214,0.9396,0.0848,0.951
5.227115035,0.1253,0.9403,0.0875,0.953
5.229168688,0.1270,0.9423,0.0911,0.955
5.231194496,0.1273,0.9418,0.0948,0.955
5.233063458,0.1283,0.9423,0.1021,0.956
5.235259535,0.1285,0.9428,0.1119,0.958
5.236988496,0.1285,0.9435,0.1182,0.960
5.239149958,0.1283,0.9452,0.1292,0.963
5.240970419,0.1275,0.9464,0.1434,0.966
5.243016112,0.1266,0.9469,0.1507,0.967
5.244741573,0.1251,0.9486,0.1666,0.971
5.253948035,0.1236,0.9496,0.1749,0.973
5.255205688,0.1224,0.9540,0.1896,0.980
5.256025458,0.1190,0.9591,0.2045,0.988
5.256901381,0.1180,0.9604,0.2118,0.991
5.258019881,0.1156,0.9631,0.2238,0.995
5.26210865,0.1146,0.9665,0.2299,1.000
5.26305615,0.1143,0.9723,0.2399,1.008
5.263863765,0.1121,0.9780,0.2433,1.014
5.265047188,0.1126,0.9814,0.2446,1.018
5.275041804,0.1116,0.9885,0.2431,1.024
5.276576727,0.1119,0.9965,0.2377,1.031
5.277543573,0.1131,0.9999,0.2323,1.033
5.278349535,0.1173,1.0070,0.2209,1.038
5.279446073,0.1187,1.0126,0.2069,1.040
5.280569804,0.1195,1.0170,0.1998,1.043
5.281936381,0.1244,1.0241,0.1842,1.048
5.282997765,0.1258,1.0288,0.1764,1.051
5.28420665,0.1317,1.0371,0.1615,1.058
5.285000111,0.1358,1.0469,0.1490,1.066
5.285945496,0.1378,1.0505,0.1441,1.069
5.28682565,0.1422,1.0576,0.1353,1.076
5.289200727,0.1461,1.0618,0.1300,1.080
5.290659419,0.1483,1.0688,0.1202,1.086
5.295351842,0.1495,1.0764,0.1151,1.093
5.296789188,0.1512,1.0813,0.1131,1.098
5.298054381,0.1539,1.0877,0.1097,1.104
5.299157304,0.1549,1.0925,0.1063,1.109
5.300253304,0.1546,1.0957,0.1051,1.112
5.303272419,0.1549,1.1030,0.1019,1.119
5.304681611,0.1522,1.1104,0.0975,1.125
5.306117073,0.1512,1.1138,0.0943,1.128
5.308043227,0.1498,1.1209,0.0916,1.135
5.31011915,0.1493,1.1238,0.0882,1.137
5.311941111,0.1483,1.1280,0.0816,1.141
5.316791919,0.1478,1.1314,0.0748,1.143
5.318126265,0.1478,1.1328,0.0721,1.145
5.319271688,0.1478,1.1350,0.0635,1.146
5.320406496,0.1498,1.1387,0.0579,1.150
5.322095573,0.1510,1.1394,0.0555,1.151
5.323979458,0.1512,1.1426,0.0501,1.154
5.325900111,0.1534,1.1446,0.0474,1.156
5.327850958,0.1549,1.1475,0.0437,1.159
5.33087165,0.1559,1.1487,0.0364,1.160
5.33214165,0.1554,1.1490,0.0347,1.160
5.34146965,0.1554,1.1524,0.0308,1.163
5.34204565,0.1532,1.1568,0.0279,1.167
5.342290227,0.1515,1.1595,0.0266,1.170
5.342529227,0.1490,1.1627,0.0230,1.172
5.342780688,0.1490,1.1658,0.0200,1.175
5.343577304,0.1444,1.1710,0.0164,1.180
5.345556881,0.1358,1.1751,0.0129,1.183
5.371132534,0.1307,1.1776,0.0117,1.185
5.371754573,0.1190,1.1839,0.0081,1.190
5.372014496,0.1087,1.1898,0.0051,1.195
5.372260265,0.1029,1.1927,0.0042,1.197
5.372518458,0.0897,1.1971,0.0017,1.200
5.372777304,0.0787,1.1988,0.0015,1.201
5.373014342,0.0743,1.2013,0.0044,1.204
5.373250573,0.0621,1.2030,0.0083,1.205
5.373564958,0.0564,1.2052,0.0122,1.207
5.373812611,0.0442,1.2103,0.0225,1.211
5.374040534,0.0330,1.2174,0.0349,1.218
5.374271188,0.0276,1.2206,0.0420,1.222
5.374498111,0.0144,1.2308,0.0574,1.232
5.374720727,0.0012,1.2421,0.0706,1.244
5.37516515,-0.0044,1.2479,0.0772,1.250
5.377026765,-0.0169,1.2618,0.0906,1.265
5.379315458,-0.0225,1.2692,0.0972,1.273
5.388276034,-0.0379,1.2836,0.1082,1.289
5.388965881,-0.0501,1.2929,0.1178,1.299
5.389247073,-0.0564,1.2963,0.1217,1.303
5.389553304,-0.0696,1.3019,0.1261,1.310
5.38984215,-0.0789,1.3051,0.1305,1.314
5.390949034,-0.0848,1.3048,0.1312,1.314
5.393027765,-0.0970,1.3031,0.1314,1.313
5.394766188,-0.1016,1.3012,0.1334,1.312
5.397829073,-0.1070,1.2960,0.1366,1.308
5.398737227,-0.1077,1.2921,0.1415,1.304
5.400623688,-0.1065,1.2892,0.1444,1.302
5.402705958,-0.1004,1.2792,0.1524,1.292
5.404520534,-0.0943,1.2665,0.1669,1.281
5.406563342,-0.0909,1.2596,0.1754,1.275
5.408627534,-0.0836,1.2477,0.1947,1.266
5.410989188,-0.0811,1.2411,0.2060,1.261
5.412681765,-0.0740,1.2272,0.2279,1.250
5.414636111,-0.0660,1.2137,0.2511,1.241
5.416412534,-0.0645,1.2076,0.2619,1.237
5.418341573,-0.0591,1.1951,0.2800,1.229
5.420214419,-0.0547,1.1856,0.2961,1.223
5.422322342,-0.0533,1.1810,0.3010,1.220
5.424087458,-0.0486,1.1714,0.3093,1.213
5.426305342,-0.0467,1.1673,0.3100,1.209
5.428248111,-0.0425,1.1629,0.3078,1.204
5.431622996,-0.0388,1.1573,0.3000,1.196
5.433583765,-0.0364,1.1561,0.2939,1.193
5.434144842,-0.0327,1.1548,0.2763,1.188
5.435933804,-0.0269,1.1517,0.2570,1.180
5.43827965,-0.0227,1.1497,0.2453,1.176
5.440101111,-0.0134,1.1478,0.2206,1.169
5.441839034,-0.0086,1.1458,0.2091,1.165
5.443995227,-0.0017,1.1404,0.1879,1.156
5.445994996,0.0022,1.1365,0.1688,1.149
5.450379804,0.0061,1.1343,0.1608,1.146
5.45095115,0.0154,1.1302,0.1483,1.140
5.451880342,0.0242,1.1248,0.1363,1.133
5.454015342,0.0274,1.1223,0.1317,1.130
5.455771227,0.0318,1.1162,0.1231,1.123
5.457572765,0.0349,1.1128,0.1197,1.120
5.459780611,0.0418,1.1043,0.1151,1.111
5.461750573,0.0464,1.0906,0.1114,1.097
5.47062015,0.0489,1.0845,0.1087,1.091
5.471247688,0.0581,1.0701,0.1021,1.076
5.471502381,0.0667,1.0481,0.0950,1.054
5.471738804,0.0699,1.0373,0.0901,1.044
5.47197465,0.0762,1.0161,0.0821,1.022
5.473579611,0.0779,1.0048,0.0796,1.011
5.475660765,0.0784,0.9802,0.0752,0.986
5.477493727,0.0814,0.9535,0.0684,0.959
5.479635457,0.0826,0.9391,0.0643,0.945
5.483194881,0.0845,0.9108,0.0537,0.916
5.483759534,0.0884,0.8800,0.0445,0.886
5.485601611,0.0904,0.8644,0.0376,0.870
5.487443996,0.0921,0.8319,0.0235,0.837
5.48943115,0.0919,0.8170,0.0183,0.822
5.491167496,0.0899,0.7857,0.0049,0.791
5.493200534,0.0853,0.7556,-0.0107,0.761
5.495405419,0.0821,0.7400,-0.0183,0.745
5.498683957,0.0772,0.7122,-0.0293,0.717
5.499485957,0.0735,0.6870,-0.0420,0.692
5.501095073,0.0704,0.6755,-0.0467,0.681
5.503152073,0.0647,0.6545,-0.0569,0.660
5.506601457,0.0616,0.6469,-0.0608,0.653
5.507047381,0.0525,0.6293,-0.0682,0.635
5.508998688,0.0484,0.6161,-0.0699,0.622
5.511035881,0.0440,0.6100,-0.0694,0.616
5.512940765,0.0364,0.6020,-0.0655,0.607
5.515339227,0.0269,0.5966,-0.0608,0.600
5.516853034,0.0232,0.5949,-0.0569,0.598
5.518997111,0.0125,0.5927,-0.0462,0.595
5.520845611,0.0078,0.5951,-0.0403,0.597
5.522891804,-0.0020,0.6017,-0.0257,0.602
5.524797496,-0.0181,0.6100,-0.0105,0.610
5.526883957,-0.0249,0.6149,-0.0015,0.615
5.528527111,-0.0398,0.6259,0.0161,0.627
5.533674265,-0.0530,0.6391,0.0308,0.642
5.534244727,-0.0594,0.6457,0.0369,0.649
5.534909188,-0.0726,0.6613,0.0486,0.667
5.536629765,-0.0796,0.6709,0.0511,0.678
5.538856727,-0.0943,0.6907,0.0535,0.699
5.540865304,-0.1058,0.7112,0.0525,0.721
5.542781342,-0.1107,0.7231,0.0508,0.733
5.544578765,-0.1219,0.7481,0.0442,0.759
5.546577957,-0.1339,0.7708,0.0327,0.783
5.554543573,-0.1410,0.7835,0.0247,0.796
5.555172265,-0.1546,0.8104,0.0078,0.825
5.555436419,-0.1649,0.8240,-0.0122,0.840
5.555670188,-0.1693,0.8521,-0.0230,0.869
5.556516611,-0.1779,0.8797,-0.0428,0.899
5.558501957,-0.1818,0.8937,-0.0528,0.913
5.560188534,-0.1876,0.9235,-0.0755,0.945
5.562244073,-0.1915,0.9523,-0.0958,0.976
5.564524804,-0.1928,0.9675,-0.1063,0.992
5.566269688,-0.1906,0.9963,-0.1263,1.022
5.568242573,-0.1886,1.0095,-0.1341,1.036
5.57034565,-0.1832,1.0373,-0.1466,1.064
5.572094227,-0.1727,1.0622,-0.1590,1.088
5.574265496,-0.1649,1.0747,-0.1627,1.099
5.576068534,-0.1454,1.0962,-0.1664,1.118
5.57820865,-0.1263,1.1157,-0.1656,1.135
5.580065265,-0.1148,1.1243,-0.1647,1.142
5.582162611,-0.0899,1.1390,-0.1576,1.153
5.584101688,-0.0765,1.1441,-0.1515,1.157
5.58598088,-0.0506,1.1524,-0.1380,1.162
5.588035611,-0.0257,1.1551,-0.1214,1.162
5.590097727,-0.0134,1.1548,-0.1124,1.160
5.591874919,0.0105,1.1514,-0.0923,1.155
5.593981804,0.0318,1.1451,-0.0711,1.148
5.595923188,0.0413,1.1429,-0.0599,1.145
5.598010957,0.0589,1.1328,-0.0393,1.135
5.600293073,0.0674,1.1280,-0.0296,1.130
5.601785073,0.0838,1.1153,-0.0117,1.118
5.60368188,0.0975,1.1026,0.0032,1.107
5.605719419,0.1038,1.0964,0.0110,1.101
5.60768565,0.1138,1.0825,0.0283,1.089
5.609741688,0.1209,1.0706,0.0406,1.078
5.611723496,0.1241,1.0649,0.0462,1.073
5.613841265,0.1290,1.0539,0.0569,1.063
5.616641034,0.1292,1.0486,0.0606,1.058
5.618031573,0.1292,1.0363,0.0662,1.046
5.619720919,0.1268,1.0251,0.0699,1.035
5.621625804,0.1258,1.0210,0.0716,1.031
5.623564573,0.1236,1.0119,0.0762,1.022
5.625606765,0.1222,1.0002,0.0770,1.011
5.627564957,0.1204,0.9960,0.0770,1.006
5.629617765,0.1158,0.9865,0.0794,0.996
5.632395034,0.1146,0.9814,0.0801,0.991
5.633873304,0.1114,0.9738,0.0818,0.984
5.635537073,0.1077,0.9667,0.0833,0.976
5.637609496,0.1046,0.9628,0.0840,0.972
5.63930538,0.0987,0.9555,0.0848,0.964
5.641168419,0.0933,0.9506,0.0845,0.959
5.643441688,0.0916,0.9484,0.0853,0.957
5.645450727,0.0848,0.9464,0.0894,0.954
5.65461765,0.0814,0.9467,0.0894,0.954
5.655958919,0.0743,0.9455,0.0941,0.953
5.656869919,0.0650,0.9474,0.1002,0.955
5.657992265,0.0628,0.9486,0.1024,0.956
5.659060457,0.0555,0.9496,0.1053,0.957
5.659991804,0.0501,0.9521,0.1097,0.960
5.660815804,0.0462,0.9540,0.1129,0.962
5.661996957,0.0391,0.9579,0.1168,0.966
5.66306715,0.0347,0.9606,0.1195,0.969
5.677457765,0.0298,0.9657,0.1200,0.974
5.678896227,0.0242,0.9682,0.1217,0.976
5.679723996,0.0220,0.9699,0.1229,0.978
5.682175265,0.0181,0.9736,0.1214,0.981
5.683325419,0.0142,0.9767,0.1219,0.984
5.684310727,0.0144,0.9772,0.1212,0.985
5.685270688,0.0120,0.9784,0.1192,0.986
5.686443303,0.0105,0.9797,0.1187,0.987
5.687256688,0.0088,0.9804,0.1185,0.988
5.687912996,0.0090,0.9794,0.1165,0.986
5.688833611,0.0090,0.9784,0.1168,0.985
5.689608765,0.0086,0.9762,0.1190,0.984
5.690643342,0.0090,0.9748,0.1180,0.982
5.691337611,0.0107,0.9736,0.1187,0.981
5.693794534,0.0115,0.9716,0.1224,0.979
5.695197303,0.0120,0.9704,0.1239,0.978
5.696340457,0.0161,0.9670,0.1258,0.975
5.70207165,0.0210,0.9638,0.1285,0.973
5.703549765,0.0237,0.9621,0.1295,0.971
5.70515265,0.0286,0.9582,0.1341,0.968
5.70634438,0.0347,0.9533,0.1346,0.963
5.707424803,0.0366,0.9506,0.1341,0.961
5.708710996,0.0406,0.9455,0.1317,0.955
5.710063188,0.0435,0.9428,0.1307,0.953
5.712197534,0.0440,0.9374,0.1273,0.947
5.716819111,0.0445,0.9335,0.1234,0.943
5.718494457,0.0447,0.9313,0.1217,0.940
5.719700265,0.0442,0.9259,0.1197,0.935
5.720754073,0.0435,0.9240,0.1190,0.933
5.72219915,0.0432,0.9220,0.1185,0.931
5.724059457,0.0410,0.9171,0.1175,0.926
5.72596115,0.0393,0.9157,0.1173,0.924
5.727810073,0.0359,0.9118,0.1168,0.920
5.729875765,0.0335,0.9066,0.1158,0.915
5.733194419,0.0308,0.9044,0.1151,0.912
5.734767073,0.0261,0.8995,0.1143,0.907
5.736122111,0.0222,0.8951,0.1129,0.903
5.737863496,0.0195,0.8939,0.1131,0.901
5.739992996,0.0154,0.8893,0.1099,0.896
5.74193365,0.0127,0.8871,0.1107,0.894
5.743664303,0.0100,0.8854,0.1107,0.892
5.745707457,0.0068,0.8854,0.1094,0.892
5.748553803,0.0056,0.8854,0.1097,0.892
5.75000438,0.0017,0.8832,0.1094,0.890
5.759582765,-0.0015,0.8824,0.1102,0.889
5.760126188,-0.0039,0.8834,0.1099,0.890
5.760367227,-0.0059,0.8844,0.1116,0.891
5.760617419,-0.0088,0.8844,0.1121,0.892
5.760845073,-0.0134,0.8873,0.1126,0.895
5.761256688,-0.0166,0.8885,0.1102,0.896
5.763542303,-0.0191,0.8903,0.1107,0.897
5.784938034,-0.0235,0.8929,0.1109,0.900
5.786473265,-0.0281,0.8956,0.1116,0.903
5.787903034,-0.0296,0.8968,0.1129,0.904
5.78876815,-0.0340,0.8978,0.1141,0.906
5.789942957,-0.0381,0.8973,0.1158,0.906
5.79083615,-0.0391,0.8988,0.1170,0.907
5.79199338,-0.0430,0.9015,0.1204,0.911
5.793053073,-0.0440,0.9017,0.1234,0.911
5.793980803,-0.0462,0.9049,0.1268,0.915
5.794646111,-0.0496,0.9064,0.1349,0.918
5.795520303,-0.0511,0.9074,0.1385,0.919
5.796217496,-0.0533,0.9078,0.1456,0.921
5.798360803,-0.0547,0.9091,0.1529,0.923
5.799389996,-0.0547,0.9096,0.1573,0.925
5.800332996,-0.0577,0.9105,0.1671,0.928
5.801221226,-0.0581,0.9100,0.1705,0.928
5.80202488,-0.0586,0.9083,0.1769,0.927
5.802750765,-0.0603,0.9076,0.1832,0.928
5.803493842,-0.0618,0.9078,0.1854,0.929
5.804135265,-0.0628,0.9074,0.1918,0.930
5.80505188,-0.0630,0.9069,0.1972,0.930
5.807511496,-0.0625,0.9042,0.1994,0.928
5.808965073,-0.0611,0.9042,0.2023,0.929
5.810875803,-0.0611,0.9044,0.2047,0.929
5.812724726,-0.0589,0.9042,0.2089,0.930
5.817459496,-0.0572,0.9025,0.2135,0.929
5.81833938,-0.0547,0.9020,0.2162,0.929
5.81873038,-0.0535,0.9032,0.2209,0.931
5.82032665,-0.0520,0.9032,0.2231,0.932
5.822253265,-0.0518,0.9022,0.2282,0.932
5.824322842,-0.0508,0.9010,0.2314,0.932
5.826331957,-0.0503,0.9003,0.2343,0.932
5.828218573,-0.0469,0.8988,0.2384,0.931
5.830524842,-0.0454,0.9020,0.2428,0.935
5.834842188,-0.0445,0.9022,0.2441,0.936
5.835458073,-0.0425,0.9015,0.2467,0.936
5.836234226,-0.0420,0.9010,0.2465,0.935
5.842071188,-0.0428,0.9022,0.2467,0.936
5.842484803,-0.0435,0.9030,0.2465,0.937
5.84276238,-0.0435,0.9042,0.2455,0.938
5.844221111,-0.0447,0.9074,0.2455,0.941
5.84616388,-0.0472,0.9096,0.2406,0.942
5.855080534,-0.0481,0.9105,0.2380,0.942
5.855707957,-0.0506,0.9127,0.2353,0.944
5.856008034,-0.0523,0.9147,0.2345,0.946
5.856252419,-0.0523,0.9181,0.2314,0.948
5.856498265,-0.0545,0.9201,0.2245,0.949
5.858063111,-0.0552,0.9218,0.2199,0.949
5.860067111,-0.0567,0.9257,0.2138,0.952
5.861958226,-0.0579,0.9315,0.2064,0.956
5.865208765,-0.0584,0.9330,0.2033,0.957
5.865864111,-0.0596,0.9347,0.1962,0.957
5.867810957,-0.0603,0.9357,0.1915,0.957
5.869678842,-0.0601,0.9381,0.1879,0.959
5.87182415,-0.0589,0.9408,0.1793,0.960
5.873834034,-0.0584,0.9411,0.1761,0.959
5.875700919,-0.0581,0.9420,0.1703,0.959
5.877818996,-0.0567,0.9433,0.1644,0.959
5.879748342,-0.0555,0.9442,0.1634,0.960
5.88218638,-0.0552,0.9472,0.1588,0.962
5.883488457,-0.0523,0.9482,0.1534,0.962
5.885626803,-0.0515,0.9484,0.1498,0.962
5.887933726,-0.0486,0.9504,0.1483,0.963
5.889705957,-0.0476,0.9523,0.1461,0.965
5.891546726,-0.0479,0.9552,0.1439,0.967
5.893280957,-0.0467,0.9569,0.1424,0.969
5.895524111,-0.0452,0.9577,0.1412,0.969
5.899201265,-0.0428,0.9604,0.1380,0.971
5.900035226,-0.0393,0.9645,0.1397,0.975
5.901657649,-0.0379,0.9682,0.1402,0.979
5.903501765,-0.0369,0.9723,0.1415,0.983
5.905441573,-0.0357,0.9750,0.1427,0.986
5.907224842,-0.0359,0.9802,0.1437,0.991
5.90932438,-0.0349,0.9846,0.1461,0.996
5.911464149,-0.0349,0.9882,0.1459,1.000
5.913195842,-0.0342,0.9943,0.1471,1.006
5.915578649,-0.0332,0.9990,0.1493,1.011
5.917108457,-0.0320,1.0029,0.1510,1.015
5.919301573,-0.0291,1.0097,0.1527,1.022
5.921193226,-0.0274,1.0126,0.1539,1.025
5.923132188,-0.0279,1.0195,0.1542,1.031
5.924904996,-0.0247,1.0251,0.1561,1.037
5.926913957,-0.0232,1.0288,0.1568,1.041
5.929030073,-0.0186,1.0359,0.1571,1.048
5.930995803,-0.0181,1.0395,0.1581,1.052
5.934323419,-0.0173,1.0473,0.1568,1.059
5.934969265,-0.0166,1.0547,0.1544,1.066
5.936794765,-0.0161,1.0571,0.1532,1.068
5.939224149,-0.0154,1.0615,0.1507,1.072
5.940792611,-0.0154,1.0674,0.1456,1.077
5.943193919,-0.0156,1.0708,0.1434,1.080
5.944662034,-0.0129,1.0767,0.1397,1.086
5.947057803,-0.0134,1.0774,0.1349,1.086
5.953161303,-0.0142,1.0784,0.1322,1.087
5.954020688,-0.0147,1.0830,0.1244,1.090
5.954458534,-0.0142,1.0840,0.1207,1.091
5.957981265,-0.0144,1.0864,0.1151,1.093
5.958457226,-0.0166,1.0881,0.1092,1.094
5.958895573,-0.0191,1.0884,0.1060,1.094
5.960473919,-0.0232,1.0881,0.1004,1.093
5.963540573,-0.0261,1.0867,0.0960,1.091
5.964451919,-0.0283,1.0864,0.0943,1.091
5.972697726,-0.0349,1.0881,0.0936,1.093
5.973699342,-0.0384,1.0899,0.0933,1.095
5.974125073,-0.0472,1.0906,0.0904,1.095
5.974553034,-0.0557,1.0911,0.0889,1.096
5.974973996,-0.0596,1.0908,0.0877,1.096
5.976339611,-0.0701,1.0908,0.0870,1.097
5.978179034,-0.0801,1.0925,0.0853,1.099
5.980239919,-0.0845,1.0942,0.0853,1.101
5.982949496,-0.0943,1.0945,0.0821,1.102
5.98490438,-0.0989,1.0952,0.0811,1.103
5.986222534,-0.1099,1.0979,0.0806,1.106
5.988090649,-0.1180,1.0994,0.0738,1.108
5.991352688,-0.1222,1.1008,0.0711,1.110
5.992242842,-0.1280,1.1048,0.0667,1.114
5.99408538,-0.1324,1.1060,0.0625,1.116
5.995991303,-0.1349,1.1092,0.0591,1.119
5.999439303,-0.1388,1.1126,0.0545,1.123
6.000778919,-0.1380,1.1148,0.0525,1.125
6.002286265,-0.1388,1.1199,0.0481,1.129
6.003797726,-0.1383,1.1250,0.0462,1.134
6.005915342,-0.1363,1.1267,0.0464,1.136
6.007814649,-0.1336,1.1336,0.0428,1.142
6.009935803,-0.1268,1.1416,0.0432,1.149
6.011940919,-0.1229,1.1451,0.0447,1.153
6.013976226,-0.1134,1.1524,0.0452,1.159
6.016656996,-0.1090,1.1558,0.0469,1.162
6.018218649,-0.0977,1.1631,0.0486,1.168
6.019822072,-0.0875,1.1710,0.0511,1.175
6.021901803,-0.0799,1.1754,0.0535,1.179
6.023722649,-0.0645,1.1866,0.0611,1.190
6.025834149,-0.0513,1.1932,0.0677,1.196
6.027597496,-0.0445,1.1981,0.0718,1.201
6.029710919,-0.0291,1.2074,0.0806,1.210
6.032934803,-0.0222,1.2132,0.0843,1.216
6.034552072,-0.0078,1.2242,0.0921,1.228
6.036520034,0.0044,1.2308,0.0989,1.235
6.037960457,0.0095,1.2357,0.1019,1.240
6.039623188,0.0188,1.2418,0.1053,1.246
6.041542226,0.0254,1.2455,0.1082,1.250
6.043570226,0.0296,1.2469,0.1080,1.252
6.04565238,0.0371,1.2460,0.1102,1.251
6.04765838,0.0408,1.2443,0.1116,1.250
6.056678572,0.0425,1.2406,0.1129,1.246
6.058187265,0.0462,1.2359,0.1146,1.242
6.05922388,0.0486,1.2330,0.1153,1.239
6.060316919,0.0533,1.2293,0.1185,1.236
6.061481034,0.0579,1.2235,0.1219,1.231
6.062343919,0.0613,1.2215,0.1234,1.229
6.063454572,0.0645,1.2171,0.1270,1.225
6.064545034,0.0650,1.2149,0.1297,1.224
6.065657919,0.0694,1.2125,0.1373,1.222
6.083349265,0.0750,1.2118,0.1422,1.222
6.084971765,0.0770,1.2122,0.1449,1.223
6.086154842,0.0794,1.2132,0.1471,1.225
6.087183111,0.0811,1.2154,0.1473,1.227
6.088226303,0.0818,1.2166,0.1466,1.228
6.089230765,0.0831,1.2210,0.1429,1.232
6.090176765,0.0828,1.2223,0.1402,1.233
6.091137919,0.0833,1.2257,0.1331,1.236
6.091989303,0.0814,1.2296,0.1236,1.238
6.092915072,0.0799,1.2315,0.1180,1.240
6.093757111,0.0770,1.2313,0.1053,1.238
6.094771649,0.0755,1.2311,0.0919,1.237
6.095458726,0.0735,1.2291,0.0855,1.234
6.096155111,0.0726,1.2291,0.0706,1.233
6.096925072,0.0718,1.2281,0.0625,1.232
6.098228342,0.0687,1.2245,0.0491,1.227
6.099212149,0.0679,1.2174,0.0315,1.220
6.101813765,0.0699,1.2142,0.0239,1.216
6.103135419,0.0728,1.2071,0.0066,1.209
6.104340803,0.0760,1.1944,-0.0107,1.197
6.106471072,0.0789,1.1861,-0.0191,1.189
6.108409265,0.0845,1.1690,-0.0379,1.173
6.110392803,0.0916,1.1609,-0.0564,1.166
6.112310765,0.0955,1.1404,-0.0638,1.146
6.114447072,0.0997,1.1172,-0.0823,1.125
6.117075957,0.1004,1.1050,-0.0909,1.113
6.118539957,0.1051,1.0818,-0.1065,1.092
6.120682495,0.1092,1.0542,-0.1204,1.067
6.122495342,0.1102,1.0398,-0.1256,1.053
6.124156726,0.1104,1.0119,-0.1346,1.027
6.126118149,0.1107,0.9975,-0.1383,1.013
6.127958957,0.1063,0.9677,-0.1454,0.984
6.130649495,0.0970,0.9381,-0.1483,0.955
6.134438495,0.0926,0.9240,-0.1490,0.940
6.136211957,0.0836,0.8961,-0.1476,0.912
6.137758803,0.0765,0.8663,-0.1449,0.882
6.138897995,0.0735,0.8526,-0.1419,0.867
6.140114034,0.0643,0.8277,-0.1349,0.841
6.142206188,0.0584,0.8153,-0.1248,0.827
6.144045572,0.0555,0.7938,-0.1187,0.804
6.145991226,0.0503,0.7730,-0.1077,0.782
6.147922265,0.0479,0.7625,-0.1014,0.771
6.158258034,0.0430,0.7444,-0.0880,0.751
6.159012188,0.0420,0.7271,-0.0730,0.732
6.15940288,0.0401,0.7200,-0.0650,0.724
6.159792111,0.0376,0.7075,-0.0479,0.710
6.160157572,0.0335,0.7024,-0.0344,0.704
6.162921803,0.0325,0.6907,-0.0271,0.692
6.16336688,0.0330,0.6789,-0.0134,0.680
6.163800611,0.0320,0.6740,-0.0071,0.675
6.178485149,0.0303,0.6657,0.0071,0.666
6.179055188,0.0310,0.6589,0.0210,0.660
6.179316649,0.0325,0.6555,0.0276,0.657
6.179556303,0.0318,0.6511,0.0393,0.653
6.179782688,0.0318,0.6474,0.0491,0.650
6.180022572,0.0320,0.6469,0.0515,0.650
6.180250765,0.0362,0.6464,0.0621,0.650
6.18048238,0.0393,0.6447,0.0674,0.649
6.186775919,0.0437,0.6474,0.0750,0.653
6.187294919,0.0459,0.6525,0.0821,0.659
6.187541188,0.0469,0.6565,0.0843,0.663
6.187773457,0.0508,0.6677,0.0872,0.675
6.189215572,0.0537,0.6799,0.0872,0.688
6.191336534,0.0559,0.6863,0.0850,0.694
6.193134995,0.0630,0.7019,0.0821,0.709
6.195192419,0.0662,0.7102,0.0784,0.718
6.197085957,0.0726,0.7302,0.0701,0.737
6.199355765,0.0765,0.7505,0.0594,0.757
6.201496572,0.0789,0.7610,0.0555,0.767
6.203125342,0.0840,0.7837,0.0435,0.789
6.205007419,0.0882,0.8084,0.0315,0.814
6.206816534,0.0911,0.8199,0.0254,0.825
6.208818726,0.0950,0.8455,0.0129,0.851
6.210923688,0.0975,0.8570,0.0068,0.863
6.21279138,0.0977,0.8832,-0.0027,0.889
6.215842303,0.0965,0.9096,-0.0144,0.915
6.216644342,0.0955,0.9215,-0.0203,0.927
6.21874888,0.0901,0.9457,-0.0281,0.950
6.220574649,0.0826,0.9714,-0.0362,0.976
6.222751342,0.0770,0.9826,-0.0393,0.986
6.224675688,0.0662,1.0051,-0.0428,1.008
6.226929072,0.0613,1.0170,-0.0447,1.020
6.228662726,0.0493,1.0383,-0.0474,1.041
6.230797918,0.0354,1.0554,-0.0474,1.057
6.233213034,0.0298,1.0635,-0.0474,1.065
6.23496938,0.0193,1.0779,-0.0450,1.079
6.236915418,0.0076,1.0901,-0.0398,1.091
6.238710418,0.0029,1.0955,-0.0362,1.096
6.240689803,-0.0054,1.1040,-0.0283,1.104
6.242670226,-0.0086,1.1074,-0.0254,1.108
6.24454738,-0.0134,1.1121,-0.0161,1.112
6.24639788,-0.0169,1.1150,-0.0061,1.115
6.256290534,-0.0183,1.1155,-0.0002,1.116
6.257544072,-0.0195,1.1177,0.0122,1.118
6.258403034,-0.0232,1.1131,0.0215,1.114
6.259156649,-0.0244,1.1116,0.0274,1.112
6.259998034,-0.0279,1.1087,0.0379,1.110
6.261860957,-0.0300,1.1067,0.0432,1.108
6.262909072,-0.0335,1.1030,0.0525,1.105
6.264186149,-0.0386,1.0964,0.0621,1.099
6.265579995,-0.0413,1.0935,0.0645,1.096
6.266816303,-0.0472,1.0879,0.0679,1.091
6.276315149,-0.0496,1.0833,0.0708,1.087
6.278251842,-0.0515,1.0798,0.0730,1.084
6.279147611,-0.0547,1.0715,0.0735,1.075
6.280300072,-0.0547,1.0674,0.0726,1.071
6.281770495,-0.0572,1.0610,0.0740,1.065
6.283126611,-0.0572,1.0554,0.0726,1.059
6.284414265,-0.0579,1.0522,0.0723,1.056
6.285948149,-0.0586,1.0451,0.0706,1.049
6.287078803,-0.0579,1.0400,0.0672,1.044
6.288181611,-0.0581,1.0376,0.0665,1.041
6.289492265,-0.0569,1.0332,0.0647,1.037
6.294769495,-0.0552,1.0317,0.0635,1.035
6.296276726,-0.0525,1.0271,0.0608,1.030
6.298637303,-0.0476,1.0219,0.0613,1.025
6.299936457,-0.0467,1.0188,0.0599,1.022
6.300895649,-0.0437,1.0136,0.0589,1.016
6.302310034,-0.0386,1.0114,0.0596,1.014
6.303586572,-0.0349,1.0102,0.0601,1.013
6.304797611,-0.0283,1.0063,0.0643,1.009
6.306063495,-0.0222,1.0056,0.0699,1.008
6.307436765,-0.0191,1.0053,0.0726,1.008
6.309722803,-0.0110,1.0041,0.0787,1.007
6.311281303,-0.0068,1.0024,0.0818,1.006
6.313369995,-0.0024,1.0004,0.0892,1.004
6.31951538,0.0049,0.9999,0.0977,1.005
6.320057995,0.0086,0.9992,0.1016,1.004
6.320869111,0.0154,0.9975,0.1099,1.004
6.321518342,0.0181,0.9973,0.1158,1.004
6.323263418,0.0232,0.9968,0.1256,1.005
6.324973188,0.0320,0.9987,0.1341,1.008
6.327066995,0.0354,0.9980,0.1383,1.008
6.329169803,0.0420,0.9999,0.1415,1.011
6.331250995,0.0479,1.0014,0.1446,1.013
6.333121188,0.0515,1.0021,0.1463,1.014
6.335276303,0.0562,1.0019,0.1478,1.014
6.337100649,0.0599,1.0029,0.1495,1.016
6.339163418,0.0623,1.0041,0.1498,1.017
6.340978457,0.0640,1.0029,0.1480,1.016
6.343107572,0.0645,1.0041,0.1471,1.017
6.344954341,0.0665,1.0036,0.1432,1.016
6.347031765,0.0662,1.0021,0.1402,1.014
6.351864688,0.0657,1.0019,0.1383,1.014
6.352407495,0.0660,1.0007,0.1339,1.012
6.352651149,0.0645,0.9992,0.1336,1.010
6.354923341,0.0603,0.9968,0.1314,1.007
6.358023611,0.0581,0.9938,0.1266,1.004
6.35862938,0.0567,0.9921,0.1253,1.002
6.360688995,0.0525,0.9882,0.1226,0.997
6.362603303,0.0496,0.9846,0.1192,0.993
6.364445611,0.0496,0.9824,0.1175,0.991
6.374634188,0.0464,0.9767,0.1156,0.985
6.376221918,0.0442,0.9743,0.1134,0.982
6.377132495,0.0415,0.9699,0.1109,0.977
6.378151457,0.0401,0.9675,0.1090,0.974
6.37919938,0.0398,0.9645,0.1080,0.971
6.381165457,0.0359,0.9601,0.1087,0.967
6.382504649,0.0337,0.9545,0.1080,0.961
6.383661303,0.0320,0.9521,0.1077,0.959
6.384896226,0.0308,0.9462,0.1058,0.953
6.386019572,0.0308,0.9411,0.1068,0.948
6.387067726,0.0300,0.9394,0.1070,0.946
6.389847111,0.0286,0.9335,0.1087,0.940
6.391587495,0.0279,0.9303,0.1102,0.937
6.39604088,0.0279,0.9264,0.1121,0.934
6.397058341,0.0269,0.9220,0.1143,0.929
6.398017572,0.0254,0.9176,0.1156,0.925
6.398974918,0.0225,0.9144,0.1168,0.922
6.401853418,0.0203,0.9137,0.1173,0.921
6.403566803,0.0203,0.9093,0.1214,0.918
6.405177418,0.0200,0.9054,0.1226,0.914
6.406710841,0.0205,0.9049,0.1236,0.914
6.408229034,0.0220,0.9027,0.1261,0.912
6.410291995,0.0208,0.9015,0.1268,0.911
6.412204226,0.0213,0.9010,0.1273,0.910
6.414194726,0.0247,0.8998,0.1280,0.909
6.417499149,0.0281,0.8990,0.1287,0.909
6.419066765,0.0303,0.8993,0.1297,0.909
6.420182418,0.0357,0.8978,0.1314,0.908
6.422845034,0.0379,0.8973,0.1319,0.908
6.424305495,0.0432,0.8961,0.1349,0.907
6.426329534,0.0479,0.8944,0.1412,0.907
6.428265688,0.0503,0.8944,0.1434,0.907
6.429993918,0.0542,0.8944,0.1473,0.908
6.432144111,0.0569,0.8954,0.1529,0.910
6.435124457,0.0586,0.8959,0.1549,0.911
6.436680226,0.0647,0.8966,0.1581,0.913
6.438536918,0.0662,0.8981,0.1617,0.915
6.439955649,0.0691,0.9010,0.1671,0.919
6.441898226,0.0699,0.9017,0.1688,0.920
6.443975149,0.0708,0.9022,0.1710,0.921
6.445684764,0.0733,0.9044,0.1735,0.924
6.447713688,0.0760,0.9076,0.1766,0.928
6.458484803,0.0774,0.9083,0.1764,0.929
6.459342111,0.0794,0.9098,0.1776,0.930
6.459775841,0.0796,0.9113,0.1783,0.932
6.460201995,0.0836,0.9147,0.1771,0.935
6.460615918,0.0860,0.9154,0.1752,0.936
6.461042726,0.0882,0.9157,0.1739,0.936
6.463774726,0.0933,0.9139,0.1713,0.935
6.464194188,0.0975,0.9122,0.1664,0.932
6.465522341,0.0977,0.9118,0.1637,0.931
6.482793649,0.1016,0.9115,0.1603,0.931
6.484564649,0.1036,0.9105,0.1578,0.930
6.485988803,0.1070,0.9127,0.1534,0.932
6.487040264,0.1112,0.9122,0.1515,0.931
6.48832688,0.1116,0.9110,0.1502,0.930
6.490160226,0.1121,0.9098,0.1473,0.928
6.491338149,0.1148,0.9093,0.1441,0.928
6.492446188,0.1163,0.9093,0.1427,0.928
6.493554995,0.1151,0.9081,0.1405,0.926
6.494403764,0.1151,0.9083,0.1400,0.926
6.495252918,0.1143,0.9074,0.1373,0.925
6.496120841,0.1156,0.9066,0.1317,0.923
6.497615149,0.1153,0.9064,0.1322,0.923
6.498939918,0.1151,0.9071,0.1319,0.924
6.500031226,0.1141,0.9076,0.1331,0.924
6.501446611,0.1141,0.9086,0.1336,0.925
6.50243438,0.1121,0.9127,0.1336,0.929
6.503423188,0.1116,0.9130,0.1329,0.929
6.504189264,0.1116,0.9144,0.1339,0.931
6.505557534,0.1087,0.9161,0.1319,0.932
6.507716457,0.1075,0.9176,0.1327,0.933
6.508847688,0.1055,0.9208,0.1356,0.937
6.511240995,0.1038,0.9230,0.1309,0.938
6.512809572,0.1029,0.9235,0.1280,0.938
6.515060111,0.0982,0.9274,0.1219,0.941
6.517563226,0.0945,0.9296,0.1136,0.941
6.519019303,0.0933,0.9330,0.1104,0.944
6.52072238,0.0901,0.9394,0.1055,0.950
6.522910841,0.0880,0.9406,0.1021,0.950
6.524818534,0.0833,0.9455,0.0955,0.954
6.527179957,0.0816,0.9482,0.0872,0.956
6.528830303,0.0801,0.9489,0.0836,0.956
6.530567841,0.0772,0.9518,0.0770,0.958
6.533888764,0.0772,0.9535,0.0713,0.959
6.534640457,0.0784,0.9543,0.0677,0.960
6.536548341,0.0789,0.9550,0.0603,0.960
6.53882538,0.0801,0.9557,0.0572,0.961
6.540420034,0.0840,0.9572,0.0559,0.963
6.54273888,0.0848,0.9569,0.0552,0.962
6.544715457,0.0855,0.9567,0.0562,0.962
6.546529418,0.0889,0.9582,0.0584,0.964
6.548401072,0.0919,0.9616,0.0621,0.968
6.555084457,0.0916,0.9633,0.0655,0.970
6.555904995,0.0948,0.9662,0.0733,0.974
6.556323264,0.0950,0.9684,0.0777,0.976
6.556753687,0.0960,0.9745,0.0858,0.983
6.558646034,0.0965,0.9792,0.0958,0.989
6.560210611,0.0945,0.9821,0.0999,0.992
6.562542534,0.0941,0.9894,0.1085,1.000
6.564144995,0.0943,0.9975,0.1204,1.009
6.579296226,0.0950,1.0021,0.1263,1.015
6.580653072,0.0928,1.0100,0.1358,1.023
6.581785534,0.0923,1.0185,0.1429,1.033
6.582652995,0.0926,1.0229,0.1451,1.037
6.584039918,0.0921,1.0317,0.1478,1.046
6.585571187,0.0911,1.0356,0.1500,1.050
6.586841534,0.0897,1.0473,0.1522,1.062
6.587866957,0.0884,1.0581,0.1522,1.073
6.588905034,0.0884,1.0632,0.1524,1.078
6.590407841,0.0901,1.0727,0.1522,1.087
6.591376995,0.0921,1.0825,0.1488,1.097
6.592469418,0.0926,1.0879,0.1463,1.102
6.594028841,0.0936,1.0964,0.1422,1.110
6.594896918,0.0948,1.1023,0.1393,1.115
6.59604788,0.0972,1.1113,0.1334,1.124
6.596898611,0.1007,1.1192,0.1266,1.131
6.59842538,0.1029,1.1226,0.1229,1.134
6.602410226,0.1060,1.1285,0.1158,1.139
6.604034687,0.1094,1.1321,0.1131,1.143
6.604941841,0.1116,1.1360,0.1077,1.147
6.606077803,0.1170,1.1404,0.1029,1.151
6.607545034,0.1187,1.1426,0.1002,1.153
6.609484841,0.1195,1.1473,0.0953,1.157
6.611563034,0.1217,1.1487,0.0892,1.159
6.613560341,0.1229,1.1502,0.0860,1.160
6.615533726,0.1244,1.1502,0.0784,1.160
6.618669072,0.1241,1.1507,0.0701,1.159
6.619899649,0.1248,1.1531,0.0660,1.162
6.621601264,0.1248,1.1521,0.0613,1.161
6.623415572,0.1253,1.1519,0.0577,1.160
6.625102495,0.1258,1.1509,0.0472,1.159
6.62734938,0.1241,1.1495,0.0384,1.157
6.629243303,0.1229,1.1490,0.0340,1.156
6.631357803,0.1229,1.1446,0.0227,1.151
6.641643726,0.1224,1.1424,0.0188,1.149
6.643109572,0.1175,1.1360,0.0103,1.142
6.644043649,0.1156,1.1321,0.0010,1.138
6.645470187,0.1146,1.1306,-0.0027,1.136
6.646532072,0.1141,1.1241,-0.0100,1.130
6.647437457,0.1109,1.1175,-0.0164,1.123
6.648296034,0.1090,1.1135,-0.0191,1.119
6.649794149,0.1060,1.1067,-0.0205,1.112
6.650139418,0.1053,1.1030,-0.0213,1.108
6.661587726,0.1038,1.0952,-0.0232,1.100
6.662073918,0.0967,1.0884,-0.0217,1.093
6.66231588,0.0948,1.0842,-0.0191,1.089
6.662552457,0.0884,1.0752,-0.0103,1.079
6.662787572,0.0821,1.0693,0.0000,1.072
6.663015072,0.0777,1.0664,0.0056,1.069
6.66323211,0.0701,1.0618,0.0200,1.064
6.664518495,0.0628,1.0583,0.0288,1.061
6.669684034,0.0586,1.0561,0.0481,1.059
6.670204418,0.0493,1.0566,0.0696,1.060
6.670468264,0.0457,1.0566,0.0801,1.061
6.672441341,0.0340,1.0578,0.1094,1.064
6.674526764,0.0217,1.0608,0.1407,1.070
6.67647661,0.0166,1.0622,0.1573,1.074
6.678395072,0.0066,1.0713,0.1879,1.088
6.68003911,0.0000,1.0762,0.2030,1.095
6.683533764,-0.0125,1.0845,0.2318,1.109
6.684831726,-0.0252,1.0964,0.2595,1.127
6.686387995,-0.0300,1.1045,0.2731,1.138
6.68808461,-0.0393,1.1172,0.2954,1.156
6.690120918,-0.0476,1.1277,0.3166,1.172
6.692070149,-0.0503,1.1336,0.3254,1.180
6.694248303,-0.0564,1.1451,0.3403,1.196
6.69617561,-0.0591,1.1490,0.3457,1.201
6.698037034,-0.0625,1.1561,0.3542,1.211
6.701174534,-0.0655,1.1575,0.3584,1.214
6.702464495,-0.0665,1.1573,0.3594,1.214
6.703923264,-0.0665,1.1553,0.3577,1.211
6.705947726,-0.0643,1.1499,0.3542,1.205
6.707979803,-0.0628,1.1463,0.3511,1.200
6.70987911,-0.0567,1.1377,0.3452,1.190
6.711954764,-0.0535,1.1319,0.3423,1.184
6.713792341,-0.0459,1.1206,0.3381,1.171
6.717972803,-0.0342,1.1096,0.3342,1.159
6.719831457,-0.0286,1.1028,0.3325,1.152
6.721210341,-0.0120,1.0886,0.3337,1.139
6.722923495,0.0046,1.0762,0.3327,1.126
6.724134803,0.0125,1.0701,0.3337,1.121
6.726074918,0.0286,1.0600,0.3342,1.112
6.727960149,0.0484,1.0503,0.3305,1.102
6.729999841,0.0579,1.0459,0.3276,1.098
6.731993187,0.0723,1.0405,0.3191,1.091
6.735561226,0.0858,1.0376,0.3130,1.087
6.737294918,0.0911,1.0312,0.2993,1.078
6.738998764,0.1021,1.0283,0.2785,1.070
6.74049711,0.1073,1.0268,0.2668,1.066
6.741675572,0.1116,1.0261,0.2375,1.059
6.743530303,0.1141,1.0254,0.2062,1.052
6.745500957,0.1146,1.0258,0.1893,1.049
6.747584264,0.1165,1.0302,0.1527,1.048
6.757696726,0.1182,1.0337,0.1346,1.049
6.759131687,0.1180,1.0390,0.1014,1.051
6.759998764,0.1173,1.0444,0.0694,1.053
6.760846495,0.1168,1.0483,0.0530,1.056
6.762067457,0.1151,1.0566,0.0230,1.063
6.763023995,0.1107,1.0659,-0.0044,1.072
6.763880072,0.1075,1.0706,-0.0178,1.076
6.76488161,0.1038,1.0791,-0.0415,1.085
6.766068841,0.1011,1.0847,-0.0640,1.091
6.77980311,0.0989,1.0938,-0.0748,1.101
6.781253149,0.0943,1.1035,-0.0921,1.111
6.782281572,0.0919,1.1084,-0.0997,1.117
6.783432264,0.0877,1.1172,-0.1173,1.127
6.784725072,0.0855,1.1243,-0.1336,1.135
6.785896341,0.0833,1.1275,-0.1412,1.139
6.78703661,0.0828,1.1289,-0.1544,1.142
6.787979687,0.0774,1.1277,-0.1705,1.143
6.788858995,0.0748,1.1241,-0.1786,1.141
6.789954649,0.0728,1.1157,-0.1930,1.135
6.790877187,0.0716,1.1109,-0.2008,1.131
6.791680264,0.0689,1.1006,-0.2133,1.123
6.792632457,0.0689,1.0872,-0.2262,1.113
6.79348488,0.0684,1.0791,-0.2326,1.106
6.796036572,0.0689,1.0630,-0.2411,1.092
6.797515341,0.0701,1.0542,-0.2450,1.085
6.798990649,0.0718,1.0385,-0.2514,1.071
6.801730033,0.0726,1.0207,-0.2568,1.055
6.80328661,0.0728,1.0129,-0.2592,1.048
6.804645457,0.0750,0.9946,-0.2612,1.031
6.806668264,0.0740,0.9770,-0.2609,1.014
6.808525995,0.0740,0.9687,-0.2595,1.006
6.810698803,0.0735,0.9508,-0.2568,0.988
6.812450072,0.0738,0.9345,-0.2514,0.971
6.814671457,0.0740,0.9267,-0.2489,0.962
6.817844149,0.0716,0.9108,-0.2438,0.946
6.819796264,0.0699,0.9012,-0.2392,0.935
6.821317149,0.0699,0.8846,-0.2294,0.917
6.823710533,0.0679,0.8670,-0.2174,0.896
6.824840803,0.0665,0.8602,-0.2091,0.888
6.826584033,0.0618,0.8455,-0.1942,0.870
6.828315149,0.0577,0.8392,-0.1776,0.860
6.830448341,0.0569,0.8267,-0.1691,0.846
6.832367572,0.0489,0.8155,-0.1507,0.831
6.835739995,0.0454,0.8104,-0.1397,0.824
6.83779261,0.0415,0.8011,-0.1192,0.811
6.839395533,0.0347,0.7923,-0.0987,0.799
6.840611457,0.0303,0.7872,-0.0875,0.793
6.842598995,0.0210,0.7793,-0.0665,0.782
6.844448918,0.0166,0.7749,-0.0564,0.777
6.846170726,0.0078,0.7693,-0.0352,0.770
6.848171341,-0.0002,0.7647,-0.0161,0.765
6.85291511,-0.0046,0.7630,-0.0066,0.763
6.853532764,-0.0161,0.7578,0.0120,0.758
6.853820226,-0.0254,0.7559,0.0286,0.757
6.855883533,-0.0298,0.7556,0.0359,0.757
6.857826303,-0.0403,0.7547,0.0528,0.758
6.859830149,-0.0447,0.7542,0.0616,0.758
6.861645687,-0.0518,0.7544,0.0760,0.760
6.86378138,-0.0611,0.7552,0.0901,0.763
6.865555495,-0.0657,0.7564,0.0972,0.765
6.873689418,-0.0740,0.7617,0.1092,0.773
6.874132764,-0.0814,0.7671,0.1185,0.780
6.874376303,-0.0853,0.7705,0.1231,0.785
6.874610995,-0.0923,0.7791,0.1307,0.795
6.875606572,-0.1007,0.7825,0.1363,0.801
6.877433572,-0.1058,0.7918,0.1385,0.811
6.879696803,-0.1148,0.8052,0.1417,0.826
6.881572418,-0.1185,0.8101,0.1429,0.831
6.884035841,-0.1248,0.8223,0.1427,0.844
6.885434456,-0.1324,0.8375,0.1417,0.860
6.89015611,-0.1356,0.8448,0.1390,0.867
6.890450764,-0.1424,0.8602,0.1312,0.882
6.896999533,-0.1444,0.8697,0.1266,0.891
6.897284226,-0.1461,0.8856,0.1151,0.905
6.897570072,-0.1495,0.9056,0.1046,0.924
6.89780188,-0.1493,0.9157,0.0970,0.933
6.899265649,-0.1493,0.9345,0.0843,0.950
6.901676264,-0.1483,0.9547,0.0728,0.969
6.903204456,-0.1473,0.9653,0.0655,0.979
6.90503761,-0.1429,0.9821,0.0518,0.994
6.907322303,-0.1375,1.0031,0.0364,1.013
6.90909338,-0.1349,1.0122,0.0308,1.022
6.914299072,-0.1275,1.0290,0.0171,1.037
6.914744803,-0.1219,1.0381,0.0105,1.045
6.915010033,-0.1116,1.0539,-0.0034,1.060
6.917138726,-0.0985,1.0698,-0.0154,1.074
6.919002033,-0.0926,1.0774,-0.0213,1.082
6.921015572,-0.0796,1.0881,-0.0335,1.092
6.923328841,-0.0684,1.0996,-0.0437,1.103
6.924686418,-0.0621,1.1033,-0.0489,1.106
6.927055495,-0.0498,1.1101,-0.0594,1.113
6.92887738,-0.0430,1.1135,-0.0640,1.116
6.930869303,-0.0286,1.1199,-0.0704,1.122
6.935109303,-0.0181,1.1226,-0.0774,1.125
6.935756456,-0.0127,1.1248,-0.0806,1.128
6.93651811,-0.0027,1.1263,-0.0848,1.129
6.939149072,0.0086,1.1272,-0.0867,1.131
6.940877456,0.0117,1.1275,-0.0887,1.131
6.942888649,0.0183,1.1275,-0.0865,1.131
6.944671572,0.0217,1.1265,-0.0858,1.130
6.946704226,0.0264,1.1209,-0.0840,1.124
6.948828149,0.0322,1.1135,-0.0779,1.117
6.953898572,0.0364,1.1104,-0.0748,1.113
6.95457061,0.0425,1.1045,-0.0679,1.107
6.95484611,0.0469,1.0982,-0.0603,1.101
6.956482033,0.0506,1.0940,-0.0564,1.097
6.961272533,0.0550,1.0840,-0.0472,1.086
6.961817764,0.0572,1.0811,-0.0425,1.083
6.962455033,0.0618,1.0747,-0.0322,1.077
6.975548995,0.0655,1.0635,-0.0191,1.066
6.976202033,0.0665,1.0596,-0.0125,1.062
6.976454379,0.0694,1.0532,0.0000,1.055
6.976689572,0.0728,1.0473,0.0144,1.050
6.976930072,0.0752,1.0442,0.0205,1.047
6.977164649,0.0774,1.0373,0.0318,1.041
6.977490149,0.0777,1.0346,0.0393,1.038
6.978303533,0.0782,1.0285,0.0508,1.033
6.980094379,0.0801,1.0239,0.0625,1.029
6.982120226,0.0792,1.0234,0.0677,1.029
6.984435149,0.0799,1.0185,0.0752,1.024
6.986557879,0.0782,1.0151,0.0821,1.021
6.988051764,0.0779,1.0124,0.0862,1.019
6.990211379,0.0760,1.0090,0.0897,1.016
6.991956379,0.0757,1.0085,0.0901,1.015
6.995161456,0.0748,1.0065,0.0919,1.013
6.995608072,0.0718,1.0041,0.0921,1.011
6.997926687,0.0708,1.0024,0.0919,1.009
7.000441226,0.0689,1.0019,0.0914,1.008
7.002496995,0.0647,0.9999,0.0889,1.006
7.003743149,0.0628,0.9985,0.0872,1.004
7.005620533,0.0589,0.9963,0.0828,1.001
7.007761456,0.0577,0.9963,0.0796,1.001
7.009706995,0.0552,0.9946,0.0728,0.999
7.011745418,0.0530,0.9916,0.0684,0.995
7.013455572,0.0518,0.9914,0.0662,0.995
7.01576661,0.0506,0.9877,0.0630,0.991
7.018035226,0.0489,0.9850,0.0586,0.988
7.019571303,0.0481,0.9838,0.0562,0.987
7.022039649,0.0472,0.9806,0.0523,0.983
7.023691149,0.0474,0.9780,0.0501,0.980
7.02549461,0.0469,0.9736,0.0474,0.976
7.027482456,0.0467,0.9697,0.0472,0.972
7.029298303,0.0467,0.9672,0.0479,0.970
7.031493956,0.0474,0.9628,0.0491,0.965
7.034685995,0.0459,0.9584,0.0484,0.961
7.035385995,0.0467,0.9538,0.0496,0.956
7.038165649,0.0474,0.9482,0.0506,0.951
7.039489418,0.0474,0.9462,0.0513,0.949
7.04235161,0.0481,0.9416,0.0552,0.944
7.043554995,0.0493,0.9384,0.0569,0.941
7.045329879,0.0503,0.9362,0.0591,0.939
7.047240803,0.0501,0.9311,0.0630,0.935
7.04919061,0.0515,0.9267,0.0679,0.931
7.054089533,0.0515,0.9249,0.0704,0.929
7.054648918,0.0511,0.9191,0.0750,0.924
7.055209456,0.0520,0.9171,0.0770,0.922
7.057193456,0.0508,0.9120,0.0833,0.917
7.05889261,0.0498,0.9108,0.0897,0.917
7.060846841,0.0489,0.9093,0.0931,0.915
7.062790995,0.0469,0.9061,0.0977,0.913
7.064762726,0.0437,0.9015,0.1046,0.909
7.075174456,0.0425,0.9000,0.1068,0.907
7.075643879,0.0391,0.8976,0.1129,0.905
7.075901418,0.0376,0.8968,0.1156,0.905
7.076127456,0.0366,0.8944,0.1224,0.903
7.076361687,0.0313,0.8922,0.1275,0.902
7.076587956,0.0283,0.8920,0.1305,0.902
7.078676533,0.0227,0.8907,0.1361,0.901
7.080425995,0.0173,0.8915,0.1419,0.903
7.082360226,0.0159,0.8910,0.1459,0.903
7.084668841,0.0129,0.8900,0.1512,0.903
7.086603302,0.0098,0.8903,0.1527,0.903
7.088564726,0.0039,0.8925,0.1571,0.906
7.090330841,-0.0017,0.8907,0.1610,0.905
7.092304187,-0.0051,0.8907,0.1642,0.906
7.094324072,-0.0112,0.8915,0.1673,0.907
7.096195495,-0.0156,0.8917,0.1688,0.908
7.098421264,-0.0166,0.8937,0.1700,0.910
7.100951379,-0.0208,0.8951,0.1737,0.912
7.102442726,-0.0232,0.8964,0.1747,0.914
7.104062918,-0.0279,0.9003,0.1786,0.918
7.106706264,-0.0300,0.9025,0.1805,0.921
7.107923956,-0.0310,0.9034,0.1813,0.922
7.110047649,-0.0342,0.9047,0.1813,0.923
7.112106995,-0.0357,0.9056,0.1803,0.924
7.114068956,-0.0366,0.9083,0.1798,0.927
7.116145379,-0.0393,0.9113,0.1779,0.929
7.120126918,-0.0406,0.9135,0.1774,0.931
7.120914033,-0.0415,0.9157,0.1769,0.934
7.121940302,-0.0445,0.9176,0.1757,0.935
7.123872187,-0.0459,0.9183,0.1749,0.936
7.126081841,-0.0459,0.9210,0.1727,0.938
7.127800841,-0.0481,0.9215,0.1695,0.938
7.129693533,-0.0486,0.9245,0.1681,0.941
7.131865379,-0.0481,0.9254,0.1666,0.942
7.142116341,-0.0481,0.9264,0.1659,0.942
7.143523495,-0.0474,0.9281,0.1639,0.944
7.144437341,-0.0511,0.9279,0.1617,0.943
7.145459533,-0.0525,0.9289,0.1608,0.944
7.146454187,-0.0535,0.9320,0.1588,0.947
7.147489726,-0.0557,0.9315,0.1573,0.946
7.148215687,-0.0586,0.9325,0.1573,0.948
7.149168226,-0.0613,0.9337,0.1559,0.949
7.15030361,-0.0630,0.9354,0.1551,0.950
7.156527764,-0.0667,0.9369,0.1539,0.952
7.157792841,-0.0679,0.9384,0.1515,0.953
7.158656187,-0.0691,0.9386,0.1498,0.953
7.15949911,-0.0718,0.9406,0.1480,0.955
7.160283995,-0.0716,0.9423,0.1468,0.956
7.161189072,-0.0711,0.9433,0.1466,0.957
7.165642764,-0.0745,0.9450,0.1432,0.959
7.166782341,-0.0750,0.9447,0.1415,0.958
7.169452918,-0.0752,0.9460,0.1395,0.959
7.171278379,-0.0730,0.9479,0.1371,0.961
7.172104649,-0.0718,0.9486,0.1375,0.961
7.173453841,-0.0701,0.9504,0.1373,0.963
7.175236956,-0.0694,0.9518,0.1358,0.964
7.178028533,-0.0687,0.9523,0.1366,0.964
7.179068033,-0.0623,0.9552,0.1371,0.967
7.181101918,-0.0606,0.9557,0.1375,0.967
7.183293687,-0.0579,0.9589,0.1390,0.971
7.185989802,-0.0547,0.9616,0.1432,0.974
7.187371495,-0.0535,0.9616,0.1437,0.974
7.188930572,-0.0503,0.9623,0.1451,0.975
7.191025687,-0.0472,0.9623,0.1454,0.974
7.192790764,-0.0445,0.9616,0.1488,0.974
7.194954649,-0.0410,0.9606,0.1512,0.973
7.196722187,-0.0393,0.9589,0.1529,0.972
7.198706341,-0.0352,0.9577,0.1527,0.970
7.201816879,-0.0344,0.9540,0.1559,0.967
7.203271418,-0.0327,0.9540,0.1571,0.967
7.204896533,-0.0293,0.9530,0.1571,0.966
7.206826687,-0.0279,0.9499,0.1571,0.963
7.208641649,-0.0261,0.9486,0.1581,0.962
7.210779072,-0.0237,0.9445,0.1573,0.958
7.212822149,-0.0220,0.9442,0.1568,0.957
7.214989533,-0.0203,0.9442,0.1578,0.958
7.216619187,-0.0193,0.9401,0.1556,0.953
7.21954261,-0.0200,0.9398,0.1544,0.953
7.221146841,-0.0198,0.9396,0.1534,0.952
7.222590918,-0.0200,0.9374,0.1527,0.950
7.224285533,-0.0210,0.9379,0.1512,0.950
7.226521341,-0.0222,0.9391,0.1476,0.951
7.228524264,-0.0232,0.9398,0.1456,0.951
7.230468918,-0.0230,0.9398,0.1412,0.951
7.232236418,-0.0235,0.9438,0.1346,0.954
7.236029302,-0.0244,0.9474,0.1312,0.957
7.23763361,-0.0261,0.9516,0.1244,0.960
7.238764456,-0.0261,0.9535,0.1200,0.961
7.240412841,-0.0276,0.9596,0.1129,0.967
7.241950302,-0.0298,0.9670,0.1048,0.973
7.244092149,-0.0303,0.9699,0.1009,0.976
7.246242918,-0.0308,0.9765,0.0928,0.981
7.247965072,-0.0313,0.9843,0.0877,0.989
7.250154995,-0.0315,0.9887,0.0855,0.993
7.259086879,-0.0313,0.9970,0.0799,1.001
7.260529918,-0.0276,1.0019,0.0762,1.005
7.26153761,-0.0261,1.0092,0.0706,1.012
7.262548264,-0.0237,1.0178,0.0672,1.020
7.263552264,-0.0217,1.0212,0.0650,1.023
7.264607764,-0.0181,1.0302,0.0645,1.032
7.265523841,-0.0164,1.0383,0.0647,1.040
7.266452802,-0.0151,1.0447,0.0660,1.047
7.279056802,-0.0105,1.0520,0.0701,1.054
7.280507918,-0.0083,1.0569,0.0726,1.059
7.281573802,-0.0049,1.0632,0.0772,1.066
7.282369918,-0.0024,1.0679,0.0836,1.071
7.283480802,-0.0010,1.0713,0.0872,1.075
7.284660956,0.0037,1.0801,0.0965,1.084
7.286165764,0.0054,1.0835,0.1043,1.089
7.28697661,0.0061,1.0859,0.1082,1.091
7.287871956,0.0103,1.0911,0.1175,1.097
7.288526187,0.0129,1.0923,0.1231,1.099
7.289291802,0.0144,1.0925,0.1322,1.101
7.290155187,0.0176,1.0947,0.1393,1.104
7.292524379,0.0193,1.0947,0.1422,1.104
7.293995187,0.0222,1.0947,0.1471,1.105
7.295382341,0.0235,1.0942,0.1480,1.104
7.297634572,0.0230,1.0945,0.1483,1.105
7.299777725,0.0208,1.0964,0.1493,1.107
7.303313725,0.0200,1.0972,0.1461,1.107
7.304794572,0.0191,1.0972,0.1439,1.107
7.306121687,0.0188,1.0969,0.1397,1.106
7.307298379,0.0171,1.0967,0.1373,1.105
7.309223495,0.0137,1.0962,0.1290,1.104
7.310957995,0.0110,1.0977,0.1207,1.104
7.31316811,0.0078,1.0989,0.1153,1.105
7.315197879,0.0051,1.1001,0.1068,1.105
7.318813995,0.0017,1.0994,0.0985,1.104
7.321255802,0.0007,1.0996,0.0950,1.104
7.322456225,-0.0012,1.1018,0.0872,1.105
7.323743802,-0.0024,1.1038,0.0823,1.107
7.324912341,-0.0034,1.1050,0.0738,1.107
7.326914918,-0.0049,1.1082,0.0662,1.110
7.328731918,-0.0051,1.1106,0.0630,1.112
7.331034995,-0.0034,1.1145,0.0550,1.116
7.332778725,-0.0027,1.1170,0.0498,1.118
7.336674956,-0.0005,1.1194,0.0481,1.120
7.340656918,0.0032,1.1233,0.0450,1.124
7.341766995,0.0049,1.1243,0.0437,1.125
7.342919764,0.0095,1.1287,0.0406,1.129
7.343845302,0.0137,1.1333,0.0418,1.134
7.344989764,0.0173,1.1348,0.0418,1.136
7.346795918,0.0230,1.1370,0.0428,1.138
7.348738148,0.0293,1.1394,0.0450,1.141
7.358849033,0.0315,1.1409,0.0457,1.142
7.359450725,0.0374,1.1443,0.0498,1.146
7.359702341,0.0442,1.1463,0.0528,1.148
7.359947072,0.0486,1.1480,0.0562,1.150
7.360499072,0.0599,1.1512,0.0643,1.155
7.360759918,0.0645,1.1534,0.0672,1.157
7.362666418,0.0733,1.1607,0.0752,1.165
7.36448361,0.0836,1.1671,0.0860,1.173
7.366675341,0.0882,1.1707,0.0928,1.178
7.383358725,0.0943,1.1766,0.1060,1.185
7.38407861,0.0987,1.1812,0.1190,1.191
7.384392841,0.1014,1.1829,0.1239,1.194
7.384639033,0.1031,1.1856,0.1329,1.197
7.384880725,0.1038,1.1864,0.1371,1.199
7.385124148,0.1060,1.1851,0.1476,1.199
7.385425648,0.1055,1.1839,0.1554,1.199
7.385702225,0.1038,1.1829,0.1588,1.198
7.385946379,0.1036,1.1812,0.1644,1.197
7.390100072,0.1055,1.1761,0.1661,1.192
7.390568033,0.1058,1.1739,0.1671,1.190
7.390815379,0.1029,1.1712,0.1673,1.188
7.391967187,0.1026,1.1688,0.1681,1.185
7.394423302,0.0989,1.1671,0.1678,1.183
7.396024225,0.0948,1.1646,0.1683,1.181
7.398376033,0.0926,1.1627,0.1676,1.178
7.399850956,0.0880,1.1600,0.1652,1.175
7.401974802,0.0816,1.1600,0.1610,1.174
7.40694561,0.0774,1.1597,0.1573,1.173
7.407218379,0.0711,1.1600,0.1522,1.172
7.407891341,0.0684,1.1597,0.1485,1.171
7.409681148,0.0613,1.1573,0.1368,1.167
7.411704725,0.0535,1.1543,0.1244,1.162
7.413673148,0.0489,1.1543,0.1178,1.161
7.415676571,0.0379,1.1524,0.1026,1.158
7.418361533,0.0269,1.1514,0.0889,1.155
7.419653379,0.0217,1.1517,0.0811,1.155
7.421504687,0.0095,1.1519,0.0662,1.154
7.423541956,0.0042,1.1519,0.0603,1.153
7.425558148,-0.0081,1.1524,0.0489,1.153
7.427489456,-0.0169,1.1541,0.0371,1.155
7.429447648,-0.0232,1.1551,0.0335,1.156
7.431648918,-0.0357,1.1565,0.0239,1.157
7.433654071,-0.0447,1.1600,0.0166,1.161
7.435973995,-0.0484,1.1600,0.0122,1.161
7.437403495,-0.0577,1.1602,0.0027,1.162
7.440261571,-0.0682,1.1602,-0.0007,1.162
7.441260571,-0.0738,1.1602,-0.0100,1.163
7.443410225,-0.0779,1.1568,-0.0176,1.160
7.44544511,-0.0823,1.1539,-0.0215,1.157
7.447486225,-0.0855,1.1475,-0.0318,1.151
7.449218495,-0.0892,1.1377,-0.0428,1.142
7.457985456,-0.0909,1.1324,-0.0496,1.137
7.459236918,-0.0943,1.1197,-0.0616,1.125
7.460026841,-0.0938,1.1121,-0.0667,1.118
7.46087761,-0.0950,1.0977,-0.0789,1.105
7.46191811,-0.0970,1.0818,-0.0899,1.090
7.463688264,-0.0977,1.0720,-0.0953,1.081
7.464446225,-0.1004,1.0527,-0.1068,1.063
7.465539648,-0.0997,1.0432,-0.1163,1.054
7.466957379,-0.0977,1.0244,-0.1212,1.036
7.477722764,-0.0941,1.0041,-0.1285,1.017
7.479132187,-0.0919,0.9943,-0.1312,1.007
7.480035764,-0.0870,0.9748,-0.1371,0.988
7.480818418,-0.0840,0.9530,-0.1405,0.967
7.482374841,-0.0816,0.9433,-0.1422,0.957
7.483290071,-0.0774,0.9242,-0.1417,0.938
7.485650725,-0.0701,0.9154,-0.1385,0.928
7.486711802,-0.0660,0.8990,-0.1373,0.912
7.487487302,-0.0584,0.8827,-0.1327,0.894
7.488232302,-0.0547,0.8741,-0.1292,0.885
7.489141841,-0.0467,0.8590,-0.1222,0.869
7.491699533,-0.0379,0.8451,-0.1143,0.854
7.493021302,-0.0322,0.8389,-0.1099,0.847
7.494627033,-0.0227,0.8243,-0.0999,0.831
7.497559456,-0.0120,0.8172,-0.0901,0.822
7.498661456,-0.0051,0.8067,-0.0833,0.811
7.500581648,0.0064,0.7942,-0.0704,0.797
7.503455918,0.0127,0.7881,-0.0655,0.791
7.504880225,0.0261,0.7769,-0.0552,0.779
7.506368879,0.0403,0.7661,-0.0423,0.768
7.508247648,0.0472,0.7603,-0.0364,0.763
7.510323071,0.0599,0.7495,-0.0254,0.752
7.512247994,0.0762,0.7405,-0.0161,0.745
7.514388187,0.0838,0.7361,-0.0107,0.741
7.516080071,0.0999,0.7278,-0.0007,0.735
7.519366918,0.1070,0.7244,0.0027,0.732
7.520896802,0.1222,0.7158,0.0095,0.726
7.523033879,0.1358,0.7117,0.0134,0.725
7.524109571,0.1407,0.7090,0.0159,0.723
7.526173802,0.1537,0.7060,0.0225,0.723
7.528145341,0.1598,0.7051,0.0235,0.723
7.530303379,0.1713,0.7075,0.0269,0.728
7.532129264,0.1781,0.7112,0.0274,0.734
7.533986802,0.1827,0.7126,0.0269,0.736
7.536682033,0.1901,0.7173,0.0235,0.742
7.53857561,0.1959,0.7258,0.0205,0.752
7.539820648,0.1969,0.7307,0.0169,0.757
7.541770379,0.2008,0.7398,0.0115,0.767
7.543823148,0.2028,0.7449,0.0071,0.772
7.545808456,0.2023,0.7571,0.0002,0.784
7.547691918,0.2018,0.7725,-0.0112,0.798
7.549585802,0.2013,0.7820,-0.0164,0.808
7.551772994,0.1994,0.8008,-0.0239,0.826
7.560108802,0.1964,0.8196,-0.0344,0.844
7.561620879,0.1947,0.8294,-0.0376,0.853
7.562478225,0.1896,0.8497,-0.0457,0.872
7.563421533,0.1874,0.8602,-0.0501,0.882
7.565311225,0.1813,0.8802,-0.0603,0.901
7.566275802,0.1722,0.9000,-0.0679,0.919
7.567282418,0.1659,0.9086,-0.0716,0.926
7.568348956,0.1520,0.9293,-0.0779,0.945
7.56957861,0.1339,0.9482,-0.0848,0.961
7.580458571,0.1258,0.9560,-0.0870,0.968
7.580989494,0.1073,0.9731,-0.0909,0.983
7.58124411,0.0965,0.9806,-0.0936,0.990
7.58152311,0.0762,0.9941,-0.0980,1.002
7.581752571,0.0567,1.0097,-0.1019,1.016
7.581982994,0.0462,1.0170,-0.1024,1.023
7.583089764,0.0276,1.0302,-0.0994,1.035
7.588899033,0.0110,1.0425,-0.0987,1.047
7.589378187,0.0015,1.0481,-0.0967,1.053
7.589683456,-0.0178,1.0576,-0.0926,1.062
7.59102761,-0.0252,1.0622,-0.0899,1.066
7.593094148,-0.0391,1.0720,-0.0843,1.076
7.594918302,-0.0528,1.0786,-0.0782,1.083
7.596813494,-0.0586,1.0801,-0.0745,1.084
7.598782764,-0.0713,1.0828,-0.0657,1.087
7.601050802,-0.0767,1.0845,-0.0618,1.089
7.604225533,-0.0867,1.0872,-0.0537,1.092
7.606225802,-0.0958,1.0869,-0.0464,1.092
7.60776061,-0.1011,1.0869,-0.0440,1.092
7.609190456,-0.1060,1.0872,-0.0379,1.093
7.611847264,-0.1112,1.0864,-0.0320,1.093
7.612887956,-0.1134,1.0855,-0.0300,1.092
7.614790148,-0.1129,1.0820,-0.0227,1.088
7.616707148,-0.1138,1.0786,-0.0195,1.085
7.61911911,-0.1134,1.0769,-0.0181,1.083
7.621745456,-0.1119,1.0735,-0.0149,1.079
7.623476648,-0.1094,1.0730,-0.0122,1.079
7.624594225,-0.1068,1.0703,-0.0071,1.076
7.626356033,-0.1051,1.0669,-0.0022,1.072
7.628290802,-0.1036,1.0654,0.0005,1.070
7.630587802,-0.0994,1.0640,0.0061,1.069
7.632523648,-0.0950,1.0610,0.0134,1.065
7.63619561,-0.0921,1.0598,0.0173,1.064
7.63680361,-0.0877,1.0576,0.0257,1.062
7.638466841,-0.0855,1.0564,0.0288,1.060
7.641084571,-0.0818,1.0549,0.0352,1.059
7.642179994,-0.0779,1.0530,0.0428,1.057
7.644217494,-0.0760,1.0527,0.0462,1.056
7.646156764,-0.0726,1.0517,0.0530,1.056
7.648108341,-0.0682,1.0498,0.0599,1.054
7.650233571,-0.0660,1.0495,0.0633,1.054
7.654925764,-0.0621,1.0491,0.0682,1.053
7.655503033,-0.0594,1.0478,0.0711,1.052
7.655937956,-0.0559,1.0469,0.0777,1.051
7.658224494,-0.0496,1.0471,0.0816,1.051
7.660070879,-0.0467,1.0466,0.0848,1.051
7.662069225,-0.0391,1.0464,0.0899,1.051
7.663855148,-0.0305,1.0444,0.0943,1.049
7.665937379,-0.0264,1.0442,0.0980,1.049
7.68626461,-0.0166,1.0420,0.1051,1.047
7.687662802,-0.0105,1.0400,0.1073,1.046
7.688510533,-0.0022,1.0381,0.1121,1.044
7.689693494,0.0068,1.0349,0.1151,1.041
7.690466725,0.0125,1.0324,0.1165,1.039
7.691112879,0.0230,1.0271,0.1195,1.034
7.691953187,0.0320,1.0214,0.1219,1.029
7.692674264,0.0366,1.0185,0.1234,1.027
7.693655533,0.0445,1.0134,0.1236,1.022
7.694434764,0.0472,1.0112,0.1239,1.020
7.695157956,0.0528,1.0051,0.1236,1.014
7.696029494,0.0572,0.9982,0.1224,1.007
7.696745571,0.0594,0.9946,0.1229,1.004
7.697684956,0.0618,0.9868,0.1219,0.996
7.698450648,0.0657,0.9819,0.1190,0.991
7.699308071,0.0660,0.9794,0.1175,0.989
7.700155764,0.0645,0.9728,0.1160,0.982
7.703640033,0.0647,0.9670,0.1136,0.976
7.704911917,0.0628,0.9643,0.1114,0.973
7.706110571,0.0599,0.9596,0.1090,0.968
7.707553187,0.0584,0.9565,0.1092,0.964
7.712863802,0.0542,0.9494,0.1068,0.957
7.713946917,0.0479,0.9435,0.1033,0.950
7.71482061,0.0457,0.9416,0.1021,0.948
7.715713494,0.0415,0.9350,0.0992,0.941
7.717287764,0.0362,0.9291,0.0938,0.935
7.72128411,0.0342,0.9267,0.0928,0.932
7.72229011,0.0283,0.9235,0.0911,0.928
7.723304379,0.0264,0.9210,0.0909,0.926
7.725204379,0.0215,0.9193,0.0880,0.924
7.727327994,0.0181,0.9149,0.0858,0.919
7.729222725,0.0169,0.9127,0.0848,0.917
7.731169533,0.0142,0.9093,0.0831,0.913
7.732994648,0.0127,0.9056,0.0836,0.910
7.742213456,0.0103,0.9037,0.0828,0.908
7.743583802,0.0068,0.9015,0.0826,0.905
7.744553379,0.0071,0.8990,0.0811,0.903
7.745556264,0.0061,0.8990,0.0804,0.903
7.74649984,0.0051,0.8959,0.0804,0.899
7.747549802,0.0049,0.8956,0.0799,0.899
7.748325302,0.0064,0.8954,0.0809,0.899
7.74945184,0.0095,0.8966,0.0816,0.900
7.750952148,0.0117,0.8973,0.0821,0.901
7.763923994,0.0134,0.8983,0.0821,0.902
7.765570956,0.0171,0.9008,0.0828,0.905
7.766552264,0.0195,0.9025,0.0831,0.906
7.767669264,0.0235,0.9034,0.0840,0.908
7.768730379,0.0257,0.9042,0.0855,0.909
7.770013071,0.0310,0.9086,0.0880,0.913
7.77101734,0.0340,0.9088,0.0904,0.914
7.772062879,0.0362,0.9088,0.0914,0.914
7.772944956,0.0418,0.9115,0.0958,0.917
7.773852187,0.0472,0.9139,0.1014,0.921
7.774693148,0.0489,0.9139,0.1048,0.921
7.775334725,0.0550,0.9183,0.1082,0.926
7.777571725,0.0577,0.9201,0.1107,0.928
7.778826379,0.0596,0.9227,0.1156,0.932
7.780319033,0.0640,0.9267,0.1207,0.937
7.782489533,0.0657,0.9267,0.1241,0.937
7.785932033,0.0699,0.9274,0.1319,0.939
7.787279571,0.0750,0.9276,0.1366,0.941
7.788387417,0.0779,0.9279,0.1412,0.942
7.790424417,0.0848,0.9279,0.1468,0.943
7.792258725,0.0884,0.9269,0.1505,0.943
7.794281148,0.0945,0.9254,0.1549,0.943
7.79617961,0.1002,0.9240,0.1595,0.943
7.798258648,0.1036,0.9237,0.1620,0.944
7.800104571,0.1090,0.9201,0.1683,0.942
7.802414994,0.1126,0.9186,0.1752,0.942
7.804929802,0.1153,0.9169,0.1761,0.941
7.806543187,0.1185,0.9159,0.1810,0.941
7.807889648,0.1190,0.9164,0.1825,0.942
7.810189994,0.1209,0.9142,0.1852,0.941
7.811778494,0.1212,0.9144,0.1854,0.941
7.814059879,0.1214,0.9157,0.1859,0.942
7.81596411,0.1204,0.9179,0.1876,0.945
7.818104687,0.1190,0.9188,0.1852,0.945
7.820786956,0.1180,0.9225,0.1827,0.948
7.822264302,0.1134,0.9259,0.1801,0.950
7.823845187,0.1112,0.9269,0.1769,0.950
7.825956417,0.1073,0.9291,0.1678,0.950
7.82794284,0.1053,0.9289,0.1583,0.948
7.83407134,0.1033,0.9296,0.1542,0.948
7.835132802,0.1004,0.9315,0.1451,0.948
7.83611634,0.0972,0.9320,0.1363,0.947
7.837152456,0.0970,0.9318,0.1314,0.946
7.838213148,0.0958,0.9315,0.1219,0.944
7.840651802,0.0948,0.9308,0.1175,0.943
7.842131917,0.0938,0.9301,0.1092,0.941
7.84374611,0.0936,0.9301,0.1029,0.940
7.845658148,0.0953,0.9293,0.1002,0.940
7.847546033,0.0955,0.9293,0.0963,0.939
7.849285071,0.0938,0.9289,0.0928,0.938
7.85969434,0.0958,0.9264,0.0911,0.936
7.861050994,0.0967,0.9257,0.0897,0.935
7.862100802,0.0970,0.9257,0.0884,0.935
7.863050956,0.0975,0.9245,0.0884,0.934
7.863955263,0.0982,0.9245,0.0872,0.934
7.864995763,0.0985,0.9254,0.0872,0.935
7.865913763,0.1007,0.9269,0.0850,0.936
7.866959071,0.0989,0.9276,0.0853,0.937
7.868028187,0.0972,0.9286,0.0865,0.938
7.88006084,0.0948,0.9313,0.0875,0.940
7.880976879,0.0933,0.9345,0.0880,0.943
7.881234187,0.0931,0.9416,0.0914,0.951
7.88154111,0.0926,0.9516,0.0921,0.960
7.881783417,0.0916,0.9569,0.0933,0.966
7.882017763,0.0877,0.9682,0.0948,0.977
7.882241494,0.0877,0.9748,0.0955,0.983
7.882806379,0.0889,0.9890,0.0958,0.998
7.884863763,0.0887,1.0063,0.0950,1.015
7.887736687,0.0889,1.0153,0.0941,1.024
7.888535571,0.0884,1.0307,0.0936,1.039
7.895803725,0.0877,1.0473,0.0914,1.055
7.896087417,0.0875,1.0544,0.0909,1.062
7.896328148,0.0880,1.0715,0.0875,1.079
7.896572917,0.0875,1.0801,0.0860,1.087
7.898762571,0.0882,1.0957,0.0840,1.102
7.900375763,0.0899,1.1094,0.0814,1.116
7.902711648,0.0894,1.1172,0.0799,1.124
7.90451784,0.0921,1.1287,0.0809,1.135
7.906660456,0.0950,1.1375,0.0828,1.144
7.908376725,0.0967,1.1429,0.0848,1.150
7.910595994,0.1002,1.1499,0.0877,1.158
7.91232911,0.1033,1.1563,0.0938,1.165
7.91450661,0.1063,1.1597,0.0972,1.169
7.916528802,0.1094,1.1634,0.1036,1.173
7.919476917,0.1087,1.1661,0.1077,1.176
7.921193187,0.1121,1.1675,0.1163,1.179
7.92260911,0.1104,1.1673,0.1222,1.179
7.92640661,0.1109,1.1663,0.1239,1.178
7.926854994,0.1107,1.1661,0.1253,1.178
7.92835034,0.1060,1.1656,0.1256,1.177
7.93084761,0.1038,1.1661,0.1244,1.177
7.932246225,0.1011,1.1678,0.1207,1.178
7.934542956,0.0992,1.1693,0.1170,1.179
7.93671134,0.0926,1.1683,0.1073,1.177
7.938561302,0.0870,1.1702,0.0936,1.177
7.940074148,0.0845,1.1710,0.0865,1.177
7.942568033,0.0787,1.1761,0.0708,1.181
7.944004186,0.0723,1.1810,0.0562,1.185
7.94656584,0.0684,1.1839,0.0486,1.187
7.948270648,0.0606,1.1910,0.0318,1.193
7.95044184,0.0579,1.1944,0.0247,1.196
7.957794686,0.0537,1.2020,0.0100,1.203
7.958614186,0.0462,1.2096,-0.0039,1.210
7.959034379,0.0437,1.2137,-0.0117,1.215
7.959485225,0.0401,1.2220,-0.0227,1.223
7.959895225,0.0349,1.2318,-0.0313,1.233
7.964273879,0.0327,1.2379,-0.0354,1.239
7.964909956,0.0269,1.2450,-0.0401,1.246
7.965817148,0.0237,1.2489,-0.0428,1.250
7.968043956,0.0161,1.2565,-0.0472,1.257
7.983789148,0.0071,1.2626,-0.0493,1.264
7.98583761,0.0027,1.2645,-0.0511,1.266
7.987252571,-0.0059,1.2706,-0.0528,1.272
7.988582994,-0.0169,1.2709,-0.0555,1.272
7.990019994,-0.0210,1.2716,-0.0552,1.273
7.991033379,-0.0300,1.2706,-0.0559,1.272
7.992051571,-0.0354,1.2682,-0.0569,1.270
7.993126225,-0.0452,1.2601,-0.0562,1.262
7.994104725,-0.0540,1.2496,-0.0540,1.252
7.994954417,-0.0603,1.2452,-0.0545,1.248
7.995955456,-0.0694,1.2342,-0.0547,1.237
7.996886571,-0.0801,1.2232,-0.0542,1.227
7.998023763,-0.0853,1.2154,-0.0533,1.220
7.998822302,-0.0867,1.2025,-0.0489,1.207
7.999830879,-0.0899,1.1954,-0.0467,1.200
8.000588379,-0.0909,1.1839,-0.0450,1.188
8.001740533,-0.0926,1.1693,-0.0415,1.174
8.004723956,-0.0916,1.1627,-0.0406,1.167
8.006916379,-0.0870,1.1512,-0.0369,1.155
8.008230571,-0.0806,1.1380,-0.0305,1.141
8.009521571,-0.0789,1.1328,-0.0276,1.136
8.011542879,-0.0745,1.1199,-0.0198,1.123
8.013139994,-0.0721,1.1138,-0.0169,1.116
8.015135033,-0.0662,1.0999,-0.0144,1.102
8.017047879,-0.0608,1.0874,-0.0117,1.089
8.020214456,-0.0574,1.0813,-0.0100,1.083
8.021949994,-0.0537,1.0727,-0.0068,1.074
8.023125186,-0.0493,1.0644,-0.0046,1.066
8.025424879,-0.0472,1.0600,-0.0042,1.061
8.026967648,-0.0413,1.0520,-0.0051,1.053
8.028724802,-0.0371,1.0478,-0.0046,1.048
8.03123684,-0.0288,1.0427,-0.0042,1.043
8.032699148,-0.0239,1.0359,-0.0027,1.036
8.035458994,-0.0210,1.0332,-0.0012,1.033
8.03850111,-0.0156,1.0283,0.0049,1.028
8.03936384,-0.0076,1.0246,0.0078,1.025
8.040812879,-0.0015,1.0227,0.0103,1.023
8.043286648,0.0103,1.0180,0.0173,1.018
8.044781225,0.0161,1.0153,0.0215,1.016
8.047005071,0.0293,1.0112,0.0283,1.012
8.048661263,0.0432,1.0053,0.0366,1.007
8.051070917,0.0515,1.0019,0.0401,1.004
8.057587609,0.0652,0.9941,0.0447,0.997
8.058407379,0.0792,0.9887,0.0508,0.993
8.058888879,0.0862,0.9853,0.0530,0.990
8.059304417,0.1029,0.9770,0.0557,0.984
8.060531571,0.1109,0.9726,0.0555,0.980
8.062901109,0.1244,0.9628,0.0537,0.972
8.064345302,0.1368,0.9547,0.0501,0.966
8.066301956,0.1422,0.9504,0.0479,0.962
8.082600609,0.1515,0.9413,0.0401,0.954
8.084021109,0.1586,0.9320,0.0293,0.946
8.085130686,0.1622,0.9269,0.0244,0.941
8.086081225,0.1686,0.9201,0.0129,0.935
8.086986917,0.1757,0.9100,-0.0007,0.927
8.087965456,0.1786,0.9049,-0.0081,0.922
8.089022686,0.1810,0.8966,-0.0239,0.915
8.090153686,0.1832,0.8915,-0.0320,0.911
8.090896994,0.1813,0.8822,-0.0476,0.902
8.091582763,0.1771,0.8746,-0.0660,0.895
8.092397225,0.1744,0.8717,-0.0733,0.892
8.093116148,0.1654,0.8651,-0.0897,0.885
8.094122071,0.1600,0.8619,-0.0967,0.882
8.094790033,0.1495,0.8568,-0.1121,0.877
8.096899994,0.1368,0.8495,-0.1234,0.869
8.098434609,0.1295,0.8460,-0.1295,0.866
8.10814284,0.1143,0.8407,-0.1402,0.860
8.109913456,0.0980,0.8328,-0.1505,0.852
8.110950802,0.0897,0.8294,-0.1554,0.849
8.112178186,0.0743,0.8199,-0.1652,0.840
8.113004956,0.0530,0.8150,-0.1698,0.834
8.11414384,0.0428,0.8062,-0.1747,0.826
8.11478734,0.0220,0.7972,-0.1801,0.818
8.115760263,0.0110,0.7916,-0.1815,0.812
8.116641225,-0.0083,0.7828,-0.1823,0.804
8.117726379,-0.0286,0.7757,-0.1793,0.797
8.121030533,-0.0381,0.7718,-0.1781,0.793
8.122634379,-0.0594,0.7659,-0.1744,0.788
8.123821879,-0.0701,0.7644,-0.1720,0.787
8.125523802,-0.0897,0.7610,-0.1649,0.784
8.127429302,-0.1058,0.7586,-0.1534,0.781
8.129579956,-0.1131,0.7588,-0.1471,0.781
8.131421533,-0.1266,0.7605,-0.1341,0.783
8.133406802,-0.1378,0.7613,-0.1202,0.783
8.13648484,-0.1419,0.7632,-0.1138,0.785
8.137800071,-0.1495,0.7701,-0.0985,0.791
8.140532302,-0.1564,0.7740,-0.0833,0.794
8.142085917,-0.1586,0.7820,-0.0760,0.802
8.143327302,-0.1608,0.7935,-0.0589,0.812
8.145326956,-0.1608,0.7996,-0.0489,0.817
8.14708784,-0.1603,0.8150,-0.0340,0.831
8.149112763,-0.1615,0.8309,-0.0200,0.847
8.151187225,-0.1617,0.8382,-0.0127,0.854
8.159788302,-0.1593,0.8595,-0.0022,0.874
8.16036484,-0.1549,0.8795,0.0081,0.893
8.160606879,-0.1527,0.8907,0.0137,0.904
8.160849802,-0.1495,0.9120,0.0242,0.924
8.161269456,-0.1478,0.9230,0.0281,0.935
8.162888186,-0.1422,0.9464,0.0362,0.958
8.164903456,-0.1341,0.9694,0.0430,0.980
8.166995763,-0.1305,0.9799,0.0462,0.990
8.182070417,-0.1246,1.0007,0.0525,1.010
8.183498648,-0.1182,1.0227,0.0603,1.031
8.184488571,-0.1141,1.0327,0.0633,1.041
8.185818148,-0.1104,1.0537,0.0689,1.062
8.187068302,-0.1068,1.0630,0.0723,1.071
8.188307263,-0.0994,1.0774,0.0772,1.085
8.189577379,-0.0945,1.0911,0.0828,1.098
8.19087684,-0.0914,1.0972,0.0870,1.104
8.192202225,-0.0860,1.1070,0.0943,1.114
8.193156494,-0.0772,1.1104,0.1002,1.118
8.19413284,-0.0723,1.1126,0.1031,1.120
8.194948379,-0.0640,1.1135,0.1104,1.121
8.195670648,-0.0621,1.1131,0.1143,1.121
8.19658834,-0.0584,1.1104,0.1163,1.118
8.197303071,-0.0525,1.1079,0.1187,1.116
8.200065956,-0.0491,1.1060,0.1209,1.114
8.201552417,-0.0437,1.0994,0.1229,1.107
8.207758648,-0.0366,1.0935,0.1234,1.101
8.209182302,-0.0335,1.0899,0.1248,1.097
8.210487648,-0.0274,1.0813,0.1239,1.089
8.211481725,-0.0247,1.0759,0.1234,1.083
8.212774648,-0.0169,1.0659,0.1222,1.073
8.213636571,-0.0086,1.0578,0.1175,1.064
8.214504302,-0.0042,1.0527,0.1156,1.059
8.216034263,0.0066,1.0434,0.1099,1.049
8.218213725,0.0154,1.0393,0.1016,1.044
8.221336571,0.0200,1.0324,0.0963,1.037
8.223118802,0.0276,1.0227,0.0843,1.027
8.224268994,0.0296,1.0170,0.0794,1.021
8.226215148,0.0362,1.0097,0.0691,1.013
8.228061879,0.0408,1.0048,0.0596,1.007
8.230291379,0.0435,1.0024,0.0537,1.005
8.232067609,0.0476,0.9970,0.0432,0.999
8.233899879,0.0467,0.9929,0.0305,0.994
8.239872725,0.0474,0.9926,0.0244,0.994
8.241039417,0.0481,0.9907,0.0125,0.992
8.242331109,0.0484,0.9919,0.0071,0.993
8.243230109,0.0467,0.9909,-0.0037,0.992
8.244227494,0.0469,0.9897,-0.0139,0.991
8.24586284,0.0462,0.9907,-0.0208,0.992
8.247990532,0.0454,0.9929,-0.0313,0.994
8.249962532,0.0420,0.9955,-0.0398,0.997
8.251825994,0.0410,0.9965,-0.0437,0.998
8.262026148,0.0386,0.9987,-0.0528,1.001
8.263453225,0.0371,1.0009,-0.0611,1.003
8.264434571,0.0366,1.0039,-0.0652,1.007
8.26552384,0.0344,1.0043,-0.0718,1.007
8.266492186,0.0327,1.0056,-0.0762,1.009
8.267500109,0.0286,1.0051,-0.0836,1.009
8.269195879,0.0230,1.0063,-0.0894,1.011
8.270199955,0.0215,1.0073,-0.0911,1.012
8.270636994,0.0195,1.0073,-0.0980,1.012
8.285157571,0.0178,1.0075,-0.1004,1.013
8.286093725,0.0154,1.0075,-0.1021,1.013
8.286556302,0.0120,1.0053,-0.1048,1.011
8.286993648,0.0100,1.0051,-0.1038,1.010
8.287449186,0.0081,1.0041,-0.1011,1.009
8.28787084,0.0042,0.9997,-0.0967,1.004
8.288293648,0.0042,0.9958,-0.0955,1.000
8.288745109,0.0020,0.9926,-0.0884,0.997
8.289177148,0.0010,0.9914,-0.0853,0.995
8.289733609,-0.0022,0.9853,-0.0738,0.988
8.291372109,-0.0029,0.9799,-0.0630,0.982
8.293006994,-0.0042,0.9765,-0.0562,0.978
8.295071379,-0.0073,0.9704,-0.0430,0.971
8.29684634,-0.0115,0.9633,-0.0288,0.964
8.298983071,-0.0120,0.9589,-0.0213,0.959
8.301092802,-0.0151,0.9511,-0.0086,0.951
8.304736379,-0.0178,0.9425,0.0066,0.943
8.305794263,-0.0186,0.9386,0.0142,0.939
8.306981763,-0.0220,0.9306,0.0320,0.931
8.308931417,-0.0239,0.9267,0.0415,0.928
8.31141584,-0.0232,0.9174,0.0581,0.920
8.313121686,-0.0225,0.9088,0.0733,0.912
8.315553802,-0.0215,0.9047,0.0818,0.909
8.317052917,-0.0217,0.8968,0.0985,0.902
8.319262917,-0.0227,0.8905,0.1136,0.898
8.321537186,-0.0222,0.8866,0.1226,0.895
8.32387434,-0.0215,0.8802,0.1400,0.892
8.324836648,-0.0208,0.8756,0.1476,0.888
8.326877686,-0.0203,0.8695,0.1637,0.885
8.328554571,-0.0186,0.8644,0.1786,0.883
8.331066417,-0.0183,0.8607,0.1837,0.880
8.332520994,-0.0178,0.8553,0.1940,0.877
8.334884686,-0.0181,0.8490,0.2050,0.874
8.337850802,-0.0176,0.8460,0.2101,0.872
8.338848763,-0.0164,0.8409,0.2177,0.869
8.340594071,-0.0164,0.8399,0.2209,0.869
8.342830879,-0.0166,0.8355,0.2279,0.866
8.344380802,-0.0142,0.8316,0.2309,0.863
8.346824379,-0.0144,0.8324,0.2318,0.864
8.348234148,-0.0151,0.8314,0.2333,0.864
8.350973417,-0.0151,0.8309,0.2345,0.863
8.352114571,-0.0164,0.8304,0.2345,0.863
8.358249186,-0.0173,0.8304,0.2331,0.863
8.359072609,-0.0183,0.8299,0.2323,0.862
8.359526071,-0.0230,0.8309,0.2311,0.863
8.360272571,-0.0232,0.8316,0.2277,0.863
8.361974032,-0.0232,0.8328,0.2260,0.863
8.364037263,-0.0230,0.8389,0.2221,0.868
8.366983878,-0.0254,0.8402,0.2150,0.868
8.368007609,-0.0261,0.8429,0.2116,0.869
8.383927378,-0.0266,0.8465,0.2074,0.872
8.385810532,-0.0264,0.8490,0.2047,0.874
8.387179725,-0.0271,0.8556,0.1964,0.878
8.388500763,-0.0261,0.8607,0.1881,0.881
8.389962878,-0.0257,0.8634,0.1852,0.883
8.391079263,-0.0249,0.8692,0.1757,0.887
8.393182378,-0.0252,0.8758,0.1678,0.892
8.394433609,-0.0261,0.8797,0.1630,0.895
8.395497878,-0.0261,0.8856,0.1568,0.900
8.396621609,-0.0266,0.8890,0.1539,0.903
8.398000725,-0.0257,0.8981,0.1456,0.910
8.398968186,-0.0244,0.9054,0.1390,0.916
8.400143186,-0.0242,0.9098,0.1351,0.920
8.40124184,-0.0222,0.9179,0.1290,0.927
8.402541725,-0.0215,0.9271,0.1246,0.936
8.403939532,-0.0213,0.9315,0.1214,0.940
8.405273109,-0.0220,0.9394,0.1170,0.947
8.406421609,-0.0222,0.9445,0.1158,0.952
8.407614186,-0.0232,0.9521,0.1134,0.959
8.408596417,-0.0254,0.9616,0.1104,0.968
8.41007984,-0.0264,0.9662,0.1085,0.973
8.413307763,-0.0288,0.9755,0.1053,0.982
8.415240686,-0.0305,0.9831,0.1026,0.989
8.415653917,-0.0310,0.9877,0.1009,0.993
8.41773734,-0.0330,0.9938,0.0992,0.999
8.419528994,-0.0340,0.9970,0.0985,1.002
8.423656378,-0.0388,1.0012,0.0960,1.007
8.424362225,-0.0420,1.0056,0.0928,1.011
8.425269494,-0.0435,1.0073,0.0921,1.012
8.427467148,-0.0481,1.0112,0.0921,1.017
8.42916534,-0.0520,1.0122,0.0904,1.018
8.431246648,-0.0537,1.0131,0.0909,1.019
8.433194955,-0.0586,1.0124,0.0906,1.018
8.435670109,-0.0594,1.0124,0.0894,1.018
8.441954609,-0.0621,1.0114,0.0875,1.017
8.442773609,-0.0657,1.0070,0.0858,1.013
8.443215109,-0.0679,1.0065,0.0862,1.013
8.443677071,-0.0735,1.0039,0.0865,1.010
8.444785571,-0.0792,1.0004,0.0875,1.007
8.447661302,-0.0814,0.9965,0.0892,1.004
8.448905455,-0.0826,0.9907,0.0914,0.998
8.451231417,-0.0821,0.9882,0.0909,0.996
8.467677455,-0.0865,0.9846,0.0921,0.993
8.470010917,-0.0884,0.9802,0.0945,0.989
8.471148109,-0.0889,0.9789,0.0970,0.988
8.472404994,-0.0904,0.9784,0.1026,0.988
8.474034071,-0.0941,0.9760,0.1097,0.987
8.475559301,-0.0936,0.9762,0.1124,0.987
8.476853801,-0.0955,0.9758,0.1148,0.987
8.477902301,-0.1004,0.9753,0.1202,0.988
8.478910955,-0.1014,0.9745,0.1226,0.987
8.479677686,-0.1031,0.9750,0.1305,0.989
8.480731917,-0.1043,0.9760,0.1336,0.991
8.481958417,-0.1065,0.9792,0.1385,0.995
8.482925417,-0.1085,0.9809,0.1417,0.997
8.483827609,-0.1099,0.9826,0.1434,0.999
8.484864878,-0.1121,0.9880,0.1463,1.005
8.486332801,-0.1116,0.9902,0.1480,1.007
8.487193455,-0.1151,0.9926,0.1495,1.010
8.488420494,-0.1170,0.9985,0.1500,1.016
8.489520609,-0.1173,1.0002,0.1490,1.018
8.490596763,-0.1190,1.0043,0.1476,1.022
8.493179801,-0.1209,1.0092,0.1468,1.027
8.494939801,-0.1217,1.0126,0.1471,1.030
8.496272955,-0.1224,1.0180,0.1473,1.036
8.498924494,-0.1231,1.0244,0.1451,1.042
8.500287263,-0.1239,1.0280,0.1437,1.045
8.502249955,-0.1241,1.0337,0.1415,1.051
8.504373686,-0.1248,1.0361,0.1390,1.053
8.506750686,-0.1239,1.0429,0.1356,1.059
8.508482955,-0.1231,1.0512,0.1322,1.067
8.510149571,-0.1229,1.0549,0.1322,1.070
8.511912494,-0.1212,1.0620,0.1297,1.077
8.514479994,-0.1207,1.0686,0.1261,1.083
8.516164071,-0.1187,1.0713,0.1241,1.085
8.518571032,-0.1173,1.0762,0.1200,1.089
8.521586571,-0.1146,1.0806,0.1165,1.093
8.523058917,-0.1107,1.0869,0.1138,1.098
8.524374532,-0.1070,1.0933,0.1094,1.104
8.525930648,-0.1046,1.0955,0.1077,1.106
8.527877186,-0.0997,1.0996,0.1024,1.109
8.529870763,-0.0906,1.1048,0.0970,1.113
8.532014417,-0.0865,1.1070,0.0945,1.114
8.534402494,-0.0770,1.1111,0.0901,1.117
8.536391071,-0.0730,1.1133,0.0870,1.119
8.540459917,-0.0655,1.1179,0.0821,1.123
8.542146225,-0.0574,1.1228,0.0767,1.127
8.543529571,-0.0535,1.1241,0.0730,1.128
8.544655455,-0.0476,1.1245,0.0655,1.127
8.546403571,-0.0442,1.1248,0.0594,1.127
8.547929186,-0.0410,1.1255,0.0574,1.128
8.549718148,-0.0369,1.1263,0.0501,1.128
8.551474301,-0.0340,1.1260,0.0437,1.127
8.561999225,-0.0327,1.1255,0.0415,1.127
8.563521109,-0.0281,1.1253,0.0335,1.126
8.564410994,-0.0249,1.1241,0.0291,1.125
8.565499186,-0.0227,1.1250,0.0195,1.125
8.566442686,-0.0173,1.1265,0.0151,1.127
8.56754834,-0.0147,1.1277,0.0132,1.128
8.568360878,-0.0125,1.1321,0.0066,1.132
8.569323032,-0.0039,1.1338,0.0007,1.134
8.570540148,-0.0007,1.1392,-0.0010,1.139
8.57151284,0.0044,1.1456,-0.0029,1.146
8.58397134,0.0064,1.1499,-0.0034,1.150
8.585467917,0.0112,1.1568,-0.0020,1.157
8.586540532,0.0142,1.1649,-0.0017,1.165
8.587573263,0.0171,1.1707,-0.0007,1.171
8.588764494,0.0222,1.1807,0.0015,1.181
8.590016263,0.0254,1.1912,0.0037,1.192
8.591121417,0.0274,1.1964,0.0051,1.197
8.591890301,0.0288,1.2042,0.0100,1.205
8.592625532,0.0296,1.2069,0.0132,1.207
8.593764109,0.0313,1.2105,0.0169,1.211
8.594598148,0.0332,1.2144,0.0208,1.215
8.595617917,0.0344,1.2149,0.0215,1.216
8.598252417,0.0369,1.2142,0.0257,1.215
8.599679648,0.0418,1.2105,0.0322,1.212
8.605924148,0.0450,1.2076,0.0349,1.209
8.607452686,0.0469,1.2030,0.0406,1.205
8.608557071,0.0493,1.2010,0.0452,1.203
8.609844917,0.0542,1.1939,0.0540,1.196
8.610906801,0.0574,1.1881,0.0621,1.191
8.61187484,0.0586,1.1856,0.0667,1.189
8.612975648,0.0577,1.1807,0.0738,1.184
8.614559263,0.0557,1.1780,0.0779,1.182
8.616669648,0.0515,1.1732,0.0887,1.178
8.61851784,0.0469,1.1732,0.0963,1.178
8.621591148,0.0423,1.1734,0.0992,1.178
8.623084071,0.0342,1.1756,0.1031,1.181
8.624518301,0.0259,1.1817,0.1087,1.187
8.626507071,0.0222,1.1851,0.1087,1.190
8.628410994,0.0149,1.1932,0.1080,1.198
8.630605109,0.0068,1.2039,0.1065,1.209
8.632519109,0.0024,1.2118,0.1053,1.216
8.634505955,-0.0054,1.2264,0.1011,1.231
8.636575763,-0.0086,1.2345,0.0985,1.238
8.639650032,-0.0164,1.2494,0.0931,1.253
8.641099378,-0.0239,1.2655,0.0882,1.269
8.642328378,-0.0261,1.2741,0.0836,1.277
8.644386571,-0.0327,1.2904,0.0752,1.293
8.646127148,-0.0381,1.3048,0.0655,1.307
8.647983455,-0.0410,1.3114,0.0606,1.313
8.650279417,-0.0462,1.3249,0.0515,1.327
8.651964071,-0.0486,1.3307,0.0457,1.332
8.661406763,-0.0493,1.3383,0.0315,1.340
8.662763263,-0.0518,1.3422,0.0188,1.343
8.66368134,-0.0518,1.3427,0.0103,1.344
8.665253494,-0.0496,1.3403,-0.0073,1.341
8.666287301,-0.0484,1.3383,-0.0230,1.339
8.667348224,-0.0472,1.3312,-0.0325,1.332
8.668163571,-0.0447,1.3195,-0.0542,1.321
8.669153417,-0.0423,1.3124,-0.0655,1.315
8.669938532,-0.0364,1.2960,-0.0867,1.299
8.683896609,-0.0308,1.2767,-0.1099,1.282
8.684360224,-0.0303,1.2662,-0.1209,1.272
8.684611417,-0.0330,1.2406,-0.1397,1.249
8.684840724,-0.0359,1.2267,-0.1498,1.236
8.685073571,-0.0388,1.1976,-0.1683,1.210
8.685310955,-0.0464,1.1661,-0.1903,1.182
8.685581917,-0.0503,1.1482,-0.2013,1.167
8.685828917,-0.0591,1.1160,-0.2201,1.139
8.693758301,-0.0699,1.0813,-0.2389,1.110
8.694255917,-0.0750,1.0637,-0.2482,1.095
8.694516955,-0.0845,1.0288,-0.2619,1.065
8.694771378,-0.0923,0.9960,-0.2746,1.037
8.695393301,-0.0943,0.9811,-0.2783,1.024
8.697323301,-0.0987,0.9513,-0.2832,0.997
8.699351763,-0.1007,0.9376,-0.2841,0.985
8.701263647,-0.1014,0.9093,-0.2819,0.957
8.704397647,-0.1004,0.8832,-0.2739,0.930
8.705422878,-0.1004,0.8712,-0.2687,0.917
8.707064032,-0.0977,0.8499,-0.2548,0.893
8.709058532,-0.0943,0.8299,-0.2377,0.868
8.711331878,-0.0919,0.8206,-0.2262,0.856
8.713237186,-0.0870,0.8045,-0.2013,0.834
8.715392378,-0.0860,0.7979,-0.1871,0.824
8.717280186,-0.0826,0.7818,-0.1561,0.801
8.719126686,-0.0794,0.7691,-0.1241,0.783
8.721126147,-0.0770,0.7635,-0.1075,0.775
8.723402417,-0.0716,0.7515,-0.0713,0.758
8.726290455,-0.0657,0.7405,-0.0352,0.744
8.72745684,-0.0606,0.7346,-0.0161,0.737
8.728866301,-0.0540,0.7224,0.0200,0.725
8.730842686,-0.0464,0.7168,0.0388,0.719
8.732754917,-0.0401,0.7063,0.0726,0.711
8.734906532,-0.0291,0.6953,0.1085,0.704
8.739019801,-0.0235,0.6914,0.1258,0.703
8.740263532,-0.0122,0.6826,0.1593,0.701
8.741450455,0.0022,0.6726,0.1893,0.699
8.743538801,0.0093,0.6677,0.2038,0.698
8.744680609,0.0198,0.6577,0.2296,0.697
8.746616571,0.0325,0.6506,0.2524,0.699
8.748735186,0.0396,0.6467,0.2624,0.699
8.75081784,0.0530,0.6403,0.2770,0.700
8.75342284,0.0599,0.6381,0.2836,0.701
8.764064071,0.0726,0.6364,0.2915,0.704
8.765586263,0.0840,0.6357,0.2922,0.705
8.766488724,0.0884,0.6374,0.2905,0.706
8.767349455,0.0987,0.6403,0.2778,0.705
8.768402686,0.1016,0.6433,0.2695,0.705
8.769254109,0.1068,0.6506,0.2477,0.704
8.771020224,0.1114,0.6606,0.2194,0.705
8.772219032,0.1126,0.6662,0.2038,0.706
8.773388494,0.1156,0.6811,0.1688,0.711
8.774422647,0.1173,0.6975,0.1339,0.720
8.775652686,0.1185,0.7078,0.1151,0.727
8.776939147,0.1197,0.7275,0.0809,0.742
8.786411147,0.1200,0.7378,0.0447,0.749
8.786949378,0.1195,0.7615,0.0281,0.771
8.787253917,0.1197,0.7864,-0.0078,0.796
8.787531186,0.1209,0.7986,-0.0239,0.808
8.787821071,0.1212,0.8240,-0.0555,0.835
8.788400109,0.1190,0.8551,-0.0862,0.868
8.790199571,0.1173,0.8700,-0.1004,0.884
8.792052571,0.1143,0.8983,-0.1239,0.914
8.79403584,0.1124,0.9257,-0.1463,0.944
8.795989263,0.1097,0.9389,-0.1573,0.958
8.798190417,0.1046,0.9650,-0.1732,0.986
8.800127647,0.1016,0.9784,-0.1801,1.000
8.802409455,0.0950,1.0061,-0.1918,1.029
8.804815609,0.0880,1.0302,-0.1984,1.053
8.805994647,0.0828,1.0407,-0.2011,1.063
8.808197224,0.0748,1.0627,-0.2006,1.084
8.809924263,0.0645,1.0825,-0.1967,1.102
8.811808186,0.0596,1.0901,-0.1935,1.109
8.814139494,0.0486,1.1050,-0.1845,1.121
8.815796609,0.0447,1.1099,-0.1783,1.125
8.817797455,0.0349,1.1177,-0.1647,1.130
8.819796109,0.0257,1.1245,-0.1490,1.135
8.822681494,0.0220,1.1275,-0.1407,1.136
8.823838532,0.0112,1.1275,-0.1222,1.134
8.825742378,0.0027,1.1270,-0.1041,1.132
8.827471724,-0.0010,1.1260,-0.0936,1.130
8.82968907,-0.0100,1.1236,-0.0716,1.126
8.831679801,-0.0142,1.1223,-0.0608,1.124
8.833524378,-0.0195,1.1170,-0.0410,1.118
8.83576607,-0.0281,1.1118,-0.0188,1.112
8.84470334,-0.0305,1.1092,-0.0090,1.110
8.846048224,-0.0340,1.1008,0.0095,1.101
8.846799378,-0.0408,1.0906,0.0266,1.092
8.84782557,-0.0440,1.0869,0.0359,1.088
8.848650263,-0.0489,1.0762,0.0518,1.079
8.849780455,-0.0515,1.0715,0.0596,1.074
8.85058807,-0.0569,1.0613,0.0745,1.065
8.851436494,-0.0616,1.0515,0.0880,1.057
8.853287763,-0.0618,1.0473,0.0936,1.053
8.867089455,-0.0645,1.0373,0.1043,1.045
8.868620917,-0.0655,1.0319,0.1165,1.041
8.869669378,-0.0665,1.0219,0.1224,1.031
8.870827686,-0.0660,1.0129,0.1331,1.024
8.872406955,-0.0640,1.0100,0.1375,1.021
8.873443417,-0.0586,1.0031,0.1456,1.015
8.874337147,-0.0557,0.9985,0.1520,1.012
8.875262763,-0.0533,0.9963,0.1554,1.010
8.876186647,-0.0464,0.9929,0.1593,1.007
8.877034186,-0.0406,0.9912,0.1588,1.005
8.877889186,-0.0376,0.9892,0.1588,1.003
8.87858434,-0.0296,0.9875,0.1583,1.001
8.87936307,-0.0261,0.9865,0.1556,0.999
8.881696455,-0.0166,0.9853,0.1546,0.997
8.888268378,-0.0088,0.9833,0.1517,0.995
8.89032607,-0.0054,0.9836,0.1500,0.995
8.891132609,-0.0005,0.9833,0.1456,0.994
8.891766147,0.0027,0.9826,0.1441,0.993
8.892564532,0.0100,0.9828,0.1429,0.993
8.893463455,0.0139,0.9828,0.1434,0.993
8.895915378,0.0176,0.9831,0.1446,0.994
8.897227224,0.0230,0.9828,0.1463,0.994
8.898588032,0.0279,0.9821,0.1493,0.994
8.900563532,0.0293,0.9816,0.1495,0.993
8.90258607,0.0313,0.9811,0.1517,0.993
8.906796917,0.0320,0.9804,0.1529,0.993
8.908173801,0.0325,0.9802,0.1542,0.993
8.909270878,0.0359,0.9777,0.1542,0.990
8.91055157,0.0381,0.9784,0.1542,0.991
8.912218263,0.0423,0.9765,0.1522,0.989
8.914544609,0.0442,0.9740,0.1485,0.986
8.916675801,0.0464,0.9726,0.1476,0.985
8.918446724,0.0498,0.9692,0.1415,0.981
8.92049334,0.0523,0.9670,0.1371,0.978
8.923477301,0.0537,0.9662,0.1363,0.977
8.924844186,0.0540,0.9640,0.1339,0.975
8.926839186,0.0545,0.9631,0.1324,0.974
8.928205301,0.0542,0.9623,0.1295,0.973
8.930202224,0.0533,0.9601,0.1256,0.970
8.931998993,0.0533,0.9582,0.1246,0.968
8.934126301,0.0518,0.9565,0.1226,0.966
8.935898993,0.0501,0.9540,0.1204,0.963
8.939121032,0.0491,0.9518,0.1195,0.961
8.940612186,0.0445,0.9489,0.1168,0.957
8.942126955,0.0425,0.9469,0.1141,0.955
8.943971917,0.0413,0.9455,0.1124,0.953
8.945965686,0.0384,0.9425,0.1082,0.950
8.947903801,0.0374,0.9413,0.1065,0.948
8.950071878,0.0354,0.9376,0.1033,0.944
8.951916493,0.0335,0.9350,0.0992,0.941
8.954016109,0.0310,0.9340,0.0985,0.940
8.962461147,0.0271,0.9320,0.0950,0.937
8.963904032,0.0252,0.9308,0.0904,0.936
8.964874493,0.0247,0.9271,0.0894,0.932
8.965985647,0.0222,0.9242,0.0853,0.928
8.96702307,0.0205,0.9227,0.0838,0.927
8.968130493,0.0198,0.9223,0.0816,0.926
8.969137993,0.0205,0.9191,0.0809,0.923
8.96990057,0.0203,0.9191,0.0811,0.923
8.984206032,0.0208,0.9179,0.0809,0.922
8.985525147,0.0215,0.9164,0.0814,0.920
8.986273686,0.0222,0.9157,0.0831,0.920
8.987345493,0.0213,0.9139,0.0848,0.918
8.98829457,0.0215,0.9149,0.0853,0.919
8.989463224,0.0222,0.9139,0.0875,0.918
8.99037734,0.0227,0.9144,0.0914,0.919
8.991431763,0.0230,0.9127,0.0941,0.918
8.992287378,0.0247,0.9127,0.0982,0.918
8.993224301,0.0261,0.9127,0.1019,0.919
8.994121724,0.0274,0.9125,0.1073,0.919
8.995096147,0.0288,0.9127,0.1116,0.920
8.995818493,0.0291,0.9139,0.1143,0.922
8.99824207,0.0313,0.9154,0.1202,0.924
8.99990507,0.0313,0.9161,0.1234,0.925
9.000951647,0.0313,0.9166,0.1246,0.926
9.002843917,0.0330,0.9181,0.1295,0.928
9.005672724,0.0327,0.9188,0.1307,0.929
9.007282147,0.0337,0.9203,0.1319,0.930
9.008885532,0.0369,0.9201,0.1358,0.931
9.011020378,0.0401,0.9210,0.1385,0.932
9.012800032,0.0428,0.9215,0.1402,0.933
9.01484384,0.0462,0.9213,0.1419,0.933
9.016620301,0.0486,0.9223,0.1427,0.934
9.018804032,0.0525,0.9254,0.1424,0.938
9.02245434,0.0550,0.9237,0.1444,0.937
9.023795378,0.0581,0.9230,0.1451,0.936
9.02489234,0.0613,0.9227,0.1434,0.936
9.026604109,0.0625,0.9227,0.1429,0.936
9.028581955,0.0638,0.9225,0.1437,0.936
9.030603532,0.0679,0.9193,0.1446,0.933
9.032342955,0.0689,0.9183,0.1466,0.933
9.034651801,0.0730,0.9176,0.1485,0.932
9.036593032,0.0767,0.9181,0.1488,0.933
9.039697416,0.0779,0.9154,0.1500,0.931
9.040948416,0.0794,0.9152,0.1522,0.931
9.042469147,0.0806,0.9142,0.1534,0.930
9.044478147,0.0801,0.9139,0.1568,0.931
9.046401993,0.0789,0.9139,0.1595,0.931
9.048320686,0.0789,0.9171,0.1630,0.935
9.050181147,0.0796,0.9186,0.1666,0.937
9.052374416,0.0787,0.9191,0.1683,0.938
9.062644609,0.0787,0.9208,0.1735,0.940
9.064034032,0.0804,0.9223,0.1752,0.942
9.064935955,0.0794,0.9210,0.1754,0.941
9.066158993,0.0801,0.9225,0.1742,0.942
9.067136724,0.0792,0.9232,0.1747,0.943
9.068232532,0.0767,0.9230,0.1779,0.943
9.06900084,0.0767,0.9225,0.1803,0.943
9.070063186,0.0752,0.9235,0.1810,0.944
9.072436109,0.0735,0.9249,0.1820,0.946
9.073581109,0.0726,0.9259,0.1840,0.947
9.074086647,0.0726,0.9276,0.1849,0.949
9.085334532,0.0718,0.9306,0.1864,0.952
9.085851263,0.0726,0.9308,0.1869,0.952
9.086092532,0.0750,0.9335,0.1847,0.955
9.086324032,0.0726,0.9357,0.1847,0.957
9.08657084,0.0728,0.9372,0.1852,0.958
9.086791801,0.0730,0.9406,0.1852,0.961
9.093645493,0.0726,0.9428,0.1840,0.963
9.094091647,0.0728,0.9438,0.1827,0.964
9.094338263,0.0721,0.9452,0.1796,0.965
9.09457384,0.0738,0.9464,0.1761,0.966
9.095593493,0.0738,0.9462,0.1752,0.965
9.097466801,0.0728,0.9460,0.1739,0.965
9.099530609,0.0735,0.9452,0.1732,0.964
9.10178307,0.0755,0.9438,0.1688,0.962
9.103193993,0.0770,0.9406,0.1661,0.958
9.106230455,0.0770,0.9391,0.1639,0.956
9.108473493,0.0801,0.9354,0.1642,0.953
9.110488301,0.0843,0.9345,0.1644,0.953
9.111082724,0.0860,0.9311,0.1649,0.949
9.113007609,0.0892,0.9281,0.1666,0.947
9.114994224,0.0906,0.9267,0.1683,0.946
9.116898647,0.0958,0.9245,0.1693,0.945
9.119005993,0.1011,0.9210,0.1739,0.943
9.121974147,0.1038,0.9196,0.1752,0.942
9.123086955,0.1080,0.9159,0.1783,0.939
9.124782609,0.1094,0.9144,0.1791,0.938
9.127028763,0.1151,0.9149,0.1801,0.940
9.128934839,0.1185,0.9139,0.1801,0.939
9.131010724,0.1192,0.9152,0.1803,0.940
9.132776878,0.1192,0.9132,0.1783,0.938
9.13506157,0.1214,0.9169,0.1761,0.942
9.137046416,0.1222,0.9196,0.1759,0.944
9.140405916,0.1239,0.9245,0.1735,0.949
9.142082339,0.1253,0.9274,0.1722,0.952
9.143221455,0.1258,0.9308,0.1717,0.955
9.144741532,0.1263,0.9384,0.1691,0.962
9.146893801,0.1268,0.9438,0.1686,0.967
9.148872609,0.1258,0.9523,0.1666,0.975
9.150880416,0.1241,0.9626,0.1659,0.985
9.152726839,0.1234,0.9689,0.1666,0.991
9.163664301,0.1219,0.9811,0.1647,1.002
9.165459378,0.1207,0.9875,0.1647,1.008
9.166846993,0.1209,1.0014,0.1625,1.022
9.168022301,0.1175,1.0144,0.1593,1.033
9.169025839,0.1170,1.0202,0.1578,1.039
9.170230647,0.1165,1.0346,0.1542,1.053
9.171522993,0.1151,1.0478,0.1490,1.065
9.172996263,0.1146,1.0544,0.1463,1.071
9.174562993,0.1146,1.0662,0.1412,1.082
9.175580455,0.1134,1.0718,0.1339,1.086
9.176587109,0.1131,1.0835,0.1307,1.097
9.176952186,0.1121,1.0947,0.1246,1.107
9.18703007,0.1126,1.0996,0.1204,1.112
9.187593801,0.1119,1.1077,0.1124,1.119
9.187840224,0.1102,1.1155,0.1075,1.126
9.188071686,0.1099,1.1197,0.1041,1.130
9.188303801,0.1109,1.1233,0.0950,1.133
9.188526416,0.1124,1.1280,0.0877,1.137
9.191026493,0.1129,1.1304,0.0836,1.139
9.192167878,0.1109,1.1336,0.0730,1.141
9.194136416,0.1104,1.1338,0.0691,1.141
9.196077724,0.1109,1.1348,0.0596,1.142
9.19802807,0.1099,1.1346,0.0467,1.141
9.200089724,0.1094,1.1336,0.0401,1.140
9.202053993,0.1082,1.1326,0.0247,1.138
9.203730339,0.1080,1.1311,0.0169,1.136
9.205909916,0.1068,1.1272,0.0010,1.132
9.207918378,0.1029,1.1241,-0.0122,1.129
9.209889493,0.0997,1.1233,-0.0205,1.128
9.211829955,0.0923,1.1214,-0.0371,1.126
9.213727609,0.0821,1.1189,-0.0506,1.123
9.21575057,0.0779,1.1184,-0.0574,1.123
9.217765378,0.0696,1.1165,-0.0699,1.121
9.219706032,0.0640,1.1155,-0.0745,1.120
9.222728686,0.0515,1.1133,-0.0816,1.117
9.224082186,0.0413,1.1135,-0.0860,1.118
9.226624686,0.0352,1.1140,-0.0867,1.118
9.228197416,0.0215,1.1160,-0.0877,1.120
9.229536262,0.0093,1.1184,-0.0838,1.122
9.231547339,0.0032,1.1211,-0.0794,1.124
9.233424993,-0.0107,1.1270,-0.0679,1.129
9.235548186,-0.0159,1.1314,-0.0611,1.133
9.237538262,-0.0264,1.1409,-0.0496,1.142
9.24076257,-0.0386,1.1524,-0.0366,1.154
9.242057455,-0.0435,1.1587,-0.0303,1.160
9.243329147,-0.0501,1.1729,-0.0139,1.174
9.245088339,-0.0557,1.1876,0.0039,1.189
9.247204455,-0.0589,1.1951,0.0122,1.197
9.249196301,-0.0655,1.2093,0.0276,1.211
9.251259647,-0.0694,1.2157,0.0354,1.218
9.253181878,-0.0755,1.2252,0.0513,1.229
9.255720339,-0.0836,1.2333,0.0679,1.238
9.266078378,-0.0892,1.2362,0.0762,1.242
9.267480839,-0.0985,1.2403,0.0921,1.248
9.268513609,-0.1080,1.2411,0.1082,1.250
9.269605224,-0.1129,1.2401,0.1175,1.251
9.270578301,-0.1178,1.2384,0.1358,1.251
9.27161057,-0.1190,1.2364,0.1444,1.251
9.272496455,-0.1180,1.2306,0.1644,1.247
9.273497378,-0.1168,1.2250,0.1840,1.244
9.274417301,-0.1131,1.2210,0.1942,1.242
9.275555301,-0.1036,1.2149,0.2150,1.238
9.288549647,-0.0963,1.2059,0.2333,1.232
9.290033532,-0.0906,1.2022,0.2421,1.230
9.291042455,-0.0799,1.1956,0.2595,1.226
9.292058186,-0.0684,1.1932,0.2726,1.226
9.292872839,-0.0608,1.1903,0.2766,1.223
9.293854686,-0.0472,1.1895,0.2805,1.223
9.294796609,-0.0413,1.1898,0.2797,1.223
9.295619416,-0.0286,1.1886,0.2729,1.220
9.29779557,-0.0191,1.1927,0.2597,1.221
9.298936301,-0.0154,1.1954,0.2511,1.222
9.299836724,-0.0081,1.2008,0.2306,1.223
9.300921493,-0.0022,1.2066,0.2084,1.224
9.301977955,-0.0007,1.2098,0.1952,1.225
9.303027416,0.0046,1.2142,0.1661,1.226
9.304574955,0.0086,1.2159,0.1532,1.226
9.307615301,0.0164,1.2210,0.1290,1.228
9.309253878,0.0237,1.2257,0.1046,1.230
9.312207916,0.0293,1.2276,0.0928,1.231
9.313472224,0.0432,1.2279,0.0706,1.231
9.314839801,0.0557,1.2279,0.0486,1.230
9.31630457,0.0623,1.2262,0.0393,1.228
9.318353493,0.0757,1.2235,0.0205,1.226
9.320389262,0.0923,1.2198,0.0039,1.223
9.323241955,0.1011,1.2164,-0.0032,1.221
9.324800724,0.1165,1.2100,-0.0183,1.216
9.326418416,0.1239,1.2061,-0.0266,1.213
9.32825607,0.1385,1.1973,-0.0408,1.206
9.33047207,0.1517,1.1842,-0.0569,1.195
9.332143147,0.1573,1.1766,-0.0628,1.189
9.334227685,0.1691,1.1587,-0.0762,1.173
9.336212224,0.1798,1.1497,-0.0901,1.167
9.338140955,0.1849,1.1297,-0.0955,1.149
9.340737301,0.1947,1.1067,-0.1060,1.129
9.342412455,0.1981,1.0955,-0.1112,1.119
9.344143262,0.2045,1.0701,-0.1202,1.096
9.346063378,0.2118,1.0469,-0.1275,1.076
9.348060185,0.2150,1.0351,-0.1307,1.065
9.350210955,0.2235,1.0092,-0.1385,1.043
9.352099916,0.2282,0.9960,-0.1461,1.032
9.353831109,0.2314,0.9689,-0.1493,1.007
9.362505147,0.2367,0.9455,-0.1551,0.987
9.363902724,0.2380,0.9342,-0.1598,0.977
9.364862839,0.2377,0.9113,-0.1683,0.957
9.366072493,0.2350,0.8912,-0.1703,0.937
9.367000724,0.2318,0.8824,-0.1715,0.928
9.368012647,0.2253,0.8653,-0.1732,0.911
9.368805839,0.2150,0.8575,-0.1747,0.901
9.36987757,0.2081,0.8429,-0.1744,0.886
9.371471493,0.1959,0.8326,-0.1732,0.873
9.387714032,0.1879,0.8270,-0.1710,0.865
9.388993032,0.1698,0.8150,-0.1688,0.849
9.390143878,0.1527,0.8065,-0.1637,0.837
9.391039455,0.1441,0.8006,-0.1627,0.830
9.39205257,0.1251,0.7908,-0.1598,0.816
9.393020185,0.1141,0.7847,-0.1576,0.808
9.394119262,0.0928,0.7725,-0.1544,0.793
9.39526857,0.0713,0.7625,-0.1500,0.780
9.396194416,0.0621,0.7578,-0.1473,0.775
9.396993839,0.0410,0.7466,-0.1451,0.762
9.397913801,0.0195,0.7324,-0.1373,0.745
9.398563416,0.0093,0.7266,-0.1344,0.739
9.399565685,-0.0105,0.7178,-0.1278,0.729
9.400268993,-0.0308,0.7126,-0.1226,0.724
9.401154032,-0.0420,0.7026,-0.1097,0.712
9.403163147,-0.0581,0.6948,-0.0943,0.704
9.40677607,-0.0660,0.6916,-0.0880,0.700
9.408159109,-0.0811,0.6858,-0.0721,0.694
9.412346493,-0.0945,0.6848,-0.0547,0.693
9.413533878,-0.1026,0.6848,-0.0452,0.694
9.414528109,-0.1151,0.6858,-0.0242,0.696
9.415507147,-0.1244,0.6919,-0.0017,0.703
9.416908609,-0.1280,0.6951,0.0110,0.707
9.418971609,-0.1375,0.7016,0.0332,0.716
9.420835455,-0.1407,0.7058,0.0432,0.721
9.423717147,-0.1444,0.7163,0.0643,0.734
9.425156532,-0.1476,0.7285,0.0828,0.748
9.427024301,-0.1476,0.7359,0.0909,0.756
9.428718916,-0.1476,0.7515,0.1021,0.773
9.430661762,-0.1461,0.7693,0.1085,0.791
9.432549685,-0.1454,0.7810,0.1112,0.802
9.434640339,-0.1449,0.8028,0.1146,0.824
9.436736224,-0.1429,0.8143,0.1143,0.835
9.440229724,-0.1361,0.8365,0.1090,0.854
9.441672455,-0.1300,0.8634,0.1043,0.879
9.443188801,-0.1263,0.8775,0.1002,0.892
9.444664993,-0.1170,0.9017,0.0921,0.914
9.446537647,-0.1043,0.9276,0.0826,0.937
9.448414993,-0.0994,0.9408,0.0784,0.949
9.450391993,-0.0872,0.9660,0.0689,0.972
9.452272339,-0.0814,0.9789,0.0643,0.984
9.454490801,-0.0704,1.0029,0.0557,1.007
9.463655878,-0.0581,1.0232,0.0479,1.026
9.465073762,-0.0528,1.0327,0.0437,1.035
9.466253147,-0.0428,1.0517,0.0354,1.053
9.467394147,-0.0300,1.0684,0.0279,1.069
9.468513147,-0.0242,1.0752,0.0235,1.076
9.469285685,-0.0137,1.0879,0.0149,1.088
9.469968878,-0.0093,1.0933,0.0110,1.093
9.470238339,-0.0002,1.1004,0.0039,1.100
9.488600493,0.0071,1.1062,-0.0010,1.106
9.490130224,0.0110,1.1079,-0.0034,1.108
9.491232147,0.0171,1.1094,-0.0071,1.110
9.492284955,0.0193,1.1096,-0.0083,1.110
9.493260262,0.0232,1.1096,-0.0115,1.110
9.494311032,0.0244,1.1111,-0.0149,1.111
9.495195608,0.0254,1.1096,-0.0166,1.110
9.496198532,0.0237,1.1084,-0.0186,1.109
9.497070378,0.0222,1.1055,-0.0198,1.106
9.498001455,0.0222,1.1033,-0.0195,1.104
9.498621762,0.0232,1.1001,-0.0210,1.101
9.499287993,0.0239,1.0982,-0.0227,1.099
9.500098839,0.0244,1.0942,-0.0271,1.095
9.500739532,0.0244,1.0881,-0.0281,1.089
9.501492378,0.0247,1.0855,-0.0291,1.086
9.502271262,0.0227,1.0820,-0.0305,1.083
9.503609416,0.0239,1.0752,-0.0315,1.076
9.50673307,0.0252,1.0710,-0.0322,1.072
9.508149378,0.0261,1.0647,-0.0315,1.065
9.509605762,0.0264,1.0610,-0.0335,1.062
9.51128507,0.0298,1.0532,-0.0374,1.054
9.513276185,0.0315,1.0461,-0.0388,1.047
9.515446301,0.0315,1.0432,-0.0386,1.044
9.517591916,0.0305,1.0363,-0.0386,1.038
9.519324455,0.0296,1.0346,-0.0374,1.036
9.521294378,0.0276,1.0305,-0.0359,1.031
9.524078878,0.0225,1.0273,-0.0337,1.028
9.525699147,0.0198,1.0268,-0.0327,1.028
9.527161378,0.0147,1.0256,-0.0303,1.026
9.529004685,0.0088,1.0224,-0.0239,1.023
9.531211378,0.0049,1.0214,-0.0220,1.022
9.533098339,-0.0039,1.0188,-0.0178,1.019
9.535061185,-0.0112,1.0188,-0.0142,1.019
9.537107532,-0.0147,1.0183,-0.0095,1.018
9.540227185,-0.0203,1.0183,-0.0024,1.018
9.541941955,-0.0227,1.0185,-0.0002,1.019
9.543338147,-0.0279,1.0188,0.0051,1.019
9.544903262,-0.0332,1.0200,0.0103,1.021
9.546752416,-0.0344,1.0197,0.0137,1.020
9.54873907,-0.0374,1.0151,0.0227,1.016
9.550702878,-0.0391,1.0124,0.0296,1.014
9.552592685,-0.0391,1.0112,0.0340,1.013
9.55466857,-0.0388,1.0097,0.0445,1.011
9.564193762,-0.0396,1.0087,0.0496,1.011
9.565694378,-0.0381,1.0041,0.0633,1.007
9.56673407,-0.0374,0.9999,0.0765,1.004
9.567637993,-0.0376,0.9980,0.0836,1.002
9.568670108,-0.0354,0.9953,0.0972,1.001
9.569624031,-0.0310,0.9897,0.1136,0.997
9.570047224,-0.0293,0.9858,0.1209,0.994
9.570331378,-0.0244,0.9806,0.1344,0.990
9.586385955,-0.0225,0.9777,0.1419,0.988
9.587466724,-0.0176,0.9699,0.1571,0.983
9.588565224,-0.0098,0.9635,0.1700,0.978
9.589454108,-0.0059,0.9601,0.1752,0.976
9.590215493,0.0002,0.9508,0.1810,0.968
9.591078147,0.0054,0.9416,0.1881,0.960
9.59198407,0.0090,0.9372,0.1923,0.957
9.592789724,0.0169,0.9276,0.1979,0.949
9.593651493,0.0208,0.9232,0.2008,0.945
9.594456147,0.0279,0.9159,0.2060,0.939
9.595243301,0.0340,0.9066,0.2106,0.931
9.596113916,0.0371,0.9034,0.2103,0.928
9.596923301,0.0452,0.8949,0.2130,0.921
9.599841608,0.0513,0.8917,0.2123,0.918
9.601155531,0.0545,0.8871,0.2118,0.914
9.602081801,0.0601,0.8797,0.2121,0.907
9.604069801,0.0608,0.8758,0.2121,0.903
9.608364762,0.0652,0.8700,0.2118,0.898
9.61013807,0.0689,0.8666,0.2094,0.894
9.610975301,0.0704,0.8651,0.2079,0.892
9.611969031,0.0706,0.8604,0.2055,0.887
9.613921031,0.0718,0.8551,0.2057,0.882
9.615981262,0.0721,0.8534,0.2050,0.881
9.617997839,0.0723,0.8531,0.2038,0.880
9.619810455,0.0726,0.8539,0.2030,0.881
9.626291993,0.0730,0.8517,0.1989,0.878
9.627564916,0.0723,0.8531,0.1947,0.878
9.628458262,0.0716,0.8534,0.1937,0.878
9.629215724,0.0713,0.8556,0.1913,0.880
9.630109647,0.0716,0.8570,0.1862,0.880
9.631672801,0.0708,0.8582,0.1840,0.881
9.633630993,0.0679,0.8631,0.1793,0.884
9.635729878,0.0665,0.8656,0.1759,0.886
9.637543762,0.0635,0.8707,0.1693,0.889
9.64790357,0.0616,0.8768,0.1632,0.894
9.64960357,0.0596,0.8788,0.1615,0.895
9.650440916,0.0557,0.8819,0.1546,0.897
9.651901301,0.0511,0.8878,0.1495,0.902
9.652955762,0.0491,0.8905,0.1476,0.904
9.653871916,0.0454,0.8959,0.1432,0.908
9.654178647,0.0423,0.8986,0.1407,0.910
9.654420493,0.0388,0.9049,0.1388,0.916
9.65507407,0.0354,0.9088,0.1358,0.920
9.671384031,0.0335,0.9108,0.1356,0.921
9.671968531,0.0274,0.9139,0.1356,0.924
9.672219301,0.0237,0.9149,0.1363,0.925
9.672469262,0.0230,0.9166,0.1375,0.927
9.672693954,0.0217,0.9198,0.1388,0.930
9.672937147,0.0210,0.9218,0.1378,0.932
9.673172301,0.0176,0.9225,0.1383,0.933
9.67345157,0.0164,0.9235,0.1417,0.934
9.673674493,0.0149,0.9245,0.1437,0.936
9.678278454,0.0137,0.9230,0.1468,0.935
9.67853857,0.0142,0.9240,0.1505,0.936
9.678779262,0.0151,0.9215,0.1529,0.934
9.680633262,0.0139,0.9193,0.1559,0.933
9.682780108,0.0147,0.9181,0.1581,0.932
9.684600993,0.0134,0.9144,0.1647,0.929
9.686702647,0.0120,0.9086,0.1695,0.924
9.688666031,0.0105,0.9061,0.1722,0.922
9.690747839,0.0112,0.9030,0.1786,0.921
9.692519531,0.0100,0.9012,0.1825,0.920
9.694831801,0.0049,0.8976,0.1901,0.917
9.696700608,0.0012,0.8946,0.1976,0.916
9.698468801,-0.0005,0.8929,0.2020,0.916
9.700251839,-0.0029,0.8905,0.2081,0.915
9.702321185,-0.0066,0.8898,0.2135,0.915
9.704390647,-0.0086,0.8888,0.2162,0.915
9.708776301,-0.0093,0.8888,0.2199,0.916
9.710363685,-0.0134,0.8893,0.2265,0.918
9.711346416,-0.0144,0.8907,0.2292,0.920
9.713190839,-0.0144,0.8932,0.2331,0.923
9.714349454,-0.0147,0.8949,0.2333,0.925
9.716130916,-0.0159,0.8981,0.2353,0.929
9.718288839,-0.0183,0.9015,0.2362,0.932
9.720231339,-0.0205,0.9037,0.2360,0.934
9.723143878,-0.0200,0.9086,0.2362,0.939
9.725731147,-0.0217,0.9113,0.2360,0.942
9.727101839,-0.0232,0.9179,0.2326,0.947
9.728274839,-0.0239,0.9210,0.2294,0.949
9.730235147,-0.0259,0.9252,0.2284,0.953
9.732037378,-0.0276,0.9296,0.2255,0.957
9.734520608,-0.0274,0.9340,0.2216,0.960
9.736178301,-0.0279,0.9359,0.2199,0.962
9.738144839,-0.0283,0.9381,0.2125,0.962
9.740930147,-0.0281,0.9398,0.2101,0.963
9.742502762,-0.0269,0.9445,0.2033,0.966
9.743851878,-0.0281,0.9442,0.1964,0.965
9.746012531,-0.0288,0.9425,0.1937,0.963
9.747744685,-0.0288,0.9442,0.1867,0.963
9.749746416,-0.0288,0.9435,0.1803,0.961
9.75171707,-0.0298,0.9438,0.1759,0.960
9.753952416,-0.0305,0.9435,0.1695,0.959
9.755707647,-0.0320,0.9438,0.1659,0.959
9.766223224,-0.0322,0.9423,0.1605,0.956
9.767629647,-0.0352,0.9413,0.1568,0.955
9.768466916,-0.0354,0.9413,0.1561,0.955
9.769449993,-0.0362,0.9367,0.1515,0.950
9.770413531,-0.0376,0.9352,0.1500,0.948
9.771412608,-0.0386,0.9352,0.1505,0.948
9.772332954,-0.0393,0.9352,0.1510,0.948
9.773324724,-0.0393,0.9345,0.1515,0.947
9.77435407,-0.0403,0.9345,0.1573,0.948
9.775268454,-0.0430,0.9364,0.1642,0.952
9.787948531,-0.0435,0.9376,0.1671,0.953
9.789285647,-0.0445,0.9411,0.1705,0.957
9.790441493,-0.0425,0.9447,0.1749,0.962
9.791334801,-0.0430,0.9474,0.1781,0.965
9.792113954,-0.0435,0.9545,0.1842,0.973
9.793159608,-0.0423,0.9557,0.1871,0.975
9.794238108,-0.0432,0.9613,0.1915,0.981
9.795630224,-0.0440,0.9697,0.1969,0.990
9.796766647,-0.0437,0.9743,0.1996,0.995
9.79782257,-0.0415,0.9846,0.2077,1.007
9.798853724,-0.0388,0.9914,0.2157,1.015
9.799680301,-0.0379,0.9965,0.2191,1.021
9.801076954,-0.0352,1.0080,0.2245,1.033
9.803038762,-0.0330,1.0139,0.2270,1.039
9.804686224,-0.0296,1.0232,0.2321,1.050
9.80755857,-0.0276,1.0329,0.2355,1.060
9.809316839,-0.0259,1.0376,0.2367,1.065
9.810738647,-0.0247,1.0500,0.2375,1.077
9.812631416,-0.0237,1.0588,0.2370,1.085
9.814616685,-0.0205,1.0630,0.2358,1.089
9.816610839,-0.0169,1.0725,0.2316,1.097
9.818699531,-0.0151,1.0757,0.2274,1.100
9.820751454,-0.0110,1.0835,0.2201,1.106
9.822727301,-0.0098,1.0894,0.2116,1.110
9.825485224,-0.0076,1.0911,0.2060,1.110
9.826879762,-0.0064,1.0940,0.1947,1.111
9.828430377,-0.0056,1.0960,0.1891,1.112
9.830404685,-0.0049,1.0957,0.1744,1.110
9.832490377,-0.0054,1.0969,0.1605,1.109
9.834507647,-0.0059,1.0972,0.1522,1.108
9.836345993,-0.0046,1.0982,0.1366,1.107
9.838527685,-0.0064,1.1004,0.1197,1.107
9.841418224,-0.0073,1.1004,0.1107,1.106
9.843507454,-0.0112,1.1008,0.0911,1.105
9.844647993,-0.0142,1.1006,0.0704,1.103
9.846254031,-0.0161,1.1008,0.0594,1.103
9.84826557,-0.0178,1.0999,0.0415,1.101
9.850200377,-0.0205,1.0989,0.0313,1.100
9.852219877,-0.0281,1.0977,0.0120,1.098
9.854209493,-0.0352,1.0964,-0.0093,1.097
9.86438857,-0.0376,1.0960,-0.0213,1.097
9.865974262,-0.0435,1.0955,-0.0410,1.097
9.866862647,-0.0528,1.0950,-0.0611,1.098
9.867840493,-0.0567,1.0967,-0.0718,1.101
9.868810262,-0.0630,1.0972,-0.0926,1.103
9.869909993,-0.0669,1.0974,-0.1011,1.104
9.870974224,-0.0718,1.0999,-0.1209,1.109
9.871956647,-0.0792,1.1028,-0.1371,1.114
9.872949608,-0.0823,1.1048,-0.1459,1.117
9.87395207,-0.0867,1.1082,-0.1593,1.123
9.888236416,-0.0889,1.1089,-0.1639,1.124
9.8894523,-0.0906,1.1145,-0.1715,1.131
9.890315685,-0.0887,1.1204,-0.1752,1.137
9.891062993,-0.0884,1.1255,-0.1747,1.142
9.8919363,-0.0862,1.1326,-0.1735,1.149
9.89271557,-0.0809,1.1380,-0.1661,1.153
9.893748685,-0.0770,1.1409,-0.1617,1.155
9.894626185,-0.0655,1.1499,-0.1502,1.162
9.895521416,-0.0530,1.1600,-0.1331,1.169
9.8962253,-0.0484,1.1653,-0.1244,1.173
9.896842224,-0.0337,1.1739,-0.1080,1.179
9.8977718,-0.0279,1.1790,-0.0989,1.183
9.899528031,-0.0166,1.1888,-0.0792,1.192
9.901538685,-0.0061,1.1973,-0.0579,1.199
9.903513108,-0.0010,1.2022,-0.0472,1.203
9.905441877,0.0059,1.2093,-0.0281,1.210
9.909109031,0.0144,1.2144,-0.0107,1.215
9.9102863,0.0183,1.2162,-0.0012,1.216
9.911176454,0.0254,1.2164,0.0166,1.217
9.913069185,0.0300,1.2162,0.0266,1.217
9.915048839,0.0376,1.2147,0.0464,1.216
9.917101839,0.0450,1.2110,0.0647,1.214
9.919212608,0.0491,1.2081,0.0752,1.211
9.92086507,0.0562,1.2049,0.0955,1.210
9.924112108,0.0611,1.2013,0.1151,1.208
9.925552993,0.0640,1.1986,0.1263,1.207
9.927284416,0.0696,1.1915,0.1478,1.203
9.929094724,0.0738,1.1888,0.1573,1.201
9.931017147,0.0796,1.1837,0.1786,1.200
9.93378307,0.0836,1.1776,0.1964,1.197
9.935135608,0.0858,1.1758,0.2055,1.197
9.9369073,0.0899,1.1710,0.2228,1.195
9.939135108,0.0933,1.1685,0.2367,1.196
9.942802724,0.0936,1.1680,0.2428,1.197
9.944562185,0.0938,1.1673,0.2516,1.198
9.946140416,0.0945,1.1661,0.2533,1.197
9.947272262,0.0919,1.1683,0.2531,1.199
9.948762531,0.0911,1.1690,0.2504,1.199
9.950738954,0.0901,1.1695,0.2463,1.199
9.952637993,0.0865,1.1729,0.2389,1.200
9.954900877,0.0821,1.1763,0.2245,1.200
9.965698839,0.0789,1.1790,0.2160,1.201
9.966484685,0.0711,1.1842,0.1986,1.203
9.966895647,0.0689,1.1861,0.1893,1.203
9.967262954,0.0633,1.1895,0.1708,1.203
9.96762807,0.0555,1.1905,0.1537,1.202
9.968002454,0.0520,1.1920,0.1456,1.202
9.968369993,0.0437,1.1947,0.1270,1.202
9.970510724,0.0393,1.1966,0.1124,1.203
9.972469262,0.0364,1.1961,0.1043,1.201
9.995506954,0.0300,1.1920,0.0899,1.196
9.997033493,0.0252,1.1898,0.0738,1.192
9.998110531,0.0225,1.1854,0.0652,1.187
9.9989658,0.0161,1.1793,0.0481,1.180
9.999992377,0.0137,1.1751,0.0393,1.176
10.000911031,0.0078,1.1639,0.0220,1.164
10.002057493,0.0000,1.1536,0.0010,1.154
10.003109839,-0.0046,1.1468,-0.0083,1.147
10.004175839,-0.0137,1.1297,-0.0266,1.130
10.005174685,-0.0193,1.1219,-0.0362,1.123
10.006307031,-0.0300,1.1048,-0.0552,1.107
10.007333031,-0.0393,1.0837,-0.0748,1.087
10.008448108,-0.0445,1.0723,-0.0840,1.076
10.009301147,-0.0530,1.0500,-0.1019,1.056
10.0103313,-0.0584,1.0278,-0.1204,1.036
10.01110357,-0.0621,1.0166,-0.1302,1.027
10.012129723,-0.0691,0.9955,-0.1471,1.009
10.012906685,-0.0726,0.9853,-0.1554,1.000
10.013930262,-0.0723,0.9665,-0.1695,0.984
10.014820839,-0.0723,0.9482,-0.1820,0.968
10.015526454,-0.0718,0.9396,-0.1881,0.961
10.016472493,-0.0708,0.9227,-0.1976,0.946
10.018868339,-0.0684,0.9078,-0.2057,0.933
10.020433839,-0.0674,0.9000,-0.2103,0.927
10.022138339,-0.0628,0.8861,-0.2184,0.915
10.0275733,-0.0613,0.8797,-0.2204,0.909
10.029153454,-0.0557,0.8670,-0.2235,0.897
10.030305954,-0.0542,0.8551,-0.2238,0.886
10.031393223,-0.0535,0.8497,-0.2240,0.880
10.032168454,-0.0503,0.8387,-0.2226,0.869
10.033412147,-0.0452,0.8267,-0.2174,0.856
10.035512223,-0.0428,0.8201,-0.2128,0.848
10.037556454,-0.0369,0.8077,-0.2033,0.834
10.03959007,-0.0347,0.8023,-0.1972,0.827
10.048610877,-0.0266,0.7918,-0.1854,0.814
10.049331762,-0.0181,0.7808,-0.1717,0.800
10.049726108,-0.0139,0.7747,-0.1654,0.792
10.050049877,-0.0076,0.7637,-0.1515,0.779
10.050350762,-0.0010,0.7556,-0.1319,0.767
10.051285647,0.0024,0.7512,-0.1248,0.762
10.053282031,0.0103,0.7451,-0.1092,0.753
10.055258685,0.0137,0.7417,-0.0999,0.749
10.0713448,0.0188,0.7363,-0.0816,0.741
10.07278007,0.0235,0.7351,-0.0621,0.738
10.074002377,0.0252,0.7341,-0.0528,0.736
10.075110223,0.0276,0.7322,-0.0364,0.734
10.076134031,0.0293,0.7339,-0.0203,0.735
10.077295723,0.0300,0.7361,-0.0125,0.737
10.078272223,0.0332,0.7407,0.0002,0.741
10.079405185,0.0354,0.7437,0.0090,0.745
10.080263377,0.0371,0.7512,0.0232,0.753
10.081159339,0.0388,0.7605,0.0357,0.762
10.082094493,0.0398,0.7664,0.0418,0.769
10.083127223,0.0401,0.7791,0.0501,0.782
10.083859031,0.0401,0.7940,0.0574,0.797
10.084551762,0.0406,0.8023,0.0611,0.806
10.085397877,0.0410,0.8192,0.0655,0.823
10.087939531,0.0406,0.8277,0.0652,0.831
10.089475377,0.0396,0.8475,0.0647,0.851
10.090537185,0.0386,0.8690,0.0606,0.872
10.095762646,0.0381,0.8793,0.0569,0.882
10.0973238,0.0352,0.9003,0.0511,0.902
10.0986508,0.0313,0.9208,0.0410,0.922
10.099716262,0.0303,0.9308,0.0359,0.932
10.100665454,0.0305,0.9521,0.0261,0.953
10.102536185,0.0315,0.9613,0.0200,0.962
10.104402608,0.0320,0.9794,0.0071,0.980
10.106461339,0.0322,0.9970,-0.0042,0.998
10.109038723,0.0344,1.0058,-0.0093,1.006
10.110537454,0.0381,1.0202,-0.0176,1.021
10.112270954,0.0410,1.0327,-0.0274,1.034
10.114322993,0.0420,1.0376,-0.0325,1.039
10.116302877,0.0442,1.0464,-0.0376,1.048
10.118412608,0.0474,1.0500,-0.0408,1.052
10.120444031,0.0496,1.0566,-0.0418,1.059
10.122225262,0.0535,1.0630,-0.0445,1.065
10.125304454,0.0545,1.0659,-0.0440,1.068
10.127140223,0.0574,1.0688,-0.0413,1.071
10.128361339,0.0596,1.0718,-0.0366,1.074
10.130627839,0.0596,1.0715,-0.0325,1.074
10.132158262,0.0572,1.0706,-0.0252,1.072
10.1341483,0.0557,1.0696,-0.0215,1.071
10.136044608,0.0540,1.0684,-0.0139,1.070
10.138160377,0.0493,1.0649,-0.0054,1.066
10.1416633,0.0472,1.0632,-0.0010,1.064
10.152494531,0.0423,1.0625,0.0049,1.063
10.15381307,0.0388,1.0569,0.0088,1.058
10.15483157,0.0379,1.0554,0.0105,1.056
10.156331685,0.0337,1.0520,0.0125,1.053
10.157986762,0.0315,1.0495,0.0144,1.050
10.15919607,0.0298,1.0461,0.0181,1.047
10.1604193,0.0249,1.0429,0.0188,1.043
10.161910954,0.0227,1.0407,0.0188,1.041
10.163136339,0.0188,1.0376,0.0203,1.038
10.164399954,0.0127,1.0363,0.0188,1.037
10.165784723,0.0103,1.0361,0.0181,1.036
10.166799223,0.0068,1.0341,0.0154,1.034
10.167985146,0.0037,1.0341,0.0151,1.034
10.169103031,-0.0056,1.0329,0.0169,1.033
10.17017707,-0.0127,1.0332,0.0156,1.033
10.179452608,-0.0156,1.0334,0.0142,1.034
10.179986916,-0.0227,1.0349,0.0132,1.035
10.180238877,-0.0279,1.0385,0.0134,1.039
10.180479954,-0.0310,1.0393,0.0127,1.040
10.180718839,-0.0352,1.0388,0.0103,1.039
10.184650531,-0.0391,1.0395,0.0095,1.040
10.18492357,-0.0415,1.0415,0.0056,1.042
10.185237954,-0.0447,1.0403,0.0049,1.041
10.187163608,-0.0474,1.0398,0.0027,1.041
10.188872223,-0.0498,1.0373,0.0000,1.039
10.201552839,-0.0515,1.0349,-0.0042,1.036
10.202070685,-0.0520,1.0334,-0.0059,1.035
10.202323839,-0.0515,1.0300,-0.0095,1.031
10.202562723,-0.0501,1.0273,-0.0122,1.029
10.202800223,-0.0493,1.0207,-0.0137,1.022
10.203033377,-0.0459,1.0139,-0.0154,1.015
10.208943954,-0.0440,1.0085,-0.0161,1.010
10.2095333,-0.0391,1.0014,-0.0161,1.002
10.209793685,-0.0335,0.9907,-0.0137,0.991
10.210371762,-0.0303,0.9850,-0.0112,0.986
10.210772416,-0.0239,0.9760,-0.0042,0.976
10.212569646,-0.0186,0.9733,-0.0007,0.973
10.214926108,-0.0161,0.9653,0.0071,0.965
10.216801493,-0.0117,0.9562,0.0195,0.956
10.2189258,-0.0100,0.9521,0.0264,0.952
10.220579339,-0.0044,0.9438,0.0381,0.945
10.222656146,-0.0002,0.9345,0.0511,0.936
10.2245798,0.0022,0.9306,0.0584,0.932
10.226766262,0.0081,0.9227,0.0745,0.926
10.228715223,0.0132,0.9174,0.0892,0.922
10.230632493,0.0159,0.9118,0.0958,0.917
10.232752608,0.0186,0.9054,0.1094,0.912
10.234615454,0.0198,0.9025,0.1168,0.910
10.236673954,0.0254,0.8959,0.1270,0.905
10.238608608,0.0286,0.8910,0.1361,0.902
10.241804223,0.0310,0.8888,0.1415,0.901
10.242941723,0.0364,0.8868,0.1493,0.900
10.244417608,0.0391,0.8866,0.1537,0.901
10.246200377,0.0430,0.8849,0.1608,0.900
10.248398146,0.0474,0.8817,0.1639,0.898
10.250452185,0.0491,0.8810,0.1659,0.898
10.252229608,0.0513,0.8807,0.1698,0.898
10.254315146,0.0533,0.8790,0.1725,0.897
10.256164993,0.0542,0.8790,0.1737,0.898
10.264850608,0.0550,0.8785,0.1739,0.897
10.266087031,0.0547,0.8780,0.1735,0.897
10.266927108,0.0555,0.8775,0.1742,0.896
10.267742262,0.0557,0.8778,0.1747,0.897
10.268555493,0.0552,0.8790,0.1754,0.898
10.270645723,0.0557,0.8812,0.1754,0.900
10.271423531,0.0542,0.8829,0.1754,0.902
10.2727888,0.0513,0.8815,0.1752,0.900
10.287729108,0.0496,0.8834,0.1759,0.902
10.289442954,0.0481,0.8856,0.1757,0.904
10.290609569,0.0457,0.8861,0.1764,0.905
10.291901646,0.0437,0.8876,0.1779,0.906
10.293152223,0.0440,0.8885,0.1788,0.907
10.294533262,0.0437,0.8912,0.1803,0.910
10.2955543,0.0401,0.8949,0.1827,0.914
10.296487454,0.0403,0.8968,0.1859,0.917
10.297388993,0.0396,0.8988,0.1898,0.919
10.298219069,0.0406,0.9008,0.1920,0.922
10.299033954,0.0410,0.9010,0.1937,0.923
10.299930993,0.0420,0.9030,0.1950,0.925
10.300615377,0.0425,0.9047,0.1957,0.927
10.3016038,0.0428,0.9093,0.1972,0.931
10.3026533,0.0415,0.9108,0.1979,0.933
10.303791146,0.0440,0.9115,0.1984,0.934
10.306368031,0.0452,0.9137,0.1976,0.936
10.307825185,0.0472,0.9142,0.1976,0.937
10.3095548,0.0472,0.9179,0.1979,0.940
10.311603839,0.0508,0.9191,0.1981,0.942
10.313585262,0.0515,0.9198,0.1974,0.942
10.315409608,0.0542,0.9215,0.1964,0.944
10.317478185,0.0589,0.9230,0.1957,0.945
10.319456762,0.0601,0.9235,0.1932,0.945
10.321441377,0.0628,0.9232,0.1913,0.945
10.323637608,0.0652,0.9232,0.1906,0.945
10.326398992,0.0669,0.9232,0.1906,0.945
10.327854146,0.0706,0.9232,0.1918,0.946
10.329271608,0.0723,0.9240,0.1932,0.947
10.331201185,0.0760,0.9247,0.1964,0.948
10.333285223,0.0745,0.9264,0.2008,0.951
10.335184916,0.0752,0.9264,0.2033,0.951
10.336988185,0.0767,0.9267,0.2096,0.953
10.339318916,0.0784,0.9276,0.2123,0.955
10.342507416,0.0789,0.9271,0.2191,0.956
10.343916839,0.0801,0.9271,0.2274,0.958
10.345159416,0.0821,0.9281,0.2314,0.960
10.346989839,0.0836,0.9284,0.2370,0.962
10.348788608,0.0848,0.9284,0.2431,0.963
10.351024454,0.0848,0.9284,0.2455,0.964
10.352795262,0.0862,0.9279,0.2487,0.964
10.355042185,0.0892,0.9271,0.2511,0.965
10.357115916,0.0914,0.9274,0.2526,0.966
10.366749954,0.0938,0.9284,0.2536,0.967
10.368159146,0.0958,0.9286,0.2536,0.967
10.369244954,0.0977,0.9281,0.2511,0.966
10.370465339,0.1016,0.9284,0.2465,0.966
10.371472646,0.1031,0.9281,0.2438,0.965
10.372544377,0.1065,0.9274,0.2375,0.963
10.373897954,0.1102,0.9281,0.2292,0.962
10.374227262,0.1112,0.9298,0.2250,0.963
10.374465877,0.1126,0.9303,0.2179,0.962
10.396086608,0.1131,0.9298,0.2138,0.961
10.397604339,0.1136,0.9313,0.2055,0.960
10.398724569,0.1160,0.9323,0.1940,0.959
10.3997073,0.1170,0.9328,0.1886,0.959
10.400707223,0.1175,0.9328,0.1791,0.957
10.401868877,0.1168,0.9337,0.1666,0.956
10.4026333,0.1168,0.9340,0.1612,0.955
10.403375492,0.1178,0.9352,0.1490,0.954
10.404136223,0.1192,0.9367,0.1424,0.955
10.404684646,0.1185,0.9381,0.1287,0.954
10.404949492,0.1173,0.9386,0.1151,0.953
10.405187608,0.1160,0.9384,0.1094,0.952
10.405457454,0.1141,0.9423,0.0972,0.954
10.405680916,0.1129,0.9442,0.0882,0.955
10.405902762,0.1131,0.9455,0.0838,0.956
10.406126992,0.1124,0.9499,0.0765,0.960
10.4084248,0.1119,0.9518,0.0740,0.961
10.410093185,0.1097,0.9567,0.0684,0.965
10.411939454,0.1094,0.9618,0.0635,0.970
10.413926146,0.1090,0.9650,0.0611,0.973
10.415824339,0.1085,0.9704,0.0572,0.978
10.417771146,0.1107,0.9772,0.0525,0.985
10.419704954,0.1121,0.9802,0.0503,0.988
10.421780723,0.1124,0.9897,0.0464,0.997
10.425067723,0.1124,0.9953,0.0440,1.003
10.426408377,0.1131,1.0053,0.0408,1.012
10.427684492,0.1143,1.0173,0.0364,1.024
10.429657223,0.1143,1.0234,0.0359,1.030
10.431561839,0.1168,1.0371,0.0330,1.044
10.433524608,0.1217,1.0495,0.0293,1.057
10.435533877,0.1236,1.0564,0.0274,1.064
10.437590685,0.1256,1.0725,0.0237,1.080
10.439776877,0.1261,1.0811,0.0230,1.089
10.442859415,0.1302,1.0969,0.0193,1.105
10.444131339,0.1329,1.1128,0.0156,1.121
10.445837954,0.1346,1.1201,0.0144,1.128
10.4475143,0.1346,1.1343,0.0105,1.142
10.449287339,0.1383,1.1478,0.0093,1.156
10.4516148,0.1385,1.1546,0.0071,1.163
10.453250262,0.1390,1.1680,0.0056,1.176
10.455457031,0.1390,1.1734,0.0051,1.182
10.466022339,0.1366,1.1856,0.0073,1.193
10.467489839,0.1373,1.1934,0.0083,1.201
10.468625839,0.1380,1.1976,0.0090,1.206
10.470066454,0.1383,1.2039,0.0122,1.212
10.471314339,0.1368,1.2096,0.0178,1.217
10.472266454,0.1361,1.2110,0.0205,1.219
10.473582762,0.1356,1.2137,0.0257,1.222
10.474668415,0.1336,1.2147,0.0310,1.222
10.502243262,0.1327,1.2142,0.0342,1.222
10.5038358,0.1309,1.2127,0.0406,1.220
10.505037377,0.1297,1.2120,0.0432,1.220
10.506209377,0.1268,1.2086,0.0479,1.216
10.507605723,0.1246,1.2032,0.0515,1.211
10.509069415,0.1224,1.2005,0.0550,1.208
10.510319069,0.1178,1.1934,0.0608,1.201
10.5111763,0.1119,1.1893,0.0660,1.196
10.512221569,0.1085,1.1822,0.0691,1.189
10.5132158,0.1043,1.1768,0.0755,1.184
10.514362069,0.1019,1.1736,0.0796,1.181
10.5152233,0.0953,1.1707,0.0872,1.178
10.515951031,0.0870,1.1697,0.0955,1.177
10.516996454,0.0836,1.1712,0.1016,1.179
10.5183488,0.0784,1.1749,0.1119,1.183
10.519223646,0.0733,1.1783,0.1153,1.186
10.519966569,0.0706,1.1856,0.1214,1.194
10.520874877,0.0640,1.1961,0.1258,1.204
10.521990262,0.0621,1.2027,0.1268,1.211
10.522893262,0.0596,1.2176,0.1290,1.226
10.524104108,0.0545,1.2330,0.1309,1.241
10.525209108,0.0508,1.2413,0.1300,1.249
10.526691608,0.0459,1.2560,0.1285,1.263
10.527500069,0.0388,1.2701,0.1244,1.277
10.528483108,0.0359,1.2777,0.1209,1.284
10.529450492,0.0303,1.2904,0.1126,1.296
10.530476185,0.0281,1.2951,0.1063,1.300
10.531339531,0.0230,1.3017,0.0953,1.305
10.532252685,0.0235,1.3061,0.0838,1.309
10.533143185,0.0239,1.3068,0.0770,1.309
10.534138646,0.0264,1.3051,0.0672,1.307
10.534707954,0.0318,1.3000,0.0579,1.302
10.536787723,0.0347,1.2963,0.0530,1.298
10.538643415,0.0388,1.2858,0.0445,1.287
10.540288223,0.0415,1.2809,0.0437,1.282
10.544735415,0.0462,1.2672,0.0413,1.269
10.545673108,0.0481,1.2557,0.0406,1.257
10.546102492,0.0481,1.2486,0.0398,1.250
10.548233723,0.0489,1.2352,0.0410,1.237
10.550553069,0.0493,1.2291,0.0415,1.231
10.551936069,0.0489,1.2166,0.0423,1.218
10.554546031,0.0454,1.2100,0.0401,1.212
10.556027646,0.0440,1.2059,0.0381,1.207
10.562685762,0.0423,1.1988,0.0315,1.200
10.563472646,0.0396,1.1944,0.0227,1.195
10.563889838,0.0381,1.1927,0.0176,1.193
10.564308723,0.0354,1.1905,0.0034,1.191
10.565842838,0.0349,1.1895,-0.0046,1.190
10.567801915,0.0320,1.1871,-0.0178,1.188
10.569553262,0.0291,1.1822,-0.0369,1.183
10.571678262,0.0276,1.1815,-0.0454,1.183
10.573662492,0.0281,1.1807,-0.0623,1.183
10.584409838,0.0261,1.1785,-0.0770,1.181
10.584868723,0.0266,1.1766,-0.0843,1.180
10.585111646,0.0242,1.1702,-0.0972,1.175
10.585385454,0.0257,1.1617,-0.1060,1.167
10.5856313,0.0269,1.1568,-0.1092,1.162
10.585863569,0.0257,1.1470,-0.1138,1.153
10.587494185,0.0261,1.1421,-0.1165,1.148
10.589550723,0.0291,1.1282,-0.1204,1.135
10.592556338,0.0310,1.1131,-0.1209,1.120
10.593190185,0.0322,1.1048,-0.1204,1.112
10.599013723,0.0362,1.0879,-0.1200,1.095
10.599279492,0.0408,1.0674,-0.1165,1.074
10.599511877,0.0428,1.0556,-0.1143,1.063
10.601213377,0.0481,1.0341,-0.1075,1.041
10.603164262,0.0523,1.0219,-0.1031,1.028
10.605319338,0.0586,0.9987,-0.0963,1.005
10.607427954,0.0662,0.9740,-0.0865,0.980
10.609019685,0.0691,0.9611,-0.0814,0.967
10.611143262,0.0735,0.9354,-0.0738,0.941
10.613082569,0.0821,0.9076,-0.0662,0.914
10.614958992,0.0865,0.8944,-0.0633,0.901
10.616871338,0.0938,0.8666,-0.0564,0.873
10.619161454,0.0975,0.8534,-0.0542,0.861
10.620746569,0.1029,0.8277,-0.0530,0.836
10.622985992,0.1065,0.8040,-0.0498,0.813
10.625707338,0.1077,0.7938,-0.0486,0.803
10.626857454,0.1102,0.7730,-0.0467,0.782
10.628736185,0.1102,0.7561,-0.0442,0.765
10.630802877,0.1080,0.7473,-0.0457,0.756
10.6326663,0.1065,0.7329,-0.0481,0.742
10.634647531,0.1063,0.7273,-0.0493,0.737
10.636572069,0.1011,0.7153,-0.0525,0.724
10.6387403,0.0936,0.7034,-0.0577,0.712
10.640514492,0.0899,0.6985,-0.0606,0.707
10.643036992,0.0799,0.6902,-0.0655,0.698
10.644575915,0.0682,0.6853,-0.0713,0.692
10.646757992,0.0623,0.6762,-0.0738,0.683
10.648576877,0.0472,0.6677,-0.0789,0.674
10.651027185,0.0413,0.6640,-0.0821,0.670
10.652611261,0.0298,0.6572,-0.0867,0.664
10.654792338,0.0154,0.6513,-0.0921,0.658
10.656228069,0.0078,0.6501,-0.0931,0.657
10.668004377,-0.0061,0.6486,-0.0936,0.655
10.669795685,-0.0193,0.6491,-0.0916,0.656
10.670932685,-0.0271,0.6506,-0.0897,0.657
10.6722008,-0.0413,0.6530,-0.0848,0.660
10.673248838,-0.0489,0.6555,-0.0818,0.662
10.6747648,-0.0638,0.6640,-0.0716,0.671
10.676193223,-0.0760,0.6750,-0.0599,0.682
10.677447646,-0.0836,0.6801,-0.0533,0.687
10.678700185,-0.0970,0.6931,-0.0386,0.701
10.679704608,-0.1102,0.7090,-0.0249,0.718
10.680903069,-0.1165,0.7173,-0.0169,0.727
10.682669492,-0.1285,0.7363,-0.0017,0.747
10.684875723,-0.1341,0.7461,0.0064,0.758
10.686187031,-0.1468,0.7654,0.0235,0.780
10.6872578,-0.1595,0.7891,0.0340,0.806
10.688172261,-0.1652,0.8011,0.0386,0.819
10.695149069,-0.1764,0.8258,0.0440,0.846
10.696631723,-0.1852,0.8507,0.0486,0.872
10.697598685,-0.1874,0.8644,0.0493,0.886
10.698397646,-0.1886,0.8910,0.0462,0.912
10.701170146,-0.1898,0.9052,0.0454,0.926
10.702320377,-0.1908,0.9337,0.0384,0.954
10.703037608,-0.1879,0.9613,0.0313,0.980
10.703994377,-0.1852,0.9758,0.0257,0.994
10.7056803,-0.1737,1.0041,0.0144,1.019
10.7076228,-0.1605,1.0324,0.0037,1.045
10.712150992,-0.1517,1.0454,-0.0017,1.056
10.713548492,-0.1339,1.0703,-0.0112,1.079
10.714488531,-0.1258,1.0825,-0.0156,1.090
10.715773877,-0.1060,1.1052,-0.0222,1.111
10.717617723,-0.0862,1.1272,-0.0276,1.131
10.719617685,-0.0774,1.1390,-0.0288,1.142
10.721622108,-0.0603,1.1548,-0.0325,1.157
10.723550031,-0.0452,1.1612,-0.0337,1.163
10.726384646,-0.0369,1.1734,-0.0322,1.174
10.728029608,-0.0215,1.1815,-0.0281,1.182
10.729573108,-0.0144,1.1839,-0.0261,1.184
10.731234492,0.0000,1.1868,-0.0193,1.187
10.733246184,0.0134,1.1846,-0.0120,1.185
10.735310108,0.0198,1.1822,-0.0071,1.182
10.737170492,0.0300,1.1754,0.0039,1.176
10.739341761,0.0376,1.1636,0.0156,1.164
10.742818108,0.0406,1.1561,0.0198,1.157
10.744479184,0.0469,1.1409,0.0288,1.142
10.7458123,0.0489,1.1346,0.0344,1.136
10.747235415,0.0508,1.1219,0.0425,1.124
10.748993646,0.0520,1.1084,0.0491,1.111
10.751382684,0.0515,1.1026,0.0523,1.105
10.753155608,0.0511,1.0903,0.0601,1.093
10.755301223,0.0506,1.0784,0.0601,1.081
10.756848723,0.0496,1.0737,0.0589,1.076
10.765981492,0.0481,1.0622,0.0577,1.065
10.767304646,0.0474,1.0564,0.0572,1.059
10.768143415,0.0469,1.0466,0.0518,1.049
10.769184261,0.0469,1.0349,0.0459,1.037
10.769933261,0.0462,1.0290,0.0413,1.031
10.770227415,0.0472,1.0180,0.0322,1.020
10.771240877,0.0459,1.0097,0.0220,1.011
10.772830261,0.0464,1.0056,0.0173,1.007
10.795264031,0.0435,0.9970,0.0071,0.998
10.796776377,0.0386,0.9941,-0.0034,0.995
10.797999492,0.0362,0.9897,-0.0073,0.990
10.798937069,0.0322,0.9826,-0.0171,0.983
10.799742531,0.0298,0.9809,-0.0222,0.982
10.800760608,0.0259,0.9770,-0.0281,0.978
10.801852838,0.0213,0.9736,-0.0318,0.974
10.802912377,0.0193,0.9714,-0.0335,0.972
10.803820184,0.0161,0.9670,-0.0369,0.968
10.8047203,0.0127,0.9645,-0.0371,0.965
10.805463338,0.0098,0.9609,-0.0364,0.962
10.8062878,0.0029,0.9616,-0.0335,0.962
10.807056723,0.0005,0.9613,-0.0318,0.962
10.808075646,-0.0044,0.9616,-0.0271,0.962
10.809008992,-0.0088,0.9618,-0.0225,0.962
10.810015761,-0.0100,0.9621,-0.0183,0.962
10.810948454,-0.0156,0.9613,-0.0107,0.962
10.811675877,-0.0195,0.9616,-0.0020,0.962
10.812557684,-0.0210,0.9609,0.0032,0.961
10.813252838,-0.0235,0.9604,0.0122,0.961
10.816125838,-0.0249,0.9599,0.0164,0.960
10.817896069,-0.0257,0.9604,0.0232,0.961
10.818917838,-0.0261,0.9606,0.0335,0.962
10.820245454,-0.0266,0.9606,0.0384,0.962
10.822165492,-0.0286,0.9589,0.0489,0.961
10.824342838,-0.0266,0.9565,0.0577,0.959
10.827181992,-0.0249,0.9552,0.0611,0.958
10.828912992,-0.0220,0.9528,0.0667,0.955
10.830121454,-0.0161,0.9511,0.0735,0.954
10.832203954,-0.0142,0.9477,0.0782,0.951
10.834141415,-0.0090,0.9438,0.0838,0.948
10.836043184,-0.0064,0.9418,0.0872,0.946
10.838094723,0.0012,0.9372,0.0950,0.942
10.839916646,0.0098,0.9328,0.1014,0.938
10.842829607,0.0144,0.9298,0.1036,0.936
10.8442753,0.0227,0.9232,0.1116,0.930
10.846699338,0.0298,0.9210,0.1192,0.929
10.847900646,0.0330,0.9154,0.1226,0.924
10.849872261,0.0413,0.9103,0.1302,0.920
10.851733454,0.0442,0.9074,0.1341,0.918
10.853718992,0.0508,0.9012,0.1400,0.913
10.855779992,0.0596,0.8973,0.1437,0.911
10.857923492,0.0630,0.8944,0.1459,0.908
10.867948492,0.0679,0.8898,0.1527,0.905
10.869629492,0.0711,0.8868,0.1549,0.903
10.8706683,0.0726,0.8822,0.1571,0.899
10.871866877,0.0760,0.8800,0.1610,0.898
10.872868069,0.0752,0.8790,0.1627,0.897
10.874128607,0.0755,0.8758,0.1620,0.894
10.875546531,0.0743,0.8719,0.1608,0.890
10.876723454,0.0748,0.8705,0.1593,0.888
10.877890723,0.0713,0.8692,0.1554,0.886
10.878189607,0.0701,0.8678,0.1537,0.884
10.891908415,0.0689,0.8658,0.1522,0.882
10.893229223,0.0657,0.8666,0.1463,0.881
10.894288338,0.0623,0.8658,0.1427,0.880
10.895139838,0.0550,0.8670,0.1378,0.880
10.895940415,0.0511,0.8673,0.1344,0.879
10.896919646,0.0476,0.8685,0.1334,0.880
10.898417607,0.0403,0.8690,0.1290,0.879
10.8993218,0.0313,0.8697,0.1270,0.880
10.900201031,0.0271,0.8707,0.1268,0.880
10.901083338,0.0193,0.8724,0.1251,0.882
10.901903684,0.0161,0.8736,0.1244,0.883
10.902556107,0.0076,0.8736,0.1248,0.883
10.903427877,-0.0005,0.8766,0.1239,0.885
10.904942377,-0.0059,0.8788,0.1224,0.887
10.907022338,-0.0147,0.8822,0.1236,0.891
10.909964723,-0.0232,0.8844,0.1231,0.893
10.911322338,-0.0279,0.8856,0.1231,0.895
10.916219915,-0.0354,0.8856,0.1253,0.895
10.917563838,-0.0401,0.8861,0.1261,0.896
10.918793723,-0.0481,0.8873,0.1280,0.898
10.919599415,-0.0547,0.8890,0.1300,0.900
10.920740684,-0.0579,0.8895,0.1307,0.901
10.922629531,-0.0635,0.8903,0.1317,0.902
10.924813723,-0.0689,0.8922,0.1312,0.904
10.929856684,-0.0728,0.8925,0.1317,0.905
10.930989569,-0.0792,0.8968,0.1329,0.910
10.932421646,-0.0811,0.8983,0.1336,0.912
10.933893492,-0.0843,0.9000,0.1353,0.914
10.934814684,-0.0892,0.9005,0.1388,0.915
10.937224223,-0.0901,0.9017,0.1397,0.917
10.938449031,-0.0921,0.9054,0.1432,0.921
10.940451723,-0.0941,0.9047,0.1468,0.921
10.950360723,-0.0931,0.9054,0.1483,0.922
10.951997877,-0.0928,0.9064,0.1527,0.924
10.953105761,-0.0923,0.9076,0.1544,0.925
10.954159838,-0.0906,0.9083,0.1578,0.926
10.954651415,-0.0906,0.9098,0.1620,0.929
10.95509853,-0.0892,0.9103,0.1637,0.929
10.95549753,-0.0872,0.9115,0.1664,0.931
10.955958069,-0.0860,0.9125,0.1681,0.932
10.958137684,-0.0838,0.9161,0.1715,0.936
10.977152761,-0.0796,0.9188,0.1752,0.939
10.97869453,-0.0789,0.9205,0.1776,0.941
10.979627069,-0.0767,0.9215,0.1788,0.942
10.980440415,-0.0750,0.9237,0.1798,0.944
10.981465838,-0.0743,0.9254,0.1801,0.946
10.982551415,-0.0726,0.9289,0.1801,0.949
10.983703761,-0.0687,0.9318,0.1832,0.952
10.9848098,-0.0674,0.9337,0.1840,0.954
10.985698838,-0.0645,0.9359,0.1827,0.956
10.986538338,-0.0628,0.9369,0.1813,0.956
10.987186377,-0.0611,0.9416,0.1815,0.961
10.988142377,-0.0594,0.9430,0.1818,0.962
10.988872646,-0.0584,0.9445,0.1820,0.964
10.989996069,-0.0559,0.9460,0.1808,0.965
10.990826838,-0.0518,0.9472,0.1815,0.966
10.991929223,-0.0496,0.9469,0.1815,0.965
10.992836992,-0.0467,0.9469,0.1803,0.965
10.995666569,-0.0450,0.9467,0.1798,0.965
10.997036761,-0.0410,0.9455,0.1813,0.964
10.998057646,-0.0379,0.9440,0.1840,0.963
10.999785877,-0.0357,0.9440,0.1849,0.963
11.001539184,-0.0318,0.9423,0.1867,0.961
11.003405954,-0.0288,0.9413,0.1884,0.960
11.00541153,-0.0281,0.9372,0.1891,0.956
11.0076388,-0.0266,0.9342,0.1937,0.954
11.010567954,-0.0249,0.9328,0.1950,0.953
11.012073838,-0.0230,0.9284,0.1962,0.949
11.013224607,-0.0237,0.9257,0.2008,0.948
11.015452107,-0.0227,0.9240,0.2023,0.946
11.017217107,-0.0217,0.9196,0.2052,0.942
11.019180492,-0.0230,0.9176,0.2077,0.941
11.021121569,-0.0257,0.9164,0.2130,0.941
11.023239723,-0.0266,0.9135,0.2162,0.939
11.026675723,-0.0274,0.9125,0.2182,0.939
11.028105915,-0.0305,0.9118,0.2199,0.938
11.02927953,-0.0340,0.9098,0.2228,0.937
11.031070723,-0.0352,0.9105,0.2245,0.938
11.033034107,-0.0371,0.9108,0.2250,0.939
11.034967069,-0.0388,0.9122,0.2257,0.941
11.037079377,-0.0418,0.9152,0.2284,0.944
11.0390758,-0.0445,0.9181,0.2294,0.947
11.040776723,-0.0462,0.9201,0.2294,0.949
11.044148415,-0.0493,0.9245,0.2277,0.953
11.0457618,-0.0528,0.9286,0.2253,0.957
11.04712503,-0.0547,0.9315,0.2235,0.960
11.048609223,-0.0535,0.9376,0.2213,0.965
11.050770992,-0.0530,0.9408,0.2201,0.968
11.052582915,-0.0525,0.9474,0.2182,0.974
11.054719492,-0.0520,0.9545,0.2169,0.980
11.056757953,-0.0511,0.9589,0.2152,0.984
11.066807107,-0.0476,0.9687,0.2130,0.993
11.068208877,-0.0440,0.9762,0.2111,1.000
11.069060684,-0.0432,0.9802,0.2108,1.004
11.069939992,-0.0381,0.9882,0.2103,1.011
11.070246184,-0.0300,0.9975,0.2089,1.020
11.070486761,-0.0269,1.0024,0.2084,1.024
11.070730261,-0.0208,1.0124,0.2077,1.034
11.074320838,-0.0166,1.0163,0.2062,1.037
11.074631684,-0.0093,1.0249,0.2055,1.045
11.089151838,-0.0039,1.0344,0.2050,1.055
11.090566261,-0.0007,1.0395,0.2047,1.059
11.091530761,0.0017,1.0503,0.2033,1.070
11.092387992,0.0064,1.0596,0.2018,1.079
11.0935453,0.0098,1.0642,0.2008,1.083
11.09465253,0.0147,1.0720,0.1967,1.090
11.095602223,0.0159,1.0759,0.1947,1.094
11.096712569,0.0166,1.0828,0.1906,1.100
11.097653377,0.0195,1.0891,0.1815,1.104
11.098663261,0.0198,1.0925,0.1771,1.107
11.099345069,0.0215,1.0986,0.1678,1.112
11.100332492,0.0195,1.1030,0.1561,1.114
11.1010788,0.0186,1.1060,0.1502,1.116
11.103818953,0.0147,1.1072,0.1349,1.115
11.1051498,0.0122,1.1077,0.1278,1.115
11.106223069,0.0103,1.1106,0.1148,1.117
11.108328761,0.0059,1.1157,0.0985,1.120
11.11265703,0.0029,1.1167,0.0897,1.120
11.114291377,-0.0066,1.1199,0.0708,1.122
11.115452953,-0.0173,1.1226,0.0547,1.124
11.116547377,-0.0230,1.1245,0.0462,1.126
11.1178788,-0.0344,1.1289,0.0291,1.130
11.119777877,-0.0408,1.1302,0.0203,1.131
11.121923377,-0.0537,1.1346,0.0034,1.136
11.1236198,-0.0645,1.1404,-0.0125,1.142
11.127031646,-0.0708,1.1431,-0.0188,1.145
11.128470069,-0.0838,1.1497,-0.0286,1.153
11.130342569,-0.0943,1.1580,-0.0371,1.162
11.1318098,-0.0987,1.1614,-0.0410,1.166
11.133585723,-0.1073,1.1700,-0.0445,1.176
11.135424761,-0.1104,1.1749,-0.0454,1.181
11.1374888,-0.1143,1.1871,-0.0423,1.193
11.1397793,-0.1153,1.2000,-0.0369,1.206
11.141733492,-0.1151,1.2066,-0.0320,1.213
11.14452903,-0.1092,1.2196,-0.0235,1.225
11.146051953,-0.0987,1.2340,-0.0095,1.238
11.147573338,-0.0916,1.2406,-0.0024,1.244
11.149518607,-0.0762,1.2562,0.0112,1.259
11.151429723,-0.0684,1.2640,0.0205,1.266
11.153195953,-0.0513,1.2811,0.0386,1.283
11.15542653,-0.0359,1.2980,0.0533,1.300
11.157235492,-0.0296,1.3066,0.0606,1.308
11.167142261,-0.0161,1.3210,0.0750,1.323
11.168494876,-0.0054,1.3342,0.0887,1.337
11.169489338,0.0000,1.3393,0.0950,1.343
11.1704863,0.0093,1.3500,0.1053,1.354
11.17142753,0.0139,1.3547,0.1109,1.359
11.174061607,0.0244,1.3598,0.1219,1.365
11.175113723,0.0342,1.3620,0.1307,1.369
11.175988184,0.0396,1.3620,0.1346,1.369
11.176866876,0.0491,1.3608,0.1407,1.369
11.178202492,0.0567,1.3596,0.1490,1.369
11.179334915,0.0611,1.3571,0.1502,1.367
11.189265838,0.0679,1.3508,0.1537,1.361
11.190778684,0.0699,1.3466,0.1559,1.357
11.191668915,0.0718,1.3398,0.1632,1.352
11.192708492,0.0713,1.3324,0.1671,1.345
11.194031376,0.0701,1.3300,0.1673,1.342
11.1951343,0.0669,1.3246,0.1673,1.337
11.1961278,0.0611,1.3166,0.1654,1.328
11.197131569,0.0574,1.3129,0.1627,1.324
11.1980653,0.0484,1.3102,0.1551,1.320
11.199016261,0.0442,1.3090,0.1493,1.318
11.201331838,0.0352,1.3051,0.1363,1.313
11.202883569,0.0259,1.3019,0.1244,1.308
11.204821338,0.0208,1.3007,0.1182,1.306
11.2065773,0.0103,1.2978,0.1070,1.302
11.208769415,0.0042,1.2968,0.0931,1.300
11.211629146,0.0017,1.2951,0.0858,1.298
11.213119184,0.0002,1.2919,0.0728,1.294
11.214361723,-0.0007,1.2894,0.0657,1.291
11.216339069,-0.0007,1.2802,0.0562,1.281
11.218376684,-0.0005,1.2672,0.0437,1.268
11.220253646,0.0000,1.2604,0.0364,1.261
11.222267607,0.0037,1.2445,0.0220,1.245
11.224214953,0.0044,1.2250,0.0059,1.225
11.2271583,0.0064,1.2140,-0.0012,1.214
11.228674607,0.0112,1.1900,-0.0183,1.190
11.230379338,0.0115,1.1763,-0.0271,1.177
11.232259723,0.0103,1.1475,-0.0469,1.149
11.234487838,0.0112,1.1179,-0.0684,1.120
11.23632953,0.0105,1.1030,-0.0779,1.106
11.238206915,0.0071,1.0693,-0.0997,1.074
11.240150761,0.0051,1.0368,-0.1207,1.044
11.242277838,0.0029,1.0197,-0.1295,1.028
11.245101569,-0.0020,0.9858,-0.1454,0.996
11.246651261,-0.0049,0.9689,-0.1529,0.981
11.247969415,-0.0107,0.9323,-0.1691,0.948
11.249967761,-0.0176,0.8971,-0.1810,0.915
11.252108376,-0.0217,0.8793,-0.1854,0.899
11.254484607,-0.0279,0.8465,-0.1937,0.869
11.256102646,-0.0332,0.8148,-0.1984,0.839
11.257901261,-0.0354,0.7986,-0.1998,0.824
11.268522684,-0.0362,0.7681,-0.2016,0.795
11.270121261,-0.0362,0.7534,-0.2011,0.781
11.271034607,-0.0330,0.7261,-0.1964,0.753
11.272009876,-0.0271,0.6999,-0.1886,0.725
11.273042799,-0.0220,0.6875,-0.1835,0.712
11.274055876,-0.0117,0.6643,-0.1735,0.687
11.274538646,-0.0020,0.6413,-0.1583,0.661
11.274947453,0.0032,0.6308,-0.1515,0.649
11.275411684,0.0122,0.6125,-0.1344,0.627
11.291009569,0.0181,0.6034,-0.1261,0.617
11.291767492,0.0303,0.5878,-0.1082,0.598
11.292131261,0.0374,0.5734,-0.0899,0.582
11.292479569,0.0423,0.5680,-0.0809,0.575
11.292860453,0.0501,0.5592,-0.0594,0.565
11.29340303,0.0567,0.5516,-0.0376,0.556
11.293808646,0.0601,0.5494,-0.0279,0.553
11.294185646,0.0650,0.5455,-0.0090,0.549
11.294601876,0.0672,0.5460,0.0007,0.550
11.295342453,0.0704,0.5507,0.0193,0.555
11.299066223,0.0735,0.5573,0.0376,0.563
11.299666799,0.0740,0.5617,0.0459,0.568
11.30128153,0.0726,0.5729,0.0599,0.581
11.303449415,0.0733,0.5878,0.0708,0.597
11.305114261,0.0748,0.5964,0.0760,0.606
11.307133261,0.0745,0.6166,0.0840,0.627
11.310877299,0.0733,0.6288,0.0860,0.639
11.311836838,0.0718,0.6538,0.0897,0.664
11.31311653,0.0726,0.6801,0.0872,0.690
11.315442299,0.0730,0.6946,0.0850,0.704
11.316907607,0.0735,0.7261,0.0774,0.734
11.319174184,0.0750,0.7573,0.0701,0.764
11.320882723,0.0750,0.7740,0.0638,0.780
11.323441799,0.0767,0.8082,0.0513,0.813
11.324737646,0.0762,0.8260,0.0452,0.831
11.327959299,0.0767,0.8631,0.0296,0.867
11.329558146,0.0745,0.9010,0.0154,0.904
11.33145053,0.0730,0.9193,0.0078,0.922
11.332617261,0.0689,0.9543,-0.0054,0.957
11.335014684,0.0645,0.9904,-0.0195,0.993
11.336655184,0.0613,1.0083,-0.0257,1.010
11.339014223,0.0545,1.0425,-0.0362,1.045
11.340503184,0.0498,1.0581,-0.0413,1.060
11.343080761,0.0415,1.0901,-0.0498,1.092
11.34566003,0.0330,1.1199,-0.0577,1.122
11.346494146,0.0274,1.1350,-0.0613,1.137
11.348573761,0.0154,1.1619,-0.0655,1.164
11.35037453,0.0029,1.1849,-0.0687,1.187
11.352325761,-0.0034,1.1966,-0.0689,1.199
11.354347338,-0.0164,1.2164,-0.0660,1.218
11.356139723,-0.0215,1.2247,-0.0645,1.227
11.358320492,-0.0342,1.2384,-0.0611,1.240
11.364772261,-0.0454,1.2491,-0.0562,1.251
11.365717607,-0.0515,1.2526,-0.0550,1.255
11.36616453,-0.0660,1.2599,-0.0503,1.263
11.366594607,-0.0779,1.2628,-0.0469,1.266
11.368484569,-0.0838,1.2628,-0.0435,1.266
11.370437223,-0.0948,1.2604,-0.0437,1.265
11.372048338,-0.1011,1.2562,-0.0440,1.261
11.37425103,-0.1107,1.2482,-0.0454,1.254
11.391291569,-0.1214,1.2391,-0.0476,1.246
11.392099107,-0.1253,1.2340,-0.0489,1.241
11.392466722,-0.1317,1.2228,-0.0533,1.231
11.392804261,-0.1378,1.2079,-0.0557,1.217
11.39314253,-0.1410,1.2003,-0.0572,1.210
11.393571069,-0.1446,1.1846,-0.0618,1.195
11.393937646,-0.1468,1.1758,-0.0638,1.187
11.394305184,-0.1510,1.1583,-0.0674,1.170
11.394647953,-0.1590,1.1416,-0.0687,1.155
11.394991761,-0.1608,1.1324,-0.0708,1.146
11.395773953,-0.1661,1.1167,-0.0723,1.131
11.397786953,-0.1693,1.0996,-0.0740,1.115
11.399466222,-0.1703,1.0911,-0.0743,1.107
11.401470684,-0.1722,1.0740,-0.0750,1.090
11.403540838,-0.1747,1.0664,-0.0740,1.083
11.405296684,-0.1754,1.0539,-0.0704,1.071
11.407667492,-0.1747,1.0393,-0.0665,1.056
11.411996607,-0.1732,1.0337,-0.0635,1.050
11.414617607,-0.1732,1.0219,-0.0572,1.038
11.415613722,-0.1688,1.0107,-0.0486,1.026
11.416616299,-0.1656,1.0065,-0.0435,1.021
11.418081299,-0.1583,0.9970,-0.0322,1.010
11.420742415,-0.1546,0.9931,-0.0252,1.005
11.422218338,-0.1449,0.9863,-0.0088,0.997
11.423508415,-0.1336,0.9797,0.0076,0.989
11.425619376,-0.1263,0.9772,0.0161,0.985
11.429959376,-0.1156,0.9762,0.0369,0.984
11.431806299,-0.1036,0.9753,0.0581,0.982
11.433253876,-0.0972,0.9748,0.0701,0.982
11.434792261,-0.0850,0.9728,0.0904,0.981
11.436029915,-0.0787,0.9711,0.1019,0.980
11.437248992,-0.0655,0.9719,0.1229,0.982
11.439148569,-0.0518,0.9719,0.1449,0.984
11.44120753,-0.0450,0.9711,0.1546,0.984
11.446172415,-0.0313,0.9699,0.1749,0.986
11.447872453,-0.0186,0.9692,0.1952,0.989
11.449047146,-0.0112,0.9655,0.2035,0.987
11.45042203,-0.0002,0.9623,0.2191,0.987
11.451608684,0.0051,0.9609,0.2262,0.987
11.452798761,0.0171,0.9584,0.2365,0.987
11.454844376,0.0249,0.9582,0.2463,0.990
11.456792184,0.0274,0.9569,0.2502,0.989
11.458780992,0.0332,0.9552,0.2565,0.990
11.46354403,0.0359,0.9533,0.2612,0.989
11.464143646,0.0379,0.9533,0.2629,0.990
11.46503403,0.0413,0.9523,0.2639,0.989
11.468729453,0.0410,0.9504,0.2629,0.987
11.469005569,0.0406,0.9486,0.2609,0.985
11.470759569,0.0415,0.9447,0.2565,0.980
11.472533222,0.0423,0.9433,0.2536,0.978
11.474715261,0.0406,0.9411,0.2436,0.973
11.482966222,0.0393,0.9364,0.2355,0.966
11.483529492,0.0374,0.9342,0.2316,0.963
11.483787338,0.0349,0.9291,0.2209,0.956
11.484022338,0.0337,0.9274,0.2143,0.952
11.484256453,0.0305,0.9230,0.2025,0.945
11.48618853,0.0276,0.9208,0.1906,0.941
11.488236107,0.0269,0.9191,0.1847,0.938
11.490187915,0.0252,0.9147,0.1720,0.931
11.492464722,0.0213,0.9105,0.1603,0.925
11.494417569,0.0193,0.9078,0.1534,0.921
11.496351876,0.0151,0.9042,0.1390,0.915
11.498136876,0.0134,0.9030,0.1319,0.913
11.500118953,0.0107,0.8998,0.1178,0.908
11.502016261,0.0068,0.8981,0.1051,0.904
11.504111376,0.0056,0.8964,0.0992,0.902
11.505927645,0.0044,0.8944,0.0884,0.899
11.507885915,0.0044,0.8920,0.0760,0.895
11.512142953,0.0046,0.8912,0.0694,0.894
11.512675915,0.0054,0.8900,0.0579,0.892
11.513795915,0.0042,0.8883,0.0537,0.890
11.515727569,0.0024,0.8881,0.0476,0.889
11.517945722,0.0039,0.8859,0.0418,0.887
11.519749376,0.0042,0.8863,0.0393,0.887
11.521569261,0.0071,0.8849,0.0371,0.886
11.523713838,0.0088,0.8834,0.0359,0.884
11.525746799,0.0107,0.8827,0.0366,0.884
11.529198069,0.0132,0.8839,0.0396,0.885
11.530667069,0.0154,0.8846,0.0413,0.886
11.531695761,0.0186,0.8846,0.0437,0.886
11.533990799,0.0220,0.8841,0.0489,0.886
11.535604145,0.0242,0.8844,0.0520,0.886
11.537541107,0.0279,0.8866,0.0567,0.889
11.53964403,0.0315,0.8866,0.0650,0.890
11.541668492,0.0342,0.8878,0.0677,0.891
11.544955376,0.0366,0.8895,0.0755,0.893
11.546691338,0.0381,0.8907,0.0801,0.895
11.54778203,0.0418,0.8925,0.0894,0.898
11.549617838,0.0469,0.8954,0.0975,0.902
11.551658222,0.0489,0.8961,0.1019,0.903
11.553401915,0.0530,0.8973,0.1102,0.906
11.555508261,0.0584,0.9008,0.1219,0.911
11.557523338,0.0599,0.9020,0.1263,0.913
11.559522376,0.0640,0.9047,0.1331,0.917
11.568187492,0.0660,0.9052,0.1363,0.918
11.569727684,0.0723,0.9066,0.1446,0.921
11.570576722,0.0770,0.9076,0.1520,0.923
11.571396184,0.0794,0.9083,0.1554,0.925
11.572352722,0.0862,0.9083,0.1583,0.926
11.573925299,0.0919,0.9078,0.1605,0.926
11.574802915,0.0953,0.9083,0.1630,0.928
11.575686607,0.1014,0.9071,0.1659,0.928
11.589769876,0.1041,0.9064,0.1664,0.927
11.591446415,0.1099,0.9056,0.1673,0.928
11.592301838,0.1141,0.9049,0.1661,0.927
11.593721799,0.1165,0.9047,0.1652,0.927
11.595254607,0.1175,0.9032,0.1612,0.925
11.596286568,0.1173,0.9025,0.1576,0.924
11.597636568,0.1200,0.9010,0.1559,0.922
11.599111184,0.1204,0.9000,0.1524,0.921
11.600102145,0.1187,0.8995,0.1498,0.920
11.601016184,0.1158,0.8964,0.1424,0.915
11.601973338,0.1148,0.8944,0.1349,0.912
11.602861799,0.1143,0.8937,0.1322,0.911
11.603565145,0.1156,0.8905,0.1253,0.907
11.604381722,0.1129,0.8893,0.1182,0.904
11.605169607,0.1109,0.8871,0.1134,0.901
11.607718453,0.1087,0.8861,0.1058,0.899
11.609884107,0.1073,0.8849,0.1026,0.897
11.611563684,0.1055,0.8829,0.0967,0.894
11.612734607,0.1029,0.8797,0.0916,0.890
11.616942799,0.1021,0.8785,0.0887,0.889
11.617666761,0.1019,0.8771,0.0862,0.887
11.618123838,0.0977,0.8775,0.0850,0.887
11.620131184,0.0950,0.8756,0.0843,0.885
11.622189915,0.0916,0.8719,0.0848,0.881
11.623932645,0.0916,0.8719,0.0858,0.881
11.62732903,0.0899,0.8702,0.0872,0.879
11.628130607,0.0865,0.8678,0.0894,0.877
11.630189299,0.0848,0.8668,0.0916,0.876
11.633923107,0.0826,0.8675,0.0977,0.877
11.634198568,0.0799,0.8685,0.1046,0.878
11.635990222,0.0792,0.8675,0.1073,0.878
11.638109992,0.0782,0.8658,0.1126,0.877
11.640002338,0.0774,0.8663,0.1158,0.877
11.642019184,0.0760,0.8658,0.1214,0.878
11.644861107,0.0762,0.8678,0.1280,0.880
11.646024722,0.0765,0.8675,0.1309,0.881
11.647623415,0.0755,0.8697,0.1334,0.883
11.649797838,0.0767,0.8712,0.1358,0.885
11.651782415,0.0779,0.8732,0.1410,0.888
11.654011876,0.0772,0.8756,0.1437,0.891
11.655830184,0.0765,0.8771,0.1463,0.892
11.657827992,0.0772,0.8839,0.1483,0.900
11.668931722,0.0804,0.8905,0.1520,0.907
11.670073645,0.0811,0.8939,0.1544,0.911
11.670772568,0.0806,0.9005,0.1581,0.918
11.671456953,0.0774,0.9091,0.1622,0.927
11.67214503,0.0767,0.9130,0.1644,0.931
11.672806684,0.0770,0.9230,0.1681,0.941
11.673674261,0.0774,0.9281,0.1720,0.947
11.674510068,0.0774,0.9367,0.1766,0.956
11.675858761,0.0767,0.9472,0.1796,0.967
11.691742722,0.0772,0.9526,0.1827,0.973
11.693539107,0.0743,0.9638,0.1842,0.984
11.696164761,0.0726,0.9765,0.1859,0.997
11.697284992,0.0701,0.9826,0.1852,1.002
11.698175376,0.0655,0.9977,0.1852,1.017
11.699142068,0.0643,1.0043,0.1857,1.023
11.699971184,0.0628,1.0188,0.1832,1.037
11.70079903,0.0628,1.0327,0.1840,1.051
11.702024953,0.0625,1.0398,0.1830,1.058
11.702853645,0.0603,1.0537,0.1803,1.071
11.703979261,0.0611,1.0676,0.1766,1.084
11.705115799,0.0616,1.0749,0.1739,1.091
11.706263107,0.0635,1.0877,0.1700,1.103
11.707315145,0.0635,1.0938,0.1664,1.108
11.708274761,0.0645,1.1043,0.1593,1.118
11.709128415,0.0669,1.1143,0.1517,1.127
11.710374376,0.0677,1.1192,0.1490,1.131
11.711502453,0.0718,1.1280,0.1439,1.139
11.714266838,0.0740,1.1348,0.1378,1.146
11.715740491,0.0757,1.1387,0.1351,1.149
11.717084338,0.0787,1.1468,0.1295,1.157
11.718873953,0.0806,1.1509,0.1266,1.161
11.721100184,0.0816,1.1573,0.1212,1.166
11.722977145,0.0799,1.1636,0.1148,1.172
11.724841338,0.0801,1.1661,0.1126,1.174
11.728522953,0.0828,1.1702,0.1073,1.178
11.729116376,0.0816,1.1732,0.1016,1.180
11.731245415,0.0811,1.1744,0.0989,1.181
11.733092107,0.0792,1.1776,0.0941,1.184
11.734466338,0.0772,1.1773,0.0916,1.183
11.736375953,0.0721,1.1790,0.0865,1.184
11.738657145,0.0662,1.1790,0.0804,1.184
11.740685953,0.0630,1.1780,0.0770,1.182
11.74239553,0.0552,1.1758,0.0708,1.179
11.744995991,0.0484,1.1739,0.0657,1.177
11.746359645,0.0447,1.1724,0.0638,1.175
11.748295684,0.0386,1.1702,0.0589,1.172
11.750228645,0.0366,1.1695,0.0562,1.171
11.752286722,0.0315,1.1651,0.0533,1.167
11.754448568,0.0254,1.1619,0.0515,1.163
11.756178761,0.0222,1.1602,0.0508,1.162
11.758280568,0.0178,1.1570,0.0503,1.158
11.763952915,0.0098,1.1558,0.0506,1.157
11.764576107,0.0059,1.1556,0.0508,1.157
11.764892222,0.0000,1.1570,0.0537,1.158
11.769056953,-0.0027,1.1583,0.0579,1.160
11.769575107,-0.0090,1.1639,0.0650,1.166
11.769826107,-0.0154,1.1732,0.0752,1.176
11.771914838,-0.0198,1.1795,0.0816,1.182
11.774309607,-0.0298,1.1934,0.0955,1.198
11.775816876,-0.0364,1.2091,0.1063,1.214
11.784221607,-0.0386,1.2188,0.1112,1.225
11.784828453,-0.0442,1.2406,0.1224,1.247
11.785088068,-0.0469,1.2526,0.1275,1.260
11.785325299,-0.0503,1.2772,0.1375,1.286
11.786020722,-0.0542,1.2997,0.1459,1.309
11.787822953,-0.0562,1.3117,0.1493,1.321
11.789851761,-0.0613,1.3290,0.1561,1.340
11.791714645,-0.0677,1.3432,0.1603,1.354
11.796590491,-0.0701,1.3478,0.1610,1.359
11.797183491,-0.0755,1.3544,0.1620,1.366
11.79779853,-0.0779,1.3547,0.1644,1.367
11.802027107,-0.0831,1.3532,0.1649,1.366
11.802472415,-0.0840,1.3452,0.1649,1.358
11.803555953,-0.0838,1.3395,0.1659,1.352
11.805400722,-0.0796,1.3254,0.1686,1.338
11.807614184,-0.0777,1.3078,0.1727,1.321
11.809565184,-0.0745,1.3004,0.1747,1.314
11.81225503,-0.0625,1.2838,0.1820,1.298
11.813516799,-0.0572,1.2750,0.1857,1.290
11.816083607,-0.0464,1.2587,0.1945,1.274
11.817451299,-0.0354,1.2416,0.2033,1.259
11.819446991,-0.0305,1.2352,0.2069,1.253
11.821292607,-0.0188,1.2210,0.2121,1.239
11.823314338,-0.0076,1.2091,0.2125,1.228
11.825183222,-0.0034,1.2035,0.2103,1.222
11.829801338,0.0064,1.1934,0.2013,1.210
11.830389261,0.0112,1.1881,0.1954,1.204
11.83126703,0.0193,1.1805,0.1808,1.194
11.833586876,0.0269,1.1751,0.1564,1.186
11.835021222,0.0293,1.1739,0.1432,1.183
11.836852414,0.0335,1.1700,0.1143,1.176
11.838893914,0.0369,1.1671,0.0848,1.171
11.840887107,0.0369,1.1663,0.0708,1.169
11.842854722,0.0396,1.1649,0.0401,1.166
11.845243491,0.0418,1.1629,0.0264,1.164
11.846864684,0.0476,1.1587,0.0012,1.160
11.848926914,0.0530,1.1565,-0.0198,1.158
11.85098253,0.0579,1.1539,-0.0303,1.156
11.852769376,0.0662,1.1473,-0.0472,1.150
11.854755222,0.0743,1.1414,-0.0586,1.145
11.856684261,0.0782,1.1387,-0.0643,1.143
11.858711184,0.0850,1.1311,-0.0721,1.137
11.864476453,0.0892,1.1258,-0.0752,1.132
11.865096876,0.0972,1.1140,-0.0792,1.121
11.865408838,0.1038,1.1028,-0.0814,1.111
11.866749914,0.1063,1.0964,-0.0818,1.105
11.869848107,0.1126,1.0818,-0.0838,1.091
11.870501299,0.1180,1.0664,-0.0840,1.076
11.872589145,0.1197,1.0571,-0.0845,1.067
11.874609684,0.1212,1.0390,-0.0823,1.049
11.888418761,0.1229,1.0290,-0.0816,1.040
11.889122222,0.1253,1.0105,-0.0811,1.021
11.889503068,0.1278,0.9897,-0.0809,1.001
11.889763107,0.1295,0.9806,-0.0801,0.992
11.890003145,0.1336,0.9594,-0.0806,0.972
11.890246607,0.1358,0.9386,-0.0774,0.952
11.890481068,0.1371,0.9298,-0.0762,0.943
11.890726184,0.1375,0.9105,-0.0733,0.924
11.892277799,0.1378,0.9008,-0.0718,0.914
11.897886761,0.1388,0.8797,-0.0706,0.893
11.898517914,0.1361,0.8597,-0.0696,0.873
11.898798722,0.1358,0.8497,-0.0713,0.863
11.899918722,0.1368,0.8316,-0.0743,0.846
11.902163107,0.1319,0.8131,-0.0779,0.827
11.904653068,0.1292,0.8023,-0.0789,0.816
11.906218645,0.1234,0.7864,-0.0823,0.800
11.908114299,0.1204,0.7788,-0.0840,0.793
11.910121491,0.1170,0.7659,-0.0880,0.780
11.913098145,0.1107,0.7508,-0.0933,0.765
11.914095261,0.1073,0.7442,-0.0972,0.758
11.916037837,0.0989,0.7337,-0.1024,0.747
11.917939337,0.0906,0.7227,-0.1070,0.736
11.919847876,0.0855,0.7173,-0.1092,0.731
11.921929761,0.0733,0.7082,-0.1146,0.721
11.923956876,0.0672,0.7051,-0.1158,0.718
11.926054453,0.0557,0.6992,-0.1190,0.711
11.930166761,0.0428,0.6946,-0.1200,0.706
11.93070803,0.0354,0.6926,-0.1207,0.704
11.931505337,0.0210,0.6897,-0.1224,0.701
11.933550684,0.0071,0.6885,-0.1224,0.699
11.935496645,-0.0002,0.6865,-0.1226,0.697
11.937810953,-0.0156,0.6867,-0.1178,0.697
11.939533568,-0.0249,0.6885,-0.1160,0.699
11.941327953,-0.0437,0.6907,-0.1109,0.701
11.943497491,-0.0574,0.6975,-0.1029,0.707
11.94742453,-0.0630,0.7004,-0.0989,0.710
11.948013299,-0.0743,0.7109,-0.0901,0.720
11.949217491,-0.0889,0.7219,-0.0796,0.732
11.951543491,-0.0955,0.7278,-0.0726,0.738
11.953336414,-0.1070,0.7417,-0.0613,0.752
11.955915953,-0.1138,0.7498,-0.0530,0.760
11.957137414,-0.1266,0.7661,-0.0384,0.777
11.959190761,-0.1378,0.7857,-0.0230,0.798
11.965653953,-0.1441,0.7945,-0.0169,0.808
11.966429068,-0.1576,0.8123,-0.0034,0.827
11.966873684,-0.1703,0.8209,0.0059,0.838
11.967308261,-0.1769,0.8409,0.0095,0.859
11.969138953,-0.1881,0.8612,0.0139,0.882
11.971180299,-0.1937,0.8705,0.0166,0.892
11.972982337,-0.2055,0.8915,0.0183,0.915
11.975021761,-0.2135,0.9127,0.0195,0.938
11.987388722,-0.2169,0.9227,0.0186,0.948
11.988974414,-0.2213,0.9433,0.0159,0.969
11.990091684,-0.2231,0.9538,0.0095,0.980
11.991227299,-0.2221,0.9740,0.0054,0.999
11.992201068,-0.2189,0.9941,-0.0029,1.018
11.993495145,-0.2152,1.0048,-0.0081,1.028
11.994669414,-0.2052,1.0254,-0.0166,1.046
11.995804953,-0.1903,1.0444,-0.0261,1.062
11.996876337,-0.1823,1.0534,-0.0298,1.070
11.997994107,-0.1637,1.0686,-0.0349,1.082
11.999103568,-0.1551,1.0764,-0.0381,1.088
12.000027568,-0.1351,1.0920,-0.0428,1.101
12.001079876,-0.1146,1.1052,-0.0430,1.112
12.004022876,-0.1041,1.1118,-0.0432,1.118
12.005624414,-0.0843,1.1226,-0.0435,1.127
12.006758299,-0.0679,1.1321,-0.0406,1.135
12.008539837,-0.0606,1.1355,-0.0386,1.138
12.012121568,-0.0437,1.1419,-0.0342,1.143
12.013941184,-0.0305,1.1436,-0.0281,1.144
12.015187568,-0.0252,1.1441,-0.0244,1.145
12.016603607,-0.0164,1.1443,-0.0173,1.145
12.018607222,-0.0127,1.1446,-0.0139,1.145
12.020378376,-0.0049,1.1448,-0.0088,1.145
12.022287607,0.0005,1.1392,-0.0012,1.139
12.024248299,0.0029,1.1360,0.0022,1.136
12.026238953,0.0068,1.1299,0.0076,1.130
12.03003853,0.0105,1.1277,0.0125,1.128
12.030820991,0.0115,1.1189,0.0144,1.119
12.032355184,0.0139,1.1109,0.0159,1.111
12.034186337,0.0154,1.1065,0.0173,1.107
12.036006068,0.0164,1.0969,0.0193,1.097
12.038138953,0.0205,1.0867,0.0213,1.087
12.040211991,0.0203,1.0815,0.0225,1.082
12.042534184,0.0217,1.0718,0.0213,1.072
12.04404053,0.0242,1.0657,0.0220,1.066
12.046366953,0.0257,1.0549,0.0208,1.055
12.048003145,0.0288,1.0444,0.0230,1.045
12.049935914,0.0308,1.0385,0.0225,1.039
12.051848991,0.0340,1.0280,0.0205,1.029
12.054335145,0.0347,1.0173,0.0217,1.018
12.055962568,0.0364,1.0134,0.0222,1.014
12.057760914,0.0374,1.0058,0.0230,1.007
12.059867337,0.0410,1.0012,0.0239,1.002
12.069709837,0.0410,0.9933,0.0254,0.995
12.071080491,0.0403,0.9875,0.0259,0.989
12.071942184,0.0398,0.9850,0.0257,0.986
12.072785145,0.0379,0.9802,0.0261,0.981
12.073916145,0.0374,0.9767,0.0279,0.978
12.074904953,0.0369,0.9748,0.0291,0.976
12.075819145,0.0340,0.9723,0.0293,0.973
12.076642876,0.0298,0.9697,0.0296,0.971
12.077901914,0.0274,0.9694,0.0308,0.970
12.092725184,0.0242,0.9692,0.0332,0.970
12.094345145,0.0235,0.9687,0.0340,0.970
12.095553645,0.0176,0.9684,0.0364,0.969
12.09647776,0.0164,0.9677,0.0406,0.969
12.097728991,0.0156,0.9667,0.0410,0.968
12.098766953,0.0151,0.9679,0.0454,0.969
12.09984653,0.0139,0.9684,0.0479,0.970
12.100718645,0.0122,0.9679,0.0474,0.969
12.101813607,0.0115,0.9657,0.0489,0.967
12.102490914,0.0120,0.9648,0.0501,0.966
12.103398184,0.0129,0.9650,0.0520,0.966
12.104055722,0.0151,0.9635,0.0511,0.965
12.104734299,0.0164,0.9626,0.0508,0.964
12.105607453,0.0173,0.9613,0.0498,0.963
12.107098222,0.0213,0.9589,0.0476,0.960
12.108998953,0.0239,0.9569,0.0476,0.958
12.112283607,0.0288,0.9545,0.0474,0.956
12.113799068,0.0308,0.9530,0.0469,0.955
12.114962222,0.0352,0.9499,0.0462,0.952
12.116977684,0.0384,0.9484,0.0462,0.950
12.118942107,0.0406,0.9482,0.0454,0.950
12.120742568,0.0454,0.9440,0.0472,0.946
12.122733607,0.0476,0.9403,0.0467,0.943
12.124749991,0.0501,0.9389,0.0467,0.941
12.126830645,0.0555,0.9357,0.0467,0.938
12.129578876,0.0559,0.9335,0.0474,0.936
12.131002491,0.0586,0.9301,0.0493,0.933
12.133907068,0.0611,0.9271,0.0498,0.930
12.13494003,0.0621,0.9240,0.0513,0.927
12.136667799,0.0638,0.9201,0.0562,0.924
12.13876726,0.0655,0.9142,0.0601,0.919
12.14078526,0.0655,0.9125,0.0611,0.917
12.142828607,0.0650,0.9091,0.0655,0.914
12.14572803,0.0655,0.9066,0.0677,0.911
12.14715676,0.0657,0.8995,0.0740,0.905
12.148514953,0.0623,0.8966,0.0828,0.903
12.150542145,0.0608,0.8942,0.0865,0.900
12.152432107,0.0579,0.8900,0.0941,0.897
12.154421299,0.0559,0.8871,0.1024,0.895
12.15669476,0.0547,0.8846,0.1065,0.893
12.158700799,0.0525,0.8802,0.1163,0.889
12.160585953,0.0503,0.8790,0.1190,0.888
12.172140876,0.0454,0.8773,0.1241,0.887
12.174240953,0.0413,0.8751,0.1285,0.885
12.176685453,0.0403,0.8732,0.1329,0.884
12.179574683,0.0354,0.8710,0.1393,0.883
12.18015876,0.0293,0.8697,0.1446,0.882
12.180521914,0.0254,0.8685,0.1466,0.881
12.180857799,0.0191,0.8695,0.1500,0.883
12.181189914,0.0151,0.8685,0.1520,0.882
12.18158826,0.0090,0.8675,0.1561,0.882
12.181927453,0.0039,0.8690,0.1590,0.883
12.18227976,0.0000,0.8697,0.1588,0.884
12.18405226,-0.0064,0.8685,0.1588,0.883
12.186348914,-0.0134,0.8697,0.1610,0.885
12.187962376,-0.0173,0.8697,0.1608,0.885
12.189901876,-0.0225,0.8741,0.1595,0.889
12.191671953,-0.0259,0.8771,0.1593,0.892
12.193759068,-0.0291,0.8785,0.1590,0.893
12.206589837,-0.0318,0.8819,0.1571,0.896
12.20816826,-0.0318,0.8829,0.1571,0.897
12.209041299,-0.0337,0.8866,0.1551,0.901
12.210637645,-0.0342,0.8907,0.1517,0.904
12.211738953,-0.0340,0.8925,0.1512,0.906
12.213135799,-0.0344,0.8964,0.1485,0.909
12.215107953,-0.0342,0.8988,0.1473,0.911
12.216153491,-0.0335,0.9020,0.1488,0.915
12.217269107,-0.0327,0.9054,0.1485,0.918
12.218204607,-0.0330,0.9054,0.1473,0.918
12.21893503,-0.0296,0.9076,0.1476,0.920
12.219831953,-0.0274,0.9098,0.1488,0.922
12.22065903,-0.0261,0.9127,0.1498,0.925
12.22190503,-0.0232,0.9139,0.1498,0.926
12.22442403,-0.0220,0.9144,0.1502,0.927
12.226126645,-0.0215,0.9154,0.1502,0.928
12.227388337,-0.0198,0.9179,0.1483,0.930
12.232549799,-0.0205,0.9176,0.1483,0.930
12.233413453,-0.0200,0.9164,0.1515,0.929
12.233839376,-0.0217,0.9157,0.1524,0.929
12.23517753,-0.0225,0.9154,0.1505,0.928
12.237097376,-0.0259,0.9142,0.1493,0.927
12.23939276,-0.0276,0.9142,0.1498,0.927
12.240884606,-0.0293,0.9142,0.1510,0.927
12.243476491,-0.0322,0.9139,0.1502,0.927
12.249904837,-0.0352,0.9132,0.1505,0.926
12.250698606,-0.0406,0.9122,0.1520,0.926
12.25111503,-0.0454,0.9113,0.1517,0.925
12.251542606,-0.0474,0.9103,0.1522,0.924
12.253166991,-0.0520,0.9108,0.1524,0.925
12.255135299,-0.0547,0.9100,0.1527,0.924
12.257052683,-0.0577,0.9100,0.1505,0.924
12.258862876,-0.0606,0.9118,0.1512,0.926
12.260774953,-0.0621,0.9122,0.1520,0.927
12.273551991,-0.0650,0.9125,0.1510,0.927
12.274433299,-0.0643,0.9152,0.1493,0.929
12.274867645,-0.0633,0.9159,0.1483,0.930
12.275298299,-0.0616,0.9164,0.1466,0.930
12.275715953,-0.0603,0.9164,0.1471,0.930
12.276138914,-0.0603,0.9174,0.1446,0.931
12.276533337,-0.0572,0.9181,0.1434,0.931
12.276951568,-0.0550,0.9179,0.1424,0.930
12.282033914,-0.0523,0.9188,0.1412,0.931
12.282914683,-0.0508,0.9166,0.1419,0.929
12.283339491,-0.0496,0.9169,0.1415,0.929
12.284701453,-0.0469,0.9174,0.1397,0.929
12.286980683,-0.0445,0.9166,0.1405,0.928
12.288681953,-0.0401,0.9154,0.1439,0.928
12.290739106,-0.0362,0.9135,0.1480,0.926
12.292588337,-0.0342,0.9130,0.1502,0.926
12.294381799,-0.0305,0.9115,0.1544,0.925
12.29673353,-0.0269,0.9091,0.1576,0.923
12.298878722,-0.0264,0.9078,0.1608,0.922
12.300411683,-0.0252,0.9078,0.1695,0.924
12.302557414,-0.0247,0.9074,0.1722,0.924
12.304334491,-0.0205,0.9061,0.1801,0.924
12.306465183,-0.0200,0.9052,0.1881,0.925
12.308122414,-0.0217,0.9054,0.1920,0.926
12.310094606,-0.0213,0.9059,0.2006,0.928
12.314735337,-0.0217,0.9076,0.2069,0.931
12.316134337,-0.0200,0.9083,0.2101,0.933
12.317105145,-0.0186,0.9093,0.2160,0.935
12.31826053,-0.0186,0.9110,0.2189,0.937
12.320723953,-0.0144,0.9125,0.2243,0.940
12.322774068,-0.0112,0.9166,0.2279,0.945
12.323963145,-0.0100,0.9186,0.2279,0.947
12.326106991,-0.0086,0.9237,0.2277,0.951
12.331616953,-0.0064,0.9286,0.2284,0.956
12.332992914,-0.0049,0.9315,0.2282,0.959
12.334799183,-0.0007,0.9408,0.2267,0.968
12.33603176,0.0046,0.9440,0.2233,0.970
12.337115683,0.0064,0.9511,0.2211,0.976
12.338384876,0.0120,0.9601,0.2167,0.984
12.339932414,0.0156,0.9638,0.2135,0.987
12.34173953,0.0208,0.9745,0.2089,0.997
12.343953914,0.0274,0.9846,0.2038,1.006
12.347055222,0.0305,0.9902,0.2023,1.011
12.348592914,0.0349,1.0002,0.1964,1.020
12.34990326,0.0379,1.0109,0.1928,1.030
12.352098991,0.0393,1.0161,0.1903,1.034
12.354256068,0.0420,1.0278,0.1852,1.045
12.355538799,0.0447,1.0332,0.1842,1.050
12.357320491,0.0454,1.0434,0.1808,1.060
12.362676145,0.0464,1.0544,0.1771,1.070
12.363875606,0.0464,1.0588,0.1766,1.074
12.365013145,0.0459,1.0679,0.1737,1.083
12.366251453,0.0447,1.0718,0.1717,1.086
12.367418953,0.0450,1.0815,0.1673,1.095
12.376232606,0.0447,1.0894,0.1600,1.102
12.377051029,0.0420,1.0920,0.1581,1.104
12.377580645,0.0413,1.0972,0.1505,1.108
12.378000722,0.0406,1.1018,0.1427,1.112
12.378438299,0.0381,1.1050,0.1388,1.114
12.400344106,0.0354,1.1104,0.1312,1.119
12.402013183,0.0344,1.1133,0.1266,1.121
12.403140106,0.0298,1.1165,0.1195,1.123
12.404019453,0.0254,1.1219,0.1112,1.128
12.405225183,0.0235,1.1250,0.1073,1.130
12.406269953,0.0173,1.1289,0.0985,1.133
12.407406722,0.0127,1.1341,0.0904,1.138
12.408395337,0.0095,1.1370,0.0867,1.140
12.409331145,0.0037,1.1402,0.0782,1.143
12.410202337,0.0007,1.1412,0.0743,1.144
12.41122576,-0.0071,1.1458,0.0662,1.148
12.412156529,-0.0166,1.1487,0.0586,1.150
12.413233683,-0.0208,1.1490,0.0542,1.150
12.414631568,-0.0308,1.1509,0.0454,1.152
12.415527837,-0.0418,1.1517,0.0391,1.153
12.416288529,-0.0469,1.1517,0.0357,1.153
12.417124568,-0.0584,1.1524,0.0298,1.154
12.418018029,-0.0652,1.1524,0.0259,1.155
12.418936068,-0.0777,1.1553,0.0203,1.158
12.419698337,-0.0889,1.1565,0.0147,1.160
12.420582914,-0.0943,1.1568,0.0115,1.161
12.42131176,-0.1036,1.1602,0.0068,1.165
12.423907606,-0.1099,1.1646,0.0061,1.170
12.425297029,-0.1119,1.1675,0.0064,1.173
12.43324326,-0.1119,1.1707,0.0071,1.176
12.434790145,-0.1112,1.1734,0.0083,1.179
12.435784145,-0.1063,1.1805,0.0134,1.185
12.436829837,-0.1016,1.1893,0.0176,1.194
12.438003222,-0.0980,1.1922,0.0200,1.196
12.438756529,-0.0897,1.2005,0.0300,1.204
12.439533299,-0.0823,1.2079,0.0381,1.211
12.440514606,-0.0782,1.2115,0.0450,1.215
12.442374683,-0.0708,1.2210,0.0567,1.224
12.444114529,-0.0657,1.2250,0.0621,1.228
12.450503606,-0.0562,1.2318,0.0726,1.235
12.451349645,-0.0479,1.2394,0.0855,1.243
12.451787106,-0.0428,1.2423,0.0938,1.247
12.452228376,-0.0327,1.2472,0.1087,1.252
12.454128876,-0.0264,1.2506,0.1219,1.257
12.455909491,-0.0225,1.2513,0.1285,1.258
12.457913145,-0.0164,1.2486,0.1427,1.257
12.459993991,-0.0139,1.2460,0.1485,1.255
12.471425837,-0.0081,1.2401,0.1603,1.250
12.472983376,-0.0032,1.2325,0.1730,1.245
12.474248222,0.0002,1.2281,0.1786,1.241
12.475061683,0.0095,1.2166,0.1906,1.232
12.476156145,0.0181,1.2057,0.2025,1.223
12.47713926,0.0210,1.1978,0.2091,1.216
12.478502991,0.0279,1.1839,0.2213,1.205
12.479737606,0.0315,1.1773,0.2289,1.200
12.480896376,0.0376,1.1646,0.2424,1.190
12.482071529,0.0406,1.1541,0.2543,1.182
12.482882683,0.0406,1.1490,0.2599,1.179
12.483822952,0.0391,1.1412,0.2704,1.173
12.486432491,0.0388,1.1394,0.2792,1.174
12.487882183,0.0376,1.1402,0.2836,1.176
12.492443145,0.0327,1.1421,0.2878,1.178
12.493660876,0.0293,1.1448,0.2897,1.181
12.494531952,0.0217,1.1529,0.2905,1.189
12.495615683,0.0154,1.1634,0.2861,1.198
12.498727376,0.0122,1.1693,0.2819,1.203
12.50021676,0.0037,1.1834,0.2702,1.214
12.502682645,-0.0046,1.1995,0.2531,1.226
12.503885337,-0.0081,1.2071,0.2443,1.232
12.505575068,-0.0129,1.2242,0.2221,1.244
12.507381799,-0.0137,1.2325,0.2108,1.251
12.509274645,-0.0181,1.2479,0.1903,1.262
12.511392029,-0.0232,1.2636,0.1678,1.275
12.514405683,-0.0247,1.2701,0.1573,1.280
12.515863837,-0.0252,1.2816,0.1341,1.289
12.516959337,-0.0279,1.2894,0.1116,1.295
12.519112491,-0.0298,1.2921,0.1021,1.297
12.521052491,-0.0291,1.2934,0.0787,1.296
12.522815914,-0.0276,1.2924,0.0674,1.294
12.524930914,-0.0279,1.2877,0.0469,1.289
12.527165222,-0.0225,1.2785,0.0266,1.279
12.530813452,-0.0205,1.2723,0.0161,1.273
12.53200576,-0.0156,1.2579,-0.0078,1.258
12.534658529,-0.0110,1.2423,-0.0315,1.243
12.535915145,-0.0088,1.2337,-0.0430,1.235
12.537020299,-0.0064,1.2113,-0.0662,1.213
12.538742106,-0.0061,1.1995,-0.0799,1.202
12.540704991,-0.0081,1.1744,-0.1043,1.179
12.542861799,-0.0127,1.1480,-0.1307,1.155
12.545252876,-0.0164,1.1338,-0.1437,1.143
12.55610226,-0.0247,1.1045,-0.1713,1.118
12.557870876,-0.0349,1.0706,-0.2008,1.090
12.558833799,-0.0393,1.0552,-0.2140,1.077
12.559980799,-0.0472,1.0241,-0.2397,1.053
12.561725991,-0.0547,1.0092,-0.2526,1.042
12.562431106,-0.0589,0.9789,-0.2756,1.019
12.562873606,-0.0689,0.9489,-0.2951,0.996
12.563304568,-0.0735,0.9347,-0.3025,0.985
12.583598799,-0.0828,0.9064,-0.3166,0.964
12.584273491,-0.0884,0.8778,-0.3247,0.940
12.584517183,-0.0909,0.8656,-0.3261,0.929
12.584758722,-0.0950,0.8419,-0.3244,0.907
12.584996529,-0.0967,0.8309,-0.3222,0.896
12.585238606,-0.0958,0.8099,-0.3120,0.873
12.585524914,-0.0938,0.7894,-0.2949,0.848
12.585756529,-0.0911,0.7801,-0.2853,0.836
12.585998799,-0.0845,0.7615,-0.2624,0.810
12.586244837,-0.0772,0.7442,-0.2353,0.784
12.586478183,-0.0723,0.7359,-0.2201,0.771
12.586706683,-0.0633,0.7229,-0.1888,0.750
12.586936145,-0.0535,0.7161,-0.1529,0.734
12.587721414,-0.0476,0.7019,-0.1351,0.716
12.589836722,-0.0359,0.6885,-0.0999,0.697
12.591798991,-0.0286,0.6828,-0.0811,0.688
12.597402375,-0.0147,0.6704,-0.0445,0.672
12.598231645,0.0010,0.6586,-0.0078,0.659
12.59856276,0.0076,0.6535,0.0105,0.654
12.599812799,0.0183,0.6442,0.0457,0.646
12.601653952,0.0318,0.6396,0.0816,0.646
12.603513222,0.0374,0.6293,0.0975,0.638
12.610052837,0.0462,0.6205,0.1275,0.635
12.610519568,0.0511,0.6171,0.1429,0.636
12.610769837,0.0630,0.6127,0.1693,0.639
12.611593837,0.0755,0.6110,0.1942,0.646
12.614123145,0.0799,0.6105,0.2047,0.649
12.615610722,0.0901,0.6103,0.2245,0.656
12.617542183,0.0953,0.6113,0.2331,0.661
12.619610529,0.1007,0.6157,0.2458,0.670
12.621508183,0.1053,0.6230,0.2553,0.681
12.623433606,0.1068,0.6269,0.2585,0.686
12.630214529,0.1099,0.6364,0.2577,0.695
12.63086076,0.1119,0.6486,0.2529,0.705
12.631152529,0.1116,0.6560,0.2492,0.711
12.631391529,0.1085,0.6711,0.2411,0.721
12.634052914,0.1043,0.6787,0.2257,0.723
12.635535837,0.1021,0.6970,0.2150,0.737
12.637314106,0.0963,0.7170,0.1920,0.749
12.639279875,0.0921,0.7290,0.1788,0.756
12.640966491,0.0850,0.7498,0.1534,0.770
12.643299645,0.0777,0.7740,0.1263,0.788
12.64633926,0.0723,0.7872,0.1114,0.798
12.647318222,0.0633,0.8128,0.0818,0.819
12.649025145,0.0491,0.8399,0.0518,0.843
12.651292683,0.0430,0.8539,0.0381,0.856
12.65308076,0.0310,0.8849,0.0078,0.885
12.655123491,0.0154,0.8990,-0.0066,0.899
12.656927375,0.0068,0.9286,-0.0332,0.929
12.659298529,-0.0098,0.9567,-0.0621,0.959
12.661142606,-0.0188,0.9709,-0.0765,0.974
12.665670375,-0.0340,0.9992,-0.1031,1.005
12.666235606,-0.0474,1.0283,-0.1290,1.037
12.666949222,-0.0535,1.0407,-0.1419,1.052
12.668990183,-0.0662,1.0666,-0.1615,1.081
12.670986683,-0.0735,1.0791,-0.1715,1.095
12.672898722,-0.0858,1.1045,-0.1908,1.124
12.674811952,-0.0985,1.1258,-0.2072,1.149
12.676732068,-0.1043,1.1365,-0.2133,1.161
12.689237683,-0.1160,1.1561,-0.2228,1.183
12.689807683,-0.1268,1.1724,-0.2304,1.202
12.690070183,-0.1309,1.1783,-0.2338,1.208
12.690299491,-0.1390,1.1905,-0.2336,1.221
12.690527952,-0.1432,1.1961,-0.2328,1.227
12.690783106,-0.1510,1.2039,-0.2296,1.235
12.691023452,-0.1578,1.2083,-0.2250,1.239
12.692921068,-0.1608,1.2118,-0.2209,1.242
12.694505222,-0.1664,1.2171,-0.2145,1.247
12.696780145,-0.1742,1.2215,-0.2055,1.251
12.698376375,-0.1757,1.2220,-0.2001,1.251
12.700370722,-0.1808,1.2240,-0.1901,1.252
12.702610837,-0.1847,1.2245,-0.1849,1.252
12.704315722,-0.1884,1.2230,-0.1730,1.249
12.706399529,-0.1915,1.2206,-0.1627,1.246
12.708152875,-0.1937,1.2184,-0.1583,1.244
12.710428337,-0.1976,1.2122,-0.1488,1.237
12.713109106,-0.2035,1.2022,-0.1412,1.227
12.714258337,-0.2052,1.1976,-0.1358,1.223
12.71629626,-0.2084,1.1893,-0.1258,1.214
12.71830826,-0.2096,1.1822,-0.1212,1.207
12.720055145,-0.2108,1.1658,-0.1112,1.190
12.72215426,-0.2108,1.1499,-0.0975,1.173
12.723954529,-0.2113,1.1424,-0.0884,1.165
12.726232798,-0.2084,1.1282,-0.0733,1.150
12.728021029,-0.2077,1.1209,-0.0530,1.141
12.730591452,-0.2057,1.1062,-0.0430,1.126
12.732094722,-0.2003,1.0903,-0.0173,1.109
12.733886683,-0.1984,1.0835,-0.0044,1.102
12.735924222,-0.1913,1.0679,0.0247,1.085
12.737944106,-0.1832,1.0547,0.0559,1.072
12.739952683,-0.1786,1.0488,0.0716,1.066
12.741891798,-0.1676,1.0376,0.1046,1.056
12.743694991,-0.1549,1.0244,0.1366,1.045
12.746989683,-0.1490,1.0183,0.1534,1.040
12.74824976,-0.1361,1.0085,0.1854,1.034
12.751125952,-0.1290,1.0034,0.2028,1.032
12.752781414,-0.1180,0.9936,0.2333,1.027
12.753821568,-0.1048,0.9865,0.2636,1.026
12.75565326,-0.0992,0.9819,0.2768,1.025
12.75775526,-0.0889,0.9743,0.3022,1.024
12.759635914,-0.0757,0.9670,0.3232,1.022
12.761669222,-0.0704,0.9640,0.3340,1.023
12.77220126,-0.0581,0.9589,0.3555,1.024
12.773698106,-0.0515,0.9569,0.3652,1.026
12.774715183,-0.0396,0.9518,0.3804,1.026
12.775634106,-0.0261,0.9474,0.3931,1.026
12.776526914,-0.0203,0.9455,0.3980,1.026
12.777614914,-0.0095,0.9396,0.4036,1.023
12.778750606,0.0020,0.9364,0.4029,1.019
12.779982568,0.0083,0.9296,0.4016,1.013
12.781596068,0.0188,0.9245,0.3975,1.006
12.78310526,0.0230,0.9227,0.3948,1.004
12.784433645,0.0291,0.9183,0.3860,0.997
12.785707221,0.0318,0.9149,0.3687,0.987
12.793653683,0.0332,0.9130,0.3604,0.982
12.79413126,0.0327,0.9110,0.3413,0.973
12.79437726,0.0318,0.9096,0.3308,0.968
12.794625606,0.0283,0.9074,0.3110,0.960
12.794857337,0.0249,0.9054,0.2863,0.950
12.804307875,0.0225,0.9049,0.2731,0.946
12.805009952,0.0178,0.9061,0.2499,0.940
12.805278683,0.0156,0.9061,0.2274,0.934
12.805559414,0.0134,0.9069,0.2147,0.932
12.805793529,0.0090,0.9066,0.1932,0.927
12.806551721,0.0046,0.9071,0.1715,0.923
12.808561837,0.0029,0.9081,0.1598,0.922
12.810656183,-0.0024,0.9115,0.1410,0.922
12.813092798,-0.0042,0.9120,0.1314,0.921
12.814418568,-0.0056,0.9120,0.1107,0.919
12.816400837,-0.0059,0.9147,0.0914,0.919
12.818714875,-0.0061,0.9157,0.0823,0.919
12.820364914,-0.0064,0.9179,0.0655,0.920
12.82232826,-0.0044,0.9193,0.0567,0.921
12.824252568,-0.0042,0.9191,0.0423,0.920
12.826699914,-0.0054,0.9237,0.0291,0.924
12.828765875,-0.0046,0.9252,0.0220,0.925
12.831168452,-0.0042,0.9271,0.0103,0.927
12.832314991,0.0017,0.9315,0.0002,0.932
12.834424683,0.0039,0.9335,-0.0037,0.934
12.836398991,0.0071,0.9350,-0.0098,0.935
12.838388721,0.0112,0.9347,-0.0120,0.935
12.840454529,0.0181,0.9386,-0.0147,0.939
12.842350375,0.0252,0.9396,-0.0137,0.940
12.844721029,0.0310,0.9413,-0.0125,0.942
12.847836068,0.0420,0.9411,-0.0098,0.942
12.848470721,0.0535,0.9411,-0.0010,0.943
12.851811721,0.0584,0.9416,0.0042,0.943
12.852104375,0.0682,0.9418,0.0125,0.944
12.853766106,0.0723,0.9420,0.0181,0.945
12.859660491,0.0826,0.9411,0.0315,0.945
12.859902068,0.0926,0.9423,0.0462,0.948
12.860121375,0.0960,0.9420,0.0547,0.949
12.862157875,0.1048,0.9394,0.0723,0.948
12.866361952,0.1112,0.9389,0.0884,0.950
12.866910298,0.1138,0.9384,0.0955,0.950
12.867743068,0.1168,0.9376,0.1104,0.951
12.869738491,0.1178,0.9374,0.1182,0.952
12.871708029,0.1187,0.9364,0.1322,0.953
12.873848721,0.1202,0.9323,0.1451,0.951
12.875625414,0.1209,0.9308,0.1515,0.951
12.877450491,0.1192,0.9286,0.1608,0.950
12.889327991,0.1195,0.9271,0.1698,0.950
12.890686221,0.1202,0.9264,0.1730,0.950
12.891461952,0.1217,0.9245,0.1808,0.950
12.892204683,0.1202,0.9205,0.1876,0.947
12.892904106,0.1209,0.9188,0.1906,0.946
12.893770798,0.1207,0.9174,0.1930,0.945
12.894509298,0.1204,0.9159,0.1923,0.944
12.895524337,0.1187,0.9113,0.1940,0.939
12.896358298,0.1202,0.9059,0.1967,0.935
12.899310837,0.1197,0.9034,0.1969,0.932
12.900499221,0.1204,0.8988,0.1954,0.928
12.905170837,0.1200,0.8966,0.1942,0.925
12.906134491,0.1204,0.8907,0.1937,0.919
12.906786606,0.1200,0.8876,0.1925,0.916
12.907933991,0.1180,0.8861,0.1918,0.914
12.909213644,0.1175,0.8846,0.1910,0.913
12.911293991,0.1146,0.8829,0.1913,0.911
12.913960144,0.1131,0.8829,0.1915,0.911
12.915810798,0.1109,0.8824,0.1881,0.909
12.916961144,0.1092,0.8812,0.1869,0.907
12.922095106,0.1031,0.8810,0.1835,0.906
12.923065606,0.0982,0.8822,0.1803,0.906
12.923760529,0.0955,0.8827,0.1774,0.905
12.924822914,0.0901,0.8829,0.1710,0.904
12.926835144,0.0875,0.8849,0.1669,0.905
12.929173221,0.0850,0.8868,0.1637,0.906
12.931965683,0.0814,0.8885,0.1568,0.906
12.933441721,0.0792,0.8900,0.1522,0.906
12.934909875,0.0784,0.8937,0.1444,0.909
12.936740644,0.0762,0.8983,0.1349,0.912
12.938831952,0.0748,0.9012,0.1319,0.914
12.940595952,0.0726,0.9042,0.1234,0.915
12.942807144,0.0704,0.9069,0.1143,0.917
12.944610529,0.0691,0.9083,0.1112,0.918
12.947714837,0.0674,0.9110,0.1036,0.919
12.948922491,0.0694,0.9127,0.0977,0.921
12.951580029,0.0689,0.9164,0.0936,0.924
12.952673644,0.0679,0.9176,0.0877,0.924
12.954529298,0.0677,0.9191,0.0850,0.925
12.95641826,0.0667,0.9218,0.0794,0.928
12.95878576,0.0689,0.9242,0.0784,0.930
12.960548875,0.0691,0.9242,0.0782,0.930
12.962756837,0.0706,0.9252,0.0757,0.931
12.971396914,0.0716,0.9254,0.0755,0.931
12.972811568,0.0716,0.9247,0.0762,0.931
12.973868029,0.0718,0.9245,0.0779,0.931
12.974977721,0.0730,0.9247,0.0789,0.931
12.975964837,0.0748,0.9223,0.0804,0.929
12.976917298,0.0740,0.9210,0.0855,0.928
12.977771568,0.0735,0.9198,0.0870,0.927
12.978656337,0.0765,0.9169,0.0936,0.925
12.993577952,0.0762,0.9142,0.1007,0.923
12.995003567,0.0770,0.9142,0.1041,0.923
12.996164144,0.0752,0.9132,0.1134,0.923
12.997303721,0.0757,0.9132,0.1165,0.924
12.998617452,0.0770,0.9130,0.1236,0.925
12.999644567,0.0743,0.9125,0.1331,0.925
13.000701298,0.0726,0.9139,0.1388,0.927
13.001472914,0.0721,0.9159,0.1483,0.931
13.002905567,0.0696,0.9174,0.1590,0.934
13.003883067,0.0677,0.9196,0.1627,0.936
13.004617029,0.0667,0.9245,0.1700,0.942
13.00528326,0.0657,0.9264,0.1744,0.945
13.006373837,0.0645,0.9315,0.1801,0.951
13.007021567,0.0591,0.9396,0.1849,0.959
13.007905067,0.0584,0.9433,0.1864,0.963
13.011241567,0.0569,0.9504,0.1893,0.971
13.012802491,0.0574,0.9535,0.1881,0.974
13.014140452,0.0586,0.9633,0.1849,0.983
13.015756529,0.0591,0.9743,0.1803,0.993
13.017630414,0.0608,0.9797,0.1781,0.998
13.019511875,0.0618,0.9929,0.1720,1.010
13.021460914,0.0645,1.0043,0.1649,1.020
13.023533414,0.0662,1.0119,0.1595,1.027
13.025455067,0.0696,1.0239,0.1529,1.038
13.027606221,0.0721,1.0305,0.1495,1.044
13.031146183,0.0765,1.0415,0.1417,1.054
13.032543106,0.0818,1.0512,0.1329,1.063
13.034200067,0.0843,1.0576,0.1280,1.069
13.035523106,0.0909,1.0701,0.1185,1.080
13.037535567,0.0975,1.0806,0.1116,1.091
13.039395183,0.1004,1.0869,0.1070,1.097
13.041535721,0.1063,1.0964,0.0970,1.106
13.043330567,0.1153,1.1013,0.0860,1.111
13.045830029,0.1175,1.1104,0.0823,1.120
13.048913414,0.1224,1.1187,0.0740,1.128
13.050698952,0.1236,1.1228,0.0694,1.132
13.052078952,0.1278,1.1289,0.0628,1.138
13.05360326,0.1292,1.1333,0.0557,1.142
13.055190029,0.1307,1.1348,0.0520,1.143
13.057115298,0.1356,1.1372,0.0450,1.146
13.05893476,0.1344,1.1394,0.0398,1.148
13.060931875,0.1351,1.1404,0.0371,1.149
13.072343337,0.1368,1.1397,0.0310,1.148
13.072951067,0.1353,1.1399,0.0279,1.148
13.073191029,0.1324,1.1390,0.0215,1.147
13.073466452,0.1302,1.1343,0.0151,1.142
13.073706567,0.1285,1.1326,0.0103,1.140
13.07394226,0.1222,1.1292,0.0002,1.136
13.074646298,0.1151,1.1270,-0.0093,1.133
13.076570491,0.1104,1.1214,-0.0129,1.127
13.106788414,0.1024,1.1170,-0.0220,1.122
13.107367914,0.0980,1.1160,-0.0276,1.121
13.107632952,0.0865,1.1128,-0.0369,1.117
13.10787126,0.0723,1.1099,-0.0440,1.113
13.10811099,0.0655,1.1079,-0.0476,1.111
13.10835576,0.0518,1.1043,-0.0552,1.107
13.108588606,0.0386,1.1035,-0.0608,1.106
13.108818683,0.0322,1.1030,-0.0630,1.105
13.109067106,0.0181,1.1030,-0.0647,1.105
13.10932249,0.0110,1.1023,-0.0628,1.104
13.109645221,-0.0024,1.1030,-0.0599,1.105
13.110438144,-0.0147,1.1050,-0.0520,1.106
13.11123626,-0.0208,1.1065,-0.0474,1.108
13.112108221,-0.0315,1.1109,-0.0340,1.112
13.113198529,-0.0408,1.1167,-0.0144,1.118
13.114384567,-0.0445,1.1206,-0.0039,1.122
13.117848914,-0.0501,1.1309,0.0213,1.132
13.119328221,-0.0540,1.1353,0.0352,1.137
13.120240221,-0.0628,1.1473,0.0640,1.151
13.121629067,-0.0716,1.1644,0.0936,1.170
13.122804337,-0.0750,1.1724,0.1094,1.180
13.123694298,-0.0806,1.1929,0.1395,1.204
13.124901375,-0.0840,1.2166,0.1656,1.231
13.12607149,-0.0872,1.2296,0.1793,1.246
13.127125914,-0.0923,1.2530,0.2062,1.273
13.128217837,-0.0980,1.2643,0.2194,1.287
13.13330376,-0.1009,1.2887,0.2394,1.315
13.134854298,-0.1077,1.3095,0.2543,1.338
13.135929606,-0.1107,1.3200,0.2609,1.350
13.136900721,-0.1136,1.3342,0.2690,1.366
13.138082221,-0.1126,1.3408,0.2734,1.373
13.140010529,-0.1121,1.3417,0.2744,1.374
13.141992452,-0.1085,1.3378,0.2731,1.370
13.143953798,-0.0989,1.3344,0.2704,1.365
13.145915221,-0.0928,1.3234,0.2692,1.354
13.149165144,-0.0826,1.3063,0.2670,1.336
13.151482567,-0.0774,1.2982,0.2663,1.328
13.152550798,-0.0684,1.2814,0.2692,1.311
13.153684067,-0.0601,1.2623,0.2744,1.293
13.155718683,-0.0557,1.2535,0.2766,1.285
13.157748375,-0.0498,1.2347,0.2800,1.267
13.159558606,-0.0447,1.2245,0.2839,1.258
13.161541567,-0.0450,1.2071,0.2863,1.241
13.171190567,-0.0464,1.1917,0.2873,1.227
13.172552529,-0.0476,1.1846,0.2863,1.220
13.173677914,-0.0493,1.1707,0.2773,1.204
13.174606798,-0.0486,1.1587,0.2617,1.189
13.175562914,-0.0491,1.1551,0.2509,1.183
13.176411414,-0.0474,1.1470,0.2228,1.169
13.17767599,-0.0430,1.1421,0.1913,1.159
13.178142952,-0.0396,1.1392,0.1744,1.153
13.17918326,-0.0352,1.1353,0.1375,1.144
13.195405837,-0.0313,1.1350,0.1185,1.142
13.19596176,-0.0227,1.1355,0.0809,1.139
13.196227567,-0.0132,1.1380,0.0481,1.139
13.19646149,-0.0066,1.1385,0.0325,1.139
13.196713375,0.0071,1.1409,0.0059,1.141
13.19694399,0.0217,1.1431,-0.0051,1.143
13.197315914,0.0279,1.1473,-0.0215,1.148
13.197589644,0.0388,1.1512,-0.0344,1.152
13.201919375,0.0440,1.1529,-0.0369,1.154
13.202190375,0.0535,1.1575,-0.0381,1.159
13.202423298,0.0586,1.1627,-0.0384,1.165
13.20301849,0.0613,1.1639,-0.0371,1.166
13.205068952,0.0679,1.1641,-0.0327,1.167
13.206875952,0.0748,1.1622,-0.0349,1.165
13.20890249,0.0755,1.1595,-0.0374,1.163
13.210828144,0.0784,1.1499,-0.0396,1.153
13.212831606,0.0782,1.1451,-0.0423,1.149
13.21532626,0.0796,1.1324,-0.0491,1.136
13.216624567,0.0814,1.1192,-0.0555,1.123
13.21884076,0.0811,1.1113,-0.0589,1.116
13.220755413,0.0836,1.0933,-0.0691,1.099
13.223339913,0.0836,1.0808,-0.0748,1.087
13.224553913,0.0850,1.0600,-0.0836,1.067
13.226853452,0.0855,1.0407,-0.0904,1.048
13.228417221,0.0843,1.0283,-0.0943,1.036
13.23088749,0.0855,1.0009,-0.0994,1.009
13.232618837,0.0843,0.9760,-0.1046,0.985
13.234759298,0.0840,0.9648,-0.1070,0.974
13.236517683,0.0884,0.9394,-0.1112,0.950
13.238409875,0.0892,0.9259,-0.1124,0.937
13.240318683,0.0894,0.8976,-0.1126,0.909
13.242608029,0.0938,0.8700,-0.1134,0.882
13.244525221,0.0953,0.8563,-0.1126,0.869
13.24641676,0.0982,0.8267,-0.1121,0.840
13.250302452,0.1011,0.8003,-0.1082,0.814
13.25107749,0.1019,0.7872,-0.1063,0.801
13.252210529,0.1021,0.7622,-0.1002,0.776
13.254867452,0.1004,0.7498,-0.0975,0.763
13.256054452,0.1002,0.7249,-0.0889,0.737
13.258274644,0.0982,0.7014,-0.0779,0.713
13.260106529,0.0970,0.6899,-0.0728,0.700
13.262229875,0.0963,0.6711,-0.0618,0.681
13.27210426,0.0926,0.6518,-0.0498,0.660
13.273842106,0.0901,0.6433,-0.0430,0.651
13.274911221,0.0848,0.6276,-0.0303,0.634
13.275917106,0.0784,0.6161,-0.0193,0.621
13.276873721,0.0748,0.6098,-0.0132,0.614
13.279594452,0.0677,0.6007,-0.0005,0.605
13.280817298,0.0625,0.5973,0.0061,0.601
13.281951221,0.0506,0.5929,0.0171,0.595
13.282790683,0.0410,0.5951,0.0335,0.597
13.283545644,0.0354,0.5949,0.0401,0.597
13.284367221,0.0230,0.5998,0.0540,0.603
13.296902952,0.0110,0.6095,0.0674,0.613
13.298432067,0.0046,0.6157,0.0745,0.620
13.299292644,-0.0095,0.6291,0.0872,0.635
13.30020376,-0.0161,0.6369,0.0948,0.644
13.301112106,-0.0296,0.6555,0.1058,0.665
13.302232952,-0.0430,0.6748,0.1170,0.686
13.303384529,-0.0491,0.6860,0.1217,0.698
13.304431567,-0.0643,0.7100,0.1307,0.725
13.30547476,-0.0784,0.7363,0.1388,0.753
13.306411375,-0.0858,0.7490,0.1410,0.767
13.307231144,-0.1007,0.7769,0.1427,0.796
13.308113144,-0.1134,0.7908,0.1451,0.812
13.310588798,-0.1195,0.8179,0.1459,0.839
13.311644644,-0.1290,0.8468,0.1434,0.868
13.314708106,-0.1339,0.8614,0.1422,0.883
13.320701644,-0.1444,0.8910,0.1356,0.913
13.321805183,-0.1542,0.9186,0.1300,0.940
13.322631875,-0.1576,0.9323,0.1256,0.954
13.32362726,-0.1627,0.9606,0.1197,0.982
13.32435476,-0.1654,0.9850,0.1097,1.005
13.325258067,-0.1664,0.9963,0.1036,1.015
13.327352452,-0.1652,1.0188,0.0916,1.036
13.329238336,-0.1630,1.0302,0.0853,1.047
13.333736375,-0.1588,1.0498,0.0755,1.064
13.334915721,-0.1493,1.0659,0.0638,1.078
13.335935875,-0.1451,1.0737,0.0584,1.085
13.337142644,-0.1346,1.0864,0.0484,1.096
13.33917799,-0.1219,1.0977,0.0364,1.105
13.341153221,-0.1156,1.1035,0.0313,1.110
13.343248029,-0.1038,1.1128,0.0242,1.118
13.345149029,-0.0889,1.1155,0.0147,1.119
13.354496452,-0.0828,1.1194,0.0098,1.123
13.355950798,-0.0718,1.1216,-0.0024,1.124
13.356966452,-0.0674,1.1221,-0.0086,1.124
13.358227452,-0.0564,1.1245,-0.0178,1.126
13.359316952,-0.0481,1.1231,-0.0288,1.124
13.360317683,-0.0462,1.1211,-0.0340,1.123
13.361512721,-0.0398,1.1197,-0.0447,1.121
13.362005183,-0.0332,1.1189,-0.0545,1.121
13.362990298,-0.0308,1.1165,-0.0601,1.119
13.378998183,-0.0283,1.1126,-0.0728,1.115
13.380144798,-0.0271,1.1106,-0.0774,1.114
13.38106749,-0.0252,1.1084,-0.0901,1.112
13.382156567,-0.0269,1.1045,-0.0985,1.109
13.383112106,-0.0271,1.1023,-0.1029,1.107
13.383971029,-0.0271,1.0984,-0.1112,1.104
13.38504399,-0.0293,1.0952,-0.1173,1.102
13.386177721,-0.0293,1.0920,-0.1204,1.099
13.387167683,-0.0296,1.0894,-0.1246,1.097
13.387922721,-0.0286,1.0864,-0.1256,1.094
13.388899606,-0.0271,1.0806,-0.1246,1.088
13.389771721,-0.0264,1.0757,-0.1229,1.083
13.39069849,-0.0257,1.0727,-0.1209,1.080
13.392017221,-0.0222,1.0664,-0.1134,1.073
13.392939529,-0.0213,1.0600,-0.1019,1.065
13.394612836,-0.0198,1.0561,-0.0960,1.061
13.396753875,-0.0178,1.0493,-0.0823,1.053
13.400144913,-0.0159,1.0454,-0.0743,1.048
13.401564375,-0.0134,1.0361,-0.0562,1.038
13.405733375,-0.0127,1.0293,-0.0359,1.030
13.406747529,-0.0132,1.0256,-0.0247,1.026
13.407758529,-0.0149,1.0175,-0.0017,1.018
13.408685029,-0.0154,1.0114,0.0203,1.012
13.41035826,-0.0176,1.0085,0.0313,1.009
13.412257413,-0.0203,1.0026,0.0572,1.004
13.41498699,-0.0213,0.9992,0.0691,1.002
13.418235144,-0.0232,0.9958,0.0945,1.001
13.419109606,-0.0237,0.9909,0.1175,0.998
13.420279452,-0.0244,0.9882,0.1295,0.997
13.422176721,-0.0242,0.9833,0.1512,0.995
13.424250375,-0.0213,0.9792,0.1695,0.994
13.426258375,-0.0193,0.9782,0.1791,0.995
13.428204683,-0.0169,0.9753,0.1932,0.994
13.431614606,-0.0159,0.9733,0.1996,0.994
13.433042144,-0.0139,0.9701,0.2096,0.993
13.434791029,-0.0112,0.9677,0.2194,0.992
13.436128452,-0.0100,0.9672,0.2238,0.993
13.437857375,-0.0066,0.9670,0.2284,0.994
13.440003452,-0.0042,0.9640,0.2328,0.992
13.442038259,-0.0015,0.9631,0.2333,0.991
13.444129067,0.0049,0.9618,0.2296,0.989
13.445942683,0.0073,0.9604,0.2296,0.987
13.448956721,0.0107,0.9572,0.2274,0.984
13.450465336,0.0149,0.9533,0.2196,0.978
13.452201298,0.0166,0.9508,0.2157,0.975
13.453739529,0.0205,0.9472,0.2069,0.970
13.455523106,0.0259,0.9433,0.1984,0.964
13.457540759,0.0286,0.9442,0.1947,0.965
13.459701144,0.0327,0.9438,0.1881,0.963
13.461413798,0.0340,0.9425,0.1852,0.961
13.463649913,0.0379,0.9416,0.1776,0.959
13.472720683,0.0430,0.9413,0.1715,0.958
13.474227375,0.0457,0.9408,0.1678,0.957
13.475278913,0.0533,0.9418,0.1595,0.957
13.476202298,0.0591,0.9420,0.1529,0.956
13.477207183,0.0616,0.9430,0.1505,0.957
13.477898183,0.0657,0.9428,0.1441,0.956
13.478183375,0.0687,0.9438,0.1415,0.957
13.479267606,0.0745,0.9435,0.1336,0.956
13.496826183,0.0782,0.9440,0.1270,0.956
13.498296836,0.0804,0.9435,0.1239,0.955
13.49936299,0.0838,0.9430,0.1180,0.954
13.500291106,0.0901,0.9433,0.1114,0.954
13.500964606,0.0914,0.9428,0.1092,0.953
13.50172749,0.0916,0.9430,0.1070,0.953
13.502503683,0.0923,0.9428,0.1053,0.953
13.503338836,0.0933,0.9401,0.1048,0.951
13.504037067,0.0943,0.9386,0.1065,0.949
13.504978759,0.0938,0.9376,0.1068,0.948
13.505892567,0.0928,0.9347,0.1068,0.945
13.506563259,0.0931,0.9342,0.1085,0.945
13.507407952,0.0919,0.9320,0.1112,0.943
13.508037606,0.0880,0.9303,0.1134,0.941
13.508831529,0.0882,0.9289,0.1134,0.940
13.510723375,0.0850,0.9276,0.1141,0.938
13.512620144,0.0836,0.9284,0.1158,0.939
13.515236144,0.0821,0.9281,0.1160,0.939
13.516719259,0.0782,0.9269,0.1170,0.938
13.518518029,0.0760,0.9281,0.1156,0.938
13.531881721,0.0704,0.9308,0.1163,0.941
13.533335952,0.0660,0.9311,0.1173,0.941
13.534604644,0.0633,0.9320,0.1175,0.942
13.535942375,0.0562,0.9345,0.1185,0.944
13.537968567,0.0525,0.9347,0.1195,0.944
13.53923499,0.0496,0.9350,0.1207,0.944
13.540670682,0.0437,0.9359,0.1239,0.945
13.542157721,0.0398,0.9367,0.1251,0.946
13.543493606,0.0391,0.9362,0.1261,0.945
13.544835336,0.0347,0.9345,0.1280,0.944
13.546392529,0.0320,0.9347,0.1295,0.944
13.547914221,0.0283,0.9340,0.1300,0.943
13.54939299,0.0286,0.9335,0.1290,0.943
13.550939798,0.0274,0.9330,0.1287,0.942
13.552381721,0.0235,0.9335,0.1268,0.942
13.554017952,0.0230,0.9325,0.1261,0.941
13.554556952,0.0213,0.9313,0.1239,0.940
13.555025798,0.0171,0.9279,0.1229,0.936
13.557244106,0.0144,0.9262,0.1226,0.934
13.55872099,0.0120,0.9235,0.1219,0.932
13.560157221,0.0093,0.9235,0.1222,0.932
13.562422106,0.0078,0.9223,0.1226,0.930
13.568105875,0.0090,0.9196,0.1234,0.928
13.568871721,0.0064,0.9186,0.1226,0.927
13.569266644,0.0037,0.9149,0.1234,0.923
13.570059529,0.0022,0.9115,0.1263,0.920
13.571834913,0.0007,0.9108,0.1263,0.919
13.573958913,-0.0010,0.9076,0.1283,0.917
13.575747029,-0.0044,0.9059,0.1331,0.916
13.577584913,-0.0066,0.9052,0.1353,0.915
13.579674606,-0.0071,0.9022,0.1400,0.913
13.593119875,-0.0078,0.9012,0.1427,0.913
13.593747682,-0.0103,0.8995,0.1480,0.912
13.594090375,-0.0098,0.8988,0.1554,0.912
13.594511144,-0.0105,0.8983,0.1595,0.912
13.594823875,-0.0127,0.8988,0.1661,0.914
13.595139029,-0.0139,0.8993,0.1757,0.916
13.595440644,-0.0142,0.8990,0.1798,0.917
13.595759836,-0.0154,0.9003,0.1862,0.919
13.600483259,-0.0151,0.9030,0.1962,0.924
13.601005644,-0.0151,0.9042,0.2003,0.926
13.601297952,-0.0181,0.9052,0.2047,0.928
13.607033106,-0.0176,0.9054,0.2081,0.929
13.607422336,-0.0176,0.9066,0.2128,0.931
13.607689682,-0.0191,0.9108,0.2169,0.936
13.609208413,-0.0198,0.9125,0.2174,0.938
13.611042875,-0.0232,0.9147,0.2209,0.941
13.613129106,-0.0264,0.9152,0.2231,0.942
13.615480259,-0.0269,0.9142,0.2235,0.942
13.617194259,-0.0271,0.9142,0.2213,0.941
13.61914499,-0.0283,0.9139,0.2216,0.941
13.620885067,-0.0303,0.9161,0.2221,0.943
13.623123182,-0.0347,0.9144,0.2165,0.940
13.624985952,-0.0357,0.9147,0.2143,0.940
13.626908375,-0.0384,0.9108,0.2116,0.936
13.628893644,-0.0420,0.9066,0.2111,0.932
13.631955567,-0.0435,0.9049,0.2091,0.930
13.633972029,-0.0440,0.9008,0.2033,0.924
13.634754413,-0.0447,0.8983,0.2013,0.922
13.636757875,-0.0459,0.8939,0.1981,0.917
13.638801644,-0.0467,0.8893,0.1974,0.912
13.640800259,-0.0474,0.8859,0.1957,0.908
13.642804605,-0.0513,0.8841,0.1932,0.906
13.644631529,-0.0533,0.8815,0.1918,0.904
13.646786644,-0.0545,0.8761,0.1893,0.898
13.649317644,-0.0577,0.8729,0.1886,0.895
13.650670529,-0.0608,0.8712,0.1881,0.893
13.653587798,-0.0667,0.8690,0.1888,0.892
13.654440413,-0.0679,0.8663,0.1898,0.889
13.656512529,-0.0696,0.8658,0.1903,0.889
13.658534952,-0.0716,0.8673,0.1903,0.891
13.660481567,-0.0721,0.8697,0.1908,0.893
13.662499952,-0.0728,0.8719,0.1935,0.896
13.672406144,-0.0757,0.8758,0.1942,0.900
13.673752644,-0.0762,0.8778,0.1940,0.902
13.674539336,-0.0774,0.8839,0.1957,0.909
13.675349259,-0.0792,0.8920,0.1950,0.916
13.676216221,-0.0777,0.8964,0.1945,0.920
13.677654413,-0.0752,0.9076,0.1925,0.931
13.678570759,-0.0748,0.9186,0.1910,0.941
13.67946399,-0.0735,0.9242,0.1896,0.946
13.680504682,-0.0704,0.9374,0.1849,0.958
13.693565875,-0.0679,0.9440,0.1827,0.964
13.695033529,-0.0643,0.9572,0.1798,0.976
13.696031336,-0.0596,0.9699,0.1813,0.988
13.696838298,-0.0564,0.9770,0.1786,0.995
13.698077067,-0.0513,0.9931,0.1761,1.010
13.699236298,-0.0440,1.0009,0.1747,1.017
13.700309836,-0.0423,1.0166,0.1730,1.032
13.701335721,-0.0364,1.0290,0.1732,1.044
13.70254249,-0.0315,1.0359,0.1747,1.051
13.703354413,-0.0249,1.0469,0.1747,1.062
13.704324067,-0.0186,1.0605,0.1744,1.075
13.705235836,-0.0156,1.0669,0.1739,1.081
13.706409067,-0.0088,1.0764,0.1739,1.090
13.708771682,-0.0029,1.0850,0.1708,1.098
13.71035849,-0.0005,1.0884,0.1691,1.101
13.711986413,0.0044,1.0957,0.1666,1.108
13.713815336,0.0061,1.0994,0.1647,1.112
13.718203682,0.0086,1.1023,0.1617,1.114
13.71969549,0.0112,1.1057,0.1564,1.117
13.720643798,0.0122,1.1065,0.1539,1.117
13.721812913,0.0120,1.1057,0.1476,1.116
13.723816529,0.0120,1.1035,0.1407,1.113
13.725845644,0.0105,1.1023,0.1373,1.111
13.72772899,0.0076,1.0984,0.1287,1.106
13.729640182,0.0020,1.0957,0.1185,1.102
13.732606336,-0.0015,1.0901,0.1121,1.096
13.734154452,-0.0093,1.0862,0.1019,1.091
13.735541452,-0.0134,1.0830,0.0970,1.087
13.737456952,-0.0227,1.0764,0.0872,1.080
13.739558605,-0.0322,1.0703,0.0748,1.073
13.741571721,-0.0374,1.0693,0.0696,1.072
13.743480105,-0.0498,1.0627,0.0596,1.066
13.745527298,-0.0606,1.0559,0.0498,1.059
13.749115913,-0.0655,1.0537,0.0447,1.057
13.750717144,-0.0765,1.0498,0.0349,1.053
13.751851182,-0.0877,1.0483,0.0291,1.052
13.753277144,-0.0919,1.0449,0.0254,1.049
13.755363452,-0.0987,1.0427,0.0213,1.048
13.757492375,-0.1029,1.0429,0.0198,1.048
13.759483798,-0.1104,1.0432,0.0181,1.049
13.76144899,-0.1131,1.0469,0.0215,1.053
13.763440067,-0.1134,1.0466,0.0237,1.053
13.773384721,-0.1116,1.0495,0.0291,1.056
13.774837144,-0.1099,1.0530,0.0322,1.059
13.775768144,-0.1043,1.0593,0.0413,1.065
13.776643144,-0.0945,1.0679,0.0481,1.073
13.777833298,-0.0887,1.0723,0.0523,1.077
13.778896644,-0.0772,1.0830,0.0628,1.088
13.779737721,-0.0674,1.0942,0.0745,1.099
13.780930028,-0.0618,1.1013,0.0801,1.106
13.782027605,-0.0503,1.1187,0.0953,1.124
13.783045336,-0.0440,1.1270,0.1014,1.132
13.796395875,-0.0305,1.1465,0.1160,1.153
13.798148528,-0.0183,1.1661,0.1327,1.174
13.799410952,-0.0122,1.1763,0.1412,1.185
13.800367182,0.0002,1.1973,0.1605,1.208
13.801453067,0.0139,1.2166,0.1813,1.230
13.802667067,0.0213,1.2269,0.1910,1.242
13.803868028,0.0322,1.2472,0.2121,1.265
13.804934528,0.0366,1.2565,0.2223,1.277
13.806103105,0.0472,1.2721,0.2428,1.296
13.807124105,0.0608,1.2860,0.2597,1.313
13.808055336,0.0665,1.2916,0.2668,1.321
13.808937336,0.0774,1.2997,0.2778,1.331
13.809808221,0.0848,1.3031,0.2822,1.336
13.810754721,0.0901,1.3031,0.2836,1.337
13.812366952,0.0972,1.3017,0.2810,1.335
13.816748336,0.1011,1.2985,0.2785,1.332
13.818286528,0.1085,1.2894,0.2680,1.321
13.819097413,0.1148,1.2797,0.2553,1.310
13.820213452,0.1180,1.2748,0.2480,1.304
13.822451567,0.1253,1.2650,0.2323,1.292
13.824123682,0.1336,1.2577,0.2167,1.283
13.826273528,0.1373,1.2540,0.2081,1.279
13.828178759,0.1424,1.2484,0.1923,1.271
13.83034049,0.1444,1.2455,0.1845,1.267
13.832854605,0.1471,1.2430,0.1698,1.263
13.834318298,0.1488,1.2425,0.1534,1.261
13.836059375,0.1483,1.2435,0.1459,1.261
13.838086913,0.1451,1.2460,0.1295,1.261
13.839907644,0.1390,1.2465,0.1141,1.259
13.842143144,0.1349,1.2477,0.1053,1.259
13.844093067,0.1253,1.2540,0.0877,1.263
13.846273913,0.1197,1.2565,0.0806,1.265
13.850572605,0.1051,1.2614,0.0645,1.267
13.852158182,0.0884,1.2658,0.0484,1.270
13.853898336,0.0814,1.2679,0.0410,1.271
13.855149067,0.0682,1.2706,0.0254,1.273
13.856202836,0.0601,1.2714,0.0178,1.273
13.857673798,0.0432,1.2738,0.0066,1.275
13.859764336,0.0257,1.2731,-0.0059,1.273
13.861634298,0.0186,1.2723,-0.0115,1.273
13.863637913,0.0066,1.2706,-0.0198,1.271
13.873538298,-0.0044,1.2675,-0.0276,1.268
13.874863451,-0.0107,1.2650,-0.0315,1.265
13.875979221,-0.0208,1.2570,-0.0379,1.258
13.876980336,-0.0291,1.2538,-0.0430,1.255
13.878206413,-0.0332,1.2465,-0.0491,1.248
13.879282567,-0.0379,1.2350,-0.0542,1.237
13.880098913,-0.0396,1.2274,-0.0572,1.229
13.881776605,-0.0393,1.2122,-0.0625,1.214
13.882217721,-0.0413,1.1956,-0.0669,1.198
13.89679599,-0.0425,1.1854,-0.0689,1.188
13.897287759,-0.0435,1.1639,-0.0735,1.167
13.897581644,-0.0437,1.1539,-0.0752,1.157
13.89782199,-0.0467,1.1316,-0.0804,1.135
13.898057951,-0.0469,1.1087,-0.0836,1.113
13.898286605,-0.0481,1.0952,-0.0850,1.100
13.898526875,-0.0511,1.0698,-0.0875,1.075
13.898759836,-0.0511,1.0571,-0.0926,1.062
13.899804105,-0.0503,1.0317,-0.0938,1.037
13.900956451,-0.0484,1.0070,-0.0972,1.013
13.902844759,-0.0469,0.9951,-0.0965,1.001
13.904971951,-0.0472,0.9699,-0.0911,0.975
13.906945259,-0.0462,0.9455,-0.0872,0.951
13.908861336,-0.0469,0.9328,-0.0833,0.938
13.910764259,-0.0457,0.9098,-0.0728,0.914
13.912790182,-0.0469,0.8859,-0.0611,0.889
13.91624649,-0.0452,0.8739,-0.0547,0.877
13.917577451,-0.0430,0.8526,-0.0406,0.855
13.918952105,-0.0401,0.8426,-0.0237,0.844
13.920770721,-0.0396,0.8233,-0.0147,0.824
13.922798644,-0.0362,0.8035,0.0044,0.804
13.924793798,-0.0340,0.7942,0.0127,0.795
13.926641028,-0.0264,0.7781,0.0281,0.779
13.928487105,-0.0195,0.7627,0.0423,0.764
13.930916913,-0.0159,0.7539,0.0493,0.756
13.933747375,-0.0061,0.7383,0.0647,0.741
13.934801144,0.0051,0.7231,0.0767,0.727
13.936521605,0.0095,0.7166,0.0823,0.721
13.938515028,0.0195,0.7019,0.0919,0.708
13.940502259,0.0232,0.6948,0.0945,0.702
13.942669259,0.0322,0.6809,0.1007,0.689
13.944412682,0.0440,0.6694,0.1070,0.679
13.946647721,0.0508,0.6638,0.1090,0.675
13.956448144,0.0606,0.6528,0.1134,0.665
13.957982298,0.0691,0.6477,0.1173,0.662
13.958921144,0.0733,0.6393,0.1182,0.654
13.959920759,0.0818,0.6313,0.1195,0.648
13.960901798,0.0850,0.6284,0.1197,0.645
13.962837374,0.0906,0.6237,0.1185,0.641
13.963935605,0.0933,0.6213,0.1202,0.640
13.965088451,0.0928,0.6218,0.1182,0.640
13.966266759,0.0955,0.6242,0.1148,0.642
13.967269874,0.0945,0.6262,0.1073,0.642
13.978930644,0.0963,0.6298,0.1036,0.646
13.980373336,0.0977,0.6359,0.0936,0.650
13.981574259,0.0972,0.6396,0.0867,0.653
13.982693067,0.0975,0.6472,0.0733,0.659
13.983931798,0.0965,0.6572,0.0552,0.667
13.985053913,0.0958,0.6633,0.0454,0.672
13.986173682,0.0950,0.6740,0.0266,0.681
13.987468374,0.0921,0.6897,0.0049,0.696
13.988345682,0.0909,0.6977,-0.0064,0.704
13.989028567,0.0889,0.7158,-0.0300,0.722
13.990108067,0.0880,0.7268,-0.0423,0.733
13.99087549,0.0858,0.7468,-0.0674,0.755
13.993462759,0.0811,0.7710,-0.0916,0.781
13.995561528,0.0792,0.7835,-0.1031,0.794
13.996461721,0.0760,0.8106,-0.1287,0.824
13.99799149,0.0699,0.8399,-0.1529,0.857
14.002204798,0.0645,0.8543,-0.1649,0.872
14.003719759,0.0542,0.8837,-0.1859,0.905
14.004713298,0.0476,0.8983,-0.1957,0.921
14.006019874,0.0362,0.9286,-0.2113,0.953
14.007492528,0.0235,0.9577,-0.2265,0.984
14.009842528,0.0169,0.9721,-0.2326,1.000
14.011767682,0.0042,0.9999,-0.2399,1.028
14.013662605,-0.0125,1.0246,-0.2424,1.053
14.016762528,-0.0208,1.0371,-0.2416,1.065
14.018371336,-0.0376,1.0596,-0.2372,1.086
14.019549336,-0.0457,1.0691,-0.2326,1.095
14.021191221,-0.0630,1.0862,-0.2201,1.110
14.023366144,-0.0799,1.1033,-0.2018,1.124
14.025210105,-0.0870,1.1106,-0.1903,1.130
14.02750449,-0.1016,1.1206,-0.1654,1.137
14.029131644,-0.1141,1.1294,-0.1366,1.143
14.032643028,-0.1197,1.1331,-0.1212,1.146
14.033899221,-0.1256,1.1380,-0.0877,1.148
14.036324028,-0.1283,1.1394,-0.0704,1.149
14.037967144,-0.1327,1.1436,-0.0384,1.152
14.039123221,-0.1334,1.1438,-0.0068,1.152
14.041004336,-0.1331,1.1438,0.0083,1.152
14.043153605,-0.1312,1.1419,0.0352,1.150
14.045148798,-0.1305,1.1392,0.0586,1.148
14.047192567,-0.1292,1.1377,0.0689,1.147
14.050471028,-0.1246,1.1341,0.0887,1.144
14.051586336,-0.1226,1.1311,0.0960,1.142
14.052846721,-0.1168,1.1243,0.1048,1.135
14.055138298,-0.1104,1.1167,0.1094,1.127
14.056945836,-0.1087,1.1131,0.1114,1.124
14.059142105,-0.1031,1.1035,0.1131,1.114
14.060745874,-0.0960,1.0947,0.1097,1.104
14.06280149,-0.0923,1.0911,0.1075,1.100
14.06499199,-0.0867,1.0823,0.1031,1.091
14.073868721,-0.0801,1.0735,0.0955,1.081
14.075303297,-0.0762,1.0688,0.0928,1.076
14.076317336,-0.0696,1.0581,0.0894,1.064
14.077605567,-0.0669,1.0544,0.0862,1.060
14.078071605,-0.0599,1.0464,0.0838,1.051
14.078337336,-0.0547,1.0376,0.0860,1.043
14.078571913,-0.0513,1.0344,0.0862,1.039
14.080441682,-0.0454,1.0298,0.0882,1.035
14.099574374,-0.0410,1.0224,0.0943,1.028
14.101189605,-0.0379,1.0200,0.0977,1.025
14.102366297,-0.0325,1.0168,0.1048,1.023
14.103217413,-0.0296,1.0144,0.1097,1.021
14.104350374,-0.0254,1.0097,0.1190,1.017
14.10522899,-0.0210,1.0056,0.1256,1.014
14.106404028,-0.0193,1.0036,0.1295,1.012
14.107254913,-0.0139,1.0007,0.1371,1.010
14.108169028,-0.0112,0.9995,0.1402,1.009
14.10882099,-0.0044,0.9982,0.1439,1.009
14.109603336,-0.0010,0.9980,0.1488,1.009
14.110623182,0.0027,0.9975,0.1512,1.009
14.111347605,0.0105,0.9951,0.1520,1.007
14.112341644,0.0164,0.9936,0.1537,1.006
14.113004682,0.0193,0.9943,0.1527,1.006
14.113878528,0.0261,0.9938,0.1512,1.006
14.114863605,0.0291,0.9929,0.1495,1.004
14.117530144,0.0342,0.9902,0.1454,1.001
14.118868759,0.0364,0.9887,0.1393,0.999
14.120244721,0.0379,0.9882,0.1363,0.998
14.12213449,0.0393,0.9870,0.1283,0.996
14.123779759,0.0381,0.9865,0.1187,0.994
14.125837797,0.0369,0.9865,0.1131,0.994
14.127793144,0.0342,0.9868,0.1007,0.992
14.129695182,0.0325,0.9870,0.0941,0.992
14.131821951,0.0271,0.9870,0.0811,0.991
14.134745028,0.0254,0.9853,0.0662,0.988
14.135866567,0.0227,0.9860,0.0591,0.988
14.137839144,0.0183,0.9863,0.0442,0.987
14.139692413,0.0127,0.9855,0.0300,0.986
14.141553259,0.0088,0.9850,0.0227,0.985
14.143574759,0.0022,0.9860,0.0076,0.986
14.145526067,-0.0010,0.9858,0.0012,0.986
14.147539913,-0.0059,0.9853,-0.0100,0.985
14.156324297,-0.0076,0.9855,-0.0225,0.986
14.157855836,-0.0098,0.9848,-0.0276,0.985
14.158794297,-0.0134,0.9848,-0.0337,0.985
14.159878451,-0.0178,0.9858,-0.0371,0.987
14.160865182,-0.0183,0.9853,-0.0388,0.986
14.161824221,-0.0178,0.9836,-0.0408,0.985
14.162107067,-0.0176,0.9833,-0.0403,0.984
14.16311649,-0.0191,0.9806,-0.0366,0.982
14.177085259,-0.0186,0.9770,-0.0322,0.978
14.177827297,-0.0181,0.9753,-0.0296,0.976
14.178145297,-0.0139,0.9699,-0.0235,0.970
14.178423336,-0.0129,0.9653,-0.0156,0.965
14.178721451,-0.0107,0.9623,-0.0110,0.962
14.179002259,-0.0071,0.9587,0.0000,0.959
14.179452836,-0.0061,0.9562,0.0061,0.956
14.180254067,-0.0034,0.9513,0.0213,0.952
14.180900528,0.0002,0.9489,0.0374,0.950
14.184753951,0.0020,0.9472,0.0445,0.948
14.185691836,0.0059,0.9430,0.0591,0.945
14.187709451,0.0100,0.9413,0.0740,0.944
14.188633682,0.0127,0.9369,0.0816,0.941
14.190971144,0.0183,0.9342,0.0965,0.939
14.192773913,0.0210,0.9330,0.1033,0.939
14.195299874,0.0274,0.9274,0.1151,0.935
14.19669299,0.0320,0.9252,0.1244,0.934
14.200079182,0.0325,0.9254,0.1295,0.935
14.201254682,0.0374,0.9247,0.1373,0.936
14.202453451,0.0418,0.9235,0.1456,0.936
14.204360874,0.0425,0.9218,0.1480,0.935
14.206512259,0.0442,0.9201,0.1515,0.933
14.20859299,0.0440,0.9198,0.1529,0.933
14.210366182,0.0432,0.9181,0.1573,0.932
14.212411297,0.0430,0.9164,0.1586,0.931
14.214474567,0.0442,0.9169,0.1593,0.932
14.216914567,0.0432,0.9179,0.1627,0.933
14.218397259,0.0420,0.9164,0.1678,0.933
14.220967028,0.0410,0.9161,0.1698,0.933
14.222769644,0.0408,0.9152,0.1720,0.932
14.22457622,0.0413,0.9152,0.1730,0.932
14.226220105,0.0425,0.9137,0.1754,0.931
14.228127605,0.0435,0.9127,0.1754,0.930
14.230711028,0.0435,0.9127,0.1771,0.931
14.232685567,0.0420,0.9149,0.1791,0.933
14.235206605,0.0440,0.9127,0.1818,0.932
14.235964451,0.0432,0.9113,0.1820,0.930
14.238090259,0.0420,0.9096,0.1835,0.929
14.239962067,0.0423,0.9098,0.1835,0.929
14.242403259,0.0408,0.9105,0.1842,0.930
14.244004836,0.0403,0.9074,0.1845,0.927
14.246440451,0.0403,0.9061,0.1837,0.925
14.24815449,0.0398,0.9025,0.1837,0.922
14.25480322,0.0393,0.9010,0.1867,0.921
14.255631182,0.0396,0.9000,0.1862,0.920
14.25607572,0.0403,0.8973,0.1862,0.917
14.256496836,0.0440,0.8954,0.1869,0.916
14.257920913,0.0450,0.8942,0.1871,0.915
14.259766259,0.0459,0.8910,0.1879,0.912
14.261664528,0.0469,0.8905,0.1874,0.911
14.263757067,0.0474,0.8910,0.1869,0.912
14.277569067,0.0493,0.8912,0.1847,0.912
14.278939105,0.0503,0.8915,0.1847,0.912
14.279948528,0.0508,0.8922,0.1808,0.912
14.280725874,0.0518,0.8920,0.1783,0.911
14.282082836,0.0520,0.8925,0.1761,0.911
14.283156143,0.0523,0.8954,0.1737,0.914
14.284223259,0.0535,0.8976,0.1715,0.915
14.285908913,0.0542,0.8998,0.1656,0.917
14.286692759,0.0533,0.9025,0.1600,0.918
14.287634913,0.0535,0.9054,0.1578,0.921
14.288291259,0.0567,0.9096,0.1539,0.924
14.289014605,0.0579,0.9120,0.1502,0.926
14.289991374,0.0572,0.9159,0.1422,0.929
14.29236599,0.0555,0.9208,0.1371,0.933
14.293832336,0.0581,0.9232,0.1344,0.935
14.295420682,0.0591,0.9245,0.1278,0.935
14.297284374,0.0608,0.9279,0.1236,0.938
14.300265028,0.0625,0.9308,0.1209,0.941
14.301938567,0.0618,0.9342,0.1170,0.944
14.303706951,0.0623,0.9362,0.1153,0.945
14.305057067,0.0616,0.9391,0.1129,0.948
14.30714522,0.0625,0.9425,0.1129,0.951
14.30909422,0.0625,0.9452,0.1109,0.954
14.311136528,0.0621,0.9474,0.1092,0.956
14.313129143,0.0628,0.9511,0.1073,0.959
14.315556682,0.0628,0.9528,0.1065,0.961
14.318157951,0.0618,0.9547,0.1043,0.962
14.319543759,0.0623,0.9596,0.1033,0.967
14.320975605,0.0613,0.9609,0.1026,0.968
14.32414199,0.0603,0.9631,0.1019,0.970
14.32513122,0.0613,0.9645,0.1019,0.972
14.326995605,0.0601,0.9692,0.0987,0.976
14.328658182,0.0606,0.9701,0.0980,0.977
14.330879682,0.0608,0.9699,0.0972,0.977
14.334059067,0.0630,0.9704,0.0945,0.977
14.335412682,0.0711,0.9704,0.0926,0.977
14.336690567,0.0738,0.9699,0.0909,0.977
14.338728297,0.0789,0.9687,0.0914,0.976
14.34065122,0.0831,0.9684,0.0919,0.976
14.342666567,0.0909,0.9660,0.0936,0.975
14.344591567,0.0985,0.9643,0.0967,0.974
14.346758836,0.1021,0.9635,0.1009,0.974
14.348722874,0.1099,0.9626,0.1099,0.975
14.35146122,0.1148,0.9621,0.1195,0.976
14.352908682,0.1182,0.9628,0.1234,0.978
14.354458682,0.1234,0.9640,0.1329,0.981
14.356443374,0.1253,0.9640,0.1375,0.982
14.358552836,0.1270,0.9675,0.1471,0.987
14.360361643,0.1278,0.9701,0.1554,0.991
14.362379105,0.1297,0.9716,0.1568,0.993
14.36425922,0.1300,0.9765,0.1608,0.998
14.374426528,0.1300,0.9799,0.1622,1.002
14.375790951,0.1302,0.9863,0.1637,1.008
14.37673372,0.1302,0.9914,0.1637,1.013
14.377906028,0.1287,0.9953,0.1642,1.017
14.378932605,0.1302,1.0036,0.1610,1.025
14.38018299,0.1297,1.0112,0.1556,1.031
14.380981528,0.1302,1.0148,0.1517,1.034
14.382122605,0.1324,1.0249,0.1456,1.044
14.38318049,0.1351,1.0339,0.1368,1.052
14.395869643,0.1380,1.0385,0.1314,1.056
14.397241066,0.1410,1.0486,0.1219,1.065
14.39835522,0.1424,1.0532,0.1163,1.069
14.39982799,0.1454,1.0615,0.1041,1.076
14.401028797,0.1498,1.0718,0.0936,1.086
14.402256066,0.1507,1.0776,0.0870,1.092
14.403192259,0.1556,1.0842,0.0738,1.098
14.404112528,0.1583,1.0942,0.0611,1.107
14.404783336,0.1595,1.0986,0.0579,1.112
14.405609143,0.1600,1.1072,0.0493,1.120
14.406491451,0.1598,1.1111,0.0428,1.123
14.407144297,0.1573,1.1194,0.0308,1.131
14.40801449,0.1551,1.1277,0.0200,1.139
14.410522182,0.1534,1.1328,0.0139,1.143
14.411926028,0.1463,1.1414,0.0027,1.151
14.41367449,0.1388,1.1468,-0.0066,1.155
14.418996105,0.1361,1.1497,-0.0125,1.158
14.420455451,0.1266,1.1561,-0.0225,1.163
14.421928451,0.1219,1.1580,-0.0281,1.165
14.422912951,0.1121,1.1617,-0.0371,1.168
14.423828682,0.1029,1.1636,-0.0459,1.169
14.425457066,0.0975,1.1624,-0.0489,1.168
14.427408759,0.0875,1.1612,-0.0557,1.166
14.429478797,0.0767,1.1583,-0.0613,1.162
14.431271297,0.0706,1.1565,-0.0638,1.160
14.434171682,0.0591,1.1543,-0.0667,1.158
14.435694413,0.0552,1.1526,-0.0674,1.156
14.437440336,0.0442,1.1480,-0.0679,1.151
14.439262836,0.0320,1.1470,-0.0633,1.149
14.441181566,0.0247,1.1451,-0.0618,1.147
14.443324028,0.0098,1.1426,-0.0545,1.144
14.445179566,-0.0017,1.1434,-0.0386,1.144
14.447192528,-0.0100,1.1470,-0.0313,1.147
14.450598336,-0.0257,1.1539,-0.0137,1.154
14.452046143,-0.0330,1.1585,-0.0027,1.159
14.45362872,-0.0472,1.1700,0.0176,1.171
14.45502922,-0.0621,1.1802,0.0374,1.182
14.457010797,-0.0669,1.1871,0.0467,1.190
14.459168528,-0.0782,1.2008,0.0655,1.205
14.461031105,-0.0904,1.2152,0.0826,1.221
14.462903643,-0.0953,1.2220,0.0919,1.229
14.464832605,-0.1058,1.2340,0.1092,1.243
14.467944105,-0.1116,1.2396,0.1160,1.250
14.46927722,-0.1244,1.2506,0.1295,1.263
14.470856605,-0.1322,1.2570,0.1402,1.272
14.47278799,-0.1351,1.2584,0.1439,1.274
14.474957836,-0.1378,1.2604,0.1517,1.277
14.476827682,-0.1378,1.2552,0.1559,1.272
14.478730028,-0.1353,1.2513,0.1561,1.268
14.48058699,-0.1268,1.2421,0.1595,1.259
14.483386566,-0.1212,1.2372,0.1605,1.253
14.484577297,-0.1114,1.2240,0.1632,1.240
14.493241182,-0.0982,1.2115,0.1664,1.227
14.493853759,-0.0926,1.2039,0.1683,1.219
14.494111836,-0.0821,1.1900,0.1717,1.205
14.494348836,-0.0726,1.1771,0.1759,1.192
14.494874836,-0.0662,1.1700,0.1769,1.185
14.49614599,-0.0557,1.1565,0.1786,1.172
14.498271797,-0.0511,1.1512,0.1786,1.166
14.516515105,-0.0450,1.1402,0.1769,1.155
14.518123797,-0.0396,1.1306,0.1742,1.145
14.519156989,-0.0376,1.1275,0.1705,1.141
14.520223874,-0.0362,1.1233,0.1627,1.136
14.521278259,-0.0357,1.1219,0.1529,1.133
14.522496374,-0.0357,1.1221,0.1483,1.132
14.523463143,-0.0347,1.1267,0.1375,1.136
14.52455322,-0.0337,1.1297,0.1297,1.138
14.525511143,-0.0362,1.1377,0.1146,1.144
14.526443489,-0.0366,1.1504,0.0975,1.155
14.52724772,-0.0371,1.1573,0.0899,1.161
14.528140759,-0.0403,1.1724,0.0735,1.175
14.528805374,-0.0435,1.1861,0.0589,1.188
14.529564643,-0.0440,1.1920,0.0496,1.194
14.530438374,-0.0472,1.2025,0.0322,1.204
14.531128066,-0.0489,1.2074,0.0249,1.209
14.532150489,-0.0474,1.2154,0.0107,1.216
14.53498672,-0.0454,1.2215,-0.0044,1.222
14.536402836,-0.0437,1.2232,-0.0129,1.224
14.537703797,-0.0415,1.2225,-0.0322,1.224
14.539772105,-0.0362,1.2147,-0.0506,1.216
14.541639182,-0.0335,1.2100,-0.0608,1.212
14.543808451,-0.0266,1.1966,-0.0809,1.200
14.545750528,-0.0220,1.1890,-0.0921,1.193
14.547665836,-0.0142,1.1690,-0.1134,1.175
14.550040797,-0.0049,1.1504,-0.1353,1.158
14.552456297,0.0005,1.1407,-0.1454,1.150
14.553943951,0.0086,1.1194,-0.1661,1.132
14.555570028,0.0198,1.0947,-0.1849,1.110
14.557308913,0.0254,1.0825,-0.1930,1.100
14.559488066,0.0364,1.0559,-0.2064,1.076
14.561287451,0.0410,1.0420,-0.2138,1.064
14.563481682,0.0511,1.0129,-0.2284,1.040
14.565388297,0.0625,0.9828,-0.2433,1.014
14.574452566,0.0687,0.9675,-0.2485,1.001
14.575920336,0.0770,0.9357,-0.2580,0.974
14.576880605,0.0897,0.9039,-0.2651,0.946
14.578619874,0.0955,0.8890,-0.2680,0.933
14.579698566,0.1058,0.8585,-0.2748,0.908
14.580470182,0.1099,0.8436,-0.2770,0.895
14.581664374,0.1192,0.8150,-0.2812,0.870
14.582169374,0.1258,0.7872,-0.2851,0.847
14.60030222,0.1270,0.7749,-0.2878,0.836
14.601887759,0.1297,0.7500,-0.2897,0.814
14.603211259,0.1309,0.7253,-0.2893,0.792
14.604303605,0.1309,0.7139,-0.2875,0.781
14.605735566,0.1268,0.6938,-0.2846,0.761
14.60685022,0.1246,0.6843,-0.2805,0.750
14.60793372,0.1173,0.6650,-0.2719,0.728
14.609025566,0.1060,0.6489,-0.2621,0.708
14.610005912,0.1004,0.6413,-0.2553,0.698
14.611071566,0.0843,0.6286,-0.2392,0.678
14.611985105,0.0660,0.6191,-0.2204,0.660
14.612989989,0.0572,0.6125,-0.2086,0.650
14.614059297,0.0369,0.6029,-0.1867,0.632
14.615070874,0.0271,0.5993,-0.1744,0.625
14.616179566,0.0076,0.5929,-0.1471,0.611
14.617301143,-0.0142,0.5907,-0.1153,0.602
14.618427336,-0.0239,0.5910,-0.0985,0.600
14.619289259,-0.0432,0.5910,-0.0606,0.596
14.620051182,-0.0603,0.5924,-0.0230,0.596
14.620975182,-0.0699,0.5944,-0.0032,0.598
14.623140066,-0.0889,0.6025,0.0432,0.611
14.624443451,-0.1092,0.6081,0.0897,0.624
14.626523989,-0.1192,0.6218,0.1141,0.643
14.628331489,-0.1373,0.6386,0.1661,0.674
14.630382682,-0.1456,0.6481,0.1925,0.692
14.633802143,-0.1625,0.6694,0.2502,0.733
14.634442028,-0.1788,0.6919,0.3095,0.779
14.63625272,-0.1859,0.7053,0.3376,0.804
14.638325989,-0.1962,0.7315,0.3858,0.850
14.640324528,-0.2008,0.7442,0.4063,0.871
14.642375182,-0.2121,0.7725,0.4415,0.915
14.644054874,-0.2162,0.8023,0.4700,0.955
14.646236066,-0.2165,0.8167,0.4813,0.972
14.648189412,-0.2143,0.8470,0.4947,1.004
14.652556105,-0.2072,0.8817,0.4994,1.034
14.652996989,-0.2020,0.8978,0.4969,1.046
14.654053066,-0.1935,0.9293,0.4889,1.068
14.655907028,-0.1852,0.9447,0.4810,1.076
14.657952836,-0.1698,0.9745,0.4595,1.091
14.659788489,-0.1546,1.0021,0.4288,1.101
14.661843682,-0.1476,1.0156,0.4141,1.107
14.663850566,-0.1307,1.0437,0.3819,1.119
14.669590297,-0.1129,1.0688,0.3479,1.130
14.67016522,-0.1033,1.0808,0.3320,1.135
14.670417836,-0.0843,1.1026,0.3020,1.146
14.671898643,-0.0738,1.1118,0.2866,1.151
14.674131682,-0.0530,1.1316,0.2602,1.162
14.675494066,-0.0318,1.1475,0.2326,1.171
14.677561336,-0.0215,1.1558,0.2199,1.177
14.679733489,0.0015,1.1707,0.1952,1.187
14.681750143,0.0239,1.1827,0.1693,1.195
14.691773259,0.0344,1.1871,0.1556,1.198
14.692225989,0.0550,1.1929,0.1300,1.201
14.692472643,0.0638,1.1949,0.1170,1.202
14.692722643,0.0774,1.1988,0.0919,1.205
14.692946682,0.0882,1.2013,0.0655,1.206
14.693181028,0.0926,1.2013,0.0520,1.206
14.695471989,0.0997,1.1995,0.0266,1.204
14.697263143,0.1038,1.1978,-0.0032,1.202
14.699306182,0.1060,1.1954,-0.0166,1.200
14.702447028,0.1102,1.1893,-0.0413,1.195
14.703312874,0.1114,1.1859,-0.0537,1.192
14.705200182,0.1134,1.1788,-0.0779,1.187
14.707311605,0.1141,1.1722,-0.1014,1.182
14.709298797,0.1143,1.1673,-0.1121,1.178
14.711374451,0.1134,1.1585,-0.1312,1.171
14.713206105,0.1114,1.1512,-0.1483,1.166
14.715386797,0.1099,1.1453,-0.1554,1.161
14.717819335,0.1065,1.1353,-0.1659,1.152
14.719127297,0.1055,1.1314,-0.1703,1.149
14.721414105,0.1033,1.1231,-0.1749,1.141
14.723187951,0.0992,1.1113,-0.1754,1.129
14.725046412,0.0960,1.1055,-0.1747,1.123
14.727115566,0.0889,1.0957,-0.1700,1.112
14.729009528,0.0806,1.0874,-0.1622,1.102
14.730925066,0.0779,1.0828,-0.1573,1.097
14.734631297,0.0713,1.0747,-0.1463,1.087
14.736006528,0.0674,1.0696,-0.1380,1.081
14.737073451,0.0608,1.0613,-0.1197,1.070
14.738700528,0.0533,1.0552,-0.1002,1.061
14.740678412,0.0493,1.0512,-0.0906,1.056
14.742623874,0.0423,1.0466,-0.0699,1.050
14.744674835,0.0379,1.0412,-0.0493,1.043
14.746577182,0.0344,1.0385,-0.0396,1.040
14.748522797,0.0291,1.0351,-0.0166,1.036
14.751535951,0.0274,1.0339,-0.0046,1.034
14.752976066,0.0217,1.0322,0.0156,1.033
14.75456122,0.0169,1.0295,0.0379,1.030
14.756474412,0.0154,1.0295,0.0479,1.031
14.758611143,0.0117,1.0280,0.0665,1.030
14.760462643,0.0078,1.0256,0.0855,1.029
14.762469335,0.0059,1.0246,0.0960,1.029
14.764374605,0.0034,1.0229,0.1173,1.030
14.76808922,0.0027,1.0227,0.1268,1.030
14.769754066,0.0020,1.0200,0.1441,1.030
14.771240374,0.0044,1.0185,0.1605,1.031
14.772647989,0.0056,1.0158,0.1673,1.030
14.774480797,0.0064,1.0092,0.1803,1.025
14.776586835,0.0107,1.0053,0.1884,1.023
14.778414297,0.0137,1.0039,0.1930,1.022
14.780237259,0.0183,1.0002,0.1986,1.020
14.782636259,0.0244,0.9973,0.2006,1.018
14.784158297,0.0279,0.9902,0.2013,1.011
14.795236259,0.0349,0.9848,0.1984,1.005
14.796772105,0.0384,0.9819,0.1976,1.002
14.798095374,0.0462,0.9753,0.1930,0.995
14.799140528,0.0525,0.9684,0.1876,0.988
14.800415451,0.0557,0.9648,0.1845,0.984
14.801845951,0.0647,0.9567,0.1752,0.975
14.802842374,0.0689,0.9530,0.1705,0.971
14.803848528,0.0770,0.9464,0.1615,0.963
14.805036412,0.0858,0.9396,0.1517,0.956
14.806416989,0.0909,0.9364,0.1459,0.952
14.807810682,0.0997,0.9315,0.1363,0.947
14.808870259,0.1085,0.9259,0.1270,0.941
14.810126297,0.1131,0.9225,0.1231,0.938
14.818270605,0.1190,0.9157,0.1138,0.930
14.819810758,0.1226,0.9127,0.1092,0.927
14.820732951,0.1268,0.9083,0.1033,0.923
14.822065258,0.1322,0.9039,0.0980,0.919
14.823177297,0.1329,0.9010,0.0955,0.916
14.824577489,0.1356,0.8971,0.0919,0.912
14.825955605,0.1353,0.8934,0.0884,0.908
14.826714566,0.1341,0.8907,0.0877,0.905
14.827713528,0.1339,0.8878,0.0867,0.902
14.829450758,0.1319,0.8854,0.0872,0.899
14.831551874,0.1251,0.8834,0.0884,0.897
14.834721643,0.1182,0.8800,0.0889,0.892
14.836176374,0.1156,0.8785,0.0892,0.891
14.840671258,0.1077,0.8771,0.0914,0.888
14.841828258,0.0958,0.8775,0.0950,0.888
14.842674105,0.0899,0.8766,0.0958,0.886
14.843529451,0.0782,0.8739,0.0982,0.883
14.845290566,0.0723,0.8734,0.1004,0.882
14.84717922,0.0623,0.8739,0.1048,0.882
14.849301874,0.0501,0.8751,0.1087,0.883
14.852085682,0.0432,0.8766,0.1114,0.885
14.853610489,0.0303,0.8775,0.1146,0.886
14.855121835,0.0193,0.8788,0.1217,0.887
14.856954643,0.0142,0.8785,0.1241,0.887
14.859008951,0.0056,0.8775,0.1314,0.887
14.860954297,-0.0034,0.8783,0.1344,0.889
14.863142758,-0.0076,0.8790,0.1402,0.890
14.864990374,-0.0149,0.8812,0.1444,0.893
14.868334835,-0.0183,0.8824,0.1473,0.895
14.869918682,-0.0249,0.8834,0.1500,0.896
14.872156105,-0.0276,0.8829,0.1568,0.897
14.87331422,-0.0318,0.8827,0.1603,0.898
14.874712143,-0.0379,0.8827,0.1634,0.898
14.876748643,-0.0401,0.8837,0.1656,0.900
14.879012758,-0.0410,0.8859,0.1705,0.903
14.880762643,-0.0459,0.8868,0.1747,0.905
14.882903412,-0.0476,0.8861,0.1776,0.905
14.893425643,-0.0501,0.8871,0.1813,0.907
14.894994643,-0.0520,0.8871,0.1830,0.907
14.896041528,-0.0523,0.8885,0.1840,0.909
14.897066566,-0.0530,0.8895,0.1854,0.910
14.898236758,-0.0550,0.8905,0.1867,0.912
14.899240412,-0.0545,0.8900,0.1857,0.911
14.900371489,-0.0562,0.8903,0.1842,0.911
14.901287528,-0.0547,0.8898,0.1852,0.910
14.902302989,-0.0523,0.8893,0.1847,0.910
14.902620028,-0.0528,0.8878,0.1823,0.908
14.91976572,-0.0525,0.8878,0.1805,0.908
14.921063835,-0.0486,0.8885,0.1788,0.908
14.921618297,-0.0464,0.8881,0.1739,0.906
14.922025797,-0.0472,0.8898,0.1725,0.908
14.922423335,-0.0457,0.8925,0.1688,0.909
14.922797105,-0.0452,0.8937,0.1659,0.910
14.923190297,-0.0450,0.8971,0.1617,0.913
14.923584182,-0.0403,0.8988,0.1608,0.914
14.923965066,-0.0393,0.9005,0.1598,0.915
14.92432922,-0.0403,0.9042,0.1551,0.918
14.92470222,-0.0391,0.9066,0.1542,0.920
14.926293297,-0.0384,0.9078,0.1532,0.921
14.927919605,-0.0384,0.9096,0.1512,0.923
14.930226643,-0.0393,0.9113,0.1510,0.925
14.932400066,-0.0386,0.9118,0.1510,0.925
14.934926181,-0.0376,0.9130,0.1517,0.926
14.935988258,-0.0374,0.9135,0.1529,0.927
14.938240605,-0.0357,0.9127,0.1564,0.927
14.940307605,-0.0359,0.9120,0.1571,0.926
14.942700335,-0.0359,0.9120,0.1595,0.927
14.944193489,-0.0354,0.9137,0.1632,0.929
14.946522143,-0.0347,0.9135,0.1656,0.929
14.947914181,-0.0327,0.9147,0.1705,0.931
14.950200951,-0.0332,0.9135,0.1744,0.931
14.951893143,-0.0325,0.9125,0.1757,0.930
14.953737105,-0.0305,0.9115,0.1771,0.929
14.955628335,-0.0298,0.9125,0.1793,0.930
14.958145028,-0.0296,0.9118,0.1801,0.930
14.959501374,-0.0269,0.9118,0.1779,0.929
14.962155066,-0.0271,0.9103,0.1774,0.928
14.963691912,-0.0269,0.9091,0.1771,0.927
14.965666489,-0.0261,0.9093,0.1749,0.926
14.968970874,-0.0257,0.9086,0.1732,0.925
14.969696412,-0.0257,0.9078,0.1730,0.925
14.97147872,-0.0249,0.9086,0.1742,0.925
14.973441143,-0.0237,0.9091,0.1735,0.926
14.975826835,-0.0264,0.9122,0.1754,0.929
14.977278297,-0.0264,0.9142,0.1774,0.932
14.980106797,-0.0239,0.9161,0.1813,0.934
14.981551758,-0.0261,0.9191,0.1840,0.938
14.983540912,-0.0266,0.9215,0.1862,0.941
14.989414028,-0.0269,0.9257,0.1923,0.946
14.990185258,-0.0279,0.9279,0.1932,0.948
14.990576989,-0.0313,0.9345,0.1967,0.955
14.99094322,-0.0330,0.9398,0.1984,0.961
14.993253335,-0.0344,0.9435,0.2001,0.965
14.995600989,-0.0362,0.9494,0.2030,0.972
14.997298758,-0.0369,0.9555,0.2052,0.978
14.999715451,-0.0366,0.9594,0.2055,0.982
15.018821528,-0.0384,0.9665,0.2079,0.989
15.02066622,-0.0393,0.9697,0.2094,0.993
15.021934989,-0.0403,0.9770,0.2116,1.000
15.023052643,-0.0415,0.9836,0.2160,1.008
15.023991643,-0.0418,0.9870,0.2189,1.012
15.025171105,-0.0423,0.9970,0.2238,1.023
15.026241912,-0.0423,1.0046,0.2299,1.031
15.027224951,-0.0435,1.0090,0.2336,1.037
15.028114297,-0.0469,1.0168,0.2411,1.046
15.029106105,-0.0484,1.0244,0.2467,1.055
15.030105335,-0.0493,1.0300,0.2494,1.061
15.031046066,-0.0506,1.0385,0.2538,1.070
15.031921297,-0.0506,1.0410,0.2551,1.073
15.032832835,-0.0515,1.0478,0.2590,1.081
15.033955989,-0.0552,1.0554,0.2597,1.088
15.035018374,-0.0557,1.0603,0.2597,1.093
15.036091028,-0.0567,1.0662,0.2585,1.099
15.036954028,-0.0603,1.0718,0.2553,1.103
15.037972604,-0.0611,1.0747,0.2521,1.106
15.038877758,-0.0647,1.0808,0.2443,1.110
15.041318104,-0.0667,1.0820,0.2404,1.110
15.042873028,-0.0694,1.0862,0.2299,1.112
15.047524297,-0.0706,1.0908,0.2206,1.115
15.048656451,-0.0711,1.0923,0.2147,1.115
15.04955322,-0.0701,1.0974,0.2016,1.118
15.050756912,-0.0708,1.1004,0.1896,1.119
15.053528874,-0.0713,1.1011,0.1835,1.119
15.055742374,-0.0711,1.1035,0.1669,1.118
15.056950989,-0.0708,1.1055,0.1583,1.119
15.058213566,-0.0745,1.1089,0.1446,1.121
15.060473143,-0.0767,1.1106,0.1295,1.121
15.062255643,-0.0782,1.1111,0.1217,1.120
15.064180374,-0.0836,1.1138,0.1097,1.122
15.06642772,-0.0880,1.1167,0.0965,1.124
15.073184374,-0.0897,1.1157,0.0897,1.123
15.074027604,-0.0948,1.1160,0.0787,1.123
15.074297181,-0.0985,1.1155,0.0730,1.122
15.074536681,-0.1024,1.1135,0.0601,1.120
15.075911912,-0.1073,1.1135,0.0523,1.120
15.077999374,-0.1094,1.1123,0.0489,1.119
15.079708335,-0.1114,1.1101,0.0403,1.116
15.081792604,-0.1153,1.1072,0.0340,1.114
15.096477374,-0.1158,1.1072,0.0327,1.114
15.097733604,-0.1121,1.1040,0.0337,1.110
15.098533412,-0.1075,1.1026,0.0364,1.108
15.099189412,-0.1058,1.1004,0.0376,1.106
15.100093489,-0.0989,1.1013,0.0428,1.107
15.100949374,-0.0933,1.1028,0.0476,1.108
15.102124951,-0.0838,1.1048,0.0577,1.109
15.10309372,-0.0735,1.1065,0.0696,1.111
15.104056412,-0.0674,1.1092,0.0765,1.114
15.104845989,-0.0545,1.1150,0.0916,1.120
15.105879989,-0.0428,1.1199,0.1075,1.126
15.106574258,-0.0371,1.1233,0.1158,1.130
15.108969797,-0.0235,1.1311,0.1344,1.139
15.11042672,-0.0169,1.1348,0.1449,1.144
15.111510528,-0.0034,1.1431,0.1683,1.155
15.113597451,0.0100,1.1531,0.1898,1.169
15.115452297,0.0169,1.1587,0.2013,1.176
15.118774181,0.0264,1.1671,0.2209,1.188
15.120132951,0.0359,1.1741,0.2372,1.198
15.121501143,0.0398,1.1768,0.2453,1.203
15.123364451,0.0508,1.1802,0.2604,1.210
15.125527412,0.0557,1.1822,0.2687,1.214
15.127282374,0.0662,1.1846,0.2812,1.219
15.129252258,0.0772,1.1844,0.2922,1.222
15.131325451,0.0831,1.1846,0.2976,1.224
15.133166104,0.0953,1.1822,0.3078,1.225
15.136222528,0.1063,1.1783,0.3137,1.224
15.137596989,0.1102,1.1763,0.3181,1.224
15.139011643,0.1163,1.1722,0.3249,1.222
15.140974951,0.1185,1.1697,0.3271,1.220
15.14295572,0.1187,1.1661,0.3310,1.218
15.144927604,0.1192,1.1653,0.3308,1.217
15.147152912,0.1175,1.1651,0.3296,1.217
15.148787604,0.1131,1.1671,0.3254,1.217
15.152021835,0.1077,1.1680,0.3176,1.215
15.153604643,0.1060,1.1712,0.3127,1.217
15.155164335,0.1004,1.1758,0.3027,1.218
15.15685722,0.0965,1.1778,0.2954,1.218
15.158752604,0.0855,1.1846,0.2775,1.220
15.160993989,0.0723,1.1937,0.2551,1.223
15.162844527,0.0657,1.1986,0.2450,1.225
15.164644797,0.0530,1.2071,0.2235,1.229
15.167067643,0.0415,1.2130,0.1986,1.230
15.177017797,0.0344,1.2220,0.1859,1.237
15.178214758,0.0225,1.2320,0.1571,1.242
15.178636643,0.0173,1.2357,0.1429,1.244
15.178956412,0.0081,1.2438,0.1146,1.249
15.179285258,-0.0017,1.2513,0.0919,1.255
15.179586989,-0.0061,1.2533,0.0794,1.256
15.180468066,-0.0173,1.2601,0.0567,1.262
15.182415912,-0.0213,1.2611,0.0462,1.262
15.198517451,-0.0308,1.2616,0.0254,1.262
15.200067181,-0.0391,1.2621,0.0081,1.263
15.201139797,-0.0432,1.2618,0.0000,1.263
15.202340874,-0.0493,1.2589,-0.0183,1.260
15.204065643,-0.0547,1.2508,-0.0310,1.252
15.205036066,-0.0581,1.2465,-0.0386,1.248
15.206418604,-0.0657,1.2364,-0.0513,1.239
15.207446297,-0.0752,1.2301,-0.0557,1.234
15.208525566,-0.0784,1.2120,-0.0647,1.216
15.209621989,-0.0867,1.1929,-0.0730,1.198
15.210675489,-0.0904,1.1824,-0.0757,1.188
15.211492681,-0.0989,1.1561,-0.0804,1.163
15.212481181,-0.1048,1.1302,-0.0823,1.138
15.213310604,-0.1070,1.1162,-0.0826,1.124
15.214385066,-0.1087,1.0886,-0.0836,1.097
15.215194066,-0.1104,1.0593,-0.0828,1.068
15.216127681,-0.1114,1.0442,-0.0814,1.053
15.219528989,-0.1107,1.0136,-0.0789,1.023
15.221171912,-0.1102,0.9987,-0.0777,1.008
15.222356643,-0.1099,0.9694,-0.0733,0.978
15.224123566,-0.1077,0.9376,-0.0640,0.946
15.226116566,-0.1051,0.9227,-0.0596,0.931
15.228076989,-0.0999,0.8949,-0.0472,0.902
15.229802604,-0.0943,0.8688,-0.0330,0.874
15.231893066,-0.0911,0.8546,-0.0242,0.860
15.233923412,-0.0853,0.8258,-0.0064,0.830
15.237889643,-0.0811,0.8133,0.0051,0.817
15.239434643,-0.0738,0.7911,0.0279,0.795
15.240401989,-0.0662,0.7696,0.0503,0.774
15.242020451,-0.0618,0.7598,0.0633,0.765
15.243479643,-0.0533,0.7402,0.0904,0.748
15.24541672,-0.0452,0.7244,0.1168,0.735
15.247673681,-0.0413,0.7168,0.1297,0.730
15.249324527,-0.0332,0.7043,0.1559,0.722
15.254782604,-0.0276,0.6980,0.1688,0.719
15.255631258,-0.0144,0.6841,0.1923,0.711
15.256072989,-0.0029,0.6721,0.2135,0.705
15.257441643,0.0029,0.6662,0.2223,0.702
15.25946045,0.0166,0.6567,0.2377,0.699
15.261267335,0.0303,0.6464,0.2509,0.694
15.26341195,0.0362,0.6435,0.2558,0.693
15.265182835,0.0489,0.6391,0.2604,0.692
15.267363604,0.0550,0.6362,0.2629,0.691
15.27353745,0.0674,0.6301,0.2634,0.686
15.274376989,0.0796,0.6279,0.2621,0.685
15.274794527,0.0872,0.6276,0.2587,0.684
15.275212527,0.1019,0.6274,0.2502,0.683
15.277100643,0.1131,0.6281,0.2411,0.682
15.27918795,0.1185,0.6288,0.2355,0.682
15.281103527,0.1297,0.6318,0.2221,0.682
15.283282835,0.1380,0.6332,0.2150,0.683
15.293645489,0.1417,0.6376,0.1962,0.682
15.29449672,0.1510,0.6464,0.1791,0.688
15.294955989,0.1564,0.6506,0.1691,0.690
15.295371681,0.1652,0.6604,0.1437,0.696
15.295782027,0.1742,0.6721,0.1180,0.704
15.296203758,0.1781,0.6784,0.1048,0.709
15.296617258,0.1849,0.6914,0.0767,0.720
15.29896022,0.1903,0.7063,0.0462,0.733
15.302523835,0.1923,0.7146,0.0315,0.741
15.303400104,0.1923,0.7337,0.0017,0.758
15.304769797,0.1918,0.7437,-0.0132,0.768
15.306756566,0.1930,0.7647,-0.0462,0.790
15.30859622,0.1908,0.7859,-0.0784,0.813
15.31092672,0.1896,0.7981,-0.0941,0.826
15.31262222,0.1862,0.8221,-0.1251,0.852
15.315028258,0.1801,0.8492,-0.1549,0.882
15.316539758,0.1781,0.8624,-0.1681,0.896
15.319079297,0.1725,0.8885,-0.1984,0.927
15.320606835,0.1695,0.9025,-0.2118,0.942
15.322598066,0.1630,0.9303,-0.2367,0.974
15.324521412,0.1534,0.9587,-0.2599,1.005
15.326627143,0.1476,0.9726,-0.2702,1.020
15.328505297,0.1327,1.0002,-0.2868,1.049
15.330366143,0.1195,1.0266,-0.3005,1.076
15.332399989,0.1124,1.0395,-0.3046,1.089
15.335976143,0.0936,1.0649,-0.3105,1.113
15.337435643,0.0855,1.0759,-0.3122,1.124
15.338545066,0.0687,1.0989,-0.3122,1.144
15.340385912,0.0520,1.1184,-0.3046,1.160
15.342737604,0.0423,1.1270,-0.2998,1.167
15.344288335,0.0220,1.1404,-0.2880,1.176
15.346195912,0.0044,1.1529,-0.2680,1.184
15.348396527,-0.0020,1.1585,-0.2570,1.187
15.350524758,-0.0164,1.1646,-0.2343,1.188
15.353762181,-0.0244,1.1680,-0.2211,1.189
15.355332681,-0.0379,1.1710,-0.1908,1.187
15.356433566,-0.0511,1.1707,-0.1608,1.183
15.358172143,-0.0569,1.1690,-0.1451,1.179
15.360110758,-0.0687,1.1685,-0.1151,1.176
15.361998027,-0.0784,1.1673,-0.0987,1.174
15.36392822,-0.0831,1.1619,-0.0655,1.167
15.366034835,-0.0894,1.1551,-0.0337,1.159
15.370865643,-0.0943,1.1504,-0.0183,1.154
15.372346681,-0.1038,1.1416,0.0083,1.146
15.373582297,-0.1107,1.1336,0.0342,1.139
15.374686143,-0.1119,1.1294,0.0462,1.136
15.375880681,-0.1143,1.1172,0.0679,1.125
15.377959912,-0.1195,1.1118,0.0772,1.121
15.379909412,-0.1190,1.1021,0.0923,1.112
15.381815297,-0.1195,1.0918,0.1065,1.103
15.38391345,-0.1202,1.0877,0.1124,1.100
15.394622835,-0.1195,1.0764,0.1197,1.090
15.39615872,-0.1195,1.0671,0.1280,1.081
15.397082989,-0.1187,1.0620,0.1317,1.077
15.398327412,-0.1153,1.0522,0.1388,1.068
15.399340335,-0.1114,1.0483,0.1415,1.064
15.400267412,-0.1121,1.0407,0.1478,1.057
15.401301873,-0.1094,1.0344,0.1507,1.051
15.402327258,-0.1087,1.0312,0.1512,1.048
15.402774758,-0.1068,1.0256,0.1532,1.042
15.418051912,-0.1053,1.0217,0.1566,1.039
15.420187297,-0.1043,1.0202,0.1578,1.038
15.421251412,-0.1019,1.0180,0.1590,1.035
15.422487873,-0.0972,1.0151,0.1588,1.032
15.423532989,-0.0950,1.0141,0.1593,1.031
15.424707489,-0.0926,1.0131,0.1610,1.030
15.426018758,-0.0901,1.0122,0.1615,1.029
15.427173181,-0.0860,1.0097,0.1595,1.026
15.428180297,-0.0814,1.0097,0.1559,1.025
15.42924295,-0.0796,1.0087,0.1544,1.024
15.430143681,-0.0772,1.0085,0.1549,1.023
15.431237412,-0.0726,1.0078,0.1537,1.022
15.432004566,-0.0726,1.0087,0.1537,1.023
15.433017604,-0.0667,1.0102,0.1534,1.024
15.434090758,-0.0638,1.0114,0.1524,1.025
15.435100066,-0.0608,1.0117,0.1534,1.025
15.436222643,-0.0577,1.0117,0.1546,1.025
15.439217181,-0.0552,1.0112,0.1534,1.024
15.440705027,-0.0513,1.0126,0.1510,1.025
15.441949412,-0.0479,1.0117,0.1507,1.024
15.442954835,-0.0467,1.0119,0.1493,1.024
15.444748181,-0.0454,1.0095,0.1500,1.022
15.446676566,-0.0428,1.0073,0.1498,1.019
15.44861895,-0.0413,1.0058,0.1485,1.018
15.451026297,-0.0393,1.0058,0.1466,1.017
15.453184873,-0.0379,1.0041,0.1454,1.015
15.454755797,-0.0340,1.0002,0.1427,1.011
15.45644045,-0.0300,0.9977,0.1402,1.008
15.45916445,-0.0274,0.9968,0.1388,1.007
15.460347335,-0.0257,0.9933,0.1349,1.003
15.462473066,-0.0261,0.9912,0.1327,1.000
15.464370066,-0.0266,0.9877,0.1297,0.997
15.466488181,-0.0254,0.9833,0.1270,0.992
15.473190566,-0.0249,0.9826,0.1256,0.991
15.474109143,-0.0264,0.9792,0.1244,0.987
15.474583104,-0.0293,0.9736,0.1217,0.982
15.474996989,-0.0305,0.9709,0.1207,0.979
15.476337489,-0.0322,0.9684,0.1192,0.976
15.478572066,-0.0357,0.9670,0.1190,0.975
15.480241912,-0.0384,0.9616,0.1190,0.970
15.482130681,-0.0379,0.9599,0.1185,0.968
15.48405422,-0.0379,0.9591,0.1192,0.967
15.495483373,-0.0398,0.9574,0.1185,0.966
15.49677872,-0.0403,0.9526,0.1178,0.961
15.497802066,-0.0396,0.9506,0.1190,0.959
15.498741643,-0.0374,0.9491,0.1180,0.957
15.499548873,-0.0364,0.9464,0.1180,0.954
15.500520873,-0.0362,0.9450,0.1175,0.953
15.50162772,-0.0352,0.9416,0.1156,0.949
15.502578681,-0.0322,0.9403,0.1143,0.948
15.503619104,-0.0257,0.9381,0.1134,0.945
15.504729104,-0.0193,0.9337,0.1124,0.941
15.507266835,-0.0164,0.9323,0.1114,0.939
15.50869845,-0.0105,0.9301,0.1099,0.937
15.509770296,-0.0046,0.9291,0.1099,0.936
15.511959989,-0.0024,0.9271,0.1092,0.934
15.514068066,0.0042,0.9259,0.1102,0.932
15.515819604,0.0073,0.9249,0.1102,0.932
15.520137296,0.0151,0.9235,0.1085,0.930
15.521830181,0.0193,0.9215,0.1114,0.928
15.522896066,0.0230,0.9208,0.1134,0.928
15.524051643,0.0298,0.9186,0.1153,0.926
15.526568027,0.0384,0.9188,0.1182,0.927
15.527558335,0.0418,0.9193,0.1192,0.928
15.529650412,0.0493,0.9176,0.1239,0.927
15.53166622,0.0547,0.9171,0.1273,0.928
15.533582912,0.0628,0.9174,0.1327,0.929
15.536461681,0.0735,0.9157,0.1383,0.929
15.538099027,0.0772,0.9144,0.1412,0.928
15.539759104,0.0855,0.9122,0.1478,0.928
15.54164472,0.0945,0.9069,0.1571,0.925
15.54351445,0.0994,0.9047,0.1608,0.924
15.545512489,0.1073,0.9032,0.1664,0.925
15.54736572,0.1119,0.9008,0.1669,0.923
15.549515912,0.1204,0.8971,0.1717,0.921
15.551343758,0.1275,0.8937,0.1776,0.920
15.554252835,0.1309,0.8910,0.1796,0.918
15.555971296,0.1375,0.8866,0.1818,0.915
15.557201181,0.1417,0.8817,0.1854,0.912
15.559492412,0.1432,0.8797,0.1869,0.911
15.561503566,0.1466,0.8763,0.1908,0.909
15.563330066,0.1485,0.8746,0.1923,0.908
15.565292681,0.1507,0.8695,0.1952,0.904
15.56723245,0.1510,0.8651,0.1974,0.900
15.570374912,0.1500,0.8639,0.1972,0.899
15.571868566,0.1480,0.8602,0.1984,0.895
15.57300295,0.1446,0.8570,0.1991,0.892
15.575156412,0.1437,0.8556,0.1991,0.890
15.576959719,0.1415,0.8539,0.1952,0.887
15.578979219,0.1400,0.8531,0.1935,0.886
15.580970681,0.1380,0.8497,0.1896,0.881
15.583060873,0.1329,0.8477,0.1852,0.878
15.584895335,0.1305,0.8477,0.1823,0.877
15.593926296,0.1278,0.8455,0.1783,0.874
15.59535795,0.1239,0.8441,0.1739,0.871
15.596286219,0.1217,0.8446,0.1735,0.871
15.597290066,0.1175,0.8448,0.1698,0.870
15.598012335,0.1151,0.8463,0.1681,0.870
15.598275335,0.1131,0.8480,0.1673,0.872
15.598515027,0.1107,0.8502,0.1661,0.873
15.60066395,0.1099,0.8526,0.1654,0.875
15.616901835,0.1085,0.8568,0.1654,0.879
15.618397989,0.1085,0.8612,0.1683,0.884
15.61929245,0.1080,0.8644,0.1693,0.887
15.620211258,0.1080,0.8710,0.1703,0.894
15.621220758,0.1085,0.8746,0.1715,0.898
15.622466566,0.1099,0.8832,0.1710,0.906
15.623495681,0.1126,0.8893,0.1688,0.912
15.62458695,0.1143,0.8925,0.1688,0.915
15.62557695,0.1160,0.8998,0.1700,0.923
15.626624143,0.1197,0.9076,0.1722,0.932
15.627290104,0.1197,0.9110,0.1717,0.935
15.628049912,0.1217,0.9159,0.1708,0.940
15.628887989,0.1231,0.9164,0.1676,0.940
15.629817527,0.1251,0.9181,0.1654,0.941
15.630608796,0.1295,0.9193,0.1600,0.942
15.632919027,0.1314,0.9193,0.1576,0.942
15.634396066,0.1344,0.9174,0.1544,0.940
15.64143495,0.1371,0.9147,0.1500,0.937
15.642929412,0.1380,0.9120,0.1471,0.934
15.643997219,0.1419,0.9093,0.1417,0.931
15.645051143,0.1461,0.9076,0.1400,0.930
15.64625995,0.1471,0.9052,0.1390,0.928
15.647051258,0.1498,0.9032,0.1361,0.926
15.647927796,0.1498,0.9015,0.1356,0.924
15.649878796,0.1510,0.8964,0.1349,0.919
15.653420412,0.1515,0.8954,0.1344,0.918
15.654904604,0.1500,0.8956,0.1341,0.918
15.656069296,0.1483,0.8968,0.1339,0.919
15.657846681,0.1461,0.8976,0.1339,0.919
15.659601373,0.1446,0.8986,0.1344,0.920
15.661629412,0.1459,0.9027,0.1380,0.925
15.663690335,0.1437,0.9056,0.1390,0.927
15.665669258,0.1388,0.9100,0.1412,0.931
15.667812566,0.1351,0.9157,0.1410,0.936
15.676650989,0.1327,0.9196,0.1410,0.940
15.678186104,0.1236,0.9298,0.1388,0.948
15.679154527,0.1168,0.9411,0.1363,0.958
15.681269835,0.1126,0.9469,0.1341,0.963
15.682144142,0.1048,0.9577,0.1300,0.972
15.682556373,0.1021,0.9648,0.1273,0.978
15.700234719,0.0987,0.9799,0.1200,0.992
15.702207373,0.0967,0.9931,0.1134,1.004
15.703295296,0.0955,1.0004,0.1087,1.011
15.704313796,0.0911,1.0144,0.0967,1.023
15.705636219,0.0909,1.0288,0.0838,1.036
15.706790142,0.0904,1.0366,0.0784,1.043
15.70790745,0.0911,1.0500,0.0650,1.056
15.708924796,0.0911,1.0561,0.0586,1.062
15.710102412,0.0941,1.0703,0.0432,1.075
15.711128104,0.0963,1.0864,0.0296,1.091
15.71185745,0.0965,1.0945,0.0230,1.099
15.712481066,0.0975,1.1089,0.0103,1.113
15.713518681,0.0931,1.1263,0.0017,1.130
15.714333027,0.0914,1.1343,-0.0029,1.138
15.715229796,0.0904,1.1495,-0.0110,1.153
15.716079373,0.0870,1.1570,-0.0178,1.160
15.717090066,0.0831,1.1712,-0.0210,1.174
15.718119335,0.0796,1.1876,-0.0252,1.191
15.719121604,0.0784,1.1954,-0.0286,1.198
15.720039796,0.0740,1.2086,-0.0337,1.211
15.721105796,0.0723,1.2242,-0.0359,1.227
15.723328642,0.0713,1.2318,-0.0369,1.234
15.724942412,0.0699,1.2455,-0.0396,1.248
15.726952873,0.0689,1.2516,-0.0388,1.254
15.728921566,0.0682,1.2621,-0.0366,1.264
15.730946258,0.0667,1.2709,-0.0293,1.273
15.73267895,0.0665,1.2760,-0.0259,1.278
15.734881642,0.0667,1.2836,-0.0181,1.285
15.736535181,0.0679,1.2872,-0.0100,1.289
15.739543719,0.0677,1.2912,-0.0054,1.293
15.740522873,0.0689,1.2946,0.0059,1.296
15.742631296,0.0684,1.2995,0.0161,1.301
15.744645412,0.0687,1.3026,0.0213,1.305
15.746678373,0.0669,1.3107,0.0298,1.313
15.74843145,0.0655,1.3149,0.0330,1.317
15.750456604,0.0618,1.3268,0.0369,1.329
15.752997681,0.0574,1.3388,0.0406,1.341
15.754610373,0.0552,1.3459,0.0425,1.348
15.756306758,0.0503,1.3610,0.0457,1.363
15.758262142,0.0452,1.3752,0.0501,1.377
15.760255835,0.0418,1.3823,0.0530,1.384
15.762412258,0.0318,1.3960,0.0567,1.397
15.764326604,0.0259,1.4013,0.0606,1.403
15.766312181,0.0125,1.4111,0.0689,1.413
15.768294527,0.0015,1.4136,0.0801,1.416
15.770780142,-0.0037,1.4138,0.0848,1.416
15.772362989,-0.0173,1.4121,0.0953,1.415
15.774037412,-0.0283,1.4050,0.1085,1.409
15.776008527,-0.0327,1.4004,0.1148,1.405
15.77840595,-0.0374,1.3911,0.1287,1.398
15.779990719,-0.0391,1.3857,0.1361,1.393
15.782166719,-0.0403,1.3747,0.1493,1.383
15.783995719,-0.0386,1.3632,0.1634,1.374
15.792514219,-0.0366,1.3571,0.1722,1.368
15.793574104,-0.0335,1.3437,0.1879,1.357
15.794337065,-0.0320,1.3371,0.2020,1.353
15.795040604,-0.0310,1.3254,0.2084,1.342
15.795725335,-0.0274,1.3119,0.2199,1.331
15.79644745,-0.0266,1.3046,0.2253,1.324
15.797843681,-0.0271,1.2929,0.2301,1.313
15.800130565,-0.0288,1.2799,0.2311,1.301
15.802011796,-0.0291,1.2731,0.2311,1.294
15.813703296,-0.0308,1.2616,0.2245,1.282
15.815024681,-0.0283,1.2496,0.2121,1.268
15.816003027,-0.0274,1.2452,0.2052,1.262
15.816781796,-0.0254,1.2374,0.1862,1.252
15.817915412,-0.0242,1.2340,0.1757,1.247
15.818958335,-0.0225,1.2279,0.1524,1.238
15.820286835,-0.0195,1.2213,0.1297,1.228
15.821481989,-0.0171,1.2174,0.1175,1.223
15.822388104,-0.0129,1.2105,0.0948,1.214
15.823133796,-0.0110,1.2010,0.0738,1.203
15.824124642,-0.0095,1.1951,0.0635,1.197
15.826728258,-0.0049,1.1844,0.0450,1.185
15.828119489,-0.0029,1.1780,0.0354,1.179
15.829500565,0.0022,1.1649,0.0176,1.165
15.831672835,0.0086,1.1480,0.0005,1.148
15.833522335,0.0120,1.1402,-0.0054,1.140
15.836547912,0.0188,1.1223,-0.0208,1.123
15.837937373,0.0225,1.1011,-0.0359,1.102
15.840423758,0.0247,1.0894,-0.0440,1.091
15.842215719,0.0300,1.0669,-0.0584,1.069
15.843486912,0.0327,1.0559,-0.0643,1.058
15.845279873,0.0359,1.0319,-0.0779,1.036
15.847430489,0.0379,1.0068,-0.0906,1.012
15.849048335,0.0388,0.9931,-0.0963,0.999
15.851191181,0.0406,0.9694,-0.1053,0.976
15.854433604,0.0406,0.9460,-0.1141,0.954
15.855902219,0.0418,0.9333,-0.1180,0.942
15.857222104,0.0486,0.9066,-0.1256,0.917
15.858889373,0.0511,0.8932,-0.1285,0.904
15.860842681,0.0520,0.8661,-0.1329,0.878
15.86289145,0.0564,0.8416,-0.1331,0.854
15.864812335,0.0569,0.8294,-0.1339,0.842
15.866818796,0.0557,0.8065,-0.1339,0.819
15.868983835,0.0557,0.7847,-0.1302,0.797
15.879165604,0.0552,0.7747,-0.1285,0.787
15.880758719,0.0528,0.7561,-0.1246,0.768
15.881931219,0.0525,0.7456,-0.1219,0.757
15.882960104,0.0484,0.7295,-0.1136,0.740
15.884057604,0.0403,0.7170,-0.1065,0.726
15.885274027,0.0366,0.7119,-0.1043,0.720
15.886057989,0.0288,0.7009,-0.0989,0.708
15.886343258,0.0213,0.6904,-0.0938,0.697
15.886590219,0.0166,0.6855,-0.0921,0.692
15.907629219,0.0090,0.6758,-0.0887,0.682
15.909402988,0.0044,0.6723,-0.0865,0.678
15.910458835,-0.0022,0.6652,-0.0816,0.670
15.911267104,-0.0071,0.6589,-0.0787,0.664
15.912393335,-0.0088,0.6569,-0.0794,0.662
15.913602835,-0.0088,0.6530,-0.0814,0.658
15.914718142,-0.0093,0.6481,-0.0821,0.653
15.915764219,-0.0100,0.6486,-0.0809,0.654
15.916564796,-0.0127,0.6491,-0.0809,0.654
15.917259719,-0.0127,0.6489,-0.0814,0.654
15.918466104,-0.0154,0.6508,-0.0796,0.656
15.919268296,-0.0183,0.6557,-0.0794,0.661
15.920306373,-0.0213,0.6584,-0.0787,0.663
15.921240142,-0.0249,0.6667,-0.0767,0.672
15.922516988,-0.0288,0.6779,-0.0748,0.683
15.923219796,-0.0303,0.6848,-0.0743,0.689
15.924107027,-0.0347,0.6990,-0.0708,0.703
15.924840796,-0.0376,0.7080,-0.0691,0.712
15.925744296,-0.0454,0.7263,-0.0667,0.731
15.926614796,-0.0508,0.7488,-0.0657,0.753
15.928738912,-0.0545,0.7591,-0.0643,0.764
15.930249642,-0.0628,0.7806,-0.0628,0.786
15.932906758,-0.0682,0.8013,-0.0665,0.807
15.934212335,-0.0711,0.8135,-0.0684,0.820
15.935688258,-0.0782,0.8365,-0.0723,0.843
15.939793373,-0.0818,0.8458,-0.0755,0.853
15.940893565,-0.0887,0.8675,-0.0838,0.876
15.942309104,-0.0972,0.8917,-0.0933,0.902
15.943632835,-0.1004,0.9022,-0.0975,0.913
15.945593796,-0.1024,0.9232,-0.1051,0.935
15.947679488,-0.1038,0.9457,-0.1124,0.958
15.949577065,-0.1041,0.9567,-0.1170,0.969
15.951612604,-0.1036,0.9809,-0.1239,0.994
15.961635758,-0.1031,0.9921,-0.1258,1.005
15.962244796,-0.1026,1.0141,-0.1290,1.027
15.962492719,-0.0985,1.0327,-0.1317,1.046
15.962727835,-0.0958,1.0427,-0.1307,1.055
15.962959488,-0.0882,1.0615,-0.1261,1.073
15.96706745,-0.0789,1.0776,-0.1175,1.087
15.967338142,-0.0745,1.0857,-0.1121,1.094
15.967574488,-0.0621,1.1001,-0.0989,1.106
15.987856219,-0.0567,1.1057,-0.0921,1.111
15.989590642,-0.0445,1.1170,-0.0735,1.120
15.99009245,-0.0318,1.1267,-0.0523,1.128
15.990343142,-0.0257,1.1309,-0.0408,1.132
15.990582719,-0.0151,1.1355,-0.0142,1.136
15.990813873,-0.0056,1.1392,0.0142,1.139
15.991042604,-0.0010,1.1409,0.0276,1.141
15.99126845,0.0051,1.1419,0.0537,1.143
15.991503181,0.0071,1.1404,0.0662,1.142
15.99172845,0.0112,1.1394,0.0916,1.143
15.991955681,0.0139,1.1350,0.1138,1.141
15.992198604,0.0161,1.1326,0.1236,1.139
15.992963796,0.0193,1.1272,0.1429,1.136
15.995363604,0.0222,1.1214,0.1590,1.133
15.996828488,0.0252,1.1172,0.1652,1.130
15.999289565,0.0271,1.1082,0.1727,1.122
16.000690181,0.0274,1.1045,0.1759,1.119
16.00364795,0.0293,1.0960,0.1774,1.111
16.006177565,0.0315,1.0840,0.1742,1.098
16.006844296,0.0335,1.0793,0.1727,1.094
16.008734911,0.0366,1.0713,0.1678,1.085
16.011149873,0.0408,1.0603,0.1571,1.073
16.012566142,0.0432,1.0547,0.1507,1.066
16.014936758,0.0484,1.0432,0.1363,1.053
16.016518719,0.0498,1.0385,0.1292,1.048
16.018927835,0.0525,1.0278,0.1158,1.036
16.021218373,0.0550,1.0205,0.1048,1.027
16.022719758,0.0542,1.0168,0.0980,1.023
16.024332719,0.0540,1.0080,0.0884,1.013
16.026878411,0.0493,1.0024,0.0814,1.007
16.028545911,0.0481,0.9990,0.0784,1.003
16.030784104,0.0450,0.9914,0.0713,0.995
16.032367488,0.0435,0.9880,0.0687,0.991
16.034829335,0.0396,0.9816,0.0640,0.985
16.03719895,0.0347,0.9733,0.0623,0.976
16.03835195,0.0315,0.9694,0.0611,0.972
16.040250296,0.0269,0.9635,0.0599,0.966
16.042417681,0.0208,0.9565,0.0586,0.958
16.044400796,0.0183,0.9538,0.0599,0.956
16.046556065,0.0100,0.9486,0.0601,0.951
16.048394719,0.0042,0.9457,0.0603,0.948
16.050394027,0.0002,0.9401,0.0613,0.942
16.052561758,-0.0044,0.9364,0.0616,0.938
16.055644219,-0.0081,0.9342,0.0623,0.936
16.057184565,-0.0129,0.9308,0.0647,0.933
16.058459719,-0.0183,0.9254,0.0677,0.928
16.060029335,-0.0203,0.9230,0.0687,0.926
16.062237719,-0.0244,0.9205,0.0708,0.924
16.063974873,-0.0281,0.9188,0.0706,0.922
16.066109296,-0.0318,0.9149,0.0708,0.918
16.068049681,-0.0313,0.9132,0.0740,0.917
16.071414681,-0.0315,0.9113,0.0755,0.915
16.07266195,-0.0330,0.9074,0.0796,0.911
16.082701911,-0.0303,0.9069,0.0821,0.911
16.083789835,-0.0296,0.9052,0.0831,0.909
16.084788988,-0.0276,0.9025,0.0843,0.907
16.086260604,-0.0264,0.9015,0.0848,0.906
16.087343258,-0.0242,0.9005,0.0853,0.905
16.088464219,-0.0198,0.8988,0.0870,0.903
16.089632565,-0.0173,0.8966,0.0875,0.901
16.099693411,-0.0127,0.8956,0.0875,0.900
16.101026565,-0.0076,0.8971,0.0884,0.901
16.102489719,-0.0059,0.8978,0.0887,0.902
16.105072258,-0.0022,0.8966,0.0901,0.901
16.106249911,0.0002,0.8961,0.0906,0.901
16.107242796,0.0029,0.8951,0.0923,0.900
16.117514334,0.0049,0.8934,0.0926,0.898
16.119266719,0.0073,0.8942,0.0923,0.899
16.120391258,0.0112,0.8934,0.0936,0.898
16.121623604,0.0132,0.8920,0.0955,0.897
16.122773527,0.0149,0.8920,0.0965,0.897
16.12379995,0.0186,0.8903,0.0970,0.896
16.124887873,0.0183,0.8903,0.0975,0.896
16.126081142,0.0186,0.8900,0.0972,0.895
16.127165142,0.0198,0.8903,0.0985,0.896
16.136516988,0.0195,0.8903,0.0999,0.896
16.138121796,0.0205,0.8878,0.0997,0.894
16.13908795,0.0208,0.8871,0.0982,0.893
16.140035488,0.0203,0.8868,0.0980,0.892
16.141003565,0.0198,0.8873,0.0997,0.893
16.142100565,0.0200,0.8873,0.0994,0.893
16.143173027,0.0200,0.8861,0.0992,0.892
16.144179142,0.0178,0.8841,0.1014,0.890
16.145128296,0.0176,0.8839,0.1029,0.890
16.146063411,0.0181,0.8834,0.1058,0.890
16.147062988,0.0171,0.8837,0.1085,0.890
16.147811488,0.0173,0.8839,0.1097,0.891
16.148545834,0.0166,0.8834,0.1114,0.891
16.149320296,0.0161,0.8829,0.1136,0.890
16.150141873,0.0142,0.8841,0.1151,0.892
16.151008796,0.0100,0.8859,0.1180,0.894
16.151693604,0.0093,0.8859,0.1190,0.894
16.153130988,0.0071,0.8866,0.1219,0.895
16.153877988,0.0056,0.8868,0.1263,0.896
16.155409065,0.0044,0.8861,0.1278,0.895
16.156576334,0.0000,0.8885,0.1300,0.898
16.158421027,-0.0017,0.8888,0.1312,0.898
16.160314681,-0.0061,0.8898,0.1349,0.900
16.162325373,-0.0086,0.8927,0.1371,0.903
16.164313873,-0.0117,0.8937,0.1375,0.904
16.166383027,-0.0134,0.8946,0.1410,0.906
16.168396142,-0.0171,0.8971,0.1407,0.908
16.172203642,-0.0186,0.8973,0.1410,0.909
16.172577719,-0.0232,0.8988,0.1441,0.911
16.174299796,-0.0257,0.8995,0.1439,0.911
16.176256104,-0.0296,0.9017,0.1449,0.914
16.178281296,-0.0357,0.9044,0.1459,0.917
16.180177719,-0.0379,0.9044,0.1463,0.917
16.182021411,-0.0388,0.9054,0.1476,0.918
16.184105181,-0.0406,0.9052,0.1476,0.918
16.186020181,-0.0425,0.9052,0.1480,0.918
16.190344258,-0.0454,0.9059,0.1498,0.919
16.190905988,-0.0467,0.9059,0.1502,0.919
16.191996565,-0.0491,0.9081,0.1554,0.923
16.194156873,-0.0493,0.9086,0.1593,0.924
16.195997334,-0.0493,0.9088,0.1610,0.924
16.197964219,-0.0501,0.9096,0.1642,0.926
16.199882604,-0.0491,0.9110,0.1688,0.928
16.201773642,-0.0484,0.9122,0.1720,0.930
16.214519027,-0.0472,0.9152,0.1771,0.933
16.215968373,-0.0469,0.9171,0.1803,0.936
16.217070757,-0.0467,0.9179,0.1864,0.938
16.218231796,-0.0462,0.9186,0.1928,0.940
16.219264219,-0.0462,0.9205,0.1957,0.942
16.220184142,-0.0450,0.9257,0.2025,0.949
16.221563296,-0.0423,0.9267,0.2081,0.951
16.222485719,-0.0403,0.9284,0.2103,0.953
16.223390027,-0.0386,0.9320,0.2145,0.957
16.224194142,-0.0376,0.9337,0.2160,0.959
16.225051719,-0.0354,0.9364,0.2184,0.962
16.226088604,-0.0344,0.9389,0.2199,0.965
16.228999104,-0.0337,0.9398,0.2218,0.966
16.230457065,-0.0305,0.9433,0.2228,0.970
16.231514257,-0.0296,0.9445,0.2231,0.971
16.233471257,-0.0293,0.9467,0.2235,0.973
16.235506142,-0.0264,0.9489,0.2218,0.975
16.238781027,-0.0249,0.9499,0.2201,0.975
16.240305181,-0.0215,0.9518,0.2172,0.977
16.241853257,-0.0191,0.9511,0.2145,0.975
16.243127334,-0.0181,0.9518,0.2128,0.975
16.24515945,-0.0154,0.9521,0.2089,0.975
16.247092257,-0.0151,0.9523,0.2042,0.974
16.248996604,-0.0147,0.9511,0.2016,0.972
16.251046373,-0.0147,0.9533,0.1994,0.974
16.254843027,-0.0147,0.9535,0.1969,0.974
16.256475757,-0.0161,0.9540,0.1891,0.973
16.25788645,-0.0188,0.9533,0.1830,0.971
16.259168642,-0.0193,0.9526,0.1810,0.970
16.260807373,-0.0200,0.9528,0.1764,0.969
16.262956719,-0.0220,0.9533,0.1744,0.969
16.264719796,-0.0237,0.9538,0.1698,0.969
16.266756757,-0.0249,0.9550,0.1683,0.970
16.268621642,-0.0247,0.9545,0.1659,0.969
16.279160411,-0.0269,0.9569,0.1598,0.971
16.280708757,-0.0298,0.9599,0.1559,0.973
16.281955219,-0.0296,0.9606,0.1559,0.974
16.283018911,-0.0327,0.9640,0.1515,0.976
16.284179104,-0.0337,0.9672,0.1488,0.979
16.285140027,-0.0347,0.9682,0.1468,0.980
16.285938604,-0.0374,0.9706,0.1439,0.982
16.286280488,-0.0366,0.9731,0.1422,0.984
16.286536681,-0.0379,0.9787,0.1393,0.989
16.304918642,-0.0364,0.9841,0.1368,0.994
16.306509257,-0.0371,0.9865,0.1356,0.996
16.307465257,-0.0379,0.9938,0.1319,1.003
16.308530565,-0.0359,1.0012,0.1285,1.010
16.309528181,-0.0349,1.0046,0.1275,1.013
16.310713565,-0.0337,1.0109,0.1256,1.019
16.311561488,-0.0325,1.0151,0.1246,1.023
16.312621488,-0.0291,1.0222,0.1248,1.030
16.313782411,-0.0293,1.0310,0.1239,1.039
16.314945411,-0.0296,1.0363,0.1224,1.044
16.31606845,-0.0264,1.0432,0.1224,1.051
16.317102527,-0.0237,1.0505,0.1246,1.058
16.318261719,-0.0225,1.0547,0.1253,1.062
16.319272988,-0.0210,1.0625,0.1263,1.070
16.320286642,-0.0191,1.0664,0.1278,1.074
16.321275642,-0.0161,1.0720,0.1292,1.080
16.322250988,-0.0127,1.0781,0.1309,1.086
16.323030757,-0.0112,1.0803,0.1329,1.089
16.323806334,-0.0083,1.0813,0.1339,1.090
16.326304988,-0.0044,1.0845,0.1366,1.093
16.331614719,-0.0029,1.0855,0.1361,1.094
16.332650642,-0.0007,1.0884,0.1351,1.097
16.333483565,0.0010,1.0903,0.1336,1.098
16.334411757,0.0039,1.0908,0.1358,1.099
16.33590018,0.0024,1.0938,0.1327,1.102
16.338443257,0.0027,1.0950,0.1327,1.103
16.339991719,0.0034,1.0964,0.1349,1.105
16.341858334,0.0012,1.0972,0.1319,1.105
16.343684257,0.0010,1.0986,0.1312,1.106
16.34586318,-0.0017,1.0984,0.1280,1.106
16.347545219,-0.0051,1.0996,0.1266,1.107
16.349574104,-0.0088,1.1021,0.1236,1.109
16.351617527,-0.0132,1.1057,0.1185,1.112
16.354092027,-0.0154,1.1084,0.1178,1.115
16.356538719,-0.0235,1.1116,0.1138,1.118
16.357988565,-0.0313,1.1143,0.1099,1.120
16.359419142,-0.0364,1.1162,0.1068,1.122
16.361476565,-0.0472,1.1211,0.1009,1.127
16.363445027,-0.0511,1.1238,0.0977,1.129
16.365472988,-0.0594,1.1299,0.0906,1.135
16.367472565,-0.0674,1.1372,0.0838,1.142
16.369261757,-0.0704,1.1404,0.0784,1.145
16.372296065,-0.0787,1.1473,0.0691,1.152
16.373879065,-0.0862,1.1565,0.0623,1.161
16.375276642,-0.0897,1.1612,0.0569,1.166
16.377308719,-0.0933,1.1724,0.0452,1.177
16.37921718,-0.0948,1.1776,0.0418,1.182
16.381264334,-0.0948,1.1898,0.0332,1.194
16.383330334,-0.0933,1.2037,0.0244,1.208
16.385071488,-0.0914,1.2108,0.0198,1.214
16.395778334,-0.0887,1.2262,0.0159,1.229
16.397199642,-0.0811,1.2438,0.0147,1.246
16.398233142,-0.0767,1.2521,0.0139,1.254
16.399218604,-0.0667,1.2697,0.0159,1.272
16.400210757,-0.0621,1.2782,0.0176,1.280
16.401174219,-0.0520,1.2951,0.0193,1.296
16.402153296,-0.0440,1.3112,0.0276,1.312
16.40335268,-0.0396,1.3166,0.0315,1.318
16.404392757,-0.0337,1.3273,0.0410,1.328
16.405495257,-0.0269,1.3354,0.0520,1.337
16.418250411,-0.0249,1.3383,0.0567,1.340
16.42020645,-0.0195,1.3386,0.0689,1.340
16.421728142,-0.0178,1.3388,0.0760,1.341
16.423166142,-0.0132,1.3351,0.0899,1.338
16.424804296,-0.0105,1.3312,0.1048,1.335
16.425933834,-0.0081,1.3278,0.1131,1.333
16.42721795,-0.0037,1.3205,0.1290,1.327
16.428322719,0.0022,1.3095,0.1454,1.318
16.429268411,0.0054,1.3048,0.1539,1.314
16.43037895,0.0117,1.2958,0.1705,1.307
16.431410719,0.0139,1.2909,0.1779,1.303
16.432519565,0.0200,1.2821,0.1893,1.296
16.433546142,0.0249,1.2743,0.2038,1.291
16.434772873,0.0274,1.2716,0.2081,1.289
16.435668334,0.0327,1.2655,0.2174,1.284
16.437064103,0.0352,1.2614,0.2238,1.282
16.441406103,0.0369,1.2604,0.2262,1.281
16.443208334,0.0388,1.2577,0.2314,1.279
16.444303911,0.0408,1.2565,0.2318,1.278
16.44590195,0.0462,1.2552,0.2316,1.277
16.447338988,0.0503,1.2521,0.2287,1.274
16.448779488,0.0508,1.2504,0.2255,1.272
16.450046796,0.0525,1.2472,0.2169,1.267
16.452034796,0.0547,1.2440,0.2057,1.262
16.454306103,0.0567,1.2406,0.1994,1.258
16.455965834,0.0584,1.2318,0.1857,1.247
16.458171257,0.0584,1.2276,0.1796,1.242
16.45984345,0.0594,1.2193,0.1625,1.232
16.462047334,0.0599,1.2096,0.1441,1.220
16.463991911,0.0613,1.2032,0.1339,1.212
16.466010065,0.0645,1.1883,0.1109,1.195
16.468145719,0.0650,1.1702,0.0848,1.175
16.469965603,0.0665,1.1605,0.0708,1.165
16.47425695,0.0694,1.1412,0.0403,1.144
16.474823642,0.0708,1.1297,0.0242,1.132
16.475939296,0.0708,1.1048,-0.0112,1.107
16.478036873,0.0687,1.0823,-0.0450,1.085
16.479968373,0.0674,1.0688,-0.0623,1.073
16.481770719,0.0647,1.0429,-0.0997,1.050
16.483757911,0.0586,1.0168,-0.1353,1.027
16.485741757,0.0564,1.0017,-0.1517,1.015
16.500009873,0.0535,0.9743,-0.1835,0.993
16.501327642,0.0493,0.9613,-0.1989,0.983
16.502438988,0.0423,0.9342,-0.2248,0.962
16.504755873,0.0327,0.9078,-0.2470,0.941
16.50656645,0.0266,0.8949,-0.2551,0.931
16.508249103,0.0151,0.8712,-0.2685,0.912
16.509985142,0.0024,0.8487,-0.2797,0.894
16.511086603,-0.0039,0.8377,-0.2832,0.884
16.512408796,-0.0154,0.8170,-0.2851,0.865
16.514062834,-0.0222,0.8077,-0.2846,0.857
16.515754873,-0.0344,0.7898,-0.2795,0.839
16.516911757,-0.0432,0.7718,-0.2707,0.819
16.518314142,-0.0469,0.7635,-0.2653,0.810
16.519869142,-0.0525,0.7510,-0.2494,0.793
16.522251296,-0.0564,0.7373,-0.2328,0.775
16.52363918,-0.0577,0.7305,-0.2223,0.766
16.525190411,-0.0596,0.7185,-0.2033,0.749
16.52597618,-0.0584,0.7131,-0.1918,0.741
16.526260719,-0.0577,0.7014,-0.1654,0.723
16.526517873,-0.0540,0.6892,-0.1400,0.705
16.528150603,-0.0518,0.6850,-0.1258,0.698
16.528739642,-0.0474,0.6745,-0.0980,0.683
16.53109818,-0.0415,0.6657,-0.0696,0.671
16.532778103,-0.0393,0.6626,-0.0542,0.666
16.53587918,-0.0335,0.6547,-0.0257,0.656
16.536754719,-0.0293,0.6516,-0.0103,0.652
16.53934195,-0.0215,0.6467,0.0186,0.647
16.540822565,-0.0122,0.6425,0.0454,0.644
16.543103219,-0.0078,0.6433,0.0574,0.646
16.544568526,-0.0005,0.6477,0.0806,0.653
16.546639719,0.0071,0.6518,0.1019,0.660
16.548668988,0.0120,0.6555,0.1097,0.665
16.550595873,0.0208,0.6623,0.1217,0.674
16.55228195,0.0242,0.6672,0.1256,0.679
16.554955834,0.0308,0.6787,0.1331,0.692
16.55637418,0.0362,0.6933,0.1324,0.707
16.558708603,0.0393,0.7009,0.1302,0.714
16.560408257,0.0479,0.7183,0.1239,0.730
16.562718065,0.0533,0.7271,0.1136,0.738
16.564272334,0.0567,0.7473,0.1077,0.757
16.56634895,0.0633,0.7686,0.0911,0.777
16.568032603,0.0665,0.7798,0.0823,0.787
16.571726142,0.0740,0.8035,0.0630,0.809
16.572510565,0.0811,0.8265,0.0457,0.832
16.574438603,0.0836,0.8399,0.0359,0.845
16.576131257,0.0870,0.8663,0.0154,0.871
16.57816018,0.0899,0.8785,0.0049,0.883
16.580275834,0.0919,0.9059,-0.0154,0.911
16.582089026,0.0933,0.9325,-0.0330,0.938
16.584043219,0.0928,0.9452,-0.0418,0.951
16.58605395,0.0933,0.9736,-0.0596,0.980
16.590952911,0.0901,0.9980,-0.0765,1.005
16.591535757,0.0870,1.0107,-0.0833,1.018
16.59208168,0.0804,1.0359,-0.0955,1.043
16.594121257,0.0721,1.0591,-0.1060,1.067
16.596176642,0.0660,1.0693,-0.1104,1.077
16.598038988,0.0547,1.0879,-0.1182,1.096
16.600010834,0.0469,1.0964,-0.1253,1.105
16.602365142,0.0413,1.1109,-0.1280,1.119
16.615821373,0.0300,1.1228,-0.1290,1.131
16.61705868,0.0239,1.1277,-0.1297,1.135
16.618154488,0.0132,1.1348,-0.1285,1.142
16.618893219,0.0024,1.1407,-0.1244,1.147
16.619862026,-0.0020,1.1426,-0.1226,1.149
16.620780373,-0.0122,1.1465,-0.1156,1.152
16.622163296,-0.0173,1.1465,-0.1112,1.152
16.623527988,-0.0296,1.1473,-0.1029,1.152
16.624502526,-0.0369,1.1465,-0.0923,1.151
16.625443719,-0.0401,1.1446,-0.0858,1.148
16.626217719,-0.0454,1.1385,-0.0738,1.142
16.626912988,-0.0515,1.1321,-0.0589,1.135
16.62801245,-0.0555,1.1285,-0.0520,1.131
16.630583411,-0.0621,1.1189,-0.0381,1.121
16.632013488,-0.0674,1.1143,-0.0305,1.117
16.636136796,-0.0774,1.1045,-0.0171,1.107
16.637501488,-0.0838,1.0935,-0.0044,1.097
16.63860095,-0.0870,1.0886,0.0024,1.092
16.641075296,-0.0975,1.0781,0.0156,1.083
16.642691988,-0.1073,1.0676,0.0274,1.073
16.645826526,-0.1104,1.0618,0.0330,1.068
16.646623757,-0.1187,1.0508,0.0447,1.058
16.647495257,-0.1214,1.0461,0.0501,1.054
16.64962818,-0.1273,1.0368,0.0599,1.046
16.651576565,-0.1295,1.0261,0.0723,1.037
16.653606603,-0.1302,1.0219,0.0782,1.033
16.656896911,-0.1329,1.0124,0.0884,1.025
16.659022103,-0.1339,1.0056,0.0994,1.019
16.660094449,-0.1329,1.0014,0.1051,1.016
16.661129065,-0.1302,0.9948,0.1146,1.010
16.663203026,-0.1258,0.9907,0.1234,1.006
16.665095911,-0.1241,0.9894,0.1275,1.005
16.667309026,-0.1168,0.9863,0.1368,1.003
16.669444873,-0.1090,0.9850,0.1415,1.001
16.679381796,-0.1058,0.9836,0.1500,1.001
16.680838834,-0.0994,0.9821,0.1564,0.999
16.681865911,-0.0965,0.9831,0.1605,1.001
16.682870834,-0.0882,0.9868,0.1661,1.005
16.683825911,-0.0818,0.9887,0.1739,1.007
16.684730142,-0.0794,0.9892,0.1781,1.008
16.685902526,-0.0711,0.9926,0.1852,1.012
16.686945103,-0.0623,0.9938,0.1881,1.013
16.688029603,-0.0584,0.9958,0.1913,1.016
16.704574026,-0.0530,0.9990,0.1967,1.020
16.706257373,-0.0498,0.9999,0.1994,1.021
16.707287796,-0.0408,1.0014,0.2030,1.023
16.70821818,-0.0337,1.0041,0.2033,1.025
16.709119026,-0.0310,1.0056,0.2050,1.027
16.710399065,-0.0242,1.0056,0.2069,1.027
16.711391411,-0.0200,1.0056,0.2067,1.027
16.712347411,-0.0161,1.0048,0.2060,1.026
16.71351168,-0.0086,1.0043,0.2072,1.026
16.714456257,-0.0051,1.0043,0.2060,1.025
16.715174949,-0.0017,1.0004,0.2025,1.021
16.715815373,-0.0005,0.9965,0.1994,1.016
16.716689988,0.0017,0.9958,0.1984,1.015
16.71741068,0.0054,0.9929,0.1950,1.012
16.718621796,0.0046,0.9882,0.1940,1.007
16.719608873,0.0042,0.9863,0.1930,1.005
16.72093868,0.0049,0.9831,0.1874,1.001
16.724014873,0.0049,0.9811,0.1857,0.999
16.725481834,0.0064,0.9755,0.1840,0.993
16.729583565,0.0044,0.9726,0.1793,0.989
16.730463719,0.0046,0.9706,0.1771,0.987
16.731377065,0.0056,0.9662,0.1742,0.982
16.73224618,0.0044,0.9635,0.1700,0.978
16.734159103,0.0042,0.9584,0.1608,0.972
16.736093719,0.0042,0.9533,0.1532,0.966
16.739541334,0.0042,0.9518,0.1490,0.963
16.741069488,0.0068,0.9460,0.1402,0.956
16.742898488,0.0105,0.9403,0.1302,0.949
16.744230026,0.0115,0.9379,0.1248,0.946
16.746063257,0.0147,0.9333,0.1173,0.941
16.748162911,0.0173,0.9289,0.1107,0.936
16.749994449,0.0169,0.9267,0.1073,0.933
16.752000103,0.0137,0.9198,0.1016,0.926
16.754122642,0.0149,0.9161,0.1002,0.922
16.757114526,0.0200,0.9110,0.0970,0.916
16.758465449,0.0222,0.9056,0.0948,0.911
16.759661142,0.0237,0.9032,0.0950,0.908
16.761835872,0.0257,0.8986,0.0989,0.904
16.763765603,0.0288,0.8942,0.1029,0.901
16.765773103,0.0300,0.8922,0.1046,0.899
16.767721565,0.0322,0.8888,0.1099,0.896
16.769808911,0.0325,0.8856,0.1134,0.893
16.77889168,0.0342,0.8822,0.1209,0.891
16.780308411,0.0359,0.8807,0.1270,0.891
16.781290103,0.0357,0.8788,0.1314,0.889
16.782315449,0.0357,0.8780,0.1402,0.890
16.783280872,0.0366,0.8785,0.1483,0.892
16.784216603,0.0362,0.8780,0.1515,0.892
16.785185219,0.0374,0.8785,0.1586,0.894
16.786302334,0.0379,0.8771,0.1610,0.893
16.802114642,0.0391,0.8771,0.1664,0.894
16.803651642,0.0398,0.8790,0.1717,0.897
16.804835257,0.0406,0.8797,0.1735,0.898
16.806069603,0.0428,0.8793,0.1781,0.898
16.807178949,0.0447,0.8805,0.1813,0.900
16.80812718,0.0452,0.8815,0.1825,0.901
16.809203719,0.0457,0.8832,0.1845,0.903
16.81014668,0.0472,0.8841,0.1847,0.904
16.811178065,0.0513,0.8846,0.1862,0.905
16.811958796,0.0533,0.8890,0.1869,0.910
16.812655642,0.0537,0.8917,0.1864,0.913
16.813592334,0.0569,0.8922,0.1852,0.913
16.814305834,0.0594,0.8934,0.1840,0.914
16.815201911,0.0608,0.8954,0.1825,0.916
16.815975372,0.0645,0.8976,0.1823,0.918
16.818381834,0.0684,0.8993,0.1815,0.920
16.819879219,0.0694,0.9000,0.1776,0.920
16.826670026,0.0735,0.9005,0.1752,0.920
16.828158911,0.0760,0.8998,0.1732,0.919
16.82925168,0.0804,0.9003,0.1710,0.920
16.830386296,0.0875,0.8986,0.1676,0.918
16.831251488,0.0911,0.8978,0.1649,0.917
16.831921719,0.0975,0.8961,0.1603,0.916
16.832994142,0.1021,0.8937,0.1566,0.913
16.834891872,0.1046,0.8937,0.1539,0.913
16.836680603,0.1104,0.8932,0.1529,0.913
16.839596411,0.1136,0.8932,0.1522,0.913
16.842853296,0.1192,0.8937,0.1505,0.914
16.843834103,0.1229,0.8959,0.1524,0.917
16.844877872,0.1234,0.8964,0.1529,0.918
16.84672168,0.1261,0.8981,0.1561,0.920
16.848948603,0.1273,0.9012,0.1581,0.924
16.850872642,0.1278,0.9027,0.1595,0.926
16.852651488,0.1266,0.9059,0.1664,0.930
16.855801296,0.1266,0.9074,0.1671,0.931
16.857297603,0.1278,0.9103,0.1695,0.935
16.858596796,0.1253,0.9152,0.1722,0.940
16.860345757,0.1246,0.9171,0.1730,0.942
16.862506526,0.1224,0.9218,0.1727,0.946
16.864443834,0.1202,0.9281,0.1710,0.951
16.866537449,0.1180,0.9311,0.1705,0.954
16.868319103,0.1146,0.9364,0.1710,0.959
16.870793103,0.1141,0.9379,0.1700,0.960
16.873743065,0.1124,0.9433,0.1652,0.964
16.87521618,0.1104,0.9462,0.1615,0.966
16.876792911,0.1090,0.9484,0.1600,0.968
16.878419757,0.1094,0.9489,0.1546,0.968
16.880399565,0.1094,0.9511,0.1463,0.968
16.88232018,0.1092,0.9518,0.1432,0.969
16.884191488,0.1109,0.9518,0.1373,0.968
16.886268372,0.1134,0.9501,0.1329,0.966
16.896690795,0.1141,0.9482,0.1300,0.964
16.898281142,0.1138,0.9472,0.1256,0.962
16.899180565,0.1151,0.9464,0.1224,0.961
16.900324103,0.1156,0.9416,0.1214,0.956
16.901551219,0.1170,0.9374,0.1202,0.952
16.902033142,0.1180,0.9367,0.1195,0.952
16.902289026,0.1200,0.9335,0.1190,0.949
16.902528795,0.1197,0.9274,0.1185,0.943
16.903924488,0.1190,0.9259,0.1185,0.941
16.92258818,0.1204,0.9215,0.1187,0.937
16.924257719,0.1229,0.9193,0.1192,0.935
16.925140103,0.1239,0.9174,0.1200,0.933
16.926096795,0.1251,0.9139,0.1212,0.930
16.926918411,0.1251,0.9135,0.1226,0.930
16.927976988,0.1246,0.9120,0.1229,0.929
16.92921468,0.1241,0.9088,0.1229,0.925
16.930423257,0.1251,0.9086,0.1239,0.925
16.931550488,0.1234,0.9086,0.1256,0.925
16.932486603,0.1231,0.9098,0.1268,0.927
16.933548026,0.1234,0.9122,0.1287,0.930
16.934433911,0.1236,0.9171,0.1314,0.935
16.935104642,0.1236,0.9196,0.1317,0.937
16.935960988,0.1222,0.9252,0.1339,0.943
16.936616719,0.1212,0.9330,0.1358,0.951
16.937621219,0.1214,0.9386,0.1371,0.956
16.938495257,0.1207,0.9491,0.1378,0.967
16.93984618,0.1200,0.9535,0.1383,0.971
16.942476257,0.1182,0.9645,0.1395,0.982
16.943998334,0.1143,0.9780,0.1390,0.994
16.945438103,0.1141,0.9828,0.1393,0.999
16.947710372,0.1134,0.9951,0.1383,1.011
16.949478526,0.1124,1.0080,0.1378,1.024
16.954418949,0.1129,1.0158,0.1358,1.031
16.955612795,0.1146,1.0307,0.1341,1.046
16.956811103,0.1146,1.0378,0.1334,1.053
16.958015488,0.1126,1.0532,0.1280,1.067
16.960687103,0.1138,1.0669,0.1258,1.080
16.962337219,0.1146,1.0725,0.1246,1.086
16.963564949,0.1156,1.0818,0.1214,1.095
16.966046757,0.1185,1.0916,0.1204,1.105
16.967201449,0.1187,1.0969,0.1202,1.110
16.969095603,0.1190,1.1055,0.1187,1.118
16.971091565,0.1190,1.1092,0.1185,1.122
16.981430488,0.1222,1.1162,0.1160,1.129
16.982247565,0.1209,1.1204,0.1146,1.133
16.98268368,0.1202,1.1233,0.1151,1.136
16.983117757,0.1190,1.1275,0.1143,1.139
16.983537026,0.1180,1.1297,0.1126,1.141
16.983945642,0.1170,1.1311,0.1092,1.142
16.984809834,0.1124,1.1336,0.1046,1.144
16.98721368,0.1109,1.1326,0.1026,1.143
17.007632642,0.1087,1.1321,0.0948,1.141
17.009025488,0.1041,1.1297,0.0899,1.138
17.01010468,0.1011,1.1294,0.0872,1.137
17.01092818,0.0948,1.1289,0.0801,1.136
17.011921526,0.0892,1.1280,0.0699,1.134
17.012997488,0.0860,1.1265,0.0662,1.132
17.014145488,0.0811,1.1241,0.0596,1.129
17.015174295,0.0787,1.1233,0.0559,1.127
17.015978642,0.0740,1.1223,0.0525,1.126
17.016785718,0.0682,1.1228,0.0479,1.126
17.017654718,0.0660,1.1223,0.0469,1.125
17.018640603,0.0628,1.1248,0.0462,1.127
17.019301988,0.0584,1.1265,0.0457,1.129
17.020111642,0.0562,1.1316,0.0469,1.134
17.021149988,0.0498,1.1414,0.0508,1.144
17.022277757,0.0459,1.1473,0.0535,1.149
17.023295257,0.0376,1.1600,0.0601,1.162
17.024224872,0.0313,1.1761,0.0665,1.178
17.02498068,0.0276,1.1859,0.0694,1.188
17.025984526,0.0203,1.2071,0.0738,1.210
17.028229911,0.0147,1.2184,0.0794,1.221
17.030311295,0.0103,1.2428,0.0806,1.245
17.032087218,0.0010,1.2662,0.0853,1.269
17.034179449,-0.0046,1.2777,0.0865,1.281
17.035858218,-0.0159,1.3029,0.0882,1.306
17.039582372,-0.0254,1.3244,0.0904,1.328
17.041152872,-0.0320,1.3339,0.0892,1.337
17.042320911,-0.0437,1.3488,0.0865,1.352
17.043759295,-0.0535,1.3610,0.0858,1.365
17.045907411,-0.0572,1.3645,0.0845,1.368
17.047873872,-0.0606,1.3679,0.0816,1.372
17.049762565,-0.0613,1.3684,0.0799,1.372
17.051862295,-0.0603,1.3637,0.0794,1.367
17.053695026,-0.0579,1.3576,0.0840,1.361
17.057437526,-0.0557,1.3520,0.0877,1.356
17.058868565,-0.0501,1.3381,0.0953,1.342
17.060409718,-0.0450,1.3227,0.1038,1.328
17.061818488,-0.0413,1.3144,0.1094,1.320
17.063497372,-0.0332,1.2956,0.1236,1.302
17.065446334,-0.0300,1.2868,0.1295,1.294
17.067576565,-0.0257,1.2682,0.1424,1.276
17.069553103,-0.0178,1.2499,0.1527,1.259
17.079585834,-0.0144,1.2425,0.1571,1.253
17.080947757,-0.0107,1.2293,0.1600,1.240
17.08194118,-0.0083,1.2176,0.1573,1.228
17.082239526,-0.0073,1.2135,0.1512,1.223
17.082484834,-0.0088,1.2081,0.1373,1.216
17.082729334,-0.0098,1.2064,0.1285,1.213
17.083301372,-0.0120,1.2052,0.1073,1.210
17.085078295,-0.0144,1.2022,0.0831,1.205
17.087035218,-0.0164,1.2015,0.0699,1.204
17.100002141,-0.0230,1.2047,0.0445,1.206
17.100603757,-0.0322,1.2064,0.0237,1.207
17.100846372,-0.0342,1.2091,0.0139,1.210
17.101083295,-0.0393,1.2093,-0.0039,1.210
17.101318834,-0.0420,1.2091,-0.0098,1.210
17.101604526,-0.0469,1.2103,-0.0191,1.211
17.101849141,-0.0459,1.2069,-0.0281,1.208
17.10273968,-0.0462,1.2042,-0.0305,1.205
17.107032757,-0.0425,1.1971,-0.0315,1.198
17.107646141,-0.0381,1.1932,-0.0352,1.194
17.108688718,-0.0352,1.1839,-0.0357,1.185
17.110940757,-0.0274,1.1705,-0.0342,1.171
17.112630526,-0.0230,1.1609,-0.0325,1.162
17.114589757,-0.0147,1.1419,-0.0300,1.142
17.116497449,-0.0059,1.1204,-0.0288,1.121
17.118861949,0.0000,1.1082,-0.0281,1.109
17.120531449,0.0110,1.0820,-0.0279,1.082
17.122754872,0.0164,1.0698,-0.0281,1.070
17.125014411,0.0259,1.0410,-0.0286,1.042
17.126532718,0.0369,1.0112,-0.0300,1.012
17.128375257,0.0435,0.9960,-0.0310,0.997
17.130480065,0.0564,0.9631,-0.0300,0.965
17.132586757,0.0687,0.9271,-0.0332,0.930
17.134516026,0.0735,0.9115,-0.0352,0.915
17.136360949,0.0831,0.8768,-0.0371,0.882
17.139320334,0.0872,0.8587,-0.0388,0.864
17.140385334,0.0953,0.8245,-0.0432,0.831
17.142287718,0.1046,0.7901,-0.0481,0.798
17.144100065,0.1082,0.7727,-0.0498,0.782
17.146163603,0.1119,0.7400,-0.0569,0.751
17.148088834,0.1131,0.7090,-0.0618,0.721
17.150201795,0.1126,0.6953,-0.0655,0.707
17.15194218,0.1112,0.6692,-0.0713,0.682
17.153904218,0.1094,0.6569,-0.0730,0.670
17.15671768,0.1026,0.6350,-0.0745,0.647
17.158316295,0.0955,0.6147,-0.0750,0.627
17.160119295,0.0911,0.6061,-0.0757,0.618
17.162217526,0.0823,0.5907,-0.0765,0.601
17.163924641,0.0728,0.5795,-0.0772,0.589
17.166221257,0.0691,0.5753,-0.0772,0.585
17.167997757,0.0599,0.5680,-0.0745,0.576
17.170027334,0.0545,0.5646,-0.0728,0.572
17.172913218,0.0408,0.5641,-0.0701,0.570
17.174491795,0.0269,0.5656,-0.0650,0.570
17.176704372,0.0193,0.5692,-0.0599,0.573
17.17797118,-0.0002,0.5761,-0.0513,0.578
17.179949641,-0.0191,0.5819,-0.0403,0.584
17.181841372,-0.0300,0.5990,-0.0342,0.601
17.183712065,-0.0528,0.6166,-0.0222,0.619
17.185548488,-0.0647,0.6271,-0.0151,0.631
17.18775468,-0.0880,0.6501,-0.0010,0.656
17.196826526,-0.1102,0.6750,0.0151,0.684
17.198199488,-0.1200,0.6892,0.0227,0.700
17.198996988,-0.1380,0.7205,0.0362,0.734
17.199756718,-0.1524,0.7349,0.0489,0.752
17.20242318,-0.1590,0.7669,0.0542,0.785
17.203467026,-0.1720,0.8018,0.0628,0.822
17.204488872,-0.1774,0.8189,0.0677,0.841
17.205638449,-0.1854,0.8558,0.0752,0.879
17.206632334,-0.1886,0.8942,0.0833,0.918
17.207634103,-0.1906,0.9127,0.0858,0.936
17.227734911,-0.1896,0.9479,0.0897,0.971
17.22921568,-0.1857,0.9653,0.0921,0.987
17.230304564,-0.1803,1.0012,0.0955,1.022
17.231246949,-0.1693,1.0366,0.0963,1.055
17.232243718,-0.1644,1.0530,0.0972,1.070
17.233279141,-0.1512,1.0842,0.0987,1.099
17.234408103,-0.1346,1.1140,0.0989,1.126
17.23539768,-0.1253,1.1280,0.0975,1.139
17.23625768,-0.1102,1.1539,0.0931,1.163
17.237194911,-0.0938,1.1756,0.0909,1.183
17.238192911,-0.0862,1.1854,0.0894,1.192
17.239242218,-0.0728,1.2037,0.0840,1.209
17.240136488,-0.0655,1.2113,0.0814,1.216
17.241089757,-0.0535,1.2245,0.0765,1.228
17.242001372,-0.0450,1.2340,0.0704,1.237
17.242990795,-0.0413,1.2352,0.0647,1.238
17.243723834,-0.0340,1.2347,0.0559,1.236
17.244416372,-0.0291,1.2325,0.0464,1.234
17.245194218,-0.0279,1.2289,0.0423,1.230
17.24768568,-0.0239,1.2215,0.0318,1.222
17.249139834,-0.0208,1.2184,0.0264,1.219
17.250790257,-0.0183,1.2088,0.0142,1.209
17.252833372,-0.0159,1.1981,0.0054,1.198
17.254967257,-0.0154,1.1910,0.0010,1.191
17.258215757,-0.0176,1.1780,-0.0066,1.178
17.260626834,-0.0183,1.1712,-0.0147,1.171
17.261939064,-0.0195,1.1587,-0.0186,1.159
17.26296018,-0.0220,1.1426,-0.0259,1.143
17.26428918,-0.0232,1.1341,-0.0293,1.135
17.266270949,-0.0279,1.1177,-0.0349,1.119
17.268270064,-0.0344,1.1001,-0.0398,1.101
17.270433026,-0.0359,1.0925,-0.0418,1.094
17.279737757,-0.0406,1.0725,-0.0440,1.074
17.281183103,-0.0474,1.0549,-0.0452,1.057
17.282316334,-0.0489,1.0447,-0.0454,1.047
17.283313218,-0.0515,1.0241,-0.0413,1.026
17.284367911,-0.0530,1.0141,-0.0401,1.016
17.285389795,-0.0545,0.9941,-0.0330,0.996
17.286054488,-0.0581,0.9753,-0.0247,0.977
17.286412603,-0.0608,0.9660,-0.0203,0.968
17.288549103,-0.0621,0.9491,-0.0105,0.951
17.303384103,-0.0608,0.9323,0.0032,0.934
17.305730795,-0.0603,0.9240,0.0110,0.926
17.308118911,-0.0596,0.9098,0.0293,0.912
17.309555603,-0.0574,0.9037,0.0486,0.907
17.310708834,-0.0562,0.8925,0.0584,0.896
17.311786872,-0.0525,0.8844,0.0777,0.889
17.31283418,-0.0508,0.8800,0.0887,0.886
17.313923757,-0.0452,0.8736,0.1109,0.882
17.314638257,-0.0403,0.8683,0.1334,0.879
17.315320641,-0.0369,0.8663,0.1444,0.879
17.316120257,-0.0293,0.8639,0.1652,0.880
17.316736757,-0.0269,0.8624,0.1744,0.880
17.317514949,-0.0235,0.8614,0.1930,0.883
17.318304911,-0.0205,0.8639,0.2091,0.889
17.318949372,-0.0183,0.8646,0.2174,0.892
17.319800372,-0.0147,0.8661,0.2306,0.896
17.32226268,-0.0095,0.8675,0.2416,0.901
17.324123872,-0.0066,0.8692,0.2460,0.903
17.325548526,-0.0024,0.8734,0.2489,0.908
17.32782768,0.0032,0.8744,0.2521,0.910
17.330581526,0.0054,0.8785,0.2521,0.914
17.331797411,0.0076,0.8812,0.2497,0.916
17.333508141,0.0090,0.8824,0.2463,0.916
17.335598603,0.0134,0.8871,0.2367,0.918
17.33760218,0.0191,0.8907,0.2240,0.919
17.34046818,0.0217,0.8915,0.2182,0.918
17.342047411,0.0261,0.8939,0.2047,0.917
17.343529141,0.0293,0.8973,0.1891,0.918
17.345428218,0.0335,0.8981,0.1798,0.917
17.347559526,0.0374,0.8995,0.1639,0.915
17.349310987,0.0408,0.9015,0.1561,0.916
17.35143268,0.0491,0.9025,0.1424,0.915
17.35341018,0.0535,0.9047,0.1275,0.915
17.355303757,0.0581,0.9061,0.1197,0.916
17.358227487,0.0643,0.9066,0.1041,0.915
17.359702564,0.0689,0.9083,0.0926,0.916
17.361266834,0.0708,0.9086,0.0862,0.915
17.363123064,0.0757,0.9100,0.0757,0.916
17.364938449,0.0777,0.9093,0.0711,0.915
17.367182872,0.0804,0.9088,0.0623,0.914
17.369179026,0.0836,0.9100,0.0559,0.916
17.37108868,0.0843,0.9108,0.0535,0.916
17.374152411,0.0848,0.9098,0.0498,0.915
17.375670757,0.0848,0.9093,0.0469,0.914
17.376996641,0.0845,0.9093,0.0452,0.914
17.37899668,0.0848,0.9098,0.0428,0.915
17.38071818,0.0833,0.9103,0.0430,0.915
17.382721872,0.0804,0.9093,0.0452,0.914
17.384729834,0.0787,0.9074,0.0472,0.912
17.386806911,0.0777,0.9056,0.0486,0.910
17.388782641,0.0750,0.9037,0.0508,0.908
17.397719487,0.0713,0.9025,0.0547,0.907
17.399146141,0.0689,0.9022,0.0562,0.907
17.400048564,0.0625,0.9022,0.0601,0.906
17.40099741,0.0608,0.9022,0.0625,0.906
17.40226891,0.0564,0.8995,0.0684,0.904
17.403207872,0.0530,0.8986,0.0738,0.903
17.421271218,0.0518,0.8981,0.0757,0.903
17.423002295,0.0474,0.9000,0.0821,0.905
17.42410768,0.0452,0.9010,0.0848,0.906
17.425016795,0.0401,0.9005,0.0911,0.906
17.426260372,0.0384,0.9017,0.0953,0.908
17.427227218,0.0359,0.9027,0.0977,0.909
17.428429141,0.0313,0.9037,0.1029,0.910
17.429530372,0.0300,0.9049,0.1082,0.912
17.430503987,0.0293,0.9061,0.1119,0.913
17.431264257,0.0257,0.9066,0.1192,0.915
17.432240449,0.0252,0.9091,0.1222,0.918
17.433107757,0.0247,0.9132,0.1280,0.922
17.434170026,0.0242,0.9159,0.1339,0.926
17.435049718,0.0230,0.9171,0.1366,0.928
17.436089987,0.0220,0.9205,0.1407,0.931
17.437040987,0.0200,0.9240,0.1473,0.936
17.438091834,0.0193,0.9257,0.1502,0.938
17.439133641,0.0171,0.9264,0.1551,0.939
17.440287026,0.0144,0.9291,0.1581,0.943
17.441243834,0.0129,0.9335,0.1647,0.948
17.442288718,0.0120,0.9352,0.1710,0.951
17.444770487,0.0105,0.9374,0.1722,0.953
17.446309103,0.0088,0.9396,0.1781,0.956
17.450745257,0.0071,0.9384,0.1827,0.956
17.451867526,0.0068,0.9391,0.1847,0.957
17.452653103,0.0086,0.9411,0.1903,0.960
17.453930064,0.0068,0.9430,0.1952,0.963
17.457253526,0.0064,0.9433,0.1969,0.964
17.458772449,0.0049,0.9438,0.1998,0.965
17.460541603,0.0044,0.9438,0.2006,0.965
17.461801103,0.0027,0.9442,0.2033,0.966
17.46392941,-0.0007,0.9469,0.2050,0.969
17.46595818,-0.0015,0.9484,0.2052,0.970
17.467811487,-0.0039,0.9499,0.2067,0.972
17.469701449,-0.0068,0.9528,0.2074,0.975
17.472165526,-0.0090,0.9543,0.2060,0.976
17.48052218,-0.0115,0.9565,0.2018,0.978
17.482068064,-0.0147,0.9579,0.1964,0.978
17.483043526,-0.0169,0.9611,0.1945,0.981
17.484099949,-0.0198,0.9631,0.1910,0.982
17.48508991,-0.0222,0.9648,0.1869,0.983
17.485948026,-0.0244,0.9670,0.1776,0.983
17.486251295,-0.0271,0.9687,0.1700,0.984
17.487548487,-0.0288,0.9687,0.1666,0.983
17.503099218,-0.0281,0.9701,0.1603,0.984
17.504517834,-0.0298,0.9716,0.1529,0.984
17.505791795,-0.0310,0.9723,0.1493,0.984
17.506700526,-0.0313,0.9721,0.1422,0.983
17.507908333,-0.0303,0.9711,0.1388,0.981
17.509007141,-0.0281,0.9704,0.1341,0.980
17.510187257,-0.0254,0.9682,0.1307,0.977
17.51137218,-0.0239,0.9672,0.1292,0.976
17.512195064,-0.0239,0.9650,0.1285,0.974
17.513147564,-0.0208,0.9613,0.1302,0.970
17.514019833,-0.0191,0.9591,0.1324,0.968
17.51475818,-0.0156,0.9560,0.1341,0.965
17.515657872,-0.0142,0.9535,0.1363,0.963
17.51637468,-0.0127,0.9504,0.1397,0.961
17.517314949,-0.0107,0.9467,0.1419,0.957
17.519849103,-0.0098,0.9457,0.1441,0.957
17.521512641,-0.0061,0.9430,0.1480,0.955
17.528058257,-0.0015,0.9408,0.1515,0.953
17.529685872,0.0005,0.9364,0.1534,0.949
17.53072318,0.0034,0.9357,0.1576,0.949
17.531818064,0.0059,0.9347,0.1583,0.948
17.533473372,0.0117,0.9328,0.1632,0.947
17.534340295,0.0142,0.9318,0.1659,0.947
17.535281449,0.0161,0.9308,0.1691,0.946
17.536807949,0.0183,0.9335,0.1764,0.950
17.539057064,0.0205,0.9342,0.1810,0.952
17.542664641,0.0225,0.9350,0.1835,0.953
17.544144872,0.0225,0.9384,0.1901,0.958
17.545227487,0.0225,0.9406,0.1930,0.960
17.547077141,0.0247,0.9469,0.1994,0.968
17.548562795,0.0249,0.9516,0.2064,0.974
17.550465718,0.0247,0.9538,0.2099,0.977
17.552542603,0.0249,0.9591,0.2147,0.983
17.554343333,0.0261,0.9675,0.2189,0.992
17.556793218,0.0264,0.9716,0.2209,0.997
17.560077603,0.0271,0.9787,0.2226,1.004
17.56185341,0.0274,0.9841,0.2243,1.010
17.562957833,0.0276,0.9941,0.2253,1.020
17.56441668,0.0283,1.0014,0.2245,1.027
17.566582295,0.0291,1.0065,0.2240,1.032
17.568411872,0.0315,1.0139,0.2240,1.039
17.570253641,0.0349,1.0214,0.2211,1.046
17.572362718,0.0369,1.0251,0.2191,1.049
17.57524091,0.0413,1.0324,0.2140,1.055
17.576660372,0.0445,1.0361,0.2103,1.058
17.578297257,0.0506,1.0410,0.2040,1.062
17.580287372,0.0564,1.0459,0.1994,1.066
17.582258795,0.0601,1.0471,0.1974,1.067
17.584063718,0.0643,1.0522,0.1906,1.071
17.586194372,0.0696,1.0537,0.1840,1.072
17.58801118,0.0723,1.0561,0.1808,1.074
17.597437564,0.0762,1.0583,0.1769,1.076
17.598862449,0.0779,1.0588,0.1732,1.076
17.599926872,0.0794,1.0586,0.1683,1.075
17.600911987,0.0843,1.0576,0.1644,1.074
17.602076218,0.0848,1.0576,0.1625,1.073
17.602979064,0.0845,1.0561,0.1583,1.071
17.603941718,0.0801,1.0552,0.1554,1.070
17.604960333,0.0792,1.0554,0.1549,1.070
17.606031103,0.0713,1.0571,0.1537,1.071
17.62073591,0.0667,1.0576,0.1529,1.071
17.621277641,0.0559,1.0569,0.1512,1.069
17.621577564,0.0457,1.0559,0.1485,1.067
17.621827141,0.0384,1.0554,0.1480,1.066
17.622060564,0.0252,1.0559,0.1439,1.066
17.62228941,0.0095,1.0591,0.1410,1.068
17.622538872,0.0017,1.0598,0.1390,1.069
17.622765641,-0.0115,1.0593,0.1371,1.068
17.629766718,-0.0254,1.0620,0.1351,1.071
17.630262333,-0.0332,1.0659,0.1317,1.075
17.630516256,-0.0469,1.0679,0.1302,1.077
17.630751564,-0.0530,1.0698,0.1273,1.079
17.631465256,-0.0635,1.0720,0.1248,1.081
17.633200141,-0.0738,1.0776,0.1219,1.087
17.635176295,-0.0792,1.0806,0.1190,1.090
17.63740041,-0.0897,1.0859,0.1156,1.096
17.640360295,-0.0970,1.0896,0.1121,1.100
17.641555333,-0.1011,1.0911,0.1116,1.101
17.64312841,-0.1092,1.0957,0.1087,1.106
17.645095987,-0.1129,1.0991,0.1075,1.110
17.647029218,-0.1175,1.1038,0.1051,1.115
17.648864641,-0.1182,1.1079,0.1058,1.119
17.651132295,-0.1185,1.1109,0.1065,1.122
17.653116449,-0.1160,1.1157,0.1075,1.127
17.65512291,-0.1143,1.1211,0.1094,1.132
17.657554449,-0.1131,1.1238,0.1107,1.135
17.659269641,-0.1097,1.1285,0.1146,1.140
17.661011295,-0.1068,1.1328,0.1175,1.144
17.662886064,-0.1011,1.1424,0.1246,1.154
17.66481818,-0.0936,1.1531,0.1327,1.164
17.66699941,-0.0887,1.1587,0.1371,1.170
17.66885391,-0.0770,1.1707,0.1466,1.182
17.67104041,-0.0635,1.1834,0.1564,1.195
17.673829987,-0.0569,1.1888,0.1620,1.201
17.674979872,-0.0437,1.2027,0.1732,1.216
17.677504333,-0.0384,1.2098,0.1798,1.224
17.67887191,-0.0269,1.2259,0.1891,1.241
17.680902372,-0.0173,1.2391,0.1981,1.255
17.68278291,-0.0115,1.2440,0.2018,1.260
17.684778756,-0.0032,1.2550,0.2074,1.272
17.686859295,0.0046,1.2631,0.2113,1.281
17.68877268,0.0086,1.2653,0.2125,1.283
17.69897441,0.0173,1.2677,0.2133,1.286
17.700391641,0.0242,1.2687,0.2128,1.287
17.701592256,0.0271,1.2675,0.2135,1.286
17.702647333,0.0349,1.2650,0.2116,1.283
17.703548795,0.0386,1.2636,0.2103,1.282
17.704556064,0.0479,1.2592,0.2077,1.277
17.705940756,0.0567,1.2562,0.2069,1.274
17.706314949,0.0611,1.2538,0.2074,1.272
17.706632103,0.0672,1.2504,0.2064,1.269
17.721644487,0.0704,1.2472,0.2116,1.267
17.722207872,0.0711,1.2455,0.2150,1.266
17.722469795,0.0750,1.2430,0.2187,1.264
17.72270641,0.0750,1.2421,0.2211,1.264
17.722927256,0.0755,1.2416,0.2238,1.264
17.723153603,0.0748,1.2379,0.2243,1.260
17.723381179,0.0735,1.2381,0.2248,1.261
17.72360741,0.0694,1.2386,0.2238,1.261
17.723991333,0.0684,1.2377,0.2209,1.259
17.729640679,0.0621,1.2384,0.2123,1.258
17.730201026,0.0535,1.2381,0.2016,1.256
17.730447987,0.0498,1.2377,0.1947,1.254
17.731939949,0.0388,1.2406,0.1825,1.255
17.734041333,0.0298,1.2416,0.1693,1.253
17.735867795,0.0261,1.2416,0.1608,1.252
17.737774987,0.0188,1.2399,0.1451,1.248
17.740984449,0.0166,1.2384,0.1373,1.246
17.742037256,0.0134,1.2384,0.1192,1.244
17.743708256,0.0110,1.2342,0.1009,1.238
17.745758679,0.0110,1.2306,0.0931,1.234
17.747684026,0.0117,1.2228,0.0735,1.225
17.749659487,0.0144,1.2130,0.0562,1.214
17.761627679,0.0149,1.2066,0.0467,1.208
17.762921949,0.0147,1.1934,0.0259,1.194
17.764033449,0.0144,1.1861,0.0164,1.186
17.765216103,0.0120,1.1700,-0.0027,1.170
17.766546679,0.0103,1.1495,-0.0239,1.150
17.767713987,0.0068,1.1399,-0.0357,1.141
17.769176949,0.0042,1.1189,-0.0589,1.120
17.770508872,0.0010,1.0928,-0.0821,1.096
17.771661295,0.0000,1.0796,-0.0943,1.084
17.772976603,-0.0007,1.0525,-0.1175,1.059
17.774343141,-0.0024,1.0368,-0.1397,1.046
17.775419872,-0.0032,1.0053,-0.1507,1.017
17.776463487,-0.0046,0.9762,-0.1688,0.991
17.777649679,-0.0046,0.9613,-0.1774,0.978
17.787421064,-0.0076,0.9328,-0.1918,0.952
17.787969333,-0.0112,0.9056,-0.1994,0.927
17.788227718,-0.0129,0.8915,-0.2020,0.914
17.788463756,-0.0166,0.8668,-0.2042,0.891
17.788700333,-0.0205,0.8424,-0.2003,0.866
17.789203179,-0.0242,0.8324,-0.1957,0.855
17.813087718,-0.0305,0.8133,-0.1830,0.834
17.813715795,-0.0337,0.8045,-0.1744,0.824
17.813970756,-0.0391,0.7881,-0.1564,0.804
17.814213295,-0.0442,0.7732,-0.1368,0.786
17.814437679,-0.0476,0.7659,-0.1256,0.778
17.814669526,-0.0518,0.7534,-0.0999,0.762
17.814903333,-0.0569,0.7429,-0.0752,0.749
17.815143872,-0.0599,0.7385,-0.0630,0.744
17.815385103,-0.0643,0.7288,-0.0379,0.733
17.815627026,-0.0665,0.7234,-0.0252,0.727
17.815856295,-0.0687,0.7144,-0.0034,0.718
17.816084179,-0.0694,0.7068,0.0178,0.710
17.816318679,-0.0704,0.7024,0.0279,0.706
17.816705526,-0.0699,0.6938,0.0476,0.699
17.81884291,-0.0662,0.6872,0.0638,0.693
17.820654795,-0.0647,0.6843,0.0701,0.691
17.823745949,-0.0601,0.6779,0.0833,0.686
17.824560256,-0.0559,0.6745,0.0899,0.683
17.826463026,-0.0489,0.6684,0.1019,0.678
17.828482141,-0.0386,0.6660,0.1141,0.677
17.830420026,-0.0327,0.6650,0.1182,0.676
17.832570487,-0.0225,0.6670,0.1270,0.679
17.834601987,-0.0100,0.6684,0.1339,0.682
17.836594564,-0.0020,0.6701,0.1361,0.684
17.838469026,0.0127,0.6748,0.1393,0.689
17.840907718,0.0193,0.6777,0.1410,0.692
17.842383564,0.0325,0.6875,0.1444,0.703
17.844386064,0.0467,0.6968,0.1446,0.713
17.846299833,0.0535,0.7019,0.1441,0.719
17.84837341,0.0687,0.7146,0.1395,0.731
17.850468756,0.0796,0.7295,0.1336,0.746
17.852262795,0.0853,0.7376,0.1290,0.754
17.854334026,0.0958,0.7537,0.1190,0.769
17.85784091,0.1004,0.7610,0.1136,0.776
17.858533449,0.1094,0.7798,0.0994,0.794
17.860224756,0.1163,0.8018,0.0870,0.815
17.862111372,0.1207,0.8123,0.0806,0.825
17.864061718,0.1268,0.8348,0.0662,0.847
17.866133718,0.1292,0.8575,0.0523,0.869
17.868246256,0.1305,0.8690,0.0445,0.880
17.870005564,0.1329,0.8937,0.0300,0.904
17.871925102,0.1341,0.9056,0.0222,0.916
17.874574795,0.1314,0.9291,0.0083,0.938
17.876022218,0.1280,0.9535,-0.0056,0.962
17.878662679,0.1258,0.9653,-0.0132,0.974
17.880481449,0.1207,0.9897,-0.0259,0.997
17.88212441,0.1163,1.0100,-0.0398,1.017
17.883661949,0.1124,1.0192,-0.0450,1.026
17.885582102,0.1046,1.0371,-0.0586,1.044
17.887694602,0.0992,1.0456,-0.0645,1.052
17.893176718,0.0882,1.0608,-0.0745,1.067
17.893804718,0.0770,1.0730,-0.0794,1.079
17.894805333,0.0706,1.0769,-0.0814,1.082
17.895555179,0.0530,1.0847,-0.0840,1.089
17.897664641,0.0384,1.0903,-0.0872,1.094
17.899586026,0.0318,1.0928,-0.0872,1.097
17.901450295,0.0173,1.0977,-0.0853,1.101
17.903308372,0.0093,1.0999,-0.0826,1.103
17.905255179,-0.0042,1.0986,-0.0743,1.101
17.915420526,-0.0159,1.0957,-0.0638,1.098
17.915905372,-0.0213,1.0947,-0.0584,1.096
17.916158679,-0.0303,1.0911,-0.0459,1.092
17.916392987,-0.0403,1.0874,-0.0342,1.089
17.916623141,-0.0445,1.0776,-0.0281,1.079
17.921625795,-0.0511,1.0681,-0.0144,1.069
17.921892987,-0.0562,1.0642,-0.0090,1.066
17.922683102,-0.0643,1.0547,0.0017,1.057
17.924135064,-0.0745,1.0444,0.0144,1.047
17.925214487,-0.0799,1.0407,0.0193,1.044
17.927178679,-0.0884,1.0317,0.0300,1.036
17.929189679,-0.0945,1.0234,0.0398,1.029
17.930936756,-0.0972,1.0197,0.0442,1.025
17.93293741,-0.1031,1.0129,0.0508,1.019
17.934867487,-0.1053,1.0095,0.0550,1.016
17.936870295,-0.1090,1.0017,0.0667,1.010
17.939115372,-0.1094,0.9931,0.0760,1.002
17.94099091,-0.1085,0.9909,0.0799,1.000
17.942926487,-0.1080,0.9870,0.0901,0.997
17.944792679,-0.1092,0.9831,0.0997,0.994
17.946899795,-0.1085,0.9819,0.1051,0.993
17.948468602,-0.1053,0.9802,0.1173,0.993
17.950747102,-0.1029,0.9799,0.1236,0.993
17.952646372,-0.0970,0.9806,0.1363,0.995
17.954846949,-0.0887,0.9836,0.1500,0.999
17.958099872,-0.0831,0.9833,0.1593,1.000
17.959801872,-0.0691,0.9816,0.1747,0.999
17.960718564,-0.0540,0.9816,0.1881,1.001
17.962876602,-0.0464,0.9833,0.1954,1.004
17.964581025,-0.0271,0.9853,0.2116,1.008
17.966505218,-0.0181,0.9846,0.2191,1.009
17.968361564,0.0020,0.9855,0.2348,1.013
17.970562679,0.0220,0.9870,0.2492,1.018
17.972255949,0.0310,0.9882,0.2563,1.021
17.974640102,0.0508,0.9890,0.2707,1.027
17.976596525,0.0672,0.9892,0.2829,1.031
17.978761756,0.0757,0.9909,0.2895,1.035
17.980379025,0.0894,0.9924,0.3017,1.041
17.98229691,0.0950,0.9933,0.3064,1.044
17.984114872,0.1053,0.9946,0.3134,1.048
17.986359025,0.1138,0.9963,0.3139,1.051
17.988106564,0.1173,0.9975,0.3137,1.052
17.998029218,0.1234,0.9960,0.3049,1.049
17.999223949,0.1258,0.9946,0.2946,1.045
18.000084641,0.1261,0.9946,0.2866,1.043
18.000946141,0.1251,0.9926,0.2675,1.036
18.001923795,0.1244,0.9907,0.2577,1.031
18.003716756,0.1185,0.9882,0.2358,1.023
18.004436718,0.1116,0.9831,0.2125,1.012
18.005102333,0.1077,0.9821,0.2011,1.008
18.006168602,0.0980,0.9802,0.1796,1.001
18.024737564,0.0887,0.9794,0.1588,0.996
18.026400256,0.0828,0.9787,0.1490,0.993
18.027258641,0.0733,0.9755,0.1285,0.987
18.02823791,0.0684,0.9755,0.1209,0.985
18.029462295,0.0567,0.9726,0.1102,0.980
18.030602256,0.0462,0.9679,0.0987,0.974
18.031758987,0.0413,0.9662,0.0943,0.972
18.032973141,0.0308,0.9631,0.0867,0.967
18.034154218,0.0213,0.9596,0.0801,0.963
18.035068602,0.0176,0.9577,0.0784,0.961
18.036060795,0.0117,0.9555,0.0728,0.958
18.036886333,0.0090,0.9538,0.0704,0.956
18.038016795,0.0037,0.9491,0.0694,0.952
18.038992602,0.0002,0.9442,0.0723,0.947
18.040130102,-0.0015,0.9430,0.0752,0.946
18.041100872,-0.0049,0.9403,0.0782,0.944
18.042289333,-0.0061,0.9384,0.0848,0.942
18.043298756,-0.0068,0.9359,0.0899,0.940
18.044193449,-0.0064,0.9323,0.0989,0.938
18.046758833,-0.0061,0.9311,0.1058,0.937
18.048178833,-0.0061,0.9286,0.1202,0.936
18.04932341,-0.0071,0.9259,0.1336,0.936
18.051529872,-0.0054,0.9252,0.1412,0.936
18.05329791,-0.0027,0.9220,0.1527,0.935
18.055286064,-0.0027,0.9198,0.1644,0.934
18.058377448,-0.0002,0.9188,0.1703,0.934
18.059881487,0.0027,0.9161,0.1830,0.934
18.061156179,0.0051,0.9159,0.1886,0.935
18.063348641,0.0117,0.9110,0.1964,0.932
18.065095679,0.0161,0.9091,0.2018,0.931
18.067076256,0.0181,0.9088,0.2040,0.932
18.069002602,0.0237,0.9076,0.2091,0.932
18.071072602,0.0276,0.9066,0.2113,0.931
18.073286218,0.0300,0.9056,0.2123,0.931
18.08392641,0.0364,0.9059,0.2128,0.931
18.085741756,0.0393,0.9074,0.2123,0.933
18.08622641,0.0464,0.9061,0.2096,0.931
18.086556102,0.0525,0.9074,0.2084,0.932
18.086854641,0.0555,0.9086,0.2074,0.934
18.087187064,0.0599,0.9078,0.2057,0.933
18.087481525,0.0662,0.9078,0.2018,0.932
18.089110602,0.0691,0.9086,0.2001,0.933
18.109816602,0.0738,0.9078,0.1954,0.932
18.111375602,0.0782,0.9078,0.1945,0.932
18.111677718,0.0796,0.9093,0.1942,0.933
18.111917372,0.0816,0.9091,0.1896,0.932
18.112159872,0.0814,0.9098,0.1874,0.932
18.112403602,0.0806,0.9132,0.1845,0.935
18.112633872,0.0801,0.9142,0.1810,0.935
18.112862333,0.0789,0.9152,0.1779,0.936
18.113109487,0.0801,0.9169,0.1764,0.937
18.113331602,0.0796,0.9166,0.1737,0.936
18.113597448,0.0806,0.9191,0.1727,0.939
18.113824218,0.0809,0.9201,0.1708,0.939
18.114496948,0.0821,0.9196,0.1695,0.939
18.116261564,0.0840,0.9186,0.1686,0.938
18.118411679,0.0875,0.9198,0.1666,0.939
18.120258333,0.0889,0.9196,0.1666,0.939
18.122243833,0.0899,0.9196,0.1669,0.939
18.124650179,0.0923,0.9196,0.1664,0.939
18.12679041,0.0936,0.9198,0.1666,0.939
18.128175025,0.0958,0.9191,0.1681,0.939
18.130305948,0.0972,0.9205,0.1683,0.941
18.132156987,0.1004,0.9215,0.1671,0.942
18.134224179,0.1026,0.9230,0.1700,0.944
18.135988679,0.1026,0.9232,0.1693,0.944
18.138043141,0.1051,0.9252,0.1700,0.947
18.14220891,0.1060,0.9252,0.1761,0.948
18.143336602,0.1058,0.9271,0.1781,0.950
18.144173641,0.1060,0.9306,0.1813,0.954
18.146021487,0.1055,0.9303,0.1825,0.954
18.147818025,0.1060,0.9323,0.1854,0.956
18.150020872,0.1043,0.9325,0.1867,0.957
18.151888718,0.1043,0.9340,0.1871,0.958
18.153696025,0.1073,0.9376,0.1886,0.962
18.155957256,0.1065,0.9391,0.1903,0.964
18.158957948,0.1053,0.9423,0.1935,0.968
18.160441871,0.1038,0.9450,0.1930,0.970
18.161799795,0.1024,0.9464,0.1920,0.971
18.163612679,0.1002,0.9477,0.1896,0.972
18.165679102,0.0970,0.9484,0.1862,0.971
18.167826871,0.0967,0.9486,0.1842,0.971
18.169596795,0.0967,0.9482,0.1791,0.970
18.171875987,0.0977,0.9482,0.1703,0.968
18.173681564,0.0982,0.9479,0.1654,0.967
18.176346064,0.0985,0.9477,0.1573,0.966
18.177826948,0.0992,0.9447,0.1534,0.962
18.179416718,0.0992,0.9445,0.1463,0.961
18.181621871,0.0980,0.9408,0.1410,0.956
18.183675987,0.0970,0.9374,0.1380,0.952
18.185418295,0.0953,0.9362,0.1341,0.951
18.187540564,0.0945,0.9347,0.1302,0.948
18.189429718,0.0948,0.9308,0.1300,0.945
18.198347641,0.0960,0.9301,0.1292,0.944
18.199707141,0.0963,0.9289,0.1307,0.943
18.200607948,0.0970,0.9271,0.1327,0.942
18.201696179,0.0965,0.9242,0.1361,0.939
18.202670756,0.0975,0.9227,0.1380,0.938
18.203669833,0.0970,0.9210,0.1417,0.937
18.204442179,0.0953,0.9203,0.1449,0.936
18.205465295,0.0953,0.9208,0.1468,0.937
18.231713718,0.0963,0.9215,0.1527,0.939
18.233541218,0.0950,0.9225,0.1549,0.940
18.234454795,0.0941,0.9242,0.1605,0.943
18.235421295,0.0938,0.9286,0.1676,0.948
18.236437218,0.0936,0.9303,0.1713,0.951
18.237506833,0.0936,0.9340,0.1796,0.956
18.238604025,0.0938,0.9364,0.1871,0.960
18.239676641,0.0938,0.9435,0.1891,0.967
18.24078741,0.0936,0.9494,0.1969,0.974
18.242043371,0.0943,0.9526,0.1998,0.978
18.243288025,0.0972,0.9613,0.2038,0.987
18.244090025,0.0980,0.9733,0.2057,1.000
18.245012256,0.0987,0.9787,0.2064,1.005
18.245995487,0.1009,0.9899,0.2069,1.016
18.246891756,0.1021,1.0026,0.2045,1.028
18.247766218,0.1016,1.0092,0.2023,1.034
18.248698833,0.1031,1.0224,0.1989,1.047
18.249548718,0.1026,1.0310,0.1952,1.054
18.250471641,0.1043,1.0434,0.1859,1.065
18.251293641,0.1065,1.0564,0.1754,1.076
18.252113025,0.1075,1.0640,0.1705,1.083
18.253090333,0.1114,1.0771,0.1632,1.095
18.254073948,0.1121,1.0840,0.1588,1.101
18.255053102,0.1131,1.0977,0.1478,1.113
18.25573341,0.1114,1.1123,0.1380,1.126
18.256832871,0.1104,1.1189,0.1329,1.132
18.260192564,0.1099,1.1314,0.1234,1.143
18.261934102,0.1114,1.1436,0.1134,1.155
18.262951141,0.1102,1.1499,0.1102,1.160
18.264103987,0.1082,1.1602,0.1033,1.170
18.266354948,0.1082,1.1656,0.0958,1.175
18.268284794,0.1073,1.1734,0.0926,1.182
18.270375718,0.1077,1.1778,0.0875,1.186
18.272103064,0.1077,1.1800,0.0845,1.188
18.274930833,0.1082,1.1827,0.0804,1.190
18.277520564,0.1099,1.1851,0.0755,1.193
18.278934833,0.1107,1.1854,0.0738,1.193
18.280662718,0.1116,1.1864,0.0730,1.194
18.281951025,0.1129,1.1849,0.0718,1.192
18.284024141,0.1146,1.1810,0.0728,1.189
18.286471256,0.1180,1.1751,0.0743,1.183
18.287773871,0.1190,1.1714,0.0738,1.180
18.289919833,0.1239,1.1636,0.0767,1.173
18.30031391,0.1258,1.1551,0.0818,1.165
18.301869679,0.1283,1.1509,0.0853,1.161
18.302826256,0.1322,1.1419,0.0914,1.153
18.303791371,0.1346,1.1328,0.1021,1.145
18.304831871,0.1358,1.1292,0.1080,1.142
18.305938525,0.1393,1.1238,0.1192,1.139
18.307118294,0.1383,1.1221,0.1268,1.138
18.308295294,0.1385,1.1216,0.1454,1.139
18.309237218,0.1346,1.1223,0.1661,1.143
18.310253525,0.1322,1.1250,0.1761,1.146
18.326634333,0.1261,1.1328,0.1976,1.157
18.327940871,0.1190,1.1375,0.2135,1.163
18.328817641,0.1146,1.1517,0.2211,1.178
18.329790833,0.1075,1.1697,0.2318,1.197
18.331191333,0.1053,1.1807,0.2370,1.209
18.331998602,0.0970,1.1998,0.2409,1.228
18.333106871,0.0867,1.2198,0.2411,1.246
18.33403391,0.0814,1.2291,0.2397,1.255
18.334971987,0.0704,1.2472,0.2348,1.271
18.335750679,0.0594,1.2594,0.2226,1.280
18.336375525,0.0533,1.2645,0.2177,1.284
18.33721591,0.0428,1.2719,0.2057,1.289
18.33801591,0.0386,1.2741,0.1976,1.290
18.338788602,0.0342,1.2736,0.1803,1.287
18.339739564,0.0303,1.2706,0.1652,1.282
18.342447602,0.0286,1.2684,0.1576,1.279
18.343806756,0.0291,1.2628,0.1424,1.271
18.345099794,0.0288,1.2582,0.1341,1.266
18.347089141,0.0296,1.2543,0.1307,1.261
18.349534179,0.0315,1.2472,0.1300,1.254
18.35093141,0.0303,1.2443,0.1305,1.251
18.35288891,0.0283,1.2372,0.1353,1.245
18.355098525,0.0247,1.2291,0.1432,1.238
18.357180679,0.0237,1.2252,0.1473,1.234
18.361136487,0.0191,1.2181,0.1571,1.228
18.362671833,0.0139,1.2157,0.1617,1.226
18.363556718,0.0115,1.2125,0.1695,1.224
18.36486991,0.0071,1.2081,0.1708,1.220
18.366687256,0.0037,1.2079,0.1688,1.220
18.368736294,-0.0039,1.2069,0.1617,1.218
18.370663102,-0.0100,1.2061,0.1498,1.215
18.372518602,-0.0117,1.2064,0.1422,1.215
18.375692641,-0.0169,1.2086,0.1222,1.215
18.377277333,-0.0203,1.2093,0.0975,1.213
18.378833948,-0.0210,1.2108,0.0843,1.214
18.380901371,-0.0239,1.2120,0.0589,1.214
18.382655794,-0.0254,1.2120,0.0472,1.213
18.384630794,-0.0227,1.2081,0.0210,1.208
18.38665091,-0.0193,1.2042,-0.0029,1.204
18.388382987,-0.0176,1.2013,-0.0120,1.201
18.390515756,-0.0115,1.1932,-0.0315,1.194
18.400193756,-0.0029,1.1827,-0.0464,1.184
18.401754679,0.0029,1.1761,-0.0518,1.177
18.402850756,0.0147,1.1627,-0.0630,1.164
18.403824833,0.0271,1.1556,-0.0679,1.158
18.404948179,0.0318,1.1385,-0.0767,1.141
18.405874525,0.0420,1.1189,-0.0794,1.123
18.406179833,0.0484,1.1084,-0.0801,1.112
18.406422602,0.0606,1.0869,-0.0816,1.092
18.422626371,0.0713,1.0632,-0.0821,1.069
18.423101102,0.0762,1.0505,-0.0818,1.056
18.42334741,0.0870,1.0241,-0.0792,1.031
18.423591487,0.0936,1.0097,-0.0774,1.017
18.42382841,0.1038,0.9792,-0.0735,0.987
18.424082025,0.1165,0.9511,-0.0672,0.961
18.424321679,0.1222,0.9376,-0.0621,0.948
18.424561102,0.1302,0.9086,-0.0523,0.919
18.424794256,0.1390,0.8778,-0.0423,0.890
18.431231333,0.1432,0.8636,-0.0374,0.876
18.431789102,0.1505,0.8346,-0.0266,0.848
18.432050025,0.1532,0.8209,-0.0213,0.835
18.432288871,0.1581,0.7959,-0.0110,0.812
18.43386341,0.1608,0.7710,-0.0020,0.788
18.43560691,0.1610,0.7598,0.0027,0.777
18.437674141,0.1627,0.7378,0.0107,0.756
18.439606833,0.1617,0.7158,0.0147,0.734
18.442249256,0.1608,0.7070,0.0178,0.725
18.444009602,0.1568,0.6875,0.0225,0.706
18.445514833,0.1542,0.6784,0.0222,0.696
18.447632641,0.1480,0.6626,0.0261,0.679
18.44943741,0.1385,0.6496,0.0288,0.665
18.451537487,0.1317,0.6440,0.0303,0.658
18.453428294,0.1165,0.6330,0.0313,0.644
18.455461256,0.1026,0.6264,0.0318,0.636
18.458772602,0.0945,0.6232,0.0322,0.631
18.459634525,0.0782,0.6196,0.0325,0.625
18.461673756,0.0687,0.6181,0.0327,0.623
18.463480333,0.0489,0.6154,0.0374,0.618
18.465445794,0.0315,0.6200,0.0440,0.622
18.467392641,0.0222,0.6235,0.0459,0.626
18.469270333,0.0037,0.6328,0.0501,0.635
18.47142041,-0.0154,0.6459,0.0542,0.648
18.473145256,-0.0266,0.6521,0.0577,0.655
18.475989602,-0.0467,0.6648,0.0660,0.670
18.47772864,-0.0672,0.6723,0.0689,0.679
18.479186756,-0.0777,0.6907,0.0711,0.699
18.481181179,-0.0967,0.7104,0.0755,0.721
18.483279679,-0.1051,0.7202,0.0765,0.732
18.485194794,-0.1239,0.7420,0.0782,0.756
18.487162948,-0.1422,0.7659,0.0772,0.783
18.488983794,-0.1510,0.7776,0.0752,0.796
18.499782217,-0.1654,0.8028,0.0677,0.822
18.501160564,-0.1759,0.8170,0.0586,0.838
18.502092871,-0.1805,0.8446,0.0540,0.865
18.503054871,-0.1859,0.8712,0.0467,0.892
18.504102794,-0.1884,0.8849,0.0428,0.906
18.505175679,-0.1891,0.9130,0.0335,0.933
18.506061064,-0.1874,0.9401,0.0239,0.959
18.50712014,-0.1832,0.9540,0.0188,0.972
18.50801891,-0.1754,0.9806,0.0098,0.996
18.509547948,-0.1715,0.9929,0.0064,1.008
18.510815987,-0.1583,1.0197,0.0002,1.032
18.523294564,-0.1432,1.0425,-0.0037,1.052
18.524840025,-0.1344,1.0544,-0.0054,1.063
18.526473179,-0.1187,1.0740,-0.0076,1.081
18.527297756,-0.1007,1.0918,-0.0090,1.096
18.52841864,-0.0909,1.1006,-0.0095,1.104
18.529612717,-0.0735,1.1143,-0.0054,1.117
18.531416987,-0.0564,1.1192,-0.0034,1.121
18.532410256,-0.0479,1.1270,-0.0007,1.128
18.533432179,-0.0310,1.1333,0.0032,1.134
18.534443333,-0.0235,1.1346,0.0064,1.135
18.535242487,-0.0090,1.1341,0.0112,1.134
18.535938833,0.0027,1.1350,0.0193,1.135
18.536798102,0.0078,1.1341,0.0232,1.134
18.538309756,0.0166,1.1287,0.0293,1.129
18.540120256,0.0225,1.1270,0.0322,1.128
18.543092179,0.0254,1.1226,0.0384,1.124
18.544969564,0.0325,1.1153,0.0418,1.117
18.546220602,0.0340,1.1121,0.0440,1.113
18.548164487,0.0362,1.1038,0.0459,1.105
18.550032564,0.0381,1.0952,0.0472,1.097
18.552036679,0.0386,1.0918,0.0476,1.094
18.554103717,0.0384,1.0830,0.0450,1.085
18.555999525,0.0388,1.0710,0.0413,1.073
18.559276717,0.0388,1.0657,0.0393,1.067
18.560780179,0.0408,1.0549,0.0340,1.056
18.562261333,0.0396,1.0491,0.0305,1.050
18.563832333,0.0369,1.0361,0.0242,1.037
18.566076987,0.0371,1.0222,0.0213,1.023
18.56776814,0.0379,1.0175,0.0200,1.018
18.570101025,0.0371,1.0061,0.0149,1.007
18.571758179,0.0354,0.9936,0.0122,0.994
18.573847294,0.0330,0.9882,0.0127,0.989
18.576768448,0.0303,0.9787,0.0139,0.979
18.578402064,0.0296,0.9738,0.0154,0.974
18.579738217,0.0264,0.9635,0.0203,0.964
18.581635948,0.0225,0.9550,0.0269,0.956
18.583569371,0.0210,0.9511,0.0313,0.952
18.58564964,0.0186,0.9440,0.0435,0.945
18.587779679,0.0120,0.9398,0.0496,0.941
18.589557217,0.0088,0.9357,0.0640,0.938
18.60041014,0.0039,0.9330,0.0801,0.936
18.602044025,0.0002,0.9311,0.0887,0.935
18.602931679,-0.0098,0.9286,0.1090,0.935
18.604047525,-0.0159,0.9281,0.1275,0.937
18.605214025,-0.0186,0.9274,0.1358,0.937
18.606224794,-0.0232,0.9267,0.1527,0.939
18.607242563,-0.0281,0.9269,0.1691,0.943
18.608196333,-0.0308,0.9269,0.1769,0.944
18.609269679,-0.0359,0.9274,0.1893,0.947
18.610106179,-0.0374,0.9271,0.1945,0.948
18.629876833,-0.0384,0.9291,0.2040,0.952
18.631099256,-0.0376,0.9318,0.2130,0.957
18.631906948,-0.0371,0.9335,0.2167,0.959
18.63257764,-0.0376,0.9374,0.2228,0.964
18.633207833,-0.0381,0.9381,0.2267,0.966
18.633953756,-0.0352,0.9411,0.2326,0.970
18.634780525,-0.0335,0.9438,0.2355,0.973
18.635558833,-0.0320,0.9440,0.2370,0.974
18.636334794,-0.0274,0.9462,0.2372,0.976
18.637073756,-0.0244,0.9479,0.2362,0.977
18.637981602,-0.0225,0.9491,0.2345,0.978
18.63879514,-0.0169,0.9482,0.2287,0.975
18.639538717,-0.0147,0.9482,0.2274,0.975
18.640202525,-0.0095,0.9469,0.2240,0.973
18.640975987,-0.0029,0.9464,0.2196,0.972
18.641783102,0.0007,0.9462,0.2177,0.971
18.643930179,0.0076,0.9455,0.2130,0.969
18.644973833,0.0110,0.9460,0.2062,0.968
18.646721717,0.0144,0.9457,0.2040,0.968
18.648740794,0.0198,0.9460,0.1994,0.967
18.650685371,0.0237,0.9460,0.1937,0.966
18.652653563,0.0257,0.9467,0.1913,0.966
18.654720102,0.0291,0.9464,0.1881,0.965
18.656530871,0.0310,0.9447,0.1859,0.963
18.659551025,0.0359,0.9438,0.1781,0.961
18.661255602,0.0386,0.9413,0.1708,0.957
18.663845794,0.0401,0.9389,0.1678,0.955
18.665206717,0.0415,0.9354,0.1612,0.950
18.66633914,0.0410,0.9354,0.1554,0.949
18.668471063,0.0406,0.9340,0.1534,0.947
18.670451602,0.0396,0.9306,0.1498,0.943
18.672445871,0.0388,0.9281,0.1483,0.941
18.674769256,0.0374,0.9254,0.1468,0.938
18.67902264,0.0344,0.9201,0.1471,0.932
18.680485948,0.0344,0.9196,0.1451,0.932
18.681972063,0.0318,0.9157,0.1441,0.927
18.683055333,0.0286,0.9120,0.1461,0.924
18.684207025,0.0271,0.9096,0.1473,0.922
18.686416871,0.0213,0.9056,0.1488,0.918
18.688075833,0.0186,0.9044,0.1495,0.917
18.68996441,0.0120,0.9012,0.1505,0.914
18.692633948,0.0054,0.8983,0.1529,0.911
18.702096871,0.0022,0.8976,0.1542,0.911
18.702664525,-0.0029,0.8966,0.1564,0.910
18.702919986,-0.0066,0.8973,0.1583,0.911
18.703151871,-0.0076,0.8968,0.1595,0.911
18.703400217,-0.0117,0.8976,0.1612,0.912
18.703628871,-0.0127,0.8973,0.1620,0.912
18.705933063,-0.0159,0.8986,0.1610,0.913
18.707607948,-0.0178,0.9000,0.1605,0.914
18.720299525,-0.0171,0.9017,0.1608,0.916
18.720883333,-0.0178,0.9039,0.1581,0.918
18.721542756,-0.0176,0.9059,0.1561,0.919
18.721808525,-0.0191,0.9061,0.1561,0.920
18.722037679,-0.0171,0.9086,0.1510,0.921
18.722281333,-0.0166,0.9100,0.1485,0.922
18.722516679,-0.0169,0.9125,0.1468,0.924
18.723465563,-0.0164,0.9142,0.1429,0.925
18.727371448,-0.0171,0.9152,0.1397,0.926
18.728417602,-0.0181,0.9157,0.1375,0.926
18.733419871,-0.0181,0.9181,0.1373,0.928
18.734691871,-0.0191,0.9183,0.1366,0.929
18.73494191,-0.0198,0.9198,0.1361,0.930
18.735344486,-0.0215,0.9188,0.1390,0.930
18.737260948,-0.0213,0.9188,0.1397,0.930
18.739458063,-0.0225,0.9193,0.1434,0.931
18.741232294,-0.0235,0.9188,0.1463,0.931
18.743422448,-0.0242,0.9191,0.1512,0.932
18.745209525,-0.0259,0.9154,0.1564,0.929
18.74719164,-0.0276,0.9149,0.1588,0.929
18.749206525,-0.0288,0.9142,0.1639,0.929
18.751261871,-0.0291,0.9139,0.1661,0.929
18.753000486,-0.0293,0.9110,0.1698,0.927
18.755132063,-0.0269,0.9096,0.1759,0.927
18.757052871,-0.0276,0.9093,0.1791,0.927
18.759359063,-0.0261,0.9071,0.1842,0.926
18.76099164,-0.0242,0.9052,0.1901,0.925
18.763072371,-0.0242,0.9049,0.1918,0.925
18.764849563,-0.0220,0.9037,0.1967,0.925
18.767063486,-0.0183,0.9037,0.1989,0.925
18.769047102,-0.0166,0.9034,0.2045,0.926
18.77097064,-0.0137,0.9039,0.2084,0.928
18.77284041,-0.0122,0.9034,0.2111,0.928
18.776676679,-0.0098,0.9039,0.2162,0.929
18.778276333,-0.0064,0.9049,0.2206,0.931
18.780145025,-0.0039,0.9044,0.2231,0.932
18.78155141,-0.0007,0.9076,0.2265,0.935
18.782909986,0.0012,0.9100,0.2287,0.938
18.784787563,0.0022,0.9115,0.2287,0.940
18.78694364,0.0051,0.9142,0.2326,0.943
18.788818948,0.0054,0.9154,0.2321,0.944
18.79070341,0.0073,0.9179,0.2326,0.947
18.801852102,0.0066,0.9208,0.2314,0.949
18.803293217,0.0051,0.9223,0.2299,0.950
18.804209602,0.0044,0.9281,0.2284,0.956
18.805146833,0.0027,0.9315,0.2248,0.958
18.806233871,0.0012,0.9333,0.2238,0.960
18.807223948,0.0000,0.9359,0.2187,0.961
18.808325679,-0.0017,0.9372,0.2169,0.962
18.809449102,-0.0032,0.9389,0.2140,0.963
18.810574409,-0.0044,0.9411,0.2067,0.964
18.811384909,-0.0059,0.9428,0.2042,0.965
18.812245794,-0.0098,0.9442,0.1998,0.965
18.826239833,-0.0095,0.9445,0.1959,0.965
18.827816063,-0.0090,0.9435,0.1937,0.963
18.828903794,-0.0107,0.9430,0.1898,0.962
18.829822833,-0.0117,0.9433,0.1876,0.962
18.830790371,-0.0125,0.9445,0.1837,0.962
18.831731333,-0.0149,0.9450,0.1820,0.962
18.832680217,-0.0156,0.9445,0.1813,0.962
18.833667333,-0.0169,0.9418,0.1783,0.959
18.834542063,-0.0181,0.9418,0.1761,0.958
18.835188256,-0.0171,0.9416,0.1737,0.958
18.835991217,-0.0173,0.9440,0.1717,0.960
18.836782909,-0.0173,0.9433,0.1713,0.959
18.838304063,-0.0171,0.9440,0.1705,0.959
18.839911333,-0.0176,0.9413,0.1691,0.957
18.843902217,-0.0171,0.9416,0.1688,0.957
18.845518102,-0.0164,0.9418,0.1698,0.957
18.849708333,-0.0142,0.9440,0.1708,0.959
18.850597102,-0.0142,0.9447,0.1710,0.960
18.851578179,-0.0142,0.9469,0.1725,0.963
18.852516756,-0.0142,0.9477,0.1727,0.963
18.853903102,-0.0120,0.9508,0.1739,0.967
18.855817486,-0.0105,0.9526,0.1764,0.969
18.857849986,-0.0100,0.9552,0.1776,0.972
18.86113764,-0.0093,0.9599,0.1815,0.977
18.862571525,-0.0076,0.9618,0.1845,0.979
18.863824217,-0.0066,0.9660,0.1852,0.984
18.865532563,-0.0037,0.9704,0.1881,0.988
18.867841256,-0.0024,0.9731,0.1898,0.991
18.869554102,0.0010,0.9765,0.1930,0.995
18.871712333,0.0064,0.9814,0.1952,1.001
18.873596025,0.0076,0.9843,0.1954,1.004
18.877067871,0.0095,0.9926,0.1957,1.012
18.878636102,0.0129,0.9973,0.1979,1.017
18.879843448,0.0137,0.9997,0.1972,1.019
18.881541217,0.0169,1.0036,0.1986,1.023
18.883607717,0.0171,1.0070,0.1991,1.027
18.885766025,0.0183,1.0122,0.1996,1.032
18.887751525,0.0181,1.0175,0.1989,1.037
18.890508448,0.0178,1.0190,0.1979,1.038
18.892261679,0.0149,1.0227,0.1937,1.041
18.903921909,0.0110,1.0268,0.1908,1.044
18.904688409,0.0088,1.0307,0.1896,1.048
18.905065063,0.0039,1.0356,0.1879,1.053
18.905313294,0.0012,1.0371,0.1847,1.053
18.905602448,-0.0037,1.0410,0.1791,1.056
18.905840756,-0.0125,1.0439,0.1730,1.058
18.906079602,-0.0171,1.0466,0.1695,1.060
18.907352986,-0.0254,1.0508,0.1661,1.064
18.931695256,-0.0332,1.0576,0.1620,1.070
18.933241025,-0.0384,1.0603,0.1598,1.073
18.933628563,-0.0469,1.0671,0.1546,1.079
18.933880217,-0.0513,1.0710,0.1522,1.083
18.934120102,-0.0599,1.0776,0.1463,1.089
18.934355948,-0.0687,1.0837,0.1373,1.095
18.934606986,-0.0748,1.0872,0.1336,1.098
18.934831832,-0.0836,1.0964,0.1268,1.107
18.935076063,-0.0909,1.1006,0.1190,1.111
18.935311294,-0.0941,1.1074,0.1141,1.117
18.935544332,-0.1021,1.1150,0.1065,1.125
18.935787332,-0.1046,1.1184,0.1029,1.128
18.936004871,-0.1073,1.1245,0.0938,1.134
18.936224448,-0.1102,1.1328,0.0870,1.142
18.936456102,-0.1116,1.1380,0.0833,1.146
18.938992294,-0.1119,1.1470,0.0782,1.155
18.940440602,-0.1087,1.1563,0.0726,1.164
18.944422025,-0.1065,1.1617,0.0721,1.169
18.944979025,-0.1011,1.1727,0.0728,1.179
18.946935217,-0.0972,1.1773,0.0730,1.184
18.94850864,-0.0882,1.1895,0.0760,1.195
18.950531602,-0.0794,1.2022,0.0809,1.208
18.952356717,-0.0738,1.2105,0.0838,1.216
18.95460764,-0.0623,1.2274,0.0945,1.233
18.95625514,-0.0530,1.2452,0.1051,1.251
18.958538179,-0.0498,1.2552,0.1107,1.261
18.960350948,-0.0393,1.2765,0.1195,1.283
18.962204371,-0.0357,1.2877,0.1251,1.294
18.964055794,-0.0283,1.3095,0.1334,1.317
18.966474948,-0.0195,1.3283,0.1383,1.336
18.968108102,-0.0164,1.3373,0.1395,1.345
18.970367986,-0.0120,1.3532,0.1432,1.361
18.972155409,-0.0064,1.3645,0.1451,1.372
18.974559409,-0.0027,1.3681,0.1454,1.376
18.977057025,0.0037,1.3698,0.1434,1.377
18.978219756,0.0078,1.3691,0.1424,1.377
18.979953525,0.0151,1.3679,0.1383,1.375
18.982481794,0.0237,1.3645,0.1344,1.371
18.983920563,0.0279,1.3618,0.1331,1.369
18.98613814,0.0371,1.3544,0.1331,1.361
18.987865102,0.0484,1.3466,0.1341,1.354
18.989827563,0.0518,1.3434,0.1356,1.351
18.992249063,0.0581,1.3344,0.1429,1.343
18.998841371,0.0611,1.3302,0.1454,1.340
18.999706409,0.0665,1.3205,0.1520,1.331
19.000129717,0.0689,1.3114,0.1588,1.323
19.000580063,0.0696,1.3073,0.1625,1.319
19.00187964,0.0708,1.2960,0.1681,1.309
19.004247756,0.0677,1.2841,0.1710,1.297
19.005581448,0.0652,1.2794,0.1717,1.293
19.008019063,0.0601,1.2701,0.1693,1.283
19.029434948,0.0572,1.2653,0.1673,1.278
19.031112909,0.0533,1.2570,0.1603,1.268
19.032065179,0.0474,1.2484,0.1507,1.258
19.033055871,0.0440,1.2445,0.1456,1.254
19.034582679,0.0410,1.2381,0.1336,1.246
19.035773217,0.0376,1.2352,0.1266,1.242
19.036942063,0.0366,1.2291,0.1138,1.235
19.038029448,0.0335,1.2242,0.1002,1.229
19.038956909,0.0332,1.2201,0.0933,1.224
19.039771871,0.0313,1.2118,0.0792,1.215
19.040584179,0.0293,1.2020,0.0667,1.204
19.041560179,0.0293,1.1961,0.0618,1.198
19.042701255,0.0276,1.1849,0.0472,1.186
19.043575602,0.0266,1.1714,0.0337,1.172
19.044652602,0.0259,1.1634,0.0279,1.164
19.045867332,0.0227,1.1468,0.0149,1.147
19.046629025,0.0208,1.1382,0.0081,1.138
19.047502025,0.0164,1.1206,-0.0064,1.121
19.048242794,0.0090,1.1016,-0.0208,1.102
19.049179832,0.0056,1.0918,-0.0291,1.092
19.050090063,-0.0044,1.0688,-0.0462,1.070
19.052690602,-0.0151,1.0439,-0.0603,1.046
19.054152409,-0.0198,1.0322,-0.0679,1.035
19.055384679,-0.0315,1.0080,-0.0823,1.012
19.056913909,-0.0435,0.9960,-0.0897,1.001
19.060897679,-0.0486,0.9706,-0.1016,0.977
19.062611409,-0.0608,0.9477,-0.1094,0.956
19.063555025,-0.0669,0.9364,-0.1134,0.946
19.064904371,-0.0806,0.9135,-0.1156,0.924
19.067159679,-0.0943,0.8934,-0.1163,0.906
19.068693371,-0.1004,0.8824,-0.1148,0.896
19.070825602,-0.1141,0.8639,-0.1065,0.878
19.072626486,-0.1197,0.8541,-0.1009,0.868
19.074714025,-0.1302,0.8365,-0.0901,0.851
19.083982755,-0.1366,0.8182,-0.0752,0.833
19.084589832,-0.1405,0.8089,-0.0672,0.824
19.084842063,-0.1424,0.7952,-0.0496,0.809
19.085078102,-0.1454,0.7818,-0.0298,0.796
19.085313409,-0.1451,0.7747,-0.0188,0.788
19.086254525,-0.1417,0.7644,-0.0007,0.777
19.088294179,-0.1400,0.7598,0.0090,0.773
19.090357179,-0.1375,0.7503,0.0266,0.763
19.092141909,-0.1319,0.7402,0.0437,0.753
19.110596409,-0.1280,0.7356,0.0506,0.748
19.111906409,-0.1192,0.7231,0.0638,0.736
19.11289664,-0.1087,0.7122,0.0745,0.724
19.113850063,-0.1024,0.7078,0.0796,0.720
19.114615217,-0.0899,0.7004,0.0870,0.712
19.115422909,-0.0833,0.6951,0.0889,0.706
19.116358332,-0.0718,0.6875,0.0923,0.697
19.117971525,-0.0567,0.6801,0.0963,0.689
19.118824179,-0.0503,0.6792,0.0972,0.688
19.119562525,-0.0362,0.6770,0.0975,0.685
19.120272832,-0.0232,0.6745,0.0982,0.682
19.120889871,-0.0169,0.6738,0.0982,0.681
19.121588063,-0.0071,0.6755,0.0975,0.683
19.122366102,0.0059,0.6777,0.0963,0.685
19.123025371,0.0122,0.6826,0.0936,0.689
19.123836832,0.0232,0.6904,0.0865,0.696
19.127004602,0.0279,0.6953,0.0833,0.701
19.128289717,0.0379,0.7046,0.0772,0.710
19.129854986,0.0440,0.7168,0.0682,0.721
19.131570755,0.0469,0.7249,0.0633,0.729
19.133944178,0.0501,0.7424,0.0535,0.746
19.135754832,0.0528,0.7520,0.0393,0.755
19.137697025,0.0550,0.7703,0.0313,0.773
19.139627371,0.0594,0.7933,0.0154,0.796
19.14153364,0.0608,0.8040,0.0064,0.806
19.144842063,0.0655,0.8258,-0.0112,0.828
19.146210102,0.0665,0.8480,-0.0308,0.851
19.147609986,0.0662,0.8602,-0.0410,0.864
19.149520678,0.0674,0.8863,-0.0589,0.891
19.151305025,0.0674,0.8993,-0.0689,0.904
19.153421794,0.0669,0.9254,-0.0892,0.932
19.155469909,0.0662,0.9504,-0.1094,0.959
19.157432217,0.0652,0.9626,-0.1175,0.972
19.160769602,0.0643,0.9880,-0.1324,0.999
19.162241717,0.0638,1.0090,-0.1437,1.021
19.164336794,0.0621,1.0190,-0.1498,1.032
19.165884025,0.0584,1.0385,-0.1588,1.052
19.167333717,0.0552,1.0466,-0.1603,1.060
19.169306025,0.0535,1.0627,-0.1600,1.076
19.171433678,0.0491,1.0759,-0.1576,1.089
19.173113948,0.0464,1.0837,-0.1546,1.096
19.175349986,0.0418,1.0962,-0.1439,1.106
19.178856832,0.0376,1.1045,-0.1283,1.113
19.180361948,0.0366,1.1070,-0.1209,1.114
19.181714332,0.0322,1.1116,-0.1036,1.117
19.184013178,0.0298,1.1128,-0.0833,1.116
19.185066525,0.0266,1.1133,-0.0726,1.116
19.187133678,0.0237,1.1128,-0.0515,1.114
19.189070909,0.0183,1.1111,-0.0413,1.112
19.191294178,0.0166,1.1077,-0.0195,1.108
19.201654371,0.0144,1.1035,-0.0015,1.104
19.203127255,0.0115,1.1008,0.0073,1.101
19.203995332,0.0086,1.0938,0.0235,1.094
19.204948602,0.0042,1.0864,0.0364,1.087
19.206127294,0.0017,1.0835,0.0428,1.084
19.207053832,-0.0029,1.0779,0.0530,1.079
19.207877832,-0.0049,1.0742,0.0574,1.076
19.209082909,-0.0086,1.0669,0.0640,1.069
19.210335986,-0.0154,1.0610,0.0696,1.063
19.211425602,-0.0183,1.0578,0.0716,1.060
19.225336486,-0.0220,1.0515,0.0743,1.054
19.226938832,-0.0269,1.0459,0.0799,1.049
19.228205755,-0.0298,1.0432,0.0828,1.047
19.229230025,-0.0349,1.0388,0.0862,1.043
19.230514025,-0.0376,1.0359,0.0882,1.040
19.231569525,-0.0425,1.0339,0.0926,1.039
19.232736486,-0.0452,1.0319,0.0972,1.038
19.233882986,-0.0476,1.0310,0.0994,1.037
19.234715294,-0.0511,1.0273,0.1043,1.034
19.235518832,-0.0540,1.0249,0.1090,1.032
19.236458217,-0.0542,1.0229,0.1116,1.030
19.237239563,-0.0542,1.0205,0.1168,1.029
19.238493448,-0.0545,1.0205,0.1197,1.029
19.239389371,-0.0528,1.0188,0.1266,1.028
19.240494332,-0.0528,1.0166,0.1371,1.027
19.244526986,-0.0533,1.0166,0.1424,1.028
19.246179525,-0.0530,1.0139,0.1507,1.026
19.247216178,-0.0523,1.0100,0.1610,1.024
19.248200332,-0.0515,1.0085,0.1661,1.023
19.250090255,-0.0486,1.0085,0.1761,1.025
19.252326986,-0.0467,1.0078,0.1815,1.025
19.254214178,-0.0445,1.0068,0.1915,1.026
19.256123101,-0.0432,1.0041,0.2020,1.025
19.258228832,-0.0418,1.0021,0.2072,1.024
19.261099948,-0.0366,1.0014,0.2167,1.025
19.262848717,-0.0327,0.9999,0.2218,1.025
19.264261178,-0.0300,0.9990,0.2253,1.024
19.265828255,-0.0266,0.9963,0.2328,1.023
19.267760832,-0.0237,0.9958,0.2338,1.023
19.269862794,-0.0225,0.9948,0.2340,1.022
19.271866678,-0.0169,0.9926,0.2314,1.019
19.273876409,-0.0142,0.9904,0.2314,1.017
19.276239294,-0.0110,0.9863,0.2282,1.012
19.279102909,-0.0083,0.9846,0.2213,1.009
19.281032717,-0.0068,0.9831,0.2172,1.007
19.28232614,-0.0039,0.9784,0.2089,1.001
19.283813871,-0.0037,0.9762,0.2042,0.997
19.285682448,-0.0027,0.9716,0.1942,0.991
19.287790101,0.0005,0.9677,0.1859,0.985
19.289554794,0.0005,0.9655,0.1808,0.982
19.291708948,-0.0007,0.9613,0.1691,0.976
19.301600448,-0.0049,0.9594,0.1583,0.972
19.30297114,-0.0068,0.9579,0.1520,0.970
19.304089101,-0.0095,0.9538,0.1407,0.964
19.30517164,-0.0122,0.9523,0.1341,0.962
19.306277178,-0.0139,0.9501,0.1195,0.958
19.307228294,-0.0151,0.9455,0.1068,0.952
19.309169486,-0.0154,0.9433,0.1007,0.949
19.309929794,-0.0176,0.9411,0.0862,0.945
19.310347678,-0.0171,0.9389,0.0718,0.942
19.324446601,-0.0169,0.9374,0.0665,0.940
19.325321717,-0.0195,0.9357,0.0577,0.938
19.325834717,-0.0181,0.9342,0.0486,0.936
19.326241601,-0.0171,0.9330,0.0452,0.934
19.326662332,-0.0154,0.9303,0.0408,0.931
19.327081101,-0.0151,0.9289,0.0374,0.930
19.32749214,-0.0120,0.9284,0.0325,0.929
19.327919794,-0.0076,0.9269,0.0300,0.927
19.328316717,-0.0059,0.9267,0.0293,0.927
19.332330371,0.0005,0.9264,0.0288,0.927
19.333209332,0.0081,0.9249,0.0281,0.925
19.333738755,0.0122,0.9249,0.0271,0.925
19.335068601,0.0171,0.9240,0.0303,0.925
19.336929332,0.0208,0.9232,0.0303,0.924
19.338803217,0.0271,0.9208,0.0332,0.922
19.340744524,0.0318,0.9186,0.0359,0.920
19.343059524,0.0344,0.9174,0.0384,0.919
19.345509986,0.0388,0.9159,0.0445,0.918
19.346685563,0.0430,0.9157,0.0518,0.918
19.34870214,0.0454,0.9139,0.0557,0.917
19.351057101,0.0481,0.9120,0.0623,0.915
19.352617217,0.0501,0.9098,0.0667,0.914
19.35474714,0.0523,0.9086,0.0765,0.913
19.35667514,0.0528,0.9086,0.0862,0.914
19.359043678,0.0533,0.9078,0.0911,0.914
19.361296601,0.0525,0.9054,0.0987,0.912
19.363146832,0.0525,0.9044,0.1070,0.912
19.364439217,0.0537,0.9022,0.1124,0.911
19.366411448,0.0520,0.9000,0.1236,0.910
19.368259255,0.0493,0.9003,0.1283,0.911
19.370587524,0.0454,0.9008,0.1353,0.912
19.372769063,0.0420,0.8995,0.1415,0.912
19.374429294,0.0413,0.8986,0.1451,0.911
19.377939524,0.0364,0.8983,0.1515,0.912
19.379397563,0.0352,0.8983,0.1544,0.912
19.380516371,0.0318,0.8978,0.1593,0.912
19.382675255,0.0283,0.8983,0.1632,0.913
19.38414064,0.0276,0.8981,0.1659,0.914
19.386198909,0.0247,0.8968,0.1683,0.913
19.388138755,0.0237,0.8976,0.1710,0.914
19.39002614,0.0232,0.8973,0.1722,0.914
19.391985909,0.0232,0.8946,0.1725,0.911
19.402019178,0.0230,0.8944,0.1730,0.911
19.403495332,0.0230,0.8956,0.1747,0.913
19.404578255,0.0230,0.8937,0.1754,0.911
19.405657794,0.0227,0.8954,0.1742,0.912
19.406653371,0.0259,0.8939,0.1742,0.911
19.407631909,0.0305,0.8927,0.1771,0.911
19.40845564,0.0344,0.8912,0.1791,0.910
19.409331794,0.0415,0.8907,0.1805,0.910
19.410413255,0.0440,0.8900,0.1803,0.909
19.426684101,0.0501,0.8873,0.1823,0.907
19.428363024,0.0586,0.8866,0.1862,0.908
19.429529948,0.0623,0.8881,0.1891,0.910
19.430443178,0.0696,0.8895,0.1920,0.913
19.431420063,0.0765,0.8910,0.1959,0.915
19.432412794,0.0804,0.8915,0.1981,0.917
19.433652601,0.0855,0.8949,0.2016,0.921
19.434657794,0.0911,0.8966,0.2035,0.924
19.435754678,0.0950,0.9003,0.2045,0.928
19.436513524,0.0999,0.9027,0.2060,0.931
19.437549832,0.1011,0.9052,0.2060,0.934
19.438295909,0.1041,0.9100,0.2033,0.938
19.439085063,0.1063,0.9144,0.2011,0.942
19.439967217,0.1077,0.9161,0.1986,0.944
19.440692563,0.1087,0.9198,0.1898,0.945
19.441798832,0.1087,0.9227,0.1810,0.947
19.444969063,0.1090,0.9252,0.1747,0.948
19.446833294,0.1082,0.9320,0.1620,0.952
19.447985794,0.1058,0.9340,0.1568,0.953
19.449200909,0.1060,0.9401,0.1480,0.958
19.451382178,0.1046,0.9479,0.1366,0.963
19.453298986,0.1029,0.9521,0.1309,0.967
19.45533164,0.1016,0.9572,0.1212,0.970
19.457166409,0.1019,0.9594,0.1129,0.971
19.459356755,0.1019,0.9650,0.1087,0.976
19.462674601,0.1009,0.9687,0.0997,0.979
19.464117986,0.1004,0.9699,0.0945,0.980
19.466057447,0.0982,0.9733,0.0872,0.982
19.467211755,0.0977,0.9743,0.0823,0.983
19.468836678,0.0970,0.9745,0.0787,0.983
19.470817024,0.0928,0.9753,0.0770,0.983
19.472802024,0.0923,0.9777,0.0760,0.985
19.474911371,0.0916,0.9787,0.0738,0.986
19.478611255,0.0914,0.9789,0.0752,0.986
19.480079871,0.0914,0.9794,0.0760,0.987
19.48214164,0.0911,0.9804,0.0796,0.988
19.483619755,0.0921,0.9814,0.0823,0.989
19.484843409,0.0923,0.9816,0.0860,0.990
19.48692964,0.0921,0.9816,0.0894,0.990
19.488558332,0.0909,0.9824,0.0921,0.991
19.490828332,0.0931,0.9831,0.0977,0.992
19.492653294,0.0941,0.9833,0.1024,0.993
19.502172755,0.0948,0.9836,0.1048,0.994
19.503607524,0.0948,0.9860,0.1109,0.997
19.504638063,0.0936,0.9872,0.1160,0.998
19.505669255,0.0928,0.9885,0.1182,1.000
19.507293447,0.0909,0.9897,0.1256,1.002
19.508307063,0.0892,0.9916,0.1331,1.005
19.509157409,0.0892,0.9933,0.1368,1.007
19.510217986,0.0840,0.9958,0.1424,1.009
19.510693024,0.0816,0.9990,0.1454,1.013
19.526991332,0.0772,1.0043,0.1544,1.019
19.528462832,0.0726,1.0114,0.1603,1.027
19.529583986,0.0696,1.0158,0.1630,1.031
19.53047414,0.0625,1.0249,0.1669,1.040
19.531351217,0.0569,1.0278,0.1735,1.044
19.532430486,0.0533,1.0351,0.1759,1.051
19.533614063,0.0457,1.0434,0.1793,1.060
19.534715678,0.0420,1.0495,0.1803,1.066
19.535643178,0.0396,1.0588,0.1823,1.075
19.536523486,0.0357,1.0686,0.1835,1.085
19.537545601,0.0344,1.0730,0.1840,1.089
19.53872414,0.0325,1.0842,0.1825,1.100
19.53974314,0.0320,1.0894,0.1813,1.105
19.540706832,0.0310,1.1021,0.1810,1.117
19.541832871,0.0293,1.1138,0.1808,1.129
19.542901409,0.0286,1.1182,0.1810,1.133
19.544065255,0.0249,1.1289,0.1823,1.144
19.547204409,0.0215,1.1392,0.1820,1.154
19.549302947,0.0205,1.1446,0.1830,1.159
19.554939832,0.0159,1.1573,0.1840,1.172
19.556093986,0.0132,1.1680,0.1825,1.182
19.55712037,0.0103,1.1722,0.1808,1.186
19.558316447,0.0078,1.1824,0.1796,1.196
19.559463294,0.0071,1.1868,0.1786,1.200
19.56068464,0.0068,1.1910,0.1717,1.203
19.561983332,0.0076,1.1961,0.1652,1.207
19.565144063,0.0083,1.1981,0.1612,1.209
19.566770063,0.0088,1.1991,0.1534,1.209
19.567946678,0.0125,1.1998,0.1434,1.208
19.57133437,0.0142,1.1981,0.1378,1.206
19.572025294,0.0191,1.1942,0.1280,1.201
19.573829947,0.0217,1.1917,0.1212,1.198
19.576080255,0.0279,1.1846,0.1099,1.190
19.578758024,0.0352,1.1766,0.0975,1.181
19.579606294,0.0388,1.1710,0.0921,1.175
19.581141024,0.0452,1.1590,0.0794,1.163
19.583253486,0.0528,1.1490,0.0684,1.152
19.585169909,0.0569,1.1434,0.0630,1.147
19.587650447,0.0679,1.1314,0.0567,1.135
19.590733486,0.0711,1.1260,0.0540,1.130
19.591036447,0.0806,1.1160,0.0489,1.120
19.593276255,0.0887,1.1096,0.0486,1.114
19.59877737,0.0916,1.1060,0.0501,1.111
19.600035294,0.0967,1.1028,0.0569,1.108
19.60053614,0.1016,1.1006,0.0672,1.107
19.60096037,0.1029,1.0999,0.0743,1.107
19.606147947,0.1019,1.1023,0.0880,1.110
19.606798794,0.1002,1.1048,0.0958,1.113
19.607181755,0.0941,1.1143,0.1131,1.124
19.608938255,0.0860,1.1282,0.1302,1.139
19.623095947,0.0833,1.1370,0.1368,1.148
19.62369287,0.0757,1.1568,0.1468,1.169
19.623945909,0.0704,1.1788,0.1586,1.191
19.624175755,0.0682,1.1895,0.1632,1.203
19.624412947,0.0608,1.2105,0.1735,1.224
19.624653563,0.0579,1.2201,0.1791,1.234
19.624875409,0.0552,1.2355,0.1908,1.251
19.625106601,0.0523,1.2452,0.1989,1.262
19.626611832,0.0511,1.2467,0.2008,1.264
19.63067164,0.0515,1.2465,0.2011,1.264
19.631163947,0.0542,1.2394,0.1998,1.257
19.632393294,0.0564,1.2357,0.1976,1.253
19.634420063,0.0635,1.2264,0.1920,1.243
19.636346294,0.0706,1.2157,0.1906,1.233
19.638493601,0.0743,1.2088,0.1918,1.226
19.640251409,0.0779,1.1932,0.1945,1.211
19.642324294,0.0801,1.1866,0.1979,1.206
19.644532563,0.0809,1.1717,0.2062,1.192
19.646971178,0.0789,1.1536,0.2213,1.177
19.648946909,0.0777,1.1451,0.2292,1.170
19.650324832,0.0743,1.1265,0.2455,1.155
19.652231255,0.0694,1.1175,0.2553,1.148
19.654344217,0.0667,1.1021,0.2744,1.138
19.656170601,0.0606,1.0874,0.2902,1.127
19.65811337,0.0574,1.0813,0.2961,1.123
19.660414717,0.0535,1.0713,0.3042,1.115
19.662881563,0.0525,1.0632,0.3061,1.108
19.664160255,0.0535,1.0581,0.3046,1.102
19.667076755,0.0567,1.0532,0.2946,1.095
19.66816764,0.0628,1.0469,0.2753,1.084
19.670172717,0.0657,1.0444,0.2660,1.080
19.672222486,0.0755,1.0405,0.2431,1.071
19.674097486,0.0875,1.0346,0.2169,1.061
19.676115793,0.0948,1.0327,0.2030,1.057
19.678411409,0.1080,1.0288,0.1769,1.049
19.680041947,0.1141,1.0273,0.1647,1.047
19.682058293,0.1287,1.0219,0.1427,1.040
19.683838217,0.1422,1.0175,0.1224,1.035
19.685893447,0.1495,1.0158,0.1141,1.033
19.687996717,0.1637,1.0139,0.1002,1.032
19.689967409,0.1793,1.0087,0.0880,1.028
19.691884255,0.1857,1.0061,0.0831,1.026
19.702360563,0.1964,1.0012,0.0718,1.023
19.70381764,0.2016,0.9992,0.0662,1.021
19.704686909,0.2133,0.9973,0.0564,1.021
19.706161755,0.2233,0.9933,0.0489,1.019
19.707111217,0.2272,0.9914,0.0430,1.018
19.708191024,0.2318,0.9872,0.0315,1.015
19.70910187,0.2336,0.9811,0.0193,1.009
19.710363947,0.2338,0.9799,0.0144,1.008
19.71139687,0.2326,0.9755,0.0020,1.003
19.71245937,0.2309,0.9736,-0.0049,1.001
19.727441409,0.2277,0.9687,-0.0171,0.995
19.728988563,0.2245,0.9643,-0.0279,0.990
19.730155563,0.2233,0.9618,-0.0325,0.988
19.730954293,0.2187,0.9540,-0.0410,0.980
19.732023293,0.2123,0.9491,-0.0484,0.974
19.733169101,0.2099,0.9391,-0.0518,0.964
19.734217024,0.2042,0.9271,-0.0591,0.951
19.735391909,0.2013,0.9218,-0.0621,0.946
19.736336101,0.1954,0.9096,-0.0638,0.932
19.73727814,0.1898,0.8976,-0.0650,0.920
19.738286947,0.1869,0.8920,-0.0657,0.914
19.739170832,0.1771,0.8778,-0.0662,0.898
19.739972909,0.1666,0.8651,-0.0599,0.883
19.740672909,0.1625,0.8585,-0.0557,0.876
19.741707601,0.1490,0.8436,-0.0489,0.858
19.743119409,0.1432,0.8380,-0.0445,0.851
19.745929101,0.1295,0.8265,-0.0369,0.837
19.747411986,0.1146,0.8153,-0.0288,0.824
19.74904714,0.1065,0.8099,-0.0247,0.817
19.751128447,0.0906,0.7991,-0.0139,0.804
19.753009255,0.0701,0.7876,-0.0054,0.791
19.755280832,0.0596,0.7825,-0.0010,0.785
19.75711187,0.0415,0.7747,0.0110,0.776
19.75905487,0.0318,0.7720,0.0147,0.773
19.76230737,0.0132,0.7647,0.0244,0.765
19.76369387,-0.0071,0.7610,0.0337,0.762
19.76479614,-0.0186,0.7613,0.0384,0.762
19.76700714,-0.0393,0.7613,0.0476,0.764
19.768716832,-0.0591,0.7639,0.0599,0.769
19.770763255,-0.0689,0.7657,0.0662,0.772
19.772709063,-0.0877,0.7691,0.0794,0.778
19.774792755,-0.0970,0.7718,0.0875,0.783
19.776771755,-0.1180,0.7788,0.1024,0.794
19.779991678,-0.1358,0.7881,0.1190,0.809
19.781576909,-0.1441,0.7935,0.1278,0.817
19.78314864,-0.1590,0.8065,0.1444,0.835
19.784542447,-0.1776,0.8211,0.1627,0.856
19.786492332,-0.1845,0.8277,0.1713,0.865
19.788348947,-0.1967,0.8419,0.1862,0.884
19.790506832,-0.2038,0.8502,0.1945,0.896
19.792434024,-0.2135,0.8683,0.2103,0.919
19.80303437,-0.2223,0.8859,0.2216,0.940
19.804631678,-0.2265,0.8956,0.2284,0.952
19.80581714,-0.2299,0.9164,0.2409,0.975
19.806944793,-0.2304,0.9352,0.2504,0.995
19.807980332,-0.2284,0.9447,0.2548,1.005
19.808923716,-0.2201,0.9645,0.2595,1.023
19.810033409,-0.2162,0.9748,0.2602,1.032
19.810880986,-0.2038,0.9953,0.2602,1.049
19.811983563,-0.1888,1.0139,0.2585,1.063
19.812849986,-0.1810,1.0239,0.2565,1.071
19.83021964,-0.1634,1.0444,0.2511,1.087
19.831579063,-0.1427,1.0610,0.2406,1.097
19.832523101,-0.1317,1.0679,0.2345,1.101
19.833297293,-0.1102,1.0801,0.2194,1.108
19.834394486,-0.0985,1.0850,0.2111,1.110
19.835377909,-0.0735,1.0923,0.1903,1.111
19.836271293,-0.0523,1.0969,0.1691,1.111
19.837327216,-0.0415,1.0979,0.1586,1.110
19.838402524,-0.0195,1.1001,0.1353,1.109
19.839051716,0.0020,1.0974,0.1102,1.103
19.83996564,0.0117,1.0962,0.0960,1.100
19.840622024,0.0249,1.0903,0.0711,1.093
19.84144287,0.0315,1.0877,0.0586,1.090
19.842309178,0.0430,1.0784,0.0359,1.080
19.843037486,0.0513,1.0703,0.0147,1.072
19.844097793,0.0559,1.0662,0.0027,1.068
19.84767387,0.0633,1.0571,-0.0164,1.059
19.849254524,0.0669,1.0481,-0.0322,1.051
19.850220909,0.0677,1.0434,-0.0391,1.046
19.851769409,0.0682,1.0341,-0.0501,1.038
19.853864947,0.0682,1.0295,-0.0545,1.033
19.855667947,0.0679,1.0219,-0.0611,1.026
19.857662063,0.0638,1.0136,-0.0616,1.017
19.859609601,0.0613,1.0095,-0.0613,1.013
19.862089409,0.0564,1.0009,-0.0567,1.004
19.86497614,0.0506,0.9907,-0.0501,0.993
19.866575909,0.0469,0.9850,-0.0447,0.987
19.86790914,0.0406,0.9760,-0.0305,0.977
19.869456524,0.0374,0.9714,-0.0225,0.972
19.871334216,0.0291,0.9643,-0.0049,0.965
19.873313486,0.0200,0.9584,0.0164,0.959
19.875447178,0.0173,0.9560,0.0274,0.957
19.879145601,0.0103,0.9518,0.0511,0.953
19.880711101,0.0027,0.9477,0.0745,0.951
19.882096947,0.0002,0.9462,0.0877,0.950
19.883447139,-0.0056,0.9425,0.1126,0.949
19.885005293,-0.0093,0.9398,0.1253,0.948
19.887199793,-0.0147,0.9372,0.1483,0.949
19.888903216,-0.0220,0.9345,0.1710,0.950
19.891089716,-0.0259,0.9330,0.1815,0.951
19.893119986,-0.0281,0.9308,0.2025,0.953
19.902112601,-0.0310,0.9296,0.2199,0.956
19.903073486,-0.0330,0.9296,0.2284,0.958
19.903375486,-0.0357,0.9315,0.2433,0.963
19.903612755,-0.0381,0.9303,0.2558,0.966
19.903855909,-0.0401,0.9284,0.2612,0.965
19.906141139,-0.0432,0.9289,0.2700,0.968
19.906771524,-0.0442,0.9279,0.2751,0.969
19.908812793,-0.0467,0.9271,0.2841,0.971
19.929125832,-0.0467,0.9281,0.2888,0.973
19.930777563,-0.0452,0.9289,0.2902,0.974
19.931757909,-0.0454,0.9293,0.2922,0.975
19.932689947,-0.0432,0.9271,0.2917,0.973
19.934012332,-0.0428,0.9267,0.2900,0.972
19.935262216,-0.0415,0.9247,0.2885,0.970
19.936690755,-0.0398,0.9232,0.2873,0.968
19.937761178,-0.0376,0.9225,0.2827,0.966
19.938819101,-0.0322,0.9227,0.2758,0.964
19.939648563,-0.0300,0.9223,0.2707,0.962
19.94073187,-0.0257,0.9205,0.2626,0.958
19.941672601,-0.0186,0.9208,0.2516,0.955
19.942603601,-0.0144,0.9198,0.2458,0.952
19.943568524,-0.0078,0.9186,0.2345,0.948
19.944820409,-0.0010,0.9193,0.2260,0.947
19.946194486,0.0022,0.9176,0.2209,0.944
19.947205832,0.0100,0.9176,0.2130,0.942
19.948323293,0.0129,0.9176,0.2077,0.941
19.949621563,0.0203,0.9161,0.2003,0.938
19.950121678,0.0244,0.9137,0.1906,0.934
19.950361755,0.0257,0.9132,0.1871,0.933
19.952097409,0.0293,0.9115,0.1820,0.930
19.954430409,0.0340,0.9096,0.1793,0.928
19.95608887,0.0359,0.9078,0.1725,0.925
19.958403986,0.0408,0.9059,0.1681,0.922
19.959982947,0.0423,0.9054,0.1669,0.922
19.964561024,0.0469,0.9032,0.1654,0.919
19.965179524,0.0513,0.9000,0.1649,0.916
19.966224986,0.0520,0.8986,0.1652,0.915
19.968008832,0.0535,0.8946,0.1659,0.911
19.970109216,0.0586,0.8912,0.1703,0.909
19.971960178,0.0603,0.8900,0.1715,0.908
19.97401387,0.0606,0.8883,0.1766,0.908
19.975887678,0.0596,0.8846,0.1801,0.905
19.989667216,0.0562,0.8795,0.1849,0.900
19.990731101,0.0513,0.8758,0.1920,0.898
19.991732601,0.0493,0.8732,0.1964,0.896
19.992492986,0.0472,0.8695,0.2045,0.894
19.993217101,0.0425,0.8658,0.2108,0.892
19.994463332,0.0401,0.8622,0.2143,0.889
19.995652601,0.0354,0.8568,0.2189,0.885
19.996891447,0.0332,0.8556,0.2235,0.885
19.998068293,0.0269,0.8519,0.2294,0.883
19.998745832,0.0195,0.8490,0.2355,0.881
19.999607639,0.0178,0.8480,0.2387,0.881
20.00032687,0.0137,0.8458,0.2433,0.880
20.003378332,0.0081,0.8421,0.2472,0.878
20.005700716,0.0056,0.8409,0.2487,0.877
20.007255178,0.0012,0.8397,0.2531,0.877
20.008373639,-0.0044,0.8389,0.2548,0.877
20.009701409,-0.0064,0.8387,0.2582,0.878
20.012987678,-0.0107,0.8402,0.2599,0.880
20.014443024,-0.0142,0.8397,0.2617,0.880
20.01561937,-0.0181,0.8409,0.2629,0.881
20.017435447,-0.0210,0.8416,0.2639,0.882
20.019408986,-0.0242,0.8431,0.2648,0.884
20.021309639,-0.0249,0.8451,0.2656,0.886
20.02340037,-0.0261,0.8460,0.2658,0.887
20.024957793,-0.0276,0.8495,0.2656,0.890
20.027297024,-0.0291,0.8521,0.2631,0.892
20.029299755,-0.0296,0.8529,0.2617,0.893
20.031092716,-0.0313,0.8578,0.2612,0.897
20.033043486,-0.0322,0.8634,0.2619,0.903
20.035030101,-0.0322,0.8666,0.2617,0.906
20.036942678,-0.0352,0.8724,0.2599,0.911
20.039096255,-0.0354,0.8741,0.2582,0.912
20.040975062,-0.0366,0.8771,0.2575,0.915
20.043099486,-0.0371,0.8810,0.2570,0.918
20.046031139,-0.0384,0.8837,0.2563,0.921
20.047094524,-0.0396,0.8907,0.2553,0.927
20.049023447,-0.0408,0.8949,0.2543,0.931
20.051152601,-0.0406,0.8983,0.2533,0.934
20.052998678,-0.0398,0.9042,0.2536,0.940
20.055060947,-0.0408,0.9054,0.2538,0.941
20.057037409,-0.0415,0.9066,0.2533,0.942
20.059168601,-0.0420,0.9103,0.2536,0.946
20.060906024,-0.0418,0.9120,0.2538,0.948
20.063584678,-0.0415,0.9164,0.2538,0.952
20.064751524,-0.0418,0.9179,0.2533,0.953
20.066749332,-0.0408,0.9193,0.2548,0.955
20.068647639,-0.0398,0.9225,0.2560,0.958
20.070693062,-0.0406,0.9232,0.2558,0.959
20.072574909,-0.0425,0.9249,0.2560,0.961
20.074633986,-0.0430,0.9269,0.2553,0.962
20.076506255,-0.0437,0.9281,0.2553,0.964
20.079806716,-0.0467,0.9301,0.2548,0.965
20.081258909,-0.0486,0.9320,0.2546,0.967
20.082855293,-0.0496,0.9333,0.2548,0.969
20.084329832,-0.0506,0.9345,0.2568,0.970
20.086459793,-0.0520,0.9340,0.2553,0.970
20.088235024,-0.0550,0.9347,0.2531,0.970
20.090345216,-0.0562,0.9345,0.2546,0.970
20.092612562,-0.0577,0.9345,0.2553,0.970
20.094403139,-0.0591,0.9359,0.2536,0.971
20.103892562,-0.0608,0.9359,0.2502,0.971
20.105199716,-0.0613,0.9362,0.2494,0.971
20.106170793,-0.0628,0.9350,0.2477,0.969
20.107066562,-0.0638,0.9337,0.2477,0.968
20.107980793,-0.0638,0.9333,0.2458,0.967
20.109762793,-0.0638,0.9315,0.2455,0.965
20.110587832,-0.0638,0.9306,0.2453,0.964
20.111618409,-0.0650,0.9308,0.2428,0.964
20.128354524,-0.0657,0.9303,0.2428,0.964
20.130127178,-0.0652,0.9298,0.2419,0.963
20.131093178,-0.0650,0.9291,0.2402,0.962
20.132035793,-0.0647,0.9267,0.2394,0.959
20.133171447,-0.0625,0.9220,0.2409,0.955
20.134292639,-0.0613,0.9218,0.2414,0.955
20.135447101,-0.0613,0.9218,0.2394,0.954
20.136406601,-0.0616,0.9186,0.2409,0.952
20.137568409,-0.0638,0.9161,0.2426,0.950
20.138464832,-0.0638,0.9152,0.2424,0.949
20.139437293,-0.0643,0.9149,0.2465,0.950
20.140401216,-0.0640,0.9161,0.2465,0.951
20.141280062,-0.0665,0.9154,0.2499,0.951
20.142309755,-0.0704,0.9157,0.2524,0.952
20.14302187,-0.0721,0.9157,0.2543,0.953
20.143986832,-0.0735,0.9181,0.2585,0.957
20.145024024,-0.0762,0.9188,0.2614,0.958
20.146203639,-0.0765,0.9208,0.2624,0.960
20.148710832,-0.0774,0.9230,0.2660,0.964
20.150171524,-0.0777,0.9247,0.2690,0.966
20.151521062,-0.0784,0.9303,0.2744,0.973
20.153597716,-0.0801,0.9340,0.2788,0.978
20.15545387,-0.0806,0.9364,0.2802,0.981
20.157213139,-0.0814,0.9420,0.2841,0.987
20.159211139,-0.0801,0.9479,0.2878,0.994
20.161475062,-0.0792,0.9518,0.2895,0.998
20.164118216,-0.0784,0.9584,0.2959,1.006
20.165624178,-0.0762,0.9616,0.2978,1.010
20.167163485,-0.0755,0.9692,0.3012,1.018
20.169239601,-0.0716,0.9765,0.3037,1.025
20.171081409,-0.0704,0.9806,0.3039,1.029
20.173085909,-0.0677,0.9894,0.3039,1.037
20.175012447,-0.0638,0.9982,0.3032,1.045
20.176937601,-0.0630,1.0031,0.3017,1.049
20.179923601,-0.0616,1.0141,0.3020,1.060
20.181455216,-0.0594,1.0195,0.3017,1.065
20.183161601,-0.0586,1.0305,0.2988,1.075
20.185077255,-0.0589,1.0422,0.2985,1.086
20.186950101,-0.0589,1.0476,0.2961,1.090
20.188763485,-0.0586,1.0593,0.2885,1.099
20.190921255,-0.0557,1.0701,0.2802,1.108
20.192887255,-0.0542,1.0732,0.2773,1.110
20.20337887,-0.0520,1.0823,0.2707,1.117
20.204790062,-0.0496,1.0877,0.2668,1.121
20.20595187,-0.0454,1.0969,0.2599,1.128
20.207021793,-0.0423,1.1045,0.2521,1.134
20.207982678,-0.0396,1.1087,0.2492,1.137
20.208990947,-0.0352,1.1157,0.2402,1.142
20.210044101,-0.0310,1.1177,0.2367,1.143
20.210497139,-0.0298,1.1243,0.2309,1.148
20.21087187,-0.0261,1.1263,0.2248,1.149
20.235709408,-0.0242,1.1280,0.2221,1.150
20.236865985,-0.0198,1.1319,0.2177,1.153
20.237226562,-0.0164,1.1314,0.2111,1.151
20.237606716,-0.0139,1.1306,0.2077,1.150
20.237883293,-0.0090,1.1304,0.2023,1.148
20.238177447,-0.0066,1.1282,0.1962,1.145
20.238462562,-0.0044,1.1280,0.1925,1.144
20.238755447,-0.0049,1.1258,0.1859,1.141
20.239048293,-0.0064,1.1243,0.1852,1.139
20.239332793,-0.0083,1.1231,0.1805,1.138
20.239616024,-0.0132,1.1177,0.1803,1.132
20.239900139,-0.0147,1.1165,0.1813,1.131
20.24016587,-0.0210,1.1145,0.1827,1.130
20.240441062,-0.0264,1.1101,0.1849,1.126
20.240724101,-0.0305,1.1074,0.1871,1.124
20.242020293,-0.0381,1.1021,0.1937,1.120
20.244044985,-0.0430,1.1006,0.1981,1.119
20.246733716,-0.0528,1.0969,0.2079,1.118
20.249241178,-0.0623,1.0938,0.2206,1.118
20.250065908,-0.0667,1.0928,0.2272,1.118
20.251710947,-0.0726,1.0925,0.2414,1.121
20.253990601,-0.0809,1.0930,0.2548,1.125
20.255737216,-0.0845,1.0964,0.2626,1.131
20.257789101,-0.0904,1.1030,0.2766,1.141
20.259792101,-0.0933,1.1072,0.2832,1.147
20.26517337,-0.0970,1.1189,0.2988,1.162
20.266599678,-0.0999,1.1341,0.3125,1.181
20.267693485,-0.0999,1.1416,0.3178,1.189
20.268723793,-0.1019,1.1609,0.3276,1.211
20.269930216,-0.1053,1.1712,0.3367,1.223
20.27162137,-0.1063,1.1920,0.3433,1.245
20.273811062,-0.1080,1.2135,0.3508,1.268
20.275392485,-0.1075,1.2225,0.3552,1.278
20.277278524,-0.1033,1.2421,0.3613,1.298
20.280388216,-0.0967,1.2594,0.3684,1.316
20.281955332,-0.0919,1.2662,0.3711,1.323
20.283391678,-0.0801,1.2787,0.3772,1.336
20.285198062,-0.0728,1.2824,0.3806,1.340
20.28728387,-0.0567,1.2868,0.3826,1.344
20.289305601,-0.0369,1.2894,0.3838,1.346
20.291259101,-0.0269,1.2887,0.3845,1.345
20.293078101,-0.0046,1.2865,0.3826,1.342
20.303963447,0.0181,1.2855,0.3779,1.340
20.305455024,0.0279,1.2841,0.3748,1.338
20.306386601,0.0459,1.2814,0.3660,1.333
20.307496985,0.0628,1.2799,0.3547,1.330
20.308447678,0.0694,1.2797,0.3494,1.328
20.309447908,0.0799,1.2780,0.3352,1.324
20.310230831,0.0828,1.2758,0.3271,1.320
20.311382985,0.0889,1.2745,0.3073,1.314
20.312318716,0.0919,1.2728,0.2880,1.308
20.313296485,0.0909,1.2723,0.2780,1.306
20.32351437,0.0901,1.2721,0.2585,1.301
20.324080062,0.0875,1.2733,0.2394,1.299
20.324317985,0.0867,1.2736,0.2304,1.297
20.32455087,0.0867,1.2719,0.2160,1.293
20.324779562,0.0855,1.2721,0.2084,1.292
20.325021678,0.0826,1.2697,0.1972,1.288
20.326854139,0.0784,1.2706,0.1898,1.287
20.332423139,0.0752,1.2692,0.1874,1.285
20.332967639,0.0711,1.2645,0.1825,1.280
20.333214485,0.0652,1.2596,0.1791,1.274
20.334549485,0.0621,1.2567,0.1757,1.270
20.336488793,0.0547,1.2462,0.1683,1.259
20.338464639,0.0508,1.2403,0.1639,1.252
20.340380331,0.0428,1.2272,0.1532,1.237
20.342398101,0.0315,1.2113,0.1397,1.220
20.344644793,0.0261,1.2027,0.1300,1.210
20.347121178,0.0093,1.1829,0.1085,1.188
20.348950447,-0.0061,1.1629,0.0840,1.166
20.350420947,-0.0139,1.1519,0.0691,1.154
20.352269639,-0.0327,1.1260,0.0406,1.127
20.354165255,-0.0420,1.1138,0.0247,1.115
20.356138985,-0.0623,1.0881,-0.0081,1.090
20.358524062,-0.0828,1.0610,-0.0401,1.065
20.360275024,-0.0926,1.0476,-0.0564,1.053
20.365147793,-0.1124,1.0158,-0.0865,1.026
20.365824562,-0.1322,0.9875,-0.1180,1.003
20.366456216,-0.1427,0.9731,-0.1314,0.992
20.368127831,-0.1610,0.9469,-0.1524,0.973
20.37013637,-0.1695,0.9342,-0.1627,0.963
20.372435831,-0.1835,0.9083,-0.1774,0.943
20.374173524,-0.1957,0.8846,-0.1835,0.924
20.375950831,-0.2016,0.8734,-0.1842,0.915
20.378429447,-0.2094,0.8487,-0.1818,0.893
20.38081887,-0.2116,0.8262,-0.1754,0.871
20.382042831,-0.2113,0.8162,-0.1691,0.860
20.383921216,-0.2064,0.7964,-0.1515,0.837
20.385851678,-0.2028,0.7867,-0.1407,0.824
20.387926178,-0.1950,0.7669,-0.1173,0.800
20.389804024,-0.1835,0.7508,-0.0899,0.778
20.391871755,-0.1776,0.7415,-0.0755,0.766
20.394001024,-0.1634,0.7236,-0.0450,0.743
20.399526793,-0.1488,0.7092,-0.0115,0.725
20.400090678,-0.1415,0.7024,0.0049,0.716
20.400369485,-0.1256,0.6870,0.0384,0.699
20.401774255,-0.1173,0.6816,0.0545,0.694
20.40374587,-0.1007,0.6706,0.0853,0.683
20.405653524,-0.0845,0.6577,0.1136,0.673
20.407485062,-0.0772,0.6535,0.1275,0.670
20.409308331,-0.0618,0.6469,0.1515,0.667
20.411396678,-0.0479,0.6403,0.1720,0.665
20.424606601,-0.0396,0.6369,0.1815,0.663
20.426203293,-0.0244,0.6323,0.1964,0.663
20.427721524,-0.0161,0.6308,0.2038,0.663
20.428987331,-0.0012,0.6303,0.2133,0.665
20.430274947,0.0127,0.6293,0.2184,0.666
20.431512101,0.0200,0.6286,0.2194,0.666
20.432692793,0.0327,0.6308,0.2189,0.669
20.433731639,0.0432,0.6369,0.2152,0.674
20.434443947,0.0469,0.6393,0.2118,0.675
20.435249601,0.0555,0.6477,0.1991,0.680
20.436234793,0.0625,0.6530,0.1854,0.682
20.43696787,0.0662,0.6628,0.1774,0.689
20.438106139,0.0738,0.6750,0.1605,0.698
20.440611139,0.0774,0.6809,0.1537,0.702
20.442213139,0.0823,0.6953,0.1353,0.713
20.443587216,0.0843,0.7119,0.1153,0.726
20.445485678,0.0848,0.7197,0.1060,0.732
20.44710487,0.0860,0.7380,0.0872,0.748
20.449046716,0.0860,0.7581,0.0699,0.766
20.451117178,0.0860,0.7681,0.0608,0.775
20.453520408,0.0867,0.7879,0.0469,0.794
20.455212408,0.0853,0.7981,0.0322,0.803
20.456951447,0.0853,0.8211,0.0254,0.826
20.459014678,0.0826,0.8416,0.0122,0.846
20.460879754,0.0799,0.8526,0.0071,0.856
20.464118485,0.0787,0.8751,-0.0005,0.879
20.465767101,0.0770,0.8978,-0.0090,0.901
20.46706887,0.0760,0.9096,-0.0122,0.913
20.468932947,0.0757,0.9313,-0.0193,0.935
20.471116601,0.0752,0.9420,-0.0210,0.945
20.472915101,0.0767,0.9621,-0.0244,0.965
20.47494737,0.0787,0.9831,-0.0239,0.987
20.476931331,0.0799,0.9929,-0.0244,0.996
20.479020716,0.0809,1.0117,-0.0215,1.015
20.481647678,0.0814,1.0302,-0.0176,1.034
20.483118947,0.0828,1.0388,-0.0171,1.042
20.485527601,0.0853,1.0561,-0.0147,1.060
20.487003908,0.0855,1.0652,-0.0110,1.069
20.488532562,0.0867,1.0793,-0.0049,1.083
20.490540293,0.0870,1.0933,0.0000,1.097
20.492599408,0.0877,1.1001,0.0029,1.104
20.494672216,0.0884,1.1123,0.0081,1.116
20.506469908,0.0897,1.1223,0.0144,1.126
20.507989408,0.0897,1.1260,0.0176,1.130
20.508954831,0.0899,1.1341,0.0222,1.138
20.510151831,0.0887,1.1365,0.0252,1.140
20.511240408,0.0904,1.1407,0.0286,1.145
20.512393678,0.0894,1.1426,0.0318,1.147
20.513412216,0.0889,1.1443,0.0330,1.148
20.51433887,0.0867,1.1458,0.0381,1.150
20.51539287,0.0823,1.1448,0.0418,1.149
20.516434062,0.0806,1.1446,0.0440,1.148
20.51755737,0.0792,1.1424,0.0474,1.146
20.518284947,0.0765,1.1407,0.0491,1.144
20.535851831,0.0716,1.1380,0.0535,1.141
20.537211024,0.0672,1.1333,0.0562,1.137
20.538291447,0.0638,1.1297,0.0569,1.133
20.539163485,0.0577,1.1253,0.0611,1.128
20.540155485,0.0501,1.1184,0.0645,1.121
20.541139716,0.0467,1.1140,0.0657,1.117
20.542327793,0.0398,1.1077,0.0662,1.110
20.543424754,0.0308,1.1038,0.0672,1.106
20.544268139,0.0259,1.0940,0.0691,1.096
20.544994639,0.0169,1.0855,0.0723,1.088
20.54618387,0.0125,1.0811,0.0745,1.084
20.547062524,0.0037,1.0715,0.0794,1.074
20.548216601,-0.0044,1.0618,0.0840,1.065
20.549242177,-0.0078,1.0574,0.0880,1.061
20.550360716,-0.0159,1.0500,0.0938,1.054
20.551160062,-0.0254,1.0459,0.0967,1.051
20.551986639,-0.0286,1.0388,0.1055,1.045
20.55479987,-0.0347,1.0337,0.1151,1.041
20.556232754,-0.0374,1.0302,0.1202,1.038
20.560687524,-0.0408,1.0234,0.1331,1.033
20.561987754,-0.0474,1.0178,0.1466,1.029
20.562908793,-0.0511,1.0168,0.1527,1.029
20.564067677,-0.0562,1.0148,0.1671,1.030
20.567257639,-0.0581,1.0124,0.1742,1.029
20.568118254,-0.0633,1.0100,0.1876,1.029
20.569328293,-0.0657,1.0075,0.2003,1.029
20.571293716,-0.0677,1.0070,0.2069,1.030
20.573287562,-0.0728,1.0041,0.2209,1.031
20.575340947,-0.0760,1.0036,0.2318,1.033
20.576988293,-0.0772,1.0004,0.2382,1.031
20.58287787,-0.0782,0.9982,0.2485,1.032
20.583435331,-0.0767,0.9977,0.2524,1.032
20.583686485,-0.0728,0.9933,0.2614,1.030
20.584824216,-0.0694,0.9894,0.2680,1.027
20.586951447,-0.0684,0.9885,0.2697,1.027
20.588918331,-0.0628,0.9855,0.2729,1.025
20.590854793,-0.0577,0.9826,0.2758,1.022
20.592677793,-0.0547,0.9794,0.2797,1.020
20.594796293,-0.0501,0.9777,0.2800,1.018
20.611207139,-0.0472,0.9750,0.2792,1.015
20.612763716,-0.0428,0.9726,0.2775,1.012
20.613969985,-0.0376,0.9682,0.2748,1.007
20.614977293,-0.0347,0.9662,0.2729,1.005
20.616032947,-0.0286,0.9623,0.2685,0.999
20.617187216,-0.0259,0.9604,0.2658,0.997
20.618399908,-0.0195,0.9565,0.2595,0.991
20.619291024,-0.0105,0.9526,0.2519,0.985
20.62009087,-0.0061,0.9499,0.2492,0.982
20.620893331,0.0029,0.9472,0.2436,0.978
20.621805562,0.0103,0.9418,0.2362,0.971
20.622808562,0.0129,0.9401,0.2318,0.968
20.623561831,0.0183,0.9340,0.2228,0.960
20.624350677,0.0247,0.9315,0.2165,0.957
20.625146485,0.0291,0.9257,0.2130,0.950
20.626574447,0.0386,0.9201,0.2057,0.944
20.628422985,0.0420,0.9191,0.2023,0.942
20.631217831,0.0481,0.9149,0.1959,0.937
20.632666639,0.0545,0.9096,0.1915,0.931
20.636933216,0.0559,0.9076,0.1896,0.929
20.638124293,0.0601,0.9020,0.1840,0.923
20.6388991,0.0638,0.8998,0.1813,0.920
20.640047677,0.0660,0.8951,0.1766,0.915
20.6424171,0.0684,0.8888,0.1744,0.908
20.644289139,0.0696,0.8849,0.1735,0.904
20.647503524,0.0704,0.8785,0.1727,0.898
20.649032639,0.0750,0.8744,0.1735,0.895
20.650571293,0.0755,0.8712,0.1742,0.892
20.651973677,0.0738,0.8668,0.1754,0.887
20.654215677,0.0728,0.8634,0.1764,0.884
20.656062062,0.0730,0.8575,0.1786,0.879
20.658087216,0.0721,0.8531,0.1801,0.875
20.6600351,0.0713,0.8517,0.1820,0.874
20.661903908,0.0677,0.8473,0.1881,0.871
20.665177639,0.0633,0.8411,0.1937,0.865
20.666737985,0.0621,0.8392,0.1981,0.864
20.668116677,0.0608,0.8360,0.2038,0.863
20.669685408,0.0594,0.8350,0.2108,0.863
20.671596254,0.0569,0.8316,0.2150,0.861
20.673683793,0.0537,0.8294,0.2223,0.860
20.675878562,0.0533,0.8289,0.2238,0.860
20.677750677,0.0523,0.8270,0.2316,0.860
20.680977908,0.0520,0.8262,0.2389,0.862
20.682505447,0.0508,0.8253,0.2421,0.862
20.683631947,0.0464,0.8228,0.2485,0.861
20.685787831,0.0420,0.8211,0.2558,0.861
20.687679485,0.0403,0.8206,0.2585,0.861
20.6894521,0.0388,0.8194,0.2629,0.861
20.691471177,0.0366,0.8187,0.2648,0.861
20.693228293,0.0354,0.8204,0.2678,0.864
20.695647985,0.0342,0.8211,0.2670,0.864
20.704672639,0.0332,0.8218,0.2663,0.865
20.7061791,0.0320,0.8214,0.2700,0.865
20.7071426,0.0283,0.8226,0.2709,0.867
20.707984831,0.0271,0.8258,0.2714,0.870
20.708978485,0.0252,0.8287,0.2685,0.871
20.7100976,0.0252,0.8299,0.2670,0.872
20.711059331,0.0259,0.8314,0.2651,0.873
20.711944254,0.0239,0.8370,0.2614,0.877
20.713064562,0.0261,0.8389,0.2599,0.879
20.729054831,0.0283,0.8416,0.2555,0.880
20.73037437,0.0274,0.8446,0.2494,0.881
20.731411639,0.0279,0.8463,0.2475,0.882
20.732159216,0.0303,0.8526,0.2404,0.886
20.733288062,0.0318,0.8553,0.2375,0.888
20.734325716,0.0357,0.8612,0.2314,0.892
20.735480562,0.0403,0.8666,0.2221,0.895
20.736508408,0.0445,0.8702,0.2172,0.898
20.737473216,0.0520,0.8783,0.2069,0.904
20.738579177,0.0606,0.8824,0.1959,0.906
20.739470062,0.0650,0.8893,0.1901,0.912
20.740178754,0.0735,0.8986,0.1803,0.919
20.741065023,0.0765,0.9027,0.1757,0.923
20.742190293,0.0865,0.9108,0.1659,0.930
20.74311287,0.0970,0.9188,0.1556,0.937
20.744657523,0.1024,0.9240,0.1515,0.942
20.747997023,0.1126,0.9323,0.1419,0.950
20.749606908,0.1180,0.9413,0.1322,0.958
20.754411408,0.1229,0.9467,0.1278,0.963
20.755622716,0.1334,0.9543,0.1209,0.971
20.75667437,0.1375,0.9594,0.1192,0.977
20.758068831,0.1429,0.9687,0.1175,0.986
20.759096523,0.1459,0.9784,0.1165,0.996
20.760756447,0.1483,0.9816,0.1175,1.000
20.762533985,0.1522,0.9890,0.1187,1.008
20.765228716,0.1564,0.9958,0.1204,1.015
20.766813754,0.1564,0.9982,0.1226,1.018
20.768403716,0.1568,1.0041,0.1290,1.024
20.770423677,0.1578,1.0056,0.1324,1.026
20.772241831,0.1578,1.0083,0.1412,1.030
20.774331023,0.1554,1.0119,0.1480,1.034
20.776227023,0.1559,1.0126,0.1524,1.036
20.778285716,0.1532,1.0112,0.1620,1.035
20.78226037,0.1495,1.0134,0.1720,1.039
20.783733562,0.1468,1.0141,0.1769,1.040
20.785058447,0.1434,1.0144,0.1864,1.041
20.786387908,0.1415,1.0144,0.1913,1.042
20.788059062,0.1341,1.0129,0.2030,1.042
20.790145023,0.1270,1.0126,0.2116,1.042
20.792046947,0.1248,1.0126,0.2152,1.043
20.793973293,0.1185,1.0107,0.2223,1.042
20.795988523,0.1104,1.0095,0.2284,1.041
20.805738677,0.1051,1.0078,0.2306,1.039
20.807304793,0.1009,1.0046,0.2348,1.037
20.808362677,0.0965,1.0046,0.2367,1.037
20.809219254,0.0877,1.0031,0.2382,1.035
20.809959908,0.0816,1.0009,0.2394,1.032
20.810244639,0.0787,0.9995,0.2394,1.031
20.810475293,0.0718,0.9997,0.2404,1.031
20.81148887,0.0682,1.0002,0.2394,1.031
20.832395793,0.0616,0.9982,0.2372,1.028
20.833680177,0.0574,1.0009,0.2345,1.030
20.834392254,0.0559,1.0012,0.2336,1.030
20.835138408,0.0523,1.0017,0.2294,1.029
20.835848831,0.0481,1.0034,0.2287,1.030
20.836578985,0.0484,1.0034,0.2282,1.030
20.837520447,0.0474,1.0046,0.2245,1.030
20.838303831,0.0469,1.0048,0.2216,1.030
20.839132485,0.0464,1.0039,0.2204,1.029
20.839972139,0.0479,1.0043,0.2169,1.029
20.840722447,0.0479,1.0046,0.2152,1.029
20.841580177,0.0513,1.0078,0.2116,1.031
20.842344139,0.0540,1.0097,0.2086,1.032
20.8430951,0.0552,1.0105,0.2069,1.033
20.843814216,0.0555,1.0131,0.2042,1.035
20.844425023,0.0596,1.0146,0.2011,1.036
20.845183216,0.0608,1.0163,0.2006,1.038
20.847891062,0.0645,1.0197,0.1976,1.041
20.849565754,0.0655,1.0224,0.1950,1.043
20.851091677,0.0694,1.0261,0.1898,1.046
20.8532571,0.0730,1.0302,0.1840,1.049
20.855185946,0.0760,1.0332,0.1808,1.052
20.85714087,0.0806,1.0388,0.1757,1.057
20.859027254,0.0799,1.0454,0.1730,1.063
20.861104485,0.0818,1.0493,0.1710,1.066
20.864731139,0.0853,1.0556,0.1666,1.072
20.866356293,0.0875,1.0588,0.1644,1.075
20.867349023,0.0880,1.0649,0.1610,1.081
20.8687266,0.0904,1.0715,0.1566,1.087
20.870968446,0.0901,1.0757,0.1554,1.091
20.872747677,0.0875,1.0828,0.1498,1.097
20.874700793,0.0872,1.0901,0.1444,1.103
20.87672537,0.0862,1.0925,0.1422,1.105
20.878786408,0.0843,1.0991,0.1424,1.112
20.881820677,0.0826,1.1023,0.1412,1.114
20.883534562,0.0821,1.1104,0.1378,1.122
20.8847281,0.0782,1.1153,0.1351,1.126
20.886842754,0.0770,1.1175,0.1346,1.128
20.888832562,0.0772,1.1233,0.1327,1.134
20.890582908,0.0760,1.1260,0.1329,1.136
20.892616562,0.0755,1.1275,0.1331,1.138
20.894429754,0.0738,1.1297,0.1312,1.140
20.904958831,0.0721,1.1299,0.1319,1.140
20.906481946,0.0708,1.1285,0.1312,1.138
20.907437485,0.0669,1.1253,0.1341,1.135
20.9084596,0.0647,1.1241,0.1366,1.134
20.909521485,0.0630,1.1219,0.1400,1.132
20.910459793,0.0596,1.1187,0.1454,1.130
20.911208177,0.0584,1.1160,0.1500,1.128
20.912368177,0.0579,1.1118,0.1586,1.125
20.913298562,0.0559,1.1089,0.1622,1.122
20.914356562,0.0511,1.1023,0.1710,1.117
20.929463831,0.0474,1.0960,0.1815,1.112
20.930950946,0.0469,1.0928,0.1859,1.109
20.931959754,0.0467,1.0852,0.1957,1.104
20.932903446,0.0447,1.0793,0.2079,1.100
20.934155716,0.0457,1.0754,0.2147,1.098
20.935246293,0.0479,1.0684,0.2279,1.093
20.936215677,0.0474,1.0644,0.2402,1.092
20.937194562,0.0486,1.0588,0.2458,1.088
20.9381846,0.0530,1.0549,0.2602,1.088
20.93912137,0.0542,1.0544,0.2678,1.089
20.940300446,0.0562,1.0561,0.2810,1.094
20.941235754,0.0591,1.0630,0.2954,1.105
20.942333446,0.0603,1.0679,0.3022,1.111
20.94319187,0.0621,1.0791,0.3110,1.125
20.944134562,0.0635,1.0957,0.3174,1.143
20.945922639,0.0630,1.1050,0.3186,1.152
20.948890639,0.0640,1.1243,0.3213,1.171
20.950498023,0.0643,1.1358,0.3210,1.182
20.951772485,0.0662,1.1575,0.3144,1.201
20.953643446,0.0701,1.1812,0.3056,1.222
20.955997908,0.0706,1.1920,0.2990,1.231
20.957696985,0.0740,1.2127,0.2824,1.247
20.9617036,0.0752,1.2206,0.2726,1.253
20.962740139,0.0782,1.2355,0.2502,1.263
20.963767023,0.0809,1.2496,0.2277,1.273
20.966853946,0.0811,1.2552,0.2157,1.276
20.968250908,0.0816,1.2614,0.1884,1.278
20.969847716,0.0826,1.2672,0.1605,1.280
20.971200562,0.0811,1.2689,0.1480,1.280
20.973329562,0.0794,1.2721,0.1226,1.280
20.975383446,0.0770,1.2723,0.1121,1.280
20.977262408,0.0711,1.2726,0.0901,1.278
20.979197331,0.0662,1.2699,0.0716,1.274
20.981587062,0.0633,1.2699,0.0628,1.273
20.983443254,0.0552,1.2692,0.0491,1.271
20.985151946,0.0486,1.2672,0.0354,1.269
20.987312677,0.0435,1.2662,0.0281,1.267
20.9890941,0.0313,1.2648,0.0122,1.265
20.991167831,0.0259,1.2650,0.0029,1.265
20.992852946,0.0139,1.2648,-0.0161,1.265
20.995130331,0.0027,1.2682,-0.0362,1.269
21.002091985,-0.0029,1.2709,-0.0476,1.272
21.002911677,-0.0134,1.2763,-0.0699,1.278
21.003346408,-0.0213,1.2782,-0.0938,1.282
21.003770869,-0.0237,1.2841,-0.1051,1.289
21.004679985,-0.0286,1.2907,-0.1236,1.297
21.006907754,-0.0310,1.2931,-0.1324,1.300
21.008771408,-0.0344,1.2938,-0.1466,1.303
21.010829562,-0.0342,1.2938,-0.1588,1.304
21.012628408,-0.0335,1.2924,-0.1622,1.303
21.023869793,-0.0330,1.2853,-0.1625,1.296
21.0250641,-0.0288,1.2750,-0.1610,1.285
21.026039139,-0.0259,1.2689,-0.1578,1.279
21.027027293,-0.0181,1.2538,-0.1437,1.262
21.0278726,-0.0122,1.2457,-0.1344,1.253
21.028927293,-0.0002,1.2247,-0.1165,1.230
21.030127293,0.0134,1.2042,-0.0950,1.208
21.031146446,0.0203,1.1927,-0.0840,1.196
21.032292254,0.0283,1.1658,-0.0630,1.168
21.033481446,0.0371,1.1382,-0.0410,1.140
21.034579869,0.0408,1.1233,-0.0315,1.125
21.037181523,0.0501,1.0930,-0.0139,1.094
21.042832677,0.0555,1.0764,-0.0051,1.078
21.044013293,0.0655,1.0417,0.0127,1.044
21.044840408,0.0772,1.0061,0.0293,1.009
21.045617716,0.0845,0.9870,0.0362,0.991
21.046817408,0.0985,0.9491,0.0457,0.955
21.050229677,0.1124,0.9301,0.0577,0.939
21.051716293,0.1182,0.8922,0.0635,0.902
21.053446754,0.1278,0.8548,0.0770,0.868
21.054713946,0.1319,0.8367,0.0838,0.851
21.056012408,0.1424,0.8021,0.0999,0.821
21.0581791,0.1498,0.7674,0.1146,0.790
21.0601046,0.1529,0.7505,0.1224,0.776
21.062105946,0.1608,0.7161,0.1393,0.747
21.065596062,0.1676,0.6853,0.1529,0.722
21.067070177,0.1691,0.6696,0.1600,0.709
21.0683311,0.1688,0.6396,0.1766,0.685
21.070120869,0.1681,0.6259,0.1837,0.674
21.071946254,0.1659,0.6029,0.1976,0.656
21.074068869,0.1603,0.5824,0.2067,0.638
21.075841062,0.1559,0.5731,0.2111,0.630
21.077864331,0.1439,0.5578,0.2165,0.615
21.079785754,0.1263,0.5468,0.2204,0.603
21.0827346,0.1178,0.5441,0.2216,0.599
21.084633177,0.0994,0.5402,0.2223,0.593
21.085916023,0.0772,0.5402,0.2191,0.588
21.088898792,0.0650,0.5421,0.2177,0.588
21.090290716,0.0403,0.5458,0.2128,0.587
21.091769485,0.0281,0.5492,0.2091,0.588
21.093641562,0.0037,0.5612,0.2003,0.596
21.095657331,-0.0225,0.5753,0.1920,0.607
21.1069186,-0.0366,0.5839,0.1867,0.614
21.108623792,-0.0630,0.6051,0.1761,0.633
21.109546677,-0.0870,0.6288,0.1666,0.656
21.110376908,-0.0987,0.6425,0.1617,0.670
21.111313716,-0.1202,0.6709,0.1522,0.698
21.112148023,-0.1307,0.6855,0.1466,0.713
21.1138291,-0.1493,0.7170,0.1385,0.745
21.114289792,-0.1622,0.7505,0.1270,0.778
21.114543869,-0.1688,0.7679,0.1222,0.796
21.131663446,-0.1818,0.8055,0.1124,0.833
21.133082716,-0.1886,0.8243,0.1036,0.852
21.134407139,-0.1920,0.8639,0.0977,0.890
21.135437985,-0.1942,0.9034,0.0897,0.928
21.1361831,-0.1942,0.9227,0.0853,0.947
21.137268254,-0.1925,0.9591,0.0755,0.981
21.138269792,-0.1862,0.9982,0.0660,1.018
21.139330677,-0.1832,1.0151,0.0616,1.033
21.140093716,-0.1779,1.0491,0.0503,1.065
21.141051369,-0.1695,1.0644,0.0393,1.079
21.142363792,-0.1634,1.0928,0.0352,1.105
21.143394292,-0.1502,1.1223,0.0239,1.133
21.144261562,-0.1444,1.1353,0.0181,1.145
21.145183831,-0.1305,1.1570,0.0064,1.164
21.146002023,-0.1156,1.1749,-0.0064,1.181
21.146991062,-0.1077,1.1822,-0.0115,1.187
21.147892485,-0.0928,1.1942,-0.0222,1.198
21.148965023,-0.0806,1.2015,-0.0320,1.205
21.150854177,-0.0733,1.2027,-0.0374,1.206
21.1536781,-0.0613,1.2052,-0.0472,1.208
21.155299062,-0.0562,1.2042,-0.0515,1.207
21.156766177,-0.0462,1.1986,-0.0589,1.201
21.158747369,-0.0364,1.1903,-0.0640,1.193
21.160830023,-0.0332,1.1846,-0.0650,1.187
21.162636523,-0.0283,1.1700,-0.0682,1.172
21.1654716,-0.0247,1.1551,-0.0674,1.157
21.167086023,-0.0232,1.1478,-0.0665,1.150
21.168565369,-0.0200,1.1336,-0.0633,1.136
21.170705792,-0.0183,1.1250,-0.0606,1.127
21.172600792,-0.0154,1.1072,-0.0528,1.109
21.174653408,-0.0154,1.0894,-0.0442,1.090
21.176442023,-0.0139,1.0806,-0.0398,1.081
21.178736177,-0.0117,1.0635,-0.0296,1.064
21.180457985,-0.0098,1.0437,-0.0195,1.044
21.183352523,-0.0103,1.0361,-0.0139,1.036
21.184743908,-0.0061,1.0224,0.0027,1.022
21.186586485,-0.0037,1.0148,0.0107,1.015
21.188371215,0.0002,0.9985,0.0271,0.999
21.190404446,0.0054,0.9846,0.0440,0.986
21.192243062,0.0083,0.9777,0.0540,0.979
21.1942841,0.0164,0.9677,0.0723,0.971
21.196203869,0.0215,0.9574,0.0911,0.962
21.206403754,0.0244,0.9533,0.1021,0.959
21.207866331,0.0293,0.9433,0.1246,0.952
21.208769292,0.0305,0.9391,0.1344,0.949
21.209955062,0.0318,0.9323,0.1556,0.946
21.210971677,0.0349,0.9254,0.1766,0.943
21.211985677,0.0359,0.9225,0.1874,0.942
21.212792062,0.0354,0.9186,0.2060,0.942
21.2140521,0.0362,0.9142,0.2243,0.942
21.214542408,0.0366,0.9125,0.2326,0.942
21.232238408,0.0359,0.9098,0.2494,0.944
21.232994254,0.0362,0.9096,0.2565,0.946
21.233397485,0.0347,0.9098,0.2714,0.950
21.233738485,0.0327,0.9088,0.2819,0.952
21.234080369,0.0313,0.9088,0.2863,0.953
21.234421831,0.0281,0.9093,0.2922,0.956
21.234760715,0.0259,0.9118,0.2983,0.960
21.235089792,0.0247,0.9122,0.2990,0.960
21.235420408,0.0222,0.9127,0.2956,0.960
21.235750562,0.0198,0.9132,0.2919,0.959
21.236101331,0.0161,0.9176,0.2853,0.961
21.2376021,0.0154,0.9201,0.2748,0.960
21.239546677,0.0137,0.9215,0.2682,0.960
21.241614831,0.0117,0.9245,0.2536,0.959
21.260150639,0.0125,0.9249,0.2387,0.955
21.261662254,0.0134,0.9259,0.2289,0.954
21.2627861,0.0137,0.9274,0.2103,0.951
21.263997254,0.0132,0.9296,0.1918,0.949
21.265177523,0.0137,0.9303,0.1845,0.949
21.266407715,0.0132,0.9328,0.1678,0.948
21.267418139,0.0139,0.9340,0.1590,0.948
21.268651215,0.0151,0.9357,0.1451,0.947
21.269968062,0.0147,0.9367,0.1341,0.946
21.276767831,0.0154,0.9384,0.1285,0.947
21.278293485,0.0156,0.9398,0.1192,0.948
21.279352254,0.0156,0.9411,0.1148,0.948
21.280349946,0.0171,0.9435,0.1068,0.950
21.2815441,0.0176,0.9469,0.1031,0.953
21.2824711,0.0178,0.9469,0.1029,0.953
21.2835041,0.0183,0.9462,0.1011,0.952
21.284371331,0.0193,0.9455,0.0985,0.951
21.285512138,0.0198,0.9447,0.0975,0.950
21.286462254,0.0161,0.9447,0.0972,0.950
21.287226446,0.0151,0.9457,0.0989,0.951
21.287982023,0.0132,0.9440,0.1038,0.950
21.289146369,0.0110,0.9420,0.1075,0.948
21.290345408,0.0098,0.9413,0.1082,0.948
21.291367177,0.0071,0.9374,0.1121,0.944
21.292416062,0.0027,0.9364,0.1187,0.944
21.293588562,0.0007,0.9367,0.1214,0.945
21.300591062,-0.0039,0.9352,0.1266,0.944
21.301214908,-0.0073,0.9328,0.1309,0.942
21.301567754,-0.0112,0.9313,0.1371,0.941
21.301832562,-0.0183,0.9289,0.1417,0.940
21.302463562,-0.0213,0.9269,0.1422,0.938
21.306872408,-0.0261,0.9252,0.1444,0.937
21.307384254,-0.0327,0.9213,0.1449,0.933
21.308265138,-0.0352,0.9198,0.1444,0.932
21.327252023,-0.0403,0.9164,0.1419,0.928
21.327821869,-0.0418,0.9152,0.1429,0.927
21.328063485,-0.0452,0.9103,0.1424,0.922
21.328289408,-0.0479,0.9059,0.1397,0.918
21.328539177,-0.0493,0.9044,0.1395,0.916
21.328771869,-0.0515,0.9030,0.1395,0.915
21.3290036,-0.0540,0.8986,0.1402,0.911
21.329236562,-0.0552,0.8981,0.1424,0.911
21.336443831,-0.0567,0.8981,0.1463,0.912
21.337004138,-0.0564,0.8968,0.1485,0.911
21.337239677,-0.0572,0.8939,0.1527,0.909
21.337554292,-0.0577,0.8915,0.1590,0.907
21.3378001,-0.0581,0.8895,0.1632,0.906
21.338042831,-0.0574,0.8856,0.1705,0.904
21.338519446,-0.0603,0.8844,0.1752,0.904
21.343755369,-0.0611,0.8837,0.1774,0.903
21.344184869,-0.0616,0.8827,0.1842,0.904
21.344501062,-0.0625,0.8824,0.1876,0.904
21.346021831,-0.0616,0.8812,0.1945,0.905
21.3491651,-0.0606,0.8817,0.1984,0.906
21.351187292,-0.0591,0.8810,0.2008,0.905
21.351916485,-0.0606,0.8805,0.2052,0.906
21.353833215,-0.0599,0.8805,0.2084,0.907
21.355664523,-0.0586,0.8795,0.2099,0.906
21.357749523,-0.0559,0.8810,0.2140,0.908
21.360431369,-0.0555,0.8807,0.2177,0.909
21.361770254,-0.0540,0.8815,0.2184,0.910
21.363859369,-0.0518,0.8832,0.2204,0.912
21.366000138,-0.0498,0.8841,0.2221,0.913
21.367644408,-0.0479,0.8837,0.2257,0.913
21.3699306,-0.0467,0.8834,0.2299,0.914
21.371583369,-0.0450,0.8839,0.2314,0.915
21.373442062,-0.0415,0.8844,0.2333,0.916
21.375724831,-0.0410,0.8863,0.2350,0.918
21.377467062,-0.0406,0.8868,0.2358,0.919
21.3792376,-0.0391,0.8883,0.2377,0.920
21.385735485,-0.0393,0.8888,0.2389,0.921
21.386314715,-0.0393,0.8925,0.2399,0.925
21.387229369,-0.0386,0.8946,0.2411,0.927
21.387467985,-0.0388,0.8951,0.2397,0.927
21.389099408,-0.0381,0.8978,0.2394,0.930
21.391016177,-0.0406,0.8986,0.2389,0.931
21.393046485,-0.0415,0.9003,0.2382,0.932
21.395033177,-0.0425,0.9020,0.2404,0.934
21.396961177,-0.0437,0.9027,0.2409,0.935
21.408246138,-0.0447,0.9030,0.2392,0.935
21.408879023,-0.0462,0.9052,0.2392,0.937
21.409133638,-0.0479,0.9069,0.2404,0.939
21.409425331,-0.0491,0.9091,0.2409,0.942
21.4096671,-0.0515,0.9113,0.2394,0.944
21.409924908,-0.0540,0.9127,0.2389,0.945
21.410865985,-0.0569,0.9147,0.2382,0.947
21.413018831,-0.0574,0.9154,0.2372,0.947
21.418734446,-0.0591,0.9176,0.2358,0.949
21.419418138,-0.0606,0.9191,0.2340,0.950
21.419679485,-0.0611,0.9188,0.2333,0.950
21.420904254,-0.0625,0.9176,0.2304,0.948
21.423067292,-0.0623,0.9186,0.2255,0.948
21.424811754,-0.0623,0.9186,0.2226,0.947
21.426763985,-0.0623,0.9179,0.2194,0.946
21.428698215,-0.0611,0.9183,0.2169,0.946
21.430942869,-0.0608,0.9176,0.2157,0.945
21.434123138,-0.0589,0.9169,0.2135,0.943
21.434999908,-0.0572,0.9164,0.2125,0.942
21.436630292,-0.0533,0.9142,0.2123,0.940
21.438537831,-0.0518,0.9144,0.2106,0.940
21.440847677,-0.0501,0.9142,0.2113,0.940
21.442747754,-0.0474,0.9137,0.2121,0.939
21.444408715,-0.0432,0.9122,0.2116,0.937
21.446606446,-0.0403,0.9125,0.2123,0.938
21.449740408,-0.0371,0.9137,0.2123,0.939
21.450727485,-0.0354,0.9115,0.2138,0.937
21.452324485,-0.0320,0.9093,0.2182,0.936
21.454237985,-0.0305,0.9081,0.2194,0.935
21.456345561,-0.0298,0.9078,0.2209,0.935
21.458359946,-0.0283,0.9078,0.2248,0.936
21.460252638,-0.0261,0.9074,0.2277,0.936
21.462384446,-0.0249,0.9088,0.2294,0.938
21.464173023,-0.0217,0.9076,0.2318,0.937
21.466926331,-0.0215,0.9071,0.2316,0.936
21.467952061,-0.0220,0.9059,0.2343,0.936
21.470130061,-0.0210,0.9074,0.2338,0.937
21.471955292,-0.0213,0.9083,0.2340,0.938
21.474030215,-0.0220,0.9105,0.2328,0.940
21.475943138,-0.0242,0.9125,0.2306,0.941
21.477872677,-0.0244,0.9142,0.2301,0.943
21.479936177,-0.0254,0.9193,0.2277,0.947
21.485079061,-0.0264,0.9220,0.2262,0.950
21.4858386,-0.0276,0.9254,0.2221,0.952
21.486174831,-0.0303,0.9315,0.2157,0.957
21.487846446,-0.0313,0.9357,0.2113,0.960
21.4899051,-0.0347,0.9442,0.2008,0.966
21.491660946,-0.0388,0.9482,0.1962,0.969
21.493822138,-0.0393,0.9557,0.1867,0.975
21.495809023,-0.0408,0.9645,0.1757,0.981
21.497599715,-0.0418,0.9711,0.1705,0.987
21.510215061,-0.0450,0.9811,0.1622,0.995
21.511177869,-0.0459,0.9924,0.1537,1.005
21.511530946,-0.0469,0.9985,0.1502,1.011
21.511773792,-0.0489,1.0097,0.1439,1.021
21.512008254,-0.0515,1.0146,0.1424,1.026
21.512262023,-0.0523,1.0244,0.1368,1.035
21.512489523,-0.0533,1.0339,0.1368,1.044
21.513246523,-0.0540,1.0378,0.1366,1.048
21.519244484,-0.0569,1.0471,0.1380,1.058
21.519732831,-0.0586,1.0571,0.1432,1.068
21.519983292,-0.0594,1.0622,0.1461,1.074
21.521135792,-0.0611,1.0725,0.1510,1.085
21.523183638,-0.0621,1.0801,0.1590,1.093
21.525406061,-0.0623,1.0833,0.1637,1.097
21.527321523,-0.0645,1.0884,0.1705,1.104
21.529054638,-0.0650,1.0913,0.1744,1.107
21.532334523,-0.0660,1.0969,0.1813,1.114
21.533831677,-0.0674,1.1023,0.1869,1.120
21.535157984,-0.0667,1.1045,0.1901,1.123
21.537082138,-0.0657,1.1087,0.1942,1.127
21.538995561,-0.0633,1.1109,0.1979,1.130
21.540984446,-0.0625,1.1111,0.1994,1.131
21.543291061,-0.0633,1.1118,0.2023,1.132
21.544871908,-0.0635,1.1126,0.2023,1.133
21.547023561,-0.0652,1.1138,0.2030,1.134
21.549504061,-0.0643,1.1157,0.2011,1.136
21.550826138,-0.0655,1.1162,0.2006,1.136
21.552760408,-0.0669,1.1167,0.1967,1.136
21.554874638,-0.0665,1.1172,0.1903,1.135
21.556927446,-0.0667,1.1197,0.1871,1.137
21.559036061,-0.0691,1.1197,0.1823,1.136
21.560694677,-0.0684,1.1197,0.1798,1.136
21.562663754,-0.0662,1.1189,0.1766,1.135
21.567617523,-0.0662,1.1189,0.1737,1.134
21.570705254,-0.0652,1.1194,0.1720,1.134
21.571807138,-0.0616,1.1182,0.1708,1.133
21.572681061,-0.0581,1.1179,0.1715,1.133
21.573452984,-0.0564,1.1175,0.1732,1.132
21.574652369,-0.0525,1.1189,0.1764,1.134
21.576395061,-0.0489,1.1184,0.1783,1.134
21.578530369,-0.0425,1.1204,0.1845,1.136
21.580547869,-0.0335,1.1221,0.1915,1.139
21.583614908,-0.0298,1.1236,0.1952,1.141
21.585465138,-0.0222,1.1260,0.2030,1.144
21.586945908,-0.0132,1.1282,0.2081,1.147
21.588489369,-0.0076,1.1321,0.2189,1.153
21.590583369,0.0010,1.1360,0.2289,1.159
21.5926121,0.0044,1.1394,0.2340,1.163
21.594419292,0.0132,1.1458,0.2465,1.172
21.596458715,0.0235,1.1539,0.2592,1.183
21.599208677,0.0288,1.1580,0.2646,1.188
21.600318061,0.0374,1.1671,0.2734,1.199
21.608975331,0.0430,1.1800,0.2812,1.214
21.610733561,0.0457,1.1861,0.2846,1.221
21.611645292,0.0525,1.1988,0.2900,1.235
21.612763984,0.0540,1.2057,0.2905,1.241
21.613987831,0.0572,1.2171,0.2922,1.253
21.614337023,0.0586,1.2279,0.2900,1.263
21.632513254,0.0581,1.2325,0.2893,1.267
21.633133677,0.0589,1.2391,0.2844,1.273
21.633417754,0.0608,1.2411,0.2778,1.273
21.633651561,0.0606,1.2423,0.2736,1.274
21.633896177,0.0618,1.2435,0.2682,1.274
21.634121677,0.0613,1.2440,0.2673,1.274
21.6343506,0.0603,1.2421,0.2641,1.271
21.634581177,0.0601,1.2423,0.2631,1.271
21.634810177,0.0589,1.2418,0.2634,1.271
21.635030215,0.0581,1.2435,0.2602,1.272
21.635258792,0.0567,1.2445,0.2597,1.273
21.635902792,0.0545,1.2462,0.2599,1.274
21.638010061,0.0523,1.2511,0.2587,1.279
21.639720369,0.0533,1.2538,0.2565,1.281
21.641688292,0.0515,1.2577,0.2543,1.284
21.643670369,0.0484,1.2658,0.2482,1.291
21.645667638,0.0479,1.2704,0.2448,1.295
21.647611869,0.0450,1.2794,0.2367,1.302
21.649594177,0.0420,1.2875,0.2262,1.308
21.651594677,0.0410,1.2919,0.2213,1.311
21.653535984,0.0364,1.3004,0.2116,1.318
21.655366177,0.0349,1.3039,0.2016,1.320
21.657430946,0.0337,1.3107,0.1950,1.326
21.659315677,0.0283,1.3153,0.1852,1.329
21.6613876,0.0266,1.3173,0.1818,1.330
21.663287484,0.0217,1.3217,0.1725,1.333
21.666571792,0.0169,1.3237,0.1666,1.334
21.669534292,0.0149,1.3246,0.1632,1.335
21.670635138,0.0105,1.3268,0.1556,1.336
21.671871907,0.0081,1.3268,0.1512,1.335
21.673211292,0.0042,1.3227,0.1422,1.330
21.675413484,-0.0037,1.3188,0.1312,1.325
21.677269907,-0.0066,1.3151,0.1248,1.321
21.679248907,-0.0100,1.3078,0.1087,1.312
21.681195407,-0.0149,1.2980,0.0901,1.301
21.684589869,-0.0176,1.2919,0.0792,1.294
21.6858586,-0.0239,1.2753,0.0511,1.277
21.688753061,-0.0264,1.2660,0.0369,1.267
21.690286292,-0.0344,1.2430,0.0061,1.244
21.691481215,-0.0428,1.2174,-0.0264,1.218
21.693726254,-0.0472,1.2042,-0.0420,1.206
21.694989677,-0.0559,1.1773,-0.0774,1.181
21.697007638,-0.0643,1.1453,-0.1107,1.152
21.706932677,-0.0694,1.1282,-0.1248,1.137
21.7075471,-0.0779,1.0940,-0.1542,1.108
21.707836061,-0.0826,1.0749,-0.1686,1.091
21.708097023,-0.0941,1.0376,-0.1950,1.060
21.708351638,-0.1068,1.0024,-0.2187,1.031
21.708834715,-0.1121,0.9846,-0.2282,1.017
21.710695677,-0.1219,0.9494,-0.2448,0.988
21.712538638,-0.1312,0.9113,-0.2524,0.955
21.714716369,-0.1349,0.8937,-0.2531,0.939
21.732648138,-0.1417,0.8612,-0.2475,0.907
21.734016061,-0.1446,0.8465,-0.2292,0.889
21.7351231,-0.1461,0.8153,-0.2174,0.856
21.735917523,-0.1476,0.7857,-0.1840,0.820
21.73691483,-0.1476,0.7732,-0.1644,0.804
21.737994369,-0.1459,0.7486,-0.1197,0.772
21.739082638,-0.1471,0.7288,-0.0718,0.747
21.740008946,-0.1468,0.7190,-0.0472,0.735
21.740972523,-0.1454,0.7024,0.0007,0.717
21.741973946,-0.1434,0.6936,0.0237,0.709
21.742924254,-0.1427,0.6767,0.0694,0.695
21.743729446,-0.1434,0.6621,0.1134,0.687
21.7446561,-0.1437,0.6565,0.1331,0.685
21.745393638,-0.1400,0.6437,0.1693,0.680
21.746318677,-0.1356,0.6345,0.1996,0.679
21.747118946,-0.1339,0.6306,0.2130,0.679
21.748256638,-0.1275,0.6232,0.2355,0.678
21.750954638,-0.1197,0.6196,0.2507,0.679
21.752328715,-0.1151,0.6154,0.2570,0.677
21.7542441,-0.1041,0.6110,0.2660,0.674
21.756361638,-0.0994,0.6088,0.2690,0.673
21.757982984,-0.0921,0.6066,0.2709,0.671
21.760026869,-0.0816,0.6073,0.2704,0.670
21.762044061,-0.0760,0.6066,0.2690,0.668
21.764119061,-0.0643,0.6073,0.2614,0.664
21.766959792,-0.0520,0.6100,0.2553,0.663
21.768527061,-0.0467,0.6166,0.2438,0.665
21.770021138,-0.0327,0.6225,0.2270,0.663
21.771819177,-0.0261,0.6259,0.2172,0.663
21.773920984,-0.0129,0.6357,0.1954,0.665
21.775921484,0.0044,0.6474,0.1710,0.670
21.778516061,0.0107,0.6540,0.1573,0.673
21.779982792,0.0291,0.6687,0.1290,0.682
21.781911138,0.0479,0.6867,0.0997,0.696
21.785739523,0.0567,0.6953,0.0843,0.703
21.787457946,0.0735,0.7136,0.0545,0.719
21.788960677,0.0838,0.7241,0.0391,0.730
21.790372638,0.1019,0.7471,0.0098,0.754
21.791735792,0.1151,0.7720,-0.0181,0.781
21.793850254,0.1217,0.7867,-0.0325,0.797
21.795767638,0.1336,0.8153,-0.0608,0.828
21.797682984,0.1407,0.8443,-0.0865,0.860
21.807534254,0.1429,0.8592,-0.0977,0.876
21.808237792,0.1459,0.8890,-0.1190,0.909
21.808637869,0.1471,0.9054,-0.1302,0.926
21.808993177,0.1466,0.9354,-0.1500,0.959
21.8093866,0.1439,0.9653,-0.1688,0.990
21.811386023,0.1434,0.9811,-0.1747,1.007
21.812985561,0.1380,1.0097,-0.1859,1.036
21.813438753,0.1317,1.0366,-0.1937,1.063
21.835823292,0.1268,1.0476,-0.1954,1.073
21.837274215,0.1175,1.0703,-0.1937,1.094
21.837623984,0.1114,1.0811,-0.1923,1.104
21.837875446,0.0994,1.0999,-0.1852,1.120
21.838104753,0.0836,1.1153,-0.1720,1.132
21.838347792,0.0772,1.1214,-0.1639,1.136
21.83857983,0.0652,1.1302,-0.1444,1.141
21.838826907,0.0537,1.1365,-0.1212,1.144
21.839053523,0.0484,1.1385,-0.1099,1.145
21.839280253,0.0396,1.1392,-0.0850,1.143
21.839515753,0.0349,1.1397,-0.0718,1.142
21.839741215,0.0269,1.1370,-0.0464,1.138
21.8399581,0.0200,1.1321,-0.0210,1.132
21.841010138,0.0173,1.1292,-0.0088,1.129
21.842828869,0.0112,1.1223,0.0147,1.122
21.844873715,0.0081,1.1116,0.0352,1.112
21.850298715,0.0064,1.1070,0.0442,1.108
21.8508551,0.0037,1.0967,0.0616,1.098
21.851111446,0.0015,1.0918,0.0684,1.094
21.852618753,0.0005,1.0789,0.0814,1.082
21.854609869,0.0010,1.0688,0.0941,1.073
21.8566256,0.0017,1.0625,0.0989,1.067
21.858463292,0.0002,1.0522,0.1107,1.058
21.860336638,-0.0022,1.0420,0.1200,1.049
21.862489484,-0.0022,1.0359,0.1226,1.043
21.864455753,-0.0056,1.0246,0.1302,1.033
21.866874715,-0.0066,1.0197,0.1334,1.028
21.869178638,-0.0098,1.0100,0.1422,1.020
21.8706971,-0.0115,1.0039,0.1515,1.015
21.87343683,-0.0117,1.0002,0.1539,1.012
21.874393369,-0.0125,0.9936,0.1625,1.007
21.876146792,-0.0134,0.9899,0.1708,1.005
21.8783171,-0.0139,0.9880,0.1737,1.003
21.880334869,-0.0142,0.9855,0.1815,1.002
21.890902792,-0.0122,0.9846,0.1849,1.002
21.89241233,-0.0122,0.9816,0.1915,1.000
21.893467215,-0.0120,0.9792,0.1986,0.999
21.894365561,-0.0112,0.9777,0.2013,0.998
21.895219138,-0.0112,0.9777,0.2077,1.000
21.896194215,-0.0117,0.9760,0.2125,0.999
21.897134946,-0.0110,0.9758,0.2150,0.999
21.898196638,-0.0059,0.9755,0.2204,1.000
21.899126023,-0.0046,0.9760,0.2235,1.001
21.919004407,-0.0051,0.9750,0.2238,1.000
21.920502523,-0.0054,0.9743,0.2223,0.999
21.921659523,-0.0046,0.9748,0.2218,1.000
21.922712023,-0.0024,0.9775,0.2206,1.002
21.923936061,0.0002,0.9780,0.2125,1.001
21.925450484,0.0022,0.9792,0.2091,1.001
21.926324484,0.0039,0.9799,0.2025,1.001
21.926963446,0.0044,0.9814,0.1947,1.001
21.928031215,0.0042,0.9811,0.1915,1.000
21.928838523,0.0049,0.9821,0.1840,0.999
21.929952676,0.0054,0.9831,0.1788,0.999
21.9307146,0.0059,0.9843,0.1725,0.999
21.931503484,0.0051,0.9831,0.1673,0.997
21.932680869,0.0044,0.9816,0.1637,0.995
21.93400883,0.0034,0.9794,0.1583,0.992
21.934996523,0.0012,0.9782,0.1505,0.990
21.936055407,0.0002,0.9775,0.1483,0.989
21.936933869,-0.0010,0.9765,0.1441,0.987
21.938164715,-0.0059,0.9770,0.1434,0.987
21.939087753,-0.0081,0.9748,0.1427,0.985
21.940026061,-0.0129,0.9728,0.1380,0.983
21.942550176,-0.0149,0.9711,0.1356,0.981
21.944007638,-0.0200,0.9701,0.1353,0.980
21.945642638,-0.0247,0.9682,0.1368,0.978
21.947654561,-0.0261,0.9665,0.1366,0.976
21.950952369,-0.0300,0.9655,0.1361,0.976
21.952617407,-0.0322,0.9645,0.1363,0.975
21.954080946,-0.0369,0.9626,0.1378,0.973
21.955408484,-0.0420,0.9582,0.1393,0.969
21.957212792,-0.0445,0.9567,0.1390,0.968
21.9597766,-0.0457,0.9552,0.1378,0.966
21.96127133,-0.0454,0.9526,0.1373,0.963
21.963372869,-0.0462,0.9518,0.1361,0.963
21.965247215,-0.0476,0.9506,0.1358,0.961
21.9672741,-0.0479,0.9482,0.1353,0.959
21.969793176,-0.0447,0.9433,0.1329,0.954
21.9711481,-0.0423,0.9391,0.1324,0.949
21.973141676,-0.0403,0.9364,0.1317,0.946
21.975314023,-0.0344,0.9335,0.1302,0.943
21.97715033,-0.0300,0.9303,0.1297,0.940
21.979066253,-0.0269,0.9286,0.1317,0.938
21.981026715,-0.0183,0.9242,0.1324,0.934
21.983830446,-0.0151,0.9227,0.1331,0.932
21.98497783,-0.0078,0.9203,0.1368,0.930
21.987022907,0.0007,0.9176,0.1393,0.928
21.98883333,0.0044,0.9152,0.1405,0.926
21.9909596,0.0139,0.9091,0.1441,0.921
21.9927941,0.0230,0.9054,0.1471,0.918
21.9948721,0.0281,0.9042,0.1485,0.917
21.99672383,0.0371,0.9022,0.1498,0.915
21.999091638,0.0420,0.9000,0.1507,0.914
22.0083821,0.0525,0.8990,0.1551,0.914
22.009686946,0.0625,0.8973,0.1549,0.913
22.0105741,0.0669,0.8973,0.1549,0.913
22.011444753,0.0740,0.8956,0.1551,0.912
22.012340907,0.0843,0.8939,0.1561,0.911
22.013160715,0.0880,0.8949,0.1568,0.913
22.014036715,0.0938,0.8954,0.1578,0.914
22.01480783,0.0953,0.8951,0.1586,0.914
22.055217715,0.1007,0.8971,0.1576,0.916
22.056717753,0.1046,0.8978,0.1615,0.918
22.058274561,0.1063,0.8978,0.1647,0.919
22.059485946,0.1060,0.8998,0.1676,0.921
22.060972792,0.1055,0.9010,0.1727,0.923
22.062483176,0.1041,0.9008,0.1747,0.923
22.063516792,0.1019,0.9010,0.1769,0.924
22.064633523,0.0999,0.9017,0.1788,0.925
22.066213061,0.0960,0.9022,0.1823,0.925
22.06734683,0.0911,0.9025,0.1847,0.926
22.068460792,0.0889,0.9022,0.1876,0.926
22.06971133,0.0836,0.9020,0.1913,0.926
22.07088883,0.0779,0.9039,0.1930,0.928
22.071966984,0.0743,0.9037,0.1937,0.927
22.07291783,0.0677,0.9037,0.1928,0.926
22.074072753,0.0655,0.9044,0.1937,0.927
22.074906561,0.0618,0.9044,0.1957,0.927
22.07598683,0.0584,0.9049,0.1979,0.928
22.076914599,0.0577,0.9052,0.1991,0.929
22.078038215,0.0555,0.9066,0.2006,0.930
22.078825215,0.0540,0.9081,0.2028,0.932
22.079608561,0.0530,0.9083,0.2050,0.933
22.080513023,0.0535,0.9091,0.2094,0.934
22.081398946,0.0550,0.9088,0.2123,0.935
22.08239733,0.0533,0.9113,0.2160,0.938
22.083709561,0.0533,0.9118,0.2204,0.940
22.084781984,0.0530,0.9118,0.2235,0.940
22.085871253,0.0525,0.9135,0.2294,0.943
22.086992215,0.0530,0.9142,0.2358,0.946
22.088003523,0.0533,0.9142,0.2392,0.946
22.088915523,0.0533,0.9147,0.2436,0.948
22.089832446,0.0533,0.9161,0.2460,0.950
22.090139907,0.0525,0.9176,0.2519,0.953
22.090377792,0.0528,0.9169,0.2560,0.953
22.090608023,0.0525,0.9157,0.2577,0.953
22.090823099,0.0511,0.9166,0.2624,0.955
22.091059099,0.0506,0.9198,0.2653,0.959
22.091283523,0.0501,0.9201,0.2665,0.959
22.091521138,0.0464,0.9188,0.2675,0.958
22.09331933,0.0464,0.9188,0.2690,0.959
22.098752792,0.0437,0.9191,0.2712,0.959
22.099063099,0.0420,0.9198,0.2726,0.960
22.099309753,0.0408,0.9205,0.2726,0.961
22.103346869,0.0352,0.9225,0.2704,0.962
22.103902099,0.0305,0.9264,0.2673,0.965
22.104885176,0.0296,0.9267,0.2660,0.965
22.107072907,0.0293,0.9279,0.2607,0.964
22.108882176,0.0305,0.9298,0.2577,0.965
22.110950176,0.0315,0.9333,0.2507,0.967
22.112722907,0.0305,0.9369,0.2438,0.969
22.114791099,0.0300,0.9376,0.2402,0.968
22.129046484,0.0300,0.9394,0.2323,0.968
22.13051483,0.0322,0.9416,0.2248,0.969
22.131337484,0.0332,0.9416,0.2196,0.967
22.132070869,0.0325,0.9413,0.2116,0.965
22.133313253,0.0359,0.9420,0.2089,0.966
22.134891561,0.0425,0.9418,0.2023,0.964
22.135866599,0.0472,0.9403,0.1950,0.961
22.136943484,0.0511,0.9398,0.1930,0.961
22.138029946,0.0577,0.9369,0.1893,0.958
22.138877061,0.0643,0.9362,0.1857,0.957
22.139705369,0.0672,0.9352,0.1847,0.956
22.140728369,0.0733,0.9337,0.1835,0.954
22.141549676,0.0777,0.9335,0.1820,0.954
22.142582061,0.0848,0.9308,0.1788,0.952
22.145153215,0.0911,0.9289,0.1788,0.950
22.146593061,0.0953,0.9274,0.1788,0.949
22.149156599,0.1021,0.9257,0.1764,0.948
22.155865522,0.1129,0.9259,0.1752,0.949
22.157489446,0.1163,0.9254,0.1744,0.949
22.158706984,0.1241,0.9240,0.1715,0.948
22.15981533,0.1270,0.9247,0.1705,0.949
22.160777561,0.1344,0.9298,0.1700,0.955
22.161683522,0.1380,0.9354,0.1669,0.960
22.162565715,0.1402,0.9372,0.1669,0.962
22.164161484,0.1439,0.9442,0.1642,0.969
22.167335022,0.1485,0.9526,0.1593,0.977
22.168486753,0.1493,0.9560,0.1566,0.980
22.171191638,0.1529,0.9648,0.1520,0.989
22.172742984,0.1534,0.9704,0.1498,0.994
22.174246907,0.1527,0.9828,0.1449,1.005
22.176082599,0.1512,0.9987,0.1393,1.020
22.178179099,0.1483,1.0058,0.1351,1.026
22.180156446,0.1422,1.0207,0.1280,1.038
22.182347522,0.1373,1.0359,0.1200,1.052
22.185510792,0.1344,1.0447,0.1160,1.060
22.186944869,0.1283,1.0615,0.1116,1.075
22.188054946,0.1207,1.0715,0.1092,1.084
22.190101638,0.1160,1.0901,0.1009,1.101
22.191881292,0.1048,1.1094,0.0977,1.119
22.193944753,0.1004,1.1167,0.0953,1.125
22.199125638,0.0916,1.1304,0.0933,1.138
22.200125599,0.0848,1.1458,0.0897,1.152
22.201194522,0.0809,1.1526,0.0887,1.159
22.202355984,0.0721,1.1661,0.0872,1.172
22.212592099,0.0623,1.1732,0.0865,1.178
22.213213215,0.0581,1.1837,0.0880,1.188
22.213557907,0.0530,1.1934,0.0880,1.198
22.213815061,0.0503,1.1973,0.0865,1.202
22.214052138,0.0459,1.2047,0.0850,1.209
22.214286869,0.0420,1.2098,0.0828,1.213
22.215918369,0.0396,1.2113,0.0821,1.215
22.241433061,0.0359,1.2105,0.0809,1.214
22.242090215,0.0342,1.2098,0.0799,1.213
22.242349215,0.0340,1.2061,0.0782,1.209
22.242593561,0.0327,1.1993,0.0770,1.202
22.242831292,0.0330,1.1949,0.0762,1.198
22.243078176,0.0369,1.1859,0.0774,1.189
22.243313369,0.0391,1.1756,0.0794,1.179
22.243553292,0.0403,1.1695,0.0792,1.173
22.24379833,0.0410,1.1580,0.0848,1.162
22.244045176,0.0413,1.1536,0.0882,1.158
22.244269253,0.0425,1.1431,0.0960,1.148
22.244506445,0.0454,1.1324,0.1033,1.138
22.244727522,0.0459,1.1280,0.1080,1.134
22.244954292,0.0462,1.1170,0.1202,1.124
22.245178369,0.0474,1.1072,0.1339,1.116
22.247165792,0.0462,1.1026,0.1427,1.113
22.248856138,0.0423,1.0945,0.1583,1.107
22.251243561,0.0406,1.0906,0.1673,1.104
22.252997484,0.0364,1.0820,0.1849,1.098
22.254908445,0.0315,1.0769,0.2055,1.097
22.256739715,0.0288,1.0757,0.2152,1.097
22.258768753,0.0232,1.0732,0.2389,1.100
22.260691945,0.0151,1.0754,0.2646,1.108
22.262892138,0.0110,1.0779,0.2766,1.113
22.264729099,0.0029,1.0862,0.2981,1.126
22.267939176,-0.0015,1.0930,0.3086,1.136
22.268657676,-0.0100,1.1123,0.3274,1.160
22.270678176,-0.0166,1.1348,0.3415,1.185
22.272709253,-0.0178,1.1480,0.3469,1.199
22.275398445,-0.0227,1.1736,0.3542,1.226
22.276924061,-0.0269,1.1973,0.3562,1.249
22.27870233,-0.0291,1.2088,0.3550,1.260
22.280546792,-0.0342,1.2281,0.3472,1.277
22.282524638,-0.0376,1.2359,0.3403,1.282
22.286842753,-0.0447,1.2528,0.3237,1.295
22.287406099,-0.0491,1.2665,0.3029,1.303
22.291911022,-0.0496,1.2709,0.2905,1.305
22.292180369,-0.0520,1.2743,0.2643,1.302
22.292439445,-0.0506,1.2765,0.2370,1.299
22.294432945,-0.0501,1.2763,0.2253,1.297
22.296002561,-0.0452,1.2721,0.2040,1.289
22.298130215,-0.0425,1.2684,0.1945,1.284
22.312803715,-0.0376,1.2604,0.1791,1.274
22.313387869,-0.0320,1.2501,0.1713,1.262
22.313653599,-0.0300,1.2440,0.1705,1.256
22.313892484,-0.0252,1.2318,0.1715,1.244
22.314125715,-0.0215,1.2186,0.1779,1.232
22.31436183,-0.0198,1.2098,0.1820,1.224
22.31459333,-0.0173,1.1942,0.1937,1.210
22.314817022,-0.0147,1.1881,0.1998,1.205
22.315912561,-0.0127,1.1776,0.2130,1.197
22.322122599,-0.0110,1.1661,0.2233,1.187
22.322684253,-0.0103,1.1627,0.2279,1.185
22.322933753,-0.0103,1.1565,0.2306,1.179
22.323704869,-0.0095,1.1563,0.2311,1.179
22.325965676,-0.0083,1.1568,0.2279,1.179
22.327759676,-0.0093,1.1605,0.2179,1.181
22.329806445,-0.0076,1.1627,0.2116,1.182
22.33181033,-0.0029,1.1685,0.1981,1.185
22.334547138,0.0017,1.1746,0.1813,1.189
22.335698022,0.0037,1.1773,0.1739,1.190
22.337571369,0.0083,1.1815,0.1561,1.192
22.339631907,0.0176,1.1822,0.1378,1.190
22.341411753,0.0232,1.1822,0.1283,1.189
22.343470792,0.0313,1.1812,0.1082,1.187
22.345246099,0.0352,1.1798,0.1004,1.185
22.347482407,0.0459,1.1729,0.0853,1.177
22.349516445,0.0577,1.1627,0.0701,1.166
22.352179522,0.0643,1.1570,0.0623,1.160
22.353313407,0.0770,1.1441,0.0467,1.148
22.355406176,0.0897,1.1280,0.0325,1.132
22.357202522,0.0950,1.1184,0.0254,1.123
22.35915783,0.1077,1.0974,0.0110,1.103
22.361139099,0.1146,1.0845,0.0029,1.091
22.363227292,0.1278,1.0583,-0.0110,1.066
22.364884484,0.1412,1.0290,-0.0264,1.039
22.367867753,0.1488,1.0126,-0.0320,1.024
22.369653945,0.1615,0.9811,-0.0425,0.995
22.371011022,0.1739,0.9467,-0.0506,0.964
22.372864561,0.1796,0.9291,-0.0542,0.948
22.375207176,0.1906,0.8920,-0.0608,0.914
22.37720983,0.1954,0.8739,-0.0621,0.898
22.379150792,0.2030,0.8360,-0.0640,0.863
22.380811715,0.2099,0.7984,-0.0650,0.828
22.383219292,0.2135,0.7793,-0.0643,0.811
22.386469368,0.2199,0.7432,-0.0606,0.777
22.387133099,0.2245,0.7271,-0.0579,0.763
22.388916907,0.2260,0.6955,-0.0530,0.733
22.390850445,0.2211,0.6638,-0.0459,0.701
22.392981715,0.2199,0.6489,-0.0423,0.686
22.39493933,0.2128,0.6227,-0.0347,0.659
22.396788292,0.2042,0.5993,-0.0257,0.634
22.398960022,0.1996,0.5890,-0.0208,0.622
22.404273522,0.1869,0.5687,-0.0088,0.599
22.404843676,0.1705,0.5556,0.0046,0.581
22.405086061,0.1593,0.5492,0.0115,0.572
22.410356215,0.1397,0.5411,0.0244,0.559
22.410623022,0.1292,0.5382,0.0340,0.555
22.410852792,0.1080,0.5319,0.0542,0.545
22.41224883,0.0858,0.5284,0.0743,0.540
22.414653292,0.0738,0.5289,0.0845,0.541
22.416475292,0.0508,0.5328,0.1075,0.546
22.430675215,0.0298,0.5363,0.1305,0.553
22.432099638,0.0195,0.5438,0.1415,0.562
22.43333483,0.0010,0.5548,0.1627,0.578
22.434591368,-0.0086,0.5612,0.1720,0.587
22.435719715,-0.0264,0.5775,0.1876,0.608
22.436867599,-0.0440,0.5966,0.2013,0.631
22.438088561,-0.0518,0.6083,0.2072,0.645
22.439224522,-0.0672,0.6315,0.2152,0.671
22.440232253,-0.0826,0.6594,0.2204,0.700
22.441182984,-0.0911,0.6748,0.2209,0.716
22.443483868,-0.1077,0.7038,0.2201,0.745
22.445114522,-0.1168,0.7197,0.2182,0.761
22.447150715,-0.1339,0.7539,0.2130,0.795
22.448703022,-0.1463,0.7886,0.2035,0.827
22.450451022,-0.1522,0.8060,0.1981,0.844
22.45193333,-0.1639,0.8429,0.1871,0.879
22.453571676,-0.1705,0.8775,0.1749,0.911
22.454245292,-0.1730,0.8954,0.1678,0.927
22.454641253,-0.1805,0.9308,0.1556,0.961
22.456718561,-0.1815,0.9484,0.1488,0.977
22.45800433,-0.1803,0.9848,0.1385,1.011
22.459935984,-0.1764,1.0192,0.1273,1.042
22.462101753,-0.1722,1.0361,0.1224,1.057
22.46397183,-0.1632,1.0681,0.1131,1.086
22.466582445,-0.1505,1.0982,0.1060,1.113
22.46981833,-0.1419,1.1109,0.1024,1.125
22.470422253,-0.1226,1.1355,0.0955,1.146
22.47277483,-0.1126,1.1478,0.0923,1.157
22.473798407,-0.0897,1.1688,0.0880,1.175
22.475583176,-0.0667,1.1886,0.0858,1.194
22.477650638,-0.0567,1.1951,0.0826,1.199
22.479539868,-0.0359,1.2091,0.0774,1.212
22.481449984,-0.0139,1.2196,0.0684,1.222
22.483546638,-0.0020,1.2232,0.0657,1.225
22.485312291,0.0169,1.2286,0.0579,1.230
22.489220484,0.0239,1.2303,0.0520,1.232
22.489559599,0.0366,1.2286,0.0396,1.230
22.491299253,0.0437,1.2235,0.0259,1.225
22.49336583,0.0467,1.2188,0.0186,1.220
22.495354099,0.0511,1.2086,0.0046,1.210
22.49718333,0.0542,1.1951,-0.0090,1.196
22.499174368,0.0559,1.1893,-0.0149,1.191
22.504034599,0.0572,1.1758,-0.0286,1.178
22.50459733,0.0564,1.1693,-0.0347,1.171
22.505052484,0.0584,1.1563,-0.0459,1.159
22.507165791,0.0555,1.1429,-0.0552,1.146
22.509222176,0.0550,1.1363,-0.0586,1.139
22.511157291,0.0562,1.1187,-0.0655,1.122
22.529204522,0.0579,1.1033,-0.0660,1.107
22.530895022,0.0579,1.0947,-0.0657,1.098
22.531737022,0.0567,1.0779,-0.0643,1.081
22.532676368,0.0567,1.0691,-0.0613,1.072
22.533925791,0.0594,1.0530,-0.0562,1.056
22.535187868,0.0603,1.0341,-0.0450,1.037
22.536383176,0.0606,1.0241,-0.0396,1.027
22.537407407,0.0623,1.0063,-0.0247,1.009
22.538197368,0.0630,0.9887,-0.0068,0.991
22.538987138,0.0623,0.9802,0.0032,0.982
22.539634099,0.0630,0.9655,0.0261,0.968
22.540340445,0.0650,0.9591,0.0381,0.962
22.541137176,0.0667,0.9484,0.0616,0.953
22.541999215,0.0643,0.9386,0.0887,0.945
22.542928407,0.0623,0.9347,0.1026,0.942
22.54357633,0.0603,0.9276,0.1302,0.939
22.546141791,0.0542,0.9210,0.1593,0.936
22.547482599,0.0508,0.9205,0.1727,0.938
22.553987522,0.0435,0.9186,0.1981,0.941
22.555498368,0.0406,0.9196,0.2086,0.944
22.556719676,0.0349,0.9215,0.2304,0.951
22.557837753,0.0303,0.9218,0.2480,0.955
22.55885533,0.0276,0.9225,0.2563,0.958
22.559505753,0.0217,0.9262,0.2675,0.964
22.560848599,0.0176,0.9313,0.2736,0.971
22.562273676,0.0166,0.9325,0.2773,0.973
22.56420633,0.0144,0.9350,0.2824,0.977
22.566468099,0.0127,0.9364,0.2819,0.978
22.569311061,0.0105,0.9413,0.2788,0.982
22.571076522,0.0120,0.9428,0.2726,0.981
22.572193061,0.0127,0.9450,0.2704,0.983
22.574369214,0.0142,0.9460,0.2629,0.982
22.576298868,0.0161,0.9472,0.2516,0.980
22.578215791,0.0161,0.9464,0.2465,0.978
22.580216061,0.0183,0.9462,0.2343,0.975
22.582323253,0.0208,0.9460,0.2282,0.973
22.585641368,0.0239,0.9430,0.2162,0.968
22.587144176,0.0271,0.9423,0.2045,0.965
22.588256176,0.0291,0.9416,0.1969,0.962
22.59018733,0.0349,0.9376,0.1849,0.956
22.591928176,0.0379,0.9357,0.1715,0.952
22.59411833,0.0398,0.9347,0.1642,0.950
22.595969445,0.0447,0.9345,0.1529,0.948
22.598004138,0.0498,0.9340,0.1422,0.946
22.599841253,0.0508,0.9325,0.1385,0.944
22.608819484,0.0545,0.9311,0.1273,0.941
22.610291753,0.0557,0.9298,0.1217,0.939
22.611132445,0.0567,0.9286,0.1131,0.937
22.612057445,0.0572,0.9252,0.1043,0.933
22.612944599,0.0572,0.9259,0.0992,0.933
22.617401638,0.0567,0.9254,0.0938,0.932
22.619797099,0.0545,0.9254,0.0867,0.931
22.620753099,0.0520,0.9247,0.0843,0.930
22.621766099,0.0459,0.9215,0.0777,0.926
22.623690368,0.0437,0.9215,0.0757,0.926
22.624702445,0.0415,0.9191,0.0704,0.923
22.62589333,0.0374,0.9181,0.0662,0.921
22.630774022,0.0349,0.9169,0.0650,0.920
22.63132333,0.0281,0.9144,0.0613,0.917
22.631572791,0.0237,0.9137,0.0611,0.916
22.631811753,0.0144,0.9135,0.0616,0.916
22.633323253,0.0059,0.9108,0.0638,0.913
22.639897484,0.0015,0.9098,0.0643,0.912
22.640394714,-0.0078,0.9093,0.0665,0.912
22.640637138,-0.0183,0.9093,0.0723,0.912
22.641009676,-0.0237,0.9083,0.0757,0.912
22.643099791,-0.0340,0.9071,0.0806,0.911
22.645208291,-0.0440,0.9066,0.0843,0.912
22.647031791,-0.0491,0.9074,0.0919,0.913
22.649041022,-0.0577,0.9066,0.1009,0.914
22.652487253,-0.0603,0.9054,0.1055,0.914
22.653985099,-0.0708,0.9066,0.1156,0.917
22.655124022,-0.0794,0.9071,0.1244,0.919
22.656909291,-0.0823,0.9066,0.1292,0.919
22.65915133,-0.0901,0.9059,0.1361,0.920
22.660892676,-0.0980,0.9066,0.1429,0.923
22.663082791,-0.1016,0.9078,0.1449,0.925
22.66483983,-0.1048,0.9103,0.1495,0.928
22.666734945,-0.1058,0.9098,0.1527,0.929
22.670266637,-0.1080,0.9110,0.1571,0.931
22.671163176,-0.1107,0.9130,0.1608,0.934
22.672567137,-0.1112,0.9127,0.1627,0.934
22.674635676,-0.1109,0.9132,0.1669,0.935
22.676629137,-0.1099,0.9152,0.1705,0.937
22.678642945,-0.1094,0.9149,0.1722,0.937
22.680522637,-0.1055,0.9149,0.1769,0.938
22.683010061,-0.1038,0.9152,0.1810,0.939
22.69288933,-0.0989,0.9161,0.1881,0.940
22.694498484,-0.0955,0.9159,0.1962,0.942
22.695556714,-0.0936,0.9161,0.1994,0.942
22.696767061,-0.0880,0.9161,0.2074,0.943
22.698117445,-0.0850,0.9152,0.2108,0.943
22.699285022,-0.0796,0.9127,0.2184,0.942
22.701076176,-0.0755,0.9115,0.2272,0.942
22.702424984,-0.0721,0.9118,0.2306,0.943
22.703755022,-0.0643,0.9081,0.2380,0.941
22.705052176,-0.0584,0.9074,0.2438,0.941
22.705964291,-0.0547,0.9069,0.2460,0.941
22.706287561,-0.0486,0.9032,0.2504,0.939
22.714787214,-0.0457,0.9020,0.2533,0.938
22.715280599,-0.0384,0.9008,0.2558,0.937
22.715541137,-0.0310,0.8983,0.2595,0.936
22.715777176,-0.0271,0.8968,0.2614,0.935
22.716055061,-0.0203,0.8939,0.2643,0.932
22.724146407,-0.0147,0.8920,0.2680,0.931
22.724613676,-0.0120,0.8917,0.2702,0.932
22.724862022,-0.0078,0.8888,0.2709,0.929
22.725100637,-0.0039,0.8883,0.2704,0.929
22.725983984,-0.0015,0.8881,0.2704,0.928
22.727777868,0.0017,0.8890,0.2709,0.929
22.729748676,0.0024,0.8881,0.2707,0.928
22.731775214,0.0056,0.8878,0.2714,0.928
22.736173907,0.0090,0.8890,0.2704,0.929
22.736672561,0.0103,0.8895,0.2707,0.930
22.739247561,0.0103,0.8907,0.2692,0.931
22.739708061,0.0112,0.8925,0.2692,0.932
22.741762753,0.0107,0.8922,0.2690,0.932
22.743704176,0.0129,0.8942,0.2690,0.934
22.74565533,0.0132,0.8951,0.2687,0.935
22.747624945,0.0129,0.8973,0.2680,0.937
22.749806599,0.0122,0.8988,0.2665,0.938
22.752141407,0.0120,0.8995,0.2665,0.938
22.753964291,0.0098,0.9037,0.2641,0.942
22.755493407,0.0086,0.9052,0.2602,0.942
22.75767333,0.0076,0.9071,0.2577,0.943
22.759509291,0.0059,0.9100,0.2541,0.945
22.761570868,0.0039,0.9122,0.2516,0.946
22.763405061,0.0000,0.9137,0.2455,0.946
22.765495407,-0.0029,0.9154,0.2419,0.947
22.769101176,-0.0034,0.9164,0.2399,0.947
22.770415984,-0.0051,0.9174,0.2343,0.947
22.771553445,-0.0068,0.9188,0.2309,0.947
22.773273984,-0.0078,0.9232,0.2257,0.950
22.775135599,-0.0105,0.9252,0.2209,0.951
22.777090561,-0.0117,0.9264,0.2187,0.952
22.779370368,-0.0129,0.9320,0.2125,0.956
22.781177676,-0.0149,0.9350,0.2089,0.958
22.783054291,-0.0159,0.9362,0.2064,0.959
22.786051791,-0.0198,0.9403,0.2020,0.962
22.78749883,-0.0203,0.9408,0.2008,0.962
22.788968445,-0.0195,0.9435,0.1969,0.964
22.791147945,-0.0195,0.9489,0.1928,0.968
22.792864791,-0.0205,0.9513,0.1906,0.970
22.794949484,-0.0191,0.9557,0.1886,0.974
22.796863368,-0.0164,0.9613,0.1847,0.979
22.799032099,-0.0149,0.9633,0.1832,0.981
22.809069445,-0.0120,0.9679,0.1791,0.984
22.810564791,-0.0105,0.9692,0.1783,0.985
22.811544753,-0.0095,0.9748,0.1769,0.991
22.812496484,-0.0039,0.9789,0.1735,0.994
22.813580022,-0.0012,0.9811,0.1715,0.996
22.814604253,0.0022,0.9858,0.1698,1.000
22.817567407,0.0027,0.9890,0.1676,1.003
22.81870833,0.0056,0.9916,0.1673,1.006
22.819835214,0.0107,0.9970,0.1666,1.011
22.820937753,0.0144,0.9990,0.1681,1.013
22.822050099,0.0164,1.0019,0.1691,1.016
22.823047484,0.0203,1.0056,0.1715,1.020
22.83197656,0.0217,1.0078,0.1732,1.023
22.834149137,0.0237,1.0119,0.1744,1.027
22.835966445,0.0244,1.0139,0.1769,1.029
22.837907022,0.0247,1.0168,0.1779,1.033
22.839231676,0.0247,1.0214,0.1825,1.038
22.840702791,0.0254,1.0234,0.1840,1.040
22.842107522,0.0257,1.0263,0.1876,1.044
22.84323456,0.0230,1.0305,0.1903,1.048
22.844357214,0.0210,1.0319,0.1915,1.050
22.845568291,0.0173,1.0366,0.1947,1.055
22.847355253,0.0110,1.0417,0.1981,1.060
22.847810945,0.0073,1.0444,0.1991,1.063
22.848060099,0.0000,1.0512,0.1974,1.070
22.850045484,-0.0039,1.0537,0.1969,1.072
22.854776522,-0.0122,1.0625,0.1959,1.080
22.85537456,-0.0205,1.0696,0.1925,1.087
22.855879868,-0.0259,1.0718,0.1901,1.089
22.857818368,-0.0354,1.0808,0.1840,1.097
22.859728522,-0.0440,1.0891,0.1788,1.105
22.861604984,-0.0486,1.0925,0.1757,1.108
22.863767484,-0.0555,1.0999,0.1688,1.114
22.865647714,-0.0606,1.1033,0.1656,1.117
22.868760445,-0.0669,1.1126,0.1586,1.126
22.869873445,-0.0730,1.1199,0.1512,1.132
22.871735214,-0.0767,1.1233,0.1483,1.136
22.87366633,-0.0821,1.1302,0.1417,1.142
22.875641753,-0.0855,1.1360,0.1361,1.147
22.877451368,-0.0872,1.1372,0.1346,1.149
22.879557291,-0.0877,1.1412,0.1297,1.152
22.881543907,-0.0889,1.1434,0.1287,1.154
22.883774714,-0.0889,1.1446,0.1275,1.155
22.886636907,-0.0823,1.1458,0.1263,1.156
22.888502522,-0.0784,1.1465,0.1273,1.156
22.889570637,-0.0701,1.1436,0.1317,1.153
22.891634099,-0.0613,1.1392,0.1351,1.149
22.893478099,-0.0564,1.1372,0.1385,1.147
22.895592907,-0.0472,1.1348,0.1471,1.145
22.89755206,-0.0347,1.1292,0.1576,1.141
22.899431637,-0.0288,1.1267,0.1627,1.139
22.902058907,-0.0147,1.1206,0.1739,1.134
22.910261599,-0.0073,1.1177,0.1810,1.132
22.911196407,0.0042,1.1131,0.1952,1.130
22.911927253,0.0198,1.1118,0.2096,1.132
22.91254856,0.0259,1.1106,0.2167,1.132
22.913243253,0.0384,1.1109,0.2314,1.135
22.913956945,0.0493,1.1109,0.2460,1.139
22.915300368,0.0550,1.1128,0.2526,1.142
22.91713756,0.0662,1.1182,0.2675,1.152
22.93494283,0.0706,1.1226,0.2741,1.158
22.935963022,0.0796,1.1287,0.2888,1.168
22.936750983,0.0914,1.1380,0.3039,1.181
22.937525599,0.0972,1.1438,0.3095,1.189
22.938179791,0.1077,1.1583,0.3203,1.207
22.93899106,0.1153,1.1719,0.3286,1.223
22.93961206,0.1185,1.1785,0.3308,1.230
22.940212445,0.1251,1.1954,0.3327,1.247
22.940974637,0.1266,1.2049,0.3325,1.256
22.941790214,0.1300,1.2191,0.3266,1.269
22.942530714,0.1334,1.2318,0.3227,1.280
22.943249945,0.1339,1.2391,0.3188,1.286
22.943909137,0.1317,1.2511,0.3066,1.295
22.944683868,0.1295,1.2548,0.2956,1.296
22.946727445,0.1273,1.2577,0.2883,1.297
22.948578099,0.1258,1.2596,0.2719,1.295
22.950667253,0.1253,1.2594,0.2641,1.293
22.953631945,0.1224,1.2562,0.2475,1.286
22.955050522,0.1222,1.2472,0.2348,1.275
22.956425945,0.1217,1.2413,0.2292,1.268
22.958677022,0.1192,1.2315,0.2194,1.257
22.961219407,0.1187,1.2272,0.2179,1.252
22.962606753,0.1163,1.2186,0.2196,1.244
22.964466753,0.1094,1.2100,0.2245,1.236
22.966648253,0.1051,1.2071,0.2284,1.233
22.970146945,0.0985,1.2035,0.2370,1.231
22.971639637,0.0894,1.2030,0.2492,1.232
22.97273806,0.0840,1.2037,0.2538,1.233
22.974479637,0.0723,1.2074,0.2617,1.238
22.97623206,0.0613,1.2130,0.2678,1.244
22.978578714,0.0555,1.2164,0.2690,1.247
22.980236099,0.0481,1.2237,0.2682,1.254
22.982365176,0.0442,1.2274,0.2670,1.257
22.98431933,0.0340,1.2350,0.2653,1.264
22.98750583,0.0274,1.2465,0.2585,1.273
22.98887383,0.0220,1.2523,0.2541,1.278
22.991272599,0.0076,1.2636,0.2448,1.287
22.992345368,-0.0068,1.2772,0.2316,1.298
22.994278176,-0.0139,1.2836,0.2250,1.303
22.996043483,-0.0247,1.2916,0.2079,1.309
22.998083445,-0.0376,1.2948,0.1896,1.309
23.000080753,-0.0428,1.3002,0.1793,1.313
23.008830022,-0.0555,1.3022,0.1561,1.313
23.010371868,-0.0603,1.3009,0.1439,1.310
23.011237714,-0.0721,1.2960,0.1141,1.303
23.012228214,-0.0831,1.2882,0.0853,1.294
23.013253483,-0.0892,1.2826,0.0689,1.288
23.014878791,-0.1014,1.2675,0.0401,1.272
23.015899599,-0.1116,1.2460,0.0083,1.251
23.016740022,-0.1180,1.2342,-0.0071,1.240
23.033663637,-0.1295,1.2083,-0.0396,1.216
23.035078714,-0.1344,1.1939,-0.0545,1.203
23.036135637,-0.1422,1.1617,-0.0843,1.173
23.037182753,-0.1510,1.1297,-0.1126,1.145
23.038228945,-0.1544,1.1128,-0.1256,1.130
23.03913583,-0.1600,1.0754,-0.1498,1.098
23.040251983,-0.1627,1.0564,-0.1710,1.082
23.041380253,-0.1639,1.0163,-0.1805,1.045
23.042294906,-0.1654,0.9806,-0.1969,1.014
23.042989291,-0.1649,0.9633,-0.2038,0.998
23.043854791,-0.1664,0.9274,-0.2121,0.966
23.044478868,-0.1691,0.8907,-0.2169,0.932
23.04525006,-0.1691,0.8729,-0.2169,0.915
23.04613383,-0.1669,0.8392,-0.2167,0.883
23.046799676,-0.1622,0.8047,-0.2147,0.849
23.047822599,-0.1593,0.7896,-0.2138,0.833
23.049511445,-0.1542,0.7593,-0.2052,0.802
23.051585637,-0.1495,0.7444,-0.1998,0.785
23.054370291,-0.1383,0.7168,-0.1862,0.753
23.055762868,-0.1263,0.6909,-0.1683,0.722
23.05731133,-0.1192,0.6767,-0.1600,0.706
23.059243022,-0.1029,0.6533,-0.1417,0.676
23.061192483,-0.0892,0.6298,-0.1214,0.648
23.06312656,-0.0814,0.6188,-0.1114,0.634
23.065118753,-0.0633,0.5998,-0.0916,0.610
23.067217022,-0.0557,0.5900,-0.0814,0.598
23.070098253,-0.0408,0.5729,-0.0613,0.578
23.071565291,-0.0247,0.5568,-0.0435,0.559
23.073043983,-0.0169,0.5509,-0.0335,0.552
23.074983099,-0.0032,0.5397,-0.0134,0.540
23.076972791,0.0127,0.5331,0.0049,0.533
23.078812137,0.0176,0.5309,0.0129,0.531
23.080768445,0.0261,0.5272,0.0305,0.529
23.082654522,0.0298,0.5262,0.0391,0.529
23.086438099,0.0371,0.5297,0.0545,0.534
23.087866868,0.0415,0.5367,0.0689,0.543
23.089495291,0.0420,0.5414,0.0757,0.548
23.090634137,0.0467,0.5546,0.0884,0.564
23.092681291,0.0467,0.5626,0.1002,0.573
23.094935906,0.0469,0.5800,0.1060,0.591
23.09671206,0.0472,0.6020,0.1153,0.615
23.098650291,0.0464,0.6132,0.1202,0.627
23.100637137,0.0440,0.6381,0.1266,0.652
23.10975606,0.0406,0.6674,0.1336,0.682
23.111143637,0.0376,0.6833,0.1378,0.698
23.112108445,0.0310,0.7129,0.1432,0.728
23.113157676,0.0215,0.7283,0.1500,0.744
23.114287906,0.0159,0.7615,0.1539,0.777
23.115139599,0.0056,0.7962,0.1593,0.812
23.115875522,0.0000,0.8140,0.1612,0.830
23.116981983,-0.0117,0.8485,0.1634,0.864
23.135167483,-0.0198,0.8797,0.1669,0.896
23.136708906,-0.0239,0.8949,0.1686,0.911
23.137974291,-0.0322,0.9269,0.1691,0.943
23.138822022,-0.0379,0.9418,0.1686,0.958
23.139693983,-0.0396,0.9711,0.1693,0.987
23.140679829,-0.0430,0.9995,0.1695,1.015
23.142038483,-0.0447,1.0131,0.1681,1.028
23.142937599,-0.0481,1.0373,0.1676,1.052
23.143675176,-0.0493,1.0600,0.1671,1.074
23.144638022,-0.0496,1.0715,0.1669,1.086
23.145650945,-0.0530,1.0940,0.1649,1.108
23.146444137,-0.0555,1.1104,0.1627,1.124
23.147053983,-0.0557,1.1175,0.1627,1.131
23.147867676,-0.0545,1.1292,0.1625,1.142
23.148610483,-0.0542,1.1348,0.1615,1.148
23.149491368,-0.0535,1.1412,0.1590,1.153
23.150290829,-0.0511,1.1456,0.1554,1.157
23.152916753,-0.0501,1.1460,0.1554,1.158
23.154422329,-0.0479,1.1470,0.1551,1.158
23.155939906,-0.0484,1.1448,0.1529,1.156
23.157757368,-0.0476,1.1426,0.1524,1.154
23.15987556,-0.0459,1.1385,0.1485,1.149
23.161924906,-0.0464,1.1358,0.1463,1.146
23.163633253,-0.0486,1.1270,0.1439,1.137
23.165751868,-0.0489,1.1187,0.1356,1.128
23.167760291,-0.0503,1.1145,0.1319,1.123
23.170606829,-0.0559,1.1048,0.1241,1.113
23.171981137,-0.0555,1.0945,0.1156,1.102
23.173739906,-0.0559,1.0881,0.1094,1.095
23.175342522,-0.0586,1.0759,0.0977,1.082
23.177274791,-0.0594,1.0691,0.0923,1.075
23.179429791,-0.0589,1.0561,0.0804,1.061
23.181527945,-0.0603,1.0434,0.0682,1.047
23.183476983,-0.0601,1.0373,0.0625,1.041
23.187437329,-0.0596,1.0266,0.0535,1.030
23.188777445,-0.0584,1.0148,0.0457,1.018
23.190008906,-0.0596,1.0090,0.0425,1.012
23.192214253,-0.0601,0.9968,0.0374,0.999
23.193237522,-0.0586,0.9921,0.0362,0.995
23.195362137,-0.0555,0.9850,0.0374,0.987
23.197002406,-0.0525,0.9755,0.0403,0.978
23.199214291,-0.0511,0.9721,0.0418,0.974
23.200922522,-0.0491,0.9657,0.0469,0.968
23.209831829,-0.0452,0.9606,0.0569,0.963
23.211291983,-0.0423,0.9584,0.0616,0.961
23.212135176,-0.0359,0.9533,0.0735,0.957
23.213228176,-0.0318,0.9508,0.0809,0.955
23.214288906,-0.0257,0.9486,0.0948,0.954
23.215181676,-0.0186,0.9467,0.1094,0.953
23.215952522,-0.0161,0.9467,0.1153,0.954
23.216839637,-0.0107,0.9450,0.1297,0.954
23.234941676,-0.0017,0.9469,0.1434,0.958
23.236102329,0.0032,0.9474,0.1490,0.959
23.237298791,0.0098,0.9491,0.1617,0.963
23.238290829,0.0125,0.9494,0.1678,0.964
23.239234176,0.0220,0.9486,0.1761,0.965
23.240402714,0.0298,0.9521,0.1830,0.970
23.241590445,0.0347,0.9526,0.1857,0.971
23.242562637,0.0418,0.9550,0.1901,0.975
23.243393829,0.0479,0.9582,0.1932,0.979
23.244410829,0.0528,0.9591,0.1940,0.980
23.245871868,0.0572,0.9621,0.1954,0.983
23.247264522,0.0591,0.9643,0.1954,0.986
23.248278752,0.0611,0.9692,0.1928,0.990
23.249280329,0.0608,0.9716,0.1896,0.992
23.250540637,0.0603,0.9733,0.1881,0.993
23.252258329,0.0601,0.9758,0.1837,0.995
23.253662868,0.0586,0.9787,0.1779,0.996
23.255127022,0.0581,0.9804,0.1742,0.997
23.256196522,0.0559,0.9826,0.1676,0.998
23.257245983,0.0545,0.9831,0.1647,0.998
23.25873206,0.0503,0.9836,0.1576,0.997
23.261540945,0.0447,0.9846,0.1539,0.998
23.262479752,0.0428,0.9846,0.1522,0.997
23.264556099,0.0391,0.9838,0.1468,0.995
23.266635252,0.0337,0.9836,0.1434,0.995
23.268457752,0.0318,0.9831,0.1417,0.994
23.270423483,0.0279,0.9809,0.1385,0.991
23.27218806,0.0269,0.9784,0.1378,0.988
23.274214176,0.0232,0.9750,0.1371,0.985
23.276331829,0.0191,0.9704,0.1378,0.980
23.277923791,0.0169,0.9684,0.1385,0.978
23.279848983,0.0132,0.9655,0.1397,0.976
23.281910791,0.0125,0.9594,0.1422,0.970
23.283989022,0.0125,0.9557,0.1432,0.966
23.288912252,0.0137,0.9479,0.1441,0.959
23.289507137,0.0137,0.9442,0.1471,0.956
23.289757906,0.0144,0.9359,0.1498,0.948
23.291907676,0.0159,0.9262,0.1551,0.939
23.29389956,0.0166,0.9210,0.1581,0.935
23.295693406,0.0178,0.9135,0.1625,0.928
23.299692214,0.0200,0.9076,0.1722,0.924
23.299955099,0.0208,0.9037,0.1759,0.921
23.318481214,0.0227,0.8976,0.1854,0.917
23.319903752,0.0252,0.8942,0.1903,0.915
23.320920983,0.0271,0.8868,0.1994,0.909
23.322014252,0.0335,0.8807,0.2118,0.906
23.322939675,0.0359,0.8771,0.2172,0.904
23.323975868,0.0410,0.8722,0.2296,0.903
23.325030406,0.0484,0.8678,0.2426,0.902
23.326188214,0.0523,0.8666,0.2480,0.903
23.327076945,0.0606,0.8636,0.2582,0.903
23.327843791,0.0674,0.8617,0.2690,0.905
23.328485714,0.0721,0.8590,0.2746,0.905
23.329432329,0.0823,0.8570,0.2844,0.907
23.330195599,0.0875,0.8570,0.2890,0.909
23.330914445,0.0960,0.8546,0.2966,0.910
23.331719868,0.1048,0.8556,0.3044,0.914
23.332375868,0.1085,0.8568,0.3073,0.917
23.333442406,0.1151,0.8578,0.3125,0.920
23.338466137,0.1185,0.8592,0.3144,0.923
23.339889868,0.1234,0.8619,0.3183,0.927
23.340681368,0.1270,0.8661,0.3191,0.932
23.341683291,0.1287,0.8666,0.3186,0.932
23.34327456,0.1309,0.8697,0.3171,0.935
23.344884406,0.1322,0.8724,0.3144,0.937
23.34705806,0.1322,0.8734,0.3103,0.936
23.348819099,0.1329,0.8763,0.3029,0.937
23.350942099,0.1327,0.8778,0.2995,0.937
23.35491506,0.1314,0.8807,0.2912,0.937
23.356466829,0.1309,0.8834,0.2807,0.936
23.35804906,0.1297,0.8837,0.2741,0.934
23.35926106,0.1261,0.8866,0.2604,0.933
23.360876522,0.1261,0.8903,0.2458,0.932
23.36274906,0.1258,0.8920,0.2377,0.932
23.364693099,0.1239,0.8946,0.2218,0.930
23.366761945,0.1224,0.8966,0.2147,0.930
23.370968522,0.1219,0.8995,0.1979,0.929
23.37257006,0.1219,0.9020,0.1805,0.928
23.374024983,0.1222,0.9042,0.1722,0.929
23.375262137,0.1197,0.9074,0.1544,0.928
23.376383791,0.1170,0.9103,0.1366,0.928
23.378499675,0.1153,0.9115,0.1278,0.928
23.380427175,0.1109,0.9139,0.1129,0.928
23.382590252,0.1055,0.9152,0.1053,0.927
23.384412675,0.1026,0.9164,0.0933,0.927
23.387667445,0.0980,0.9191,0.0811,0.928
23.389145522,0.0955,0.9203,0.0760,0.928
23.390531483,0.0882,0.9225,0.0677,0.929
23.392174675,0.0818,0.9252,0.0599,0.931
23.394490368,0.0789,0.9257,0.0569,0.931
23.396206752,0.0706,0.9259,0.0523,0.930
23.398172983,0.0672,0.9247,0.0513,0.929
23.400109022,0.0603,0.9213,0.0489,0.925
23.410236714,0.0559,0.9183,0.0486,0.921
23.411665675,0.0530,0.9164,0.0489,0.919
23.412616406,0.0496,0.9105,0.0506,0.913
23.413711022,0.0447,0.9037,0.0555,0.906
23.415039329,0.0445,0.9012,0.0603,0.904
23.416699599,0.0435,0.8961,0.0711,0.900
23.417188252,0.0435,0.8920,0.0777,0.896
23.417623483,0.0435,0.8861,0.0894,0.892
23.418117829,0.0445,0.8815,0.1055,0.889
23.438192214,0.0457,0.8780,0.1153,0.887
23.440307714,0.0496,0.8736,0.1344,0.885
23.441708175,0.0528,0.8702,0.1568,0.886
23.44276556,0.0545,0.8692,0.1683,0.887
23.44416056,0.0591,0.8670,0.1915,0.890
23.445172329,0.0628,0.8668,0.2008,0.892
23.446196406,0.0696,0.8668,0.2204,0.897
23.446961368,0.0762,0.8685,0.2397,0.904
23.447941098,0.0789,0.8707,0.2487,0.909
23.448712214,0.0858,0.8758,0.2678,0.920
23.449885637,0.0933,0.8822,0.2819,0.931
23.450553868,0.0965,0.8851,0.2873,0.936
23.451867252,0.1019,0.8925,0.2998,0.947
23.453727483,0.1038,0.8959,0.3042,0.952
23.454740522,0.1109,0.9056,0.3054,0.962
23.45580356,0.1190,0.9132,0.3042,0.970
23.456586829,0.1229,0.9186,0.3032,0.975
23.457808445,0.1307,0.9293,0.3000,0.985
23.458543829,0.1388,0.9398,0.2929,0.994
23.459547406,0.1417,0.9447,0.2890,0.998
23.460345329,0.1463,0.9555,0.2788,1.006
23.461636522,0.1483,0.9613,0.2729,1.010
23.46402706,0.1551,0.9745,0.2582,1.020
23.464968022,0.1608,0.9897,0.2443,1.032
23.467319906,0.1639,0.9968,0.2375,1.038
23.474086406,0.1683,1.0126,0.2238,1.051
23.474878137,0.1717,1.0285,0.2106,1.064
23.475287945,0.1747,1.0356,0.2047,1.070
23.475671752,0.1791,1.0510,0.1932,1.084
23.477600368,0.1805,1.0578,0.1879,1.089
23.479067368,0.1849,1.0718,0.1766,1.102
23.481195983,0.1862,1.0859,0.1683,1.115
23.483383175,0.1869,1.0928,0.1637,1.121
23.48483306,0.1867,1.1062,0.1566,1.133
23.491591637,0.1852,1.1182,0.1495,1.143
23.492447368,0.1835,1.1236,0.1466,1.148
23.492864406,0.1791,1.1326,0.1417,1.155
23.493278252,0.1752,1.1372,0.1393,1.159
23.495351406,0.1683,1.1468,0.1331,1.167
23.496877983,0.1617,1.1553,0.1278,1.174
23.499349137,0.1573,1.1580,0.1253,1.175
23.500855983,0.1490,1.1634,0.1204,1.179
23.51959006,0.1375,1.1673,0.1148,1.181
23.521139291,0.1336,1.1690,0.1121,1.182
23.522368598,0.1263,1.1688,0.1065,1.180
23.523273829,0.1219,1.1678,0.1051,1.179
23.524155714,0.1124,1.1641,0.1041,1.174
23.525196214,0.1038,1.1622,0.1024,1.171
23.526307406,0.0994,1.1587,0.1031,1.168
23.527619906,0.0945,1.1531,0.1060,1.162
23.528553637,0.0887,1.1502,0.1090,1.159
23.529513598,0.0845,1.1468,0.1121,1.155
23.530534252,0.0789,1.1446,0.1180,1.153
23.531346791,0.0728,1.1416,0.1266,1.151
23.532055829,0.0677,1.1431,0.1324,1.153
23.532995329,0.0616,1.1468,0.1456,1.158
23.533928368,0.0572,1.1509,0.1517,1.162
23.534825829,0.0442,1.1590,0.1654,1.172
23.535854368,0.0310,1.1739,0.1776,1.188
23.536922906,0.0247,1.1829,0.1823,1.197
23.538389906,0.0132,1.2069,0.1891,1.222
23.540219752,0.0002,1.2345,0.1940,1.250
23.542147983,-0.0049,1.2508,0.1979,1.266
23.544271868,-0.0127,1.2831,0.2040,1.299
23.546370214,-0.0183,1.3000,0.2077,1.317
23.548002752,-0.0288,1.3339,0.2133,1.351
23.55012056,-0.0415,1.3659,0.2196,1.384
23.55233206,-0.0454,1.3803,0.2233,1.399
23.555194791,-0.0537,1.4074,0.2265,1.427
23.556664791,-0.0574,1.4184,0.2257,1.437
23.557825983,-0.0599,1.4363,0.2206,1.454
23.560138445,-0.0635,1.4448,0.2074,1.461
23.562005252,-0.0633,1.4465,0.2006,1.462
23.563897252,-0.0596,1.4460,0.1857,1.459
23.565766483,-0.0572,1.4363,0.1693,1.447
23.567830098,-0.0547,1.4304,0.1625,1.441
23.571042214,-0.0518,1.4192,0.1505,1.428
23.572575329,-0.0513,1.4128,0.1483,1.422
23.573898521,-0.0498,1.3977,0.1483,1.406
23.575704406,-0.0503,1.3823,0.1498,1.391
23.577825175,-0.0503,1.3750,0.1522,1.384
23.579617368,-0.0501,1.3583,0.1598,1.369
23.581656214,-0.0508,1.3434,0.1722,1.355
23.583702675,-0.0515,1.3354,0.1766,1.348
23.586163175,-0.0528,1.3197,0.1845,1.334
23.589158098,-0.0525,1.3122,0.1932,1.327
23.590862329,-0.0528,1.2973,0.1969,1.313
23.592109137,-0.0537,1.2836,0.1998,1.300
23.59356606,-0.0535,1.2750,0.2003,1.292
23.595518368,-0.0520,1.2579,0.1967,1.274
23.597594829,-0.0491,1.2418,0.1898,1.257
23.599533483,-0.0474,1.2333,0.1854,1.248
23.601404637,-0.0432,1.2157,0.1744,1.229
23.611880829,-0.0401,1.2071,0.1673,1.219
23.613503406,-0.0342,1.1893,0.1539,1.200
23.61444706,-0.0252,1.1714,0.1397,1.180
23.61546856,-0.0205,1.1612,0.1339,1.169
23.61646706,-0.0134,1.1429,0.1258,1.150
23.617532406,-0.0051,1.1258,0.1180,1.132
23.618402598,-0.0012,1.1165,0.1141,1.122
23.619376021,0.0054,1.0996,0.1077,1.105
23.620452368,0.0142,1.0930,0.1043,1.098
23.621535329,0.0186,1.0784,0.0950,1.083
23.638481137,0.0286,1.0652,0.0867,1.069
23.639975829,0.0327,1.0591,0.0816,1.063
23.640921829,0.0418,1.0473,0.0726,1.051
23.641912483,0.0503,1.0368,0.0640,1.040
23.642983291,0.0547,1.0324,0.0601,1.036
23.643912483,0.0643,1.0229,0.0511,1.026
23.645064983,0.0687,1.0161,0.0462,1.019
23.645943137,0.0782,1.0046,0.0354,1.008
23.646864444,0.0880,0.9921,0.0230,0.996
23.647536983,0.0931,0.9846,0.0159,0.989
23.648696214,0.1014,0.9677,0.0037,0.973
23.649609829,0.1094,0.9506,-0.0081,0.957
23.650634021,0.1129,0.9430,-0.0144,0.950
23.651369944,0.1219,0.9240,-0.0281,0.932
23.652173983,0.1266,0.9139,-0.0347,0.923
23.653241021,0.1361,0.8925,-0.0464,0.904
23.654447368,0.1446,0.8707,-0.0584,0.885
23.657159137,0.1498,0.8587,-0.0633,0.874
23.658663214,0.1586,0.8338,-0.0730,0.852
23.66030306,0.1661,0.8089,-0.0782,0.829
23.662359291,0.1700,0.7959,-0.0823,0.818
23.66816556,0.1752,0.7705,-0.0889,0.795
23.669064214,0.1779,0.7583,-0.0919,0.784
23.670097021,0.1825,0.7337,-0.0945,0.762
23.671187714,0.1825,0.7097,-0.0967,0.739
23.67400306,0.1830,0.6990,-0.0970,0.729
23.675451906,0.1779,0.6767,-0.0953,0.706
23.677002483,0.1700,0.6574,-0.0941,0.686
23.678199752,0.1652,0.6494,-0.0941,0.677
23.680158829,0.1564,0.6335,-0.0931,0.659
23.682306868,0.1417,0.6166,-0.0892,0.639
23.684168675,0.1346,0.6103,-0.0867,0.631
23.687724483,0.1202,0.6039,-0.0818,0.621
23.689254637,0.1124,0.6010,-0.0770,0.616
23.691042791,0.0943,0.5929,-0.0689,0.604
23.692342291,0.0762,0.5895,-0.0611,0.598
23.694248137,0.0669,0.5893,-0.0559,0.596
23.696089598,0.0462,0.5910,-0.0454,0.595
23.697873098,0.0271,0.5956,-0.0337,0.597
23.699948021,0.0171,0.6007,-0.0281,0.602
23.701889021,-0.0034,0.6132,-0.0139,0.613
23.713108944,-0.0122,0.6205,-0.0068,0.621
23.714726944,-0.0281,0.6374,0.0071,0.638
23.71590256,-0.0418,0.6591,0.0195,0.661
23.717050137,-0.0474,0.6709,0.0264,0.673
23.718306021,-0.0572,0.6953,0.0401,0.699
23.719592137,-0.0665,0.7080,0.0540,0.713
23.720887714,-0.0704,0.7368,0.0586,0.742
23.722150675,-0.0770,0.7683,0.0696,0.775
23.723200983,-0.0804,0.7854,0.0743,0.793
23.724122868,-0.0860,0.8192,0.0818,0.828
23.725141175,-0.0889,0.8553,0.0904,0.865
23.725930444,-0.0897,0.8739,0.0936,0.883
23.747340637,-0.0916,0.9132,0.0992,0.923
23.748533214,-0.0928,0.9330,0.1004,0.943
23.749662137,-0.0911,0.9711,0.1019,0.981
23.750449098,-0.0877,1.0097,0.1063,1.019
23.751302752,-0.0867,1.0283,0.1085,1.038
23.752186367,-0.0845,1.0674,0.1092,1.076
23.753205867,-0.0796,1.1038,0.1109,1.112
23.755496829,-0.0772,1.1204,0.1119,1.129
23.756662214,-0.0730,1.1556,0.1136,1.163
23.757752637,-0.0706,1.1717,0.1136,1.179
23.758824444,-0.0660,1.2013,0.1163,1.209
23.759800752,-0.0608,1.2286,0.1192,1.236
23.760900252,-0.0589,1.2418,0.1209,1.249
23.762026367,-0.0562,1.2648,0.1219,1.272
23.763171444,-0.0577,1.2814,0.1217,1.288
23.764097944,-0.0579,1.2887,0.1212,1.296
23.765207944,-0.0599,1.2965,0.1209,1.304
23.766259214,-0.0630,1.3004,0.1192,1.307
23.767331752,-0.0650,1.3007,0.1180,1.308
23.768226598,-0.0708,1.2995,0.1156,1.307
23.769451752,-0.0738,1.2956,0.1129,1.303
23.770659252,-0.0796,1.2855,0.1070,1.292
23.771803098,-0.0850,1.2726,0.0994,1.279
23.772961791,-0.0865,1.2643,0.0958,1.271
23.775506752,-0.0909,1.2477,0.0867,1.254
23.776797175,-0.0970,1.2264,0.0755,1.233
23.778900752,-0.0985,1.2157,0.0713,1.222
23.780859175,-0.1021,1.1905,0.0601,1.196
23.78277156,-0.1041,1.1776,0.0540,1.183
23.784644175,-0.1048,1.1517,0.0420,1.157
23.787935137,-0.1016,1.1258,0.0320,1.131
23.788357829,-0.0999,1.1133,0.0259,1.118
23.790517444,-0.0970,1.0872,0.0171,1.092
23.792436252,-0.0945,1.0613,0.0100,1.066
23.794430175,-0.0926,1.0500,0.0090,1.054
23.796488175,-0.0882,1.0285,0.0046,1.032
23.798427175,-0.0840,1.0180,0.0037,1.021
23.800309098,-0.0809,0.9977,0.0044,1.001
23.802316367,-0.0782,0.9782,0.0068,0.981
23.806879021,-0.0740,0.9687,0.0105,0.972
23.807469098,-0.0630,0.9530,0.0178,0.955
23.808069829,-0.0552,0.9376,0.0279,0.940
23.810327329,-0.0515,0.9296,0.0347,0.932
23.812809675,-0.0432,0.9137,0.0472,0.916
23.814071714,-0.0408,0.9071,0.0535,0.910
23.815951944,-0.0344,0.8954,0.0660,0.898
23.818056329,-0.0293,0.8871,0.0814,0.891
23.833564637,-0.0276,0.8824,0.0887,0.887
23.835215752,-0.0244,0.8734,0.1046,0.880
23.836661752,-0.0213,0.8651,0.1182,0.873
23.838140444,-0.0215,0.8626,0.1248,0.872
23.839384714,-0.0232,0.8587,0.1388,0.870
23.840565291,-0.0244,0.8568,0.1534,0.871
23.841883983,-0.0244,0.8512,0.1595,0.866
23.843663598,-0.0261,0.8470,0.1698,0.864
23.844836444,-0.0269,0.8465,0.1747,0.865
23.846128867,-0.0288,0.8468,0.1842,0.867
23.847968214,-0.0320,0.8475,0.1915,0.869
23.848951444,-0.0340,0.8490,0.1947,0.872
23.850026406,-0.0342,0.8507,0.1991,0.874
23.850908829,-0.0349,0.8514,0.2023,0.876
23.85200306,-0.0379,0.8539,0.2035,0.879
23.853168983,-0.0369,0.8578,0.2038,0.882
23.854527944,-0.0374,0.8597,0.2030,0.884
23.85571479,-0.0374,0.8617,0.2016,0.886
23.856680829,-0.0369,0.8639,0.1996,0.887
23.857831598,-0.0359,0.8656,0.1989,0.889
23.86003579,-0.0327,0.8661,0.1947,0.888
23.861488098,-0.0274,0.8666,0.1920,0.888
23.863267329,-0.0252,0.8668,0.1893,0.888
23.865134098,-0.0205,0.8683,0.1874,0.888
23.867271598,-0.0169,0.8683,0.1852,0.888
23.869406175,-0.0093,0.8697,0.1805,0.888
23.871441637,-0.0010,0.8727,0.1766,0.890
23.873099675,0.0027,0.8727,0.1747,0.890
23.875630175,0.0081,0.8717,0.1735,0.889
23.877075944,0.0142,0.8722,0.1730,0.889
23.879242483,0.0164,0.8724,0.1703,0.889
23.881119137,0.0217,0.8732,0.1666,0.889
23.883140906,0.0239,0.8732,0.1647,0.889
23.885037521,0.0274,0.8722,0.1615,0.887
23.888255637,0.0318,0.8712,0.1603,0.886
23.88908806,0.0337,0.8717,0.1590,0.887
23.891122483,0.0364,0.8707,0.1559,0.885
23.892840906,0.0381,0.8707,0.1539,0.885
23.894904367,0.0384,0.8705,0.1546,0.885
23.896878329,0.0391,0.8692,0.1522,0.883
23.899021367,0.0396,0.8688,0.1507,0.883
23.900941714,0.0406,0.8685,0.1476,0.882
23.902624675,0.0413,0.8675,0.1493,0.881
23.90742579,0.0410,0.8683,0.1488,0.882
23.907991983,0.0386,0.8705,0.1507,0.884
23.908625175,0.0386,0.8702,0.1505,0.884
23.910558637,0.0369,0.8707,0.1527,0.885
23.913061137,0.0364,0.8710,0.1539,0.885
23.914554752,0.0364,0.8710,0.1546,0.885
23.916424329,0.0342,0.8717,0.1588,0.887
23.918320137,0.0300,0.8705,0.1627,0.886
23.932788444,0.0274,0.8714,0.1647,0.887
23.934273714,0.0247,0.8744,0.1686,0.891
23.93514106,0.0225,0.8751,0.1754,0.893
23.93633706,0.0200,0.8771,0.1781,0.895
23.937530214,0.0166,0.8795,0.1827,0.898
23.938795252,0.0156,0.8817,0.1859,0.901
23.939956637,0.0127,0.8832,0.1903,0.904
23.940995483,0.0088,0.8851,0.1967,0.907
23.942358637,0.0078,0.8863,0.1996,0.909
23.943431406,0.0078,0.8895,0.2045,0.913
23.944534021,0.0061,0.8912,0.2089,0.915
23.945527252,0.0051,0.8934,0.2116,0.918
23.946589598,0.0027,0.8968,0.2182,0.923
23.947538367,0.0007,0.8995,0.2199,0.926
23.948646329,-0.0017,0.9010,0.2213,0.928
23.951560137,-0.0039,0.9030,0.2243,0.930
23.952186521,-0.0054,0.9056,0.2253,0.933
23.96028129,-0.0061,0.9081,0.2250,0.936
23.960926252,-0.0068,0.9108,0.2245,0.938
23.961171675,-0.0103,0.9122,0.2243,0.939
23.961479906,-0.0105,0.9139,0.2243,0.941
23.961942675,-0.0103,0.9152,0.2231,0.942
23.963985713,-0.0115,0.9166,0.2223,0.943
23.965733521,-0.0105,0.9164,0.2206,0.943
23.968511406,-0.0110,0.9166,0.2191,0.943
23.969950944,-0.0120,0.9159,0.2189,0.942
23.972788213,-0.0117,0.9171,0.2184,0.943
23.973691983,-0.0100,0.9166,0.2165,0.942
23.975374444,-0.0100,0.9166,0.2169,0.942
23.977808098,-0.0103,0.9157,0.2160,0.941
23.979544213,-0.0122,0.9154,0.2152,0.940
23.981473906,-0.0142,0.9161,0.2162,0.941
23.983397137,-0.0171,0.9169,0.2165,0.942
23.985428137,-0.0176,0.9176,0.2184,0.943
23.988723406,-0.0191,0.9166,0.2196,0.943
23.989726406,-0.0220,0.9157,0.2218,0.942
23.991153675,-0.0227,0.9154,0.2233,0.943
23.993746521,-0.0244,0.9157,0.2228,0.943
23.99590129,-0.0281,0.9179,0.2250,0.945
23.997232021,-0.0315,0.9176,0.2260,0.946
23.999231983,-0.0330,0.9161,0.2272,0.944
24.001244137,-0.0371,0.9164,0.2306,0.946
24.009262137,-0.0386,0.9164,0.2316,0.946
24.010271252,-0.0415,0.9183,0.2321,0.948
24.01068029,-0.0445,0.9208,0.2301,0.950
24.011080906,-0.0462,0.9213,0.2296,0.951
24.011454098,-0.0484,0.9210,0.2323,0.951
24.014195637,-0.0489,0.9205,0.2333,0.951
24.015205252,-0.0479,0.9198,0.2338,0.950
24.017088367,-0.0484,0.9198,0.2358,0.951
24.019220521,-0.0493,0.9198,0.2360,0.951
24.036391444,-0.0484,0.9183,0.2370,0.950
24.03727229,-0.0472,0.9193,0.2421,0.952
24.037717098,-0.0467,0.9188,0.2443,0.952
24.038084367,-0.0452,0.9174,0.2487,0.952
24.038440598,-0.0418,0.9174,0.2519,0.952
24.038840713,-0.0423,0.9188,0.2543,0.954
24.039198406,-0.0406,0.9183,0.2587,0.955
24.039570098,-0.0384,0.9188,0.2609,0.956
24.04008356,-0.0359,0.9181,0.2641,0.956
24.040503367,-0.0342,0.9176,0.2668,0.956
24.040840906,-0.0322,0.9191,0.2690,0.958
24.04293006,-0.0279,0.9201,0.2724,0.960
24.04494406,-0.0257,0.9188,0.2726,0.959
24.046600598,-0.0244,0.9166,0.2729,0.957
24.048648637,-0.0203,0.9139,0.2746,0.955
24.050674983,-0.0183,0.9125,0.2744,0.953
24.052628983,-0.0139,0.9108,0.2722,0.951
24.055570175,-0.0120,0.9100,0.2700,0.949
24.056785906,-0.0105,0.9088,0.2670,0.947
24.058515944,-0.0066,0.9066,0.2621,0.944
24.060191944,-0.0051,0.9054,0.2599,0.942
24.062812906,-0.0032,0.9032,0.2548,0.938
24.065121521,-0.0032,0.9012,0.2524,0.936
24.066619944,-0.0024,0.9008,0.2482,0.934
24.068250483,-0.0010,0.8988,0.2426,0.931
24.070060752,-0.0012,0.8981,0.2377,0.929
24.07208906,-0.0027,0.8983,0.2362,0.929
24.074074098,-0.0010,0.8988,0.2343,0.929
24.075955944,-0.0007,0.8983,0.2333,0.928
24.077997752,-0.0012,0.8983,0.2301,0.927
24.079905406,-0.0012,0.9005,0.2299,0.929
24.082061367,-0.0015,0.9005,0.2306,0.930
24.083809329,-0.0005,0.9000,0.2301,0.929
24.085750329,0.0015,0.9032,0.2318,0.932
24.090893983,0.0015,0.9064,0.2343,0.936
24.091448829,0.0017,0.9098,0.2402,0.941
24.092018252,0.0029,0.9120,0.2421,0.944
24.093682329,0.0046,0.9169,0.2472,0.950
24.095771521,0.0086,0.9230,0.2524,0.957
24.097623906,0.0103,0.9259,0.2553,0.961
24.099368906,0.0151,0.9337,0.2607,0.970
24.101752252,0.0210,0.9413,0.2675,0.979
24.103414867,0.0237,0.9452,0.2714,0.984
24.117932867,0.0293,0.9530,0.2773,0.993
24.11849679,0.0327,0.9579,0.2810,0.999
24.11874706,0.0425,0.9675,0.2897,1.011
24.118998983,0.0484,0.9780,0.2966,1.023
24.119236944,0.0511,0.9826,0.2990,1.028
24.119466175,0.0559,0.9943,0.3039,1.041
24.119696444,0.0621,1.0048,0.3073,1.053
24.119926213,0.0635,1.0102,0.3095,1.058
24.126676675,0.0655,1.0210,0.3108,1.069
24.128185944,0.0677,1.0263,0.3120,1.075
24.129331252,0.0704,1.0371,0.3130,1.086
24.13038329,0.0726,1.0481,0.3147,1.097
24.131543867,0.0743,1.0532,0.3139,1.102
24.132687675,0.0733,1.0627,0.3125,1.110
24.133901829,0.0716,1.0732,0.3071,1.119
24.135060983,0.0716,1.0781,0.3046,1.123
24.139285675,0.0704,1.0894,0.2983,1.132
24.140904829,0.0699,1.0940,0.2949,1.135
24.142232752,0.0687,1.1040,0.2866,1.143
24.14342656,0.0665,1.1135,0.2753,1.149
24.144873944,0.0633,1.1182,0.2707,1.152
24.147010329,0.0603,1.1250,0.2585,1.156
24.149001983,0.0569,1.1285,0.2441,1.156
24.15100979,0.0545,1.1346,0.2348,1.160
24.152760829,0.0481,1.1390,0.2194,1.161
24.157574213,0.0420,1.1407,0.2113,1.161
24.159027521,0.0269,1.1421,0.1932,1.159
24.159345752,0.0115,1.1438,0.1730,1.157
24.160521329,0.0046,1.1441,0.1625,1.156
24.162603829,-0.0122,1.1451,0.1434,1.154
24.16462779,-0.0325,1.1465,0.1204,1.153
24.166680329,-0.0432,1.1468,0.1099,1.153
24.16860729,-0.0674,1.1492,0.0882,1.155
24.171884598,-0.0789,1.1499,0.0767,1.155
24.172833675,-0.1019,1.1521,0.0559,1.158
24.174471175,-0.1246,1.1519,0.0357,1.159
24.176527636,-0.1349,1.1529,0.0269,1.161
24.178566136,-0.1515,1.1548,0.0098,1.165
24.180328252,-0.1656,1.1587,-0.0049,1.171
24.182475252,-0.1715,1.1607,-0.0088,1.173
24.18432529,-0.1791,1.1668,-0.0156,1.181
24.18633679,-0.1810,1.1702,-0.0191,1.184
24.188899906,-0.1810,1.1798,-0.0220,1.194
24.190235906,-0.1757,1.1917,-0.0183,1.205
24.192221906,-0.1708,1.1973,-0.0149,1.210
24.194287675,-0.1610,1.2088,-0.0059,1.220
24.196285098,-0.1437,1.2228,0.0056,1.231
24.198373444,-0.1331,1.2311,0.0132,1.238
24.200297598,-0.1114,1.2462,0.0322,1.252
24.202089598,-0.1002,1.2550,0.0423,1.260
24.207514329,-0.0784,1.2714,0.0608,1.275
24.208067867,-0.0579,1.2865,0.0794,1.290
24.208311752,-0.0476,1.2948,0.0892,1.299
24.210062675,-0.0305,1.3109,0.1087,1.316
24.211937252,-0.0151,1.3168,0.1283,1.323
24.213957252,-0.0078,1.3285,0.1349,1.335
24.215772329,0.0059,1.3337,0.1520,1.342
24.217654521,0.0125,1.3346,0.1600,1.344
24.219707021,0.0276,1.3339,0.1759,1.346
24.232718829,0.0423,1.3285,0.1908,1.343
24.234363213,0.0496,1.3246,0.1986,1.340
24.235244829,0.0650,1.3149,0.2155,1.334
24.236289829,0.0760,1.3009,0.2323,1.324
24.237707906,0.0821,1.2929,0.2414,1.318
24.238892906,0.0901,1.2760,0.2553,1.304
24.240510059,0.0950,1.2677,0.2629,1.298
24.241554636,0.1026,1.2526,0.2785,1.287
24.24246279,0.1070,1.2364,0.2934,1.275
24.243143213,0.1077,1.2289,0.3003,1.270
24.244100867,0.1043,1.2191,0.3095,1.262
24.244777752,0.0972,1.2079,0.3152,1.252
24.245925944,0.0923,1.2047,0.3159,1.249
24.248351136,0.0833,1.1988,0.3125,1.242
24.249885906,0.0772,1.1959,0.3095,1.238
24.251506598,0.0647,1.1932,0.2983,1.232
24.253522675,0.0528,1.1927,0.2814,1.227
24.256264406,0.0474,1.1925,0.2726,1.224
24.257959021,0.0391,1.1956,0.2553,1.223
24.25938079,0.0320,1.1973,0.2345,1.221
24.261298521,0.0298,1.1978,0.2240,1.219
24.263279752,0.0274,1.2013,0.2028,1.219
24.265085252,0.0247,1.2039,0.1923,1.219
24.267105867,0.0230,1.2093,0.1676,1.221
24.269214944,0.0225,1.2142,0.1473,1.223
24.272106213,0.0208,1.2157,0.1371,1.224
24.273638598,0.0186,1.2171,0.1192,1.223
24.27521029,0.0181,1.2181,0.1002,1.222
24.277060406,0.0164,1.2169,0.0906,1.220
24.279173521,0.0151,1.2125,0.0726,1.215
24.281089713,0.0144,1.2105,0.0635,1.212
24.283284559,0.0144,1.2039,0.0479,1.205
24.284901444,0.0137,1.1927,0.0291,1.193
24.287253021,0.0156,1.1849,0.0191,1.185
24.290265406,0.0156,1.1705,-0.0020,1.171
24.291646559,0.0151,1.1531,-0.0244,1.153
24.293101175,0.0159,1.1436,-0.0344,1.144
24.295099136,0.0169,1.1206,-0.0518,1.122
24.296992944,0.0186,1.0964,-0.0711,1.099
24.298963406,0.0198,1.0837,-0.0809,1.087
24.300770598,0.0220,1.0539,-0.1019,1.059
24.302952982,0.0227,1.0383,-0.1107,1.044
24.313166752,0.0239,1.0068,-0.1278,1.015
24.314648829,0.0239,0.9745,-0.1437,0.985
24.315556329,0.0237,0.9579,-0.1510,0.970
24.316531521,0.0247,0.9218,-0.1593,0.936
24.317625252,0.0249,0.8868,-0.1681,0.903
24.31809229,0.0237,0.8695,-0.1710,0.886
24.344441559,0.0220,0.8360,-0.1700,0.853
24.346073213,0.0173,0.8187,-0.1644,0.835
24.346950944,0.0161,0.7862,-0.1610,0.803
24.347923982,0.0159,0.7569,-0.1498,0.772
24.348787021,0.0154,0.7422,-0.1422,0.756
24.349844867,0.0151,0.7146,-0.1266,0.726
24.350707559,0.0120,0.6907,-0.1051,0.699
24.351721213,0.0120,0.6787,-0.0923,0.685
24.352497867,0.0103,0.6557,-0.0667,0.659
24.353192982,0.0090,0.6452,-0.0511,0.647
24.354355598,0.0090,0.6276,-0.0176,0.628
24.355162252,0.0107,0.6135,0.0169,0.614
24.356221675,0.0129,0.6066,0.0354,0.608
24.357078829,0.0164,0.5954,0.0726,0.600
24.357984675,0.0154,0.5866,0.1099,0.597
24.358986367,0.0154,0.5839,0.1275,0.598
24.360064944,0.0178,0.5785,0.1642,0.602
24.360944059,0.0154,0.5773,0.1972,0.610
24.362165213,0.0151,0.5756,0.2116,0.613
24.363137252,0.0183,0.5778,0.2340,0.624
24.364243636,0.0198,0.5788,0.2426,0.628
24.365120444,0.0244,0.5822,0.2526,0.635
24.366281406,0.0281,0.5905,0.2575,0.645
24.367317175,0.0286,0.5959,0.2582,0.650
24.36846329,0.0337,0.6095,0.2590,0.663
24.36957079,0.0369,0.6176,0.2570,0.670
24.370675944,0.0381,0.6376,0.2492,0.686
24.371795906,0.0423,0.6584,0.2389,0.702
24.372906598,0.0440,0.6692,0.2316,0.709
24.374003213,0.0459,0.6941,0.2165,0.728
24.375794059,0.0501,0.7224,0.2018,0.752
24.378190098,0.0506,0.7378,0.1928,0.764
24.379638482,0.0533,0.7691,0.1776,0.791
24.381698059,0.0552,0.7837,0.1710,0.804
24.383516406,0.0569,0.8157,0.1581,0.833
24.385401213,0.0591,0.8490,0.1446,0.863
24.388677598,0.0599,0.8648,0.1383,0.878
24.389443867,0.0584,0.8990,0.1295,0.910
24.392080829,0.0550,0.9335,0.1202,0.943
24.393594098,0.0542,0.9499,0.1185,0.959
24.395581482,0.0493,0.9846,0.1163,0.993
24.397502713,0.0442,1.0014,0.1156,1.009
24.399884636,0.0420,1.0361,0.1146,1.043
24.401446405,0.0364,1.0681,0.1156,1.075
24.403720213,0.0318,1.0835,0.1158,1.090
24.410117098,0.0242,1.1153,0.1178,1.122
24.410932482,0.0169,1.1456,0.1168,1.152
24.411367136,0.0142,1.1590,0.1156,1.165
24.411785098,0.0076,1.1851,0.1138,1.191
24.413406905,0.0007,1.1959,0.1094,1.201
24.415308867,-0.0017,1.2171,0.1075,1.222
24.417293405,-0.0090,1.2381,0.1009,1.242
24.419213021,-0.0137,1.2462,0.0975,1.250
24.442020636,-0.0188,1.2587,0.0862,1.262
24.443699482,-0.0235,1.2719,0.0711,1.274
24.444816713,-0.0276,1.2775,0.0625,1.279
24.446087098,-0.0340,1.2851,0.0454,1.286
24.447252444,-0.0379,1.2863,0.0354,1.287
24.448684982,-0.0440,1.2877,0.0173,1.289
24.44972679,-0.0508,1.2872,-0.0039,1.288
24.450647405,-0.0533,1.2860,-0.0149,1.287
24.451412829,-0.0616,1.2794,-0.0376,1.281
24.45214679,-0.0691,1.2711,-0.0633,1.275
24.453056675,-0.0728,1.2648,-0.0760,1.269
24.454216367,-0.0811,1.2474,-0.1014,1.254
24.45535079,-0.0845,1.2374,-0.1158,1.246
24.456408444,-0.0897,1.2176,-0.1422,1.229
24.457325482,-0.0950,1.1961,-0.1664,1.211
24.458248521,-0.0965,1.1837,-0.1761,1.201
24.459122405,-0.0965,1.1595,-0.1932,1.179
24.459820252,-0.0987,1.1343,-0.2060,1.157
24.460747098,-0.0994,1.1214,-0.2089,1.145
24.461610598,-0.0985,1.0947,-0.2130,1.120
24.462548905,-0.0960,1.0823,-0.2128,1.107
24.463332675,-0.0948,1.0576,-0.2106,1.083
24.465808021,-0.0919,1.0329,-0.2025,1.057
24.467248252,-0.0889,1.0214,-0.1964,1.044
24.468678713,-0.0843,0.9973,-0.1793,1.017
24.470640713,-0.0762,0.9726,-0.1586,0.988
24.474884252,-0.0730,0.9618,-0.1463,0.976
24.476284905,-0.0667,0.9420,-0.1204,0.952
24.477233367,-0.0606,0.9232,-0.0867,0.929
24.479456521,-0.0569,0.9137,-0.0689,0.918
24.480461059,-0.0511,0.8961,-0.0305,0.898
24.482449982,-0.0479,0.8883,-0.0093,0.890
24.484315675,-0.0386,0.8727,0.0352,0.874
24.486222059,-0.0335,0.8604,0.0818,0.865
24.49640229,-0.0298,0.8548,0.1063,0.862
24.497908252,-0.0230,0.8448,0.1559,0.859
24.499012405,-0.0176,0.8407,0.2086,0.866
24.500105675,-0.0154,0.8324,0.2338,0.865
24.501150328,-0.0107,0.8258,0.2802,0.872
24.502158752,-0.0076,0.8231,0.3015,0.877
24.502620059,-0.0010,0.8194,0.3442,0.889
24.503002021,0.0044,0.8165,0.3779,0.900
24.503938982,0.0071,0.8153,0.3924,0.905
24.522591867,0.0142,0.8148,0.4175,0.916
24.524189521,0.0161,0.8150,0.4278,0.921
24.524697675,0.0210,0.8162,0.4449,0.930
24.525164713,0.0271,0.8179,0.4547,0.936
24.525674405,0.0296,0.8196,0.4571,0.939
24.526089598,0.0349,0.8216,0.4586,0.942
24.526504059,0.0369,0.8238,0.4551,0.942
24.526907598,0.0410,0.8304,0.4405,0.941
24.527305367,0.0420,0.8348,0.4270,0.939
24.527707636,0.0425,0.8377,0.4175,0.937
24.528125713,0.0445,0.8436,0.3982,0.934
24.528547752,0.0491,0.8514,0.3750,0.932
24.530677367,0.0503,0.8553,0.3626,0.930
24.531326059,0.0545,0.8629,0.3379,0.928
24.533247482,0.0557,0.8668,0.3242,0.927
24.535166982,0.0577,0.8741,0.2949,0.924
24.536979559,0.0581,0.8819,0.2643,0.923
24.539627021,0.0581,0.8844,0.2492,0.921
24.541563059,0.0574,0.8907,0.2213,0.920
24.543163905,0.0581,0.8978,0.1915,0.920
24.54507879,0.0569,0.9008,0.1759,0.920
24.547409021,0.0515,0.9076,0.1476,0.921
24.548918944,0.0501,0.9113,0.1344,0.922
24.551385175,0.0481,0.9179,0.1092,0.926
24.553052405,0.0442,0.9232,0.0828,0.928
24.555972213,0.0415,0.9247,0.0704,0.928
24.557056675,0.0349,0.9284,0.0498,0.930
24.559306713,0.0313,0.9318,0.0286,0.933
24.560888905,0.0300,0.9347,0.0188,0.935
24.562972867,0.0252,0.9384,0.0027,0.939
24.564808636,0.0235,0.9379,-0.0103,0.938
24.567125482,0.0225,0.9381,-0.0151,0.939
24.568921021,0.0210,0.9389,-0.0235,0.939
24.570896213,0.0205,0.9389,-0.0252,0.939
24.573785021,0.0225,0.9389,-0.0313,0.940
24.575257021,0.0217,0.9374,-0.0327,0.938
24.577151213,0.0237,0.9362,-0.0320,0.937
24.578695405,0.0271,0.9350,-0.0308,0.936
24.580581175,0.0305,0.9347,-0.0279,0.936
24.582697175,0.0310,0.9333,-0.0247,0.934
24.584597098,0.0322,0.9325,-0.0147,0.933
24.590189482,0.0349,0.9318,-0.0098,0.932
24.591299867,0.0386,0.9303,0.0002,0.931
24.592389367,0.0432,0.9303,0.0134,0.931
24.59346529,0.0450,0.9296,0.0200,0.931
24.594458328,0.0501,0.9286,0.0332,0.931
24.596273059,0.0555,0.9289,0.0476,0.932
24.598500982,0.0579,0.9276,0.0545,0.931
24.600280059,0.0613,0.9254,0.0694,0.930
24.602334405,0.0621,0.9254,0.0760,0.931
24.604235828,0.0672,0.9227,0.0889,0.929
24.612771559,0.0730,0.9215,0.1031,0.930
24.614258175,0.0743,0.9210,0.1104,0.931
24.615130713,0.0762,0.9196,0.1236,0.931
24.616050713,0.0799,0.9193,0.1344,0.933
24.617029367,0.0806,0.9181,0.1412,0.932
24.618140059,0.0848,0.9179,0.1510,0.934
24.619200367,0.0858,0.9186,0.1561,0.936
24.620189982,0.0894,0.9179,0.1642,0.937
24.646323367,0.0909,0.9161,0.1715,0.936
24.647888136,0.0928,0.9147,0.1752,0.936
24.648905251,0.0970,0.9110,0.1808,0.934
24.650689251,0.0980,0.9091,0.1857,0.933
24.651727175,0.0987,0.9078,0.1874,0.932
24.653072482,0.1011,0.9061,0.1920,0.932
24.654259367,0.1019,0.9056,0.1937,0.932
24.655251098,0.1014,0.9032,0.1959,0.930
24.656246559,0.0985,0.9032,0.1991,0.930
24.657422367,0.0997,0.9025,0.2006,0.930
24.658376828,0.0997,0.9010,0.2018,0.929
24.659297482,0.0975,0.9000,0.2035,0.928
24.660057521,0.0950,0.8990,0.2030,0.927
24.660766175,0.0916,0.8961,0.2020,0.923
24.661856136,0.0899,0.8971,0.2011,0.924
24.662603482,0.0862,0.8961,0.1989,0.922
24.663470251,0.0838,0.8973,0.1969,0.923
24.664242059,0.0823,0.8968,0.1950,0.921
24.664929098,0.0774,0.8976,0.1925,0.921
24.66595979,0.0740,0.8981,0.1876,0.920
24.666632021,0.0738,0.8988,0.1845,0.920
24.667517098,0.0711,0.8981,0.1810,0.919
24.66826229,0.0696,0.8990,0.1783,0.919
24.669017675,0.0682,0.9000,0.1730,0.919
24.669998905,0.0672,0.8988,0.1671,0.917
24.672561751,0.0677,0.8998,0.1637,0.917
24.678287867,0.0711,0.9010,0.1568,0.917
24.679297021,0.0708,0.9037,0.1502,0.919
24.680142867,0.0728,0.9037,0.1485,0.919
24.681009482,0.0787,0.9054,0.1407,0.920
24.682109136,0.0804,0.9061,0.1368,0.920
24.683258559,0.0848,0.9086,0.1297,0.922
24.685106982,0.0897,0.9108,0.1241,0.924
24.687061367,0.0919,0.9120,0.1207,0.925
24.69071379,0.0980,0.9149,0.1185,0.928
24.69226929,0.1019,0.9169,0.1182,0.930
24.693814521,0.1038,0.9193,0.1163,0.932
24.695248559,0.1087,0.9252,0.1143,0.939
24.696897175,0.1121,0.9271,0.1136,0.941
24.699017636,0.1163,0.9333,0.1129,0.947
24.700788944,0.1182,0.9379,0.1131,0.952
24.703065482,0.1180,0.9411,0.1129,0.955
24.705781175,0.1209,0.9464,0.1138,0.961
24.714575867,0.1219,0.9523,0.1165,0.967
24.715914405,0.1214,0.9540,0.1170,0.969
24.716933598,0.1195,0.9596,0.1214,0.975
24.717936559,0.1182,0.9626,0.1236,0.978
24.718971944,0.1146,0.9687,0.1253,0.983
24.719896136,0.1107,0.9753,0.1292,0.990
24.720782867,0.1075,0.9780,0.1305,0.992
24.721872598,0.1041,0.9848,0.1358,1.000
24.743181713,0.1002,0.9909,0.1388,1.006
24.744662021,0.0982,0.9943,0.1410,1.009
24.745935405,0.0950,0.9997,0.1449,1.015
24.746878367,0.0948,1.0026,0.1441,1.017
24.747745751,0.0877,1.0097,0.1466,1.024
24.748770944,0.0831,1.0161,0.1490,1.030
24.750142174,0.0816,1.0205,0.1507,1.035
24.750979405,0.0814,1.0268,0.1532,1.041
24.751797328,0.0814,1.0293,0.1534,1.044
24.752589674,0.0833,1.0346,0.1524,1.049
24.753468636,0.0865,1.0417,0.1544,1.057
24.754378367,0.0862,1.0451,0.1542,1.060
24.755212674,0.0875,1.0508,0.1537,1.066
24.756266905,0.0889,1.0556,0.1554,1.071
24.75725479,0.0906,1.0596,0.1551,1.075
24.758497136,0.0945,1.0657,0.1546,1.081
24.759197098,0.0960,1.0679,0.1561,1.083
24.760129136,0.0963,1.0727,0.1559,1.088
24.760978021,0.0963,1.0776,0.1561,1.093
24.762050367,0.0970,1.0789,0.1566,1.094
24.762756328,0.0975,1.0828,0.1554,1.098
24.763976982,0.0963,1.0869,0.1554,1.102
24.766145559,0.0965,1.0896,0.1551,1.105
24.768046828,0.0963,1.0957,0.1544,1.111
24.770007867,0.0921,1.0996,0.1537,1.114
24.773236674,0.0906,1.1016,0.1532,1.116
24.774707059,0.0858,1.1055,0.1524,1.119
24.779482021,0.0816,1.1074,0.1524,1.121
24.780462213,0.0772,1.1118,0.1490,1.124
24.781328713,0.0728,1.1148,0.1495,1.127
24.782215059,0.0696,1.1162,0.1502,1.128
24.783887944,0.0665,1.1172,0.1510,1.129
24.785560751,0.0621,1.1209,0.1539,1.133
24.787764982,0.0596,1.1219,0.1556,1.134
24.790641674,0.0555,1.1243,0.1600,1.137
24.792087944,0.0542,1.1245,0.1620,1.137
24.793594559,0.0491,1.1231,0.1656,1.136
24.795430405,0.0442,1.1219,0.1693,1.135
24.797512905,0.0420,1.1209,0.1727,1.135
24.799520482,0.0379,1.1187,0.1783,1.133
24.801247021,0.0330,1.1165,0.1847,1.132
24.803439905,0.0310,1.1148,0.1881,1.131
24.805978251,0.0293,1.1109,0.1964,1.128
24.814899636,0.0232,1.1096,0.2008,1.128
24.816335828,0.0203,1.1057,0.2091,1.126
24.817512867,0.0147,1.1013,0.2172,1.123
24.818404136,0.0117,1.0996,0.2231,1.122
24.819438174,0.0086,1.0964,0.2355,1.121
24.820465444,0.0044,1.0938,0.2487,1.122
24.821564405,0.0022,1.0930,0.2546,1.122
24.822341174,-0.0032,1.0899,0.2702,1.123
24.823433559,-0.0051,1.0889,0.2768,1.124
24.839297713,-0.0078,1.0859,0.2902,1.124
24.840692713,-0.0132,1.0842,0.3015,1.125
24.841719097,-0.0142,1.0833,0.3073,1.126
24.842944251,-0.0154,1.0842,0.3183,1.130
24.845058982,-0.0156,1.0842,0.3274,1.133
24.846482136,-0.0149,1.0855,0.3315,1.135
24.847525059,-0.0144,1.0889,0.3369,1.140
24.848898444,-0.0144,1.0911,0.3391,1.143
24.85008429,-0.0139,1.0960,0.3433,1.149
24.85126779,-0.0173,1.1035,0.3464,1.157
24.852249751,-0.0203,1.1089,0.3489,1.163
24.853614174,-0.0257,1.1231,0.3530,1.178
24.854902251,-0.0359,1.1382,0.3550,1.193
24.856260636,-0.0418,1.1478,0.3562,1.202
24.857703444,-0.0550,1.1666,0.3555,1.221
24.859057213,-0.0608,1.1780,0.3535,1.231
24.860106097,-0.0706,1.2017,0.3498,1.254
24.861310597,-0.0772,1.2279,0.3447,1.278
24.863669751,-0.0789,1.2418,0.3423,1.291
24.864761905,-0.0782,1.2677,0.3374,1.314
24.865659713,-0.0748,1.2919,0.3303,1.336
24.866923559,-0.0733,1.3019,0.3261,1.344
24.869396867,-0.0687,1.3193,0.3159,1.358
24.870331021,-0.0672,1.3249,0.3093,1.362
24.877376405,-0.0623,1.3298,0.2932,1.363
24.877887174,-0.0559,1.3268,0.2734,1.356
24.878145636,-0.0533,1.3207,0.2626,1.348
24.87837379,-0.0474,1.3044,0.2394,1.327
24.880247021,-0.0428,1.2799,0.2167,1.299
24.882235251,-0.0393,1.2655,0.2067,1.283
24.884149867,-0.0300,1.2374,0.1896,1.252
24.886322136,-0.0222,1.2242,0.1849,1.238
24.888229674,-0.0176,1.1981,0.1801,1.212
24.892776751,-0.0078,1.1695,0.1801,1.183
24.893381828,-0.0032,1.1563,0.1810,1.170
24.89412079,0.0061,1.1314,0.1818,1.146
24.896009136,0.0117,1.1111,0.1830,1.126
24.898071097,0.0132,1.1016,0.1825,1.117
24.899850328,0.0188,1.0815,0.1754,1.096
24.901957482,0.0244,1.0740,0.1695,1.088
24.903804944,0.0269,1.0593,0.1571,1.071
24.921908867,0.0313,1.0471,0.1356,1.056
24.92341579,0.0332,1.0410,0.1236,1.049
24.924511405,0.0396,1.0349,0.0963,1.040
24.925469674,0.0418,1.0300,0.0635,1.033
24.926344136,0.0440,1.0273,0.0491,1.029
24.927294405,0.0545,1.0234,0.0178,1.025
24.928241405,0.0596,1.0219,0.0022,1.024
24.929276905,0.0708,1.0200,-0.0254,1.023
24.930575328,0.0840,1.0175,-0.0459,1.022
24.931492328,0.0906,1.0178,-0.0542,1.023
24.932237828,0.1019,1.0185,-0.0689,1.026
24.932912867,0.1153,1.0192,-0.0760,1.029
24.933934328,0.1217,1.0195,-0.0777,1.030
24.934637367,0.1334,1.0202,-0.0821,1.032
24.935613251,0.1385,1.0210,-0.0811,1.033
24.936444597,0.1488,1.0227,-0.0748,1.036
24.940250213,0.1568,1.0239,-0.0665,1.038
24.941861213,0.1590,1.0249,-0.0603,1.039
24.942835367,0.1632,1.0239,-0.0454,1.038
24.944035559,0.1676,1.0219,-0.0259,1.036
24.945302482,0.1698,1.0212,-0.0149,1.035
24.947289905,0.1747,1.0178,0.0059,1.033
24.949428828,0.1796,1.0119,0.0249,1.028
24.951389174,0.1810,1.0073,0.0349,1.024
24.953241597,0.1825,0.9995,0.0528,1.017
24.955549213,0.1830,0.9929,0.0611,1.011
24.958355482,0.1847,0.9792,0.0740,0.999
24.959752944,0.1879,0.9626,0.0831,0.984
24.961149944,0.1891,0.9526,0.0862,0.975
24.963293944,0.1891,0.9313,0.0921,0.955
24.965146174,0.1898,0.9105,0.0899,0.934
24.967420982,0.1910,0.8995,0.0880,0.924
24.968991251,0.1940,0.8780,0.0821,0.903
24.971150713,0.1935,0.8668,0.0782,0.892
24.97417129,0.1923,0.8426,0.0682,0.867
24.975812828,0.1906,0.8189,0.0581,0.843
24.977263944,0.1893,0.8069,0.0513,0.830
24.978997213,0.1862,0.7847,0.0401,0.807
24.980891367,0.1847,0.7637,0.0281,0.786
24.982802674,0.1827,0.7539,0.0213,0.776
24.98499852,0.1769,0.7395,0.0071,0.760
24.98714602,0.1737,0.7312,0.0020,0.752
24.990382559,0.1664,0.7144,-0.0083,0.734
24.992000674,0.1556,0.7024,-0.0169,0.720
24.993751097,0.1502,0.6985,-0.0220,0.715
24.994956136,0.1395,0.6916,-0.0303,0.706
24.996854328,0.1251,0.6865,-0.0384,0.699
24.998753328,0.1170,0.6850,-0.0418,0.696
25.00050352,0.1033,0.6860,-0.0447,0.695
25.002665751,0.0958,0.6885,-0.0457,0.697
25.004527944,0.0782,0.6968,-0.0462,0.703
25.015495367,0.0621,0.7053,-0.0440,0.709
25.016311828,0.0515,0.7119,-0.0430,0.715
25.01678879,0.0332,0.7273,-0.0391,0.729
25.017213674,0.0127,0.7454,-0.0320,0.746
25.01770579,0.0034,0.7559,-0.0291,0.756
25.018116059,-0.0161,0.7781,-0.0203,0.779
25.01853652,-0.0259,0.7898,-0.0161,0.790
25.020525367,-0.0450,0.8143,-0.0061,0.816
25.022306251,-0.0633,0.8389,0.0054,0.841
25.04633479,-0.0711,0.8529,0.0117,0.856
25.047732674,-0.0850,0.8802,0.0242,0.885
25.048817443,-0.1009,0.9064,0.0340,0.913
25.05017952,-0.1077,0.9213,0.0406,0.928
25.051189482,-0.1217,0.9499,0.0518,0.959
25.052478097,-0.1334,0.9633,0.0635,0.975
25.053920059,-0.1383,0.9921,0.0677,1.004
25.054922059,-0.1446,1.0188,0.0774,1.032
25.05599152,-0.1466,1.0312,0.0814,1.045
25.056956982,-0.1495,1.0564,0.0892,1.071
25.058374943,-0.1490,1.0784,0.0955,1.093
25.059165213,-0.1473,1.0899,0.0989,1.104
25.06019252,-0.1432,1.1096,0.1029,1.124
25.061061559,-0.1366,1.1187,0.1024,1.132
25.062349828,-0.1324,1.1350,0.1004,1.147
25.063124482,-0.1224,1.1460,0.0977,1.157
25.064099751,-0.1187,1.1509,0.0943,1.161
25.065004674,-0.1092,1.1585,0.0904,1.167
25.066324059,-0.0980,1.1605,0.0833,1.168
25.067056982,-0.0928,1.1607,0.0782,1.167
25.068004328,-0.0806,1.1592,0.0657,1.164
25.06880629,-0.0755,1.1583,0.0591,1.162
25.069951482,-0.0674,1.1541,0.0486,1.157
25.070627713,-0.0601,1.1451,0.0347,1.147
25.073471905,-0.0574,1.1404,0.0293,1.142
25.075039636,-0.0511,1.1304,0.0176,1.132
25.076231867,-0.0493,1.1197,0.0068,1.121
25.077566828,-0.0496,1.1133,0.0039,1.114
25.079474636,-0.0479,1.0986,-0.0068,1.100
25.081659828,-0.0476,1.0916,-0.0137,1.093
25.083631136,-0.0496,1.0754,-0.0161,1.077
25.085530482,-0.0518,1.0564,-0.0200,1.058
25.08735929,-0.0535,1.0481,-0.0203,1.050
25.090236751,-0.0537,1.0298,-0.0195,1.031
25.091676174,-0.0535,1.0109,-0.0166,1.012
25.093326751,-0.0530,1.0009,-0.0127,1.002
25.095372943,-0.0486,0.9824,-0.0024,0.984
25.097168136,-0.0447,0.9660,0.0098,0.967
25.09937552,-0.0423,0.9577,0.0159,0.959
25.101178405,-0.0364,0.9435,0.0310,0.945
25.103352867,-0.0330,0.9362,0.0396,0.938
25.10504729,-0.0269,0.9232,0.0586,0.925
25.109832597,-0.0225,0.9127,0.0779,0.916
25.110805174,-0.0195,0.9081,0.0872,0.912
25.111103943,-0.0176,0.9025,0.1087,0.909
25.113058328,-0.0159,0.9008,0.1297,0.910
25.115188328,-0.0139,0.9008,0.1393,0.912
25.116917174,-0.0115,0.9010,0.1588,0.915
25.119055136,-0.0083,0.9027,0.1673,0.918
25.121086443,-0.0073,0.9061,0.1805,0.924
25.142622713,-0.0022,0.9105,0.1928,0.931
25.144242213,-0.0005,0.9122,0.1962,0.933
25.145124751,0.0024,0.9176,0.1972,0.939
25.14601779,0.0054,0.9247,0.1957,0.945
25.146963328,0.0064,0.9279,0.1932,0.948
25.147979943,0.0110,0.9320,0.1837,0.950
25.149250366,0.0134,0.9350,0.1793,0.952
25.150415059,0.0181,0.9406,0.1708,0.956
25.151164251,0.0225,0.9482,0.1610,0.962
25.151825059,0.0259,0.9496,0.1561,0.963
25.152757905,0.0296,0.9540,0.1493,0.966
25.153531828,0.0320,0.9582,0.1434,0.969
25.154420251,0.0330,0.9589,0.1393,0.970
25.155226751,0.0384,0.9599,0.1327,0.970
25.156228943,0.0415,0.9594,0.1287,0.969
25.157531136,0.0472,0.9582,0.1212,0.967
25.158482174,0.0520,0.9547,0.1112,0.963
25.159271905,0.0562,0.9547,0.1063,0.962
25.16004502,0.0628,0.9523,0.1004,0.960
25.160914136,0.0704,0.9479,0.0936,0.955
25.163466866,0.0730,0.9469,0.0911,0.954
25.164849482,0.0792,0.9440,0.0850,0.951
25.166260597,0.0838,0.9423,0.0836,0.950
25.168481559,0.0906,0.9391,0.0794,0.947
25.170224174,0.0960,0.9337,0.0723,0.941
25.172093366,0.0987,0.9328,0.0682,0.940
25.175099443,0.1036,0.9330,0.0591,0.941
25.176842174,0.1058,0.9315,0.0528,0.939
25.178129943,0.1065,0.9274,0.0503,0.935
25.180159097,0.1097,0.9249,0.0425,0.932
25.182234366,0.1104,0.9232,0.0381,0.931
25.184282251,0.1112,0.9203,0.0305,0.927
25.18619479,0.1114,0.9171,0.0257,0.924
25.191228059,0.1119,0.9169,0.0235,0.924
25.192814213,0.1116,0.9149,0.0208,0.922
25.194083674,0.1090,0.9139,0.0213,0.921
25.195147982,0.1085,0.9142,0.0222,0.921
25.196131328,0.1058,0.9130,0.0244,0.919
25.197864174,0.1036,0.9130,0.0259,0.919
25.199901636,0.1004,0.9127,0.0313,0.919
25.202046751,0.0941,0.9103,0.0393,0.916
25.203801405,0.0911,0.9096,0.0440,0.915
25.205874905,0.0850,0.9069,0.0530,0.912
25.215705097,0.0782,0.9064,0.0638,0.912
25.217041136,0.0743,0.9056,0.0682,0.911
25.218107366,0.0674,0.9047,0.0774,0.910
25.218992059,0.0638,0.9047,0.0806,0.910
25.219986559,0.0586,0.9039,0.0889,0.910
25.221320636,0.0530,0.9015,0.0980,0.908
25.222089482,0.0498,0.9015,0.1026,0.909
25.222491905,0.0440,0.9027,0.1116,0.911
25.24300602,0.0388,0.9020,0.1224,0.911
25.244414866,0.0357,0.9025,0.1278,0.912
25.245900866,0.0298,0.9022,0.1378,0.913
25.246804097,0.0274,0.9020,0.1419,0.913
25.247962943,0.0242,0.9042,0.1510,0.917
25.24911302,0.0213,0.9039,0.1605,0.918
25.250199059,0.0193,0.9039,0.1654,0.919
25.251351328,0.0169,0.9044,0.1749,0.921
25.252111059,0.0147,0.9066,0.1862,0.926
25.252916751,0.0129,0.9069,0.1908,0.927
25.253956674,0.0095,0.9059,0.1981,0.927
25.25475852,0.0090,0.9066,0.2011,0.929
25.255909136,0.0098,0.9074,0.2089,0.931
25.256869251,0.0086,0.9083,0.2128,0.933
25.258109559,0.0076,0.9093,0.2140,0.934
25.259141751,0.0039,0.9078,0.2169,0.933
25.259957328,0.0039,0.9098,0.2184,0.936
25.260659405,0.0039,0.9083,0.2184,0.934
25.26159052,0.0024,0.9078,0.2162,0.933
25.262369059,0.0015,0.9081,0.2125,0.933
25.263366328,0.0007,0.9091,0.2123,0.934
25.266040713,-0.0005,0.9113,0.2113,0.935
25.267454059,-0.0005,0.9122,0.2106,0.936
25.269052059,-0.0024,0.9149,0.2072,0.938
25.271198751,-0.0054,0.9166,0.2035,0.939
25.274578982,-0.0066,0.9181,0.2020,0.940
25.276108136,-0.0073,0.9201,0.1996,0.941
25.277194828,-0.0073,0.9208,0.1967,0.942
25.278703674,-0.0073,0.9210,0.1940,0.941
25.280725866,-0.0110,0.9223,0.1923,0.942
25.283031751,-0.0120,0.9227,0.1903,0.942
25.284539174,-0.0107,0.9267,0.1852,0.945
25.287030866,-0.0112,0.9284,0.1808,0.946
25.28845202,-0.0112,0.9289,0.1774,0.946
25.295027405,-0.0117,0.9271,0.1727,0.943
25.295835097,-0.0117,0.9281,0.1693,0.944
25.296267636,-0.0117,0.9289,0.1671,0.944
25.296707559,-0.0137,0.9291,0.1644,0.944
25.298468328,-0.0142,0.9296,0.1644,0.944
25.300307213,-0.0156,0.9308,0.1620,0.945
25.302349482,-0.0156,0.9306,0.1608,0.944
25.304267943,-0.0171,0.9306,0.1600,0.944
25.30697202,-0.0205,0.9298,0.1586,0.943
25.324411136,-0.0222,0.9308,0.1603,0.945
25.326218866,-0.0247,0.9311,0.1612,0.945
25.327418289,-0.0264,0.9298,0.1620,0.944
25.32837352,-0.0283,0.9286,0.1622,0.943
25.329225366,-0.0305,0.9289,0.1652,0.944
25.330335636,-0.0330,0.9279,0.1678,0.944
25.331423751,-0.0330,0.9281,0.1703,0.944
25.332491097,-0.0347,0.9291,0.1739,0.946
25.333310328,-0.0342,0.9296,0.1759,0.947
25.334383059,-0.0344,0.9301,0.1815,0.948
25.335082751,-0.0354,0.9315,0.1847,0.950
25.335931059,-0.0357,0.9325,0.1862,0.952
25.336694559,-0.0362,0.9345,0.1918,0.955
25.337515751,-0.0366,0.9342,0.1930,0.955
25.338363136,-0.0379,0.9340,0.1952,0.955
25.339133443,-0.0371,0.9376,0.1986,0.959
25.340143174,-0.0332,0.9381,0.1981,0.959
25.342904597,-0.0322,0.9376,0.1979,0.959
25.344593597,-0.0327,0.9364,0.1984,0.958
25.345954097,-0.0330,0.9369,0.1981,0.958
25.347923559,-0.0300,0.9372,0.1962,0.958
25.34977602,-0.0281,0.9359,0.1962,0.957
25.351773597,-0.0276,0.9342,0.1940,0.955
25.35368252,-0.0242,0.9335,0.1888,0.953
25.35571502,-0.0225,0.9333,0.1818,0.951
25.358695328,-0.0222,0.9311,0.1786,0.948
25.360879943,-0.0186,0.9286,0.1732,0.945
25.362079174,-0.0186,0.9284,0.1710,0.944
25.363381443,-0.0171,0.9269,0.1671,0.942
25.365465289,-0.0154,0.9249,0.1588,0.939
25.367380982,-0.0144,0.9230,0.1554,0.936
25.369227982,-0.0125,0.9193,0.1505,0.932
25.371448366,-0.0105,0.9179,0.1473,0.930
25.374892289,-0.0100,0.9149,0.1437,0.926
25.376417597,-0.0071,0.9144,0.1397,0.925
25.377646636,-0.0054,0.9139,0.1371,0.924
25.379079251,-0.0027,0.9120,0.1339,0.922
25.381076789,-0.0024,0.9110,0.1327,0.921
25.383233789,-0.0012,0.9093,0.1331,0.919
25.384939828,-0.0022,0.9110,0.1319,0.921
25.387087443,-0.0002,0.9125,0.1314,0.922
25.389021174,0.0010,0.9127,0.1309,0.922
25.392466943,0.0000,0.9139,0.1351,0.924
25.394242905,0.0002,0.9144,0.1375,0.925
25.395475982,0.0007,0.9161,0.1417,0.927
25.396928212,0.0020,0.9191,0.1466,0.931
25.398956982,0.0022,0.9208,0.1498,0.933
25.400807674,0.0000,0.9254,0.1571,0.939
25.402897059,0.0017,0.9267,0.1666,0.942
25.404833174,0.0010,0.9298,0.1720,0.946
25.415266212,-0.0007,0.9340,0.1818,0.952
25.416653559,-0.0017,0.9352,0.1862,0.954
25.417757828,-0.0049,0.9396,0.1957,0.960
25.418770059,-0.0061,0.9447,0.2052,0.967
25.419768289,-0.0068,0.9469,0.2091,0.970
25.421266328,-0.0112,0.9516,0.2162,0.976
25.422123328,-0.0166,0.9577,0.2248,0.984
25.42250652,-0.0186,0.9609,0.2274,0.988
25.423161905,-0.0261,0.9687,0.2362,0.997
25.443132289,-0.0296,0.9733,0.2397,1.003
25.444596212,-0.0342,0.9789,0.2443,1.010
25.445430443,-0.0418,0.9853,0.2497,1.017
25.445786366,-0.0442,0.9887,0.2521,1.021
25.446102789,-0.0508,0.9968,0.2541,1.030
25.446408251,-0.0581,1.0029,0.2531,1.036
25.446714751,-0.0623,1.0058,0.2526,1.039
25.447021289,-0.0696,1.0153,0.2502,1.048
25.447324943,-0.0740,1.0205,0.2470,1.053
25.447655328,-0.0804,1.0280,0.2397,1.059
25.447957174,-0.0855,1.0371,0.2326,1.066
25.449613136,-0.0875,1.0410,0.2277,1.069
25.450027328,-0.0909,1.0488,0.2209,1.076
25.450352366,-0.0960,1.0603,0.2121,1.086
25.452134405,-0.0970,1.0657,0.2072,1.090
25.454675559,-0.0992,1.0762,0.1950,1.098
25.45591802,-0.1007,1.0808,0.1893,1.102
25.458074443,-0.1016,1.0933,0.1781,1.112
25.460012751,-0.1007,1.1065,0.1656,1.123
25.462090443,-0.0994,1.1123,0.1603,1.128
25.463989597,-0.0953,1.1248,0.1466,1.138
25.466369097,-0.0938,1.1353,0.1327,1.147
25.467874866,-0.0923,1.1421,0.1275,1.153
25.470022212,-0.0867,1.1556,0.1158,1.165
25.471813174,-0.0831,1.1619,0.1085,1.170
25.474467943,-0.0760,1.1724,0.0963,1.179
25.475834059,-0.0713,1.1824,0.0848,1.188
25.477911674,-0.0689,1.1866,0.0789,1.191
25.479693982,-0.0613,1.1954,0.0694,1.199
25.481743712,-0.0542,1.2049,0.0616,1.208
25.483715559,-0.0508,1.2098,0.0586,1.212
25.485558174,-0.0420,1.2179,0.0552,1.220
25.487576366,-0.0357,1.2213,0.0550,1.223
25.489760597,-0.0320,1.2308,0.0535,1.232
25.492189866,-0.0247,1.2406,0.0530,1.242
25.495280366,-0.0217,1.2452,0.0550,1.247
25.495987559,-0.0159,1.2533,0.0589,1.255
25.497832212,-0.0081,1.2626,0.0638,1.264
25.499780789,-0.0042,1.2670,0.0660,1.269
25.501756982,0.0034,1.2745,0.0721,1.277
25.503560405,0.0127,1.2858,0.0784,1.288
25.50539602,0.0164,1.2892,0.0818,1.292
25.514612712,0.0213,1.2987,0.0882,1.302
25.516030289,0.0237,1.3009,0.0899,1.304
25.51691102,0.0293,1.3063,0.0921,1.310
25.518100674,0.0330,1.3102,0.0965,1.314
25.519317635,0.0332,1.3131,0.0975,1.317
25.520208905,0.0354,1.3124,0.0999,1.317
25.521056366,0.0342,1.3107,0.1021,1.315
25.522520174,0.0340,1.3085,0.1031,1.313
25.523708328,0.0310,1.3017,0.1070,1.306
25.537888251,0.0300,1.2985,0.1087,1.303
25.539274828,0.0271,1.2880,0.1146,1.293
25.540422251,0.0225,1.2723,0.1226,1.278
25.541569059,0.0195,1.2640,0.1258,1.270
25.542680828,0.0127,1.2455,0.1324,1.253
25.543666751,0.0083,1.2289,0.1422,1.237
25.544639366,0.0056,1.2210,0.1451,1.230
25.54579452,-0.0005,1.2081,0.1507,1.217
25.546751097,-0.0046,1.2020,0.1529,1.212
25.547569828,-0.0132,1.1912,0.1595,1.202
25.548308059,-0.0230,1.1846,0.1622,1.196
25.549169828,-0.0288,1.1827,0.1612,1.194
25.550036712,-0.0376,1.1832,0.1576,1.194
25.551000866,-0.0423,1.1866,0.1559,1.198
25.553514443,-0.0528,1.1959,0.1512,1.207
25.554930982,-0.0591,1.2105,0.1429,1.220
25.556660712,-0.0628,1.2184,0.1390,1.228
25.561824059,-0.0704,1.2372,0.1312,1.246
25.563427751,-0.0738,1.2584,0.1239,1.267
25.564636635,-0.0755,1.2687,0.1207,1.277
25.565867751,-0.0811,1.2899,0.1165,1.298
25.566888635,-0.0809,1.3002,0.1141,1.308
25.568473635,-0.0767,1.3188,0.1092,1.326
25.570619212,-0.0723,1.3339,0.1048,1.340
25.572620866,-0.0699,1.3395,0.1021,1.345
25.575624558,-0.0630,1.3456,0.0977,1.351
25.577047789,-0.0523,1.3483,0.0909,1.352
25.578988943,-0.0459,1.3478,0.0872,1.351
25.580342482,-0.0325,1.3422,0.0767,1.345
25.582755212,-0.0186,1.3381,0.0621,1.340
25.584247328,-0.0100,1.3246,0.0547,1.326
25.586381905,0.0051,1.3090,0.0374,1.310
25.588241789,0.0120,1.2990,0.0286,1.299
25.591744251,0.0210,1.2789,0.0086,1.279
25.593315982,0.0298,1.2574,-0.0132,1.258
25.594640482,0.0310,1.2457,-0.0257,1.246
25.596065366,0.0342,1.2193,-0.0520,1.221
25.598083405,0.0344,1.2054,-0.0655,1.208
25.600243789,0.0325,1.1756,-0.0941,1.180
25.602051828,0.0252,1.1446,-0.1234,1.151
25.604092251,0.0193,1.1282,-0.1390,1.137
25.605886135,0.0068,1.0967,-0.1654,1.109
25.617246982,-0.0051,1.0664,-0.1876,1.083
25.619132828,-0.0127,1.0517,-0.1974,1.070
25.620553558,-0.0286,1.0200,-0.2160,1.043
25.622445482,-0.0352,1.0046,-0.2228,1.030
25.624090905,-0.0484,0.9714,-0.2318,1.000
25.625638635,-0.0633,0.9389,-0.2343,0.970
25.626320789,-0.0713,0.9237,-0.2321,0.955
25.626690712,-0.0865,0.8949,-0.2265,0.927
25.627064558,-0.1004,0.8688,-0.2130,0.900
25.627426751,-0.1063,0.8568,-0.2040,0.887
25.627787251,-0.1160,0.8350,-0.1862,0.863
25.644704866,-0.1185,0.8255,-0.1742,0.852
25.645478212,-0.1234,0.8065,-0.1473,0.829
25.645871635,-0.1283,0.7852,-0.1214,0.805
25.646232943,-0.1302,0.7762,-0.1082,0.794
25.646587789,-0.1285,0.7569,-0.0811,0.772
25.646937135,-0.1273,0.7402,-0.0533,0.753
25.647305558,-0.1258,0.7319,-0.0410,0.744
25.647656328,-0.1192,0.7141,-0.0144,0.724
25.648008058,-0.1160,0.7041,-0.0037,0.714
25.648376828,-0.1082,0.6865,0.0166,0.695
25.64932452,-0.0997,0.6721,0.0391,0.681
25.65133952,-0.0945,0.6638,0.0501,0.672
25.653218558,-0.0836,0.6481,0.0706,0.657
25.655389635,-0.0728,0.6376,0.0892,0.648
25.658137212,-0.0662,0.6318,0.0994,0.643
25.659487943,-0.0564,0.6193,0.1170,0.633
25.665334443,-0.0452,0.6108,0.1339,0.627
25.665668558,-0.0398,0.6078,0.1427,0.626
25.665898866,-0.0296,0.6034,0.1573,0.624
25.667146905,-0.0244,0.6015,0.1637,0.624
25.668896135,-0.0147,0.6015,0.1730,0.626
25.670762212,-0.0037,0.6039,0.1810,0.630
25.672673751,0.0007,0.6073,0.1827,0.634
25.674927905,0.0061,0.6159,0.1842,0.643
25.676727212,0.0107,0.6213,0.1832,0.648
25.678890405,0.0125,0.6330,0.1781,0.658
25.680691443,0.0147,0.6491,0.1710,0.671
25.682863328,0.0161,0.6577,0.1649,0.678
25.684680866,0.0186,0.6782,0.1478,0.694
25.686950174,0.0181,0.7002,0.1319,0.713
25.688726597,0.0181,0.7122,0.1234,0.723
25.694170635,0.0176,0.7380,0.1011,0.745
25.694746866,0.0166,0.7522,0.0899,0.758
25.694994789,0.0161,0.7791,0.0696,0.782
25.699741597,0.0142,0.8082,0.0486,0.810
25.700014251,0.0134,0.8231,0.0359,0.824
25.700425751,0.0103,0.8524,0.0147,0.853
25.702863712,0.0076,0.8817,-0.0071,0.882
25.704257751,0.0071,0.8968,-0.0161,0.897
25.706330405,0.0073,0.9259,-0.0325,0.927
25.72025652,0.0071,0.9398,-0.0398,0.941
25.720778712,0.0066,0.9667,-0.0540,0.968
25.72103452,0.0034,0.9919,-0.0645,0.994
25.721275174,0.0042,1.0051,-0.0708,1.008
25.721554328,0.0037,1.0285,-0.0799,1.032
25.721773174,0.0037,1.0488,-0.0855,1.052
25.722000558,0.0054,1.0605,-0.0875,1.064
25.722232328,0.0051,1.0796,-0.0877,1.083
25.728186058,0.0049,1.0872,-0.0877,1.091
25.729427328,0.0073,1.1033,-0.0875,1.107
25.729703135,0.0049,1.1192,-0.0811,1.122
25.730123981,0.0044,1.1263,-0.0782,1.129
25.732000905,0.0020,1.1394,-0.0716,1.142
25.734166828,0.0007,1.1497,-0.0616,1.151
25.735893135,0.0000,1.1546,-0.0569,1.156
25.737925097,-0.0010,1.1622,-0.0496,1.163
25.739819866,-0.0015,1.1644,-0.0469,1.165
25.742492674,-0.0032,1.1673,-0.0413,1.168
25.743851328,-0.0081,1.1695,-0.0352,1.170
25.745781366,-0.0081,1.1678,-0.0332,1.168
25.748018635,-0.0095,1.1639,-0.0315,1.164
25.749946405,-0.0137,1.1609,-0.0303,1.161
25.752002405,-0.0159,1.1590,-0.0293,1.159
25.753749866,-0.0186,1.1514,-0.0291,1.152
25.755781328,-0.0239,1.1414,-0.0296,1.142
25.758766212,-0.0257,1.1365,-0.0274,1.137
25.761165828,-0.0274,1.1238,-0.0252,1.124
25.762394328,-0.0296,1.1184,-0.0232,1.119
25.763641866,-0.0320,1.1055,-0.0195,1.106
25.765667097,-0.0352,1.0933,-0.0129,1.094
25.767717712,-0.0366,1.0869,-0.0081,1.088
25.769681097,-0.0388,1.0745,0.0032,1.075
25.771440828,-0.0415,1.0618,0.0144,1.063
25.773512866,-0.0423,1.0559,0.0208,1.057
25.776097597,-0.0432,1.0444,0.0379,1.046
25.778995405,-0.0445,1.0385,0.0457,1.041
25.780464828,-0.0452,1.0249,0.0616,1.028
25.781742789,-0.0479,1.0124,0.0818,1.017
25.783557943,-0.0498,1.0061,0.0914,1.011
25.785441981,-0.0491,0.9953,0.1112,1.003
25.787350981,-0.0491,0.9907,0.1312,1.001
25.789126597,-0.0489,0.9782,0.1405,0.989
25.792798366,-0.0472,0.9677,0.1632,0.982
25.794758597,-0.0469,0.9623,0.1727,0.979
25.795987943,-0.0452,0.9530,0.1913,0.973
25.797295828,-0.0432,0.9440,0.2128,0.969
25.799029174,-0.0408,0.9406,0.2235,0.968
25.801058751,-0.0408,0.9362,0.2436,0.968
25.802962597,-0.0403,0.9342,0.2529,0.969
25.804875174,-0.0401,0.9303,0.2704,0.970
25.806920212,-0.0408,0.9254,0.2871,0.970
25.816147212,-0.0391,0.9227,0.2941,0.969
25.81827002,-0.0384,0.9186,0.3056,0.969
25.819328328,-0.0384,0.9176,0.3149,0.971
25.820331174,-0.0376,0.9166,0.3176,0.971
25.821472751,-0.0374,0.9147,0.3257,0.972
25.82229852,-0.0369,0.9130,0.3288,0.971
25.823353789,-0.0374,0.9122,0.3288,0.970
25.824239712,-0.0362,0.9122,0.3264,0.970
25.825423674,-0.0337,0.9132,0.3247,0.970
25.847140828,-0.0303,0.9157,0.3164,0.969
25.848275212,-0.0281,0.9176,0.3086,0.969
25.849186174,-0.0291,0.9183,0.3039,0.968
25.850041289,-0.0283,0.9205,0.2956,0.967
25.850948135,-0.0281,0.9223,0.2880,0.967
25.851868789,-0.0293,0.9264,0.2746,0.967
25.852806904,-0.0279,0.9298,0.2602,0.966
25.853756828,-0.0305,0.9303,0.2538,0.965
25.854651058,-0.0352,0.9335,0.2433,0.965
25.85530302,-0.0401,0.9376,0.2301,0.966
25.855963712,-0.0432,0.9396,0.2245,0.967
25.856775443,-0.0493,0.9430,0.2155,0.969
25.857682635,-0.0523,0.9440,0.2077,0.968
25.858677212,-0.0540,0.9460,0.2035,0.969
25.859462097,-0.0579,0.9467,0.1932,0.968
25.860417251,-0.0611,0.9477,0.1881,0.968
25.861155597,-0.0677,0.9486,0.1764,0.967
25.862096251,-0.0718,0.9504,0.1691,0.968
25.862838751,-0.0718,0.9506,0.1637,0.967
25.864999404,-0.0691,0.9504,0.1520,0.965
25.866562635,-0.0655,0.9506,0.1466,0.964
25.867913174,-0.0645,0.9494,0.1371,0.961
25.870189404,-0.0633,0.9491,0.1302,0.960
25.872592866,-0.0623,0.9489,0.1258,0.959
25.875405289,-0.0603,0.9494,0.1197,0.959
25.876938674,-0.0564,0.9489,0.1116,0.957
25.87926802,-0.0545,0.9482,0.1070,0.956
25.880280712,-0.0511,0.9474,0.1002,0.954
25.881760828,-0.0469,0.9469,0.0948,0.953
25.883908866,-0.0454,0.9457,0.0923,0.951
25.886089404,-0.0401,0.9425,0.0899,0.948
25.887828712,-0.0371,0.9416,0.0892,0.946
25.889747904,-0.0320,0.9408,0.0875,0.945
25.892589981,-0.0266,0.9379,0.0899,0.943
25.894275366,-0.0235,0.9376,0.0921,0.942
25.896007097,-0.0186,0.9345,0.0958,0.940
25.897649558,-0.0127,0.9342,0.1011,0.940
25.899660251,-0.0083,0.9320,0.1058,0.938
25.901722558,-0.0012,0.9296,0.1138,0.937
25.90371652,0.0042,0.9289,0.1178,0.936
25.905588789,0.0071,0.9281,0.1248,0.937
25.915663635,0.0139,0.9259,0.1322,0.935
25.917066558,0.0154,0.9254,0.1351,0.935
25.918080097,0.0230,0.9227,0.1407,0.934
25.919073135,0.0259,0.9210,0.1473,0.933
25.920045404,0.0286,0.9215,0.1505,0.934
25.920940943,0.0332,0.9205,0.1566,0.934
25.921956558,0.0347,0.9215,0.1590,0.936
25.922678789,0.0376,0.9196,0.1654,0.935
25.942073174,0.0410,0.9188,0.1720,0.936
25.943646866,0.0406,0.9183,0.1744,0.936
25.944744751,0.0415,0.9174,0.1786,0.936
25.94589902,0.0440,0.9169,0.1857,0.937
25.947124327,0.0450,0.9164,0.1898,0.937
25.948199327,0.0454,0.9147,0.1952,0.936
25.949413289,0.0454,0.9142,0.1964,0.936
25.950370981,0.0452,0.9130,0.2013,0.936
25.951329751,0.0442,0.9127,0.2040,0.936
25.952000212,0.0435,0.9137,0.2050,0.937
25.952834866,0.0430,0.9135,0.2060,0.937
25.953705635,0.0410,0.9110,0.2072,0.935
25.954380981,0.0403,0.9105,0.2074,0.935
25.955260251,0.0366,0.9100,0.2045,0.933
25.955983674,0.0362,0.9093,0.2045,0.933
25.956983481,0.0366,0.9074,0.2062,0.931
25.958167443,0.0384,0.9069,0.2052,0.931
25.95903552,0.0391,0.9069,0.2040,0.930
25.959831058,0.0393,0.9071,0.2040,0.931
25.960793481,0.0420,0.9066,0.2035,0.930
25.963630289,0.0425,0.9069,0.2030,0.930
25.965096327,0.0435,0.9074,0.2030,0.931
25.970088635,0.0464,0.9069,0.2028,0.930
25.971059597,0.0474,0.9064,0.2023,0.930
25.971941866,0.0493,0.9039,0.2011,0.927
25.972943597,0.0513,0.9039,0.2001,0.927
25.975975097,0.0530,0.9037,0.1984,0.927
25.977584635,0.0557,0.9020,0.1957,0.925
25.979168789,0.0584,0.9022,0.1932,0.925
25.980581751,0.0608,0.9027,0.1871,0.924
25.982775558,0.0623,0.9010,0.1820,0.921
25.98461652,0.0628,0.9010,0.1798,0.921
25.986621481,0.0652,0.9034,0.1752,0.923
25.988550289,0.0647,0.9037,0.1742,0.923
25.99084102,0.0652,0.9056,0.1688,0.924
25.993811443,0.0621,0.9061,0.1612,0.922
25.99568652,0.0611,0.9066,0.1583,0.922
25.996817097,0.0594,0.9071,0.1539,0.922
25.998299635,0.0555,0.9069,0.1483,0.921
26.00023252,0.0537,0.9066,0.1449,0.920
26.002552481,0.0508,0.9064,0.1397,0.918
26.004384635,0.0501,0.9049,0.1371,0.917
26.006375135,0.0489,0.9044,0.1305,0.915
26.016913674,0.0450,0.9034,0.1258,0.913
26.018472789,0.0442,0.9025,0.1241,0.912
26.019355327,0.0420,0.9027,0.1231,0.912
26.020338789,0.0403,0.8988,0.1187,0.908
26.021327366,0.0396,0.8990,0.1168,0.907
26.022405558,0.0388,0.9005,0.1143,0.909
26.02458725,0.0386,0.8993,0.1138,0.907
26.02587302,0.0388,0.8993,0.1151,0.907
26.026763866,0.0398,0.8990,0.1180,0.908
26.027733943,0.0396,0.8990,0.1175,0.908
26.028560635,0.0410,0.9000,0.1187,0.909
26.046448174,0.0437,0.9027,0.1202,0.912
26.04810302,0.0454,0.9032,0.1207,0.912
26.049071597,0.0472,0.9052,0.1248,0.915
26.050212558,0.0481,0.9076,0.1270,0.918
26.051356058,0.0508,0.9113,0.1307,0.922
26.052346481,0.0542,0.9154,0.1353,0.927
26.053449635,0.0552,0.9174,0.1378,0.929
26.054532058,0.0555,0.9191,0.1432,0.932
26.05537575,0.0567,0.9213,0.1480,0.935
26.056210597,0.0569,0.9291,0.1502,0.943
26.05700875,0.0567,0.9345,0.1578,0.949
26.058122289,0.0564,0.9389,0.1608,0.954
26.058964135,0.0586,0.9477,0.1659,0.964
26.060097981,0.0611,0.9569,0.1695,0.974
26.060996174,0.0603,0.9623,0.1720,0.979
26.062113981,0.0616,0.9738,0.1761,0.992
26.062907827,0.0608,0.9826,0.1810,1.001
26.063847289,0.0621,0.9877,0.1835,1.007
26.066415866,0.0643,0.9987,0.1842,1.018
26.068392597,0.0650,1.0036,0.1832,1.022
26.069493404,0.0640,1.0153,0.1823,1.034
26.07160752,0.0660,1.0254,0.1793,1.043
26.073180712,0.0672,1.0312,0.1774,1.049
26.076033789,0.0691,1.0427,0.1735,1.059
26.078134443,0.0684,1.0532,0.1664,1.068
26.079311981,0.0689,1.0571,0.1632,1.072
26.080967097,0.0694,1.0688,0.1564,1.082
26.08291875,0.0701,1.0737,0.1529,1.087
26.084922058,0.0704,1.0813,0.1449,1.093
26.086854789,0.0723,1.0872,0.1373,1.098
26.08897702,0.0726,1.0908,0.1351,1.102
26.095027212,0.0735,1.0989,0.1302,1.109
26.095606558,0.0750,1.1018,0.1280,1.112
26.095860981,0.0762,1.1070,0.1248,1.117
26.100679866,0.0787,1.1113,0.1224,1.121
26.10096102,0.0794,1.1133,0.1226,1.123
26.101187289,0.0794,1.1157,0.1226,1.125
26.102531981,0.0794,1.1148,0.1258,1.125
26.104427712,0.0801,1.1148,0.1278,1.125
26.106438943,0.0821,1.1140,0.1295,1.125
26.122508327,0.0831,1.1135,0.1322,1.124
26.12373975,0.0831,1.1096,0.1368,1.121
26.124812481,0.0853,1.1035,0.1407,1.116
26.125749327,0.0870,1.1008,0.1422,1.113
26.126766712,0.0889,1.0952,0.1463,1.109
26.127701097,0.0897,1.0879,0.1500,1.102
26.128685866,0.0897,1.0840,0.1507,1.098
26.129751173,0.0899,1.0779,0.1515,1.092
26.130615173,0.0897,1.0676,0.1510,1.082
26.131216058,0.0904,1.0625,0.1510,1.077
26.131836058,0.0894,1.0534,0.1502,1.068
26.132593904,0.0899,1.0481,0.1500,1.063
26.133231597,0.0919,1.0371,0.1522,1.052
26.134153135,0.0916,1.0280,0.1522,1.043
26.13640502,0.0911,1.0251,0.1524,1.040
26.138159058,0.0892,1.0188,0.1564,1.035
26.140180058,0.0875,1.0119,0.1615,1.028
26.14459575,0.0853,1.0102,0.1654,1.027
26.146060673,0.0821,1.0080,0.1720,1.026
26.146979173,0.0801,1.0068,0.1766,1.025
26.148038558,0.0750,1.0083,0.1879,1.028
26.150013866,0.0677,1.0126,0.2008,1.035
26.15196375,0.0621,1.0170,0.2077,1.040
26.153928058,0.0496,1.0288,0.2235,1.054
26.155914712,0.0393,1.0469,0.2372,1.074
26.157972904,0.0349,1.0559,0.2431,1.084
26.160605327,0.0213,1.0793,0.2536,1.109
26.16207625,0.0149,1.0930,0.2573,1.123
26.164140097,0.0051,1.1228,0.2646,1.154
26.165698943,-0.0046,1.1546,0.2685,1.185
26.167801673,-0.0093,1.1717,0.2700,1.202
26.169885597,-0.0203,1.2076,0.2744,1.239
26.171963827,-0.0291,1.2447,0.2746,1.275
26.17397002,-0.0342,1.2623,0.2741,1.292
26.176751366,-0.0467,1.2924,0.2741,1.322
26.178569827,-0.0515,1.3061,0.2722,1.335
26.179744366,-0.0584,1.3312,0.2648,1.359
26.181577712,-0.0579,1.3432,0.2526,1.368
26.183635981,-0.0555,1.3459,0.2448,1.369
26.185562712,-0.0476,1.3439,0.2267,1.364
26.187622135,-0.0352,1.3320,0.2089,1.349
26.189321097,-0.0281,1.3227,0.2008,1.338
26.19331675,-0.0137,1.2963,0.1869,1.310
26.194938443,-0.0061,1.2816,0.1827,1.295
26.19597025,0.0090,1.2557,0.1798,1.269
26.197613289,0.0195,1.2318,0.1842,1.246
26.19948425,0.0239,1.2201,0.1893,1.235
26.201454289,0.0298,1.1991,0.2018,1.216
26.203605366,0.0335,1.1817,0.2174,1.202
26.205235635,0.0349,1.1744,0.2248,1.196
26.207453712,0.0315,1.1614,0.2358,1.186
26.216617173,0.0286,1.1573,0.2397,1.182
26.218145481,0.0222,1.1507,0.2424,1.176
26.219133173,0.0176,1.1448,0.2360,1.169
26.220112173,0.0149,1.1431,0.2279,1.166
26.221186827,0.0095,1.1436,0.2062,1.162
26.222139096,0.0120,1.1443,0.1781,1.158
26.222605481,0.0127,1.1465,0.1608,1.158
26.223031096,0.0139,1.1504,0.1224,1.157
26.242698789,0.0186,1.1517,0.1033,1.156
26.244242404,0.0200,1.1553,0.0652,1.157
26.245130135,0.0252,1.1585,0.0300,1.159
26.24611325,0.0296,1.1595,0.0137,1.160
26.247071173,0.0376,1.1644,-0.0156,1.165
26.247995481,0.0423,1.1651,-0.0364,1.166
26.249152096,0.0447,1.1666,-0.0459,1.168
26.250107481,0.0518,1.1690,-0.0591,1.172
26.251100096,0.0567,1.1700,-0.0691,1.173
26.251972904,0.0594,1.1702,-0.0704,1.174
26.252940904,0.0645,1.1712,-0.0721,1.175
26.253887058,0.0660,1.1705,-0.0733,1.175
26.254800673,0.0738,1.1673,-0.0743,1.172
26.255687866,0.0823,1.1624,-0.0748,1.168
26.256436673,0.0872,1.1592,-0.0750,1.165
26.257299212,0.0975,1.1492,-0.0745,1.156
26.25847975,0.1087,1.1392,-0.0740,1.147
26.262778443,0.1131,1.1341,-0.0733,1.142
26.26404202,0.1202,1.1226,-0.0743,1.131
26.265226827,0.1231,1.1165,-0.0755,1.126
26.266198058,0.1268,1.1028,-0.0770,1.113
26.267275443,0.1322,1.0864,-0.0799,1.097
26.268489866,0.1331,1.0779,-0.0806,1.089
26.270506443,0.1385,1.0605,-0.0848,1.073
26.272325058,0.1434,1.0417,-0.0901,1.055
26.274641443,0.1451,1.0319,-0.0941,1.046
26.277741443,0.1524,1.0122,-0.0992,1.028
26.279186789,0.1532,1.0009,-0.1011,1.018
26.280443943,0.1566,0.9782,-0.1051,0.996
26.282446404,0.1586,0.9547,-0.1102,0.974
26.284112404,0.1598,0.9425,-0.1131,0.963
26.286426943,0.1605,0.9183,-0.1165,0.940
26.288362058,0.1612,0.8956,-0.1192,0.918
26.290306904,0.1612,0.8827,-0.1209,0.905
26.293227058,0.1595,0.8592,-0.1200,0.882
26.294982943,0.1546,0.8480,-0.1178,0.870
26.29618702,0.1517,0.8248,-0.1160,0.847
26.298257981,0.1419,0.8021,-0.1107,0.822
26.29998202,0.1368,0.7911,-0.1077,0.810
26.302581481,0.1273,0.7713,-0.1026,0.788
26.304083673,0.1143,0.7505,-0.0945,0.765
26.306224904,0.1077,0.7412,-0.0880,0.754
26.31716875,0.0926,0.7244,-0.0726,0.734
26.31880425,0.0784,0.7161,-0.0562,0.723
26.319881904,0.0691,0.6999,-0.0459,0.705
26.320953481,0.0513,0.6872,-0.0266,0.690
26.322088327,0.0425,0.6823,-0.0169,0.684
26.322608827,0.0235,0.6743,0.0088,0.675
26.323026481,0.0015,0.6684,0.0322,0.669
26.323466673,-0.0095,0.6665,0.0452,0.668
26.323868404,-0.0298,0.6645,0.0726,0.669
26.346322212,-0.0511,0.6652,0.1004,0.675
26.347992827,-0.0613,0.6689,0.1163,0.682
26.349568789,-0.0799,0.6784,0.1493,0.699
26.35071225,-0.0892,0.6831,0.1652,0.708
26.351695366,-0.1082,0.6943,0.1969,0.730
26.353046943,-0.1251,0.7122,0.2289,0.758
26.354159173,-0.1336,0.7214,0.2441,0.773
26.354915058,-0.1485,0.7424,0.2722,0.805
26.355838519,-0.1630,0.7657,0.2959,0.837
26.35668025,-0.1683,0.7759,0.3059,0.851
26.358123366,-0.1771,0.7986,0.3244,0.880
26.359385058,-0.1801,0.8111,0.3308,0.894
26.360421558,-0.1852,0.8367,0.3393,0.922
26.361598789,-0.1835,0.8658,0.3447,0.950
26.362363135,-0.1813,0.8802,0.3447,0.963
26.363349212,-0.1747,0.9081,0.3413,0.986
26.364112481,-0.1659,0.9376,0.3332,1.009
26.365145827,-0.1622,0.9526,0.3269,1.020
26.366067635,-0.1544,0.9824,0.3139,1.043
26.366940019,-0.1480,0.9960,0.3068,1.053
26.367870673,-0.1339,1.0239,0.2902,1.073
26.368675712,-0.1217,1.0486,0.2714,1.090
26.370042404,-0.1156,1.0608,0.2602,1.098
26.372806212,-0.1024,1.0847,0.2389,1.115
26.374328212,-0.0884,1.1038,0.2184,1.129
26.385108289,-0.0838,1.1121,0.2067,1.134
26.385831481,-0.0755,1.1287,0.1820,1.146
26.386130366,-0.0713,1.1360,0.1698,1.151
26.386402789,-0.0621,1.1504,0.1463,1.161
26.386664789,-0.0555,1.1600,0.1209,1.168
26.387209904,-0.0518,1.1641,0.1087,1.170
26.387805443,-0.0481,1.1680,0.0823,1.172
26.391653558,-0.0428,1.1693,0.0586,1.171
26.392379943,-0.0401,1.1685,0.0464,1.170
26.39289775,-0.0388,1.1636,0.0220,1.164
26.398408404,-0.0386,1.1605,0.0100,1.161
26.399169673,-0.0374,1.1536,-0.0139,1.154
26.399557096,-0.0354,1.1446,-0.0386,1.146
26.400756519,-0.0359,1.1392,-0.0498,1.141
26.402943519,-0.0369,1.1275,-0.0728,1.130
26.404544519,-0.0376,1.1138,-0.0938,1.118
26.406648635,-0.0381,1.1070,-0.1033,1.112
26.424040981,-0.0384,1.0942,-0.1192,1.101
26.424798827,-0.0379,1.0877,-0.1268,1.096
26.425203904,-0.0386,1.0735,-0.1371,1.083
26.425664558,-0.0393,1.0615,-0.1429,1.072
26.42601725,-0.0388,1.0547,-0.1461,1.065
26.42635575,-0.0391,1.0403,-0.1454,1.051
26.426703789,-0.0401,1.0254,-0.1439,1.036
26.427031135,-0.0408,1.0190,-0.1397,1.029
26.430701904,-0.0432,1.0065,-0.1317,1.016
26.432728096,-0.0440,1.0004,-0.1268,1.009
26.434396942,-0.0435,0.9899,-0.1141,0.997
26.435937019,-0.0472,0.9772,-0.0980,0.983
26.43774875,-0.0484,0.9719,-0.0892,0.977
26.439242673,-0.0515,0.9623,-0.0694,0.966
26.440654135,-0.0545,0.9526,-0.0491,0.955
26.442309635,-0.0555,0.9472,-0.0366,0.950
26.443903212,-0.0572,0.9398,-0.0144,0.942
26.445402289,-0.0603,0.9330,0.0095,0.935
26.446824635,-0.0623,0.9296,0.0220,0.932
26.448237404,-0.0665,0.9242,0.0481,0.928
26.449669481,-0.0669,0.9218,0.0596,0.926
26.450461327,-0.0669,0.9181,0.0855,0.925
26.452619366,-0.0706,0.9144,0.1097,0.924
26.454235519,-0.0728,0.9139,0.1222,0.925
26.455852866,-0.0755,0.9135,0.1451,0.928
26.458138442,-0.0745,0.9115,0.1683,0.930
26.461952212,-0.0743,0.9113,0.1786,0.932
26.462839519,-0.0730,0.9103,0.1962,0.934
26.463904212,-0.0726,0.9103,0.2038,0.936
26.465767096,-0.0682,0.9108,0.2167,0.939
26.467707019,-0.0638,0.9078,0.2274,0.938
26.469662135,-0.0616,0.9069,0.2328,0.938
26.471614712,-0.0569,0.9064,0.2380,0.939
26.473526596,-0.0493,0.9059,0.2402,0.938
26.476516135,-0.0467,0.9059,0.2397,0.938
26.477605712,-0.0398,0.9061,0.2348,0.937
26.479637635,-0.0325,0.9059,0.2323,0.936
26.481435789,-0.0291,0.9049,0.2260,0.933
26.483486366,-0.0198,0.9039,0.2165,0.930
26.485388942,-0.0147,0.9039,0.2116,0.928
26.487838904,-0.0081,0.9034,0.2028,0.926
26.489289135,-0.0027,0.9032,0.1910,0.923
26.491538135,0.0022,0.9034,0.1842,0.922
26.494476173,0.0076,0.9061,0.1698,0.922
26.495341058,0.0144,0.9069,0.1634,0.922
26.497206942,0.0176,0.9081,0.1507,0.921
26.499200173,0.0198,0.9098,0.1380,0.920
26.501131866,0.0220,0.9108,0.1317,0.921
26.50308275,0.0237,0.9137,0.1224,0.922
26.504860366,0.0266,0.9144,0.1124,0.922
26.507318596,0.0264,0.9147,0.1075,0.921
26.513458058,0.0288,0.9171,0.0965,0.923
26.514162712,0.0296,0.9188,0.0931,0.924
26.514517904,0.0291,0.9208,0.0867,0.925
26.519445673,0.0283,0.9223,0.0809,0.926
26.519815712,0.0276,0.9247,0.0792,0.928
26.52011925,0.0242,0.9257,0.0765,0.929
26.52113875,0.0208,0.9291,0.0745,0.932
26.522938481,0.0193,0.9293,0.0721,0.932
26.524897289,0.0156,0.9301,0.0716,0.933
26.540122827,0.0120,0.9311,0.0704,0.934
26.541309289,0.0103,0.9325,0.0704,0.935
26.542398827,0.0071,0.9330,0.0704,0.936
26.543195135,0.0059,0.9335,0.0711,0.936
26.54415225,0.0027,0.9364,0.0750,0.939
26.545134173,0.0005,0.9389,0.0767,0.942
26.546103096,-0.0002,0.9401,0.0784,0.943
26.547189865,-0.0071,0.9425,0.0818,0.946
26.548018942,-0.0098,0.9425,0.0870,0.947
26.548904635,-0.0105,0.9435,0.0889,0.948
26.549734981,-0.0117,0.9477,0.0933,0.952
26.550507635,-0.0129,0.9479,0.0958,0.953
26.551265173,-0.0147,0.9491,0.1009,0.955
26.552535096,-0.0169,0.9513,0.1090,0.958
26.55457175,-0.0198,0.9513,0.1116,0.958
26.556697404,-0.0220,0.9518,0.1178,0.959
26.558751404,-0.0257,0.9530,0.1256,0.962
26.561032519,-0.0276,0.9538,0.1273,0.963
26.562548712,-0.0300,0.9535,0.1322,0.963
26.564588904,-0.0315,0.9545,0.1349,0.964
26.566682981,-0.0344,0.9538,0.1388,0.964
26.568482981,-0.0342,0.9550,0.1437,0.966
26.570584635,-0.0364,0.9545,0.1456,0.966
26.572674058,-0.0371,0.9552,0.1490,0.968
26.574507289,-0.0366,0.9552,0.1529,0.968
26.577525442,-0.0374,0.9552,0.1539,0.968
26.578867712,-0.0359,0.9540,0.1554,0.967
26.580471404,-0.0357,0.9545,0.1564,0.968
26.582455942,-0.0335,0.9547,0.1600,0.969
26.584152865,-0.0298,0.9538,0.1620,0.968
26.586283442,-0.0279,0.9528,0.1617,0.967
26.588432327,-0.0257,0.9511,0.1637,0.965
26.590273558,-0.0242,0.9501,0.1659,0.965
26.592170212,-0.0242,0.9494,0.1676,0.964
26.594652712,-0.0200,0.9479,0.1683,0.963
26.596075135,-0.0191,0.9479,0.1693,0.963
26.598367096,-0.0156,0.9474,0.1693,0.963
26.600000673,-0.0122,0.9491,0.1700,0.964
26.602137558,-0.0103,0.9499,0.1727,0.965
26.603964558,-0.0061,0.9494,0.1737,0.965
26.606110596,-0.0046,0.9489,0.1730,0.965
26.607832981,-0.0037,0.9496,0.1732,0.965
26.617501904,-0.0032,0.9504,0.1730,0.966
26.618906712,-0.0024,0.9506,0.1722,0.966
26.620095289,-0.0039,0.9513,0.1703,0.966
26.621474365,-0.0032,0.9526,0.1649,0.967
26.622540289,-0.0049,0.9538,0.1630,0.968
26.623416558,-0.0068,0.9535,0.1595,0.967
26.62423025,-0.0088,0.9557,0.1549,0.968
26.625626289,-0.0105,0.9562,0.1537,0.969
26.626151981,-0.0125,0.9582,0.1524,0.970
26.64722375,-0.0132,0.9596,0.1517,0.972
26.647945404,-0.0144,0.9618,0.1512,0.974
26.648210442,-0.0176,0.9609,0.1488,0.972
26.648445365,-0.0191,0.9611,0.1485,0.973
26.648665058,-0.0213,0.9613,0.1444,0.972
26.648901173,-0.0252,0.9591,0.1383,0.969
26.649141365,-0.0271,0.9577,0.1378,0.968
26.64942775,-0.0283,0.9567,0.1341,0.966
26.649675635,-0.0276,0.9555,0.1317,0.965
26.649901827,-0.0271,0.9499,0.1307,0.959
26.65012975,-0.0274,0.9467,0.1307,0.956
26.650357058,-0.0274,0.9457,0.1302,0.955
26.651341904,-0.0261,0.9425,0.1292,0.952
26.653477558,-0.0230,0.9389,0.1305,0.948
26.655233327,-0.0222,0.9369,0.1317,0.946
26.657025942,-0.0210,0.9359,0.1336,0.946
26.660470019,-0.0195,0.9352,0.1334,0.945
26.662163865,-0.0200,0.9311,0.1327,0.941
26.663009058,-0.0193,0.9269,0.1319,0.936
26.665006481,-0.0191,0.9254,0.1319,0.935
26.667184942,-0.0191,0.9218,0.1329,0.931
26.669015519,-0.0210,0.9183,0.1339,0.928
26.671035212,-0.0222,0.9181,0.1356,0.928
26.673064558,-0.0232,0.9186,0.1380,0.929
26.675226135,-0.0252,0.9188,0.1390,0.930
26.676914904,-0.0266,0.9196,0.1405,0.931
26.678878596,-0.0288,0.9208,0.1446,0.933
26.681046981,-0.0313,0.9227,0.1502,0.935
26.682905212,-0.0325,0.9237,0.1529,0.937
26.684890635,-0.0352,0.9276,0.1610,0.942
26.686940827,-0.0352,0.9301,0.1649,0.945
26.688840827,-0.0354,0.9342,0.1730,0.951
26.690955135,-0.0374,0.9381,0.1805,0.956
26.69394425,-0.0374,0.9403,0.1842,0.959
26.695731981,-0.0374,0.9447,0.1935,0.965
26.696768442,-0.0374,0.9506,0.2008,0.972
26.698767019,-0.0364,0.9545,0.2045,0.977
26.70060875,-0.0352,0.9611,0.2101,0.984
26.702718212,-0.0347,0.9650,0.2121,0.989
26.704498827,-0.0315,0.9709,0.2155,0.995
26.706576519,-0.0322,0.9777,0.2194,1.003
26.708379788,-0.0313,0.9809,0.2189,1.006
26.719561942,-0.0315,0.9877,0.2201,1.012
26.721007788,-0.0300,0.9899,0.2218,1.015
26.722091365,-0.0269,0.9941,0.2209,1.019
26.72299075,-0.0264,0.9997,0.2191,1.024
26.723968173,-0.0254,1.0019,0.2167,1.025
26.725072481,-0.0242,1.0031,0.2140,1.026
26.726327558,-0.0252,1.0051,0.2103,1.027
26.727571827,-0.0247,1.0087,0.2077,1.030
26.728586288,-0.0247,1.0097,0.2042,1.030
26.729582288,-0.0242,1.0092,0.2030,1.030
26.730624904,-0.0259,1.0119,0.1952,1.031
26.747471904,-0.0257,1.0112,0.1903,1.029
26.748974635,-0.0252,1.0119,0.1862,1.029
26.750208327,-0.0264,1.0109,0.1796,1.027
26.751132981,-0.0281,1.0126,0.1700,1.027
26.752332865,-0.0298,1.0126,0.1659,1.027
26.753303019,-0.0332,1.0156,0.1608,1.029
26.754508327,-0.0359,1.0166,0.1559,1.029
26.755315404,-0.0393,1.0188,0.1459,1.030
26.756250981,-0.0435,1.0207,0.1368,1.031
26.756949173,-0.0462,1.0229,0.1312,1.032
26.758001135,-0.0508,1.0258,0.1180,1.034
26.758855135,-0.0547,1.0307,0.1068,1.038
26.760122596,-0.0577,1.0337,0.1009,1.040
26.76122025,-0.0625,1.0398,0.0911,1.046
26.762411788,-0.0672,1.0449,0.0823,1.050
26.763337442,-0.0687,1.0471,0.0774,1.052
26.764282135,-0.0694,1.0542,0.0694,1.059
26.766811173,-0.0711,1.0578,0.0645,1.062
26.768216365,-0.0740,1.0625,0.0584,1.067
26.769792019,-0.0750,1.0693,0.0515,1.073
26.771900981,-0.0752,1.0732,0.0496,1.077
26.773683442,-0.0752,1.0789,0.0447,1.082
26.775670442,-0.0745,1.0845,0.0406,1.088
26.778974019,-0.0740,1.0867,0.0381,1.090
26.780323942,-0.0728,1.0894,0.0335,1.092
26.781466365,-0.0726,1.0899,0.0310,1.093
26.783542096,-0.0696,1.0913,0.0266,1.094
26.785333827,-0.0662,1.0923,0.0259,1.095
26.787449673,-0.0650,1.0935,0.0257,1.096
26.789196519,-0.0603,1.0925,0.0269,1.095
26.791164519,-0.0557,1.0903,0.0308,1.092
26.794977788,-0.0525,1.0899,0.0310,1.092
26.796361558,-0.0447,1.0906,0.0366,1.092
26.797712865,-0.0413,1.0903,0.0403,1.092
26.799288327,-0.0320,1.0889,0.0496,1.090
26.801245904,-0.0222,1.0913,0.0611,1.093
26.803271058,-0.0169,1.0933,0.0684,1.096
26.805224288,-0.0068,1.0957,0.0843,1.099
26.80716675,0.0059,1.1008,0.1004,1.105
26.809414596,0.0117,1.1038,0.1107,1.109
26.818512135,0.0232,1.1096,0.1307,1.118
26.819921019,0.0300,1.1140,0.1397,1.123
26.820975981,0.0418,1.1223,0.1598,1.134
26.822213135,0.0528,1.1294,0.1796,1.145
26.823273135,0.0572,1.1338,0.1886,1.151
26.824132019,0.0655,1.1424,0.2055,1.163
26.825141904,0.0733,1.1499,0.2240,1.174
26.825992865,0.0762,1.1517,0.2321,1.177
26.843779519,0.0814,1.1546,0.2467,1.183
26.844375711,0.0840,1.1558,0.2526,1.186
26.844639365,0.0877,1.1602,0.2634,1.193
26.844865904,0.0911,1.1607,0.2731,1.196
26.845097481,0.0923,1.1583,0.2775,1.195
26.84533625,0.0945,1.1541,0.2839,1.192
26.845624096,0.0960,1.1475,0.2880,1.187
26.845850019,0.0960,1.1438,0.2890,1.184
26.846079135,0.0992,1.1314,0.2910,1.172
26.846304404,0.1009,1.1258,0.2932,1.168
26.846528942,0.1011,1.1126,0.2917,1.155
26.848438058,0.1024,1.1001,0.2880,1.142
26.850613711,0.1026,1.0911,0.2861,1.133
26.852242442,0.1029,1.0771,0.2846,1.119
26.854381211,0.1036,1.0615,0.2814,1.103
26.85617075,0.1021,1.0534,0.2792,1.095
26.858263173,0.0987,1.0383,0.2726,1.078
26.860820019,0.0958,1.0315,0.2692,1.070
26.862961942,0.0875,1.0170,0.2614,1.054
26.864546519,0.0760,1.0034,0.2543,1.038
26.866300673,0.0706,0.9973,0.2509,1.031
26.868032173,0.0572,0.9850,0.2409,1.016
26.870191442,0.0401,0.9811,0.2289,1.008
26.872154904,0.0318,0.9782,0.2216,1.003
26.874206634,0.0164,0.9753,0.2060,0.997
26.877129942,0.0068,0.9748,0.2001,0.995
26.879822904,-0.0107,0.9787,0.1842,0.996
26.880958134,-0.0293,0.9892,0.1691,1.004
26.883143519,-0.0391,0.9958,0.1603,1.009
26.884267788,-0.0562,1.0109,0.1441,1.023
26.88601325,-0.0704,1.0280,0.1273,1.038
26.888099711,-0.0752,1.0363,0.1195,1.046
26.890081019,-0.0853,1.0544,0.1058,1.063
26.891892327,-0.0899,1.0637,0.0977,1.072
26.89466025,-0.0948,1.0818,0.0843,1.089
26.896396942,-0.0977,1.1006,0.0738,1.107
26.897844673,-0.0987,1.1121,0.0696,1.119
26.89972775,-0.0992,1.1292,0.0608,1.135
26.901788058,-0.0963,1.1465,0.0550,1.152
26.903687058,-0.0953,1.1536,0.0533,1.159
26.905808404,-0.0923,1.1666,0.0491,1.171
26.907695173,-0.0911,1.1722,0.0481,1.177
26.910752096,-0.0872,1.1802,0.0479,1.184
26.919170134,-0.0831,1.1868,0.0474,1.191
26.920590827,-0.0806,1.1890,0.0479,1.193
26.921816904,-0.0728,1.1925,0.0489,1.196
26.922850673,-0.0657,1.1937,0.0491,1.196
26.923906634,-0.0621,1.1920,0.0486,1.195
26.924728404,-0.0511,1.1866,0.0457,1.189
26.925765558,-0.0464,1.1832,0.0430,1.185
26.926744288,-0.0376,1.1751,0.0398,1.176
26.927832058,-0.0247,1.1678,0.0357,1.169
26.945752904,-0.0195,1.1629,0.0318,1.163
26.947339096,-0.0098,1.1507,0.0237,1.151
26.948186942,0.0005,1.1372,0.0098,1.137
26.949161058,0.0037,1.1304,0.0037,1.130
26.950164211,0.0078,1.1138,-0.0120,1.114
26.95123225,0.0120,1.1062,-0.0261,1.107
26.952188981,0.0134,1.0879,-0.0332,1.088
26.953238673,0.0151,1.0681,-0.0493,1.069
26.954112981,0.0161,1.0583,-0.0581,1.060
26.954890173,0.0171,1.0366,-0.0740,1.039
26.955683442,0.0139,1.0180,-0.0877,1.022
26.956389711,0.0127,1.0073,-0.0938,1.012
26.957217519,0.0086,0.9868,-0.1055,0.992
26.958062481,0.0012,0.9765,-0.1131,0.983
26.958922481,-0.0022,0.9565,-0.1138,0.963
26.959865634,-0.0076,0.9376,-0.1146,0.945
26.960924634,-0.0110,0.9276,-0.1136,0.935
26.963470096,-0.0213,0.9086,-0.1080,0.915
26.964831404,-0.0320,0.8903,-0.0987,0.896
26.966842288,-0.0369,0.8812,-0.0938,0.887
26.968809211,-0.0447,0.8646,-0.0799,0.869
26.970846327,-0.0496,0.8495,-0.0630,0.853
26.972836173,-0.0506,0.8424,-0.0552,0.846
26.974825596,-0.0535,0.8287,-0.0379,0.831
26.977894827,-0.0547,0.8216,-0.0274,0.824
26.979477942,-0.0559,0.8091,-0.0068,0.811
26.980682365,-0.0550,0.7984,0.0142,0.800
26.982729557,-0.0528,0.7925,0.0254,0.795
26.984669557,-0.0489,0.7825,0.0476,0.785
26.986690211,-0.0437,0.7784,0.0713,0.783
26.988674904,-0.0413,0.7676,0.0831,0.773
26.990741288,-0.0347,0.7613,0.1075,0.770
26.992916865,-0.0308,0.7576,0.1190,0.767
26.996426904,-0.0222,0.7520,0.1397,0.765
26.997935404,-0.0115,0.7508,0.1612,0.768
26.999713134,-0.0076,0.7500,0.1713,0.769
27.000781827,0.0029,0.7488,0.1930,0.773
27.002267865,0.0151,0.7488,0.2108,0.778
27.004281596,0.0220,0.7515,0.2184,0.783
27.006685827,0.0357,0.7556,0.2316,0.791
27.008507711,0.0423,0.7586,0.2397,0.797
27.018658519,0.0581,0.7647,0.2526,0.807
27.020115134,0.0718,0.7723,0.2612,0.818
27.021013634,0.0789,0.7779,0.2643,0.825
27.022181442,0.0909,0.7884,0.2663,0.837
27.023199404,0.1019,0.8011,0.2629,0.849
27.02428925,0.1060,0.8077,0.2592,0.855
27.025196365,0.1173,0.8228,0.2472,0.867
27.026521634,0.1200,0.8309,0.2392,0.873
27.027653211,0.1258,0.8465,0.2206,0.884
27.028554057,0.1317,0.8631,0.1986,0.895
27.046387404,0.1339,0.8717,0.1879,0.902
27.047927211,0.1395,0.8898,0.1632,0.915
27.048893365,0.1459,0.9071,0.1395,0.929
27.050198442,0.1490,0.9142,0.1280,0.935
27.051388442,0.1542,0.9337,0.1033,0.952
27.052713673,0.1561,0.9433,0.0906,0.960
27.053949865,0.1576,0.9604,0.0665,0.975
27.054599327,0.1581,0.9789,0.0428,0.993
27.055337519,0.1581,0.9885,0.0313,1.002
27.05629425,0.1578,1.0019,0.0112,1.014
27.057186057,0.1522,1.0183,-0.0112,1.030
27.058400019,0.1498,1.0263,-0.0227,1.037
27.059343981,0.1446,1.0425,-0.0452,1.053
27.060420442,0.1402,1.0495,-0.0545,1.060
27.061803019,0.1375,1.0632,-0.0730,1.075
27.062814865,0.1270,1.0769,-0.0916,1.088
27.063843904,0.1212,1.0823,-0.0987,1.094
27.064921981,0.1114,1.0923,-0.1102,1.103
27.06617075,0.1014,1.0994,-0.1236,1.111
27.068763865,0.0963,1.1026,-0.1280,1.114
27.070330481,0.0850,1.1087,-0.1346,1.120
27.071439596,0.0728,1.1109,-0.1383,1.122
27.073932442,0.0674,1.1145,-0.1397,1.125
27.075377904,0.0579,1.1140,-0.1422,1.125
27.078369365,0.0530,1.1133,-0.1415,1.124
27.079938404,0.0442,1.1106,-0.1388,1.120
27.081277557,0.0366,1.1062,-0.1322,1.115
27.083313442,0.0332,1.1048,-0.1295,1.113
27.085172404,0.0249,1.0994,-0.1222,1.106
27.087191557,0.0208,1.0972,-0.1165,1.104
27.088916557,0.0147,1.0908,-0.1055,1.096
27.090885365,0.0090,1.0837,-0.0950,1.088
27.093150288,0.0068,1.0806,-0.0875,1.084
27.09616225,-0.0007,1.0718,-0.0733,1.074
27.096711942,-0.0088,1.0632,-0.0591,1.065
27.098815173,-0.0127,1.0591,-0.0523,1.060
27.100616557,-0.0215,1.0517,-0.0374,1.053
27.102620904,-0.0244,1.0478,-0.0298,1.049
27.104680327,-0.0286,1.0390,-0.0122,1.039
27.106615788,-0.0340,1.0319,0.0044,1.033
27.108493057,-0.0371,1.0290,0.0132,1.030
27.113752211,-0.0418,1.0239,0.0308,1.025
27.11433925,-0.0481,1.0202,0.0493,1.023
27.114587057,-0.0498,1.0185,0.0577,1.021
27.116710173,-0.0557,1.0144,0.0765,1.019
27.118815827,-0.0572,1.0136,0.0848,1.019
27.12049675,-0.0625,1.0153,0.1041,1.023
27.122799673,-0.0657,1.0156,0.1226,1.025
27.12439725,-0.0665,1.0166,0.1302,1.027
27.141293288,-0.0704,1.0185,0.1441,1.031
27.142172288,-0.0684,1.0210,0.1590,1.036
27.142467365,-0.0677,1.0229,0.1647,1.038
27.142700096,-0.0650,1.0263,0.1730,1.043
27.142939096,-0.0633,1.0290,0.1776,1.046
27.143174365,-0.0586,1.0315,0.1837,1.049
27.143416673,-0.0547,1.0359,0.1879,1.054
27.143641865,-0.0520,1.0381,0.1898,1.057
27.143875673,-0.0491,1.0412,0.1903,1.060
27.144106942,-0.0491,1.0427,0.1893,1.061
27.149729057,-0.0479,1.0432,0.1881,1.061
27.15082598,-0.0435,1.0425,0.1852,1.060
27.151082365,-0.0415,1.0420,0.1840,1.059
27.152158019,-0.0398,1.0400,0.1805,1.056
27.154270288,-0.0337,1.0366,0.1769,1.052
27.156292673,-0.0325,1.0346,0.1754,1.050
27.158257442,-0.0325,1.0290,0.1705,1.044
27.16103298,-0.0315,1.0219,0.1652,1.036
27.162452173,-0.0300,1.0183,0.1622,1.032
27.163794442,-0.0261,1.0105,0.1561,1.023
27.166096096,-0.0244,1.0065,0.1515,1.018
27.168098134,-0.0232,0.9999,0.1493,1.011
27.169997173,-0.0186,0.9916,0.1449,1.002
27.17194875,-0.0169,0.9875,0.1402,0.998
27.174036673,-0.0132,0.9770,0.1327,0.986
27.175872865,-0.0100,0.9670,0.1261,0.975
27.179229557,-0.0090,0.9616,0.1219,0.969
27.181021865,-0.0044,0.9521,0.1156,0.959
27.182255365,-0.0024,0.9467,0.1126,0.953
27.183689019,-0.0002,0.9396,0.1063,0.946
27.185716288,0.0046,0.9323,0.1002,0.938
27.187736096,0.0054,0.9293,0.0967,0.934
27.189674711,0.0066,0.9237,0.0901,0.928
27.191660442,0.0129,0.9186,0.0853,0.923
27.193654557,0.0147,0.9159,0.0821,0.920
27.206030557,0.0176,0.9122,0.0777,0.916
27.207782903,0.0191,0.9110,0.0755,0.914
27.209137903,0.0203,0.9086,0.0726,0.912
27.210519442,0.0232,0.9056,0.0708,0.909
27.211958327,0.0249,0.9054,0.0689,0.908
27.213510288,0.0261,0.9059,0.0682,0.909
27.214430327,0.0283,0.9059,0.0655,0.909
27.215052096,0.0291,0.9056,0.0665,0.909
27.215562019,0.0281,0.9071,0.0699,0.910
27.216050596,0.0281,0.9083,0.0691,0.911
27.216521827,0.0315,0.9125,0.0723,0.916
27.217015288,0.0303,0.9144,0.0762,0.918
27.242376057,0.0300,0.9154,0.0784,0.919
27.244061211,0.0296,0.9174,0.0836,0.922
27.245409596,0.0308,0.9210,0.0887,0.926
27.246620519,0.0305,0.9223,0.0916,0.927
27.247630827,0.0298,0.9247,0.0970,0.930
27.248968173,0.0310,0.9267,0.1004,0.933
27.250152519,0.0332,0.9301,0.1070,0.937
27.25113675,0.0332,0.9315,0.1146,0.939
27.252087096,0.0342,0.9335,0.1178,0.942
27.253201903,0.0386,0.9389,0.1248,0.948
27.254197019,0.0420,0.9420,0.1322,0.952
27.255172827,0.0430,0.9435,0.1368,0.954
27.255917519,0.0435,0.9450,0.1439,0.957
27.256888019,0.0462,0.9460,0.1498,0.959
27.25803775,0.0472,0.9482,0.1534,0.962
27.25905648,0.0496,0.9501,0.1593,0.965
27.260122134,0.0498,0.9513,0.1603,0.966
27.261043365,0.0503,0.9523,0.1639,0.968
27.262321173,0.0506,0.9540,0.1673,0.970
27.263202942,0.0523,0.9543,0.1691,0.971
27.264000557,0.0535,0.9543,0.1720,0.971
27.264945365,0.0542,0.9535,0.1722,0.970
27.26603448,0.0547,0.9538,0.1717,0.971
27.267071827,0.0540,0.9533,0.1727,0.970
27.268006865,0.0550,0.9518,0.1717,0.969
27.26905025,0.0552,0.9511,0.1695,0.968
27.270268673,0.0545,0.9499,0.1676,0.966
27.272199596,0.0559,0.9491,0.1659,0.965
27.274724057,0.0555,0.9504,0.1632,0.966
27.276300673,0.0545,0.9482,0.1625,0.964
27.280582365,0.0569,0.9472,0.1610,0.962
27.281168711,0.0574,0.9469,0.1615,0.962
27.282219134,0.0567,0.9477,0.1603,0.963
27.284095596,0.0559,0.9477,0.1588,0.963
27.286530865,0.0581,0.9469,0.1593,0.962
27.287974596,0.0594,0.9457,0.1595,0.961
27.290398903,0.0591,0.9438,0.1595,0.959
27.292164288,0.0584,0.9430,0.1600,0.958
27.299133211,0.0599,0.9440,0.1581,0.959
27.29990198,0.0623,0.9435,0.1578,0.959
27.300353403,0.0630,0.9423,0.1581,0.958
27.300772442,0.0638,0.9411,0.1595,0.957
27.301928826,0.0652,0.9416,0.1622,0.958
27.304122519,0.0652,0.9418,0.1625,0.958
27.306557788,0.0689,0.9411,0.1620,0.957
27.308029557,0.0704,0.9411,0.1625,0.958
27.309654634,0.0708,0.9411,0.1630,0.958
27.324509634,0.0716,0.9413,0.1627,0.958
27.326147173,0.0738,0.9413,0.1612,0.958
27.327922865,0.0752,0.9418,0.1608,0.958
27.328990019,0.0748,0.9423,0.1600,0.959
27.330257365,0.0740,0.9430,0.1600,0.959
27.331207673,0.0757,0.9440,0.1612,0.961
27.33244175,0.0770,0.9435,0.1605,0.960
27.333684019,0.0782,0.9445,0.1595,0.961
27.334568673,0.0784,0.9460,0.1588,0.962
27.335513096,0.0799,0.9464,0.1595,0.963
27.33630248,0.0811,0.9469,0.1598,0.964
27.337050326,0.0730,0.9474,0.1031,0.956
27.338041211,0.0669,0.9477,0.0303,0.951
27.338729096,0.1016,0.9455,-0.1608,0.964
27.339676403,0.1327,0.9450,-0.2380,0.983
27.342384365,0.1678,0.9504,-0.3064,1.013
27.348678288,0.1373,0.9640,-0.2314,1.001
27.350028634,0.1009,0.9719,-0.1544,0.989
27.350896096,0.0281,0.9863,0.0090,0.987
27.35192898,-0.0088,0.9914,0.1339,1.000
27.352823634,-0.0093,0.9943,0.1715,1.009
27.353901288,0.0161,0.9926,0.2047,1.014
27.355346326,0.0349,0.9887,0.2016,1.010
27.35720275,0.0679,0.9819,0.1752,1.000
27.359239865,0.0858,0.9758,0.1437,0.990
27.362510519,0.0865,0.9736,0.1285,0.986
27.364211942,0.0748,0.9699,0.1131,0.979
27.365565096,0.0520,0.9677,0.1180,0.976
27.366795557,0.0401,0.9653,0.1270,0.974
27.368825365,0.0220,0.9643,0.1493,0.976
27.37070925,0.0171,0.9638,0.1620,0.977
27.372495134,0.0156,0.9633,0.1862,0.981
27.374505634,0.0173,0.9623,0.2072,0.985
27.376489057,0.0193,0.9606,0.2172,0.985
27.378750519,0.0230,0.9596,0.2358,0.988
27.380638134,0.0235,0.9587,0.2448,0.990
27.38248975,0.0222,0.9538,0.2626,0.990
27.384467942,0.0213,0.9477,0.2785,0.988
27.386470057,0.0213,0.9438,0.2851,0.986
27.38843348,0.0191,0.9374,0.2959,0.983
27.390439057,0.0176,0.9301,0.2976,0.977
27.392413326,0.0188,0.9264,0.2978,0.973
27.39813575,0.0213,0.9223,0.3000,0.970
27.398909019,0.0220,0.9157,0.3027,0.965
27.399334365,0.0235,0.9142,0.3034,0.964
27.400490365,0.0259,0.9130,0.3044,0.963
27.402417557,0.0269,0.9122,0.3054,0.962
27.404377134,0.0293,0.9135,0.3017,0.962
27.406236634,0.0340,0.9127,0.2966,0.960
27.408306173,0.0364,0.9125,0.2927,0.959
27.410427442,0.0401,0.9164,0.2812,0.959
27.417643249,0.0457,0.9198,0.2651,0.958
27.418620365,0.0533,0.9223,0.2555,0.958
27.419032519,0.0772,0.9252,0.2301,0.957
27.419400519,0.0814,0.9286,0.2147,0.957
27.419978365,0.0848,0.9374,0.1884,0.960
27.42197948,0.0860,0.9464,0.1652,0.965
27.424052557,0.0862,0.9508,0.1539,0.967
27.425963326,0.0853,0.9613,0.1327,0.974
27.42865598,0.0794,0.9721,0.1102,0.982
27.430461288,0.0745,0.9765,0.0967,0.984
27.431828019,0.0647,0.9899,0.0687,0.994
27.433858903,0.0606,0.9960,0.0555,0.999
27.435635057,0.0559,1.0085,0.0320,1.011
27.437650134,0.0530,1.0205,0.0115,1.022
27.439625634,0.0530,1.0256,0.0039,1.027
27.44162698,0.0511,1.0334,-0.0059,1.035
27.443524711,0.0508,1.0412,-0.0122,1.043
27.445719403,0.0508,1.0432,-0.0137,1.045
27.44758898,0.0501,1.0476,-0.0147,1.049
27.449654249,0.0486,1.0503,-0.0137,1.051
27.451402134,0.0467,1.0549,-0.0076,1.056
27.453430249,0.0447,1.0576,-0.0007,1.059
27.456317326,0.0452,1.0578,0.0027,1.059
27.457511865,0.0442,1.0605,0.0105,1.062
27.459310673,0.0435,1.0635,0.0181,1.065
27.462074173,0.0430,1.0640,0.0222,1.065
