time,gFx,gFy,gFz,TgF
0.003629846,0.2460,0.9552,0.0139,0.987
0.004147192,0.2482,0.9516,0.0296,0.984
0.004417846,0.2519,0.9482,0.0608,0.983
0.004663962,0.2531,0.9474,0.0762,0.984
0.004891116,0.2543,0.9452,0.1058,0.985
0.005128231,0.2541,0.9425,0.1344,0.985
0.005412,0.2531,0.9428,0.1473,0.987
0.005656923,0.2499,0.9416,0.1722,0.989
0.005912731,0.2426,0.9416,0.1937,0.991
0.006143539,0.2384,0.9445,0.2035,0.995
0.006374269,0.2299,0.9474,0.2199,0.999
0.006606346,0.2260,0.9484,0.2284,1.001
0.006841039,0.2182,0.9504,0.2399,1.004
0.007059616,0.2103,0.9538,0.2487,1.008
0.007292154,0.2072,0.9547,0.2521,1.009
0.009786116,0.2013,0.9560,0.2573,1.010
0.011064923,0.1998,0.9562,0.2575,1.010
0.014958808,0.1986,0.9569,0.2546,1.010
0.015531077,0.1923,0.9574,0.2460,1.007
0.017120154,0.1906,0.9577,0.2431,1.006
0.019052077,0.1896,0.9584,0.2340,1.005
0.020920846,0.1862,0.9589,0.2199,1.001
0.022922231,0.1852,0.9587,0.2128,0.999
0.024843462,0.1835,0.9601,0.1994,0.998
0.030852731,0.1835,0.9599,0.1854,0.995
0.031383539,0.1847,0.9609,0.1779,0.994
0.031666192,0.1859,0.9626,0.1634,0.994
0.033544577,0.1864,0.9623,0.1571,0.993
0.034686423,0.1859,0.9609,0.1432,0.989
0.036568308,0.1874,0.9609,0.1295,0.987
0.038766115,0.1864,0.9609,0.1241,0.987
0.040619308,0.1901,0.9601,0.1156,0.986
0.042511846,0.1913,0.9604,0.1112,0.986
0.046705192,0.1940,0.9601,0.1060,0.985
0.047260231,0.1979,0.9587,0.1019,0.984
0.052511423,0.1996,0.9574,0.1007,0.983
0.053015346,0.2028,0.9562,0.1009,0.983
0.053371731,0.2062,0.9557,0.0994,0.983
0.054324,0.2089,0.9535,0.1002,0.981
0.056214154,0.2116,0.9518,0.1036,0.981
0.058143846,0.2116,0.9518,0.1058,0.981
0.061446577,0.2138,0.9508,0.1102,0.981
0.062515269,0.2157,0.9494,0.1148,0.980
0.064201154,0.2162,0.9494,0.1175,0.981
0.066471462,0.2147,0.9501,0.1217,0.982
0.068082115,0.2145,0.9501,0.1302,0.983
0.070196731,0.2152,0.9506,0.1324,0.984
0.072123269,0.2152,0.9491,0.1380,0.983
0.074,0.2155,0.9491,0.1417,0.984
0.075962,0.2169,0.9489,0.1476,0.984
0.0786225,0.2182,0.9479,0.1510,0.984
0.080046731,0.2182,0.9469,0.1524,0.984
0.082276154,0.2201,0.9450,0.1566,0.983
0.083918231,0.2201,0.9435,0.1581,0.982
0.085877115,0.2196,0.9450,0.1603,0.983
0.087839077,0.2184,0.9438,0.1610,0.982
0.089777115,0.2184,0.9435,0.1617,0.982
0.091633231,0.2204,0.9442,0.1605,0.983
0.094850115,0.2231,0.9423,0.1610,0.982
0.096216,0.2250,0.9413,0.1600,0.981
0.097773039,0.2260,0.9403,0.1593,0.980
0.099692385,0.2262,0.9406,0.1576,0.980
0.101648269,0.2250,0.9418,0.1542,0.981
0.103579308,0.2206,0.9452,0.1539,0.983
0.105547269,0.2199,0.9467,0.1532,0.984
0.107407385,0.2204,0.9474,0.1517,0.984
0.109615,0.2204,0.9482,0.1493,0.985
0.111678039,0.2209,0.9499,0.1480,0.986
0.116902115,0.2209,0.9521,0.1466,0.988
0.117564192,0.2211,0.9526,0.1463,0.989
0.117912923,0.2248,0.9545,0.1439,0.991
0.119592115,0.2255,0.9562,0.1427,0.993
0.121495577,0.2260,0.9567,0.1417,0.993
0.123391615,0.2255,0.9567,0.1397,0.993
0.125408308,0.2267,0.9579,0.1393,0.994
0.137073846,0.2272,0.9589,0.1380,0.995
0.137779885,0.2282,0.9601,0.1385,0.997
0.138130808,0.2287,0.9591,0.1390,0.996
0.138413423,0.2328,0.9582,0.1397,0.996
0.138684615,0.2326,0.9589,0.1405,0.997
0.138944769,0.2323,0.9599,0.1400,0.997
0.139190385,0.2338,0.9587,0.1402,0.997
0.141140538,0.2355,0.9591,0.1397,0.997
0.143197577,0.2358,0.9591,0.1412,0.998
0.145265423,0.2367,0.9584,0.1424,0.997
0.147107308,0.2340,0.9604,0.1446,0.999
0.149164385,0.2336,0.9604,0.1454,0.999
0.151197192,0.2314,0.9609,0.1483,0.999
0.153054115,0.2304,0.9606,0.1510,0.999
0.1549315,0.2279,0.9606,0.1532,0.999
0.156932885,0.2292,0.9616,0.1578,1.001
0.160955385,0.2299,0.9609,0.1608,1.001
0.162148577,0.2316,0.9579,0.1639,0.999
0.164301423,0.2336,0.9555,0.1652,0.997
0.165088192,0.2333,0.9562,0.1671,0.998
0.167010731,0.2314,0.9560,0.1710,0.998
0.168848808,0.2304,0.9560,0.1720,0.998
0.170831077,0.2306,0.9565,0.1742,0.999
0.172874962,0.2299,0.9569,0.1757,1.000
0.174893538,0.2289,0.9582,0.1754,1.001
0.178716231,0.2289,0.9587,0.1764,1.001
0.179366231,0.2294,0.9589,0.1764,1.002
0.180904154,0.2287,0.9587,0.1766,1.001
0.184777577,0.2294,0.9582,0.1742,1.001
0.185248769,0.2282,0.9604,0.1742,1.002
0.186823577,0.2292,0.9606,0.1735,1.003
0.1887,0.2294,0.9616,0.1705,1.003
0.190727346,0.2301,0.9626,0.1693,1.004
0.192683423,0.2304,0.9662,0.1681,1.007
0.195882538,0.2289,0.9689,0.1644,1.009
0.196711577,0.2282,0.9714,0.1620,1.011
0.201643731,0.2277,0.9719,0.1581,1.011
0.202405192,0.2284,0.9726,0.1539,1.011
0.202911115,0.2294,0.9743,0.1502,1.012
0.204576808,0.2304,0.9772,0.1461,1.015
0.206557885,0.2309,0.9775,0.1446,1.015
0.208498769,0.2304,0.9809,0.1419,1.018
0.210500615,0.2311,0.9831,0.1361,1.019
0.215181577,0.2301,0.9833,0.1344,1.019
0.221038923,0.2277,0.9843,0.1300,1.019
0.221491231,0.2255,0.9853,0.1266,1.019
0.221795269,0.2257,0.9858,0.1256,1.019
0.222061692,0.2250,0.9875,0.1239,1.020
0.222313462,0.2253,0.9885,0.1234,1.021
0.224138769,0.2240,0.9892,0.1224,1.022
0.226029885,0.2235,0.9887,0.1241,1.021
0.228608385,0.2235,0.9882,0.1248,1.021
0.230284577,0.2231,0.9890,0.1239,1.021
0.232023385,0.2226,0.9875,0.1244,1.020
0.234016385,0.2235,0.9858,0.1261,1.019
0.235976923,0.2235,0.9860,0.1290,1.019
0.238024846,0.2240,0.9863,0.1314,1.020
0.239882731,0.2223,0.9853,0.1373,1.019
0.241864769,0.2204,0.9828,0.1419,1.017
0.244052077,0.2206,0.9816,0.1439,1.016
0.254366961,0.2235,0.9797,0.1505,1.016
0.255015269,0.2255,0.9753,0.1564,1.013
0.255458077,0.2262,0.9733,0.1593,1.012
0.255754423,0.2270,0.9675,0.1637,1.007
0.256025038,0.2272,0.9662,0.1669,1.007
0.256307077,0.2243,0.9643,0.1691,1.004
0.257631308,0.2191,0.9653,0.1688,1.004
0.259580769,0.2165,0.9655,0.1695,1.004
0.262167192,0.2116,0.9640,0.1710,1.002
0.263566423,0.2074,0.9633,0.1717,1.000
0.265531192,0.2060,0.9616,0.1720,0.998
0.267604538,0.2074,0.9601,0.1691,0.997
0.269448192,0.2086,0.9577,0.1678,0.994
0.271363154,0.2089,0.9513,0.1644,0.988
0.273335346,0.2123,0.9469,0.1600,0.984
0.275227961,0.2140,0.9435,0.1571,0.980
0.282747731,0.2187,0.9401,0.1512,0.977
0.283354885,0.2204,0.9394,0.1461,0.976
0.283655692,0.2204,0.9364,0.1446,0.973
0.283886885,0.2209,0.9345,0.1407,0.970
0.285256346,0.2201,0.9325,0.1388,0.968
0.287072885,0.2213,0.9298,0.1361,0.965
0.288978615,0.2255,0.9274,0.1344,0.964
0.290944346,0.2265,0.9259,0.1339,0.963
0.292881192,0.2284,0.9254,0.1327,0.962
0.295893423,0.2294,0.9254,0.1334,0.963
0.298695385,0.2299,0.9235,0.1373,0.962
0.299161577,0.2321,0.9225,0.1432,0.962
0.300948577,0.2309,0.9218,0.1456,0.961
0.302786385,0.2318,0.9223,0.1502,0.963
0.304698885,0.2318,0.9242,0.1549,0.965
0.307187885,0.2321,0.9262,0.1566,0.968
0.308726192,0.2331,0.9259,0.1625,0.969
0.311581885,0.2345,0.9264,0.1647,0.970
0.312569808,0.2345,0.9276,0.1666,0.971
0.314723846,0.2365,0.9298,0.1659,0.974
0.316714846,0.2362,0.9298,0.1652,0.973
0.318551,0.2343,0.9301,0.1615,0.973
0.320418769,0.2314,0.9320,0.1593,0.973
0.322371038,0.2294,0.9323,0.1568,0.973
0.324293923,0.2248,0.9337,0.1493,0.972
0.326278923,0.2226,0.9357,0.1456,0.973
0.328322692,0.2209,0.9394,0.1388,0.975
0.330280923,0.2143,0.9416,0.1305,0.974
0.332396885,0.2135,0.9420,0.1244,0.974
0.334287423,0.2116,0.9438,0.1151,0.974
0.336196231,0.2091,0.9467,0.1043,0.975
0.338314769,0.2089,0.9472,0.0994,0.975
0.340323308,0.2081,0.9482,0.0909,0.975
0.342200192,0.2101,0.9486,0.0843,0.975
0.347601615,0.2106,0.9486,0.0816,0.975
0.348136269,0.2130,0.9501,0.0777,0.977
0.348573769,0.2130,0.9494,0.0755,0.976
0.350242923,0.2150,0.9491,0.0760,0.976
0.352163923,0.2184,0.9484,0.0750,0.976
0.354117808,0.2201,0.9479,0.0755,0.976
0.355976115,0.2243,0.9477,0.0770,0.977
0.357987461,0.2250,0.9484,0.0804,0.978
0.359855,0.2262,0.9496,0.0831,0.980
0.361951346,0.2270,0.9528,0.0882,0.983
0.363999846,0.2267,0.9528,0.0914,0.984
0.365929961,0.2255,0.9552,0.0992,0.986
0.368383961,0.2277,0.9596,0.1063,0.992
0.369740884,0.2299,0.9601,0.1094,0.993
0.371755,0.2377,0.9596,0.1192,0.996
0.373738154,0.2411,0.9589,0.1253,0.997
0.375542077,0.2470,0.9591,0.1353,1.000
0.378331269,0.2565,0.9560,0.1434,1.000
0.380500808,0.2602,0.9565,0.1478,1.002
0.381720692,0.2660,0.9567,0.1593,1.006
0.383651384,0.2695,0.9557,0.1686,1.007
0.385731808,0.2722,0.9552,0.1747,1.008
0.3879075,0.2766,0.9540,0.1818,1.010
0.389593192,0.2817,0.9530,0.1859,1.011
0.391371077,0.2839,0.9521,0.1954,1.013
0.393443692,0.2861,0.9499,0.2013,1.012
0.395587346,0.2866,0.9506,0.2038,1.014
0.397597384,0.2888,0.9511,0.2089,1.016
0.399469461,0.2866,0.9494,0.2133,1.014
0.401339961,0.2844,0.9484,0.2157,1.013
0.403208231,0.2807,0.9469,0.2182,1.011
0.405145769,0.2758,0.9477,0.2211,1.011
0.407130923,0.2726,0.9482,0.2223,1.011
0.409084731,0.2670,0.9496,0.2213,1.011
0.411670654,0.2648,0.9506,0.2211,1.011
0.4136975,0.2575,0.9511,0.2216,1.010
0.415255231,0.2502,0.9528,0.2206,1.009
0.417182077,0.2465,0.9535,0.2191,1.009
0.419161884,0.2414,0.9528,0.2169,1.007
0.421247038,0.2375,0.9535,0.2123,1.005
0.423074846,0.2365,0.9538,0.2121,1.005
0.425154692,0.2338,0.9530,0.2094,1.003
0.427007577,0.2343,0.9504,0.2077,1.001
0.430148846,0.2343,0.9464,0.2042,0.996
0.431023923,0.2340,0.9464,0.1984,0.995
0.433019654,0.2338,0.9450,0.1972,0.993
0.435155346,0.2362,0.9416,0.1945,0.990
0.436791,0.2372,0.9389,0.1906,0.987
0.438690231,0.2389,0.9384,0.1893,0.987
0.440684077,0.2387,0.9369,0.1867,0.985
0.442738154,0.2375,0.9352,0.1859,0.983
0.448072692,0.2338,0.9352,0.1857,0.982
0.448998577,0.2318,0.9354,0.1835,0.981
0.449396884,0.2299,0.9352,0.1825,0.980
0.450799231,0.2272,0.9362,0.1820,0.980
0.452594846,0.2243,0.9345,0.1818,0.978
0.454516615,0.2223,0.9337,0.1808,0.977
0.456740769,0.2218,0.9359,0.1823,0.979
0.458640423,0.2206,0.9354,0.1825,0.978
0.460385154,0.2179,0.9372,0.1823,0.979
0.462444192,0.2177,0.9372,0.1837,0.979
0.464546192,0.2174,0.9369,0.1830,0.979
0.466548307,0.2143,0.9367,0.1854,0.979
0.468339154,0.2143,0.9376,0.1867,0.980
0.470233731,0.2138,0.9369,0.1869,0.979
0.472231154,0.2143,0.9379,0.1884,0.980
0.474501154,0.2160,0.9379,0.1893,0.981
0.476160884,0.2138,0.9369,0.1884,0.979
0.479352846,0.2133,0.9384,0.1881,0.981
0.486841192,0.2145,0.9398,0.1891,0.982
0.487170307,0.2143,0.9401,0.1898,0.983
0.487392461,0.2138,0.9391,0.1896,0.982
0.487610884,0.2169,0.9396,0.1879,0.982
0.487920423,0.2179,0.9376,0.1859,0.980
0.490195154,0.2184,0.9367,0.1854,0.980
0.492050615,0.2204,0.9364,0.1842,0.979
0.494108654,0.2218,0.9359,0.1813,0.979
0.497253846,0.2231,0.9352,0.1815,0.978
0.498130961,0.2243,0.9335,0.1808,0.977
0.499816538,0.2257,0.9325,0.1791,0.976
0.501754307,0.2265,0.9315,0.1796,0.975
0.503700077,0.2270,0.9289,0.1791,0.973
0.505980577,0.2279,0.9284,0.1781,0.972
0.508012192,0.2284,0.9279,0.1742,0.971
0.509873231,0.2311,0.9254,0.1717,0.969
0.513221269,0.2336,0.9245,0.1708,0.969
0.514419538,0.2382,0.9240,0.1673,0.969
0.516035538,0.2399,0.9235,0.1654,0.968
0.517716077,0.2441,0.9210,0.1620,0.966
0.519624807,0.2472,0.9213,0.1559,0.967
0.521768154,0.2489,0.9208,0.1534,0.966
0.523581038,0.2548,0.9196,0.1480,0.966
0.525586807,0.2577,0.9181,0.1441,0.964
0.528961769,0.2587,0.9191,0.1424,0.965
0.529988692,0.2599,0.9188,0.1380,0.965
0.532377384,0.2614,0.9191,0.1361,0.965
0.535461,0.2619,0.9191,0.1331,0.965
0.536386961,0.2634,0.9198,0.1307,0.966
0.537483154,0.2631,0.9201,0.1295,0.966
0.539459884,0.2621,0.9223,0.1268,0.967
0.5415305,0.2617,0.9223,0.1234,0.967
0.543503038,0.2621,0.9227,0.1229,0.967
0.555076654,0.2617,0.9264,0.1195,0.970
0.556614154,0.2619,0.9281,0.1175,0.971
0.557900846,0.2597,0.9311,0.1156,0.973
0.558914,0.2590,0.9330,0.1124,0.975
0.559954038,0.2590,0.9333,0.1119,0.975
0.561045192,0.2582,0.9379,0.1116,0.979
0.562095884,0.2551,0.9396,0.1107,0.980
0.563393577,0.2563,0.9406,0.1109,0.981
0.564314769,0.2575,0.9440,0.1129,0.985
0.565406038,0.2570,0.9455,0.1141,0.986
0.566590923,0.2555,0.9469,0.1192,0.988
0.567697692,0.2536,0.9489,0.1248,0.990
0.577537961,0.2526,0.9504,0.1285,0.992
0.579253884,0.2516,0.9496,0.1375,0.992
0.580579038,0.2499,0.9508,0.1459,0.994
0.581676884,0.2485,0.9516,0.1515,0.995
0.582787461,0.2463,0.9535,0.1630,0.998
0.583871807,0.2441,0.9540,0.1678,0.999
0.585131077,0.2424,0.9545,0.1786,1.001
0.586281654,0.2411,0.9540,0.1893,1.002
0.587428961,0.2402,0.9540,0.1932,1.003
0.58822173,0.2380,0.9540,0.2040,1.004
0.58923273,0.2350,0.9572,0.2135,1.008
0.590841346,0.2328,0.9587,0.2177,1.010
0.592557192,0.2267,0.9594,0.2255,1.011
0.597468846,0.2253,0.9601,0.2282,1.012
0.599150192,0.2211,0.9626,0.2309,1.014
0.600245577,0.2189,0.9618,0.2365,1.014
0.601475769,0.2167,0.9621,0.2394,1.015
0.602710461,0.2135,0.9645,0.2409,1.017
0.604382961,0.2101,0.9638,0.2384,1.015
0.606494846,0.2084,0.9638,0.2375,1.014
0.608439423,0.2052,0.9648,0.2365,1.014
0.610274654,0.2038,0.9643,0.2340,1.013
0.613386,0.2016,0.9648,0.2289,1.012
0.614994577,0.1986,0.9643,0.2250,1.010
0.616142346,0.1957,0.9643,0.2228,1.009
0.618229307,0.1893,0.9645,0.2143,1.006
0.620049769,0.1867,0.9638,0.2106,1.004
0.622362307,0.1864,0.9626,0.2020,1.001
0.624182884,0.1840,0.9631,0.1908,0.999
0.626149154,0.1823,0.9621,0.1859,0.997
0.628910961,0.1769,0.9623,0.1766,0.994
0.630174077,0.1752,0.9609,0.1676,0.991
0.632568461,0.1747,0.9613,0.1637,0.991
0.634265,0.1722,0.9613,0.1522,0.988
0.635827115,0.1676,0.9611,0.1468,0.987
0.637937538,0.1664,0.9599,0.1366,0.984
0.639561923,0.1649,0.9577,0.1268,0.980
0.641562923,0.1627,0.9577,0.1229,0.979
0.643632269,0.1608,0.9596,0.1141,0.980
0.648619654,0.1573,0.9623,0.1065,0.981
0.649169923,0.1561,0.9621,0.1031,0.980
0.649814038,0.1544,0.9611,0.0982,0.978
0.651588923,0.1507,0.9616,0.0950,0.978
0.65373073,0.1507,0.9623,0.0928,0.978
0.655433307,0.1495,0.9621,0.0899,0.978
0.657706269,0.1485,0.9633,0.0897,0.979
0.659490538,0.1485,0.9631,0.0906,0.979
0.661447577,0.1483,0.9640,0.0928,0.980
0.672297615,0.1485,0.9657,0.0943,0.982
0.672763769,0.1498,0.9650,0.0960,0.981
0.673016307,0.1500,0.9667,0.0999,0.983
0.673244961,0.1495,0.9672,0.1024,0.984
0.673543269,0.1498,0.9665,0.1094,0.984
0.673772384,0.1495,0.9672,0.1138,0.985
0.675350077,0.1498,0.9687,0.1187,0.987
0.677021538,0.1524,0.9694,0.1248,0.989
0.681055692,0.1542,0.9704,0.1280,0.991
0.682214,0.1551,0.9733,0.1341,0.995
0.683376846,0.1566,0.9740,0.1417,0.997
0.685134769,0.1571,0.9755,0.1454,0.999
0.687217961,0.1568,0.9770,0.1517,1.001
0.6890765,0.1578,0.9782,0.1546,1.003
0.690821884,0.1603,0.9809,0.1590,1.007
0.6929565,0.1610,0.9824,0.1652,1.009
0.6962015,0.1615,0.9843,0.1695,1.012
0.696682307,0.1639,0.9855,0.1737,1.014
0.699670692,0.1647,0.9875,0.1761,1.016
0.700856307,0.1632,0.9907,0.1801,1.020
0.702749192,0.1671,0.9914,0.1847,1.022
0.705196,0.1681,0.9924,0.1857,1.023
0.706779153,0.1691,0.9958,0.1871,1.027
0.710530077,0.1710,0.9958,0.1886,1.028
0.711339923,0.1710,0.9960,0.1901,1.028
0.714865653,0.1703,0.9953,0.1940,1.028
0.716168192,0.1710,0.9955,0.1962,1.029
0.717212038,0.1730,0.9997,0.1989,1.034
0.722510884,0.1732,1.0021,0.1976,1.036
0.723310884,0.1735,1.0031,0.1976,1.037
0.72395473,0.1732,1.0043,0.1969,1.038
0.724914692,0.1744,1.0075,0.1959,1.041
0.726529077,0.1744,1.0087,0.1962,1.042
0.731083077,0.1747,1.0102,0.1947,1.044
0.735498538,0.1749,1.0114,0.1950,1.045
0.736689038,0.1754,1.0144,0.1964,1.048
0.737761115,0.1769,1.0168,0.1950,1.050
0.738839,0.1774,1.0185,0.1940,1.052
0.739542846,0.1779,1.0185,0.1915,1.052
0.7405225,0.1783,1.0185,0.1908,1.051
0.74236373,0.1779,1.0190,0.1908,1.052
0.744296923,0.1776,1.0190,0.1915,1.052
0.754977615,0.1776,1.0188,0.1896,1.051
0.756535884,0.1788,1.0210,0.1886,1.054
0.75784823,0.1783,1.0219,0.1862,1.054
0.758773192,0.1791,1.0219,0.1862,1.054
0.759822192,0.1788,1.0214,0.1867,1.054
0.760708077,0.1791,1.0217,0.1884,1.054
0.761920846,0.1798,1.0212,0.1898,1.054
0.762255384,0.1779,1.0190,0.1920,1.052
0.762490423,0.1766,1.0185,0.1918,1.051
0.774679769,0.1764,1.0183,0.1903,1.051
0.775353576,0.1769,1.0158,0.1896,1.048
0.775652038,0.1757,1.0148,0.1898,1.047
0.775893269,0.1735,1.0124,0.1913,1.045
0.776142923,0.1722,1.0112,0.1925,1.044
0.776364346,0.1713,1.0085,0.1932,1.041
0.776600961,0.1678,1.0063,0.1947,1.039
0.785252576,0.1661,1.0048,0.1959,1.037
0.786083769,0.1652,0.9999,0.1976,1.033
0.78640973,0.1632,0.9980,0.1986,1.031
0.786656192,0.1617,0.9973,0.1986,1.030
0.787289653,0.1583,0.9951,0.1998,1.027
0.787582692,0.1561,0.9914,0.2008,1.024
0.789665115,0.1554,0.9907,0.2028,1.023
0.791949769,0.1534,0.9868,0.2050,1.019
0.79311473,0.1520,0.9843,0.2047,1.017
0.796427115,0.1493,0.9824,0.2047,1.015
0.797732923,0.1480,0.9806,0.2030,1.012
0.7995585,0.1468,0.9792,0.2020,1.011
0.801432384,0.1434,0.9755,0.1998,1.006
0.803581346,0.1415,0.9736,0.1981,1.004
0.805093692,0.1393,0.9687,0.1972,0.998
0.807522076,0.1371,0.9655,0.1937,0.994
0.808994076,0.1363,0.9643,0.1928,0.993
0.81143973,0.1353,0.9601,0.1910,0.988
0.813689923,0.1331,0.9557,0.1879,0.983
0.815067423,0.1327,0.9547,0.1867,0.982
0.817073615,0.1297,0.9521,0.1845,0.978
0.819266884,0.1278,0.9501,0.1820,0.976
0.821084307,0.1268,0.9474,0.1808,0.973
0.823228192,0.1261,0.9418,0.1779,0.967
0.824886307,0.1256,0.9389,0.1769,0.964
0.827034884,0.1239,0.9367,0.1732,0.961
0.830130615,0.1226,0.9320,0.1722,0.956
0.8308385,0.1209,0.9308,0.1720,0.954
0.832791307,0.1175,0.9291,0.1708,0.952
0.835106961,0.1153,0.9245,0.1681,0.947
0.836891115,0.1136,0.9220,0.1683,0.944
0.839105653,0.1134,0.9193,0.1686,0.942
0.840586692,0.1121,0.9181,0.1676,0.940
0.842844,0.1119,0.9171,0.1683,0.939
0.844676807,0.1099,0.9147,0.1688,0.937
0.849526153,0.1099,0.9127,0.1691,0.935
0.850129615,0.1092,0.9086,0.1700,0.931
0.850649461,0.1097,0.9078,0.1722,0.931
0.8527285,0.1099,0.9071,0.1739,0.930
0.854649923,0.1094,0.9064,0.1759,0.930
0.8565835,0.1097,0.9049,0.1764,0.928
0.858720653,0.1094,0.9042,0.1766,0.928
0.860394384,0.1063,0.9017,0.1749,0.925
0.867958307,0.1053,0.9017,0.1722,0.924
0.868638423,0.1029,0.9022,0.1691,0.924
0.868937884,0.1002,0.9017,0.1654,0.922
0.869203653,0.0992,0.9017,0.1647,0.922
0.870575076,0.0938,0.9015,0.1605,0.920
0.872441307,0.0923,0.9020,0.1595,0.921
0.874505461,0.0914,0.9037,0.1568,0.922
0.875941923,0.0901,0.9052,0.1534,0.922
0.877884461,0.0901,0.9052,0.1498,0.922
0.880111461,0.0870,0.9071,0.1422,0.922
0.882057692,0.0882,0.9086,0.1334,0.923
0.883915269,0.0909,0.9091,0.1297,0.923
0.886212499,0.0953,0.9078,0.1248,0.921
0.887915499,0.0975,0.9071,0.1234,0.921
0.889856307,0.1004,0.9071,0.1182,0.920
0.891863461,0.1053,0.9066,0.1148,0.920
0.893952653,0.1063,0.9061,0.1134,0.919
0.897446423,0.1077,0.9052,0.1141,0.919
0.898367615,0.1085,0.9066,0.1178,0.921
0.899871423,0.1094,0.9061,0.1192,0.920
0.901848807,0.1116,0.9078,0.1224,0.923
0.903677038,0.1134,0.9100,0.1253,0.926
0.905765384,0.1151,0.9110,0.1361,0.928
0.907689153,0.1182,0.9122,0.1432,0.931
0.909639923,0.1204,0.9132,0.1483,0.933
0.91192173,0.1219,0.9144,0.1556,0.936
0.914561307,0.1248,0.9157,0.1608,0.938
0.915557269,0.1261,0.9183,0.1634,0.941
0.918043115,0.1268,0.9223,0.1678,0.946
0.919717153,0.1278,0.9235,0.1691,0.947
0.921450653,0.1268,0.9267,0.1713,0.951
0.92372423,0.1246,0.9301,0.1713,0.954
0.925520115,0.1246,0.9328,0.1700,0.956
0.927437153,0.1236,0.9391,0.1691,0.962
0.93054273,0.1217,0.9420,0.1673,0.964
0.931500076,0.1192,0.9489,0.1610,0.970
0.933359038,0.1175,0.9535,0.1534,0.973
0.935386076,0.1163,0.9555,0.1493,0.974
0.937347923,0.1141,0.9589,0.1407,0.976
0.939298576,0.1094,0.9621,0.1300,0.977
0.941095884,0.1085,0.9648,0.1248,0.979
0.943255846,0.1077,0.9697,0.1151,0.982
0.94498173,0.1068,0.9701,0.1097,0.982
0.95061273,0.1058,0.9726,0.0992,0.983
0.951449538,0.1063,0.9719,0.0931,0.982
0.951786346,0.1073,0.9736,0.0914,0.984
0.952976923,0.1090,0.9767,0.0855,0.987
0.955143307,0.1107,0.9775,0.0831,0.987
0.956839499,0.1126,0.9745,0.0811,0.984
0.95884523,0.1141,0.9767,0.0811,0.987
0.960937307,0.1153,0.9772,0.0811,0.987
0.972570538,0.1165,0.9750,0.0838,0.986
0.973483384,0.1187,0.9733,0.0880,0.984
0.973837461,0.1200,0.9728,0.0916,0.984
0.974114692,0.1217,0.9716,0.0994,0.984
0.974386692,0.1241,0.9723,0.1068,0.986
0.974638192,0.1258,0.9721,0.1102,0.986
0.974982115,0.1263,0.9726,0.1187,0.988
0.976548538,0.1280,0.9738,0.1236,0.990
0.978929038,0.1280,0.9755,0.1349,0.993
0.98255873,0.1317,0.9770,0.1451,0.996
0.983398461,0.1329,0.9770,0.1485,0.997
0.98443523,0.1346,0.9799,0.1566,1.001
0.986652499,0.1371,0.9821,0.1649,1.005
0.988526884,0.1393,0.9841,0.1673,1.008
0.990647999,0.1422,0.9868,0.1735,1.012
0.992252307,0.1437,0.9885,0.1759,1.014
0.994179307,0.1446,0.9924,0.1805,1.019
0.997482653,0.1473,0.9946,0.1835,1.022
0.998404384,0.1478,0.9958,0.1842,1.023
1.001933384,0.1483,0.9985,0.1852,1.026
1.002501922,0.1468,1.0024,0.1859,1.030
1.004061653,0.1471,1.0031,0.1859,1.031
1.006172999,0.1488,1.0068,0.1862,1.035
1.008172422,0.1488,1.0080,0.1864,1.036
1.010077269,0.1485,1.0100,0.1845,1.037
1.012140807,0.1478,1.0129,0.1801,1.039
1.014251692,0.1468,1.0139,0.1793,1.040
1.016005807,0.1456,1.0163,0.1774,1.042
1.018077692,0.1461,1.0168,0.1774,1.042
1.020010076,0.1466,1.0175,0.1764,1.043
1.02197323,0.1449,1.0175,0.1752,1.043
1.023827038,0.1439,1.0168,0.1749,1.042
1.025825653,0.1456,1.0183,0.1737,1.043
1.027669307,0.1463,1.0197,0.1722,1.044
1.030421422,0.1473,1.0200,0.1710,1.045
1.032230384,0.1461,1.0205,0.1708,1.045
1.034313615,0.1483,1.0188,0.1710,1.044
1.035859961,0.1483,1.0183,0.1710,1.043
1.037778076,0.1495,1.0197,0.1708,1.045
1.039762038,0.1502,1.0197,0.1710,1.045
1.042165307,0.1522,1.0200,0.1735,1.046
1.04376873,0.1524,1.0212,0.1754,1.047
1.050890576,0.1527,1.0205,0.1754,1.047
1.051659769,0.1524,1.0192,0.1735,1.045
1.051989922,0.1554,1.0190,0.1739,1.045
1.052293461,0.1556,1.0212,0.1752,1.048
1.053551692,0.1561,1.0217,0.1737,1.048
1.055561192,0.1586,1.0202,0.1725,1.047
1.057598461,0.1593,1.0202,0.1735,1.047
1.05972623,0.1583,1.0178,0.1725,1.044
1.061459346,0.1588,1.0173,0.1717,1.044
1.07151323,0.1598,1.0175,0.1703,1.044
1.072369038,0.1586,1.0153,0.1703,1.042
1.072818038,0.1588,1.0151,0.1695,1.041
1.073220653,0.1581,1.0168,0.1664,1.042
1.07370523,0.1586,1.0141,0.1630,1.039
1.074122769,0.1583,1.0134,0.1620,1.038
1.075360615,0.1566,1.0131,0.1598,1.038
1.076986307,0.1561,1.0124,0.1588,1.037
1.080918769,0.1551,1.0100,0.1578,1.034
1.082000307,0.1534,1.0109,0.1561,1.034
1.083078846,0.1532,1.0109,0.1566,1.034
1.085055499,0.1510,1.0087,0.1556,1.032
1.087104922,0.1485,1.0075,0.1578,1.031
1.089002076,0.1480,1.0061,0.1578,1.029
1.091023153,0.1461,1.0039,0.1571,1.027
1.092831153,0.1449,1.0034,0.1578,1.026
1.095447038,0.1437,1.0009,0.1595,1.024
1.098594769,0.1400,1.0012,0.1627,1.024
1.100330115,0.1375,1.0009,0.1647,1.024
1.101770499,0.1349,0.9997,0.1683,1.023
1.103060999,0.1307,1.0009,0.1727,1.024
1.104952461,0.1280,1.0024,0.1752,1.026
1.106789961,0.1246,1.0039,0.1835,1.028
1.108716038,0.1222,1.0061,0.1876,1.031
1.110733807,0.1195,1.0090,0.1950,1.035
1.112611076,0.1153,1.0131,0.2030,1.040
1.116009384,0.1129,1.0158,0.2067,1.043
1.117815115,0.1094,1.0207,0.2116,1.048
1.119047269,0.1077,1.0229,0.2160,1.051
1.120625576,0.1058,1.0239,0.2204,1.053
1.122535769,0.1065,1.0278,0.2216,1.057
1.124461999,0.1073,1.0293,0.2231,1.059
1.126472345,0.1065,1.0341,0.2245,1.064
1.128471499,0.1046,1.0376,0.2253,1.067
1.131563307,0.1033,1.0403,0.2262,1.070
1.133350615,0.1029,1.0447,0.2257,1.074
1.136235461,0.1007,1.0466,0.2265,1.076
1.137592038,0.0965,1.0505,0.2245,1.079
1.138716384,0.0963,1.0564,0.2206,1.083
1.140102807,0.0943,1.0588,0.2189,1.085
1.142181307,0.0911,1.0630,0.2143,1.088
1.144131153,0.0897,1.0679,0.2108,1.092
1.146073615,0.0887,1.0708,0.2074,1.094
1.157469422,0.0872,1.0752,0.1991,1.097
1.158371345,0.0865,1.0789,0.1952,1.100
1.15878723,0.0862,1.0859,0.1849,1.105
1.15917423,0.0867,1.0923,0.1732,1.109
1.159538845,0.0887,1.0950,0.1664,1.111
1.159928307,0.0919,1.0989,0.1539,1.113
1.160332461,0.0950,1.1011,0.1427,1.114
1.162096538,0.0965,1.1077,0.1375,1.120
1.18149423,0.0982,1.1126,0.1292,1.124
1.18224573,0.1009,1.1155,0.1248,1.127
1.182563038,0.1043,1.1194,0.1165,1.130
1.182852307,0.1087,1.1231,0.1146,1.134
1.183139269,0.1114,1.1245,0.1151,1.136
1.183419499,0.1156,1.1277,0.1129,1.139
1.183736692,0.1182,1.1285,0.1112,1.140
1.184009538,0.1197,1.1285,0.1116,1.140
1.184295038,0.1214,1.1309,0.1141,1.143
1.184568384,0.1229,1.1309,0.1163,1.143
1.184857038,0.1226,1.1311,0.1219,1.144
1.185428769,0.1244,1.1299,0.1248,1.144
1.187440884,0.1241,1.1285,0.1266,1.142
1.189354884,0.1241,1.1272,0.1295,1.141
1.191551269,0.1219,1.1248,0.1344,1.139
1.193351653,0.1202,1.1241,0.1361,1.139
1.195340153,0.1160,1.1201,0.1383,1.135
1.197542999,0.1158,1.1197,0.1388,1.134
1.199392769,0.1129,1.1162,0.1393,1.131
1.200954461,0.1104,1.1133,0.1397,1.127
1.203267345,0.1092,1.1128,0.1388,1.127
1.205061153,0.1082,1.1094,0.1375,1.123
1.20717023,0.1090,1.1060,0.1361,1.120
1.20889423,0.1077,1.1035,0.1358,1.117
1.210987422,0.1073,1.1001,0.1346,1.113
1.214380692,0.1085,1.0984,0.1334,1.112
1.214991499,0.1087,1.0962,0.1305,1.109
1.216945038,0.1129,1.0935,0.1285,1.107
1.218738845,0.1146,1.0911,0.1273,1.104
1.220698692,0.1180,1.0891,0.1246,1.103
1.22283173,0.1241,1.0869,0.1234,1.101
1.224540884,0.1292,1.0837,0.1224,1.098
1.226725384,0.1385,1.0833,0.1214,1.099
1.22885623,0.1439,1.0855,0.1185,1.101
1.231900615,0.1566,1.0877,0.1124,1.105
1.233506461,0.1688,1.0916,0.1097,1.110
1.235458961,0.1752,1.0942,0.1085,1.113
1.236982076,0.1898,1.1004,0.1053,1.122
1.23889623,0.2020,1.1099,0.1024,1.133
1.240652615,0.2084,1.1150,0.1004,1.139
1.242863345,0.2204,1.1241,0.0989,1.150
1.24464623,0.2318,1.1299,0.0989,1.158
1.255363653,0.2375,1.1409,0.0997,1.170
1.256929961,0.2492,1.1502,0.1007,1.181
1.258064192,0.2555,1.1553,0.1014,1.188
1.259245692,0.2685,1.1649,0.1053,1.200
1.260377461,0.2819,1.1734,0.1085,1.212
1.261526038,0.2880,1.1773,0.1116,1.217
1.262097768,0.2985,1.1832,0.1180,1.226
1.262501845,0.3093,1.1864,0.1209,1.232
1.262881307,0.3147,1.1917,0.1241,1.239
1.27658473,0.3247,1.1961,0.1278,1.246
1.277426038,0.3286,1.1976,0.1290,1.249
1.277778692,0.3371,1.1964,0.1314,1.250
1.278085076,0.3447,1.1942,0.1334,1.250
1.278387461,0.3469,1.1937,0.1314,1.250
1.27869773,0.3501,1.1915,0.1287,1.249
1.279008615,0.3523,1.1893,0.1273,1.247
1.279313576,0.3535,1.1844,0.1244,1.242
1.28666723,0.3523,1.1810,0.1197,1.238
1.287371153,0.3511,1.1783,0.1168,1.235
1.28767573,0.3476,1.1710,0.1102,1.226
1.287981999,0.3408,1.1617,0.1046,1.215
1.292912576,0.3389,1.1573,0.1014,1.210
1.293221768,0.3357,1.1451,0.0982,1.197
1.293529499,0.3288,1.1399,0.0970,1.190
1.294069345,0.3244,1.1297,0.0921,1.179
1.295927961,0.3198,1.1167,0.0892,1.165
1.298061499,0.3178,1.1113,0.0884,1.159
1.299647768,0.3120,1.0979,0.0875,1.145
1.301656345,0.3056,1.0833,0.0889,1.129
1.303560922,0.3025,1.0752,0.0889,1.120
1.305515038,0.2981,1.0598,0.0875,1.104
1.307612538,0.2954,1.0517,0.0877,1.096
1.309600538,0.2902,1.0359,0.0884,1.079
1.311426268,0.2875,1.0197,0.0892,1.063
1.314770922,0.2856,1.0122,0.0884,1.055
1.316520345,0.2810,0.9951,0.0865,1.038
1.31762573,0.2792,0.9755,0.0858,1.018
1.319394884,0.2778,0.9672,0.0853,1.010
1.321340615,0.2741,0.9508,0.0823,0.993
1.323303615,0.2724,0.9411,0.0806,0.983
1.325163538,0.2717,0.9218,0.0730,0.964
1.327336691,0.2709,0.9044,0.0652,0.946
1.329487807,0.2687,0.8961,0.0616,0.938
1.332192615,0.2663,0.8793,0.0533,0.920
1.333153384,0.2668,0.8626,0.0430,0.904
1.335332653,0.2660,0.8543,0.0381,0.896
1.337246653,0.2663,0.8397,0.0257,0.881
1.339372538,0.2665,0.8328,0.0193,0.875
1.341433038,0.2678,0.8182,0.0061,0.861
1.343411961,0.2685,0.8035,-0.0071,0.847
1.345119384,0.2692,0.7967,-0.0147,0.841
1.358288499,0.2704,0.7852,-0.0271,0.831
1.360009191,0.2700,0.7715,-0.0420,0.818
1.361236422,0.2690,0.7657,-0.0491,0.813
1.36269523,0.2685,0.7571,-0.0613,0.806
1.364030268,0.2695,0.7481,-0.0735,0.799
1.365631807,0.2709,0.7429,-0.0818,0.795
1.366842191,0.2722,0.7346,-0.0945,0.789
1.36787773,0.2739,0.7315,-0.0992,0.787
1.368954115,0.2780,0.7239,-0.1112,0.783
1.37005223,0.2822,0.7178,-0.1200,0.781
1.370418999,0.2841,0.7158,-0.1256,0.780
1.370725461,0.2868,0.7131,-0.1312,0.780
1.371049268,0.2900,0.7124,-0.1371,0.781
1.385075961,0.2922,0.7114,-0.1383,0.781
1.385842461,0.2968,0.7119,-0.1385,0.784
1.386214691,0.2995,0.7119,-0.1393,0.785
1.386593653,0.3056,0.7129,-0.1393,0.788
1.386887461,0.3098,0.7151,-0.1358,0.791
1.387198115,0.3125,0.7173,-0.1341,0.794
1.387501384,0.3178,0.7212,-0.1280,0.798
1.387805038,0.3203,0.7280,-0.1217,0.805
1.388866999,0.3225,0.7319,-0.1168,0.808
1.390712615,0.3244,0.7388,-0.1073,0.814
1.392638076,0.3249,0.7427,-0.1029,0.817
1.394703307,0.3269,0.7544,-0.0931,0.827
1.396640884,0.3254,0.7642,-0.0806,0.834
1.398623038,0.3257,0.7698,-0.0750,0.839
1.400199422,0.3249,0.7818,-0.0621,0.849
1.402525038,0.3222,0.7876,-0.0511,0.853
1.404154691,0.3208,0.8038,-0.0440,0.867
1.405968615,0.3188,0.8209,-0.0310,0.881
1.407961499,0.3171,0.8297,-0.0261,0.889
1.410209538,0.3127,0.8465,-0.0154,0.903
1.411843807,0.3100,0.8651,-0.0032,0.919
1.41437173,0.3086,0.8751,0.0029,0.928
1.416023922,0.3051,0.8951,0.0125,0.946
1.417877307,0.3037,0.9039,0.0161,0.954
1.420004653,0.3005,0.9215,0.0239,0.970
1.422003653,0.2956,0.9406,0.0310,0.986
1.423795345,0.2949,0.9484,0.0344,0.994
1.425796614,0.2932,0.9667,0.0403,1.011
1.427779076,0.2927,0.9848,0.0464,1.028
1.43099273,0.2939,0.9929,0.0489,1.037
1.432103076,0.2959,1.0083,0.0535,1.052
1.433746653,0.2956,1.0151,0.0562,1.059
1.436253076,0.2939,1.0290,0.0623,1.072
1.437599038,0.2927,1.0412,0.0682,1.084
1.43974523,0.2932,1.0469,0.0696,1.089
1.441605653,0.2934,1.0569,0.0757,1.099
1.443739307,0.2934,1.0610,0.0814,1.104
1.445449307,0.2924,1.0696,0.0821,1.112
1.450394922,0.2912,1.0762,0.0836,1.118
1.450957114,0.2902,1.0791,0.0828,1.121
1.451544191,0.2868,1.0835,0.0823,1.124
1.453463461,0.2800,1.0877,0.0816,1.126
1.455275614,0.2780,1.0884,0.0796,1.126
1.457300614,0.2731,1.0908,0.0792,1.127
1.459503653,0.2682,1.0911,0.0774,1.126
1.461159807,0.2663,1.0879,0.0765,1.123
1.471725076,0.2619,1.0857,0.0730,1.119
1.47273023,0.2582,1.0828,0.0718,1.115
1.473667999,0.2546,1.0752,0.0694,1.107
1.474356191,0.2519,1.0679,0.0674,1.099
1.475068961,0.2499,1.0637,0.0674,1.095
1.475730499,0.2475,1.0530,0.0635,1.084
1.476414384,0.2465,1.0464,0.0647,1.077
1.477689538,0.2467,1.0322,0.0669,1.063
1.479084614,0.2489,1.0190,0.0708,1.051
1.482265653,0.2492,1.0122,0.0721,1.045
1.483809653,0.2494,0.9970,0.0767,1.031
1.489357961,0.2487,0.9850,0.0831,1.019
1.492806999,0.2482,0.9789,0.0862,1.014
1.493842268,0.2463,0.9635,0.0960,0.999
1.494522384,0.2460,0.9591,0.1007,0.995
1.495375307,0.2428,0.9486,0.1099,0.985
1.496063076,0.2416,0.9364,0.1195,0.974
1.499441114,0.2416,0.9311,0.1251,0.970
1.500903345,0.2402,0.9174,0.1361,0.958
1.502052961,0.2414,0.9049,0.1461,0.948
1.503171884,0.2421,0.8986,0.1510,0.943
1.50465273,0.2431,0.8893,0.1578,0.935
1.506791538,0.2431,0.8841,0.1590,0.931
1.508399614,0.2419,0.8756,0.1605,0.922
1.510528038,0.2409,0.8668,0.1610,0.914
1.512389114,0.2397,0.8619,0.1627,0.909
1.515283268,0.2377,0.8546,0.1637,0.902
1.516702461,0.2377,0.8507,0.1608,0.898
1.51875073,0.2375,0.8473,0.1586,0.894
1.520294884,0.2362,0.8394,0.1529,0.885
1.522449307,0.2331,0.8370,0.1476,0.881
1.524348461,0.2299,0.8314,0.1434,0.874
1.526474691,0.2253,0.8238,0.1341,0.865
1.528334576,0.2233,0.8209,0.1305,0.861
1.532626191,0.2201,0.8135,0.1214,0.851
1.534199345,0.2179,0.8077,0.1119,0.844
1.535989153,0.2167,0.8040,0.1075,0.840
1.53709373,0.2125,0.7977,0.1019,0.832
1.538256384,0.2106,0.7945,0.0967,0.828
1.539999807,0.2096,0.7867,0.0963,0.820
1.542067807,0.2089,0.7803,0.0938,0.813
1.544196037,0.2091,0.7766,0.0933,0.810
1.546392307,0.2091,0.7691,0.0936,0.802
1.555517345,0.2096,0.7642,0.0943,0.798
1.556955961,0.2101,0.7615,0.0958,0.796
1.558181999,0.2094,0.7537,0.0997,0.789
1.559255576,0.2084,0.7498,0.1009,0.785
1.560344461,0.2060,0.7424,0.1055,0.778
1.561118807,0.2038,0.7378,0.1104,0.773
1.561806653,0.2023,0.7344,0.1134,0.770
1.562140114,0.1998,0.7322,0.1207,0.769
1.57671423,0.1962,0.7295,0.1275,0.766
1.577357422,0.1950,0.7283,0.1307,0.765
1.577616191,0.1930,0.7307,0.1373,0.768
1.577851537,0.1918,0.7319,0.1415,0.770
1.578072961,0.1903,0.7329,0.1502,0.772
1.578320114,0.1876,0.7376,0.1564,0.777
1.578552384,0.1864,0.7390,0.1598,0.779
1.578795191,0.1864,0.7444,0.1627,0.784
1.579475114,0.1867,0.7495,0.1634,0.790
1.585064191,0.1871,0.7542,0.1630,0.794
1.585643576,0.1891,0.7617,0.1649,0.802
1.585900807,0.1893,0.7671,0.1649,0.807
1.591414076,0.1908,0.7766,0.1652,0.817
1.591688076,0.1937,0.7872,0.1634,0.827
1.591931807,0.1945,0.7938,0.1630,0.833
1.59308423,0.1979,0.8033,0.1595,0.843
1.595046191,0.2013,0.8155,0.1561,0.854
1.598133076,0.2023,0.8214,0.1544,0.860
1.600279461,0.2052,0.8336,0.1495,0.871
1.600965461,0.2060,0.8407,0.1471,0.878
1.603222268,0.2111,0.8548,0.1444,0.892
1.604969922,0.2157,0.8663,0.1427,0.904
1.607140114,0.2184,0.8724,0.1427,0.911
1.609139768,0.2204,0.8837,0.1368,0.921
1.611224037,0.2240,0.8954,0.1358,0.933
1.612913961,0.2257,0.9012,0.1361,0.939
1.615809461,0.2311,0.9132,0.1341,0.952
1.617188268,0.2367,0.9174,0.1331,0.957
1.618923037,0.2387,0.9245,0.1344,0.964
1.620757268,0.2438,0.9335,0.1385,0.975
1.622977807,0.2465,0.9369,0.1402,0.979
1.624746037,0.2504,0.9440,0.1410,0.987
1.626939153,0.2577,0.9489,0.1439,0.994
1.628708845,0.2609,0.9521,0.1459,0.998
1.631846499,0.2660,0.9579,0.1488,1.005
1.633600999,0.2741,0.9604,0.1507,1.010
1.634924191,0.2780,0.9635,0.1522,1.014
1.636651307,0.2868,0.9657,0.1564,1.019
1.63875023,0.2893,0.9662,0.1586,1.021
1.640606307,0.2941,0.9660,0.1593,1.022
1.642702499,0.3012,0.9672,0.1612,1.026
1.644455845,0.3054,0.9675,0.1622,1.027
1.646830922,0.3095,0.9670,0.1649,1.029
1.657374768,0.3169,0.9660,0.1656,1.030
1.658984691,0.3191,0.9640,0.1693,1.029
1.660185614,0.3232,0.9604,0.1676,1.027
1.66143973,0.3266,0.9584,0.1678,1.026
1.662539268,0.3303,0.9533,0.1695,1.023
1.664005191,0.3340,0.9491,0.1676,1.020
1.665374884,0.3357,0.9477,0.1666,1.019
1.666724345,0.3379,0.9420,0.1644,1.014
1.668218307,0.3381,0.9401,0.1639,1.012
1.669685345,0.3393,0.9352,0.1632,1.008
1.670092653,0.3391,0.9311,0.1598,1.004
1.670332076,0.3389,0.9281,0.1588,1.001
1.678278845,0.3401,0.9223,0.1559,0.995
1.67875946,0.3415,0.9188,0.1529,0.992
1.679005384,0.3408,0.9164,0.1527,0.990
1.679248499,0.3369,0.9096,0.1505,0.982
1.679931037,0.3354,0.9064,0.1493,0.978
1.687220576,0.3332,0.9005,0.1473,0.971
1.687708807,0.3315,0.8959,0.1456,0.966
1.68796273,0.3303,0.8934,0.1449,0.963
1.688202114,0.3264,0.8863,0.1432,0.955
1.689785576,0.3227,0.8829,0.1415,0.951
1.691791884,0.3208,0.8805,0.1415,0.948
1.693673807,0.3191,0.8780,0.1439,0.945
1.695590576,0.3171,0.8761,0.1434,0.943
1.699356537,0.3149,0.8722,0.1456,0.939
1.699896576,0.3108,0.8675,0.1459,0.933
1.701610807,0.3095,0.8656,0.1480,0.931
1.703337153,0.3086,0.8634,0.1498,0.929
1.70542473,0.3059,0.8590,0.1507,0.924
1.707429422,0.3046,0.8575,0.1515,0.923
1.709486884,0.3049,0.8565,0.1537,0.922
1.711567807,0.3054,0.8546,0.1549,0.921
1.713644845,0.3078,0.8512,0.1564,0.919
1.71639446,0.3078,0.8497,0.1588,0.918
1.717799307,0.3078,0.8490,0.1578,0.917
1.719568845,0.3059,0.8495,0.1576,0.916
1.72190923,0.3054,0.8517,0.1571,0.918
1.723410384,0.3034,0.8524,0.1576,0.918
1.725502191,0.2993,0.8556,0.1612,0.921
1.72752573,0.2978,0.8568,0.1617,0.921
1.729220307,0.2959,0.8585,0.1617,0.922
1.73274796,0.2929,0.8624,0.1620,0.925
1.736641114,0.2929,0.8644,0.1627,0.927
1.737999807,0.2937,0.8688,0.1642,0.932
1.739378114,0.2924,0.8722,0.1649,0.935
1.740533614,0.2929,0.8751,0.1654,0.938
1.741948614,0.2929,0.8797,0.1683,0.942
1.743166383,0.2927,0.8815,0.1700,0.944
1.745052499,0.2939,0.8863,0.1703,0.949
1.756134999,0.2968,0.8942,0.1708,0.957
1.75781873,0.2976,0.8971,0.1708,0.960
1.758869307,0.2941,0.9015,0.1725,0.964
1.759832499,0.2949,0.9078,0.1725,0.970
1.760829999,0.2949,0.9115,0.1730,0.974
1.76202073,0.2912,0.9164,0.1713,0.977
1.763270653,0.2902,0.9191,0.1715,0.979
1.764518922,0.2900,0.9254,0.1705,0.985
1.765732845,0.2873,0.9306,0.1681,0.988
1.766620345,0.2873,0.9325,0.1683,0.990
1.767676383,0.2866,0.9369,0.1691,0.994
1.779526268,0.2880,0.9428,0.1678,1.000
1.780106768,0.2888,0.9455,0.1671,1.003
1.780349114,0.2885,0.9494,0.1654,1.006
1.780586307,0.2890,0.9496,0.1639,1.006
1.780810883,0.2900,0.9506,0.1620,1.007
1.781044307,0.2932,0.9535,0.1598,1.010
1.781264807,0.2946,0.9535,0.1586,1.011
1.782304883,0.2959,0.9521,0.1568,1.009
1.784334076,0.2981,0.9545,0.1546,1.012
1.786392268,0.2985,0.9535,0.1534,1.011
1.788534807,0.3012,0.9516,0.1500,1.009
1.790780499,0.3049,0.9508,0.1468,1.009
1.792402768,0.3061,0.9501,0.1434,1.008
1.794700999,0.3088,0.9484,0.1368,1.007
1.79630796,0.3103,0.9482,0.1346,1.007
1.799149653,0.3152,0.9474,0.1300,1.007
1.800772537,0.3174,0.9491,0.1256,1.009
1.802586037,0.3171,0.9506,0.1234,1.010
1.804356922,0.3193,0.9538,0.1158,1.012
1.806314653,0.3227,0.9543,0.1134,1.014
1.80793223,0.3247,0.9587,0.1104,1.018
1.809845922,0.3274,0.9604,0.1060,1.020
1.812143268,0.3291,0.9626,0.1046,1.023
1.815011922,0.3313,0.9689,0.1026,1.029
1.816154191,0.3325,0.9753,0.1026,1.035
1.818738383,0.3340,0.9784,0.1021,1.039
1.821858883,0.3384,0.9855,0.1051,1.047
1.823035499,0.3413,0.9921,0.1053,1.054
1.823972153,0.3423,0.9946,0.1075,1.057
1.826033614,0.3450,1.0029,0.1129,1.067
1.827979537,0.3474,1.0078,0.1143,1.072
1.830178268,0.3481,1.0161,0.1170,1.080
1.833617037,0.3501,1.0254,0.1212,1.090
1.835020537,0.3508,1.0293,0.1244,1.094
1.836177537,0.3520,1.0363,0.1275,1.102
1.83795423,0.3516,1.0393,0.1305,1.105
1.83970523,0.3518,1.0483,0.1366,1.114
1.841544114,0.3518,1.0539,0.1419,1.120
1.843778114,0.3511,1.0571,0.1439,1.123
1.845650037,0.3498,1.0613,0.1483,1.127
1.855988499,0.3496,1.0654,0.1515,1.131
1.85755273,0.3498,1.0686,0.1532,1.135
1.858410114,0.3496,1.0725,0.1581,1.139
1.859406845,0.3489,1.0732,0.1598,1.140
1.860395691,0.3474,1.0747,0.1617,1.141
1.86141273,0.3474,1.0771,0.1642,1.144
1.862441153,0.3479,1.0764,0.1647,1.143
1.86346096,0.3498,1.0749,0.1683,1.143
1.864402999,0.3503,1.0747,0.1715,1.143
1.865946499,0.3516,1.0742,0.1710,1.143
1.875035768,0.3538,1.0718,0.1727,1.142
1.875929037,0.3535,1.0701,0.1744,1.140
1.876360268,0.3535,1.0693,0.1776,1.140
1.876793845,0.3567,1.0696,0.1820,1.142
1.87719996,0.3584,1.0679,0.1840,1.141
1.877672268,0.3589,1.0664,0.1867,1.141
1.879039883,0.3608,1.0640,0.1920,1.140
1.883187114,0.3613,1.0627,0.1945,1.139
1.884157922,0.3572,1.0600,0.2018,1.137
1.885208268,0.3564,1.0596,0.2040,1.136
1.887081422,0.3552,1.0600,0.2081,1.137
1.888750153,0.3494,1.0583,0.2157,1.135
1.890944268,0.3464,1.0578,0.2194,1.135
1.892803653,0.3425,1.0600,0.2265,1.137
1.895197153,0.3345,1.0620,0.2331,1.138
1.89654573,0.3293,1.0640,0.2360,1.138
1.899181499,0.3152,1.0706,0.2397,1.141
1.901190422,0.3073,1.0752,0.2394,1.144
1.902650268,0.2944,1.0877,0.2402,1.152
1.904530845,0.2783,1.1013,0.2355,1.160
1.90678296,0.2712,1.1094,0.2316,1.165
1.908377345,0.2602,1.1294,0.2209,1.180
1.910633153,0.2497,1.1485,0.2089,1.194
1.912540691,0.2446,1.1583,0.2028,1.201
1.91623523,0.2414,1.1778,0.1876,1.217
1.917909306,0.2406,1.1883,0.1805,1.226
1.919080806,0.2399,1.2093,0.1683,1.244
1.92037946,0.2453,1.2279,0.1549,1.262
1.92259523,0.2487,1.2369,0.1502,1.271
1.924388614,0.2577,1.2545,0.1400,1.288
1.926430499,0.2665,1.2701,0.1319,1.305
1.928274806,0.2722,1.2775,0.1278,1.312
1.93047623,0.2856,1.2885,0.1222,1.325
1.933402076,0.2919,1.2929,0.1200,1.331
1.934998037,0.3054,1.3000,0.1190,1.341
1.936167383,0.3196,1.3061,0.1170,1.350
1.938235383,0.3271,1.3085,0.1175,1.354
1.940268614,0.3408,1.3119,0.1185,1.361
1.942279922,0.3535,1.3136,0.1190,1.366
1.944145883,0.3591,1.3146,0.1192,1.368
1.946061037,0.3723,1.3119,0.1200,1.369
1.956379306,0.3779,1.3085,0.1187,1.367
1.957966153,0.3875,1.3014,0.1143,1.363
1.958971614,0.3936,1.2916,0.1109,1.355
1.960102883,0.3953,1.2855,0.1097,1.349
1.961087037,0.3972,1.2716,0.1033,1.336
1.962079306,0.3965,1.2562,0.0950,1.321
1.963168922,0.3953,1.2477,0.0914,1.312
1.964418076,0.3889,1.2308,0.0843,1.294
1.978549806,0.3848,1.2223,0.0794,1.284
1.980126153,0.3784,1.2039,0.0684,1.264
1.981434653,0.3704,1.1854,0.0591,1.243
1.982511845,0.3655,1.1763,0.0542,1.233
1.983755999,0.3557,1.1561,0.0437,1.210
1.984831883,0.3498,1.1470,0.0337,1.200
1.986101114,0.3467,1.1280,0.0298,1.180
1.987288229,0.3371,1.1092,0.0244,1.160
1.988281729,0.3345,1.0979,0.0203,1.148
1.989100999,0.3281,1.0757,0.0164,1.125
1.990088422,0.3200,1.0552,0.0115,1.103
1.990818037,0.3154,1.0451,0.0088,1.092
1.991950806,0.3071,1.0263,0.0059,1.071
1.992890691,0.2998,1.0068,0.0039,1.050
1.993873845,0.2946,0.9970,0.0022,1.040
1.994539076,0.2851,0.9782,0.0002,1.019
1.995499576,0.2802,0.9682,-0.0010,1.008
1.997973306,0.2675,0.9506,-0.0022,0.988
1.999529922,0.2548,0.9325,-0.0042,0.967
2.001848999,0.2480,0.9242,-0.0066,0.957
2.004772076,0.2343,0.9076,-0.0120,0.937
2.006150614,0.2187,0.9003,-0.0159,0.927
2.007423306,0.2116,0.8837,-0.0183,0.909
2.009144076,0.1962,0.8695,-0.0235,0.892
2.018489114,0.1896,0.8636,-0.0266,0.885
2.019887768,0.1735,0.8526,-0.0344,0.871
2.021182806,0.1600,0.8411,-0.0425,0.857
2.022201114,0.1524,0.8358,-0.0457,0.851
2.023291806,0.1388,0.8253,-0.0513,0.838
2.024033229,0.1263,0.8179,-0.0581,0.830
2.025401383,0.1192,0.8138,-0.0611,0.825
2.026279922,0.1060,0.8074,-0.0689,0.817
2.027437845,0.0977,0.8040,-0.0708,0.813
2.028775806,0.0833,0.7994,-0.0789,0.808
2.030806691,0.0677,0.7957,-0.0865,0.803
2.040063076,0.0608,0.7933,-0.0899,0.801
2.040944306,0.0484,0.7889,-0.0967,0.796
2.041481576,0.0347,0.7864,-0.1014,0.794
2.041934114,0.0276,0.7854,-0.1053,0.793
2.042351037,0.0134,0.7832,-0.1119,0.791
2.042777729,0.0059,0.7828,-0.1138,0.791
2.044917076,-0.0086,0.7815,-0.1148,0.790
2.046493806,-0.0193,0.7796,-0.1168,0.789
2.063942306,-0.0247,0.7786,-0.1175,0.788
2.065922076,-0.0342,0.7786,-0.1217,0.789
2.067328537,-0.0398,0.7784,-0.1236,0.789
2.068565537,-0.0425,0.7774,-0.1246,0.788
2.069849037,-0.0447,0.7764,-0.1222,0.787
2.07084246,-0.0437,0.7764,-0.1214,0.787
2.071922076,-0.0423,0.7749,-0.1195,0.785
2.073157076,-0.0391,0.7740,-0.1168,0.784
2.074385229,-0.0369,0.7742,-0.1148,0.784
2.075435922,-0.0330,0.7759,-0.1077,0.784
2.076618729,-0.0276,0.7784,-0.0999,0.785
2.077529729,-0.0247,0.7803,-0.0958,0.787
2.078592191,-0.0173,0.7857,-0.0850,0.790
2.079288768,-0.0117,0.7884,-0.0772,0.792
2.080201191,-0.0007,0.7930,-0.0606,0.795
2.081496268,0.0139,0.7986,-0.0437,0.800
2.082795614,0.0230,0.8018,-0.0349,0.803
2.084030076,0.0396,0.8099,-0.0193,0.811
2.085130922,0.0577,0.8135,-0.0010,0.816
2.086207268,0.0669,0.8223,0.0083,0.825
2.08905996,0.0862,0.8331,0.0257,0.838
2.090626537,0.0960,0.8389,0.0330,0.845
2.095419806,0.1141,0.8495,0.0440,0.858
2.096346768,0.1324,0.8614,0.0542,0.873
2.097333345,0.1427,0.8680,0.0594,0.882
2.098363537,0.1593,0.8837,0.0657,0.900
2.101159614,0.1749,0.8912,0.0704,0.911
2.10292346,0.1830,0.9047,0.0711,0.926
2.10411246,0.2001,0.9183,0.0694,0.942
2.105623229,0.2072,0.9254,0.0672,0.951
2.107572268,0.2211,0.9389,0.0628,0.967
2.10961096,0.2355,0.9521,0.0577,0.982
2.111743922,0.2424,0.9579,0.0528,0.990
2.113612537,0.2573,0.9706,0.0437,1.005
2.116497999,0.2651,0.9775,0.0388,1.014
2.118068537,0.2800,0.9902,0.0303,1.029
2.119644152,0.2941,0.9980,0.0225,1.041
2.121570806,0.3000,1.0017,0.0200,1.046
2.123325499,0.3120,1.0087,0.0134,1.056
2.125232152,0.3274,1.0136,0.0061,1.065
2.127387806,0.3342,1.0158,0.0029,1.069
2.129238691,0.3450,1.0188,-0.0024,1.076
2.13152946,0.3506,1.0197,-0.0046,1.078
2.134317845,0.3599,1.0200,-0.0083,1.082
2.135795076,0.3672,1.0192,-0.0083,1.083
2.137497691,0.3706,1.0183,-0.0078,1.084
2.139019883,0.3735,1.0166,-0.0066,1.083
2.141006037,0.3765,1.0158,-0.0054,1.083
2.143032114,0.3762,1.0129,-0.0039,1.081
2.144926845,0.3740,1.0097,0.0010,1.077
2.147079345,0.3740,1.0075,0.0039,1.075
2.156119191,0.3701,1.0034,0.0086,1.069
2.157600729,0.3667,1.0007,0.0156,1.066
2.158663999,0.3630,0.9987,0.0200,1.063
2.159685422,0.3560,0.9951,0.0298,1.057
2.160754152,0.3525,0.9933,0.0342,1.055
2.161719614,0.3445,0.9887,0.0420,1.048
2.162014768,0.3369,0.9843,0.0503,1.042
2.162382306,0.3323,0.9821,0.0552,1.038
2.164538614,0.3213,0.9777,0.0647,1.031
2.175636575,0.3105,0.9738,0.0735,1.025
2.176546806,0.3078,0.9719,0.0774,1.022
2.177018652,0.2990,0.9645,0.0850,1.013
2.177524729,0.2941,0.9611,0.0889,1.009
2.177931383,0.2834,0.9543,0.0963,1.000
2.178342806,0.2768,0.9482,0.1031,0.993
2.178765152,0.2731,0.9450,0.1053,0.989
2.180139499,0.2651,0.9374,0.1092,0.980
2.184498575,0.2558,0.9308,0.1156,0.972
2.185471152,0.2526,0.9279,0.1175,0.969
2.185983999,0.2470,0.9193,0.1182,0.959
2.188216922,0.2426,0.9159,0.1190,0.955
2.190689383,0.2350,0.9086,0.1200,0.946
2.191998037,0.2296,0.9010,0.1212,0.938
2.194196268,0.2272,0.8971,0.1229,0.934
2.196089768,0.2213,0.8883,0.1229,0.924
2.198086691,0.2133,0.8841,0.1231,0.918
2.200501229,0.2094,0.8778,0.1224,0.911
2.202071729,0.2035,0.8697,0.1195,0.901
2.203808729,0.2013,0.8663,0.1175,0.897
2.206519114,0.1950,0.8590,0.1148,0.888
2.208043768,0.1884,0.8507,0.1121,0.878
2.209591729,0.1857,0.8465,0.1109,0.874
2.211775268,0.1823,0.8389,0.1094,0.865
2.213969806,0.1757,0.8319,0.1060,0.857
2.217176191,0.1744,0.8299,0.1046,0.854
2.218809537,0.1703,0.8236,0.1007,0.847
2.220888345,0.1695,0.8209,0.0985,0.844
2.222361999,0.1673,0.8145,0.0933,0.837
2.223614152,0.1642,0.8077,0.0909,0.829
2.225990037,0.1632,0.8052,0.0880,0.826
2.227731537,0.1593,0.8013,0.0823,0.821
2.229801268,0.1571,0.7979,0.0772,0.817
2.233402268,0.1564,0.7952,0.0757,0.814
2.234921229,0.1546,0.7913,0.0735,0.810
2.236064922,0.1544,0.7903,0.0723,0.809
2.237538691,0.1549,0.7874,0.0689,0.805
2.239575652,0.1549,0.7854,0.0643,0.803
2.241378229,0.1542,0.7852,0.0640,0.803
2.243292037,0.1578,0.7840,0.0633,0.802
2.245371191,0.1588,0.7825,0.0618,0.801
2.247468575,0.1595,0.7828,0.0613,0.801
2.258084845,0.1608,0.7828,0.0625,0.802
2.259610152,0.1608,0.7835,0.0633,0.802
2.260621229,0.1598,0.7857,0.0638,0.804
2.261845268,0.1576,0.7872,0.0667,0.806
2.262884614,0.1510,0.7862,0.0687,0.803
2.263952691,0.1331,0.7898,0.0728,0.804
2.265098729,0.1287,0.7964,0.0799,0.811
2.279739806,0.1305,0.7999,0.0821,0.815
2.282097729,0.1373,0.8077,0.0865,0.824
2.283509768,0.1405,0.8104,0.0909,0.827
2.284610345,0.1476,0.8182,0.1004,0.837
2.286079306,0.1527,0.8258,0.1114,0.847
2.287108729,0.1537,0.8304,0.1173,0.853
2.288819152,0.1561,0.8409,0.1290,0.865
2.290070345,0.1556,0.8495,0.1407,0.875
2.291319152,0.1561,0.8534,0.1466,0.880
2.292180806,0.1573,0.8609,0.1593,0.890
2.293708229,0.1595,0.8646,0.1642,0.894
2.294818883,0.1656,0.8739,0.1732,0.906
2.295671114,0.1698,0.8832,0.1849,0.918
2.296614922,0.1727,0.8871,0.1891,0.923
2.297961345,0.1786,0.8934,0.1962,0.932
2.29912796,0.1874,0.9022,0.2016,0.943
2.300219652,0.1928,0.9061,0.2045,0.949
2.300553883,0.2033,0.9152,0.2086,0.960
2.300841306,0.2077,0.9198,0.2101,0.966
2.301161575,0.2111,0.9276,0.2123,0.975
2.303390768,0.2135,0.9345,0.2130,0.982
2.304750345,0.2147,0.9386,0.2128,0.986
2.306956422,0.2165,0.9460,0.2091,0.993
2.308844268,0.2182,0.9528,0.2064,0.999
2.310853383,0.2182,0.9557,0.2052,1.002
2.312399806,0.2138,0.9638,0.1979,1.007
2.314591729,0.2113,0.9687,0.1884,1.009
2.316915537,0.2103,0.9714,0.1837,1.011
2.318449191,0.2103,0.9770,0.1747,1.015
2.320288229,0.2099,0.9787,0.1695,1.015
2.322452922,0.2057,0.9809,0.1554,1.014
2.324283845,0.2013,0.9846,0.1417,1.015
2.326778422,0.1984,0.9863,0.1346,1.015
2.328182345,0.1942,0.9880,0.1222,1.014
2.330592422,0.1901,0.9892,0.1160,1.014
2.333624306,0.1818,0.9919,0.1014,1.013
2.334770883,0.1700,0.9921,0.0889,1.011
2.33613296,0.1654,0.9929,0.0821,1.010
2.338608152,0.1561,0.9948,0.0684,1.009
2.340206652,0.1471,0.9963,0.0557,1.009
2.342597537,0.1427,0.9960,0.0523,1.008
2.344247537,0.1358,0.9946,0.0454,1.005
2.346122152,0.1322,0.9953,0.0401,1.005
2.348149806,0.1246,0.9970,0.0318,1.005
2.355186729,0.1200,0.9960,0.0261,1.004
2.356091037,0.1165,0.9948,0.0237,1.002
2.356532345,0.1102,0.9941,0.0208,1.000
2.356953075,0.1068,0.9943,0.0225,1.000
2.357913998,0.1055,0.9929,0.0230,0.999
2.359792114,0.1031,0.9899,0.0252,0.996
2.361597037,0.1024,0.9894,0.0276,0.995
2.363536729,0.1002,0.9865,0.0347,0.992
2.379903152,0.0994,0.9828,0.0430,0.989
2.382057652,0.0989,0.9804,0.0464,0.986
2.383631075,0.0994,0.9750,0.0552,0.982
2.385259845,0.1029,0.9699,0.0655,0.978
2.386879883,0.1031,0.9682,0.0708,0.976
2.388030383,0.1053,0.9635,0.0792,0.973
2.389608537,0.1065,0.9609,0.0840,0.970
2.390593191,0.1102,0.9547,0.0926,0.966
2.391703575,0.1126,0.9494,0.0999,0.961
2.392573114,0.1151,0.9464,0.1033,0.959
2.393871114,0.1185,0.9438,0.1094,0.957
2.394681729,0.1239,0.9394,0.1146,0.954
2.395845998,0.1268,0.9367,0.1163,0.952
2.396881306,0.1314,0.9333,0.1187,0.950
2.398370768,0.1344,0.9318,0.1197,0.949
2.399647075,0.1400,0.9269,0.1200,0.945
2.40118846,0.1446,0.9218,0.1192,0.941
2.402497921,0.1471,0.9198,0.1170,0.939
2.403485537,0.1532,0.9142,0.1146,0.934
2.404332191,0.1588,0.9100,0.1090,0.930
2.406078152,0.1603,0.9081,0.1060,0.928
2.408512114,0.1632,0.9034,0.0992,0.923
2.409407921,0.1654,0.9022,0.0958,0.922
2.417566421,0.1700,0.8998,0.0880,0.920
2.418047152,0.1737,0.8981,0.0784,0.918
2.41828446,0.1764,0.8983,0.0738,0.918
2.41865496,0.1808,0.8964,0.0630,0.917
2.41889196,0.1830,0.8961,0.0537,0.916
2.420637075,0.1862,0.8973,0.0493,0.918
2.422611191,0.1901,0.9020,0.0391,0.923
2.424418691,0.1940,0.9042,0.0349,0.925
2.426641383,0.1996,0.9093,0.0264,0.931
2.428543191,0.2025,0.9152,0.0188,0.938
2.430490806,0.2050,0.9181,0.0149,0.941
2.436128575,0.2094,0.9247,0.0100,0.948
2.436733229,0.2138,0.9301,0.0061,0.954
2.436987383,0.2165,0.9396,0.0039,0.964
2.438467114,0.2199,0.9496,0.0000,0.975
2.441809152,0.2223,0.9557,-0.0015,0.981
2.442088345,0.2277,0.9648,0.0007,0.991
2.444100114,0.2323,0.9772,0.0022,1.004
2.446278614,0.2336,0.9846,0.0029,1.012
2.448030883,0.2370,0.9951,0.0068,1.023
2.457117037,0.2397,1.0021,0.0110,1.030
2.457735845,0.2441,1.0153,0.0188,1.044
2.458002152,0.2467,1.0280,0.0264,1.058
2.458239729,0.2477,1.0349,0.0330,1.065
2.458480191,0.2511,1.0471,0.0467,1.078
2.459963383,0.2529,1.0534,0.0533,1.085
2.461887768,0.2551,1.0666,0.0662,1.099
2.463746191,0.2577,1.0784,0.0794,1.112
2.466381421,0.2590,1.0828,0.0850,1.117
2.468190806,0.2634,1.0928,0.0999,1.129
2.473664652,0.2634,1.1035,0.1143,1.140
2.474537152,0.2629,1.1077,0.1222,1.145
2.475362806,0.2658,1.1165,0.1368,1.156
2.476253075,0.2670,1.1206,0.1432,1.161
2.477782383,0.2707,1.1294,0.1544,1.172
2.479431998,0.2719,1.1348,0.1647,1.178
2.481607421,0.2724,1.1377,0.1688,1.182
2.484439383,0.2736,1.1416,0.1779,1.187
2.48602246,0.2761,1.1441,0.1823,1.191
2.487692652,0.2770,1.1458,0.1840,1.193
2.489374652,0.2783,1.1499,0.1845,1.197
2.491447498,0.2785,1.1502,0.1840,1.198
2.493205921,0.2805,1.1524,0.1842,1.200
2.495804691,0.2790,1.1536,0.1832,1.201
2.497368306,0.2795,1.1531,0.1796,1.200
2.500752768,0.2795,1.1534,0.1720,1.199
2.502752421,0.2788,1.1539,0.1652,1.198
2.50426146,0.2780,1.1536,0.1622,1.198
2.505652806,0.2753,1.1521,0.1532,1.194
2.507378998,0.2756,1.1526,0.1485,1.194
2.509255075,0.2741,1.1534,0.1388,1.194
2.511075114,0.2731,1.1558,0.1278,1.195
2.513134344,0.2744,1.1570,0.1231,1.195
2.515311037,0.2778,1.1607,0.1148,1.199
2.518769383,0.2797,1.1661,0.1038,1.204
2.522168191,0.2805,1.1700,0.0985,1.207
2.523634037,0.2807,1.1776,0.0862,1.214
2.524677421,0.2814,1.1834,0.0804,1.219
2.525865114,0.2871,1.1966,0.0667,1.232
2.527185691,0.2912,1.2115,0.0542,1.247
2.528780652,0.2922,1.2188,0.0484,1.254
2.530888614,0.2990,1.2357,0.0388,1.272
2.534009883,0.3073,1.2530,0.0269,1.290
2.53544196,0.3112,1.2616,0.0215,1.300
2.536533883,0.3110,1.2692,0.0086,1.307
2.539690037,0.3156,1.2736,0.0056,1.312
2.540574652,0.3203,1.2894,0.0056,1.329
2.542648575,0.3288,1.3073,0.0046,1.348
2.544644614,0.3354,1.3146,0.0066,1.357
2.546767191,0.3506,1.3280,0.0110,1.374
2.557043614,0.3696,1.3442,0.0159,1.394
2.558750998,0.3792,1.3505,0.0195,1.403
2.559740729,0.4002,1.3659,0.0325,1.424
2.560835691,0.4234,1.3784,0.0445,1.443
2.561824037,0.4332,1.3828,0.0508,1.450
2.562139883,0.4539,1.3925,0.0635,1.466
2.562384806,0.4642,1.3938,0.0694,1.471
2.562633575,0.4786,1.3835,0.0762,1.466
2.564249229,0.4827,1.3681,0.0823,1.453
2.579232268,0.4820,1.3588,0.0840,1.444
2.579763844,0.4742,1.3378,0.0870,1.422
2.580010844,0.4581,1.3180,0.0897,1.398
2.580244498,0.4478,1.3092,0.0901,1.387
2.580483768,0.4246,1.2919,0.0923,1.363
2.580728075,0.4124,1.2855,0.0921,1.353
2.580960768,0.3870,1.2731,0.0906,1.334
2.58119196,0.3662,1.2596,0.0894,1.315
2.581963075,0.3562,1.2535,0.0897,1.306
2.589026498,0.3396,1.2440,0.0906,1.293
2.58955346,0.3252,1.2381,0.0921,1.283
2.589803075,0.3208,1.2240,0.0936,1.269
2.590041191,0.3139,1.2105,0.0970,1.254
2.592061268,0.3117,1.2025,0.0980,1.246
2.593960998,0.3086,1.1859,0.0972,1.229
2.59581646,0.3068,1.1671,0.0975,1.211
2.597795268,0.3059,1.1558,0.0972,1.200
2.599790037,0.3044,1.1355,0.0958,1.180
2.601912267,0.3032,1.1131,0.0899,1.157
2.603499152,0.3025,1.1016,0.0872,1.146
2.605697921,0.3010,1.0793,0.0831,1.124
2.607490383,0.3015,1.0676,0.0811,1.112
2.609829729,0.2993,1.0449,0.0752,1.090
2.611554652,0.2971,1.0214,0.0684,1.066
2.613474691,0.2978,1.0085,0.0645,1.054
2.616538729,0.2968,0.9824,0.0569,1.028
2.617799075,0.2939,0.9562,0.0491,1.002
2.619389921,0.2922,0.9420,0.0457,0.987
2.621603614,0.2910,0.9169,0.0371,0.963
2.623431383,0.2902,0.9047,0.0327,0.951
2.625517844,0.2883,0.8797,0.0242,0.926
2.627503229,0.2846,0.8558,0.0137,0.902
2.629492537,0.2834,0.8433,0.0078,0.890
2.631586075,0.2802,0.8184,-0.0046,0.865
2.633339537,0.2773,0.7928,-0.0149,0.840
2.635233998,0.2761,0.7806,-0.0203,0.828
2.637148575,0.2746,0.7583,-0.0288,0.807
2.639168575,0.2736,0.7464,-0.0337,0.796
2.641040652,0.2751,0.7227,-0.0430,0.774
2.643049229,0.2768,0.7024,-0.0540,0.757
2.645082806,0.2783,0.6929,-0.0594,0.749
2.647176691,0.2827,0.6748,-0.0662,0.735
2.657573383,0.2890,0.6650,-0.0740,0.729
2.658706998,0.2934,0.6459,-0.0757,0.713
2.659511575,0.3027,0.6291,-0.0814,0.703
2.660239844,0.3064,0.6218,-0.0823,0.698
2.661145806,0.3144,0.6095,-0.0828,0.691
2.662057267,0.3218,0.6003,-0.0814,0.686
2.662910344,0.3254,0.5968,-0.0806,0.685
2.666571306,0.3323,0.5895,-0.0770,0.681
2.667533267,0.3393,0.5854,-0.0684,0.680
2.668640383,0.3428,0.5817,-0.0628,0.678
2.66974046,0.3476,0.5780,-0.0525,0.677
2.678734383,0.3489,0.5773,-0.0472,0.676
2.680110691,0.3520,0.5773,-0.0349,0.677
2.681056921,0.3560,0.5780,-0.0239,0.679
2.682154652,0.3564,0.5785,-0.0183,0.680
2.683231306,0.3555,0.5824,-0.0049,0.682
2.684416075,0.3503,0.5898,0.0061,0.686
2.685615691,0.3479,0.5937,0.0100,0.688
2.686756806,0.3386,0.6049,0.0198,0.694
2.687732498,0.3330,0.6113,0.0237,0.696
2.688786844,0.3235,0.6247,0.0322,0.704
2.691436152,0.3122,0.6386,0.0388,0.712
2.692931267,0.3051,0.6457,0.0418,0.715
2.694453152,0.2932,0.6640,0.0464,0.727
2.69640696,0.2807,0.6736,0.0489,0.731
2.698278921,0.2744,0.6909,0.0491,0.745
2.701370114,0.2597,0.7085,0.0501,0.756
2.702956306,0.2536,0.7185,0.0496,0.764
2.704366114,0.2450,0.7373,0.0476,0.778
2.706438421,0.2365,0.7564,0.0469,0.794
2.708218344,0.2316,0.7659,0.0469,0.802
2.710412921,0.2243,0.7835,0.0459,0.816
2.71226319,0.2199,0.8028,0.0445,0.834
2.714173537,0.2182,0.8123,0.0442,0.842
2.717236883,0.2184,0.8302,0.0445,0.860
2.718903614,0.2172,0.8382,0.0447,0.867
2.720060383,0.2169,0.8563,0.0450,0.884
2.722944498,0.2177,0.8739,0.0459,0.902
2.723939114,0.2179,0.8827,0.0469,0.910
2.726169498,0.2199,0.9020,0.0493,0.930
2.728089729,0.2238,0.9213,0.0513,0.949
2.729943229,0.2262,0.9298,0.0537,0.958
2.732159075,0.2301,0.9486,0.0557,0.978
2.743533652,0.2314,0.9589,0.0559,0.988
2.744912652,0.2345,0.9784,0.0584,1.008
2.746043306,0.2384,0.9955,0.0625,1.026
2.747000075,0.2399,1.0036,0.0638,1.034
2.747992421,0.2441,1.0188,0.0662,1.050
2.74945896,0.2514,1.0341,0.0684,1.066
2.750600652,0.2536,1.0422,0.0684,1.075
2.75180169,0.2573,1.0544,0.0704,1.088
2.752964306,0.2614,1.0608,0.0718,1.095
2.75401846,0.2700,1.0701,0.0716,1.106
2.763768229,0.2780,1.0752,0.0665,1.113
2.764231883,0.2822,1.0779,0.0647,1.116
2.764483383,0.2905,1.0830,0.0586,1.123
2.764713614,0.3003,1.0840,0.0520,1.126
2.764946114,0.3054,1.0837,0.0476,1.127
2.765185998,0.3125,1.0830,0.0371,1.128
2.765464652,0.3152,1.0815,0.0322,1.127
2.774148729,0.3215,1.0776,0.0210,1.125
2.774738344,0.3274,1.0727,0.0100,1.122
2.774985806,0.3301,1.0696,0.0039,1.119
2.775250537,0.3332,1.0610,-0.0059,1.112
2.775499883,0.3379,1.0510,-0.0188,1.104
2.776994614,0.3384,1.0456,-0.0242,1.099
2.779268037,0.3413,1.0356,-0.0332,1.091
2.781152921,0.3418,1.0293,-0.0374,1.085
2.78402069,0.3403,1.0180,-0.0469,1.074
2.785637075,0.3415,1.0075,-0.0540,1.065
2.786934806,0.3411,1.0004,-0.0562,1.058
2.788858921,0.3396,0.9868,-0.0596,1.045
2.790858344,0.3371,0.9806,-0.0623,1.039
2.792850229,0.3362,0.9687,-0.0611,1.027
2.794825998,0.3337,0.9569,-0.0606,1.015
2.796711383,0.3318,0.9499,-0.0589,1.008
2.798926921,0.3293,0.9357,-0.0547,0.993
2.801227652,0.3276,0.9220,-0.0511,0.980
2.802616229,0.3240,0.9144,-0.0464,0.971
2.804735844,0.3208,0.9034,-0.0376,0.959
2.806910152,0.3188,0.8986,-0.0340,0.954
2.808665998,0.3171,0.8846,-0.0230,0.940
2.810649575,0.3156,0.8719,-0.0103,0.927
2.812514114,0.3142,0.8663,-0.0034,0.922
2.81467296,0.3105,0.8509,0.0105,0.906
2.816883383,0.3081,0.8397,0.0244,0.895
2.819010152,0.3066,0.8333,0.0330,0.889
2.820495729,0.3025,0.8236,0.0476,0.879
2.822837921,0.2990,0.8150,0.0613,0.870
2.824458537,0.2976,0.8096,0.0682,0.865
2.826328075,0.2951,0.7991,0.0823,0.856
2.828369037,0.2937,0.7942,0.0882,0.851
2.830470883,0.2912,0.7840,0.1009,0.842
2.832423767,0.2890,0.7764,0.1121,0.836
2.83623869,0.2868,0.7718,0.1173,0.832
2.836967037,0.2834,0.7647,0.1290,0.826
2.838363113,0.2827,0.7615,0.1368,0.824
2.840169767,0.2805,0.7534,0.1402,0.816
2.842091844,0.2785,0.7481,0.1446,0.811
2.844051498,0.2778,0.7459,0.1476,0.809
2.84613019,0.2758,0.7407,0.1512,0.805
2.848023344,0.2739,0.7363,0.1537,0.801
2.857192267,0.2734,0.7349,0.1537,0.799
2.858278229,0.2704,0.7324,0.1532,0.796
2.858935037,0.2680,0.7293,0.1507,0.791
2.859636767,0.2673,0.7295,0.1493,0.791
2.860372498,0.2643,0.7293,0.1432,0.789
2.861040037,0.2641,0.7295,0.1397,0.788
2.866022344,0.2626,0.7288,0.1341,0.786
2.866827806,0.2604,0.7285,0.1280,0.784
2.867626344,0.2597,0.7302,0.1244,0.785
2.868510152,0.2597,0.7334,0.1158,0.787
2.88386919,0.2599,0.7356,0.1092,0.788
2.885564498,0.2602,0.7368,0.1055,0.789
2.88664719,0.2604,0.7427,0.0967,0.793
2.887650421,0.2604,0.7466,0.0936,0.796
2.888460113,0.2585,0.7515,0.0867,0.799
2.889536113,0.2573,0.7593,0.0779,0.805
2.890784767,0.2560,0.7620,0.0757,0.807
2.891925998,0.2563,0.7669,0.0713,0.812
2.893184767,0.2585,0.7732,0.0672,0.818
2.894447652,0.2607,0.7774,0.0645,0.822
2.895386844,0.2621,0.7842,0.0577,0.829
2.896306844,0.2629,0.7884,0.0569,0.833
2.897719037,0.2631,0.7967,0.0537,0.841
2.89862469,0.2673,0.8055,0.0520,0.850
2.899930421,0.2692,0.8099,0.0523,0.855
2.900885344,0.2714,0.8189,0.0528,0.864
2.902185652,0.2726,0.8280,0.0533,0.873
2.904799767,0.2739,0.8328,0.0542,0.878
2.906449575,0.2768,0.8431,0.0552,0.889
2.907630152,0.2770,0.8477,0.0564,0.894
2.909228037,0.2778,0.8573,0.0589,0.903
2.911390229,0.2817,0.8663,0.0652,0.913
2.913196344,0.2824,0.8712,0.0672,0.918
2.915262998,0.2875,0.8802,0.0716,0.929
2.918364344,0.2915,0.8841,0.0752,0.934
2.919827267,0.2937,0.8898,0.0767,0.940
2.920985421,0.3017,0.8973,0.0816,0.950
2.923339267,0.3054,0.9008,0.0848,0.955
2.92509496,0.3134,0.9064,0.0892,0.963
2.927028767,0.3198,0.9118,0.0941,0.971
2.928879806,0.3244,0.9139,0.0967,0.975
2.930886536,0.3337,0.9188,0.1016,0.983
2.942209652,0.3423,0.9203,0.1055,0.988
2.942845575,0.3462,0.9227,0.1077,0.991
2.943101075,0.3547,0.9262,0.1097,0.998
2.94333596,0.3579,0.9276,0.1104,1.000
2.943558075,0.3638,0.9296,0.1134,1.005
2.943795383,0.3696,0.9281,0.1134,1.005
2.944563844,0.3716,0.9281,0.1131,1.006
2.946780113,0.3745,0.9303,0.1129,1.009
2.948960767,0.3794,0.9289,0.1129,1.010
2.96203596,0.3809,0.9264,0.1134,1.008
2.96253346,0.3816,0.9235,0.1158,1.006
2.962792344,0.3826,0.9232,0.1160,1.006
2.963036921,0.3836,0.9198,0.1170,1.003
2.963261075,0.3819,0.9152,0.1185,0.999
2.963490113,0.3806,0.9147,0.1192,0.998
2.963723536,0.3765,0.9108,0.1192,0.993
2.96427446,0.3748,0.9086,0.1200,0.990
2.970021036,0.3709,0.9054,0.1187,0.986
2.97054346,0.3662,0.9017,0.1190,0.981
2.970793421,0.3635,0.9000,0.1197,0.978
2.971938613,0.3599,0.8968,0.1192,0.974
2.974144075,0.3545,0.8920,0.1182,0.967
2.976048113,0.3520,0.8900,0.1178,0.964
2.978230883,0.3454,0.8863,0.1151,0.958
2.980077883,0.3423,0.8841,0.1143,0.955
2.98194619,0.3357,0.8805,0.1146,0.949
2.984174613,0.3301,0.8758,0.1143,0.943
2.985965152,0.3274,0.8744,0.1136,0.941
2.98787319,0.3230,0.8712,0.1136,0.936
2.989883729,0.3186,0.8697,0.1136,0.933
2.991639729,0.3152,0.8678,0.1141,0.930
2.993948113,0.3115,0.8644,0.1131,0.926
2.995713844,0.3093,0.8629,0.1134,0.924
2.997760383,0.3068,0.8612,0.1136,0.921
3.001433075,0.3034,0.8595,0.1153,0.919
3.00309646,0.3020,0.8590,0.1160,0.918
3.004497806,0.2983,0.8600,0.1182,0.918
3.006034306,0.2922,0.8587,0.1170,0.915
3.007889344,0.2902,0.8592,0.1163,0.914
3.009761498,0.2871,0.8585,0.1148,0.912
3.011829844,0.2841,0.8582,0.1156,0.911
3.01406169,0.2829,0.8595,0.1160,0.912
3.015683575,0.2829,0.8590,0.1141,0.912
3.019656921,0.2832,0.8595,0.1148,0.912
3.021440883,0.2814,0.8612,0.1160,0.913
3.022436113,0.2814,0.8624,0.1146,0.914
3.023575806,0.2817,0.8634,0.1148,0.915
3.026106152,0.2797,0.8666,0.1146,0.918
3.027373652,0.2807,0.8670,0.1156,0.919
3.029405113,0.2814,0.8697,0.1168,0.922
3.031350383,0.2827,0.8705,0.1156,0.922
3.034457998,0.2827,0.8717,0.1153,0.924
3.035797921,0.2839,0.8756,0.1163,0.928
3.038618536,0.2900,0.8788,0.1182,0.933
3.040221498,0.2912,0.8824,0.1192,0.937
3.041628229,0.2927,0.8859,0.1192,0.941
3.043524536,0.2961,0.8878,0.1200,0.944
3.045457421,0.2963,0.8937,0.1214,0.949
3.047307344,0.2971,0.9005,0.1224,0.956
3.049457575,0.2988,0.9039,0.1222,0.960
3.055933459,0.3007,0.9100,0.1219,0.966
3.056804383,0.3032,0.9196,0.1224,0.976
3.057219998,0.3054,0.9257,0.1231,0.982
3.057715459,0.3068,0.9352,0.1229,0.992
3.059646921,0.3078,0.9406,0.1212,0.997
3.060791959,0.3098,0.9518,0.1204,1.008
3.063324075,0.3122,0.9643,0.1187,1.020
3.08057569,0.3149,0.9706,0.1168,1.027
3.082165806,0.3196,0.9841,0.1148,1.041
3.083595036,0.3252,0.9977,0.1114,1.055
3.084637344,0.3276,1.0041,0.1112,1.062
3.086123575,0.3310,1.0192,0.1092,1.077
3.087233613,0.3330,1.0271,0.1077,1.085
3.088634998,0.3393,1.0417,0.1053,1.101
3.089977229,0.3452,1.0549,0.1019,1.115
3.091158998,0.3481,1.0618,0.0999,1.122
3.092009152,0.3520,1.0752,0.0960,1.135
3.093135959,0.3572,1.0881,0.0928,1.149
3.09418119,0.3594,1.0942,0.0916,1.155
3.095285575,0.3630,1.1065,0.0884,1.168
3.096422729,0.3645,1.1123,0.0870,1.174
3.097467883,0.3699,1.1223,0.0840,1.185
3.098458536,0.3735,1.1294,0.0845,1.193
3.09937469,0.3760,1.1336,0.0836,1.197
3.100619613,0.3831,1.1407,0.0838,1.206
3.101970844,0.3880,1.1475,0.0816,1.214
3.102514767,0.3897,1.1509,0.0814,1.218
3.104969036,0.3916,1.1531,0.0818,1.221
3.106860267,0.3943,1.1531,0.0833,1.222
3.10831469,0.3953,1.1553,0.0850,1.224
3.110788344,0.3958,1.1565,0.0899,1.226
3.112414113,0.3972,1.1563,0.0914,1.226
3.114625113,0.3987,1.1558,0.0953,1.226
3.116033306,0.3992,1.1536,0.0999,1.225
3.118587844,0.3990,1.1526,0.1029,1.224
3.120018883,0.3982,1.1497,0.1116,1.222
3.122629075,0.3977,1.1475,0.1156,1.220
3.124160729,0.3933,1.1441,0.1236,1.216
3.126612344,0.3894,1.1394,0.1302,1.211
3.127747421,0.3884,1.1368,0.1336,1.209
3.129833921,0.3850,1.1309,0.1410,1.203
3.13191219,0.3787,1.1258,0.1480,1.197
3.135513844,0.3750,1.1241,0.1529,1.195
3.136212883,0.3657,1.1204,0.1617,1.190
3.138641959,0.3599,1.1189,0.1652,1.187
3.139792421,0.3494,1.1175,0.1710,1.183
3.141850921,0.3371,1.1162,0.1774,1.179
3.143795075,0.3308,1.1165,0.1786,1.178
3.146428113,0.3178,1.1197,0.1796,1.178
3.147742729,0.3027,1.1228,0.1803,1.177
3.149506806,0.2951,1.1314,0.1783,1.183
3.156413882,0.2797,1.1412,0.1761,1.188
3.157145844,0.2726,1.1475,0.1739,1.192
3.157673036,0.2626,1.1617,0.1664,1.203
3.158085036,0.2546,1.1780,0.1568,1.215
3.159534882,0.2529,1.1873,0.1524,1.223
3.161567575,0.2529,1.2066,0.1410,1.241
3.163310344,0.2553,1.2274,0.1302,1.260
3.165030806,0.2555,1.2359,0.1239,1.268
3.180252306,0.2609,1.2528,0.1116,1.285
3.181973498,0.2634,1.2609,0.1046,1.292
3.183532344,0.2717,1.2765,0.0931,1.308
3.184864652,0.2810,1.2875,0.0836,1.320
3.186176536,0.2851,1.2919,0.0782,1.325
3.187505536,0.2910,1.2997,0.0694,1.334
3.188810806,0.2988,1.3022,0.0623,1.337
3.190275652,0.3020,1.3073,0.0591,1.343
3.191415882,0.3100,1.3075,0.0555,1.345
3.192598152,0.3127,1.3068,0.0547,1.345
3.193979959,0.3193,1.3048,0.0515,1.344
3.195305267,0.3286,1.3019,0.0520,1.344
3.19635019,0.3325,1.2990,0.0520,1.342
3.197498152,0.3376,1.2929,0.0530,1.337
3.198713036,0.3442,1.2841,0.0567,1.331
3.200076229,0.3476,1.2797,0.0591,1.327
3.201469575,0.3538,1.2692,0.0655,1.319
3.202739382,0.3555,1.2643,0.0694,1.315
3.203745459,0.3569,1.2545,0.0787,1.307
3.205246729,0.3584,1.2443,0.0894,1.298
3.208263498,0.3591,1.2389,0.0958,1.293
3.208917113,0.3616,1.2286,0.1051,1.285
3.211102075,0.3633,1.2149,0.1158,1.273
3.212658767,0.3645,1.2079,0.1214,1.267
3.21488119,0.3672,1.1925,0.1324,1.255
3.216753959,0.3704,1.1849,0.1417,1.249
3.219135652,0.3721,1.1714,0.1449,1.238
3.220419459,0.3745,1.1521,0.1537,1.221
3.222667459,0.3762,1.1431,0.1561,1.214
3.224661536,0.3789,1.1241,0.1605,1.197
3.226889229,0.3809,1.1035,0.1610,1.178
3.228270729,0.3797,1.0940,0.1595,1.169
3.230537575,0.3767,1.0745,0.1537,1.149
3.232219152,0.3694,1.0647,0.1476,1.137
3.239455844,0.3645,1.0461,0.1368,1.116
3.240142998,0.3547,1.0258,0.1229,1.092
3.240577613,0.3498,1.0163,0.1148,1.081
3.24099569,0.3391,0.9987,0.0955,1.059
3.242619921,0.3252,0.9811,0.0774,1.037
3.250116459,0.3176,0.9733,0.0674,1.026
3.250753075,0.3022,0.9579,0.0464,1.006
3.251164882,0.2871,0.9501,0.0244,0.993
3.251562036,0.2790,0.9389,0.0134,0.980
3.252003113,0.2621,0.9262,-0.0122,0.963
3.258040036,0.2553,0.9210,-0.0249,0.956
3.258716652,0.2458,0.9091,-0.0491,0.943
3.259161844,0.2340,0.8966,-0.0711,0.929
3.25997569,0.2287,0.8905,-0.0821,0.923
3.262151959,0.2172,0.8827,-0.1007,0.915
3.263952459,0.2045,0.8790,-0.1082,0.909
3.266369613,0.1976,0.8727,-0.1253,0.903
3.268978498,0.1827,0.8680,-0.1375,0.898
3.270474267,0.1771,0.8646,-0.1427,0.894
3.271806575,0.1632,0.8607,-0.1495,0.889
3.274339075,0.1493,0.8563,-0.1539,0.883
3.275877421,0.1429,0.8543,-0.1561,0.880
3.278475921,0.1314,0.8499,-0.1615,0.875
3.279901229,0.1202,0.8458,-0.1642,0.870
3.281794036,0.1134,0.8448,-0.1649,0.868
3.285500382,0.0999,0.8394,-0.1659,0.861
3.286804152,0.0953,0.8380,-0.1642,0.859
3.288134959,0.0845,0.8328,-0.1581,0.852
3.289746459,0.0674,0.8275,-0.1532,0.844
3.291584921,0.0599,0.8260,-0.1495,0.842
3.293611998,0.0472,0.8250,-0.1451,0.839
3.295598959,0.0344,0.8245,-0.1380,0.837
3.297470498,0.0271,0.8218,-0.1344,0.833
3.29945869,0.0156,0.8201,-0.1285,0.830
3.302770613,0.0095,0.8189,-0.1261,0.829
3.304136998,-0.0042,0.8177,-0.1165,0.826
3.309895729,-0.0173,0.8172,-0.1070,0.824
3.310988344,-0.0225,0.8167,-0.1024,0.823
3.312212421,-0.0315,0.8162,-0.0948,0.822
3.313088767,-0.0420,0.8157,-0.0848,0.821
3.314027575,-0.0450,0.8160,-0.0779,0.821
3.315504882,-0.0501,0.8177,-0.0669,0.822
3.320845998,-0.0533,0.8187,-0.0606,0.823
3.322316652,-0.0547,0.8189,-0.0491,0.822
3.323232382,-0.0523,0.8177,-0.0352,0.820
3.328402152,-0.0511,0.8177,-0.0281,0.820
3.329713113,-0.0445,0.8189,-0.0151,0.820
3.330471998,-0.0364,0.8206,-0.0029,0.821
3.331469344,-0.0308,0.8221,0.0027,0.823
3.332201998,-0.0144,0.8245,0.0134,0.825
3.33309569,-0.0059,0.8258,0.0200,0.826
3.336079036,0.0117,0.8284,0.0303,0.829
3.337981959,0.0318,0.8338,0.0379,0.835
3.339248805,0.0408,0.8370,0.0413,0.839
3.340902767,0.0586,0.8421,0.0457,0.845
3.343154613,0.0767,0.8460,0.0503,0.851
3.344953498,0.0867,0.8536,0.0515,0.860
3.346773113,0.1065,0.8631,0.0518,0.871
3.348831536,0.1163,0.8690,0.0518,0.878
3.359897882,0.1353,0.8790,0.0503,0.891
3.360740921,0.1549,0.8912,0.0474,0.906
3.361185459,0.1654,0.8976,0.0454,0.914
3.361718459,0.1879,0.9076,0.0396,0.928
3.362157652,0.2074,0.9139,0.0359,0.938
3.362556267,0.2174,0.9252,0.0300,0.951
3.362983498,0.2353,0.9364,0.0203,0.966
3.364703075,0.2438,0.9423,0.0154,0.973
3.366874959,0.2626,0.9552,0.0054,0.991
3.380874805,0.2812,0.9667,-0.0024,1.007
3.382853805,0.2907,0.9719,-0.0078,1.014
3.38430369,0.3066,0.9826,-0.0193,1.030
3.385817113,0.3134,0.9872,-0.0239,1.036
3.386900921,0.3249,0.9970,-0.0344,1.049
3.388283575,0.3379,1.0043,-0.0442,1.061
3.389547267,0.3435,1.0083,-0.0501,1.066
3.390789075,0.3555,1.0148,-0.0586,1.077
3.391823344,0.3650,1.0210,-0.0684,1.086
3.392856075,0.3706,1.0236,-0.0721,1.091
3.39407169,0.3811,1.0293,-0.0770,1.100
3.394923959,0.3850,1.0322,-0.0792,1.105
3.395826921,0.3931,1.0346,-0.0850,1.110
3.396842767,0.3990,1.0361,-0.0887,1.114
3.397909805,0.4012,1.0366,-0.0889,1.115
3.398760882,0.4038,1.0349,-0.0880,1.114
3.401906575,0.4068,1.0332,-0.0845,1.114
3.404223459,0.4080,1.0322,-0.0836,1.113
3.405160805,0.4070,1.0300,-0.0811,1.110
3.406274921,0.4065,1.0261,-0.0728,1.106
3.407918036,0.4041,1.0229,-0.0689,1.102
3.410037421,0.3965,1.0158,-0.0581,1.092
3.41181719,0.3916,1.0129,-0.0530,1.087
3.413794613,0.3806,1.0068,-0.0435,1.077
3.415938613,0.3706,0.9977,-0.0305,1.065
3.418552228,0.3660,0.9924,-0.0232,1.058
3.419853459,0.3557,0.9841,-0.0086,1.046
3.421641075,0.3442,0.9760,0.0061,1.035
3.423553882,0.3386,0.9719,0.0134,1.029
3.425751921,0.3276,0.9638,0.0291,1.018
3.427623305,0.3222,0.9599,0.0362,1.013
3.42949069,0.3103,0.9499,0.0496,1.000
3.431486767,0.2981,0.9398,0.0660,0.988
3.433341459,0.2915,0.9352,0.0723,0.982
3.435447075,0.2795,0.9264,0.0840,0.971
3.437381613,0.2668,0.9227,0.0963,0.965
3.439407998,0.2609,0.9149,0.1019,0.957
3.441383844,0.2477,0.9059,0.1097,0.946
3.443405421,0.2419,0.9008,0.1136,0.940
3.445137305,0.2309,0.8917,0.1209,0.929
3.44730269,0.2179,0.8841,0.1253,0.919
3.449317767,0.2125,0.8807,0.1256,0.915
3.456736459,0.2028,0.8712,0.1283,0.904
3.457415459,0.1903,0.8666,0.1275,0.896
3.457702805,0.1849,0.8575,0.1275,0.886
3.457930152,0.1747,0.8492,0.1244,0.876
3.45910269,0.1695,0.8446,0.1224,0.870
3.461007036,0.1610,0.8353,0.1197,0.859
3.462840575,0.1520,0.8292,0.1148,0.851
3.464780267,0.1473,0.8253,0.1129,0.846
3.466891767,0.1383,0.8165,0.1077,0.835
3.476041344,0.1319,0.8135,0.0994,0.830
3.476515767,0.1292,0.8079,0.0945,0.824
3.47678369,0.1234,0.8011,0.0843,0.815
3.477017728,0.1197,0.7984,0.0809,0.811
3.477249651,0.1121,0.7920,0.0730,0.803
3.478766882,0.1082,0.7874,0.0640,0.797
3.480619113,0.1060,0.7852,0.0589,0.795
3.482728267,0.1041,0.7815,0.0515,0.790
3.48535569,0.1026,0.7786,0.0452,0.787
3.487309344,0.1011,0.7745,0.0413,0.782
3.488408805,0.0997,0.7708,0.0379,0.778
3.490453113,0.1004,0.7693,0.0362,0.777
3.492258113,0.1031,0.7674,0.0330,0.775
3.494297228,0.1068,0.7661,0.0320,0.774
3.496447728,0.1077,0.7657,0.0315,0.774
3.498621382,0.1109,0.7654,0.0308,0.774
3.500561575,0.1163,0.7657,0.0296,0.775
3.504123921,0.1204,0.7661,0.0293,0.776
3.505201536,0.1253,0.7693,0.0315,0.780
3.506765267,0.1287,0.7710,0.0335,0.782
3.508357921,0.1349,0.7757,0.0366,0.788
3.510318651,0.1405,0.7798,0.0440,0.794
3.512259844,0.1419,0.7823,0.0481,0.796
3.514367075,0.1441,0.7889,0.0557,0.804
3.516029267,0.1449,0.7945,0.0591,0.810
3.519232613,0.1456,0.8038,0.0679,0.820
3.520778921,0.1461,0.8121,0.0745,0.828
3.52231019,0.1485,0.8177,0.0777,0.835
3.524178882,0.1510,0.8267,0.0862,0.845
3.525970998,0.1534,0.8360,0.0926,0.855
3.527953921,0.1559,0.8414,0.0953,0.861
3.529997498,0.1603,0.8514,0.0985,0.872
3.531983536,0.1620,0.8570,0.1004,0.878
3.536385113,0.1659,0.8666,0.1043,0.888
3.538006998,0.1708,0.8773,0.1102,0.901
3.539248844,0.1744,0.8817,0.1109,0.906
3.540401882,0.1766,0.8917,0.1099,0.916
3.542065113,0.1818,0.9015,0.1087,0.926
3.543980613,0.1854,0.9078,0.1080,0.933
3.545978382,0.1915,0.9193,0.1097,0.945
3.547714075,0.1952,0.9252,0.1099,0.952
3.549617805,0.1994,0.9347,0.1082,0.962
3.558930228,0.2047,0.9467,0.1068,0.974
3.56030619,0.2077,0.9516,0.1073,0.980
3.56139769,0.2116,0.9623,0.1058,0.991
3.562566844,0.2147,0.9701,0.1080,0.999
3.563518151,0.2165,0.9748,0.1090,1.004
3.564410998,0.2184,0.9836,0.1109,1.014
3.585672959,0.2184,0.9872,0.1131,1.017
3.587262574,0.2199,0.9929,0.1153,1.023
3.588152574,0.2238,0.9985,0.1178,1.030
3.589177574,0.2228,1.0002,0.1190,1.032
3.590537805,0.2216,1.0046,0.1239,1.036
3.591730882,0.2206,1.0075,0.1251,1.039
3.592959113,0.2201,1.0100,0.1290,1.042
3.594307421,0.2162,1.0112,0.1349,1.043
3.595541074,0.2152,1.0107,0.1368,1.042
3.596485228,0.2123,1.0114,0.1422,1.043
3.597737305,0.2101,1.0109,0.1468,1.043
3.598899382,0.2094,1.0105,0.1488,1.043
3.599663805,0.2074,1.0078,0.1554,1.041
3.600640882,0.2045,1.0039,0.1644,1.038
3.60179769,0.2020,1.0014,0.1681,1.035
3.602921074,0.2006,0.9968,0.1739,1.032
3.604031998,0.1998,0.9948,0.1774,1.030
3.605155305,0.1945,0.9875,0.1832,1.023
3.606332882,0.1896,0.9802,0.1901,1.016
3.607375036,0.1876,0.9770,0.1930,1.013
3.608233228,0.1830,0.9709,0.1991,1.008
3.609531651,0.1783,0.9611,0.2033,0.998
3.610028574,0.1761,0.9572,0.2052,0.995
3.610304421,0.1725,0.9499,0.2084,0.988
3.610611998,0.1715,0.9455,0.2099,0.984
3.612815613,0.1683,0.9381,0.2118,0.976
3.614499074,0.1664,0.9296,0.2113,0.968
3.616753498,0.1659,0.9252,0.2096,0.963
3.623517998,0.1666,0.9191,0.2086,0.957
3.624367498,0.1652,0.9103,0.2055,0.948
3.624783382,0.1649,0.9066,0.2045,0.944
3.625989921,0.1661,0.8986,0.2001,0.935
3.626547651,0.1676,0.8942,0.1969,0.931
3.629332767,0.1705,0.8883,0.1915,0.925
3.630350613,0.1737,0.8829,0.1854,0.919
3.632356959,0.1747,0.8790,0.1823,0.915
3.634303459,0.1774,0.8739,0.1766,0.909
3.649974305,0.1805,0.8658,0.1686,0.900
3.650768728,0.1810,0.8622,0.1649,0.896
3.651081651,0.1823,0.8575,0.1583,0.891
3.651326113,0.1840,0.8539,0.1534,0.887
3.651551805,0.1852,0.8482,0.1449,0.880
3.651783074,0.1859,0.8433,0.1395,0.875
3.652015844,0.1857,0.8416,0.1361,0.873
3.652255344,0.1857,0.8363,0.1283,0.866
3.652489113,0.1859,0.8321,0.1207,0.861
3.654607998,0.1857,0.8306,0.1160,0.859
3.655933267,0.1857,0.8272,0.1070,0.855
3.658182267,0.1862,0.8253,0.1033,0.852
3.659652805,0.1840,0.8240,0.0936,0.849
3.661722151,0.1830,0.8243,0.0880,0.849
3.663841767,0.1810,0.8243,0.0843,0.848
3.665750651,0.1779,0.8262,0.0767,0.849
3.668904728,0.1747,0.8297,0.0713,0.851
3.671164267,0.1727,0.8319,0.0689,0.852
3.671951536,0.1708,0.8394,0.0669,0.859
3.673668421,0.1705,0.8416,0.0665,0.861
3.675647921,0.1686,0.8497,0.0647,0.869
3.677500074,0.1673,0.8604,0.0677,0.879
3.679419036,0.1673,0.8653,0.0687,0.884
3.681586113,0.1666,0.8763,0.0730,0.895
3.683351382,0.1659,0.8905,0.0796,0.909
3.68622369,0.1666,0.8966,0.0848,0.916
3.687783613,0.1656,0.9078,0.0945,0.928
3.689549228,0.1644,0.9142,0.1007,0.934
3.691549844,0.1637,0.9291,0.1134,0.950
3.693509036,0.1639,0.9423,0.1278,0.965
3.695589228,0.1632,0.9477,0.1358,0.971
3.697381305,0.1647,0.9623,0.1532,0.988
3.699386959,0.1634,0.9765,0.1720,1.005
3.702146574,0.1632,0.9836,0.1810,1.013
3.704703997,0.1644,0.9977,0.1991,1.031
3.706155921,0.1647,1.0048,0.2077,1.039
3.707285074,0.1634,1.0180,0.2257,1.055
3.709130728,0.1625,1.0305,0.2409,1.071
3.711373497,0.1637,1.0383,0.2480,1.080
3.713265305,0.1654,1.0498,0.2651,1.095
3.715154151,0.1661,1.0603,0.2751,1.108
3.717333613,0.1678,1.0664,0.2795,1.115
3.720431151,0.1715,1.0776,0.2868,1.128
3.722508459,0.1761,1.0825,0.2907,1.135
3.724101113,0.1779,1.0925,0.2968,1.146
3.725477997,0.1835,1.1016,0.2968,1.156
3.727233536,0.1871,1.1065,0.2961,1.161
3.729199882,0.1962,1.1143,0.2919,1.168
3.731055805,0.2011,1.1201,0.2880,1.174
3.732891651,0.2038,1.1226,0.2851,1.176
3.736810921,0.2089,1.1289,0.2797,1.182
3.738533305,0.2152,1.1321,0.2726,1.184
3.739766151,0.2179,1.1343,0.2690,1.186
3.741078844,0.2240,1.1370,0.2641,1.189
3.742977305,0.2274,1.1377,0.2607,1.189
3.744884344,0.2340,1.1387,0.2538,1.190
3.746862536,0.2416,1.1390,0.2509,1.191
3.748776959,0.2465,1.1390,0.2499,1.192
3.750766651,0.2558,1.1394,0.2485,1.194
3.761959613,0.2604,1.1392,0.2497,1.195
3.763582805,0.2690,1.1397,0.2524,1.198
3.764779228,0.2766,1.1409,0.2560,1.202
3.765988305,0.2810,1.1429,0.2595,1.205
3.767168959,0.2902,1.1475,0.2680,1.214
3.768248574,0.3020,1.1551,0.2731,1.225
3.769468382,0.3098,1.1592,0.2753,1.231
3.770578728,0.3252,1.1727,0.2785,1.248
3.771474997,0.3332,1.1807,0.2807,1.259
3.772436228,0.3467,1.1993,0.2810,1.280
3.773558882,0.3626,1.2223,0.2810,1.305
3.774825651,0.3716,1.2345,0.2810,1.319
3.784696882,0.3921,1.2614,0.2807,1.350
3.786315074,0.4119,1.2916,0.2790,1.384
3.787214151,0.4202,1.3063,0.2783,1.400
3.788124613,0.4373,1.3376,0.2766,1.434
3.789154844,0.4473,1.3535,0.2744,1.452
3.79350719,0.4664,1.3828,0.2675,1.484
3.794645536,0.4869,1.4072,0.2585,1.511
3.795771882,0.4957,1.4177,0.2521,1.523
3.796936536,0.5106,1.4375,0.2345,1.543
3.798287113,0.5179,1.4448,0.2248,1.551
3.800195805,0.5338,1.4546,0.2013,1.562
3.801733497,0.5480,1.4595,0.1737,1.569
3.803080113,0.5538,1.4583,0.1583,1.568
3.804283959,0.5617,1.4531,0.1273,1.563
3.805537151,0.5658,1.4414,0.0931,1.551
3.80628142,0.5658,1.4333,0.0772,1.543
3.808510228,0.5592,1.4177,0.0406,1.525
3.809625536,0.5529,1.4082,0.0225,1.513
3.811573728,0.5377,1.3889,-0.0125,1.489
3.813873536,0.5177,1.3664,-0.0403,1.462
3.81563519,0.5060,1.3544,-0.0530,1.447
3.817267344,0.4806,1.3324,-0.0762,1.419
3.819818228,0.4566,1.3100,-0.0953,1.391
3.82166969,0.4446,1.3002,-0.1036,1.378
3.823392036,0.4197,1.2809,-0.1158,1.353
3.825376267,0.4077,1.2694,-0.1192,1.339
3.827367574,0.3902,1.2489,-0.1273,1.315
3.829141074,0.3745,1.2279,-0.1305,1.290
3.83118169,0.3667,1.2188,-0.1305,1.279
3.83307519,0.3547,1.2010,-0.1273,1.259
3.840877305,0.3457,1.1800,-0.1241,1.236
3.841931228,0.3411,1.1693,-0.1224,1.224
3.842371459,0.3337,1.1460,-0.1148,1.199
3.84277169,0.3296,1.1353,-0.1114,1.187
3.843246882,0.3242,1.1126,-0.1004,1.163
3.845433459,0.3178,1.0896,-0.0914,1.139
3.847333536,0.3149,1.0769,-0.0860,1.125
3.849103497,0.3078,1.0530,-0.0735,1.099
3.851293497,0.3027,1.0290,-0.0630,1.074
3.86408519,0.3003,1.0168,-0.0574,1.062
3.865771267,0.2944,0.9914,-0.0457,1.035
3.866977113,0.2912,0.9797,-0.0401,1.023
3.86813442,0.2834,0.9557,-0.0310,0.997
3.869517344,0.2729,0.9311,-0.0230,0.970
3.870890151,0.2687,0.9188,-0.0195,0.958
3.871904882,0.2634,0.8946,-0.0154,0.933
3.873840997,0.2580,0.8700,-0.0169,0.908
3.875033767,0.2560,0.8587,-0.0198,0.896
3.876138228,0.2555,0.8346,-0.0242,0.873
3.877176844,0.2568,0.8226,-0.0269,0.862
3.878177382,0.2612,0.7996,-0.0357,0.842
3.879333536,0.2682,0.7762,-0.0472,0.823
3.88021792,0.2719,0.7659,-0.0513,0.814
3.881253574,0.2770,0.7488,-0.0589,0.801
3.88418119,0.2878,0.7319,-0.0682,0.789
3.885932959,0.2919,0.7253,-0.0711,0.785
3.887153497,0.3007,0.7114,-0.0755,0.776
3.88846419,0.3120,0.7051,-0.0799,0.775
3.890593497,0.3186,0.6921,-0.0828,0.766
3.892531536,0.3283,0.6823,-0.0867,0.762
3.894580036,0.3340,0.6770,-0.0894,0.760
3.896225805,0.3408,0.6699,-0.0977,0.758
3.898214305,0.3474,0.6608,-0.1065,0.754
3.900487767,0.3511,0.6579,-0.1114,0.754
3.903534113,0.3560,0.6547,-0.1226,0.755
3.904918382,0.3582,0.6528,-0.1275,0.755
3.90612292,0.3567,0.6513,-0.1373,0.755
3.908372728,0.3540,0.6496,-0.1434,0.754
3.910322343,0.3542,0.6494,-0.1463,0.754
3.912177882,0.3506,0.6528,-0.1517,0.756
3.914550459,0.3452,0.6569,-0.1544,0.758
3.916046113,0.3420,0.6604,-0.1546,0.760
3.918029613,0.3352,0.6684,-0.1556,0.764
3.920056228,0.3313,0.6718,-0.1554,0.765
3.92202542,0.3210,0.6801,-0.1539,0.768
3.923865382,0.3098,0.6914,-0.1490,0.772
3.926158228,0.3037,0.6968,-0.1456,0.774
3.927779843,0.2922,0.7097,-0.1380,0.780
3.93000442,0.2788,0.7239,-0.1270,0.786
3.931634382,0.2731,0.7307,-0.1202,0.789
3.93381442,0.2639,0.7459,-0.1026,0.798
3.94333742,0.2602,0.7544,-0.0945,0.804
3.944403613,0.2551,0.7698,-0.0757,0.814
3.945099728,0.2521,0.7884,-0.0537,0.829
3.945988036,0.2499,0.7986,-0.0425,0.838
3.946695651,0.2477,0.8187,-0.0186,0.856
3.947416113,0.2477,0.8402,0.0054,0.876
3.948182882,0.2472,0.8521,0.0169,0.887
3.949785959,0.2487,0.8751,0.0384,0.911
3.951511343,0.2489,0.8871,0.0491,0.923
3.964535305,0.2521,0.9093,0.0708,0.946
3.965916651,0.2570,0.9313,0.0889,0.970
3.966722113,0.2590,0.9428,0.0970,0.982
3.967580228,0.2619,0.9640,0.1126,1.005
3.968717574,0.2665,0.9863,0.1253,1.029
3.969873805,0.2695,0.9975,0.1307,1.041
3.97100542,0.2756,1.0153,0.1390,1.061
3.972119613,0.2810,1.0324,0.1439,1.080
3.97304142,0.2858,1.0400,0.1454,1.088
3.97412969,0.2951,1.0542,0.1466,1.104
3.974865382,0.2985,1.0618,0.1456,1.112
3.975788113,0.3037,1.0754,0.1402,1.126
3.97846869,0.3103,1.0852,0.1331,1.137
3.979948728,0.3127,1.0886,0.1290,1.140
3.981229343,0.3164,1.0950,0.1165,1.146
3.983309151,0.3196,1.0996,0.1009,1.150
3.98725042,0.3196,1.1008,0.0921,1.150
3.988644651,0.3200,1.1006,0.0743,1.149
3.989822459,0.3198,1.1001,0.0647,1.147
3.990959651,0.3186,1.0972,0.0479,1.143
3.992924151,0.3178,1.0925,0.0281,1.138
3.994952343,0.3159,1.0906,0.0176,1.136
3.996763497,0.3122,1.0830,-0.0015,1.127
3.998773228,0.3083,1.0776,-0.0105,1.121
4.000730882,0.3064,1.0676,-0.0254,1.111
4.003818805,0.3027,1.0593,-0.0388,1.102
4.00535769,0.3015,1.0544,-0.0435,1.098
4.006755113,0.2990,1.0429,-0.0528,1.086
4.008656266,0.2939,1.0322,-0.0591,1.075
4.01073669,0.2922,1.0256,-0.0601,1.068
4.01266019,0.2873,1.0146,-0.0623,1.056
4.01486419,0.2853,1.0039,-0.0606,1.045
4.016682805,0.2836,0.9975,-0.0584,1.039
4.020210843,0.2785,0.9858,-0.0518,1.026
4.021797805,0.2773,0.9789,-0.0476,1.019
4.023374382,0.2739,0.9687,-0.0386,1.007
4.024774651,0.2697,0.9569,-0.0291,0.995
4.026476266,0.2675,0.9516,-0.0230,0.989
4.028290882,0.2651,0.9384,-0.0076,0.975
4.03042469,0.2636,0.9315,-0.0020,0.968
4.032313613,0.2595,0.9193,0.0103,0.955
4.034286843,0.2587,0.9078,0.0244,0.944
4.037197843,0.2582,0.9008,0.0318,0.938
4.038683574,0.2573,0.8854,0.0442,0.923
4.03999292,0.2575,0.8724,0.0586,0.912
4.042075959,0.2568,0.8666,0.0645,0.906
4.043971459,0.2555,0.8546,0.0755,0.895
4.046175843,0.2558,0.8473,0.0796,0.889
4.04798969,0.2560,0.8333,0.0882,0.876
4.050240266,0.2560,0.8182,0.0982,0.863
4.060399266,0.2558,0.8104,0.1024,0.856
4.062043305,0.2563,0.7974,0.1092,0.845
4.062907074,0.2555,0.7830,0.1151,0.832
4.064088036,0.2558,0.7769,0.1187,0.826
4.065203113,0.2565,0.7635,0.1239,0.815
4.066238613,0.2565,0.7559,0.1273,0.808
4.067108997,0.2587,0.7437,0.1317,0.798
4.068529959,0.2607,0.7329,0.1351,0.790
4.069880843,0.2617,0.7271,0.1378,0.785
4.070358536,0.2621,0.7168,0.1422,0.776
4.080730843,0.2617,0.7131,0.1427,0.773
4.081257613,0.2626,0.7031,0.1466,0.765
4.081561536,0.2639,0.6941,0.1466,0.757
4.08181042,0.2648,0.6907,0.1480,0.754
4.082055613,0.2668,0.6838,0.1517,0.750
4.082290228,0.2643,0.6779,0.1524,0.743
4.088530728,0.2643,0.6762,0.1520,0.742
4.089087651,0.2619,0.6740,0.1529,0.739
4.089429843,0.2604,0.6711,0.1532,0.736
4.089666997,0.2597,0.6696,0.1542,0.735
4.094821613,0.2570,0.6667,0.1539,0.731
4.095102651,0.2558,0.6670,0.1534,0.731
4.095345843,0.2499,0.6662,0.1544,0.728
4.097151266,0.2470,0.6667,0.1551,0.728
4.099124613,0.2446,0.6674,0.1537,0.727
4.101205805,0.2416,0.6684,0.1507,0.727
4.104095074,0.2372,0.6706,0.1510,0.727
4.10507719,0.2340,0.6718,0.1502,0.727
4.107192613,0.2301,0.6745,0.1490,0.728
4.109022882,0.2279,0.6775,0.1483,0.730
4.111473651,0.2253,0.6814,0.1473,0.733
4.112950228,0.2218,0.6865,0.1446,0.736
4.115176074,0.2204,0.6909,0.1437,0.739
4.117091266,0.2194,0.6975,0.1412,0.745
4.120265036,0.2194,0.7058,0.1361,0.752
4.121126189,0.2194,0.7102,0.1341,0.755
4.12307392,0.2206,0.7173,0.1295,0.762
4.124880113,0.2216,0.7224,0.1261,0.766
4.126708997,0.2279,0.7297,0.1192,0.774
4.12882992,0.2318,0.7388,0.1112,0.782
4.13095442,0.2336,0.7429,0.1090,0.786
4.132779228,0.2362,0.7534,0.1051,0.797
4.134855651,0.2419,0.7659,0.1021,0.810
4.144444882,0.2426,0.7725,0.1016,0.816
4.145568805,0.2460,0.7842,0.0999,0.828
4.146362459,0.2472,0.7903,0.0989,0.834
4.147180074,0.2509,0.8028,0.0997,0.847
4.147930651,0.2570,0.8138,0.0994,0.859
4.148741997,0.2599,0.8189,0.0987,0.865
4.149659997,0.2641,0.8309,0.0970,0.877
4.150572805,0.2692,0.8438,0.0980,0.891
4.166718382,0.2719,0.8499,0.0987,0.898
4.16823342,0.2797,0.8587,0.0972,0.908
4.169218151,0.2844,0.8641,0.0963,0.915
4.170465805,0.2922,0.8741,0.0963,0.927
4.171547843,0.3005,0.8834,0.0989,0.938
4.172476882,0.3054,0.8876,0.0994,0.944
4.173953843,0.3137,0.8966,0.1011,0.955
4.17509242,0.3244,0.9012,0.1043,0.964
4.175923343,0.3291,0.9081,0.1048,0.972
4.17673442,0.3362,0.9152,0.1063,0.981
4.177931805,0.3398,0.9179,0.1077,0.985
4.178916459,0.3508,0.9247,0.1153,0.996
4.179723536,0.3579,0.9313,0.1202,1.005
4.180748036,0.3601,0.9337,0.1234,1.008
4.181591766,0.3669,0.9364,0.1329,1.014
4.182566305,0.3723,0.9398,0.1412,1.021
4.18504042,0.3738,0.9408,0.1459,1.023
4.186647843,0.3794,0.9416,0.1586,1.027
4.191475151,0.3809,0.9408,0.1634,1.028
4.192984382,0.3821,0.9406,0.1735,1.030
4.194185036,0.3826,0.9398,0.1854,1.032
4.194970959,0.3840,0.9386,0.1896,1.032
4.195971766,0.3833,0.9379,0.1996,1.033
4.19798192,0.3819,0.9352,0.2096,1.032
4.199911997,0.3801,0.9342,0.2121,1.031
4.201869843,0.3753,0.9318,0.2172,1.028
4.204549536,0.3740,0.9296,0.2184,1.026
4.20610642,0.3711,0.9259,0.2238,1.022
4.207674305,0.3662,0.9227,0.2262,1.018
4.209631959,0.3633,0.9210,0.2255,1.015
4.211620305,0.3574,0.9191,0.2265,1.012
4.213516574,0.3518,0.9166,0.2218,1.007
4.215706343,0.3486,0.9147,0.2201,1.003
4.217562882,0.3420,0.9108,0.2179,0.997
4.220622882,0.3396,0.9105,0.2165,0.996
4.222386689,0.3335,0.9093,0.2111,0.991
4.22401492,0.3291,0.9056,0.2064,0.985
4.225477497,0.3261,0.9039,0.2038,0.982
4.227414766,0.3196,0.9008,0.1976,0.976
4.229432959,0.3142,0.8988,0.1945,0.972
4.23151742,0.3105,0.8949,0.1867,0.965
4.233380459,0.3064,0.8956,0.1796,0.963
4.235334651,0.3039,0.8951,0.1776,0.962
4.238326689,0.2985,0.8927,0.1703,0.957
4.239839536,0.2919,0.8905,0.1617,0.951
4.241516497,0.2895,0.8903,0.1581,0.949
4.243014074,0.2866,0.8888,0.1517,0.946
4.244893266,0.2834,0.8866,0.1424,0.942
4.247333574,0.2827,0.8851,0.1393,0.940
4.24907592,0.2780,0.8817,0.1324,0.934
4.251036497,0.2758,0.8810,0.1297,0.932
4.260537228,0.2734,0.8788,0.1236,0.929
4.262154074,0.2714,0.8768,0.1175,0.925
4.263325805,0.2687,0.8761,0.1151,0.924
4.264294766,0.2665,0.8744,0.1099,0.921
4.265471612,0.2636,0.8739,0.1075,0.919
4.265971536,0.2612,0.8719,0.1029,0.916
4.266241574,0.2565,0.8688,0.0980,0.911
4.266548612,0.2563,0.8690,0.0965,0.911
4.268527689,0.2555,0.8690,0.0948,0.911
4.283057305,0.2531,0.8692,0.0955,0.910
4.283640766,0.2526,0.8690,0.0948,0.910
4.283872459,0.2531,0.8700,0.0965,0.911
4.284111574,0.2519,0.8719,0.0975,0.913
4.284340228,0.2504,0.8741,0.1007,0.915
4.284571497,0.2492,0.8785,0.1036,0.919
4.284791651,0.2482,0.8817,0.1046,0.922
4.285020574,0.2453,0.8890,0.1065,0.928
4.293761728,0.2419,0.8978,0.1129,0.937
4.294524382,0.2426,0.9022,0.1156,0.941
4.294860497,0.2443,0.9115,0.1200,0.951
4.295155189,0.2448,0.9232,0.1224,0.963
4.295465112,0.2450,0.9296,0.1246,0.969
4.296443689,0.2463,0.9420,0.1297,0.982
4.298526266,0.2480,0.9501,0.1312,0.991
4.300378189,0.2516,0.9640,0.1363,1.006
4.304265497,0.2536,0.9777,0.1417,1.020
4.305089843,0.2543,0.9853,0.1446,1.028
4.30668592,0.2590,1.0002,0.1510,1.044
4.308225036,0.2629,1.0170,0.1605,1.063
4.310558112,0.2656,1.0244,0.1637,1.071
4.312238266,0.2692,1.0378,0.1727,1.086
4.31479442,0.2709,1.0451,0.1783,1.094
4.316141536,0.2780,1.0583,0.1888,1.110
4.318596574,0.2814,1.0720,0.1979,1.126
4.321266189,0.2851,1.0791,0.2030,1.134
4.322308266,0.2907,1.0913,0.2128,1.149
4.323951112,0.2961,1.1011,0.2206,1.161
4.326803266,0.2983,1.1065,0.2260,1.168
4.327882343,0.3037,1.1140,0.2362,1.179
4.330405689,0.3051,1.1177,0.2402,1.183
4.331756882,0.3115,1.1248,0.2470,1.193
4.334700228,0.3156,1.1299,0.2526,1.200
4.337871228,0.3174,1.1321,0.2546,1.203
4.338656535,0.3220,1.1343,0.2592,1.207
4.33970442,0.3281,1.1348,0.2612,1.210
4.342435112,0.3318,1.1363,0.2631,1.213
4.343814766,0.3354,1.1358,0.2636,1.213
4.345596612,0.3376,1.1343,0.2626,1.212
4.347648689,0.3420,1.1324,0.2621,1.212
4.349445959,0.3476,1.1292,0.2607,1.210
4.352255689,0.3518,1.1265,0.2597,1.208
4.359026728,0.3574,1.1223,0.2607,1.206
4.359605035,0.3621,1.1192,0.2585,1.204
4.359855882,0.3633,1.1140,0.2580,1.200
4.360084766,0.3621,1.1087,0.2573,1.194
4.365747843,0.3621,1.1060,0.2573,1.192
4.366407189,0.3589,1.1038,0.2558,1.189
4.366815074,0.3557,1.1013,0.2533,1.185
4.367607266,0.3533,1.0999,0.2514,1.182
4.369350266,0.3469,1.1013,0.2463,1.181
4.38654442,0.3362,1.1070,0.2380,1.181
4.388382535,0.3303,1.1101,0.2345,1.182
4.389847151,0.3205,1.1214,0.2289,1.189
4.390879843,0.3166,1.1277,0.2253,1.193
4.392208189,0.3112,1.1434,0.2152,1.204
4.393592612,0.3046,1.1636,0.2016,1.220
4.394871574,0.3042,1.1754,0.1942,1.230
4.395940035,0.3032,1.1983,0.1783,1.249
4.397432689,0.3078,1.2210,0.1608,1.269
4.398410343,0.3100,1.2328,0.1512,1.280
4.399515035,0.3134,1.2579,0.1339,1.303
4.40035792,0.3193,1.2794,0.1163,1.324
4.401495459,0.3227,1.2902,0.1073,1.334
4.402547651,0.3288,1.3114,0.0965,1.355
4.403594997,0.3318,1.3212,0.0919,1.365
4.404731074,0.3369,1.3366,0.0823,1.381
4.406018959,0.3445,1.3486,0.0779,1.394
4.407194074,0.3489,1.3527,0.0760,1.399
4.408125112,0.3569,1.3569,0.0774,1.405
4.409226343,0.3638,1.3566,0.0804,1.407
4.412224189,0.3657,1.3522,0.0809,1.403
4.413949189,0.3674,1.3449,0.0843,1.397
4.418916228,0.3682,1.3395,0.0872,1.392
4.420009959,0.3669,1.3249,0.0928,1.378
4.421162074,0.3665,1.3063,0.0965,1.360
4.422229997,0.3660,1.2960,0.0987,1.350
4.423378882,0.3584,1.2743,0.1046,1.328
4.426065305,0.3481,1.2508,0.1124,1.303
4.427609189,0.3420,1.2386,0.1158,1.290
4.429594112,0.3303,1.2140,0.1217,1.264
4.430856074,0.3225,1.2022,0.1256,1.251
4.432623651,0.3071,1.1780,0.1353,1.225
4.434374689,0.2922,1.1539,0.1473,1.199
4.440060728,0.2849,1.1424,0.1546,1.187
4.440654728,0.2680,1.1209,0.1686,1.165
4.440901305,0.2524,1.1101,0.1827,1.153
4.442379651,0.2460,1.0930,0.1888,1.136
4.444343189,0.2323,1.0747,0.1998,1.118
4.446337228,0.2277,1.0669,0.2033,1.110
4.448203651,0.2189,1.0505,0.2108,1.094
4.450238766,0.2118,1.0344,0.2138,1.077
4.452020458,0.2079,1.0280,0.2147,1.071
4.464839882,0.2020,1.0141,0.2108,1.055
4.465348843,0.1986,1.0004,0.2030,1.040
4.465606074,0.1954,0.9931,0.1981,1.031
4.465847305,0.1918,0.9802,0.1874,1.016
4.466093382,0.1903,0.9740,0.1801,1.009
4.466328728,0.1876,0.9623,0.1644,0.994
4.466549612,0.1859,0.9491,0.1476,0.978
4.467980497,0.1859,0.9428,0.1393,0.971
4.47348342,0.1818,0.9318,0.1192,0.957
4.473977112,0.1776,0.9230,0.0992,0.945
4.474216112,0.1752,0.9181,0.0892,0.939
4.475759997,0.1717,0.9083,0.0657,0.927
4.478005651,0.1688,0.9052,0.0550,0.922
4.48013642,0.1649,0.8966,0.0313,0.912
4.481579805,0.1605,0.8905,0.0056,0.905
4.483590343,0.1573,0.8881,-0.0068,0.902
4.485758228,0.1500,0.8819,-0.0330,0.895
4.487996805,0.1439,0.8775,-0.0572,0.891
4.49158392,0.1417,0.8763,-0.0684,0.890
4.492382189,0.1368,0.8722,-0.0906,0.887
4.493506112,0.1336,0.8707,-0.1019,0.887
4.495426112,0.1290,0.8683,-0.1224,0.886
4.497312458,0.1202,0.8653,-0.1388,0.885
4.499534497,0.1153,0.8663,-0.1473,0.886
4.501363535,0.1094,0.8658,-0.1625,0.888
4.504741035,0.1046,0.8634,-0.1752,0.887
4.506298343,0.1024,0.8622,-0.1803,0.887
4.507370997,0.1004,0.8600,-0.1891,0.886
4.509199843,0.0994,0.8590,-0.1925,0.886
4.51121942,0.0987,0.8553,-0.1950,0.883
4.513107958,0.1007,0.8526,-0.1930,0.880
4.515435612,0.1002,0.8526,-0.1903,0.879
4.517427805,0.1029,0.8504,-0.1798,0.875
4.520932882,0.1053,0.8460,-0.1678,0.869
4.522105382,0.1070,0.8451,-0.1583,0.866
4.523173035,0.1102,0.8446,-0.1341,0.862
4.525264382,0.1136,0.8438,-0.1102,0.859
4.527207189,0.1163,0.8419,-0.0975,0.855
4.528976766,0.1241,0.8407,-0.0733,0.853
4.531202958,0.1268,0.8407,-0.0618,0.852
4.532942882,0.1312,0.8385,-0.0398,0.850
4.535256382,0.1378,0.8397,-0.0134,0.851
4.538119997,0.1397,0.8414,-0.0012,0.853
4.539513305,0.1419,0.8424,0.0239,0.855
4.540861381,0.1456,0.8441,0.0364,0.857
4.542831997,0.1483,0.8487,0.0579,0.864
4.544854689,0.1546,0.8553,0.0760,0.872
4.546937881,0.1573,0.8585,0.0833,0.877
4.548821151,0.1632,0.8644,0.0936,0.885
4.550824535,0.1708,0.8714,0.1007,0.894
4.552742035,0.1742,0.8761,0.1029,0.899
4.56169392,0.1801,0.8859,0.1041,0.910
4.563260343,0.1823,0.8907,0.1051,0.915
4.564322574,0.1884,0.8995,0.1026,0.925
4.565371881,0.1918,0.9096,0.0992,0.935
4.566310266,0.1945,0.9147,0.0963,0.940
4.569615805,0.2035,0.9254,0.0899,0.952
4.57079542,0.2118,0.9359,0.0818,0.963
4.571710343,0.2155,0.9408,0.0782,0.968
4.573041574,0.2245,0.9496,0.0723,0.978
4.574157651,0.2304,0.9543,0.0706,0.984
4.575370997,0.2416,0.9623,0.0667,0.994
4.576513997,0.2536,0.9679,0.0628,1.003
4.584425497,0.2595,0.9709,0.0599,1.007
4.586059381,0.2707,0.9762,0.0596,1.015
4.587280574,0.2807,0.9797,0.0599,1.021
4.589162958,0.2863,0.9809,0.0606,1.024
4.590465689,0.2981,0.9836,0.0596,1.029
4.591455805,0.3083,0.9853,0.0611,1.034
4.592724228,0.3130,0.9890,0.0643,1.039
4.594089381,0.3232,0.9902,0.0655,1.044
4.594975805,0.3266,0.9909,0.0682,1.046
4.59748842,0.3347,0.9929,0.0726,1.050
4.598954728,0.3408,0.9948,0.0765,1.054
4.599901997,0.3425,0.9958,0.0792,1.056
4.60206242,0.3486,0.9985,0.0828,1.061
4.606698997,0.3523,1.0007,0.0862,1.064
4.608171228,0.3535,1.0034,0.0877,1.067
4.610047035,0.3552,1.0058,0.0884,1.070
4.610884266,0.3555,1.0061,0.0901,1.071
4.612010074,0.3540,1.0070,0.0923,1.071
4.613953381,0.3550,1.0070,0.0933,1.072
4.61589342,0.3545,1.0056,0.0938,1.070
4.617837112,0.3520,1.0061,0.0958,1.070
4.621702035,0.3498,1.0051,0.0970,1.069
4.623306458,0.3464,1.0024,0.0987,1.065
4.624542574,0.3408,0.9980,0.0989,1.059
4.625856651,0.3371,0.9955,0.0997,1.056
4.627506805,0.3298,0.9899,0.1019,1.048
4.629675881,0.3225,0.9831,0.1007,1.040
4.631408305,0.3169,0.9799,0.1011,1.035
4.633543497,0.3088,0.9728,0.1019,1.026
4.635704881,0.3046,0.9692,0.1024,1.021
4.638928112,0.2968,0.9591,0.1043,1.009
4.640422535,0.2885,0.9504,0.1058,0.999
4.641707228,0.2851,0.9457,0.1070,0.994
4.643318997,0.2761,0.9337,0.1109,0.980
4.645227766,0.2695,0.9237,0.1163,0.969
4.647289843,0.2653,0.9188,0.1202,0.964
4.649177651,0.2568,0.9091,0.1241,0.953
4.651332189,0.2541,0.9042,0.1273,0.948
4.653404151,0.2480,0.8939,0.1339,0.937
4.662853574,0.2404,0.8819,0.1407,0.925
4.664239766,0.2370,0.8768,0.1441,0.920
4.665501535,0.2299,0.8666,0.1510,0.909
4.666528535,0.2209,0.8607,0.1586,0.903
4.667627304,0.2165,0.8509,0.1617,0.893
4.668503497,0.2113,0.8421,0.1691,0.885
4.669631458,0.2069,0.8360,0.1732,0.878
4.670084766,0.2001,0.8275,0.1801,0.870
4.686061843,0.1913,0.8187,0.1874,0.861
4.686618689,0.1879,0.8138,0.1898,0.856
4.686904997,0.1808,0.8057,0.1962,0.849
4.687158651,0.1725,0.7952,0.1994,0.838
4.687403189,0.1688,0.7925,0.1996,0.835
4.687643035,0.1617,0.7859,0.2030,0.828
4.687882997,0.1583,0.7806,0.2045,0.822
4.688115766,0.1517,0.7730,0.2047,0.814
4.688345497,0.1441,0.7676,0.2040,0.807
4.68859042,0.1417,0.7657,0.2042,0.805
4.690627266,0.1356,0.7622,0.2013,0.800
4.692461343,0.1312,0.7569,0.1984,0.793
4.694452343,0.1295,0.7544,0.1969,0.790
4.696431804,0.1248,0.7500,0.1942,0.785
4.698477651,0.1224,0.7488,0.1903,0.782
4.700437612,0.1197,0.7468,0.1837,0.778
4.702410074,0.1168,0.7434,0.1776,0.773
4.705549574,0.1158,0.7412,0.1764,0.771
4.706997228,0.1143,0.7383,0.1713,0.766
4.708484381,0.1134,0.7383,0.1634,0.765
4.710264458,0.1143,0.7383,0.1593,0.764
4.712268958,0.1180,0.7380,0.1527,0.763
4.714435266,0.1190,0.7388,0.1483,0.763
4.716465535,0.1202,0.7417,0.1419,0.765
4.718254189,0.1219,0.7437,0.1368,0.766
4.721575304,0.1229,0.7449,0.1351,0.767
4.722693843,0.1268,0.7478,0.1300,0.770
4.724014458,0.1278,0.7522,0.1263,0.773
4.725991997,0.1290,0.7542,0.1253,0.775
4.728088497,0.1309,0.7581,0.1224,0.779
4.730055112,0.1312,0.7613,0.1209,0.782
4.731818958,0.1346,0.7654,0.1202,0.786
4.73438642,0.1361,0.7720,0.1209,0.793
4.73589292,0.1375,0.7766,0.1209,0.798
4.739654266,0.1397,0.7845,0.1209,0.806
4.740628958,0.1397,0.7913,0.1226,0.813
4.742051266,0.1405,0.7945,0.1253,0.816
4.744068266,0.1415,0.8030,0.1297,0.826
4.745829766,0.1424,0.8074,0.1324,0.831
4.747825266,0.1466,0.8170,0.1371,0.841
4.749799612,0.1505,0.8253,0.1439,0.851
4.751788381,0.1507,0.8304,0.1466,0.857
4.762204727,0.1505,0.8402,0.1532,0.867
4.763536304,0.1554,0.8512,0.1576,0.879
4.76439642,0.1554,0.8558,0.1598,0.884
4.765399035,0.1583,0.8673,0.1661,0.897
4.766425727,0.1598,0.8734,0.1688,0.904
4.767674843,0.1652,0.8834,0.1735,0.915
4.768670881,0.1688,0.8932,0.1771,0.926
4.769867381,0.1708,0.8998,0.1788,0.933
4.770751497,0.1739,0.9096,0.1845,0.944
4.771873151,0.1774,0.9205,0.1891,0.956
4.790511266,0.1796,0.9254,0.1923,0.962
4.791212151,0.1796,0.9369,0.1974,0.974
4.791492689,0.1791,0.9423,0.1996,0.980
4.791721727,0.1793,0.9538,0.2038,0.992
4.792101651,0.1808,0.9648,0.2074,1.003
4.792330535,0.1801,0.9697,0.2084,1.008
4.792564151,0.1805,0.9809,0.2106,1.019
4.792788727,0.1805,0.9892,0.2111,1.027
4.793018997,0.1793,0.9929,0.2108,1.031
4.793244497,0.1791,0.9992,0.2111,1.037
4.793659074,0.1798,1.0029,0.2106,1.040
4.795926612,0.1793,1.0090,0.2067,1.045
4.797229343,0.1830,1.0166,0.2028,1.053
4.800754227,0.1847,1.0183,0.2001,1.054
4.801257612,0.1867,1.0224,0.1935,1.057
4.803199843,0.1893,1.0254,0.1864,1.059
4.805547304,0.1903,1.0271,0.1835,1.061
4.807349574,0.1945,1.0288,0.1769,1.062
4.808742035,0.1962,1.0290,0.1730,1.062
4.811191343,0.1986,1.0293,0.1664,1.061
4.812995343,0.1991,1.0288,0.1593,1.060
4.815015804,0.1989,1.0278,0.1571,1.059
4.816670766,0.1991,1.0256,0.1539,1.056
4.819177266,0.2003,1.0212,0.1517,1.052
4.822446227,0.1998,1.0190,0.1507,1.049
4.82317442,0.2013,1.0151,0.1517,1.046
4.824755958,0.2023,1.0117,0.1517,1.043
4.826648458,0.2003,1.0046,0.1527,1.036
4.828601074,0.1996,0.9973,0.1539,1.029
4.830740881,0.1994,0.9931,0.1561,1.025
4.832508497,0.2011,0.9865,0.1598,1.019
4.834611074,0.2003,0.9767,0.1617,1.010
4.83632642,0.1996,0.9726,0.1642,1.006
4.838602997,0.1986,0.9643,0.1678,0.999
4.840754804,0.1986,0.9591,0.1700,0.994
4.842419458,0.1989,0.9506,0.1747,0.987
4.844286266,0.1981,0.9406,0.1781,0.978
4.847527881,0.1972,0.9359,0.1805,0.973
4.848118804,0.1974,0.9279,0.1847,0.966
4.850159997,0.1981,0.9193,0.1879,0.959
4.851988381,0.1979,0.9149,0.1886,0.955
4.859052997,0.1954,0.9059,0.1908,0.946
4.859821266,0.1954,0.9025,0.1915,0.943
4.860230189,0.1947,0.8964,0.1930,0.937
4.860628535,0.1945,0.8900,0.1928,0.931
4.864443574,0.1937,0.8863,0.1920,0.927
4.865241843,0.1935,0.8810,0.1932,0.922
4.866097689,0.1937,0.8785,0.1903,0.920
4.868011997,0.1940,0.8771,0.1896,0.918
4.870012497,0.1974,0.8744,0.1876,0.916
4.881268535,0.1976,0.8736,0.1864,0.915
4.882484458,0.2001,0.8761,0.1837,0.917
4.884318727,0.2030,0.8788,0.1808,0.920
4.88496865,0.2038,0.8812,0.1801,0.922
4.885468727,0.2050,0.8883,0.1788,0.929
4.885868881,0.2067,0.8973,0.1761,0.938
4.886306035,0.2074,0.9010,0.1757,0.941
4.886660189,0.2089,0.9105,0.1771,0.951
4.891161612,0.2099,0.9157,0.1776,0.956
4.89196292,0.2111,0.9257,0.1786,0.966
4.892318766,0.2108,0.9359,0.1823,0.977
4.89441592,0.2099,0.9423,0.1837,0.983
4.895596574,0.2072,0.9528,0.1891,0.993
4.897525727,0.2060,0.9650,0.1935,1.006
4.899301112,0.2064,0.9714,0.1957,1.012
4.901462458,0.2035,0.9821,0.2001,1.023
4.903517227,0.2035,0.9872,0.2028,1.028
4.90614492,0.2028,0.9975,0.2072,1.039
4.907162266,0.2033,1.0107,0.2108,1.052
4.909346689,0.2040,1.0166,0.2135,1.059
4.911275189,0.2033,1.0271,0.2187,1.070
4.913380189,0.2038,1.0393,0.2223,1.082
4.91540292,0.2042,1.0451,0.2250,1.088
4.917346227,0.2035,1.0554,0.2301,1.099
4.919241881,0.2042,1.0598,0.2323,1.104
4.921913458,0.2064,1.0698,0.2362,1.115
4.923584343,0.2064,1.0803,0.2397,1.126
4.924948689,0.2069,1.0877,0.2409,1.133
4.927193727,0.2101,1.1011,0.2431,1.147
4.928965689,0.2103,1.1087,0.2431,1.154
4.931152112,0.2113,1.1126,0.2431,1.158
4.933189497,0.2140,1.1219,0.2448,1.168
4.935198881,0.2147,1.1263,0.2467,1.173
4.937009266,0.2140,1.1346,0.2441,1.180
4.945915843,0.2147,1.1426,0.2416,1.187
4.947035458,0.2143,1.1451,0.2397,1.189
4.947750189,0.2162,1.1509,0.2358,1.195
4.948469689,0.2165,1.1561,0.2321,1.199
4.949232266,0.2150,1.1587,0.2289,1.201
4.950067074,0.2118,1.1629,0.2223,1.203
4.967422304,0.2116,1.1661,0.2189,1.205
4.968870881,0.2108,1.1695,0.2118,1.207
4.969968112,0.2111,1.1749,0.2064,1.211
4.97101165,0.2128,1.1768,0.2040,1.213
4.972227727,0.2152,1.1842,0.2003,1.220
4.973509073,0.2211,1.1939,0.1925,1.229
4.974586035,0.2262,1.2003,0.1886,1.236
4.975671497,0.2372,1.2140,0.1835,1.250
4.976746073,0.2424,1.2213,0.1803,1.258
4.977670112,0.2558,1.2394,0.1725,1.277
4.978561073,0.2709,1.2628,0.1671,1.302
4.979421573,0.2800,1.2748,0.1637,1.315
4.980181112,0.2971,1.2995,0.1561,1.342
4.980994881,0.3139,1.3273,0.1529,1.372
4.982680573,0.3215,1.3420,0.1512,1.388
4.983559573,0.3364,1.3669,0.1510,1.416
4.984521189,0.3533,1.3911,0.1542,1.443
4.985474535,0.3616,1.4028,0.1586,1.457
4.986701227,0.3794,1.4224,0.1664,1.481
4.989905727,0.3887,1.4302,0.1695,1.492
4.991750227,0.4087,1.4392,0.1801,1.507
4.993214112,0.4285,1.4404,0.1906,1.515
4.995164227,0.4383,1.4380,0.1942,1.516
4.996555535,0.4581,1.4294,0.2035,1.515
4.998452535,0.4796,1.4148,0.2099,1.509
5.000077458,0.4881,1.4038,0.2128,1.501
5.001992766,0.5040,1.3798,0.2184,1.485
5.004979343,0.5094,1.3652,0.2206,1.474
5.006098381,0.5160,1.3307,0.2216,1.444
5.007775535,0.5187,1.2948,0.2209,1.412
5.009804227,0.5182,1.2767,0.2221,1.396
5.011787458,0.5121,1.2416,0.2240,1.362
5.013738689,0.4994,1.2247,0.2262,1.342
5.015688958,0.4906,1.1934,0.2287,1.310
5.017899227,0.4683,1.1661,0.2333,1.278
5.020229497,0.4591,1.1546,0.2358,1.265
5.021998689,0.4390,1.1353,0.2416,1.241
5.024576804,0.4187,1.1179,0.2446,1.219
5.025695304,0.4097,1.1096,0.2465,1.208
5.028434304,0.3906,1.0952,0.2477,1.189
5.031233381,0.3762,1.0886,0.2477,1.178
5.031539766,0.3706,1.0715,0.2458,1.160
5.033690266,0.3616,1.0583,0.2428,1.144
5.035926112,0.3567,1.0505,0.2402,1.135
5.039233458,0.3491,1.0337,0.2331,1.116
5.040313612,0.3442,1.0195,0.2257,1.099
5.041724343,0.3408,1.0112,0.2226,1.090
5.044251958,0.3354,0.9946,0.2152,1.071
5.045740035,0.3323,0.9853,0.2101,1.061
5.047650304,0.3264,0.9672,0.2003,1.040
5.049216612,0.3220,0.9484,0.1920,1.020
5.05139942,0.3188,0.9379,0.1874,1.008
5.053192881,0.3132,0.9188,0.1779,0.987
5.065204881,0.3071,0.9020,0.1661,0.967
5.067062497,0.3039,0.8942,0.1588,0.958
5.068100497,0.2995,0.8744,0.1461,0.936
5.06958515,0.2961,0.8651,0.1397,0.925
5.071156689,0.2907,0.8485,0.1244,0.905
5.072595689,0.2888,0.8294,0.1092,0.885
5.074077958,0.2873,0.8211,0.1016,0.876
5.075332727,0.2834,0.8038,0.0875,0.857
5.076686458,0.2836,0.7867,0.0718,0.839
5.078229958,0.2841,0.7784,0.0643,0.831
5.078709035,0.2834,0.7627,0.0511,0.815
5.07909715,0.2858,0.7569,0.0442,0.810
5.079472073,0.2873,0.7424,0.0315,0.797
5.095333612,0.2917,0.7288,0.0191,0.785
5.096196612,0.2937,0.7229,0.0132,0.780
5.096636958,0.2985,0.7102,0.0027,0.770
5.097056881,0.3027,0.7004,-0.0071,0.763
5.097576535,0.3064,0.6958,-0.0100,0.760
5.098037727,0.3134,0.6865,-0.0200,0.755
5.098399304,0.3198,0.6828,-0.0242,0.754
5.098772804,0.3225,0.6743,-0.0271,0.748
5.099175227,0.3254,0.6667,-0.0320,0.743
5.099527227,0.3269,0.6638,-0.0347,0.741
5.100846343,0.3305,0.6596,-0.0369,0.739
5.102974458,0.3320,0.6582,-0.0386,0.738
5.106048381,0.3337,0.6572,-0.0393,0.738
5.106881535,0.3347,0.6557,-0.0406,0.737
5.108682881,0.3345,0.6552,-0.0415,0.737
5.110646496,0.3335,0.6567,-0.0415,0.738
5.11249842,0.3313,0.6574,-0.0410,0.737
5.114521343,0.3296,0.6589,-0.0393,0.738
5.116358843,0.3257,0.6623,-0.0376,0.739
5.118676689,0.3220,0.6692,-0.0342,0.743
5.120210958,0.3176,0.6736,-0.0330,0.745
5.12265142,0.3090,0.6811,-0.0286,0.749
5.12431365,0.3054,0.6850,-0.0254,0.750
5.126605766,0.2971,0.6960,-0.0198,0.757
5.128215535,0.2895,0.7100,-0.0122,0.767
5.130678304,0.2846,0.7166,-0.0078,0.771
5.132079843,0.2746,0.7317,0.0027,0.782
5.134576573,0.2626,0.7486,0.0139,0.793
5.135943304,0.2582,0.7573,0.0198,0.800
5.138883804,0.2516,0.7747,0.0310,0.815
5.139886381,0.2494,0.7847,0.0364,0.824
5.142485227,0.2494,0.8021,0.0484,0.841
5.143934458,0.2477,0.8231,0.0599,0.862
5.146370535,0.2460,0.8331,0.0657,0.871
5.147976958,0.2463,0.8541,0.0760,0.892
5.150365996,0.2480,0.8768,0.0840,0.915
5.151945727,0.2489,0.8883,0.0867,0.927
5.154342073,0.2507,0.9098,0.0901,0.948
5.160750843,0.2529,0.9201,0.0931,0.959
5.161667766,0.2570,0.9413,0.0963,0.981
5.162120689,0.2629,0.9621,0.0960,1.002
5.162555766,0.2653,0.9723,0.0958,1.012
5.163755266,0.2687,0.9929,0.0945,1.033
5.165805727,0.2751,1.0095,0.0906,1.050
5.168136996,0.2788,1.0173,0.0870,1.058
5.169716881,0.2883,1.0305,0.0787,1.073
5.182514035,0.2927,1.0371,0.0726,1.080
5.18387915,0.3012,1.0486,0.0606,1.093
5.185008958,0.3073,1.0569,0.0508,1.102
5.186134919,0.3103,1.0610,0.0462,1.106
5.187305343,0.3144,1.0664,0.0362,1.112
5.18884415,0.3169,1.0720,0.0300,1.118
5.19006815,0.3188,1.0749,0.0279,1.122
5.19132015,0.3215,1.0759,0.0239,1.123
5.192496496,0.3237,1.0745,0.0210,1.122
5.194130612,0.3244,1.0730,0.0181,1.121
5.195136843,0.3259,1.0691,0.0149,1.118
5.196254227,0.3269,1.0671,0.0149,1.116
5.197504419,0.3286,1.0603,0.0151,1.110
5.198633343,0.3279,1.0530,0.0139,1.103
5.199864766,0.3274,1.0486,0.0149,1.099
5.207180304,0.3244,1.0385,0.0161,1.088
5.20868665,0.3191,1.0349,0.0181,1.083
5.218178804,0.3164,1.0273,0.0193,1.075
5.219569189,0.3117,1.0197,0.0208,1.067
5.220754919,0.3083,1.0156,0.0222,1.062
5.222015919,0.3025,1.0083,0.0244,1.053
5.22346065,0.2924,1.0017,0.0266,1.044
5.224591727,0.2888,0.9977,0.0279,1.039
5.225862573,0.2810,0.9872,0.0296,1.027
5.227044496,0.2731,0.9814,0.0308,1.019
5.228225496,0.2687,0.9780,0.0310,1.015
5.229536612,0.2602,0.9692,0.0325,1.004
5.23071615,0.2558,0.9645,0.0347,0.998
5.232013496,0.2470,0.9545,0.0374,0.987
5.233245381,0.2394,0.9435,0.0415,0.974
5.234491381,0.2355,0.9394,0.0425,0.969
5.235725112,0.2304,0.9296,0.0493,0.959
5.236983804,0.2272,0.9171,0.0552,0.946
5.238109881,0.2253,0.9115,0.0584,0.941
5.238703881,0.2240,0.8990,0.0679,0.929
5.241685919,0.2238,0.8912,0.0730,0.922
5.242355458,0.2231,0.8751,0.0828,0.907
5.244395612,0.2245,0.8604,0.0919,0.894
5.24816115,0.2255,0.8534,0.0980,0.888
5.249363343,0.2274,0.8399,0.1085,0.877
5.250568073,0.2289,0.8233,0.1190,0.863
5.252308958,0.2309,0.8150,0.1241,0.856
5.259117227,0.2323,0.8011,0.1361,0.845
5.260210727,0.2336,0.7930,0.1412,0.839
5.260621496,0.2355,0.7764,0.1493,0.825
5.260899035,0.2365,0.7637,0.1608,0.815
5.26226265,0.2367,0.7576,0.1649,0.811
5.28327415,0.2409,0.7461,0.1695,0.802
5.283935996,0.2441,0.7337,0.1735,0.792
5.28419215,0.2448,0.7285,0.1749,0.788
5.284436689,0.2446,0.7192,0.1803,0.781
5.284669535,0.2492,0.7102,0.1815,0.774
5.284893766,0.2507,0.7063,0.1803,0.771
5.285131958,0.2524,0.6994,0.1783,0.765
5.28546415,0.2533,0.6963,0.1776,0.762
5.285737919,0.2541,0.6892,0.1769,0.756
5.286005727,0.2590,0.6872,0.1739,0.755
5.286244766,0.2599,0.6855,0.1715,0.753
5.286486727,0.2614,0.6826,0.1666,0.750
5.294566266,0.2639,0.6797,0.1625,0.747
5.295354419,0.2639,0.6792,0.1595,0.746
5.295710958,0.2639,0.6789,0.1537,0.744
5.296001342,0.2639,0.6789,0.1495,0.744
5.296269496,0.2646,0.6794,0.1434,0.743
5.298166496,0.2636,0.6819,0.1393,0.744
5.335143189,0.2634,0.6838,0.1351,0.745
5.335792881,0.2614,0.6870,0.1305,0.747
5.336028958,0.2602,0.6892,0.1241,0.747
5.336255227,0.2597,0.6916,0.1222,0.749
5.336478381,0.2575,0.6975,0.1153,0.752
5.336737304,0.2568,0.7002,0.1121,0.754
5.336960381,0.2551,0.7073,0.1082,0.760
5.337177727,0.2514,0.7144,0.1041,0.764
5.337488919,0.2499,0.7175,0.1014,0.767
5.337739112,0.2475,0.7256,0.0987,0.773
5.337958612,0.2450,0.7344,0.0970,0.780
5.33818965,0.2446,0.7393,0.0963,0.785
5.338429958,0.2414,0.7498,0.0938,0.793
5.338661266,0.2397,0.7539,0.0936,0.797
5.338880073,0.2394,0.7627,0.0921,0.805
5.339122189,0.2394,0.7740,0.0931,0.815
5.339345842,0.2397,0.7791,0.0936,0.820
5.339580035,0.2370,0.7891,0.0931,0.829
5.339806573,0.2375,0.8001,0.0941,0.840
5.340814958,0.2380,0.8065,0.0945,0.846
5.341253766,0.2392,0.8165,0.0989,0.857
5.342165689,0.2406,0.8211,0.0994,0.861
5.343772227,0.2414,0.8316,0.1031,0.872
5.345445612,0.2443,0.8402,0.1073,0.882
5.347332458,0.2465,0.8451,0.1087,0.887
5.349684035,0.2507,0.8534,0.1143,0.897
5.36237815,0.2529,0.8617,0.1209,0.906
5.363109342,0.2558,0.8670,0.1236,0.912
5.363396919,0.2617,0.8753,0.1280,0.923
5.377951573,0.2660,0.8800,0.1305,0.929
5.378733227,0.2685,0.8878,0.1373,0.938
5.379067535,0.2736,0.8951,0.1429,0.947
5.382201189,0.2763,0.8988,0.1459,0.952
5.382727073,0.2827,0.9052,0.1539,0.961
5.382997304,0.2868,0.9115,0.1571,0.968
5.383241842,0.2900,0.9130,0.1588,0.971
5.383464342,0.2961,0.9201,0.1642,0.980
5.384073342,0.2990,0.9225,0.1673,0.984
5.38432565,0.3061,0.9284,0.1720,0.993
5.384558804,0.3120,0.9340,0.1788,1.001
5.384777189,0.3152,0.9364,0.1810,1.004
5.38501715,0.3215,0.9389,0.1871,1.010
5.385242073,0.3281,0.9438,0.1910,1.017
5.385523266,0.3305,0.9442,0.1928,1.019
5.400597265,0.3362,0.9474,0.1962,1.024
5.401396765,0.3389,0.9489,0.1989,1.027
5.40169115,0.3437,0.9511,0.2018,1.031
5.401933996,0.3474,0.9526,0.2038,1.034
5.402183112,0.3489,0.9518,0.2050,1.034
5.402404727,0.3511,0.9521,0.2084,1.036
5.402620881,0.3513,0.9528,0.2086,1.037
5.402839265,0.3520,0.9530,0.2074,1.037
5.403088881,0.3518,0.9547,0.2072,1.038
5.405921381,0.3481,0.9530,0.2064,1.035
5.407121189,0.3474,0.9516,0.2047,1.033
5.410387342,0.3459,0.9511,0.2028,1.032
5.411076996,0.3437,0.9508,0.2018,1.031
5.41218815,0.3384,0.9484,0.1979,1.026
5.414584342,0.3359,0.9484,0.1957,1.025
5.416892304,0.3335,0.9484,0.1935,1.024
5.418141073,0.3242,0.9477,0.1859,1.019
5.420406996,0.3186,0.9464,0.1818,1.015
5.422765996,0.3159,0.9467,0.1786,1.014
5.425429073,0.3083,0.9462,0.1722,1.010
5.426420689,0.3061,0.9462,0.1710,1.009
5.427892573,0.3005,0.9464,0.1656,1.007
5.431133189,0.2937,0.9474,0.1598,1.005
5.431858842,0.2910,0.9482,0.1568,1.004
5.433929227,0.2875,0.9482,0.1527,1.002
5.435891189,0.2851,0.9482,0.1502,1.001
5.441158112,0.2829,0.9496,0.1437,1.001
5.442402458,0.2802,0.9494,0.1402,1.000
5.442662573,0.2785,0.9494,0.1393,0.999
5.443654727,0.2751,0.9491,0.1390,0.998
5.446898189,0.2712,0.9504,0.1397,0.998
5.44875415,0.2678,0.9501,0.1397,0.997
5.449746765,0.2624,0.9501,0.1422,0.996
5.451750304,0.2602,0.9501,0.1424,0.995
5.453798612,0.2558,0.9511,0.1432,0.995
5.458577265,0.2511,0.9494,0.1439,0.993
5.461478227,0.2489,0.9486,0.1432,0.991
5.461782458,0.2465,0.9469,0.1410,0.989
5.462030073,0.2433,0.9482,0.1373,0.988
5.463654535,0.2431,0.9479,0.1353,0.988
5.465644535,0.2421,0.9477,0.1278,0.986
5.468267304,0.2409,0.9469,0.1202,0.984
5.469466227,0.2414,0.9482,0.1163,0.985
5.488378612,0.2431,0.9511,0.1085,0.988
5.48926765,0.2465,0.9523,0.1014,0.989
5.489719727,0.2485,0.9557,0.0977,0.992
5.490015842,0.2531,0.9613,0.0914,0.998
5.490262189,0.2541,0.9631,0.0884,1.000
5.490495804,0.2575,0.9694,0.0840,1.007
5.490748342,0.2626,0.9750,0.0818,1.013
5.490982727,0.2631,0.9794,0.0794,1.017
5.491222842,0.2648,0.9890,0.0767,1.027
5.491453035,0.2678,0.9951,0.0777,1.033
5.491679419,0.2690,0.9992,0.0794,1.038
5.493154304,0.2734,1.0061,0.0814,1.046
5.504240381,0.2741,1.0107,0.0838,1.051
5.504699265,0.2734,1.0202,0.0872,1.060
5.504990727,0.2763,1.0273,0.0933,1.068
5.505224535,0.2770,1.0312,0.0967,1.072
5.505516112,0.2778,1.0410,0.1063,1.083
5.505765227,0.2805,1.0454,0.1104,1.088
5.507665919,0.2819,1.0530,0.1197,1.097
5.508898342,0.2832,1.0620,0.1295,1.107
5.510823188,0.2853,1.0662,0.1356,1.112
5.512747496,0.2878,1.0767,0.1478,1.124
5.514807304,0.2893,1.0842,0.1620,1.134
5.516783612,0.2917,1.0879,0.1691,1.139
5.518669342,0.2961,1.0942,0.1825,1.148
5.520629458,0.3000,1.1026,0.1972,1.160
5.522979765,0.3020,1.1062,0.2055,1.165
5.525347842,0.3061,1.1104,0.2213,1.173
5.526802227,0.3088,1.1116,0.2282,1.176
5.528577919,0.3132,1.1155,0.2416,1.184
5.530537573,0.3178,1.1209,0.2570,1.193
5.534826727,0.3210,1.1226,0.2634,1.197
5.535232842,0.3266,1.1272,0.2780,1.206
5.536556996,0.3308,1.1309,0.2915,1.214
5.542280035,0.3323,1.1316,0.2968,1.216
5.542872035,0.3354,1.1319,0.3061,1.220
5.543127573,0.3408,1.1326,0.3093,1.223
5.544394112,0.3442,1.1333,0.3137,1.225
5.546375842,0.3459,1.1365,0.3186,1.230
5.552464073,0.3464,1.1380,0.3191,1.232
5.552918958,0.3476,1.1407,0.3188,1.234
5.553150112,0.3454,1.1458,0.3159,1.238
5.554347227,0.3440,1.1487,0.3132,1.239
5.565492188,0.3384,1.1548,0.3064,1.242
5.566092535,0.3296,1.1592,0.2956,1.241
5.566358612,0.3235,1.1710,0.2880,1.248
5.566596227,0.3105,1.1856,0.2719,1.255
5.566844381,0.3042,1.1944,0.2631,1.260
5.567065612,0.2934,1.2140,0.2404,1.272
5.568160188,0.2863,1.2357,0.2191,1.287
5.570416535,0.2841,1.2472,0.2084,1.296
5.573829573,0.2819,1.2662,0.1852,1.310
5.574767304,0.2822,1.2912,0.1649,1.332
5.576759304,0.2841,1.3029,0.1556,1.343
5.57994265,0.2915,1.3268,0.1385,1.366
5.580864958,0.3000,1.3400,0.1224,1.379
5.58205865,0.3044,1.3640,0.1151,1.402
5.583930188,0.3132,1.3835,0.1058,1.422
5.586184496,0.3178,1.3938,0.1019,1.433
5.590195419,0.3254,1.4104,0.0943,1.451
5.590835535,0.3362,1.4206,0.0911,1.463
5.593864265,0.3415,1.4250,0.0892,1.468
5.594234227,0.3523,1.4319,0.0855,1.477
5.595843688,0.3628,1.4326,0.0840,1.480
5.597820342,0.3684,1.4329,0.0821,1.482
5.59973365,0.3777,1.4302,0.0806,1.481
5.601698035,0.3814,1.4270,0.0806,1.479
5.603856842,0.3870,1.4187,0.0821,1.473
5.606249265,0.3946,1.4048,0.0804,1.461
5.609191035,0.3985,1.3969,0.0823,1.455
5.609715919,0.4036,1.3820,0.0860,1.442
5.611743688,0.4041,1.3728,0.0911,1.434
5.613815727,0.4053,1.3495,0.0948,1.412
5.615851688,0.4065,1.3259,0.1033,1.391
5.617686919,0.4058,1.3124,0.1073,1.378
5.619728919,0.4014,1.2855,0.1202,1.352
5.632116073,0.3960,1.2611,0.1349,1.329
5.63321965,0.3919,1.2484,0.1415,1.316
5.634207381,0.3816,1.2213,0.1534,1.289
5.634824265,0.3694,1.1971,0.1659,1.264
5.63589665,0.3626,1.1851,0.1715,1.251
5.636612458,0.3494,1.1617,0.1815,1.227
5.637894535,0.3437,1.1512,0.1854,1.216
5.639383573,0.3310,1.1280,0.1920,1.191
5.640637919,0.3176,1.1072,0.1957,1.168
5.642095035,0.3115,1.0960,0.1964,1.156
5.642943804,0.3007,1.0752,0.1962,1.134
5.643893073,0.2902,1.0642,0.1957,1.120
5.645237227,0.2846,1.0439,0.1932,1.099
5.656734996,0.2714,1.0239,0.1891,1.076
5.658422304,0.2653,1.0134,0.1854,1.064
5.659614842,0.2521,0.9924,0.1764,1.039
5.660882881,0.2377,0.9738,0.1691,1.017
5.661861458,0.2304,0.9648,0.1634,1.005
5.66216065,0.2196,0.9469,0.1520,0.984
5.662392265,0.2125,0.9376,0.1468,0.973
5.662624804,0.1984,0.9201,0.1341,0.951
5.662865496,0.1849,0.9022,0.1180,0.929
5.664841996,0.1779,0.8927,0.1104,0.917
5.66679915,0.1637,0.8756,0.0950,0.896
5.668763535,0.1463,0.8617,0.0767,0.877
5.675038881,0.1380,0.8553,0.0669,0.869
5.675675611,0.1195,0.8394,0.0472,0.849
5.675937919,0.1097,0.8326,0.0374,0.841
5.676665842,0.0916,0.8192,0.0159,0.824
5.678663496,0.0738,0.8087,-0.0064,0.812
5.680591381,0.0652,0.8038,-0.0171,0.807
5.682493958,0.0476,0.7913,-0.0398,0.794
5.684641804,0.0318,0.7847,-0.0513,0.787
5.687686496,0.0244,0.7727,-0.0726,0.777
5.688992804,0.0078,0.7639,-0.0916,0.769
5.690906727,-0.0015,0.7595,-0.1009,0.766
5.693962035,-0.0159,0.7512,-0.1200,0.761
5.694308804,-0.0296,0.7434,-0.1351,0.756
5.69648115,-0.0374,0.7407,-0.1427,0.755
5.698514381,-0.0520,0.7359,-0.1566,0.754
5.700679035,-0.0635,0.7288,-0.1686,0.751
5.704224304,-0.0684,0.7261,-0.1735,0.750
5.704680688,-0.0789,0.7214,-0.1830,0.748
5.707194265,-0.0828,0.7197,-0.1862,0.748
5.708657573,-0.0909,0.7158,-0.1908,0.746
5.710350535,-0.0953,0.7141,-0.1940,0.746
5.712419111,-0.0982,0.7124,-0.1940,0.745
5.714385419,-0.1011,0.7078,-0.1925,0.740
5.716304881,-0.1004,0.7073,-0.1898,0.739
5.718650073,-0.0994,0.7058,-0.1869,0.737
5.720147804,-0.0970,0.7058,-0.1813,0.735
5.737990342,-0.0960,0.7058,-0.1776,0.734
5.738681688,-0.0916,0.7056,-0.1664,0.731
5.739013073,-0.0840,0.7082,-0.1549,0.730
5.739294419,-0.0799,0.7104,-0.1493,0.730
5.740411419,-0.0760,0.7183,-0.1356,0.735
5.740926534,-0.0679,0.7273,-0.1195,0.740
5.741229265,-0.0628,0.7305,-0.1121,0.742
5.741564496,-0.0508,0.7407,-0.0950,0.749
5.741828073,-0.0435,0.7471,-0.0875,0.753
5.742119073,-0.0305,0.7581,-0.0721,0.762
5.74238765,-0.0149,0.7727,-0.0567,0.775
5.743514265,-0.0076,0.7788,-0.0496,0.780
5.748465381,0.0107,0.7962,-0.0335,0.797
5.748927188,0.0318,0.8060,-0.0183,0.807
5.749460534,0.0420,0.8250,-0.0112,0.826
5.751249842,0.0625,0.8421,0.0056,0.844
5.753435765,0.0743,0.8509,0.0147,0.854
5.762851958,0.0982,0.8707,0.0296,0.877
5.763420534,0.1207,0.8917,0.0396,0.901
5.763734381,0.1319,0.9020,0.0447,0.913
5.764022381,0.1529,0.9213,0.0537,0.935
5.764329611,0.1622,0.9306,0.0564,0.946
5.765530304,0.1827,0.9506,0.0608,0.970
5.767230842,0.2055,0.9719,0.0660,0.996
5.769441573,0.2157,0.9826,0.0669,1.008
5.771577227,0.2370,1.0007,0.0689,1.031
5.776643073,0.2580,1.0183,0.0711,1.053
5.778041073,0.2702,1.0261,0.0723,1.064
5.778526996,0.2900,1.0417,0.0733,1.084
5.779482919,0.3005,1.0493,0.0745,1.094
5.786086304,0.3186,1.0666,0.0757,1.116
5.786592996,0.3332,1.0793,0.0779,1.132
5.786944842,0.3411,1.0845,0.0787,1.140
5.803710034,0.3555,1.0960,0.0779,1.155
5.804585265,0.3665,1.1040,0.0777,1.166
5.805033073,0.3711,1.1072,0.0767,1.170
5.805523458,0.3779,1.1143,0.0750,1.179
5.805925688,0.3804,1.1177,0.0730,1.183
5.806293304,0.3836,1.1226,0.0694,1.188
5.807678034,0.3853,1.1270,0.0650,1.193
5.808099688,0.3845,1.1275,0.0623,1.193
5.808487188,0.3845,1.1265,0.0557,1.192
5.808831534,0.3850,1.1255,0.0523,1.191
5.809168265,0.3840,1.1206,0.0503,1.186
5.809596073,0.3801,1.1138,0.0462,1.178
5.810518842,0.3775,1.1092,0.0445,1.172
5.812539534,0.3723,1.1018,0.0413,1.164
5.814657419,0.3665,1.0923,0.0379,1.153
5.816435996,0.3633,1.0859,0.0384,1.146
5.818407458,0.3542,1.0742,0.0381,1.132
5.820278919,0.3491,1.0679,0.0384,1.124
5.825820381,0.3401,1.0530,0.0408,1.107
5.833151342,0.3323,1.0390,0.0452,1.092
5.833787188,0.3274,1.0310,0.0476,1.083
5.834093034,0.3161,1.0166,0.0518,1.066
5.834361842,0.3054,1.0014,0.0601,1.049
5.83462515,0.3000,0.9929,0.0647,1.039
5.83493915,0.2878,0.9760,0.0708,1.020
5.836210227,0.2829,0.9682,0.0757,1.012
5.838118957,0.2734,0.9521,0.0853,0.994
5.840938342,0.2639,0.9369,0.0965,0.978
5.84399615,0.2592,0.9286,0.1014,0.969
5.844566496,0.2504,0.9166,0.1116,0.957
5.855274765,0.2409,0.9088,0.1168,0.947
5.855791573,0.2355,0.8927,0.1263,0.932
5.856078765,0.2260,0.8822,0.1346,0.921
5.856349842,0.2218,0.8766,0.1383,0.915
5.856606842,0.2133,0.8646,0.1417,0.902
5.859259457,0.2025,0.8539,0.1449,0.889
5.859958919,0.1979,0.8477,0.1451,0.883
5.860277265,0.1896,0.8355,0.1422,0.868
5.861787227,0.1825,0.8292,0.1402,0.861
5.863822957,0.1793,0.8167,0.1344,0.847
5.865806265,0.1754,0.8035,0.1273,0.832
5.867737381,0.1742,0.7977,0.1229,0.826
5.869597573,0.1703,0.7840,0.1143,0.810
5.871821496,0.1649,0.7720,0.1094,0.797
5.877252227,0.1620,0.7674,0.1068,0.792
5.87819565,0.1576,0.7571,0.1051,0.780
5.878628496,0.1542,0.7525,0.1046,0.775
5.879560342,0.1524,0.7415,0.1058,0.764
5.881547034,0.1520,0.7310,0.1068,0.754
5.883599996,0.1502,0.7261,0.1058,0.749
5.88550865,0.1468,0.7166,0.1041,0.739
5.887340304,0.1473,0.7063,0.0999,0.728
5.923606765,0.1468,0.7019,0.0960,0.723
5.924341265,0.1446,0.6941,0.0894,0.715
5.924647381,0.1419,0.6909,0.0836,0.710
5.924946457,0.1415,0.6821,0.0789,0.701
5.925234765,0.1400,0.6750,0.0711,0.693
5.925570227,0.1390,0.6731,0.0694,0.691
5.925802304,0.1378,0.6714,0.0647,0.688
5.926041765,0.1358,0.6694,0.0613,0.686
5.926291919,0.1351,0.6682,0.0594,0.684
5.926528919,0.1344,0.6665,0.0511,0.682
5.926758304,0.1329,0.6662,0.0469,0.681
5.926988573,0.1297,0.6662,0.0442,0.680
5.92720465,0.1275,0.6672,0.0403,0.680
5.927421996,0.1270,0.6687,0.0384,0.682
5.927635034,0.1226,0.6721,0.0352,0.684
5.927859073,0.1190,0.6762,0.0318,0.687
5.928080227,0.1175,0.6792,0.0315,0.690
5.932182419,0.1170,0.6836,0.0310,0.694
5.932679496,0.1163,0.6899,0.0327,0.700
5.932950996,0.1148,0.6921,0.0327,0.702
5.933188804,0.1148,0.6963,0.0371,0.707
5.933527419,0.1178,0.6985,0.0406,0.709
5.933805765,0.1187,0.7046,0.0498,0.716
5.937431073,0.1207,0.7124,0.0608,0.725
5.937931342,0.1231,0.7156,0.0665,0.729
5.938644957,0.1234,0.7239,0.0792,0.739
5.943354919,0.1258,0.7332,0.0923,0.750
5.943845419,0.1280,0.7380,0.0980,0.755
5.967646304,0.1307,0.7473,0.1112,0.767
5.968317842,0.1327,0.7525,0.1266,0.774
5.96860965,0.1341,0.7632,0.1324,0.786
5.968861188,0.1390,0.7752,0.1434,0.800
5.969096111,0.1427,0.7818,0.1507,0.809
5.969416804,0.1483,0.7945,0.1627,0.824
5.96969865,0.1515,0.8084,0.1708,0.840
5.969951111,0.1539,0.8153,0.1761,0.848
5.970223727,0.1583,0.8314,0.1854,0.866
5.970469457,0.1642,0.8404,0.1923,0.878
5.971097611,0.1681,0.8565,0.1940,0.894
5.97136365,0.1727,0.8751,0.1984,0.914
5.971595842,0.1749,0.8827,0.2008,0.922
5.971822496,0.1793,0.9010,0.2030,0.941
5.972066611,0.1859,0.9191,0.2028,0.959
5.995142534,0.1884,0.9291,0.2025,0.969
5.995932342,0.1940,0.9462,0.2016,0.987
5.996252957,0.1998,0.9623,0.2018,1.003
5.996541111,0.2020,0.9704,0.2013,1.011
5.996833496,0.2064,0.9887,0.1974,1.029
5.99712488,0.2096,0.9980,0.1945,1.038
5.997469688,0.2143,1.0124,0.1884,1.052
5.997735496,0.2184,1.0258,0.1842,1.065
5.998000457,0.2199,1.0329,0.1820,1.072
5.998241265,0.2221,1.0481,0.1752,1.086
5.998494727,0.2245,1.0613,0.1688,1.098
5.998732765,0.2257,1.0666,0.1654,1.103
5.998979265,0.2272,1.0745,0.1590,1.110
5.999728919,0.2272,1.0791,0.1564,1.114
6.001978111,0.2294,1.0874,0.1515,1.122
6.003686919,0.2301,1.0930,0.1471,1.127
6.005918919,0.2311,1.0957,0.1456,1.129
6.022433342,0.2353,1.0996,0.1439,1.134
6.02305338,0.2338,1.1040,0.1402,1.137
6.023308996,0.2343,1.1050,0.1390,1.138
6.023561688,0.2326,1.1057,0.1380,1.138
6.023801496,0.2333,1.1055,0.1380,1.138
6.024045996,0.2348,1.1040,0.1385,1.137
6.024286534,0.2340,1.1035,0.1412,1.137
6.024504611,0.2338,1.1028,0.1424,1.136
6.024725342,0.2321,1.0991,0.1454,1.133
6.026131457,0.2282,1.0928,0.1498,1.126
6.027305842,0.2274,1.0896,0.1532,1.124
6.032384919,0.2245,1.0859,0.1549,1.120
6.032974419,0.2235,1.0825,0.1568,1.116
6.033349034,0.2191,1.0786,0.1588,1.112
6.036075227,0.2157,1.0693,0.1625,1.103
6.037156419,0.2143,1.0676,0.1642,1.101
6.040420419,0.2106,1.0588,0.1654,1.092
6.041099227,0.2064,1.0503,0.1691,1.084
6.043416688,0.2047,1.0471,0.1700,1.080
6.045196996,0.2016,1.0371,0.1722,1.070
6.047128496,0.1959,1.0324,0.1730,1.065
6.04917715,0.1940,1.0234,0.1749,1.056
6.051136188,0.1915,1.0136,0.1757,1.046
6.053151534,0.1903,1.0085,0.1759,1.041
6.055232188,0.1859,0.9975,0.1761,1.030
6.05743238,0.1835,0.9870,0.1752,1.019
6.060891688,0.1823,0.9824,0.1739,1.014
6.061672534,0.1791,0.9706,0.1705,1.002
6.063662611,0.1798,0.9611,0.1669,0.992
6.06533065,0.1796,0.9565,0.1647,0.987
6.069153919,0.1803,0.9477,0.1588,0.978
6.069959996,0.1793,0.9423,0.1544,0.972
6.077988842,0.1788,0.9362,0.1476,0.964
6.078901765,0.1798,0.9298,0.1400,0.957
6.079385073,0.1798,0.9276,0.1356,0.955
6.079765227,0.1808,0.9225,0.1256,0.948
6.080138419,0.1793,0.9196,0.1175,0.944
6.080714034,0.1805,0.9193,0.1141,0.944
6.108807534,0.1830,0.9186,0.1077,0.943
6.109497073,0.1840,0.9198,0.1041,0.944
6.109741919,0.1847,0.9223,0.0985,0.946
6.109972765,0.1854,0.9274,0.0948,0.950
6.110197534,0.1859,0.9289,0.0931,0.952
6.110437996,0.1874,0.9345,0.0936,0.958
6.110671457,0.1879,0.9401,0.0960,0.963
6.110906803,0.1876,0.9440,0.0980,0.967
6.111137727,0.1896,0.9511,0.1041,0.975
6.117083688,0.1918,0.9547,0.1116,0.980
6.117633996,0.1923,0.9616,0.1153,0.987
6.117880111,0.1957,0.9694,0.1273,0.997
6.118130265,0.1969,0.9743,0.1334,1.003
6.11838965,0.1998,0.9816,0.1461,1.012
6.118621919,0.2006,0.9904,0.1610,1.023
6.118856688,0.2006,0.9948,0.1683,1.029
6.11907615,0.2025,1.0029,0.1835,1.039
6.119310573,0.2040,1.0083,0.1910,1.046
6.119546803,0.2050,1.0188,0.2064,1.059
6.120042688,0.2040,1.0283,0.2174,1.071
6.122098073,0.2040,1.0319,0.2233,1.075
6.12477188,0.2045,1.0420,0.2348,1.087
6.125966957,0.2038,1.0493,0.2409,1.096
6.127827957,0.2035,1.0537,0.2431,1.100
6.12988765,0.2013,1.0618,0.2470,1.109
6.13183838,0.2008,1.0659,0.2482,1.113
6.134226688,0.2025,1.0754,0.2480,1.122
6.135913188,0.2008,1.0857,0.2428,1.131
6.138009919,0.1996,1.0906,0.2380,1.134
6.14194715,0.1994,1.0967,0.2289,1.138
6.14286838,0.1984,1.1001,0.2245,1.140
6.143704573,0.1942,1.1087,0.2165,1.146
6.14679938,0.1920,1.1170,0.2091,1.152
6.14788038,0.1901,1.1219,0.2055,1.156
6.14983915,0.1852,1.1316,0.1998,1.164
6.151816226,0.1818,1.1380,0.1913,1.168
6.165675265,0.1803,1.1412,0.1862,1.170
6.166303534,0.1820,1.1482,0.1791,1.176
6.16662638,0.1803,1.1514,0.1757,1.179
6.166952111,0.1813,1.1563,0.1669,1.182
6.16736615,0.1805,1.1597,0.1561,1.184
6.167667957,0.1791,1.1614,0.1498,1.185
6.167945534,0.1813,1.1646,0.1383,1.187
6.168240611,0.1825,1.1658,0.1312,1.187
6.169478765,0.1845,1.1651,0.1266,1.186
6.171205496,0.1891,1.1651,0.1195,1.186
6.173811073,0.1915,1.1653,0.1168,1.187
6.180011726,0.1984,1.1663,0.1114,1.188
6.180867765,0.2064,1.1646,0.1148,1.188
6.181249303,0.2118,1.1646,0.1168,1.189
6.181642111,0.2253,1.1631,0.1197,1.191
6.184721842,0.2411,1.1651,0.1246,1.196
6.185333919,0.2475,1.1661,0.1275,1.199
6.190684688,0.2607,1.1690,0.1302,1.205
6.191491226,0.2690,1.1710,0.1341,1.209
6.192009303,0.2849,1.1776,0.1400,1.220
6.219400457,0.3022,1.1854,0.1471,1.232
6.220296073,0.3103,1.1893,0.1500,1.238
6.220775111,0.3259,1.1991,0.1593,1.253
6.221240034,0.3430,1.2103,0.1705,1.269
6.221774611,0.3484,1.2162,0.1749,1.277
6.222180573,0.3586,1.2272,0.1874,1.292
6.22258538,0.3650,1.2323,0.1935,1.300
6.222989842,0.3809,1.2413,0.2072,1.315
6.223452226,0.3953,1.2477,0.2223,1.328
6.223883957,0.4029,1.2499,0.2304,1.333
6.22433338,0.4124,1.2516,0.2465,1.341
6.224836457,0.4219,1.2506,0.2617,1.346
6.225401803,0.4273,1.2482,0.2682,1.346
6.225852919,0.4349,1.2425,0.2797,1.346
6.226324996,0.4378,1.2396,0.2846,1.345
6.226750996,0.4427,1.2318,0.2875,1.340
6.227150226,0.4420,1.2201,0.2885,1.329
6.229194188,0.4415,1.2127,0.2868,1.322
6.229932688,0.4390,1.1971,0.2795,1.305
6.230831534,0.4349,1.1888,0.2690,1.294
6.232137803,0.4324,1.1734,0.2617,1.278
6.234410111,0.4268,1.1575,0.2402,1.257
6.236389573,0.4217,1.1499,0.2287,1.246
6.238121342,0.4104,1.1353,0.2055,1.225
6.241692034,0.3990,1.1199,0.1786,1.202
6.242783803,0.3946,1.1133,0.1649,1.193
6.244225573,0.3836,1.1018,0.1371,1.175
6.246412726,0.3733,1.0955,0.1099,1.163
6.24803115,0.3691,1.0835,0.0963,1.149
6.25039565,0.3652,1.0727,0.0716,1.135
6.252319803,0.3638,1.0669,0.0606,1.129
6.25416515,0.3601,1.0542,0.0398,1.115
6.256299534,0.3582,1.0454,0.0205,1.105
6.264740073,0.3569,1.0410,0.0110,1.101
6.266496842,0.3513,1.0290,-0.0071,1.087
6.267850534,0.3503,1.0180,-0.0215,1.077
6.269180457,0.3491,1.0131,-0.0276,1.072
6.271128649,0.3498,1.0034,-0.0403,1.063
6.272452457,0.3506,0.9982,-0.0462,1.059
6.273987496,0.3491,0.9872,-0.0579,1.049
6.275368726,0.3496,0.9760,-0.0665,1.039
6.276694726,0.3503,0.9704,-0.0706,1.034
6.27817238,0.3525,0.9579,-0.0777,1.024
6.279489534,0.3533,0.9526,-0.0850,1.019
6.280822534,0.3547,0.9430,-0.0899,1.012
6.282306073,0.3557,0.9328,-0.0989,1.003
6.283605649,0.3569,0.9269,-0.1031,0.999
6.290960573,0.3596,0.9161,-0.1109,0.990
6.291985726,0.3591,0.9059,-0.1173,0.982
6.293258919,0.3596,0.9012,-0.1214,0.978
6.293961419,0.3623,0.8898,-0.1275,0.969
6.29436688,0.3662,0.8851,-0.1314,0.967
6.298560573,0.3665,0.8763,-0.1383,0.960
6.299207342,0.3704,0.8668,-0.1427,0.953
6.302299188,0.3718,0.8626,-0.1454,0.951
6.302880265,0.3740,0.8548,-0.1493,0.945
6.303260842,0.3782,0.8468,-0.1505,0.940
6.305824111,0.3811,0.8448,-0.1507,0.939
6.321087649,0.3867,0.8382,-0.1498,0.935
6.321992073,0.3897,0.8355,-0.1483,0.934
6.322371303,0.3906,0.8309,-0.1461,0.930
6.322712303,0.3911,0.8280,-0.1427,0.927
6.323159342,0.3928,0.8262,-0.1405,0.926
6.32360538,0.3950,0.8233,-0.1327,0.923
6.324029419,0.3950,0.8221,-0.1246,0.921
6.324462419,0.3943,0.8228,-0.1200,0.920
6.324882803,0.3911,0.8240,-0.1082,0.919
6.325388803,0.3862,0.8265,-0.0960,0.917
6.33845788,0.3826,0.8275,-0.0897,0.916
6.340561496,0.3784,0.8309,-0.0755,0.916
6.342057996,0.3757,0.8336,-0.0694,0.917
6.343370842,0.3682,0.8402,-0.0562,0.919
6.344683303,0.3601,0.8433,-0.0432,0.918
6.346051842,0.3579,0.8458,-0.0366,0.919
6.34725688,0.3508,0.8526,-0.0220,0.922
6.348201996,0.3430,0.8600,-0.0081,0.926
6.349238957,0.3391,0.8622,-0.0012,0.926
6.350373534,0.3340,0.8688,0.0142,0.931
6.351419765,0.3313,0.8714,0.0193,0.932
6.352277765,0.3254,0.8773,0.0308,0.936
6.353566765,0.3215,0.8841,0.0413,0.942
6.354464457,0.3193,0.8885,0.0479,0.945
6.355565034,0.3164,0.8971,0.0591,0.953
6.356848957,0.3127,0.9044,0.0669,0.959
6.358874726,0.3112,0.9083,0.0696,0.963
6.370241957,0.3105,0.9152,0.0770,0.969
6.371999649,0.3098,0.9225,0.0872,0.977
6.373474072,0.3083,0.9247,0.0897,0.979
6.374798957,0.3051,0.9320,0.0948,0.985
6.376011996,0.3032,0.9350,0.0980,0.988
6.377337765,0.3010,0.9423,0.1036,0.995
6.378797572,0.2981,0.9513,0.1065,1.003
6.380024803,0.2963,0.9535,0.1070,1.004
6.381360688,0.2922,0.9621,0.1065,1.011
6.382643034,0.2885,0.9684,0.1060,1.016
6.38371388,0.2861,0.9704,0.1063,1.017
6.384903803,0.2822,0.9750,0.1053,1.020
6.386167996,0.2800,0.9770,0.1029,1.021
6.387049072,0.2753,0.9811,0.0967,1.024
6.394318457,0.2704,0.9860,0.0909,1.026
6.395159996,0.2678,0.9882,0.0882,1.028
6.395553957,0.2641,0.9914,0.0818,1.029
6.395918457,0.2590,0.9951,0.0743,1.031
6.396287072,0.2563,0.9953,0.0691,1.030
6.398262572,0.2516,0.9968,0.0608,1.030
6.400188034,0.2494,0.9980,0.0567,1.030
6.402062534,0.2433,0.9995,0.0481,1.030
6.403948226,0.2362,0.9987,0.0413,1.027
6.406642919,0.2314,0.9985,0.0374,1.026
6.420507072,0.2240,0.9963,0.0327,1.022
6.421147957,0.2179,0.9921,0.0249,1.016
6.421461688,0.2133,0.9919,0.0235,1.015
6.421701996,0.2047,0.9897,0.0186,1.011
6.421940419,0.2011,0.9868,0.0176,1.007
6.422190226,0.1928,0.9811,0.0159,1.000
6.422414149,0.1840,0.9753,0.0137,0.993
6.422643496,0.1810,0.9723,0.0120,0.989
6.429336342,0.1757,0.9662,0.0144,0.982
6.429946919,0.1693,0.9626,0.0178,0.978
6.430197919,0.1661,0.9540,0.0176,0.969
6.430432803,0.1605,0.9486,0.0183,0.962
6.431393496,0.1578,0.9435,0.0193,0.957
6.433426534,0.1529,0.9328,0.0227,0.945
6.435421072,0.1483,0.9223,0.0252,0.934
6.437266457,0.1480,0.9174,0.0261,0.930
6.439273611,0.1454,0.9088,0.0315,0.921
6.441467034,0.1422,0.9030,0.0354,0.915
6.443720419,0.1393,0.8927,0.0381,0.904
6.445175688,0.1363,0.8817,0.0415,0.893
6.447344688,0.1366,0.8771,0.0442,0.889
6.449192688,0.1363,0.8646,0.0484,0.877
6.451227303,0.1351,0.8531,0.0491,0.865
6.453036726,0.1351,0.8477,0.0506,0.860
6.455391996,0.1361,0.8353,0.0545,0.848
6.460528611,0.1371,0.8238,0.0564,0.837
6.461108534,0.1393,0.8189,0.0567,0.833
6.461426996,0.1415,0.8074,0.0594,0.822
6.463215919,0.1419,0.8013,0.0611,0.816
6.46509538,0.1441,0.7901,0.0630,0.806
6.466976534,0.1476,0.7784,0.0643,0.795
6.468856996,0.1490,0.7727,0.0633,0.790
6.47088038,0.1522,0.7642,0.0633,0.782
6.472886265,0.1568,0.7542,0.0650,0.773
6.480736303,0.1576,0.7495,0.0652,0.769
6.481225149,0.1608,0.7420,0.0655,0.762
6.481526688,0.1630,0.7385,0.0652,0.759
6.48178138,0.1673,0.7324,0.0643,0.754
6.483219572,0.1705,0.7280,0.0650,0.751
6.484683534,0.1739,0.7258,0.0650,0.749
6.486840649,0.1771,0.7231,0.0643,0.747
6.488731111,0.1791,0.7192,0.0640,0.744
6.491536188,0.1810,0.7175,0.0638,0.743
6.492945919,0.1847,0.7148,0.0635,0.741
6.494916495,0.1852,0.7153,0.0645,0.742
6.496643957,0.1864,0.7148,0.0638,0.741
6.498565572,0.1908,0.7146,0.0643,0.742
6.500560919,0.1935,0.7146,0.0652,0.743
6.50260138,0.1991,0.7178,0.0665,0.748
6.504462572,0.2006,0.7202,0.0684,0.751
6.506818534,0.2028,0.7217,0.0694,0.753
6.509424957,0.2060,0.7261,0.0708,0.758
6.510882342,0.2101,0.7278,0.0733,0.761
6.512432034,0.2133,0.7324,0.0738,0.766
6.514538649,0.2189,0.7380,0.0772,0.774
6.516555226,0.2211,0.7427,0.0789,0.779
6.518586765,0.2255,0.7490,0.0809,0.786
6.520297034,0.2311,0.7569,0.0865,0.796
6.522268726,0.2328,0.7605,0.0889,0.800
6.525205265,0.2365,0.7688,0.0926,0.810
6.527183765,0.2399,0.7745,0.0941,0.816
6.528308765,0.2472,0.7857,0.0985,0.830
6.530224457,0.2553,0.7959,0.1026,0.842
6.532216265,0.2587,0.8011,0.1058,0.848
6.534193457,0.2636,0.8133,0.1138,0.862
6.536207303,0.2673,0.8238,0.1180,0.874
6.538184611,0.2702,0.8304,0.1217,0.882
6.540194995,0.2766,0.8419,0.1266,0.895
6.543577611,0.2792,0.8482,0.1275,0.902
6.545082303,0.2836,0.8597,0.1302,0.915
6.546400688,0.2851,0.8729,0.1331,0.928
6.548028688,0.2871,0.8790,0.1334,0.934
6.550104303,0.2910,0.8903,0.1329,0.946
6.551999495,0.2912,0.9027,0.1339,0.958
6.554033995,0.2917,0.9096,0.1346,0.965
6.555882803,0.2937,0.9218,0.1324,0.976
6.559361111,0.2941,0.9276,0.1292,0.982
6.560936342,0.2966,0.9372,0.1222,0.991
6.562803726,0.3003,0.9452,0.1134,0.998
6.564237149,0.3034,0.9484,0.1094,1.002
6.566078534,0.3093,0.9526,0.1004,1.007
6.567719611,0.3181,0.9572,0.0909,1.013
6.569786572,0.3208,0.9591,0.0875,1.015
6.571711342,0.3264,0.9609,0.0801,1.018
6.582494265,0.3323,0.9618,0.0762,1.020
6.583995726,0.3352,0.9621,0.0760,1.022
6.585005918,0.3408,0.9601,0.0752,1.022
6.586143726,0.3423,0.9594,0.0752,1.021
6.58714138,0.3474,0.9572,0.0760,1.021
6.588158149,0.3513,0.9526,0.0757,1.018
6.588962303,0.3518,0.9504,0.0757,1.016
6.590317265,0.3523,0.9455,0.0777,1.012
6.591332265,0.3533,0.9386,0.0789,1.006
6.592391688,0.3525,0.9337,0.0801,1.001
6.605865226,0.3520,0.9254,0.0804,0.993
6.607451803,0.3516,0.9218,0.0809,0.990
6.608568918,0.3511,0.9152,0.0843,0.984
6.609888649,0.3506,0.9066,0.0862,0.976
6.611000803,0.3494,0.9044,0.0882,0.974
6.612224034,0.3464,0.8995,0.0901,0.968
6.613252957,0.3411,0.8986,0.0928,0.966
6.61420938,0.3376,0.8942,0.0948,0.960
6.615407726,0.3335,0.8888,0.0933,0.954
6.616213957,0.3296,0.8861,0.0916,0.950
6.617386495,0.3218,0.8822,0.0875,0.943
6.61825988,0.3122,0.8788,0.0858,0.937
6.619271918,0.3073,0.8768,0.0858,0.933
6.620038688,0.2988,0.8729,0.0836,0.926
6.620964995,0.2893,0.8710,0.0816,0.921
6.622993995,0.2856,0.8675,0.0796,0.917
6.626604803,0.2795,0.8663,0.0814,0.914
6.627998842,0.2775,0.8634,0.0826,0.911
6.629050072,0.2700,0.8585,0.0836,0.904
6.630789418,0.2631,0.8543,0.0880,0.898
6.632492457,0.2621,0.8531,0.0911,0.897
6.634585649,0.2590,0.8485,0.0980,0.893
6.636626226,0.2568,0.8460,0.1011,0.890
6.638583072,0.2524,0.8407,0.1087,0.884
6.642627918,0.2497,0.8377,0.1175,0.882
6.644142149,0.2467,0.8353,0.1234,0.880
6.645391495,0.2431,0.8304,0.1334,0.875
6.646726803,0.2411,0.8258,0.1432,0.872
6.648353072,0.2392,0.8250,0.1483,0.872
6.650493688,0.2355,0.8223,0.1581,0.870
6.652516534,0.2321,0.8196,0.1632,0.867
6.654530726,0.2314,0.8172,0.1725,0.867
6.656460265,0.2292,0.8167,0.1786,0.867
6.659778803,0.2282,0.8165,0.1823,0.867
6.661385149,0.2274,0.8172,0.1867,0.869
6.662624457,0.2279,0.8206,0.1920,0.873
6.664084265,0.2274,0.8214,0.1925,0.874
6.666242995,0.2270,0.8245,0.1935,0.877
6.668044803,0.2279,0.8260,0.1908,0.878
6.670423803,0.2294,0.8297,0.1881,0.881
6.672149188,0.2314,0.8328,0.1825,0.883
6.682394918,0.2323,0.8363,0.1798,0.886
6.683925918,0.2340,0.8416,0.1737,0.891
6.68484488,0.2358,0.8495,0.1652,0.897
6.686199957,0.2380,0.8517,0.1605,0.899
6.687109342,0.2394,0.8587,0.1512,0.904
6.688050765,0.2421,0.8663,0.1415,0.911
6.688807265,0.2433,0.8705,0.1358,0.914
6.689937803,0.2470,0.8815,0.1253,0.924
6.690245649,0.2482,0.8856,0.1195,0.927
6.70231338,0.2511,0.8961,0.1077,0.937
6.702795918,0.2531,0.9086,0.0948,0.948
6.703051418,0.2553,0.9144,0.0889,0.954
6.703304495,0.2590,0.9276,0.0779,0.966
6.703534803,0.2607,0.9350,0.0730,0.973
6.703769803,0.2646,0.9496,0.0640,0.988
6.703998303,0.2692,0.9650,0.0569,1.003
6.705341995,0.2712,0.9733,0.0562,1.012
6.709209418,0.2748,0.9902,0.0540,1.029
6.710866072,0.2822,0.9980,0.0525,1.038
6.711204572,0.2832,1.0141,0.0533,1.054
6.713193957,0.2875,1.0307,0.0545,1.071
6.715463572,0.2917,1.0383,0.0577,1.080
6.717455495,0.2981,1.0554,0.0630,1.098
6.719377765,0.3056,1.0703,0.0691,1.115
6.721314957,0.3090,1.0774,0.0738,1.123
6.723187572,0.3164,1.0920,0.0840,1.140
6.725506803,0.3227,1.1052,0.0970,1.155
6.727312726,0.3279,1.1101,0.1031,1.162
6.729036303,0.3357,1.1214,0.1160,1.176
6.731132765,0.3396,1.1282,0.1231,1.185
6.733037572,0.3462,1.1377,0.1378,1.197
6.735041226,0.3547,1.1446,0.1512,1.208
6.736955341,0.3596,1.1475,0.1586,1.213
6.739013649,0.3669,1.1539,0.1703,1.223
6.742513265,0.3743,1.1578,0.1840,1.231
6.744626918,0.3779,1.1585,0.1886,1.233
6.746655572,0.3833,1.1629,0.1991,1.241
6.747974765,0.3872,1.1649,0.2077,1.245
6.749378688,0.3894,1.1644,0.2108,1.246
6.750781418,0.3931,1.1636,0.2165,1.247
6.752794495,0.3950,1.1619,0.2194,1.247
6.754984149,0.3980,1.1578,0.2206,1.244
6.757073688,0.3997,1.1546,0.2209,1.242
6.760121803,0.4007,1.1526,0.2209,1.240
6.761814111,0.4021,1.1480,0.2182,1.236
6.763133111,0.4014,1.1416,0.2140,1.229
6.76476338,0.4004,1.1385,0.2128,1.225
6.767032726,0.3987,1.1336,0.2091,1.220
6.768585726,0.3977,1.1311,0.2062,1.217
6.770918803,0.3936,1.1280,0.2018,1.212
6.772851765,0.3877,1.1236,0.1967,1.205
6.784216341,0.3836,1.1216,0.1932,1.201
6.785909803,0.3748,1.1206,0.1869,1.196
6.787008111,0.3645,1.1199,0.1823,1.192
6.788112726,0.3604,1.1214,0.1796,1.191
6.789214418,0.3457,1.1238,0.1744,1.189
6.789946726,0.3381,1.1253,0.1720,1.187
6.790220149,0.3230,1.1297,0.1656,1.187
6.790476188,0.3044,1.1380,0.1595,1.189
6.790724265,0.2963,1.1431,0.1556,1.191
6.806283495,0.2802,1.1553,0.1485,1.198
6.807043649,0.2624,1.1688,0.1407,1.206
6.80734288,0.2543,1.1763,0.1368,1.211
6.807604303,0.2443,1.1944,0.1278,1.226
6.807843534,0.2406,1.2025,0.1226,1.232
6.808104111,0.2372,1.2218,0.1134,1.250
6.808336072,0.2370,1.2406,0.1046,1.267
6.808564611,0.2375,1.2494,0.1007,1.276
6.808783072,0.2372,1.2706,0.0941,1.296
6.810429111,0.2421,1.2882,0.0880,1.314
6.812004534,0.2428,1.2958,0.0858,1.321
6.814269072,0.2443,1.3136,0.0860,1.339
6.815942226,0.2458,1.3222,0.0867,1.348
6.818147457,0.2455,1.3364,0.0870,1.362
6.819928611,0.2487,1.3476,0.0897,1.373
6.821884726,0.2504,1.3525,0.0928,1.379
6.823820611,0.2563,1.3610,0.0992,1.388
6.82591238,0.2636,1.3647,0.1075,1.394
6.827783688,0.2658,1.3654,0.1121,1.396
6.830345803,0.2719,1.3637,0.1226,1.396
6.831802072,0.2748,1.3623,0.1278,1.396
6.834108803,0.2797,1.3561,0.1361,1.391
6.835481726,0.2807,1.3473,0.1405,1.383
6.838211726,0.2802,1.3400,0.1424,1.376
6.839382264,0.2829,1.3256,0.1480,1.364
6.842226918,0.2849,1.3063,0.1544,1.346
6.843955341,0.2849,1.2956,0.1564,1.336
6.846117341,0.2846,1.2733,0.1595,1.314
6.847426111,0.2824,1.2623,0.1605,1.303
6.849389226,0.2763,1.2377,0.1620,1.278
6.851430303,0.2736,1.2144,0.1632,1.256
6.853261918,0.2707,1.2035,0.1625,1.244
6.855781688,0.2634,1.1829,0.1586,1.222
6.857399688,0.2560,1.1631,0.1517,1.201
6.861408918,0.2536,1.1536,0.1473,1.190
6.862071611,0.2475,1.1363,0.1351,1.171
6.863404341,0.2448,1.1275,0.1290,1.161
6.865239188,0.2370,1.1099,0.1158,1.141
6.867314841,0.2311,1.0916,0.1046,1.121
6.869151072,0.2282,1.0828,0.0982,1.111
6.871670918,0.2240,1.0649,0.0882,1.092
6.873245688,0.2221,1.0564,0.0777,1.082
6.875933034,0.2196,1.0388,0.0723,1.064
6.877412034,0.2172,1.0210,0.0628,1.046
6.887213995,0.2155,1.0117,0.0589,1.036
6.888791918,0.2108,0.9936,0.0520,1.017
6.890099072,0.2045,0.9772,0.0435,0.999
6.891399918,0.2013,0.9684,0.0386,0.990
6.892488226,0.1954,0.9516,0.0281,0.972
6.893581341,0.1910,0.9354,0.0178,0.955
6.894334649,0.1879,0.9267,0.0127,0.946
6.894701688,0.1805,0.9115,-0.0010,0.929
6.895020457,0.1771,0.9037,-0.0076,0.921
6.909571957,0.1715,0.8912,-0.0225,0.908
6.910190687,0.1676,0.8768,-0.0369,0.893
6.910522187,0.1639,0.8685,-0.0440,0.885
6.910917803,0.1576,0.8543,-0.0633,0.871
6.911222303,0.1527,0.8482,-0.0718,0.865
6.911502649,0.1505,0.8372,-0.0855,0.855
6.911792764,0.1454,0.8280,-0.1021,0.847
6.912075572,0.1439,0.8231,-0.1090,0.843
6.912409072,0.1385,0.8140,-0.1244,0.835
6.914750187,0.1349,0.8045,-0.1368,0.827
6.916317764,0.1336,0.8008,-0.1412,0.824
6.918627149,0.1295,0.7938,-0.1483,0.818
6.920254995,0.1280,0.7903,-0.1505,0.815
6.922234649,0.1258,0.7837,-0.1537,0.809
6.924144226,0.1224,0.7769,-0.1559,0.802
6.927269995,0.1195,0.7745,-0.1564,0.799
6.928199841,0.1170,0.7693,-0.1539,0.793
6.930543803,0.1134,0.7664,-0.1483,0.789
6.932066303,0.1114,0.7654,-0.1439,0.787
6.933929187,0.1087,0.7630,-0.1356,0.783
6.935892303,0.1094,0.7622,-0.1317,0.781
6.93808388,0.1094,0.7610,-0.1187,0.778
6.940258803,0.1090,0.7615,-0.1033,0.776
6.943126995,0.1094,0.7620,-0.0945,0.776
6.944525034,0.1082,0.7644,-0.0782,0.776
6.946015918,0.1082,0.7674,-0.0586,0.777
6.947839303,0.1073,0.7701,-0.0489,0.779
6.950084957,0.1065,0.7754,-0.0300,0.783
6.95210388,0.1060,0.7788,-0.0200,0.786
6.954117803,0.1068,0.7886,-0.0005,0.796
6.956091918,0.1082,0.7972,0.0186,0.805
6.959489687,0.1094,0.8025,0.0274,0.810
6.960969764,0.1126,0.8123,0.0437,0.821
6.962199187,0.1182,0.8243,0.0584,0.835
6.963694534,0.1212,0.8297,0.0669,0.841
6.965802418,0.1263,0.8416,0.0779,0.855
6.967816687,0.1324,0.8539,0.0862,0.868
6.969755649,0.1356,0.8612,0.0884,0.876
6.971667187,0.1405,0.8756,0.0931,0.892
6.973778611,0.1439,0.8824,0.0933,0.899
6.984938726,0.1529,0.8956,0.0892,0.913
6.986536918,0.1620,0.9103,0.0850,0.928
6.987757611,0.1669,0.9171,0.0821,0.936
6.988791649,0.1759,0.9315,0.0743,0.951
6.990107034,0.1815,0.9376,0.0691,0.958
6.991351611,0.1891,0.9518,0.0572,0.972
6.992439957,0.1994,0.9638,0.0445,0.985
6.993798957,0.2050,0.9701,0.0393,0.992
6.994989572,0.2140,0.9833,0.0271,1.007
6.996012264,0.2250,0.9941,0.0137,1.019
6.996907341,0.2296,0.9990,0.0071,1.025
6.998148111,0.2377,1.0070,-0.0081,1.035
6.999396111,0.2428,1.0105,-0.0132,1.039
7.01182061,0.2516,1.0180,-0.0225,1.049
7.013527957,0.2585,1.0251,-0.0322,1.058
7.014570187,0.2639,1.0271,-0.0362,1.061
7.01545388,0.2700,1.0300,-0.0452,1.066
7.016415457,0.2741,1.0319,-0.0515,1.069
7.017607687,0.2766,1.0368,-0.0540,1.074
7.018671303,0.2792,1.0381,-0.0567,1.076
7.01971888,0.2810,1.0383,-0.0555,1.077
7.020678803,0.2819,1.0376,-0.0542,1.077
7.021582264,0.2839,1.0368,-0.0515,1.076
7.022409264,0.2856,1.0351,-0.0498,1.075
7.023300341,0.2849,1.0329,-0.0437,1.072
7.025734226,0.2846,1.0305,-0.0403,1.070
7.026947726,0.2858,1.0256,-0.0296,1.065
7.029778995,0.2851,1.0195,-0.0169,1.059
7.031232764,0.2851,1.0175,-0.0103,1.057
7.032697264,0.2846,1.0119,0.0046,1.051
7.034559495,0.2829,1.0053,0.0225,1.045
7.036558726,0.2817,1.0031,0.0315,1.042
7.038711764,0.2795,0.9951,0.0479,1.035
7.040463534,0.2778,0.9907,0.0562,1.030
7.04408138,0.2714,0.9836,0.0750,1.023
7.045752918,0.2673,0.9765,0.0953,1.017
7.047059918,0.2643,0.9714,0.1033,1.012
7.048280995,0.2570,0.9645,0.1195,1.005
7.050458534,0.2511,0.9540,0.1371,0.996
7.052120303,0.2477,0.9499,0.1444,0.992
7.054272534,0.2399,0.9403,0.1581,0.983
7.056127418,0.2301,0.9350,0.1634,0.977
7.059636149,0.2262,0.9254,0.1739,0.968
7.061328726,0.2187,0.9154,0.1832,0.959
7.06337811,0.2135,0.9122,0.1874,0.955
7.064694418,0.2060,0.9037,0.1930,0.947
7.066068803,0.1986,0.8944,0.1954,0.937
7.068044072,0.1940,0.8900,0.1969,0.932
7.07019511,0.1852,0.8800,0.1974,0.921
7.072005687,0.1815,0.8758,0.1974,0.916
7.073970995,0.1722,0.8653,0.1976,0.904
7.084513226,0.1637,0.8570,0.1947,0.894
7.086170341,0.1603,0.8539,0.1925,0.890
7.087271957,0.1542,0.8455,0.1871,0.880
7.088367841,0.1456,0.8387,0.1803,0.870
7.089469495,0.1434,0.8348,0.1771,0.865
7.090473687,0.1366,0.8265,0.1715,0.855
7.091566341,0.1319,0.8243,0.1671,0.851
7.092648187,0.1241,0.8187,0.1568,0.843
7.094099341,0.1153,0.8128,0.1507,0.835
7.094650957,0.1109,0.8113,0.1466,0.832
7.109673341,0.1031,0.8050,0.1383,0.823
7.111002034,0.0972,0.8013,0.1319,0.818
7.112055495,0.0943,0.7986,0.1278,0.814
7.112993418,0.0872,0.7952,0.1200,0.809
7.114101687,0.0840,0.7942,0.1156,0.807
7.115094649,0.0779,0.7935,0.1065,0.804
7.115942803,0.0726,0.7903,0.0999,0.800
7.117243534,0.0701,0.7886,0.0958,0.798
7.11814388,0.0662,0.7869,0.0865,0.794
7.118807957,0.0633,0.7876,0.0782,0.794
7.119641687,0.0635,0.7867,0.0740,0.793
7.120330187,0.0633,0.7859,0.0655,0.791
7.12106088,0.0628,0.7872,0.0623,0.792
7.121899687,0.0618,0.7894,0.0557,0.794
7.123118226,0.0623,0.7901,0.0501,0.794
7.126996033,0.0625,0.7925,0.0472,0.796
7.128321687,0.0623,0.7955,0.0435,0.799
7.129560957,0.0655,0.7955,0.0403,0.799
7.130992418,0.0679,0.7972,0.0381,0.801
7.132902918,0.0740,0.8023,0.0354,0.806
7.134897764,0.0767,0.8057,0.0332,0.810
7.136892726,0.0811,0.8094,0.0315,0.814
7.138886572,0.0865,0.8150,0.0308,0.820
7.141035726,0.0899,0.8167,0.0305,0.822
7.144216149,0.0977,0.8209,0.0327,0.827
7.145886803,0.1041,0.8267,0.0322,0.834
7.147706841,0.1085,0.8297,0.0342,0.837
7.149059918,0.1160,0.8363,0.0379,0.845
7.150942687,0.1204,0.8397,0.0386,0.849
7.152856533,0.1280,0.8475,0.0401,0.858
7.15499088,0.1346,0.8546,0.0452,0.866
7.157021572,0.1380,0.8592,0.0484,0.872
7.159994418,0.1454,0.8668,0.0515,0.880
7.161723764,0.1507,0.8739,0.0572,0.889
7.162862149,0.1537,0.8785,0.0606,0.894
7.164657072,0.1600,0.8854,0.0665,0.902
7.166655226,0.1644,0.8878,0.0691,0.906
7.168601264,0.1695,0.8946,0.0716,0.913
7.170500457,0.1744,0.9015,0.0767,0.921
7.17242461,0.1754,0.9044,0.0789,0.925
7.174465687,0.1798,0.9115,0.0858,0.933
7.185651495,0.1840,0.9186,0.0884,0.941
7.18756438,0.1857,0.9213,0.0901,0.944
7.188901187,0.1896,0.9249,0.0953,0.949
7.190152072,0.1913,0.9274,0.0977,0.952
7.190823803,0.1928,0.9330,0.1036,0.958
7.191400764,0.1923,0.9369,0.1097,0.963
7.191924995,0.1935,0.9396,0.1124,0.966
7.192454995,0.1945,0.9445,0.1151,0.971
7.192997187,0.1940,0.9467,0.1187,0.974
7.206470226,0.1932,0.9484,0.1214,0.975
7.209135264,0.1913,0.9504,0.1248,0.977
7.209908341,0.1913,0.9506,0.1266,0.978
7.21027961,0.1893,0.9538,0.1344,0.982
7.210637149,0.1857,0.9565,0.1358,0.984
7.211019841,0.1845,0.9567,0.1361,0.984
7.211365495,0.1805,0.9574,0.1395,0.984
7.211686726,0.1757,0.9582,0.1432,0.985
7.212030726,0.1720,0.9611,0.1439,0.987
7.212393726,0.1673,0.9628,0.1451,0.988
7.216389803,0.1644,0.9628,0.1468,0.988
7.217218226,0.1583,0.9638,0.1473,0.988
7.217710649,0.1502,0.9623,0.1485,0.985
7.21956938,0.1463,0.9613,0.1483,0.984
7.221399687,0.1393,0.9623,0.1468,0.983
7.223395033,0.1358,0.9628,0.1454,0.983
7.226668226,0.1309,0.9626,0.1419,0.982
7.227659803,0.1234,0.9589,0.1417,0.977
7.229416726,0.1204,0.9569,0.1415,0.975
7.231298726,0.1163,0.9552,0.1402,0.972
7.233347456,0.1107,0.9535,0.1395,0.970
7.235786764,0.1068,0.9528,0.1383,0.969
7.237216764,0.1026,0.9511,0.1375,0.966
7.239261841,0.0953,0.9499,0.1383,0.965
7.241240264,0.0931,0.9479,0.1383,0.962
7.243567418,0.0884,0.9462,0.1390,0.960
7.245417726,0.0867,0.9445,0.1397,0.959
7.247330149,0.0831,0.9408,0.1397,0.955
7.249212226,0.0787,0.9381,0.1400,0.952
7.251329187,0.0760,0.9350,0.1402,0.948
7.253140226,0.0718,0.9301,0.1422,0.944
7.255633649,0.0706,0.9281,0.1427,0.942
7.256980956,0.0650,0.9227,0.1437,0.936
7.264096995,0.0638,0.9193,0.1466,0.933
7.264918149,0.0621,0.9179,0.1478,0.932
7.265447533,0.0613,0.9132,0.1463,0.927
7.26588161,0.0608,0.9093,0.1502,0.924
7.267093303,0.0613,0.9071,0.1507,0.922
7.268918072,0.0633,0.9025,0.1507,0.917
7.271266533,0.0635,0.9003,0.1512,0.915
7.272710918,0.0650,0.8961,0.1534,0.911
7.274994264,0.0667,0.8898,0.1537,0.905
7.287444995,0.0677,0.8876,0.1537,0.903
7.288898187,0.0701,0.8844,0.1517,0.900
7.290232033,0.0750,0.8824,0.1495,0.898
7.291055226,0.0774,0.8802,0.1471,0.896
7.292282226,0.0814,0.8766,0.1451,0.892
7.29361738,0.0838,0.8756,0.1422,0.891
7.29487911,0.0887,0.8729,0.1395,0.888
7.29591488,0.0916,0.8714,0.1361,0.887
7.297057303,0.0933,0.8707,0.1353,0.886
7.29799438,0.0953,0.8700,0.1331,0.885
7.29911411,0.0985,0.8690,0.1317,0.884
7.300047226,0.0997,0.8658,0.1295,0.881
7.301044841,0.1009,0.8651,0.1244,0.880
7.304107995,0.1002,0.8644,0.1231,0.879
7.305947456,0.1051,0.8634,0.1195,0.878
7.313987764,0.1087,0.8634,0.1131,0.878
7.315633495,0.1102,0.8639,0.1092,0.878
7.316895495,0.1175,0.8651,0.1026,0.879
7.31824811,0.1185,0.8651,0.0980,0.879
7.319133418,0.1207,0.8680,0.0882,0.881
7.320015726,0.1226,0.8734,0.0784,0.885
7.320916495,0.1231,0.8768,0.0735,0.888
7.322003495,0.1263,0.8839,0.0625,0.895
7.322904187,0.1285,0.8915,0.0530,0.902
7.323874995,0.1295,0.8976,0.0486,0.908
7.327264264,0.1319,0.9093,0.0388,0.920
7.328931687,0.1331,0.9161,0.0344,0.926
7.330334841,0.1371,0.9279,0.0235,0.938
7.331728495,0.1427,0.9411,0.0154,0.952
7.333861341,0.1461,0.9467,0.0125,0.958
7.335779418,0.1566,0.9604,0.0061,0.973
7.338069072,0.1659,0.9745,0.0022,0.989
7.339840533,0.1713,0.9821,0.0017,0.997
7.341940726,0.1805,0.9977,0.0071,1.014
7.345508072,0.1842,1.0056,0.0120,1.022
7.347195803,0.1913,1.0239,0.0237,1.042
7.349052495,0.1991,1.0403,0.0415,1.060
7.350418379,0.2035,1.0498,0.0530,1.071
7.351491033,0.2116,1.0674,0.0784,1.091
7.353612879,0.2152,1.0855,0.1077,1.112
7.355446226,0.2172,1.0952,0.1226,1.123
7.357267918,0.2206,1.1109,0.1559,1.143
7.360390841,0.2216,1.1179,0.1717,1.153
7.36148761,0.2260,1.1324,0.2045,1.173
7.363575649,0.2279,1.1456,0.2375,1.192
7.365148264,0.2301,1.1526,0.2524,1.202
7.367348879,0.2323,1.1658,0.2805,1.221
7.369095264,0.2338,1.1773,0.3051,1.238
7.371843956,0.2338,1.1839,0.3156,1.247
7.372990418,0.2318,1.1949,0.3345,1.262
7.381633918,0.2301,1.2008,0.3420,1.270
7.382510303,0.2304,1.2103,0.3523,1.281
7.382945303,0.2262,1.2174,0.3552,1.288
7.383353995,0.2248,1.2206,0.3538,1.291
7.383782379,0.2196,1.2247,0.3447,1.291
7.384832649,0.2140,1.2269,0.3318,1.289
7.387721187,0.2111,1.2281,0.3220,1.287
7.389256764,0.2055,1.2296,0.3020,1.283
7.391429918,0.2040,1.2293,0.2907,1.280
7.411737303,0.2016,1.2279,0.2675,1.273
7.413665726,0.1991,1.2267,0.2433,1.266
7.414875726,0.1976,1.2264,0.2311,1.264
7.415841995,0.1954,1.2245,0.2045,1.257
7.417083072,0.1969,1.2230,0.1823,1.252
7.418357379,0.1974,1.2179,0.1737,1.246
7.419426764,0.1994,1.2137,0.1571,1.240
7.420414803,0.2006,1.2103,0.1500,1.236
7.421200649,0.2045,1.2059,0.1385,1.231
7.422286033,0.2103,1.2005,0.1307,1.226
7.42313411,0.2125,1.1983,0.1278,1.224
7.423860879,0.2191,1.1964,0.1231,1.222
7.424833649,0.2245,1.1959,0.1212,1.223
7.426062726,0.2350,1.1988,0.1180,1.227
7.427171303,0.2487,1.2022,0.1170,1.233
7.428293726,0.2548,1.2069,0.1168,1.239
7.429130418,0.2670,1.2181,0.1158,1.252
7.430141649,0.2832,1.2308,0.1175,1.268
7.430932149,0.2915,1.2389,0.1180,1.278
7.431628187,0.3068,1.2567,0.1207,1.299
7.432516841,0.3142,1.2660,0.1224,1.310
7.435113379,0.3296,1.2894,0.1261,1.337
7.436549841,0.3486,1.3107,0.1314,1.363
7.438069572,0.3579,1.3234,0.1349,1.378
7.440023956,0.3757,1.3461,0.1441,1.405
7.443563879,0.3975,1.3666,0.1566,1.432
7.445226533,0.4065,1.3774,0.1620,1.445
7.446495533,0.4236,1.3957,0.1737,1.469
7.447989918,0.4402,1.4111,0.1859,1.490
7.449737918,0.4495,1.4187,0.1918,1.501
7.452015495,0.4654,1.4307,0.1962,1.517
7.453956072,0.4722,1.4353,0.1984,1.524
7.456118726,0.4854,1.4402,0.1976,1.533
7.457992033,0.4933,1.4409,0.1903,1.535
7.462788995,0.4952,1.4397,0.1835,1.533
7.463384995,0.4967,1.4365,0.1659,1.529
7.464017726,0.4937,1.4324,0.1422,1.522
7.465965879,0.4911,1.4216,0.1292,1.510
7.46761661,0.4840,1.4060,0.1016,1.490
7.469600956,0.4796,1.3960,0.0865,1.479
7.471588418,0.4715,1.3757,0.0584,1.455
7.473470149,0.4591,1.3561,0.0296,1.432
7.490199802,0.4527,1.3461,0.0147,1.420
7.491751033,0.4371,1.3254,-0.0105,1.396
7.492717187,0.4214,1.3046,-0.0322,1.371
7.494248649,0.4131,1.2934,-0.0430,1.358
7.495346264,0.3980,1.2719,-0.0599,1.334
7.496408726,0.3911,1.2621,-0.0665,1.323
7.497590149,0.3767,1.2428,-0.0743,1.301
7.498738495,0.3665,1.2215,-0.0801,1.278
7.499781995,0.3604,1.2115,-0.0804,1.267
7.500532187,0.3474,1.1907,-0.0818,1.243
7.501627226,0.3371,1.1680,-0.0804,1.218
7.502525995,0.3332,1.1561,-0.0799,1.206
7.503549187,0.3257,1.1328,-0.0738,1.181
7.504399956,0.3213,1.1206,-0.0699,1.168
7.505267226,0.3122,1.0960,-0.0640,1.141
7.50611561,0.3066,1.0720,-0.0591,1.117
7.508484533,0.3027,1.0603,-0.0564,1.104
7.510008572,0.2951,1.0363,-0.0528,1.079
7.51462361,0.2885,1.0126,-0.0520,1.054
7.51593461,0.2851,1.0004,-0.0513,1.042
7.516714187,0.2778,0.9772,-0.0511,1.017
7.51786161,0.2704,0.9567,-0.0540,0.996
7.519152533,0.2678,0.9462,-0.0547,0.985
7.520976495,0.2617,0.9237,-0.0599,0.962
7.523122726,0.2597,0.9132,-0.0628,0.951
7.524868033,0.2563,0.8915,-0.0694,0.930
7.527979341,0.2519,0.8712,-0.0782,0.910
7.529511033,0.2494,0.8619,-0.0811,0.901
7.531142495,0.2482,0.8438,-0.0904,0.884
7.53271161,0.2458,0.8338,-0.0943,0.874
7.534834956,0.2463,0.8153,-0.1007,0.858
7.536638956,0.2480,0.7979,-0.1087,0.843
7.538701802,0.2492,0.7889,-0.1119,0.835
7.540759841,0.2531,0.7723,-0.1163,0.821
7.543984879,0.2558,0.7547,-0.1214,0.806
7.545575418,0.2582,0.7466,-0.1229,0.799
7.546863918,0.2648,0.7332,-0.1253,0.790
7.548804649,0.2704,0.7261,-0.1292,0.786
7.550729649,0.2739,0.7109,-0.1302,0.773
7.552528649,0.2810,0.6990,-0.1317,0.765
7.554692033,0.2841,0.6926,-0.1324,0.760
7.556601264,0.2910,0.6806,-0.1307,0.752
7.558747302,0.2956,0.6711,-0.1305,0.745
7.56154711,0.2981,0.6652,-0.1302,0.741
7.563053456,0.3005,0.6557,-0.1273,0.732
7.564472456,0.3025,0.6525,-0.1261,0.730
7.566477956,0.3034,0.6462,-0.1224,0.724
7.568409149,0.3017,0.6398,-0.1160,0.717
7.570372033,0.3010,0.6369,-0.1131,0.713
7.572220533,0.2990,0.6350,-0.1097,0.710
7.57444911,0.2939,0.6328,-0.1046,0.705
7.583870995,0.2917,0.6318,-0.1011,0.703
7.585330764,0.2839,0.6310,-0.0955,0.699
7.586256995,0.2744,0.6303,-0.0877,0.693
7.587159456,0.2685,0.6328,-0.0826,0.692
7.588112649,0.2570,0.6362,-0.0706,0.690
7.589409264,0.2516,0.6386,-0.0652,0.689
7.590631918,0.2377,0.6474,-0.0547,0.692
7.591617572,0.2253,0.6547,-0.0423,0.694
7.592774149,0.2196,0.6608,-0.0364,0.697
7.605189687,0.2079,0.6731,-0.0244,0.705
7.605768149,0.1959,0.6794,-0.0112,0.707
7.606023456,0.1920,0.6931,-0.0046,0.719
7.60630511,0.1842,0.7075,0.0071,0.731
7.606532264,0.1793,0.7161,0.0110,0.738
7.606763995,0.1735,0.7332,0.0186,0.754
7.60699111,0.1676,0.7498,0.0249,0.769
7.608031264,0.1644,0.7591,0.0271,0.777
7.613372341,0.1600,0.7791,0.0298,0.796
7.613880687,0.1593,0.7986,0.0296,0.815
7.614126879,0.1590,0.8096,0.0305,0.826
7.615660302,0.1581,0.8324,0.0335,0.848
7.617586225,0.1566,0.8426,0.0335,0.858
7.619505187,0.1549,0.8629,0.0310,0.877
7.621708533,0.1534,0.8837,0.0310,0.897
7.623596225,0.1515,0.8942,0.0291,0.907
7.625442072,0.1473,0.9154,0.0237,0.927
7.628148802,0.1463,0.9259,0.0159,0.938
7.629319879,0.1449,0.9455,0.0115,0.957
7.631368418,0.1427,0.9626,0.0024,0.973
7.633367995,0.1432,0.9694,-0.0034,0.980
7.635395649,0.1434,0.9853,-0.0164,0.996
7.63732711,0.1449,0.9995,-0.0308,1.010
7.639474264,0.1461,1.0051,-0.0401,1.016
7.64119111,0.1515,1.0146,-0.0569,1.027
7.644889956,0.1586,1.0222,-0.0733,1.037
7.646127649,0.1603,1.0258,-0.0836,1.042
7.647674572,0.1649,1.0310,-0.1043,1.049
7.649191072,0.1673,1.0327,-0.1134,1.052
7.651146802,0.1739,1.0385,-0.1307,1.061
7.653046687,0.1803,1.0410,-0.1471,1.067
7.655084725,0.1825,1.0398,-0.1546,1.067
7.656889648,0.1898,1.0381,-0.1664,1.068
7.65898211,0.1976,1.0361,-0.1737,1.069
7.661630533,0.2013,1.0322,-0.1783,1.067
7.663156033,0.2081,1.0276,-0.1854,1.065
7.66500011,0.2101,1.0241,-0.1871,1.062
7.667038225,0.2174,1.0170,-0.1891,1.057
7.668969841,0.2206,1.0100,-0.1884,1.051
7.671101225,0.2226,1.0061,-0.1862,1.047
7.67298061,0.2306,0.9975,-0.1818,1.040
7.674866879,0.2348,0.9897,-0.1744,1.032
7.684942072,0.2365,0.9850,-0.1700,1.027
7.686496418,0.2375,0.9765,-0.1610,1.018
7.68743461,0.2387,0.9719,-0.1546,1.013
7.688406379,0.2414,0.9631,-0.1415,1.003
7.689467302,0.2433,0.9569,-0.1275,0.996
7.690410802,0.2448,0.9535,-0.1197,0.992
7.691334495,0.2465,0.9469,-0.1031,0.984
7.692426841,0.2480,0.9386,-0.0872,0.975
7.693714879,0.2487,0.9350,-0.0777,0.971
7.694804379,0.2511,0.9264,-0.0581,0.962
7.708613148,0.2536,0.9225,-0.0491,0.958
7.710423341,0.2551,0.9149,-0.0315,0.950
7.711686148,0.2597,0.9069,-0.0127,0.943
7.712784495,0.2614,0.9025,-0.0032,0.940
7.714008225,0.2624,0.8927,0.0154,0.931
7.715049302,0.2646,0.8856,0.0342,0.925
7.71612361,0.2663,0.8812,0.0418,0.922
7.71710561,0.2687,0.8717,0.0574,0.914
7.718284764,0.2704,0.8673,0.0650,0.911
7.719181725,0.2744,0.8570,0.0792,0.903
7.719970572,0.2805,0.8468,0.0928,0.897
7.720843225,0.2827,0.8429,0.0989,0.894
7.721869148,0.2849,0.8350,0.1102,0.889
7.722760879,0.2902,0.8311,0.1214,0.889
7.724069341,0.2939,0.8204,0.1256,0.880
7.726057072,0.2976,0.8111,0.1319,0.874
7.729026072,0.3003,0.8069,0.1351,0.872
7.730638725,0.3029,0.7991,0.1410,0.866
7.731781533,0.3081,0.7933,0.1429,0.863
7.734013341,0.3098,0.7898,0.1451,0.861
7.735966802,0.3125,0.7823,0.1459,0.855
7.737887148,0.3134,0.7803,0.1459,0.853
7.739658918,0.3139,0.7742,0.1441,0.848
7.741823648,0.3161,0.7691,0.1407,0.843
7.744906687,0.3171,0.7671,0.1395,0.842
7.746459956,0.3196,0.7642,0.1368,0.840
7.748239995,0.3191,0.7637,0.1331,0.838
7.749908225,0.3181,0.7627,0.1307,0.837
7.751410879,0.3164,0.7617,0.1258,0.834
7.753389495,0.3159,0.7622,0.1222,0.834
7.75538561,0.3132,0.7635,0.1163,0.833
7.757480225,0.3127,0.7639,0.1092,0.833
7.760920148,0.3110,0.7644,0.1055,0.832
7.76257711,0.3090,0.7698,0.0989,0.835
7.763961456,0.3064,0.7727,0.0931,0.836
7.765494802,0.3061,0.7740,0.0901,0.837
7.767493302,0.3039,0.7776,0.0848,0.839
7.769412264,0.3017,0.7810,0.0811,0.841
7.771544495,0.2985,0.7854,0.0752,0.844
7.773154341,0.2941,0.7903,0.0674,0.846
7.775253302,0.2939,0.7933,0.0650,0.848
7.785576841,0.2888,0.8008,0.0623,0.854
7.787246841,0.2814,0.8069,0.0594,0.857
7.788305302,0.2797,0.8099,0.0574,0.859
7.78978311,0.2766,0.8157,0.0542,0.863
7.790454841,0.2751,0.8194,0.0530,0.866
7.790836648,0.2702,0.8260,0.0523,0.871
7.791224456,0.2631,0.8341,0.0506,0.876
7.79161661,0.2621,0.8372,0.0493,0.879
7.792816071,0.2614,0.8455,0.0493,0.886
7.810807764,0.2582,0.8529,0.0498,0.893
7.812553148,0.2568,0.8568,0.0496,0.896
7.813917264,0.2538,0.8631,0.0493,0.901
7.815193956,0.2536,0.8661,0.0501,0.904
7.816405879,0.2514,0.8724,0.0518,0.909
7.817667687,0.2502,0.8756,0.0518,0.912
7.818882571,0.2492,0.8773,0.0513,0.913
7.819716995,0.2489,0.8827,0.0515,0.919
7.820604764,0.2497,0.8873,0.0530,0.923
7.821608033,0.2507,0.8900,0.0533,0.926
7.822570071,0.2548,0.8932,0.0542,0.930
7.823435995,0.2563,0.8934,0.0545,0.931
7.824282495,0.2570,0.8983,0.0562,0.936
7.825220495,0.2629,0.8995,0.0591,0.939
7.826703725,0.2660,0.8993,0.0594,0.940
7.827870456,0.2702,0.9008,0.0608,0.942
7.82898261,0.2761,0.9015,0.0635,0.945
7.830046841,0.2788,0.9015,0.0650,0.946
7.830590495,0.2832,0.9030,0.0669,0.949
7.83266861,0.2839,0.9025,0.0682,0.949
7.834684379,0.2883,0.9027,0.0701,0.950
7.836341533,0.2915,0.9030,0.0735,0.952
7.838596802,0.2941,0.9032,0.0752,0.953
7.840184879,0.2985,0.9022,0.0801,0.954
7.842251225,0.3005,0.9022,0.0843,0.955
7.845083725,0.3015,0.9025,0.0870,0.955
7.846189648,0.3037,0.9020,0.0892,0.956
7.847963533,0.3046,0.9025,0.0909,0.957
7.850082418,0.3059,0.9015,0.0958,0.957
7.851928879,0.3049,0.9008,0.0992,0.956
7.854419033,0.3044,0.9010,0.1016,0.956
7.855945918,0.3012,0.9010,0.1073,0.956
7.858599379,0.3007,0.9010,0.1121,0.956
7.865434187,0.2995,0.9020,0.1151,0.957
7.866273995,0.2966,0.9030,0.1187,0.958
7.866695841,0.2951,0.9037,0.1202,0.958
7.867132187,0.2922,0.9047,0.1253,0.959
7.867842725,0.2890,0.9064,0.1275,0.960
7.86995811,0.2878,0.9074,0.1292,0.961
7.871735687,0.2822,0.9071,0.1331,0.959
7.873650956,0.2780,0.9078,0.1361,0.959
7.876078956,0.2751,0.9081,0.1375,0.959
7.885771341,0.2707,0.9096,0.1393,0.959
7.886665379,0.2687,0.9096,0.1400,0.959
7.887092225,0.2646,0.9108,0.1424,0.959
7.887494264,0.2607,0.9137,0.1402,0.960
7.887902687,0.2585,0.9144,0.1402,0.961
7.888304956,0.2524,0.9171,0.1388,0.961
7.889435494,0.2467,0.9159,0.1371,0.958
7.89152061,0.2465,0.9164,0.1368,0.959
7.894986687,0.2441,0.9198,0.1339,0.961
7.895834456,0.2433,0.9203,0.1324,0.961
7.897253648,0.2397,0.9210,0.1309,0.961
7.899795494,0.2372,0.9213,0.1280,0.960
7.901377264,0.2365,0.9213,0.1261,0.959
7.90327961,0.2340,0.9210,0.1202,0.958
7.905186764,0.2301,0.9215,0.1141,0.957
7.907334033,0.2292,0.9218,0.1109,0.956
7.90925411,0.2287,0.9223,0.1031,0.956
7.911757725,0.2260,0.9218,0.1002,0.954
7.913173725,0.2240,0.9203,0.0914,0.952
7.915339494,0.2248,0.9179,0.0848,0.949
7.917499418,0.2248,0.9174,0.0811,0.948
7.918987187,0.2262,0.9169,0.0730,0.947
7.921000456,0.2289,0.9161,0.0650,0.947
7.922938418,0.2304,0.9149,0.0618,0.946
7.924826341,0.2306,0.9137,0.0520,0.944
7.927606571,0.2314,0.9127,0.0467,0.943
7.930092571,0.2338,0.9118,0.0379,0.942
7.931205533,0.2372,0.9122,0.0327,0.943
7.932796033,0.2392,0.9135,0.0288,0.945
7.934718302,0.2409,0.9137,0.0208,0.945
7.93690461,0.2416,0.9149,0.0144,0.946
7.938937494,0.2416,0.9152,0.0117,0.947
7.940856187,0.2426,0.9186,0.0061,0.950
7.942920687,0.2448,0.9201,0.0042,0.952
7.947230379,0.2455,0.9245,-0.0012,0.957
7.948130456,0.2470,0.9301,-0.0027,0.962
7.948987264,0.2470,0.9325,-0.0020,0.965
7.950655379,0.2494,0.9403,-0.0029,0.973
7.952664571,0.2533,0.9460,-0.0020,0.979
7.954739187,0.2548,0.9489,-0.0007,0.983
7.956553456,0.2563,0.9569,0.0005,0.991
7.958501841,0.2595,0.9616,0.0029,0.996
7.968496879,0.2609,0.9709,0.0059,1.005
7.969964725,0.2626,0.9792,0.0105,1.014
7.970781648,0.2636,0.9858,0.0139,1.021
7.971625571,0.2665,0.9968,0.0198,1.032
7.972518764,0.2712,1.0083,0.0274,1.044
7.974874918,0.2719,1.0131,0.0313,1.049
7.975894533,0.2744,1.0244,0.0388,1.061
7.976934456,0.2761,1.0298,0.0430,1.067
7.977979956,0.2817,1.0388,0.0528,1.078
7.978901417,0.2888,1.0493,0.0623,1.090
7.990660264,0.2919,1.0547,0.0669,1.096
7.992571648,0.2976,1.0664,0.0745,1.110
7.994229725,0.3029,1.0740,0.0821,1.119
7.995352687,0.3073,1.0791,0.0872,1.125
7.996366841,0.3159,1.0872,0.0970,1.136
7.997938187,0.3183,1.0891,0.0997,1.139
7.998798225,0.3237,1.0945,0.1038,1.146
7.99966511,0.3379,1.1023,0.1136,1.159
8.001102994,0.3469,1.1055,0.1180,1.165
8.00240861,0.3608,1.1111,0.1266,1.175
8.00318511,0.3733,1.1148,0.1339,1.183
8.004187494,0.3792,1.1157,0.1373,1.186
8.005014648,0.3894,1.1197,0.1446,1.194
8.006219994,0.3938,1.1204,0.1466,1.197
8.008799879,0.4012,1.1214,0.1502,1.200
8.011512148,0.4085,1.1219,0.1561,1.204
8.012517687,0.4112,1.1216,0.1595,1.205
8.013800841,0.4168,1.1209,0.1637,1.207
8.015743994,0.4226,1.1189,0.1681,1.208
8.017642379,0.4239,1.1201,0.1698,1.210
8.019298956,0.4229,1.1204,0.1735,1.210
8.021207687,0.4219,1.1206,0.1749,1.210
8.023221571,0.4192,1.1197,0.1774,1.209
8.025139571,0.4143,1.1226,0.1798,1.210
8.028030148,0.4104,1.1243,0.1815,1.211
8.029353456,0.4016,1.1267,0.1852,1.210
8.031239148,0.3916,1.1309,0.1869,1.211
8.033336917,0.3848,1.1346,0.1869,1.213
8.035108264,0.3679,1.1443,0.1837,1.216
8.037493148,0.3601,1.1512,0.1810,1.220
8.039321225,0.3433,1.1688,0.1737,1.230
8.040985994,0.3259,1.1890,0.1625,1.244
8.044940225,0.3188,1.2008,0.1551,1.252
8.045857687,0.3088,1.2247,0.1405,1.271
8.047285648,0.3046,1.2377,0.1319,1.281
8.049036802,0.2993,1.2626,0.1131,1.302
8.050876994,0.2954,1.2887,0.0923,1.325
8.052840033,0.2946,1.3004,0.0818,1.336
8.055382917,0.2932,1.3234,0.0613,1.357
8.056834687,0.2917,1.3459,0.0442,1.378
8.059073456,0.2910,1.3569,0.0366,1.388
8.061909533,0.2924,1.3794,0.0208,1.410
8.063218725,0.2917,1.3869,0.0142,1.417
8.06484411,0.2756,1.3864,-0.0049,1.414
8.066645417,0.2555,1.3688,-0.0237,1.393
8.06864261,0.2599,1.3640,-0.0291,1.389
8.070920264,0.2780,1.3591,-0.0305,1.388
8.072716187,0.2878,1.3515,-0.0310,1.382
8.075039802,0.3071,1.3361,-0.0313,1.371
8.076613494,0.3152,1.3359,-0.0313,1.373
8.087770187,0.3169,1.3395,-0.0293,1.377
8.089473879,0.3200,1.3493,-0.0195,1.387
8.090693302,0.3269,1.3532,-0.0056,1.392
8.091887225,0.3288,1.3544,0.0007,1.394
8.093031956,0.3347,1.3532,0.0107,1.394
8.094402994,0.3384,1.3503,0.0181,1.392
8.095338533,0.3437,1.3229,0.0230,1.367
8.096708187,0.3481,1.2826,0.0259,1.329
8.098159302,0.3516,1.2638,0.0320,1.312
8.099386994,0.3572,1.2289,0.0457,1.281
8.100502533,0.3557,1.1983,0.0599,1.251
8.101657917,0.3533,1.1851,0.0652,1.238
8.102413687,0.3474,1.1609,0.0745,1.214
8.109575994,0.3415,1.1502,0.0782,1.202
8.110323764,0.3315,1.1297,0.0823,1.180
8.110783494,0.3196,1.1128,0.0865,1.161
8.111186648,0.3142,1.1038,0.0880,1.151
8.11222534,0.3042,1.0857,0.0892,1.131
8.113990456,0.2968,1.0691,0.0843,1.113
8.115834802,0.2949,1.0615,0.0804,1.105
8.117757648,0.2890,1.0464,0.0716,1.088
8.119911417,0.2873,1.0371,0.0655,1.078
8.122419264,0.2873,1.0178,0.0518,1.059
8.123841687,0.2868,1.0004,0.0369,1.041
8.125801764,0.2871,0.9929,0.0288,1.034
8.12878734,0.2863,0.9777,0.0105,1.019
8.135824687,0.2863,0.9628,-0.0117,1.005
8.137690264,0.2863,0.9555,-0.0235,0.998
8.138763379,0.2841,0.9425,-0.0479,0.986
8.139999764,0.2812,0.9301,-0.0740,0.974
8.140903033,0.2810,0.9247,-0.0875,0.970
8.142180264,0.2795,0.9108,-0.1153,0.960
8.143554302,0.2783,0.9054,-0.1283,0.956
8.144828879,0.2726,0.8954,-0.1559,0.949
8.146155879,0.2687,0.8859,-0.1825,0.944
8.148907994,0.2663,0.8812,-0.1950,0.941
8.15098811,0.2614,0.8707,-0.2196,0.935
8.152515994,0.2570,0.8602,-0.2433,0.930
8.154314187,0.2546,0.8558,-0.2543,0.928
8.155479225,0.2497,0.8477,-0.2712,0.924
8.157498417,0.2467,0.8433,-0.2783,0.922
8.159626071,0.2416,0.8346,-0.2912,0.916
8.163138187,0.2350,0.8258,-0.3010,0.910
8.165145148,0.2306,0.8226,-0.3064,0.908
8.166460417,0.2228,0.8155,-0.3110,0.901
8.168000879,0.2152,0.8116,-0.3130,0.896
8.169644879,0.2116,0.8055,-0.3127,0.890
8.171462879,0.2020,0.7989,-0.3071,0.879
8.173151725,0.1967,0.7979,-0.3039,0.876
8.17518234,0.1867,0.7940,-0.2939,0.867
8.176988379,0.1744,0.7898,-0.2807,0.856
8.183692379,0.1683,0.7896,-0.2731,0.852
8.18456334,0.1600,0.7925,-0.2538,0.847
8.18499934,0.1495,0.7920,-0.2428,0.842
8.185496187,0.1434,0.7928,-0.2228,0.836
8.18697361,0.1331,0.7959,-0.1989,0.831
8.188850687,0.1283,0.7969,-0.1867,0.828
8.190658533,0.1212,0.8013,-0.1622,0.827
8.19258134,0.1119,0.8101,-0.1334,0.829
8.207761456,0.1092,0.8128,-0.1204,0.829
8.209651494,0.1024,0.8209,-0.0948,0.833
8.210930494,0.0980,0.8248,-0.0699,0.834
8.212089302,0.0958,0.8319,-0.0584,0.839
8.213537917,0.0921,0.8394,-0.0347,0.845
8.214847187,0.0911,0.8436,-0.0239,0.849
8.216242225,0.0916,0.8512,-0.0012,0.856
8.217536917,0.0936,0.8595,0.0186,0.865
8.21857734,0.0955,0.8644,0.0276,0.870
8.219416033,0.0997,0.8758,0.0447,0.883
8.220135687,0.1060,0.8851,0.0599,0.893
8.221180225,0.1087,0.8898,0.0655,0.899
8.222197725,0.1163,0.8995,0.0743,0.910
8.223199033,0.1214,0.9047,0.0784,0.916
8.224240802,0.1307,0.9135,0.0855,0.927
8.225490187,0.1419,0.9227,0.0906,0.938
8.226790725,0.1476,0.9267,0.0916,0.943
8.230786802,0.1586,0.9352,0.0928,0.953
8.23372561,0.1703,0.9442,0.0921,0.964
8.234857302,0.1754,0.9484,0.0882,0.969
8.23603334,0.1881,0.9538,0.0833,0.976
8.237429879,0.1945,0.9560,0.0818,0.979
8.238610302,0.2060,0.9613,0.0740,0.986
8.240049302,0.2169,0.9672,0.0638,0.993
8.242068802,0.2218,0.9682,0.0596,0.995
8.245394648,0.2336,0.9706,0.0489,1.000
8.247054917,0.2470,0.9748,0.0357,1.006
8.248514033,0.2526,0.9758,0.0303,1.008
8.250169379,0.2621,0.9772,0.0159,1.012
8.252091802,0.2670,0.9772,0.0093,1.013
8.254048033,0.2778,0.9784,-0.0049,1.017
8.255879725,0.2861,0.9789,-0.0191,1.020
8.257820071,0.2897,0.9792,-0.0261,1.021
8.259856917,0.2949,0.9797,-0.0384,1.024
8.262974033,0.3017,0.9816,-0.0503,1.028
8.264418071,0.3034,0.9819,-0.0562,1.029
8.265844187,0.3090,0.9821,-0.0691,1.032
8.267639917,0.3115,0.9814,-0.0738,1.032
8.269828417,0.3144,0.9789,-0.0845,1.032
8.272593379,0.3191,0.9765,-0.0933,1.032
8.273696225,0.3215,0.9745,-0.0965,1.031
8.275786725,0.3242,0.9714,-0.1038,1.029
8.285325263,0.3249,0.9694,-0.1068,1.028
8.286750648,0.3274,0.9640,-0.1099,1.024
8.287672956,0.3279,0.9599,-0.1119,1.020
8.28857184,0.3283,0.9572,-0.1129,1.018
8.289747148,0.3252,0.9506,-0.1141,1.011
8.291002687,0.3215,0.9438,-0.1126,1.003
8.291274148,0.3200,0.9403,-0.1131,1.000
8.291514917,0.3159,0.9311,-0.1121,0.990
8.293195148,0.3142,0.9271,-0.1116,0.985
8.311718879,0.3078,0.9210,-0.1075,0.977
8.313221071,0.3005,0.9127,-0.1016,0.966
8.314134494,0.2971,0.9093,-0.0992,0.962
8.314965879,0.2927,0.9010,-0.0926,0.952
8.315698917,0.2863,0.8929,-0.0858,0.942
8.316579956,0.2836,0.8890,-0.0816,0.937
8.317572648,0.2773,0.8807,-0.0726,0.926
8.318451148,0.2736,0.8756,-0.0672,0.920
8.319429686,0.2670,0.8666,-0.0562,0.909
8.32026811,0.2595,0.8575,-0.0457,0.897
8.321049071,0.2558,0.8521,-0.0403,0.891
8.321912956,0.2482,0.8419,-0.0293,0.878
8.322735571,0.2384,0.8370,-0.0166,0.870
8.323479763,0.2358,0.8297,-0.0095,0.863
8.324123186,0.2284,0.8231,0.0029,0.854
8.324991763,0.2238,0.8192,0.0110,0.849
8.326564456,0.2147,0.8113,0.0244,0.840
8.329921917,0.2072,0.8045,0.0374,0.832
8.331332417,0.2028,0.8016,0.0428,0.828
8.336460533,0.1935,0.7969,0.0567,0.822
8.337592648,0.1884,0.7952,0.0628,0.820
8.338647033,0.1805,0.7889,0.0789,0.813
8.339451379,0.1737,0.7842,0.0911,0.808
8.340370186,0.1705,0.7813,0.0960,0.805
8.342390956,0.1617,0.7764,0.1031,0.800
8.345582533,0.1568,0.7747,0.1136,0.799
8.34705861,0.1539,0.7727,0.1180,0.797
8.348365456,0.1480,0.7703,0.1273,0.795
8.350263033,0.1461,0.7696,0.1295,0.794
8.35227384,0.1437,0.7669,0.1329,0.791
8.354757879,0.1395,0.7652,0.1358,0.790
8.356326686,0.1380,0.7649,0.1366,0.789
8.358249033,0.1358,0.7647,0.1402,0.789
8.360070071,0.1368,0.7647,0.1397,0.789
8.364006763,0.1378,0.7647,0.1388,0.789
8.365706917,0.1405,0.7681,0.1334,0.792
8.367556571,0.1422,0.7688,0.1307,0.793
8.368862879,0.1444,0.7698,0.1241,0.793
8.370889456,0.1485,0.7737,0.1204,0.797
8.372454686,0.1524,0.7759,0.1165,0.799
8.37390584,0.1573,0.7803,0.1094,0.804
8.375816725,0.1608,0.7850,0.1041,0.808
8.38526061,0.1620,0.7874,0.1019,0.810
8.386175571,0.1673,0.7945,0.0958,0.818
8.386644763,0.1703,0.7974,0.0911,0.820
8.387135302,0.1754,0.8045,0.0836,0.828
8.387567186,0.1801,0.8128,0.0765,0.836
8.388018994,0.1825,0.8157,0.0730,0.839
8.389891494,0.1886,0.8262,0.0672,0.850
8.391413763,0.1959,0.8287,0.0599,0.854
8.393735456,0.1989,0.8372,0.0569,0.862
8.407856917,0.2047,0.8480,0.0503,0.874
8.408799417,0.2072,0.8529,0.0484,0.879
8.409146956,0.2135,0.8631,0.0447,0.890
8.409580725,0.2199,0.8714,0.0418,0.900
8.410419494,0.2228,0.8756,0.0415,0.904
8.411918109,0.2311,0.8856,0.0420,0.916
8.412202879,0.2343,0.8912,0.0425,0.922
8.412498494,0.2399,0.9012,0.0432,0.934
8.412765109,0.2472,0.9100,0.0479,0.944
8.413021802,0.2507,0.9147,0.0498,0.950
8.420344609,0.2580,0.9218,0.0545,0.959
8.420922417,0.2643,0.9301,0.0611,0.969
8.421164148,0.2653,0.9347,0.0657,0.974
8.421460033,0.2707,0.9420,0.0755,0.983
8.422941994,0.2731,0.9457,0.0836,0.988
8.425083263,0.2744,0.9523,0.0880,0.995
8.427083109,0.2773,0.9599,0.0977,1.004
8.430762533,0.2780,0.9628,0.1029,1.007
8.431163302,0.2814,0.9697,0.1131,1.016
8.432829379,0.2829,0.9748,0.1217,1.022
8.434823686,0.2834,0.9777,0.1266,1.026
8.436903417,0.2868,0.9828,0.1336,1.033
8.438651571,0.2868,0.9843,0.1380,1.034
8.440560109,0.2839,0.9877,0.1459,1.038
8.442634994,0.2810,0.9894,0.1505,1.040
8.445185571,0.2795,0.9909,0.1534,1.041
8.446546725,0.2773,0.9921,0.1571,1.042
8.449137686,0.2702,0.9924,0.1593,1.041
8.450529263,0.2668,0.9929,0.1608,1.041
8.452584071,0.2639,0.9926,0.1634,1.040
8.45455184,0.2595,0.9919,0.1644,1.038
8.456466302,0.2560,0.9894,0.1661,1.035
8.458582763,0.2519,0.9860,0.1659,1.031
8.460633802,0.2489,0.9836,0.1656,1.028
8.462838917,0.2436,0.9797,0.1644,1.023
8.465854686,0.2375,0.9748,0.1622,1.016
8.467510802,0.2340,0.9738,0.1608,1.014
8.468502994,0.2284,0.9679,0.1588,1.007
8.470378533,0.2226,0.9643,0.1571,1.002
8.472169186,0.2196,0.9611,0.1551,0.998
8.474385725,0.2172,0.9533,0.1532,0.990
8.476285725,0.2152,0.9506,0.1515,0.986
8.486072379,0.2106,0.9425,0.1485,0.977
8.487262533,0.2079,0.9357,0.1463,0.970
8.488081686,0.2050,0.9325,0.1446,0.966
8.488921225,0.2025,0.9267,0.1393,0.959
8.489957609,0.2018,0.9225,0.1358,0.954
8.491420686,0.2008,0.9157,0.1295,0.946
8.49221634,0.2006,0.9120,0.1226,0.942
8.493594379,0.2013,0.9093,0.1192,0.939
8.494776648,0.2023,0.9010,0.1121,0.930
8.508267033,0.2055,0.8934,0.1075,0.923
8.510029109,0.2062,0.8907,0.1036,0.920
8.511253571,0.2094,0.8839,0.0965,0.913
8.512391648,0.2108,0.8815,0.0928,0.911
8.513781379,0.2150,0.8761,0.0818,0.906
8.514964302,0.2169,0.8697,0.0730,0.899
8.516118494,0.2174,0.8675,0.0691,0.897
8.516947109,0.2199,0.8614,0.0589,0.891
8.518178379,0.2216,0.8558,0.0508,0.885
8.518884148,0.2211,0.8536,0.0450,0.883
8.519897532,0.2238,0.8475,0.0327,0.877
8.520646571,0.2248,0.8451,0.0264,0.875
8.521838532,0.2243,0.8409,0.0139,0.870
8.522574725,0.2243,0.8389,-0.0002,0.868
8.52514884,0.2235,0.8370,-0.0061,0.866
8.527058494,0.2231,0.8375,-0.0186,0.867
8.533693186,0.2243,0.8385,-0.0303,0.868
8.535188494,0.2231,0.8394,-0.0376,0.869
8.536377763,0.2218,0.8421,-0.0486,0.872
8.537640917,0.2226,0.8458,-0.0574,0.876
8.538685148,0.2218,0.8487,-0.0606,0.879
8.539851609,0.2211,0.8560,-0.0643,0.886
8.540868071,0.2213,0.8597,-0.0665,0.890
8.541929879,0.2238,0.8695,-0.0689,0.900
8.54332984,0.2250,0.8780,-0.0635,0.909
8.546390225,0.2245,0.8832,-0.0601,0.913
8.547888302,0.2226,0.8927,-0.0508,0.921
8.549165148,0.2204,0.9032,-0.0396,0.931
8.551134071,0.2189,0.9093,-0.0325,0.936
8.553092725,0.2162,0.9208,-0.0139,0.946
8.555217686,0.2143,0.9264,-0.0029,0.951
8.556811417,0.2121,0.9374,0.0191,0.961
8.559070186,0.2084,0.9494,0.0437,0.973
8.562228609,0.2055,0.9540,0.0564,0.978
8.563706532,0.2042,0.9657,0.0806,0.990
8.564955225,0.1986,0.9723,0.0936,0.997
8.567093071,0.1967,0.9838,0.1214,1.011
8.568783879,0.1913,0.9943,0.1466,1.023
8.570794571,0.1906,1.0002,0.1600,1.031
8.572612148,0.1876,1.0112,0.1849,1.045
8.574862994,0.1840,1.0217,0.2077,1.059
8.576636379,0.1815,1.0273,0.2182,1.066
8.578950071,0.1788,1.0378,0.2372,1.079
8.587181417,0.1769,1.0491,0.2519,1.093
8.588166571,0.1769,1.0544,0.2585,1.100
8.588947686,0.1761,1.0657,0.2675,1.113
8.589732725,0.1757,1.0710,0.2704,1.119
8.590431956,0.1749,1.0811,0.2736,1.129
8.591171917,0.1747,1.0913,0.2724,1.138
8.592582379,0.1742,1.0962,0.2702,1.142
8.595422148,0.1725,1.1052,0.2619,1.149
8.596403225,0.1735,1.1092,0.2573,1.152
8.612040879,0.1744,1.1179,0.2441,1.157
8.613798263,0.1749,1.1250,0.2270,1.161
8.614749994,0.1752,1.1285,0.2187,1.163
8.615552956,0.1783,1.1355,0.1989,1.167
8.616536109,0.1813,1.1394,0.1796,1.168
8.617624071,0.1823,1.1409,0.1700,1.168
8.618927417,0.1842,1.1441,0.1495,1.168
8.620108225,0.1862,1.1453,0.1390,1.169
8.620957032,0.1903,1.1465,0.1178,1.168
8.622226802,0.1915,1.1453,0.0982,1.165
8.623024879,0.1937,1.1448,0.0889,1.164
8.623958494,0.1964,1.1458,0.0728,1.165
8.624778725,0.2016,1.1446,0.0591,1.164
8.625561571,0.2040,1.1436,0.0533,1.163
8.626638302,0.2084,1.1426,0.0425,1.162
8.628037186,0.2116,1.1426,0.0371,1.163
8.631319263,0.2177,1.1429,0.0281,1.164
8.63273534,0.2272,1.1446,0.0247,1.167
8.634070802,0.2323,1.1453,0.0215,1.169
8.63555234,0.2453,1.1512,0.0173,1.177
8.637609032,0.2533,1.1558,0.0166,1.183
8.639741802,0.2717,1.1646,0.0164,1.196
8.641615879,0.2915,1.1788,0.0186,1.214
8.643621994,0.3037,1.1861,0.0203,1.225
8.646592455,0.3247,1.2035,0.0274,1.247
8.648242686,0.3474,1.2215,0.0403,1.271
8.650218379,0.3599,1.2313,0.0486,1.284
8.651400994,0.3828,1.2550,0.0677,1.314
8.653442725,0.3938,1.2670,0.0792,1.329
8.655452648,0.4141,1.2904,0.1087,1.360
8.657396686,0.4371,1.3122,0.1422,1.390
8.659352109,0.4495,1.3215,0.1590,1.405
8.661588186,0.4713,1.3398,0.1974,1.434
8.664482225,0.4955,1.3532,0.2377,1.461
8.666042109,0.5077,1.3583,0.2555,1.472
8.667691879,0.5275,1.3645,0.2888,1.491
8.66903734,0.5365,1.3654,0.3034,1.498
8.67128234,0.5538,1.3613,0.3308,1.506
8.672945648,0.5675,1.3539,0.3489,1.509
8.675261686,0.5729,1.3486,0.3545,1.507
8.677469379,0.5775,1.3346,0.3572,1.497
8.687545148,0.5773,1.3268,0.3545,1.490
8.689149532,0.5761,1.3083,0.3413,1.470
8.690447686,0.5702,1.2909,0.3205,1.447
8.691617879,0.5653,1.2809,0.3066,1.433
8.692787263,0.5509,1.2604,0.2746,1.403
8.693914032,0.5348,1.2408,0.2367,1.372
8.694313032,0.5272,1.2325,0.2165,1.358
8.694573032,0.5101,1.2159,0.1754,1.330
8.720434417,0.4950,1.2074,0.1551,1.314
8.721065032,0.4884,1.1922,0.1143,1.293
8.721356955,0.4774,1.1776,0.0762,1.273
8.721594494,0.4727,1.1722,0.0579,1.265
8.721822955,0.4647,1.1580,0.0222,1.248
8.722062071,0.4588,1.1434,-0.0095,1.232
8.72229634,0.4576,1.1363,-0.0244,1.225
8.722531955,0.4542,1.1197,-0.0528,1.209
8.722756763,0.4512,1.1118,-0.0796,1.203
8.722990879,0.4493,1.0935,-0.0919,1.186
8.732107994,0.4451,1.0759,-0.1143,1.170
8.734109071,0.4437,1.0659,-0.1244,1.161
8.735375225,0.4402,1.0466,-0.1434,1.144
8.736664994,0.4356,1.0288,-0.1605,1.129
8.738800917,0.4339,1.0200,-0.1695,1.121
8.74024134,0.4307,1.0014,-0.1837,1.105
8.741695302,0.4253,0.9848,-0.1945,1.090
8.742869071,0.4212,0.9755,-0.1996,1.081
8.744262686,0.4141,0.9557,-0.2072,1.062
8.74722034,0.4065,0.9474,-0.2106,1.052
8.749386994,0.4021,0.9325,-0.2182,1.039
8.750845417,0.3960,0.9164,-0.2191,1.022
8.752314609,0.3914,0.9078,-0.2191,1.013
8.753756878,0.3819,0.8929,-0.2172,0.995
8.754073571,0.3757,0.8800,-0.2143,0.981
8.754304032,0.3718,0.8734,-0.2135,0.973
8.754567455,0.3645,0.8607,-0.2057,0.957
8.75481184,0.3608,0.8546,-0.1950,0.948
8.755038032,0.3586,0.8433,-0.1888,0.936
8.755271455,0.3555,0.8346,-0.1732,0.923
8.755503917,0.3540,0.8294,-0.1654,0.917
8.755745225,0.3491,0.8189,-0.1512,0.903
8.757743955,0.3474,0.8111,-0.1346,0.893
8.759606648,0.3454,0.8069,-0.1251,0.887
8.764924648,0.3411,0.7999,-0.1075,0.876
8.765542609,0.3396,0.7967,-0.0977,0.872
8.76580484,0.3371,0.7903,-0.0760,0.863
8.767528109,0.3335,0.7854,-0.0581,0.855
8.769524186,0.3327,0.7837,-0.0496,0.853
8.771655225,0.3337,0.7776,-0.0293,0.847
8.773381225,0.3315,0.7737,-0.0090,0.842
8.77554384,0.3303,0.7710,-0.0015,0.839
8.777792878,0.3279,0.7679,0.0149,0.835
8.786844417,0.3254,0.7652,0.0230,0.832
8.787336455,0.3222,0.7637,0.0393,0.830
8.787592148,0.3174,0.7608,0.0513,0.826
8.787832071,0.3137,0.7593,0.0577,0.824
8.788063494,0.3076,0.7593,0.0704,0.822
8.789096686,0.3032,0.7595,0.0814,0.822
8.791365917,0.3017,0.7598,0.0860,0.822
8.793017802,0.2971,0.7617,0.0938,0.823
8.796019994,0.2934,0.7615,0.0972,0.822
8.797175302,0.2861,0.7642,0.1026,0.822
8.79919634,0.2797,0.7674,0.1075,0.824
8.801198225,0.2775,0.7691,0.1087,0.825
8.803105994,0.2714,0.7737,0.1085,0.827
8.804968878,0.2690,0.7766,0.1082,0.829
8.806963878,0.2658,0.7837,0.1075,0.835
8.808607532,0.2607,0.7913,0.1026,0.839
8.810904071,0.2585,0.7955,0.0999,0.842
8.813915186,0.2580,0.8050,0.0943,0.851
8.815046148,0.2587,0.8140,0.0865,0.859
8.81679984,0.2590,0.8189,0.0843,0.863
8.818856955,0.2570,0.8297,0.0777,0.872
8.820779917,0.2595,0.8360,0.0711,0.878
8.822881071,0.2607,0.8477,0.0694,0.890
8.824654032,0.2646,0.8580,0.0640,0.900
8.826898417,0.2651,0.8631,0.0616,0.905
8.829350878,0.2660,0.8744,0.0559,0.916
8.830600071,0.2651,0.8849,0.0508,0.925
8.832302455,0.2646,0.8890,0.0496,0.929
8.834448686,0.2629,0.8986,0.0432,0.937
8.836396609,0.2626,0.9032,0.0398,0.941
8.838420148,0.2621,0.9118,0.0337,0.949
8.840135301,0.2604,0.9186,0.0296,0.955
8.842571878,0.2587,0.9213,0.0261,0.957
8.845036071,0.2546,0.9279,0.0186,0.962
8.847653417,0.2529,0.9337,0.0095,0.967
8.848980648,0.2516,0.9364,0.0073,0.970
8.850650917,0.2480,0.9406,0.0020,0.973
8.852448225,0.2436,0.9425,-0.0007,0.973
8.854442225,0.2433,0.9450,-0.0029,0.976
8.856144725,0.2424,0.9484,-0.0076,0.979
8.858407225,0.2416,0.9496,-0.0093,0.980
8.860478301,0.2411,0.9521,-0.0105,0.982
8.863666801,0.2404,0.9511,-0.0107,0.981
8.865327801,0.2392,0.9513,-0.0120,0.981
8.866525994,0.2362,0.9496,-0.0120,0.979
8.868163648,0.2340,0.9472,-0.0100,0.976
8.870319763,0.2321,0.9469,-0.0103,0.975
8.872230917,0.2296,0.9467,-0.0095,0.974
8.874320878,0.2296,0.9452,-0.0073,0.973
8.87616234,0.2262,0.9420,-0.0059,0.969
8.878410532,0.2243,0.9367,-0.0059,0.963
8.889048994,0.2243,0.9337,-0.0066,0.960
8.890619648,0.2255,0.9279,-0.0061,0.955
8.891535148,0.2277,0.9179,-0.0071,0.946
8.892618955,0.2279,0.9139,-0.0083,0.942
8.893807494,0.2345,0.9054,-0.0086,0.935
8.894965648,0.2387,0.9008,-0.0088,0.932
8.896079109,0.2428,0.8910,-0.0093,0.924
8.897023609,0.2458,0.8817,-0.0064,0.915
8.898335225,0.2467,0.8771,-0.0039,0.911
8.899227417,0.2504,0.8680,0.0032,0.903
8.900263494,0.2546,0.8634,0.0117,0.900
8.91719184,0.2563,0.8539,0.0176,0.892
8.918821148,0.2609,0.8416,0.0266,0.882
8.920070301,0.2634,0.8363,0.0300,0.877
8.921041725,0.2704,0.8267,0.0386,0.871
8.922380378,0.2773,0.8150,0.0474,0.862
8.923582263,0.2788,0.8104,0.0501,0.858
8.924468532,0.2846,0.7991,0.0540,0.850
8.925561609,0.2893,0.7938,0.0567,0.847
8.92663684,0.2927,0.7845,0.0574,0.839
8.928097417,0.3000,0.7742,0.0564,0.832
8.929210032,0.3029,0.7691,0.0574,0.829
8.930164686,0.3083,0.7603,0.0603,0.823
8.931137609,0.3154,0.7522,0.0606,0.818
8.932026455,0.3181,0.7473,0.0606,0.814
8.932726994,0.3205,0.7410,0.0596,0.810
8.933849225,0.3244,0.7344,0.0557,0.805
8.934517263,0.3257,0.7310,0.0552,0.802
8.935567378,0.3242,0.7251,0.0525,0.796
8.938849609,0.3247,0.7231,0.0508,0.794
8.940277648,0.3242,0.7190,0.0498,0.790
8.941440225,0.3235,0.7146,0.0472,0.786
8.943246917,0.3235,0.7139,0.0469,0.785
8.945407532,0.3225,0.7102,0.0457,0.781
8.950902301,0.3218,0.7043,0.0459,0.776
8.952452801,0.3222,0.7014,0.0467,0.773
8.953899032,0.3247,0.6975,0.0518,0.771
8.955089224,0.3249,0.6953,0.0528,0.769
8.955883724,0.3240,0.6936,0.0589,0.768
8.956760801,0.3242,0.6919,0.0650,0.767
8.958891455,0.3240,0.6904,0.0682,0.766
8.961112532,0.3222,0.6899,0.0765,0.765
8.971605609,0.3198,0.6916,0.0853,0.767
8.972235994,0.3196,0.6916,0.0897,0.767
8.972520955,0.3176,0.6933,0.0977,0.769
8.972759186,0.3171,0.6951,0.1014,0.771
8.973005378,0.3169,0.7009,0.1097,0.777
8.973252494,0.3144,0.7060,0.1212,0.782
8.974713417,0.3147,0.7104,0.1258,0.787
8.976600263,0.3139,0.7187,0.1324,0.795
8.998562032,0.3122,0.7273,0.1363,0.803
9.000529032,0.3125,0.7332,0.1388,0.809
9.001522494,0.3132,0.7446,0.1441,0.821
9.002695686,0.3134,0.7503,0.1459,0.826
9.003710648,0.3147,0.7639,0.1459,0.839
9.004897032,0.3164,0.7752,0.1456,0.850
9.006164263,0.3164,0.7815,0.1461,0.856
9.00705034,0.3181,0.7959,0.1444,0.869
9.007783878,0.3183,0.8035,0.1439,0.876
9.008675148,0.3183,0.8170,0.1429,0.888
9.009514378,0.3196,0.8297,0.1397,0.900
9.010629224,0.3198,0.8360,0.1385,0.906
9.011443917,0.3225,0.8497,0.1361,0.919
9.012545494,0.3244,0.8619,0.1331,0.931
9.01378734,0.3240,0.8683,0.1309,0.936
9.014945186,0.3244,0.8785,0.1268,0.945
9.015800763,0.3235,0.8905,0.1219,0.955
9.016733417,0.3232,0.8973,0.1197,0.961
9.017512417,0.3230,0.9064,0.1136,0.969
9.018521763,0.3232,0.9115,0.1097,0.973
9.019192994,0.3254,0.9210,0.1055,0.983
9.02003734,0.3257,0.9279,0.0999,0.988
9.022742571,0.3276,0.9313,0.0967,0.992
9.023665455,0.3301,0.9379,0.0921,0.999
9.025803032,0.3330,0.9433,0.0867,1.004
9.027753032,0.3352,0.9457,0.0862,1.007
9.030220609,0.3381,0.9513,0.0823,1.013
9.031669763,0.3384,0.9543,0.0804,1.016
9.033704148,0.3411,0.9572,0.0762,1.019
9.035488994,0.3440,0.9611,0.0750,1.024
9.037496955,0.3452,0.9635,0.0743,1.026
9.039898186,0.3472,0.9665,0.0726,1.029
9.041459071,0.3496,0.9665,0.0726,1.030
9.045120378,0.3506,0.9660,0.0730,1.030
9.045639148,0.3523,0.9657,0.0745,1.031
9.047681032,0.3535,0.9655,0.0755,1.031
9.049459648,0.3538,0.9645,0.0772,1.030
9.051433263,0.3547,0.9621,0.0809,1.029
9.053205417,0.3547,0.9611,0.0826,1.028
9.055421032,0.3489,0.9579,0.0845,1.023
9.057055647,0.3459,0.9562,0.0875,1.021
9.059388763,0.3452,0.9535,0.0921,1.018
9.061007378,0.3411,0.9474,0.0965,1.012
9.063736147,0.3386,0.9457,0.0989,1.009
9.065240378,0.3337,0.9394,0.1011,1.002
9.06724484,0.3293,0.9328,0.1048,0.995
9.069051301,0.3271,0.9291,0.1070,0.991
9.071182532,0.3237,0.9245,0.1092,0.986
9.073084301,0.3208,0.9213,0.1121,0.982
9.075211763,0.3176,0.9147,0.1129,0.975
9.077064378,0.3112,0.9081,0.1175,0.967
9.079944724,0.3086,0.9056,0.1187,0.964
9.089030224,0.3049,0.8998,0.1217,0.958
9.090241609,0.2998,0.8925,0.1226,0.949
9.091122301,0.2973,0.8900,0.1241,0.947
9.091865955,0.2934,0.8841,0.1244,0.940
9.092683417,0.2915,0.8819,0.1241,0.937
9.093538878,0.2890,0.8773,0.1246,0.932
9.094233724,0.2851,0.8732,0.1246,0.927
9.095231801,0.2832,0.8714,0.1244,0.925
9.11556384,0.2797,0.8661,0.1219,0.918
9.11672334,0.2736,0.8612,0.1202,0.912
9.117647378,0.2707,0.8595,0.1195,0.909
9.118403186,0.2685,0.8585,0.1151,0.907
9.119208378,0.2673,0.8573,0.1121,0.905
9.120308917,0.2629,0.8565,0.1080,0.902
9.121115994,0.2599,0.8536,0.1009,0.898
9.12201984,0.2592,0.8524,0.0977,0.896
9.122885763,0.2541,0.8519,0.0931,0.894
9.123663532,0.2494,0.8541,0.0843,0.894
9.124908686,0.2470,0.8553,0.0804,0.894
9.125666917,0.2409,0.8570,0.0740,0.893
9.126423647,0.2387,0.8568,0.0704,0.892
9.127092994,0.2345,0.8592,0.0599,0.893
9.127707378,0.2309,0.8626,0.0525,0.895
9.129762878,0.2287,0.8661,0.0496,0.897
9.130663263,0.2250,0.8690,0.0452,0.899
9.13142234,0.2245,0.8741,0.0403,0.903
9.132274417,0.2235,0.8780,0.0381,0.907
9.134662647,0.2218,0.8839,0.0349,0.912
9.136277186,0.2216,0.8868,0.0347,0.915
9.140969186,0.2213,0.8942,0.0342,0.922
9.142155263,0.2216,0.9025,0.0354,0.930
9.142887686,0.2221,0.9076,0.0364,0.935
9.143850378,0.2238,0.9183,0.0396,0.946
9.147486186,0.2260,0.9237,0.0435,0.952
9.14892834,0.2265,0.9347,0.0476,0.963
9.150183109,0.2296,0.9462,0.0562,0.975
9.151641532,0.2318,0.9530,0.0625,0.983
9.153642647,0.2380,0.9677,0.0730,0.999
9.155642263,0.2438,0.9794,0.0845,1.013
9.157665378,0.2463,0.9858,0.0936,1.020
9.15959484,0.2536,1.0002,0.1102,1.038
9.161547609,0.2636,1.0053,0.1170,1.046
9.164427994,0.2685,1.0170,0.1302,1.060
9.166122032,0.2807,1.0293,0.1446,1.077
9.169088494,0.2849,1.0361,0.1520,1.085
9.17029834,0.2937,1.0483,0.1688,1.102
9.17148484,0.3039,1.0588,0.1862,1.117
9.173469686,0.3095,1.0635,0.1930,1.124
9.17555957,0.3193,1.0745,0.2089,1.140
9.17747457,0.3286,1.0796,0.2226,1.150
9.190299378,0.3330,1.0889,0.2284,1.161
9.191759147,0.3411,1.0957,0.2384,1.172
9.192933263,0.3467,1.0994,0.2426,1.178
9.19420734,0.3562,1.1065,0.2475,1.188
9.195476994,0.3662,1.1113,0.2480,1.196
9.196469494,0.3709,1.1140,0.2477,1.200
9.197545955,0.3794,1.1167,0.2441,1.204
9.198473955,0.3848,1.1192,0.2419,1.208
9.199471647,0.3928,1.1245,0.2384,1.215
9.200311686,0.4007,1.1275,0.2353,1.219
9.201612147,0.4055,1.1289,0.2343,1.222
9.202867763,0.4134,1.1306,0.2321,1.226
9.204066263,0.4205,1.1328,0.2287,1.230
9.205623686,0.4239,1.1336,0.2277,1.231
9.217525263,0.4268,1.1341,0.2245,1.232
9.218002417,0.4280,1.1314,0.2238,1.230
9.218262878,0.4280,1.1304,0.2211,1.229
9.21849284,0.4236,1.1311,0.2169,1.227
9.218745994,0.4202,1.1311,0.2133,1.225
9.218968917,0.4119,1.1321,0.2050,1.222
9.219199994,0.3985,1.1343,0.1930,1.218
9.220529455,0.3904,1.1377,0.1845,1.217
9.222693609,0.3726,1.1453,0.1644,1.216
9.224491109,0.3506,1.1495,0.1441,1.210
9.226479032,0.3396,1.1617,0.1319,1.217
9.228473147,0.3169,1.1788,0.1046,1.225
9.230365917,0.3054,1.1900,0.0921,1.232
9.232508686,0.2861,1.2108,0.0669,1.246
9.23444084,0.2695,1.2364,0.0428,1.266
9.236477455,0.2634,1.2504,0.0310,1.278
9.238429878,0.2565,1.2799,0.0078,1.305
9.240389955,0.2553,1.3070,-0.0129,1.332
9.24259107,0.2570,1.3202,-0.0215,1.345
9.244396878,0.2602,1.3461,-0.0335,1.371
9.247235724,0.2617,1.3596,-0.0379,1.385
9.249241994,0.2651,1.3855,-0.0428,1.411
9.25033934,0.2690,1.4096,-0.0430,1.436
9.252430609,0.2707,1.4209,-0.0418,1.447
9.254426417,0.2788,1.4399,-0.0335,1.467
9.256284224,0.2832,1.4470,-0.0279,1.475
9.258339417,0.2900,1.4551,-0.0132,1.484
9.260273186,0.2983,1.4583,0.0056,1.488
9.262191224,0.3027,1.4580,0.0169,1.489
9.264980878,0.3110,1.4529,0.0396,1.486
9.266117724,0.3159,1.4390,0.0662,1.475
9.267928955,0.3183,1.4280,0.0806,1.465
9.269909109,0.3230,1.4055,0.1080,1.446
9.271719763,0.3240,1.3923,0.1219,1.435
9.273832532,0.3254,1.3608,0.1476,1.407
9.275903993,0.3215,1.3285,0.1698,1.377
9.277811109,0.3186,1.3119,0.1796,1.362
9.286976109,0.3110,1.2787,0.1957,1.330
9.288033378,0.3025,1.2486,0.2091,1.302
9.288717032,0.2968,1.2342,0.2143,1.287
9.289598417,0.2832,1.2032,0.2223,1.256
9.290334417,0.2773,1.1903,0.2233,1.242
9.291025455,0.2656,1.1675,0.2228,1.218
9.291794609,0.2563,1.1456,0.2140,1.193
9.293454147,0.2521,1.1350,0.2096,1.181
9.295449955,0.2455,1.1160,0.1964,1.159
9.309598647,0.2409,1.1013,0.1791,1.142
9.310960109,0.2397,1.0940,0.1698,1.133
9.311818993,0.2399,1.0771,0.1454,1.113
9.312777493,0.2409,1.0698,0.1324,1.105
9.314124763,0.2392,1.0556,0.1041,1.087
9.31549257,0.2431,1.0393,0.0733,1.070
9.31674584,0.2431,1.0312,0.0579,1.061
9.318305032,0.2438,1.0166,0.0247,1.046
9.31974884,0.2460,0.9997,-0.0107,1.030
9.320721301,0.2477,0.9916,-0.0298,1.023
9.321948224,0.2494,0.9740,-0.0682,1.008
9.322903417,0.2482,0.9662,-0.0880,1.001
9.323929878,0.2487,0.9501,-0.1275,0.990
9.324935955,0.2460,0.9374,-0.1691,0.984
9.32605084,0.2443,0.9301,-0.1901,0.980
9.328701532,0.2404,0.9139,-0.2299,0.973
9.330395609,0.2367,0.9010,-0.2692,0.970
9.33536757,0.2333,0.8954,-0.2880,0.969
9.336776301,0.2262,0.8817,-0.3259,0.967
9.338178532,0.2165,0.8766,-0.3608,0.972
9.339397186,0.2116,0.8673,-0.3775,0.969
9.340473109,0.2011,0.8575,-0.4065,0.970
9.34151284,0.1954,0.8541,-0.4200,0.972
9.343167493,0.1854,0.8465,-0.4439,0.974
9.34499384,0.1727,0.8407,-0.4634,0.975
9.348072878,0.1649,0.8387,-0.4705,0.976
9.350012224,0.1515,0.8338,-0.4825,0.975
9.351045186,0.1437,0.8314,-0.4876,0.974
9.352815493,0.1287,0.8275,-0.4918,0.971
9.354655724,0.1180,0.8255,-0.4906,0.967
9.356536301,0.1138,0.8245,-0.4898,0.966
9.358431917,0.1033,0.8218,-0.4820,0.958
9.360411147,0.0965,0.8226,-0.4683,0.951
9.36259057,0.0938,0.8245,-0.4600,0.949
9.366558493,0.0894,0.8250,-0.4407,0.940
9.36806884,0.0862,0.8253,-0.4278,0.934
9.369424763,0.0855,0.8284,-0.3994,0.924
9.370704417,0.0867,0.8319,-0.3662,0.913
9.372227532,0.0872,0.8348,-0.3494,0.909
9.374405686,0.0880,0.8404,-0.3110,0.900
9.37631157,0.0884,0.8436,-0.2929,0.897
9.378256416,0.0894,0.8497,-0.2546,0.892
9.387800416,0.0897,0.8573,-0.2145,0.888
9.388506993,0.0906,0.8614,-0.1947,0.888
9.388868455,0.0931,0.8690,-0.1559,0.888
9.389180224,0.0926,0.8780,-0.1156,0.890
9.389578993,0.0938,0.8829,-0.0967,0.893
9.389878916,0.0963,0.8932,-0.0613,0.900
9.411359109,0.1011,0.8986,-0.0454,0.905
9.412971493,0.1038,0.9113,-0.0159,0.917
9.414280724,0.1102,0.9225,0.0088,0.929
9.415286109,0.1126,0.9274,0.0203,0.934
9.416607532,0.1209,0.9367,0.0396,0.945
9.418034301,0.1317,0.9469,0.0528,0.957
9.419163109,0.1378,0.9508,0.0562,0.962
9.42029907,0.1478,0.9601,0.0606,0.973
9.421572763,0.1559,0.9645,0.0613,0.979
9.422661763,0.1595,0.9736,0.0596,0.988
9.423904186,0.1681,0.9816,0.0542,0.997
9.424784186,0.1705,0.9843,0.0489,1.000
9.426037147,0.1798,0.9907,0.0376,1.008
9.426751378,0.1881,0.9985,0.0237,1.016
9.427651763,0.1925,1.0009,0.0149,1.019
9.428403686,0.2013,1.0058,-0.0039,1.026
9.429410416,0.2069,1.0087,-0.0237,1.030
9.430343878,0.2106,1.0102,-0.0349,1.033
9.432672916,0.2167,1.0131,-0.0586,1.038
9.433806378,0.2182,1.0146,-0.0691,1.040
9.434156186,0.2228,1.0156,-0.0904,1.044
9.434394801,0.2253,1.0175,-0.1119,1.048
9.436456224,0.2267,1.0173,-0.1217,1.049
9.437449763,0.2294,1.0173,-0.1385,1.052
9.439471263,0.2328,1.0148,-0.1564,1.053
9.441496455,0.2333,1.0141,-0.1634,1.053
9.443509186,0.2350,1.0134,-0.1747,1.055
9.445391955,0.2355,1.0126,-0.1810,1.055
9.44742634,0.2409,1.0100,-0.1918,1.056
9.45034757,0.2426,1.0073,-0.1991,1.055
9.451104224,0.2436,1.0051,-0.2011,1.054
9.453042493,0.2467,1.0004,-0.2028,1.050
9.455394532,0.2485,0.9953,-0.2050,1.046
9.457256993,0.2499,0.9909,-0.2050,1.042
9.459518916,0.2516,0.9828,-0.2016,1.034
9.461097493,0.2531,0.9784,-0.1969,1.030
9.46402857,0.2546,0.9714,-0.1935,1.023
9.465097032,0.2558,0.9621,-0.1862,1.013
9.467157532,0.2570,0.9577,-0.1818,1.008
9.468882224,0.2590,0.9477,-0.1717,0.997
9.471243916,0.2582,0.9367,-0.1625,0.985
9.473124763,0.2575,0.9311,-0.1564,0.979
9.475340686,0.2568,0.9203,-0.1463,0.967
9.476879916,0.2570,0.9098,-0.1363,0.955
9.479100724,0.2568,0.9044,-0.1295,0.949
9.484083763,0.2560,0.8929,-0.1180,0.936
9.484742339,0.2548,0.8866,-0.1126,0.929
9.485001493,0.2536,0.8722,-0.0997,0.914
9.487005224,0.2489,0.8597,-0.0865,0.899
9.488922378,0.2475,0.8539,-0.0804,0.893
9.490970263,0.2463,0.8416,-0.0679,0.880
9.492886301,0.2419,0.8358,-0.0559,0.872
9.494593801,0.2384,0.8245,-0.0508,0.860
9.507936493,0.2336,0.8131,-0.0398,0.847
9.508622609,0.2304,0.8074,-0.0344,0.840
9.508919916,0.2240,0.7974,-0.0230,0.829
9.509167493,0.2174,0.7857,-0.0134,0.815
9.509484339,0.2138,0.7810,-0.0081,0.810
9.509727263,0.2057,0.7713,0.0010,0.798
9.509980416,0.2013,0.7666,0.0049,0.793
9.518412109,0.1930,0.7549,0.0125,0.779
9.519093032,0.1867,0.7461,0.0213,0.769
9.519387493,0.1825,0.7420,0.0261,0.765
9.519635763,0.1749,0.7315,0.0318,0.753
9.51989857,0.1698,0.7253,0.0396,0.746
9.52030807,0.1656,0.7212,0.0420,0.741
9.522375032,0.1583,0.7144,0.0450,0.733
9.524096339,0.1524,0.7092,0.0489,0.727
9.526203532,0.1488,0.7068,0.0498,0.724
9.528116147,0.1417,0.7019,0.0513,0.718
9.531080339,0.1400,0.7009,0.0511,0.717
9.533595609,0.1344,0.6980,0.0506,0.713
9.53427807,0.1300,0.6965,0.0496,0.710
9.536056609,0.1273,0.6963,0.0489,0.709
9.538969455,0.1226,0.6965,0.0445,0.709
9.54028407,0.1197,0.6973,0.0415,0.709
9.542219686,0.1173,0.6977,0.0393,0.709
9.544479532,0.1131,0.6997,0.0347,0.710
9.546060263,0.1109,0.7019,0.0320,0.711
9.548235493,0.1097,0.7063,0.0257,0.715
9.549841647,0.1085,0.7124,0.0191,0.721
9.551818878,0.1075,0.7153,0.0161,0.724
9.553710032,0.1094,0.7231,0.0066,0.731
9.555744609,0.1126,0.7293,-0.0034,0.738
9.557888955,0.1131,0.7327,-0.0073,0.741
9.55976107,0.1185,0.7398,-0.0161,0.749
9.56194757,0.1204,0.7437,-0.0200,0.754
9.565129686,0.1266,0.7530,-0.0288,0.764
9.567022032,0.1324,0.7632,-0.0388,0.776
9.569912532,0.1349,0.7683,-0.0430,0.781
9.570492416,0.1407,0.7764,-0.0491,0.791
9.572252993,0.1485,0.7864,-0.0572,0.802
9.573534455,0.1512,0.7908,-0.0611,0.807
9.575493532,0.1581,0.8023,-0.0667,0.820
9.577324416,0.1627,0.8074,-0.0706,0.827
9.579579493,0.1698,0.8189,-0.0738,0.840
9.584002339,0.1759,0.8302,-0.0772,0.852
9.584569263,0.1798,0.8367,-0.0794,0.860
9.585619955,0.1881,0.8482,-0.0779,0.872
9.587346263,0.1947,0.8597,-0.0779,0.885
9.589352263,0.1984,0.8656,-0.0767,0.891
9.591401993,0.2045,0.8775,-0.0743,0.904
9.593390609,0.2067,0.8841,-0.0723,0.911
9.595209993,0.2121,0.8956,-0.0672,0.923
9.607330455,0.2196,0.9074,-0.0616,0.936
9.607809109,0.2233,0.9135,-0.0577,0.942
9.608043686,0.2267,0.9254,-0.0479,0.954
9.608279647,0.2292,0.9379,-0.0388,0.966
9.608511301,0.2314,0.9430,-0.0322,0.972
9.608737878,0.2331,0.9523,-0.0220,0.981
9.608978262,0.2365,0.9626,-0.0100,0.991
9.610904916,0.2377,0.9679,-0.0039,0.997
9.61539807,0.2402,0.9772,0.0095,1.006
9.615819724,0.2406,0.9824,0.0171,1.012
9.621083109,0.2404,0.9924,0.0286,1.021
9.621373955,0.2431,1.0019,0.0425,1.032
9.621608416,0.2438,1.0061,0.0489,1.036
9.623011339,0.2424,1.0141,0.0581,1.044
9.624941647,0.2392,1.0214,0.0682,1.051
9.626992416,0.2382,1.0256,0.0730,1.055
9.628869109,0.2348,1.0305,0.0806,1.060
9.631777724,0.2316,1.0334,0.0843,1.062
9.633129032,0.2270,1.0388,0.0894,1.067
9.634784455,0.2221,1.0429,0.0945,1.071
9.636691686,0.2201,1.0434,0.0948,1.071
9.638803339,0.2162,1.0425,0.0950,1.069
9.640785878,0.2138,1.0422,0.0933,1.068
9.642726032,0.2118,1.0417,0.0911,1.067
9.644757339,0.2084,1.0361,0.0901,1.061
9.648968839,0.2042,1.0339,0.0901,1.058
9.650540762,0.2018,1.0317,0.0897,1.055
9.652470801,0.1952,1.0258,0.0889,1.048
9.653249339,0.1937,1.0224,0.0901,1.045
9.654449839,0.1876,1.0153,0.0904,1.036
9.656395609,0.1832,1.0068,0.0953,1.028
9.661023416,0.1823,1.0019,0.0980,1.023
9.661940839,0.1776,0.9929,0.1055,1.014
9.663031416,0.1757,0.9885,0.1092,1.010
9.665991147,0.1737,0.9770,0.1187,0.999
9.667409109,0.1695,0.9660,0.1258,0.989
9.669010339,0.1686,0.9594,0.1283,0.982
9.670913647,0.1659,0.9521,0.1334,0.976
9.672324839,0.1622,0.9484,0.1380,0.972
9.674350455,0.1605,0.9398,0.1393,0.964
9.67611507,0.1573,0.9315,0.1454,0.956
9.678208724,0.1556,0.9281,0.1493,0.953
9.68024207,0.1532,0.9225,0.1527,0.948
9.690993224,0.1522,0.9176,0.1529,0.943
9.692430647,0.1520,0.9144,0.1524,0.939
9.693389686,0.1537,0.9110,0.1502,0.936
9.694553455,0.1544,0.9086,0.1476,0.933
9.695634955,0.1568,0.9030,0.1422,0.927
9.696851262,0.1610,0.8995,0.1351,0.924
9.698131224,0.1622,0.8986,0.1322,0.923
9.699061339,0.1666,0.8966,0.1231,0.920
9.700193147,0.1713,0.8915,0.1134,0.915
9.700939955,0.1730,0.8895,0.1082,0.913
9.702237185,0.1766,0.8866,0.0958,0.909
9.720544685,0.1791,0.8837,0.0904,0.906
9.721165609,0.1854,0.8802,0.0750,0.903
9.721596955,0.1913,0.8783,0.0611,0.901
9.721838878,0.1952,0.8771,0.0537,0.900
9.722067147,0.1996,0.8751,0.0423,0.899
9.722303339,0.2050,0.8729,0.0296,0.897
9.72252957,0.2081,0.8729,0.0227,0.898
9.722754416,0.2140,0.8722,0.0100,0.898
9.722978147,0.2157,0.8727,0.0039,0.899
9.723210032,0.2179,0.8753,-0.0056,0.902
9.723446339,0.2201,0.8800,-0.0178,0.907
9.72542207,0.2223,0.8822,-0.0232,0.910
9.727216839,0.2243,0.8863,-0.0315,0.915
9.729331301,0.2272,0.8951,-0.0376,0.924
9.73202507,0.2282,0.8990,-0.0396,0.928
9.733748032,0.2296,0.9049,-0.0442,0.935
9.734903724,0.2301,0.9081,-0.0450,0.938
9.736813416,0.2299,0.9183,-0.0452,0.948
9.739200609,0.2301,0.9315,-0.0445,0.961
9.740722262,0.2289,0.9364,-0.0420,0.965
9.742838916,0.2294,0.9467,-0.0369,0.975
9.744900339,0.2294,0.9521,-0.0288,0.980
9.74809457,0.2287,0.9611,-0.0235,0.988
9.749552109,0.2284,0.9711,-0.0122,0.998
9.750659685,0.2287,0.9767,-0.0051,1.003
9.752922032,0.2282,0.9877,0.0110,1.014
9.754679609,0.2279,1.0009,0.0303,1.027
9.756664032,0.2282,1.0061,0.0401,1.032
9.758623532,0.2272,1.0161,0.0596,1.043
9.760541301,0.2257,1.0219,0.0708,1.049
9.762576185,0.2255,1.0356,0.0926,1.064
9.766208147,0.2245,1.0476,0.1151,1.078
9.766644301,0.2260,1.0542,0.1246,1.085
9.768281493,0.2270,1.0674,0.1471,1.101
9.770557455,0.2267,1.0796,0.1666,1.116
9.772395955,0.2270,1.0867,0.1739,1.124
9.774429647,0.2270,1.1001,0.1901,1.139
9.776365647,0.2277,1.1062,0.1996,1.147
9.778495878,0.2282,1.1192,0.2123,1.162
9.784191878,0.2284,1.1319,0.2228,1.176
9.784812839,0.2296,1.1394,0.2265,1.184
9.785089993,0.2323,1.1539,0.2316,1.200
9.786169647,0.2353,1.1666,0.2340,1.213
9.792826493,0.2392,1.1736,0.2331,1.220
9.793241185,0.2458,1.1851,0.2274,1.232
9.793524762,0.2487,1.1903,0.2235,1.236
9.793762224,0.2570,1.2039,0.2138,1.249
9.795861762,0.2670,1.2179,0.2003,1.263
9.806706647,0.2722,1.2254,0.1925,1.270
9.807319878,0.2851,1.2430,0.1739,1.287
9.807605532,0.2966,1.2523,0.1534,1.296
9.807866185,0.3039,1.2760,0.1424,1.319
9.808113416,0.3166,1.3034,0.1219,1.347
9.808374916,0.3222,1.3188,0.1109,1.362
9.809755955,0.3340,1.3535,0.0875,1.397
9.811582801,0.3528,1.3965,0.0652,1.442
9.815181532,0.3633,1.4180,0.0545,1.465
9.815845532,0.3831,1.4605,0.0342,1.510
9.817550724,0.3931,1.4829,0.0252,1.534
9.819528301,0.4173,1.5272,0.0107,1.583
9.821430608,0.4398,1.5672,-0.0024,1.628
9.823488955,0.4517,1.5851,-0.0071,1.648
9.825368878,0.4793,1.6129,-0.0173,1.683
9.827450032,0.4940,1.6097,-0.0413,1.684
9.829541724,0.4991,1.5973,-0.0537,1.674
9.831933224,0.5233,1.5841,-0.0621,1.669
9.833257532,0.5370,1.5831,-0.0638,1.673
9.835307147,0.5673,1.5794,-0.0643,1.679
9.837086032,0.6003,1.5714,-0.0740,1.684
9.839042608,0.6171,1.5650,-0.0787,1.684
9.840954993,0.6484,1.5516,-0.0865,1.684
9.843082378,0.6767,1.5347,-0.0938,1.680
9.84500557,0.6899,1.5289,-0.0963,1.680
9.848081032,0.7144,1.5047,-0.1026,1.669
9.849339339,0.7263,1.4832,-0.1077,1.655
9.850999916,0.7434,1.4280,-0.1212,1.614
9.853339532,0.7512,1.3708,-0.1375,1.569
9.854936416,0.7500,1.3427,-0.1449,1.545
9.856739647,0.7361,1.2924,-0.1573,1.496
9.859169185,0.7241,1.2694,-0.1630,1.470
9.860811916,0.6973,1.2303,-0.1742,1.425
9.863159262,0.6660,1.1978,-0.1823,1.383
9.864987916,0.6479,1.1837,-0.1859,1.362
9.866795493,0.6110,1.1592,-0.1908,1.324
9.868708724,0.5744,1.1380,-0.1952,1.290
9.870951955,0.5575,1.1265,-0.1957,1.272
9.872770532,0.5277,1.1062,-0.1945,1.241
9.874625378,0.5148,1.0962,-0.1920,1.226
9.876523262,0.4884,1.0757,-0.1862,1.196
9.878560455,0.4656,1.0561,-0.1801,1.168
9.888022147,0.4549,1.0456,-0.1766,1.154
9.889158108,0.4334,1.0239,-0.1693,1.125
9.890097378,0.4151,1.0014,-0.1637,1.096
9.890796032,0.4068,0.9902,-0.1598,1.082
9.89160357,0.3894,0.9679,-0.1534,1.055
9.892398493,0.3819,0.9560,-0.1510,1.040
9.893938724,0.3650,0.9315,-0.1454,1.011
9.896949878,0.3474,0.9093,-0.1405,0.983
9.898089801,0.3386,0.8968,-0.1383,0.969
9.898945339,0.3249,0.8722,-0.1344,0.940
9.912561916,0.3130,0.8595,-0.1307,0.924
9.914511916,0.3073,0.8367,-0.1305,0.901
9.916483801,0.2949,0.8126,-0.1297,0.874
9.918153262,0.2910,0.8006,-0.1290,0.862
9.919492608,0.2829,0.7769,-0.1287,0.837
9.920859455,0.2768,0.7547,-0.1275,0.814
9.922086839,0.2741,0.7434,-0.1251,0.802
9.923339262,0.2707,0.7236,-0.1241,0.783
9.924430993,0.2675,0.7146,-0.1212,0.773
9.925508455,0.2682,0.6943,-0.1195,0.754
9.926400493,0.2724,0.6758,-0.1165,0.738
9.927116608,0.2766,0.6679,-0.1148,0.732
9.928303993,0.2846,0.6513,-0.1107,0.719
9.929548878,0.2934,0.6362,-0.1082,0.709
9.93074407,0.2983,0.6286,-0.1058,0.704
9.931964685,0.3081,0.6149,-0.1009,0.695
9.932901685,0.3130,0.6088,-0.0972,0.691
9.934161839,0.3198,0.5998,-0.0894,0.686
9.936794378,0.3225,0.5915,-0.0821,0.679
9.937454839,0.3244,0.5873,-0.0782,0.676
9.939468955,0.3288,0.5807,-0.0713,0.671
9.941238531,0.3308,0.5758,-0.0643,0.667
9.943321762,0.3318,0.5734,-0.0608,0.665
9.945205339,0.3323,0.5690,-0.0511,0.661
9.948189608,0.3325,0.5680,-0.0481,0.660
9.949526147,0.3310,0.5680,-0.0415,0.659
9.951684647,0.3259,0.5697,-0.0349,0.657
9.953135955,0.3232,0.5709,-0.0320,0.657
9.955367147,0.3178,0.5756,-0.0249,0.658
9.957200724,0.3115,0.5858,-0.0200,0.664
9.959192493,0.3078,0.5900,-0.0181,0.666
9.961245608,0.3012,0.5988,-0.0144,0.670
9.963502647,0.2971,0.6044,-0.0125,0.674
9.965872108,0.2900,0.6157,-0.0061,0.681
9.968230993,0.2856,0.6296,-0.0015,0.691
9.968873108,0.2827,0.6372,0.0010,0.697
9.970953724,0.2773,0.6545,0.0068,0.711
9.972970608,0.2726,0.6635,0.0107,0.717
9.975241108,0.2719,0.6814,0.0183,0.734
9.977124647,0.2717,0.7019,0.0232,0.753
9.979418224,0.2702,0.7126,0.0254,0.763
9.988151416,0.2690,0.7366,0.0271,0.785
9.989188647,0.2690,0.7593,0.0276,0.806
9.989952378,0.2682,0.7701,0.0274,0.816
9.99060207,0.2690,0.7920,0.0247,0.837
9.991234031,0.2709,0.8045,0.0215,0.849
9.994258455,0.2739,0.8297,0.0186,0.874
9.99505257,0.2768,0.8519,0.0137,0.896
9.995768378,0.2795,0.8658,0.0098,0.910
9.996381878,0.2853,0.8898,0.0022,0.934
10.01050157,0.2885,0.9135,-0.0086,0.958
10.012023108,0.2888,0.9257,-0.0144,0.970
10.012908993,0.2919,0.9486,-0.0249,0.993
10.014206724,0.2973,0.9699,-0.0364,1.015
10.015447993,0.2995,0.9804,-0.0437,1.026
10.016587878,0.3049,0.9997,-0.0579,1.047
10.018077147,0.3086,1.0090,-0.0662,1.057
10.019340685,0.3132,1.0268,-0.0838,1.077
10.020548378,0.3164,1.0410,-0.0997,1.093
10.021603185,0.3188,1.0483,-0.1080,1.101
10.022704493,0.3240,1.0630,-0.1226,1.118
10.023601839,0.3279,1.0676,-0.1312,1.125
10.024702608,0.3310,1.0759,-0.1461,1.135
10.02571957,0.3359,1.0823,-0.1637,1.145
10.026908685,0.3384,1.0847,-0.1691,1.149
10.030185685,0.3418,1.0881,-0.1808,1.155
10.031853185,0.3442,1.0889,-0.1932,1.158
10.033080301,0.3457,1.0886,-0.1984,1.159
10.034512185,0.3491,1.0864,-0.2060,1.160
10.036105108,0.3494,1.0845,-0.2147,1.159
10.038825147,0.3486,1.0789,-0.2169,1.154
10.040011185,0.3464,1.0706,-0.2184,1.146
10.042270416,0.3467,1.0669,-0.2194,1.143
10.044080339,0.3452,1.0574,-0.2187,1.134
10.045963724,0.3440,1.0481,-0.2167,1.124
10.049513878,0.3420,1.0429,-0.2150,1.118
10.051477531,0.3369,1.0307,-0.2069,1.104
10.052602108,0.3342,1.0241,-0.2008,1.096
10.054137454,0.3296,1.0119,-0.1896,1.081
10.055897531,0.3259,0.9987,-0.1783,1.066
10.057903339,0.3227,0.9926,-0.1717,1.058
10.059764993,0.3164,0.9806,-0.1564,1.042
10.061826762,0.3120,0.9675,-0.1397,1.026
10.064004608,0.3100,0.9611,-0.1319,1.018
10.067303685,0.3056,0.9482,-0.1148,1.003
10.069238608,0.2998,0.9411,-0.1065,0.993
10.070544993,0.2968,0.9269,-0.0882,0.977
10.071915031,0.2932,0.9125,-0.0708,0.961
10.073825147,0.2910,0.9064,-0.0621,0.954
10.075647685,0.2885,0.8929,-0.0420,0.939
10.077656839,0.2856,0.8788,-0.0239,0.924
10.079623878,0.2844,0.8724,-0.0154,0.918
10.090275339,0.2795,0.8578,0.0034,0.902
10.092099762,0.2790,0.8504,0.0125,0.895
10.093645954,0.2778,0.8360,0.0264,0.881
10.094353878,0.2768,0.8233,0.0432,0.870
10.094832878,0.2773,0.8153,0.0503,0.863
10.095504454,0.2785,0.8008,0.0652,0.850
10.095911147,0.2773,0.7898,0.0760,0.841
10.096270108,0.2780,0.7830,0.0828,0.835
10.096898378,0.2792,0.7691,0.0938,0.824
10.11352857,0.2805,0.7639,0.0994,0.820
10.115627762,0.2832,0.7515,0.1099,0.811
10.116976454,0.2863,0.7385,0.1173,0.801
10.118356608,0.2885,0.7341,0.1207,0.798
10.119549954,0.2902,0.7244,0.1261,0.790
10.120754031,0.2941,0.7197,0.1309,0.788
10.122150647,0.2949,0.7114,0.1322,0.781
10.123161262,0.2954,0.7034,0.1349,0.775
10.123947301,0.2963,0.6999,0.1353,0.772
10.124919262,0.2971,0.6926,0.1324,0.765
10.126080378,0.2939,0.6867,0.1263,0.758
10.127009454,0.2949,0.6841,0.1268,0.756
10.127784378,0.2998,0.6850,0.1270,0.758
10.128795454,0.3015,0.6848,0.1251,0.759
10.129658339,0.3039,0.6836,0.1178,0.757
10.130864993,0.3051,0.6841,0.1097,0.757
10.131789262,0.3059,0.6845,0.1065,0.757
10.132926724,0.3059,0.6882,0.0999,0.760
10.146471531,0.3051,0.6919,0.0906,0.762
10.157373377,0.3054,0.6943,0.0865,0.763
10.158481647,0.3044,0.6999,0.0782,0.767
10.159390339,0.2993,0.7012,0.0730,0.766
10.160334531,0.2895,0.7053,0.0625,0.765
10.161040262,0.2959,0.7153,0.0584,0.776
10.162094724,0.3010,0.7214,0.0552,0.784
10.16279507,0.3076,0.7310,0.0498,0.795
10.163442877,0.3095,0.7398,0.0442,0.803
10.164408339,0.3086,0.7434,0.0428,0.806
10.165231454,0.3061,0.7544,0.0393,0.815
10.166403608,0.3054,0.7588,0.0369,0.819
10.16731057,0.3029,0.7686,0.0332,0.827
10.168243801,0.3000,0.7791,0.0330,0.836
10.168949801,0.3000,0.7842,0.0330,0.840
10.169964147,0.2983,0.7974,0.0310,0.852
10.170722877,0.2951,0.8087,0.0293,0.861
10.171429454,0.2939,0.8143,0.0298,0.866
10.17231157,0.2912,0.8260,0.0300,0.876
10.173094108,0.2900,0.8314,0.0310,0.881
10.174137762,0.2895,0.8419,0.0322,0.891
10.183219224,0.2875,0.8509,0.0364,0.899
10.184091993,0.2875,0.8560,0.0376,0.904
10.184512301,0.2871,0.8670,0.0410,0.914
10.184925108,0.2880,0.8783,0.0452,0.925
10.185399377,0.2885,0.8829,0.0481,0.930
10.185815185,0.2878,0.8895,0.0511,0.936
10.188123685,0.2871,0.8939,0.0533,0.940
10.189606647,0.2875,0.9022,0.0579,0.949
10.191922493,0.2907,0.9074,0.0616,0.955
10.193552416,0.2922,0.9108,0.0645,0.959
10.195455916,0.2944,0.9176,0.0677,0.966
10.197462108,0.2971,0.9218,0.0691,0.971
10.202737377,0.3003,0.9230,0.0718,0.973
10.203617301,0.3034,0.9264,0.0748,0.978
10.204046724,0.3059,0.9279,0.0765,0.980
10.205148839,0.3076,0.9298,0.0789,0.983
10.207098031,0.3115,0.9313,0.0801,0.985
10.208997377,0.3134,0.9320,0.0804,0.987
10.211049262,0.3171,0.9328,0.0826,0.989
10.213024147,0.3210,0.9315,0.0843,0.989
10.21552957,0.3235,0.9306,0.0848,0.989
10.217601224,0.3249,0.9269,0.0870,0.986
10.219577724,0.3249,0.9252,0.0875,0.984
10.221151608,0.3244,0.9213,0.0897,0.981
10.22430757,0.3237,0.9186,0.0901,0.978
10.224963031,0.3244,0.9152,0.0911,0.975
10.227325031,0.3252,0.9098,0.0926,0.971
10.22885807,0.3237,0.9052,0.0950,0.966
10.231156301,0.3232,0.9025,0.0955,0.963
10.234300185,0.3249,0.8976,0.0977,0.960
10.236607954,0.3254,0.8964,0.1007,0.959
10.237909108,0.3259,0.8898,0.1046,0.953
10.239473031,0.3249,0.8846,0.1097,0.949
10.24069107,0.3237,0.8827,0.1109,0.947
10.242758224,0.3225,0.8778,0.1158,0.942
10.244793762,0.3205,0.8732,0.1202,0.938
10.246766993,0.3191,0.8707,0.1217,0.935
10.249945954,0.3178,0.8661,0.1248,0.931
10.251514954,0.3188,0.8631,0.1278,0.929
10.254157762,0.3188,0.8597,0.1314,0.926
10.255704916,0.3181,0.8536,0.1341,0.921
10.256765493,0.3174,0.8517,0.1366,0.919
10.25873907,0.3166,0.8465,0.1375,0.914
10.2605573,0.3152,0.8426,0.1388,0.910
10.262807262,0.3137,0.8409,0.1388,0.908
10.266432224,0.3112,0.8372,0.1388,0.904
10.267835608,0.3108,0.8360,0.1375,0.902
10.269022839,0.3100,0.8348,0.1349,0.901
10.270902454,0.3064,0.8314,0.1290,0.895
10.272610185,0.3061,0.8309,0.1263,0.894
10.274319185,0.3051,0.8294,0.1217,0.892
10.27645257,0.3022,0.8277,0.1138,0.888
10.278425685,0.3012,0.8275,0.1094,0.887
10.28048157,0.3007,0.8262,0.1007,0.885
10.290992916,0.3007,0.8248,0.0970,0.883
10.292638108,0.2995,0.8262,0.0867,0.883
10.293849185,0.2978,0.8260,0.0765,0.881
10.294775147,0.2978,0.8265,0.0708,0.881
10.295853493,0.2995,0.8272,0.0606,0.882
10.297006224,0.3003,0.8272,0.0511,0.882
10.298218262,0.3000,0.8282,0.0464,0.882
10.298797031,0.2998,0.8319,0.0362,0.885
10.299750993,0.3007,0.8348,0.0288,0.888
10.300215185,0.3003,0.8392,0.0195,0.892
10.314643724,0.3032,0.8446,0.0081,0.897
10.315521608,0.3034,0.8477,0.0039,0.900
10.3159503,0.3027,0.8551,-0.0044,0.907
10.316399262,0.3049,0.8656,-0.0110,0.918
10.316819031,0.3056,0.8707,-0.0134,0.923
10.317231493,0.3083,0.8793,-0.0176,0.932
10.317725916,0.3083,0.8856,-0.0200,0.938
10.318157839,0.3108,0.8964,-0.0230,0.949
10.318552262,0.3112,0.9088,-0.0225,0.961
10.319665916,0.3120,0.9154,-0.0220,0.967
10.3214313,0.3137,0.9289,-0.0215,0.981
10.323453377,0.3156,0.9423,-0.0173,0.994
10.325601339,0.3166,0.9482,-0.0149,1.000
10.327651531,0.3176,0.9643,-0.0110,1.015
10.329437262,0.3186,0.9719,-0.0034,1.023
10.333432839,0.3186,0.9841,0.0012,1.034
10.334295839,0.3186,1.0019,0.0086,1.051
10.3352973,0.3205,1.0087,0.0139,1.059
10.337230724,0.3244,1.0239,0.0266,1.074
10.339237839,0.3269,1.0383,0.0403,1.089
10.341574647,0.3279,1.0447,0.0476,1.096
10.343552993,0.3342,1.0583,0.0591,1.111
10.345438916,0.3406,1.0718,0.0694,1.127
10.347656916,0.3437,1.0771,0.0757,1.133
10.35058457,0.3501,1.0881,0.0906,1.147
10.352095531,0.3567,1.0933,0.1038,1.155
10.354066916,0.3608,1.1030,0.1104,1.166
10.355317416,0.3701,1.1096,0.1239,1.176
10.357513647,0.3755,1.1118,0.1307,1.181
10.359394877,0.3858,1.1155,0.1444,1.189
10.361225916,0.3975,1.1187,0.1556,1.197
10.363458262,0.4046,1.1206,0.1612,1.202
10.36734657,0.4141,1.1219,0.1725,1.208
10.369003647,0.4192,1.1216,0.1779,1.211
10.371066916,0.4327,1.1189,0.1884,1.214
10.372241147,0.4415,1.1153,0.1981,1.216
10.373437416,0.4454,1.1135,0.2020,1.216
10.37517407,0.4529,1.1113,0.2116,1.219
10.377217108,0.4578,1.1048,0.2177,1.216
10.379169223,0.4588,1.1011,0.2204,1.213
10.381577339,0.4586,1.0982,0.2250,1.211
10.391931147,0.4591,1.0962,0.2272,1.210
10.392763147,0.4593,1.0916,0.2301,1.206
10.393199839,0.4578,1.0869,0.2279,1.201
10.393736147,0.4551,1.0837,0.2265,1.197
10.3941363,0.4515,1.0801,0.2253,1.192
10.394549377,0.4429,1.0769,0.2206,1.185
10.394951454,0.4376,1.0774,0.2194,1.183
10.396878531,0.4263,1.0801,0.2150,1.181
10.414124993,0.4197,1.0813,0.2121,1.179
10.416216377,0.4024,1.0881,0.2074,1.179
10.417864608,0.3831,1.0962,0.1989,1.178
10.419253531,0.3721,1.1023,0.1935,1.179
10.420519262,0.3516,1.1184,0.1818,1.186
10.422047839,0.3281,1.1277,0.1656,1.186
10.423172416,0.3176,1.1490,0.1568,1.202
10.424443839,0.3020,1.1756,0.1356,1.221
10.425387339,0.2963,1.1903,0.1236,1.233
10.426461339,0.2893,1.2196,0.0965,1.257
10.427204916,0.2873,1.2491,0.0699,1.284
10.428047185,0.2883,1.2631,0.0577,1.297
10.428975531,0.2890,1.2912,0.0313,1.323
10.430296531,0.2932,1.3044,0.0195,1.337
10.431471031,0.2946,1.3302,-0.0044,1.362
10.432695762,0.2951,1.3513,-0.0276,1.383
10.434079608,0.2959,1.3608,-0.0379,1.393
10.434912377,0.2978,1.3750,-0.0567,1.408
10.435724916,0.3010,1.3830,-0.0743,1.417
10.43664357,0.3037,1.3862,-0.0806,1.421
10.439085685,0.3081,1.3881,-0.0884,1.425
10.439662339,0.3139,1.3830,-0.0897,1.421
10.441834262,0.3171,1.3784,-0.0889,1.417
10.444031454,0.3205,1.3645,-0.0848,1.404
10.445842262,0.3230,1.3554,-0.0804,1.396
10.447730877,0.3249,1.3344,-0.0713,1.375
10.449811685,0.3257,1.3083,-0.0564,1.349
10.451776993,0.3252,1.2941,-0.0467,1.335
10.453926493,0.3210,1.2626,-0.0291,1.303
10.455563762,0.3159,1.2467,-0.0083,1.286
10.457634223,0.3115,1.2142,0.0037,1.254
10.459612493,0.3003,1.1822,0.0266,1.220
10.461408762,0.2949,1.1666,0.0371,1.204
10.463602916,0.2866,1.1382,0.0586,1.175
10.469000377,0.2795,1.1140,0.0794,1.151
10.469647146,0.2770,1.1016,0.0870,1.139
10.469926608,0.2729,1.0798,0.1041,1.119
10.47156957,0.2690,1.0706,0.1121,1.110
10.473474185,0.2687,1.0537,0.1253,1.095
10.475307031,0.2704,1.0390,0.1309,1.082
10.477219108,0.2709,1.0322,0.1341,1.076
10.479205108,0.2744,1.0219,0.1388,1.067
10.481198531,0.2780,1.0119,0.1336,1.058
10.494241146,0.2802,1.0053,0.1297,1.052
10.495736916,0.2844,0.9965,0.1207,1.043
10.496975762,0.2912,0.9872,0.1068,1.035
10.4981723,0.2939,0.9831,0.0997,1.031
10.499247916,0.3003,0.9775,0.0809,1.026
10.500563339,0.3022,0.9745,0.0713,1.023
10.502424877,0.3095,0.9675,0.0486,1.017
10.503399646,0.3159,0.9613,0.0244,1.012
10.504125185,0.3178,0.9589,0.0122,1.010
10.504982454,0.3242,0.9552,-0.0173,1.009
10.506015916,0.3269,0.9508,-0.0452,1.006
10.506868262,0.3283,0.9491,-0.0596,1.006
10.507823685,0.3296,0.9447,-0.0894,1.005
10.510441108,0.3291,0.9430,-0.1033,1.004
10.511924262,0.3283,0.9381,-0.1319,1.003
10.518626339,0.3252,0.9376,-0.1598,1.005
10.520226723,0.3227,0.9354,-0.1735,1.005
10.5217303,0.3181,0.9318,-0.2003,1.005
10.523030993,0.3142,0.9271,-0.2240,1.004
10.523942685,0.3105,0.9269,-0.2350,1.005
10.525005377,0.3042,0.9235,-0.2565,1.006
10.525970608,0.2959,0.9215,-0.2658,1.004
10.527068723,0.2927,0.9208,-0.2824,1.007
10.528729608,0.2839,0.9169,-0.2946,1.004
10.530881877,0.2792,0.9157,-0.3005,1.003
10.53445507,0.2695,0.9142,-0.3059,1.001
10.535958108,0.2617,0.9132,-0.3064,0.998
10.53754407,0.2580,0.9132,-0.3049,0.997
10.538910262,0.2458,0.9120,-0.2990,0.991
10.540474762,0.2380,0.9127,-0.2866,0.986
10.542524339,0.2333,0.9132,-0.2785,0.983
10.544407454,0.2213,0.9137,-0.2624,0.976
10.54647057,0.2172,0.9152,-0.2521,0.974
10.549622185,0.2069,0.9193,-0.2296,0.970
10.552259108,0.1984,0.9220,-0.2045,0.965
10.554001954,0.1947,0.9240,-0.1903,0.963
10.555339608,0.1871,0.9284,-0.1617,0.961
10.556659377,0.1810,0.9306,-0.1300,0.957
10.558263993,0.1771,0.9323,-0.1158,0.956
10.560098646,0.1695,0.9384,-0.0845,0.957
10.562032069,0.1659,0.9406,-0.0687,0.958
10.564091146,0.1615,0.9460,-0.0376,0.960
10.567467416,0.1573,0.9516,-0.0098,0.965
10.568099223,0.1551,0.9552,0.0029,0.968
10.5701573,0.1520,0.9604,0.0300,0.973
10.572019646,0.1510,0.9628,0.0420,0.975
10.574021146,0.1495,0.9667,0.0628,0.980
10.576164377,0.1515,0.9723,0.0838,0.988
10.578028685,0.1534,0.9758,0.0936,0.992
10.579989262,0.1561,0.9806,0.1063,0.999
10.586306954,0.1603,0.9855,0.1163,1.005
10.586884108,0.1627,0.9880,0.1202,1.008
10.588712569,0.1688,0.9909,0.1280,1.013
10.588969223,0.1722,0.9916,0.1290,1.015
10.589694954,0.1791,0.9951,0.1295,1.019
10.591588646,0.1871,0.9970,0.1275,1.022
10.593606185,0.1913,0.9977,0.1258,1.024
10.595503185,0.2008,0.9987,0.1212,1.026
10.597459146,0.2099,1.0009,0.1119,1.029
10.614848608,0.2140,1.0014,0.1058,1.029
10.617069608,0.2228,1.0014,0.0958,1.030
10.618290877,0.2262,1.0004,0.0906,1.030
10.619587569,0.2326,0.9990,0.0806,1.029
10.620848223,0.2433,0.9975,0.0682,1.029
10.622831493,0.2485,0.9958,0.0628,1.028
10.623906031,0.2558,0.9963,0.0498,1.030
10.624963108,0.2656,0.9946,0.0396,1.030
10.626095762,0.2690,0.9921,0.0344,1.029
10.627251146,0.2748,0.9880,0.0237,1.026
10.628101877,0.2783,0.9865,0.0200,1.025
10.629329069,0.2844,0.9838,0.0110,1.024
10.630324762,0.2875,0.9806,0.0056,1.022
10.631665685,0.2910,0.9784,0.0015,1.021
10.632769185,0.2963,0.9726,-0.0034,1.017
10.633962762,0.2981,0.9704,-0.0056,1.015
10.635066954,0.3027,0.9638,-0.0095,1.010
10.635849608,0.3034,0.9587,-0.0129,1.006
10.637115416,0.3044,0.9550,-0.0129,1.002
10.638117916,0.3042,0.9472,-0.0129,0.995
10.639198108,0.3046,0.9389,-0.0139,0.987
10.642024762,0.3044,0.9340,-0.0134,0.982
10.643580646,0.3059,0.9257,-0.0125,0.975
10.644866723,0.3046,0.9205,-0.0117,0.970
10.646954146,0.3032,0.9108,-0.0090,0.960
10.650387416,0.3022,0.9005,-0.0054,0.950
10.651982185,0.3010,0.8951,-0.0034,0.944
10.6535303,0.3003,0.8815,0.0017,0.931
10.654662723,0.2981,0.8710,0.0073,0.921
10.656853493,0.2966,0.8661,0.0093,0.915
10.658576416,0.2944,0.8553,0.0139,0.905
10.660647069,0.2927,0.8495,0.0166,0.899
10.662858916,0.2910,0.8380,0.0232,0.887
10.664468223,0.2883,0.8243,0.0271,0.874
10.675002992,0.2871,0.8192,0.0288,0.868
10.675569839,0.2836,0.8094,0.0357,0.858
10.675846531,0.2802,0.7974,0.0428,0.846
10.676074608,0.2788,0.7918,0.0469,0.841
10.676306108,0.2736,0.7815,0.0535,0.830
10.676545185,0.2719,0.7774,0.0584,0.826
10.678508262,0.2660,0.7688,0.0672,0.816
10.680303992,0.2590,0.7613,0.0757,0.808
10.696374416,0.2565,0.7573,0.0782,0.803
10.697099492,0.2504,0.7486,0.0836,0.794
10.6975023,0.2458,0.7410,0.0867,0.785
10.6978303,0.2421,0.7388,0.0884,0.782
10.698167992,0.2365,0.7332,0.0914,0.776
10.698578762,0.2299,0.7293,0.0906,0.770
10.698910608,0.2265,0.7231,0.0899,0.763
10.6992148,0.2213,0.7173,0.0892,0.756
10.699525569,0.2201,0.7144,0.0884,0.753
10.705493069,0.2165,0.7126,0.0897,0.750
10.706111031,0.2118,0.7092,0.0911,0.746
10.706438992,0.2096,0.7068,0.0916,0.743
10.706747108,0.2052,0.7043,0.0919,0.739
10.707721646,0.2016,0.7024,0.0921,0.737
10.709978416,0.1994,0.7016,0.0926,0.735
10.711968069,0.1937,0.7004,0.0931,0.733
10.714074492,0.1913,0.6994,0.0933,0.731
10.716619839,0.1874,0.6992,0.0919,0.730
10.7181178,0.1862,0.6999,0.0916,0.730
10.719845877,0.1849,0.7007,0.0926,0.731
10.721764339,0.1808,0.7029,0.0906,0.731
10.7237533,0.1781,0.7043,0.0870,0.732
10.725665069,0.1776,0.7056,0.0865,0.733
10.727973377,0.1739,0.7087,0.0855,0.735
10.729677416,0.1720,0.7112,0.0821,0.736
10.731892531,0.1710,0.7170,0.0799,0.741
10.733839762,0.1688,0.7231,0.0762,0.746
10.735756146,0.1693,0.7290,0.0755,0.752
10.737486262,0.1693,0.7368,0.0730,0.760
10.739509877,0.1715,0.7420,0.0728,0.765
10.741474069,0.1715,0.7459,0.0713,0.769
10.743423339,0.1725,0.7539,0.0696,0.777
10.745657146,0.1720,0.7615,0.0689,0.784
10.747433223,0.1735,0.7654,0.0694,0.788
10.750010877,0.1732,0.7742,0.0704,0.796
10.752075723,0.1742,0.7793,0.0706,0.802
10.753710492,0.1779,0.7898,0.0713,0.813
10.755516839,0.1786,0.7979,0.0752,0.821
10.757459762,0.1796,0.8018,0.0772,0.825
10.759409454,0.1820,0.8116,0.0814,0.836
10.761167377,0.1837,0.8206,0.0858,0.845
10.763362108,0.1849,0.8270,0.0872,0.852
10.765366185,0.1869,0.8372,0.0936,0.863
10.768090608,0.1876,0.8426,0.0970,0.869
10.769089685,0.1906,0.8519,0.1029,0.879
10.771019762,0.1964,0.8604,0.1087,0.889
10.772985146,0.1979,0.8653,0.1116,0.895
10.775181723,0.2016,0.8739,0.1165,0.904
10.777194608,0.2033,0.8824,0.1214,0.914
10.779154723,0.2050,0.8863,0.1241,0.918
10.781078415,0.2072,0.8959,0.1275,0.928
10.790640377,0.2084,0.8998,0.1309,0.933
10.791981492,0.2089,0.9076,0.1329,0.941
10.7928633,0.2111,0.9139,0.1346,0.948
10.793968762,0.2108,0.9191,0.1358,0.953
10.795138646,0.2111,0.9254,0.1351,0.959
10.796064839,0.2155,0.9323,0.1349,0.966
10.796989608,0.2167,0.9362,0.1351,0.970
10.7985518,0.2147,0.9450,0.1344,0.978
10.799792608,0.2155,0.9482,0.1319,0.981
10.811389685,0.2157,0.9535,0.1305,0.986
10.812934723,0.2160,0.9604,0.1290,0.993
10.814079954,0.2155,0.9623,0.1275,0.994
10.815209377,0.2111,0.9653,0.1256,0.996
10.816455608,0.2047,0.9682,0.1234,0.997
10.817902685,0.2025,0.9697,0.1234,0.998
10.8191318,0.1972,0.9714,0.1248,0.999
10.820248069,0.1898,0.9714,0.1236,0.997
10.821503146,0.1857,0.9709,0.1234,0.996
10.822456839,0.1788,0.9679,0.1244,0.992
10.823297723,0.1764,0.9675,0.1261,0.991
10.824052454,0.1700,0.9640,0.1278,0.987
10.824967492,0.1622,0.9606,0.1283,0.983
10.827793915,0.1603,0.9579,0.1285,0.980
10.828612992,0.1532,0.9513,0.1307,0.972
10.830673762,0.1478,0.9494,0.1331,0.970
10.835677492,0.1444,0.9435,0.1351,0.964
10.836482723,0.1366,0.9389,0.1380,0.959
10.836941223,0.1344,0.9372,0.1385,0.957
10.838375723,0.1297,0.9298,0.1417,0.949
10.840186877,0.1256,0.9235,0.1444,0.943
10.842375262,0.1239,0.9198,0.1446,0.939
10.844147608,0.1226,0.9135,0.1466,0.933
10.846480608,0.1226,0.9115,0.1468,0.931
10.848151339,0.1217,0.9052,0.1483,0.925
10.850677762,0.1236,0.9010,0.1468,0.921
10.8521258,0.1251,0.8998,0.1461,0.920
10.854130762,0.1302,0.8915,0.1456,0.913
10.8562543,0.1368,0.8876,0.1444,0.910
10.858523992,0.1410,0.8863,0.1432,0.909
10.860055454,0.1483,0.8805,0.1432,0.904
10.862066762,0.1522,0.8775,0.1427,0.902
10.863813531,0.1561,0.8714,0.1429,0.897
10.867644146,0.1617,0.8656,0.1449,0.892
10.869005685,0.1644,0.8634,0.1461,0.891
10.870089992,0.1700,0.8590,0.1459,0.888
10.871695954,0.1730,0.8553,0.1461,0.885
10.873545223,0.1749,0.8534,0.1471,0.883
10.875677685,0.1781,0.8497,0.1485,0.881
10.8777318,0.1796,0.8482,0.1498,0.880
10.879718531,0.1796,0.8443,0.1490,0.876
10.881575454,0.1786,0.8433,0.1478,0.875
10.891745762,0.1776,0.8433,0.1473,0.874
10.8932473,0.1779,0.8436,0.1478,0.875
10.894298338,0.1766,0.8446,0.1459,0.875
10.896042185,0.1764,0.8458,0.1432,0.876
10.897082685,0.1766,0.8490,0.1432,0.879
10.898231531,0.1788,0.8521,0.1417,0.882
10.899326954,0.1801,0.8590,0.1393,0.889
10.900427415,0.1830,0.8695,0.1375,0.899
10.901816992,0.1842,0.8744,0.1378,0.904
10.903160838,0.1869,0.8832,0.1378,0.913
10.904079531,0.1918,0.8939,0.1371,0.924
10.917532992,0.1942,0.9008,0.1373,0.932
10.919703685,0.1986,0.9147,0.1390,0.946
10.922943415,0.2020,0.9210,0.1417,0.954
10.924142069,0.2033,0.9357,0.1432,0.968
10.925459877,0.2064,0.9491,0.1476,0.982
10.926636877,0.2077,0.9562,0.1505,0.990
10.927592838,0.2094,0.9738,0.1549,1.008
10.928461954,0.2125,0.9882,0.1603,1.023
10.929646531,0.2147,0.9968,0.1627,1.033
10.930839069,0.2177,1.0117,0.1681,1.048
10.9320383,0.2182,1.0200,0.1713,1.057
10.933614646,0.2196,1.0329,0.1776,1.071
10.934804338,0.2240,1.0476,0.1827,1.087
10.936480838,0.2250,1.0552,0.1837,1.094
10.937512838,0.2284,1.0706,0.1857,1.110
10.938602569,0.2338,1.0855,0.1876,1.126
10.939774492,0.2340,1.0920,0.1884,1.133
10.940910646,0.2372,1.1050,0.1871,1.146
10.941798146,0.2389,1.1131,0.1864,1.154
10.943334223,0.2450,1.1265,0.1849,1.168
10.944194146,0.2494,1.1390,0.1835,1.180
10.946367877,0.2514,1.1458,0.1813,1.187
10.948231531,0.2585,1.1570,0.1747,1.198
10.950871415,0.2612,1.1636,0.1720,1.205
10.9523463,0.2653,1.1751,0.1652,1.216
10.9543723,0.2700,1.1861,0.1561,1.226
10.956686531,0.2717,1.1910,0.1520,1.231
10.9583498,0.2773,1.2010,0.1432,1.241
10.960133723,0.2814,1.2083,0.1353,1.248
10.962050338,0.2822,1.2118,0.1322,1.251
10.964180146,0.2841,1.2179,0.1244,1.257
10.970158069,0.2832,1.2196,0.1204,1.258
10.970737146,0.2829,1.2235,0.1136,1.261
10.970974992,0.2812,1.2279,0.1065,1.264
10.972081146,0.2788,1.2293,0.1046,1.265
10.978040685,0.2736,1.2298,0.0970,1.264
10.978317531,0.2695,1.2303,0.0928,1.263
10.9785463,0.2663,1.2298,0.0916,1.262
10.979959608,0.2619,1.2303,0.0875,1.261
10.981816492,0.2612,1.2308,0.0860,1.261
10.995842454,0.2604,1.2303,0.0853,1.260
10.997326569,0.2624,1.2301,0.0823,1.260
10.998406992,0.2641,1.2301,0.0823,1.261
11.0009353,0.2700,1.2311,0.0860,1.263
11.002560223,0.2748,1.2308,0.0860,1.264
11.003920838,0.2788,1.2320,0.0855,1.266
11.005019838,0.2895,1.2355,0.0858,1.272
11.006145454,0.2971,1.2372,0.0858,1.275
11.007137723,0.3134,1.2445,0.0870,1.286
11.008066223,0.3308,1.2526,0.0901,1.299
11.008857069,0.3408,1.2587,0.0909,1.307
11.010124146,0.3638,1.2726,0.0894,1.327
11.011036031,0.3843,1.2870,0.0909,1.346
11.012210992,0.3943,1.2936,0.0921,1.355
11.013000223,0.4151,1.3080,0.0972,1.376
11.0142058,0.4261,1.3149,0.1009,1.386
11.017418454,0.4446,1.3276,0.1075,1.404
11.019163608,0.4617,1.3386,0.1175,1.421
11.020453261,0.4681,1.3425,0.1226,1.427
11.021525069,0.4798,1.3500,0.1329,1.439
11.022918915,0.4837,1.3517,0.1380,1.442
11.024902954,0.4908,1.3535,0.1480,1.447
11.026863492,0.4952,1.3510,0.1571,1.447
11.028738223,0.4959,1.3488,0.1625,1.446
11.030838492,0.4969,1.3405,0.1705,1.440
11.035084608,0.4915,1.3278,0.1776,1.427
11.035601261,0.4891,1.3190,0.1798,1.418
11.036972108,0.4813,1.2987,0.1825,1.397
11.038676838,0.4759,1.2865,0.1832,1.384
11.040692223,0.4632,1.2621,0.1830,1.357
11.042691992,0.4466,1.2362,0.1827,1.327
11.044415646,0.4383,1.2220,0.1801,1.311
11.046506261,0.4202,1.1993,0.1759,1.283
11.048485454,0.4033,1.1878,0.1730,1.266
11.050768531,0.3965,1.1685,0.1664,1.245
11.052630569,0.3853,1.1517,0.1559,1.224
11.054460877,0.3809,1.1431,0.1512,1.214
11.056601492,0.3738,1.1270,0.1415,1.196
11.058635454,0.3677,1.1126,0.1312,1.179
11.060331608,0.3672,1.1057,0.1273,1.172
11.062422108,0.3655,1.0955,0.1180,1.161
11.064672761,0.3643,1.0889,0.1068,1.153
11.075421761,0.3623,1.0759,0.1016,1.140
11.077478185,0.3594,1.0640,0.0872,1.126
11.078751954,0.3579,1.0588,0.0799,1.121
11.079723877,0.3535,1.0464,0.0652,1.106
11.080595992,0.3511,1.0322,0.0508,1.091
11.081498569,0.3496,1.0254,0.0445,1.084
11.082479531,0.3445,1.0087,0.0303,1.066
11.083309108,0.3393,0.9931,0.0129,1.050
11.084409877,0.3374,0.9843,0.0024,1.041
11.085171377,0.3362,0.9662,-0.0195,1.023
11.086522261,0.3349,0.9562,-0.0305,1.014
11.097957069,0.3384,0.9364,-0.0557,0.997
11.099508184,0.3406,0.9169,-0.0789,0.981
11.100468184,0.3411,0.9066,-0.0916,0.973
11.101677492,0.3433,0.8868,-0.1170,0.958
11.102864377,0.3459,0.8700,-0.1395,0.947
11.104071608,0.3479,0.8626,-0.1495,0.942
11.104973184,0.3520,0.8453,-0.1661,0.931
11.106142108,0.3538,0.8380,-0.1722,0.926
11.107257338,0.3589,0.8240,-0.1867,0.918
11.108128838,0.3647,0.8104,-0.1967,0.910
11.109134031,0.3677,0.8040,-0.2013,0.907
11.110334531,0.3745,0.7923,-0.2081,0.901
11.112295915,0.3831,0.7808,-0.2165,0.896
11.113830646,0.3862,0.7766,-0.2187,0.895
11.115658608,0.3938,0.7691,-0.2265,0.893
11.125123108,0.3958,0.7661,-0.2309,0.893
11.126813454,0.3997,0.7625,-0.2360,0.893
11.128068838,0.3987,0.7615,-0.2394,0.892
11.128868838,0.3987,0.7605,-0.2406,0.892
11.130079569,0.3980,0.7617,-0.2426,0.893
11.130908108,0.3943,0.7630,-0.2465,0.894
11.132044915,0.3914,0.7647,-0.2465,0.894
11.133221415,0.3848,0.7710,-0.2436,0.895
11.135579954,0.3816,0.7737,-0.2426,0.896
11.136598223,0.3723,0.7815,-0.2367,0.897
11.137918223,0.3635,0.7898,-0.2306,0.900
11.139745377,0.3577,0.7938,-0.2277,0.900
11.141717531,0.3437,0.8016,-0.2145,0.898
11.143571608,0.3332,0.8096,-0.2028,0.899
11.145651031,0.3283,0.8153,-0.1952,0.900
11.147432184,0.3174,0.8231,-0.1761,0.900
11.149491377,0.3117,0.8260,-0.1666,0.898
11.152346838,0.3005,0.8319,-0.1461,0.896
11.154105223,0.2917,0.8399,-0.1217,0.897
11.155453261,0.2880,0.8436,-0.1090,0.898
11.157482915,0.2805,0.8514,-0.0858,0.901
11.159285723,0.2746,0.8602,-0.0603,0.905
11.161500723,0.2712,0.8648,-0.0472,0.908
11.163205992,0.2665,0.8727,-0.0242,0.913
11.165150377,0.2643,0.8775,-0.0125,0.917
11.168124838,0.2609,0.8888,0.0098,0.926
11.170176838,0.2585,0.9010,0.0276,0.938
11.1713768,0.2577,0.9074,0.0362,0.944
11.172952992,0.2548,0.9218,0.0493,0.958
11.175009992,0.2524,0.9342,0.0628,0.970
11.176891338,0.2536,0.9396,0.0682,0.976
11.179195838,0.2555,0.9526,0.0740,0.989
11.1811008,0.2592,0.9589,0.0774,0.996
11.187490492,0.2614,0.9701,0.0779,1.008
11.188073761,0.2687,0.9841,0.0735,1.023
11.188328223,0.2722,0.9899,0.0716,1.029
11.1888198,0.2773,0.9997,0.0652,1.039
11.193797031,0.2832,1.0105,0.0569,1.051
11.194050646,0.2861,1.0151,0.0518,1.056
11.194777761,0.2915,1.0227,0.0420,1.064
11.196524454,0.2983,1.0288,0.0320,1.072
11.198613223,0.2995,1.0327,0.0257,1.076
11.212738415,0.3046,1.0385,0.0134,1.082
11.2142788,0.3059,1.0405,0.0081,1.085
11.215144069,0.3093,1.0415,-0.0044,1.086
11.216053761,0.3122,1.0417,-0.0154,1.088
11.217173915,0.3127,1.0415,-0.0215,1.088
11.218407992,0.3115,1.0422,-0.0335,1.088
11.219612338,0.3142,1.0398,-0.0423,1.087
11.220676684,0.3137,1.0366,-0.0452,1.084
11.221546607,0.3127,1.0319,-0.0525,1.080
11.222390223,0.3103,1.0261,-0.0601,1.074
11.2232288,0.3100,1.0232,-0.0625,1.071
11.223907915,0.3081,1.0166,-0.0662,1.064
11.224812069,0.3066,1.0131,-0.0682,1.061
11.227409646,0.3027,1.0034,-0.0689,1.050
11.228841261,0.3010,0.9963,-0.0691,1.043
11.230503723,0.3000,0.9926,-0.0689,1.039
11.232410915,0.2973,0.9831,-0.0677,1.029
11.236313377,0.2929,0.9738,-0.0662,1.019
11.237978838,0.2902,0.9689,-0.0657,1.014
11.239474992,0.2888,0.9599,-0.0623,1.004
11.240597338,0.2883,0.9555,-0.0601,1.000
11.242261146,0.2868,0.9457,-0.0545,0.990
11.244169684,0.2844,0.9357,-0.0503,0.979
11.246205838,0.2827,0.9315,-0.0474,0.975
11.247947377,0.2829,0.9213,-0.0425,0.965
11.252451492,0.2827,0.9110,-0.0369,0.955
11.254184492,0.2822,0.9059,-0.0327,0.949
11.255243954,0.2805,0.8942,-0.0274,0.938
11.256276877,0.2797,0.8876,-0.0252,0.931
11.258111915,0.2768,0.8771,-0.0213,0.920
11.259833838,0.2753,0.8651,-0.0186,0.908
11.261984184,0.2739,0.8587,-0.0161,0.901
11.263910415,0.2744,0.8463,-0.0088,0.890
11.265672954,0.2746,0.8399,-0.0068,0.884
11.269117607,0.2739,0.8272,-0.0034,0.871
11.270742377,0.2739,0.8148,0.0002,0.860
11.271912492,0.2734,0.8091,0.0022,0.854
11.2736488,0.2731,0.7979,0.0061,0.843
11.275738992,0.2756,0.7840,0.0117,0.831
11.277655069,0.2766,0.7784,0.0142,0.826
11.2809688,0.2768,0.7664,0.0191,0.815
11.282231338,0.2753,0.7547,0.0247,0.804
11.293648031,0.2751,0.7500,0.0271,0.799
11.295287607,0.2780,0.7402,0.0315,0.791
11.296362954,0.2763,0.7349,0.0332,0.786
11.297605454,0.2775,0.7236,0.0381,0.776
11.298697377,0.2814,0.7153,0.0435,0.770
11.299827069,0.2824,0.7107,0.0464,0.766
11.300857146,0.2844,0.7009,0.0503,0.758
11.301920146,0.2853,0.6943,0.0564,0.753
11.302246492,0.2858,0.6904,0.0599,0.750
11.302484992,0.2863,0.6867,0.0628,0.747
11.317695377,0.2868,0.6845,0.0652,0.745
11.318496184,0.2873,0.6792,0.0687,0.741
11.318782838,0.2883,0.6762,0.0706,0.739
11.319029261,0.2878,0.6755,0.0723,0.738
11.319272069,0.2893,0.6740,0.0735,0.737
11.31950803,0.2917,0.6714,0.0774,0.736
11.319752838,0.2924,0.6701,0.0799,0.736
11.319969492,0.2946,0.6682,0.0809,0.735
11.320202069,0.2966,0.6687,0.0814,0.736
11.320622223,0.3005,0.6677,0.0845,0.737
11.322846646,0.3015,0.6687,0.0833,0.738
11.324725607,0.3020,0.6677,0.0826,0.737
11.326938492,0.3022,0.6684,0.0814,0.738
11.328943261,0.3027,0.6711,0.0823,0.741
11.331011184,0.3020,0.6743,0.0840,0.744
11.332789107,0.3015,0.6799,0.0809,0.748
11.335674223,0.3012,0.6826,0.0787,0.750
11.336647377,0.3000,0.6894,0.0762,0.756
11.338775954,0.2985,0.6965,0.0745,0.761
11.340513684,0.2973,0.6997,0.0733,0.764
11.342625261,0.2944,0.7087,0.0711,0.771
11.344796915,0.2927,0.7124,0.0696,0.773
11.346925646,0.2907,0.7219,0.0647,0.781
11.348603646,0.2875,0.7317,0.0589,0.788
11.3516203,0.2861,0.7371,0.0562,0.793
11.353607261,0.2824,0.7481,0.0513,0.801
11.354583223,0.2810,0.7539,0.0484,0.806
11.35702203,0.2792,0.7635,0.0440,0.814
11.3583733,0.2795,0.7742,0.0366,0.824
11.36036153,0.2792,0.7801,0.0335,0.829
11.362348069,0.2785,0.7930,0.0303,0.841
11.364120992,0.2753,0.8043,0.0281,0.851
11.366389377,0.2734,0.8101,0.0279,0.855
11.369679761,0.2719,0.8216,0.0264,0.866
11.372260338,0.2704,0.8282,0.0249,0.872
11.373502723,0.2682,0.8399,0.0252,0.882
11.374613915,0.2651,0.8524,0.0269,0.893
11.376155377,0.2641,0.8580,0.0261,0.898
11.378259492,0.2607,0.8695,0.0249,0.908
11.380313146,0.2590,0.8788,0.0259,0.916
11.382167184,0.2580,0.8822,0.0254,0.919
11.393921454,0.2548,0.8917,0.0257,0.928
11.395594684,0.2538,0.8995,0.0249,0.935
11.396811646,0.2536,0.9039,0.0242,0.939
11.398188877,0.2551,0.9118,0.0222,0.947
11.399329838,0.2568,0.9139,0.0230,0.950
11.40051003,0.2590,0.9186,0.0215,0.955
11.402041761,0.2609,0.9259,0.0210,0.962
11.417976377,0.2634,0.9281,0.0220,0.965
11.4195553,0.2663,0.9328,0.0198,0.970
11.420690184,0.2692,0.9340,0.0188,0.972
11.421908992,0.2714,0.9367,0.0183,0.975
11.422754223,0.2758,0.9396,0.0230,0.980
11.4239543,0.2792,0.9413,0.0232,0.982
11.42493503,0.2836,0.9408,0.0269,0.983
11.426161069,0.2893,0.9389,0.0325,0.983
11.427192415,0.2915,0.9381,0.0349,0.983
11.427975338,0.2934,0.9352,0.0406,0.981
11.428667992,0.2998,0.9318,0.0484,0.980
11.429758492,0.3025,0.9301,0.0528,0.979
11.430475761,0.3054,0.9274,0.0603,0.978
11.431413069,0.3073,0.9252,0.0652,0.977
11.4321453,0.3117,0.9205,0.0721,0.975
11.432924838,0.3147,0.9166,0.0811,0.973
11.43419203,0.3147,0.9144,0.0858,0.971
11.435361107,0.3154,0.9088,0.0936,0.967
11.436345761,0.3161,0.9071,0.1007,0.966
11.437488992,0.3166,0.9059,0.1053,0.965
11.438246069,0.3164,0.9039,0.1160,0.965
11.44061553,0.3164,0.9030,0.1197,0.964
11.441208607,0.3159,0.9008,0.1266,0.963
11.442998261,0.3156,0.8998,0.1351,0.963
11.444834338,0.3152,0.9003,0.1397,0.964
11.446834492,0.3142,0.8983,0.1476,0.963
11.448719338,0.3154,0.8964,0.1551,0.963
11.451448838,0.3134,0.8976,0.1598,0.964
11.452816107,0.3137,0.8978,0.1661,0.965
11.454791646,0.3139,0.8971,0.1698,0.965
11.456788838,0.3132,0.8961,0.1796,0.966
11.458903761,0.3142,0.8937,0.1849,0.965
11.460652915,0.3132,0.8939,0.1869,0.965
11.462690877,0.3117,0.8929,0.1918,0.965
11.464553607,0.3090,0.8925,0.1972,0.965
11.466575684,0.3090,0.8934,0.1991,0.966
11.468656953,0.3076,0.8920,0.2033,0.965
11.470602877,0.3059,0.8915,0.2055,0.965
11.472168146,0.3039,0.8932,0.2050,0.965
11.474395646,0.3003,0.8937,0.2055,0.965
11.4762003,0.2981,0.8939,0.2047,0.964
11.478370915,0.2961,0.8954,0.2045,0.965
11.480017107,0.2951,0.8976,0.2047,0.967
11.482081838,0.2929,0.8990,0.2055,0.968
11.484461953,0.2897,0.9022,0.2033,0.969
11.493051069,0.2871,0.9047,0.2023,0.970
11.494134953,0.2841,0.9088,0.1986,0.973
11.494815146,0.2822,0.9152,0.1959,0.978
11.495415992,0.2807,0.9191,0.1935,0.980
11.496092223,0.2775,0.9262,0.1906,0.985
11.496752415,0.2768,0.9308,0.1884,0.989
11.498210761,0.2736,0.9396,0.1820,0.995
11.500086069,0.2702,0.9477,0.1757,1.001
11.5155868,0.2673,0.9516,0.1732,1.003
11.516827877,0.2648,0.9643,0.1676,1.014
11.518007069,0.2617,0.9758,0.1632,1.023
11.518972415,0.2604,0.9814,0.1610,1.028
11.520031569,0.2568,0.9926,0.1588,1.038
11.520963415,0.2568,0.9992,0.1576,1.044
11.522130761,0.2538,1.0126,0.1539,1.055
11.523320338,0.2514,1.0263,0.1507,1.067
11.524399953,0.2499,1.0319,0.1493,1.072
11.525138338,0.2489,1.0449,0.1461,1.084
11.526180184,0.2494,1.0581,0.1439,1.097
11.526901877,0.2499,1.0630,0.1429,1.101
11.527687646,0.2511,1.0764,0.1444,1.115
11.528553146,0.2521,1.0835,0.1451,1.122
11.53099803,0.2543,1.0955,0.1478,1.134
11.5324473,0.2577,1.1050,0.1505,1.145
11.539633992,0.2612,1.1096,0.1522,1.150
11.541101261,0.2658,1.1201,0.1568,1.162
11.54234703,0.2734,1.1258,0.1644,1.170
11.543514838,0.2770,1.1285,0.1676,1.174
11.544397915,0.2858,1.1333,0.1739,1.182
11.545377184,0.2907,1.1343,0.1776,1.184
11.546282415,0.3027,1.1355,0.1835,1.189
11.547282146,0.3156,1.1372,0.1937,1.196
11.549407184,0.3218,1.1377,0.1991,1.199
11.552602646,0.3354,1.1363,0.2074,1.203
11.554486915,0.3479,1.1346,0.2157,1.206
11.555848761,0.3540,1.1319,0.2206,1.206
11.557108646,0.3655,1.1299,0.2301,1.210
11.559229838,0.3706,1.1272,0.2343,1.210
11.5611708,0.3853,1.1233,0.2446,1.212
11.563251415,0.3968,1.1179,0.2553,1.213
11.565005723,0.4019,1.1162,0.2592,1.214
11.568892492,0.4097,1.1118,0.2678,1.215
11.570540953,0.4161,1.1074,0.2783,1.215
11.5717003,0.4180,1.1065,0.2817,1.216
11.573199723,0.4195,1.1026,0.2880,1.214
11.575064876,0.4200,1.1011,0.2917,1.214
11.576861723,0.4178,1.0989,0.2973,1.213
11.579097184,0.4143,1.0972,0.3007,1.211
11.580905146,0.4129,1.0962,0.3017,1.210
11.582741376,0.4060,1.0969,0.3025,1.208
11.592357569,0.3982,1.0974,0.3042,1.206
11.594028953,0.3938,1.0982,0.3027,1.205
11.595252338,0.3821,1.0996,0.2995,1.202
11.596288492,0.3704,1.1021,0.2968,1.200
11.597222415,0.3623,1.1072,0.2893,1.200
11.598260761,0.3474,1.1153,0.2795,1.201
11.614138146,0.3389,1.1221,0.2753,1.204
11.615635453,0.3210,1.1350,0.2629,1.209
11.616600761,0.3056,1.1504,0.2465,1.216
11.617893184,0.2990,1.1587,0.2394,1.220
11.61915253,0.2861,1.1763,0.2223,1.231
11.620353453,0.2783,1.1973,0.2062,1.246
11.621497107,0.2768,1.2079,0.2001,1.255
11.6226413,0.2775,1.2274,0.1854,1.272
11.623466415,0.2775,1.2374,0.1798,1.281
11.624273646,0.2778,1.2538,0.1698,1.295
11.625107415,0.2751,1.2723,0.1608,1.312
11.626172953,0.2751,1.2804,0.1603,1.319
11.627154453,0.2722,1.2934,0.1595,1.331
11.6279983,0.2697,1.3039,0.1644,1.342
11.628952684,0.2682,1.3063,0.1676,1.344
11.629986069,0.2629,1.3078,0.1764,1.346
11.630924492,0.2612,1.3068,0.1818,1.345
11.631735261,0.2592,1.3014,0.1925,1.341
11.632790146,0.2577,1.2926,0.2064,1.334
11.635768646,0.2573,1.2868,0.2128,1.329
11.637445992,0.2553,1.2701,0.2253,1.315
11.638568107,0.2536,1.2596,0.2392,1.307
11.640113453,0.2526,1.2362,0.2465,1.286
11.642079646,0.2519,1.2122,0.2602,1.265
11.643976799,0.2526,1.1976,0.2660,1.253
11.645959761,0.2504,1.1710,0.2766,1.229
11.648039761,0.2487,1.1426,0.2890,1.205
11.650005684,0.2463,1.1275,0.2951,1.191
11.65271103,0.2419,1.1006,0.3051,1.167
11.65436553,0.2397,1.0886,0.3100,1.157
11.655808492,0.2321,1.0654,0.3156,1.135
11.658019492,0.2213,1.0454,0.3166,1.114
11.659697915,0.2160,1.0363,0.3132,1.104
11.661857069,0.2047,1.0212,0.3017,1.084
11.663777492,0.1967,1.0061,0.2841,1.064
11.665802107,0.1923,0.9992,0.2736,1.054
11.668866838,0.1840,0.9887,0.2485,1.036
11.670490799,0.1805,0.9841,0.2353,1.028
11.671628799,0.1735,0.9743,0.2067,1.011
11.673525992,0.1656,0.9648,0.1757,0.995
11.675499338,0.1622,0.9599,0.1588,0.986
11.677522646,0.1573,0.9496,0.1270,0.971
11.679699492,0.1534,0.9430,0.0977,0.960
11.681574723,0.1524,0.9391,0.0823,0.955
11.683485223,0.1507,0.9308,0.0533,0.944
11.692523838,0.1507,0.9279,0.0401,0.941
11.693874646,0.1485,0.9220,0.0125,0.934
11.694182569,0.1461,0.9157,-0.0129,0.927
11.694414261,0.1454,0.9115,-0.0244,0.923
11.694649569,0.1439,0.9047,-0.0489,0.917
11.699504761,0.1415,0.8978,-0.0716,0.912
11.699762338,0.1405,0.8929,-0.0845,0.908
11.700012261,0.1393,0.8863,-0.1073,0.904
11.718073376,0.1388,0.8822,-0.1175,0.901
11.719927492,0.1358,0.8741,-0.1393,0.896
11.721562646,0.1363,0.8670,-0.1583,0.892
11.722444453,0.1353,0.8639,-0.1673,0.890
11.723621953,0.1324,0.8563,-0.1852,0.886
11.724974876,0.1314,0.8487,-0.2023,0.882
11.726423646,0.1317,0.8448,-0.2094,0.880
11.727472223,0.1283,0.8367,-0.2199,0.875
11.728270953,0.1270,0.8336,-0.2250,0.873
11.72963153,0.1266,0.8289,-0.2323,0.870
11.730508569,0.1244,0.8238,-0.2362,0.866
11.731476799,0.1241,0.8233,-0.2372,0.866
11.732242453,0.1219,0.8209,-0.2345,0.862
11.733238453,0.1180,0.8192,-0.2289,0.859
11.73483753,0.1168,0.8204,-0.2255,0.859
11.735916646,0.1124,0.8221,-0.2162,0.857
11.737127569,0.1112,0.8231,-0.2106,0.857
11.738087492,0.1102,0.8280,-0.1957,0.858
11.739021184,0.1116,0.8314,-0.1783,0.858
11.739738299,0.1114,0.8343,-0.1688,0.858
11.740890299,0.1087,0.8392,-0.1488,0.859
11.743218415,0.1092,0.8473,-0.1302,0.864
11.744283876,0.1099,0.8507,-0.1197,0.866
11.746525376,0.1085,0.8582,-0.0970,0.870
11.748244761,0.1104,0.8622,-0.0855,0.873
11.750565222,0.1116,0.8714,-0.0638,0.881
11.753266684,0.1104,0.8839,-0.0425,0.892
11.754407838,0.1094,0.8893,-0.0305,0.897
11.756266761,0.1094,0.8998,-0.0110,0.906
11.758422453,0.1109,0.9118,0.0086,0.919
11.760235876,0.1104,0.9186,0.0173,0.925
11.762256684,0.1090,0.9306,0.0313,0.937
11.764233184,0.1097,0.9369,0.0430,0.944
11.766318492,0.1119,0.9506,0.0467,0.958
11.771162453,0.1173,0.9621,0.0525,0.971
11.771724107,0.1212,0.9679,0.0542,0.977
11.772256453,0.1285,0.9777,0.0577,0.988
11.774421222,0.1375,0.9860,0.0569,0.997
11.776175761,0.1427,0.9907,0.0572,1.003
11.778104261,0.1527,0.9987,0.0533,1.012
11.779943799,0.1642,1.0083,0.0496,1.023
11.782155069,0.1693,1.0126,0.0472,1.028
11.784080146,0.1810,1.0200,0.0442,1.037
11.801664069,0.1881,1.0227,0.0415,1.041
11.803176569,0.2023,1.0285,0.0364,1.049
11.804262107,0.2155,1.0324,0.0293,1.055
11.805144722,0.2213,1.0332,0.0274,1.057
11.806614569,0.2370,1.0337,0.0210,1.061
11.808095876,0.2526,1.0349,0.0129,1.065
11.809460376,0.2604,1.0354,0.0090,1.068
11.810445684,0.2736,1.0354,0.0002,1.071
11.811249992,0.2863,1.0363,-0.0100,1.075
11.81223903,0.2907,1.0366,-0.0147,1.077
11.813104876,0.3000,1.0373,-0.0244,1.080
11.814273492,0.3029,1.0376,-0.0303,1.081
11.815035184,0.3076,1.0383,-0.0418,1.084
11.816320376,0.3125,1.0410,-0.0523,1.088
11.817948722,0.3149,1.0415,-0.0579,1.090
11.819060607,0.3196,1.0417,-0.0672,1.092
11.820207876,0.3225,1.0407,-0.0716,1.092
11.821564222,0.3249,1.0385,-0.0784,1.091
11.822805722,0.3257,1.0381,-0.0831,1.091
11.823996261,0.3254,1.0373,-0.0865,1.091
11.82816353,0.3237,1.0329,-0.0877,1.086
11.829980722,0.3249,1.0315,-0.0875,1.085
11.830900299,0.3242,1.0251,-0.0858,1.079
11.832133992,0.3247,1.0163,-0.0828,1.070
11.834116376,0.3240,1.0129,-0.0794,1.066
11.835094684,0.3220,1.0053,-0.0711,1.058
11.837160453,0.3237,0.9938,-0.0606,1.047
11.839413992,0.3225,0.9877,-0.0542,1.040
11.84106653,0.3227,0.9748,-0.0398,1.028
11.843398146,0.3213,0.9604,-0.0215,1.013
11.845403992,0.3210,0.9538,-0.0115,1.006
11.847604799,0.3198,0.9398,0.0103,0.993
11.849178184,0.3191,0.9333,0.0213,0.987
11.853321838,0.3147,0.9181,0.0398,0.971
11.854162299,0.3098,0.9034,0.0601,0.957
11.855501376,0.3076,0.8961,0.0706,0.950
11.856855069,0.3010,0.8824,0.0923,0.937
11.859037645,0.2937,0.8692,0.1129,0.924
11.861264645,0.2907,0.8644,0.1224,0.920
11.863533338,0.2819,0.8531,0.1393,0.909
11.864890569,0.2773,0.8475,0.1485,0.904
11.867496415,0.2697,0.8363,0.1678,0.895
11.870688107,0.2609,0.8238,0.1842,0.884
11.872143453,0.2560,0.8187,0.1908,0.879
11.872605992,0.2472,0.8101,0.2035,0.871
11.875213645,0.2367,0.8057,0.2140,0.867
11.876829453,0.2321,0.7974,0.2174,0.858
11.879155838,0.2240,0.7876,0.2211,0.848
11.880479261,0.2187,0.7842,0.2235,0.844
11.88305503,0.2081,0.7771,0.2250,0.835
11.890621645,0.1989,0.7691,0.2228,0.825
11.891481838,0.1940,0.7654,0.2223,0.820
11.891860607,0.1813,0.7581,0.2169,0.809
11.892176415,0.1693,0.7498,0.2113,0.797
11.892477107,0.1649,0.7464,0.2074,0.792
11.894602376,0.1576,0.7405,0.1972,0.782
11.896455645,0.1524,0.7380,0.1910,0.777
11.898277069,0.1424,0.7337,0.1774,0.768
11.900384184,0.1346,0.7273,0.1644,0.758
11.91929403,0.1317,0.7256,0.1578,0.754
11.921176569,0.1234,0.7222,0.1454,0.747
11.922341838,0.1163,0.7202,0.1395,0.743
11.923174069,0.1143,0.7175,0.1270,0.738
11.924091338,0.1102,0.7163,0.1141,0.734
11.925148992,0.1087,0.7146,0.1065,0.731
11.926230915,0.1063,0.7117,0.0926,0.725
11.927451915,0.1058,0.7114,0.0809,0.724
11.928477799,0.1058,0.7124,0.0745,0.724
11.929230876,0.1043,0.7117,0.0650,0.722
11.930256261,0.1053,0.7129,0.0601,0.723
11.930950415,0.1058,0.7156,0.0501,0.725
11.931752453,0.1107,0.7166,0.0418,0.726
11.932575338,0.1134,0.7166,0.0381,0.726
11.933370607,0.1192,0.7212,0.0315,0.732
11.935756299,0.1251,0.7261,0.0288,0.737
11.937365645,0.1275,0.7275,0.0274,0.739
11.938803415,0.1324,0.7334,0.0266,0.746
11.940206107,0.1346,0.7351,0.0249,0.748
11.941556569,0.1397,0.7395,0.0237,0.753
11.942958145,0.1441,0.7471,0.0247,0.761
11.944306876,0.1468,0.7505,0.0254,0.765
11.94587803,0.1527,0.7566,0.0261,0.772
11.949119799,0.1576,0.7608,0.0315,0.778
11.950029607,0.1598,0.7696,0.0349,0.787
11.959589838,0.1654,0.7796,0.0413,0.798
11.961492722,0.1678,0.7835,0.0454,0.803
11.961912299,0.1725,0.7918,0.0525,0.812
11.962264453,0.1776,0.8040,0.0616,0.826
11.962541838,0.1791,0.8101,0.0652,0.832
11.962847492,0.1852,0.8214,0.0745,0.845
11.963362992,0.1886,0.8275,0.0796,0.852
11.964910068,0.1920,0.8394,0.0875,0.866
11.967050222,0.1989,0.8529,0.0960,0.881
11.971791261,0.2028,0.8585,0.1014,0.888
11.972366222,0.2086,0.8717,0.1126,0.903
11.972809953,0.2145,0.8859,0.1234,0.920
11.974904876,0.2174,0.8932,0.1295,0.928
11.976892107,0.2233,0.9059,0.1402,0.943
11.978725799,0.2255,0.9135,0.1451,0.952
11.980726145,0.2314,0.9271,0.1551,0.968
11.982726338,0.2358,0.9411,0.1639,0.984
11.993668799,0.2380,0.9472,0.1669,0.991
11.994158876,0.2411,0.9579,0.1727,1.003
11.994401453,0.2450,0.9714,0.1791,1.018
11.99462903,0.2472,0.9782,0.1832,1.025
11.994862261,0.2494,0.9890,0.1879,1.037
11.995097299,0.2516,0.9951,0.1891,1.044
11.996410299,0.2536,1.0058,0.1937,1.055
11.99827553,0.2536,1.0161,0.1947,1.065
12.000347915,0.2524,1.0197,0.1957,1.069
12.002486992,0.2467,1.0290,0.1959,1.076
12.004435607,0.2450,1.0332,0.1952,1.080
12.006382684,0.2436,1.0405,0.1962,1.086
12.008325145,0.2387,1.0451,0.1967,1.090
12.010523876,0.2375,1.0476,0.1959,1.092
12.012235838,0.2336,1.0517,0.1903,1.094
12.014854953,0.2267,1.0537,0.1879,1.094
12.016069838,0.2231,1.0537,0.1869,1.093
12.020049799,0.2169,1.0542,0.1815,1.091
12.020639953,0.2125,1.0530,0.1754,1.088
12.022250568,0.2096,1.0515,0.1727,1.086
12.024115415,0.2028,1.0483,0.1669,1.081
12.026243876,0.1994,1.0464,0.1632,1.078
12.028134453,0.1923,1.0405,0.1578,1.070
12.030059376,0.1857,1.0373,0.1500,1.064
12.031996299,0.1830,1.0344,0.1463,1.061
12.034482261,0.1781,1.0283,0.1383,1.053
12.038026338,0.1730,1.0219,0.1312,1.045
12.039571799,0.1700,1.0197,0.1268,1.042
12.040585645,0.1632,1.0139,0.1229,1.034
12.042008492,0.1612,1.0102,0.1207,1.030
12.044065799,0.1559,1.0043,0.1151,1.023
12.045760184,0.1532,0.9992,0.1109,1.017
12.047817453,0.1507,0.9973,0.1087,1.014
12.05016103,0.1456,0.9899,0.1060,1.006
12.053194376,0.1422,0.9836,0.1046,0.999
12.054747145,0.1407,0.9802,0.1011,0.995
12.056184876,0.1407,0.9728,0.0967,0.988
12.057796299,0.1410,0.9679,0.0931,0.983
12.059690068,0.1419,0.9599,0.0875,0.974
12.066417145,0.1466,0.9508,0.0831,0.966
12.067702222,0.1478,0.9472,0.0777,0.962
12.06904503,0.1502,0.9389,0.0684,0.953
12.07062703,0.1537,0.9298,0.0589,0.944
12.071975607,0.1561,0.9245,0.0535,0.939
12.073989415,0.1617,0.9149,0.0423,0.930
12.074976261,0.1642,0.9100,0.0310,0.925
12.076220376,0.1664,0.9003,0.0252,0.916
12.079487415,0.1710,0.8922,0.0107,0.909
12.08111753,0.1737,0.8883,0.0051,0.905
12.082509376,0.1801,0.8802,-0.0071,0.898
12.083862722,0.1849,0.8741,-0.0171,0.894
12.095740145,0.1874,0.8719,-0.0220,0.892
12.096569299,0.1913,0.8668,-0.0276,0.888
12.097013953,0.1967,0.8631,-0.0332,0.886
12.097525376,0.2001,0.8614,-0.0366,0.885
12.09792553,0.2042,0.8600,-0.0425,0.885
12.098346838,0.2047,0.8595,-0.0437,0.885
12.120689299,0.2079,0.8619,-0.0454,0.888
12.122941184,0.2099,0.8651,-0.0420,0.891
12.124167222,0.2106,0.8678,-0.0398,0.894
12.125704915,0.2113,0.8749,-0.0357,0.901
12.127582261,0.2108,0.8819,-0.0264,0.907
12.129223453,0.2121,0.8868,-0.0213,0.912
12.130885684,0.2150,0.8976,-0.0059,0.923
12.13225503,0.2155,0.9032,0.0022,0.929
12.133637915,0.2152,0.9130,0.0181,0.938
12.134966107,0.2165,0.9254,0.0374,0.951
12.13627403,0.2160,0.9323,0.0472,0.958
12.137984184,0.2160,0.9445,0.0665,0.971
12.139097722,0.2165,0.9562,0.0884,0.984
12.139869722,0.2172,0.9638,0.1002,0.993
12.140951991,0.2187,0.9770,0.1236,1.009
12.142122684,0.2199,0.9833,0.1356,1.017
12.143071568,0.2211,0.9990,0.1590,1.035
12.143794799,0.2240,1.0134,0.1825,1.054
12.144758953,0.2260,1.0210,0.1940,1.064
12.145975107,0.2262,1.0341,0.2155,1.080
12.146516915,0.2299,1.0493,0.2360,1.100
12.146932453,0.2306,1.0566,0.2448,1.109
12.147316453,0.2299,1.0691,0.2614,1.124
12.147671607,0.2304,1.0752,0.2682,1.132
12.148037107,0.2314,1.0889,0.2836,1.149
12.14840303,0.2321,1.1021,0.2939,1.164
12.148784876,0.2326,1.1089,0.2978,1.172
12.151610568,0.2340,1.1226,0.3059,1.187
12.153487915,0.2316,1.1287,0.3090,1.193
12.154638376,0.2306,1.1368,0.3120,1.201
12.156536915,0.2296,1.1473,0.3110,1.211
12.158592184,0.2301,1.1517,0.3108,1.215
12.160606568,0.2314,1.1602,0.3049,1.222
12.162875799,0.2301,1.1688,0.2981,1.228
12.164272107,0.2301,1.1732,0.2934,1.231
12.166468645,0.2284,1.1810,0.2839,1.236
12.168240184,0.2279,1.1829,0.2778,1.236
12.171354415,0.2289,1.1881,0.2629,1.238
12.17196553,0.2272,1.1939,0.2482,1.240
12.174229107,0.2284,1.1973,0.2402,1.242
12.175940722,0.2328,1.2061,0.2213,1.248
12.178112414,0.2382,1.2179,0.2018,1.257
12.180018799,0.2419,1.2240,0.1913,1.262
12.182135722,0.2541,1.2394,0.1698,1.276
12.183983607,0.2604,1.2494,0.1578,1.286
12.191143184,0.2734,1.2714,0.1334,1.307
12.191845261,0.2885,1.2973,0.1107,1.334
12.192140068,0.2961,1.3102,0.0992,1.347
12.192397222,0.3134,1.3403,0.0792,1.379
12.195144261,0.3337,1.3557,0.0628,1.398
12.195880607,0.3442,1.3867,0.0572,1.430
12.19777053,0.3640,1.4165,0.0479,1.463
12.199666376,0.3731,1.4307,0.0442,1.479
12.201463568,0.3906,1.4553,0.0406,1.507
12.235161414,0.4114,1.4759,0.0442,1.533
12.236039145,0.4222,1.4837,0.0462,1.543
12.236438838,0.4473,1.4969,0.0530,1.563
12.236828414,0.4754,1.4996,0.0630,1.574
12.23725003,0.4884,1.4991,0.0687,1.578
12.237720684,0.5157,1.4925,0.0787,1.581
12.23808853,0.5299,1.4851,0.0840,1.579
12.238462453,0.5536,1.4668,0.0967,1.571
12.23888853,0.5746,1.4424,0.1033,1.556
12.239267414,0.5827,1.4287,0.1070,1.547
12.239614299,0.5939,1.3977,0.1121,1.523
12.239949953,0.5929,1.3608,0.1119,1.489
12.240261414,0.5893,1.3422,0.1102,1.470
12.240559491,0.5775,1.3080,0.1094,1.434
12.240885338,0.5678,1.2936,0.1075,1.417
12.241194953,0.5448,1.2679,0.1029,1.384
12.241571991,0.5233,1.2462,0.0980,1.355
12.241897261,0.5106,1.2369,0.0960,1.342
12.242210607,0.4845,1.2191,0.0916,1.315
12.242525299,0.4610,1.2044,0.0897,1.293
12.242853953,0.4495,1.1976,0.0870,1.282
12.244689299,0.4285,1.1812,0.0831,1.259
12.246735107,0.4183,1.1736,0.0814,1.249
12.248809953,0.4029,1.1597,0.0767,1.230
12.25079853,0.3899,1.1441,0.0708,1.211
12.255093299,0.3843,1.1353,0.0677,1.200
12.256816761,0.3753,1.1179,0.0628,1.181
12.258246876,0.3701,1.0979,0.0552,1.160
12.259177299,0.3669,1.0874,0.0525,1.149
12.260558914,0.3640,1.0652,0.0452,1.127
12.262580799,0.3628,1.0547,0.0430,1.116
12.264502568,0.3594,1.0322,0.0344,1.094
12.266423299,0.3550,1.0095,0.0249,1.070
12.268459299,0.3530,0.9987,0.0191,1.059
12.27132953,0.3447,0.9767,0.0100,1.036
12.272957261,0.3401,0.9547,-0.0007,1.014
12.274668607,0.3374,0.9420,-0.0076,1.001
12.276322799,0.3298,0.9193,-0.0203,0.977
12.278567684,0.3264,0.9081,-0.0259,0.965
12.280399799,0.3200,0.8851,-0.0386,0.942
12.282446299,0.3171,0.8641,-0.0542,0.922
12.284303607,0.3139,0.8539,-0.0613,0.912
12.294393337,0.3095,0.8333,-0.0728,0.892
12.295850837,0.3054,0.8126,-0.0833,0.872
12.296718222,0.3046,0.8033,-0.0899,0.864
12.297941222,0.3059,0.7837,-0.1004,0.847
12.298280953,0.3068,0.7749,-0.1048,0.840
12.299736222,0.3081,0.7576,-0.1102,0.825
12.299999068,0.3125,0.7407,-0.1153,0.812
12.300245645,0.3142,0.7324,-0.1165,0.805
12.314003607,0.3174,0.7180,-0.1170,0.794
12.314505145,0.3213,0.7046,-0.1148,0.783
12.314761222,0.3222,0.6990,-0.1138,0.778
12.315012991,0.3247,0.6887,-0.1104,0.769
12.315249376,0.3257,0.6843,-0.1053,0.765
12.315485799,0.3247,0.6775,-0.1007,0.758
12.315726261,0.3230,0.6714,-0.0901,0.750
12.317394299,0.3215,0.6682,-0.0845,0.746
12.318163145,0.3198,0.6645,-0.0730,0.741
12.323650376,0.3154,0.6650,-0.0608,0.739
12.324181761,0.3132,0.6655,-0.0530,0.737
12.324432722,0.3088,0.6670,-0.0386,0.736
12.325825453,0.3015,0.6674,-0.0235,0.733
12.327850222,0.2978,0.6692,-0.0156,0.733
12.331929414,0.2929,0.6731,0.0005,0.734
12.332205953,0.2902,0.6745,0.0083,0.734
12.333477876,0.2819,0.6809,0.0261,0.737
12.336425876,0.2736,0.6875,0.0410,0.741
12.338039645,0.2709,0.6914,0.0493,0.744
12.339364145,0.2656,0.7012,0.0650,0.753
12.341806837,0.2609,0.7107,0.0801,0.761
12.343789761,0.2568,0.7156,0.0872,0.765
12.345376953,0.2509,0.7295,0.1007,0.778
12.34743953,0.2485,0.7356,0.1060,0.784
12.34947603,0.2433,0.7486,0.1175,0.796
12.351482722,0.2402,0.7627,0.1261,0.810
12.354041337,0.2387,0.7705,0.1280,0.817
12.355328761,0.2355,0.7852,0.1319,0.830
12.357379568,0.2348,0.7928,0.1331,0.837
12.359322414,0.2350,0.8084,0.1351,0.853
12.361398953,0.2350,0.8262,0.1353,0.870
12.363218414,0.2350,0.8343,0.1344,0.877
12.365104607,0.2353,0.8507,0.1287,0.892
12.367187645,0.2358,0.8688,0.1212,0.908
12.370690645,0.2362,0.8771,0.1168,0.916
12.372173145,0.2384,0.8954,0.1092,0.933
12.373728645,0.2394,0.9039,0.0997,0.940
12.37510753,0.2404,0.9205,0.0933,0.956
12.377052491,0.2404,0.9379,0.0821,0.972
12.379027376,0.2394,0.9452,0.0770,0.978
12.381092799,0.2419,0.9606,0.0667,0.993
12.383039337,0.2428,0.9726,0.0547,1.004
12.385083761,0.2441,0.9789,0.0496,1.010
12.395791222,0.2443,0.9899,0.0359,1.020
12.397538991,0.2465,0.9943,0.0230,1.025
12.398739222,0.2480,1.0017,0.0161,1.032
12.399760607,0.2507,1.0092,0.0054,1.040
12.40105976,0.2514,1.0122,0.0000,1.043
12.402407953,0.2526,1.0170,-0.0103,1.048
12.40379253,0.2533,1.0205,-0.0222,1.052
12.40500226,0.2516,1.0212,-0.0271,1.052
12.406129953,0.2489,1.0227,-0.0376,1.053
12.407050337,0.2470,1.0212,-0.0457,1.052
12.408451837,0.2467,1.0200,-0.0498,1.051
12.409938145,0.2489,1.0185,-0.0559,1.050
12.410274107,0.2494,1.0180,-0.0572,1.050
12.42033726,0.2509,1.0139,-0.0596,1.046
12.420841991,0.2516,1.0075,-0.0611,1.040
12.421106299,0.2524,1.0043,-0.0599,1.037
12.42138053,0.2516,0.9963,-0.0555,1.029
12.421608953,0.2514,0.9882,-0.0525,1.021
12.42257876,0.2519,0.9841,-0.0501,1.017
12.424214299,0.2548,0.9748,-0.0423,1.008
12.426478337,0.2546,0.9684,-0.0379,1.002
12.428198414,0.2551,0.9587,-0.0300,0.992
12.430149068,0.2533,0.9496,-0.0173,0.983
12.432164645,0.2541,0.9438,-0.0122,0.977
12.43414253,0.2553,0.9318,-0.0015,0.966
12.43704153,0.2558,0.9225,0.0086,0.957
12.43804703,0.2553,0.9174,0.0144,0.952
12.439864184,0.2526,0.9071,0.0235,0.942
12.441790837,0.2514,0.9020,0.0286,0.937
12.44413453,0.2504,0.8922,0.0369,0.927
12.446290607,0.2467,0.8817,0.0467,0.917
12.447844376,0.2465,0.8763,0.0491,0.912
12.450139837,0.2463,0.8668,0.0542,0.903
12.454012953,0.2492,0.8548,0.0586,0.892
12.455520991,0.2509,0.8485,0.0603,0.887
12.456211607,0.2529,0.8358,0.0606,0.875
12.458584722,0.2541,0.8294,0.0638,0.870
12.459777068,0.2558,0.8209,0.0689,0.863
12.462009799,0.2575,0.8089,0.0748,0.852
12.463785184,0.2577,0.8023,0.0779,0.846
12.465901991,0.2592,0.7928,0.0880,0.839
12.467903568,0.2617,0.7830,0.0972,0.831
12.471005453,0.2619,0.7781,0.1036,0.828
12.47228253,0.2643,0.7679,0.1119,0.820
12.473785491,0.2685,0.7635,0.1222,0.818
12.475872722,0.2700,0.7547,0.1275,0.812
12.477818414,0.2717,0.7451,0.1358,0.805
12.479808645,0.2736,0.7402,0.1385,0.801
12.481581876,0.2763,0.7312,0.1434,0.795
12.48366726,0.2788,0.7231,0.1449,0.788
12.486843222,0.2788,0.7197,0.1456,0.785
12.49629526,0.2802,0.7131,0.1459,0.780
12.49770703,0.2817,0.7078,0.1471,0.776
12.498697722,0.2819,0.7053,0.1476,0.774
12.499772337,0.2802,0.7019,0.1437,0.769
12.50069303,0.2792,0.7019,0.1412,0.768
12.502030722,0.2761,0.7029,0.1351,0.767
12.503122876,0.2719,0.7031,0.1275,0.765
12.504242337,0.2700,0.7041,0.1239,0.764
12.505483645,0.2665,0.7065,0.1158,0.764
12.506450453,0.2653,0.7090,0.1080,0.765
12.507474491,0.2631,0.7117,0.1046,0.766
12.523010876,0.2592,0.7168,0.0967,0.768
12.524571914,0.2565,0.7190,0.0933,0.769
12.525876068,0.2529,0.7222,0.0877,0.770
12.526787299,0.2507,0.7253,0.0836,0.772
12.527779722,0.2504,0.7275,0.0845,0.774
12.52909753,0.2507,0.7339,0.0860,0.780
12.530489722,0.2497,0.7366,0.0853,0.782
12.531453645,0.2502,0.7422,0.0865,0.788
12.532249953,0.2504,0.7481,0.0933,0.794
12.53346826,0.2509,0.7500,0.0977,0.797
12.534250837,0.2482,0.7554,0.1033,0.802
12.535205683,0.2492,0.7613,0.1094,0.808
12.536131991,0.2492,0.7635,0.1121,0.811
12.537118722,0.2507,0.7691,0.1197,0.818
12.538384568,0.2516,0.7718,0.1241,0.821
12.539482145,0.2514,0.7803,0.1292,0.830
12.541935683,0.2531,0.7879,0.1366,0.839
12.543381414,0.2533,0.7911,0.1397,0.842
12.54475153,0.2538,0.7984,0.1434,0.850
12.546575414,0.2575,0.8062,0.1495,0.859
12.548502453,0.2587,0.8099,0.1517,0.864
12.550639414,0.2599,0.8199,0.1551,0.874
12.554199914,0.2636,0.8245,0.1578,0.880
12.555839722,0.2648,0.8331,0.1608,0.889
12.557174491,0.2675,0.8446,0.1608,0.900
12.558560376,0.2707,0.8499,0.1620,0.907
12.56031103,0.2761,0.8597,0.1622,0.917
12.562587299,0.2827,0.8695,0.1649,0.929
12.564378722,0.2844,0.8761,0.1666,0.936
12.566260107,0.2895,0.8854,0.1678,0.946
12.568108568,0.2949,0.8893,0.1698,0.952
12.571208107,0.2976,0.9017,0.1727,0.965
12.572863414,0.3034,0.9118,0.1732,0.976
12.574265453,0.3059,0.9157,0.1747,0.981
12.576187376,0.3100,0.9252,0.1781,0.992
12.578058876,0.3147,0.9330,0.1788,1.001
12.580003068,0.3166,0.9372,0.1793,1.005
12.582130222,0.3205,0.9447,0.1818,1.014
12.584129876,0.3235,0.9477,0.1845,1.018
12.594346683,0.3274,0.9538,0.1874,1.026
12.59581903,0.3318,0.9599,0.1910,1.033
12.596779991,0.3320,0.9623,0.1930,1.036
12.598058107,0.3364,0.9653,0.1974,1.041
12.59905126,0.3411,0.9709,0.2033,1.049
12.60004526,0.3433,0.9736,0.2038,1.052
12.60084553,0.3467,0.9755,0.2072,1.056
12.601951568,0.3479,0.9758,0.2086,1.057
12.602248607,0.3474,0.9762,0.2116,1.058
12.620358068,0.3486,0.9760,0.2169,1.059
12.621586491,0.3496,0.9765,0.2174,1.060
12.621876914,0.3511,0.9787,0.2179,1.062
12.622110683,0.3508,0.9797,0.2199,1.064
12.622338722,0.3498,0.9799,0.2206,1.064
12.622570914,0.3484,0.9780,0.2194,1.061
12.622813299,0.3472,0.9775,0.2184,1.060
12.623034722,0.3474,0.9750,0.2160,1.057
12.623262183,0.3452,0.9731,0.2116,1.054
12.623488606,0.3428,0.9731,0.2091,1.053
12.623713183,0.3364,0.9723,0.2018,1.048
12.625168876,0.3318,0.9723,0.1950,1.046
12.627358145,0.3281,0.9709,0.1906,1.042
12.62906976,0.3230,0.9689,0.1808,1.037
12.631088337,0.3191,0.9694,0.1747,1.035
12.632993453,0.3122,0.9675,0.1664,1.030
12.635087222,0.3044,0.9653,0.1554,1.024
12.637639568,0.3015,0.9640,0.1493,1.021
12.638995376,0.2959,0.9628,0.1383,1.017
12.640936337,0.2907,0.9633,0.1327,1.015
12.643158645,0.2895,0.9618,0.1229,1.012
12.644996722,0.2873,0.9599,0.1141,1.008
12.647001914,0.2858,0.9589,0.1102,1.007
12.648845491,0.2832,0.9560,0.1026,1.002
12.651030953,0.2800,0.9504,0.0963,0.995
12.654353645,0.2785,0.9484,0.0943,0.993
12.655676606,0.2768,0.9435,0.0906,0.987
12.656843606,0.2746,0.9425,0.0880,0.986
12.659084876,0.2746,0.9406,0.0872,0.984
12.660720453,0.2744,0.9354,0.0870,0.979
12.662953645,0.2744,0.9340,0.0877,0.977
12.664695799,0.2731,0.9320,0.0870,0.975
12.66689303,0.2741,0.9296,0.0884,0.973
12.668860106,0.2714,0.9271,0.0916,0.970
12.671631914,0.2687,0.9245,0.0953,0.967
12.673017645,0.2687,0.9232,0.0994,0.967
12.674854953,0.2675,0.9227,0.1021,0.966
12.676648568,0.2663,0.9247,0.1090,0.968
12.678605145,0.2636,0.9254,0.1131,0.969
12.680496106,0.2624,0.9276,0.1163,0.971
12.684143299,0.2590,0.9306,0.1214,0.974
12.68541076,0.2565,0.9328,0.1244,0.975
12.697095606,0.2524,0.9381,0.1309,0.980
12.698803991,0.2524,0.9433,0.1388,0.986
12.69989903,0.2521,0.9469,0.1417,0.990
12.700928876,0.2497,0.9552,0.1463,0.998
12.702108453,0.2494,0.9596,0.1483,1.003
12.70314253,0.2485,0.9679,0.1532,1.011
12.704132683,0.2487,0.9782,0.1598,1.022
12.705395183,0.2489,0.9831,0.1625,1.027
12.706394876,0.2514,0.9931,0.1683,1.038
12.70731626,0.2546,1.0039,0.1717,1.050
12.70838053,0.2555,1.0090,0.1742,1.055
12.709351222,0.2604,1.0207,0.1808,1.069
12.710644299,0.2670,1.0315,0.1888,1.082
12.718666491,0.2704,1.0361,0.1923,1.088
12.720305799,0.2770,1.0456,0.1976,1.100
12.721441606,0.2800,1.0500,0.1996,1.105
12.722664414,0.2878,1.0588,0.2057,1.116
12.723657683,0.2946,1.0671,0.2094,1.127
12.72487226,0.2993,1.0708,0.2111,1.132
12.726166722,0.3071,1.0769,0.2128,1.140
12.727051029,0.3137,1.0818,0.2191,1.147
12.72819326,0.3166,1.0845,0.2218,1.151
12.730131645,0.3225,1.0901,0.2282,1.159
12.731874376,0.3257,1.0928,0.2301,1.163
12.733978529,0.3301,1.0977,0.2345,1.170
12.735917337,0.3337,1.1021,0.2392,1.176
12.738813837,0.3362,1.1043,0.2402,1.179
12.740271299,0.3403,1.1072,0.2433,1.184
12.742127876,0.3452,1.1084,0.2453,1.187
12.743776337,0.3481,1.1094,0.2443,1.188
12.745799222,0.3545,1.1106,0.2428,1.191
12.747520337,0.3579,1.1106,0.2419,1.192
12.749506029,0.3621,1.1113,0.2382,1.193
12.751637645,0.3643,1.1111,0.2316,1.192
12.75364226,0.3650,1.1106,0.2284,1.191
12.756263183,0.3650,1.1118,0.2206,1.191
12.757989299,0.3660,1.1121,0.2169,1.191
12.760430453,0.3665,1.1131,0.2147,1.191
12.761752299,0.3655,1.1148,0.2118,1.192
12.763484953,0.3655,1.1145,0.2106,1.192
12.765405068,0.3655,1.1148,0.2103,1.192
12.767261453,0.3611,1.1172,0.2116,1.193
12.769221953,0.3582,1.1199,0.2116,1.195
12.772108799,0.3508,1.1245,0.2111,1.197
12.773679106,0.3452,1.1265,0.2111,1.197
12.775322145,0.3349,1.1336,0.2064,1.200
12.780407606,0.3178,1.1446,0.1998,1.205
12.781918606,0.3095,1.1499,0.1954,1.207
12.783211068,0.2927,1.1627,0.1830,1.213
12.784183914,0.2780,1.1788,0.1688,1.223
12.785325914,0.2697,1.1868,0.1615,1.228
12.796979376,0.2570,1.2071,0.1466,1.243
12.798698876,0.2531,1.2162,0.1390,1.250
12.799972183,0.2499,1.2372,0.1219,1.268
12.801195029,0.2497,1.2582,0.1075,1.287
12.802489491,0.2504,1.2675,0.1024,1.296
12.803541376,0.2499,1.2870,0.0967,1.315
12.804864068,0.2511,1.2985,0.0958,1.326
12.806122529,0.2526,1.3185,0.0953,1.346
12.806621299,0.2558,1.3342,0.0985,1.362
12.80703826,0.2560,1.3412,0.1011,1.369
12.807464529,0.2624,1.3500,0.1102,1.380
12.822904414,0.2712,1.3532,0.1236,1.386
12.824576991,0.2761,1.3527,0.1307,1.387
12.825606376,0.2873,1.3466,0.1434,1.384
12.826891299,0.2932,1.3427,0.1505,1.383
12.828215068,0.3061,1.3310,0.1649,1.376
12.829184606,0.3161,1.3175,0.1769,1.366
12.830538991,0.3198,1.3090,0.1815,1.360
12.831614645,0.3252,1.2885,0.1908,1.342
12.832723414,0.3218,1.2655,0.1967,1.320
12.833692106,0.3198,1.2535,0.1998,1.309
12.834715837,0.3142,1.2303,0.2072,1.287
12.835480337,0.3105,1.2184,0.2094,1.275
12.836702414,0.3059,1.1917,0.2130,1.249
12.83806326,0.2961,1.1688,0.2130,1.224
12.839212183,0.2902,1.1565,0.2121,1.211
12.84038626,0.2763,1.1350,0.2096,1.187
12.841365952,0.2629,1.1165,0.2052,1.165
12.842486952,0.2555,1.1079,0.2011,1.155
12.844111337,0.2428,1.0913,0.1910,1.134
12.846573183,0.2375,1.0830,0.1854,1.124
12.847879337,0.2287,1.0676,0.1744,1.106
12.850578414,0.2211,1.0527,0.1615,1.088
12.852076029,0.2182,1.0456,0.1544,1.079
12.855336491,0.2145,1.0327,0.1388,1.064
12.856270491,0.2125,1.0173,0.1209,1.046
12.858103183,0.2123,1.0105,0.1126,1.039
12.859948837,0.2125,0.9999,0.0948,1.027
12.862576876,0.2113,0.9941,0.0870,1.020
12.863793414,0.2091,0.9811,0.0704,1.006
12.86574426,0.2069,0.9662,0.0545,0.990
12.868228452,0.2062,0.9582,0.0457,0.981
12.869868337,0.2035,0.9462,0.0318,0.968
12.872130606,0.1991,0.9320,0.0154,0.953
12.873688837,0.1972,0.9259,0.0073,0.947
12.876101222,0.1937,0.9132,-0.0073,0.934
12.877765029,0.1915,0.9081,-0.0147,0.928
12.879922606,0.1884,0.8949,-0.0310,0.915
12.881505876,0.1837,0.8810,-0.0481,0.901
12.883939529,0.1815,0.8746,-0.0574,0.895
12.885738376,0.1761,0.8617,-0.0730,0.883
12.89353676,0.1691,0.8495,-0.0899,0.871
12.89439826,0.1654,0.8443,-0.0982,0.866
12.894820068,0.1593,0.8321,-0.1138,0.855
12.89522226,0.1568,0.8277,-0.1212,0.851
12.895643722,0.1498,0.8189,-0.1341,0.843
12.897070299,0.1427,0.8111,-0.1449,0.836
12.899156837,0.1388,0.8087,-0.1495,0.834
12.90097076,0.1334,0.8018,-0.1571,0.828
12.921993452,0.1278,0.7979,-0.1605,0.824
12.923576568,0.1234,0.7981,-0.1612,0.824
12.924764106,0.1151,0.7950,-0.1617,0.819
12.925916375,0.1121,0.7942,-0.1622,0.818
12.926921991,0.1077,0.7933,-0.1573,0.816
12.92774676,0.1036,0.7942,-0.1498,0.815
12.928745491,0.1026,0.7938,-0.1456,0.813
12.929758068,0.1002,0.7959,-0.1351,0.814
12.930695337,0.0989,0.7964,-0.1214,0.812
12.931394183,0.0985,0.7977,-0.1131,0.812
12.932025337,0.0994,0.8033,-0.0958,0.815
12.932916799,0.0987,0.8047,-0.0870,0.815
12.933718568,0.0989,0.8094,-0.0672,0.818
12.934505491,0.0980,0.8167,-0.0469,0.824
12.935277991,0.0989,0.8214,-0.0359,0.828
12.935949491,0.0977,0.8294,-0.0147,0.835
12.936884722,0.0982,0.8336,-0.0029,0.839
12.93791576,0.0987,0.8443,0.0169,0.850
12.939021183,0.0992,0.8553,0.0349,0.862
12.941692375,0.1002,0.8607,0.0430,0.868
12.943058991,0.1031,0.8719,0.0608,0.880
12.944545029,0.1080,0.8841,0.0750,0.894
12.946457952,0.1107,0.8905,0.0814,0.901
12.948429952,0.1175,0.9042,0.0909,0.916
12.950471529,0.1234,0.9166,0.0982,0.930
12.952438799,0.1287,0.9225,0.1021,0.937
12.955437952,0.1371,0.9347,0.1058,0.951
12.956997145,0.1419,0.9403,0.1058,0.957
12.958792645,0.1539,0.9533,0.1075,0.972
12.960194145,0.1642,0.9660,0.1048,0.985
12.96210426,0.1691,0.9721,0.1019,0.992
12.964083299,0.1803,0.9836,0.0980,1.005
12.966208837,0.1918,0.9946,0.0919,1.017
12.967994683,0.1991,1.0004,0.0901,1.024
12.970189875,0.2123,1.0109,0.0838,1.036
12.972788952,0.2196,1.0151,0.0811,1.042
12.974309222,0.2345,1.0249,0.0755,1.054
12.975966914,0.2463,1.0337,0.0699,1.065
12.977965952,0.2521,1.0368,0.0694,1.069
12.979905875,0.2675,1.0437,0.0677,1.080
12.981974337,0.2805,1.0498,0.0696,1.089
12.98395726,0.2863,1.0522,0.0691,1.093
12.985928222,0.2961,1.0544,0.0713,1.098
12.996654683,0.3066,1.0547,0.0718,1.101
12.998295222,0.3117,1.0559,0.0750,1.103
12.999264452,0.3205,1.0544,0.0777,1.105
13.000370029,0.3244,1.0530,0.0816,1.105
13.001463683,0.3332,1.0508,0.0843,1.106
13.002504337,0.3391,1.0461,0.0914,1.103
13.003688452,0.3420,1.0442,0.0950,1.103
13.004815068,0.3481,1.0390,0.1024,1.101
13.006016183,0.3516,1.0366,0.1080,1.100
13.006895799,0.3520,1.0278,0.1112,1.092
13.008140068,0.3530,1.0210,0.1173,1.087
13.020641183,0.3542,1.0173,0.1204,1.084
13.022332875,0.3533,1.0080,0.1268,1.076
13.023547299,0.3518,0.9997,0.1317,1.068
13.024585914,0.3508,0.9958,0.1349,1.064
13.026010375,0.3472,0.9843,0.1388,1.053
13.02731276,0.3457,0.9794,0.1415,1.048
13.02846026,0.3418,0.9699,0.1483,1.039
13.029950106,0.3379,0.9601,0.1529,1.029
13.031064337,0.3362,0.9552,0.1534,1.024
13.032052683,0.3271,0.9460,0.1578,1.013
13.032968799,0.3193,0.9354,0.1617,1.002
13.034042798,0.3152,0.9303,0.1639,0.996
13.034946414,0.3076,0.9208,0.1669,0.985
13.035871068,0.3032,0.9147,0.1676,0.978
13.036979683,0.2959,0.9034,0.1681,0.965
13.041462298,0.2861,0.8910,0.1708,0.951
13.04294426,0.2827,0.8854,0.1717,0.945
13.047267145,0.2731,0.8724,0.1700,0.930
13.048553145,0.2648,0.8680,0.1693,0.923
13.049781452,0.2607,0.8578,0.1695,0.912
13.050759875,0.2526,0.8443,0.1695,0.897
13.051662375,0.2477,0.8375,0.1698,0.890
13.052824837,0.2392,0.8262,0.1705,0.877
13.056091875,0.2318,0.8153,0.1678,0.864
13.057957183,0.2287,0.8096,0.1661,0.858
13.059131568,0.2216,0.7979,0.1649,0.844
13.061379568,0.2179,0.7930,0.1632,0.838
13.062828914,0.2106,0.7837,0.1615,0.827
13.064719875,0.2038,0.7742,0.1586,0.816
13.066896568,0.1996,0.7698,0.1568,0.811
13.068746183,0.1932,0.7588,0.1546,0.798
13.072009183,0.1845,0.7500,0.1532,0.787
13.073548452,0.1803,0.7473,0.1522,0.784
13.074660875,0.1749,0.7398,0.1527,0.775
13.076419375,0.1715,0.7356,0.1512,0.770
13.078481145,0.1649,0.7268,0.1502,0.760
13.080433645,0.1590,0.7207,0.1534,0.754
13.082431645,0.1564,0.7173,0.1520,0.750
13.084419952,0.1488,0.7119,0.1534,0.743
13.086687529,0.1434,0.7070,0.1532,0.738
13.096205414,0.1397,0.7043,0.1542,0.734
13.097784529,0.1331,0.7002,0.1568,0.730
13.09901126,0.1317,0.6980,0.1595,0.728
13.100187183,0.1268,0.6924,0.1632,0.723
13.101555798,0.1212,0.6899,0.1642,0.719
13.102260875,0.1190,0.6885,0.1642,0.718
13.102693683,0.1138,0.6870,0.1642,0.715
13.103103375,0.1082,0.6880,0.1644,0.716
13.122481722,0.1073,0.6882,0.1632,0.715
13.123762375,0.1048,0.6885,0.1630,0.715
13.124219683,0.1033,0.6887,0.1620,0.715
13.124462722,0.0994,0.6894,0.1578,0.714
13.124981068,0.0967,0.6911,0.1546,0.715
13.125331029,0.0965,0.6919,0.1522,0.715
13.12656726,0.0999,0.6973,0.1454,0.719
13.127121952,0.1055,0.6997,0.1363,0.721
13.127500606,0.1075,0.7014,0.1322,0.722
13.127880222,0.1138,0.7058,0.1219,0.725
13.128237222,0.1192,0.7080,0.1175,0.728
13.128601452,0.1219,0.7129,0.1109,0.732
13.128959414,0.1266,0.7168,0.1085,0.736
13.129738337,0.1285,0.7192,0.1080,0.739
13.131411952,0.1349,0.7266,0.1107,0.747
13.133473145,0.1422,0.7319,0.1178,0.755
13.135933337,0.1444,0.7356,0.1217,0.759
13.138963337,0.1517,0.7420,0.1273,0.768
13.140201145,0.1556,0.7437,0.1309,0.771
13.141649606,0.1625,0.7495,0.1390,0.779
13.143343952,0.1700,0.7595,0.1432,0.791
13.145196837,0.1742,0.7627,0.1439,0.795
13.147482721,0.1832,0.7720,0.1461,0.807
13.149393991,0.1918,0.7801,0.1463,0.817
13.151429145,0.1952,0.7842,0.1451,0.821
13.153459914,0.2013,0.7952,0.1434,0.833
13.155930952,0.2040,0.8021,0.1432,0.840
13.157486068,0.2089,0.8121,0.1434,0.851
13.159224491,0.2138,0.8221,0.1437,0.861
13.16115976,0.2147,0.8292,0.1427,0.868
13.163058337,0.2184,0.8431,0.1412,0.882
13.164885875,0.2206,0.8553,0.1397,0.894
13.167242337,0.2216,0.8626,0.1378,0.901
13.169193645,0.2213,0.8773,0.1378,0.915
13.173538875,0.2206,0.8844,0.1373,0.922
13.174621491,0.2191,0.8986,0.1395,0.935
13.175247683,0.2169,0.9100,0.1405,0.946
13.176894914,0.2157,0.9164,0.1417,0.952
13.178982798,0.2130,0.9284,0.1451,0.963
13.180751952,0.2106,0.9391,0.1493,0.974
13.183137375,0.2084,0.9442,0.1515,0.979
13.184711452,0.2081,0.9538,0.1568,0.989
13.18684526,0.2086,0.9569,0.1600,0.992
13.193447914,0.2050,0.9616,0.1639,0.997
13.194287991,0.2020,0.9672,0.1713,1.003
13.194715568,0.2003,0.9706,0.1749,1.006
13.195128606,0.1957,0.9748,0.1805,1.010
13.19663676,0.1937,0.9802,0.1859,1.016
13.199157452,0.1910,0.9816,0.1871,1.017
13.200638221,0.1837,0.9846,0.1928,1.020
13.202599721,0.1830,0.9850,0.1937,1.020
13.21603326,0.1796,0.9880,0.1964,1.023
13.217732952,0.1776,0.9921,0.1994,1.027
13.218882875,0.1764,0.9936,0.2016,1.029
13.219711491,0.1727,0.9931,0.2023,1.028
13.220896529,0.1681,0.9938,0.2016,1.028
13.222337221,0.1666,0.9951,0.2006,1.029
13.223642183,0.1639,0.9960,0.1989,1.029
13.225004337,0.1625,0.9955,0.1972,1.028
13.228378837,0.1605,0.9946,0.1935,1.026
13.230171298,0.1605,0.9941,0.1906,1.025
13.231119452,0.1603,0.9933,0.1879,1.024
13.232414606,0.1593,0.9912,0.1854,1.021
13.233629375,0.1571,0.9882,0.1810,1.017
13.234818375,0.1566,0.9860,0.1781,1.014
13.236078529,0.1542,0.9816,0.1725,1.009
13.237207183,0.1537,0.9799,0.1710,1.007
13.238385529,0.1544,0.9753,0.1664,1.001
13.239791183,0.1522,0.9709,0.1622,0.996
13.241103221,0.1517,0.9689,0.1612,0.994
13.242198221,0.1500,0.9621,0.1561,0.986
13.244455721,0.1510,0.9547,0.1505,0.978
13.246586952,0.1517,0.9521,0.1476,0.975
13.247734914,0.1544,0.9462,0.1434,0.969
13.249735606,0.1561,0.9438,0.1410,0.967
13.251674568,0.1588,0.9386,0.1361,0.962
13.255576875,0.1625,0.9328,0.1327,0.956
13.256363298,0.1649,0.9296,0.1300,0.953
13.257704991,0.1700,0.9249,0.1256,0.949
13.259546952,0.1742,0.9213,0.1241,0.946
13.261653221,0.1757,0.9166,0.1217,0.941
13.263924452,0.1783,0.9122,0.1187,0.937
13.265521991,0.1808,0.9100,0.1173,0.935
13.267283144,0.1842,0.9037,0.1143,0.929
13.269406529,0.1864,0.8993,0.1126,0.925
13.272899529,0.1876,0.8973,0.1121,0.924
13.274985337,0.1898,0.8968,0.1102,0.923
13.275453568,0.1896,0.8966,0.1094,0.923
13.277226914,0.1918,0.8954,0.1070,0.922
13.279294721,0.1945,0.8968,0.1055,0.924
13.281206529,0.1937,0.8993,0.1041,0.926
13.283119644,0.1940,0.9000,0.1026,0.926
13.284851221,0.1945,0.9047,0.1053,0.931
13.287445837,0.1952,0.9066,0.1073,0.934
13.298781529,0.1954,0.9127,0.1102,0.940
13.300374452,0.1957,0.9166,0.1124,0.944
13.301561029,0.1972,0.9247,0.1173,0.953
13.302655414,0.1957,0.9350,0.1241,0.963
13.303950144,0.1950,0.9401,0.1285,0.969
13.305138106,0.1910,0.9521,0.1363,0.981
13.306338144,0.1888,0.9567,0.1478,0.986
13.307608837,0.1862,0.9675,0.1532,0.997
13.308964798,0.1845,0.9804,0.1649,1.011
13.310102144,0.1827,0.9870,0.1722,1.018
13.310607029,0.1791,0.9987,0.1854,1.031
13.311031991,0.1747,1.0119,0.1981,1.046
13.319602914,0.1722,1.0180,0.2045,1.053
13.320477452,0.1705,1.0312,0.2160,1.067
13.320917337,0.1681,1.0432,0.2267,1.081
13.321487952,0.1678,1.0498,0.2328,1.088
13.321945491,0.1669,1.0598,0.2460,1.101
13.323247529,0.1669,1.0657,0.2497,1.107
13.324254606,0.1673,1.0786,0.2570,1.121
13.326569644,0.1671,1.0896,0.2643,1.134
13.328263221,0.1676,1.0957,0.2660,1.140
13.330395144,0.1698,1.1060,0.2717,1.151
13.332395568,0.1713,1.1165,0.2744,1.162
13.334853837,0.1722,1.1216,0.2731,1.167
13.336608144,0.1737,1.1321,0.2717,1.177
13.339064991,0.1744,1.1370,0.2712,1.182
13.342089106,0.1764,1.1470,0.2658,1.191
13.34375476,0.1776,1.1561,0.2595,1.198
13.345091375,0.1791,1.1607,0.2553,1.202
13.346495914,0.1805,1.1680,0.2448,1.207
13.348046106,0.1818,1.1717,0.2399,1.210
13.350589991,0.1827,1.1763,0.2279,1.212
13.352180875,0.1837,1.1802,0.2143,1.214
13.354307452,0.1847,1.1820,0.2096,1.215
13.357513414,0.1869,1.1846,0.1976,1.215
13.359134991,0.1896,1.1878,0.1864,1.217
13.361378144,0.1906,1.1881,0.1808,1.217
13.362636106,0.1925,1.1895,0.1717,1.217
13.363930567,0.1932,1.1895,0.1608,1.216
13.366070875,0.1930,1.1878,0.1568,1.214
13.368133644,0.1910,1.1861,0.1500,1.211
13.369979875,0.1893,1.1846,0.1468,1.209
13.373717414,0.1881,1.1824,0.1422,1.206
13.375464298,0.1854,1.1800,0.1385,1.202
13.376738452,0.1864,1.1793,0.1385,1.202
13.378215106,0.1876,1.1758,0.1383,1.199
13.379781491,0.1915,1.1739,0.1371,1.197
13.382023567,0.1942,1.1719,0.1351,1.196
13.383985414,0.2020,1.1707,0.1349,1.196
13.385970337,0.2072,1.1712,0.1339,1.197
13.388960067,0.2211,1.1766,0.1270,1.204
13.390364952,0.2380,1.1815,0.1226,1.211
13.400406875,0.2467,1.1856,0.1200,1.217
13.401254606,0.2612,1.1973,0.1182,1.231
13.401759644,0.2773,1.2091,0.1173,1.246
13.402174221,0.2844,1.2166,0.1178,1.255
13.402582298,0.2988,1.2325,0.1190,1.274
13.403001106,0.3059,1.2428,0.1207,1.286
13.403406414,0.3222,1.2628,0.1297,1.310
13.427684144,0.3352,1.2838,0.1397,1.334
13.429352875,0.3423,1.2919,0.1456,1.344
13.430211606,0.3586,1.3058,0.1598,1.364
13.431261106,0.3757,1.3190,0.1737,1.382
13.432192029,0.3858,1.3246,0.1801,1.391
13.433458414,0.4051,1.3337,0.1903,1.407
13.43447976,0.4226,1.3371,0.2001,1.417
13.435457298,0.4305,1.3364,0.2042,1.419
13.436410298,0.4432,1.3320,0.2074,1.419
13.437588298,0.4495,1.3283,0.2081,1.418
13.438662875,0.4593,1.3183,0.2077,1.411
13.439814221,0.4613,1.3056,0.2033,1.399
13.440857721,0.4625,1.2973,0.2003,1.392
13.441904221,0.4593,1.2792,0.1925,1.373
13.44282476,0.4551,1.2697,0.1849,1.361
13.443567144,0.4500,1.2496,0.1803,1.340
13.444275567,0.4393,1.2267,0.1700,1.314
13.445211567,0.4339,1.2157,0.1649,1.301
13.446073837,0.4200,1.1959,0.1559,1.277
13.447080914,0.4063,1.1746,0.1449,1.251
13.447806298,0.3992,1.1639,0.1400,1.238
13.448914375,0.3870,1.1438,0.1309,1.215
13.449841837,0.3728,1.1250,0.1222,1.191
13.451062529,0.3665,1.1165,0.1190,1.181
13.45344526,0.3567,1.0974,0.1112,1.159
13.454700567,0.3520,1.0881,0.1075,1.149
13.457088298,0.3454,1.0696,0.1024,1.129
13.458857375,0.3381,1.0522,0.0955,1.109
13.46084126,0.3379,1.0427,0.0921,1.100
13.462710875,0.3386,1.0239,0.0858,1.082
13.464467875,0.3391,1.0063,0.0801,1.065
13.466652221,0.3376,0.9973,0.0770,1.056
13.468370529,0.3364,0.9802,0.0650,1.038
13.470639952,0.3367,0.9706,0.0589,1.029
13.472798529,0.3367,0.9526,0.0464,1.011
13.474834644,0.3349,0.9384,0.0315,0.997
13.476287914,0.3345,0.9330,0.0230,0.991
13.478269183,0.3347,0.9176,0.0068,0.977
13.480119067,0.3354,0.9103,-0.0127,0.970
13.482443567,0.3359,0.8966,-0.0222,0.958
13.484062914,0.3408,0.8839,-0.0381,0.948
13.486761106,0.3435,0.8778,-0.0479,0.944
13.497071567,0.3474,0.8651,-0.0677,0.935
13.498485529,0.3518,0.8553,-0.0843,0.929
13.49945576,0.3535,0.8502,-0.0938,0.926
13.500424183,0.3577,0.8394,-0.1094,0.919
13.501451452,0.3623,0.8309,-0.1241,0.915
13.50249899,0.3645,0.8267,-0.1307,0.913
13.503760375,0.3667,0.8162,-0.1410,0.906
13.504726221,0.3699,0.8118,-0.1468,0.904
13.50591576,0.3748,0.8055,-0.1556,0.902
13.506883183,0.3767,0.7979,-0.1608,0.897
13.524937644,0.3784,0.7957,-0.1632,0.896
13.526492144,0.3831,0.7886,-0.1642,0.892
13.527388144,0.3875,0.7823,-0.1610,0.888
13.528240452,0.3892,0.7820,-0.1600,0.888
13.529124567,0.3916,0.7786,-0.1556,0.885
13.530156337,0.3936,0.7774,-0.1529,0.885
13.531142837,0.3958,0.7757,-0.1483,0.883
13.532119221,0.3953,0.7718,-0.1393,0.878
13.533229644,0.3943,0.7715,-0.1339,0.877
13.53423049,0.3921,0.7737,-0.1219,0.876
13.534903875,0.3914,0.7754,-0.1165,0.876
13.535867029,0.3894,0.7781,-0.1041,0.876
13.536703375,0.3860,0.7823,-0.0901,0.877
13.537881837,0.3819,0.7854,-0.0838,0.877
13.53880199,0.3760,0.7913,-0.0674,0.879
13.53987276,0.3694,0.7994,-0.0535,0.882
13.540716837,0.3665,0.8028,-0.0467,0.884
13.541824452,0.3606,0.8101,-0.0327,0.887
13.544263798,0.3586,0.8148,-0.0283,0.891
13.549981298,0.3550,0.8226,-0.0154,0.896
13.551212914,0.3496,0.8289,-0.0022,0.900
13.552146837,0.3481,0.8331,0.0027,0.903
13.552916798,0.3430,0.8451,0.0103,0.912
13.554031452,0.3396,0.8582,0.0183,0.923
13.555172144,0.3367,0.8641,0.0215,0.928
13.55819849,0.3310,0.8780,0.0259,0.939
13.559763144,0.3296,0.8859,0.0274,0.946
13.560822683,0.3279,0.9003,0.0286,0.959
13.563051414,0.3257,0.9154,0.0291,0.972
13.56477499,0.3247,0.9230,0.0296,0.979
13.567148221,0.3264,0.9372,0.0249,0.993
13.568910375,0.3266,0.9501,0.0232,1.005
13.571043606,0.3276,0.9574,0.0200,1.012
13.57412426,0.3283,0.9711,0.0151,1.025
13.575601798,0.3296,0.9789,0.0122,1.033
13.576729221,0.3315,0.9943,0.0064,1.048
13.578684298,0.3315,1.0083,0.0005,1.061
13.580592913,0.3310,1.0148,-0.0032,1.067
13.582588029,0.3305,1.0268,-0.0051,1.079
13.584505798,0.3288,1.0334,-0.0083,1.085
13.586733029,0.3288,1.0439,-0.0154,1.095
13.597139106,0.3274,1.0534,-0.0213,1.103
13.59874849,0.3252,1.0566,-0.0239,1.106
13.59972799,0.3247,1.0620,-0.0274,1.111
13.600820375,0.3213,1.0657,-0.0288,1.113
13.602011913,0.3193,1.0674,-0.0303,1.115
13.602908452,0.3154,1.0735,-0.0318,1.119
13.603742375,0.3083,1.0742,-0.0320,1.118
13.60493626,0.3056,1.0727,-0.0313,1.116
13.60588149,0.2976,1.0735,-0.0303,1.114
13.60620826,0.2949,1.0727,-0.0286,1.113
13.623061913,0.2905,1.0688,-0.0252,1.108
13.624109606,0.2810,1.0652,-0.0222,1.102
13.624424106,0.2768,1.0637,-0.0205,1.099
13.624674067,0.2714,1.0588,-0.0147,1.093
13.624909644,0.2685,1.0569,-0.0112,1.090
13.625133413,0.2604,1.0500,-0.0024,1.082
13.625419183,0.2548,1.0432,0.0059,1.074
13.625647952,0.2521,1.0385,0.0103,1.069
13.625874298,0.2494,1.0295,0.0193,1.059
13.626114029,0.2465,1.0207,0.0261,1.050
13.627953183,0.2443,1.0153,0.0303,1.045
13.629856837,0.2409,1.0065,0.0408,1.036
13.631794606,0.2384,1.0009,0.0457,1.030
13.633957337,0.2338,0.9877,0.0535,1.016
13.635806952,0.2321,0.9745,0.0623,1.004
13.637605644,0.2326,0.9677,0.0662,0.997
13.639811529,0.2301,0.9555,0.0723,0.985
13.64182149,0.2284,0.9445,0.0796,0.975
13.643678298,0.2277,0.9381,0.0823,0.969
13.645468298,0.2250,0.9262,0.0877,0.957
13.647595913,0.2240,0.9203,0.0889,0.951
13.649449683,0.2228,0.9069,0.0928,0.938
13.651645183,0.2206,0.8942,0.0953,0.926
13.653476452,0.2213,0.8876,0.0953,0.920
13.656221875,0.2211,0.8758,0.0967,0.908
13.657978952,0.2191,0.8619,0.0982,0.895
13.659338375,0.2187,0.8546,0.0977,0.888
13.661255106,0.2177,0.8416,0.0972,0.875
13.66323726,0.2184,0.8287,0.0945,0.862
13.665102413,0.2191,0.8218,0.0933,0.856
13.667488606,0.2199,0.8091,0.0904,0.843
13.669233529,0.2187,0.8030,0.0880,0.837
13.671362337,0.2199,0.7901,0.0843,0.824
13.673695298,0.2184,0.7801,0.0799,0.814
13.675245952,0.2189,0.7737,0.0782,0.808
13.677192606,0.2216,0.7630,0.0748,0.798
13.679159875,0.2228,0.7505,0.0723,0.786
13.68103499,0.2235,0.7446,0.0718,0.781
13.683258221,0.2228,0.7356,0.0684,0.772
13.684901913,0.2250,0.7305,0.0669,0.767
13.68707799,0.2272,0.7227,0.0660,0.760
13.696199029,0.2279,0.7148,0.0640,0.753
13.697825298,0.2274,0.7117,0.0633,0.750
13.698882606,0.2287,0.7043,0.0625,0.743
13.699853913,0.2287,0.7012,0.0618,0.740
13.700987067,0.2289,0.6968,0.0652,0.736
13.701981029,0.2311,0.6924,0.0655,0.733
13.702851452,0.2326,0.6894,0.0669,0.731
13.703626836,0.2340,0.6877,0.0701,0.730
13.704913836,0.2353,0.6858,0.0718,0.729
13.723498106,0.2353,0.6853,0.0730,0.728
13.724994221,0.2377,0.6880,0.0760,0.732
13.726064221,0.2384,0.6885,0.0772,0.733
13.727058452,0.2380,0.6894,0.0799,0.734
13.727975452,0.2409,0.6924,0.0848,0.738
13.729185452,0.2414,0.6938,0.0855,0.740
13.73022976,0.2406,0.6973,0.0889,0.743
13.731311029,0.2433,0.7019,0.0928,0.749
13.732311413,0.2426,0.7048,0.0943,0.751
13.733179106,0.2409,0.7104,0.0955,0.756
13.734171721,0.2438,0.7144,0.0975,0.761
13.735122683,0.2455,0.7200,0.0987,0.767
13.735930644,0.2477,0.7283,0.0989,0.776
13.736925798,0.2470,0.7327,0.0980,0.779
13.737923452,0.2482,0.7402,0.0985,0.787
13.73899499,0.2494,0.7478,0.0994,0.795
13.740017336,0.2480,0.7517,0.1004,0.798
13.741001567,0.2477,0.7603,0.0997,0.806
13.743709567,0.2480,0.7698,0.1016,0.815
13.745244875,0.2497,0.7752,0.1026,0.821
13.746475644,0.2529,0.7813,0.1029,0.828
13.748225567,0.2543,0.7854,0.1041,0.832
13.75024076,0.2553,0.7935,0.1043,0.840
13.752080413,0.2560,0.8043,0.1041,0.850
13.754199683,0.2570,0.8087,0.1038,0.855
13.758120106,0.2575,0.8148,0.1026,0.861
13.75946499,0.2592,0.8248,0.1014,0.870
13.760483875,0.2612,0.8294,0.1009,0.875
13.762128875,0.2639,0.8387,0.0987,0.885
13.76407526,0.2658,0.8431,0.0958,0.889
13.766133144,0.2658,0.8509,0.0889,0.896
13.768047798,0.2709,0.8560,0.0848,0.902
13.769975798,0.2751,0.8585,0.0831,0.905
13.773554683,0.2839,0.8634,0.0784,0.912
13.77515299,0.2900,0.8663,0.0779,0.917
13.777507067,0.2939,0.8683,0.0782,0.920
13.778706683,0.3015,0.8724,0.0823,0.927
13.779766375,0.3056,0.8741,0.0855,0.930
13.781923452,0.3154,0.8788,0.0938,0.938
13.783844144,0.3244,0.8807,0.1063,0.945
13.785920644,0.3279,0.8815,0.1136,0.947
13.787550952,0.3362,0.8822,0.1285,0.953
13.797595683,0.3428,0.8832,0.1439,0.958
13.798985836,0.3457,0.8839,0.1500,0.961
13.799983875,0.3498,0.8822,0.1649,0.963
13.800852336,0.3516,0.8822,0.1715,0.965
13.801999798,0.3564,0.8802,0.1832,0.967
13.803292798,0.3628,0.8768,0.1908,0.968
13.80435999,0.3640,0.8756,0.1952,0.968
13.805760759,0.3645,0.8744,0.2011,0.968
13.806191375,0.3660,0.8729,0.2074,0.969
13.818223375,0.3645,0.8695,0.2106,0.966
13.818794952,0.3616,0.8690,0.2145,0.965
13.819061413,0.3596,0.8675,0.2157,0.964
13.819294567,0.3523,0.8675,0.2135,0.960
13.819526144,0.3445,0.8680,0.2072,0.957
13.81975849,0.3403,0.8688,0.2020,0.955
13.820002221,0.3332,0.8692,0.1928,0.951
13.825490298,0.3281,0.8712,0.1835,0.949
13.826088721,0.3227,0.8714,0.1781,0.946
13.826345798,0.3147,0.8705,0.1691,0.941
13.827026106,0.3110,0.8692,0.1652,0.938
13.828655836,0.3066,0.8675,0.1566,0.933
13.830990413,0.3025,0.8670,0.1495,0.930
13.832844952,0.3007,0.8663,0.1473,0.929
13.834749029,0.2990,0.8631,0.1432,0.925
13.836574375,0.2966,0.8602,0.1429,0.921
13.839990529,0.2944,0.8587,0.1427,0.919
13.840684567,0.2919,0.8560,0.1410,0.915
13.84285949,0.2907,0.8558,0.1415,0.915
13.844639221,0.2878,0.8526,0.1429,0.911
13.846674798,0.2841,0.8480,0.1456,0.906
13.848642798,0.2822,0.8458,0.1466,0.904
13.850781183,0.2761,0.8426,0.1480,0.899
13.852593836,0.2724,0.8394,0.1493,0.895
13.854841721,0.2707,0.8394,0.1498,0.895
13.856906106,0.2656,0.8407,0.1515,0.895
13.858834144,0.2597,0.8414,0.1532,0.894
13.860532721,0.2575,0.8411,0.1537,0.893
13.862759144,0.2529,0.8414,0.1537,0.892
13.864569259,0.2509,0.8436,0.1529,0.893
13.866680298,0.2492,0.8468,0.1502,0.895
13.868499336,0.2458,0.8531,0.1480,0.900
13.870795067,0.2458,0.8558,0.1456,0.902
13.881145067,0.2450,0.8624,0.1454,0.908
13.88240399,0.2441,0.8666,0.1429,0.912
13.883192106,0.2438,0.8729,0.1410,0.917
13.884065413,0.2421,0.8788,0.1380,0.922
13.884881452,0.2433,0.8824,0.1366,0.925
13.885915221,0.2443,0.8890,0.1317,0.931
13.886697144,0.2453,0.8971,0.1280,0.939
13.887430913,0.2463,0.9017,0.1251,0.943
13.888472029,0.2475,0.9118,0.1204,0.952
13.904813336,0.2480,0.9188,0.1168,0.959
13.906536182,0.2497,0.9235,0.1143,0.963
13.907730644,0.2509,0.9323,0.1087,0.972
13.908784298,0.2519,0.9369,0.1063,0.976
13.910375259,0.2516,0.9464,0.1021,0.985
13.911621529,0.2526,0.9577,0.0933,0.995
13.912616875,0.2543,0.9640,0.0906,1.001
13.914098413,0.2565,0.9743,0.0862,1.011
13.914903875,0.2602,0.9797,0.0818,1.017
13.915926682,0.2619,0.9929,0.0792,1.030
13.916751182,0.2658,1.0063,0.0735,1.043
13.917998106,0.2682,1.0129,0.0723,1.050
13.918815759,0.2726,1.0261,0.0672,1.064
13.919809721,0.2778,1.0417,0.0657,1.080
13.921041298,0.2802,1.0481,0.0643,1.087
13.922323452,0.2873,1.0615,0.0616,1.101
13.923371413,0.2917,1.0688,0.0611,1.110
13.924521067,0.2976,1.0837,0.0613,1.126
13.925655721,0.3049,1.0974,0.0623,1.141
13.928401913,0.3090,1.1035,0.0628,1.148
13.930135606,0.3164,1.1157,0.0662,1.162
13.93151599,0.3227,1.1292,0.0701,1.176
13.933491067,0.3259,1.1363,0.0721,1.184
13.935463682,0.3340,1.1485,0.0760,1.198
13.937456452,0.3367,1.1541,0.0796,1.205
13.940606298,0.3430,1.1614,0.0884,1.214
13.942514836,0.3494,1.1690,0.0972,1.224
13.943853336,0.3540,1.1724,0.1019,1.229
13.945232259,0.3594,1.1798,0.1114,1.238
13.947339413,0.3655,1.1822,0.1214,1.243
13.949197375,0.3694,1.1871,0.1263,1.250
13.951290913,0.3787,1.1912,0.1380,1.258
13.953039336,0.3828,1.1922,0.1439,1.260
13.954963298,0.3904,1.1922,0.1561,1.264
13.957132298,0.3968,1.1915,0.1669,1.267
13.959327721,0.4009,1.1900,0.1717,1.267
13.962222259,0.4082,1.1883,0.1823,1.270
13.963023721,0.4107,1.1871,0.1908,1.271
13.964929798,0.4126,1.1856,0.1962,1.271
13.967011875,0.4141,1.1822,0.2047,1.269
13.968649606,0.4143,1.1800,0.2094,1.268
13.970835413,0.4141,1.1780,0.2172,1.267
13.976509029,0.4121,1.1727,0.2223,1.263
13.977084952,0.4095,1.1712,0.2243,1.261
13.977385606,0.4043,1.1685,0.2262,1.257
13.981868875,0.3965,1.1666,0.2277,1.253
13.982142913,0.3909,1.1671,0.2265,1.251
13.982541644,0.3757,1.1680,0.2211,1.247
13.984706336,0.3677,1.1702,0.2165,1.246
13.986570606,0.3481,1.1749,0.2052,1.242
13.988886798,0.3269,1.1837,0.1884,1.242
13.997458682,0.3176,1.1890,0.1776,1.243
13.997895336,0.3003,1.2010,0.1571,1.248
13.998149413,0.2873,1.2137,0.1349,1.255
13.999196875,0.2839,1.2210,0.1229,1.260
13.999434913,0.2805,1.2337,0.0972,1.269
14.000329067,0.2802,1.2423,0.0853,1.276
14.002432413,0.2824,1.2579,0.0650,1.291
14.004794682,0.2849,1.2738,0.0452,1.306
14.007401413,0.2866,1.2811,0.0347,1.313
14.008264375,0.2905,1.2941,0.0188,1.326
14.010345105,0.2932,1.3087,0.0068,1.341
14.012160682,0.2954,1.3161,0.0015,1.349
14.014220875,0.2993,1.3266,-0.0039,1.360
14.016203529,0.3015,1.3322,-0.0061,1.366
14.018037067,0.3098,1.3425,-0.0061,1.378
14.020158298,0.3122,1.3500,-0.0024,1.386
14.022178798,0.3144,1.3520,0.0010,1.388
14.023927952,0.3181,1.3537,0.0107,1.391
14.026083529,0.3174,1.3535,0.0156,1.390
14.027930221,0.3235,1.3486,0.0305,1.387
14.029826375,0.3347,1.3361,0.0484,1.378
14.03178849,0.3389,1.3285,0.0569,1.372
14.033912067,0.3481,1.3112,0.0745,1.359
14.035932605,0.3557,1.2887,0.0948,1.340
14.037831413,0.3594,1.2750,0.1031,1.329
14.041356452,0.3635,1.2447,0.1190,1.302
14.043120721,0.3650,1.2303,0.1268,1.290
14.043982798,0.3645,1.2008,0.1375,1.262
14.045826644,0.3599,1.1739,0.1446,1.236
14.047617144,0.3572,1.1602,0.1473,1.223
14.049798605,0.3489,1.1355,0.1461,1.197
14.051645067,0.3386,1.1145,0.1412,1.173
14.053767413,0.3332,1.1033,0.1353,1.160
14.055528798,0.3240,1.0835,0.1214,1.137
14.058957029,0.3198,1.0745,0.1131,1.127
14.060736029,0.3105,1.0588,0.0933,1.107
14.062193067,0.3010,1.0437,0.0713,1.089
14.064662952,0.2973,1.0371,0.0603,1.081
14.066066452,0.2924,1.0232,0.0364,1.065
14.067663259,0.2878,1.0087,0.0147,1.049
14.069800644,0.2863,1.0021,0.0046,1.042
14.071704875,0.2832,0.9865,-0.0164,1.026
14.076690105,0.2827,0.9797,-0.0259,1.020
14.07854749,0.2824,0.9675,-0.0445,1.009
14.079749375,0.2836,0.9543,-0.0628,0.998
14.081072913,0.2844,0.9479,-0.0721,0.992
14.08260099,0.2841,0.9337,-0.0884,0.980
14.083676913,0.2822,0.9196,-0.1058,0.968
14.085191105,0.2814,0.9139,-0.1131,0.963
14.087219067,0.2800,0.9020,-0.1266,0.953
14.089164913,0.2785,0.8956,-0.1341,0.947
14.099874029,0.2763,0.8837,-0.1507,0.938
14.101587836,0.2739,0.8727,-0.1664,0.930
14.102555567,0.2719,0.8680,-0.1742,0.926
14.103687067,0.2673,0.8587,-0.1886,0.919
14.104820759,0.2604,0.8492,-0.2003,0.911
14.106181298,0.2580,0.8453,-0.2081,0.908
14.10665099,0.2511,0.8399,-0.2194,0.904
14.107017144,0.2465,0.8363,-0.2240,0.900
14.124193913,0.2375,0.8297,-0.2304,0.893
14.126155605,0.2301,0.8253,-0.2370,0.889
14.127421259,0.2250,0.8231,-0.2394,0.886
14.128426067,0.2155,0.8204,-0.2394,0.881
14.129860182,0.2067,0.8194,-0.2377,0.878
14.131218567,0.2025,0.8184,-0.2355,0.875
14.132541413,0.1935,0.8199,-0.2292,0.873
14.133714644,0.1888,0.8196,-0.2228,0.870
14.134807375,0.1801,0.8206,-0.2081,0.866
14.135627682,0.1688,0.8221,-0.1908,0.861
14.136622105,0.1652,0.8223,-0.1805,0.858
14.137596952,0.1571,0.8272,-0.1566,0.856
14.138741721,0.1485,0.8314,-0.1327,0.855
14.139835182,0.1437,0.8333,-0.1195,0.854
14.140950913,0.1349,0.8385,-0.0911,0.854
14.142158836,0.1263,0.8411,-0.0608,0.853
14.143113413,0.1214,0.8463,-0.0469,0.856
14.143840798,0.1143,0.8543,-0.0191,0.862
14.14467749,0.1097,0.8585,-0.0049,0.865
14.145701028,0.0994,0.8685,0.0254,0.875
14.146364028,0.0919,0.8783,0.0515,0.885
14.148507952,0.0892,0.8822,0.0645,0.889
14.150635336,0.0858,0.8907,0.0894,0.899
14.151974336,0.0828,0.9032,0.1114,0.914
14.154128144,0.0811,0.9098,0.1219,0.922
14.157833221,0.0804,0.9220,0.1415,0.936
14.158636567,0.0823,0.9286,0.1488,0.944
14.160220913,0.0860,0.9408,0.1630,0.959
14.162243798,0.0904,0.9528,0.1717,0.972
14.164021682,0.0933,0.9582,0.1759,0.979
14.166351259,0.1004,0.9677,0.1815,0.990
14.167822721,0.1082,0.9789,0.1818,1.002
14.170326221,0.1129,0.9846,0.1818,1.008
14.172004413,0.1217,0.9963,0.1783,1.019
14.174644336,0.1268,1.0017,0.1754,1.025
14.17619649,0.1373,1.0097,0.1654,1.032
14.178105567,0.1466,1.0195,0.1532,1.041
14.180370528,0.1537,1.0217,0.1461,1.043
14.181697567,0.1656,1.0271,0.1297,1.048
14.184270913,0.1788,1.0307,0.1121,1.052
14.185816375,0.1867,1.0329,0.1036,1.055
14.187783336,0.1981,1.0366,0.0848,1.059
14.19517599,0.2030,1.0376,0.0750,1.060
14.196038952,0.2152,1.0410,0.0542,1.064
14.19646499,0.2279,1.0403,0.0347,1.066
14.196874721,0.2336,1.0388,0.0249,1.065
14.19754449,0.2446,1.0378,0.0066,1.066
14.20019499,0.2538,1.0351,-0.0137,1.066
14.201965336,0.2573,1.0334,-0.0244,1.065
14.203666644,0.2670,1.0298,-0.0413,1.065
14.206223682,0.2709,1.0280,-0.0489,1.064
14.214160644,0.2783,1.0229,-0.0611,1.062
14.215005605,0.2851,1.0170,-0.0733,1.059
14.215442221,0.2890,1.0144,-0.0787,1.058
14.215856144,0.2968,1.0063,-0.0855,1.053
14.216292451,0.3010,0.9973,-0.0897,1.046
14.21726249,0.3029,0.9931,-0.0919,1.042
14.219802182,0.3059,0.9853,-0.0933,1.036
14.221163913,0.3081,0.9799,-0.0923,1.031
14.224533798,0.3105,0.9687,-0.0892,1.021
14.225403067,0.3132,0.9552,-0.0806,1.009
14.22726249,0.3137,0.9489,-0.0765,1.002
14.229006605,0.3152,0.9386,-0.0672,0.992
14.231137528,0.3176,0.9259,-0.0547,0.980
14.233026836,0.3183,0.9193,-0.0474,0.974
14.235355144,0.3159,0.9076,-0.0332,0.962
14.237210721,0.3122,0.9005,-0.0156,0.953
14.239318875,0.3112,0.8881,-0.0068,0.941
14.242500221,0.3064,0.8749,0.0115,0.927
14.243999144,0.3044,0.8690,0.0203,0.921
14.245048259,0.2998,0.8565,0.0396,0.908
14.247221798,0.2924,0.8438,0.0596,0.895
14.249121259,0.2895,0.8375,0.0694,0.889
14.251032105,0.2812,0.8267,0.0899,0.878
14.252807413,0.2736,0.8206,0.1082,0.872
14.254796759,0.2700,0.8091,0.1180,0.861
14.258556413,0.2636,0.7974,0.1356,0.851
14.260125721,0.2587,0.7916,0.1432,0.845
14.262439721,0.2497,0.7796,0.1598,0.834
14.263980182,0.2421,0.7701,0.1742,0.826
14.265047028,0.2375,0.7669,0.1813,0.823
14.266877567,0.2287,0.7588,0.1930,0.816
14.268529759,0.2189,0.7544,0.2038,0.812
14.27066449,0.2143,0.7478,0.2069,0.805
14.272757528,0.2060,0.7405,0.2138,0.798
14.276325298,0.2020,0.7373,0.2157,0.794
14.278026913,0.1935,0.7319,0.2177,0.788
14.279255375,0.1835,0.7256,0.2177,0.779
14.281492105,0.1796,0.7229,0.2157,0.775
14.282540105,0.1713,0.7185,0.2133,0.769
14.284524798,0.1630,0.7173,0.2086,0.765
14.286487221,0.1600,0.7163,0.2047,0.762
14.288607221,0.1544,0.7153,0.1957,0.758
14.299611067,0.1515,0.7144,0.1908,0.755
14.300512836,0.1449,0.7119,0.1803,0.749
14.300979721,0.1424,0.7139,0.1691,0.747
14.301461105,0.1412,0.7136,0.1644,0.746
14.301870336,0.1373,0.7134,0.1532,0.742
14.302275298,0.1292,0.7173,0.1407,0.742
14.305194798,0.1273,0.7185,0.1341,0.742
14.305750105,0.1229,0.7219,0.1217,0.742
14.321948721,0.1202,0.7239,0.1158,0.743
14.322935605,0.1156,0.7268,0.1031,0.743
14.323389913,0.1148,0.7312,0.0894,0.746
14.323822644,0.1153,0.7337,0.0840,0.747
14.324229221,0.1190,0.7385,0.0735,0.752
14.324643759,0.1190,0.7420,0.0652,0.754
14.325063605,0.1217,0.7486,0.0601,0.761
14.325580951,0.1256,0.7559,0.0528,0.768
14.326009182,0.1270,0.7583,0.0501,0.771
14.326432682,0.1300,0.7657,0.0428,0.778
14.326833721,0.1346,0.7754,0.0381,0.788
14.327902567,0.1363,0.7806,0.0364,0.793
14.33031699,0.1419,0.7894,0.0349,0.803
14.331839682,0.1478,0.7974,0.0344,0.812
14.333578874,0.1502,0.8023,0.0332,0.817
14.335962298,0.1561,0.8143,0.0354,0.830
14.337954644,0.1595,0.8199,0.0357,0.836
14.341768298,0.1659,0.8284,0.0366,0.846
14.343547413,0.1735,0.8389,0.0408,0.858
14.344722644,0.1764,0.8433,0.0428,0.863
14.346084567,0.1830,0.8534,0.0472,0.874
14.347852451,0.1910,0.8614,0.0513,0.884
14.34966999,0.1937,0.8663,0.0545,0.889
14.351679836,0.2008,0.8756,0.0594,0.900
14.354003182,0.2047,0.8795,0.0601,0.905
14.355364836,0.2123,0.8895,0.0647,0.917
14.358619874,0.2204,0.8983,0.0730,0.928
14.36028749,0.2235,0.9027,0.0765,0.933
14.362446567,0.2301,0.9120,0.0809,0.944
14.363807721,0.2365,0.9203,0.0865,0.954
14.365253298,0.2392,0.9245,0.0884,0.959
14.367274028,0.2453,0.9303,0.0943,0.967
14.369101336,0.2480,0.9328,0.0975,0.970
14.371441336,0.2514,0.9391,0.1036,0.978
14.373429374,0.2553,0.9450,0.1087,0.985
14.377590298,0.2568,0.9486,0.1107,0.989
14.379681913,0.2568,0.9535,0.1158,0.994
14.381518451,0.2577,0.9577,0.1202,0.999
14.383169259,0.2595,0.9599,0.1226,1.002
14.384273836,0.2597,0.9648,0.1270,1.007
14.386045836,0.2587,0.9672,0.1280,1.009
14.386853336,0.2607,0.9731,0.1324,1.016
14.388713336,0.2575,0.9772,0.1371,1.020
14.396250528,0.2563,0.9777,0.1388,1.020
14.397171682,0.2548,0.9806,0.1427,1.023
14.397719259,0.2516,0.9836,0.1468,1.026
14.398165798,0.2494,0.9838,0.1478,1.026
14.399792836,0.2433,0.9855,0.1476,1.026
14.400928413,0.2402,0.9858,0.1480,1.025
14.402979374,0.2343,0.9872,0.1500,1.026
14.404986067,0.2294,0.9894,0.1476,1.026
14.425537874,0.2282,0.9899,0.1473,1.027
14.426344259,0.2199,0.9902,0.1480,1.025
14.426597182,0.2135,0.9892,0.1454,1.022
14.426831028,0.2099,0.9897,0.1437,1.022
14.427063182,0.2020,0.9914,0.1383,1.021
14.427314105,0.1994,0.9899,0.1361,1.019
14.427539644,0.1967,0.9887,0.1317,1.017
14.427772413,0.1937,0.9850,0.1280,1.012
14.428005951,0.1925,0.9836,0.1270,1.010
14.428234528,0.1896,0.9799,0.1263,1.006
14.428455682,0.1852,0.9775,0.1300,1.003
14.428690874,0.1845,0.9755,0.1327,1.002
14.430604605,0.1823,0.9711,0.1412,0.998
14.432468836,0.1783,0.9687,0.1537,0.997
14.434351028,0.1764,0.9631,0.1586,0.992
14.436208105,0.1732,0.9569,0.1676,0.987
14.438330874,0.1717,0.9535,0.1713,0.984
14.442089105,0.1700,0.9477,0.1801,0.979
14.443187951,0.1654,0.9423,0.1906,0.975
14.444135605,0.1622,0.9386,0.1945,0.972
14.44610999,0.1608,0.9318,0.1940,0.965
14.448021836,0.1625,0.9249,0.1906,0.958
14.450000913,0.1617,0.9210,0.1891,0.954
14.451866144,0.1615,0.9154,0.1847,0.948
14.454197836,0.1612,0.9127,0.1837,0.945
14.455911528,0.1605,0.9100,0.1786,0.941
14.458650144,0.1600,0.9086,0.1737,0.939
14.459876797,0.1595,0.9078,0.1693,0.937
14.462199797,0.1605,0.9076,0.1590,0.935
14.463883182,0.1617,0.9088,0.1500,0.935
14.465932182,0.1620,0.9076,0.1454,0.933
14.467721259,0.1598,0.9071,0.1336,0.931
14.469786067,0.1600,0.9074,0.1278,0.930
14.472167644,0.1608,0.9083,0.1187,0.930
14.475706605,0.1612,0.9081,0.1080,0.929
14.476170605,0.1620,0.9078,0.1031,0.928
14.477607721,0.1649,0.9086,0.0963,0.928
14.480928682,0.1649,0.9083,0.0899,0.928
14.481483721,0.1666,0.9071,0.0877,0.926
14.483544682,0.1708,0.9081,0.0843,0.928
14.485663182,0.1717,0.9088,0.0826,0.929
14.487747644,0.1749,0.9086,0.0836,0.929
14.489651721,0.1781,0.9105,0.0848,0.932
14.499411759,0.1788,0.9120,0.0853,0.933
14.500666759,0.1813,0.9161,0.0870,0.938
14.501839028,0.1832,0.9171,0.0904,0.940
14.50264599,0.1871,0.9193,0.0963,0.943
14.503567144,0.1896,0.9240,0.1041,0.949
14.504469644,0.1906,0.9271,0.1087,0.953
14.505446221,0.1937,0.9325,0.1170,0.960
14.506557528,0.1979,0.9396,0.1241,0.968
14.507822105,0.2003,0.9433,0.1270,0.973
14.509017259,0.2025,0.9506,0.1334,0.981
14.529498297,0.2047,0.9540,0.1375,0.985
14.531099567,0.2103,0.9643,0.1451,0.998
14.531927759,0.2155,0.9745,0.1524,1.010
14.533094836,0.2182,0.9802,0.1556,1.016
14.534171528,0.2233,0.9936,0.1627,1.031
14.535317951,0.2294,1.0041,0.1703,1.044
14.536679028,0.2321,1.0105,0.1735,1.051
14.537853605,0.2406,1.0232,0.1801,1.066
14.53886422,0.2438,1.0290,0.1842,1.073
14.53959349,0.2482,1.0403,0.1910,1.086
14.540751567,0.2536,1.0517,0.1981,1.100
14.541889067,0.2563,1.0576,0.2013,1.107
14.54302022,0.2609,1.0671,0.2099,1.118
14.543923182,0.2668,1.0767,0.2177,1.130
14.544922144,0.2685,1.0815,0.2204,1.136
14.545892297,0.2687,1.0899,0.2260,1.145
14.546916259,0.2690,1.0940,0.2299,1.150
14.547632028,0.2690,1.1040,0.2370,1.161
14.54835872,0.2695,1.1111,0.2402,1.168
14.549187028,0.2687,1.1148,0.2421,1.172
14.551854913,0.2692,1.1223,0.2438,1.180
14.553462913,0.2653,1.1294,0.2460,1.186
14.554615759,0.2643,1.1331,0.2470,1.189
14.556295951,0.2646,1.1377,0.2460,1.194
14.561022836,0.2636,1.1390,0.2455,1.195
14.562722336,0.2592,1.1414,0.2424,1.195
14.563782797,0.2568,1.1446,0.2360,1.197
14.564993028,0.2548,1.1456,0.2323,1.196
14.566268797,0.2502,1.1482,0.2262,1.197
14.568104374,0.2467,1.1482,0.2216,1.195
14.570291259,0.2463,1.1480,0.2135,1.193
14.572103874,0.2460,1.1482,0.2062,1.192
14.57515072,0.2438,1.1470,0.2035,1.190
14.57645672,0.2428,1.1456,0.1959,1.187
14.579133644,0.2414,1.1441,0.1891,1.184
14.58076322,0.2416,1.1436,0.1852,1.183
14.582306451,0.2421,1.1409,0.1808,1.180
14.583970374,0.2431,1.1387,0.1766,1.178
14.58581872,0.2448,1.1380,0.1727,1.177
14.587705605,0.2470,1.1365,0.1693,1.175
14.589875874,0.2482,1.1350,0.1681,1.174
14.594321336,0.2504,1.1346,0.1661,1.174
14.594885297,0.2585,1.1333,0.1634,1.174
14.595958913,0.2614,1.1353,0.1610,1.176
14.597661797,0.2680,1.1372,0.1566,1.179
14.599837682,0.2773,1.1414,0.1517,1.184
14.601443182,0.2834,1.1453,0.1502,1.189
14.60355949,0.2956,1.1521,0.1456,1.198
14.605411413,0.3012,1.1563,0.1439,1.204
14.618359797,0.3125,1.1680,0.1400,1.217
14.618897028,0.3232,1.1815,0.1385,1.233
14.619140067,0.3291,1.1893,0.1397,1.242
14.619371682,0.3415,1.2061,0.1449,1.262
14.61960372,0.3481,1.2144,0.1490,1.272
14.619837528,0.3613,1.2313,0.1600,1.293
14.620064336,0.3750,1.2496,0.1774,1.317
14.621180413,0.3828,1.2587,0.1857,1.329
14.623096759,0.3982,1.2755,0.2052,1.352
14.627694028,0.4158,1.2841,0.2289,1.369
14.628206182,0.4229,1.2975,0.2411,1.386
14.628763836,0.4354,1.3090,0.2670,1.405
14.631064374,0.4424,1.3136,0.2792,1.414
14.63282099,0.4554,1.3197,0.3007,1.428
14.637808682,0.4654,1.3234,0.3176,1.438
14.638074951,0.4696,1.3246,0.3247,1.442
14.638682451,0.4730,1.3229,0.3347,1.444
14.64155372,0.4732,1.3207,0.3376,1.443
14.642904297,0.4747,1.3119,0.3406,1.436
14.644717451,0.4759,1.3017,0.3371,1.426
14.64672822,0.4737,1.2958,0.3327,1.419
14.648575759,0.4664,1.2816,0.3191,1.401
14.650765028,0.4542,1.2667,0.3007,1.379
14.652593451,0.4476,1.2599,0.2885,1.368
14.654844451,0.4322,1.2440,0.2643,1.343
14.656491605,0.4239,1.2352,0.2514,1.330
14.66000972,0.4063,1.2193,0.2221,1.304
14.66094272,0.3882,1.2032,0.1915,1.279
14.662561874,0.3797,1.1949,0.1759,1.266
14.664237336,0.3647,1.1783,0.1498,1.243
14.666346143,0.3503,1.1614,0.1239,1.219
14.668206759,0.3452,1.1534,0.1129,1.209
14.670455913,0.3364,1.1343,0.0904,1.187
14.672356182,0.3330,1.1253,0.0809,1.176
14.682346451,0.3247,1.1052,0.0650,1.154
14.683540836,0.3181,1.0864,0.0508,1.133
14.684491528,0.3161,1.0764,0.0440,1.123
14.685224528,0.3127,1.0554,0.0296,1.101
14.686139336,0.3112,1.0361,0.0178,1.082
14.686952836,0.3098,1.0266,0.0112,1.072
14.687773643,0.3076,1.0061,-0.0012,1.052
14.68850549,0.3059,0.9953,-0.0068,1.041
14.690174336,0.3032,0.9760,-0.0173,1.022
14.70197522,0.2983,0.9574,-0.0249,1.003
14.703861143,0.2959,0.9489,-0.0291,0.994
14.705088413,0.2900,0.9318,-0.0359,0.977
14.706644605,0.2846,0.9127,-0.0425,0.957
14.708369336,0.2829,0.9037,-0.0467,0.948
14.709912297,0.2780,0.8871,-0.0555,0.931
14.711347759,0.2770,0.8778,-0.0589,0.922
14.712387567,0.2756,0.8602,-0.0652,0.906
14.713319182,0.2758,0.8455,-0.0733,0.892
14.714313143,0.2770,0.8367,-0.0772,0.885
14.715034374,0.2778,0.8196,-0.0838,0.869
14.716106374,0.2780,0.8025,-0.0914,0.854
14.716860143,0.2790,0.7930,-0.0943,0.846
14.718057336,0.2812,0.7786,-0.0980,0.834
14.720709759,0.2822,0.7713,-0.0994,0.827
14.722333143,0.2863,0.7586,-0.0989,0.817
14.723610643,0.2885,0.7439,-0.0958,0.804
14.729650759,0.2912,0.7361,-0.0936,0.797
14.730273797,0.2978,0.7224,-0.0858,0.786
14.730531643,0.3051,0.7102,-0.0777,0.777
14.731597951,0.3073,0.7041,-0.0730,0.772
14.733348067,0.3095,0.6948,-0.0621,0.763
14.735188143,0.3115,0.6889,-0.0559,0.758
14.737199451,0.3159,0.6770,-0.0450,0.748
14.73924349,0.3200,0.6684,-0.0335,0.742
14.742163874,0.3220,0.6657,-0.0271,0.740
14.744271143,0.3264,0.6584,-0.0169,0.735
14.746570413,0.3308,0.6530,-0.0073,0.732
14.74703472,0.3327,0.6506,-0.0015,0.731
14.74920772,0.3349,0.6452,0.0056,0.727
14.751090297,0.3354,0.6428,0.0078,0.725
14.75305822,0.3367,0.6411,0.0147,0.724
14.755098913,0.3393,0.6401,0.0217,0.725
14.757215797,0.3393,0.6403,0.0247,0.725
14.759592105,0.3415,0.6423,0.0271,0.728
14.76109149,0.3457,0.6452,0.0315,0.733
14.763083143,0.3454,0.6472,0.0335,0.734
14.764927951,0.3484,0.6521,0.0364,0.740
14.767036913,0.3503,0.6560,0.0374,0.745
14.76884199,0.3508,0.6660,0.0381,0.754
14.771183874,0.3540,0.6787,0.0379,0.766
14.772991836,0.3557,0.6853,0.0379,0.773
14.783514566,0.3596,0.7004,0.0406,0.788
14.78459972,0.3623,0.7166,0.0371,0.804
14.785403913,0.3630,0.7261,0.0374,0.813
14.78610249,0.3650,0.7451,0.0376,0.831
14.786790759,0.3674,0.7554,0.0379,0.841
14.789023143,0.3713,0.7769,0.0352,0.862
14.790206143,0.3740,0.7989,0.0349,0.883
14.791369836,0.3757,0.8099,0.0337,0.893
14.79302872,0.3777,0.8328,0.0318,0.915
14.794295643,0.3814,0.8556,0.0318,0.937
14.795518566,0.3821,0.8685,0.0327,0.949
14.796844028,0.3831,0.8932,0.0352,0.973
14.803279566,0.3833,0.9052,0.0354,0.984
14.804984913,0.3833,0.9293,0.0366,1.006
14.806260336,0.3826,0.9508,0.0388,1.026
14.807872566,0.3836,0.9621,0.0401,1.036
14.812642028,0.3799,0.9848,0.0450,1.056
14.814575413,0.3784,1.0051,0.0493,1.075
14.815698797,0.3777,1.0139,0.0513,1.083
14.817167605,0.3743,1.0324,0.0557,1.100
14.818904028,0.3721,1.0405,0.0581,1.107
14.820520566,0.3691,1.0547,0.0638,1.119
14.821812336,0.3665,1.0676,0.0694,1.131
14.822436451,0.3645,1.0735,0.0704,1.136
14.822865682,0.3599,1.0847,0.0723,1.145
14.825916643,0.3520,1.0928,0.0730,1.150
14.82680722,0.3486,1.0967,0.0728,1.153
14.828216259,0.3433,1.1023,0.0716,1.157
14.830626759,0.3406,1.1038,0.0721,1.157
14.832277028,0.3357,1.1062,0.0708,1.158
14.834427182,0.3298,1.1065,0.0672,1.157
14.836118643,0.3252,1.1052,0.0660,1.154
14.838598643,0.3156,1.1030,0.0621,1.149
14.840078143,0.3095,1.1006,0.0591,1.145
14.843244797,0.3061,1.0977,0.0559,1.141
14.844045797,0.2988,1.0896,0.0520,1.131
14.845965297,0.2934,1.0852,0.0484,1.125
14.848017951,0.2912,1.0771,0.0462,1.117
14.850510374,0.2873,1.0654,0.0432,1.104
14.852074374,0.2856,1.0600,0.0415,1.099
14.853770836,0.2810,1.0498,0.0386,1.087
14.856156797,0.2783,1.0383,0.0359,1.076
14.859338297,0.2770,1.0332,0.0352,1.070
14.860206797,0.2746,1.0200,0.0332,1.057
14.862639605,0.2709,1.0083,0.0332,1.045
14.863837989,0.2692,1.0019,0.0330,1.038
14.867463413,0.2636,0.9875,0.0342,1.023
14.868157989,0.2621,0.9799,0.0352,1.015
14.869551336,0.2614,0.9662,0.0371,1.002
14.871616913,0.2568,0.9528,0.0374,0.987
14.873526066,0.2563,0.9467,0.0379,0.981
14.876433336,0.2541,0.9340,0.0406,0.969
14.877494182,0.2514,0.9193,0.0430,0.954
14.879877182,0.2511,0.9105,0.0452,0.946
14.881445874,0.2499,0.8951,0.0518,0.931
14.883900989,0.2492,0.8881,0.0535,0.924
14.885357451,0.2458,0.8732,0.0557,0.909
14.887608105,0.2455,0.8600,0.0599,0.896
14.889445913,0.2450,0.8529,0.0621,0.890
14.900059605,0.2433,0.8387,0.0669,0.876
14.901943374,0.2431,0.8262,0.0723,0.864
14.90313872,0.2426,0.8199,0.0740,0.858
14.904245336,0.2428,0.8052,0.0765,0.845
14.905368759,0.2433,0.7989,0.0792,0.839
14.906572874,0.2419,0.7876,0.0843,0.828
14.907787528,0.2424,0.7742,0.0894,0.816
14.908634643,0.2428,0.7681,0.0916,0.811
14.909907874,0.2426,0.7573,0.0950,0.801
14.91122622,0.2433,0.7454,0.0975,0.790
14.912299374,0.2441,0.7407,0.0989,0.786
14.913565105,0.2438,0.7302,0.1009,0.776
14.929529682,0.2433,0.7273,0.1014,0.774
14.93081172,0.2441,0.7217,0.1029,0.769
14.931668297,0.2453,0.7122,0.1041,0.760
14.932443797,0.2443,0.7085,0.1051,0.757
14.933268643,0.2436,0.7036,0.1075,0.752
14.934207682,0.2438,0.6985,0.1055,0.747
14.935029951,0.2436,0.6965,0.1041,0.745
14.935960028,0.2424,0.6936,0.1058,0.742
14.936892028,0.2399,0.6899,0.1043,0.738
14.937818566,0.2375,0.6885,0.1041,0.736
14.938578643,0.2367,0.6880,0.1053,0.735
14.939374643,0.2365,0.6870,0.1063,0.734
14.940051374,0.2336,0.6899,0.1055,0.736
14.94110272,0.2296,0.6911,0.1048,0.736
14.94383272,0.2282,0.6929,0.1053,0.737
14.945409605,0.2260,0.6960,0.1036,0.739
14.949819336,0.2235,0.6992,0.1043,0.741
14.951009836,0.2223,0.7014,0.1060,0.743
14.952012913,0.2196,0.7058,0.1102,0.747
14.954672182,0.2182,0.7092,0.1104,0.750
14.955605374,0.2174,0.7148,0.1099,0.755
14.956622143,0.2125,0.7197,0.1109,0.759
14.960064989,0.2116,0.7229,0.1124,0.762
14.961823913,0.2113,0.7327,0.1124,0.771
14.963075451,0.2118,0.7402,0.1131,0.778
14.96427872,0.2125,0.7432,0.1129,0.781
14.966413759,0.2135,0.7505,0.1109,0.788
14.968244297,0.2143,0.7554,0.1109,0.793
14.970299028,0.2140,0.7644,0.1109,0.802
14.972034143,0.2150,0.7725,0.1104,0.809
14.974142682,0.2165,0.7776,0.1102,0.815
14.978066759,0.2201,0.7886,0.1112,0.826
14.979540451,0.2226,0.7935,0.1099,0.831
14.980625605,0.2250,0.8033,0.1063,0.841
14.982483489,0.2274,0.8153,0.1058,0.853
14.983846605,0.2296,0.8209,0.1053,0.859
14.986091605,0.2353,0.8294,0.1038,0.868
14.987810759,0.2433,0.8370,0.1021,0.878
14.989940336,0.2463,0.8421,0.1011,0.883
14.999763759,0.2553,0.8541,0.1016,0.897
15.001421797,0.2592,0.8590,0.1024,0.903
15.002467989,0.2617,0.8685,0.1038,0.913
15.003402412,0.2685,0.8763,0.1048,0.923
15.004434605,0.2724,0.8790,0.1060,0.926
15.005721489,0.2807,0.8873,0.1070,0.937
15.006256528,0.2871,0.8946,0.1099,0.946
15.006497066,0.2907,0.8976,0.1121,0.950
15.007497259,0.2981,0.9032,0.1160,0.958
15.024214336,0.3059,0.9066,0.1175,0.964
15.02533772,0.3095,0.9118,0.1209,0.970
15.025664989,0.3171,0.9154,0.1244,0.977
15.025908297,0.3215,0.9159,0.1263,0.979
15.026137259,0.3279,0.9186,0.1305,0.984
15.026362643,0.3371,0.9213,0.1331,0.990
15.026596143,0.3391,0.9225,0.1344,0.992
15.026820028,0.3440,0.9240,0.1378,0.996
15.027050182,0.3469,0.9245,0.1385,0.997
15.027412759,0.3496,0.9249,0.1402,0.999
15.02918672,0.3525,0.9262,0.1427,1.001
15.031077489,0.3530,0.9259,0.1434,1.001
15.032980643,0.3540,0.9267,0.1444,1.002
15.03499172,0.3552,0.9252,0.1466,1.002
15.036834566,0.3552,0.9257,0.1476,1.002
15.039179566,0.3569,0.9257,0.1495,1.003
15.04085372,0.3557,0.9254,0.1485,1.003
15.04338522,0.3523,0.9247,0.1500,1.001
15.044823451,0.3501,0.9235,0.1476,0.999
15.046877182,0.3486,0.9225,0.1476,0.997
15.04872022,0.3430,0.9210,0.1480,0.994
15.050914989,0.3406,0.9205,0.1466,0.992
15.052829989,0.3391,0.9208,0.1451,0.992
15.054711297,0.3354,0.9203,0.1439,0.990
15.056644528,0.3335,0.9198,0.1439,0.989
15.059229989,0.3288,0.9191,0.1422,0.986
15.060601759,0.3222,0.9198,0.1395,0.985
15.062480605,0.3188,0.9198,0.1373,0.983
15.064450989,0.3117,0.9193,0.1341,0.980
15.066422951,0.3061,0.9201,0.1283,0.978
15.06861922,0.3042,0.9208,0.1229,0.977
15.070529797,0.2985,0.9223,0.1136,0.976
15.072411643,0.2954,0.9220,0.1082,0.974
15.074531066,0.2910,0.9218,0.0948,0.971
15.077731412,0.2897,0.9208,0.0787,0.969
15.078838297,0.2905,0.9193,0.0696,0.967
15.08025722,0.2951,0.9154,0.0496,0.963
15.082311605,0.3003,0.9139,0.0340,0.963
15.08436222,0.3022,0.9122,0.0257,0.961
15.086269182,0.3054,0.9100,0.0125,0.960
15.088172989,0.3078,0.9093,0.0078,0.960
15.090299489,0.3125,0.9096,-0.0002,0.962
15.093030105,0.3159,0.9083,-0.0024,0.962
15.094540835,0.3183,0.9074,-0.0022,0.962
15.096367335,0.3222,0.9061,-0.0007,0.962
15.098144182,0.3244,0.9061,0.0000,0.962
15.099945182,0.3288,0.9081,-0.0015,0.966
15.102004912,0.3288,0.9113,0.0015,0.969
15.104011066,0.3283,0.9132,0.0020,0.970
15.106111759,0.3264,0.9169,0.0037,0.973
15.116331182,0.3274,0.9205,0.0064,0.977
15.117793951,0.3276,0.9232,0.0054,0.980
15.118762259,0.3266,0.9318,0.0037,0.987
15.119772105,0.3254,0.9369,0.0042,0.992
15.120719759,0.3237,0.9464,0.0088,1.000
15.121816335,0.3183,0.9574,0.0181,1.009
15.122634759,0.3174,0.9640,0.0217,1.015
15.123397451,0.3154,0.9777,0.0293,1.028
15.124473335,0.3132,0.9916,0.0362,1.041
15.125732489,0.3120,0.9990,0.0393,1.047
15.127617643,0.3095,1.0129,0.0472,1.060
15.129475989,0.3083,1.0207,0.0523,1.068
15.131452912,0.3051,1.0385,0.0672,1.085
15.133476643,0.3022,1.0525,0.0818,1.098
15.138360374,0.3007,1.0596,0.0904,1.105
15.139419682,0.2976,1.0732,0.1104,1.119
15.140784259,0.2961,1.0857,0.1312,1.133
15.143692759,0.2954,1.0918,0.1419,1.140
15.145364528,0.2941,1.1033,0.1649,1.154
15.149710951,0.2939,1.1079,0.1776,1.160
15.150825335,0.2944,1.1172,0.2040,1.173
15.15178622,0.2966,1.1245,0.2296,1.185
15.152499028,0.2971,1.1277,0.2424,1.191
15.153705297,0.3005,1.1343,0.2660,1.203
15.155404489,0.3015,1.1380,0.2883,1.212
15.157064528,0.3020,1.1404,0.2993,1.217
15.160897912,0.3061,1.1426,0.3198,1.225
15.162510028,0.3066,1.1416,0.3279,1.227
15.167121759,0.3066,1.1414,0.3428,1.231
15.168048682,0.3093,1.1424,0.3530,1.235
15.169106182,0.3112,1.1424,0.3564,1.237
15.170118412,0.3105,1.1438,0.3621,1.239
15.171252028,0.3117,1.1451,0.3630,1.241
15.173827259,0.3130,1.1470,0.3628,1.243
15.175082143,0.3120,1.1504,0.3582,1.245
15.178028105,0.3110,1.1519,0.3535,1.244
15.181550682,0.3064,1.1597,0.3384,1.246
15.182866335,0.3025,1.1678,0.3198,1.248
15.184292105,0.3005,1.1734,0.3100,1.250
15.185841451,0.2966,1.1866,0.2856,1.256
15.187029451,0.2929,1.1929,0.2729,1.258
15.188621951,0.2875,1.2083,0.2448,1.266
15.190497143,0.2846,1.2257,0.2145,1.276
15.200064335,0.2846,1.2350,0.1981,1.283
15.20066822,0.2878,1.2521,0.1673,1.296
15.200923528,0.2907,1.2731,0.1390,1.313
15.201190989,0.2934,1.2826,0.1251,1.322
15.201498682,0.2973,1.3017,0.0985,1.339
15.202137874,0.2998,1.3136,0.0872,1.350
15.204123605,0.3034,1.3356,0.0687,1.371
15.206843489,0.3066,1.3554,0.0540,1.391
15.227713105,0.3083,1.3659,0.0491,1.401
15.228405028,0.3142,1.3847,0.0415,1.421
15.228728028,0.3191,1.4021,0.0393,1.438
15.22898222,0.3232,1.4082,0.0386,1.445
15.229225912,0.3305,1.4177,0.0413,1.456
15.229504374,0.3374,1.4204,0.0474,1.461
15.229736412,0.3423,1.4238,0.0508,1.465
15.229982643,0.3498,1.4214,0.0586,1.465
15.230675297,0.3533,1.4194,0.0645,1.464
15.23095872,0.3604,1.4092,0.0760,1.456
15.231220566,0.3679,1.3938,0.0897,1.444
15.231454412,0.3701,1.3840,0.0963,1.436
15.231937066,0.3755,1.3608,0.1070,1.416
15.23399772,0.3794,1.3339,0.1178,1.392
15.236012682,0.3814,1.3202,0.1229,1.380
15.238271335,0.3811,1.2907,0.1327,1.352
15.24004872,0.3804,1.2763,0.1358,1.339
15.243100566,0.3777,1.2467,0.1424,1.310
15.243917451,0.3743,1.2169,0.1480,1.282
15.245943028,0.3728,1.2025,0.1500,1.268
15.247700758,0.3662,1.1771,0.1534,1.242
15.249911797,0.3567,1.1521,0.1539,1.216
15.251837451,0.3506,1.1399,0.1546,1.203
15.253725451,0.3411,1.1162,0.1561,1.178
15.255578335,0.3364,1.1057,0.1556,1.166
15.257595528,0.3259,1.0845,0.1532,1.143
15.26037222,0.3154,1.0659,0.1488,1.122
15.261378797,0.3100,1.0556,0.1471,1.110
15.263334412,0.3017,1.0354,0.1437,1.088
15.265494066,0.2927,1.0254,0.1405,1.076
15.267334605,0.2885,1.0070,0.1383,1.057
15.269191451,0.2805,0.9868,0.1317,1.034
15.271334528,0.2773,0.9765,0.1297,1.023
15.273054182,0.2702,0.9572,0.1248,1.002
15.276147105,0.2612,0.9379,0.1195,0.981
15.27707872,0.2565,0.9274,0.1180,0.969
15.27900322,0.2489,0.9091,0.1138,0.949
15.280966143,0.2436,0.9000,0.1099,0.939
15.283170297,0.2318,0.8812,0.1016,0.917
15.285072489,0.2209,0.8644,0.0931,0.897
15.286997489,0.2152,0.8541,0.0867,0.885
15.288857105,0.2038,0.8350,0.0733,0.863
15.290962912,0.1918,0.8182,0.0608,0.843
15.295769297,0.1852,0.8101,0.0537,0.833
15.296371989,0.1732,0.7935,0.0364,0.813
15.297086258,0.1586,0.7864,0.0178,0.802
15.301959758,0.1527,0.7730,0.0078,0.788
15.302453335,0.1429,0.7588,-0.0117,0.772
15.302959835,0.1375,0.7530,-0.0227,0.766
15.304798528,0.1256,0.7405,-0.0447,0.752
15.306899758,0.1168,0.7285,-0.0640,0.741
15.313839566,0.1129,0.7239,-0.0733,0.736
15.314513605,0.1046,0.7153,-0.0916,0.729
15.314825566,0.0977,0.7053,-0.1119,0.721
15.315725758,0.0938,0.7014,-0.1197,0.718
15.316654412,0.0867,0.6948,-0.1329,0.713
15.318865605,0.0838,0.6933,-0.1378,0.712
15.320724874,0.0794,0.6892,-0.1490,0.710
15.322639758,0.0760,0.6853,-0.1573,0.707
15.324555028,0.0735,0.6848,-0.1603,0.707
15.327825066,0.0701,0.6828,-0.1639,0.706
15.328707066,0.0689,0.6816,-0.1620,0.704
15.330439143,0.0687,0.6806,-0.1603,0.703
15.332267335,0.0682,0.6811,-0.1568,0.702
15.335338066,0.0674,0.6816,-0.1532,0.702
15.336345412,0.0667,0.6811,-0.1471,0.700
15.338261028,0.0667,0.6821,-0.1397,0.699
15.340061297,0.0672,0.6841,-0.1358,0.701
15.343326297,0.0674,0.6877,-0.1270,0.703
15.345507066,0.0687,0.6904,-0.1163,0.703
15.346193451,0.0689,0.6982,-0.1112,0.710
15.34813472,0.0701,0.7056,-0.0994,0.716
15.350177874,0.0730,0.7107,-0.0928,0.720
15.351920951,0.0743,0.7197,-0.0767,0.728
15.354051335,0.0774,0.7327,-0.0550,0.739
15.355823643,0.0784,0.7395,-0.0445,0.745
15.357755143,0.0799,0.7544,-0.0235,0.759
15.360543912,0.0792,0.7703,-0.0022,0.774
15.362065028,0.0794,0.7784,0.0081,0.782
15.363962989,0.0811,0.7957,0.0269,0.800
15.365878297,0.0818,0.8045,0.0349,0.809
15.367907605,0.0843,0.8240,0.0501,0.830
15.369863989,0.0870,0.8448,0.0613,0.851
15.371586566,0.0894,0.8563,0.0660,0.863
15.373683374,0.0931,0.8778,0.0730,0.886
15.376809451,0.0950,0.8876,0.0750,0.896
15.378899028,0.1004,0.9091,0.0774,0.918
15.379607835,0.1085,0.9315,0.0770,0.941
15.381643258,0.1146,0.9425,0.0757,0.952
15.383586643,0.1266,0.9660,0.0691,0.977
15.385697681,0.1432,0.9868,0.0623,0.999
15.38760222,0.1515,0.9980,0.0589,1.011
15.389407258,0.1683,1.0195,0.0523,1.035
15.391721258,0.1862,1.0307,0.0484,1.049
15.396189258,0.1952,1.0486,0.0408,1.067
15.396758412,0.2138,1.0698,0.0347,1.092
15.397313912,0.2216,1.0793,0.0320,1.102
15.399307604,0.2365,1.0962,0.0283,1.122
15.401496489,0.2521,1.1082,0.0213,1.137
15.403311451,0.2582,1.1155,0.0186,1.145
15.405203951,0.2712,1.1275,0.0159,1.160
15.407095374,0.2792,1.1316,0.0139,1.166
15.41691122,0.2912,1.1382,0.0115,1.175
15.417586489,0.3034,1.1438,0.0086,1.183
15.417849604,0.3095,1.1456,0.0066,1.187
15.418097874,0.3208,1.1458,0.0039,1.190
15.418341951,0.3283,1.1473,0.0010,1.193
15.418978335,0.3293,1.1456,-0.0007,1.192
15.420894374,0.3340,1.1426,-0.0042,1.190
15.423150951,0.3398,1.1385,-0.0088,1.188
15.426560566,0.3425,1.1368,-0.0093,1.187
15.428438797,0.3430,1.1302,-0.0095,1.181
15.42894172,0.3420,1.1263,-0.0105,1.177
15.431020335,0.3413,1.1172,-0.0112,1.168
15.433064528,0.3403,1.1096,-0.0078,1.161
15.434856528,0.3386,1.1050,-0.0051,1.156
15.436948374,0.3369,1.0940,-0.0022,1.145
15.438871951,0.3345,1.0830,0.0020,1.133
15.440645066,0.3332,1.0769,0.0054,1.127
15.443719258,0.3279,1.0644,0.0117,1.114
15.444925489,0.3264,1.0581,0.0159,1.107
15.446692528,0.3210,1.0471,0.0254,1.095
15.44842072,0.3152,1.0329,0.0352,1.081
15.450430528,0.3117,1.0251,0.0423,1.072
15.452389374,0.3051,1.0097,0.0540,1.056
15.454396066,0.3017,1.0026,0.0601,1.049
15.456324604,0.2924,0.9882,0.0733,1.033
15.458489835,0.2834,0.9733,0.0826,1.017
15.462014951,0.2802,0.9662,0.0880,1.010
15.462494297,0.2707,0.9530,0.1002,0.996
15.46427422,0.2612,0.9369,0.1097,0.979
15.466418451,0.2560,0.9286,0.1138,0.970
15.468225258,0.2453,0.9135,0.1226,0.954
15.470358604,0.2404,0.9078,0.1266,0.948
15.472135143,0.2309,0.8966,0.1334,0.935
15.474111528,0.2196,0.8824,0.1380,0.920
15.478921528,0.2138,0.8758,0.1402,0.912
15.480069066,0.2052,0.8624,0.1434,0.898
15.481429066,0.1962,0.8509,0.1451,0.885
15.482541951,0.1906,0.8448,0.1456,0.878
15.484083835,0.1830,0.8316,0.1419,0.863
15.486104143,0.1774,0.8270,0.1407,0.857
15.487970797,0.1681,0.8174,0.1388,0.846
15.490027758,0.1600,0.8060,0.1373,0.833
15.500838566,0.1571,0.8006,0.1346,0.827
15.502449989,0.1505,0.7894,0.1297,0.814
15.503351066,0.1434,0.7806,0.1234,0.803
15.504236066,0.1402,0.7754,0.1197,0.797
15.505249835,0.1334,0.7652,0.1129,0.785
15.506435797,0.1287,0.7608,0.1102,0.779
15.51004422,0.1246,0.7517,0.1048,0.769
15.512405566,0.1192,0.7437,0.0972,0.759
15.513421566,0.1170,0.7410,0.0943,0.756
15.514787643,0.1143,0.7322,0.0897,0.746
15.51604272,0.1119,0.7261,0.0845,0.739
15.517136181,0.1114,0.7239,0.0823,0.737
15.517992066,0.1092,0.7185,0.0782,0.731
15.51827522,0.1082,0.7158,0.0762,0.728
15.520531143,0.1092,0.7104,0.0730,0.722
15.521460681,0.1082,0.7060,0.0706,0.718
15.523487681,0.1080,0.7048,0.0706,0.717
15.529337874,0.1099,0.7041,0.0699,0.716
15.529963489,0.1099,0.7026,0.0684,0.714
15.530218604,0.1107,0.7021,0.0684,0.714
15.531310412,0.1138,0.7026,0.0691,0.715
15.53344872,0.1148,0.7041,0.0694,0.717
15.535282412,0.1192,0.7075,0.0708,0.721
15.537179412,0.1222,0.7109,0.0748,0.725
15.539208758,0.1234,0.7141,0.0755,0.729
15.541195412,0.1261,0.7190,0.0774,0.734
15.544353681,0.1300,0.7239,0.0821,0.740
15.545519143,0.1322,0.7278,0.0838,0.744
15.547265643,0.1375,0.7376,0.0892,0.756
15.549124181,0.1395,0.7412,0.0919,0.760
15.551349143,0.1422,0.7476,0.0941,0.767
15.553048681,0.1454,0.7569,0.0997,0.777
15.555092451,0.1473,0.7608,0.1016,0.782
15.556997412,0.1532,0.7701,0.1068,0.792
15.560457412,0.1595,0.7806,0.1124,0.805
15.560914489,0.1627,0.7854,0.1146,0.810
15.563143143,0.1673,0.7930,0.1192,0.819
15.564853835,0.1700,0.7977,0.1217,0.825
15.566982412,0.1757,0.8065,0.1246,0.835
15.568698297,0.1810,0.8167,0.1297,0.847
15.570700912,0.1845,0.8218,0.1327,0.853
15.572686835,0.1879,0.8324,0.1375,0.864
15.574778297,0.1918,0.8387,0.1400,0.872
15.577952758,0.1935,0.8502,0.1424,0.883
15.578801643,0.1974,0.8609,0.1466,0.895
15.582495566,0.1984,0.8666,0.1488,0.901
15.582770989,0.1989,0.8783,0.1522,0.913
15.584562143,0.2011,0.8878,0.1546,0.923
15.586651912,0.2016,0.8927,0.1551,0.928
15.588314412,0.2028,0.9037,0.1590,0.940
15.590686951,0.2023,0.9093,0.1605,0.945
15.593459297,0.2040,0.9203,0.1608,0.956
15.59577772,0.2060,0.9296,0.1605,0.966
15.597009066,0.2057,0.9347,0.1610,0.971
15.598724874,0.2069,0.9445,0.1610,0.980
15.600510527,0.2074,0.9540,0.1615,0.990
15.602260758,0.2084,0.9577,0.1620,0.993
15.604274874,0.2111,0.9653,0.1608,1.001
15.606458374,0.2121,0.9699,0.1603,1.006
15.608238758,0.2133,0.9765,0.1598,1.012
15.624113604,0.2160,0.9828,0.1593,1.019
15.626606297,0.2155,0.9860,0.1595,1.022
15.628178681,0.2130,0.9907,0.1590,1.026
15.629450604,0.2091,0.9936,0.1576,1.028
15.631209374,0.2081,0.9987,0.1571,1.032
15.632677258,0.2067,1.0019,0.1549,1.035
15.634128912,0.2050,1.0046,0.1534,1.037
15.637191604,0.2016,1.0100,0.1554,1.042
15.63896395,0.1991,1.0114,0.1529,1.042
15.64014872,0.1972,1.0119,0.1517,1.042
15.641413643,0.1932,1.0136,0.1532,1.043
15.642034527,0.1925,1.0148,0.1551,1.045
15.64227822,0.1901,1.0136,0.1551,1.043
15.642536412,0.1832,1.0124,0.1566,1.041
15.642779681,0.1815,1.0117,0.1588,1.040
15.643026758,0.1771,1.0100,0.1622,1.038
15.643283681,0.1727,1.0075,0.1673,1.036
15.643522681,0.1715,1.0056,0.1683,1.034
15.648084412,0.1666,1.0009,0.1713,1.029
15.648688066,0.1610,0.9963,0.1749,1.024
15.649428566,0.1586,0.9929,0.1771,1.021
15.651522335,0.1529,0.9858,0.1796,1.014
15.653526412,0.1510,0.9833,0.1818,1.011
15.65557572,0.1498,0.9758,0.1884,1.005
15.657335835,0.1449,0.9689,0.1925,0.998
15.66025395,0.1434,0.9653,0.1952,0.995
15.661157335,0.1407,0.9589,0.1954,0.989
15.663327681,0.1407,0.9528,0.1994,0.984
15.665126912,0.1402,0.9504,0.2011,0.981
15.667223681,0.1400,0.9425,0.2023,0.974
15.66904672,0.1407,0.9379,0.2023,0.970
15.670988989,0.1422,0.9320,0.2018,0.964
15.67293022,0.1427,0.9267,0.2025,0.959
15.675365758,0.1427,0.9242,0.2016,0.957
15.677316527,0.1468,0.9191,0.1984,0.952
15.679350181,0.1483,0.9166,0.1974,0.949
15.680998835,0.1510,0.9105,0.1947,0.943
15.682900374,0.1542,0.9042,0.1901,0.937
15.684836797,0.1559,0.9010,0.1888,0.934
15.68669295,0.1610,0.8944,0.1849,0.927
15.688614566,0.1637,0.8890,0.1810,0.922
15.69087122,0.1661,0.8873,0.1774,0.920
15.695043412,0.1683,0.8846,0.1727,0.917
15.695703258,0.1686,0.8827,0.1691,0.914
15.696496835,0.1693,0.8802,0.1610,0.911
15.698773604,0.1713,0.8771,0.1542,0.907
15.700400912,0.1725,0.8761,0.1493,0.905
15.702458181,0.1742,0.8741,0.1390,0.902
15.704277104,0.1744,0.8749,0.1287,0.901
15.706462758,0.1759,0.8756,0.1234,0.902
15.70834272,0.1783,0.8778,0.1143,0.903
15.713628527,0.1796,0.8783,0.1060,0.903
15.71425145,0.1796,0.8837,0.1007,0.907
15.714523181,0.1788,0.8907,0.0916,0.913
15.716364143,0.1779,0.8942,0.0877,0.916
15.718486527,0.1783,0.9015,0.0814,0.923
15.72029745,0.1776,0.9113,0.0723,0.931
15.722238027,0.1771,0.9166,0.0696,0.936
15.724147258,0.1754,0.9301,0.0655,0.949
15.736323412,0.1744,0.9364,0.0638,0.955
15.73695072,0.1739,0.9494,0.0589,0.967
15.737209835,0.1747,0.9633,0.0577,0.981
15.73748895,0.1761,0.9699,0.0562,0.987
15.737721873,0.1818,0.9811,0.0545,0.999
15.737950989,0.1871,0.9919,0.0547,1.011
15.738186489,0.1898,0.9975,0.0562,1.017
15.740025297,0.1923,1.0097,0.0601,1.030
15.741867797,0.1923,1.0170,0.0623,1.037
15.746128835,0.1937,1.0290,0.0674,1.049
15.746738297,0.1972,1.0417,0.0772,1.063
15.747663797,0.1998,1.0493,0.0848,1.072
15.749628143,0.2047,1.0620,0.0989,1.086
15.75152472,0.2067,1.0676,0.1151,1.094
15.75372222,0.2084,1.0815,0.1231,1.108
15.755438835,0.2121,1.0923,0.1378,1.121
15.757449566,0.2143,1.0986,0.1451,1.129
15.761558143,0.2206,1.1123,0.1590,1.145
15.762459604,0.2253,1.1236,0.1703,1.159
15.763391758,0.2279,1.1287,0.1757,1.165
15.765648758,0.2323,1.1392,0.1847,1.177
15.76732545,0.2360,1.1499,0.1918,1.189
15.76932322,0.2375,1.1546,0.1937,1.195
15.771318297,0.2382,1.1649,0.1957,1.205
15.773235873,0.2380,1.1712,0.1959,1.211
15.775521489,0.2365,1.1839,0.1940,1.223
15.777473104,0.2362,1.1966,0.1884,1.234
15.779480027,0.2353,1.2022,0.1837,1.239
15.781339027,0.2311,1.2118,0.1744,1.246
15.783376104,0.2294,1.2196,0.1642,1.252
15.785194143,0.2274,1.2237,0.1581,1.255
15.787256989,0.2253,1.2303,0.1446,1.259
15.789213027,0.2223,1.2377,0.1307,1.264
15.791356604,0.2223,1.2421,0.1244,1.268
15.794146104,0.2206,1.2460,0.1129,1.270
15.802085412,0.2201,1.2469,0.1075,1.271
15.803164335,0.2196,1.2486,0.0997,1.272
15.803882181,0.2231,1.2494,0.0921,1.272
15.804572181,0.2243,1.2506,0.0904,1.274
15.805429489,0.2306,1.2521,0.0845,1.276
15.806175912,0.2394,1.2518,0.0823,1.277
15.806968643,0.2436,1.2570,0.0784,1.283
15.809096066,0.2548,1.2631,0.0738,1.291
15.821624566,0.2619,1.2679,0.0718,1.297
15.822972258,0.2763,1.2797,0.0684,1.311
15.824011104,0.2927,1.2934,0.0647,1.328
15.824827143,0.3010,1.3031,0.0630,1.339
15.826033027,0.3186,1.3234,0.0599,1.363
15.827174643,0.3354,1.3344,0.0633,1.377
15.828318489,0.3433,1.3549,0.0655,1.399
15.829670258,0.3613,1.3772,0.0728,1.426
15.83044872,0.3701,1.3884,0.0782,1.439
15.831391143,0.3892,1.4096,0.0928,1.465
15.832148604,0.4112,1.4297,0.1094,1.492
15.83306572,0.4229,1.4370,0.1202,1.503
15.835647835,0.4461,1.4502,0.1463,1.524
15.837015873,0.4586,1.4548,0.1598,1.534
15.841159181,0.4869,1.4588,0.1871,1.549
15.842301873,0.5145,1.4568,0.2165,1.560
15.843282258,0.5284,1.4524,0.2304,1.563
15.846370489,0.5556,1.4397,0.2555,1.564
15.848018066,0.5751,1.4226,0.2775,1.559
15.849119912,0.5844,1.4121,0.2866,1.555
15.850460566,0.5949,1.3872,0.2963,1.538
15.852252066,0.5988,1.3730,0.2983,1.527
15.854261373,0.6007,1.3420,0.2946,1.500
15.856356066,0.5927,1.3112,0.2829,1.466
15.858444489,0.5851,1.2968,0.2739,1.449
15.86238395,0.5639,1.2679,0.2509,1.410
15.863956027,0.5377,1.2399,0.2228,1.370
15.86500645,0.5235,1.2284,0.2077,1.351
15.866396527,0.4920,1.2059,0.1776,1.314
15.868152643,0.4766,1.1964,0.1627,1.298
15.870137066,0.4495,1.1788,0.1302,1.268
15.872252873,0.4258,1.1656,0.1033,1.245
15.874169681,0.4168,1.1592,0.0916,1.235
15.87806972,0.3960,1.1456,0.0667,1.214
15.87964572,0.3789,1.1390,0.0445,1.201
15.880858066,0.3711,1.1263,0.0335,1.186
15.882434835,0.3594,1.1118,0.0134,1.169
15.883844912,0.3550,1.1038,0.0027,1.159
15.885823643,0.3467,1.0899,-0.0183,1.144
15.887886104,0.3420,1.0754,-0.0342,1.129
15.889917912,0.3401,1.0684,-0.0418,1.122
15.891805412,0.3345,1.0537,-0.0586,1.107
15.901474796,0.3325,1.0393,-0.0757,1.094
15.90285972,0.3330,1.0315,-0.0848,1.087
15.904064104,0.3293,1.0170,-0.1016,1.074
15.905069873,0.3274,1.0090,-0.1112,1.067
15.906286104,0.3235,0.9955,-0.1283,1.055
15.907103527,0.3220,0.9804,-0.1456,1.042
15.908270681,0.3208,0.9740,-0.1539,1.037
15.909245912,0.3191,0.9587,-0.1739,1.025
15.910436066,0.3181,0.9455,-0.1903,1.016
15.922778027,0.3181,0.9379,-0.1986,1.010
15.923344181,0.3196,0.9230,-0.2152,1.000
15.923590796,0.3200,0.9154,-0.2235,0.995
15.923822066,0.3227,0.9000,-0.2365,0.985
15.92405545,0.3237,0.8844,-0.2492,0.974
15.924301681,0.3249,0.8763,-0.2551,0.969
15.924552143,0.3279,0.8624,-0.2658,0.960
15.92513722,0.3318,0.8502,-0.2729,0.953
15.930973604,0.3332,0.8431,-0.2766,0.948
15.931718066,0.3379,0.8282,-0.2800,0.937
15.932157527,0.3391,0.8211,-0.2800,0.931
15.93693445,0.3435,0.8079,-0.2807,0.922
15.937379758,0.3481,0.7957,-0.2797,0.912
15.937628373,0.3484,0.7906,-0.2780,0.908
15.938814643,0.3506,0.7793,-0.2722,0.897
15.940730104,0.3491,0.7679,-0.2614,0.883
15.944457681,0.3501,0.7622,-0.2558,0.877
15.944932143,0.3494,0.7532,-0.2421,0.865
15.946823681,0.3476,0.7493,-0.2362,0.859
15.948732258,0.3420,0.7454,-0.2209,0.849
15.950985335,0.3347,0.7383,-0.2011,0.835
15.952852758,0.3303,0.7359,-0.1913,0.829
15.954739489,0.3218,0.7324,-0.1698,0.818
15.956559335,0.3112,0.7319,-0.1454,0.809
15.958476219,0.3056,0.7329,-0.1334,0.805
15.962395104,0.2944,0.7317,-0.1092,0.796
15.962732719,0.2888,0.7317,-0.0972,0.793
15.964469719,0.2783,0.7361,-0.0706,0.790
15.96636745,0.2690,0.7420,-0.0440,0.790
15.969009412,0.2636,0.7446,-0.0300,0.790
15.970353373,0.2553,0.7500,-0.0032,0.792
15.97247895,0.2524,0.7539,0.0076,0.795
15.974503219,0.2463,0.7639,0.0308,0.803
15.98435245,0.2397,0.7740,0.0550,0.812
15.985488335,0.2370,0.7788,0.0660,0.817
15.98625245,0.2331,0.7896,0.0858,0.828
15.986952604,0.2318,0.7989,0.1009,0.838
15.987670681,0.2309,0.8055,0.1075,0.845
15.988497643,0.2301,0.8209,0.1185,0.861
15.989261489,0.2301,0.8280,0.1241,0.868
15.990353219,0.2287,0.8414,0.1319,0.882
15.992309681,0.2296,0.8565,0.1361,0.897
16.003889912,0.2316,0.8636,0.1361,0.904
16.005383643,0.2348,0.8785,0.1358,0.919
16.00643545,0.2375,0.8942,0.1327,0.935
16.007289066,0.2402,0.9017,0.1300,0.942
16.008437258,0.2443,0.9157,0.1229,0.956
16.009472027,0.2467,0.9232,0.1138,0.962
16.010645566,0.2482,0.9389,0.1080,0.977
16.011859181,0.2499,0.9526,0.0955,0.989
16.012880296,0.2514,0.9594,0.0887,0.996
16.014556912,0.2536,0.9731,0.0760,1.008
16.015260219,0.2558,0.9850,0.0628,1.020
16.016397412,0.2563,0.9897,0.0547,1.024
16.019160604,0.2599,0.9985,0.0376,1.032
16.020641104,0.2597,1.0058,0.0215,1.039
16.024816412,0.2599,1.0075,0.0137,1.041
16.026104258,0.2607,1.0114,-0.0032,1.044
16.027089104,0.2595,1.0136,-0.0127,1.046
16.02829645,0.2577,1.0153,-0.0310,1.048
16.031107335,0.2570,1.0141,-0.0464,1.047
16.032548066,0.2570,1.0129,-0.0537,1.046
16.033857258,0.2555,1.0100,-0.0669,1.044
16.03561145,0.2519,1.0078,-0.0792,1.042
16.037892219,0.2521,1.0061,-0.0855,1.041
16.039534796,0.2531,0.9987,-0.0960,1.035
16.041439258,0.2531,0.9953,-0.1002,1.032
16.045192912,0.2526,0.9868,-0.1060,1.024
16.046830642,0.2526,0.9797,-0.1104,1.018
16.048701912,0.2536,0.9745,-0.1104,1.013
16.050035681,0.2541,0.9648,-0.1102,1.004
16.051471373,0.2538,0.9545,-0.1097,0.994
16.053562489,0.2536,0.9496,-0.1090,0.989
16.055328719,0.2531,0.9406,-0.1058,0.980
16.057343566,0.2524,0.9350,-0.1033,0.974
16.059296873,0.2492,0.9232,-0.0972,0.961
16.062428796,0.2475,0.9096,-0.0889,0.947
16.064118796,0.2448,0.9042,-0.0853,0.941
16.065325796,0.2414,0.8944,-0.0772,0.930
16.067049027,0.2394,0.8883,-0.0728,0.923
16.069229912,0.2384,0.8775,-0.0655,0.912
16.071313642,0.2367,0.8656,-0.0545,0.899
16.073132758,0.2355,0.8597,-0.0491,0.893
16.075178104,0.2338,0.8477,-0.0403,0.880
16.079023142,0.2316,0.8360,-0.0303,0.868
16.080555758,0.2309,0.8299,-0.0261,0.862
16.081777912,0.2289,0.8177,-0.0142,0.849
16.082941104,0.2282,0.8060,-0.0044,0.838
16.08503045,0.2284,0.8013,0.0007,0.833
16.086924412,0.2289,0.7896,0.0112,0.822
16.088686142,0.2274,0.7832,0.0156,0.816
16.090884758,0.2262,0.7718,0.0237,0.805
16.092794489,0.2248,0.7613,0.0330,0.794
16.096077796,0.2248,0.7547,0.0362,0.788
16.097768066,0.2243,0.7429,0.0440,0.777
16.09904145,0.2248,0.7334,0.0528,0.769
16.100822604,0.2248,0.7290,0.0567,0.765
16.102810758,0.2250,0.7205,0.0633,0.757
16.104569181,0.2260,0.7168,0.0674,0.755
16.106569373,0.2260,0.7065,0.0755,0.746
16.108532027,0.2299,0.6975,0.0809,0.739
16.119344989,0.2292,0.6933,0.0840,0.735
16.120985258,0.2304,0.6867,0.0904,0.730
16.12219295,0.2338,0.6814,0.0945,0.727
16.123209296,0.2338,0.6784,0.0960,0.724
16.124189335,0.2362,0.6721,0.1007,0.719
16.125166681,0.2370,0.6706,0.1016,0.718
16.125956066,0.2375,0.6682,0.1036,0.717
16.126223066,0.2375,0.6662,0.1043,0.715
16.126469719,0.2372,0.6660,0.1051,0.715
16.140709527,0.2382,0.6672,0.1053,0.716
16.141235296,0.2402,0.6684,0.1055,0.718
16.141530219,0.2399,0.6704,0.1038,0.720
16.141771873,0.2414,0.6731,0.1021,0.722
16.142006412,0.2411,0.6762,0.1004,0.725
16.14223995,0.2406,0.6826,0.0997,0.731
16.142465989,0.2416,0.6889,0.0953,0.736
16.142715373,0.2424,0.6926,0.0933,0.740
16.148642296,0.2416,0.7004,0.0904,0.746
16.14912345,0.2428,0.7051,0.0880,0.751
16.149436258,0.2441,0.7131,0.0853,0.759
16.149677835,0.2453,0.7251,0.0818,0.770
16.151629642,0.2455,0.7310,0.0799,0.775
16.153632796,0.2477,0.7456,0.0767,0.789
16.155577258,0.2477,0.7576,0.0735,0.800
16.157542527,0.2482,0.7644,0.0711,0.807
16.159461719,0.2514,0.7769,0.0660,0.819
16.162385758,0.2524,0.7850,0.0638,0.827
16.163282835,0.2529,0.7981,0.0616,0.840
16.16522645,0.2543,0.8101,0.0579,0.851
16.167312681,0.2553,0.8177,0.0557,0.858
16.169224642,0.2573,0.8336,0.0528,0.874
16.17130845,0.2592,0.8424,0.0506,0.883
16.173043027,0.2595,0.8570,0.0498,0.897
16.175414758,0.2612,0.8702,0.0459,0.910
16.178267912,0.2624,0.8768,0.0454,0.916
16.179351912,0.2639,0.8915,0.0450,0.931
16.183457296,0.2682,0.9054,0.0442,0.945
16.184347258,0.2714,0.9118,0.0440,0.952
16.185503604,0.2775,0.9225,0.0445,0.964
16.187224027,0.2800,0.9286,0.0450,0.971
16.188924412,0.2846,0.9396,0.0484,0.983
16.191034835,0.2912,0.9479,0.0508,0.993
16.192912258,0.2934,0.9528,0.0520,0.998
16.196777065,0.3007,0.9616,0.0547,1.009
16.198023604,0.3078,0.9687,0.0591,1.018
16.199310258,0.3120,0.9711,0.0623,1.022
16.200731604,0.3188,0.9760,0.0694,1.029
16.203045219,0.3257,0.9782,0.0721,1.034
16.204732219,0.3298,0.9816,0.0796,1.039
16.206899565,0.3357,0.9833,0.0909,1.043
16.208597489,0.3369,0.9836,0.0945,1.044
16.218242912,0.3437,0.9824,0.1038,1.046
16.219643758,0.3476,0.9804,0.1134,1.046
16.22074545,0.3503,0.9787,0.1185,1.046
16.221988219,0.3564,0.9728,0.1290,1.044
16.223211489,0.3613,0.9692,0.1346,1.043
16.224255758,0.3638,0.9609,0.1490,1.038
16.225960065,0.3677,0.9540,0.1625,1.035
16.226419796,0.3682,0.9511,0.1678,1.034
16.226685373,0.3706,0.9430,0.1827,1.030
16.237520258,0.3709,0.9335,0.1923,1.023
16.238404027,0.3699,0.9291,0.1974,1.019
16.23885545,0.3674,0.9203,0.2106,1.013
16.239274181,0.3638,0.9166,0.2196,1.010
16.239694681,0.3633,0.9091,0.2245,1.004
16.240097835,0.3589,0.8995,0.2316,0.996
16.24051245,0.3557,0.8959,0.2338,0.992
16.242515065,0.3494,0.8876,0.2387,0.983
16.245773142,0.3428,0.8807,0.2414,0.975
16.24635245,0.3391,0.8778,0.2414,0.971
16.247986412,0.3301,0.8724,0.2397,0.963
16.250141989,0.3198,0.8695,0.2345,0.956
16.252157642,0.3156,0.8636,0.2318,0.948
16.254203527,0.3088,0.8597,0.2250,0.941
16.256015989,0.3051,0.8575,0.2221,0.937
16.25824545,0.2959,0.8534,0.2135,0.928
16.260108912,0.2905,0.8495,0.2060,0.921
16.263032258,0.2871,0.8470,0.2023,0.917
16.263885065,0.2819,0.8424,0.1925,0.909
16.265997142,0.2748,0.8385,0.1840,0.901
16.268082642,0.2726,0.8355,0.1793,0.897
16.270024065,0.2685,0.8324,0.1708,0.891
16.272001565,0.2656,0.8311,0.1656,0.888
16.274010527,0.2590,0.8282,0.1571,0.882
16.276111335,0.2546,0.8253,0.1502,0.877
16.278779412,0.2514,0.8238,0.1473,0.874
16.279876565,0.2480,0.8214,0.1412,0.870
16.282949719,0.2421,0.8187,0.1346,0.864
16.283784719,0.2402,0.8179,0.1312,0.863
16.285797873,0.2365,0.8165,0.1270,0.859
16.28763995,0.2323,0.8160,0.1234,0.857
16.289810796,0.2265,0.8148,0.1190,0.854
16.291643565,0.2191,0.8157,0.1134,0.852
16.295461796,0.2172,0.8162,0.1107,0.852
16.296785912,0.2123,0.8196,0.1065,0.853
16.297794835,0.2086,0.8201,0.1046,0.853
16.299339719,0.2077,0.8209,0.1014,0.853
16.301266565,0.2042,0.8240,0.0980,0.855
16.303379412,0.2040,0.8270,0.0955,0.857
16.30548245,0.2016,0.8321,0.0936,0.861
16.309490335,0.1991,0.8392,0.0931,0.867
16.310555104,0.1996,0.8424,0.0933,0.871
16.319931335,0.1994,0.8509,0.0928,0.879
16.321352835,0.2001,0.8543,0.0933,0.882
16.322195373,0.1998,0.8653,0.0928,0.893
16.323213642,0.1996,0.8763,0.0941,0.904
16.324084565,0.1986,0.8829,0.0953,0.910
16.325004719,0.1996,0.8959,0.0950,0.923
16.325929412,0.2033,0.9108,0.0948,0.938
16.326776681,0.2042,0.9183,0.0941,0.945
16.328010988,0.2074,0.9340,0.0967,0.962
16.329100219,0.2091,0.9420,0.0965,0.970
16.342463065,0.2143,0.9582,0.0994,0.987
16.344106873,0.2177,0.9760,0.1019,1.005
16.345183219,0.2184,0.9841,0.1021,1.013
16.346479219,0.2257,1.0002,0.1043,1.031
16.347543835,0.2328,1.0168,0.1097,1.049
16.348574681,0.2362,1.0258,0.1126,1.059
16.349892027,0.2436,1.0437,0.1197,1.078
16.35105545,0.2511,1.0522,0.1285,1.089
16.35191845,0.2558,1.0676,0.1302,1.106
16.352982065,0.2653,1.0823,0.1412,1.123
16.354131912,0.2695,1.0894,0.1459,1.132
16.355217796,0.2775,1.1030,0.1546,1.148
16.356088373,0.2873,1.1165,0.1647,1.165
16.35705545,0.2932,1.1238,0.1693,1.174
16.35859295,0.3042,1.1365,0.1786,1.190
16.362438412,0.3098,1.1416,0.1825,1.197
16.364852219,0.3225,1.1524,0.1932,1.212
16.365947065,0.3367,1.1629,0.2023,1.227
16.367037527,0.3430,1.1671,0.2077,1.234
16.368401796,0.3574,1.1763,0.2179,1.249
16.370465142,0.3723,1.1820,0.2289,1.260
16.372392835,0.3811,1.1844,0.2348,1.266
16.374325373,0.3982,1.1898,0.2494,1.279
16.376290335,0.4070,1.1920,0.2570,1.285
16.379148642,0.4222,1.1905,0.2709,1.292
16.380716258,0.4339,1.1925,0.2834,1.300
16.382170488,0.4424,1.1927,0.2922,1.305
16.384084988,0.4583,1.1912,0.3115,1.314
16.386205181,0.4732,1.1898,0.3283,1.322
16.388003719,0.4784,1.1871,0.3364,1.323
16.390052373,0.4864,1.1834,0.3503,1.327
16.392164027,0.4896,1.1822,0.3564,1.328
16.394962104,0.4928,1.1820,0.3672,1.332
16.396162258,0.4901,1.1807,0.3735,1.332
16.398645104,0.4874,1.1802,0.3755,1.331
16.400170258,0.4796,1.1827,0.3748,1.330
16.402035681,0.4722,1.1844,0.3726,1.328
16.403875411,0.4578,1.1920,0.3616,1.327
16.405760604,0.4383,1.2010,0.3430,1.324
16.407723873,0.4280,1.2066,0.3308,1.322
16.409609027,0.4051,1.2228,0.3051,1.324
16.420067296,0.3836,1.2421,0.2770,1.329
16.420654604,0.3738,1.2508,0.2604,1.331
16.420914065,0.3545,1.2743,0.2267,1.342
16.421170335,0.3464,1.2877,0.2121,1.350
16.421470373,0.3345,1.3161,0.1859,1.371
16.425502411,0.3252,1.3444,0.1637,1.393
16.425818411,0.3227,1.3576,0.1539,1.404
16.426051181,0.3220,1.3842,0.1383,1.428
16.445642835,0.3215,1.4109,0.1295,1.453
16.446976296,0.3227,1.4224,0.1248,1.464
16.448069911,0.3264,1.4414,0.1160,1.482
16.448973411,0.3291,1.4492,0.1121,1.490
16.450100258,0.3337,1.4617,0.1077,1.503
16.451109258,0.3367,1.4693,0.1036,1.511
16.451946142,0.3379,1.4707,0.1026,1.513
16.453331988,0.3408,1.4700,0.1009,1.512
16.454172411,0.3437,1.4644,0.1029,1.508
16.455055604,0.3437,1.4597,0.1058,1.503
16.455745681,0.3450,1.4478,0.1136,1.493
16.456444873,0.3445,1.4399,0.1192,1.485
16.457361988,0.3435,1.4199,0.1312,1.467
16.458188373,0.3379,1.3933,0.1400,1.440
16.459059604,0.3342,1.3774,0.1459,1.425
16.459754988,0.3232,1.3417,0.1593,1.389
16.461364719,0.3098,1.3239,0.1722,1.371
16.462451373,0.3037,1.2855,0.1791,1.333
16.463399681,0.2893,1.2465,0.1913,1.294
16.465912527,0.2795,1.2279,0.1967,1.275
16.472542065,0.2626,1.1903,0.2084,1.237
16.473468642,0.2458,1.1548,0.2199,1.201
16.474269411,0.2384,1.1368,0.2250,1.183
16.475037296,0.2245,1.1021,0.2331,1.149
16.475708681,0.2121,1.0845,0.2355,1.130
16.476623911,0.2096,1.0549,0.2375,1.101
16.479706258,0.2040,1.0261,0.2350,1.072
16.481700796,0.1998,1.0117,0.2328,1.057
16.483070834,0.1947,0.9846,0.2257,1.029
16.484445065,0.1910,0.9606,0.2184,1.003
16.486451565,0.1888,0.9496,0.2150,0.992
16.488374027,0.1857,0.9274,0.2062,0.968
16.490423604,0.1832,0.9164,0.2006,0.956
16.492396642,0.1766,0.8968,0.1884,0.933
16.494321796,0.1698,0.8797,0.1735,0.913
16.49760645,0.1666,0.8717,0.1647,0.903
16.499076488,0.1608,0.8573,0.1490,0.885
16.500830334,0.1556,0.8436,0.1278,0.867
16.502201065,0.1532,0.8377,0.1148,0.859
16.504086411,0.1463,0.8253,0.0909,0.843
16.506337527,0.1393,0.8148,0.0650,0.829
16.508287681,0.1351,0.8101,0.0518,0.823
16.510513334,0.1285,0.8008,0.0232,0.811
16.521450142,0.1263,0.7957,0.0093,0.806
16.523008373,0.1187,0.7847,-0.0191,0.794
16.524245911,0.1119,0.7769,-0.0489,0.786
16.525537027,0.1090,0.7727,-0.0635,0.783
16.526616834,0.1053,0.7666,-0.0919,0.779
16.527907334,0.1007,0.7610,-0.1180,0.777
16.529607988,0.0975,0.7591,-0.1292,0.776
16.53013945,0.0928,0.7530,-0.1529,0.774
16.53038345,0.0911,0.7515,-0.1639,0.775
16.530628681,0.0894,0.7488,-0.1825,0.776
16.546696258,0.0860,0.7461,-0.1947,0.776
16.548109296,0.0843,0.7451,-0.2003,0.776
16.549078834,0.0814,0.7449,-0.2116,0.779
16.550021604,0.0774,0.7454,-0.2169,0.780
16.550938334,0.0762,0.7449,-0.2169,0.780
16.551936642,0.0740,0.7439,-0.2172,0.778
16.553415911,0.0745,0.7442,-0.2169,0.779
16.55440095,0.0726,0.7459,-0.2094,0.778
16.555501065,0.0726,0.7456,-0.1996,0.775
16.556271373,0.0738,0.7468,-0.1940,0.775
16.557089219,0.0774,0.7488,-0.1793,0.774
16.55798195,0.0799,0.7522,-0.1630,0.774
16.55874145,0.0814,0.7542,-0.1517,0.774
16.559752719,0.0845,0.7586,-0.1287,0.774
16.560844604,0.0855,0.7617,-0.1182,0.776
16.562250373,0.0853,0.7679,-0.0936,0.778
16.563401758,0.0845,0.7749,-0.0667,0.782
16.565965181,0.0833,0.7803,-0.0547,0.787
16.567427604,0.0853,0.7916,-0.0310,0.797
16.572191911,0.0884,0.8038,-0.0051,0.809
16.573604988,0.0887,0.8104,0.0068,0.815
16.574401219,0.0882,0.8253,0.0303,0.831
16.575452411,0.0877,0.8324,0.0418,0.838
16.577155488,0.0867,0.8477,0.0635,0.855
16.581669527,0.0880,0.8651,0.0799,0.873
16.583229065,0.0901,0.8736,0.0877,0.883
16.584588104,0.0928,0.8920,0.0999,0.902
16.585981527,0.0945,0.9122,0.1075,0.923
16.587037757,0.0970,0.9220,0.1090,0.933
16.588875642,0.1009,0.9416,0.1116,0.954
16.590954796,0.1036,0.9508,0.1126,0.963
16.592934181,0.1077,0.9694,0.1112,0.982
16.596577527,0.1153,0.9863,0.1063,0.999
16.598408181,0.1185,0.9951,0.1021,1.007
16.599526642,0.1273,1.0126,0.0926,1.025
16.600920065,0.1368,1.0285,0.0821,1.041
16.602790142,0.1417,1.0361,0.0760,1.049
16.604687565,0.1500,1.0498,0.0647,1.062
16.606791873,0.1581,1.0566,0.0552,1.070
16.608598719,0.1632,1.0676,0.0508,1.081
16.610819565,0.1727,1.0779,0.0408,1.092
16.621311065,0.1776,1.0833,0.0344,1.098
16.621917373,0.1896,1.0901,0.0271,1.107
16.622166719,0.2006,1.0950,0.0198,1.113
16.62240045,0.2047,1.0982,0.0178,1.117
16.622652027,0.2169,1.1013,0.0137,1.123
16.622874296,0.2287,1.1023,0.0107,1.126
16.624647334,0.2336,1.1043,0.0073,1.129
16.626512181,0.2463,1.1043,0.0078,1.131
16.649055719,0.2504,1.1026,0.0093,1.131
16.650133681,0.2599,1.0986,0.0103,1.129
16.650428527,0.2722,1.0974,0.0112,1.131
16.650666027,0.2785,1.0967,0.0134,1.132
16.650902296,0.2883,1.0901,0.0188,1.128
16.651129181,0.2954,1.0881,0.0257,1.128
16.65136145,0.3000,1.0830,0.0288,1.124
16.651590219,0.3076,1.0776,0.0359,1.121
16.65181795,0.3105,1.0747,0.0403,1.119
16.652056296,0.3164,1.0657,0.0498,1.113
16.652279911,0.3220,1.0561,0.0586,1.106
16.652509796,0.3240,1.0510,0.0625,1.102
16.652745027,0.3286,1.0405,0.0718,1.094
16.654315027,0.3283,1.0305,0.0833,1.085
16.656170796,0.3286,1.0256,0.0880,1.081
16.657894296,0.3271,1.0144,0.0977,1.070
16.659761719,0.3271,1.0080,0.1021,1.065
16.66231145,0.3249,0.9965,0.1119,1.054
16.66383595,0.3240,0.9833,0.1248,1.043
16.666051719,0.3225,0.9770,0.1314,1.037
16.667881796,0.3196,0.9645,0.1410,1.026
16.669912796,0.3174,0.9518,0.1493,1.014
16.671773296,0.3154,0.9447,0.1539,1.008
16.673727527,0.3086,0.9306,0.1617,0.994
16.67564095,0.3066,0.9237,0.1656,0.987
16.67935195,0.3039,0.9098,0.1717,0.974
16.680367142,0.2968,0.8961,0.1766,0.960
16.681760257,0.2939,0.8883,0.1808,0.953
16.683661373,0.2875,0.8763,0.1891,0.941
16.685752334,0.2797,0.8624,0.1976,0.928
16.687797065,0.2746,0.8558,0.2023,0.921
16.689652219,0.2643,0.8453,0.2103,0.910
16.69155468,0.2599,0.8389,0.2125,0.904
16.693729873,0.2480,0.8289,0.2160,0.892
16.696272142,0.2387,0.8182,0.2167,0.879
16.697820527,0.2333,0.8131,0.2172,0.873
16.699577834,0.2216,0.8035,0.2172,0.861
16.701582257,0.2106,0.7955,0.2101,0.849
16.703543027,0.2047,0.7908,0.2055,0.842
16.705434911,0.1942,0.7828,0.1974,0.830
16.70769918,0.1835,0.7786,0.1935,0.823
16.709503373,0.1796,0.7698,0.1835,0.811
16.712506104,0.1735,0.7595,0.1744,0.798
16.71381268,0.1691,0.7561,0.1703,0.793
16.722262257,0.1588,0.7503,0.1617,0.784
16.72384045,0.1537,0.7466,0.1544,0.778
16.724806411,0.1505,0.7393,0.1512,0.769
16.726092065,0.1461,0.7315,0.1446,0.760
16.727337334,0.1449,0.7293,0.1424,0.757
16.728269642,0.1390,0.7227,0.1380,0.749
16.729538988,0.1317,0.7178,0.1331,0.742
16.730003334,0.1295,0.7163,0.1309,0.740
16.744724527,0.1266,0.7124,0.1283,0.735
16.745189911,0.1217,0.7073,0.1239,0.728
16.74548318,0.1204,0.7058,0.1217,0.726
16.745727488,0.1185,0.7043,0.1175,0.724
16.745951257,0.1185,0.7036,0.1163,0.723
16.74618168,0.1197,0.7038,0.1121,0.723
16.746418757,0.1192,0.7041,0.1080,0.722
16.746662834,0.1190,0.7058,0.1068,0.724
16.746881296,0.1204,0.7100,0.1063,0.728
16.748507334,0.1224,0.7136,0.1046,0.732
16.750562411,0.1231,0.7161,0.1036,0.734
16.752408988,0.1268,0.7219,0.1051,0.740
16.754510527,0.1290,0.7258,0.1060,0.745
16.75645018,0.1327,0.7329,0.1073,0.753
16.758466796,0.1373,0.7415,0.1068,0.762
16.760515488,0.1395,0.7466,0.1070,0.767
16.762836604,0.1454,0.7556,0.1092,0.777
16.764526296,0.1480,0.7644,0.1138,0.787
16.766415873,0.1510,0.7696,0.1148,0.793
16.768477604,0.1571,0.7808,0.1178,0.805
16.770465142,0.1590,0.7842,0.1204,0.809
16.772415065,0.1625,0.7925,0.1248,0.819
16.774380219,0.1649,0.8028,0.1280,0.829
16.776440219,0.1664,0.8079,0.1295,0.835
16.779608796,0.1715,0.8189,0.1322,0.847
16.78096345,0.1749,0.8280,0.1373,0.857
16.783291527,0.1761,0.8328,0.1412,0.863
16.78458318,0.1774,0.8429,0.1461,0.874
16.786380988,0.1783,0.8473,0.1473,0.878
16.788007565,0.1825,0.8578,0.1524,0.890
16.790105296,0.1845,0.8653,0.1576,0.899
16.791968988,0.1871,0.8702,0.1605,0.904
16.794095104,0.1903,0.8810,0.1652,0.916
16.797003834,0.1908,0.8846,0.1686,0.921
16.798628603,0.1920,0.8939,0.1710,0.930
16.800456834,0.1945,0.9022,0.1752,0.939
16.802165834,0.1957,0.9064,0.1774,0.944
16.803849911,0.2003,0.9137,0.1815,0.953
16.806093757,0.2069,0.9218,0.1864,0.963
16.807805911,0.2081,0.9264,0.1893,0.968
16.809922873,0.2101,0.9333,0.1935,0.976
16.819487027,0.2123,0.9403,0.1957,0.984
16.820982027,0.2138,0.9430,0.1994,0.987
16.822034565,0.2182,0.9489,0.2047,0.995
16.822972103,0.2189,0.9521,0.2062,0.998
16.824065834,0.2226,0.9569,0.2077,1.004
16.82554968,0.2233,0.9611,0.2103,1.009
16.82665345,0.2233,0.9621,0.2111,1.010
16.827762834,0.2257,0.9655,0.2106,1.014
16.828680527,0.2267,0.9687,0.2118,1.017
16.842344988,0.2267,0.9699,0.2125,1.018
16.843900873,0.2272,0.9716,0.2096,1.020
16.845131296,0.2262,0.9716,0.2077,1.019
16.846294373,0.2238,0.9733,0.2057,1.020
16.847487834,0.2204,0.9728,0.2040,1.018
16.848609796,0.2179,0.9721,0.2030,1.017
16.849919757,0.2133,0.9714,0.1984,1.014
16.851102988,0.2074,0.9706,0.1947,1.011
16.852046834,0.2057,0.9697,0.1925,1.010
16.852755988,0.2016,0.9667,0.1847,1.005
16.853900988,0.1996,0.9653,0.1815,1.002
16.85475845,0.1932,0.9635,0.1754,0.998
16.855700642,0.1874,0.9577,0.1693,0.990
16.856490603,0.1847,0.9547,0.1669,0.987
16.857457065,0.1810,0.9486,0.1612,0.979
16.860267603,0.1791,0.9452,0.1576,0.975
16.86203295,0.1739,0.9408,0.1512,0.969
16.863693988,0.1710,0.9323,0.1463,0.959
16.865325565,0.1695,0.9284,0.1441,0.955
16.867279411,0.1666,0.9213,0.1405,0.947
16.869467411,0.1649,0.9154,0.1363,0.940
16.871061488,0.1639,0.9132,0.1353,0.938
16.872931834,0.1615,0.9064,0.1327,0.930
16.875018219,0.1610,0.9039,0.1319,0.928
16.876780488,0.1588,0.8966,0.1319,0.920
16.880120142,0.1603,0.8903,0.1324,0.914
16.881212796,0.1605,0.8868,0.1344,0.911
16.883069373,0.1581,0.8810,0.1383,0.906
16.884641988,0.1578,0.8775,0.1415,0.903
16.886673834,0.1586,0.8751,0.1429,0.901
16.888525219,0.1588,0.8712,0.1439,0.897
16.890714334,0.1586,0.8683,0.1437,0.894
16.892582911,0.1583,0.8648,0.1446,0.891
16.894675373,0.1573,0.8622,0.1471,0.889
16.897397334,0.1571,0.8607,0.1480,0.887
16.900634642,0.1566,0.8595,0.1507,0.887
16.90140418,0.1573,0.8575,0.1495,0.885
16.90286668,0.1561,0.8568,0.1495,0.884
16.904614565,0.1549,0.8580,0.1473,0.884
16.906786603,0.1537,0.8582,0.1454,0.884
16.908351026,0.1522,0.8578,0.1463,0.883
16.910330142,0.1505,0.8609,0.1468,0.886
16.917363757,0.1493,0.8636,0.1473,0.889
16.918235488,0.1466,0.8666,0.1478,0.891
16.918661873,0.1449,0.8707,0.1466,0.895
16.91907145,0.1439,0.8751,0.1461,0.899
16.92015845,0.1437,0.8824,0.1441,0.906
16.922511911,0.1427,0.8866,0.1434,0.909
16.92393895,0.1415,0.8946,0.1405,0.917
16.92725195,0.1415,0.9054,0.1375,0.927
16.928158142,0.1412,0.9108,0.1356,0.932
16.942332488,0.1397,0.9205,0.1353,0.941
16.943397988,0.1410,0.9347,0.1361,0.955
16.944257373,0.1419,0.9420,0.1363,0.962
16.945016411,0.1434,0.9540,0.1368,0.974
16.945874026,0.1437,0.9609,0.1378,0.981
16.946736257,0.1454,0.9758,0.1397,0.996
16.94760195,0.1483,0.9926,0.1437,1.014
16.948436296,0.1498,1.0004,0.1454,1.022
16.94943518,0.1498,1.0168,0.1498,1.039
16.950245834,0.1537,1.0324,0.1556,1.055
16.950857296,0.1546,1.0400,0.1583,1.063
16.953823411,0.1566,1.0559,0.1676,1.081
16.955280026,0.1620,1.0637,0.1717,1.090
16.965661103,0.1654,1.0769,0.1774,1.104
16.967130065,0.1703,1.0923,0.1852,1.121
16.968355603,0.1725,1.0994,0.1891,1.129
16.96915395,0.1757,1.1118,0.1947,1.142
16.970112565,0.1813,1.1226,0.2013,1.155
16.970763026,0.1852,1.1297,0.2057,1.163
16.97168845,0.1903,1.1407,0.2118,1.176
16.972523103,0.1962,1.1499,0.2165,1.186
16.97359418,0.1989,1.1541,0.2189,1.191
16.974351911,0.2047,1.1629,0.2260,1.202
16.975537873,0.2069,1.1668,0.2292,1.207
16.977370988,0.2130,1.1746,0.2331,1.216
16.982015642,0.2167,1.1805,0.2358,1.223
16.983267719,0.2184,1.1832,0.2350,1.226
16.984450603,0.2201,1.1895,0.2338,1.232
16.985733488,0.2211,1.1954,0.2316,1.238
16.987078103,0.2213,1.1978,0.2316,1.240
16.989018988,0.2243,1.2022,0.2306,1.245
16.991131873,0.2253,1.2057,0.2289,1.248
16.993005065,0.2240,1.2083,0.2253,1.249
16.99522818,0.2257,1.2122,0.2194,1.252
17.00497218,0.2257,1.2149,0.2174,1.255
17.006609142,0.2250,1.2174,0.2160,1.257
17.007634488,0.2265,1.2174,0.2128,1.256
17.008530911,0.2267,1.2184,0.2121,1.257
17.009586988,0.2270,1.2193,0.2089,1.258
17.010918757,0.2265,1.2196,0.2062,1.257
17.011372757,0.2260,1.2174,0.2047,1.255
17.011612103,0.2262,1.2171,0.2038,1.255
17.030154526,0.2262,1.2176,0.2023,1.255
17.032435834,0.2255,1.2162,0.1996,1.253
17.033914257,0.2238,1.2149,0.1996,1.251
17.035580603,0.2250,1.2135,0.1986,1.250
17.037062296,0.2272,1.2149,0.1937,1.251
17.038780603,0.2299,1.2159,0.1915,1.252
17.039928449,0.2323,1.2174,0.1864,1.253
17.041362411,0.2399,1.2228,0.1798,1.259
17.042355949,0.2441,1.2272,0.1754,1.263
17.043286065,0.2563,1.2369,0.1683,1.274
17.04419068,0.2692,1.2486,0.1644,1.288
17.046065911,0.2744,1.2557,0.1622,1.296
17.047373719,0.2871,1.2689,0.1612,1.311
17.048772334,0.2990,1.2838,0.1661,1.329
17.050108911,0.3034,1.2916,0.1695,1.338
17.051184065,0.3147,1.3075,0.1796,1.357
17.052119565,0.3198,1.3156,0.1869,1.367
17.053246911,0.3276,1.3312,0.2025,1.386
17.054222257,0.3362,1.3452,0.2182,1.404
17.054644565,0.3389,1.3520,0.2257,1.412
17.055051103,0.3445,1.3630,0.2433,1.427
17.055485373,0.3486,1.3720,0.2558,1.439
17.05765868,0.3520,1.3740,0.2621,1.442
17.058361796,0.3577,1.3754,0.2697,1.447
17.060236642,0.3591,1.3750,0.2722,1.447
17.068517796,0.3645,1.3708,0.2685,1.444
17.069468642,0.3689,1.3627,0.2575,1.435
17.069894949,0.3711,1.3569,0.2504,1.429
17.070332334,0.3740,1.3420,0.2333,1.413
17.070742526,0.3772,1.3249,0.2111,1.394
17.07245268,0.3779,1.3151,0.1998,1.383
17.074596373,0.3794,1.2946,0.1830,1.361
17.076247988,0.3782,1.2833,0.1744,1.349
17.078577949,0.3743,1.2614,0.1598,1.325
17.081150257,0.3696,1.2381,0.1502,1.301
17.082064449,0.3665,1.2269,0.1488,1.289
17.085422911,0.3628,1.2032,0.1476,1.265
17.085954411,0.3599,1.1817,0.1490,1.244
17.088358796,0.3589,1.1710,0.1507,1.234
17.090589065,0.3555,1.1495,0.1534,1.213
17.092221949,0.3545,1.1394,0.1551,1.203
17.094583296,0.3530,1.1197,0.1603,1.185
17.098348065,0.3520,1.0974,0.1634,1.164
17.099181026,0.3506,1.0864,0.1639,1.153
17.100100026,0.3459,1.0644,0.1639,1.131
17.103710603,0.3413,1.0420,0.1664,1.109
17.105379334,0.3376,1.0319,0.1676,1.099
17.105835334,0.3318,1.0126,0.1691,1.079
17.107993796,0.3227,1.0029,0.1683,1.067
17.110604103,0.3174,0.9811,0.1637,1.044
17.111791334,0.3086,0.9596,0.1544,1.020
17.118867988,0.3034,0.9499,0.1495,1.008
17.119774719,0.2922,0.9276,0.1383,0.982
17.120195257,0.2851,0.9069,0.1244,0.959
17.12062218,0.2802,0.8959,0.1165,0.946
17.12261068,0.2729,0.8749,0.1043,0.922
17.123596911,0.2660,0.8548,0.0904,0.900
17.125599526,0.2621,0.8443,0.0828,0.888
17.127993411,0.2558,0.8228,0.0687,0.864
17.143942026,0.2533,0.8123,0.0606,0.853
17.146014026,0.2509,0.7908,0.0469,0.831
17.147309949,0.2533,0.7715,0.0357,0.813
17.149132834,0.2541,0.7622,0.0298,0.804
17.150364988,0.2538,0.7427,0.0188,0.785
17.151603372,0.2551,0.7234,0.0061,0.767
17.152779026,0.2575,0.7144,0.0000,0.759
17.154101257,0.2653,0.6992,-0.0088,0.748
17.155340911,0.2709,0.6911,-0.0129,0.742
17.156257296,0.2810,0.6758,-0.0203,0.732
17.157623603,0.2951,0.6616,-0.0247,0.725
17.158474603,0.3007,0.6552,-0.0286,0.722
17.159673872,0.3034,0.6467,-0.0388,0.715
17.160713372,0.3017,0.6391,-0.0474,0.708
17.161867796,0.3034,0.6354,-0.0496,0.706
17.163168103,0.3095,0.6306,-0.0579,0.705
17.164352103,0.3127,0.6281,-0.0618,0.704
17.166082334,0.3169,0.6262,-0.0674,0.705
17.167173449,0.3196,0.6237,-0.0711,0.704
17.168093219,0.3218,0.6237,-0.0728,0.706
17.169183872,0.3259,0.6235,-0.0762,0.708
17.171995488,0.3320,0.6257,-0.0801,0.713
17.172883142,0.3340,0.6286,-0.0801,0.716
17.175615796,0.3393,0.6325,-0.0796,0.722
17.176944603,0.3411,0.6359,-0.0787,0.726
17.17900318,0.3411,0.6435,-0.0762,0.732
17.181561949,0.3362,0.6506,-0.0706,0.736
17.183425488,0.3337,0.6560,-0.0684,0.739
17.184797757,0.3310,0.6662,-0.0616,0.746
17.186693334,0.3266,0.6770,-0.0537,0.754
17.188561719,0.3227,0.6848,-0.0493,0.759
17.190558142,0.3122,0.6999,-0.0381,0.767
17.19231718,0.3076,0.7070,-0.0315,0.772
17.194535949,0.2988,0.7229,-0.0188,0.782
17.198649488,0.2895,0.7388,-0.0061,0.794
17.199627219,0.2846,0.7481,-0.0007,0.800
17.200087796,0.2778,0.7659,0.0105,0.815
17.202725719,0.2729,0.7757,0.0171,0.822
17.20415618,0.2709,0.7947,0.0291,0.840
17.206349296,0.2675,0.8153,0.0381,0.859
17.208363796,0.2673,0.8250,0.0413,0.868
17.210026526,0.2653,0.8448,0.0476,0.887
17.21229818,0.2629,0.8673,0.0515,0.908
17.218939834,0.2624,0.8766,0.0545,0.917
17.219785834,0.2639,0.8956,0.0603,0.936
17.220241372,0.2621,0.9056,0.0630,0.945
17.220639142,0.2621,0.9267,0.0638,0.965
17.222738911,0.2646,0.9489,0.0657,0.987
17.223963334,0.2660,0.9591,0.0660,0.998
17.226657757,0.2719,0.9780,0.0672,1.017
17.228007295,0.2780,0.9951,0.0691,1.035
17.244387911,0.2812,1.0043,0.0699,1.045
17.246334872,0.2871,1.0202,0.0718,1.062
17.247661219,0.2900,1.0273,0.0728,1.070
17.24924468,0.2954,1.0407,0.0757,1.084
17.250521642,0.3012,1.0530,0.0760,1.098
17.251734949,0.3037,1.0593,0.0757,1.105
17.252921719,0.3112,1.0679,0.0723,1.115
17.254234372,0.3149,1.0752,0.0682,1.122
17.255479834,0.3159,1.0779,0.0667,1.125
17.256399257,0.3196,1.0808,0.0611,1.129
17.257401219,0.3198,1.0815,0.0574,1.129
17.25827818,0.3196,1.0813,0.0491,1.129
17.259032642,0.3183,1.0828,0.0386,1.129
17.260028334,0.3178,1.0835,0.0332,1.130
17.260885911,0.3178,1.0808,0.0254,1.127
17.262024026,0.3171,1.0771,0.0203,1.123
17.263089295,0.3159,1.0747,0.0159,1.120
17.264133372,0.3134,1.0691,0.0081,1.114
17.265343872,0.3110,1.0657,0.0046,1.110
17.269542719,0.3064,1.0559,0.0017,1.099
17.271109719,0.3025,1.0488,0.0000,1.092
17.272162872,0.3010,1.0447,0.0000,1.087
17.273628757,0.3000,1.0351,-0.0015,1.078
17.275574026,0.2963,1.0300,-0.0015,1.072
17.277473065,0.2946,1.0192,0.0037,1.061
17.279528411,0.2924,1.0090,0.0081,1.051
17.282850334,0.2927,1.0041,0.0107,1.046
17.283805334,0.2917,0.9919,0.0198,1.034
17.284830565,0.2895,0.9799,0.0279,1.022
17.287025565,0.2880,0.9736,0.0315,1.016
17.288663949,0.2880,0.9616,0.0401,1.005
17.290985334,0.2883,0.9501,0.0472,0.994
17.292856026,0.2878,0.9445,0.0511,0.989
17.29535268,0.2858,0.9318,0.0599,0.976
17.298736334,0.2861,0.9264,0.0647,0.972
17.299630949,0.2841,0.9142,0.0723,0.960
17.300744719,0.2822,0.9025,0.0792,0.949
17.302976488,0.2817,0.8959,0.0838,0.943
17.304634142,0.2819,0.8841,0.0936,0.933
17.307141257,0.2795,0.8732,0.0980,0.922
17.308586988,0.2788,0.8666,0.0997,0.916
17.310732872,0.2775,0.8546,0.1053,0.905
17.312762795,0.2773,0.8480,0.1085,0.899
17.319578065,0.2785,0.8365,0.1151,0.889
17.320508949,0.2766,0.8248,0.1209,0.878
17.32095818,0.2770,0.8187,0.1236,0.873
17.321463872,0.2748,0.8050,0.1283,0.860
17.323105372,0.2751,0.7933,0.1290,0.849
17.324616834,0.2744,0.7886,0.1297,0.845
17.326338834,0.2736,0.7762,0.1314,0.833
17.328521872,0.2744,0.7710,0.1312,0.829
17.344893565,0.2744,0.7598,0.1324,0.819
17.347011834,0.2761,0.7515,0.1324,0.811
17.348395449,0.2758,0.7461,0.1302,0.806
17.349876218,0.2761,0.7363,0.1283,0.797
17.351203603,0.2751,0.7263,0.1309,0.788
17.352585757,0.2766,0.7239,0.1314,0.786
17.353994757,0.2756,0.7175,0.1331,0.780
17.355331757,0.2741,0.7153,0.1346,0.778
17.356661372,0.2700,0.7122,0.1371,0.774
17.358072449,0.2665,0.7095,0.1405,0.771
17.359115334,0.2643,0.7082,0.1417,0.769
17.360119834,0.2607,0.7070,0.1434,0.767
17.361497103,0.2587,0.7060,0.1437,0.766
17.36271368,0.2582,0.7056,0.1427,0.765
17.364003795,0.2555,0.7070,0.1405,0.765
17.365029834,0.2538,0.7078,0.1385,0.765
17.366418526,0.2521,0.7078,0.1336,0.763
17.367298911,0.2492,0.7112,0.1285,0.764
17.368359949,0.2492,0.7129,0.1261,0.766
17.369221218,0.2465,0.7141,0.1168,0.764
17.370323065,0.2438,0.7190,0.1060,0.767
17.37255068,0.2436,0.7219,0.1024,0.769
17.373422565,0.2426,0.7258,0.0931,0.771
17.375596795,0.2421,0.7280,0.0892,0.772
17.377435295,0.2394,0.7344,0.0860,0.777
17.38285718,0.2387,0.7410,0.0828,0.783
17.38384518,0.2389,0.7434,0.0826,0.785
17.384295757,0.2389,0.7495,0.0848,0.791
17.38556968,0.2375,0.7525,0.0889,0.794
17.387697334,0.2375,0.7576,0.0899,0.799
17.389373949,0.2358,0.7652,0.0945,0.806
17.391754757,0.2362,0.7679,0.0975,0.809
17.393268603,0.2392,0.7737,0.1019,0.816
17.395709334,0.2399,0.7788,0.1073,0.822
17.398632449,0.2402,0.7815,0.1090,0.825
17.399517103,0.2428,0.7862,0.1151,0.831
17.401739295,0.2424,0.7930,0.1192,0.838
17.403549142,0.2428,0.7942,0.1219,0.839
17.405465372,0.2431,0.7991,0.1239,0.844
17.407817603,0.2443,0.8016,0.1248,0.847
17.409456026,0.2460,0.8045,0.1312,0.851
17.411706949,0.2482,0.8104,0.1358,0.858
17.41946568,0.2482,0.8123,0.1380,0.861
17.420335142,0.2502,0.8177,0.1412,0.867
17.420777526,0.2548,0.8211,0.1432,0.872
17.421208872,0.2570,0.8275,0.1468,0.879
17.421683372,0.2592,0.8328,0.1510,0.885
17.422904565,0.2609,0.8355,0.1539,0.889
17.424714142,0.2678,0.8411,0.1603,0.897
17.426936526,0.2729,0.8465,0.1671,0.905
17.428771526,0.2741,0.8492,0.1698,0.908
17.445575026,0.2748,0.8539,0.1730,0.914
17.447181218,0.2766,0.8565,0.1769,0.917
17.448486026,0.2829,0.8617,0.1820,0.925
17.449557603,0.2888,0.8661,0.1881,0.932
17.451028026,0.2917,0.8668,0.1903,0.934
17.452441449,0.2978,0.8697,0.1952,0.940
17.453690257,0.3032,0.8712,0.2013,0.944
17.454610103,0.3046,0.8710,0.2045,0.945
17.455313257,0.3076,0.8736,0.2079,0.949
17.456225372,0.3088,0.8739,0.2081,0.950
17.457088065,0.3093,0.8758,0.2116,0.953
17.458229218,0.3115,0.8771,0.2147,0.955
17.459105372,0.3112,0.8771,0.2160,0.955
17.460257488,0.3122,0.8763,0.2187,0.956
17.461197488,0.3115,0.8761,0.2194,0.955
17.462394026,0.3105,0.8753,0.2194,0.954
17.463522949,0.3086,0.8753,0.2201,0.954
17.466384103,0.3088,0.8763,0.2199,0.955
17.467998911,0.3068,0.8746,0.2172,0.952
17.468932218,0.3032,0.8741,0.2128,0.949
17.470263449,0.3015,0.8744,0.2116,0.949
17.472046449,0.2978,0.8732,0.2081,0.946
17.473991449,0.2951,0.8734,0.2018,0.944
17.475955295,0.2932,0.8734,0.1981,0.942
17.478024911,0.2888,0.8732,0.1935,0.940
17.481914488,0.2856,0.8724,0.1898,0.937
17.483426603,0.2812,0.8724,0.1818,0.934
17.484597334,0.2775,0.8751,0.1737,0.934
17.486355065,0.2753,0.8763,0.1710,0.934
17.487708334,0.2685,0.8773,0.1630,0.932
17.490581757,0.2624,0.8790,0.1561,0.931
17.49188418,0.2607,0.8807,0.1532,0.931
17.495218218,0.2570,0.8827,0.1459,0.931
17.496474103,0.2548,0.8834,0.1422,0.930
17.497772488,0.2511,0.8866,0.1371,0.932
17.500781988,0.2477,0.8881,0.1319,0.931
17.502389141,0.2465,0.8895,0.1305,0.932
17.503652872,0.2458,0.8915,0.1261,0.933
17.505630872,0.2460,0.8915,0.1244,0.933
17.507363949,0.2460,0.8939,0.1195,0.935
17.509360372,0.2465,0.8956,0.1153,0.936
17.511179834,0.2463,0.8973,0.1136,0.937
17.520067641,0.2467,0.8973,0.1097,0.937
17.521865834,0.2482,0.8981,0.1068,0.938
17.522192757,0.2499,0.8981,0.1055,0.938
17.522425488,0.2526,0.9020,0.1021,0.942
17.522648988,0.2531,0.9025,0.1009,0.943
17.522916526,0.2555,0.9044,0.0970,0.945
17.524906488,0.2607,0.9074,0.0945,0.949
17.527081757,0.2619,0.9093,0.0928,0.951
17.528702718,0.2639,0.9147,0.0906,0.956
17.551256834,0.2641,0.9213,0.0904,0.963
17.551853718,0.2656,0.9225,0.0901,0.964
17.552109488,0.2707,0.9276,0.0894,0.970
17.552351834,0.2731,0.9325,0.0894,0.976
17.552579334,0.2773,0.9416,0.0901,0.986
17.552810449,0.2814,0.9513,0.0906,0.996
17.553045988,0.2849,0.9567,0.0926,1.002
17.55330818,0.2893,0.9689,0.0950,1.016
17.553558757,0.2922,0.9806,0.0965,1.028
17.553781757,0.2954,0.9858,0.0997,1.034
17.557765411,0.3020,0.9995,0.1060,1.049
17.55915768,0.3051,1.0073,0.1094,1.058
17.56046168,0.3100,1.0222,0.1180,1.075
17.562448564,0.3154,1.0376,0.1270,1.092
17.564236295,0.3188,1.0456,0.1312,1.101
17.567040872,0.3252,1.0610,0.1390,1.118
17.568449449,0.3308,1.0764,0.1483,1.136
17.569409295,0.3337,1.0837,0.1524,1.144
17.570549603,0.3391,1.0989,0.1632,1.162
17.571482449,0.3433,1.1070,0.1691,1.171
17.57275918,0.3484,1.1216,0.1801,1.188
17.574056257,0.3560,1.1363,0.1906,1.206
17.575156641,0.3579,1.1441,0.1940,1.214
17.576325872,0.3638,1.1565,0.2042,1.229
17.578254103,0.3689,1.1678,0.2138,1.243
17.582815795,0.3706,1.1732,0.2179,1.249
17.587840218,0.3740,1.1834,0.2262,1.262
17.588985988,0.3770,1.1876,0.2284,1.267
17.590055872,0.3845,1.1954,0.2328,1.277
17.591645872,0.3909,1.2035,0.2389,1.288
17.592712949,0.3933,1.2069,0.2419,1.292
17.593754988,0.3950,1.2127,0.2453,1.299
17.594800988,0.3970,1.2164,0.2465,1.303
17.596008064,0.3987,1.2181,0.2463,1.305
17.600242872,0.4007,1.2206,0.2463,1.308
17.601789026,0.4004,1.2203,0.2477,1.308
17.602756834,0.4007,1.2215,0.2460,1.309
17.603858641,0.3992,1.2201,0.2443,1.307
17.605905334,0.3990,1.2188,0.2441,1.305
17.607841834,0.3975,1.2166,0.2428,1.303
17.609890641,0.3926,1.2127,0.2416,1.297
17.611696295,0.3889,1.2108,0.2394,1.294
17.621414257,0.3831,1.2115,0.2333,1.292
17.622763603,0.3745,1.2103,0.2321,1.288
17.623855103,0.3691,1.2057,0.2321,1.282
17.62478068,0.3582,1.2027,0.2292,1.276
17.625832564,0.3528,1.2027,0.2270,1.274
17.626127488,0.3411,1.2037,0.2238,1.271
17.626362834,0.3261,1.2032,0.2194,1.266
17.627474449,0.3181,1.2052,0.2169,1.265
17.629613757,0.2998,1.2100,0.2084,1.264
17.641182449,0.2824,1.2132,0.2008,1.262
17.641792526,0.2739,1.2223,0.1950,1.268
17.642055834,0.2575,1.2323,0.1808,1.272
17.642288026,0.2509,1.2386,0.1749,1.276
17.642533064,0.2404,1.2540,0.1637,1.287
17.642766718,0.2360,1.2706,0.1505,1.301
17.643153257,0.2365,1.2777,0.1444,1.307
17.645146603,0.2375,1.2943,0.1319,1.323
17.649957488,0.2394,1.3029,0.1270,1.331
17.650452603,0.2450,1.3175,0.1180,1.345
17.651187872,0.2511,1.3329,0.1124,1.361
17.653146064,0.2553,1.3388,0.1112,1.367
17.655314257,0.2614,1.3491,0.1119,1.379
17.657042834,0.2685,1.3559,0.1156,1.387
17.658931064,0.2739,1.3576,0.1182,1.390
17.660902411,0.2832,1.3574,0.1270,1.392
17.663039603,0.2861,1.3559,0.1319,1.392
17.664845141,0.2905,1.3483,0.1434,1.387
17.667145603,0.2959,1.3364,0.1590,1.378
17.668764487,0.2971,1.3293,0.1671,1.372
17.670767103,0.2998,1.3129,0.1837,1.359
17.672684257,0.3020,1.2921,0.1986,1.342
17.674682834,0.3027,1.2814,0.2055,1.333
17.67668668,0.3034,1.2574,0.2231,1.313
17.678865449,0.3029,1.2455,0.2306,1.302
17.681677372,0.3027,1.2225,0.2441,1.283
17.683573411,0.2998,1.1983,0.2555,1.261
17.685255257,0.2985,1.1856,0.2609,1.250
17.686604757,0.2924,1.1619,0.2692,1.228
17.688394372,0.2878,1.1507,0.2726,1.217
17.690426334,0.2871,1.1306,0.2768,1.199
17.69246468,0.2800,1.1131,0.2753,1.180
17.694445834,0.2753,1.1038,0.2726,1.170
17.696395411,0.2675,1.0877,0.2636,1.151
17.698984718,0.2597,1.0727,0.2489,1.131
17.700445141,0.2560,1.0674,0.2382,1.123
17.702328103,0.2494,1.0576,0.2152,1.108
17.704194487,0.2485,1.0515,0.2033,1.099
17.706248257,0.2487,1.0376,0.1776,1.082
17.708200141,0.2499,1.0256,0.1532,1.067
17.710176064,0.2526,1.0197,0.1417,1.060
17.712126641,0.2563,1.0078,0.1207,1.047
17.721934987,0.2587,0.9973,0.1036,1.035
17.723289257,0.2599,0.9919,0.0967,1.030
17.72416418,0.2619,0.9789,0.0828,1.017
17.725007103,0.2634,0.9728,0.0777,1.011
17.726046103,0.2658,0.9613,0.0687,1.000
17.727617987,0.2665,0.9474,0.0599,0.986
17.728497603,0.2656,0.9408,0.0559,0.979
17.72951818,0.2639,0.9269,0.0464,0.965
17.730574987,0.2619,0.9110,0.0325,0.948
17.746372757,0.2624,0.9034,0.0257,0.941
17.748115526,0.2599,0.8883,0.0107,0.926
17.749481987,0.2585,0.8810,0.0022,0.918
17.750414295,0.2533,0.8661,-0.0134,0.902
17.751473026,0.2480,0.8514,-0.0327,0.887
17.752536372,0.2431,0.8446,-0.0428,0.880
17.753796295,0.2326,0.8331,-0.0623,0.867
17.754888141,0.2201,0.8250,-0.0811,0.858
17.756079718,0.2143,0.8204,-0.0923,0.853
17.756884295,0.2011,0.8121,-0.1160,0.845
17.758176411,0.1950,0.8094,-0.1266,0.842
17.758985641,0.1835,0.8050,-0.1461,0.838
17.76003568,0.1700,0.8040,-0.1654,0.838
17.760812026,0.1634,0.8018,-0.1727,0.836
17.76198418,0.1520,0.8003,-0.1876,0.836
17.762770334,0.1415,0.8003,-0.2018,0.837
17.764200949,0.1363,0.8001,-0.2072,0.838
17.767168372,0.1231,0.8008,-0.2162,0.839
17.768627526,0.1175,0.8006,-0.2209,0.839
17.772647872,0.1082,0.8023,-0.2257,0.840
17.773987103,0.0999,0.8033,-0.2270,0.841
17.775203141,0.0972,0.8047,-0.2262,0.842
17.776035872,0.0948,0.8050,-0.2250,0.841
17.777152103,0.0897,0.8055,-0.2233,0.841
17.779099526,0.0897,0.8074,-0.2182,0.841
17.781951449,0.0872,0.8079,-0.2099,0.839
17.783533603,0.0872,0.8077,-0.2052,0.838
17.785139526,0.0850,0.8106,-0.1942,0.838
17.787297334,0.0836,0.8153,-0.1815,0.839
17.788948603,0.0836,0.8170,-0.1742,0.839
17.79106741,0.0821,0.8206,-0.1581,0.840
17.79270491,0.0821,0.8231,-0.1493,0.841
17.79491441,0.0809,0.8292,-0.1312,0.843
17.797907987,0.0816,0.8367,-0.1102,0.848
17.799070295,0.0811,0.8411,-0.1009,0.851
17.801632372,0.0782,0.8480,-0.0787,0.855
17.803090872,0.0792,0.8587,-0.0555,0.864
17.80448441,0.0804,0.8634,-0.0440,0.868
17.806550487,0.0833,0.8746,-0.0217,0.879
17.808332372,0.0862,0.8812,-0.0110,0.885
17.81059218,0.0945,0.8959,0.0051,0.901
17.812222641,0.1021,0.9093,0.0235,0.915
17.817996834,0.1068,0.9147,0.0325,0.921
17.818586103,0.1185,0.9284,0.0476,0.937
17.81884968,0.1322,0.9420,0.0594,0.953
17.824102334,0.1380,0.9484,0.0662,0.961
17.824369872,0.1502,0.9621,0.0752,0.977
17.824612872,0.1581,0.9677,0.0794,0.984
17.826329026,0.1757,0.9802,0.0880,1.000
17.828046103,0.1908,0.9926,0.0945,1.015
17.83002418,0.1979,0.9985,0.0970,1.023
17.842435526,0.2125,1.0087,0.1002,1.036
17.843602064,0.2274,1.0134,0.1021,1.044
17.84443841,0.2350,1.0210,0.1038,1.053
17.845148487,0.2504,1.0302,0.1060,1.066
17.846122103,0.2568,1.0344,0.1075,1.071
17.847140872,0.2678,1.0420,0.1075,1.081
17.848248295,0.2832,1.0464,0.1065,1.089
17.849873987,0.2902,1.0481,0.1060,1.093
17.850927372,0.3049,1.0527,0.1031,1.101
17.852041603,0.3152,1.0542,0.0987,1.105
17.852841718,0.3208,1.0549,0.0970,1.107
17.854009834,0.3323,1.0534,0.0919,1.108
17.856480757,0.3369,1.0525,0.0884,1.109
17.858068218,0.3442,1.0495,0.0804,1.107
17.859760834,0.3525,1.0473,0.0735,1.108
17.861901141,0.3550,1.0449,0.0689,1.106
17.86546841,0.3601,1.0388,0.0623,1.101
17.86714768,0.3623,1.0363,0.0577,1.099
17.868409834,0.3647,1.0278,0.0496,1.092
17.869812834,0.3652,1.0192,0.0415,1.084
17.87158841,0.3657,1.0153,0.0393,1.080
17.873507295,0.3630,1.0090,0.0335,1.073
17.875424487,0.3594,0.9982,0.0266,1.061
17.877241141,0.3579,0.9933,0.0237,1.056
17.879371372,0.3528,0.9828,0.0181,1.044
17.881909218,0.3450,0.9782,0.0169,1.037
17.883336141,0.3411,0.9684,0.0161,1.027
17.885482987,0.3362,0.9579,0.0166,1.015
17.887193641,0.3332,0.9523,0.0161,1.009
17.889164026,0.3266,0.9428,0.0164,0.998
17.891165026,0.3186,0.9325,0.0186,0.986
17.89295941,0.3144,0.9267,0.0210,0.979
17.895014757,0.3095,0.9154,0.0266,0.967
17.897072641,0.3068,0.9086,0.0288,0.959
17.899611257,0.2995,0.8976,0.0337,0.947
17.900896487,0.2937,0.8856,0.0418,0.934
17.90301341,0.2885,0.8797,0.0452,0.927
17.904942333,0.2810,0.8685,0.0533,0.914
17.906940026,0.2744,0.8565,0.0613,0.901
17.908875872,0.2697,0.8492,0.0657,0.893
17.91101268,0.2604,0.8402,0.0743,0.883
17.912826564,0.2531,0.8275,0.0796,0.869
17.922053757,0.2489,0.8211,0.0840,0.862
17.923212872,0.2424,0.8094,0.0923,0.850
17.924034564,0.2380,0.8023,0.0965,0.842
17.924904103,0.2292,0.7901,0.1043,0.829
17.925963333,0.2194,0.7786,0.1124,0.817
17.927357064,0.2160,0.7727,0.1173,0.811
17.928313333,0.2091,0.7605,0.1236,0.798
17.929342141,0.1974,0.7549,0.1268,0.791
17.941428449,0.1928,0.7434,0.1305,0.779
17.942952872,0.1835,0.7346,0.1324,0.769
17.943845718,0.1783,0.7295,0.1346,0.763
17.944661141,0.1676,0.7205,0.1385,0.753
17.945723141,0.1566,0.7112,0.1400,0.742
17.946696487,0.1522,0.7080,0.1415,0.738
17.947913757,0.1429,0.6997,0.1422,0.728
17.949701526,0.1346,0.6968,0.1422,0.724
17.95088018,0.1309,0.6894,0.1424,0.716
17.951602641,0.1229,0.6836,0.1415,0.709
17.952478064,0.1187,0.6809,0.1412,0.705
17.95325891,0.1138,0.6779,0.1366,0.701
17.954307257,0.1090,0.6750,0.1339,0.697
17.95691618,0.1077,0.6733,0.1322,0.695
17.958471372,0.1051,0.6689,0.1268,0.689
17.963941487,0.1024,0.6682,0.1236,0.687
17.96507491,0.1019,0.6679,0.1202,0.686
17.966403833,0.1029,0.6667,0.1138,0.684
17.968979949,0.1029,0.6679,0.1112,0.685
17.970527718,0.1055,0.6704,0.1036,0.686
17.971548257,0.1082,0.6728,0.0970,0.688
17.972905257,0.1092,0.6736,0.0945,0.689
17.974077718,0.1134,0.6777,0.0897,0.693
17.976062333,0.1158,0.6811,0.0880,0.696
17.97816141,0.1173,0.6867,0.0867,0.702
17.980080949,0.1222,0.6943,0.0860,0.710
17.983713987,0.1241,0.6994,0.0860,0.716
17.985219141,0.1280,0.7092,0.0880,0.726
17.986866295,0.1285,0.7195,0.0880,0.736
17.988403872,0.1287,0.7239,0.0882,0.741
17.99001868,0.1329,0.7346,0.0889,0.752
17.99191468,0.1371,0.7464,0.0909,0.764
17.994014256,0.1393,0.7520,0.0926,0.770
17.995964487,0.1454,0.7644,0.0914,0.783
17.99914141,0.1473,0.7693,0.0909,0.789
18.001147449,0.1544,0.7842,0.0897,0.804
18.002412333,0.1600,0.7967,0.0901,0.818
18.006931756,0.1625,0.8033,0.0916,0.825
18.008140026,0.1688,0.8172,0.0919,0.839
18.008857718,0.1747,0.8328,0.0923,0.856
18.009985333,0.1771,0.8404,0.0931,0.864
18.01165018,0.1820,0.8534,0.0945,0.878
18.022495641,0.1854,0.8614,0.0943,0.886
18.023994795,0.1932,0.8761,0.0967,0.902
18.024927718,0.1984,0.8895,0.0967,0.916
18.026114449,0.2008,0.8973,0.0970,0.925
18.027170487,0.2081,0.9113,0.1014,0.940
18.028193641,0.2133,0.9240,0.1053,0.954
18.029169833,0.2157,0.9311,0.1068,0.962
18.029998141,0.2201,0.9416,0.1119,0.973
18.030295603,0.2211,0.9469,0.1129,0.979
18.04544041,0.2206,0.9599,0.1146,0.992
18.04602741,0.2221,0.9711,0.1178,1.003
18.04628091,0.2221,0.9782,0.1197,1.010
18.046507641,0.2187,0.9882,0.1214,1.019
18.046743949,0.2152,0.9955,0.1231,1.026
18.046972718,0.2138,0.9992,0.1236,1.029
18.047200333,0.2094,1.0090,0.1226,1.038
18.047422026,0.2084,1.0122,0.1224,1.041
18.047658795,0.2030,1.0195,0.1231,1.047
18.054311256,0.1989,1.0256,0.1207,1.052
18.054742026,0.1954,1.0278,0.1202,1.053
18.055002603,0.1871,1.0341,0.1175,1.057
18.055225026,0.1837,1.0366,0.1163,1.059
18.056799103,0.1776,1.0390,0.1163,1.061
18.058922372,0.1717,1.0407,0.1134,1.061
18.06047541,0.1678,1.0410,0.1126,1.060
18.062772333,0.1630,1.0422,0.1116,1.061
18.065861449,0.1571,1.0427,0.1102,1.060
18.066656756,0.1529,1.0417,0.1114,1.059
18.068266718,0.1468,1.0383,0.1124,1.055
18.070432987,0.1437,1.0373,0.1129,1.053
18.07242541,0.1397,1.0332,0.1136,1.049
18.074596064,0.1375,1.0285,0.1178,1.044
18.076464256,0.1353,1.0266,0.1187,1.042
18.078484756,0.1309,1.0212,0.1236,1.037
18.08042491,0.1300,1.0153,0.1287,1.032
18.08289091,0.1275,1.0119,0.1322,1.028
18.084213103,0.1241,1.0051,0.1388,1.022
18.086635218,0.1241,0.9990,0.1449,1.017
18.088356756,0.1229,0.9948,0.1480,1.013
18.090286256,0.1207,0.9853,0.1546,1.005
18.092321795,0.1212,0.9819,0.1576,1.002
18.094503103,0.1187,0.9736,0.1637,0.994
18.096284641,0.1195,0.9675,0.1661,0.989
18.100044449,0.1195,0.9643,0.1681,0.986
18.101802641,0.1192,0.9562,0.1722,0.979
18.102803103,0.1219,0.9506,0.1788,0.975
18.104457295,0.1226,0.9467,0.1801,0.971
18.106034603,0.1239,0.9416,0.1813,0.967
18.107979564,0.1251,0.9381,0.1830,0.964
18.110129026,0.1270,0.9315,0.1835,0.958
18.112016795,0.1305,0.9232,0.1830,0.950
18.114380987,0.1317,0.9203,0.1823,0.947
18.126410795,0.1327,0.9166,0.1793,0.943
18.128287179,0.1368,0.9139,0.1752,0.941
18.129772641,0.1383,0.9088,0.1710,0.935
18.13151791,0.1393,0.9042,0.1632,0.929
18.133486026,0.1402,0.9017,0.1590,0.926
18.134957295,0.1459,0.8978,0.1500,0.922
18.136351641,0.1478,0.8959,0.1410,0.919
18.137666179,0.1493,0.8951,0.1361,0.918
18.138307179,0.1524,0.8944,0.1261,0.916
18.138694064,0.1561,0.8949,0.1214,0.916
18.139059872,0.1583,0.8983,0.1114,0.919
18.139409564,0.1620,0.9017,0.1031,0.922
18.139777449,0.1642,0.9049,0.0989,0.925
18.158550987,0.1691,0.9086,0.0904,0.929
18.160489564,0.1769,0.9139,0.0862,0.935
18.161933218,0.1805,0.9181,0.0838,0.939
18.164414987,0.1845,0.9249,0.0816,0.947
18.165968756,0.1940,0.9320,0.0794,0.955
18.168616718,0.1976,0.9364,0.0804,0.960
18.169837795,0.2062,0.9472,0.0850,0.973
18.170570064,0.2113,0.9521,0.0877,0.979
18.171622141,0.2191,0.9599,0.0931,0.989
18.172374679,0.2260,0.9711,0.1004,1.002
18.17321791,0.2294,0.9762,0.1058,1.008
18.174100372,0.2358,0.9885,0.1178,1.023
18.175042026,0.2424,1.0002,0.1334,1.038
18.175895718,0.2460,1.0070,0.1410,1.046
18.176658141,0.2521,1.0190,0.1556,1.061
18.177762564,0.2548,1.0251,0.1632,1.069
18.178469641,0.2604,1.0371,0.1793,1.084
18.179456449,0.2656,1.0488,0.1979,1.100
18.180142987,0.2680,1.0544,0.2060,1.107
18.181564718,0.2704,1.0659,0.2199,1.121
18.182010795,0.2717,1.0779,0.2338,1.136
18.183841372,0.2722,1.0840,0.2404,1.143
18.18477291,0.2753,1.0916,0.2529,1.154
18.187080795,0.2758,1.0967,0.2568,1.160
18.188927333,0.2756,1.1062,0.2658,1.171
18.191615564,0.2773,1.1167,0.2695,1.182
18.192686256,0.2778,1.1216,0.2704,1.187
18.194713256,0.2770,1.1331,0.2717,1.198
18.196551449,0.2756,1.1436,0.2680,1.206
18.198906602,0.2751,1.1485,0.2658,1.211
18.200714026,0.2741,1.1575,0.2604,1.218
18.202493256,0.2751,1.1612,0.2568,1.221
18.204492372,0.2756,1.1690,0.2472,1.226
18.206429987,0.2746,1.1780,0.2358,1.232
18.208402679,0.2744,1.1817,0.2304,1.235
18.210288449,0.2736,1.1898,0.2174,1.240
18.212328372,0.2722,1.1944,0.2042,1.242
18.214520372,0.2709,1.1969,0.1981,1.243
18.219130487,0.2714,1.2027,0.1835,1.247
18.219685487,0.2722,1.2064,0.1752,1.249
18.220375833,0.2717,1.2152,0.1608,1.256
18.222301102,0.2736,1.2250,0.1439,1.263
18.224345141,0.2741,1.2301,0.1368,1.268
18.226385949,0.2748,1.2406,0.1217,1.276
18.22820291,0.2802,1.2550,0.1073,1.290
18.230431179,0.2829,1.2623,0.0999,1.297
18.244360372,0.2893,1.2807,0.0862,1.316
18.245998833,0.2927,1.2902,0.0794,1.325
18.246951602,0.3032,1.3117,0.0672,1.348
18.248145833,0.3127,1.3364,0.0557,1.374
18.249611756,0.3176,1.3491,0.0520,1.387
18.250632795,0.3298,1.3747,0.0489,1.415
18.25149741,0.3435,1.4028,0.0462,1.445
18.252677487,0.3496,1.4140,0.0474,1.457
18.254069949,0.3669,1.4365,0.0545,1.484
18.254905218,0.3767,1.4468,0.0594,1.496
18.255928333,0.3972,1.4617,0.0718,1.516
18.256802872,0.4207,1.4693,0.0909,1.531
18.258057141,0.4327,1.4705,0.1009,1.536
18.258790833,0.4573,1.4685,0.1226,1.543
18.260055641,0.4859,1.4561,0.1471,1.542
18.263199372,0.5011,1.4475,0.1586,1.540
18.26485291,0.5292,1.4250,0.1759,1.530
18.266112833,0.5421,1.4099,0.1832,1.522
18.271634641,0.5641,1.3752,0.1932,1.499
18.273189026,0.5836,1.3349,0.1954,1.470
18.274273102,0.5895,1.3139,0.1959,1.453
18.275590256,0.5949,1.2711,0.1893,1.416
18.276443179,0.5888,1.2291,0.1752,1.374
18.277762987,0.5824,1.2098,0.1664,1.353
18.279642602,0.5643,1.1754,0.1459,1.312
18.283150987,0.5543,1.1605,0.1334,1.293
18.284700102,0.5299,1.1338,0.1092,1.256
18.286051064,0.5018,1.1128,0.0821,1.223
18.287989833,0.4871,1.1040,0.0706,1.209
18.289400718,0.4600,1.0872,0.0464,1.181
18.291400102,0.4376,1.0801,0.0247,1.166
18.293208987,0.4268,1.0666,0.0147,1.149
18.295084833,0.4068,1.0525,-0.0037,1.128
18.296962218,0.3994,1.0454,-0.0125,1.119
18.299450102,0.3850,1.0322,-0.0249,1.102
18.301498141,0.3728,1.0180,-0.0344,1.085
18.303268833,0.3687,1.0109,-0.0388,1.077
18.304974679,0.3584,0.9977,-0.0450,1.061
18.307162756,0.3501,0.9819,-0.0503,1.044
18.309058333,0.3467,0.9736,-0.0530,1.035
18.311137525,0.3396,0.9582,-0.0540,1.018
18.312953449,0.3369,0.9499,-0.0528,1.009
18.318697256,0.3330,0.9328,-0.0537,0.992
18.31930041,0.3281,0.9159,-0.0535,0.974
18.319546987,0.3252,0.9088,-0.0533,0.967
18.320952872,0.3198,0.8922,-0.0550,0.949
18.322983064,0.3142,0.8712,-0.0562,0.928
18.324980141,0.3108,0.8629,-0.0562,0.919
18.32699091,0.3061,0.8451,-0.0591,0.901
18.328813141,0.3034,0.8358,-0.0613,0.891
18.33099191,0.2963,0.8172,-0.0662,0.872
18.343514525,0.2907,0.7972,-0.0716,0.852
18.34479791,0.2873,0.7874,-0.0755,0.842
18.345860372,0.2836,0.7730,-0.0818,0.827
18.346729872,0.2792,0.7561,-0.0887,0.811
18.347606525,0.2770,0.7476,-0.0931,0.803
18.348482025,0.2746,0.7317,-0.1029,0.788
18.349418756,0.2756,0.7253,-0.1080,0.783
18.353842333,0.2766,0.7136,-0.1170,0.774
18.355220025,0.2788,0.7004,-0.1266,0.764
18.356042102,0.2792,0.6953,-0.1309,0.761
18.356976872,0.2839,0.6863,-0.1410,0.756
18.358068795,0.2897,0.6767,-0.1522,0.752
18.359077333,0.2912,0.6733,-0.1571,0.750
18.360187525,0.2946,0.6699,-0.1676,0.751
18.361172064,0.2961,0.6672,-0.1720,0.750
18.362394449,0.3010,0.6635,-0.1823,0.751
18.364232795,0.3059,0.6628,-0.1942,0.755
18.367509449,0.3083,0.6638,-0.2006,0.759
18.368899564,0.3134,0.6638,-0.2152,0.765
18.370094564,0.3203,0.6650,-0.2299,0.773
18.372082641,0.3220,0.6657,-0.2380,0.777
18.373992949,0.3264,0.6660,-0.2502,0.783
18.37596291,0.3286,0.6677,-0.2551,0.787
18.37818541,0.3308,0.6723,-0.2646,0.795
18.380097064,0.3330,0.6794,-0.2739,0.805
18.383064295,0.3340,0.6843,-0.2773,0.810
18.386296372,0.3315,0.6938,-0.2814,0.819
18.387694449,0.3281,0.7021,-0.2822,0.825
18.388567025,0.3259,0.7073,-0.2832,0.829
18.389973372,0.3203,0.7202,-0.2800,0.836
18.391939679,0.3134,0.7268,-0.2800,0.840
18.394078487,0.3090,0.7422,-0.2773,0.850
18.39602091,0.2990,0.7593,-0.2690,0.859
18.398007141,0.2968,0.7676,-0.2641,0.864
18.400611333,0.2888,0.7872,-0.2521,0.876
18.402069333,0.2829,0.8096,-0.2384,0.890
18.403818525,0.2802,0.8209,-0.2304,0.897
18.405887641,0.2756,0.8436,-0.2125,0.913
18.407821756,0.2695,0.8570,-0.1942,0.919
18.409792141,0.2675,0.8854,-0.1859,0.943
18.411863064,0.2653,0.9135,-0.1627,0.965
18.413700833,0.2629,0.9284,-0.1515,0.977
18.422604448,0.2568,0.9589,-0.1317,1.001
18.423938948,0.2538,0.9914,-0.1134,1.030
18.424757872,0.2529,1.0068,-0.1046,1.043
18.42596491,0.2509,1.0378,-0.0872,1.071
18.426863948,0.2511,1.0534,-0.0782,1.086
18.427990718,0.2516,1.0850,-0.0613,1.115
18.428791487,0.2555,1.1140,-0.0476,1.144
18.429941641,0.2580,1.1285,-0.0413,1.158
18.431498448,0.2639,1.1561,-0.0296,1.186
18.444121448,0.2702,1.1815,-0.0210,1.212
18.445600448,0.2719,1.1922,-0.0166,1.223
18.446438756,0.2668,1.2022,-0.0169,1.232
18.447515141,0.2704,1.2057,-0.0154,1.236
18.449019487,0.2797,1.2206,-0.0073,1.252
18.450300987,0.3003,1.2377,-0.0010,1.274
18.454164872,0.3093,1.2435,0.0022,1.281
18.455675256,0.3266,1.2545,0.0039,1.296
18.456770102,0.3374,1.2560,0.0007,1.301
18.458005295,0.3406,1.2543,-0.0022,1.300
18.45916691,0.3459,1.2467,-0.0086,1.294
18.460220448,0.3459,1.2411,-0.0134,1.288
18.461220448,0.3459,1.2257,-0.0230,1.274
18.462415333,0.3425,1.2115,-0.0330,1.259
18.463572641,0.3396,1.2037,-0.0398,1.251
18.464870218,0.3354,1.1861,-0.0533,1.234
18.466331948,0.3301,1.1702,-0.0643,1.218
18.468885064,0.3283,1.1607,-0.0704,1.208
18.469567872,0.3237,1.1443,-0.0806,1.192
18.470606948,0.3186,1.1297,-0.0906,1.177
18.472749295,0.3152,1.1221,-0.0950,1.169
18.474856525,0.3088,1.1067,-0.1002,1.153
18.476817948,0.3037,1.0933,-0.1033,1.139
18.478760333,0.3012,1.0867,-0.1043,1.132
18.480689025,0.2961,1.0708,-0.1055,1.116
18.48324741,0.2932,1.0637,-0.1063,1.108
18.484608372,0.2868,1.0505,-0.1058,1.094
18.486713448,0.2822,1.0327,-0.1029,1.075
18.488552987,0.2805,1.0241,-0.1011,1.067
18.490594256,0.2761,1.0073,-0.0960,1.049
18.492414218,0.2722,1.0002,-0.0926,1.041
18.494527564,0.2702,0.9826,-0.0860,1.023
18.496511795,0.2682,0.9643,-0.0809,1.004
18.502122679,0.2675,0.9545,-0.0755,0.994
18.502710141,0.2680,0.9374,-0.0660,0.977
18.502961025,0.2697,0.9179,-0.0574,0.958
18.504187295,0.2687,0.9083,-0.0528,0.949
18.506462372,0.2695,0.8907,-0.0437,0.932
18.508265064,0.2695,0.8812,-0.0388,0.922
18.51034191,0.2682,0.8631,-0.0274,0.904
18.512213372,0.2673,0.8441,-0.0193,0.886
18.514223833,0.2660,0.8358,-0.0134,0.877
18.523150064,0.2639,0.8204,-0.0007,0.862
18.524358756,0.2599,0.8033,0.0078,0.844
18.525163256,0.2595,0.7947,0.0125,0.836
18.52609841,0.2580,0.7786,0.0222,0.821
18.526796333,0.2573,0.7703,0.0266,0.813
18.527567718,0.2553,0.7544,0.0320,0.797
18.528449218,0.2487,0.7415,0.0393,0.783
18.529862795,0.2450,0.7349,0.0432,0.776
18.533165448,0.2406,0.7227,0.0503,0.763
18.534654179,0.2380,0.7153,0.0533,0.756
18.535752256,0.2326,0.7021,0.0618,0.742
18.537859756,0.2292,0.6916,0.0689,0.732
18.539759487,0.2270,0.6865,0.0711,0.727
18.541790564,0.2211,0.6762,0.0762,0.716
18.543606256,0.2160,0.6660,0.0823,0.705
18.545562448,0.2165,0.6606,0.0850,0.700
18.547593333,0.2135,0.6525,0.0901,0.692
18.550618218,0.2121,0.6491,0.0914,0.689
18.552155795,0.2096,0.6437,0.0936,0.683
18.554069948,0.2081,0.6401,0.0958,0.680
18.555625102,0.2064,0.6384,0.0980,0.678
18.557579679,0.2055,0.6367,0.0997,0.676
18.559574833,0.2045,0.6367,0.0972,0.676
18.561400295,0.2033,0.6364,0.0960,0.675
18.563404987,0.2013,0.6369,0.0958,0.675
18.567151756,0.2011,0.6379,0.0945,0.675
18.568753064,0.2008,0.6406,0.0899,0.677
18.570756256,0.2038,0.6450,0.0870,0.682
18.571836756,0.2047,0.6486,0.0850,0.685
18.573483795,0.2050,0.6550,0.0816,0.691
18.575499064,0.2062,0.6633,0.0784,0.699
18.577496064,0.2062,0.6670,0.0755,0.702
18.579403602,0.2077,0.6767,0.0694,0.711
18.581447602,0.2096,0.6877,0.0660,0.722
18.584624756,0.2094,0.6936,0.0638,0.727
18.586453871,0.2081,0.7058,0.0603,0.738
18.587760448,0.2074,0.7109,0.0589,0.743
18.589150987,0.2089,0.7236,0.0535,0.755
18.591130218,0.2099,0.7373,0.0515,0.768
18.593066948,0.2094,0.7437,0.0501,0.774
18.595229256,0.2101,0.7588,0.0474,0.789
18.597014525,0.2099,0.7740,0.0464,0.803
18.600281295,0.2094,0.7815,0.0474,0.810
18.602022295,0.2111,0.7962,0.0501,0.825
18.60325391,0.2121,0.8035,0.0508,0.833
18.604996487,0.2133,0.8182,0.0523,0.847
18.607123948,0.2152,0.8336,0.0550,0.863
18.608998525,0.2160,0.8404,0.0572,0.870
18.611147141,0.2182,0.8529,0.0638,0.883
18.612717987,0.2199,0.8648,0.0682,0.895
18.61532391,0.2204,0.8719,0.0713,0.902
18.625721987,0.2231,0.8856,0.0779,0.917
18.627339948,0.2240,0.8920,0.0811,0.923
18.62831491,0.2292,0.9022,0.0877,0.935
18.629435025,0.2338,0.9115,0.0953,0.946
18.630423718,0.2345,0.9159,0.0985,0.951
18.631511794,0.2397,0.9257,0.1043,0.962
18.632601718,0.2472,0.9340,0.1121,0.973
18.633941987,0.2519,0.9391,0.1148,0.979
18.634956218,0.2582,0.9462,0.1214,0.988
18.635786025,0.2675,0.9479,0.1261,0.993
18.636883179,0.2722,0.9516,0.1280,0.998
18.648626564,0.2824,0.9543,0.1353,1.004
18.64915941,0.2858,0.9557,0.1371,1.007
18.649464141,0.2963,0.9594,0.1429,1.014
18.649707948,0.3064,0.9626,0.1507,1.021
18.649942948,0.3103,0.9626,0.1529,1.023
18.650184871,0.3171,0.9611,0.1617,1.025
18.650420794,0.3230,0.9631,0.1676,1.030
18.651968679,0.3259,0.9618,0.1698,1.030
18.654098679,0.3305,0.9606,0.1742,1.031
18.656023756,0.3313,0.9599,0.1747,1.030
18.658004833,0.3342,0.9587,0.1747,1.030
18.659762294,0.3340,0.9557,0.1739,1.027
18.662252756,0.3335,0.9540,0.1742,1.026
18.663961141,0.3327,0.9499,0.1732,1.021
18.667535487,0.3296,0.9457,0.1713,1.016
18.668882102,0.3286,0.9435,0.1708,1.014
18.670127025,0.3264,0.9381,0.1695,1.008
18.671914294,0.3247,0.9354,0.1683,1.004
18.674087064,0.3218,0.9318,0.1681,1.000
18.675974602,0.3186,0.9274,0.1666,0.995
18.677960487,0.3174,0.9245,0.1661,0.991
18.679948833,0.3147,0.9198,0.1652,0.986
18.682218371,0.3117,0.9157,0.1652,0.981
18.684713371,0.3103,0.9130,0.1656,0.978
18.686042487,0.3042,0.9076,0.1632,0.971
18.687714141,0.3010,0.9052,0.1634,0.968
18.689784025,0.2944,0.9022,0.1647,0.963
18.69156841,0.2868,0.8971,0.1627,0.956
18.693767064,0.2827,0.8959,0.1617,0.953
18.695644256,0.2724,0.8927,0.1590,0.947
18.697952679,0.2634,0.8903,0.1571,0.942
18.700933102,0.2602,0.8883,0.1566,0.939
18.702538487,0.2492,0.8851,0.1556,0.933
18.704732756,0.2450,0.8837,0.1546,0.930
18.70633541,0.2389,0.8839,0.1529,0.928
18.707413525,0.2323,0.8817,0.1505,0.924
18.709450333,0.2279,0.8807,0.1498,0.922
18.71151441,0.2226,0.8807,0.1498,0.921
18.713417564,0.2157,0.8795,0.1478,0.918
18.715335564,0.2123,0.8785,0.1463,0.916
18.725603756,0.2094,0.8783,0.1451,0.914
18.727042294,0.2069,0.8775,0.1444,0.913
18.728112102,0.2006,0.8749,0.1459,0.909
18.72939041,0.1969,0.8727,0.1441,0.906
18.730300102,0.1954,0.8719,0.1429,0.905
18.731478871,0.1908,0.8702,0.1432,0.902
18.732577679,0.1881,0.8702,0.1429,0.902
18.733853333,0.1864,0.8685,0.1405,0.899
18.734805717,0.1827,0.8685,0.1380,0.898
18.735759371,0.1810,0.8688,0.1371,0.898
18.737464987,0.1776,0.8710,0.1368,0.899
18.746734102,0.1739,0.8736,0.1346,0.901
18.74720841,0.1735,0.8739,0.1334,0.901
18.747447102,0.1708,0.8756,0.1322,0.902
18.747679294,0.1691,0.8763,0.1319,0.902
18.747903987,0.1676,0.8790,0.1302,0.904
18.748735833,0.1669,0.8854,0.1287,0.910
18.755488102,0.1676,0.8881,0.1297,0.913
18.755922217,0.1669,0.8922,0.1300,0.917
18.756173141,0.1693,0.8946,0.1314,0.920
18.756406948,0.1705,0.9017,0.1307,0.927
18.758595602,0.1727,0.9098,0.1300,0.935
18.760464064,0.1742,0.9142,0.1305,0.940
18.763343948,0.1793,0.9232,0.1327,0.950
18.76437741,0.1852,0.9342,0.1344,0.962
18.766852294,0.1869,0.9391,0.1346,0.967
18.768423102,0.1930,0.9508,0.1371,0.980
18.770373602,0.1976,0.9613,0.1407,0.991
18.772340871,0.2006,0.9665,0.1432,0.997
18.774325256,0.2074,0.9804,0.1476,1.013
18.776217987,0.2157,0.9877,0.1498,1.022
18.778157756,0.2204,1.0024,0.1544,1.038
18.780185756,0.2292,1.0156,0.1605,1.053
18.782257102,0.2340,1.0224,0.1622,1.061
18.784161641,0.2428,1.0371,0.1705,1.079
18.786256294,0.2555,1.0512,0.1754,1.096
18.788293102,0.2617,1.0571,0.1781,1.103
18.790251217,0.2714,1.0696,0.1825,1.118
18.792096025,0.2812,1.0757,0.1859,1.127
18.794382217,0.2858,1.0862,0.1915,1.139
18.795982256,0.2966,1.0994,0.1967,1.156
18.798487794,0.3027,1.1055,0.1996,1.163
18.802983871,0.3142,1.1165,0.2062,1.178
18.803575256,0.3257,1.1263,0.2096,1.191
18.803876371,0.3310,1.1311,0.2121,1.198
18.808289217,0.3423,1.1394,0.2177,1.209
18.808900487,0.3540,1.1460,0.2240,1.220
18.809859679,0.3599,1.1499,0.2260,1.226
18.812012102,0.3713,1.1556,0.2314,1.236
18.813880641,0.3750,1.1583,0.2340,1.240
18.821457564,0.3860,1.1619,0.2402,1.248
18.822165679,0.3941,1.1656,0.2467,1.255
18.822585679,0.3977,1.1683,0.2489,1.259
18.823033679,0.4036,1.1717,0.2546,1.265
18.823486679,0.4097,1.1717,0.2624,1.269
18.825581641,0.4114,1.1732,0.2648,1.271
18.828026025,0.4134,1.1739,0.2682,1.273
18.829712948,0.4143,1.1729,0.2700,1.273
18.831913102,0.4165,1.1727,0.2722,1.274
18.834635717,0.4156,1.1734,0.2770,1.275
18.835900487,0.4148,1.1732,0.2778,1.275
18.837556756,0.4112,1.1739,0.2790,1.275
18.839982333,0.4065,1.1739,0.2788,1.273
18.841404756,0.4036,1.1756,0.2785,1.274
18.843707871,0.3953,1.1763,0.2758,1.271
18.845461448,0.3911,1.1768,0.2734,1.270
18.847560564,0.3801,1.1802,0.2663,1.268
18.850677217,0.3662,1.1851,0.2580,1.267
18.851505064,0.3574,1.1895,0.2536,1.268
18.85324414,0.3403,1.1978,0.2424,1.269
18.855104987,0.3315,1.2027,0.2365,1.270
18.857174525,0.3120,1.2166,0.2228,1.276
18.859173525,0.2946,1.2323,0.2042,1.283
18.861072525,0.2871,1.2401,0.1967,1.288
18.863456064,0.2756,1.2584,0.1801,1.301
18.86508664,0.2656,1.2775,0.1656,1.315
18.86734291,0.2621,1.2880,0.1605,1.324
18.868880794,0.2595,1.3090,0.1500,1.343
18.870834487,0.2612,1.3195,0.1439,1.353
18.872799179,0.2634,1.3420,0.1358,1.374
18.875140871,0.2682,1.3591,0.1341,1.392
18.876757025,0.2707,1.3674,0.1341,1.400
18.879164333,0.2753,1.3845,0.1373,1.418
18.880752102,0.2802,1.3987,0.1466,1.434
18.88467991,0.2824,1.4038,0.1515,1.440
18.88640164,0.2844,1.4089,0.1615,1.446
18.887526525,0.2863,1.4096,0.1673,1.448
18.888903717,0.2927,1.4089,0.1818,1.450
18.890810602,0.2973,1.4031,0.1962,1.448
18.892610217,0.2995,1.3982,0.2045,1.444
18.894651833,0.3020,1.3847,0.2177,1.434
18.896655871,0.3029,1.3662,0.2323,1.419
18.898812025,0.3020,1.3554,0.2382,1.409
18.902124717,0.2988,1.3305,0.2485,1.386
18.903668602,0.2963,1.3166,0.2521,1.373
18.904884679,0.2900,1.2880,0.2587,1.345
18.906581833,0.2839,1.2594,0.2626,1.317
18.908415564,0.2795,1.2440,0.2641,1.302
18.910656064,0.2714,1.2154,0.2646,1.273
18.912491756,0.2614,1.2020,0.2612,1.258
18.914340602,0.2558,1.1761,0.2597,1.231
18.925072987,0.2438,1.1495,0.2543,1.202
18.926752833,0.2402,1.1368,0.2514,1.189
18.927714102,0.2343,1.1140,0.2438,1.164
18.928909333,0.2282,1.0925,0.2367,1.141
18.930146833,0.2262,1.0813,0.2326,1.129
18.930979025,0.2262,1.0627,0.2255,1.110
18.931824871,0.2248,1.0442,0.2143,1.089
18.933024948,0.2233,1.0349,0.2084,1.079
18.934245025,0.2221,1.0144,0.1923,1.056
18.935079717,0.2189,1.0043,0.1862,1.045
18.93600614,0.2174,0.9855,0.1735,1.024
18.946487717,0.2133,0.9667,0.1593,1.003
18.947070833,0.2103,0.9584,0.1534,0.993
18.947318525,0.2069,0.9384,0.1368,0.971
18.947549256,0.2045,0.9196,0.1195,0.950
18.947796064,0.2040,0.9100,0.1124,0.939
18.948039179,0.2013,0.8942,0.0963,0.922
18.954774871,0.1957,0.8854,0.0882,0.911
18.955234294,0.1928,0.8668,0.0687,0.891
18.955477448,0.1854,0.8492,0.0511,0.871
18.955733294,0.1818,0.8411,0.0425,0.862
18.957517987,0.1754,0.8262,0.0220,0.845
18.959401717,0.1688,0.8106,-0.0002,0.828
18.961694063,0.1654,0.8025,-0.0093,0.819
18.96368464,0.1573,0.7891,-0.0279,0.805
18.965737025,0.1463,0.7766,-0.0474,0.792
18.968158333,0.1415,0.7713,-0.0572,0.786
18.969518871,0.1339,0.7613,-0.0748,0.777
18.971484602,0.1300,0.7581,-0.0821,0.774
18.973353217,0.1192,0.7508,-0.0967,0.766
18.975473871,0.1104,0.7442,-0.1104,0.760
18.977487602,0.1053,0.7415,-0.1158,0.758
18.979555948,0.0958,0.7339,-0.1258,0.751
18.981672525,0.0899,0.7288,-0.1339,0.746
18.984224256,0.0862,0.7271,-0.1383,0.745
18.986190025,0.0777,0.7214,-0.1441,0.740
18.987411333,0.0735,0.7202,-0.1468,0.739
18.98922964,0.0667,0.7197,-0.1488,0.738
18.991256179,0.0596,0.7207,-0.1483,0.738
18.993175794,0.0577,0.7197,-0.1490,0.737
18.995342025,0.0530,0.7192,-0.1478,0.736
18.99710414,0.0486,0.7183,-0.1463,0.735
18.999340602,0.0472,0.7190,-0.1441,0.735
19.002207256,0.0442,0.7195,-0.1383,0.734
19.003706563,0.0432,0.7214,-0.1361,0.735
19.005039833,0.0430,0.7261,-0.1317,0.739
19.00721741,0.0430,0.7312,-0.1248,0.743
19.009013794,0.0420,0.7324,-0.1224,0.744
19.011276487,0.0410,0.7376,-0.1156,0.748
19.012939679,0.0386,0.7471,-0.1102,0.756
19.015089679,0.0386,0.7522,-0.1092,0.761
19.026196525,0.0393,0.7622,-0.1068,0.771
19.027874948,0.0415,0.7679,-0.1051,0.776
19.029091833,0.0464,0.7798,-0.1019,0.788
19.03020591,0.0528,0.7901,-0.0975,0.798
19.031412679,0.0569,0.7964,-0.0965,0.804
19.032434717,0.0672,0.8109,-0.0926,0.819
19.033643563,0.0787,0.8272,-0.0850,0.835
19.034876794,0.0855,0.8353,-0.0804,0.843
19.036183102,0.0994,0.8531,-0.0711,0.862
19.037217025,0.1136,0.8624,-0.0662,0.872
19.038477948,0.1214,0.8785,-0.0542,0.889
19.039751179,0.1371,0.8946,-0.0445,0.906
19.041073063,0.1441,0.9027,-0.0376,0.915
19.052861371,0.1610,0.9181,-0.0232,0.932
19.054655333,0.1820,0.9342,-0.0147,0.952
19.055807025,0.1920,0.9423,-0.0100,0.962
19.056976833,0.2130,0.9557,-0.0051,0.979
19.058376333,0.2340,0.9633,-0.0007,0.991
19.059607102,0.2433,0.9772,0.0007,1.007
19.060848179,0.2621,0.9926,0.0039,1.027
19.062166179,0.2719,0.9982,0.0056,1.035
19.06321491,0.2895,1.0119,0.0088,1.053
19.06429014,0.3034,1.0254,0.0088,1.069
19.06559314,0.3100,1.0310,0.0088,1.077
19.067014871,0.3218,1.0447,0.0083,1.093
19.068206102,0.3320,1.0510,0.0081,1.102
19.06938714,0.3371,1.0627,0.0073,1.115
19.070538063,0.3452,1.0727,0.0066,1.127
19.073399986,0.3491,1.0786,0.0049,1.134
19.074386025,0.3550,1.0894,0.0042,1.146
19.076159602,0.3579,1.0967,0.0034,1.154
19.078738333,0.3582,1.1004,0.0027,1.157
19.079960871,0.3604,1.1057,0.0046,1.163
19.082133179,0.3608,1.1077,0.0042,1.165
19.084494602,0.3616,1.1094,0.0064,1.167
19.085943294,0.3633,1.1099,0.0120,1.168
19.08801991,0.3635,1.1096,0.0151,1.168
19.090032333,0.3633,1.1089,0.0227,1.167
19.091773948,0.3606,1.1028,0.0327,1.161
19.093839525,0.3591,1.0996,0.0376,1.157
19.095864871,0.3564,1.0913,0.0513,1.149
19.097785948,0.3533,1.0859,0.0577,1.143
19.101028333,0.3454,1.0771,0.0721,1.133
19.10229114,0.3418,1.0659,0.0848,1.123
19.10368141,0.3398,1.0598,0.0921,1.117
19.105927717,0.3362,1.0456,0.1070,1.104
19.107621179,0.3286,1.0327,0.1204,1.090
19.109776256,0.3249,1.0266,0.1278,1.084
19.111818294,0.3171,1.0144,0.1422,1.072
19.113816294,0.3112,1.0031,0.1537,1.061
19.115801333,0.3076,0.9970,0.1590,1.055
19.121479333,0.3000,0.9855,0.1688,1.044
19.122331371,0.2956,0.9804,0.1730,1.039
19.122708486,0.2878,0.9679,0.1805,1.026
19.123540756,0.2810,0.9579,0.1845,1.015
19.125371756,0.2783,0.9530,0.1854,1.010
19.127297794,0.2714,0.9418,0.1869,0.998
19.129238294,0.2673,0.9364,0.1869,0.992
19.131151794,0.2587,0.9269,0.1852,0.980
19.141172217,0.2529,0.9161,0.1845,0.968
19.141895179,0.2489,0.9103,0.1830,0.961
19.142194217,0.2414,0.8998,0.1796,0.949
19.142487833,0.2328,0.8895,0.1742,0.936
19.142795448,0.2292,0.8837,0.1725,0.929
19.143065448,0.2206,0.8741,0.1654,0.917
19.14481741,0.2167,0.8700,0.1615,0.911
19.147515563,0.2094,0.8573,0.1522,0.895
19.148706294,0.1996,0.8446,0.1466,0.880
19.151300563,0.1964,0.8399,0.1437,0.874
19.153036948,0.1869,0.8289,0.1351,0.860
19.155179256,0.1771,0.8204,0.1246,0.848
19.156816948,0.1732,0.8160,0.1214,0.843
19.158985986,0.1649,0.8047,0.1129,0.829
19.160911871,0.1605,0.8003,0.1080,0.823
19.163248948,0.1515,0.7891,0.1014,0.810
19.164730179,0.1422,0.7796,0.0950,0.798
19.168233563,0.1385,0.7740,0.0921,0.792
19.169095486,0.1305,0.7654,0.0872,0.781
19.170780179,0.1226,0.7581,0.0821,0.772
19.172597486,0.1195,0.7534,0.0809,0.767
19.174812794,0.1143,0.7432,0.0772,0.756
19.176743179,0.1092,0.7390,0.0740,0.751
19.179112602,0.1063,0.7322,0.0738,0.744
19.18082814,0.1046,0.7251,0.0726,0.736
19.182784679,0.1024,0.7234,0.0730,0.734
19.185397409,0.0985,0.7180,0.0735,0.728
19.186915833,0.0994,0.7126,0.0757,0.724
19.189061063,0.0982,0.7107,0.0770,0.722
19.190774525,0.0982,0.7085,0.0809,0.720
19.192419563,0.0985,0.7070,0.0865,0.719
19.194402025,0.0980,0.7046,0.0894,0.717
19.19630164,0.0985,0.7029,0.0923,0.716
19.198294794,0.0987,0.7026,0.0950,0.716
19.201818563,0.1004,0.7043,0.0994,0.718
19.203368371,0.1014,0.7043,0.1055,0.719
19.204602409,0.1014,0.7053,0.1087,0.721
19.206277409,0.1029,0.7085,0.1141,0.725
19.20803864,0.1048,0.7100,0.1160,0.727
19.210246756,0.1077,0.7153,0.1231,0.734
19.211940294,0.1102,0.7207,0.1290,0.740
19.214019217,0.1112,0.7244,0.1317,0.745
19.215959371,0.1136,0.7297,0.1393,0.752
19.226128486,0.1182,0.7368,0.1429,0.760
19.227661063,0.1200,0.7405,0.1463,0.764
19.22861414,0.1222,0.7483,0.1500,0.773
19.229751756,0.1266,0.7534,0.1515,0.779
19.230643371,0.1346,0.7642,0.1556,0.791
19.231621909,0.1397,0.7737,0.1593,0.802
19.232956409,0.1415,0.7786,0.1603,0.807
19.234022563,0.1473,0.7891,0.1637,0.819
19.234431063,0.1498,0.7940,0.1647,0.825
19.255142102,0.1542,0.8038,0.1673,0.835
19.256736525,0.1603,0.8148,0.1708,0.848
19.258014179,0.1632,0.8199,0.1720,0.853
19.258852371,0.1676,0.8326,0.1757,0.867
19.259859948,0.1732,0.8446,0.1788,0.880
19.260833871,0.1754,0.8514,0.1803,0.888
19.261994063,0.1830,0.8629,0.1825,0.901
19.263011333,0.1874,0.8749,0.1864,0.914
19.264082486,0.1896,0.8815,0.1874,0.921
19.265022486,0.1937,0.8929,0.1874,0.933
19.266016409,0.1947,0.8995,0.1879,0.939
19.267120371,0.1959,0.9132,0.1898,0.953
19.268214563,0.1962,0.9264,0.1930,0.966
19.269160986,0.1967,0.9323,0.1932,0.972
19.270169871,0.1959,0.9442,0.1915,0.983
19.271130025,0.1957,0.9491,0.1932,0.988
19.27184814,0.1959,0.9582,0.1945,0.997
19.272514679,0.1964,0.9677,0.1935,1.006
19.27342064,0.1964,0.9731,0.1913,1.011
19.274147448,0.1937,0.9809,0.1881,1.017
19.274997025,0.1901,0.9868,0.1857,1.022
19.278970025,0.1891,0.9904,0.1825,1.025
19.279852448,0.1864,0.9958,0.1764,1.028
19.280693794,0.1862,0.9990,0.1739,1.031
19.28302414,0.1842,1.0056,0.1676,1.036
19.292510102,0.1810,1.0097,0.1669,1.039
19.293126409,0.1791,1.0114,0.1652,1.040
19.293434063,0.1757,1.0144,0.1671,1.043
19.293671871,0.1700,1.0190,0.1695,1.047
19.293893679,0.1676,1.0190,0.1703,1.047
19.294672602,0.1644,1.0212,0.1710,1.048
19.296512294,0.1612,1.0212,0.1720,1.048
19.298439179,0.1527,1.0202,0.1742,1.046
19.315167332,0.1466,1.0190,0.1747,1.044
19.315733217,0.1434,1.0183,0.1754,1.043
19.315983602,0.1390,1.0148,0.1749,1.039
19.316350102,0.1366,1.0083,0.1730,1.032
19.316612217,0.1368,1.0048,0.1715,1.029
19.316847871,0.1366,0.9970,0.1669,1.020
19.317084602,0.1371,0.9929,0.1656,1.016
19.317356717,0.1371,0.9843,0.1603,1.007
19.317592332,0.1373,0.9760,0.1544,0.998
19.32320414,0.1371,0.9728,0.1527,0.994
19.323660948,0.1378,0.9660,0.1468,0.987
19.323897756,0.1371,0.9577,0.1437,0.978
19.324132217,0.1393,0.9543,0.1417,0.975
19.326105371,0.1437,0.9460,0.1407,0.967
19.328057332,0.1463,0.9416,0.1407,0.963
19.330008294,0.1480,0.9337,0.1446,0.956
19.332092525,0.1524,0.9259,0.1490,0.950
19.334995025,0.1564,0.9213,0.1520,0.947
19.336741986,0.1612,0.9144,0.1595,0.942
19.338513679,0.1649,0.9064,0.1681,0.936
19.339913063,0.1673,0.9025,0.1727,0.934
19.342057909,0.1698,0.8917,0.1796,0.925
19.343871217,0.1705,0.8866,0.1849,0.922
19.345877871,0.1708,0.8783,0.1874,0.914
19.347853486,0.1720,0.8700,0.1920,0.907
19.351081756,0.1713,0.8651,0.1915,0.902
19.353076602,0.1713,0.8580,0.1923,0.896
19.354161179,0.1691,0.8517,0.1915,0.889
19.356149025,0.1683,0.8482,0.1903,0.885
19.357811448,0.1708,0.8431,0.1876,0.880
19.359708986,0.1713,0.8389,0.1818,0.875
19.361766832,0.1710,0.8380,0.1771,0.873
19.363923756,0.1703,0.8394,0.1683,0.873
19.365867256,0.1708,0.8404,0.1649,0.873
19.368190563,0.1700,0.8421,0.1564,0.873
19.37095564,0.1713,0.8455,0.1495,0.876
19.372438179,0.1703,0.8473,0.1463,0.876
19.373766871,0.1693,0.8551,0.1383,0.883
19.375509102,0.1705,0.8639,0.1322,0.890
19.377533486,0.1720,0.8683,0.1287,0.894
19.379598255,0.1771,0.8790,0.1229,0.905
19.381502409,0.1793,0.8846,0.1207,0.911
19.383550371,0.1803,0.8968,0.1204,0.923
19.387432409,0.1798,0.9096,0.1197,0.935
19.389085063,0.1818,0.9164,0.1192,0.942
19.390500179,0.1847,0.9323,0.1222,0.958
19.391923871,0.1859,0.9469,0.1244,0.973
19.393592986,0.1857,0.9540,0.1270,0.980
19.395435294,0.1884,0.9687,0.1356,0.996
19.397404371,0.1901,0.9758,0.1395,1.004
19.399364371,0.1898,0.9899,0.1493,1.019
19.402915794,0.1908,1.0056,0.1595,1.036
19.404709217,0.1908,1.0144,0.1639,1.045
19.406299255,0.1923,1.0295,0.1747,1.062
19.407738602,0.1947,1.0442,0.1876,1.079
19.40907964,0.1954,1.0522,0.1937,1.088
19.411548602,0.1974,1.0681,0.2042,1.105
19.41357214,0.1959,1.0823,0.2123,1.120
19.415555755,0.1962,1.0899,0.2165,1.128
19.424097794,0.1969,1.1028,0.2248,1.143
19.424679986,0.1974,1.1101,0.2287,1.150
19.424939986,0.1969,1.1243,0.2331,1.165
19.425179871,0.1979,1.1333,0.2345,1.174
19.425465717,0.1984,1.1397,0.2355,1.181
19.426793371,0.1994,1.1536,0.2338,1.194
19.428694755,0.1991,1.1600,0.2328,1.200
19.43080514,0.1981,1.1714,0.2296,1.210
19.432675217,0.1954,1.1807,0.2253,1.218
19.447238986,0.1950,1.1861,0.2221,1.222
19.448864602,0.1932,1.1969,0.2162,1.231
19.450198794,0.1940,1.2020,0.2089,1.235
19.451073217,0.1945,1.2059,0.2060,1.239
19.452359755,0.1928,1.2113,0.1969,1.242
19.453836294,0.1915,1.2132,0.1935,1.243
19.455265525,0.1935,1.2169,0.1859,1.246
19.456596063,0.1913,1.2188,0.1796,1.247
19.458229909,0.1913,1.2186,0.1788,1.246
19.459412679,0.1876,1.2191,0.1747,1.246
19.462574179,0.1852,1.2184,0.1708,1.244
19.464199448,0.1825,1.2157,0.1698,1.241
19.465520948,0.1827,1.2108,0.1693,1.236
19.466881294,0.1827,1.2088,0.1683,1.234
19.468231717,0.1842,1.2044,0.1664,1.230
19.469752486,0.1837,1.1998,0.1666,1.225
19.470107525,0.1847,1.1973,0.1673,1.223
19.470346217,0.1881,1.1944,0.1659,1.220
19.470589294,0.1976,1.1925,0.1659,1.220
19.47225464,0.2038,1.1929,0.1656,1.222
19.474027909,0.2179,1.1925,0.1644,1.223
19.475840255,0.2240,1.1937,0.1625,1.225
19.477866563,0.2367,1.1983,0.1583,1.232
19.479800679,0.2526,1.2037,0.1510,1.239
19.48193864,0.2607,1.2071,0.1476,1.244
19.484865102,0.2778,1.2206,0.1429,1.260
19.485728255,0.2949,1.2262,0.1407,1.269
19.487605948,0.3032,1.2396,0.1400,1.284
19.490760294,0.3198,1.2538,0.1422,1.302
19.491530871,0.3279,1.2631,0.1434,1.313
19.49354264,0.3415,1.2809,0.1544,1.335
19.495447871,0.3552,1.2985,0.1678,1.357
19.497516255,0.3635,1.3070,0.1749,1.368
19.499707832,0.3801,1.3237,0.1920,1.390
19.501565332,0.3992,1.3290,0.2079,1.403
19.503396563,0.4095,1.3393,0.2147,1.417
19.505395409,0.4288,1.3473,0.2304,1.433
19.50737364,0.4383,1.3488,0.2384,1.438
19.509221332,0.4547,1.3510,0.2497,1.447
19.511374486,0.4681,1.3444,0.2590,1.447
19.513301794,0.4752,1.3393,0.2624,1.445
19.515339717,0.4876,1.3283,0.2668,1.440
19.521159371,0.4950,1.3129,0.2643,1.428
19.521824602,0.4962,1.3031,0.2621,1.419
19.522080063,0.4945,1.2804,0.2570,1.396
19.523138563,0.4933,1.2677,0.2526,1.384
19.525085755,0.4874,1.2462,0.2397,1.359
19.527297371,0.4747,1.2235,0.2255,1.332
19.529122178,0.4681,1.2120,0.2167,1.317
19.531071025,0.4510,1.1898,0.1986,1.288
19.532981217,0.4420,1.1805,0.1898,1.275
19.541889486,0.4244,1.1622,0.1693,1.249
19.542362602,0.4065,1.1451,0.1510,1.224
19.542607371,0.3972,1.1372,0.1422,1.213
19.542842025,0.3816,1.1226,0.1273,1.192
19.543078332,0.3657,1.1084,0.1138,1.173
19.544807332,0.3582,1.1018,0.1082,1.164
19.546771794,0.3437,1.0886,0.0982,1.146
19.548707025,0.3371,1.0828,0.0955,1.138
19.551663525,0.3259,1.0664,0.0872,1.118
19.552736755,0.3147,1.0537,0.0782,1.102
19.554774255,0.3100,1.0461,0.0740,1.094
19.556684294,0.3017,1.0307,0.0689,1.076
19.558841102,0.2959,1.0158,0.0596,1.060
19.560792602,0.2927,1.0075,0.0562,1.051
19.562776678,0.2883,0.9904,0.0481,1.033
19.564676525,0.2885,0.9753,0.0413,1.018
19.566557525,0.2868,0.9672,0.0366,1.010
19.569131409,0.2853,0.9486,0.0281,0.991
19.570914294,0.2863,0.9403,0.0230,0.983
19.572641294,0.2819,0.9245,0.0110,0.967
19.574588294,0.2707,0.9118,-0.0022,0.951
19.576720909,0.2648,0.9037,-0.0086,0.942
19.578719871,0.2580,0.8910,-0.0217,0.928
19.580551025,0.2538,0.8780,-0.0352,0.915
19.582582986,0.2529,0.8719,-0.0420,0.909
19.585802486,0.2509,0.8604,-0.0562,0.898
19.587180178,0.2511,0.8541,-0.0613,0.892
19.588341794,0.2531,0.8421,-0.0726,0.882
19.590179217,0.2546,0.8306,-0.0811,0.873
19.592215486,0.2563,0.8243,-0.0850,0.867
19.594303948,0.2604,0.8140,-0.0911,0.860
19.596556063,0.2639,0.8094,-0.0965,0.857
19.598216255,0.2668,0.7986,-0.0985,0.848
19.600311986,0.2709,0.7869,-0.0987,0.838
19.603620255,0.2741,0.7813,-0.0992,0.834
19.605071217,0.2812,0.7740,-0.1011,0.830
19.606908371,0.2853,0.7664,-0.0980,0.824
19.608051371,0.2885,0.7617,-0.0958,0.820
19.610193986,0.2946,0.7547,-0.0941,0.816
19.612066294,0.2978,0.7500,-0.0921,0.812
19.614202255,0.2990,0.7442,-0.0889,0.807
19.616140217,0.3007,0.7393,-0.0831,0.802
19.626873678,0.3010,0.7359,-0.0804,0.799
19.628439909,0.3032,0.7307,-0.0762,0.795
19.62947464,0.3015,0.7278,-0.0689,0.791
19.63056864,0.3020,0.7273,-0.0638,0.790
19.631660217,0.3010,0.7261,-0.0555,0.788
19.632671794,0.3005,0.7263,-0.0501,0.788
19.633784409,0.2971,0.7263,-0.0391,0.786
19.635001063,0.2946,0.7283,-0.0261,0.786
19.63615564,0.2929,0.7302,-0.0198,0.787
19.637242717,0.2893,0.7341,-0.0064,0.789
19.638290909,0.2853,0.7388,0.0095,0.792
19.651214025,0.2822,0.7417,0.0164,0.794
19.652813063,0.2795,0.7498,0.0347,0.801
19.654082986,0.2770,0.7547,0.0428,0.805
19.654980909,0.2761,0.7649,0.0555,0.815
19.655814717,0.2717,0.7754,0.0726,0.825
19.656821255,0.2692,0.7818,0.0794,0.831
19.658031448,0.2641,0.7955,0.0923,0.843
19.659209063,0.2590,0.8118,0.1021,0.858
19.660196601,0.2573,0.8196,0.1060,0.866
19.661357178,0.2548,0.8377,0.1173,0.883
19.662199101,0.2536,0.8470,0.1190,0.892
19.662906601,0.2538,0.8661,0.1195,0.910
19.663820448,0.2526,0.8854,0.1168,0.928
19.665187178,0.2536,0.8942,0.1151,0.937
19.667246409,0.2582,0.9130,0.1112,0.955
19.670162755,0.2634,0.9303,0.1082,0.973
19.671731332,0.2660,0.9391,0.1063,0.982
19.676284371,0.2700,0.9577,0.1046,1.000
19.677587909,0.2734,0.9660,0.1026,1.009
19.678377025,0.2748,0.9850,0.1033,1.028
19.679464563,0.2780,1.0017,0.1085,1.045
19.680931601,0.2785,1.0097,0.1114,1.053
19.682996525,0.2797,1.0263,0.1209,1.071
19.685839025,0.2829,1.0388,0.1312,1.085
19.687358101,0.2844,1.0449,0.1349,1.091
19.689214332,0.2858,1.0561,0.1417,1.103
19.690918525,0.2885,1.0603,0.1444,1.108
19.69285214,0.2905,1.0671,0.1449,1.115
19.694995755,0.2929,1.0715,0.1405,1.120
19.696931294,0.2944,1.0737,0.1371,1.122
19.698896486,0.2976,1.0749,0.1292,1.123
19.700852178,0.2973,1.0769,0.1212,1.124
19.703805332,0.2966,1.0771,0.1156,1.123
19.705251871,0.2937,1.0774,0.1063,1.122
19.707498332,0.2927,1.0779,0.1009,1.121
19.709162024,0.2910,1.0774,0.0875,1.119
19.710448294,0.2856,1.0737,0.0760,1.114
19.712412909,0.2836,1.0735,0.0682,1.112
19.71466514,0.2800,1.0691,0.0528,1.106
19.716553948,0.2753,1.0644,0.0428,1.100
19.726553986,0.2722,1.0613,0.0374,1.096
19.728043678,0.2665,1.0542,0.0293,1.088
19.728994986,0.2651,1.0498,0.0252,1.083
19.730138986,0.2641,1.0415,0.0225,1.075
19.731371255,0.2621,1.0298,0.0203,1.063
19.73234164,0.2614,1.0236,0.0210,1.057
19.733141563,0.2626,1.0124,0.0227,1.046
19.733975024,0.2607,0.9960,0.0254,1.030
19.734291563,0.2592,0.9887,0.0296,1.023
19.752805294,0.2590,0.9728,0.0393,1.007
19.754285217,0.2599,0.9648,0.0511,1.000
19.755190986,0.2597,0.9474,0.0564,0.984
19.756046755,0.2597,0.9279,0.0667,0.966
19.756885448,0.2592,0.9196,0.0735,0.958
19.757992255,0.2563,0.9017,0.0865,0.941
19.758889371,0.2536,0.8846,0.0999,0.926
19.759742986,0.2524,0.8756,0.1065,0.917
19.760717101,0.2494,0.8592,0.1185,0.903
19.761644101,0.2458,0.8416,0.1283,0.886
19.762738832,0.2426,0.8336,0.1334,0.878
19.763377986,0.2367,0.8194,0.1434,0.865
19.764092717,0.2328,0.8118,0.1471,0.857
19.764726101,0.2270,0.7981,0.1515,0.844
19.765426063,0.2218,0.7867,0.1568,0.832
19.766202832,0.2199,0.7806,0.1586,0.826
19.769723409,0.2147,0.7688,0.1617,0.814
19.770973871,0.2096,0.7595,0.1637,0.805
19.771888332,0.2067,0.7549,0.1647,0.800
19.773791101,0.2040,0.7471,0.1666,0.792
19.775819448,0.2013,0.7429,0.1671,0.788
19.777790255,0.1969,0.7341,0.1698,0.779
19.779443986,0.1947,0.7275,0.1703,0.772
19.781623601,0.1932,0.7241,0.1703,0.769
19.783689101,0.1901,0.7170,0.1705,0.761
19.78652014,0.1859,0.7122,0.1703,0.755
19.790145678,0.1832,0.7097,0.1700,0.752
19.791209371,0.1766,0.7068,0.1695,0.748
19.792281871,0.1720,0.7043,0.1673,0.744
19.793592832,0.1710,0.7014,0.1634,0.740
19.795664101,0.1661,0.6987,0.1615,0.736
19.797591217,0.1647,0.6985,0.1593,0.735
19.799692294,0.1588,0.6973,0.1559,0.732
19.803051832,0.1520,0.6955,0.1529,0.728
19.804899871,0.1510,0.6955,0.1507,0.728
19.806206448,0.1476,0.6958,0.1473,0.726
19.808159909,0.1454,0.6980,0.1451,0.728
19.809223255,0.1449,0.6987,0.1424,0.728
19.81143614,0.1410,0.7014,0.1395,0.729
19.813347255,0.1395,0.7021,0.1371,0.729
19.815562217,0.1380,0.7046,0.1341,0.730
19.817336871,0.1363,0.7097,0.1302,0.734
19.826622294,0.1361,0.7119,0.1290,0.736
19.828109294,0.1346,0.7178,0.1275,0.741
19.829208255,0.1336,0.7222,0.1244,0.745
19.830298832,0.1329,0.7244,0.1239,0.747
19.831435486,0.1319,0.7312,0.1217,0.753
19.832232947,0.1319,0.7337,0.1202,0.755
19.833515447,0.1317,0.7420,0.1192,0.763
19.834029332,0.1324,0.7498,0.1182,0.771
19.848422063,0.1329,0.7534,0.1175,0.774
19.849030678,0.1346,0.7610,0.1163,0.782
19.849323447,0.1356,0.7698,0.1148,0.790
19.849567601,0.1363,0.7727,0.1146,0.793
19.849793024,0.1388,0.7808,0.1143,0.801
19.850032678,0.1393,0.7852,0.1131,0.805
19.850270024,0.1410,0.7930,0.1124,0.813
19.850495101,0.1432,0.8016,0.1109,0.822
19.850724409,0.1444,0.8062,0.1116,0.827
19.857581332,0.1449,0.8133,0.1114,0.834
19.858077409,0.1483,0.8238,0.1097,0.844
19.858320217,0.1502,0.8282,0.1097,0.849
19.858553794,0.1532,0.8365,0.1104,0.858
19.860886947,0.1571,0.8455,0.1080,0.867
19.862731563,0.1600,0.8495,0.1075,0.871
19.864558717,0.1652,0.8578,0.1087,0.880
19.866463678,0.1673,0.8629,0.1104,0.886
19.86932914,0.1693,0.8692,0.1109,0.892
19.870560909,0.1759,0.8756,0.1099,0.900
19.872580024,0.1798,0.8788,0.1104,0.904
19.874456294,0.1869,0.8856,0.1146,0.912
19.876408717,0.1969,0.8888,0.1204,0.918
19.878584717,0.2023,0.8907,0.1229,0.922
19.880486909,0.2118,0.8968,0.1285,0.930
19.882481947,0.2206,0.8990,0.1353,0.936
19.885985678,0.2250,0.9010,0.1373,0.939
19.887840447,0.2340,0.9015,0.1434,0.942
19.888705678,0.2380,0.9032,0.1463,0.945
19.890280024,0.2460,0.9039,0.1517,0.949
19.892324101,0.2529,0.9042,0.1573,0.952
19.894392678,0.2563,0.9052,0.1610,0.954
19.896085024,0.2624,0.9049,0.1673,0.957
19.898035871,0.2651,0.9044,0.1693,0.958
19.90021764,0.2707,0.9034,0.1764,0.959
19.903177986,0.2770,0.9015,0.1805,0.960
19.904596524,0.2795,0.9022,0.1825,0.962
19.906732178,0.2827,0.9003,0.1859,0.962
19.908505871,0.2836,0.8971,0.1876,0.959
19.910010871,0.2846,0.8959,0.1886,0.959
19.911928986,0.2871,0.8944,0.1896,0.958
19.914091371,0.2868,0.8929,0.1896,0.957
19.915860909,0.2844,0.8927,0.1886,0.956
19.918165601,0.2846,0.8925,0.1840,0.955
19.928112409,0.2841,0.8925,0.1801,0.954
19.929795986,0.2822,0.8929,0.1720,0.952
19.930789024,0.2805,0.8934,0.1632,0.951
19.931780794,0.2785,0.8937,0.1586,0.949
19.932799909,0.2758,0.8961,0.1480,0.949
19.934186217,0.2746,0.8971,0.1441,0.949
19.935425986,0.2714,0.9010,0.1351,0.951
19.936387986,0.2675,0.9039,0.1268,0.951
19.937513178,0.2653,0.9054,0.1234,0.952
19.938347255,0.2621,0.9088,0.1168,0.953
19.95693914,0.2575,0.9118,0.1138,0.954
19.95869837,0.2558,0.9144,0.1114,0.956
19.960247832,0.2499,0.9191,0.1075,0.959
19.961547678,0.2472,0.9218,0.1063,0.960
19.962622909,0.2448,0.9267,0.1060,0.964
19.963827486,0.2426,0.9284,0.1038,0.965
19.964949601,0.2409,0.9298,0.1029,0.966
19.966123755,0.2384,0.9303,0.1019,0.966
19.96687864,0.2348,0.9311,0.0992,0.965
19.96781687,0.2350,0.9306,0.0982,0.965
19.968792447,0.2318,0.9325,0.0982,0.966
19.970052294,0.2309,0.9333,0.0977,0.966
19.971115563,0.2296,0.9330,0.0948,0.966
19.972067755,0.2277,0.9345,0.0921,0.966
19.972852332,0.2274,0.9350,0.0906,0.966
19.973855486,0.2272,0.9347,0.0899,0.966
19.97455737,0.2267,0.9381,0.0892,0.969
19.975435524,0.2272,0.9396,0.0887,0.971
19.976076832,0.2284,0.9403,0.0880,0.972
19.976850755,0.2292,0.9428,0.0894,0.974
19.979606755,0.2336,0.9462,0.0938,0.979
19.981007832,0.2362,0.9508,0.0985,0.985
19.982869101,0.2375,0.9518,0.1011,0.986
19.984751947,0.2406,0.9587,0.1060,0.994
19.986661101,0.2448,0.9655,0.1107,1.002
19.988854447,0.2482,0.9684,0.1143,1.006
19.990713409,0.2558,0.9772,0.1217,1.017
19.992689101,0.2590,0.9806,0.1251,1.022
19.994741409,0.2646,0.9907,0.1334,1.034
19.996503909,0.2722,1.0004,0.1397,1.046
19.99863187,0.2748,1.0065,0.1439,1.053
20.000348755,0.2810,1.0190,0.1529,1.068
20.002652217,0.2890,1.0251,0.1571,1.077
20.005146909,0.2934,1.0346,0.1639,1.088
20.006691755,0.2988,1.0459,0.1720,1.101
20.008292294,0.3020,1.0530,0.1744,1.109
20.010532063,0.3098,1.0647,0.1818,1.124
20.01222964,0.3188,1.0774,0.1898,1.139
20.014335717,0.3222,1.0830,0.1932,1.146
20.01604714,0.3286,1.0938,0.1996,1.159
20.018327909,0.3310,1.0996,0.2038,1.166
20.027013332,0.3371,1.1121,0.2116,1.181
20.028415563,0.3406,1.1245,0.2182,1.195
20.02945514,0.3425,1.1304,0.2221,1.202
20.030433255,0.3479,1.1414,0.2299,1.215
20.031379524,0.3501,1.1524,0.2367,1.227
20.032410409,0.3498,1.1585,0.2387,1.233
20.033205447,0.3520,1.1668,0.2414,1.242
20.03391037,0.3540,1.1714,0.2431,1.248
20.046712793,0.3552,1.1800,0.2433,1.256
20.047199563,0.3542,1.1888,0.2458,1.265
20.047455178,0.3552,1.1925,0.2467,1.268
20.047699986,0.3557,1.1995,0.2455,1.275
20.047932793,0.3547,1.2044,0.2416,1.279
20.048165178,0.3538,1.2071,0.2402,1.281
20.048389332,0.3535,1.2125,0.2355,1.285
20.049758563,0.3516,1.2152,0.2340,1.286
20.054719524,0.3479,1.2164,0.2284,1.286
20.055220832,0.3442,1.2184,0.2240,1.286
20.05572237,0.3415,1.2179,0.2221,1.284
20.057785255,0.3379,1.2174,0.2184,1.282
20.059795832,0.3313,1.2157,0.2143,1.278
20.061485024,0.3276,1.2154,0.2128,1.277
20.063357986,0.3200,1.2113,0.2118,1.271
20.065592255,0.3117,1.2088,0.2099,1.266
20.067367678,0.3076,1.2042,0.2091,1.260
20.070020024,0.2985,1.1993,0.2067,1.253
20.071567986,0.2934,1.1954,0.2060,1.248
20.073616909,0.2851,1.1883,0.2042,1.239
20.075390255,0.2770,1.1832,0.2045,1.232
20.077106678,0.2722,1.1798,0.2050,1.228
20.079112986,0.2641,1.1732,0.2052,1.220
20.081022101,0.2558,1.1707,0.2060,1.216
20.083253755,0.2516,1.1641,0.2079,1.209
20.086713332,0.2404,1.1585,0.2111,1.202
20.087816601,0.2348,1.1534,0.2125,1.196
20.089102217,0.2243,1.1473,0.2165,1.189
20.09112964,0.2145,1.1421,0.2199,1.183
20.09297937,0.2089,1.1412,0.2206,1.181
20.095105524,0.1959,1.1404,0.2248,1.179
20.09715114,0.1896,1.1392,0.2245,1.176
20.09884637,0.1747,1.1368,0.2235,1.172
20.100990909,0.1620,1.1372,0.2199,1.170
20.104067524,0.1551,1.1375,0.2194,1.169
20.10551464,0.1437,1.1416,0.2147,1.171
20.107309947,0.1351,1.1441,0.2113,1.171
20.108683293,0.1300,1.1485,0.2035,1.174
20.110740293,0.1226,1.1565,0.1918,1.179
20.112646447,0.1207,1.1617,0.1879,1.183
20.114653832,0.1165,1.1714,0.1810,1.191
20.116502255,0.1180,1.1829,0.1725,1.201
20.126984255,0.1185,1.1881,0.1683,1.206
20.128471601,0.1229,1.1981,0.1639,1.215
20.129442524,0.1253,1.2030,0.1625,1.220
20.13048087,0.1307,1.2115,0.1627,1.229
20.131478255,0.1383,1.2181,0.1632,1.237
20.132421909,0.1417,1.2215,0.1644,1.241
20.13320437,0.1495,1.2242,0.1669,1.245
20.134420947,0.1568,1.2279,0.1720,1.250
20.135535024,0.1603,1.2279,0.1739,1.250
20.136654755,0.1703,1.2237,0.1820,1.249
20.14829687,0.1739,1.2218,0.1852,1.248
20.149911524,0.1837,1.2152,0.1925,1.244
20.150914601,0.1945,1.2044,0.2050,1.237
20.152126255,0.1989,1.1988,0.2106,1.233
20.15348387,0.2035,1.1851,0.2233,1.223
20.15462764,0.2155,1.1683,0.2394,1.212
20.15652064,0.2221,1.1602,0.2472,1.207
20.157372255,0.2333,1.1426,0.2604,1.195
20.158447909,0.2406,1.1328,0.2719,1.190
20.159152293,0.2431,1.1165,0.2785,1.176
20.160213409,0.2446,1.0984,0.2856,1.161
20.161075255,0.2448,1.0906,0.2873,1.154
20.162183986,0.2460,1.0740,0.2895,1.139
20.164744293,0.2477,1.0578,0.2858,1.123
20.166273293,0.2475,1.0495,0.2817,1.115
20.168133832,0.2475,1.0356,0.2709,1.099
20.173432101,0.2467,1.0285,0.2533,1.088
20.175046678,0.2465,1.0158,0.2436,1.073
20.176302986,0.2450,1.0041,0.2218,1.057
20.177255755,0.2438,0.9985,0.2103,1.049
20.178485293,0.2428,0.9885,0.1869,1.035
20.17966464,0.2397,0.9784,0.1610,1.020
20.181664332,0.2380,0.9738,0.1478,1.013
20.183933986,0.2340,0.9650,0.1182,1.000
20.187400447,0.2331,0.9604,0.1038,0.994
20.18898587,0.2343,0.9521,0.0779,0.984
20.190314832,0.2375,0.9430,0.0518,0.974
20.19157287,0.2397,0.9391,0.0398,0.970
20.193553678,0.2438,0.9298,0.0154,0.961
20.19542414,0.2489,0.9205,-0.0051,0.954
20.197463716,0.2509,0.9166,-0.0147,0.950
20.199234101,0.2553,0.9076,-0.0347,0.943
20.201354524,0.2568,0.9015,-0.0528,0.939
20.203390832,0.2573,0.8978,-0.0616,0.936
20.205149755,0.2575,0.8907,-0.0782,0.931
20.207272986,0.2570,0.8883,-0.0858,0.929
20.209140447,0.2555,0.8827,-0.0999,0.924
20.211106255,0.2553,0.8766,-0.1109,0.920
20.213054024,0.2543,0.8732,-0.1163,0.917
20.21513314,0.2536,0.8680,-0.1295,0.914
20.216954716,0.2507,0.8648,-0.1356,0.911
20.222994409,0.2494,0.8595,-0.1439,0.906
20.223660524,0.2438,0.8551,-0.1502,0.902
20.223934216,0.2404,0.8536,-0.1527,0.900
20.22834214,0.2343,0.8495,-0.1566,0.895
20.228833486,0.2255,0.8460,-0.1590,0.890
20.229109524,0.2221,0.8453,-0.1590,0.888
20.23078864,0.2143,0.8429,-0.1603,0.884
20.232663563,0.2086,0.8409,-0.1593,0.881
20.234904909,0.1986,0.8385,-0.1554,0.876
20.254306909,0.1884,0.8372,-0.1512,0.871
20.255144832,0.1840,0.8358,-0.1490,0.869
20.255493601,0.1757,0.8348,-0.1427,0.865
20.255814601,0.1661,0.8358,-0.1353,0.863
20.256100293,0.1615,0.8370,-0.1314,0.863
20.256378716,0.1500,0.8375,-0.1236,0.860
20.256624524,0.1441,0.8372,-0.1200,0.858
20.256861216,0.1331,0.8360,-0.1090,0.854
20.257517178,0.1231,0.8392,-0.0989,0.854
20.257859409,0.1178,0.8407,-0.0936,0.854
20.258116063,0.1075,0.8446,-0.0828,0.855
20.258777293,0.0970,0.8492,-0.0706,0.858
20.260560909,0.0926,0.8499,-0.0660,0.858
20.262446601,0.0845,0.8548,-0.0552,0.861
20.264422909,0.0818,0.8578,-0.0498,0.863
20.26626937,0.0787,0.8619,-0.0391,0.866
20.268325178,0.0730,0.8685,-0.0281,0.872
20.270806678,0.0723,0.8710,-0.0215,0.874
20.272208332,0.0704,0.8761,-0.0112,0.879
20.274126332,0.0706,0.8810,0.0002,0.884
20.276116293,0.0711,0.8846,0.0046,0.887
20.27843437,0.0718,0.8900,0.0112,0.893
20.280013293,0.0730,0.8925,0.0134,0.896
20.282411755,0.0750,0.8990,0.0147,0.902
20.284109063,0.0784,0.9064,0.0151,0.910
20.287660639,0.0794,0.9105,0.0139,0.914
20.288251332,0.0811,0.9203,0.0093,0.924
20.290065909,0.0826,0.9306,0.0027,0.934
20.292068255,0.0843,0.9350,-0.0010,0.939
20.294161332,0.0865,0.9428,-0.0076,0.947
20.296009986,0.0872,0.9477,-0.0112,0.952
20.299223524,0.0909,0.9574,-0.0232,0.962
20.299728678,0.0977,0.9677,-0.0371,0.973
20.307059639,0.1021,0.9723,-0.0423,0.979
20.307869409,0.1102,0.9809,-0.0557,0.989
20.308188486,0.1226,0.9877,-0.0665,0.998
20.30847337,0.1280,0.9916,-0.0713,1.002
20.313177063,0.1388,0.9992,-0.0772,1.012
20.313809909,0.1490,1.0026,-0.0804,1.017
20.314140447,0.1542,1.0107,-0.0843,1.026
20.315832293,0.1637,1.0192,-0.0836,1.036
20.317950793,0.1705,1.0229,-0.0821,1.040
20.328470563,0.1820,1.0285,-0.0770,1.047
20.329103601,0.1947,1.0339,-0.0679,1.054
20.329410755,0.2025,1.0361,-0.0638,1.058
20.329660755,0.2167,1.0383,-0.0552,1.062
20.32989437,0.2223,1.0385,-0.0508,1.063
20.330955178,0.2370,1.0412,-0.0410,1.069
20.33196287,0.2470,1.0432,-0.0276,1.072
20.333523793,0.2521,1.0427,-0.0210,1.073
20.336868986,0.2636,1.0407,-0.0071,1.074
20.337558563,0.2714,1.0420,0.0061,1.077
20.339214716,0.2753,1.0415,0.0112,1.077
20.341236678,0.2807,1.0405,0.0232,1.078
20.343407409,0.2810,1.0407,0.0293,1.078
20.345216524,0.2817,1.0420,0.0386,1.080
20.347110486,0.2807,1.0412,0.0454,1.079
20.349161486,0.2807,1.0407,0.0491,1.079
20.351133832,0.2795,1.0385,0.0525,1.077
20.353337639,0.2746,1.0383,0.0550,1.075
20.354989024,0.2724,1.0378,0.0564,1.074
20.357145216,0.2680,1.0344,0.0557,1.070
20.358886716,0.2621,1.0324,0.0550,1.067
20.360893832,0.2590,1.0261,0.0552,1.060
20.362959639,0.2541,1.0197,0.0525,1.052
20.365064255,0.2509,1.0153,0.0525,1.047
20.367446639,0.2472,1.0075,0.0523,1.039
20.369998601,0.2441,0.9990,0.0515,1.030
20.371564832,0.2431,0.9941,0.0520,1.025
20.372903601,0.2406,0.9848,0.0533,1.015
20.379013947,0.2365,0.9784,0.0547,1.008
20.379382601,0.2355,0.9640,0.0562,0.994
20.379637601,0.2311,0.9516,0.0572,0.981
20.380957447,0.2287,0.9452,0.0584,0.974
20.382650293,0.2262,0.9318,0.0628,0.961
20.384388755,0.2213,0.9171,0.0669,0.946
20.387446524,0.2194,0.9110,0.0691,0.940
20.388478139,0.2157,0.8968,0.0730,0.925
20.390904409,0.2099,0.8898,0.0767,0.917
20.392687409,0.2074,0.8763,0.0787,0.904
20.39455687,0.2013,0.8648,0.0858,0.892
20.396461947,0.1984,0.8585,0.0875,0.885
20.39866237,0.1932,0.8475,0.0887,0.874
20.400573024,0.1903,0.8372,0.0923,0.864
20.406589986,0.1881,0.8333,0.0926,0.859
20.407808716,0.1842,0.8223,0.0958,0.848
20.408077062,0.1830,0.8167,0.0980,0.843
20.418179024,0.1781,0.8074,0.0982,0.833
20.418751178,0.1739,0.8021,0.1004,0.827
20.419059909,0.1727,0.7991,0.1007,0.824
20.419328986,0.1693,0.7920,0.1009,0.816
20.419547755,0.1659,0.7852,0.1011,0.809
20.419779716,0.1644,0.7820,0.1014,0.806
20.420041601,0.1617,0.7781,0.0985,0.801
20.434801062,0.1615,0.7762,0.0960,0.799
20.435492139,0.1586,0.7747,0.0936,0.796
20.435851986,0.1534,0.7688,0.0904,0.789
20.436179832,0.1512,0.7666,0.0884,0.786
20.436470832,0.1502,0.7632,0.0845,0.782
20.436746178,0.1490,0.7605,0.0782,0.779
20.436988024,0.1471,0.7603,0.0755,0.778
20.437245178,0.1434,0.7591,0.0708,0.776
20.437964793,0.1441,0.7595,0.0682,0.776
20.439719716,0.1444,0.7598,0.0623,0.776
20.441763909,0.1441,0.7595,0.0579,0.775
20.44376887,0.1444,0.7595,0.0555,0.775
20.449265639,0.1451,0.7593,0.0515,0.775
20.449830447,0.1473,0.7593,0.0450,0.775
20.450093524,0.1471,0.7591,0.0418,0.774
20.451810101,0.1480,0.7613,0.0354,0.776
20.453810909,0.1490,0.7622,0.0337,0.777
20.458379447,0.1493,0.7637,0.0279,0.779
20.458882524,0.1522,0.7671,0.0242,0.782
20.459830678,0.1544,0.7676,0.0222,0.783
20.461406909,0.1593,0.7710,0.0169,0.787
20.463215409,0.1610,0.7725,0.0122,0.789
20.465161639,0.1620,0.7732,0.0120,0.790
20.468066947,0.1661,0.7779,0.0068,0.795
20.470395832,0.1676,0.7806,0.0054,0.798
20.471348332,0.1720,0.7823,0.0039,0.801
20.473156178,0.1759,0.7862,0.0037,0.806
20.475171793,0.1779,0.7894,0.0017,0.809
20.477144485,0.1791,0.7952,-0.0010,0.815
20.479051024,0.1840,0.8011,-0.0010,0.822
20.48125587,0.1854,0.8040,-0.0010,0.825
20.483073485,0.1898,0.8096,0.0000,0.832
20.48507337,0.1906,0.8131,0.0002,0.835
20.487486947,0.1928,0.8192,0.0010,0.842
20.488967293,0.1967,0.8277,0.0032,0.851
20.491100293,0.1984,0.8311,0.0044,0.854
20.493061139,0.2001,0.8404,0.0073,0.864
20.494791409,0.2047,0.8499,0.0103,0.874
20.496779485,0.2055,0.8534,0.0127,0.878
20.498988524,0.2072,0.8624,0.0176,0.887
20.500869024,0.2091,0.8670,0.0210,0.892
20.504175985,0.2108,0.8756,0.0274,0.901
20.504761447,0.2145,0.8846,0.0366,0.911
20.506624409,0.2160,0.8895,0.0384,0.916
20.508590447,0.2184,0.9003,0.0452,0.927
20.510564909,0.2191,0.9098,0.0528,0.937
20.512577601,0.2209,0.9144,0.0567,0.942
20.51454087,0.2221,0.9271,0.0655,0.956
20.516433062,0.2221,0.9318,0.0691,0.960
20.518559332,0.2250,0.9403,0.0767,0.970
20.528425409,0.2248,0.9477,0.0855,0.978
20.52982137,0.2255,0.9521,0.0897,0.983
20.531003485,0.2240,0.9618,0.0999,0.993
20.532093178,0.2226,0.9687,0.1085,1.000
20.533051832,0.2223,0.9719,0.1119,1.003
20.535704139,0.2196,0.9789,0.1209,1.011
20.537017639,0.2177,0.9828,0.1246,1.014
20.538500755,0.2150,0.9885,0.1312,1.020
20.540025601,0.2147,0.9914,0.1383,1.024
20.54206887,0.2125,0.9931,0.1407,1.025
20.543211332,0.2077,0.9963,0.1449,1.028
20.544290062,0.2042,1.0002,0.1473,1.031
20.545971909,0.2025,1.0007,0.1485,1.032
20.551794409,0.1974,0.9997,0.1488,1.030
20.552282409,0.1967,1.0002,0.1512,1.030
20.552538293,0.1942,1.0002,0.1500,1.030
20.552782793,0.1918,0.9987,0.1498,1.028
20.55431387,0.1906,0.9970,0.1488,1.026
20.556089332,0.1881,0.9941,0.1466,1.022
20.558426947,0.1849,0.9926,0.1432,1.020
20.560120832,0.1835,0.9914,0.1405,1.018
20.562023678,0.1835,0.9882,0.1327,1.014
20.563914062,0.1840,0.9860,0.1251,1.011
20.566129255,0.1827,0.9843,0.1231,1.009
20.567803024,0.1832,0.9811,0.1185,1.005
20.570533985,0.1830,0.9794,0.1151,1.003
20.572499832,0.1840,0.9760,0.1112,0.999
20.573907139,0.1869,0.9745,0.1058,0.998
20.575853024,0.1874,0.9745,0.1048,0.998
20.578015139,0.1884,0.9719,0.1004,0.995
20.579814832,0.1910,0.9692,0.0953,0.992
20.581812985,0.1925,0.9682,0.0923,0.991
20.583696755,0.1976,0.9653,0.0860,0.989
20.587398639,0.2035,0.9638,0.0772,0.988
20.588945678,0.2064,0.9613,0.0726,0.986
20.590133793,0.2101,0.9582,0.0621,0.983
20.591729101,0.2118,0.9569,0.0572,0.982
20.593830832,0.2169,0.9540,0.0472,0.980
20.595570908,0.2213,0.9521,0.0357,0.978
20.597755678,0.2243,0.9513,0.0293,0.978
20.599662255,0.2277,0.9504,0.0183,0.977
20.601542793,0.2323,0.9494,0.0088,0.977
20.604075793,0.2353,0.9494,0.0037,0.978
20.606211062,0.2375,0.9523,-0.0042,0.981
20.60754637,0.2392,0.9523,-0.0073,0.982
20.609783062,0.2443,0.9533,-0.0156,0.984
20.611434101,0.2465,0.9560,-0.0220,0.987
20.61368387,0.2482,0.9577,-0.0235,0.990
20.615552601,0.2521,0.9616,-0.0276,0.994
20.617486293,0.2533,0.9650,-0.0279,0.998
20.624651678,0.2541,0.9672,-0.0249,1.000
20.625566139,0.2558,0.9704,-0.0208,1.004
20.62599737,0.2577,0.9728,-0.0178,1.007
20.626394139,0.2602,0.9775,-0.0110,1.012
20.627447332,0.2612,0.9833,0.0010,1.017
20.632334293,0.2626,0.9865,0.0064,1.021
20.632907678,0.2639,0.9916,0.0169,1.026
20.633368678,0.2656,0.9987,0.0298,1.034
20.635295447,0.2670,1.0024,0.0366,1.038
20.647691293,0.2675,1.0090,0.0525,1.045
20.648541447,0.2675,1.0119,0.0599,1.048
20.648943101,0.2660,1.0190,0.0774,1.056
20.649395255,0.2636,1.0298,0.0945,1.067
20.64978037,0.2631,1.0344,0.1029,1.072
20.650158985,0.2609,1.0417,0.1222,1.081
20.650520832,0.2599,1.0459,0.1400,1.087
20.650887639,0.2585,1.0564,0.1485,1.098
20.656738601,0.2543,1.0669,0.1666,1.109
20.657686216,0.2543,1.0715,0.1737,1.115
20.658125139,0.2509,1.0840,0.1857,1.128
20.658806447,0.2455,1.0938,0.1989,1.138
20.660879062,0.2421,1.0989,0.2030,1.143
20.662807639,0.2350,1.1072,0.2116,1.151
20.664966716,0.2277,1.1116,0.2187,1.156
20.666569408,0.2248,1.1214,0.2206,1.165
20.668619524,0.2179,1.1316,0.2218,1.174
20.670938947,0.2145,1.1363,0.2228,1.178
20.672447024,0.2111,1.1441,0.2209,1.184
20.674649216,0.2040,1.1502,0.2172,1.188
20.676426408,0.2003,1.1534,0.2150,1.190
20.678414178,0.1925,1.1595,0.2086,1.194
20.680497408,0.1849,1.1636,0.2042,1.196
20.682545024,0.1815,1.1690,0.1954,1.199
20.684386255,0.1757,1.1717,0.1859,1.199
20.687588139,0.1720,1.1741,0.1803,1.200
20.688187678,0.1661,1.1768,0.1695,1.201
20.690332024,0.1581,1.1783,0.1610,1.200
20.693216024,0.1542,1.1793,0.1566,1.200
20.694315601,0.1483,1.1805,0.1485,1.199
20.696376331,0.1422,1.1817,0.1402,1.198
20.698345447,0.1383,1.1802,0.1363,1.196
20.700149255,0.1349,1.1807,0.1302,1.196
20.702288831,0.1336,1.1788,0.1273,1.193
20.706176601,0.1322,1.1749,0.1229,1.189
20.706695908,0.1290,1.1724,0.1195,1.186
20.708082562,0.1302,1.1719,0.1182,1.185
20.710050678,0.1317,1.1675,0.1163,1.181
20.71178887,0.1368,1.1636,0.1158,1.177
20.713821985,0.1385,1.1607,0.1146,1.175
20.715786408,0.1432,1.1551,0.1112,1.169
20.717732908,0.1473,1.1531,0.1080,1.168
20.723471255,0.1568,1.1492,0.1051,1.165
20.724054216,0.1666,1.1482,0.1011,1.165
20.724310562,0.1725,1.1473,0.0999,1.164
20.730010024,0.1886,1.1475,0.0926,1.167
20.730576908,0.2060,1.1499,0.0887,1.172
20.730867216,0.2162,1.1517,0.0882,1.175
20.731473524,0.2382,1.1570,0.0865,1.184
20.733640562,0.2485,1.1590,0.0865,1.188
20.735907216,0.2682,1.1651,0.0880,1.199
20.748896485,0.2853,1.1734,0.0950,1.211
20.74960087,0.2941,1.1795,0.1007,1.220
20.750047639,0.3088,1.1905,0.1121,1.235
20.750323062,0.3220,1.1988,0.1297,1.248
20.750567908,0.3303,1.2025,0.1388,1.255
20.750816524,0.3418,1.2127,0.1620,1.270
20.751057139,0.3472,1.2157,0.1739,1.276
20.751417562,0.3591,1.2223,0.1981,1.289
20.758579024,0.3704,1.2274,0.2223,1.301
20.759258062,0.3760,1.2291,0.2338,1.306
20.759553793,0.3860,1.2308,0.2558,1.315
20.759814139,0.3948,1.2313,0.2741,1.322
20.761216793,0.3985,1.2311,0.2827,1.324
20.763535947,0.4053,1.2274,0.2934,1.325
20.765814831,0.4077,1.2257,0.2973,1.326
20.767150755,0.4126,1.2191,0.3000,1.322
20.769343485,0.4134,1.2127,0.2988,1.316
20.771601678,0.4141,1.2091,0.2959,1.312
20.773073678,0.4139,1.2005,0.2834,1.301
20.77540087,0.4092,1.1934,0.2690,1.290
20.777056947,0.4070,1.1903,0.2580,1.284
20.779107062,0.3977,1.1815,0.2343,1.268
20.780855408,0.3933,1.1773,0.2223,1.261
20.783128293,0.3836,1.1697,0.1940,1.246
20.784730985,0.3728,1.1629,0.1639,1.232
20.788159485,0.3674,1.1585,0.1502,1.225
20.788839254,0.3611,1.1490,0.1219,1.211
20.794572716,0.3494,1.1375,0.0938,1.194
20.795036485,0.3445,1.1321,0.0818,1.186
20.795282485,0.3367,1.1206,0.0603,1.172
20.796639178,0.3335,1.1138,0.0506,1.164
20.798632716,0.3283,1.1001,0.0325,1.149
20.800605139,0.3269,1.0855,0.0169,1.134
20.805764524,0.3269,1.0779,0.0107,1.126
20.806776139,0.3279,1.0608,-0.0015,1.110
20.807068408,0.3291,1.0442,-0.0147,1.095
20.808422524,0.3288,1.0349,-0.0210,1.086
20.811451793,0.3244,1.0195,-0.0291,1.070
20.812262601,0.3227,1.0117,-0.0347,1.062
20.814639678,0.3227,0.9965,-0.0503,1.049
20.816304831,0.3203,0.9836,-0.0640,1.036
20.818214101,0.3191,0.9767,-0.0689,1.030
20.823257678,0.3186,0.9623,-0.0794,1.017
20.823813908,0.3191,0.9506,-0.0921,1.007
20.82422037,0.3193,0.9445,-0.0975,1.002
20.829872293,0.3208,0.9323,-0.1070,0.992
20.83014287,0.3210,0.9271,-0.1153,0.988
20.830387716,0.3213,0.9186,-0.1185,0.980
20.832213793,0.3235,0.9091,-0.1256,0.973
20.834407908,0.3242,0.9042,-0.1283,0.969
20.836339639,0.3252,0.8961,-0.1314,0.962
20.845888562,0.3244,0.8888,-0.1309,0.955
20.846492062,0.3240,0.8859,-0.1309,0.952
20.846758524,0.3259,0.8795,-0.1275,0.947
20.846993754,0.3252,0.8741,-0.1251,0.941
20.847231601,0.3240,0.8719,-0.1219,0.938
20.848096947,0.3232,0.8646,-0.1182,0.931
20.849943562,0.3237,0.8607,-0.1158,0.927
20.851909639,0.3240,0.8558,-0.1073,0.921
20.855116639,0.3218,0.8514,-0.0999,0.916
20.856370024,0.3213,0.8485,-0.0965,0.912
20.857930216,0.3183,0.8429,-0.0909,0.906
20.859867716,0.3132,0.8389,-0.0860,0.900
20.861948447,0.3115,0.8380,-0.0818,0.898
20.86391187,0.3081,0.8338,-0.0738,0.892
20.865837947,0.3059,0.8326,-0.0706,0.890
20.867715562,0.3015,0.8272,-0.0647,0.883
20.871099985,0.2981,0.8258,-0.0584,0.880
20.872291485,0.2966,0.8248,-0.0557,0.878
20.873606139,0.2951,0.8228,-0.0476,0.875
20.875637024,0.2951,0.8194,-0.0386,0.872
20.877720524,0.2963,0.8182,-0.0357,0.871
20.879787831,0.2976,0.8162,-0.0252,0.869
20.881634716,0.2978,0.8160,-0.0203,0.869
20.883543408,0.2993,0.8150,-0.0083,0.868
20.885685677,0.3037,0.8157,0.0029,0.870
20.888387216,0.3046,0.8157,0.0088,0.871
20.89033537,0.3068,0.8165,0.0198,0.872
20.891342524,0.3110,0.8172,0.0318,0.875
20.893798677,0.3115,0.8187,0.0379,0.877
20.895384524,0.3149,0.8196,0.0498,0.879
20.897227677,0.3164,0.8218,0.0552,0.882
20.899364485,0.3205,0.8248,0.0650,0.887
20.901519062,0.3225,0.8309,0.0748,0.894
20.903490447,0.3242,0.8331,0.0792,0.897
20.906215216,0.3276,0.8380,0.0862,0.904
20.907450139,0.3298,0.8451,0.0916,0.912
20.909201254,0.3310,0.8477,0.0933,0.915
20.911198677,0.3315,0.8543,0.0977,0.922
20.913042601,0.3340,0.8578,0.1002,0.926
20.915232331,0.3374,0.8661,0.1016,0.935
20.917065947,0.3384,0.8724,0.1038,0.941
20.919106562,0.3389,0.8761,0.1060,0.945
20.928944024,0.3376,0.8839,0.1060,0.952
20.930455177,0.3389,0.8910,0.1051,0.959
20.93159137,0.3391,0.8944,0.1055,0.962
20.932477447,0.3381,0.8998,0.1065,0.967
20.933698716,0.3391,0.9020,0.1063,0.969
20.934695716,0.3381,0.9078,0.1048,0.974
20.935738831,0.3379,0.9149,0.1004,0.980
20.93681837,0.3364,0.9176,0.0975,0.982
20.938104216,0.3349,0.9205,0.0923,0.984
20.939807524,0.3330,0.9269,0.0858,0.989
20.952168254,0.3305,0.9306,0.0826,0.991
20.954113793,0.3269,0.9347,0.0757,0.993
20.955370024,0.3213,0.9367,0.0696,0.993
20.956603485,0.3191,0.9386,0.0662,0.994
20.958038293,0.3127,0.9420,0.0559,0.994
20.959305716,0.3100,0.9430,0.0503,0.994
20.960550485,0.3044,0.9467,0.0379,0.995
20.961758062,0.3022,0.9469,0.0274,0.994
20.962942447,0.3022,0.9452,0.0203,0.993
20.963883985,0.3005,0.9423,0.0078,0.989
20.965051793,0.3010,0.9396,0.0010,0.987
20.966103601,0.3000,0.9364,-0.0002,0.983
20.96714987,0.2981,0.9320,-0.0017,0.979
20.968046331,0.2961,0.9286,-0.0010,0.975
20.969052139,0.2941,0.9225,0.0032,0.968
20.972024447,0.2915,0.9152,0.0132,0.961
20.972645716,0.2902,0.9098,0.0171,0.955
20.974185601,0.2905,0.9008,0.0254,0.947
20.976210716,0.2900,0.8917,0.0354,0.938
20.978423293,0.2890,0.8868,0.0398,0.934
20.980430716,0.2863,0.8766,0.0479,0.923
20.982321139,0.2853,0.8710,0.0506,0.918
20.98416587,0.2871,0.8592,0.0555,0.908
20.986254447,0.2866,0.8495,0.0584,0.898
20.988233447,0.2863,0.8453,0.0579,0.894
20.990480601,0.2875,0.8360,0.0550,0.886
20.992019639,0.2863,0.8272,0.0555,0.877
20.994127716,0.2849,0.8233,0.0557,0.873
20.996108677,0.2829,0.8167,0.0555,0.866
20.998283793,0.2817,0.8133,0.0555,0.862
21.000098639,0.2773,0.8047,0.0515,0.853
21.002190408,0.2751,0.7996,0.0442,0.847
21.01197887,0.2717,0.7981,0.0428,0.844
21.013038139,0.2660,0.7942,0.0379,0.838
21.013898408,0.2621,0.7894,0.0320,0.832
21.014578793,0.2599,0.7864,0.0286,0.829
21.01525587,0.2570,0.7832,0.0247,0.825
21.015962754,0.2548,0.7828,0.0225,0.823
21.018041793,0.2504,0.7781,0.0217,0.818
21.0187051,0.2485,0.7735,0.0247,0.813
21.019789754,0.2477,0.7708,0.0237,0.810
21.033386677,0.2480,0.7664,0.0257,0.806
21.034454408,0.2470,0.7608,0.0308,0.800
21.035227447,0.2465,0.7603,0.0330,0.800
21.035940331,0.2446,0.7583,0.0388,0.798
21.036661408,0.2450,0.7566,0.0415,0.796
21.037546408,0.2436,0.7532,0.0472,0.793
21.038417524,0.2411,0.7515,0.0540,0.791
21.042232331,0.2387,0.7508,0.0586,0.790
21.043824177,0.2375,0.7481,0.0662,0.788
21.04473037,0.2377,0.7466,0.0733,0.787
21.045627754,0.2372,0.7476,0.0770,0.788
21.046997677,0.2377,0.7495,0.0858,0.791
21.047943985,0.2382,0.7490,0.0894,0.791
21.049118793,0.2389,0.7530,0.0948,0.796
21.050336485,0.2387,0.7578,0.0992,0.801
21.051438062,0.2399,0.7603,0.1014,0.804
21.053438024,0.2397,0.7666,0.1033,0.810
21.057566177,0.2411,0.7740,0.1033,0.817
21.058805216,0.2433,0.7776,0.1046,0.821
21.059700793,0.2460,0.7864,0.1065,0.831
21.062043447,0.2482,0.7906,0.1077,0.836
21.063308562,0.2489,0.7986,0.1080,0.843
21.065054447,0.2546,0.8079,0.1090,0.854
21.067122062,0.2558,0.8128,0.1107,0.859
21.069034139,0.2577,0.8216,0.1126,0.868
21.071943908,0.2597,0.8304,0.1121,0.877
21.073533677,0.2607,0.8358,0.1124,0.883
21.075157139,0.2612,0.8482,0.1141,0.895
21.0771266,0.2602,0.8531,0.1151,0.899
21.079086485,0.2604,0.8631,0.1160,0.909
21.081066062,0.2624,0.8710,0.1163,0.917
21.08299237,0.2634,0.8763,0.1158,0.922
21.084996062,0.2651,0.8861,0.1163,0.932
21.087255177,0.2651,0.8917,0.1134,0.937
21.090540447,0.2663,0.8951,0.1124,0.941
21.091979639,0.2692,0.9012,0.1121,0.947
21.093539062,0.2722,0.9078,0.1124,0.954
21.094907639,0.2741,0.9100,0.1121,0.957
21.096737677,0.2778,0.9147,0.1109,0.962
21.098748062,0.2795,0.9161,0.1109,0.964
21.100821254,0.2853,0.9203,0.1109,0.970
21.102725639,0.2888,0.9230,0.1099,0.973
21.106273293,0.2912,0.9242,0.1099,0.975
21.108066177,0.2949,0.9252,0.1097,0.977
21.109543677,0.2959,0.9249,0.1104,0.977
21.110937331,0.2968,0.9249,0.1116,0.978
21.112705062,0.3003,0.9230,0.1136,0.977
21.114855408,0.3039,0.9227,0.1143,0.978
21.116707716,0.3078,0.9208,0.1153,0.978
21.118827562,0.3115,0.9179,0.1195,0.977
21.131267177,0.3142,0.9166,0.1209,0.977
21.1331446,0.3171,0.9127,0.1246,0.974
21.1345596,0.3183,0.9088,0.1295,0.972
21.135798293,0.3188,0.9066,0.1305,0.970
21.13763187,0.3205,0.9034,0.1344,0.968
21.138232139,0.3215,0.9010,0.1373,0.966
21.138552177,0.3235,0.8976,0.1429,0.965
21.138880985,0.3235,0.8932,0.1461,0.961
21.13939037,0.3244,0.8915,0.1473,0.960
21.139697947,0.3232,0.8866,0.1500,0.956
21.1586891,0.3242,0.8827,0.1539,0.953
21.159520716,0.3237,0.8810,0.1561,0.951
21.160027831,0.3244,0.8783,0.1605,0.950
21.16047987,0.3235,0.8768,0.1600,0.948
21.160904985,0.3215,0.8729,0.1612,0.944
21.161404447,0.3210,0.8705,0.1617,0.942
21.161850908,0.3205,0.8673,0.1617,0.939
21.162288331,0.3191,0.8644,0.1620,0.935
21.162738947,0.3164,0.8595,0.1612,0.930
21.163156062,0.3156,0.8587,0.1612,0.929
21.163577677,0.3149,0.8558,0.1600,0.926
21.164006985,0.3137,0.8507,0.1593,0.921
21.164482562,0.3132,0.8487,0.1590,0.919
21.166183254,0.3122,0.8458,0.1588,0.915
21.167685062,0.3115,0.8441,0.1583,0.914
21.169834831,0.3088,0.8389,0.1573,0.908
21.171970639,0.3054,0.8367,0.1571,0.904
21.17378437,0.3049,0.8353,0.1578,0.903
21.175883985,0.3029,0.8316,0.1590,0.899
21.177962139,0.2985,0.8306,0.1603,0.897
21.179906716,0.2961,0.8314,0.1620,0.897
21.182463023,0.2900,0.8277,0.1625,0.892
21.183716793,0.2878,0.8265,0.1637,0.890
21.185628947,0.2841,0.8275,0.1695,0.891
21.188480331,0.2832,0.8270,0.1722,0.891
21.189457908,0.2810,0.8265,0.1744,0.890
21.19138337,0.2746,0.8262,0.1779,0.889
21.193530177,0.2719,0.8270,0.1815,0.889
21.195451062,0.2709,0.8280,0.1840,0.890
21.1972361,0.2685,0.8272,0.1901,0.890
21.199420716,0.2673,0.8270,0.1925,0.890
21.201378062,0.2651,0.8289,0.1976,0.892
21.203426177,0.2614,0.8289,0.2030,0.893
21.20604887,0.2609,0.8284,0.2050,0.892
21.207509485,0.2604,0.8299,0.2050,0.894
21.209137216,0.2590,0.8304,0.2052,0.894
21.2112991,0.2568,0.8326,0.2055,0.895
21.2129451,0.2565,0.8338,0.2047,0.896
21.215016946,0.2575,0.8363,0.2030,0.898
21.216968408,0.2573,0.8380,0.1979,0.899
21.219403446,0.2585,0.8416,0.1918,0.901
21.225932831,0.2587,0.8436,0.1888,0.902
21.226825562,0.2595,0.8473,0.1859,0.905
21.227278908,0.2575,0.8504,0.1827,0.907
21.22769987,0.2555,0.8568,0.1823,0.912
21.229079023,0.2543,0.8644,0.1771,0.918
21.2317391,0.2546,0.8680,0.1752,0.921
21.232945139,0.2568,0.8758,0.1669,0.928
21.234852254,0.2573,0.8832,0.1622,0.934
21.237068793,0.2595,0.8876,0.1576,0.938
21.254521139,0.2624,0.8966,0.1493,0.946
21.255274216,0.2663,0.8995,0.1451,0.949
21.255680523,0.2670,0.9086,0.1334,0.956
21.25599737,0.2707,0.9191,0.1192,0.966
21.256298946,0.2722,0.9240,0.1129,0.970
21.256598177,0.2751,0.9323,0.0994,0.977
21.256903562,0.2797,0.9425,0.0858,0.987
21.257213293,0.2819,0.9477,0.0799,0.992
21.257575985,0.2878,0.9587,0.0721,1.004
21.257881793,0.2915,0.9631,0.0687,1.009
21.258565908,0.2978,0.9731,0.0647,1.020
21.260220793,0.3025,0.9841,0.0640,1.031
21.262372639,0.3056,0.9885,0.0660,1.037
21.264332793,0.3103,0.9975,0.0726,1.047
21.26664737,0.3144,1.0078,0.0848,1.059
21.2686371,0.3164,1.0136,0.0909,1.066
21.270683908,0.3176,1.0234,0.1058,1.077
21.273829639,0.3208,1.0317,0.1248,1.088
21.275109216,0.3220,1.0359,0.1334,1.093
21.276325523,0.3237,1.0437,0.1520,1.103
21.278503446,0.3230,1.0481,0.1620,1.109
21.280379908,0.3225,1.0542,0.1818,1.117
21.282296216,0.3205,1.0615,0.2003,1.127
21.284100293,0.3200,1.0652,0.2081,1.132
21.286259677,0.3208,1.0708,0.2228,1.140
21.289632177,0.3220,1.0749,0.2372,1.147
21.291312562,0.3222,1.0767,0.2421,1.150
21.29360037,0.3237,1.0833,0.2511,1.158
21.29465937,0.3244,1.0867,0.2543,1.162
21.295948677,0.3279,1.0906,0.2587,1.168
21.298251408,0.3301,1.0950,0.2614,1.173
21.299966946,0.3330,1.0972,0.2607,1.176
21.301909408,0.3371,1.1018,0.2607,1.181
21.3049931,0.3423,1.1048,0.2597,1.185
21.307803562,0.3442,1.1052,0.2577,1.186
21.309131908,0.3472,1.1065,0.2504,1.186
21.310229639,0.3489,1.1094,0.2475,1.189
21.311736177,0.3520,1.1118,0.2394,1.191
21.313824946,0.3579,1.1126,0.2296,1.191
21.3157576,0.3591,1.1133,0.2265,1.192
21.317558139,0.3623,1.1133,0.2169,1.191
21.319701523,0.3635,1.1135,0.2086,1.190
21.329590946,0.3650,1.1133,0.2042,1.189
21.330970754,0.3677,1.1123,0.1959,1.188
21.331916485,0.3691,1.1113,0.1932,1.187
21.332750408,0.3718,1.1111,0.1862,1.186
21.333974062,0.3704,1.1109,0.1820,1.185
21.334988023,0.3706,1.1109,0.1808,1.185
21.336535793,0.3711,1.1106,0.1808,1.185
21.337957177,0.3696,1.1094,0.1796,1.183
21.339065562,0.3696,1.1077,0.1793,1.181
21.339902716,0.3674,1.1079,0.1808,1.181
21.352551254,0.3662,1.1079,0.1823,1.181
21.354252485,0.3633,1.1096,0.1864,1.182
21.355358408,0.3606,1.1096,0.1901,1.182
21.356418908,0.3591,1.1087,0.1925,1.181
21.357606293,0.3525,1.1101,0.1989,1.182
21.3587221,0.3481,1.1113,0.2020,1.182
21.359813677,0.3445,1.1150,0.2028,1.184
21.360914062,0.3374,1.1182,0.2045,1.186
21.361989908,0.3332,1.1201,0.2040,1.186
21.362752446,0.3210,1.1245,0.2045,1.187
21.363687177,0.3100,1.1316,0.2030,1.191
21.364570062,0.3042,1.1350,0.2018,1.192
21.365504523,0.2927,1.1441,0.1962,1.197
21.3681091,0.2856,1.1490,0.1923,1.199
21.3695536,0.2726,1.1585,0.1832,1.204
21.370877716,0.2585,1.1705,0.1730,1.211
21.376534562,0.2516,1.1766,0.1669,1.215
21.378083985,0.2424,1.1900,0.1578,1.225
21.379048023,0.2367,1.1991,0.1488,1.231
21.380196408,0.2343,1.2057,0.1437,1.237
21.381140485,0.2292,1.2169,0.1349,1.246
21.382532331,0.2270,1.2215,0.1317,1.249
21.384508293,0.2267,1.2306,0.1266,1.258
21.386438446,0.2270,1.2401,0.1202,1.266
21.389602754,0.2279,1.2445,0.1180,1.271
21.391089293,0.2316,1.2513,0.1200,1.278
21.392440062,0.2340,1.2570,0.1224,1.284
21.394573331,0.2380,1.2587,0.1241,1.287
21.397578331,0.2463,1.2609,0.1295,1.291
21.398595639,0.2497,1.2626,0.1334,1.294
21.400270562,0.2590,1.2633,0.1439,1.298
21.402258485,0.2690,1.2626,0.1568,1.300
21.404226869,0.2741,1.2609,0.1649,1.301
21.407463254,0.2824,1.2577,0.1793,1.301
21.408909831,0.2922,1.2533,0.1950,1.302
21.410196946,0.2963,1.2521,0.2040,1.303
21.412009677,0.3025,1.2486,0.2231,1.304
21.414301369,0.3056,1.2457,0.2321,1.303
21.416173639,0.3115,1.2369,0.2504,1.300
21.418082908,0.3169,1.2286,0.2639,1.296
21.419813562,0.3181,1.2232,0.2707,1.293
21.428960677,0.3215,1.2137,0.2824,1.287
21.430445869,0.3218,1.2042,0.2858,1.279
21.431307831,0.3215,1.1988,0.2858,1.274
21.432197216,0.3230,1.1900,0.2827,1.265
21.433202831,0.3220,1.1839,0.2790,1.258
21.434422369,0.3196,1.1724,0.2660,1.244
21.435461062,0.3191,1.1639,0.2489,1.232
21.436439292,0.3178,1.1583,0.2387,1.225
21.4514706,0.3178,1.1480,0.2155,1.211
21.452847369,0.3181,1.1358,0.1893,1.195
21.454093216,0.3174,1.1309,0.1766,1.188
21.455087831,0.3200,1.1175,0.1512,1.172
21.4563256,0.3213,1.1101,0.1371,1.164
21.4576246,0.3181,1.0962,0.1121,1.147
21.458595023,0.3115,1.0781,0.0894,1.126
21.459824946,0.3103,1.0688,0.0796,1.116
21.460644369,0.3105,1.0530,0.0599,1.099
21.461756023,0.3152,1.0373,0.0396,1.085
21.462543408,0.3154,1.0278,0.0298,1.076
21.463556408,0.3164,1.0107,0.0120,1.059
21.464323831,0.3169,1.0026,0.0034,1.052
21.465068177,0.3156,0.9848,-0.0144,1.034
21.466034523,0.3134,0.9665,-0.0335,1.017
21.468370331,0.3127,0.9584,-0.0415,1.009
21.469898408,0.3068,0.9428,-0.0581,0.993
21.471292446,0.3044,0.9274,-0.0750,0.979
21.473520639,0.3020,0.9198,-0.0843,0.972
21.475112946,0.2968,0.9039,-0.1043,0.957
21.477207023,0.2934,0.8956,-0.1126,0.949
21.479022408,0.2893,0.8807,-0.1275,0.936
21.480924369,0.2846,0.8653,-0.1427,0.922
21.483095023,0.2832,0.8582,-0.1502,0.916
21.484921485,0.2807,0.8451,-0.1625,0.905
21.487172639,0.2780,0.8328,-0.1730,0.895
21.490053677,0.2761,0.8280,-0.1776,0.891
21.491593062,0.2746,0.8138,-0.1840,0.878
21.4928781,0.2744,0.8069,-0.1852,0.872
21.494837446,0.2687,0.7977,-0.1906,0.863
21.496663639,0.2604,0.7896,-0.1908,0.853
21.498743639,0.2573,0.7854,-0.1910,0.848
21.500641292,0.2475,0.7791,-0.1910,0.839
21.502835985,0.2389,0.7764,-0.1893,0.834
21.504709408,0.2350,0.7713,-0.1871,0.828
21.507620216,0.2287,0.7657,-0.1818,0.819
21.509253369,0.2245,0.7654,-0.1798,0.818
21.510832562,0.2179,0.7644,-0.1703,0.813
21.512718139,0.2108,0.7644,-0.1576,0.808
21.514579985,0.2072,0.7644,-0.1502,0.806
21.531428754,0.2013,0.7642,-0.1375,0.802
21.533000139,0.1940,0.7652,-0.1300,0.800
21.534187062,0.1901,0.7654,-0.1136,0.797
21.535129023,0.1815,0.7676,-0.0963,0.795
21.536144139,0.1791,0.7688,-0.0865,0.794
21.537080215,0.1735,0.7759,-0.0667,0.798
21.538563639,0.1676,0.7818,-0.0469,0.801
21.540012177,0.1639,0.7847,-0.0364,0.802
21.541214946,0.1598,0.7908,-0.0181,0.807
21.541919908,0.1549,0.7977,0.0000,0.813
21.542232446,0.1527,0.8011,0.0081,0.816
21.542475485,0.1483,0.8106,0.0230,0.824
21.542716946,0.1466,0.8150,0.0293,0.829
21.542954177,0.1463,0.8233,0.0428,0.837
21.559176446,0.1468,0.8341,0.0540,0.849
21.559812639,0.1471,0.8394,0.0584,0.854
21.560074946,0.1517,0.8517,0.0689,0.868
21.560339639,0.1564,0.8631,0.0755,0.880
21.560571331,0.1581,0.8688,0.0767,0.886
21.560807139,0.1637,0.8822,0.0796,0.901
21.5610376,0.1676,0.8878,0.0814,0.907
21.561321254,0.1769,0.8995,0.0836,0.921
21.561551331,0.1845,0.9120,0.0860,0.934
21.5618226,0.1893,0.9179,0.0867,0.941
21.563818908,0.2001,0.9301,0.0875,0.955
21.566383292,0.2106,0.9430,0.0877,0.970
21.5680496,0.2165,0.9486,0.0889,0.977
21.569765792,0.2270,0.9601,0.0875,0.990
21.573128177,0.2362,0.9667,0.0865,0.999
21.5739436,0.2416,0.9775,0.0848,1.010
21.575670639,0.2509,0.9887,0.0821,1.023
21.577510677,0.2543,0.9933,0.0799,1.028
21.580393369,0.2619,1.0034,0.0743,1.040
21.581611523,0.2707,1.0117,0.0677,1.049
21.583660831,0.2746,1.0173,0.0652,1.056
21.585733446,0.2827,1.0276,0.0579,1.067
21.589499677,0.2883,1.0322,0.0474,1.073
21.591128562,0.2919,1.0388,0.0423,1.080
21.592351715,0.3000,1.0422,0.0303,1.085
21.593524177,0.3049,1.0437,0.0254,1.088
21.595972446,0.3142,1.0442,0.0186,1.091
21.597330792,0.3222,1.0434,0.0132,1.092
21.599241523,0.3269,1.0434,0.0103,1.093
21.601112869,0.3340,1.0425,0.0081,1.095
21.603270677,0.3359,1.0410,0.0083,1.094
21.606070292,0.3398,1.0366,0.0122,1.091
21.609757369,0.3430,1.0312,0.0235,1.087
21.610264485,0.3445,1.0276,0.0325,1.084
21.610993215,0.3462,1.0188,0.0486,1.077
21.614415715,0.3457,1.0085,0.0652,1.068
21.614961215,0.3459,1.0021,0.0738,1.063
21.616798985,0.3450,0.9894,0.0919,1.052
21.619014485,0.3430,0.9826,0.0997,1.046
21.620807292,0.3386,0.9709,0.1136,1.034
21.625181485,0.3332,0.9565,0.1292,1.021
21.625806792,0.3313,0.9504,0.1349,1.015
21.626873485,0.3249,0.9401,0.1461,1.005
21.628761908,0.3142,0.9286,0.1524,0.992
21.630572139,0.3103,0.9223,0.1559,0.985
21.632623369,0.3015,0.9120,0.1590,0.974
21.634722292,0.2910,0.9076,0.1586,0.966
21.636633985,0.2851,0.8981,0.1595,0.956
21.647023292,0.2739,0.8876,0.1576,0.942
21.647574908,0.2687,0.8839,0.1566,0.937
21.647847062,0.2599,0.8763,0.1520,0.927
21.648079177,0.2529,0.8661,0.1490,0.914
21.648323831,0.2497,0.8609,0.1461,0.908
21.648568331,0.2433,0.8546,0.1424,0.900
21.650446908,0.2397,0.8499,0.1422,0.894
21.652281638,0.2365,0.8411,0.1410,0.885
21.654443254,0.2314,0.8314,0.1395,0.874
21.656636715,0.2309,0.8255,0.1400,0.869
21.658357677,0.2292,0.8143,0.1417,0.858
21.660267215,0.2262,0.8082,0.1454,0.852
21.6623251,0.2240,0.7977,0.1476,0.842
21.664375985,0.2206,0.7884,0.1485,0.832
21.6661586,0.2191,0.7840,0.1505,0.828
21.667982831,0.2133,0.7727,0.1571,0.817
21.670136946,0.2125,0.7647,0.1605,0.810
21.672681869,0.2101,0.7598,0.1620,0.805
21.673993369,0.2072,0.7512,0.1637,0.796
21.675947177,0.2042,0.7464,0.1642,0.791
21.678375562,0.2013,0.7373,0.1666,0.782
21.679864677,0.1967,0.7295,0.1693,0.774
21.681844023,0.1950,0.7268,0.1698,0.771
21.683812138,0.1915,0.7219,0.1698,0.766
21.685961946,0.1910,0.7158,0.1688,0.760
21.687878908,0.1898,0.7141,0.1686,0.758
21.690429946,0.1857,0.7124,0.1639,0.754
21.691709062,0.1832,0.7122,0.1617,0.753
21.693809715,0.1830,0.7117,0.1583,0.752
21.695683754,0.1815,0.7124,0.1542,0.751
21.697729138,0.1805,0.7136,0.1502,0.751
21.6995211,0.1783,0.7156,0.1444,0.751
21.701492985,0.1754,0.7168,0.1351,0.750
21.703478408,0.1757,0.7180,0.1314,0.751
21.707461869,0.1769,0.7219,0.1258,0.754
21.711840869,0.1769,0.7249,0.1234,0.756
21.712804792,0.1779,0.7290,0.1180,0.760
21.713876754,0.1786,0.7329,0.1114,0.763
21.714729985,0.1793,0.7356,0.1090,0.765
21.715674908,0.1818,0.7420,0.1019,0.771
21.717649562,0.1832,0.7490,0.0953,0.777
21.720384292,0.1832,0.7522,0.0928,0.780
21.723309254,0.1847,0.7573,0.0901,0.785
21.724571369,0.1852,0.7608,0.0862,0.788
21.725913638,0.1867,0.7686,0.0809,0.795
21.727710754,0.1898,0.7757,0.0782,0.802
21.738823562,0.1913,0.7781,0.0770,0.805
21.739461523,0.1945,0.7864,0.0760,0.814
21.739720254,0.1964,0.7942,0.0738,0.821
21.739969831,0.1981,0.7977,0.0743,0.825
21.740193715,0.2013,0.8065,0.0748,0.835
21.740420254,0.2064,0.8150,0.0770,0.844
21.740971177,0.2089,0.8201,0.0757,0.850
21.743055638,0.2123,0.8299,0.0755,0.860
21.745090331,0.2155,0.8348,0.0745,0.865
21.747191754,0.2201,0.8448,0.0757,0.876
21.748851023,0.2233,0.8539,0.0792,0.886
21.751056754,0.2260,0.8580,0.0818,0.891
21.752961946,0.2309,0.8648,0.0831,0.899
21.754946215,0.2350,0.8697,0.0836,0.905
21.757617061,0.2362,0.8819,0.0889,0.917
21.758644292,0.2399,0.8900,0.0926,0.926
21.760649369,0.2411,0.8942,0.0945,0.931
21.763000677,0.2448,0.9017,0.0997,0.940
21.764553177,0.2477,0.9098,0.1031,0.949
21.766516715,0.2489,0.9157,0.1048,0.955
21.768570023,0.2516,0.9232,0.1097,0.963
21.770711138,0.2529,0.9267,0.1134,0.967
21.772978792,0.2533,0.9352,0.1146,0.976
21.774734638,0.2541,0.9403,0.1207,0.982
21.776867638,0.2538,0.9435,0.1224,0.985
21.779909561,0.2521,0.9508,0.1290,0.992
21.780626908,0.2509,0.9565,0.1331,0.998
21.782684446,0.2492,0.9582,0.1358,0.999
21.784467985,0.2475,0.9631,0.1410,1.004
21.786343061,0.2446,0.9645,0.1437,1.005
21.788391254,0.2419,0.9675,0.1466,1.008
21.790650408,0.2353,0.9689,0.1532,1.009
21.793050908,0.2328,0.9692,0.1564,1.009
21.795126292,0.2250,0.9706,0.1586,1.009
21.795982369,0.2174,0.9709,0.1632,1.008
21.7983361,0.2138,0.9719,0.1652,1.009
21.800186292,0.2069,0.9692,0.1693,1.005
21.802736446,0.2028,0.9694,0.1722,1.005
21.804104869,0.1954,0.9689,0.1747,1.004
21.807929369,0.1876,0.9633,0.1793,0.998
21.808770754,0.1842,0.9618,0.1808,0.996
21.810368215,0.1801,0.9589,0.1857,0.993
21.812226408,0.1752,0.9562,0.1908,0.991
21.814164254,0.1715,0.9543,0.1932,0.989
21.816101831,0.1671,0.9494,0.1991,0.984
21.818191715,0.1647,0.9472,0.2016,0.982
21.819887792,0.1605,0.9413,0.2064,0.977
21.822055138,0.1551,0.9372,0.2113,0.973
21.828650523,0.1529,0.9347,0.2135,0.971
21.829491177,0.1478,0.9279,0.2165,0.964
21.829870292,0.1427,0.9218,0.2179,0.958
21.830879369,0.1405,0.9183,0.2201,0.955
21.832203254,0.1363,0.9108,0.2221,0.947
21.838205638,0.1349,0.9091,0.2218,0.945
21.838780985,0.1334,0.9032,0.2226,0.940
21.8390541,0.1319,0.8973,0.2206,0.933
21.854472484,0.1319,0.8949,0.2191,0.931
21.855120138,0.1319,0.8866,0.2165,0.922
21.855397792,0.1336,0.8805,0.2135,0.916
21.855629754,0.1349,0.8773,0.2123,0.913
21.855863677,0.1395,0.8712,0.2069,0.906
21.856093484,0.1427,0.8668,0.2042,0.902
21.856347792,0.1483,0.8592,0.1957,0.894
21.8565786,0.1539,0.8519,0.1835,0.885
21.856818869,0.1566,0.8507,0.1781,0.883
21.857390369,0.1627,0.8443,0.1695,0.876
21.8591211,0.1693,0.8402,0.1622,0.872
21.861144946,0.1698,0.8387,0.1578,0.870
21.866095331,0.1735,0.8331,0.1485,0.864
21.866366638,0.1749,0.8326,0.1449,0.863
21.867213446,0.1766,0.8319,0.1383,0.862
21.8689406,0.1791,0.8297,0.1344,0.859
21.870955754,0.1796,0.8289,0.1322,0.858
21.873450061,0.1823,0.8275,0.1241,0.856
21.875034061,0.1842,0.8272,0.1146,0.855
21.876844331,0.1845,0.8277,0.1097,0.855
21.879082984,0.1876,0.8284,0.1019,0.856
21.880875369,0.1876,0.8294,0.0967,0.856
21.8828141,0.1881,0.8324,0.0840,0.857
21.884849677,0.1876,0.8367,0.0716,0.861
21.886900408,0.1884,0.8394,0.0667,0.863
21.889831061,0.1893,0.8443,0.0547,0.867
21.891216946,0.1896,0.8519,0.0442,0.874
21.892584561,0.1898,0.8556,0.0391,0.877
21.894624754,0.1906,0.8651,0.0276,0.886
21.896535061,0.1910,0.8692,0.0222,0.890
21.8986146,0.1928,0.8815,0.0115,0.902
21.900432254,0.1945,0.8944,0.0024,0.915
21.902692754,0.1952,0.9008,0.0002,0.922
21.904729561,0.1981,0.9149,-0.0039,0.936
21.907036446,0.1994,0.9311,-0.0078,0.952
21.908402138,0.2001,0.9389,-0.0081,0.960
21.910467331,0.2038,0.9540,-0.0059,0.976
21.912417908,0.2047,0.9631,-0.0022,0.985
21.914319484,0.2069,0.9831,0.0056,1.005
21.916299677,0.2101,1.0009,0.0132,1.023
21.9183246,0.2118,1.0092,0.0188,1.031
21.9204281,0.2143,1.0266,0.0310,1.049
21.930023715,0.2157,1.0449,0.0432,1.068
21.931351561,0.2167,1.0547,0.0503,1.078
21.932123638,0.2184,1.0727,0.0679,1.097
21.932894292,0.2199,1.0825,0.0755,1.107
21.933785484,0.2231,1.0999,0.0928,1.126
21.935518946,0.2262,1.1204,0.1097,1.148
21.9363936,0.2274,1.1289,0.1190,1.158
21.937348869,0.2309,1.1463,0.1356,1.177
21.938243792,0.2358,1.1641,0.1542,1.198
21.951427869,0.2377,1.1724,0.1617,1.207
21.9527956,0.2397,1.1868,0.1744,1.223
21.953870331,0.2419,1.1927,0.1808,1.230
21.954705754,0.2458,1.2042,0.1930,1.244
21.955672484,0.2489,1.2171,0.2025,1.259
21.956676984,0.2507,1.2228,0.2060,1.265
21.957809908,0.2570,1.2318,0.2111,1.276
21.958731292,0.2607,1.2350,0.2135,1.280
21.959578523,0.2619,1.2413,0.2135,1.286
21.9604901,0.2631,1.2430,0.2108,1.288
21.961554407,0.2639,1.2443,0.2072,1.289
21.962394561,0.2648,1.2465,0.2003,1.290
21.964807215,0.2639,1.2460,0.1906,1.288
21.966244638,0.2634,1.2455,0.1854,1.286
21.967685254,0.2595,1.2433,0.1764,1.282
21.969719215,0.2560,1.2421,0.1649,1.279
21.971473484,0.2543,1.2386,0.1581,1.274
21.975133677,0.2489,1.2364,0.1446,1.270
21.976611523,0.2463,1.2345,0.1402,1.267
21.977853754,0.2392,1.2289,0.1317,1.259
21.979442138,0.2331,1.2245,0.1236,1.253
21.981535523,0.2301,1.2228,0.1219,1.250
21.983522984,0.2240,1.2208,0.1202,1.247
21.985479523,0.2182,1.2196,0.1204,1.245
21.987465754,0.2157,1.2191,0.1219,1.244
21.991922907,0.2121,1.2166,0.1278,1.242
21.993380446,0.2099,1.2152,0.1309,1.240
21.994351369,0.2089,1.2110,0.1380,1.237
21.995458754,0.2084,1.2088,0.1507,1.236
21.997400215,0.2081,1.2069,0.1571,1.235
21.999153984,0.2099,1.2061,0.1693,1.236
22.001078138,0.2160,1.2049,0.1810,1.237
22.003376792,0.2191,1.2030,0.1881,1.237
22.005457869,0.2255,1.2010,0.2038,1.239
22.009171254,0.2306,1.1998,0.2091,1.240
22.010646754,0.2409,1.1983,0.2213,1.242
22.011712138,0.2555,1.1981,0.2338,1.247
22.013381484,0.2643,1.1971,0.2406,1.249
22.015273407,0.2805,1.1961,0.2551,1.255
22.016902215,0.2971,1.1971,0.2678,1.262
22.019110254,0.3059,1.1976,0.2746,1.266
22.020963061,0.3257,1.1995,0.2875,1.276
22.030557446,0.3357,1.2008,0.2939,1.281
22.032045677,0.3547,1.2032,0.3110,1.292
22.033079369,0.3713,1.2037,0.3269,1.301
22.034009023,0.3799,1.2030,0.3354,1.305
22.034317792,0.3926,1.2022,0.3506,1.312
22.0359866,0.4055,1.2039,0.3689,1.323
22.0362476,0.4112,1.2030,0.3779,1.326
22.037344869,0.4202,1.2003,0.3936,1.331
22.038646023,0.4241,1.1986,0.4016,1.333
22.052561984,0.4283,1.1937,0.4165,1.335
22.053076254,0.4300,1.1903,0.4292,1.336
22.053352254,0.4295,1.1871,0.4334,1.335
22.053583254,0.4261,1.1812,0.4393,1.330
22.053816946,0.4226,1.1768,0.4402,1.326
22.054043369,0.4205,1.1727,0.4395,1.321
22.054287407,0.4129,1.1639,0.4339,1.309
22.054515638,0.4087,1.1590,0.4283,1.301
22.060606561,0.3990,1.1502,0.4141,1.286
22.061046331,0.3882,1.1421,0.3972,1.270
22.061335754,0.3831,1.1390,0.3877,1.263
22.062424407,0.3669,1.1326,0.3613,1.244
22.064032907,0.3530,1.1304,0.3330,1.230
22.066112138,0.3457,1.1245,0.3178,1.219
22.067924215,0.3330,1.1192,0.2871,1.202
22.0699166,0.3247,1.1157,0.2722,1.193
22.072706138,0.3130,1.1123,0.2399,1.180
22.074900446,0.3015,1.1106,0.2101,1.170
22.075767369,0.2963,1.1087,0.1959,1.164
22.077821254,0.2888,1.1057,0.1678,1.155
22.07984683,0.2849,1.1048,0.1546,1.151
22.081725177,0.2778,1.1004,0.1317,1.142
22.083761254,0.2724,1.0940,0.1094,1.133
22.08646683,0.2700,1.0918,0.0997,1.129
22.088002792,0.2697,1.0852,0.0848,1.121
22.091147254,0.2682,1.0771,0.0701,1.112
22.092365523,0.2673,1.0737,0.0630,1.108
22.094827177,0.2658,1.0635,0.0520,1.097
22.095899561,0.2651,1.0598,0.0454,1.093
22.09756033,0.2668,1.0500,0.0347,1.084
22.09981983,0.2651,1.0393,0.0257,1.073
22.101622946,0.2646,1.0339,0.0213,1.067
22.103759177,0.2675,1.0241,0.0115,1.059
22.105558446,0.2709,1.0188,0.0005,1.054
22.108435523,0.2719,1.0068,-0.0029,1.043
22.10997833,0.2751,0.9963,-0.0095,1.034
22.111448907,0.2766,0.9904,-0.0137,1.028
22.113459446,0.2790,0.9819,-0.0203,1.021
22.115453292,0.2841,0.9726,-0.0252,1.014
22.117424254,0.2856,0.9679,-0.0269,1.010
22.119218369,0.2897,0.9584,-0.0320,1.002
22.121046254,0.2905,0.9545,-0.0313,0.998
22.130776138,0.2946,0.9479,-0.0305,0.993
22.1321646,0.2983,0.9384,-0.0308,0.985
22.133228677,0.3012,0.9342,-0.0300,0.982
22.134172869,0.3078,0.9247,-0.0283,0.975
22.13515733,0.3122,0.9164,-0.0261,0.968
22.13608383,0.3139,0.9108,-0.0239,0.964
22.137165869,0.3176,0.9015,-0.0178,0.956
22.137876292,0.3191,0.8976,-0.0159,0.953
22.138891177,0.3215,0.8898,-0.0156,0.946
22.155522869,0.3227,0.8800,-0.0149,0.937
22.156995946,0.3230,0.8763,-0.0156,0.934
22.158331869,0.3252,0.8673,-0.0144,0.926
22.159423907,0.3232,0.8573,-0.0151,0.916
22.160489523,0.3227,0.8526,-0.0147,0.912
22.161592484,0.3222,0.8433,-0.0161,0.903
22.1627501,0.3210,0.8397,-0.0161,0.899
22.1636576,0.3191,0.8321,-0.0173,0.891
22.164465869,0.3186,0.8245,-0.0208,0.884
22.165368523,0.3181,0.8196,-0.0210,0.879
22.166524215,0.3161,0.8101,-0.0210,0.870
22.167340907,0.3156,0.8018,-0.0217,0.862
22.1680321,0.3164,0.7977,-0.0222,0.858
22.168997369,0.3154,0.7894,-0.0235,0.850
22.169962984,0.3125,0.7859,-0.0239,0.846
22.170984215,0.3120,0.7769,-0.0235,0.838
22.172481215,0.3132,0.7718,-0.0213,0.833
22.175436523,0.3137,0.7674,-0.0200,0.829
22.176959369,0.3122,0.7605,-0.0159,0.822
22.178468177,0.3122,0.7564,-0.0103,0.818
22.180446907,0.3134,0.7532,-0.0071,0.816
22.182366253,0.3144,0.7478,-0.0051,0.811
22.184321638,0.3156,0.7446,0.0039,0.809
22.186543753,0.3159,0.7424,0.0095,0.807
22.188414946,0.3142,0.7405,0.0200,0.805
22.191451061,0.3144,0.7393,0.0254,0.804
22.19297733,0.3142,0.7383,0.0344,0.803
22.194286446,0.3137,0.7398,0.0452,0.805
22.196131523,0.3139,0.7395,0.0498,0.805
22.198261061,0.3152,0.7422,0.0586,0.808
22.200163869,0.3198,0.7454,0.0682,0.814
22.202425292,0.3205,0.7478,0.0730,0.817
22.204069369,0.3200,0.7539,0.0833,0.823
22.2075046,0.3220,0.7569,0.0880,0.827
22.209077792,0.3235,0.7617,0.0987,0.833
22.210450484,0.3257,0.7669,0.1075,0.840
22.212070177,0.3286,0.7698,0.1119,0.844
22.214113792,0.3315,0.7766,0.1229,0.853
22.216130253,0.3349,0.7818,0.1300,0.860
22.218139177,0.3364,0.7852,0.1336,0.865
22.220133138,0.3391,0.7918,0.1412,0.873
22.222006292,0.3406,0.7935,0.1446,0.876
22.232445292,0.3450,0.8013,0.1488,0.885
22.234141292,0.3467,0.8079,0.1517,0.892
22.235143523,0.3464,0.8118,0.1524,0.896
22.2363196,0.3454,0.8201,0.1522,0.903
22.237540484,0.3433,0.8277,0.1478,0.908
22.238493138,0.3415,0.8324,0.1451,0.911
22.239782523,0.3369,0.8429,0.1397,0.918
22.240975061,0.3347,0.8480,0.1353,0.922
22.242291177,0.3291,0.8563,0.1256,0.926
22.2432221,0.3220,0.8663,0.1151,0.931
22.244166253,0.3183,0.8707,0.1092,0.933
22.259481638,0.3122,0.8797,0.0945,0.938
22.261077638,0.3068,0.8873,0.0806,0.942
22.2623681,0.3061,0.8890,0.0721,0.943
22.2633811,0.3049,0.8925,0.0564,0.945
22.264296715,0.3046,0.8937,0.0420,0.945
22.265528484,0.3054,0.8964,0.0357,0.948
22.266551253,0.3049,0.9000,0.0239,0.951
22.267678715,0.3046,0.9008,0.0188,0.951
22.268600753,0.3049,0.9025,0.0132,0.953
22.269727792,0.3039,0.9037,0.0081,0.953
22.270410369,0.3010,0.9049,0.0066,0.954
22.271382984,0.3003,0.9037,0.0056,0.952
22.2720991,0.2998,0.9032,0.0061,0.952
22.273160753,0.2971,0.9034,0.0056,0.951
22.274113561,0.2937,0.9005,0.0068,0.947
22.275209792,0.2900,0.8995,0.0073,0.945
22.277719407,0.2858,0.9000,0.0103,0.944
22.2791201,0.2832,0.8978,0.0156,0.942
22.2835331,0.2822,0.8968,0.0171,0.940
22.284797715,0.2785,0.8949,0.0169,0.937
22.285861407,0.2773,0.8949,0.0178,0.937
22.286867446,0.2751,0.8944,0.0208,0.936
22.288878253,0.2702,0.8942,0.0242,0.934
22.291970984,0.2685,0.8949,0.0244,0.935
22.293950061,0.2639,0.8946,0.0276,0.933
22.295188753,0.2595,0.8964,0.0296,0.934
22.296881638,0.2580,0.8964,0.0286,0.933
22.298790369,0.2551,0.8973,0.0305,0.933
22.300584369,0.2531,0.8986,0.0300,0.934
22.302507869,0.2511,0.9003,0.0286,0.935
22.304469369,0.2482,0.9017,0.0296,0.936
22.307916907,0.2472,0.9010,0.0288,0.935
22.309489369,0.2448,0.9008,0.0291,0.934
22.310651638,0.2450,0.8993,0.0296,0.933
22.312605676,0.2465,0.8973,0.0320,0.931
22.314497638,0.2497,0.8971,0.0366,0.932
22.316534176,0.2507,0.8966,0.0403,0.932
22.318268715,0.2521,0.8951,0.0437,0.931
22.320302715,0.2575,0.8942,0.0501,0.932
22.322291215,0.2599,0.8929,0.0535,0.932
22.332049638,0.2634,0.8907,0.0591,0.931
22.333563253,0.2651,0.8871,0.0633,0.928
22.334440446,0.2700,0.8844,0.0701,0.927
22.335327484,0.2724,0.8819,0.0772,0.926
22.336336253,0.2729,0.8802,0.0811,0.925
22.337440676,0.2775,0.8766,0.0877,0.924
22.337877061,0.2846,0.8746,0.0941,0.925
22.338130253,0.2888,0.8736,0.0987,0.925
22.340123061,0.2963,0.8710,0.1085,0.926
22.357993523,0.3000,0.8695,0.1107,0.926
22.358591561,0.3076,0.8690,0.1153,0.929
22.3588276,0.3134,0.8680,0.1187,0.930
22.359065946,0.3154,0.8678,0.1207,0.931
22.359294523,0.3188,0.8683,0.1209,0.933
22.359518946,0.3196,0.8688,0.1217,0.934
22.359746061,0.3213,0.8692,0.1214,0.935
22.35999033,0.3230,0.8732,0.1197,0.939
22.360237407,0.3237,0.8736,0.1185,0.939
22.360459023,0.3244,0.8734,0.1148,0.939
22.361597523,0.3252,0.8758,0.1119,0.941
22.363693292,0.3254,0.8753,0.1102,0.940
22.365417792,0.3264,0.8753,0.1068,0.940
22.3675946,0.3252,0.8763,0.1029,0.940
22.369731638,0.3235,0.8775,0.1009,0.941
22.371347907,0.3186,0.8800,0.0970,0.941
22.374407792,0.3181,0.8797,0.0955,0.940
22.375583946,0.3132,0.8785,0.0906,0.937
22.377375215,0.3095,0.8797,0.0882,0.937
22.379360369,0.3073,0.8800,0.0860,0.936
22.38117883,0.3022,0.8810,0.0833,0.935
22.383693253,0.2971,0.8822,0.0809,0.934
22.38519433,0.2937,0.8817,0.0804,0.933
22.387345061,0.2907,0.8817,0.0799,0.932
22.388960138,0.2893,0.8812,0.0796,0.931
22.39197283,0.2863,0.8805,0.0789,0.929
22.393072984,0.2805,0.8810,0.0794,0.928
22.39528683,0.2795,0.8802,0.0809,0.927
22.397894523,0.2780,0.8775,0.0821,0.924
22.399121023,0.2736,0.8763,0.0818,0.922
22.400796561,0.2719,0.8766,0.0833,0.922
22.402823907,0.2702,0.8756,0.0867,0.920
22.404847869,0.2704,0.8751,0.0892,0.920
22.410096715,0.2660,0.8741,0.0931,0.918
22.411324984,0.2636,0.8717,0.0955,0.916
22.412448407,0.2629,0.8717,0.0975,0.916
22.413590138,0.2621,0.8688,0.1021,0.913
22.414941292,0.2595,0.8680,0.1043,0.912
22.416898946,0.2580,0.8673,0.1060,0.911
22.418642023,0.2570,0.8653,0.1102,0.909
22.420525484,0.2555,0.8641,0.1129,0.908
22.422872484,0.2529,0.8626,0.1178,0.907
22.432212176,0.2514,0.8597,0.1200,0.904
22.433605407,0.2507,0.8600,0.1192,0.904
22.434477523,0.2472,0.8582,0.1209,0.901
22.435300907,0.2480,0.8563,0.1207,0.900
22.43785533,0.2475,0.8556,0.1202,0.899
22.438895523,0.2475,0.8553,0.1200,0.898
22.439762561,0.2467,0.8541,0.1185,0.897
22.440799176,0.2446,0.8531,0.1165,0.895
22.441661253,0.2446,0.8519,0.1138,0.894
22.442777946,0.2450,0.8504,0.1121,0.892
22.463341599,0.2482,0.8487,0.1073,0.891
22.464959253,0.2499,0.8480,0.1060,0.890
22.466100407,0.2507,0.8460,0.1007,0.888
22.466924253,0.2524,0.8446,0.0960,0.887
22.468036907,0.2531,0.8436,0.0928,0.886
22.469123484,0.2555,0.8433,0.0858,0.885
22.470353407,0.2565,0.8441,0.0811,0.886
22.471470292,0.2580,0.8436,0.0787,0.886
22.472623638,0.2582,0.8448,0.0721,0.886
22.474076061,0.2599,0.8453,0.0682,0.887
22.475090023,0.2612,0.8465,0.0657,0.888
22.476001061,0.2607,0.8477,0.0628,0.889
22.477073099,0.2599,0.8477,0.0625,0.889
22.478193946,0.2577,0.8497,0.0599,0.890
22.479042869,0.2585,0.8497,0.0601,0.890
22.480020446,0.2590,0.8512,0.0594,0.892
22.480816253,0.2580,0.8546,0.0586,0.895
22.481675176,0.2575,0.8553,0.0586,0.895
22.482625561,0.2570,0.8587,0.0584,0.898
22.483376676,0.2580,0.8607,0.0596,0.900
22.484442061,0.2575,0.8614,0.0611,0.901
22.487549715,0.2573,0.8653,0.0633,0.905
22.495084407,0.2558,0.8688,0.0647,0.908
22.496272138,0.2553,0.8702,0.0677,0.909
22.497776061,0.2570,0.8751,0.0711,0.915
22.498890099,0.2577,0.8788,0.0748,0.919
22.500304984,0.2580,0.8802,0.0770,0.920
22.501809407,0.2587,0.8859,0.0814,0.926
22.503262061,0.2602,0.8883,0.0823,0.929
22.504228753,0.2668,0.8907,0.0850,0.934
22.505037022,0.2704,0.8951,0.0892,0.939
22.506232138,0.2707,0.8976,0.0904,0.942
22.509068638,0.2766,0.9027,0.0938,0.949
22.50973533,0.2819,0.9069,0.0931,0.954
22.511264753,0.2846,0.9081,0.0936,0.956
22.513819369,0.2880,0.9142,0.0967,0.963
22.515117407,0.2910,0.9171,0.0975,0.967
22.517124792,0.2939,0.9225,0.1011,0.973
22.519294446,0.2956,0.9296,0.1009,0.981
22.521214561,0.2956,0.9337,0.1014,0.985
22.523326369,0.2946,0.9418,0.1011,0.992
22.52777383,0.2939,0.9482,0.1011,0.998
22.528339522,0.2954,0.9513,0.1002,1.001
22.529076061,0.2971,0.9596,0.0958,1.009
22.531149946,0.2973,0.9635,0.0943,1.013
22.533149907,0.2966,0.9709,0.0880,1.019
22.535101599,0.2951,0.9784,0.0818,1.025
22.536952099,0.2956,0.9821,0.0772,1.029
22.538860907,0.2956,0.9916,0.0691,1.037
22.557017715,0.2966,0.9995,0.0596,1.044
22.558358715,0.2971,1.0034,0.0550,1.048
22.559230907,0.2956,1.0134,0.0476,1.057
22.560070176,0.2968,1.0178,0.0435,1.061
22.561009099,0.2990,1.0258,0.0369,1.069
22.561866676,0.3007,1.0361,0.0325,1.079
22.562938138,0.3007,1.0405,0.0325,1.084
22.563897138,0.3022,1.0469,0.0337,1.090
22.564946253,0.3015,1.0564,0.0401,1.099
22.565964715,0.3015,1.0600,0.0442,1.103
22.566874907,0.3022,1.0684,0.0555,1.112
22.567592369,0.3027,1.0706,0.0616,1.114
22.568309138,0.3054,1.0757,0.0777,1.121
22.569070099,0.3068,1.0820,0.0958,1.129
22.569957984,0.3071,1.0835,0.1041,1.131
22.572153407,0.3076,1.0862,0.1207,1.135
22.573076138,0.3086,1.0899,0.1407,1.141
22.575844369,0.3093,1.0911,0.1498,1.144
22.577155946,0.3110,1.0938,0.1688,1.150
22.578425907,0.3103,1.0945,0.1783,1.152
22.580536099,0.3103,1.0967,0.1954,1.156
22.583183638,0.3100,1.0996,0.2113,1.162
22.584135753,0.3098,1.1011,0.2191,1.165
22.586240022,0.3064,1.1013,0.2311,1.166
22.588116753,0.3066,1.1011,0.2404,1.168
22.59012833,0.3066,1.1011,0.2448,1.169
22.592539946,0.3078,1.1023,0.2536,1.172
22.594106061,0.3086,1.1026,0.2563,1.173
22.595997869,0.3093,1.1023,0.2621,1.175
22.598037715,0.3134,1.1016,0.2643,1.175
22.599951407,0.3147,1.1011,0.2646,1.175
22.602031369,0.3169,1.0982,0.2653,1.173
22.603926099,0.3210,1.0967,0.2653,1.173
22.605877099,0.3222,1.0960,0.2651,1.173
22.608822292,0.3261,1.0947,0.2643,1.172
22.61012333,0.3276,1.0925,0.2639,1.171
22.611791984,0.3298,1.0891,0.2599,1.167
22.613996061,0.3313,1.0869,0.2563,1.165
22.615703176,0.3325,1.0855,0.2533,1.163
22.617685445,0.3335,1.0855,0.2470,1.162
22.619685407,0.3318,1.0857,0.2416,1.161
22.621657599,0.3305,1.0862,0.2384,1.160
22.631359907,0.3271,1.0857,0.2306,1.157
22.632701753,0.3237,1.0872,0.2267,1.157
22.633907292,0.3171,1.0896,0.2172,1.155
22.634843022,0.3073,1.0942,0.2045,1.155
22.635823484,0.3032,1.0972,0.1981,1.155
22.636585022,0.2910,1.1062,0.1825,1.158
22.63774633,0.2785,1.1106,0.1722,1.158
22.638066561,0.2719,1.1216,0.1542,1.164
22.639029676,0.2604,1.1336,0.1349,1.171
22.652371753,0.2538,1.1412,0.1241,1.176
22.652859753,0.2428,1.1573,0.1053,1.187
22.653116676,0.2353,1.1714,0.0858,1.198
22.65342633,0.2328,1.1783,0.0777,1.204
22.653660369,0.2328,1.1939,0.0645,1.218
22.653887945,0.2326,1.2017,0.0589,1.225
22.654122792,0.2328,1.2169,0.0472,1.240
22.655044676,0.2355,1.2315,0.0452,1.255
22.659835484,0.2367,1.2394,0.0462,1.263
22.660296792,0.2392,1.2516,0.0491,1.275
22.660864599,0.2431,1.2633,0.0564,1.288
22.663084061,0.2448,1.2689,0.0608,1.294
22.664923599,0.2482,1.2792,0.0716,1.305
22.666788407,0.2514,1.2826,0.0784,1.309
22.668873061,0.2575,1.2868,0.0928,1.316
22.670721753,0.2648,1.2912,0.1090,1.323
22.672655869,0.2685,1.2924,0.1180,1.325
22.675200253,0.2739,1.2919,0.1324,1.327
22.677198984,0.2783,1.2882,0.1454,1.326
22.678607638,0.2785,1.2855,0.1515,1.324
22.680547984,0.2797,1.2809,0.1622,1.321
22.682551138,0.2792,1.2772,0.1676,1.318
22.684457176,0.2785,1.2692,0.1769,1.311
22.686428407,0.2761,1.2579,0.1837,1.301
22.688233753,0.2756,1.2521,0.1849,1.295
22.691447945,0.2751,1.2384,0.1893,1.283
22.692516907,0.2785,1.2208,0.1930,1.267
22.694475522,0.2802,1.2113,0.1928,1.258
22.696433369,0.2817,1.1951,0.1884,1.242
22.698421599,0.2819,1.1866,0.1859,1.234
22.700308715,0.2800,1.1693,0.1774,1.215
22.702150445,0.2770,1.1539,0.1630,1.198
22.704242022,0.2763,1.1465,0.1551,1.190
22.706444022,0.2748,1.1316,0.1395,1.173
22.715437253,0.2744,1.1179,0.1207,1.157
22.716695292,0.2734,1.1101,0.1116,1.149
22.718029484,0.2700,1.0986,0.0921,1.135
22.718928715,0.2682,1.0911,0.0831,1.127
22.719750061,0.2673,1.0767,0.0677,1.111
22.720651868,0.2665,1.0613,0.0540,1.096
22.721498715,0.2663,1.0537,0.0476,1.088
22.722417868,0.2639,1.0393,0.0357,1.073
22.736714792,0.2592,1.0234,0.0269,1.056
22.738269868,0.2573,1.0151,0.0227,1.047
22.739121676,0.2538,0.9970,0.0154,1.029
22.740249445,0.2487,0.9814,0.0095,1.012
22.741526522,0.2460,0.9733,0.0078,1.004
22.742751176,0.2394,0.9562,0.0039,0.986
22.743971368,0.2389,0.9477,0.0017,0.977
22.74492383,0.2355,0.9311,-0.0029,0.960
22.74624483,0.2309,0.9179,-0.0068,0.946
22.746974407,0.2257,0.9115,-0.0095,0.939
22.748110484,0.2152,0.8973,-0.0154,0.923
22.748973061,0.2077,0.8905,-0.0178,0.915
22.750334599,0.2042,0.8793,-0.0259,0.903
22.751183561,0.1950,0.8678,-0.0313,0.890
22.752123484,0.1910,0.8622,-0.0357,0.884
22.75483333,0.1793,0.8514,-0.0418,0.871
22.756293022,0.1678,0.8436,-0.0484,0.861
22.757628907,0.1632,0.8382,-0.0511,0.855
22.763575676,0.1544,0.8309,-0.0555,0.847
22.765102368,0.1500,0.8267,-0.0559,0.842
22.766372984,0.1419,0.8209,-0.0586,0.835
22.767552292,0.1324,0.8138,-0.0621,0.827
22.768436292,0.1290,0.8113,-0.0625,0.824
22.769556522,0.1200,0.8079,-0.0628,0.819
22.771461176,0.1109,0.8023,-0.0623,0.812
22.77338133,0.1063,0.8006,-0.0603,0.810
22.776702715,0.0992,0.7969,-0.0584,0.805
22.778412753,0.0965,0.7950,-0.0586,0.803
22.780771945,0.0904,0.7935,-0.0572,0.801
22.78258583,0.0877,0.7896,-0.0564,0.796
22.783696099,0.0860,0.7894,-0.0564,0.796
22.785000792,0.0809,0.7901,-0.0547,0.796
22.787107099,0.0789,0.7906,-0.0537,0.796
22.789072253,0.0774,0.7898,-0.0528,0.795
22.792579753,0.0777,0.7908,-0.0520,0.796
22.794953984,0.0767,0.7916,-0.0506,0.797
22.796272868,0.0762,0.7947,-0.0474,0.800
22.79793383,0.0772,0.7984,-0.0447,0.803
22.799410638,0.0787,0.8021,-0.0445,0.807
22.800776676,0.0818,0.8091,-0.0396,0.814
22.802999868,0.0833,0.8121,-0.0381,0.817
22.804840792,0.0858,0.8182,-0.0342,0.823
22.807181176,0.0911,0.8270,-0.0264,0.832
22.813618484,0.0933,0.8316,-0.0237,0.837
22.814370176,0.0982,0.8414,-0.0198,0.847
22.814730676,0.1038,0.8507,-0.0139,0.857
22.815070638,0.1073,0.8563,-0.0120,0.863
22.816583715,0.1131,0.8675,-0.0068,0.875
22.818575561,0.1180,0.8729,-0.0032,0.881
22.820699291,0.1263,0.8824,0.0042,0.891
22.822538215,0.1363,0.8925,0.0093,0.903
22.838937445,0.1422,0.8961,0.0127,0.907
22.840730061,0.1554,0.9054,0.0195,0.919
22.842207061,0.1642,0.9164,0.0264,0.931
22.843617215,0.1703,0.9210,0.0296,0.937
22.844965638,0.1810,0.9318,0.0344,0.950
22.846315138,0.1871,0.9376,0.0388,0.957
22.84745783,0.2013,0.9460,0.0425,0.968
22.848713753,0.2125,0.9540,0.0457,0.978
22.849682984,0.2184,0.9582,0.0481,0.984
22.850864138,0.2343,0.9675,0.0547,0.997
22.851703753,0.2475,0.9748,0.0589,1.007
22.852729138,0.2536,0.9772,0.0618,1.011
22.853663407,0.2660,0.9831,0.0665,1.021
22.85488283,0.2714,0.9855,0.0699,1.025
22.855827561,0.2812,0.9899,0.0774,1.032
22.856708253,0.2927,0.9941,0.0848,1.040
22.857901215,0.2978,0.9951,0.0877,1.042
22.85888283,0.3083,0.9987,0.0926,1.049
22.859998868,0.3178,0.9992,0.0955,1.053
22.863095138,0.3213,0.9997,0.1024,1.055
22.863952715,0.3271,1.0007,0.1082,1.058
22.865700022,0.3296,1.0004,0.1099,1.059
22.867828022,0.3340,0.9987,0.1148,1.059
22.869784791,0.3362,0.9973,0.1180,1.059
22.871786522,0.3367,0.9975,0.1187,1.059
22.873695061,0.3354,0.9946,0.1204,1.057
22.875896638,0.3342,0.9943,0.1207,1.056
22.877492676,0.3313,0.9933,0.1204,1.054
22.879356368,0.3252,0.9907,0.1202,1.050
22.88144083,0.3198,0.9902,0.1197,1.047
22.883694022,0.3112,0.9880,0.1151,1.042
22.885236484,0.3029,0.9855,0.1097,1.037
22.887748215,0.2985,0.9833,0.1065,1.033
22.889396291,0.2934,0.9770,0.1009,1.025
22.892508715,0.2912,0.9736,0.0972,1.021
22.893423445,0.2885,0.9677,0.0921,1.014
22.895611868,0.2841,0.9611,0.0899,1.006
22.897060676,0.2812,0.9579,0.0906,1.002
22.899470522,0.2758,0.9516,0.0914,0.995
22.900914638,0.2700,0.9474,0.0965,0.990
22.903483407,0.2673,0.9386,0.1004,0.981
22.905030368,0.2636,0.9320,0.1119,0.975
22.907271215,0.2609,0.9279,0.1192,0.971
22.910648638,0.2558,0.9181,0.1358,0.963
22.911513638,0.2487,0.9098,0.1502,0.955
22.913055676,0.2455,0.9054,0.1564,0.951
22.91495833,0.2424,0.8971,0.1639,0.944
22.916889676,0.2406,0.8934,0.1659,0.940
22.919231484,0.2345,0.8851,0.1676,0.931
22.920931753,0.2279,0.8771,0.1673,0.922
22.923063176,0.2245,0.8732,0.1669,0.917
22.929566138,0.2147,0.8670,0.1661,0.909
22.930347522,0.2064,0.8597,0.1610,0.899
22.930788214,0.2018,0.8570,0.1595,0.895
22.931198753,0.1950,0.8514,0.1522,0.887
22.934575291,0.1906,0.8497,0.1476,0.883
22.935039022,0.1818,0.8468,0.1412,0.877
22.936648907,0.1722,0.8416,0.1319,0.869
22.938469868,0.1669,0.8394,0.1283,0.865
22.940222291,0.1578,0.8377,0.1190,0.861
22.950790868,0.1476,0.8355,0.1099,0.856
22.951822599,0.1429,0.8336,0.1058,0.852
22.952708445,0.1339,0.8304,0.0989,0.847
22.953470945,0.1292,0.8284,0.0965,0.844
22.954257445,0.1236,0.8236,0.0921,0.838
22.95503033,0.1163,0.8214,0.0897,0.834
22.955803214,0.1143,0.8192,0.0887,0.832
22.956680561,0.1121,0.8140,0.0909,0.827
22.960203599,0.1107,0.8082,0.0931,0.821
22.961501638,0.1109,0.8057,0.0953,0.819
22.962433561,0.1119,0.8018,0.0989,0.816
22.96391683,0.1116,0.7999,0.1029,0.814
22.966224714,0.1109,0.7950,0.1104,0.810
22.968128945,0.1112,0.7906,0.1182,0.807
22.970134907,0.1124,0.7891,0.1234,0.807
22.971809522,0.1146,0.7857,0.1317,0.805
22.974058907,0.1156,0.7842,0.1388,0.805
22.977696214,0.1170,0.7837,0.1419,0.805
22.979291599,0.1209,0.7840,0.1466,0.807
22.980477138,0.1244,0.7845,0.1493,0.808
22.982140907,0.1280,0.7874,0.1529,0.812
22.984254176,0.1322,0.7920,0.1566,0.818
22.985587907,0.1344,0.7938,0.1576,0.820
22.987605484,0.1388,0.7989,0.1556,0.826
22.989535407,0.1419,0.8018,0.1549,0.829
22.992391214,0.1456,0.8087,0.1532,0.836
22.994048022,0.1537,0.8167,0.1507,0.845
22.995516984,0.1568,0.8199,0.1483,0.848
22.997482676,0.1630,0.8277,0.1456,0.856
22.999483253,0.1708,0.8372,0.1395,0.866
23.001368176,0.1737,0.8416,0.1383,0.870
23.003529907,0.1818,0.8512,0.1378,0.881
23.005467214,0.1886,0.8590,0.1380,0.890
23.007719599,0.1918,0.8624,0.1366,0.894
23.010726868,0.1959,0.8722,0.1353,0.904
23.012121907,0.1974,0.8771,0.1339,0.909
23.013518522,0.2006,0.8844,0.1344,0.917
23.015426984,0.2045,0.8932,0.1361,0.926
23.017428138,0.2062,0.8976,0.1378,0.931
23.019511907,0.2081,0.9047,0.1402,0.939
23.021351599,0.2103,0.9125,0.1419,0.947
23.023445061,0.2116,0.9144,0.1432,0.949
23.035410561,0.2143,0.9218,0.1495,0.958
23.037232561,0.2160,0.9237,0.1512,0.961
23.038446214,0.2187,0.9289,0.1537,0.967
23.039719214,0.2209,0.9320,0.1559,0.970
23.041062253,0.2206,0.9345,0.1576,0.973
23.042104907,0.2206,0.9394,0.1622,0.978
23.042505445,0.2213,0.9445,0.1661,0.984
23.042846407,0.2226,0.9450,0.1681,0.985
23.043182407,0.2250,0.9477,0.1698,0.989
23.043539099,0.2267,0.9491,0.1727,0.991
23.065841791,0.2282,0.9528,0.1769,0.996
23.067707984,0.2272,0.9528,0.1805,0.996
23.068151561,0.2274,0.9528,0.1823,0.996
23.068523945,0.2279,0.9538,0.1837,0.998
23.068917522,0.2270,0.9557,0.1852,1.000
23.069349561,0.2255,0.9567,0.1857,1.000
23.069713368,0.2223,0.9574,0.1884,1.001
23.070080753,0.2201,0.9577,0.1891,1.001
23.070448945,0.2174,0.9577,0.1898,1.000
23.070813445,0.2096,0.9557,0.1915,0.997
23.071167907,0.2057,0.9560,0.1918,0.996
23.07152783,0.1998,0.9550,0.1918,0.994
23.071890253,0.1937,0.9545,0.1920,0.993
23.072241137,0.1898,0.9533,0.1923,0.991
23.072651561,0.1815,0.9501,0.1901,0.986
23.07660183,0.1776,0.9486,0.1901,0.984
23.077612868,0.1705,0.9442,0.1906,0.978
23.078507676,0.1639,0.9401,0.1901,0.973
23.080122445,0.1600,0.9379,0.1906,0.970
23.082633407,0.1522,0.9337,0.1893,0.965
23.084252522,0.1466,0.9286,0.1867,0.958
23.086431484,0.1429,0.9267,0.1862,0.956
23.088042676,0.1410,0.9198,0.1871,0.949
23.090625676,0.1385,0.9161,0.1854,0.945
23.093608176,0.1349,0.9108,0.1840,0.939
23.09512833,0.1314,0.9044,0.1810,0.932
23.095910137,0.1312,0.9025,0.1805,0.930
23.098692522,0.1297,0.8971,0.1793,0.924
23.100191676,0.1314,0.8917,0.1769,0.919
23.102601637,0.1314,0.8888,0.1759,0.916
23.104038407,0.1349,0.8827,0.1710,0.909
23.105905445,0.1373,0.8800,0.1698,0.907
23.109467368,0.1388,0.8744,0.1671,0.901
23.11070233,0.1393,0.8685,0.1637,0.895
23.111771484,0.1405,0.8656,0.1617,0.892
23.114461714,0.1410,0.8607,0.1571,0.886
23.115726214,0.1427,0.8580,0.1515,0.883
23.118584907,0.1427,0.8558,0.1485,0.880
23.119997522,0.1444,0.8517,0.1446,0.876
23.122407714,0.1461,0.8495,0.1390,0.873
23.123982522,0.1459,0.8473,0.1368,0.871
23.131738599,0.1449,0.8433,0.1314,0.866
23.132630214,0.1449,0.8416,0.1287,0.864
23.133055137,0.1449,0.8394,0.1241,0.861
23.133580522,0.1451,0.8350,0.1180,0.856
23.134002984,0.1461,0.8338,0.1158,0.854
23.135971214,0.1461,0.8326,0.1107,0.853
23.13880633,0.1485,0.8314,0.1082,0.851
23.139737176,0.1485,0.8311,0.1004,0.850
23.160805291,0.1480,0.8284,0.0916,0.847
23.163580214,0.1490,0.8284,0.0867,0.846
23.164874214,0.1500,0.8294,0.0787,0.847
23.16637933,0.1502,0.8316,0.0694,0.848
23.168187099,0.1510,0.8319,0.0633,0.848
23.169583599,0.1517,0.8346,0.0525,0.850
23.170831714,0.1539,0.8372,0.0406,0.852
23.171692291,0.1537,0.8424,0.0337,0.857
23.172584291,0.1554,0.8485,0.0225,0.863
23.173669022,0.1568,0.8512,0.0178,0.866
23.17497056,0.1571,0.8580,0.0103,0.872
23.176046637,0.1568,0.8688,0.0056,0.883
23.177425445,0.1566,0.8753,0.0039,0.889
23.178513753,0.1578,0.8890,0.0039,0.903
23.179517137,0.1578,0.8959,0.0034,0.910
23.180796484,0.1588,0.9083,0.0066,0.922
23.182132022,0.1610,0.9230,0.0081,0.937
23.183374599,0.1632,0.9301,0.0100,0.944
23.184512445,0.1664,0.9447,0.0149,0.959
23.18582656,0.1705,0.9587,0.0217,0.974
23.187160637,0.1713,0.9653,0.0249,0.981
23.188325868,0.1752,0.9789,0.0322,0.995
23.189842714,0.1774,0.9865,0.0364,1.003
23.190327984,0.1830,1.0026,0.0450,1.020
23.190668907,0.1884,1.0188,0.0542,1.037
23.191072599,0.1908,1.0268,0.0586,1.046
23.193625176,0.1952,1.0432,0.0689,1.064
23.194556945,0.1996,1.0583,0.0796,1.080
23.196667791,0.2006,1.0659,0.0858,1.088
23.198739291,0.2079,1.0833,0.0985,1.107
23.200709291,0.2140,1.0913,0.1048,1.117
23.202445445,0.2167,1.1067,0.1180,1.134
23.204368868,0.2209,1.1204,0.1334,1.150
23.206387214,0.2240,1.1282,0.1410,1.159
23.20922406,0.2294,1.1419,0.1573,1.175
23.211381176,0.2358,1.1558,0.1735,1.192
23.213159368,0.2382,1.1629,0.1810,1.201
23.214142791,0.2443,1.1756,0.1979,1.217
23.216051868,0.2489,1.1832,0.2123,1.228
23.218162253,0.2516,1.1878,0.2199,1.234
23.220097676,0.2563,1.1966,0.2326,1.246
23.222085176,0.2577,1.2005,0.2382,1.251
23.224242291,0.2614,1.2069,0.2477,1.259
23.228486984,0.2636,1.2122,0.2531,1.266
23.229051291,0.2639,1.2147,0.2553,1.269
23.230003137,0.2639,1.2188,0.2582,1.274
23.232182368,0.2621,1.2206,0.2602,1.275
23.234132368,0.2614,1.2232,0.2599,1.278
23.235933445,0.2585,1.2279,0.2599,1.281
23.238004484,0.2570,1.2286,0.2590,1.282
23.240232137,0.2524,1.2279,0.2563,1.279
23.249897214,0.2504,1.2289,0.2536,1.279
23.251408983,0.2492,1.2281,0.2524,1.278
23.25224456,0.2470,1.2259,0.2502,1.275
23.252981599,0.2441,1.2245,0.2480,1.273
23.254014176,0.2436,1.2237,0.2475,1.272
23.260428407,0.2409,1.2208,0.2467,1.269
23.261987483,0.2402,1.2188,0.2463,1.266
23.26297706,0.2414,1.2162,0.2472,1.264
23.26391733,0.2399,1.2144,0.2467,1.262
23.26477306,0.2394,1.2130,0.2460,1.261
23.266320676,0.2416,1.2079,0.2453,1.256
23.267146522,0.2448,1.2044,0.2438,1.253
23.268064753,0.2455,1.2037,0.2431,1.252
23.268879637,0.2507,1.2013,0.2436,1.251
23.269871445,0.2533,1.2015,0.2421,1.252
23.271631483,0.2609,1.2032,0.2380,1.254
23.273577714,0.2697,1.2030,0.2348,1.255
23.276586791,0.2736,1.2044,0.2318,1.257
23.278588291,0.2819,1.2093,0.2262,1.262
23.279694291,0.2893,1.2118,0.2196,1.265
23.281497483,0.2954,1.2171,0.2165,1.271
23.283472983,0.3083,1.2250,0.2130,1.281
23.285401214,0.3164,1.2296,0.2111,1.287
23.287350907,0.3308,1.2401,0.2084,1.300
23.289556445,0.3459,1.2506,0.2091,1.314
23.291255407,0.3528,1.2543,0.2094,1.320
23.294118983,0.3660,1.2616,0.2118,1.331
23.295530099,0.3716,1.2655,0.2155,1.336
23.297374291,0.3845,1.2706,0.2206,1.346
23.299153753,0.3948,1.2767,0.2238,1.355
23.300980945,0.3992,1.2797,0.2260,1.359
23.303064445,0.4063,1.2843,0.2314,1.367
23.306815907,0.4143,1.2885,0.2375,1.374
23.30786283,0.4170,1.2902,0.2392,1.377
23.310768176,0.4224,1.2899,0.2416,1.379
23.312208599,0.4292,1.2899,0.2438,1.381
23.313354368,0.4317,1.2899,0.2458,1.382
23.314956291,0.4332,1.2848,0.2448,1.378
23.316762253,0.4336,1.2814,0.2441,1.375
23.31882506,0.4314,1.2738,0.2436,1.367
23.320706945,0.4288,1.2648,0.2382,1.357
23.322727483,0.4244,1.2596,0.2362,1.350
23.324674676,0.4151,1.2472,0.2294,1.334
23.334052291,0.4109,1.2416,0.2245,1.327
23.334638945,0.3999,1.2293,0.2152,1.311
23.334890022,0.3880,1.2166,0.2047,1.293
23.335123445,0.3809,1.2100,0.1981,1.284
23.335369022,0.3674,1.1976,0.1854,1.266
23.336431214,0.3550,1.1859,0.1713,1.250
23.338574368,0.3486,1.1785,0.1649,1.240
23.340524714,0.3374,1.1663,0.1502,1.223
23.354943253,0.3269,1.1622,0.1368,1.215
23.355531522,0.3227,1.1534,0.1305,1.205
23.355786214,0.3147,1.1436,0.1202,1.192
23.356024983,0.3115,1.1407,0.1146,1.188
23.35625533,0.3068,1.1314,0.1019,1.177
23.356471253,0.3032,1.1216,0.0931,1.166
23.362664676,0.3025,1.1153,0.0884,1.159
23.363261945,0.3005,1.1045,0.0794,1.147
23.36351633,0.3003,1.0979,0.0718,1.140
23.363756253,0.3034,1.0847,0.0691,1.128
23.363985676,0.3081,1.0701,0.0650,1.115
23.364218522,0.3081,1.0627,0.0625,1.108
23.36820256,0.3049,1.0498,0.0557,1.095
23.368451714,0.3039,1.0356,0.0496,1.080
23.369966214,0.3027,1.0276,0.0472,1.072
23.371810291,0.2990,1.0109,0.0454,1.055
23.374283022,0.2968,1.0031,0.0445,1.047
23.37646456,0.2934,0.9868,0.0420,1.030
23.377925099,0.2907,0.9660,0.0391,1.010
23.379657445,0.2885,0.9574,0.0381,1.001
23.381651868,0.2832,0.9406,0.0364,0.983
23.383630599,0.2797,0.9196,0.0320,0.962
23.385983753,0.2763,0.9118,0.0310,0.953
23.387681676,0.2714,0.8917,0.0303,0.933
23.389492291,0.2695,0.8827,0.0286,0.923
23.39165783,0.2636,0.8639,0.0244,0.904
23.393602599,0.2612,0.8455,0.0210,0.885
23.397012945,0.2612,0.8353,0.0198,0.875
23.397561099,0.2575,0.8172,0.0156,0.857
23.399629291,0.2553,0.7994,0.0127,0.839
23.401355022,0.2541,0.7894,0.0115,0.829
23.403484445,0.2558,0.7723,0.0086,0.814
23.40521583,0.2587,0.7569,0.0034,0.800
23.40735783,0.2595,0.7486,0.0005,0.792
23.41191206,0.2617,0.7339,-0.0059,0.779
23.41248156,0.2641,0.7278,-0.0100,0.774
23.413207714,0.2692,0.7122,-0.0169,0.762
23.415462599,0.2766,0.6985,-0.0271,0.752
23.41713683,0.2805,0.6907,-0.0318,0.746
23.419185676,0.2861,0.6772,-0.0413,0.736
23.421077637,0.2917,0.6716,-0.0454,0.734
23.423143445,0.2954,0.6616,-0.0540,0.727
23.433122599,0.3039,0.6511,-0.0650,0.721
23.433736906,0.3078,0.6467,-0.0706,0.720
23.434012868,0.3152,0.6389,-0.0823,0.717
23.43425656,0.3215,0.6313,-0.0923,0.714
23.434490945,0.3261,0.6279,-0.0992,0.714
23.43952483,0.3305,0.6232,-0.1104,0.714
23.440567137,0.3362,0.6213,-0.1173,0.716
23.44083733,0.3379,0.6210,-0.1207,0.717
23.441075714,0.3418,0.6210,-0.1275,0.720
23.444287483,0.3428,0.6215,-0.1314,0.722
23.445506022,0.3423,0.6242,-0.1346,0.725
23.450415368,0.3389,0.6308,-0.1368,0.729
23.450684445,0.3374,0.6350,-0.1383,0.732
23.450939714,0.3327,0.6418,-0.1383,0.736
23.452689022,0.3244,0.6469,-0.1363,0.736
23.454670791,0.3208,0.6596,-0.1349,0.746
23.456599637,0.3134,0.6728,-0.1302,0.754
23.460172022,0.3088,0.6814,-0.1266,0.759
23.46064756,0.3007,0.6955,-0.1165,0.767
23.462864676,0.2934,0.7117,-0.1053,0.777
23.46465506,0.2890,0.7200,-0.0965,0.782
23.466502099,0.2836,0.7383,-0.0840,0.795
23.468361676,0.2802,0.7471,-0.0770,0.802
23.470581291,0.2785,0.7659,-0.0596,0.817
23.472677406,0.2741,0.7852,-0.0406,0.833
23.474972983,0.2729,0.7955,-0.0308,0.842
23.477628868,0.2700,0.8165,-0.0103,0.860
23.478900483,0.2685,0.8380,0.0078,0.880
23.481192483,0.2678,0.8485,0.0181,0.890
23.483084329,0.2668,0.8722,0.0386,0.913
23.484300868,0.2658,0.8837,0.0481,0.924
23.486440868,0.2641,0.9044,0.0635,0.944
23.488406176,0.2624,0.9262,0.0806,0.966
23.490400445,0.2621,0.9362,0.0880,0.976
23.493980829,0.2607,0.9535,0.1021,0.994
23.495560945,0.2597,0.9721,0.1156,1.013
23.496668714,0.2599,0.9816,0.1209,1.023
23.498524253,0.2590,0.9997,0.1309,1.041
23.500131291,0.2595,1.0092,0.1341,1.051
23.502192137,0.2614,1.0236,0.1366,1.065
23.504298445,0.2604,1.0354,0.1393,1.077
23.506312137,0.2609,1.0400,0.1395,1.081
23.508253868,0.2617,1.0491,0.1363,1.090
23.512050137,0.2619,1.0534,0.1312,1.093
23.51354856,0.2629,1.0554,0.1278,1.095
23.515256637,0.2631,1.0608,0.1178,1.099
23.516371868,0.2621,1.0637,0.1119,1.101
23.517962945,0.2617,1.0647,0.0977,1.101
23.519734676,0.2607,1.0632,0.0840,1.098
23.522068214,0.2597,1.0630,0.0750,1.097
23.523590291,0.2587,1.0610,0.0564,1.094
23.533526945,0.2585,1.0581,0.0371,1.090
23.534966253,0.2585,1.0561,0.0269,1.088
23.535838483,0.2573,1.0515,0.0073,1.083
23.53671956,0.2555,1.0493,-0.0015,1.080
23.537932599,0.2533,1.0442,-0.0222,1.075
23.539083637,0.2536,1.0363,-0.0415,1.068
23.540031906,0.2538,1.0337,-0.0515,1.066
23.541019868,0.2570,1.0234,-0.0699,1.057
23.542499176,0.2604,1.0158,-0.0831,1.052
23.543703099,0.2636,1.0117,-0.0889,1.049
23.555477176,0.2695,1.0024,-0.0963,1.042
23.556055329,0.2729,0.9980,-0.0977,1.039
23.556311483,0.2797,0.9877,-0.0965,1.031
23.556570253,0.2834,0.9784,-0.0887,1.023
23.556788829,0.2853,0.9728,-0.0831,1.017
23.557020906,0.2888,0.9613,-0.0687,1.006
23.557251945,0.2895,0.9518,-0.0511,0.996
23.566020637,0.2910,0.9460,-0.0398,0.990
23.566504522,0.2917,0.9350,-0.0139,0.980
23.566760099,0.2929,0.9298,-0.0015,0.975
23.566997253,0.2937,0.9179,0.0210,0.964
23.567236829,0.2939,0.9059,0.0418,0.953
23.571762329,0.2961,0.8993,0.0525,0.948
23.572028599,0.2983,0.8856,0.0745,0.937
23.573644252,0.2976,0.8736,0.0936,0.928
23.574750522,0.2966,0.8683,0.1029,0.923
23.576881791,0.2946,0.8565,0.1190,0.914
23.578859176,0.2937,0.8512,0.1251,0.909
23.580721983,0.2905,0.8414,0.1363,0.901
23.58274256,0.2858,0.8328,0.1405,0.892
23.584666445,0.2834,0.8297,0.1424,0.888
23.58691056,0.2788,0.8236,0.1422,0.881
23.588799983,0.2746,0.8167,0.1400,0.873
23.591018214,0.2717,0.8135,0.1380,0.869
23.593601252,0.2653,0.8091,0.1317,0.862
23.594775791,0.2617,0.8065,0.1287,0.858
23.596607445,0.2592,0.8013,0.1212,0.851
23.598834945,0.2533,0.7964,0.1156,0.844
23.600637714,0.2524,0.7930,0.1126,0.840
23.602568214,0.2514,0.7874,0.1068,0.833
23.604604791,0.2509,0.7830,0.1024,0.829
23.606606176,0.2509,0.7803,0.0997,0.826
23.608636329,0.2507,0.7742,0.0958,0.819
23.610917176,0.2516,0.7701,0.0941,0.816
23.612687329,0.2519,0.7639,0.0921,0.810
23.61439956,0.2524,0.7593,0.0921,0.805
23.616187868,0.2531,0.7564,0.0926,0.803
23.618343868,0.2533,0.7508,0.0923,0.798
23.620322099,0.2524,0.7481,0.0921,0.795
23.622405752,0.2524,0.7456,0.0926,0.793
23.624349522,0.2509,0.7420,0.0945,0.789
23.633672522,0.2499,0.7412,0.0958,0.788
23.634993714,0.2477,0.7393,0.0985,0.786
23.636038099,0.2465,0.7371,0.0985,0.783
23.636890945,0.2455,0.7385,0.0994,0.785
23.638077829,0.2433,0.7398,0.1021,0.785
23.63902906,0.2406,0.7420,0.1021,0.787
23.639968329,0.2382,0.7454,0.1004,0.789
23.640862176,0.2360,0.7498,0.1019,0.793
23.642342868,0.2345,0.7527,0.1031,0.795
23.657886137,0.2345,0.7586,0.1055,0.801
23.65947206,0.2348,0.7647,0.1036,0.807
23.660715291,0.2345,0.7674,0.1016,0.809
23.662061791,0.2333,0.7752,0.0997,0.816
23.663275445,0.2328,0.7801,0.0992,0.820
23.664425945,0.2301,0.7889,0.0992,0.828
23.665748945,0.2284,0.7974,0.0989,0.835
23.66671306,0.2279,0.8018,0.0980,0.839
23.667949829,0.2265,0.8121,0.0950,0.848
23.668950945,0.2265,0.8199,0.0948,0.856
23.670042599,0.2255,0.8231,0.0941,0.859
23.670918868,0.2260,0.8314,0.0909,0.866
23.671828791,0.2270,0.8365,0.0901,0.871
23.672517099,0.2296,0.8465,0.0923,0.882
23.673505868,0.2296,0.8526,0.0923,0.888
23.674308522,0.2299,0.8560,0.0921,0.891
23.675247676,0.2328,0.8629,0.0941,0.899
23.679186906,0.2387,0.8683,0.0948,0.905
23.680658829,0.2406,0.8717,0.0953,0.909
23.685164599,0.2460,0.8775,0.0980,0.917
23.686620022,0.2472,0.8805,0.0999,0.920
23.68776356,0.2516,0.8859,0.1031,0.927
23.688618983,0.2577,0.8881,0.1051,0.931
23.689780752,0.2617,0.8893,0.1080,0.933
23.691316829,0.2697,0.8907,0.1156,0.938
23.694031599,0.2778,0.8925,0.1207,0.942
23.695100483,0.2827,0.8910,0.1236,0.943
23.698503945,0.2888,0.8910,0.1314,0.946
23.69909606,0.2961,0.8912,0.1390,0.949
23.700870022,0.3012,0.8910,0.1427,0.951
23.703064906,0.3108,0.8905,0.1542,0.956
23.704777368,0.3132,0.8898,0.1588,0.957
23.70706906,0.3193,0.8863,0.1666,0.957
23.709016906,0.3276,0.8841,0.1766,0.959
23.711410252,0.3296,0.8837,0.1815,0.960
23.712596906,0.3325,0.8817,0.1918,0.962
23.715848945,0.3357,0.8790,0.2018,0.962
23.716590099,0.3359,0.8775,0.2062,0.962
23.718727483,0.3362,0.8761,0.2150,0.963
23.720624406,0.3371,0.8753,0.2201,0.964
23.722804483,0.3371,0.8741,0.2279,0.964
23.724637945,0.3362,0.8727,0.2382,0.965
23.729309099,0.3345,0.8719,0.2421,0.965
23.729876329,0.3323,0.8695,0.2472,0.963
23.730625945,0.3293,0.8675,0.2499,0.961
23.732401099,0.3259,0.8661,0.2514,0.959
23.734706022,0.3203,0.8636,0.2526,0.955
23.736920714,0.3174,0.8631,0.2526,0.954
23.738597906,0.3115,0.8636,0.2521,0.952
23.740558945,0.3044,0.8607,0.2502,0.947
23.742363752,0.3020,0.8597,0.2477,0.944
23.752635791,0.2973,0.8573,0.2421,0.939
23.754255137,0.2917,0.8570,0.2367,0.936
23.755283022,0.2885,0.8563,0.2343,0.933
23.756342522,0.2807,0.8548,0.2270,0.928
23.757317137,0.2780,0.8543,0.2235,0.926
23.758413022,0.2707,0.8536,0.2145,0.921
23.759525752,0.2651,0.8524,0.2052,0.916
23.760681983,0.2621,0.8514,0.2025,0.914
23.762026637,0.2580,0.8495,0.1935,0.909
23.763088522,0.2541,0.8465,0.1862,0.903
23.765815983,0.2521,0.8460,0.1815,0.901
23.767525599,0.2477,0.8438,0.1730,0.896
23.768632906,0.2460,0.8429,0.1681,0.894
23.770250868,0.2436,0.8402,0.1598,0.889
23.77271106,0.2424,0.8377,0.1522,0.885
23.774144022,0.2416,0.8372,0.1485,0.884
23.779760637,0.2399,0.8365,0.1434,0.882
23.781747637,0.2384,0.8363,0.1344,0.880
23.783308214,0.2382,0.8355,0.1312,0.879
23.784699945,0.2367,0.8341,0.1246,0.876
23.78584356,0.2350,0.8326,0.1195,0.873
23.786170368,0.2323,0.8328,0.1121,0.872
23.787692868,0.2345,0.8343,0.1046,0.873
23.789601137,0.2338,0.8336,0.1004,0.872
23.791643175,0.2336,0.8333,0.0955,0.871
23.793911983,0.2343,0.8360,0.0887,0.873
23.797019445,0.2340,0.8372,0.0860,0.874
23.797855983,0.2345,0.8404,0.0796,0.876
23.799445868,0.2353,0.8411,0.0767,0.877
23.801504598,0.2355,0.8443,0.0711,0.879
23.803473791,0.2397,0.8470,0.0660,0.883
23.805266368,0.2402,0.8497,0.0623,0.885
23.807275022,0.2419,0.8558,0.0589,0.891
23.810063137,0.2450,0.8580,0.0594,0.894
23.814386175,0.2465,0.8648,0.0586,0.901
23.814980983,0.2460,0.8734,0.0618,0.909
23.815237137,0.2482,0.8773,0.0625,0.914
23.817196983,0.2497,0.8868,0.0638,0.924
23.819186406,0.2487,0.8961,0.0647,0.932
23.821143214,0.2494,0.9012,0.0665,0.937
23.823034714,0.2504,0.9118,0.0691,0.948
23.825049214,0.2543,0.9183,0.0718,0.956
23.833970522,0.2546,0.9328,0.0738,0.970
23.834512752,0.2568,0.9450,0.0777,0.982
23.834760522,0.2587,0.9513,0.0782,0.989
23.834993483,0.2599,0.9665,0.0801,1.004
23.835215291,0.2653,0.9802,0.0823,1.019
23.836823368,0.2680,0.9877,0.0850,1.027
23.838902522,0.2736,1.0029,0.0892,1.043
23.840831522,0.2788,1.0097,0.0931,1.052
23.84389406,0.2836,1.0261,0.0953,1.069
23.844980406,0.2939,1.0400,0.1019,1.086
23.846697406,0.2990,1.0471,0.1055,1.094
23.848699291,0.3090,1.0591,0.1121,1.109
23.850684637,0.3220,1.0713,0.1204,1.125
23.852638445,0.3281,1.0771,0.1248,1.133
23.854585868,0.3413,1.0899,0.1314,1.150
23.856582022,0.3520,1.0979,0.1385,1.161
23.85901206,0.3584,1.1028,0.1437,1.168
23.861415714,0.3718,1.1138,0.1532,1.184
23.862969906,0.3779,1.1172,0.1573,1.190
23.864705214,0.3899,1.1228,0.1630,1.200
23.866656098,0.3999,1.1299,0.1727,1.211
23.868370945,0.4038,1.1343,0.1752,1.217
23.870594291,0.4126,1.1394,0.1796,1.225
23.872637445,0.4180,1.1419,0.1854,1.230
23.874439214,0.4212,1.1463,0.1876,1.236
23.877557791,0.4270,1.1502,0.1923,1.242
23.878725329,0.4283,1.1531,0.1942,1.245
23.880266752,0.4310,1.1561,0.1979,1.250
23.882293252,0.4302,1.1587,0.2003,1.252
23.884165906,0.4302,1.1595,0.2033,1.253
23.886120368,0.4261,1.1622,0.2084,1.255
23.888550175,0.4170,1.1607,0.2077,1.251
23.890208675,0.4112,1.1597,0.2081,1.248
23.892127752,0.4102,1.1634,0.2123,1.252
23.895729521,0.4097,1.1646,0.2147,1.253
23.897357137,0.4041,1.1649,0.2209,1.253
23.898501021,0.3977,1.1683,0.2231,1.254
23.90008956,0.3941,1.1680,0.2253,1.253
23.902126291,0.3833,1.1678,0.2287,1.250
23.904156137,0.3743,1.1700,0.2306,1.250
23.906147521,0.3691,1.1714,0.2316,1.250
23.907991791,0.3562,1.1766,0.2323,1.251
23.912644252,0.3484,1.1805,0.2328,1.253
23.913870252,0.3359,1.1905,0.2294,1.258
23.914842868,0.3244,1.2025,0.2223,1.265
23.915844675,0.3181,1.2091,0.2184,1.269
23.917948521,0.3051,1.2250,0.2064,1.279
23.919731598,0.2981,1.2342,0.1932,1.284
23.921753945,0.2941,1.2533,0.1842,1.300
23.92355956,0.2866,1.2750,0.1664,1.317
23.925580791,0.2849,1.2870,0.1571,1.327
23.936079098,0.2853,1.3102,0.1366,1.348
23.937607637,0.2878,1.3342,0.1185,1.370
23.938518406,0.2910,1.3444,0.1094,1.380
23.939490675,0.2946,1.3652,0.0950,1.400
23.940462021,0.3010,1.3745,0.0838,1.410
23.942079675,0.3034,1.3916,0.0784,1.426
23.943336021,0.3078,1.4043,0.0723,1.439
23.944634945,0.3108,1.4092,0.0713,1.445
23.945960368,0.3142,1.4140,0.0755,1.450
23.946830868,0.3161,1.4138,0.0809,1.451
23.947780521,0.3086,1.4048,0.0792,1.440
23.959577329,0.2924,1.3803,0.0821,1.413
23.960178252,0.3005,1.3735,0.0931,1.409
23.96044506,0.3088,1.3591,0.1007,1.397
23.960679175,0.3291,1.3261,0.1094,1.371
23.960906175,0.3433,1.3024,0.1126,1.352
23.961140945,0.3545,1.2738,0.1239,1.328
23.962315906,0.3342,1.2679,0.1290,1.318
23.962871483,0.3225,1.2665,0.1263,1.313
23.964877868,0.3132,1.2628,0.1314,1.308
23.967199598,0.3154,1.2540,0.1331,1.300
23.968711945,0.3257,1.2403,0.1463,1.291
23.97081006,0.3550,1.2394,0.1837,1.302
23.972708521,0.3738,1.2384,0.2035,1.309
23.975104945,0.4092,1.2220,0.2375,1.310
23.977671137,0.4280,1.1937,0.2519,1.293
23.978855521,0.4329,1.1778,0.2553,1.281
23.980701445,0.4346,1.1519,0.2573,1.258
23.982824445,0.4319,1.1399,0.2577,1.246
23.984822329,0.4229,1.1182,0.2533,1.222
23.986685445,0.4077,1.1018,0.2450,1.200
23.988764829,0.3990,1.0955,0.2397,1.190
23.990721214,0.3843,1.0801,0.2231,1.168
23.993560521,0.3740,1.0632,0.2030,1.145
23.99588406,0.3687,1.0552,0.1925,1.134
23.996573329,0.3591,1.0398,0.1698,1.113
23.998513829,0.3523,1.0298,0.1456,1.098
24.000825791,0.3501,1.0109,0.1339,1.078
24.002458098,0.3452,0.9931,0.1112,1.057
24.004342137,0.3428,0.9838,0.0999,1.047
24.006457829,0.3413,0.9643,0.0745,1.026
24.008192175,0.3403,0.9425,0.0525,1.003
24.012521944,0.3403,0.9323,0.0410,0.993
24.013724906,0.3384,0.9132,0.0173,0.974
24.015113521,0.3389,0.9034,0.0054,0.965
24.016310752,0.3391,0.8854,-0.0164,0.948
24.018262983,0.3371,0.8670,-0.0391,0.931
24.020031714,0.3362,0.8578,-0.0501,0.923
24.022182675,0.3318,0.8397,-0.0716,0.906
24.023934483,0.3259,0.8231,-0.0936,0.890
24.026107598,0.3235,0.8150,-0.1046,0.883
24.034584521,0.3161,0.8018,-0.1241,0.871
24.035746521,0.3122,0.7950,-0.1331,0.864
24.036521291,0.3025,0.7832,-0.1529,0.853
24.037393291,0.2912,0.7720,-0.1688,0.842
24.039939098,0.2846,0.7654,-0.1769,0.836
24.040863175,0.2704,0.7554,-0.1918,0.825
24.041875637,0.2636,0.7510,-0.1984,0.820
24.042682483,0.2482,0.7442,-0.2091,0.812
24.055819214,0.2336,0.7361,-0.2169,0.802
24.057129637,0.2250,0.7332,-0.2209,0.798
24.058038983,0.2042,0.7283,-0.2277,0.790
24.058766214,0.1837,0.7266,-0.2309,0.784
24.059856137,0.1735,0.7253,-0.2333,0.781
24.060829868,0.1520,0.7214,-0.2331,0.773
24.065663521,0.1410,0.7197,-0.2326,0.769
24.067116329,0.1197,0.7175,-0.2304,0.763
24.067967406,0.1007,0.7173,-0.2248,0.758
24.068713021,0.0899,0.7173,-0.2204,0.756
24.069783444,0.0701,0.7178,-0.2096,0.751
24.070821406,0.0506,0.7209,-0.1979,0.749
24.071898175,0.0420,0.7222,-0.1908,0.748
24.072822137,0.0257,0.7236,-0.1752,0.745
24.073883483,0.0183,0.7266,-0.1671,0.746
24.074557868,0.0049,0.7324,-0.1466,0.747
24.075548868,-0.0051,0.7393,-0.1246,0.750
24.079422791,-0.0083,0.7410,-0.1136,0.750
24.080978329,-0.0151,0.7512,-0.0914,0.757
24.08222806,-0.0198,0.7600,-0.0652,0.763
24.083644214,-0.0208,0.7654,-0.0523,0.767
24.098947868,-0.0200,0.7769,-0.0266,0.778
24.10019106,-0.0203,0.7835,-0.0149,0.784
24.101264637,-0.0188,0.7974,0.0078,0.798
24.102979214,-0.0149,0.8113,0.0308,0.812
24.103729675,-0.0120,0.8184,0.0420,0.820
24.104383098,-0.0042,0.8326,0.0621,0.835
24.10523306,0.0076,0.8502,0.0821,0.854
24.106072214,0.0134,0.8582,0.0906,0.863
24.107000944,0.0259,0.8758,0.1060,0.883
24.107682214,0.0337,0.8859,0.1119,0.894
24.108391214,0.0515,0.9047,0.1251,0.915
24.109355637,0.0704,0.9237,0.1378,0.937
24.110462444,0.0799,0.9330,0.1407,0.947
24.111514483,0.1029,0.9511,0.1451,0.968
24.112616829,0.1248,0.9719,0.1502,0.991
24.120135406,0.1366,0.9814,0.1510,1.002
24.120753791,0.1637,1.0007,0.1510,1.025
24.121005137,0.1764,1.0112,0.1517,1.038
24.121234867,0.2057,1.0307,0.1505,1.062
24.123433791,0.2321,1.0471,0.1476,1.083
24.145596444,0.2448,1.0549,0.1454,1.093
24.146294675,0.2717,1.0688,0.1395,1.112
24.14654606,0.2849,1.0771,0.1353,1.122
24.146787329,0.3105,1.0940,0.1270,1.144
24.147014983,0.3371,1.1065,0.1185,1.163
24.147242752,0.3496,1.1118,0.1138,1.171
24.147469367,0.3716,1.1209,0.1019,1.185
24.147698175,0.3926,1.1309,0.0897,1.200
24.14794506,0.4019,1.1341,0.0836,1.206
24.148171867,0.4212,1.1397,0.0672,1.217
24.148400291,0.4280,1.1436,0.0603,1.223
24.14862956,0.4412,1.1470,0.0474,1.230
24.148877675,0.4512,1.1492,0.0315,1.235
24.150008483,0.4542,1.1487,0.0227,1.235
24.151791367,0.4586,1.1480,0.0098,1.236
24.15383006,0.4622,1.1426,-0.0039,1.233
24.155770098,0.4620,1.1397,-0.0100,1.230
24.157696752,0.4595,1.1338,-0.0208,1.224
24.159913714,0.4576,1.1304,-0.0257,1.220
24.162062214,0.4510,1.1219,-0.0359,1.210
24.164080137,0.4429,1.1099,-0.0445,1.196
24.165602367,0.4373,1.1052,-0.0481,1.190
24.167554829,0.4248,1.0940,-0.0537,1.175
24.169389214,0.4178,1.0884,-0.0550,1.167
24.171600829,0.4048,1.0752,-0.0581,1.150
24.173356214,0.3887,1.0640,-0.0567,1.134
24.175488444,0.3804,1.0566,-0.0557,1.124
24.178183714,0.3630,1.0427,-0.0559,1.106
24.179436252,0.3494,1.0249,-0.0525,1.084
24.181411675,0.3430,1.0180,-0.0491,1.075
24.183738252,0.3335,1.0026,-0.0454,1.058
24.185171944,0.3283,0.9938,-0.0410,1.047
24.187356329,0.3178,0.9760,-0.0305,1.027
24.189355175,0.3090,0.9591,-0.0188,1.008
24.191255829,0.3034,0.9508,-0.0093,0.998
24.193147291,0.2927,0.9342,0.0093,0.979
24.196220021,0.2841,0.9262,0.0313,0.969
24.197427791,0.2802,0.9088,0.0445,0.952
24.199018098,0.2729,0.8920,0.0682,0.935
24.200977521,0.2687,0.8837,0.0787,0.927
24.203067406,0.2607,0.8683,0.1021,0.912
24.204761483,0.2521,0.8519,0.1234,0.897
24.207036098,0.2477,0.8431,0.1358,0.889
24.209037098,0.2377,0.8280,0.1581,0.876
24.212033175,0.2265,0.8214,0.1744,0.870
24.213632675,0.2216,0.8065,0.1842,0.856
24.214975944,0.2121,0.7933,0.1998,0.845
24.217137021,0.2074,0.7872,0.2067,0.840
24.218631444,0.1996,0.7762,0.2177,0.830
24.220613406,0.1869,0.7647,0.2226,0.818
24.222673214,0.1825,0.7598,0.2240,0.813
24.224497675,0.1717,0.7527,0.2260,0.804
24.237074367,0.1595,0.7461,0.2238,0.795
24.238754637,0.1539,0.7429,0.2206,0.790
24.23980579,0.1422,0.7371,0.2133,0.780
24.241008406,0.1375,0.7346,0.2079,0.776
24.242227637,0.1268,0.7302,0.1969,0.767
24.243437675,0.1182,0.7234,0.1837,0.756
24.244660098,0.1153,0.7205,0.1757,0.750
24.246021367,0.1112,0.7163,0.1581,0.742
24.247045021,0.1070,0.7139,0.1407,0.735
24.247972829,0.1053,0.7124,0.1327,0.732
24.248927483,0.1024,0.7090,0.1173,0.726
24.250255367,0.1036,0.7068,0.1102,0.723
24.25131729,0.1053,0.7041,0.0967,0.718
24.252533906,0.1073,0.7024,0.0860,0.716
24.263609598,0.1092,0.7012,0.0799,0.714
24.265174752,0.1156,0.6985,0.0696,0.711
24.266306406,0.1214,0.6963,0.0613,0.709
24.267184829,0.1258,0.6965,0.0574,0.710
24.268388521,0.1349,0.6965,0.0518,0.711
24.269367598,0.1373,0.6970,0.0508,0.712
24.270575983,0.1449,0.6963,0.0474,0.713
24.271639752,0.1527,0.6977,0.0447,0.716
24.272741098,0.1566,0.6990,0.0447,0.718
24.273918175,0.1630,0.7016,0.0479,0.722
24.27471729,0.1700,0.7078,0.0513,0.730
24.275917906,0.1744,0.7104,0.0540,0.734
24.27899756,0.1815,0.7163,0.0572,0.741
24.280394867,0.1859,0.7207,0.0599,0.747
24.285730598,0.1918,0.7271,0.0672,0.755
24.286571752,0.2001,0.7354,0.0752,0.766
24.287329637,0.2033,0.7400,0.0789,0.771
24.288421752,0.2106,0.7483,0.0877,0.782
24.289941598,0.2184,0.7588,0.0965,0.795
24.291869867,0.2209,0.7649,0.1011,0.803
24.295433098,0.2262,0.7757,0.1109,0.816
24.296900175,0.2343,0.7876,0.1219,0.831
24.298245598,0.2392,0.7947,0.1268,0.840
24.299599098,0.2463,0.8074,0.1356,0.855
24.301501444,0.2499,0.8128,0.1402,0.862
24.30360956,0.2573,0.8240,0.1520,0.877
24.305583444,0.2631,0.8380,0.1600,0.893
24.307520521,0.2646,0.8455,0.1649,0.901
24.31016206,0.2700,0.8592,0.1708,0.917
24.311960406,0.2746,0.8658,0.1739,0.925
24.313563252,0.2768,0.8805,0.1818,0.941
24.316518021,0.2817,0.8959,0.1869,0.958
24.318701714,0.2841,0.9030,0.1893,0.965
24.320431483,0.2873,0.9171,0.1930,0.980
24.322010752,0.2929,0.9315,0.1976,0.996
24.323554367,0.2951,0.9374,0.1994,1.003
24.325234521,0.2963,0.9501,0.2006,1.015
24.328112021,0.2963,0.9565,0.2011,1.021
24.335553713,0.2971,0.9670,0.2016,1.031
24.336095329,0.2990,0.9799,0.1994,1.044
24.336340444,0.2990,0.9858,0.1974,1.049
24.336569483,0.2954,0.9951,0.1942,1.056
24.336799021,0.2915,1.0026,0.1913,1.062
24.339115944,0.2893,1.0058,0.1891,1.064
24.341034713,0.2861,1.0126,0.1808,1.068
24.342801406,0.2834,1.0156,0.1764,1.069
24.357174367,0.2778,1.0170,0.1705,1.068
24.357811175,0.2744,1.0197,0.1644,1.069
24.358050906,0.2712,1.0210,0.1610,1.069
24.35828206,0.2658,1.0241,0.1524,1.069
24.358513752,0.2595,1.0236,0.1468,1.066
24.358763483,0.2565,1.0222,0.1446,1.064
24.358995983,0.2529,1.0241,0.1383,1.064
24.35922456,0.2499,1.0234,0.1353,1.062
24.36514379,0.2443,1.0195,0.1322,1.057
24.36569306,0.2394,1.0175,0.1295,1.053
24.36594329,0.2365,1.0158,0.1285,1.051
24.36661406,0.2301,1.0114,0.1263,1.045
24.368455521,0.2243,1.0095,0.1263,1.042
24.370605829,0.2209,1.0073,0.1270,1.039
24.37249429,0.2138,1.0007,0.1300,1.031
24.374358867,0.2108,0.9980,0.1307,1.028
24.376203637,0.2040,0.9912,0.1334,1.021
24.378921983,0.1972,0.9865,0.1363,1.015
24.380987021,0.1950,0.9828,0.1390,1.012
24.382310021,0.1928,0.9777,0.1446,1.007
24.384310137,0.1888,0.9709,0.1490,1.000
24.386241213,0.1869,0.9677,0.1512,0.997
24.387998521,0.1835,0.9628,0.1573,0.993
24.390068867,0.1823,0.9604,0.1600,0.991
24.391969829,0.1788,0.9545,0.1649,0.985
24.395443944,0.1771,0.9482,0.1708,0.980
24.39665679,0.1759,0.9447,0.1737,0.977
24.399143098,0.1764,0.9389,0.1769,0.972
24.400120906,0.1761,0.9354,0.1788,0.969
24.401919675,0.1766,0.9301,0.1837,0.964
24.403876021,0.1769,0.9237,0.1874,0.959
24.40588506,0.1766,0.9191,0.1893,0.955
24.407926137,0.1793,0.9135,0.1942,0.951
24.409862252,0.1808,0.9078,0.1979,0.947
24.413421098,0.1808,0.9044,0.1994,0.944
24.414848021,0.1830,0.8998,0.2020,0.940
24.415938906,0.1847,0.8966,0.2006,0.937
24.418944829,0.1867,0.8922,0.1976,0.933
24.420100098,0.1869,0.8878,0.1945,0.928
24.421520213,0.1876,0.8863,0.1915,0.926
24.423633098,0.1903,0.8812,0.1825,0.920
24.425433175,0.1923,0.8805,0.1754,0.918
24.435922406,0.1923,0.8778,0.1705,0.915
24.437491906,0.1918,0.8763,0.1598,0.911
24.438389867,0.1930,0.8753,0.1537,0.909
24.439478329,0.1967,0.8756,0.1417,0.909
24.440464483,0.1994,0.8790,0.1309,0.911
24.44160756,0.2013,0.8807,0.1244,0.912
24.442515906,0.2052,0.8859,0.1102,0.916
24.443732213,0.2072,0.8881,0.1041,0.918
24.444992713,0.2099,0.8946,0.0914,0.923
24.446488483,0.2155,0.9005,0.0821,0.930
24.44763779,0.2182,0.9042,0.0772,0.933
24.469938444,0.2218,0.9142,0.0718,0.943
24.47059556,0.2287,0.9259,0.0694,0.956
24.470867175,0.2309,0.9318,0.0684,0.962
24.471097521,0.2358,0.9428,0.0687,0.974
24.471330521,0.2367,0.9484,0.0701,0.980
24.471559252,0.2404,0.9613,0.0745,0.994
24.471799329,0.2458,0.9743,0.0792,1.008
24.472022829,0.2475,0.9806,0.0814,1.015
24.472247752,0.2516,0.9938,0.0928,1.029
24.472474829,0.2558,1.0061,0.1036,1.043
24.472701483,0.2585,1.0114,0.1099,1.050
24.47292406,0.2617,1.0214,0.1241,1.062
24.473160598,0.2631,1.0276,0.1312,1.069
24.474575021,0.2695,1.0395,0.1478,1.084
24.476440483,0.2731,1.0512,0.1659,1.099
24.478959867,0.2753,1.0571,0.1752,1.106
24.480928175,0.2805,1.0681,0.1942,1.121
24.482422906,0.2866,1.0776,0.2116,1.135
24.484370521,0.2888,1.0828,0.2221,1.142
24.486400944,0.2949,1.0918,0.2424,1.157
24.488332252,0.2988,1.0942,0.2521,1.162
24.490509752,0.3007,1.1013,0.2697,1.173
24.493589752,0.3029,1.1087,0.2844,1.184
24.495378713,0.3037,1.1111,0.2905,1.188
24.496334021,0.3066,1.1165,0.3007,1.196
24.498293829,0.3051,1.1182,0.3068,1.199
24.500008598,0.3044,1.1248,0.3076,1.205
24.502138829,0.3034,1.1297,0.3076,1.209
24.503990367,0.3027,1.1324,0.3061,1.211
24.506012906,0.2988,1.1358,0.2993,1.212
24.507929252,0.2944,1.1392,0.2900,1.212
24.509994944,0.2915,1.1407,0.2851,1.211
24.512097213,0.2880,1.1436,0.2707,1.210
24.51403056,0.2866,1.1456,0.2617,1.209
24.515621713,0.2832,1.1492,0.2436,1.208
24.517851136,0.2788,1.1521,0.2240,1.206
24.519835213,0.2756,1.1529,0.2143,1.205
24.521767867,0.2729,1.1539,0.1954,1.202
24.523586252,0.2690,1.1543,0.1761,1.198
24.525669213,0.2680,1.1551,0.1671,1.197
24.532261906,0.2678,1.1541,0.1507,1.194
24.533160636,0.2682,1.1548,0.1422,1.194
24.533651713,0.2687,1.1546,0.1270,1.192
24.534064598,0.2717,1.1553,0.1112,1.192
24.536105675,0.2717,1.1561,0.1041,1.192
24.537114367,0.2775,1.1590,0.0897,1.195
24.53901556,0.2805,1.1602,0.0836,1.197
24.541053367,0.2880,1.1649,0.0696,1.202
24.543098406,0.2976,1.1695,0.0589,1.208
24.555826444,0.3049,1.1727,0.0545,1.213
24.556478559,0.3183,1.1815,0.0508,1.225
24.556764059,0.3374,1.1915,0.0486,1.239
24.557044944,0.3464,1.1971,0.0496,1.247
24.557407098,0.3621,1.2081,0.0555,1.262
24.557698136,0.3694,1.2142,0.0603,1.271
24.55793779,0.3848,1.2272,0.0728,1.288
24.558990944,0.4014,1.2381,0.0926,1.305
24.564172636,0.4082,1.2433,0.1033,1.313
24.564784252,0.4222,1.2508,0.1278,1.326
24.565032713,0.4395,1.2579,0.1544,1.341
24.566746713,0.4466,1.2601,0.1673,1.347
24.568657175,0.4610,1.2621,0.1957,1.358
24.570710675,0.4686,1.2628,0.2091,1.363
24.572704944,0.4810,1.2604,0.2333,1.369
24.574741213,0.4908,1.2557,0.2546,1.372
24.576656636,0.4945,1.2526,0.2617,1.372
24.578944867,0.5025,1.2455,0.2707,1.370
24.580604136,0.5101,1.2384,0.2748,1.367
24.582757983,0.5126,1.2333,0.2741,1.363
24.584552213,0.5121,1.2232,0.2660,1.353
24.586700521,0.5096,1.2176,0.2602,1.345
24.588802136,0.5077,1.2115,0.2441,1.336
24.590829252,0.4986,1.2069,0.2238,1.325
24.592484175,0.4933,1.2047,0.2116,1.319
24.59529129,0.4830,1.2015,0.1901,1.309
24.598008136,0.4678,1.1986,0.1681,1.298
24.599061175,0.4593,1.1983,0.1576,1.293
24.600504944,0.4420,1.1971,0.1378,1.283
24.602632021,0.4327,1.1944,0.1305,1.277
24.60457329,0.4168,1.1898,0.1134,1.266
24.606665367,0.3985,1.1834,0.0992,1.253
24.608305175,0.3875,1.1807,0.0933,1.246
24.610950406,0.3682,1.1729,0.0838,1.232
24.613466906,0.3503,1.1602,0.0774,1.214
24.614794252,0.3420,1.1529,0.0750,1.205
24.616374021,0.3276,1.1377,0.0713,1.186
24.61835079,0.3208,1.1280,0.0713,1.175
24.620349059,0.3100,1.1094,0.0704,1.154
24.622305983,0.3027,1.0899,0.0694,1.133
24.624232444,0.2995,1.0796,0.0701,1.123
24.626221521,0.2937,1.0583,0.0696,1.101
24.637664213,0.2900,1.0363,0.0679,1.078
24.639187136,0.2868,1.0263,0.0674,1.068
24.640193829,0.2822,1.0065,0.0660,1.047
24.64113629,0.2810,0.9953,0.0638,1.036
24.642205829,0.2780,0.9736,0.0591,1.014
24.643174021,0.2741,0.9533,0.0515,0.993
24.644417098,0.2722,0.9428,0.0481,0.982
24.645682329,0.2700,0.9242,0.0420,0.964
24.646827829,0.2660,0.9076,0.0357,0.946
24.647625406,0.2663,0.8995,0.0322,0.939
24.648694482,0.2639,0.8812,0.0261,0.920
24.649817675,0.2629,0.8727,0.0227,0.912
24.660100329,0.2609,0.8556,0.0156,0.895
24.660560521,0.2597,0.8402,0.0083,0.879
24.660808136,0.2595,0.8324,0.0049,0.872
24.661041598,0.2587,0.8177,0.0005,0.858
24.661321329,0.2626,0.8043,-0.0044,0.846
24.664276136,0.2639,0.7972,-0.0066,0.840
24.664527252,0.2670,0.7854,-0.0105,0.830
24.66537329,0.2687,0.7796,-0.0110,0.825
24.667537636,0.2717,0.7681,-0.0139,0.815
24.669220059,0.2753,0.7566,-0.0159,0.805
24.671372021,0.2792,0.7515,-0.0161,0.802
24.673252752,0.2868,0.7429,-0.0178,0.797
24.675497982,0.2932,0.7329,-0.0200,0.790
24.677449406,0.2971,0.7293,-0.0205,0.788
24.679935559,0.3010,0.7214,-0.0200,0.782
24.681690482,0.3042,0.7192,-0.0191,0.781
24.683347367,0.3110,0.7136,-0.0169,0.779
24.685458136,0.3161,0.7104,-0.0173,0.778
24.687205713,0.3186,0.7087,-0.0173,0.777
24.689379867,0.3227,0.7073,-0.0171,0.778
24.691394752,0.3279,0.7038,-0.0173,0.777
24.693203598,0.3296,0.7026,-0.0161,0.776
24.695904252,0.3335,0.7024,-0.0132,0.778
24.697349252,0.3352,0.7029,-0.0120,0.779
24.699193329,0.3362,0.7036,-0.0110,0.780
24.701171752,0.3384,0.7073,-0.0088,0.784
24.703121406,0.3396,0.7082,-0.0073,0.785
24.704965367,0.3411,0.7131,-0.0056,0.791
24.707130175,0.3433,0.7183,-0.0032,0.796
24.708974021,0.3454,0.7219,-0.0005,0.800
24.711022213,0.3457,0.7268,0.0020,0.805
24.713647482,0.3486,0.7317,0.0044,0.811
24.715041752,0.3496,0.7398,0.0105,0.818
24.716893675,0.3506,0.7505,0.0127,0.828
24.718695098,0.3508,0.7559,0.0156,0.833
24.720592482,0.3530,0.7681,0.0237,0.846
24.722633713,0.3523,0.7798,0.0298,0.856
24.724638406,0.3518,0.7869,0.0315,0.863
24.726766521,0.3530,0.8021,0.0359,0.877
24.735901944,0.3535,0.8111,0.0379,0.886
24.737389098,0.3550,0.8265,0.0428,0.901
24.738330982,0.3552,0.8416,0.0511,0.915
24.739261944,0.3542,0.8509,0.0550,0.923
24.740194829,0.3511,0.8663,0.0606,0.937
24.741174175,0.3501,0.8837,0.0667,0.953
24.742083752,0.3489,0.8917,0.0704,0.960
24.74297779,0.3467,0.9076,0.0777,0.975
24.768850059,0.3442,0.9149,0.0806,0.981
24.770451252,0.3406,0.9308,0.0884,0.995
24.771301098,0.3371,0.9450,0.0948,1.008
24.772337713,0.3357,0.9511,0.0970,1.013
24.773360098,0.3335,0.9618,0.0975,1.023
24.774483905,0.3291,0.9733,0.1016,1.032
24.77569029,0.3271,0.9792,0.1021,1.037
24.776627636,0.3225,0.9872,0.1009,1.043
24.777519444,0.3198,0.9914,0.0987,1.046
24.778713559,0.3142,0.9980,0.0945,1.051
24.779734867,0.3095,1.0031,0.0882,1.053
24.780862982,0.3071,1.0058,0.0865,1.055
24.781930021,0.3022,1.0102,0.0801,1.057
24.78268929,0.2951,1.0129,0.0704,1.057
24.783290136,0.2919,1.0139,0.0655,1.057
24.784208405,0.2880,1.0146,0.0559,1.056
24.784883521,0.2819,1.0146,0.0530,1.054
24.785834175,0.2792,1.0114,0.0459,1.050
24.78666179,0.2739,1.0078,0.0386,1.045
24.787366867,0.2722,1.0058,0.0344,1.043
24.788319405,0.2687,1.0007,0.0315,1.037
24.789017752,0.2653,0.9953,0.0242,1.030
24.790031598,0.2639,0.9933,0.0213,1.028
24.790800329,0.2609,0.9877,0.0186,1.022
24.793148021,0.2595,0.9853,0.0169,1.019
24.794725405,0.2585,0.9782,0.0134,1.012
24.803996252,0.2551,0.9699,0.0103,1.003
24.805583405,0.2524,0.9665,0.0093,0.999
24.806702752,0.2475,0.9589,0.0073,0.990
24.807838136,0.2448,0.9508,0.0044,0.982
24.808656829,0.2433,0.9462,0.0027,0.977
24.809802021,0.2394,0.9394,-0.0012,0.969
24.810565636,0.2362,0.9359,-0.0046,0.965
24.811800713,0.2323,0.9262,-0.0107,0.955
24.812826482,0.2340,0.9154,-0.0164,0.945
24.822062598,0.2345,0.9098,-0.0195,0.940
24.822658598,0.2394,0.8973,-0.0235,0.929
24.822911905,0.2426,0.8851,-0.0276,0.918
24.823146598,0.2431,0.8788,-0.0264,0.912
24.823400521,0.2441,0.8668,-0.0198,0.901
24.823633367,0.2450,0.8617,-0.0147,0.896
24.825230905,0.2465,0.8524,-0.0042,0.887
24.827134521,0.2489,0.8409,0.0105,0.877
24.843369329,0.2492,0.8358,0.0195,0.872
24.844629213,0.2514,0.8258,0.0359,0.864
24.845846136,0.2519,0.8155,0.0486,0.855
24.846859752,0.2531,0.8096,0.0547,0.850
24.847999559,0.2553,0.7986,0.0665,0.841
24.849118905,0.2555,0.7945,0.0728,0.838
24.850227175,0.2590,0.7845,0.0801,0.830
24.851324982,0.2602,0.7762,0.0828,0.823
24.852123521,0.2597,0.7723,0.0821,0.819
24.853078252,0.2604,0.7639,0.0836,0.811
24.853998905,0.2602,0.7573,0.0838,0.805
24.855110636,0.2604,0.7547,0.0855,0.803
24.855868982,0.2575,0.7508,0.0855,0.798
24.856674482,0.2560,0.7488,0.0848,0.796
24.857540059,0.2538,0.7449,0.0804,0.791
24.858960559,0.2489,0.7464,0.0740,0.790
24.860680213,0.2472,0.7461,0.0694,0.789
24.863671521,0.2465,0.7478,0.0594,0.790
24.865222021,0.2424,0.7488,0.0501,0.789
24.866613021,0.2411,0.7488,0.0464,0.788
24.868960944,0.2360,0.7530,0.0379,0.790
24.870531136,0.2318,0.7527,0.0305,0.788
24.872562213,0.2294,0.7539,0.0276,0.789
24.874556521,0.2248,0.7561,0.0247,0.789
24.876381752,0.2235,0.7571,0.0237,0.790
24.879764905,0.2218,0.7588,0.0213,0.791
24.881224213,0.2211,0.7593,0.0232,0.791
24.882441482,0.2216,0.7598,0.0252,0.792
24.884340636,0.2211,0.7642,0.0291,0.796
24.886272982,0.2177,0.7644,0.0359,0.796
24.888283521,0.2167,0.7654,0.0393,0.796
24.890476521,0.2187,0.7688,0.0484,0.801
24.892233675,0.2177,0.7713,0.0523,0.803
24.894175328,0.2177,0.7742,0.0584,0.806
24.897009175,0.2155,0.7774,0.0667,0.809
24.900061367,0.2155,0.7801,0.0723,0.813
24.901211213,0.2172,0.7832,0.0777,0.817
24.902344136,0.2157,0.7891,0.0853,0.822
24.904316405,0.2165,0.7908,0.0882,0.825
24.906208252,0.2182,0.7947,0.0923,0.829
24.908034944,0.2191,0.7981,0.0943,0.833
24.910153559,0.2226,0.8062,0.0965,0.842
24.913247828,0.2233,0.8135,0.0985,0.849
24.915066636,0.2238,0.8177,0.0985,0.853
24.916376367,0.2257,0.8267,0.0975,0.863
24.918056521,0.2292,0.8316,0.0965,0.868
24.920008944,0.2311,0.8419,0.0960,0.878
24.92212479,0.2326,0.8497,0.0967,0.886
24.923941521,0.2343,0.8543,0.0950,0.891
24.925964405,0.2375,0.8639,0.0936,0.901
24.927942405,0.2406,0.8727,0.0931,0.910
24.938083752,0.2428,0.8771,0.0943,0.915
24.939642944,0.2446,0.8863,0.0941,0.924
24.94061379,0.2443,0.8949,0.0953,0.933
24.941812598,0.2465,0.8983,0.0963,0.936
24.942924482,0.2516,0.9054,0.0985,0.945
24.944056444,0.2551,0.9093,0.0994,0.950
24.945086982,0.2575,0.9164,0.1038,0.958
24.946242059,0.2629,0.9218,0.1065,0.964
24.947390905,0.2648,0.9245,0.1082,0.968
24.948518944,0.2678,0.9296,0.1121,0.974
24.949933021,0.2712,0.9342,0.1175,0.980
24.960011675,0.2741,0.9354,0.1187,0.982
24.961662752,0.2792,0.9379,0.1214,0.986
24.962688328,0.2819,0.9389,0.1226,0.988
24.963893405,0.2871,0.9372,0.1273,0.988
24.964912021,0.2941,0.9372,0.1314,0.991
24.966211675,0.2956,0.9379,0.1319,0.992
24.967420521,0.2985,0.9391,0.1344,0.995
24.968265482,0.3007,0.9384,0.1363,0.995
24.968993213,0.3032,0.9372,0.1375,0.995
24.970000059,0.3059,0.9367,0.1402,0.995
24.972398982,0.3073,0.9340,0.1417,0.993
24.973965751,0.3088,0.9315,0.1434,0.992
24.975284982,0.3090,0.9296,0.1451,0.990
24.977136251,0.3093,0.9286,0.1456,0.990
24.982215444,0.3088,0.9249,0.1456,0.986
24.983845713,0.3081,0.9235,0.1451,0.984
24.985159828,0.3078,0.9208,0.1446,0.982
24.990197213,0.3056,0.9183,0.1429,0.978
24.991367559,0.3046,0.9169,0.1417,0.977
24.992370982,0.3020,0.9120,0.1388,0.971
24.99348929,0.3005,0.9093,0.1351,0.967
24.994442444,0.2993,0.9069,0.1341,0.964
24.995850675,0.2934,0.9059,0.1322,0.961
24.997112559,0.2875,0.9056,0.1295,0.959
25.000060675,0.2846,0.9027,0.1241,0.955
25.001713021,0.2795,0.9017,0.1180,0.951
25.00416029,0.2773,0.9020,0.1153,0.951
25.005400175,0.2714,0.9017,0.1124,0.948
25.006546867,0.2690,0.9000,0.1082,0.946
25.008414559,0.2668,0.8983,0.1073,0.943
25.010270828,0.2597,0.8986,0.1065,0.941
25.01370429,0.2573,0.8990,0.1043,0.941
25.017247751,0.2531,0.8995,0.1026,0.940
25.018561213,0.2502,0.8978,0.1011,0.937
25.019600751,0.2487,0.8986,0.1004,0.938
25.020639828,0.2453,0.8983,0.1007,0.937
25.022374482,0.2421,0.8981,0.0997,0.935
25.024352828,0.2416,0.8981,0.0992,0.935
25.026278675,0.2409,0.8986,0.0999,0.936
25.028312521,0.2411,0.9000,0.1016,0.937
25.038255828,0.2433,0.9005,0.1046,0.939
25.038897521,0.2428,0.9010,0.1051,0.939
25.039156175,0.2426,0.9017,0.1070,0.940
25.039396367,0.2438,0.9010,0.1114,0.940
25.039630021,0.2441,0.9015,0.1136,0.941
25.039847328,0.2443,0.9022,0.1148,0.942
25.042013482,0.2465,0.9037,0.1180,0.944
25.043697175,0.2470,0.9049,0.1185,0.945
25.06276329,0.2460,0.9069,0.1204,0.947
25.064596136,0.2463,0.9105,0.1222,0.951
25.066253136,0.2485,0.9130,0.1229,0.954
25.067555021,0.2470,0.9154,0.1226,0.956
25.068979444,0.2494,0.9171,0.1202,0.958
25.070361867,0.2507,0.9213,0.1185,0.962
25.071762751,0.2509,0.9279,0.1168,0.968
25.072773598,0.2514,0.9311,0.1170,0.971
25.074079405,0.2519,0.9347,0.1146,0.975
25.074826367,0.2514,0.9401,0.1090,0.979
25.075894482,0.2521,0.9435,0.1065,0.982
25.076744751,0.2551,0.9518,0.1011,0.991
25.078340521,0.2543,0.9565,0.0972,0.994
25.079753174,0.2558,0.9638,0.0950,1.002
25.080846982,0.2604,0.9728,0.0906,1.011
25.082307867,0.2631,0.9784,0.0894,1.017
25.083445867,0.2673,0.9875,0.0904,1.027
25.084525328,0.2704,0.9970,0.0943,1.037
25.085881905,0.2726,1.0014,0.0972,1.042
25.086190559,0.2756,1.0105,0.1019,1.052
25.086444213,0.2783,1.0197,0.1077,1.062
25.087892136,0.2795,1.0249,0.1114,1.068
25.089070328,0.2836,1.0363,0.1195,1.081
25.091675136,0.2853,1.0403,0.1251,1.086
25.093068482,0.2878,1.0495,0.1327,1.096
25.095612598,0.2922,1.0588,0.1410,1.107
25.097248136,0.2937,1.0615,0.1429,1.111
25.099373367,0.3007,1.0659,0.1466,1.117
25.100862559,0.3059,1.0730,0.1512,1.126
25.103341213,0.3083,1.0752,0.1520,1.129
25.104891944,0.3139,1.0806,0.1515,1.135
25.107065444,0.3174,1.0833,0.1505,1.139
25.109114751,0.3235,1.0881,0.1488,1.145
25.111324982,0.3291,1.0930,0.1476,1.151
25.113629751,0.3315,1.0947,0.1468,1.153
25.11583679,0.3369,1.0974,0.1463,1.157
25.11704979,0.3415,1.1011,0.1454,1.162
25.118914021,0.3454,1.1028,0.1449,1.165
25.120715867,0.3530,1.1045,0.1478,1.169
25.122979405,0.3557,1.1048,0.1505,1.170
25.124950213,0.3591,1.1065,0.1571,1.174
25.126735982,0.3643,1.1082,0.1656,1.178
25.130478982,0.3650,1.1067,0.1705,1.178
25.131411636,0.3655,1.1052,0.1801,1.178
25.13294979,0.3650,1.1043,0.1867,1.178
25.13469279,0.3640,1.1035,0.1913,1.178
25.136561751,0.3596,1.1048,0.1991,1.179
25.138594713,0.3589,1.1050,0.2030,1.179
25.140493098,0.3562,1.1062,0.2091,1.181
25.142834905,0.3538,1.1072,0.2103,1.181
25.144348251,0.3508,1.1089,0.2103,1.182
25.150451444,0.3437,1.1143,0.2084,1.185
25.151188098,0.3308,1.1179,0.2067,1.184
25.151491136,0.3254,1.1250,0.2008,1.188
25.152252405,0.3142,1.1338,0.1923,1.192
25.154280944,0.3078,1.1407,0.1867,1.196
25.156046944,0.2959,1.1573,0.1725,1.207
25.158375059,0.2834,1.1739,0.1568,1.218
25.160053367,0.2792,1.1815,0.1490,1.223
25.162082482,0.2756,1.1998,0.1327,1.238
25.17671929,0.2756,1.2096,0.1251,1.247
25.177548867,0.2790,1.2289,0.1102,1.265
25.177868482,0.2817,1.2462,0.0987,1.281
25.17815279,0.2824,1.2550,0.0936,1.290
25.178424405,0.2863,1.2745,0.0855,1.309
25.178722482,0.2890,1.2921,0.0821,1.327
25.178973521,0.2905,1.3000,0.0818,1.335
25.179267636,0.2954,1.3156,0.0845,1.351
25.186531021,0.2993,1.3227,0.0872,1.359
25.187225597,0.3061,1.3373,0.0936,1.375
25.187531405,0.3130,1.3473,0.1058,1.387
25.187774097,0.3166,1.3520,0.1121,1.393
25.188027405,0.3240,1.3586,0.1256,1.402
25.189726136,0.3332,1.3618,0.1388,1.409
25.191558559,0.3376,1.3654,0.1468,1.414
25.19365029,0.3496,1.3657,0.1600,1.419
25.195598944,0.3557,1.3640,0.1664,1.419
25.198893174,0.3650,1.3593,0.1796,1.419
25.199999597,0.3723,1.3505,0.1881,1.413
25.201758174,0.3740,1.3452,0.1920,1.409
25.203387328,0.3765,1.3327,0.1976,1.399
25.205375944,0.3738,1.3259,0.2001,1.392
25.20764329,0.3721,1.3100,0.1996,1.376
25.209020674,0.3672,1.2899,0.1937,1.355
25.211666944,0.3633,1.2804,0.1903,1.344
25.215188521,0.3555,1.2611,0.1810,1.323
25.216729444,0.3472,1.2413,0.1683,1.300
25.217104713,0.3430,1.2313,0.1615,1.288
25.219139367,0.3359,1.2105,0.1437,1.264
25.221411559,0.3330,1.2010,0.1351,1.254
25.223191521,0.3276,1.1827,0.1165,1.233
25.224902982,0.3220,1.1651,0.0992,1.213
25.226924597,0.3193,1.1568,0.0892,1.203
25.231506905,0.3117,1.1399,0.0716,1.184
25.232377251,0.3064,1.1211,0.0559,1.164
25.232856328,0.3032,1.1118,0.0486,1.153
25.235232982,0.2968,1.0923,0.0352,1.132
25.236956674,0.2910,1.0818,0.0300,1.121
25.238589059,0.2890,1.0635,0.0173,1.102
25.240468828,0.2817,1.0449,0.0049,1.082
25.243237136,0.2780,1.0361,-0.0007,1.073
25.244754559,0.2714,1.0158,-0.0105,1.052
25.251473905,0.2673,0.9977,-0.0210,1.033
25.252352713,0.2648,0.9877,-0.0247,1.023
25.252819944,0.2609,0.9692,-0.0337,1.004
25.253234328,0.2568,0.9601,-0.0410,0.995
25.254576059,0.2546,0.9425,-0.0515,0.978
25.256446174,0.2509,0.9227,-0.0628,0.958
25.258943867,0.2482,0.9144,-0.0684,0.950
25.261011905,0.2441,0.9008,-0.0794,0.937
25.279776636,0.2409,0.8854,-0.0892,0.922
25.280786482,0.2384,0.8773,-0.0936,0.914
25.281204713,0.2318,0.8607,-0.1026,0.897
25.281703405,0.2270,0.8524,-0.1131,0.889
25.282132213,0.2235,0.8380,-0.1185,0.875
25.283066328,0.2167,0.8258,-0.1273,0.863
25.283511636,0.2138,0.8196,-0.1317,0.857
25.283939174,0.2074,0.8072,-0.1368,0.845
25.28430829,0.2006,0.7955,-0.1441,0.833
25.284681213,0.1984,0.7898,-0.1473,0.828
25.285067136,0.1910,0.7808,-0.1512,0.818
25.287401213,0.1835,0.7766,-0.1546,0.813
25.287987713,0.1801,0.7691,-0.1561,0.805
25.288403097,0.1730,0.7627,-0.1595,0.798
25.290507751,0.1683,0.7595,-0.1615,0.795
25.292026405,0.1590,0.7542,-0.1634,0.788
25.294763367,0.1480,0.7493,-0.1615,0.781
25.298656328,0.1446,0.7481,-0.1610,0.779
25.29946679,0.1385,0.7481,-0.1608,0.778
25.299904713,0.1334,0.7481,-0.1593,0.776
25.301833751,0.1268,0.7481,-0.1556,0.775
25.303779905,0.1195,0.7493,-0.1490,0.773
25.305926674,0.1163,0.7500,-0.1461,0.773
25.307552328,0.1107,0.7527,-0.1371,0.773
25.30961752,0.1058,0.7544,-0.1261,0.772
25.311398674,0.1026,0.7571,-0.1207,0.774
25.313750213,0.0972,0.7610,-0.1116,0.775
25.31551702,0.0948,0.7632,-0.1063,0.776
25.317541328,0.0926,0.7710,-0.0945,0.782
25.319369213,0.0906,0.7788,-0.0858,0.789
25.321337482,0.0889,0.7837,-0.0811,0.793
25.32377652,0.0880,0.7923,-0.0694,0.800
25.325598444,0.0880,0.8013,-0.0616,0.808
25.327446713,0.0880,0.8060,-0.0579,0.813
25.330532059,0.0889,0.8177,-0.0498,0.824
25.331222405,0.0897,0.8228,-0.0467,0.829
25.33302129,0.0919,0.8350,-0.0418,0.841
25.335089213,0.0965,0.8487,-0.0352,0.855
25.337087405,0.0997,0.8553,-0.0340,0.862
25.339260713,0.1043,0.8661,-0.0322,0.873
25.341308136,0.1082,0.8807,-0.0310,0.888
25.343103367,0.1126,0.8871,-0.0320,0.895
25.345418982,0.1222,0.9010,-0.0330,0.910
25.354758674,0.1261,0.9083,-0.0332,0.918
25.355811097,0.1351,0.9230,-0.0362,0.934
25.356483251,0.1454,0.9347,-0.0376,0.947
25.357108251,0.1515,0.9406,-0.0386,0.953
25.357848174,0.1610,0.9535,-0.0423,0.968
25.360055982,0.1683,0.9672,-0.0442,0.983
25.360828636,0.1739,0.9731,-0.0457,0.990
25.361630405,0.1845,0.9836,-0.0484,1.002
25.374772597,0.1903,0.9885,-0.0491,1.008
25.37598402,0.2008,0.9977,-0.0508,1.019
25.37699002,0.2130,1.0056,-0.0476,1.029
25.377884367,0.2182,1.0090,-0.0469,1.033
25.378881982,0.2306,1.0156,-0.0445,1.042
25.379878713,0.2392,1.0192,-0.0440,1.048
25.380928367,0.2436,1.0214,-0.0428,1.051
25.382064328,0.2514,1.0241,-0.0379,1.055
25.383079597,0.2617,1.0261,-0.0369,1.060
25.38387602,0.2660,1.0268,-0.0320,1.061
25.384766905,0.2761,1.0268,-0.0298,1.064
25.385700482,0.2795,1.0258,-0.0281,1.064
25.386671905,0.2856,1.0251,-0.0235,1.064
25.389067982,0.2922,1.0229,-0.0188,1.064
25.395492905,0.2959,1.0197,-0.0166,1.062
25.396737636,0.3042,1.0126,-0.0122,1.057
25.398057597,0.3068,1.0109,-0.0073,1.057
25.399256136,0.3076,1.0095,-0.0044,1.055
25.400194713,0.3086,1.0036,0.0010,1.050
25.401124328,0.3086,0.9995,0.0032,1.046
25.403814405,0.3073,0.9924,0.0090,1.039
25.405382328,0.3059,0.9855,0.0176,1.032
25.407393097,0.3029,0.9826,0.0217,1.028
25.40867302,0.2985,0.9758,0.0271,1.021
25.410437713,0.2924,0.9694,0.0325,1.013
25.412241097,0.2897,0.9657,0.0352,1.009
25.41568879,0.2834,0.9587,0.0391,1.000
25.417523867,0.2807,0.9552,0.0410,0.996
25.418897097,0.2697,0.9486,0.0430,0.987
25.420228136,0.2592,0.9425,0.0450,0.979
25.422114367,0.2529,0.9401,0.0457,0.975
25.42394179,0.2426,0.9350,0.0469,0.967
25.425926636,0.2306,0.9325,0.0469,0.962
25.427841828,0.2243,0.9276,0.0447,0.955
25.433397982,0.2167,0.9205,0.0388,0.947
25.434009097,0.2140,0.9171,0.0349,0.942
25.434259136,0.2099,0.9093,0.0291,0.934
25.435791982,0.2062,0.9020,0.0242,0.926
25.437934367,0.2038,0.8990,0.0227,0.922
25.43967402,0.1994,0.8915,0.0200,0.914
25.44170902,0.1976,0.8876,0.0198,0.910
25.44355829,0.1925,0.8790,0.0205,0.900
25.445686751,0.1871,0.8744,0.0261,0.895
25.456710828,0.1864,0.8700,0.0300,0.890
25.457387097,0.1823,0.8619,0.0418,0.882
25.457654982,0.1803,0.8534,0.0530,0.874
25.457900597,0.1801,0.8482,0.0572,0.869
25.458132905,0.1774,0.8397,0.0655,0.861
25.458379251,0.1769,0.8355,0.0689,0.857
25.459251636,0.1754,0.8262,0.0760,0.848
25.461161367,0.1722,0.8184,0.0799,0.840
25.464732174,0.1715,0.8148,0.0809,0.837
25.465242943,0.1700,0.8067,0.0826,0.829
25.467179059,0.1671,0.8003,0.0836,0.822
25.469114367,0.1661,0.7994,0.0826,0.821
25.471197982,0.1622,0.7989,0.0779,0.819
25.47299752,0.1593,0.7977,0.0774,0.817
25.47515452,0.1588,0.7952,0.0716,0.814
25.476945482,0.1564,0.7957,0.0647,0.814
25.482179367,0.1549,0.7947,0.0606,0.812
25.482729251,0.1542,0.7955,0.0542,0.812
25.482979482,0.1527,0.7977,0.0450,0.813
25.484844136,0.1522,0.7996,0.0398,0.815
25.486848597,0.1529,0.8016,0.0305,0.817
25.488846059,0.1542,0.8025,0.0269,0.818
25.490848059,0.1551,0.8040,0.0203,0.819
25.492676867,0.1612,0.8055,0.0132,0.822
25.494911751,0.1634,0.8069,0.0105,0.823
25.497763251,0.1671,0.8082,0.0110,0.825
25.498775059,0.1727,0.8084,0.0110,0.827
25.500568251,0.1749,0.8077,0.0112,0.826
25.502655597,0.1796,0.8079,0.0129,0.828
25.504550097,0.1835,0.8096,0.0156,0.830
25.506605943,0.1859,0.8099,0.0222,0.831
25.508959405,0.1915,0.8091,0.0298,0.832
25.51057129,0.1950,0.8094,0.0330,0.833
25.514240713,0.2006,0.8116,0.0430,0.837
25.51469952,0.2062,0.8135,0.0564,0.841
25.516439559,0.2084,0.8143,0.0630,0.843
25.518771713,0.2165,0.8162,0.0752,0.848
25.520358943,0.2182,0.8179,0.0818,0.850
25.52249152,0.2238,0.8226,0.0950,0.858
25.524218866,0.2279,0.8265,0.1068,0.864
25.526264136,0.2311,0.8299,0.1131,0.869
25.528105905,0.2360,0.8355,0.1248,0.877
25.531402366,0.2414,0.8414,0.1336,0.885
25.532673559,0.2443,0.8451,0.1373,0.890
25.534848905,0.2492,0.8541,0.1439,0.901
25.537109213,0.2511,0.8582,0.1476,0.906
25.540796213,0.2541,0.8678,0.1532,0.917
25.542021713,0.2582,0.8756,0.1566,0.926
25.542866982,0.2602,0.8802,0.1588,0.932
25.544074251,0.2619,0.8907,0.1598,0.942
25.546151251,0.2626,0.8954,0.1600,0.947
25.559896443,0.2626,0.9056,0.1598,0.956
25.56188402,0.2619,0.9142,0.1578,0.964
25.563613828,0.2599,0.9186,0.1559,0.967
25.565601559,0.2585,0.9279,0.1539,0.975
25.56632329,0.2563,0.9357,0.1490,0.982
25.566755213,0.2558,0.9398,0.1466,0.985
25.567058059,0.2543,0.9469,0.1412,0.991
25.567363366,0.2507,0.9530,0.1363,0.995
25.567655213,0.2482,0.9557,0.1341,0.997
25.567965866,0.2428,0.9616,0.1290,1.000
25.568249174,0.2397,0.9638,0.1258,1.001
25.582807905,0.2345,0.9675,0.1195,1.003
25.583434405,0.2289,0.9709,0.1148,1.004
25.583680213,0.2257,0.9723,0.1126,1.005
25.583909713,0.2209,0.9750,0.1082,1.006
25.584151059,0.2179,0.9762,0.1063,1.006
25.584378328,0.2147,0.9760,0.1043,1.005
25.584608943,0.2091,0.9787,0.1009,1.006
25.584828251,0.2064,0.9789,0.1002,1.005
25.585380982,0.2011,0.9762,0.1002,1.002
25.587311866,0.1959,0.9753,0.1024,1.000
25.589360559,0.1928,0.9740,0.1021,0.998
25.591559097,0.1864,0.9731,0.1060,0.996
25.593372213,0.1796,0.9701,0.1092,0.993
25.595303905,0.1759,0.9689,0.1121,0.991
25.597919405,0.1688,0.9662,0.1178,0.988
25.59946629,0.1654,0.9645,0.1187,0.986
25.601355136,0.1578,0.9606,0.1239,0.981
25.603382943,0.1507,0.9587,0.1292,0.979
25.60514952,0.1473,0.9569,0.1300,0.977
25.607377443,0.1397,0.9530,0.1353,0.973
25.609228174,0.1329,0.9482,0.1375,0.967
25.611366213,0.1295,0.9464,0.1390,0.965
25.61464452,0.1246,0.9442,0.1419,0.963
25.615225174,0.1226,0.9425,0.1437,0.961
25.618652174,0.1175,0.9398,0.1432,0.958
25.618917213,0.1129,0.9367,0.1432,0.954
25.621108789,0.1107,0.9337,0.1417,0.951
25.623073982,0.1092,0.9286,0.1385,0.945
25.624803136,0.1080,0.9262,0.1349,0.942
25.626867597,0.1060,0.9247,0.1329,0.940
25.628887674,0.1070,0.9215,0.1273,0.936
25.631375289,0.1073,0.9201,0.1236,0.934
25.632664213,0.1092,0.9157,0.1180,0.930
25.634951482,0.1136,0.9118,0.1102,0.925
25.636773982,0.1151,0.9100,0.1058,0.923
25.638702482,0.1173,0.9066,0.0975,0.919
25.640687751,0.1202,0.9034,0.0901,0.916
25.642756059,0.1224,0.9022,0.0867,0.915
25.644672866,0.1231,0.8986,0.0804,0.911
25.646731482,0.1248,0.8966,0.0772,0.909
25.656097059,0.1285,0.8956,0.0711,0.908
25.65753052,0.1297,0.8942,0.0640,0.906
25.658414828,0.1307,0.8939,0.0621,0.906
25.659242174,0.1331,0.8925,0.0557,0.904
25.660132251,0.1341,0.8917,0.0508,0.903
25.661724636,0.1346,0.8907,0.0481,0.902
25.662777136,0.1344,0.8912,0.0420,0.902
25.664142289,0.1334,0.8915,0.0396,0.902
25.665675405,0.1339,0.8939,0.0327,0.904
25.667572789,0.1329,0.8966,0.0257,0.907
25.669236866,0.1319,0.8973,0.0235,0.907
25.670630097,0.1319,0.9005,0.0205,0.910
25.679358559,0.1322,0.9071,0.0171,0.917
25.680994213,0.1331,0.9103,0.0164,0.920
25.682364136,0.1334,0.9144,0.0154,0.924
25.683358559,0.1346,0.9181,0.0154,0.928
25.684395174,0.1385,0.9262,0.0161,0.937
25.687234328,0.1397,0.9347,0.0166,0.945
25.688440097,0.1405,0.9396,0.0191,0.950
25.689167674,0.1444,0.9491,0.0222,0.960
25.690373405,0.1471,0.9611,0.0264,0.973
25.691155097,0.1493,0.9667,0.0293,0.979
25.692092213,0.1524,0.9762,0.0374,0.989
25.69395202,0.1534,0.9824,0.0415,0.995
25.695917328,0.1551,0.9951,0.0506,1.008
25.700335174,0.1590,1.0090,0.0647,1.023
25.702005636,0.1590,1.0151,0.0733,1.030
25.70287952,0.1595,1.0283,0.0892,1.044
25.703914866,0.1617,1.0351,0.1041,1.053
25.705803597,0.1617,1.0500,0.1121,1.068
25.707664713,0.1632,1.0647,0.1275,1.085
25.70983452,0.1627,1.0720,0.1358,1.093
25.711571982,0.1647,1.0857,0.1510,1.108
25.713595097,0.1654,1.0984,0.1639,1.123
25.716491636,0.1666,1.1045,0.1708,1.130
25.718064866,0.1703,1.1172,0.1818,1.145
25.719679559,0.1700,1.1238,0.1876,1.152
25.721657674,0.1717,1.1355,0.1989,1.166
25.723521059,0.1761,1.1463,0.2045,1.178
25.725508328,0.1781,1.1509,0.2062,1.183
25.72757052,0.1803,1.1619,0.2074,1.194
25.729254366,0.1867,1.1695,0.2077,1.202
25.739069943,0.1903,1.1734,0.2064,1.207
25.739649136,0.1972,1.1807,0.2025,1.214
25.739897405,0.2003,1.1834,0.2001,1.217
25.740128597,0.2064,1.1876,0.1940,1.221
25.740362136,0.2140,1.1907,0.1915,1.225
25.741160674,0.2174,1.1910,0.1901,1.226
25.742998982,0.2240,1.1915,0.1857,1.226
25.744915251,0.2296,1.1922,0.1815,1.228
25.765908866,0.2328,1.1910,0.1810,1.227
25.767311866,0.2372,1.1883,0.1776,1.225
25.767651443,0.2402,1.1868,0.1774,1.224
25.767894905,0.2465,1.1834,0.1761,1.222
25.768135289,0.2504,1.1783,0.1732,1.217
25.768367251,0.2524,1.1761,0.1722,1.215
25.768589636,0.2592,1.1746,0.1683,1.215
25.76881502,0.2656,1.1727,0.1642,1.214
25.769049405,0.2690,1.1712,0.1608,1.212
25.769325059,0.2785,1.1722,0.1507,1.214
25.769562636,0.2871,1.1756,0.1429,1.219
25.77281652,0.2919,1.1768,0.1366,1.220
25.773057097,0.3003,1.1829,0.1219,1.227
25.773311943,0.3046,1.1856,0.1165,1.230
25.774462943,0.3142,1.1976,0.1043,1.243
25.776401597,0.3254,1.2100,0.0901,1.256
25.77874602,0.3320,1.2157,0.0840,1.263
25.781812636,0.3442,1.2320,0.0728,1.281
25.78334902,0.3557,1.2501,0.0645,1.301
25.784477905,0.3608,1.2594,0.0618,1.312
25.786553828,0.3723,1.2789,0.0599,1.333
25.788821943,0.3853,1.2880,0.0613,1.346
25.790455482,0.3914,1.3036,0.0696,1.363
25.792572405,0.4051,1.3207,0.0809,1.384
25.794531059,0.4119,1.3288,0.0894,1.394
25.796540443,0.4253,1.3410,0.1092,1.411
25.799560789,0.4393,1.3520,0.1331,1.428
25.800963943,0.4454,1.3561,0.1449,1.435
25.802421059,0.4571,1.3620,0.1676,1.446
25.804396059,0.4627,1.3640,0.1791,1.451
25.806282174,0.4696,1.3654,0.2028,1.458
25.808256136,0.4715,1.3620,0.2221,1.458
25.810365636,0.4718,1.3605,0.2299,1.458
25.812135712,0.4671,1.3559,0.2399,1.454
25.815261636,0.4576,1.3466,0.2443,1.443
25.81679102,0.4510,1.3432,0.2433,1.438
25.819342636,0.4361,1.3344,0.2340,1.423
25.820507251,0.4266,1.3290,0.2274,1.414
25.822052174,0.4036,1.3197,0.2081,1.396
25.824025636,0.3784,1.3075,0.1854,1.374
25.825923136,0.3662,1.3019,0.1722,1.363
25.827859905,0.3430,1.2907,0.1476,1.344
25.830047405,0.3232,1.2763,0.1219,1.322
25.832801712,0.3134,1.2692,0.1085,1.312
25.834260059,0.2961,1.2548,0.0821,1.292
25.835872712,0.2883,1.2457,0.0704,1.281
25.837855097,0.2756,1.2276,0.0511,1.259
25.839729135,0.2641,1.2108,0.0342,1.240
25.84169402,0.2617,1.2022,0.0254,1.231
25.843554443,0.2563,1.1839,0.0105,1.211
25.845518289,0.2499,1.1736,-0.0007,1.200
25.855825443,0.2492,1.1519,-0.0059,1.179
25.857385135,0.2502,1.1304,-0.0144,1.158
25.858610366,0.2509,1.1189,-0.0181,1.147
25.859707943,0.2546,1.0957,-0.0237,1.125
25.86068002,0.2546,1.0747,-0.0310,1.105
25.861875982,0.2546,1.0635,-0.0347,1.094
25.863034482,0.2573,1.0407,-0.0396,1.073
25.86402502,0.2587,1.0283,-0.0447,1.061
25.86579002,0.2602,1.0046,-0.0467,1.039
25.866112559,0.2621,0.9809,-0.0493,1.017
25.876442366,0.2629,0.9704,-0.0511,1.007
25.876878828,0.2648,0.9482,-0.0572,0.986
25.877134251,0.2658,0.9267,-0.0630,0.966
25.877423789,0.2663,0.9179,-0.0652,0.958
25.877653482,0.2695,0.8966,-0.0701,0.939
25.877900366,0.2709,0.8768,-0.0743,0.921
25.878964059,0.2717,0.8688,-0.0777,0.914
25.885428597,0.2753,0.8502,-0.0816,0.897
25.885834559,0.2780,0.8402,-0.0838,0.889
25.886078828,0.2824,0.8233,-0.0892,0.875
25.886911866,0.2875,0.8077,-0.0933,0.862
25.889043789,0.2895,0.7989,-0.0950,0.855
25.891094943,0.2939,0.7850,-0.0982,0.844
25.892753328,0.2988,0.7779,-0.1009,0.839
25.894725174,0.3022,0.7627,-0.1055,0.827
25.896753251,0.3110,0.7490,-0.1102,0.818
25.898842597,0.3152,0.7424,-0.1129,0.814
25.90093202,0.3252,0.7293,-0.1185,0.807
25.902684943,0.3323,0.7173,-0.1224,0.800
25.904496674,0.3352,0.7131,-0.1234,0.798
25.906553289,0.3440,0.7029,-0.1258,0.793
25.908461405,0.3476,0.6975,-0.1270,0.790
25.910642712,0.3542,0.6877,-0.1305,0.785
25.912474751,0.3618,0.6777,-0.1319,0.779
25.915223289,0.3650,0.6733,-0.1327,0.777
25.917547789,0.3709,0.6648,-0.1319,0.773
25.918619866,0.3745,0.6621,-0.1312,0.772
25.920513982,0.3743,0.6582,-0.1302,0.768
25.922636097,0.3762,0.6530,-0.1268,0.764
25.924338482,0.3762,0.6525,-0.1248,0.764
25.926374674,0.3772,0.6511,-0.1239,0.763
25.928235905,0.3765,0.6491,-0.1180,0.760
25.930605366,0.3745,0.6501,-0.1158,0.759
25.93306502,0.3704,0.6513,-0.1099,0.757
25.934421943,0.3672,0.6557,-0.1014,0.758
25.936185135,0.3638,0.6574,-0.0977,0.758
25.938313405,0.3564,0.6618,-0.0889,0.757
25.940104443,0.3528,0.6650,-0.0845,0.758
25.942193405,0.3459,0.6721,-0.0745,0.760
25.944074443,0.3364,0.6816,-0.0643,0.763
25.946353751,0.3325,0.6853,-0.0586,0.764
25.956168635,0.3240,0.6946,-0.0467,0.768
25.957704982,0.3164,0.6992,-0.0359,0.768
25.958650443,0.3127,0.7102,-0.0300,0.777
25.959766097,0.3071,0.7219,-0.0186,0.785
25.960731789,0.3059,0.7283,-0.0137,0.790
25.961892905,0.3007,0.7449,-0.0022,0.803
25.96301402,0.2973,0.7603,0.0098,0.816
25.964300212,0.2959,0.7691,0.0154,0.824
25.965418635,0.2932,0.7867,0.0257,0.840
25.966416289,0.2910,0.7959,0.0300,0.848
25.979027905,0.2910,0.8131,0.0386,0.864
25.981119482,0.2885,0.8324,0.0418,0.882
25.982383982,0.2878,0.8411,0.0452,0.890
25.98361202,0.2863,0.8587,0.0493,0.907
25.984776635,0.2858,0.8766,0.0511,0.923
25.986114482,0.2851,0.8861,0.0513,0.932
25.987449866,0.2834,0.9059,0.0508,0.951
25.988636674,0.2844,0.9144,0.0469,0.959
25.989900905,0.2851,0.9308,0.0450,0.975
25.990802943,0.2853,0.9467,0.0425,0.990
25.991946251,0.2853,0.9545,0.0393,0.997
25.992674905,0.2851,0.9677,0.0288,1.009
25.993815366,0.2871,0.9787,0.0176,1.020
25.994549135,0.2875,0.9838,0.0110,1.025
25.995500251,0.2875,0.9948,-0.0007,1.036
25.997240943,0.2883,0.9982,-0.0134,1.039
26.00158202,0.2885,1.0039,-0.0210,1.045
26.003039674,0.2871,1.0102,-0.0374,1.051
26.004025751,0.2871,1.0119,-0.0442,1.053
26.005203097,0.2846,1.0139,-0.0557,1.055
26.007603135,0.2836,1.0153,-0.0711,1.057
26.009050135,0.2824,1.0170,-0.0792,1.058
26.011062328,0.2795,1.0175,-0.0923,1.059
26.012803866,0.2785,1.0161,-0.0999,1.058
26.015879097,0.2756,1.0126,-0.1099,1.055
26.01763102,0.2746,1.0092,-0.1165,1.052
26.019082443,0.2731,1.0061,-0.1195,1.049
26.020642712,0.2702,0.9987,-0.1256,1.042
26.022859482,0.2673,0.9924,-0.1300,1.036
26.024793943,0.2656,0.9899,-0.1322,1.033
26.02669502,0.2639,0.9826,-0.1329,1.026
26.028394174,0.2626,0.9789,-0.1324,1.022
26.034717635,0.2604,0.9684,-0.1275,1.011
26.035317482,0.2597,0.9591,-0.1212,1.001
26.03557602,0.2597,0.9545,-0.1165,0.996
26.040073097,0.2558,0.9455,-0.1075,0.985
26.040345212,0.2531,0.9352,-0.0950,0.973
26.040684712,0.2516,0.9298,-0.0880,0.967
26.042730366,0.2487,0.9179,-0.0748,0.954
26.044236789,0.2470,0.9125,-0.0621,0.947
26.046637212,0.2455,0.9020,-0.0557,0.936
26.058861366,0.2455,0.8903,-0.0401,0.924
26.059820981,0.2448,0.8849,-0.0305,0.919
26.060607751,0.2436,0.8722,-0.0105,0.906
26.061428481,0.2438,0.8604,0.0076,0.894
26.062094097,0.2446,0.8546,0.0176,0.889
26.062857674,0.2460,0.8424,0.0371,0.878
26.064290212,0.2465,0.8304,0.0540,0.868
26.065155058,0.2470,0.8253,0.0618,0.864
26.066100674,0.2480,0.8143,0.0792,0.855
26.067091174,0.2507,0.8082,0.0943,0.851
26.069462558,0.2516,0.7999,0.1002,0.844
26.070829674,0.2524,0.7913,0.1116,0.838
26.072086712,0.2531,0.7867,0.1170,0.835
26.074236866,0.2551,0.7776,0.1275,0.828
26.076356097,0.2570,0.7710,0.1346,0.824
26.078136712,0.2565,0.7681,0.1363,0.821
26.079965828,0.2555,0.7642,0.1368,0.817
26.083240597,0.2582,0.7617,0.1322,0.815
26.084609443,0.2597,0.7576,0.1302,0.811
26.085962135,0.2651,0.7512,0.1241,0.806
26.087869597,0.2697,0.7488,0.1209,0.805
26.090010905,0.2758,0.7446,0.1141,0.802
26.091982751,0.2797,0.7434,0.1102,0.802
26.093986828,0.2810,0.7420,0.1082,0.801
26.095776058,0.2834,0.7417,0.1029,0.801
26.098384712,0.2851,0.7412,0.1014,0.801
26.100836097,0.2868,0.7405,0.0999,0.800
26.102270174,0.2895,0.7410,0.0975,0.801
26.103747443,0.2924,0.7412,0.0975,0.803
26.105939366,0.2944,0.7444,0.0975,0.806
26.107616289,0.2934,0.7468,0.0958,0.808
26.109878712,0.2927,0.7473,0.0955,0.808
26.111787058,0.2924,0.7490,0.0923,0.809
26.113786866,0.2939,0.7530,0.0892,0.813
26.117195174,0.2954,0.7559,0.0884,0.816
26.118619866,0.2941,0.7600,0.0858,0.819
26.11975352,0.2932,0.7622,0.0833,0.821
26.121503943,0.2907,0.7681,0.0809,0.825
26.123595905,0.2890,0.7749,0.0765,0.831
26.125671251,0.2888,0.7798,0.0726,0.835
26.127377405,0.2868,0.7884,0.0660,0.842
26.129357558,0.2853,0.7991,0.0574,0.850
26.132603328,0.2834,0.8055,0.0520,0.855
26.134162597,0.2795,0.8165,0.0401,0.864
26.135739828,0.2775,0.8223,0.0342,0.869
26.137199174,0.2734,0.8328,0.0220,0.877
26.139272635,0.2690,0.8441,0.0117,0.886
26.141160443,0.2670,0.8499,0.0051,0.891
26.143264058,0.2660,0.8582,-0.0046,0.899
26.145169828,0.2643,0.8631,-0.0115,0.903
26.147232251,0.2658,0.8705,-0.0151,0.910
26.156610366,0.2695,0.8775,-0.0225,0.918
26.158226751,0.2700,0.8800,-0.0244,0.921
26.159389443,0.2722,0.8861,-0.0269,0.927
26.160583866,0.2761,0.8929,-0.0286,0.935
26.161812635,0.2780,0.8961,-0.0276,0.939
26.16277452,0.2839,0.9003,-0.0239,0.944
26.163986674,0.2873,0.9020,-0.0210,0.947
26.165202251,0.2937,0.9047,-0.0122,0.951
26.165957289,0.2983,0.9066,-0.0068,0.954
26.17968152,0.3012,0.9074,-0.0022,0.956
26.180325828,0.3049,0.9093,0.0103,0.959
26.180608404,0.3081,0.9125,0.0217,0.963
26.180863635,0.3100,0.9132,0.0266,0.965
26.181102481,0.3122,0.9142,0.0381,0.967
26.181410328,0.3130,0.9154,0.0445,0.968
26.181648866,0.3161,0.9196,0.0557,0.974
26.18188352,0.3191,0.9210,0.0662,0.977
26.18217452,0.3210,0.9223,0.0713,0.979
26.188648597,0.3222,0.9237,0.0828,0.982
26.189206866,0.3225,0.9254,0.0887,0.984
26.189488635,0.3254,0.9289,0.1004,0.989
26.190105366,0.3269,0.9293,0.1121,0.992
26.191969674,0.3279,0.9306,0.1180,0.994
26.194641712,0.3305,0.9335,0.1278,0.998
26.195909981,0.3332,0.9350,0.1380,1.002
26.199853135,0.3347,0.9345,0.1424,1.003
26.200354558,0.3352,0.9359,0.1527,1.006
26.202101443,0.3354,0.9354,0.1581,1.006
26.204064674,0.3362,0.9347,0.1656,1.007
26.206044904,0.3393,0.9350,0.1717,1.009
26.207820828,0.3391,0.9342,0.1757,1.009
26.209862828,0.3374,0.9325,0.1813,1.008
26.211867251,0.3389,0.9340,0.1854,1.011
26.213794789,0.3381,0.9325,0.1869,1.009
26.215896828,0.3367,0.9313,0.1879,1.008
26.21808052,0.3364,0.9313,0.1876,1.008
26.219854404,0.3342,0.9323,0.1869,1.008
26.221682174,0.3315,0.9313,0.1852,1.006
26.223629366,0.3293,0.9306,0.1840,1.004
26.225597289,0.3257,0.9301,0.1793,1.002
26.227801674,0.3200,0.9303,0.1717,0.999
26.229669289,0.3176,0.9311,0.1678,0.998
26.232916828,0.3122,0.9318,0.1598,0.996
26.234330481,0.3110,0.9323,0.1559,0.995
26.235575712,0.3083,0.9320,0.1456,0.992
26.23798902,0.3032,0.9325,0.1346,0.990
26.239355404,0.3007,0.9325,0.1285,0.988
26.24143702,0.2963,0.9340,0.1170,0.987
26.243389981,0.2907,0.9340,0.1121,0.985
26.245324635,0.2885,0.9342,0.1055,0.983
26.247519135,0.2839,0.9352,0.0970,0.982
26.257959097,0.2817,0.9369,0.0923,0.983
26.259356943,0.2790,0.9396,0.0826,0.984
26.260167789,0.2746,0.9394,0.0748,0.982
26.261029174,0.2714,0.9389,0.0711,0.980
26.262269789,0.2653,0.9406,0.0623,0.979
26.263180558,0.2614,0.9420,0.0552,0.979
26.264002443,0.2595,0.9435,0.0523,0.980
26.265137289,0.2560,0.9425,0.0450,0.978
26.266171481,0.2553,0.9425,0.0423,0.977
26.267149135,0.2536,0.9425,0.0349,0.977
26.283849404,0.2536,0.9425,0.0320,0.977
26.285536212,0.2538,0.9428,0.0303,0.977
26.286512981,0.2536,0.9418,0.0266,0.976
26.287342443,0.2536,0.9423,0.0227,0.976
26.288360981,0.2546,0.9418,0.0217,0.976
26.289507827,0.2575,0.9416,0.0164,0.976
26.290732135,0.2592,0.9418,0.0151,0.977
26.291780327,0.2626,0.9413,0.0122,0.977
26.292982481,0.2646,0.9433,0.0112,0.980
26.294006943,0.2675,0.9438,0.0103,0.981
26.295047327,0.2731,0.9430,0.0071,0.982
26.29582252,0.2751,0.9438,0.0051,0.983
26.296860558,0.2807,0.9472,0.0044,0.988
26.298036866,0.2844,0.9499,0.0032,0.992
26.299110904,0.2853,0.9516,0.0007,0.993
26.300271289,0.2861,0.9562,-0.0007,0.998
26.301349135,0.2890,0.9621,-0.0015,1.005
26.303900981,0.2888,0.9667,-0.0027,1.009
26.305432212,0.2880,0.9748,-0.0037,1.016
26.306468943,0.2885,0.9797,-0.0039,1.021
26.308386289,0.2910,0.9912,-0.0039,1.033
26.310444289,0.2910,1.0014,-0.0010,1.043
26.312456635,0.2910,1.0073,0.0017,1.048
26.314353981,0.2897,1.0202,0.0086,1.061
26.317669904,0.2915,1.0266,0.0129,1.067
26.321656404,0.2919,1.0393,0.0169,1.080
26.322915135,0.2937,1.0517,0.0247,1.092
26.324052174,0.2934,1.0574,0.0300,1.098
26.325103481,0.2963,1.0679,0.0413,1.109
26.326276443,0.2993,1.0789,0.0518,1.121
26.327912789,0.3012,1.0840,0.0589,1.127
26.329970635,0.3061,1.0962,0.0730,1.140
26.34069702,0.3071,1.1013,0.0796,1.146
26.341359366,0.3132,1.1113,0.0948,1.159
26.341635404,0.3183,1.1201,0.1138,1.170
26.341871443,0.3213,1.1236,0.1226,1.175
26.342111904,0.3279,1.1289,0.1412,1.184
26.342343443,0.3342,1.1348,0.1586,1.194
26.343787404,0.3393,1.1372,0.1656,1.198
26.345942866,0.3457,1.1443,0.1791,1.209
26.347573981,0.3516,1.1495,0.1947,1.218
26.364342904,0.3545,1.1514,0.2013,1.221
26.365940289,0.3599,1.1548,0.2145,1.228
26.366249827,0.3630,1.1570,0.2191,1.232
26.366488712,0.3667,1.1602,0.2289,1.238
26.366721289,0.3684,1.1636,0.2380,1.244
26.366952635,0.3674,1.1663,0.2404,1.246
26.367173674,0.3667,1.1710,0.2436,1.251
26.367402789,0.3657,1.1756,0.2428,1.255
26.367638597,0.3640,1.1776,0.2404,1.256
26.367862943,0.3572,1.1820,0.2289,1.256
26.369393558,0.3533,1.1861,0.2216,1.257
26.371363789,0.3423,1.1959,0.2020,1.260
26.373312135,0.3303,1.2083,0.1757,1.265
26.375347404,0.3244,1.2159,0.1600,1.269
26.377371097,0.3117,1.2320,0.1244,1.277
26.37922352,0.3027,1.2423,0.0923,1.282
26.38115775,0.3000,1.2614,0.0752,1.299
26.382968866,0.2956,1.2814,0.0413,1.316
26.38519652,0.2973,1.2912,0.0259,1.325
26.387342712,0.3039,1.3107,-0.0022,1.345
26.389025327,0.3108,1.3310,-0.0249,1.367
26.391051481,0.3159,1.3398,-0.0335,1.377
26.393191635,0.3254,1.3561,-0.0428,1.395
26.395064558,0.3308,1.3630,-0.0472,1.403
26.400659058,0.3398,1.3772,-0.0506,1.419
26.402193789,0.3501,1.3864,-0.0450,1.431
26.403259597,0.3560,1.3918,-0.0401,1.437
26.404275404,0.3660,1.3991,-0.0310,1.447
26.405372481,0.3775,1.4040,-0.0159,1.454
26.406678327,0.3814,1.4067,-0.0068,1.458
26.408608404,0.3904,1.4077,0.0125,1.461
26.410636635,0.3970,1.4060,0.0232,1.461
26.412464712,0.4095,1.4011,0.0467,1.460
26.414587289,0.4229,1.3928,0.0701,1.457
26.417403135,0.4297,1.3874,0.0814,1.455
26.418944212,0.4390,1.3772,0.1053,1.449
26.42061525,0.4463,1.3625,0.1305,1.440
26.422518481,0.4485,1.3544,0.1419,1.434
26.424376058,0.4507,1.3324,0.1632,1.416
26.426627558,0.4512,1.3207,0.1725,1.406
26.428482366,0.4500,1.2958,0.1910,1.385
26.430317097,0.4454,1.2684,0.2081,1.360
26.434419404,0.4437,1.2533,0.2152,1.347
26.436009481,0.4351,1.2279,0.2250,1.322
26.437405097,0.4231,1.2152,0.2321,1.308
26.438838058,0.4156,1.1886,0.2328,1.280
26.44038302,0.3997,1.1639,0.2331,1.252
26.442253981,0.3906,1.1524,0.2301,1.238
26.444083981,0.3726,1.1304,0.2221,1.211
26.446061212,0.3584,1.1067,0.2118,1.182
26.448267404,0.3516,1.0967,0.2064,1.170
26.45780725,0.3379,1.0745,0.1888,1.142
26.459314712,0.3237,1.0632,0.1801,1.126
26.461386135,0.3169,1.0420,0.1622,1.101
26.46248125,0.3042,1.0227,0.1415,1.076
26.463396404,0.2985,1.0109,0.1309,1.062
26.464661597,0.2866,0.9899,0.1124,1.037
26.465855097,0.2773,0.9689,0.0923,1.012
26.466160404,0.2736,0.9587,0.0831,1.000
26.466412558,0.2643,0.9386,0.0618,0.977
26.480921404,0.2553,0.9296,0.0418,0.965
26.481392866,0.2511,0.9110,0.0310,0.946
26.481644789,0.2409,0.8917,0.0088,0.924
26.481894635,0.2367,0.8827,-0.0027,0.914
26.482120981,0.2287,0.8648,-0.0222,0.895
26.482352366,0.2177,0.8492,-0.0440,0.878
26.482581173,0.2118,0.8411,-0.0540,0.869
26.482819173,0.2008,0.8250,-0.0730,0.852
26.483463097,0.1969,0.8172,-0.0831,0.845
26.485506058,0.1871,0.8038,-0.1004,0.831
26.48728052,0.1757,0.7903,-0.1160,0.818
26.489189635,0.1695,0.7847,-0.1226,0.812
26.491253904,0.1605,0.7737,-0.1368,0.802
26.493150366,0.1500,0.7620,-0.1493,0.791
26.495361943,0.1434,0.7564,-0.1561,0.786
26.497242135,0.1314,0.7466,-0.1654,0.776
26.500031404,0.1258,0.7410,-0.1693,0.770
26.501362789,0.1158,0.7317,-0.1744,0.761
26.506589673,0.1029,0.7239,-0.1761,0.752
26.507629327,0.0963,0.7217,-0.1766,0.749
26.508358635,0.0840,0.7180,-0.1759,0.744
26.509260635,0.0716,0.7114,-0.1725,0.736
26.511070635,0.0662,0.7100,-0.1708,0.733
26.512934558,0.0550,0.7060,-0.1654,0.727
26.515054443,0.0474,0.7043,-0.1571,0.723
26.517802712,0.0440,0.7046,-0.1510,0.722
26.519066212,0.0371,0.7051,-0.1415,0.720
26.52092002,0.0340,0.7063,-0.1373,0.720
26.522816904,0.0254,0.7090,-0.1244,0.720
26.524763443,0.0186,0.7109,-0.1094,0.720
26.526857366,0.0149,0.7126,-0.1021,0.720
26.528686943,0.0098,0.7200,-0.0843,0.725
26.530657481,0.0068,0.7234,-0.0733,0.727
26.533612866,0.0029,0.7317,-0.0481,0.733
26.535105481,0.0029,0.7383,-0.0242,0.739
26.536769366,0.0027,0.7432,-0.0134,0.743
26.538464135,0.0037,0.7532,0.0039,0.753
26.540364058,0.0029,0.7593,0.0176,0.760
26.542630943,0.0029,0.7696,0.0249,0.770
26.544623327,0.0049,0.7813,0.0366,0.782
26.546377212,0.0068,0.7886,0.0423,0.790
26.548279366,0.0098,0.8045,0.0496,0.806
26.557516097,0.0176,0.8192,0.0520,0.821
26.559006327,0.0208,0.8265,0.0535,0.828
26.56001225,0.0281,0.8453,0.0547,0.848
26.560976558,0.0340,0.8541,0.0545,0.857
26.562111289,0.0462,0.8702,0.0513,0.873
26.56302025,0.0569,0.8873,0.0481,0.890
26.564052366,0.0640,0.8956,0.0447,0.899
26.564944866,0.0752,0.9144,0.0364,0.918
26.578629366,0.0906,0.9293,0.0274,0.934
26.579087289,0.0982,0.9354,0.0222,0.941
26.579337212,0.1121,0.9511,0.0122,0.958
26.579586827,0.1241,0.9587,0.0081,0.967
26.579812943,0.1314,0.9721,-0.0007,0.981
26.580043635,0.1454,0.9838,-0.0100,0.995
26.580277712,0.1522,0.9890,-0.0134,1.001
26.580508404,0.1691,0.9997,-0.0227,1.014
26.581955289,0.1835,1.0075,-0.0303,1.025
26.58697402,0.1898,1.0107,-0.0320,1.029
26.587396135,0.2038,1.0183,-0.0359,1.039
26.587638635,0.2172,1.0219,-0.0386,1.045
26.589824289,0.2235,1.0268,-0.0437,1.052
26.591842827,0.2355,1.0288,-0.0445,1.056
26.59348252,0.2414,1.0305,-0.0445,1.059
26.595648481,0.2526,1.0322,-0.0457,1.064
26.597644212,0.2631,1.0322,-0.0469,1.066
26.600467366,0.2685,1.0319,-0.0462,1.067
26.601624673,0.2810,1.0295,-0.0462,1.068
26.604273173,0.2858,1.0293,-0.0462,1.069
26.605932327,0.2959,1.0271,-0.0435,1.070
26.60739402,0.3034,1.0227,-0.0410,1.068
26.60926525,0.3068,1.0207,-0.0403,1.067
26.611333866,0.3108,1.0156,-0.0386,1.063
26.61319202,0.3137,1.0102,-0.0366,1.058
26.61552102,0.3142,1.0065,-0.0362,1.055
26.618035366,0.3154,1.0012,-0.0320,1.050
26.619331404,0.3149,0.9982,-0.0310,1.047
26.621460404,0.3137,0.9907,-0.0291,1.040
26.62338025,0.3115,0.9838,-0.0264,1.032
26.625260943,0.3112,0.9809,-0.0254,1.029
26.627260635,0.3088,0.9736,-0.0213,1.022
26.629338981,0.3044,0.9645,-0.0183,1.012
26.631215058,0.3015,0.9611,-0.0161,1.007
26.634490173,0.2976,0.9535,-0.0100,0.999
26.63597402,0.2939,0.9504,-0.0076,0.995
26.637462596,0.2900,0.9416,0.0000,0.985
26.639011173,0.2832,0.9330,0.0100,0.975
26.640989058,0.2805,0.9286,0.0139,0.970
26.643127635,0.2744,0.9193,0.0227,0.960
26.645106135,0.2673,0.9118,0.0327,0.951
26.647316596,0.2646,0.9074,0.0384,0.946
26.657460135,0.2558,0.8988,0.0491,0.936
26.659203635,0.2514,0.8942,0.0545,0.930
26.660182943,0.2438,0.8841,0.0640,0.919
26.661497212,0.2375,0.8749,0.0755,0.910
26.66250302,0.2333,0.8712,0.0799,0.905
26.663464866,0.2250,0.8651,0.0897,0.898
26.664524866,0.2184,0.8565,0.0963,0.889
26.665788366,0.2140,0.8526,0.0992,0.885
26.666210981,0.2069,0.8458,0.1063,0.877
26.666494558,0.2023,0.8424,0.1087,0.873
26.679674481,0.1940,0.8372,0.1129,0.867
26.680228058,0.1884,0.8297,0.1165,0.859
26.680475904,0.1847,0.8275,0.1180,0.856
26.680708443,0.1754,0.8245,0.1204,0.852
26.680929789,0.1676,0.8216,0.1214,0.847
26.681165712,0.1644,0.8194,0.1204,0.844
26.681459789,0.1590,0.8177,0.1187,0.841
26.682190943,0.1578,0.8157,0.1185,0.839
26.688685443,0.1542,0.8140,0.1153,0.836
26.689242789,0.1507,0.8150,0.1102,0.836
26.689549635,0.1480,0.8153,0.1080,0.836
26.690115135,0.1441,0.8131,0.1048,0.832
26.692350635,0.1397,0.8138,0.0975,0.831
26.694329673,0.1380,0.8140,0.0936,0.831
26.696192712,0.1368,0.8150,0.0853,0.831
26.698133443,0.1356,0.8160,0.0801,0.831
26.700116635,0.1309,0.8177,0.0696,0.831
26.702164866,0.1302,0.8218,0.0611,0.834
26.704142789,0.1302,0.8231,0.0564,0.835
26.706040443,0.1309,0.8260,0.0467,0.838
26.70808825,0.1344,0.8314,0.0374,0.843
26.709868596,0.1356,0.8343,0.0310,0.846
26.711882596,0.1397,0.8375,0.0188,0.849
26.713962789,0.1417,0.8397,0.0142,0.852
26.717060327,0.1505,0.8429,0.0061,0.856
26.718332827,0.1612,0.8463,-0.0037,0.862
26.719675673,0.1656,0.8495,-0.0071,0.865
26.721731981,0.1717,0.8514,-0.0098,0.869
26.723913519,0.1791,0.8551,-0.0059,0.874
26.725983404,0.1820,0.8575,-0.0020,0.877
26.727596712,0.1874,0.8619,0.0066,0.882
26.729520289,0.1906,0.8636,0.0112,0.884
26.73169625,0.1957,0.8685,0.0261,0.891
26.734190366,0.2016,0.8739,0.0406,0.898
26.736070904,0.2052,0.8753,0.0481,0.900
26.737513327,0.2101,0.8780,0.0608,0.905
26.739571404,0.2138,0.8822,0.0757,0.911
26.741456827,0.2160,0.8849,0.0811,0.914
26.743598058,0.2206,0.8876,0.0904,0.919
26.745412212,0.2238,0.8898,0.0945,0.922
26.747497404,0.2296,0.8917,0.0985,0.926
26.758457519,0.2323,0.8956,0.1033,0.931
26.759965096,0.2340,0.8981,0.1053,0.934
26.760921981,0.2377,0.9022,0.1102,0.939
26.762170327,0.2377,0.9061,0.1136,0.944
26.763200173,0.2375,0.9091,0.1136,0.946
26.764208673,0.2345,0.9164,0.1131,0.953
26.765161289,0.2345,0.9203,0.1121,0.956
26.766116212,0.2306,0.9262,0.1080,0.961
26.767360904,0.2250,0.9315,0.1024,0.964
26.768255789,0.2228,0.9337,0.0994,0.965
26.770840135,0.2167,0.9406,0.0941,0.970
26.772419635,0.2135,0.9435,0.0916,0.972
26.774019943,0.2079,0.9457,0.0870,0.972
26.775513981,0.2011,0.9494,0.0828,0.974
26.776743058,0.1986,0.9511,0.0823,0.975
26.781984135,0.1925,0.9530,0.0826,0.976
26.782667635,0.1871,0.9528,0.0840,0.975
26.783109019,0.1832,0.9523,0.0848,0.973
26.785331789,0.1781,0.9511,0.0894,0.972
26.786778904,0.1757,0.9501,0.0919,0.971
26.78869075,0.1710,0.9474,0.0999,0.968
26.790557981,0.1683,0.9438,0.1077,0.965
26.792338289,0.1659,0.9418,0.1124,0.963
26.794610981,0.1598,0.9406,0.1222,0.962
26.79644175,0.1551,0.9381,0.1312,0.960
26.798369096,0.1520,0.9364,0.1371,0.959
26.801116827,0.1456,0.9335,0.1480,0.956
26.802440673,0.1434,0.9337,0.1520,0.957
26.804341173,0.1407,0.9320,0.1588,0.956
26.806435558,0.1380,0.9289,0.1649,0.953
26.80845675,0.1358,0.9284,0.1671,0.953
26.810564789,0.1349,0.9274,0.1705,0.953
26.812304789,0.1331,0.9257,0.1732,0.951
26.815810058,0.1334,0.9252,0.1742,0.951
26.816566442,0.1331,0.9245,0.1757,0.950
26.819461481,0.1322,0.9249,0.1749,0.951
26.820303904,0.1307,0.9237,0.1717,0.949
26.822717058,0.1319,0.9227,0.1686,0.947
26.824023442,0.1317,0.9213,0.1678,0.946
26.826042442,0.1312,0.9193,0.1652,0.943
26.828019058,0.1307,0.9201,0.1595,0.943
26.830263058,0.1307,0.9186,0.1581,0.941
26.832089904,0.1292,0.9154,0.1534,0.937
26.834631481,0.1278,0.9144,0.1500,0.935
26.837329366,0.1285,0.9100,0.1461,0.931
26.838498942,0.1290,0.9071,0.1419,0.927
26.840018712,0.1275,0.9066,0.1402,0.926
26.842484442,0.1273,0.9059,0.1358,0.925
26.844075942,0.1278,0.9008,0.1285,0.919
26.846624827,0.1283,0.8983,0.1258,0.916
26.847683173,0.1290,0.8961,0.1219,0.914
26.854818327,0.1305,0.8922,0.1156,0.909
26.855671327,0.1327,0.8907,0.1124,0.908
26.856107904,0.1380,0.8881,0.1058,0.905
26.856525827,0.1412,0.8873,0.0975,0.904
26.857955442,0.1424,0.8863,0.0933,0.903
26.860086904,0.1485,0.8841,0.0865,0.901
26.862525673,0.1529,0.8827,0.0831,0.900
26.863817289,0.1595,0.8802,0.0767,0.898
26.866181789,0.1652,0.8800,0.0694,0.898
26.883774212,0.1676,0.8788,0.0665,0.897
26.886017558,0.1698,0.8746,0.0630,0.893
26.887332981,0.1717,0.8736,0.0625,0.893
26.888856058,0.1747,0.8732,0.0628,0.893
26.890511212,0.1757,0.8736,0.0603,0.893
26.892000366,0.1757,0.8732,0.0591,0.893
26.893479827,0.1783,0.8771,0.0574,0.897
26.89437075,0.1803,0.8775,0.0567,0.898
26.895256327,0.1825,0.8778,0.0552,0.898
26.896361558,0.1847,0.8810,0.0542,0.902
26.897839673,0.1854,0.8824,0.0540,0.903
26.899317058,0.1874,0.8844,0.0528,0.906
26.900718481,0.1879,0.8920,0.0493,0.913
26.902214789,0.1881,0.8956,0.0481,0.916
26.903291327,0.1867,0.9017,0.0476,0.922
26.904198058,0.1854,0.9115,0.0467,0.931
26.905534135,0.1852,0.9157,0.0445,0.935
26.906553981,0.1849,0.9237,0.0413,0.943
26.90764075,0.1827,0.9347,0.0398,0.953
26.908761019,0.1830,0.9403,0.0393,0.959
26.91020025,0.1835,0.9530,0.0398,0.971
26.910679673,0.1830,0.9591,0.0401,0.977
26.911096596,0.1835,0.9716,0.0415,0.990
26.913546096,0.1830,0.9848,0.0415,1.003
26.915363365,0.1823,0.9919,0.0437,1.009
26.924444365,0.1805,1.0039,0.0489,1.021
26.925444635,0.1801,1.0105,0.0520,1.028
26.925887942,0.1793,1.0222,0.0581,1.039
26.926303058,0.1779,1.0363,0.0660,1.054
26.926717058,0.1776,1.0422,0.0708,1.060
26.927121519,0.1779,1.0554,0.0811,1.073
26.928868865,0.1793,1.0671,0.0921,1.086
26.931308596,0.1788,1.0732,0.0985,1.092
26.932661942,0.1783,1.0852,0.1116,1.105
26.939269789,0.1779,1.0903,0.1185,1.111
26.939954289,0.1779,1.1006,0.1324,1.123
26.940200558,0.1793,1.1092,0.1456,1.133
26.940443827,0.1793,1.1135,0.1520,1.138
26.942697789,0.1798,1.1236,0.1656,1.150
26.944669712,0.1796,1.1336,0.1764,1.161
26.946715789,0.1793,1.1390,0.1805,1.167
26.948426096,0.1781,1.1485,0.1876,1.177
26.966422904,0.1786,1.1521,0.1915,1.182
26.968156289,0.1791,1.1597,0.1952,1.190
26.969335365,0.1805,1.1675,0.1986,1.198
26.970388981,0.1818,1.1714,0.1976,1.202
26.971552481,0.1852,1.1780,0.1950,1.208
26.97267725,0.1874,1.1827,0.1923,1.213
26.974075789,0.1893,1.1846,0.1898,1.215
26.975184635,0.1920,1.1890,0.1827,1.218
26.97627425,0.1932,1.1895,0.1803,1.219
26.977180365,0.1957,1.1893,0.1705,1.217
26.97849975,0.2001,1.1929,0.1630,1.221
26.97937875,0.2008,1.1937,0.1595,1.221
26.980379096,0.2057,1.1932,0.1495,1.220
26.981134019,0.2123,1.1932,0.1378,1.220
26.982231519,0.2145,1.1925,0.1341,1.219
26.98325475,0.2194,1.1929,0.1319,1.220
26.984377096,0.2204,1.1934,0.1305,1.221
26.985526289,0.2231,1.1912,0.1275,1.219
26.986621942,0.2267,1.1925,0.1258,1.220
26.988994904,0.2304,1.1942,0.1241,1.223
26.990478789,0.2360,1.1964,0.1197,1.225
26.991975327,0.2438,1.2008,0.1148,1.231
26.993884789,0.2485,1.2039,0.1094,1.234
26.996124096,0.2602,1.2096,0.0975,1.241
26.997772827,0.2651,1.2127,0.0923,1.245
27.001375712,0.2785,1.2223,0.0794,1.256
27.002933519,0.2941,1.2315,0.0674,1.268
27.004033635,0.3010,1.2359,0.0608,1.274
27.00558975,0.3134,1.2477,0.0496,1.287
27.007705789,0.3269,1.2631,0.0420,1.305
27.009593173,0.3327,1.2711,0.0406,1.315
27.01139725,0.3440,1.2875,0.0408,1.333
27.013614865,0.3484,1.2951,0.0430,1.342
27.015590788,0.3596,1.3139,0.0525,1.363
27.018795596,0.3731,1.3305,0.0696,1.384
27.020277212,0.3804,1.3383,0.0801,1.394
27.022132942,0.3946,1.3530,0.1075,1.413
27.023388788,0.4068,1.3654,0.1375,1.431
27.025156173,0.4134,1.3703,0.1539,1.440
27.027228981,0.4261,1.3818,0.1891,1.458
27.029364404,0.4324,1.3850,0.2064,1.466
27.031303481,0.4463,1.3881,0.2384,1.478
27.033054327,0.4578,1.3859,0.2668,1.484
27.037223481,0.4620,1.3840,0.2785,1.485
27.039048058,0.4688,1.3784,0.2968,1.486
27.040347365,0.4742,1.3728,0.3037,1.484
27.04208625,0.4742,1.3583,0.3108,1.472
27.042902365,0.4737,1.3425,0.3081,1.457
27.044820442,0.4720,1.3342,0.3037,1.447
27.047141635,0.4661,1.3195,0.2895,1.429
27.048610058,0.4564,1.3044,0.2682,1.408
27.055554904,0.4500,1.2960,0.2551,1.395
27.056411058,0.4366,1.2789,0.2274,1.370
27.056875365,0.4302,1.2689,0.2135,1.357
27.057382865,0.4143,1.2501,0.1849,1.330
27.05872225,0.3994,1.2335,0.1571,1.306
27.060577596,0.3919,1.2247,0.1434,1.294
27.063254327,0.3779,1.2071,0.1160,1.270
27.064639365,0.3652,1.1881,0.0921,1.246
27.066714481,0.3591,1.1783,0.0821,1.235
27.08223875,0.3498,1.1612,0.0647,1.214
27.084024827,0.3454,1.1524,0.0564,1.204
27.085264135,0.3389,1.1333,0.0425,1.184
27.086470019,0.3313,1.1162,0.0325,1.165
27.087751327,0.3286,1.1074,0.0281,1.156
27.089033481,0.3242,1.0877,0.0188,1.135
27.090422212,0.3183,1.0686,0.0105,1.115
27.091298288,0.3156,1.0591,0.0081,1.105
27.092303212,0.3122,1.0388,0.0046,1.085
27.093388096,0.3095,1.0280,0.0022,1.074
27.094566365,0.3051,1.0090,-0.0020,1.054
27.095433981,0.3029,0.9885,-0.0061,1.034
27.096529904,0.3020,0.9762,-0.0078,1.022
27.097504135,0.2985,0.9552,-0.0098,1.001
27.098564635,0.2959,0.9323,-0.0120,0.978
27.099409173,0.2954,0.9205,-0.0139,0.967
27.10061425,0.2932,0.9003,-0.0127,0.947
27.104039135,0.2927,0.8890,-0.0125,0.936
27.105853519,0.2924,0.8688,-0.0129,0.917
27.111234904,0.2941,0.8468,-0.0149,0.897
27.112696019,0.2944,0.8377,-0.0161,0.888
27.114027212,0.2949,0.8170,-0.0171,0.869
27.115131558,0.2956,0.8069,-0.0186,0.860
27.116685712,0.2954,0.7876,-0.0222,0.841
27.118247327,0.2990,0.7693,-0.0249,0.826
27.119871365,0.3003,0.7605,-0.0259,0.818
27.120972365,0.3025,0.7417,-0.0286,0.802
27.122139865,0.3073,0.7219,-0.0340,0.785
27.124599058,0.3083,0.7148,-0.0357,0.779
27.125738096,0.3086,0.6990,-0.0381,0.765
27.127685865,0.3098,0.6902,-0.0396,0.758
27.129433288,0.3132,0.6748,-0.0464,0.745
27.131314288,0.3144,0.6606,-0.0528,0.734
27.135748519,0.3147,0.6540,-0.0545,0.728
27.136454481,0.3174,0.6420,-0.0616,0.719
27.138192058,0.3193,0.6310,-0.0669,0.710
27.139476942,0.3198,0.6259,-0.0701,0.706
27.141323096,0.3213,0.6161,-0.0757,0.699
27.143885942,0.3227,0.6122,-0.0811,0.697
27.145348904,0.3218,0.6069,-0.0828,0.692
27.147725211,0.3193,0.6007,-0.0850,0.686
27.149233558,0.3171,0.5986,-0.0867,0.683
27.15670625,0.3134,0.5968,-0.0904,0.680
27.157673442,0.3105,0.5961,-0.0916,0.678
27.158142788,0.3088,0.5956,-0.0919,0.677
27.158538827,0.3012,0.5981,-0.0911,0.676
27.159624327,0.2949,0.6022,-0.0892,0.676
27.161055288,0.2902,0.6051,-0.0867,0.677
27.163745519,0.2814,0.6122,-0.0811,0.679
27.165148635,0.2810,0.6144,-0.0770,0.680
27.183180442,0.2751,0.6244,-0.0708,0.686
27.184733788,0.2516,0.6418,-0.0674,0.693
27.186188635,0.2392,0.6501,-0.0647,0.696
27.187874211,0.2191,0.6667,-0.0630,0.705
27.189125288,0.2062,0.6855,-0.0574,0.718
27.190224288,0.2020,0.6953,-0.0550,0.726
27.191427788,0.1962,0.7139,-0.0501,0.742
27.192552404,0.1952,0.7222,-0.0484,0.750
27.193522519,0.1937,0.7429,-0.0454,0.769
27.194562019,0.1964,0.7639,-0.0391,0.790
27.195579173,0.1967,0.7749,-0.0344,0.800
27.19643575,0.2003,0.7972,-0.0279,0.822
27.197535788,0.2047,0.8199,-0.0200,0.845
27.198534173,0.2072,0.8311,-0.0161,0.857
27.199783827,0.2118,0.8553,-0.0090,0.881
27.201015596,0.2143,0.8666,-0.0051,0.893
27.202240711,0.2172,0.8915,0.0029,0.918
27.203166211,0.2223,0.9144,0.0117,0.941
27.203983788,0.2238,0.9264,0.0154,0.953
27.205049673,0.2272,0.9504,0.0222,0.977
27.208287404,0.2333,0.9726,0.0296,1.001
27.209520519,0.2362,0.9833,0.0325,1.012
27.211221788,0.2414,1.0053,0.0366,1.035
27.212616019,0.2482,1.0244,0.0403,1.055
27.215017635,0.2516,1.0332,0.0428,1.064
27.216432019,0.2565,1.0515,0.0447,1.083
27.219357865,0.2595,1.0613,0.0457,1.093
27.220615596,0.2636,1.0762,0.0467,1.109
27.222916673,0.2714,1.0881,0.0418,1.122
27.224448519,0.2748,1.0928,0.0386,1.127
27.226728019,0.2790,1.1016,0.0330,1.137
27.228438058,0.2858,1.1070,0.0264,1.144
27.230757096,0.2890,1.1092,0.0222,1.146
27.232071788,0.2963,1.1123,0.0125,1.151
27.23938125,0.2990,1.1135,0.0073,1.153
27.240265058,0.3064,1.1128,-0.0022,1.154
27.240680827,0.3156,1.1089,-0.0103,1.153
27.241103596,0.3203,1.1065,-0.0137,1.152
27.242112673,0.3283,1.1004,-0.0230,1.149
27.244030019,0.3327,1.0955,-0.0320,1.145
27.246575634,0.3354,1.0867,-0.0357,1.138
27.247830365,0.3411,1.0789,-0.0418,1.132
27.249751134,0.3420,1.0737,-0.0445,1.128
27.264575481,0.3457,1.0632,-0.0454,1.119
27.266777211,0.3452,1.0534,-0.0457,1.110
27.268121327,0.3452,1.0481,-0.0445,1.104
27.269764519,0.3447,1.0361,-0.0432,1.093
27.271614558,0.3442,1.0295,-0.0413,1.086
27.273237981,0.3430,1.0178,-0.0342,1.075
27.274251827,0.3398,1.0056,-0.0264,1.062
27.275024596,0.3391,0.9992,-0.0227,1.055
27.276115481,0.3376,0.9855,-0.0125,1.042
27.277024288,0.3354,0.9723,0.0000,1.029
27.278251288,0.3342,0.9657,0.0059,1.022
27.279061134,0.3301,0.9530,0.0181,1.009
27.280223134,0.3279,0.9464,0.0259,1.002
27.281664827,0.3261,0.9325,0.0381,0.989
27.28248625,0.3218,0.9198,0.0493,0.976
27.283814827,0.3193,0.9125,0.0545,0.968
27.285009211,0.3171,0.8981,0.0669,0.955
27.286181134,0.3134,0.8859,0.0787,0.943
27.288423673,0.3117,0.8800,0.0838,0.937
27.28913725,0.3076,0.8651,0.0948,0.923
27.291378096,0.3061,0.8592,0.1002,0.918
27.293156981,0.3022,0.8448,0.1104,0.904
27.295315365,0.2995,0.8309,0.1197,0.891
27.297017596,0.2978,0.8238,0.1241,0.885
27.299472558,0.2961,0.8094,0.1319,0.872
27.30272975,0.2929,0.7977,0.1388,0.861
27.304334481,0.2917,0.7916,0.1424,0.856
27.304821596,0.2917,0.7793,0.1500,0.846
27.30716625,0.2919,0.7735,0.1529,0.841
27.309002558,0.2880,0.7605,0.1566,0.828
27.311338519,0.2863,0.7498,0.1583,0.818
27.312776711,0.2841,0.7449,0.1603,0.813
27.315204288,0.2824,0.7356,0.1612,0.804
27.317002981,0.2783,0.7271,0.1581,0.794
27.319450981,0.2751,0.7241,0.1568,0.790
27.320866904,0.2719,0.7166,0.1527,0.781
27.323189942,0.2707,0.7131,0.1505,0.777
27.324980827,0.2656,0.7073,0.1439,0.769
27.326777404,0.2599,0.7041,0.1388,0.763
27.328789134,0.2568,0.7036,0.1329,0.761
27.331473827,0.2516,0.7007,0.1180,0.754
27.332876981,0.2497,0.6990,0.1009,0.749
27.335456981,0.2499,0.6960,0.0933,0.745
27.336490365,0.2482,0.6929,0.0792,0.740
27.339073634,0.2477,0.6929,0.0657,0.739
27.340541404,0.2475,0.6919,0.0596,0.737
27.342952827,0.2455,0.6926,0.0486,0.736
27.344344711,0.2426,0.6921,0.0440,0.735
27.346957711,0.2394,0.6936,0.0366,0.735
27.348556942,0.2382,0.6970,0.0344,0.737
27.350730827,0.2372,0.6990,0.0337,0.739
27.357434942,0.2328,0.7021,0.0322,0.740
27.358306404,0.2309,0.7051,0.0320,0.743
27.358749519,0.2287,0.7119,0.0327,0.748
27.359169981,0.2272,0.7163,0.0362,0.752
27.360186211,0.2277,0.7183,0.0357,0.754
27.362754327,0.2277,0.7236,0.0330,0.759
27.364405211,0.2260,0.7310,0.0281,0.766
27.366760942,0.2272,0.7351,0.0244,0.770
27.388530711,0.2260,0.7437,0.0213,0.778
27.390350788,0.2253,0.7490,0.0198,0.782
27.391452442,0.2248,0.7583,0.0188,0.791
27.392420096,0.2255,0.7681,0.0173,0.801
27.393619711,0.2245,0.7735,0.0151,0.806
27.394912096,0.2255,0.7886,0.0105,0.820
27.39614625,0.2250,0.8011,0.0083,0.832
27.397198173,0.2248,0.8067,0.0068,0.837
27.398191096,0.2250,0.8194,0.0042,0.850
27.399053327,0.2260,0.8270,0.0027,0.857
27.400136596,0.2282,0.8392,0.0010,0.870
27.401234019,0.2294,0.8512,0.0022,0.882
27.402384711,0.2304,0.8573,0.0029,0.888
27.403591288,0.2362,0.8673,0.0068,0.899
27.404707057,0.2367,0.8719,0.0098,0.904
27.405964134,0.2414,0.8802,0.0176,0.913
27.406867711,0.2485,0.8890,0.0279,0.924
27.407849673,0.2531,0.8929,0.0340,0.929
27.408692057,0.2602,0.9003,0.0457,0.938
27.409925134,0.2675,0.9069,0.0584,0.947
27.410693057,0.2709,0.9086,0.0660,0.950
27.411723596,0.2795,0.9139,0.0840,0.959
27.412683673,0.2832,0.9161,0.0919,0.963
27.414046942,0.2907,0.9188,0.1073,0.970
27.416924981,0.2983,0.9225,0.1239,0.977
27.418822134,0.3022,0.9230,0.1324,0.980
27.420078057,0.3127,0.9237,0.1488,0.987
27.421612481,0.3220,0.9245,0.1649,0.993
27.423224942,0.3269,0.9257,0.1720,0.997
27.425077134,0.3347,0.9267,0.1845,1.002
27.42772975,0.3381,0.9269,0.1896,1.005
27.429427404,0.3450,0.9286,0.1986,1.010
27.431217134,0.3491,0.9291,0.2055,1.014
27.433110134,0.3506,0.9303,0.2072,1.016
27.436104134,0.3545,0.9318,0.2101,1.019
27.438272481,0.3569,0.9367,0.2106,1.024
27.439893942,0.3577,0.9359,0.2103,1.024
27.440713942,0.3599,0.9367,0.2052,1.024
27.443041981,0.3596,0.9372,0.2016,1.024
27.444795211,0.3589,0.9386,0.1984,1.024
27.446819288,0.3567,0.9406,0.1901,1.024
27.449370827,0.3557,0.9406,0.1847,1.022
27.454973865,0.3523,0.9411,0.1747,1.020
27.455557673,0.3481,0.9401,0.1630,1.016
27.455810557,0.3467,0.9391,0.1564,1.013
27.45686448,0.3423,0.9396,0.1444,1.010
27.458886788,0.3362,0.9372,0.1319,1.004
27.460745327,0.3327,0.9362,0.1261,1.002
27.462465865,0.3252,0.9362,0.1134,0.998
27.464478173,0.3200,0.9357,0.1087,0.995
27.466509634,0.3139,0.9335,0.0955,0.989
27.47858598,0.3051,0.9325,0.0838,0.985
27.47985225,0.3017,0.9323,0.0779,0.983
27.480731096,0.2956,0.9311,0.0655,0.979
27.481496827,0.2890,0.9303,0.0555,0.976
27.482235327,0.2863,0.9286,0.0498,0.973
27.482959057,0.2807,0.9271,0.0398,0.970
27.483928634,0.2797,0.9264,0.0354,0.968
27.487501327,0.2766,0.9259,0.0235,0.967
27.48896375,0.2744,0.9230,0.0134,0.963
27.49011998,0.2744,0.9235,0.0100,0.963
27.491017019,0.2731,0.9237,0.0029,0.963
27.492064404,0.2726,0.9225,-0.0034,0.962
27.493073365,0.2719,0.9225,-0.0051,0.962
27.496817865,0.2736,0.9223,-0.0088,0.962
27.497912096,0.2756,0.9218,-0.0103,0.962
27.504350596,0.2770,0.9230,-0.0117,0.964
27.505822596,0.2790,0.9245,-0.0117,0.966
27.506776673,0.2802,0.9257,-0.0100,0.967
27.507835019,0.2817,0.9254,-0.0078,0.967
27.50880375,0.2844,0.9269,-0.0044,0.970
27.509851519,0.2844,0.9301,-0.0010,0.973
27.510626673,0.2841,0.9323,0.0059,0.975
27.511818634,0.2846,0.9340,0.0098,0.976
27.513765327,0.2851,0.9384,0.0195,0.981
27.515691865,0.2866,0.9445,0.0264,0.987
27.519379865,0.2871,0.9472,0.0291,0.990
27.520861942,0.2868,0.9535,0.0374,0.996
27.522787019,0.2866,0.9567,0.0430,1.000
27.52395898,0.2851,0.9655,0.0496,1.008
27.525545711,0.2844,0.9719,0.0579,1.014
27.527618019,0.2834,0.9758,0.0625,1.018
27.529542596,0.2807,0.9882,0.0701,1.030
27.531574942,0.2783,1.0017,0.0794,1.043
27.533462519,0.2768,1.0065,0.0818,1.047
27.536458134,0.2722,1.0183,0.0872,1.058
27.537968557,0.2709,1.0241,0.0955,1.064
27.539511365,0.2697,1.0381,0.0992,1.077
27.541361788,0.2653,1.0512,0.1063,1.089
27.543394904,0.2629,1.0591,0.1085,1.097
27.545259596,0.2609,1.0725,0.1129,1.110
27.547285365,0.2599,1.0867,0.1185,1.124
27.549095134,0.2595,1.0930,0.1224,1.130
27.558914557,0.2599,1.1055,0.1297,1.143
27.560288134,0.2580,1.1126,0.1353,1.150
27.561409557,0.2575,1.1241,0.1397,1.162
27.562443019,0.2597,1.1338,0.1463,1.172
27.563552442,0.2609,1.1382,0.1498,1.177
27.564374865,0.2619,1.1478,0.1578,1.188
27.565466403,0.2670,1.1548,0.1664,1.197
27.565931365,0.2692,1.1587,0.1705,1.202
27.567117673,0.2748,1.1661,0.1788,1.211
27.585110173,0.2778,1.1688,0.1818,1.215
27.586367903,0.2836,1.1744,0.1881,1.223
27.587228442,0.2907,1.1790,0.1930,1.230
27.588014711,0.2956,1.1802,0.1937,1.232
27.588783288,0.3029,1.1822,0.1962,1.236
27.58963175,0.3108,1.1832,0.1991,1.239
27.59040425,0.3149,1.1837,0.1984,1.241
27.591190557,0.3254,1.1829,0.1957,1.242
27.59203225,0.3362,1.1829,0.1925,1.245
27.592880788,0.3413,1.1820,0.1862,1.244
27.593802788,0.3506,1.1798,0.1788,1.244
27.594687442,0.3545,1.1771,0.1737,1.242
27.595383711,0.3618,1.1729,0.1637,1.238
27.596059173,0.3704,1.1710,0.1524,1.238
27.59683698,0.3738,1.1690,0.1478,1.236
27.598438673,0.3748,1.1653,0.1405,1.232
27.60072648,0.3738,1.1607,0.1371,1.227
27.603483827,0.3735,1.1597,0.1351,1.226
27.60483598,0.3687,1.1595,0.1307,1.224
27.606528442,0.3657,1.1592,0.1302,1.223
27.608390827,0.3574,1.1583,0.1305,1.219
27.610302634,0.3498,1.1595,0.1329,1.218
27.612365634,0.3445,1.1600,0.1339,1.217
27.61434125,0.3340,1.1622,0.1334,1.217
27.616313327,0.3205,1.1668,0.1319,1.217
27.619791903,0.3130,1.1707,0.1319,1.219
27.621449634,0.2978,1.1807,0.1278,1.224
27.622707865,0.2895,1.1846,0.1246,1.226
27.624876173,0.2768,1.1951,0.1192,1.233
27.626254288,0.2673,1.2069,0.1138,1.241
27.628130711,0.2636,1.2140,0.1094,1.247
27.63014175,0.2568,1.2284,0.0977,1.259
27.632053788,0.2560,1.2428,0.0875,1.272
27.635287634,0.2558,1.2494,0.0823,1.278
27.637155903,0.2563,1.2616,0.0757,1.290
27.638401365,0.2607,1.2677,0.0687,1.296
27.641059288,0.2617,1.2792,0.0674,1.307
27.642727596,0.2634,1.2904,0.0679,1.319
27.643990827,0.2636,1.2953,0.0696,1.324
27.64609575,0.2639,1.3034,0.0735,1.332
27.64886698,0.2660,1.3105,0.0843,1.340
27.650024211,0.2682,1.3117,0.0919,1.342
27.658977211,0.2707,1.3166,0.1029,1.348
27.65955375,0.2734,1.3168,0.1214,1.350
27.659799057,0.2751,1.3149,0.1312,1.350
27.660023057,0.2792,1.3100,0.1500,1.348
27.66027025,0.2824,1.3070,0.1593,1.347
27.661878365,0.2871,1.2973,0.1771,1.340
27.663787865,0.2924,1.2858,0.1937,1.333
27.665838019,0.2946,1.2782,0.2008,1.327
27.667432557,0.3005,1.2628,0.2150,1.316
27.680305673,0.3056,1.2452,0.2274,1.302
27.681532096,0.3066,1.2359,0.2314,1.294
27.682375826,0.3061,1.2188,0.2348,1.278
27.683087365,0.3071,1.2091,0.2355,1.269
27.683798519,0.3095,1.1868,0.2365,1.249
27.684730673,0.3108,1.1661,0.2355,1.230
27.685685442,0.3100,1.1565,0.2328,1.220
27.690184596,0.3066,1.1365,0.2255,1.199
27.691324788,0.2988,1.1272,0.2160,1.186
27.691991365,0.2944,1.1111,0.2089,1.168
27.692724096,0.2871,1.0955,0.1925,1.149
27.69352798,0.2834,1.0881,0.1847,1.140
27.694198096,0.2741,1.0730,0.1673,1.120
27.695425826,0.2656,1.0574,0.1498,1.100
27.697353134,0.2602,1.0493,0.1405,1.090
27.699045788,0.2509,1.0344,0.1207,1.071
27.70212248,0.2446,1.0183,0.1021,1.052
27.704563903,0.2404,1.0095,0.0938,1.042
27.705820019,0.2296,0.9938,0.0779,1.023
27.70707275,0.2255,0.9855,0.0699,1.013
27.708981903,0.2172,0.9689,0.0528,0.994
27.711139903,0.2099,0.9528,0.0357,0.976
27.712978326,0.2062,0.9442,0.0288,0.967
27.715034096,0.1984,0.9279,0.0144,0.949
27.716945596,0.1908,0.9120,-0.0017,0.932
27.719826865,0.1876,0.9047,-0.0095,0.924
27.721464442,0.1783,0.8893,-0.0247,0.907
27.722951826,0.1737,0.8824,-0.0322,0.900
27.725023403,0.1620,0.8685,-0.0467,0.885
27.726762096,0.1529,0.8541,-0.0625,0.870
27.728685596,0.1485,0.8487,-0.0699,0.864
27.730952519,0.1385,0.8372,-0.0838,0.853
27.732786134,0.1295,0.8238,-0.0992,0.840
27.736303942,0.1239,0.8189,-0.1058,0.835
27.738104711,0.1131,0.8072,-0.1185,0.824
27.739370903,0.1087,0.8025,-0.1246,0.819
27.740689019,0.1009,0.7928,-0.1356,0.811
27.74284648,0.0945,0.7820,-0.1478,0.801
27.744593673,0.0911,0.7776,-0.1527,0.798
27.74662198,0.0828,0.7691,-0.1625,0.790
27.74858425,0.0750,0.7608,-0.1695,0.783
27.751036096,0.0716,0.7566,-0.1730,0.779
27.760940211,0.0635,0.7478,-0.1791,0.772
27.76255575,0.0599,0.7439,-0.1805,0.768
27.763408596,0.0518,0.7390,-0.1830,0.763
27.764514211,0.0440,0.7341,-0.1845,0.758
27.765863403,0.0415,0.7319,-0.1852,0.756
27.766197673,0.0364,0.7263,-0.1869,0.751
27.76645098,0.0313,0.7214,-0.1857,0.746
27.766686019,0.0288,0.7197,-0.1849,0.744
27.785716557,0.0249,0.7166,-0.1796,0.739
27.788269557,0.0232,0.7153,-0.1759,0.737
27.788968019,0.0225,0.7151,-0.1708,0.736
27.789854057,0.0191,0.7168,-0.1625,0.735
27.790740788,0.0178,0.7163,-0.1566,0.733
27.791554519,0.0183,0.7175,-0.1441,0.732
27.792419788,0.0166,0.7190,-0.1319,0.731
27.793217865,0.0166,0.7214,-0.1266,0.733
27.794164519,0.0193,0.7253,-0.1107,0.734
27.794808865,0.0220,0.7285,-0.1031,0.736
27.795422826,0.0274,0.7346,-0.0865,0.740
27.796225788,0.0344,0.7451,-0.0677,0.749
27.79686098,0.0384,0.7503,-0.0589,0.754
27.797750442,0.0496,0.7635,-0.0415,0.766
27.798579288,0.0625,0.7749,-0.0249,0.778
27.79944648,0.0684,0.7801,-0.0186,0.783
27.800473826,0.0801,0.7938,-0.0056,0.798
27.803436249,0.0860,0.8011,0.0000,0.806
27.804884134,0.0980,0.8160,0.0105,0.822
27.809416596,0.1107,0.8309,0.0134,0.838
27.810492903,0.1185,0.8399,0.0164,0.848
27.811276788,0.1349,0.8558,0.0195,0.867
27.812253365,0.1512,0.8734,0.0191,0.887
27.813825519,0.1590,0.8827,0.0191,0.897
27.81574498,0.1766,0.8993,0.0191,0.917
27.817682865,0.1849,0.9091,0.0188,0.928
27.820569711,0.2018,0.9269,0.0147,0.949
27.822155288,0.2213,0.9467,0.0125,0.972
27.823750596,0.2306,0.9555,0.0115,0.983
27.825252173,0.2485,0.9719,0.0098,1.003
27.827373403,0.2670,0.9902,0.0088,1.026
27.829385442,0.2778,0.9987,0.0088,1.037
27.831478865,0.2985,1.0156,0.0086,1.059
27.833399249,0.3078,1.0236,0.0086,1.069
27.836621403,0.3281,1.0376,0.0088,1.088
27.838343673,0.3479,1.0503,0.0100,1.106
27.839579211,0.3569,1.0569,0.0100,1.116
27.841129903,0.3745,1.0666,0.0107,1.131
27.843247249,0.3899,1.0762,0.0129,1.145
27.845201288,0.3970,1.0796,0.0129,1.150
27.847331826,0.4107,1.0867,0.0134,1.162
27.849174673,0.4219,1.0896,0.0149,1.169
27.851256749,0.4258,1.0945,0.0149,1.175
27.860280288,0.4344,1.0999,0.0159,1.183
27.860887019,0.4366,1.0999,0.0171,1.183
27.861130173,0.4388,1.0994,0.0176,1.184
27.86141198,0.4390,1.0986,0.0186,1.183
27.861636596,0.4380,1.0994,0.0166,1.184
27.863393596,0.4346,1.0974,0.0144,1.180
27.864535711,0.4322,1.0957,0.0142,1.178
27.866525288,0.4251,1.0918,0.0134,1.172
27.888351019,0.4163,1.0845,0.0120,1.162
27.889725711,0.4114,1.0815,0.0112,1.157
27.890552749,0.3999,1.0749,0.0110,1.147
27.891242442,0.3845,1.0691,0.0107,1.136
27.891859249,0.3779,1.0654,0.0117,1.131
27.892704442,0.3643,1.0561,0.0134,1.117
27.893521249,0.3574,1.0505,0.0156,1.110
27.894386749,0.3452,1.0412,0.0181,1.097
27.89508298,0.3337,1.0324,0.0227,1.085
27.895916865,0.3276,1.0273,0.0257,1.079
27.896756749,0.3137,1.0166,0.0320,1.064
27.897460403,0.3005,1.0070,0.0413,1.052
27.898191019,0.2939,1.0017,0.0462,1.045
27.89895548,0.2839,0.9907,0.0542,1.032
27.899621057,0.2775,0.9850,0.0584,1.025
27.900424557,0.2648,0.9726,0.0701,1.010
27.901226057,0.2538,0.9613,0.0787,0.997
27.902103826,0.2487,0.9547,0.0843,0.990
27.904444865,0.2382,0.9447,0.0955,0.979
27.910327557,0.2287,0.9333,0.1036,0.966
27.911156865,0.2240,0.9267,0.1080,0.959
27.911850442,0.2138,0.9139,0.1185,0.946
27.912543211,0.2091,0.9071,0.1226,0.939
27.914096826,0.1998,0.8949,0.1292,0.926
27.916110519,0.1910,0.8839,0.1351,0.914
27.919516057,0.1854,0.8783,0.1383,0.908
27.920738942,0.1769,0.8675,0.1439,0.897
27.922246019,0.1691,0.8626,0.1502,0.892
27.924008019,0.1639,0.8499,0.1517,0.879
27.925964596,0.1539,0.8377,0.1542,0.866
27.927823365,0.1512,0.8326,0.1546,0.860
27.929936403,0.1429,0.8233,0.1554,0.850
27.931933442,0.1346,0.8145,0.1532,0.840
27.933857019,0.1322,0.8089,0.1522,0.834
27.936662172,0.1253,0.7986,0.1502,0.822
27.938268057,0.1178,0.7906,0.1459,0.812
27.939855019,0.1146,0.7874,0.1437,0.809
27.941789019,0.1065,0.7798,0.1373,0.799
27.943684749,0.1024,0.7759,0.1312,0.794
27.945868019,0.1009,0.7710,0.1273,0.788
27.947762711,0.0985,0.7659,0.1136,0.781
27.949755019,0.0982,0.7627,0.1075,0.776
27.951673788,0.0997,0.7593,0.0958,0.772
27.961244711,0.1024,0.7554,0.0831,0.767
27.962830134,0.1041,0.7520,0.0770,0.763
27.963991557,0.1087,0.7483,0.0647,0.759
27.964926711,0.1121,0.7481,0.0559,0.758
27.966123788,0.1134,0.7478,0.0515,0.758
27.967090903,0.1168,0.7454,0.0467,0.756
27.96823398,0.1182,0.7434,0.0457,0.754
27.969489672,0.1207,0.7422,0.0479,0.753
27.970470096,0.1270,0.7420,0.0518,0.755
27.971539249,0.1297,0.7424,0.0533,0.756
27.986112211,0.1353,0.7432,0.0596,0.758
27.987857403,0.1434,0.7434,0.0635,0.760
27.989191903,0.1463,0.7424,0.0711,0.760
27.990441095,0.1527,0.7456,0.0752,0.765
27.991707788,0.1556,0.7456,0.0772,0.766
27.993192403,0.1615,0.7466,0.0816,0.768
27.994480519,0.1681,0.7503,0.0865,0.774
27.995724134,0.1698,0.7520,0.0892,0.776
27.996854288,0.1737,0.7578,0.0945,0.783
27.998184826,0.1761,0.7642,0.0989,0.790
27.999392057,0.1771,0.7681,0.1009,0.795
28.000392211,0.1769,0.7766,0.1004,0.803
28.001665134,0.1771,0.7820,0.0994,0.808
28.002871095,0.1805,0.7928,0.1009,0.819
28.004050788,0.1803,0.8055,0.0972,0.831
28.005224672,0.1808,0.8111,0.0943,0.836
28.006341134,0.1798,0.8245,0.0892,0.849
28.007486711,0.1786,0.8367,0.0848,0.860
28.010691019,0.1783,0.8429,0.0840,0.866
28.011374249,0.1783,0.8539,0.0779,0.876
28.012733595,0.1796,0.8595,0.0752,0.881
28.014858519,0.1825,0.8707,0.0723,0.893
28.016689749,0.1847,0.8812,0.0672,0.903
28.019686865,0.1854,0.8851,0.0655,0.907
28.021814365,0.1862,0.8944,0.0640,0.916
28.022423326,0.1891,0.9044,0.0618,0.926
28.024421826,0.1908,0.9091,0.0635,0.931
28.026373903,0.1920,0.9174,0.0652,0.940
28.028338057,0.1920,0.9218,0.0657,0.944
28.030237519,0.1937,0.9279,0.0667,0.950
28.032298519,0.1964,0.9340,0.0718,0.957
28.034544903,0.1969,0.9384,0.0745,0.962
28.041539403,0.1952,0.9447,0.0787,0.968
28.042425557,0.1928,0.9472,0.0845,0.970
28.042905942,0.1918,0.9489,0.0882,0.972
28.043296326,0.1925,0.9547,0.0958,0.979
28.044420942,0.1930,0.9572,0.0982,0.981
28.046514634,0.1932,0.9596,0.1060,0.985
28.04837098,0.1915,0.9621,0.1126,0.987
28.050341249,0.1918,0.9645,0.1158,0.990
28.069530711,0.1903,0.9677,0.1219,0.994
28.070204288,0.1908,0.9694,0.1283,0.996
28.070493826,0.1898,0.9733,0.1317,1.000
28.070731249,0.1906,0.9767,0.1375,1.005
28.070978326,0.1908,0.9777,0.1402,1.006
28.071207442,0.1891,0.9797,0.1449,1.008
28.071433172,0.1891,0.9814,0.1498,1.011
28.071659326,0.1884,0.9814,0.1507,1.011
28.071896019,0.1857,0.9819,0.1539,1.011
28.072117172,0.1837,0.9819,0.1559,1.011
28.072342634,0.1805,0.9811,0.1583,1.010
28.074332134,0.1771,0.9782,0.1603,1.007
28.075813595,0.1752,0.9770,0.1612,1.006
28.07748748,0.1710,0.9731,0.1632,1.001
28.079820442,0.1681,0.9692,0.1630,0.997
28.082237057,0.1656,0.9675,0.1630,0.995
28.083490595,0.1642,0.9611,0.1644,0.989
28.087936519,0.1632,0.9579,0.1642,0.985
28.088567595,0.1612,0.9523,0.1630,0.980
28.090354288,0.1581,0.9447,0.1608,0.971
28.091650788,0.1573,0.9430,0.1608,0.969
28.093409365,0.1559,0.9403,0.1576,0.966
28.09570548,0.1566,0.9352,0.1524,0.960
28.097428018,0.1576,0.9315,0.1507,0.957
28.099754442,0.1595,0.9254,0.1480,0.951
28.101229942,0.1615,0.9215,0.1461,0.947
28.10380398,0.1617,0.9164,0.1397,0.941
28.105023211,0.1639,0.9115,0.1363,0.936
28.10710998,0.1659,0.9088,0.1329,0.933
28.109054288,0.1703,0.9049,0.1295,0.930
28.111178788,0.1727,0.9042,0.1236,0.929
28.112970288,0.1749,0.9012,0.1209,0.926
28.115291288,0.1781,0.8971,0.1148,0.922
28.116884557,0.1781,0.8942,0.1124,0.919
28.120854903,0.1801,0.8900,0.1102,0.915
28.121864711,0.1815,0.8866,0.1073,0.911
28.123178326,0.1830,0.8851,0.1048,0.910
28.124963788,0.1859,0.8841,0.1036,0.909
28.127055865,0.1857,0.8810,0.0999,0.906
28.128883211,0.1862,0.8800,0.0997,0.905
28.131198249,0.1859,0.8775,0.0989,0.902
28.132911442,0.1845,0.8763,0.0989,0.901
28.135277326,0.1825,0.8761,0.0994,0.900
28.139686518,0.1832,0.8758,0.0987,0.900
28.141508057,0.1830,0.8761,0.0977,0.900
28.142804211,0.1815,0.8766,0.0948,0.900
28.144024749,0.1786,0.8793,0.0916,0.902
28.145241095,0.1774,0.8807,0.0904,0.903
28.146882634,0.1766,0.8846,0.0889,0.906
28.148712365,0.1761,0.8866,0.0870,0.908
28.150832172,0.1752,0.8929,0.0848,0.914
28.161600288,0.1757,0.8986,0.0821,0.919
28.163330095,0.1752,0.9030,0.0809,0.923
28.164378557,0.1725,0.9132,0.0799,0.933
28.165622634,0.1710,0.9230,0.0767,0.942
28.166822672,0.1710,0.9284,0.0750,0.947
28.167842018,0.1710,0.9408,0.0718,0.959
28.168988095,0.1722,0.9462,0.0665,0.964
28.170393172,0.1722,0.9574,0.0662,0.975
28.170857288,0.1730,0.9704,0.0650,0.988
28.171279634,0.1742,0.9782,0.0643,0.996
28.187403172,0.1759,0.9912,0.0635,1.009
28.189151826,0.1749,1.0065,0.0603,1.023
28.190386442,0.1752,1.0139,0.0611,1.031
28.191391788,0.1774,1.0288,0.0633,1.046
28.192605018,0.1791,1.0359,0.0630,1.053
28.194159634,0.1793,1.0508,0.0633,1.068
28.195128134,0.1808,1.0642,0.0660,1.081
28.196398326,0.1830,1.0708,0.0674,1.088
28.197614941,0.1864,1.0855,0.0694,1.104
28.198614518,0.1871,1.0999,0.0743,1.118
28.199450518,0.1898,1.1077,0.0770,1.126
28.200564018,0.1925,1.1226,0.0801,1.142
28.201536826,0.1947,1.1292,0.0836,1.149
28.202793865,0.2006,1.1431,0.0901,1.164
28.204032634,0.2064,1.1541,0.0972,1.176
28.205107749,0.2091,1.1597,0.1011,1.183
28.206372749,0.2157,1.1700,0.1085,1.195
28.207167711,0.2226,1.1815,0.1165,1.208
28.208290865,0.2270,1.1851,0.1187,1.212
28.211388788,0.2340,1.1932,0.1248,1.222
28.213039711,0.2384,1.1964,0.1273,1.227
28.218042941,0.2470,1.2022,0.1324,1.234
28.219399018,0.2533,1.2071,0.1393,1.241
28.220535557,0.2573,1.2088,0.1419,1.244
28.221883326,0.2624,1.2122,0.1485,1.249
28.222975749,0.2673,1.2162,0.1559,1.255
28.223963711,0.2695,1.2174,0.1598,1.257
28.227066057,0.2719,1.2186,0.1659,1.260
28.229171326,0.2726,1.2191,0.1695,1.261
28.230505057,0.2724,1.2206,0.1757,1.263
28.232904557,0.2724,1.2201,0.1813,1.263
28.23365798,0.2729,1.2188,0.1840,1.262
28.235623365,0.2714,1.2169,0.1891,1.261
28.242640672,0.2707,1.2147,0.1901,1.259
28.243562095,0.2695,1.2135,0.1884,1.257
28.244042134,0.2675,1.2118,0.1849,1.255
28.24445298,0.2678,1.2108,0.1825,1.253
28.245552711,0.2687,1.2074,0.1801,1.250
28.247852788,0.2695,1.2037,0.1725,1.245
28.249427826,0.2702,1.2015,0.1686,1.243
28.251046557,0.2724,1.1981,0.1586,1.239
28.267236672,0.2780,1.1944,0.1488,1.235
28.269127365,0.2810,1.1934,0.1437,1.234
28.270372134,0.2863,1.1900,0.1344,1.231
28.271880788,0.2902,1.1883,0.1287,1.230
28.273392941,0.3000,1.1881,0.1165,1.231
28.274442634,0.3115,1.1898,0.1055,1.234
28.275572788,0.3166,1.1907,0.1011,1.236
28.276968172,0.3274,1.1937,0.0931,1.241
28.278030441,0.3401,1.1995,0.0843,1.250
28.279109403,0.3454,1.2025,0.0811,1.254
28.27993948,0.3582,1.2093,0.0799,1.264
28.281074134,0.3721,1.2132,0.0801,1.272
28.282234865,0.3782,1.2206,0.0814,1.280
28.283345365,0.3919,1.2269,0.0840,1.291
28.284426211,0.3980,1.2303,0.0877,1.296
28.286061865,0.4119,1.2367,0.0960,1.307
28.287806826,0.4251,1.2416,0.1087,1.317
28.289017403,0.4314,1.2433,0.1153,1.321
28.290013788,0.4429,1.2482,0.1285,1.331
28.291035749,0.4578,1.2504,0.1371,1.339
28.294141211,0.4634,1.2516,0.1539,1.343
28.295844326,0.4762,1.2523,0.1722,1.351
28.301385249,0.4823,1.2526,0.1823,1.355
28.302805826,0.4928,1.2513,0.2003,1.360
28.30399448,0.4999,1.2511,0.2187,1.365
28.305643711,0.5040,1.2506,0.2267,1.367
28.30643048,0.5079,1.2465,0.2424,1.368
28.306905403,0.5069,1.2452,0.2482,1.367
28.309178941,0.5025,1.2421,0.2568,1.364
28.310383826,0.4906,1.2359,0.2590,1.355
28.312381211,0.4840,1.2337,0.2595,1.350
28.314243364,0.4666,1.2274,0.2551,1.338
28.316229903,0.4461,1.2245,0.2463,1.326
28.318431172,0.4334,1.2230,0.2399,1.320
28.320972403,0.4097,1.2240,0.2196,1.309
28.322989057,0.3982,1.2240,0.2089,1.304
28.324283057,0.3728,1.2232,0.1859,1.292
28.326370749,0.3501,1.2228,0.1600,1.282
28.32775798,0.3401,1.2220,0.1463,1.277
28.330436518,0.3205,1.2181,0.1200,1.265
28.331982518,0.3039,1.2157,0.0914,1.256
28.334033057,0.2956,1.2125,0.0789,1.250
28.342079826,0.2832,1.2074,0.0569,1.241
28.342967364,0.2768,1.2037,0.0464,1.236
28.34341848,0.2653,1.1949,0.0274,1.224
28.343841172,0.2585,1.1854,0.0110,1.213
28.344247711,0.2555,1.1802,0.0044,1.208
28.345911288,0.2477,1.1702,-0.0078,1.196
28.347807057,0.2414,1.1646,-0.0134,1.189
28.349610057,0.2389,1.1517,-0.0227,1.176
28.351681634,0.2311,1.1399,-0.0308,1.164
28.367915864,0.2270,1.1328,-0.0340,1.156
28.370328826,0.2211,1.1170,-0.0381,1.139
28.371596672,0.2135,1.1011,-0.0406,1.122
28.373187788,0.2101,1.0925,-0.0408,1.113
28.374640249,0.2045,1.0769,-0.0391,1.097
28.376075672,0.2016,1.0674,-0.0371,1.087
28.377329941,0.1945,1.0508,-0.0303,1.069
28.378391557,0.1898,1.0349,-0.0235,1.052
28.379523326,0.1862,1.0246,-0.0188,1.042
28.380408364,0.1849,1.0051,-0.0064,1.022
28.381705749,0.1813,0.9860,0.0071,1.003
28.382685749,0.1805,0.9762,0.0142,0.993
28.384019941,0.1779,0.9538,0.0293,0.971
28.385579134,0.1779,0.9428,0.0374,0.960
28.386891249,0.1808,0.9220,0.0484,0.941
28.388056134,0.1830,0.9012,0.0608,0.922
28.389662711,0.1832,0.8907,0.0662,0.912
28.390842057,0.1871,0.8685,0.0772,0.892
28.391791057,0.1908,0.8477,0.0865,0.873
28.392979518,0.1937,0.8377,0.0906,0.865
28.394081172,0.1989,0.8194,0.0967,0.849
28.395037211,0.2016,0.8094,0.0965,0.840
28.398156595,0.2060,0.7908,0.0965,0.823
28.399033672,0.2108,0.7735,0.0960,0.807
28.400732788,0.2138,0.7652,0.0943,0.800
28.406470749,0.2206,0.7493,0.0880,0.786
28.407208826,0.2270,0.7351,0.0821,0.774
28.40763248,0.2292,0.7288,0.0787,0.768
28.409125211,0.2340,0.7129,0.0694,0.754
28.410849864,0.2362,0.7073,0.0652,0.749
28.412678749,0.2414,0.6960,0.0550,0.739
28.414951249,0.2487,0.6836,0.0454,0.729
28.416396595,0.2519,0.6784,0.0415,0.725
28.418465211,0.2587,0.6692,0.0308,0.718
28.421321672,0.2648,0.6613,0.0215,0.713
28.423362403,0.2670,0.6572,0.0161,0.710
28.424452672,0.2739,0.6501,0.0044,0.705
28.42684848,0.2775,0.6472,-0.0007,0.704
28.428570557,0.2829,0.6420,-0.0088,0.702
28.43116348,0.2871,0.6389,-0.0164,0.701
28.432624634,0.2893,0.6374,-0.0213,0.700
28.434712518,0.2915,0.6369,-0.0274,0.701
28.438791364,0.2944,0.6391,-0.0332,0.704
28.440078941,0.2949,0.6406,-0.0366,0.706
28.440846711,0.2998,0.6433,-0.0415,0.711
28.442310826,0.3007,0.6496,-0.0447,0.717
28.444021249,0.3022,0.6535,-0.0464,0.722
28.446187249,0.3049,0.6626,-0.0481,0.731
28.448184095,0.3056,0.6679,-0.0489,0.736
28.450142826,0.3066,0.6799,-0.0506,0.748
28.451904787,0.3078,0.6919,-0.0498,0.759
28.461023672,0.3100,0.6990,-0.0486,0.766
28.462265403,0.3130,0.7124,-0.0442,0.779
28.463043826,0.3130,0.7205,-0.0408,0.787
28.463847249,0.3139,0.7376,-0.0401,0.803
28.464651441,0.3176,0.7539,-0.0371,0.819
28.465519287,0.3193,0.7625,-0.0364,0.827
28.466358787,0.3198,0.7798,-0.0318,0.843
28.467775749,0.3232,0.7994,-0.0269,0.863
28.482319518,0.3254,0.8099,-0.0249,0.873
28.483687441,0.3279,0.8284,-0.0215,0.891
28.48469348,0.3291,0.8392,-0.0151,0.902
28.485781711,0.3310,0.8582,-0.0139,0.920
28.486804018,0.3345,0.8766,-0.0090,0.938
28.487982903,0.3354,0.8861,-0.0066,0.947
28.488981441,0.3364,0.9042,0.0005,0.965
28.490111249,0.3367,0.9223,0.0042,0.982
28.491030864,0.3369,0.9306,0.0071,0.990
28.491956518,0.3381,0.9455,0.0125,1.004
28.492716826,0.3379,0.9521,0.0137,1.010
28.494022711,0.3384,0.9667,0.0156,1.024
28.494960364,0.3393,0.9770,0.0186,1.034
28.495974903,0.3401,0.9819,0.0205,1.039
28.498873518,0.3411,0.9921,0.0227,1.049
28.500263211,0.3418,1.0014,0.0239,1.058
28.501327941,0.3423,1.0061,0.0239,1.063
28.503279557,0.3401,1.0095,0.0232,1.065
28.510744364,0.3391,1.0107,0.0227,1.066
28.511711557,0.3384,1.0126,0.0208,1.068
28.512393095,0.3384,1.0134,0.0171,1.069
28.513814595,0.3371,1.0129,0.0161,1.068
28.514795249,0.3349,1.0109,0.0139,1.065
28.515683557,0.3349,1.0090,0.0107,1.063
28.516980095,0.3342,1.0046,0.0086,1.059
28.518976864,0.3335,0.9982,0.0022,1.052
28.522010364,0.3335,0.9965,-0.0002,1.051
28.523639634,0.3325,0.9882,-0.0029,1.043
28.525485672,0.3298,0.9826,-0.0071,1.036
28.52681571,0.3279,0.9792,-0.0098,1.033
28.528985787,0.3257,0.9731,-0.0151,1.026
28.530948672,0.3220,0.9684,-0.0171,1.021
28.532547326,0.3218,0.9589,-0.0191,1.012
28.534713864,0.3230,0.9516,-0.0210,1.005
28.538008364,0.3222,0.9472,-0.0222,1.001
28.539846441,0.3232,0.9372,-0.0242,0.992
28.541633326,0.3230,0.9291,-0.0244,0.984
28.542969518,0.3230,0.9247,-0.0230,0.980
28.544742057,0.3230,0.9127,-0.0203,0.968
28.546631826,0.3240,0.9044,-0.0151,0.961
28.548451903,0.3252,0.8995,-0.0120,0.957
28.550535326,0.3259,0.8898,-0.0073,0.948
28.552553172,0.3254,0.8851,-0.0046,0.943
28.563856749,0.3257,0.8766,0.0046,0.935
28.565766018,0.3242,0.8661,0.0100,0.925
28.566717403,0.3235,0.8631,0.0132,0.922
28.567822172,0.3205,0.8553,0.0205,0.914
28.568983095,0.3181,0.8458,0.0310,0.904
28.570374518,0.3169,0.8424,0.0357,0.901
28.571628634,0.3115,0.8350,0.0425,0.892
28.572687364,0.3088,0.8321,0.0452,0.889
28.574066364,0.3034,0.8258,0.0511,0.881
28.575410134,0.2978,0.8206,0.0508,0.874
28.576582095,0.2949,0.8179,0.0520,0.871
28.577544364,0.2907,0.8131,0.0523,0.865
28.578025634,0.2932,0.8065,0.0533,0.860
28.585426441,0.2922,0.8035,0.0523,0.857
28.58597498,0.2907,0.7984,0.0501,0.851
28.586228557,0.2907,0.7964,0.0498,0.849
28.586481864,0.2900,0.7925,0.0513,0.845
28.58782421,0.2897,0.7886,0.0562,0.842
28.590352441,0.2885,0.7874,0.0589,0.841
28.591975287,0.2871,0.7854,0.0640,0.839
28.593938134,0.2893,0.7810,0.0726,0.836
28.595979018,0.2902,0.7796,0.0774,0.835
28.597871057,0.2902,0.7793,0.0828,0.836
28.600015057,0.2907,0.7798,0.0850,0.837
28.602031787,0.2902,0.7788,0.0875,0.836
28.604841403,0.2885,0.7791,0.0889,0.836
28.605685095,0.2890,0.7801,0.0892,0.837
28.607653518,0.2897,0.7810,0.0836,0.837
28.60944448,0.2861,0.7813,0.0787,0.836
28.61136648,0.2839,0.7847,0.0762,0.838
28.61377098,0.2824,0.7876,0.0740,0.840
28.615612941,0.2802,0.7884,0.0728,0.840
28.617551903,0.2756,0.7950,0.0696,0.844
28.619504441,0.2714,0.8008,0.0628,0.848
28.623165826,0.2704,0.8043,0.0586,0.851
28.624946249,0.2658,0.8121,0.0503,0.856
28.62635298,0.2612,0.8218,0.0401,0.863
28.628037903,0.2582,0.8258,0.0349,0.866
28.629648826,0.2541,0.8319,0.0242,0.870
28.63143548,0.2485,0.8360,0.0164,0.872
28.633392595,0.2455,0.8451,0.0137,0.880
28.635333557,0.2424,0.8529,0.0059,0.887
28.638962172,0.2409,0.8565,0.0032,0.890
28.640639518,0.2387,0.8634,0.0000,0.896
28.642578826,0.2372,0.8707,0.0007,0.902
28.643969595,0.2365,0.8736,0.0015,0.905
28.645392403,0.2340,0.8793,0.0059,0.910
28.647235326,0.2343,0.8824,0.0086,0.913
28.648973249,0.2362,0.8888,0.0154,0.920
28.651009595,0.2362,0.8937,0.0244,0.925
28.661681672,0.2353,0.8951,0.0293,0.926
28.663185133,0.2370,0.8988,0.0398,0.930
28.664242633,0.2360,0.9022,0.0515,0.934
28.665609133,0.2372,0.9032,0.0577,0.936
28.666722557,0.2402,0.9088,0.0696,0.943
28.667524018,0.2421,0.9110,0.0755,0.946
28.668728018,0.2431,0.9125,0.0897,0.949
28.66987098,0.2450,0.9149,0.1019,0.953
28.670188518,0.2465,0.9147,0.1085,0.954
28.684366133,0.2489,0.9179,0.1204,0.959
28.684880133,0.2514,0.9220,0.1287,0.964
28.685151326,0.2543,0.9240,0.1329,0.968
28.685451595,0.2558,0.9281,0.1393,0.973
28.68568721,0.2573,0.9286,0.1417,0.974
28.685920941,0.2624,0.9313,0.1466,0.979
28.686154249,0.2658,0.9315,0.1478,0.980
28.686379364,0.2675,0.9320,0.1485,0.981
28.692324864,0.2739,0.9350,0.1515,0.986
28.692788018,0.2814,0.9372,0.1542,0.991
28.693023403,0.2844,0.9364,0.1549,0.991
28.69325198,0.2900,0.9381,0.1515,0.994
28.69439371,0.2922,0.9386,0.1502,0.994
28.696421133,0.2971,0.9374,0.1510,0.995
28.698257326,0.3005,0.9357,0.1493,0.994
28.700182595,0.3025,0.9354,0.1476,0.994
28.702207133,0.3078,0.9357,0.1439,0.995
28.704757595,0.3110,0.9352,0.1397,0.995
28.70736298,0.3125,0.9323,0.1371,0.993
28.707952941,0.3164,0.9306,0.1329,0.992
28.710045133,0.3183,0.9296,0.1322,0.991
28.712102864,0.3205,0.9264,0.1302,0.989
28.714023903,0.3237,0.9235,0.1275,0.987
28.715984672,0.3261,0.9220,0.1256,0.986
28.718203364,0.3269,0.9203,0.1248,0.985
28.721738941,0.3269,0.9161,0.1236,0.981
28.723038672,0.3279,0.9144,0.1234,0.979
28.72402121,0.3283,0.9105,0.1204,0.975
28.725977057,0.3296,0.9081,0.1212,0.974
28.728015287,0.3320,0.9042,0.1231,0.971
28.729992787,0.3330,0.9008,0.1229,0.968
28.731839941,0.3325,0.8986,0.1222,0.966
28.73383671,0.3301,0.8942,0.1226,0.961
28.735787249,0.3286,0.8927,0.1253,0.959
28.739578672,0.3269,0.8910,0.1261,0.957
28.741157787,0.3249,0.8885,0.1275,0.955
28.743016633,0.3237,0.8863,0.1273,0.952
28.744212787,0.3191,0.8829,0.1300,0.948
28.74568421,0.3169,0.8802,0.1327,0.945
28.747691826,0.3164,0.8795,0.1349,0.944
28.749616864,0.3132,0.8790,0.1393,0.943
28.751498595,0.3086,0.8761,0.1417,0.940
28.753571056,0.3064,0.8741,0.1427,0.937
28.762551095,0.3029,0.8724,0.1454,0.935
28.763939864,0.3005,0.8734,0.1473,0.935
28.764759095,0.2949,0.8746,0.1480,0.935
28.765926056,0.2890,0.8729,0.1500,0.932
28.76683848,0.2858,0.8732,0.1512,0.931
28.767901556,0.2797,0.8732,0.1524,0.929
28.768738133,0.2746,0.8729,0.1546,0.928
28.770047633,0.2717,0.8744,0.1554,0.929
28.78501548,0.2670,0.8729,0.1593,0.927
28.786729441,0.2663,0.8722,0.1608,0.926
28.787818633,0.2631,0.8739,0.1615,0.927
28.78901448,0.2580,0.8756,0.1622,0.927
28.790075095,0.2565,0.8756,0.1634,0.927
28.791290172,0.2563,0.8761,0.1664,0.928
28.792322249,0.2560,0.8763,0.1695,0.929
28.79365021,0.2558,0.8766,0.1695,0.929
28.79467298,0.2546,0.8778,0.1676,0.929
28.795508056,0.2551,0.8780,0.1676,0.930
28.796199595,0.2560,0.8802,0.1671,0.932
28.797237556,0.2582,0.8832,0.1654,0.935
28.798111287,0.2599,0.8844,0.1642,0.936
28.799213749,0.2629,0.8873,0.1610,0.939
28.799962864,0.2656,0.8895,0.1583,0.942
28.80099698,0.2665,0.8907,0.1564,0.943
28.803749364,0.2692,0.8956,0.1515,0.947
28.805438556,0.2704,0.8981,0.1488,0.950
28.810815326,0.2736,0.9010,0.1432,0.952
28.812109326,0.2763,0.9071,0.1366,0.958
28.813398133,0.2775,0.9100,0.1331,0.961
28.81440948,0.2810,0.9147,0.1246,0.965
28.815517941,0.2807,0.9183,0.1209,0.968
28.816572133,0.2819,0.9240,0.1134,0.973
28.818590326,0.2829,0.9308,0.1068,0.979
28.821694556,0.2834,0.9352,0.1026,0.983
28.824075172,0.2851,0.9425,0.0941,0.989
28.824795826,0.2883,0.9508,0.0867,0.997
28.826417249,0.2910,0.9540,0.0833,1.001
28.828293941,0.2963,0.9609,0.0770,1.008
28.830294749,0.2971,0.9653,0.0735,1.013
28.832025441,0.3007,0.9738,0.0669,1.021
28.834297903,0.3042,0.9821,0.0611,1.030
28.836066518,0.3061,0.9858,0.0581,1.034
28.838733287,0.3110,0.9936,0.0564,1.043
28.840747133,0.3147,1.0024,0.0574,1.052
28.841976556,0.3174,1.0073,0.0611,1.058
28.844044787,0.3215,1.0166,0.0689,1.068
28.846053672,0.3240,1.0214,0.0733,1.074
28.847886672,0.3257,1.0295,0.0833,1.083
28.849885672,0.3257,1.0349,0.0960,1.089
28.851938364,0.3266,1.0388,0.1026,1.094
28.859507133,0.3286,1.0488,0.1158,1.105
28.860347326,0.3313,1.0554,0.1278,1.114
28.860764326,0.3335,1.0588,0.1336,1.118
28.861202249,0.3352,1.0657,0.1456,1.127
28.861701095,0.3357,1.0681,0.1500,1.130
28.864314056,0.3396,1.0720,0.1554,1.135
28.865751787,0.3428,1.0742,0.1605,1.139
28.86815821,0.3450,1.0757,0.1627,1.141
28.869605479,0.3489,1.0796,0.1647,1.146
28.884703595,0.3491,1.0813,0.1649,1.148
28.886385172,0.3503,1.0815,0.1659,1.149
28.88757971,0.3538,1.0850,0.1695,1.154
28.888625518,0.3552,1.0867,0.1710,1.156
28.889791095,0.3591,1.0852,0.1747,1.156
28.89085871,0.3604,1.0857,0.1815,1.158
28.891714864,0.3616,1.0850,0.1857,1.159
28.892811941,0.3618,1.0813,0.1942,1.157
28.894023826,0.3616,1.0803,0.2035,1.157
28.894719018,0.3623,1.0776,0.2099,1.156
28.895629056,0.3616,1.0742,0.2187,1.154
28.896329172,0.3606,1.0713,0.2221,1.152
28.897261326,0.3586,1.0662,0.2245,1.147
28.898185826,0.3574,1.0620,0.2304,1.144
28.898993518,0.3547,1.0605,0.2321,1.142
28.901652518,0.3484,1.0569,0.2318,1.137
28.903075518,0.3452,1.0566,0.2316,1.135
28.911614903,0.3420,1.0559,0.2316,1.134
28.913526095,0.3313,1.0554,0.2296,1.130
28.914505287,0.3242,1.0574,0.2262,1.129
28.915731364,0.3117,1.0615,0.2179,1.128
28.917187787,0.2951,1.0662,0.2062,1.125
28.918691441,0.2861,1.0701,0.1996,1.125
28.920208633,0.2675,1.0801,0.1830,1.128
28.922190133,0.2470,1.0855,0.1739,1.127
28.923536672,0.2382,1.1011,0.1539,1.137
28.924993326,0.2233,1.1162,0.1317,1.146
28.926512364,0.2187,1.1241,0.1212,1.152
28.927557326,0.2116,1.1390,0.1011,1.163
28.928779018,0.2084,1.1587,0.0840,1.180
28.934189518,0.2094,1.1671,0.0752,1.188
28.934676787,0.2155,1.1883,0.0618,1.209
28.934926133,0.2187,1.1986,0.0577,1.220
28.936186749,0.2267,1.2201,0.0542,1.242
28.941768326,0.2338,1.2421,0.0528,1.265
28.942356903,0.2370,1.2518,0.0552,1.275
28.942608595,0.2455,1.2719,0.0618,1.297
28.944108749,0.2546,1.2904,0.0752,1.317
28.946284903,0.2587,1.3000,0.0828,1.328
28.948045518,0.2692,1.3168,0.1002,1.348
28.950075633,0.2744,1.3249,0.1107,1.358
28.951930479,0.2814,1.3383,0.1324,1.374
28.963214556,0.2897,1.3486,0.1544,1.388
28.96370521,0.2941,1.3527,0.1647,1.394
28.963956672,0.3005,1.3593,0.1854,1.404
28.964187826,0.3042,1.3601,0.2038,1.408
28.964417864,0.3068,1.3593,0.2118,1.410
28.964637018,0.3110,1.3571,0.2253,1.410
28.965999402,0.3144,1.3527,0.2292,1.408
28.967862249,0.3149,1.3400,0.2355,1.397
28.970239095,0.3142,1.3263,0.2360,1.383
28.972814441,0.3149,1.3171,0.2345,1.374
28.973992095,0.3152,1.2975,0.2257,1.354
28.975894787,0.3125,1.2738,0.2106,1.328
28.977960595,0.3117,1.2616,0.2023,1.315
28.980911826,0.3142,1.2389,0.1835,1.291
28.981843172,0.3130,1.2154,0.1608,1.265
28.983730249,0.3132,1.2039,0.1483,1.253
28.985876056,0.3127,1.1810,0.1214,1.228
28.988641864,0.3112,1.1697,0.1087,1.215
28.989762826,0.3081,1.1507,0.0823,1.194
28.991847864,0.3007,1.1321,0.0599,1.173
28.993671441,0.2971,1.1236,0.0503,1.163
28.995379133,0.2897,1.1060,0.0296,1.144
28.997310595,0.2836,1.0974,0.0120,1.134
28.999314556,0.2805,1.0803,0.0034,1.116
29.001517441,0.2739,1.0627,-0.0134,1.098
29.003861402,0.2702,1.0549,-0.0198,1.089
29.006245672,0.2653,1.0376,-0.0352,1.072
29.007760864,0.2592,1.0210,-0.0472,1.054
29.009448172,0.2565,1.0119,-0.0535,1.045
29.011267172,0.2504,0.9943,-0.0647,1.027
29.013247633,0.2441,0.9850,-0.0760,1.018
29.015537479,0.2404,0.9692,-0.0814,1.002
29.017215595,0.2362,0.9521,-0.0914,0.985
29.019493364,0.2343,0.9438,-0.0955,0.977
29.022621518,0.2309,0.9259,-0.1041,0.960
29.023980133,0.2250,0.9110,-0.1119,0.945
29.025320056,0.2216,0.9037,-0.1146,0.937
29.027305441,0.2143,0.8868,-0.1219,0.920
29.029043402,0.2069,0.8710,-0.1275,0.904
29.030997441,0.2025,0.8644,-0.1295,0.897
29.033150479,0.1930,0.8507,-0.1317,0.882
29.035173633,0.1832,0.8426,-0.1319,0.872
29.037221249,0.1781,0.8284,-0.1319,0.858
29.040048749,0.1688,0.8179,-0.1300,0.845
29.041357364,0.1642,0.8116,-0.1305,0.838
29.043162095,0.1556,0.8001,-0.1275,0.825
29.045103402,0.1451,0.7894,-0.1214,0.812
29.047068133,0.1397,0.7845,-0.1182,0.806
29.048973095,0.1305,0.7754,-0.1109,0.794
29.051052672,0.1263,0.7715,-0.1073,0.789
29.052753902,0.1185,0.7630,-0.0960,0.778
29.06231121,0.1092,0.7576,-0.0848,0.770
29.063844825,0.1051,0.7561,-0.0789,0.767
29.065046172,0.0975,0.7520,-0.0669,0.761
29.066087864,0.0936,0.7473,-0.0540,0.755
29.067079902,0.0901,0.7464,-0.0467,0.753
29.068079556,0.0843,0.7444,-0.0340,0.750
29.070078672,0.0796,0.7446,-0.0208,0.749
29.071227864,0.0777,0.7432,-0.0154,0.747
29.072221941,0.0765,0.7444,-0.0049,0.748
29.073644364,0.0765,0.7449,0.0002,0.749
29.085765864,0.0765,0.7481,0.0115,0.752
29.086236018,0.0750,0.7534,0.0193,0.757
29.086488441,0.0755,0.7573,0.0225,0.761
29.086725979,0.0762,0.7644,0.0271,0.769
29.086969018,0.0789,0.7669,0.0303,0.772
29.08719121,0.0818,0.7762,0.0327,0.781
29.087425095,0.0850,0.7854,0.0357,0.791
29.088410056,0.0887,0.7908,0.0366,0.797
29.090342325,0.0975,0.8018,0.0362,0.809
29.092092095,0.1082,0.8145,0.0381,0.823
29.094236518,0.1116,0.8204,0.0369,0.829
29.096062941,0.1209,0.8338,0.0342,0.843
29.098194479,0.1314,0.8470,0.0327,0.858
29.100008402,0.1358,0.8548,0.0315,0.866
29.102059364,0.1473,0.8697,0.0298,0.883
29.10554971,0.1529,0.8766,0.0291,0.890
29.106789749,0.1642,0.8910,0.0264,0.906
29.108318441,0.1725,0.9074,0.0254,0.924
29.110300325,0.1776,0.9144,0.0247,0.932
29.112194172,0.1869,0.9274,0.0210,0.946
29.114240249,0.1976,0.9403,0.0200,0.961
29.115989287,0.2025,0.9467,0.0198,0.968
29.118019556,0.2123,0.9604,0.0181,0.984
29.119986287,0.2165,0.9660,0.0178,0.990
29.122869825,0.2253,0.9782,0.0217,1.004
29.124295787,0.2362,0.9872,0.0252,1.015
29.126329787,0.2406,0.9914,0.0281,1.021
29.128310441,0.2492,1.0026,0.0296,1.034
29.130498364,0.2587,1.0119,0.0335,1.045
29.131898479,0.2624,1.0146,0.0359,1.049
29.133906133,0.2712,1.0217,0.0398,1.058
29.13597971,0.2751,1.0258,0.0418,1.063
29.139701325,0.2807,1.0315,0.0462,1.070
29.141251095,0.2863,1.0368,0.0491,1.077
29.142587864,0.2888,1.0388,0.0513,1.079
29.143712864,0.2922,1.0400,0.0550,1.082
29.146128325,0.2966,1.0400,0.0581,1.083
29.147670056,0.2993,1.0405,0.0606,1.084
29.149606825,0.3027,1.0407,0.0640,1.086
29.151783672,0.3029,1.0403,0.0650,1.085
29.15377621,0.3046,1.0395,0.0665,1.085
29.16415971,0.3056,1.0363,0.0706,1.083
29.16583621,0.3081,1.0341,0.0718,1.081
29.166927441,0.3071,1.0300,0.0760,1.077
29.168054633,0.3064,1.0249,0.0799,1.073
29.169179595,0.3071,1.0222,0.0814,1.070
29.170470287,0.3059,1.0156,0.0872,1.064
29.17172321,0.3051,1.0126,0.0887,1.061
29.172573672,0.3027,1.0090,0.0948,1.058
29.173757633,0.2990,1.0029,0.0992,1.051
29.174283595,0.2968,1.0002,0.1004,1.048
29.187424941,0.2924,0.9929,0.1043,1.040
29.188160018,0.2846,0.9853,0.1094,1.031
29.188520672,0.2805,0.9821,0.1116,1.027
29.18886921,0.2722,0.9748,0.1134,1.018
29.189210787,0.2682,0.9714,0.1143,1.014
29.18961071,0.2617,0.9633,0.1134,1.005
29.189924518,0.2580,0.9543,0.1143,0.995
29.190261479,0.2565,0.9494,0.1136,0.990
29.191123556,0.2543,0.9386,0.1109,0.979
29.192877825,0.2531,0.9301,0.1116,0.970
29.195225825,0.2514,0.9254,0.1134,0.966
29.19723571,0.2467,0.9159,0.1190,0.956
29.199198095,0.2419,0.9071,0.1283,0.948
29.200912979,0.2392,0.9012,0.1339,0.942
29.20300721,0.2377,0.8925,0.1437,0.935
29.205473095,0.2345,0.8878,0.1490,0.930
29.206663287,0.2306,0.8783,0.1568,0.922
29.208636248,0.2260,0.8702,0.1630,0.914
29.210730825,0.2243,0.8668,0.1642,0.910
29.212803095,0.2206,0.8587,0.1615,0.901
29.214883556,0.2167,0.8556,0.1554,0.896
29.216623864,0.2145,0.8497,0.1510,0.889
29.218730133,0.2108,0.8433,0.1395,0.880
29.22065171,0.2099,0.8414,0.1341,0.877
29.223496441,0.2047,0.8355,0.1234,0.869
29.224503325,0.2001,0.8314,0.1131,0.863
29.226536748,0.1986,0.8306,0.1080,0.861
29.228708902,0.1952,0.8289,0.0958,0.857
29.230672864,0.1896,0.8275,0.0843,0.853
29.232228095,0.1874,0.8250,0.0777,0.850
29.234647864,0.1820,0.8253,0.0652,0.848
29.236127748,0.1803,0.8248,0.0594,0.846
29.24307521,0.1742,0.8245,0.0493,0.844
29.24389621,0.1700,0.8245,0.0401,0.843
29.244291902,0.1673,0.8253,0.0359,0.843
29.244663595,0.1642,0.8260,0.0288,0.843
29.246605479,0.1608,0.8265,0.0237,0.842
29.248148864,0.1608,0.8270,0.0230,0.843
29.250128748,0.1598,0.8258,0.0244,0.841
29.252007748,0.1590,0.8253,0.0264,0.841
29.254128364,0.1583,0.8250,0.0315,0.841
29.272562441,0.1608,0.8258,0.0376,0.842
29.274206325,0.1610,0.8255,0.0413,0.842
29.274630133,0.1612,0.8248,0.0508,0.842
29.274939556,0.1632,0.8236,0.0628,0.842
29.275243787,0.1637,0.8243,0.0689,0.843
29.275554595,0.1659,0.8231,0.0828,0.844
29.275857825,0.1659,0.8240,0.0892,0.845
29.276151902,0.1710,0.8260,0.1016,0.850
29.276460248,0.1737,0.8280,0.1129,0.853
29.276897364,0.1735,0.8302,0.1180,0.856
29.277330787,0.1759,0.8324,0.1261,0.860
29.277695095,0.1808,0.8348,0.1334,0.864
29.27979771,0.1827,0.8363,0.1361,0.867
29.281869979,0.1886,0.8402,0.1393,0.872
29.283709171,0.1910,0.8426,0.1405,0.875
29.285773095,0.1964,0.8470,0.1434,0.881
29.287859018,0.2018,0.8536,0.1432,0.889
29.290303056,0.2035,0.8573,0.1427,0.893
29.291630825,0.2099,0.8636,0.1402,0.900
29.293751595,0.2152,0.8668,0.1388,0.904
29.297508671,0.2182,0.8739,0.1385,0.911
29.299172671,0.2243,0.8815,0.1380,0.920
29.29984971,0.2262,0.8844,0.1375,0.923
29.301603748,0.2282,0.8917,0.1368,0.931
29.303922325,0.2294,0.8964,0.1356,0.935
29.306973902,0.2306,0.9005,0.1356,0.939
29.307971825,0.2314,0.9083,0.1349,0.947
29.309636095,0.2314,0.9147,0.1327,0.953
29.31176671,0.2311,0.9169,0.1314,0.955
29.31349171,0.2296,0.9213,0.1292,0.958
29.315784864,0.2282,0.9240,0.1290,0.960
29.317452287,0.2262,0.9311,0.1258,0.966
29.319673479,0.2238,0.9359,0.1241,0.970
29.321463479,0.2216,0.9389,0.1231,0.972
29.324379518,0.2174,0.9425,0.1204,0.975
29.324989979,0.2138,0.9467,0.1197,0.978
29.327102441,0.2113,0.9494,0.1192,0.980
29.328978787,0.2047,0.9528,0.1168,0.982
29.331538056,0.2035,0.9543,0.1148,0.982
29.333188402,0.2008,0.9565,0.1114,0.984
29.335750941,0.1969,0.9596,0.1112,0.986
29.337046479,0.1950,0.9609,0.1112,0.987
29.344299787,0.1901,0.9611,0.1116,0.986
29.345141864,0.1852,0.9638,0.1114,0.988
29.345661248,0.1840,0.9648,0.1116,0.988
29.346338556,0.1810,0.9679,0.1114,0.991
29.346757825,0.1798,0.9682,0.1116,0.991
29.349017095,0.1769,0.9675,0.1119,0.990
29.351560056,0.1717,0.9689,0.1124,0.990
29.352691479,0.1695,0.9697,0.1119,0.991
29.354754018,0.1681,0.9704,0.1146,0.991
29.371549095,0.1644,0.9697,0.1173,0.990
29.373892633,0.1630,0.9697,0.1180,0.990
29.375058325,0.1586,0.9694,0.1202,0.990
29.375991056,0.1566,0.9704,0.1212,0.990
29.377630671,0.1529,0.9687,0.1248,0.989
29.378981595,0.1505,0.9689,0.1266,0.989
29.380330864,0.1500,0.9697,0.1275,0.989
29.381767479,0.1478,0.9655,0.1319,0.986
29.382973364,0.1473,0.9648,0.1341,0.985
29.383927056,0.1449,0.9616,0.1336,0.982
29.384972748,0.1415,0.9591,0.1378,0.979
29.386139056,0.1415,0.9577,0.1388,0.978
29.387115633,0.1407,0.9533,0.1439,0.974
29.388725056,0.1400,0.9504,0.1459,0.972
29.390240133,0.1395,0.9482,0.1483,0.970
29.391573056,0.1363,0.9452,0.1512,0.967
29.392714594,0.1373,0.9428,0.1527,0.965
29.394006518,0.1371,0.9379,0.1537,0.960
29.39493121,0.1390,0.9311,0.1559,0.954
29.395901556,0.1393,0.9281,0.1573,0.952
29.396917056,0.1407,0.9247,0.1598,0.949
29.398152325,0.1422,0.9198,0.1615,0.945
29.400490902,0.1417,0.9183,0.1625,0.943
29.401924171,0.1441,0.9149,0.1642,0.941
29.403960325,0.1446,0.9139,0.1644,0.940
29.411207825,0.1446,0.9088,0.1659,0.935
29.412154094,0.1476,0.9044,0.1686,0.932
29.413068594,0.1490,0.9030,0.1695,0.931
29.413610748,0.1515,0.9005,0.1715,0.929
29.414045248,0.1537,0.8995,0.1725,0.929
29.416002479,0.1549,0.8973,0.1717,0.927
29.417744056,0.1561,0.8946,0.1722,0.924
29.419795902,0.1554,0.8944,0.1727,0.924
29.423208518,0.1566,0.8922,0.1744,0.922
29.423971941,0.1583,0.8912,0.1761,0.922
29.425226594,0.1581,0.8900,0.1774,0.921
29.427474556,0.1598,0.8898,0.1783,0.921
29.429627518,0.1610,0.8868,0.1818,0.919
29.431886748,0.1617,0.8866,0.1827,0.920
29.433418787,0.1649,0.8856,0.1854,0.920
29.435937018,0.1666,0.8851,0.1879,0.920
29.437155325,0.1683,0.8849,0.1884,0.920
29.44343821,0.1710,0.8819,0.1896,0.918
29.444015402,0.1727,0.8810,0.1888,0.917
29.444267018,0.1752,0.8795,0.1881,0.916
29.445158518,0.1779,0.8766,0.1874,0.914
29.447275864,0.1791,0.8761,0.1854,0.913
29.448880133,0.1815,0.8763,0.1818,0.913
29.450854325,0.1827,0.8761,0.1830,0.913
29.45295021,0.1847,0.8727,0.1837,0.911
29.475196479,0.1854,0.8700,0.1857,0.909
29.476690402,0.1854,0.8710,0.1879,0.910
29.477716787,0.1837,0.8732,0.1918,0.913
29.478602133,0.1815,0.8736,0.1967,0.914
29.479589748,0.1803,0.8744,0.1981,0.914
29.480654864,0.1805,0.8768,0.1981,0.917
29.481919094,0.1803,0.8771,0.1979,0.917
29.483176364,0.1781,0.8773,0.1974,0.917
29.484017402,0.1774,0.8793,0.1940,0.918
29.485030479,0.1769,0.8802,0.1928,0.918
29.485942133,0.1779,0.8800,0.1869,0.917
29.486960094,0.1769,0.8805,0.1791,0.916
29.487725671,0.1776,0.8822,0.1761,0.917
29.488835671,0.1779,0.8856,0.1673,0.919
29.490089748,0.1783,0.8861,0.1627,0.918
29.491329979,0.1788,0.8893,0.1502,0.919
29.492114825,0.1796,0.8939,0.1390,0.922
29.49299171,0.1803,0.8949,0.1324,0.922
29.493899671,0.1813,0.8968,0.1239,0.923
29.494850556,0.1825,0.9022,0.1187,0.928
29.495651787,0.1813,0.9049,0.1148,0.930
29.496663787,0.1832,0.9105,0.1114,0.935
29.499130517,0.1840,0.9127,0.1082,0.937
29.50055871,0.1847,0.9174,0.1087,0.942
29.502466287,0.1874,0.9232,0.1112,0.949
29.504847787,0.1886,0.9262,0.1129,0.952
29.509478325,0.1891,0.9303,0.1134,0.956
29.511073479,0.1925,0.9345,0.1165,0.961
29.512385479,0.1937,0.9379,0.1192,0.965
29.513585825,0.1942,0.9435,0.1244,0.971
29.514579594,0.1964,0.9462,0.1285,0.975
29.516218287,0.1972,0.9489,0.1295,0.978
29.518145941,0.2003,0.9562,0.1351,0.986
29.520094556,0.2011,0.9606,0.1385,0.991
29.522317171,0.2047,0.9670,0.1439,0.999
29.524873748,0.2062,0.9736,0.1495,1.006
29.525971441,0.2072,0.9784,0.1534,1.012
29.527901979,0.2072,0.9880,0.1639,1.023
29.530047787,0.2094,0.9916,0.1681,1.027
29.531948017,0.2135,1.0007,0.1752,1.038
29.534009633,0.2143,1.0109,0.1852,1.050
29.535913633,0.2157,1.0148,0.1896,1.055
29.537760748,0.2184,1.0217,0.2003,1.064
29.542130364,0.2233,1.0310,0.2089,1.075
29.542685364,0.2228,1.0349,0.2133,1.080
29.543405594,0.2243,1.0405,0.2211,1.087
29.545630825,0.2255,1.0439,0.2245,1.091
29.547667325,0.2265,1.0495,0.2304,1.098
29.549358325,0.2287,1.0554,0.2343,1.105
29.55148171,0.2299,1.0581,0.2360,1.108
29.553348787,0.2311,1.0644,0.2365,1.115
29.561878133,0.2306,1.0674,0.2382,1.118
29.562300633,0.2299,1.0696,0.2389,1.120
29.562539402,0.2306,1.0745,0.2375,1.124
29.562765864,0.2314,1.0774,0.2372,1.127
29.563352671,0.2316,1.0811,0.2362,1.131
29.565238094,0.2328,1.0855,0.2338,1.134
29.567315517,0.2326,1.0881,0.2331,1.137
29.569227902,0.2314,1.0913,0.2294,1.139
29.571561594,0.2321,1.0942,0.2277,1.142
29.574209017,0.2318,1.0950,0.2267,1.142
29.575287633,0.2316,1.0967,0.2231,1.143
29.577050094,0.2326,1.0974,0.2221,1.144
29.57927821,0.2311,1.0994,0.2209,1.145
29.581084556,0.2284,1.1001,0.2187,1.145
29.583311979,0.2272,1.1006,0.2191,1.145
29.58515671,0.2287,1.1013,0.2150,1.145
29.587162402,0.2255,1.1006,0.2113,1.143
29.589616056,0.2243,1.1008,0.2089,1.143
29.592013979,0.2213,1.0984,0.2055,1.139
29.593257748,0.2194,1.0974,0.2035,1.137
29.595200517,0.2179,1.0957,0.2016,1.135
29.597000902,0.2152,1.0950,0.1981,1.133
29.599031594,0.2118,1.0935,0.1962,1.131
29.600926017,0.2064,1.0942,0.1950,1.130
29.60299244,0.2028,1.0901,0.1930,1.125
29.60464594,0.2006,1.0889,0.1920,1.124
29.607566094,0.1991,1.0859,0.1930,1.121
29.60887644,0.1991,1.0857,0.1937,1.121
29.610825787,0.1976,1.0835,0.1962,1.119
29.612653748,0.1959,1.0796,0.1996,1.115
29.61472171,0.1952,1.0779,0.2033,1.114
29.616764979,0.1935,1.0762,0.2069,1.113
29.61880721,0.1957,1.0725,0.2135,1.111
29.620537364,0.1962,1.0718,0.2169,1.111
29.624014325,0.1954,1.0693,0.2238,1.110
29.625562479,0.1964,1.0686,0.2272,1.110
29.626655017,0.1969,1.0662,0.2333,1.109
29.628381787,0.1998,1.0644,0.2375,1.109
29.630535517,0.2016,1.0635,0.2375,1.108
29.632598364,0.2062,1.0632,0.2399,1.109
29.634549056,0.2091,1.0625,0.2384,1.109
29.636307133,0.2121,1.0632,0.2375,1.110
29.638506787,0.2196,1.0654,0.2365,1.113
29.64136244,0.2228,1.0662,0.2353,1.114
29.642906056,0.2289,1.0720,0.2304,1.120
29.644497094,0.2372,1.0771,0.2265,1.126
29.646299479,0.2419,1.0793,0.2250,1.129
29.648212633,0.2482,1.0862,0.2209,1.136
29.65032021,0.2548,1.0923,0.2169,1.142
29.652023748,0.2595,1.0962,0.2157,1.147
29.654008825,0.2665,1.1060,0.2118,1.157
29.664687325,0.2692,1.1106,0.2106,1.162
29.666208517,0.2753,1.1214,0.2099,1.174
29.667102017,0.2836,1.1297,0.2077,1.183
29.668050787,0.2871,1.1341,0.2086,1.188
29.66899921,0.2941,1.1441,0.2108,1.200
29.670101556,0.3012,1.1524,0.2138,1.210
29.67112294,0.3039,1.1563,0.2145,1.215
29.689923979,0.3073,1.1641,0.2177,1.224
29.691580402,0.3105,1.1685,0.2189,1.229
29.692640556,0.3115,1.1778,0.2196,1.238
29.693912479,0.3139,1.1866,0.2218,1.247
29.694879902,0.3152,1.1915,0.2228,1.252
29.696104671,0.3169,1.1986,0.2211,1.259
29.697430825,0.3171,1.2064,0.2213,1.267
29.698612864,0.3171,1.2100,0.2213,1.270
29.699772556,0.3169,1.2184,0.2196,1.278
29.700623787,0.3149,1.2225,0.2187,1.281
29.70169644,0.3149,1.2274,0.2182,1.286
29.702556671,0.3142,1.2325,0.2133,1.290
29.703595133,0.3147,1.2352,0.2123,1.292
29.70437621,0.3144,1.2374,0.2106,1.294
29.70531994,0.3137,1.2416,0.2064,1.297
29.706473979,0.3127,1.2435,0.2045,1.298
29.707674056,0.3130,1.2467,0.2001,1.301
29.708528825,0.3108,1.2472,0.1937,1.300
29.709695287,0.3108,1.2472,0.1913,1.299
29.710448671,0.3105,1.2445,0.1876,1.296
29.711261863,0.3093,1.2443,0.1840,1.295
29.712173171,0.3076,1.2423,0.1808,1.293
29.714837248,0.3039,1.2372,0.1759,1.286
29.715407479,0.3015,1.2345,0.1737,1.283
29.716999363,0.2978,1.2286,0.1705,1.276
29.719550479,0.2959,1.2237,0.1693,1.270
29.720969594,0.2900,1.2152,0.1671,1.260
29.72371294,0.2858,1.2059,0.1659,1.250
29.724995133,0.2819,1.1988,0.1649,1.243
29.726961671,0.2744,1.1844,0.1649,1.227
29.72893494,0.2690,1.1678,0.1632,1.209
29.731074017,0.2663,1.1583,0.1620,1.199
29.73284994,0.2582,1.1390,0.1610,1.179
29.735007671,0.2553,1.1282,0.1603,1.168
29.73686171,0.2485,1.1070,0.1561,1.145
29.742949094,0.2416,1.0872,0.1542,1.124
29.743527671,0.2387,1.0759,0.1522,1.113
29.743768787,0.2338,1.0539,0.1485,1.090
29.744773979,0.2267,1.0298,0.1429,1.064
29.746797479,0.2213,1.0178,0.1410,1.051
29.748648863,0.2155,0.9919,0.1339,1.024
29.750631594,0.2133,0.9797,0.1295,1.011
29.752538671,0.2089,0.9577,0.1207,0.988
29.754600325,0.2052,0.9335,0.1148,0.963
29.767468748,0.2030,0.9218,0.1112,0.950
29.76862671,0.2020,0.9005,0.1046,0.929
29.769465863,0.2013,0.8893,0.1002,0.917
29.770163825,0.2023,0.8663,0.0901,0.894
29.77081344,0.2040,0.8429,0.0799,0.871
29.771519633,0.2060,0.8324,0.0740,0.861
29.77237894,0.2081,0.8121,0.0608,0.841
29.776050787,0.2111,0.7938,0.0467,0.823
29.77756394,0.2133,0.7857,0.0391,0.815
29.778623056,0.2162,0.7683,0.0225,0.799
29.779493479,0.2172,0.7600,0.0132,0.791
29.780656171,0.2209,0.7454,-0.0054,0.777
29.781801902,0.2245,0.7312,-0.0249,0.765
29.782928248,0.2260,0.7244,-0.0357,0.760
29.784186133,0.2289,0.7104,-0.0599,0.749
29.78608871,0.2348,0.6999,-0.0838,0.743
29.788019171,0.2399,0.6948,-0.0963,0.741
29.791735902,0.2509,0.6841,-0.1180,0.738
29.793248325,0.2595,0.6789,-0.1280,0.738
29.794576171,0.2643,0.6726,-0.1473,0.738
29.796002863,0.2741,0.6645,-0.1617,0.737
29.798147902,0.2797,0.6613,-0.1683,0.738
29.799863056,0.2897,0.6577,-0.1759,0.740
29.80195644,0.2976,0.6555,-0.1786,0.742
29.803903287,0.3022,0.6550,-0.1805,0.744
29.808101594,0.3112,0.6547,-0.1832,0.748
29.809745248,0.3215,0.6567,-0.1796,0.753
29.811583094,0.3249,0.6565,-0.1764,0.753
29.813456363,0.3347,0.6586,-0.1722,0.759
29.814668133,0.3437,0.6611,-0.1669,0.764
29.815782671,0.3476,0.6650,-0.1639,0.768
29.817920902,0.3547,0.6701,-0.1576,0.774
29.819770171,0.3569,0.6728,-0.1546,0.777
29.821943094,0.3584,0.6853,-0.1441,0.787
29.825415863,0.3579,0.6977,-0.1339,0.796
29.82718344,0.3579,0.7053,-0.1283,0.801
29.828430286,0.3555,0.7192,-0.1165,0.811
29.830354171,0.3506,0.7356,-0.1065,0.822
29.831943863,0.3476,0.7444,-0.1026,0.828
29.833852825,0.3425,0.7639,-0.0938,0.842
29.83583171,0.3384,0.7749,-0.0892,0.850
29.837677171,0.3332,0.7972,-0.0787,0.868
29.840383402,0.3301,0.8184,-0.0691,0.885
29.841835056,0.3279,0.8304,-0.0650,0.895
29.844615633,0.3247,0.8536,-0.0540,0.915
29.846385402,0.3235,0.8763,-0.0464,0.935
29.847628825,0.3240,0.8878,-0.0423,0.946
29.849572325,0.3244,0.9078,-0.0340,0.965
29.851381748,0.3244,0.9188,-0.0298,0.975
29.853223286,0.3276,0.9411,-0.0208,0.997
29.85578571,0.3320,0.9611,-0.0103,1.017
29.86277621,0.3345,0.9694,-0.0056,1.025
29.86366494,0.3403,0.9863,0.0044,1.043
29.86411121,0.3467,1.0041,0.0151,1.062
29.864546171,0.3506,1.0119,0.0203,1.071
29.869729517,0.3586,1.0249,0.0281,1.086
29.870448825,0.3621,1.0310,0.0325,1.093
29.870854517,0.3696,1.0444,0.0437,1.109
29.871319402,0.3753,1.0554,0.0533,1.121
29.88760521,0.3784,1.0613,0.0574,1.128
29.889513633,0.3833,1.0703,0.0655,1.139
29.890640479,0.3855,1.0757,0.0733,1.145
29.892008133,0.3862,1.0791,0.0757,1.149
29.893451171,0.3884,1.0845,0.0787,1.155
29.894568479,0.3889,1.0859,0.0804,1.156
29.895913248,0.3894,1.0877,0.0826,1.158
29.897046248,0.3870,1.0903,0.0828,1.160
29.89803271,0.3855,1.0913,0.0816,1.160
29.89905471,0.3836,1.0923,0.0772,1.160
29.899988056,0.3772,1.0920,0.0733,1.158
29.901062363,0.3743,1.0911,0.0691,1.156
29.902137594,0.3687,1.0881,0.0625,1.151
29.903263671,0.3640,1.0837,0.0567,1.145
29.904097363,0.3604,1.0818,0.0535,1.141
29.905025402,0.3520,1.0767,0.0437,1.134
29.906113402,0.3481,1.0742,0.0401,1.130
29.908957556,0.3403,1.0676,0.0354,1.121
29.91044894,0.3337,1.0600,0.0286,1.112
29.915167325,0.3296,1.0561,0.0259,1.107
29.916321286,0.3237,1.0491,0.0208,1.098
29.917213171,0.3169,1.0459,0.0183,1.093
29.918170517,0.3154,1.0361,0.0176,1.083
29.919142209,0.3115,1.0278,0.0176,1.074
29.920290017,0.3086,1.0222,0.0200,1.068
29.922424094,0.3037,1.0129,0.0215,1.058
29.926581594,0.2976,1.0061,0.0242,1.049
29.927591825,0.2949,1.0004,0.0264,1.043
29.92873794,0.2902,0.9887,0.0325,1.031
29.930520517,0.2844,0.9775,0.0388,1.019
29.932491094,0.2814,0.9723,0.0432,1.013
29.934397979,0.2739,0.9628,0.0508,1.002
29.936003017,0.2704,0.9577,0.0542,0.997
29.938187286,0.2651,0.9462,0.0645,0.985
29.947538325,0.2607,0.9337,0.0730,0.972
29.948950671,0.2582,0.9289,0.0782,0.967
29.950160556,0.2519,0.9164,0.0899,0.955
29.951151133,0.2458,0.9108,0.0943,0.948
29.952092786,0.2431,0.8988,0.1026,0.937
29.952877709,0.2372,0.8871,0.1109,0.925
29.95407994,0.2343,0.8817,0.1156,0.920
29.954435017,0.2292,0.8705,0.1236,0.909
29.955861479,0.2235,0.8585,0.1331,0.897
29.967315248,0.2213,0.8529,0.1378,0.892
29.967808094,0.2157,0.8419,0.1419,0.881
29.96806294,0.2084,0.8375,0.1468,0.875
29.968296748,0.2050,0.8289,0.1493,0.867
29.968526786,0.2008,0.8192,0.1515,0.857
29.968762017,0.1972,0.8143,0.1534,0.852
29.969726056,0.1913,0.8052,0.1576,0.843
29.971735094,0.1871,0.7981,0.1581,0.835
29.974718902,0.1862,0.7950,0.1573,0.831
29.975497748,0.1827,0.7903,0.1556,0.826
29.977346209,0.1796,0.7854,0.1529,0.820
29.979627094,0.1771,0.7835,0.1517,0.817
29.981695633,0.1747,0.7796,0.1505,0.813
29.983420363,0.1725,0.7771,0.1461,0.809
29.985344786,0.1710,0.7742,0.1444,0.806
29.987496594,0.1676,0.7737,0.1412,0.804
29.99091994,0.1669,0.7732,0.1385,0.803
29.991430979,0.1647,0.7725,0.1336,0.801
29.993391633,0.1634,0.7747,0.1275,0.802
29.995410709,0.1639,0.7757,0.1241,0.802
30.002082171,0.1637,0.7784,0.1165,0.804
30.002871671,0.1649,0.7815,0.1116,0.807
30.003929248,0.1647,0.7832,0.1094,0.808
30.004665286,0.1639,0.7884,0.1041,0.812
30.005908094,0.1647,0.7908,0.1021,0.814
30.008913556,0.1652,0.7957,0.0985,0.819
30.010612825,0.1647,0.8016,0.0958,0.824
30.012031017,0.1664,0.8043,0.0926,0.826
30.013573209,0.1681,0.8113,0.0897,0.833
30.015000056,0.1686,0.8153,0.0880,0.837
30.017018633,0.1700,0.8245,0.0840,0.846
30.019292363,0.1730,0.8331,0.0836,0.855
30.021392056,0.1752,0.8377,0.0828,0.860
30.024135363,0.1771,0.8468,0.0828,0.869
30.025558171,0.1810,0.8556,0.0814,0.878
30.028037825,0.1823,0.8607,0.0821,0.884
30.029850825,0.1864,0.8697,0.0823,0.893
30.031223325,0.1901,0.8746,0.0831,0.899
30.032721902,0.1920,0.8851,0.0845,0.910
30.034932632,0.1969,0.8946,0.0862,0.920
30.036794209,0.2001,0.8998,0.0865,0.926
30.038876363,0.2060,0.9088,0.0887,0.936
30.041749402,0.2096,0.9186,0.0923,0.947
30.043400671,0.2118,0.9225,0.0933,0.951
30.04498094,0.2182,0.9335,0.0933,0.963
30.046784748,0.2265,0.9418,0.0933,0.973
30.048499556,0.2301,0.9452,0.0941,0.977
30.050820902,0.2358,0.9516,0.0938,0.985
30.052577017,0.2402,0.9555,0.0943,0.990
30.054726709,0.2472,0.9643,0.0965,1.000
30.057639709,0.2555,0.9699,0.0989,1.008
30.058846632,0.2582,0.9731,0.1004,1.012
30.068017286,0.2670,0.9794,0.1033,1.020
30.06876244,0.2702,0.9863,0.1063,1.028
30.069143363,0.2717,0.9882,0.1077,1.031
30.069609517,0.2773,0.9909,0.1114,1.035
30.069981671,0.2807,0.9924,0.1138,1.038
30.070337594,0.2858,0.9968,0.1131,1.043
30.072389825,0.2919,0.9982,0.1138,1.046
30.090777517,0.2939,0.9970,0.1141,1.046
30.092461671,0.2995,0.9955,0.1134,1.046
30.09353194,0.3046,0.9953,0.1094,1.047
30.094515325,0.3064,0.9931,0.1073,1.045
30.095622748,0.3105,0.9909,0.1043,1.044
30.096786479,0.3115,0.9877,0.1026,1.041
30.098223709,0.3142,0.9836,0.1002,1.037
30.099153402,0.3186,0.9782,0.0948,1.033
30.100367056,0.3208,0.9748,0.0933,1.030
30.101182979,0.3225,0.9697,0.0897,1.026
30.102318286,0.3225,0.9679,0.0882,1.024
30.103042017,0.3230,0.9648,0.0867,1.021
30.104056709,0.3230,0.9582,0.0877,1.015
30.104926209,0.3222,0.9552,0.0889,1.012
30.10715244,0.3210,0.9472,0.0914,1.004
30.110376325,0.3183,0.9403,0.0941,0.997
30.111051479,0.3171,0.9364,0.0945,0.993
30.112176017,0.3147,0.9289,0.0982,0.986
30.113605748,0.3125,0.9247,0.1016,0.981
30.114286671,0.3088,0.9181,0.1068,0.975
30.116433056,0.3020,0.9118,0.1102,0.967
30.11716644,0.3000,0.9081,0.1136,0.963
30.117572556,0.2973,0.9005,0.1204,0.956
30.119417209,0.2907,0.8966,0.1261,0.951
30.121463248,0.2883,0.8934,0.1283,0.948
30.128275402,0.2836,0.8876,0.1339,0.941
30.129048709,0.2778,0.8837,0.1375,0.936
30.129510286,0.2739,0.8810,0.1422,0.933
30.129863479,0.2680,0.8768,0.1456,0.928
30.131575363,0.2658,0.8746,0.1478,0.926
30.133400248,0.2607,0.8695,0.1515,0.920
30.135220594,0.2563,0.8641,0.1546,0.914
30.137245825,0.2543,0.8622,0.1556,0.912
30.139278863,0.2485,0.8614,0.1571,0.910
30.150806479,0.2438,0.8587,0.1600,0.907
30.151719209,0.2424,0.8573,0.1612,0.905
30.15216444,0.2384,0.8570,0.1620,0.904
30.152572325,0.2355,0.8563,0.1625,0.903
30.152985209,0.2338,0.8556,0.1620,0.902
30.153467479,0.2318,0.8546,0.1617,0.900
30.153910863,0.2294,0.8551,0.1610,0.900
30.155274286,0.2253,0.8582,0.1603,0.902
30.159393248,0.2218,0.8587,0.1581,0.901
30.160212325,0.2206,0.8595,0.1593,0.902
30.160898363,0.2194,0.8612,0.1612,0.903
30.163429132,0.2191,0.8626,0.1598,0.904
30.16507494,0.2165,0.8629,0.1583,0.904
30.166796094,0.2116,0.8661,0.1576,0.905
30.168830363,0.2101,0.8685,0.1576,0.907
30.171240132,0.2057,0.8700,0.1559,0.907
30.172737479,0.2045,0.8702,0.1556,0.907
30.175045017,0.2013,0.8724,0.1561,0.909
30.176649786,0.2006,0.8771,0.1571,0.913
30.17931844,0.1996,0.8775,0.1571,0.914
30.180592863,0.1962,0.8793,0.1578,0.915
30.182974671,0.1945,0.8817,0.1627,0.917
30.184537094,0.1935,0.8851,0.1630,0.921
30.186794402,0.1903,0.8883,0.1637,0.923
30.188466094,0.1888,0.8895,0.1642,0.924
30.191720055,0.1864,0.8922,0.1666,0.927
30.192663748,0.1869,0.8956,0.1681,0.930
30.194478786,0.1862,0.8973,0.1693,0.932
30.196846748,0.1837,0.8993,0.1693,0.933
30.198987402,0.1823,0.8995,0.1703,0.933
30.200119863,0.1801,0.9022,0.1700,0.936
30.202513979,0.1810,0.9037,0.1686,0.937
30.204194132,0.1815,0.9047,0.1698,0.938
30.208422748,0.1820,0.9078,0.1695,0.941
30.209008709,0.1827,0.9115,0.1678,0.945
30.210190209,0.1820,0.9122,0.1661,0.945
30.212296325,0.1810,0.9147,0.1622,0.946
30.214203055,0.1808,0.9161,0.1576,0.947
30.216094902,0.1815,0.9169,0.1559,0.948
30.218587748,0.1845,0.9171,0.1524,0.948
30.220164017,0.1847,0.9179,0.1505,0.948
30.222075094,0.1852,0.9201,0.1466,0.950
30.225212632,0.1864,0.9213,0.1385,0.950
30.226017979,0.1874,0.9210,0.1361,0.950
30.228033863,0.1881,0.9215,0.1314,0.950
30.230527017,0.1896,0.9215,0.1263,0.949
30.231951671,0.1898,0.9218,0.1229,0.949
30.234154902,0.1930,0.9225,0.1182,0.950
30.235687555,0.1925,0.9235,0.1156,0.950
30.237826594,0.1959,0.9237,0.1107,0.951
30.239846286,0.1998,0.9245,0.1055,0.952
30.243824748,0.2006,0.9240,0.1031,0.951
30.245782517,0.2030,0.9247,0.0989,0.952
30.247240671,0.2045,0.9249,0.0975,0.952
30.248608517,0.2060,0.9220,0.0945,0.949
30.250122363,0.2086,0.9210,0.0921,0.949
30.251470748,0.2099,0.9220,0.0921,0.950
30.253437055,0.2138,0.9223,0.0906,0.951
30.255552478,0.2130,0.9230,0.0914,0.952
30.267835478,0.2140,0.9227,0.0911,0.952
30.268580786,0.2182,0.9237,0.0926,0.954
30.26899494,0.2211,0.9247,0.0936,0.955
30.269256248,0.2213,0.9269,0.0965,0.958
30.269591248,0.2223,0.9301,0.1024,0.962
30.269870132,0.2223,0.9325,0.1051,0.964
30.270150517,0.2233,0.9362,0.1107,0.969
30.293202902,0.2211,0.9396,0.1209,0.973
30.293973478,0.2221,0.9428,0.1266,0.977
30.29427594,0.2223,0.9464,0.1363,0.982
30.294540478,0.2223,0.9489,0.1437,0.985
30.294793671,0.2231,0.9538,0.1551,0.992
30.295095402,0.2238,0.9565,0.1700,0.997
30.295359748,0.2235,0.9589,0.1771,1.000
30.295626325,0.2238,0.9650,0.1940,1.009
30.295904594,0.2223,0.9692,0.2099,1.016
30.296156055,0.2213,0.9706,0.2179,1.019
30.296490632,0.2213,0.9740,0.2377,1.027
30.296745209,0.2209,0.9753,0.2470,1.030
30.296998132,0.2201,0.9797,0.2646,1.038
30.297310632,0.2213,0.9846,0.2819,1.048
30.298568978,0.2211,0.9853,0.2895,1.050
30.300493555,0.2189,0.9875,0.3068,1.057
30.302458171,0.2162,0.9914,0.3181,1.063
30.304397286,0.2160,0.9936,0.3237,1.067
30.306342286,0.2165,0.9980,0.3337,1.074
30.308998632,0.2184,0.9995,0.3379,1.077
30.310495671,0.2191,1.0004,0.3389,1.079
30.312334555,0.2189,1.0039,0.3374,1.081
30.31460794,0.2199,1.0051,0.3354,1.082
30.316326786,0.2206,1.0075,0.3261,1.082
30.318541555,0.2243,1.0078,0.3147,1.079
30.320393594,0.2240,1.0090,0.3073,1.078
30.322339709,0.2267,1.0105,0.2897,1.075
30.324800594,0.2304,1.0114,0.2800,1.074
30.327246055,0.2316,1.0136,0.2592,1.072
30.329386786,0.2355,1.0146,0.2365,1.068
30.330264863,0.2370,1.0153,0.2240,1.066
30.332080132,0.2367,1.0153,0.1986,1.061
30.334460286,0.2360,1.0144,0.1757,1.056
30.336104825,0.2360,1.0141,0.1644,1.054
30.338150132,0.2370,1.0148,0.1417,1.052
30.341589594,0.2355,1.0151,0.1295,1.050
30.343282863,0.2348,1.0161,0.1051,1.048
30.344349709,0.2372,1.0156,0.0848,1.046
30.346088363,0.2380,1.0156,0.0755,1.046
30.347821286,0.2382,1.0151,0.0603,1.044
30.350160017,0.2377,1.0141,0.0481,1.043
30.352049632,0.2362,1.0131,0.0425,1.041
30.353967863,0.2326,1.0107,0.0325,1.038
30.356022671,0.2287,1.0102,0.0300,1.036
30.366890594,0.2265,1.0109,0.0257,1.036
30.368345863,0.2218,1.0109,0.0239,1.035
30.36922494,0.2184,1.0095,0.0235,1.033
30.370417171,0.2108,1.0085,0.0276,1.031
30.371392709,0.2028,1.0092,0.0313,1.030
30.372435401,0.1994,1.0119,0.0347,1.032
30.373474017,0.1918,1.0139,0.0450,1.033
30.374521478,0.1835,1.0175,0.0545,1.035
30.37568444,0.1805,1.0214,0.0581,1.039
30.376603017,0.1735,1.0280,0.0667,1.045
30.391200478,0.1693,1.0327,0.0716,1.049
30.392828401,0.1627,1.0425,0.0799,1.058
30.394225632,0.1568,1.0547,0.0843,1.070
30.395402478,0.1551,1.0622,0.0865,1.077
30.396477401,0.1502,1.0791,0.0899,1.093
30.39787794,0.1449,1.0889,0.0933,1.102
30.398921286,0.1422,1.1070,0.0941,1.120
30.400012132,0.1407,1.1287,0.0941,1.141
30.40106794,0.1407,1.1399,0.0938,1.152
30.402367517,0.1378,1.1658,0.0963,1.178
30.403560709,0.1385,1.1900,0.0967,1.202
30.404455825,0.1390,1.2035,0.0958,1.215
30.405745132,0.1437,1.2279,0.0948,1.240
30.406769632,0.1454,1.2386,0.0936,1.251
30.408006901,0.1317,1.2484,0.0738,1.257
30.409227325,0.1363,1.2670,0.0708,1.276
30.410387594,0.1454,1.2780,0.0716,1.288
30.411562248,0.1654,1.2948,0.0784,1.308
30.414566748,0.1864,1.3092,0.0892,1.325
30.416140325,0.1986,1.3161,0.0953,1.334
30.417344325,0.2216,1.3256,0.1058,1.348
30.418868478,0.2326,1.3276,0.1104,1.352
30.421009594,0.2541,1.3302,0.1195,1.360
30.422869671,0.2734,1.3344,0.1295,1.368
30.424683517,0.2846,1.3364,0.1356,1.373
30.426827632,0.3098,1.3364,0.1466,1.380
30.428665055,0.3376,1.3285,0.1544,1.379
30.430753478,0.3533,1.3219,0.1564,1.377
30.432588786,0.3755,1.3141,0.1581,1.376
30.434765171,0.3848,1.3134,0.1625,1.378
30.436465325,0.3987,1.3117,0.1669,1.381
30.438522901,0.4073,1.3041,0.1673,1.376
30.444199594,0.4099,1.2992,0.1661,1.372
30.444791325,0.4165,1.2870,0.1595,1.362
30.445054863,0.4163,1.2697,0.1476,1.344
30.450275017,0.4151,1.2621,0.1402,1.336
30.450583094,0.4092,1.2460,0.1266,1.318
30.450844786,0.4043,1.2389,0.1197,1.309
30.452597132,0.3960,1.2254,0.1041,1.292
30.454413401,0.3814,1.2125,0.0892,1.274
30.456233709,0.3753,1.2057,0.0818,1.265
30.46683994,0.3665,1.1934,0.0679,1.250
30.468039901,0.3589,1.1793,0.0572,1.234
30.468899632,0.3555,1.1707,0.0540,1.225
30.469910401,0.3520,1.1541,0.0452,1.207
30.470692901,0.3513,1.1460,0.0413,1.199
30.472878401,0.3494,1.1277,0.0379,1.181
30.474658324,0.3498,1.1072,0.0362,1.162
30.47615744,0.3496,1.0972,0.0347,1.152
30.477363632,0.3481,1.0752,0.0369,1.131
30.478871401,0.3489,1.0647,0.0384,1.121
30.480189171,0.3496,1.0432,0.0393,1.101
30.481503517,0.3464,1.0212,0.0430,1.079
30.482786209,0.3447,1.0085,0.0450,1.067
30.484255824,0.3362,0.9841,0.0474,1.041
30.487137401,0.3269,0.9635,0.0511,1.019
30.488914132,0.3205,0.9533,0.0528,1.007
30.49052294,0.3054,0.9333,0.0545,0.983
30.492220863,0.2871,0.9122,0.0572,0.958
30.494116248,0.2768,0.9022,0.0572,0.945
30.495652901,0.2587,0.8849,0.0574,0.924
30.497593248,0.2485,0.8753,0.0586,0.912
30.499657863,0.2250,0.8580,0.0594,0.889
30.501569132,0.2006,0.8431,0.0564,0.868
30.503546863,0.1871,0.8353,0.0559,0.858
30.50555094,0.1654,0.8206,0.0535,0.839
30.508560017,0.1427,0.8096,0.0501,0.824
30.509449478,0.1297,0.8033,0.0486,0.815
30.511372863,0.1080,0.7916,0.0440,0.800
30.513767709,0.0975,0.7847,0.0415,0.792
30.515548055,0.0779,0.7757,0.0325,0.780
30.517655132,0.0567,0.7652,0.0249,0.768
30.519341901,0.0481,0.7593,0.0220,0.761
30.521207978,0.0305,0.7498,0.0144,0.751
30.52344594,0.0144,0.7383,0.0034,0.738
30.525641978,0.0076,0.7344,-0.0017,0.734
30.528227478,-0.0083,0.7295,-0.0137,0.730
30.529191017,-0.0169,0.7246,-0.0193,0.725
30.532341324,-0.0325,0.7185,-0.0298,0.720
30.533079132,-0.0420,0.7129,-0.0440,0.715
30.535048324,-0.0462,0.7107,-0.0486,0.714
30.536857017,-0.0542,0.7063,-0.0616,0.711
30.539114363,-0.0596,0.7029,-0.0726,0.709
30.544365171,-0.0611,0.6992,-0.0784,0.706
30.544940786,-0.0635,0.6965,-0.0887,0.705
30.54519044,-0.0647,0.6963,-0.0936,0.706
30.546814209,-0.0647,0.6973,-0.1033,0.708
30.553941094,-0.0643,0.6985,-0.1099,0.710
30.554205017,-0.0633,0.7002,-0.1116,0.712
30.554436286,-0.0581,0.7056,-0.1138,0.717
30.554670324,-0.0559,0.7095,-0.1156,0.721
30.556673286,-0.0472,0.7197,-0.1173,0.731
30.569790247,-0.0342,0.7295,-0.1134,0.739
30.570996478,-0.0252,0.7351,-0.1116,0.744
30.571786594,-0.0103,0.7473,-0.1029,0.754
30.572502824,0.0039,0.7635,-0.0950,0.769
30.573124747,0.0122,0.7713,-0.0904,0.777
30.573982671,0.0298,0.7889,-0.0789,0.793
30.57479894,0.0384,0.7977,-0.0733,0.802
30.578714747,0.0596,0.8160,-0.0623,0.821
30.579829632,0.0823,0.8365,-0.0493,0.842
30.580602671,0.0933,0.8473,-0.0410,0.853
30.581392978,0.1180,0.8688,-0.0242,0.877
30.584751747,0.1441,0.8934,-0.0112,0.905
30.585776209,0.1561,0.9066,-0.0044,0.920
30.586709171,0.1835,0.9335,0.0093,0.951
30.587427209,0.2145,0.9599,0.0247,0.984
30.588137247,0.2292,0.9733,0.0327,1.000
30.590252594,0.2590,1.0043,0.0464,1.038
30.593496055,0.2746,1.0192,0.0535,1.057
30.594863632,0.3061,1.0491,0.0669,1.095
30.596147863,0.3379,1.0811,0.0814,1.136
30.598236517,0.3538,1.0964,0.0865,1.155
30.600076286,0.3843,1.1275,0.0989,1.195
30.602289286,0.4148,1.1578,0.1112,1.235
30.604181286,0.4275,1.1724,0.1175,1.253
30.605980401,0.4551,1.1988,0.1278,1.289
30.609473017,0.4674,1.2122,0.1319,1.306
30.610836363,0.4903,1.2359,0.1427,1.337
30.611909324,0.5096,1.2567,0.1527,1.365
30.614493517,0.5184,1.2675,0.1568,1.378
30.615848132,0.5353,1.2836,0.1637,1.400
30.617894747,0.5475,1.2953,0.1678,1.416
30.619915247,0.5497,1.2997,0.1681,1.421
30.621834478,0.5516,1.3048,0.1659,1.426
30.624010209,0.5514,1.3063,0.1634,1.427
30.627142286,0.5472,1.3066,0.1578,1.425
30.628697786,0.5358,1.3012,0.1449,1.415
30.630636286,0.5279,1.2975,0.1371,1.407
30.632330786,0.5086,1.2875,0.1197,1.389
30.633635363,0.4827,1.2821,0.1116,1.375
30.635732978,0.4705,1.2670,0.0921,1.355
30.637531747,0.4463,1.2526,0.0718,1.332
30.639464978,0.4346,1.2443,0.0633,1.319
30.642767671,0.4082,1.2284,0.0469,1.295
30.644485324,0.3826,1.2110,0.0332,1.270
30.646687171,0.3709,1.2020,0.0264,1.258
30.647908709,0.3445,1.1844,0.0144,1.234
30.649471209,0.3315,1.1746,0.0100,1.221
30.651369478,0.3049,1.1563,0.0049,1.196
30.653151824,0.2797,1.1365,0.0002,1.170
30.655302286,0.2685,1.1272,-0.0022,1.159
30.657124671,0.2480,1.1077,-0.0046,1.135
30.668108709,0.2274,1.0969,-0.0012,1.120
30.669798978,0.2177,1.0742,0.0024,1.096
30.670886632,0.1984,1.0520,0.0073,1.071
30.671918863,0.1901,1.0422,0.0086,1.059
30.673030094,0.1722,1.0214,0.0161,1.036
30.67415744,0.1573,0.9987,0.0269,1.011
30.675338824,0.1502,0.9875,0.0337,0.999
30.676251363,0.1346,0.9672,0.0503,0.978
30.677425363,0.1200,0.9469,0.0657,0.957
30.678313555,0.1124,0.9376,0.0740,0.947
30.67958744,0.0985,0.9176,0.0921,0.927
30.691111555,0.0921,0.9088,0.1007,0.919
30.692847363,0.0809,0.8905,0.1178,0.902
30.69426244,0.0706,0.8724,0.1334,0.885
30.695233286,0.0647,0.8639,0.1400,0.878
30.696192632,0.0537,0.8475,0.1512,0.863
30.697454209,0.0447,0.8314,0.1595,0.848
30.69871267,0.0425,0.8231,0.1630,0.840
30.699768901,0.0366,0.8087,0.1686,0.827
30.700950286,0.0344,0.8011,0.1713,0.820
30.701919863,0.0298,0.7850,0.1739,0.805
30.702982632,0.0247,0.7715,0.1801,0.793
30.703768747,0.0232,0.7659,0.1815,0.787
30.704897747,0.0213,0.7525,0.1854,0.775
30.706454094,0.0205,0.7393,0.1867,0.763
30.710605632,0.0215,0.7337,0.1871,0.757
30.71238894,0.0242,0.7251,0.1906,0.750
30.713627747,0.0254,0.7202,0.1920,0.746
30.714315055,0.0266,0.7090,0.1910,0.735
30.716510017,0.0315,0.7009,0.1886,0.727
30.718258747,0.0332,0.6965,0.1874,0.722
30.720167401,0.0369,0.6899,0.1815,0.714
30.722158478,0.0393,0.6850,0.1739,0.708
30.723844286,0.0403,0.6814,0.1693,0.703
30.727203901,0.0440,0.6760,0.1630,0.697
30.728172324,0.0467,0.6743,0.1573,0.694
30.730041401,0.0506,0.6721,0.1488,0.690
30.731920786,0.0555,0.6745,0.1407,0.691
30.733928286,0.0581,0.6755,0.1353,0.691
30.735840478,0.0618,0.6772,0.1266,0.692
30.738041517,0.0655,0.6787,0.1234,0.693
30.739826863,0.0718,0.6826,0.1146,0.696
30.745320747,0.0789,0.6885,0.1075,0.701
30.745934286,0.0838,0.6902,0.1046,0.703
30.746190055,0.0909,0.6990,0.0994,0.712
30.747431094,0.1002,0.7080,0.0950,0.721
30.749684286,0.1043,0.7122,0.0938,0.726
30.75152967,0.1116,0.7231,0.0904,0.737
30.753480324,0.1146,0.7288,0.0904,0.743
30.755523824,0.1251,0.7390,0.0889,0.755
30.75755767,0.1329,0.7525,0.0882,0.769
30.768949824,0.1366,0.7598,0.0872,0.777
30.770349209,0.1449,0.7708,0.0882,0.789
30.77127517,0.1534,0.7854,0.0894,0.805
30.77217717,0.1576,0.7916,0.0904,0.812
30.772989863,0.1630,0.8062,0.0914,0.828
30.773988132,0.1671,0.8145,0.0921,0.837
30.774902363,0.1749,0.8294,0.0945,0.853
30.775841594,0.1820,0.8438,0.0977,0.869
30.776812978,0.1864,0.8509,0.0982,0.877
30.778008978,0.1954,0.8658,0.1009,0.893
30.780749324,0.2011,0.8802,0.1014,0.909
30.782237632,0.2052,0.8868,0.1021,0.916
30.783208863,0.2123,0.9027,0.1063,0.933
30.785146209,0.2147,0.9105,0.1080,0.942
30.787171401,0.2206,0.9252,0.1090,0.957
30.789123555,0.2245,0.9413,0.1097,0.974
30.792850786,0.2267,0.9496,0.1099,0.982
30.794550401,0.2311,0.9653,0.1124,0.999
30.795553209,0.2321,0.9726,0.1138,1.006
30.79689794,0.2338,0.9858,0.1138,1.019
30.798806363,0.2365,1.0002,0.1131,1.034
30.800685093,0.2380,1.0056,0.1126,1.039
30.802776517,0.2387,1.0170,0.1114,1.051
30.804628209,0.2387,1.0302,0.1116,1.063
30.80678817,0.2392,1.0359,0.1112,1.069
30.810459209,0.2404,1.0464,0.1094,1.079
30.812136632,0.2411,1.0503,0.1075,1.083
30.813795363,0.2394,1.0581,0.1053,1.090
30.815415093,0.2362,1.0647,0.1014,1.095
30.816476055,0.2360,1.0664,0.0982,1.097
30.818616017,0.2360,1.0713,0.0928,1.101
30.820424017,0.2338,1.0757,0.0904,1.105
30.822622978,0.2311,1.0767,0.0875,1.105
30.82452017,0.2260,1.0784,0.0811,1.105
30.827910132,0.2226,1.0796,0.0787,1.105
30.829854632,0.2194,1.0789,0.0738,1.103
30.831067517,0.2165,1.0779,0.0699,1.102
30.83233167,0.2152,1.0781,0.0674,1.101
30.83454344,0.2111,1.0745,0.0647,1.097
30.836236786,0.2057,1.0723,0.0623,1.094
30.838432055,0.2033,1.0684,0.0603,1.089
30.840105517,0.1981,1.0644,0.0596,1.084
30.843486017,0.1952,1.0605,0.0584,1.080
30.845068517,0.1913,1.0532,0.0599,1.072
30.846498209,0.1881,1.0471,0.0608,1.066
30.848105863,0.1874,1.0437,0.0630,1.062
30.850123863,0.1832,1.0354,0.0677,1.054
30.851874132,0.1820,1.0307,0.0699,1.049
30.854220632,0.1788,1.0234,0.0752,1.042
30.855756978,0.1752,1.0153,0.0828,1.034
30.858021863,0.1717,1.0097,0.0877,1.028
30.868465863,0.1691,1.0019,0.0980,1.021
30.869425324,0.1671,0.9933,0.1094,1.013
30.869926901,0.1652,0.9885,0.1160,1.009
30.870300132,0.1620,0.9782,0.1297,1.000
30.870677786,0.1605,0.9750,0.1356,0.997
30.871039401,0.1590,0.9672,0.1480,0.991
30.871842863,0.1554,0.9579,0.1617,0.984
30.87354194,0.1539,0.9543,0.1683,0.981
30.890892478,0.1498,0.9489,0.1796,0.977
30.89282117,0.1461,0.9416,0.1896,0.972
30.894346863,0.1451,0.9384,0.1942,0.969
30.895552593,0.1412,0.9354,0.2035,0.968
30.896747709,0.1397,0.9335,0.2074,0.966
30.898167016,0.1380,0.9257,0.2135,0.960
30.899405863,0.1341,0.9215,0.2187,0.957
30.900644824,0.1322,0.9191,0.2201,0.954
30.901683824,0.1309,0.9154,0.2257,0.952
30.902523324,0.1317,0.9122,0.2265,0.949
30.903629286,0.1312,0.9110,0.2265,0.948
30.904380247,0.1300,0.9100,0.2233,0.946
30.905491709,0.1300,0.9096,0.2211,0.945
30.906339632,0.1300,0.9071,0.2152,0.941
30.90740144,0.1300,0.9047,0.2069,0.937
30.908567516,0.1295,0.9042,0.2023,0.936
30.910692709,0.1309,0.9034,0.1928,0.933
30.911680209,0.1317,0.9022,0.1818,0.930
30.912501786,0.1324,0.9017,0.1764,0.928
30.913660863,0.1349,0.9008,0.1661,0.926
30.916145093,0.1363,0.9012,0.1605,0.926
30.916841593,0.1373,0.9032,0.1476,0.925
30.91931594,0.1388,0.9012,0.1375,0.922
30.920785709,0.1385,0.9020,0.1312,0.922
30.922881786,0.1385,0.9017,0.1197,0.920
30.92683267,0.1427,0.9027,0.1075,0.920
30.927771055,0.1446,0.9034,0.1024,0.921
30.928980286,0.1468,0.9037,0.0941,0.920
30.931030093,0.1473,0.9025,0.0894,0.919
30.932923055,0.1483,0.9025,0.0779,0.918
30.934712401,0.1520,0.9034,0.0689,0.919
30.936464709,0.1532,0.9042,0.0650,0.919
30.938850363,0.1554,0.9064,0.0555,0.921
30.940681324,0.1590,0.9096,0.0481,0.925
30.945050401,0.1608,0.9113,0.0442,0.926
30.945688363,0.1622,0.9125,0.0391,0.928
30.946260286,0.1634,0.9139,0.0327,0.929
30.94845717,0.1652,0.9191,0.0305,0.934
30.95058744,0.1693,0.9237,0.0283,0.940
30.952319209,0.1713,0.9262,0.0274,0.942
30.954305401,0.1742,0.9320,0.0254,0.949
30.95629867,0.1769,0.9394,0.0247,0.956
30.965990593,0.1776,0.9420,0.0252,0.959
30.967150632,0.1805,0.9467,0.0283,0.964
30.96809394,0.1820,0.9501,0.0332,0.968
30.968807593,0.1837,0.9577,0.0366,0.976
30.969629016,0.1881,0.9653,0.0457,0.984
30.970578209,0.1903,0.9692,0.0493,0.989
30.971393824,0.1932,0.9772,0.0577,0.998
30.972335632,0.1967,0.9855,0.0679,1.007
30.974184478,0.1994,0.9897,0.0755,1.012
30.976597747,0.2040,0.9982,0.0894,1.023
30.978152401,0.2055,1.0014,0.0987,1.027
30.980028901,0.2086,1.0078,0.1134,1.035
30.982150363,0.2135,1.0156,0.1319,1.046
30.983966901,0.2165,1.0180,0.1410,1.050
30.985884209,0.2201,1.0251,0.1610,1.061
30.987770786,0.2255,1.0327,0.1803,1.072
30.99000694,0.2270,1.0368,0.1896,1.078
30.993189055,0.2328,1.0429,0.2101,1.089
30.994808401,0.2365,1.0481,0.2282,1.098
30.995937593,0.2375,1.0512,0.2375,1.104
30.997722401,0.2375,1.0556,0.2536,1.111
31.001850363,0.2384,1.0593,0.2602,1.117
31.002899016,0.2389,1.0664,0.2702,1.126
31.00394217,0.2384,1.0725,0.2761,1.133
31.005789555,0.2372,1.0759,0.2775,1.136
31.007645824,0.2348,1.0818,0.2814,1.142
31.01184517,0.2309,1.0864,0.2780,1.145
31.013464209,0.2299,1.0901,0.2731,1.147
31.01464717,0.2284,1.0942,0.2587,1.147
31.015840786,0.2272,1.0969,0.2511,1.148
31.017570324,0.2270,1.1018,0.2336,1.149
31.019412016,0.2287,1.1038,0.2121,1.147
31.021516247,0.2299,1.1045,0.2011,1.146
31.023425593,0.2340,1.1052,0.1813,1.144
31.028062478,0.2380,1.1045,0.1637,1.142
31.029888478,0.2387,1.1045,0.1559,1.141
31.031152824,0.2399,1.1026,0.1456,1.138
31.032484247,0.2424,1.1023,0.1410,1.137
31.033908401,0.2460,1.0982,0.1339,1.133
31.03524767,0.2475,1.0935,0.1290,1.129
31.037098747,0.2480,1.0918,0.1266,1.127
31.039191824,0.2524,1.0857,0.1229,1.121
31.041142401,0.2558,1.0828,0.1178,1.119
31.044188439,0.2575,1.0776,0.1131,1.114
31.046027016,0.2626,1.0735,0.1053,1.110
31.047489286,0.2646,1.0710,0.1021,1.108
31.04948917,0.2724,1.0676,0.0977,1.106
31.05104367,0.2805,1.0686,0.0945,1.109
31.052921016,0.2856,1.0696,0.0923,1.111
31.054943978,0.2949,1.0713,0.0865,1.114
31.056832516,0.3010,1.0732,0.0828,1.118
31.068108555,0.3110,1.0811,0.0760,1.127
31.068890555,0.3193,1.0901,0.0689,1.138
31.069261132,0.3230,1.0960,0.0669,1.145
31.069635016,0.3301,1.1106,0.0633,1.160
31.069938863,0.3389,1.1265,0.0623,1.178
31.070243324,0.3437,1.1338,0.0638,1.187
31.070932478,0.3552,1.1502,0.0660,1.206
31.072510516,0.3611,1.1585,0.0689,1.215
31.075590863,0.3711,1.1746,0.0770,1.234
31.097600132,0.3804,1.1927,0.0875,1.255
31.099623016,0.3853,1.2005,0.0936,1.264
31.100516901,0.3982,1.2162,0.1075,1.284
31.101350247,0.4095,1.2279,0.1236,1.300
31.102261862,0.4143,1.2330,0.1324,1.307
31.103245862,0.4214,1.2430,0.1505,1.321
31.104171747,0.4253,1.2467,0.1586,1.327
31.105350824,0.4312,1.2540,0.1766,1.338
31.106245747,0.4368,1.2579,0.1940,1.346
31.107072324,0.4383,1.2589,0.2028,1.348
31.108325055,0.4393,1.2594,0.2184,1.352
31.109665709,0.4361,1.2579,0.2323,1.351
31.110690709,0.4336,1.2555,0.2382,1.349
31.111534362,0.4266,1.2501,0.2499,1.344
31.112498362,0.4236,1.2472,0.2538,1.341
31.113346516,0.4141,1.2386,0.2597,1.332
31.114219016,0.4014,1.2347,0.2602,1.324
31.115219286,0.3943,1.2315,0.2604,1.319
31.116164209,0.3787,1.2237,0.2558,1.306
31.116954362,0.3660,1.2164,0.2463,1.294
31.118006632,0.3579,1.2135,0.2399,1.288
31.118773093,0.3403,1.2088,0.2282,1.276
31.121029286,0.3320,1.2054,0.2216,1.270
31.121910939,0.3169,1.1981,0.2035,1.256
31.123923286,0.3032,1.1912,0.1864,1.243
31.129959824,0.2968,1.1878,0.1774,1.237
31.130458978,0.2853,1.1817,0.1588,1.226
31.130712439,0.2746,1.1732,0.1400,1.213
31.131770362,0.2697,1.1683,0.1312,1.206
31.133942632,0.2619,1.1573,0.1160,1.192
31.135395709,0.2582,1.1526,0.1073,1.186
31.137492439,0.2516,1.1404,0.0906,1.171
31.139500709,0.2453,1.1253,0.0745,1.154
31.141419016,0.2436,1.1172,0.0674,1.145
31.145926247,0.2384,1.1028,0.0559,1.130
31.14675367,0.2345,1.0884,0.0437,1.114
31.147379286,0.2318,1.0815,0.0371,1.107
31.153882555,0.2262,1.0627,0.0249,1.087
31.154185132,0.2211,1.0532,0.0191,1.076
31.154415901,0.2187,1.0359,0.0090,1.059
31.155393055,0.2145,1.0180,-0.0007,1.040
31.157241093,0.2128,1.0092,-0.0024,1.031
31.165701901,0.2089,0.9907,-0.0073,1.012
31.166155747,0.2055,0.9719,-0.0139,0.993
31.166414362,0.2028,0.9628,-0.0166,0.984
31.16664017,0.1984,0.9416,-0.0217,0.962
31.167119362,0.1972,0.9308,-0.0225,0.952
31.169080478,0.1954,0.9103,-0.0239,0.931
31.171138709,0.1950,0.8890,-0.0254,0.911
31.172845901,0.1925,0.8778,-0.0249,0.899
31.17519517,0.1940,0.8563,-0.0254,0.878
31.177184132,0.1937,0.8360,-0.0261,0.859
31.179051824,0.1945,0.8262,-0.0254,0.849
31.180902439,0.1952,0.8045,-0.0220,0.828
31.183091939,0.1986,0.7823,-0.0200,0.807
31.185160593,0.1996,0.7723,-0.0203,0.798
31.186992362,0.2025,0.7520,-0.0205,0.779
31.188956093,0.2077,0.7424,-0.0222,0.771
31.190883786,0.2106,0.7241,-0.0215,0.754
31.193413555,0.2138,0.7075,-0.0205,0.739
31.194981593,0.2165,0.6980,-0.0210,0.731
31.196721862,0.2223,0.6814,-0.0205,0.717
31.198654747,0.2279,0.6674,-0.0213,0.706
31.20072067,0.2311,0.6601,-0.0217,0.700
31.202874324,0.2384,0.6472,-0.0195,0.690
31.204630709,0.2424,0.6406,-0.0193,0.685
31.206731747,0.2482,0.6281,-0.0171,0.676
31.210751516,0.2538,0.6193,-0.0183,0.670
31.211958132,0.2573,0.6147,-0.0191,0.667
31.212935939,0.2607,0.6088,-0.0169,0.662
31.215262401,0.2643,0.6056,-0.0154,0.661
31.216538401,0.2663,0.6025,-0.0142,0.659
31.218475901,0.2707,0.6012,-0.0098,0.659
31.220437901,0.2729,0.6017,-0.0064,0.661
31.222481132,0.2753,0.6032,-0.0056,0.663
31.224386016,0.2778,0.6076,-0.0027,0.668
31.227242862,0.2805,0.6110,-0.0007,0.672
31.229348401,0.2836,0.6198,0.0020,0.682
31.230355247,0.2846,0.6301,0.0071,0.691
31.232722362,0.2853,0.6367,0.0078,0.698
31.234526632,0.2871,0.6516,0.0107,0.712
31.236198247,0.2885,0.6594,0.0173,0.720
31.23856317,0.2893,0.6755,0.0200,0.735
31.240373747,0.2890,0.6931,0.0259,0.751
31.24369867,0.2885,0.7024,0.0279,0.760
31.245112747,0.2878,0.7253,0.0322,0.781
31.246328209,0.2895,0.7481,0.0381,0.803
31.24816067,0.2893,0.7600,0.0413,0.814
31.250085862,0.2883,0.7886,0.0476,0.841
31.252056747,0.2878,0.8021,0.0508,0.854
31.25403517,0.2890,0.8292,0.0557,0.880
31.255931901,0.2895,0.8570,0.0628,0.907
31.257890978,0.2895,0.8714,0.0665,0.921
31.268411593,0.2924,0.8978,0.0711,0.947
31.269979862,0.2956,0.9118,0.0772,0.962
31.270847978,0.2961,0.9394,0.0782,0.988
31.271812785,0.3003,0.9662,0.0806,1.015
31.272710055,0.3046,0.9811,0.0818,1.031
31.27389967,0.3098,1.0083,0.0828,1.058
31.274991132,0.3149,1.0317,0.0816,1.082
31.276173747,0.3191,1.0432,0.0799,1.094
31.277185978,0.3279,1.0659,0.0762,1.118
31.278330978,0.3335,1.0864,0.0748,1.139
31.292394785,0.3371,1.0957,0.0743,1.149
31.294095901,0.3440,1.1123,0.0755,1.167
31.295096901,0.3467,1.1197,0.0767,1.175
31.295867478,0.3511,1.1350,0.0757,1.191
31.296816747,0.3542,1.1473,0.0748,1.203
31.298039978,0.3557,1.1524,0.0733,1.208
31.298979132,0.3586,1.1612,0.0682,1.217
31.300178555,0.3596,1.1649,0.0672,1.221
31.301539132,0.3628,1.1714,0.0621,1.228
31.302450401,0.3638,1.1734,0.0540,1.230
31.303596401,0.3643,1.1722,0.0486,1.228
31.304481016,0.3669,1.1693,0.0376,1.226
31.305622939,0.3711,1.1653,0.0257,1.223
31.30636817,0.3711,1.1636,0.0191,1.222
31.307406285,0.3701,1.1563,0.0061,1.214
31.309697747,0.3706,1.1519,0.0002,1.210
31.312411901,0.3696,1.1429,-0.0122,1.201
31.318843785,0.3669,1.1324,-0.0203,1.191
31.319876439,0.3665,1.1267,-0.0237,1.185
31.320683208,0.3630,1.1155,-0.0288,1.173
31.321829824,0.3596,1.1048,-0.0291,1.162
31.322615362,0.3591,1.0989,-0.0276,1.156
31.323611247,0.3572,1.0864,-0.0215,1.144
31.324987132,0.3567,1.0801,-0.0169,1.138
31.327951055,0.3560,1.0654,-0.0017,1.123
31.329545016,0.3555,1.0517,0.0132,1.110
31.331512093,0.3538,1.0447,0.0208,1.103
31.332835978,0.3511,1.0298,0.0384,1.089
31.334731324,0.3464,1.0227,0.0467,1.081
31.336652093,0.3450,1.0063,0.0638,1.066
31.33859817,0.3401,0.9919,0.0843,1.052
31.340647401,0.3369,0.9855,0.0941,1.046
31.343976593,0.3310,0.9711,0.1119,1.032
31.345700747,0.3244,0.9547,0.1246,1.016
31.346950324,0.3220,0.9462,0.1312,1.008
31.348785593,0.3161,0.9306,0.1463,0.994
31.350393401,0.3112,0.9245,0.1522,0.987
31.352291401,0.3044,0.9108,0.1652,0.974
31.354585093,0.2988,0.8971,0.1735,0.961
31.356393785,0.2966,0.8895,0.1781,0.954
31.35854317,0.2907,0.8756,0.1869,0.941
31.369013824,0.2849,0.8634,0.1925,0.929
31.37062667,0.2829,0.8580,0.1942,0.924
31.371545747,0.2795,0.8453,0.1976,0.912
31.372612247,0.2773,0.8397,0.1989,0.906
31.373877055,0.2707,0.8297,0.2008,0.896
31.375088439,0.2656,0.8194,0.2013,0.885
31.376299939,0.2643,0.8153,0.2008,0.880
31.37715617,0.2614,0.8072,0.1974,0.871
31.377916555,0.2553,0.7999,0.1969,0.862
31.37821417,0.2529,0.7957,0.1967,0.858
31.39167067,0.2494,0.7901,0.1908,0.850
31.392190324,0.2433,0.7845,0.1837,0.842
31.392441285,0.2404,0.7828,0.1805,0.839
31.392673901,0.2370,0.7781,0.1742,0.832
31.392894785,0.2353,0.7754,0.1695,0.828
31.39312367,0.2328,0.7742,0.1642,0.825
31.393409978,0.2277,0.7725,0.1568,0.820
31.395004285,0.2262,0.7723,0.1524,0.819
31.395830824,0.2213,0.7703,0.1432,0.814
31.397752978,0.2169,0.7698,0.1375,0.812
31.399615939,0.2143,0.7701,0.1336,0.810
31.401582862,0.2086,0.7710,0.1248,0.808
31.403388208,0.2072,0.7732,0.1222,0.810
31.405474708,0.2042,0.7747,0.1168,0.810
31.407424708,0.2016,0.7776,0.1114,0.811
31.410355593,0.2011,0.7801,0.1099,0.813
31.411426785,0.1974,0.7825,0.1051,0.814
31.413358785,0.1945,0.7845,0.1007,0.814
31.415474593,0.1925,0.7891,0.1007,0.818
31.417154055,0.1910,0.7945,0.0989,0.823
31.419234324,0.1908,0.7984,0.0982,0.827
31.421230939,0.1886,0.8040,0.0943,0.831
31.423271901,0.1874,0.8106,0.0928,0.837
31.425470362,0.1874,0.8140,0.0923,0.840
31.428068593,0.1862,0.8196,0.0923,0.846
31.429556016,0.1862,0.8233,0.0921,0.849
31.431156439,0.1852,0.8289,0.0916,0.854
31.43319267,0.1879,0.8365,0.0936,0.862
31.435101362,0.1891,0.8402,0.0941,0.866
31.437016016,0.1903,0.8477,0.0955,0.874
31.439159324,0.1893,0.8563,0.0965,0.882
31.440968862,0.1898,0.8592,0.0977,0.885
31.443973439,0.1915,0.8661,0.0989,0.892
31.445671093,0.1932,0.8702,0.0985,0.897
31.446968324,0.1979,0.8780,0.0994,0.906
31.448785285,0.2003,0.8834,0.1019,0.912
31.450915939,0.2013,0.8871,0.1024,0.915
31.452882016,0.2040,0.8942,0.1038,0.923
31.454729555,0.2094,0.8990,0.1063,0.929
31.456692516,0.2123,0.9015,0.1077,0.932
31.45878717,0.2177,0.9071,0.1109,0.939
31.468598055,0.2199,0.9096,0.1102,0.942
31.470184324,0.2238,0.9144,0.1129,0.948
31.471087016,0.2292,0.9169,0.1165,0.952
31.471977939,0.2321,0.9186,0.1192,0.955
31.472984055,0.2387,0.9210,0.1224,0.959
31.47408567,0.2448,0.9242,0.1253,0.964
31.475237901,0.2477,0.9252,0.1268,0.966
31.476323901,0.2526,0.9267,0.1305,0.969
31.477414516,0.2599,0.9267,0.1331,0.972
31.491948093,0.2636,0.9271,0.1341,0.973
31.494811862,0.2704,0.9262,0.1356,0.974
31.495814362,0.2736,0.9254,0.1375,0.975
31.497016555,0.2788,0.9240,0.1439,0.976
31.498333093,0.2844,0.9218,0.1437,0.975
31.499535939,0.2875,0.9201,0.1432,0.975
31.500779785,0.2922,0.9171,0.1461,0.974
31.502126901,0.2973,0.9130,0.1468,0.971
31.503287631,0.2988,0.9110,0.1478,0.970
31.504461439,0.3017,0.9081,0.1483,0.968
31.505543131,0.3022,0.9064,0.1480,0.967
31.506722978,0.3044,0.9054,0.1471,0.966
31.507639362,0.3064,0.9025,0.1461,0.964
31.508579708,0.3081,0.9003,0.1446,0.962
31.509812555,0.3112,0.8983,0.1424,0.961
31.510999555,0.3115,0.8939,0.1397,0.957
31.512191555,0.3112,0.8925,0.1380,0.955
31.513621285,0.3115,0.8888,0.1366,0.952
31.514109401,0.3120,0.8873,0.1366,0.950
31.51583717,0.3110,0.8863,0.1341,0.949
31.51798617,0.3120,0.8844,0.1302,0.947
31.519779901,0.3125,0.8837,0.1275,0.946
31.521775285,0.3117,0.8829,0.1244,0.945
31.523915516,0.3108,0.8807,0.1200,0.942
31.525771093,0.3117,0.8788,0.1182,0.940
31.527777362,0.3098,0.8773,0.1141,0.937
31.529516324,0.3093,0.8768,0.1121,0.937
31.531811208,0.3071,0.8758,0.1085,0.934
31.53360467,0.3059,0.8741,0.1011,0.932
31.535600862,0.3044,0.8739,0.1002,0.931
31.537451516,0.3032,0.8739,0.0967,0.930
31.539477324,0.3022,0.8727,0.0943,0.928
31.541823978,0.2978,0.8736,0.0906,0.927
31.546503093,0.2963,0.8739,0.0884,0.927
31.547081362,0.2946,0.8749,0.0862,0.927
31.547331478,0.2912,0.8753,0.0867,0.927
31.549254324,0.2868,0.8753,0.0887,0.925
31.551371247,0.2856,0.8756,0.0904,0.925
31.553501901,0.2805,0.8756,0.0921,0.924
31.555197785,0.2790,0.8763,0.0945,0.925
31.557152824,0.2741,0.8783,0.0980,0.925
31.559132901,0.2702,0.8793,0.1026,0.926
31.569877439,0.2668,0.8785,0.1048,0.924
31.570372131,0.2604,0.8773,0.1104,0.922
31.570618939,0.2551,0.8775,0.1163,0.921
31.57085267,0.2524,0.8780,0.1202,0.921
31.571072901,0.2499,0.8793,0.1283,0.923
31.571302208,0.2463,0.8800,0.1309,0.923
31.572783785,0.2450,0.8800,0.1346,0.923
31.574965708,0.2406,0.8824,0.1400,0.925
31.578746208,0.2394,0.8837,0.1422,0.926
31.579244401,0.2367,0.8851,0.1454,0.928
31.584624824,0.2362,0.8863,0.1473,0.929
31.585565016,0.2358,0.8871,0.1476,0.930
31.586148362,0.2345,0.8878,0.1483,0.930
31.586807478,0.2343,0.8883,0.1502,0.931
31.588760631,0.2340,0.8895,0.1485,0.932
31.590669247,0.2348,0.8900,0.1488,0.932
31.594302401,0.2345,0.8915,0.1478,0.934
31.595402131,0.2353,0.8944,0.1473,0.936
31.596777747,0.2380,0.8959,0.1441,0.938
31.598559824,0.2387,0.8968,0.1424,0.939
31.600637862,0.2402,0.9008,0.1410,0.943
31.602736401,0.2428,0.9025,0.1358,0.944
31.604495016,0.2448,0.9047,0.1334,0.947
31.606606593,0.2450,0.9091,0.1268,0.950
31.608483516,0.2472,0.9113,0.1226,0.952
31.610963401,0.2509,0.9169,0.1156,0.958
31.612937785,0.2529,0.9215,0.1063,0.961
31.614349131,0.2529,0.9240,0.1016,0.963
31.616291439,0.2536,0.9293,0.0926,0.968
31.618610939,0.2546,0.9367,0.0804,0.974
31.620304054,0.2558,0.9406,0.0726,0.977
31.622345093,0.2582,0.9472,0.0577,0.983
31.624293785,0.2609,0.9504,0.0506,0.987
31.627738593,0.2624,0.9582,0.0369,0.994
31.629345362,0.2697,0.9616,0.0237,0.999
31.63136667,0.2741,0.9635,0.0181,1.002
31.632540939,0.2788,0.9699,0.0120,1.009
31.634457208,0.2824,0.9782,0.0095,1.018
31.636399939,0.2856,0.9824,0.0107,1.023
31.638489862,0.2912,0.9902,0.0176,1.032
31.640271631,0.2937,0.9946,0.0237,1.037
31.642181901,0.3003,1.0024,0.0396,1.047
31.644753824,0.3044,1.0102,0.0577,1.057
31.646884516,0.3066,1.0131,0.0679,1.061
31.648382593,0.3127,1.0195,0.0911,1.070
31.650310093,0.3196,1.0254,0.1094,1.080
31.651989054,0.3235,1.0280,0.1173,1.084
31.653997401,0.3315,1.0334,0.1297,1.093
31.656083208,0.3362,1.0366,0.1346,1.098
31.658098708,0.3440,1.0410,0.1471,1.106
31.660810747,0.3469,1.0444,0.1593,1.112
31.670535477,0.3484,1.0473,0.1634,1.116
31.672003324,0.3501,1.0517,0.1747,1.122
31.672926785,0.3511,1.0586,0.1805,1.130
31.674034824,0.3503,1.0618,0.1815,1.133
31.675048054,0.3494,1.0664,0.1820,1.137
31.676098708,0.3494,1.0686,0.1827,1.139
31.67723767,0.3476,1.0735,0.1820,1.143
31.678353785,0.3445,1.0791,0.1761,1.146
31.679442785,0.3442,1.0818,0.1737,1.148
31.680399708,0.3430,1.0852,0.1703,1.151
31.694339016,0.3408,1.0857,0.1647,1.150
31.695961208,0.3403,1.0869,0.1627,1.151
31.69686517,0.3381,1.0877,0.1583,1.150
31.698218054,0.3367,1.0879,0.1571,1.150
31.699475939,0.3364,1.0862,0.1551,1.148
31.700617516,0.3391,1.0835,0.1551,1.146
31.703048477,0.3386,1.0825,0.1561,1.145
31.704462824,0.3384,1.0767,0.1590,1.140
31.706016516,0.3406,1.0727,0.1649,1.138
31.707103093,0.3408,1.0701,0.1681,1.136
31.70845467,0.3393,1.0627,0.1754,1.129
31.710279708,0.3376,1.0593,0.1835,1.127
31.711842093,0.3371,1.0527,0.1876,1.121
31.713581477,0.3332,1.0447,0.1974,1.114
31.714258593,0.3310,1.0415,0.2020,1.111
31.714632554,0.3264,1.0339,0.2101,1.104
31.714990901,0.3208,1.0271,0.2174,1.098
31.715349401,0.3186,1.0249,0.2209,1.096
31.717103862,0.3130,1.0229,0.2253,1.093
31.719034324,0.3051,1.0205,0.2294,1.090
31.720962054,0.3005,1.0195,0.2311,1.088
31.723928285,0.2959,1.0202,0.2316,1.087
31.725206247,0.2927,1.0200,0.2306,1.086
31.72791167,0.2829,1.0212,0.2296,1.084
31.72969017,0.2724,1.0249,0.2260,1.084
31.730752093,0.2665,1.0278,0.2226,1.085
31.733821824,0.2560,1.0354,0.2130,1.088
31.734562054,0.2463,1.0439,0.1994,1.091
31.736563939,0.2416,1.0486,0.1947,1.094
31.738651977,0.2331,1.0600,0.1783,1.100
31.740588477,0.2299,1.0662,0.1703,1.104
31.742795477,0.2257,1.0798,0.1549,1.114
31.747309016,0.2265,1.0960,0.1395,1.128
31.747889285,0.2262,1.1043,0.1324,1.135
31.748616285,0.2255,1.1216,0.1178,1.150
31.753865093,0.2284,1.1377,0.1048,1.165
31.754118977,0.2289,1.1453,0.1009,1.172
31.754885977,0.2296,1.1649,0.0926,1.191
31.756432631,0.2318,1.1729,0.0897,1.199
31.758509247,0.2331,1.1886,0.0872,1.214
31.7683339,0.2365,1.2049,0.0875,1.231
31.7688399,0.2404,1.2120,0.0892,1.239
31.769092593,0.2470,1.2257,0.0936,1.254
31.769366862,0.2575,1.2377,0.1036,1.268
31.7695909,0.2624,1.2416,0.1094,1.274
31.771317939,0.2744,1.2496,0.1222,1.285
31.779527554,0.2841,1.2533,0.1292,1.292
31.780391208,0.2905,1.2579,0.1459,1.299
31.78064117,0.3034,1.2584,0.1634,1.305
31.780889593,0.3083,1.2567,0.1737,1.306
31.781121016,0.3186,1.2533,0.1937,1.308
31.781977939,0.3286,1.2494,0.2135,1.309
31.784053324,0.3330,1.2472,0.2221,1.310
31.786198862,0.3369,1.2396,0.2387,1.307
31.787906554,0.3433,1.2301,0.2538,1.302
31.789940439,0.3454,1.2250,0.2597,1.299
31.791935093,0.3494,1.2142,0.2687,1.292
31.794419247,0.3503,1.2081,0.2714,1.287
31.796102477,0.3491,1.1969,0.2746,1.277
31.797961324,0.3467,1.1827,0.2695,1.262
31.799981785,0.3462,1.1761,0.2651,1.254
31.802142631,0.3425,1.1661,0.2521,1.241
31.80399417,0.3376,1.1578,0.2392,1.229
31.806091016,0.3354,1.1526,0.2304,1.222
31.8077759,0.3301,1.1448,0.2103,1.210
31.811947785,0.3259,1.1429,0.1996,1.205
31.81249967,0.3203,1.1365,0.1774,1.194
31.813841247,0.3142,1.1302,0.1549,1.183
31.815748939,0.3098,1.1265,0.1424,1.177
31.817806593,0.3037,1.1179,0.1192,1.165
31.819857516,0.2968,1.1111,0.1011,1.155
31.821632554,0.2939,1.1055,0.0923,1.148
31.823672285,0.2895,1.0945,0.0730,1.134
31.825686747,0.2878,1.0908,0.0652,1.130
31.828353593,0.2849,1.0793,0.0523,1.118
31.829529362,0.2834,1.0679,0.0371,1.105
31.83168567,0.2829,1.0632,0.0318,1.101
31.833595824,0.2800,1.0522,0.0239,1.089
31.83568067,0.2756,1.0366,0.0139,1.073
31.837383939,0.2741,1.0315,0.0093,1.067
31.839559862,0.2692,1.0178,0.0012,1.053
31.841477131,0.2663,1.0087,-0.0015,1.043
31.84462067,0.2604,0.9938,-0.0027,1.027
31.845205016,0.2526,0.9784,-0.0059,1.011
31.847399747,0.2470,0.9711,-0.0081,1.002
31.849344285,0.2333,0.9528,-0.0125,0.981
31.851156785,0.2250,0.9367,-0.0169,0.963
31.853258285,0.2201,0.9289,-0.0186,0.955
31.855285977,0.2086,0.9125,-0.0222,0.936
31.857372131,0.2025,0.9037,-0.0242,0.926
31.859245131,0.1896,0.8878,-0.0281,0.908
31.86411817,0.1779,0.8736,-0.0354,0.892
31.864688247,0.1713,0.8678,-0.0388,0.885
31.865136554,0.1590,0.8529,-0.0447,0.869
31.867010054,0.1441,0.8414,-0.0530,0.855
31.869060439,0.1388,0.8363,-0.0569,0.850
31.870952093,0.1268,0.8243,-0.0640,0.836
31.872912516,0.1204,0.8189,-0.0674,0.830
31.874821708,0.1097,0.8091,-0.0738,0.820
31.877223054,0.0975,0.8023,-0.0801,0.812
31.890075016,0.0926,0.7991,-0.0818,0.809
31.8913939,0.0826,0.7916,-0.0887,0.801
31.892233362,0.0733,0.7857,-0.0943,0.795
31.893196708,0.0689,0.7823,-0.0977,0.791
31.894152939,0.0628,0.7771,-0.1016,0.786
31.895159939,0.0608,0.7737,-0.1038,0.783
31.896265823,0.0555,0.7718,-0.1048,0.781
31.897339977,0.0523,0.7691,-0.1011,0.777
31.8983434,0.0506,0.7679,-0.0989,0.776
31.899437054,0.0489,0.7661,-0.0921,0.773
31.900220862,0.0459,0.7647,-0.0862,0.771
31.901113593,0.0445,0.7637,-0.0818,0.769
31.90370767,0.0425,0.7649,-0.0750,0.770
31.905108747,0.0406,0.7657,-0.0677,0.770
31.906669554,0.0408,0.7674,-0.0628,0.771
31.908464939,0.0406,0.7705,-0.0528,0.773
31.912978362,0.0420,0.7730,-0.0476,0.776
31.914612785,0.0445,0.7766,-0.0376,0.779
31.915608939,0.0501,0.7832,-0.0293,0.785
31.916931554,0.0533,0.7869,-0.0239,0.789
31.918558362,0.0589,0.7933,-0.0161,0.796
31.920462823,0.0621,0.7967,-0.0132,0.799
31.922380631,0.0701,0.8057,-0.0068,0.809
31.924219708,0.0801,0.8140,0.0044,0.818
31.926484208,0.0855,0.8192,0.0073,0.824
31.929679208,0.0960,0.8333,0.0132,0.839
31.9311154,0.1090,0.8465,0.0205,0.854
31.9323084,0.1158,0.8521,0.0239,0.860
31.934403323,0.1283,0.8666,0.0337,0.877
31.935919516,0.1358,0.8736,0.0398,0.885
31.938111593,0.1480,0.8861,0.0491,0.900
31.940147785,0.1642,0.9010,0.0581,0.918
31.942052631,0.1708,0.9076,0.0613,0.926
31.945652285,0.1862,0.9205,0.0694,0.942
31.947338977,0.2025,0.9354,0.0765,0.960
31.948448054,0.2089,0.9411,0.0809,0.967
31.949862785,0.2238,0.9523,0.0892,0.982
31.9517479,0.2311,0.9577,0.0911,0.989
31.953938554,0.2443,0.9701,0.0955,1.005
31.955684747,0.2573,0.9811,0.1009,1.019
31.957668054,0.2626,0.9870,0.1036,1.027
31.959536285,0.2734,0.9975,0.1112,1.040
31.969807246,0.2783,1.0021,0.1136,1.046
31.971235939,0.2900,1.0124,0.1180,1.060
31.972341246,0.2985,1.0217,0.1239,1.072
31.9735089,0.3015,1.0254,0.1273,1.076
31.974017746,0.3071,1.0312,0.1300,1.084
31.974396093,0.3108,1.0363,0.1329,1.090
31.974639977,0.3122,1.0378,0.1336,1.092
31.975453785,0.3144,1.0415,0.1353,1.096
31.994792631,0.3144,1.0427,0.1358,1.098
31.996237708,0.3137,1.0451,0.1356,1.100
31.997418093,0.3132,1.0434,0.1336,1.098
31.9982644,0.3134,1.0429,0.1327,1.097
31.999380208,0.3137,1.0407,0.1278,1.094
32.000735593,0.3078,1.0393,0.1202,1.091
32.001963593,0.3046,1.0368,0.1187,1.087
32.003319285,0.2985,1.0319,0.1131,1.080
32.004371246,0.2944,1.0295,0.1097,1.076
32.005587362,0.2861,1.0246,0.1009,1.069
32.006662246,0.2797,1.0197,0.0926,1.061
32.007685016,0.2753,1.0170,0.0897,1.057
32.008731439,0.2668,1.0112,0.0821,1.049
32.010060208,0.2602,1.0056,0.0755,1.041
32.011036285,0.2580,1.0021,0.0730,1.037
32.012185246,0.2511,0.9936,0.0684,1.027
32.013483631,0.2482,0.9909,0.0667,1.024
32.014427246,0.2428,0.9811,0.0645,1.013
32.015479131,0.2380,0.9716,0.0643,1.002
32.016583439,0.2350,0.9679,0.0645,0.998
32.0177579,0.2289,0.9589,0.0655,0.988
32.019430054,0.2245,0.9516,0.0696,0.980
32.020511439,0.2218,0.9460,0.0718,0.974
32.022756093,0.2162,0.9379,0.0801,0.966
32.024585093,0.2125,0.9284,0.0880,0.956
32.026713785,0.2101,0.9237,0.0928,0.952
32.029752785,0.2035,0.9142,0.1024,0.942
32.030874285,0.2011,0.9108,0.1065,0.939
32.033205285,0.1967,0.9022,0.1165,0.931
32.034540439,0.1896,0.8932,0.1248,0.922
32.036442362,0.1847,0.8893,0.1305,0.918
32.038418708,0.1781,0.8810,0.1397,0.910
32.040299593,0.1725,0.8746,0.1493,0.904
32.042330977,0.1681,0.8714,0.1544,0.901
32.047700516,0.1625,0.8634,0.1654,0.894
32.048255439,0.1581,0.8587,0.1700,0.890
32.048493093,0.1510,0.8534,0.1754,0.884
32.054699054,0.1434,0.8480,0.1805,0.879
32.054957516,0.1400,0.8451,0.1825,0.876
32.055183131,0.1344,0.8392,0.1859,0.870
32.056093593,0.1280,0.8338,0.1891,0.865
32.058271131,0.1251,0.8316,0.1898,0.862
32.060143285,0.1209,0.8272,0.1901,0.857
32.071891554,0.1168,0.8253,0.1901,0.855
32.073442593,0.1131,0.8218,0.1867,0.850
32.074283439,0.1080,0.8182,0.1842,0.846
32.075038477,0.1070,0.8172,0.1835,0.844
32.075940208,0.1026,0.8135,0.1796,0.839
32.077547208,0.1002,0.8113,0.1732,0.836
32.080892746,0.0997,0.8104,0.1700,0.834
32.082744708,0.0982,0.8087,0.1625,0.831
32.083994054,0.0985,0.8074,0.1583,0.829
32.085082669,0.0994,0.8089,0.1515,0.829
32.0866144,0.0989,0.8077,0.1434,0.826
32.088048746,0.1002,0.8084,0.1397,0.826
32.089379131,0.1024,0.8079,0.1317,0.825
32.0905014,0.1041,0.8096,0.1251,0.826
32.098336785,0.1051,0.8104,0.1214,0.826
32.100013823,0.1102,0.8116,0.1129,0.827
32.101243054,0.1126,0.8135,0.1097,0.829
32.102483631,0.1165,0.8157,0.1058,0.831
32.103590323,0.1229,0.8165,0.0982,0.831
32.104806862,0.1256,0.8177,0.0963,0.833
32.106106516,0.1341,0.8201,0.0936,0.836
32.107223785,0.1400,0.8226,0.0911,0.839
32.1084034,0.1419,0.8245,0.0894,0.841
32.109689093,0.1485,0.8277,0.0897,0.846
32.110770977,0.1522,0.8294,0.0884,0.848
32.113690977,0.1608,0.8346,0.0877,0.854
32.114930708,0.1678,0.8397,0.0884,0.861
32.115227746,0.1700,0.8424,0.0892,0.864
32.117189362,0.1764,0.8468,0.0911,0.870
32.119232246,0.1827,0.8517,0.0923,0.876
32.120883169,0.1849,0.8548,0.0941,0.880
32.123248554,0.1915,0.8604,0.0945,0.887
32.125154323,0.1940,0.8626,0.0950,0.889
32.127055208,0.1998,0.8683,0.0985,0.896
32.129686977,0.2052,0.8746,0.0994,0.904
32.131016439,0.2062,0.8771,0.1011,0.907
32.133116285,0.2106,0.8839,0.1036,0.915
32.134979093,0.2130,0.8895,0.1048,0.921
32.136903862,0.2128,0.8922,0.1058,0.923
32.139093554,0.2152,0.8978,0.1080,0.930
32.140782785,0.2167,0.9005,0.1090,0.933
32.142752093,0.2172,0.9088,0.1104,0.941
32.147838746,0.2169,0.9149,0.1107,0.947
32.148446439,0.2179,0.9181,0.1092,0.950
32.149764439,0.2177,0.9237,0.1104,0.955
32.150808516,0.2130,0.9293,0.1109,0.960
32.152757593,0.2130,0.9328,0.1112,0.963
32.154691093,0.2116,0.9381,0.1082,0.968
32.156669208,0.2108,0.9403,0.1080,0.970
32.1585514,0.2074,0.9457,0.1073,0.974
32.170869208,0.2008,0.9479,0.1063,0.975
32.172443323,0.1986,0.9499,0.1070,0.976
32.173499977,0.1947,0.9523,0.1068,0.978
32.174578708,0.1896,0.9543,0.1060,0.979
32.176400439,0.1874,0.9560,0.1058,0.980
32.181803169,0.1827,0.9579,0.1068,0.981
32.183455016,0.1815,0.9584,0.1065,0.981
32.184492939,0.1754,0.9609,0.1058,0.982
32.185724939,0.1715,0.9613,0.1073,0.982
32.186969246,0.1693,0.9626,0.1075,0.983
32.188166862,0.1661,0.9640,0.1092,0.984
32.189443323,0.1612,0.9638,0.1107,0.983
32.190556131,0.1588,0.9645,0.1124,0.984
32.191476746,0.1549,0.9643,0.1190,0.984
32.192484669,0.1493,0.9648,0.1226,0.984
32.193504246,0.1476,0.9655,0.1241,0.985
32.194671323,0.1449,0.9643,0.1302,0.984
32.195665939,0.1432,0.9653,0.1336,0.985
32.196723823,0.1419,0.9670,0.1407,0.987
32.199774131,0.1410,0.9655,0.1461,0.987
32.2008129,0.1422,0.9648,0.1480,0.986
32.202030092,0.1424,0.9653,0.1537,0.988
32.204177131,0.1434,0.9653,0.1605,0.989
32.205888862,0.1432,0.9653,0.1634,0.989
32.207799746,0.1434,0.9643,0.1693,0.989
32.209818054,0.1419,0.9638,0.1717,0.989
32.212265169,0.1429,0.9648,0.1752,0.991
32.215139285,0.1432,0.9628,0.1791,0.990
32.216572862,0.1410,0.9633,0.1813,0.990
32.217722285,0.1390,0.9660,0.1835,0.993
32.219646592,0.1385,0.9670,0.1823,0.994
32.222030631,0.1388,0.9667,0.1818,0.993
32.223746208,0.1393,0.9662,0.1781,0.992
32.2258879,0.1395,0.9662,0.1742,0.992
32.228538092,0.1400,0.9665,0.1654,0.990
32.229635516,0.1424,0.9643,0.1564,0.987
32.231709092,0.1461,0.9643,0.1505,0.987
32.233382592,0.1564,0.9618,0.1405,0.985
32.235594631,0.1627,0.9599,0.1356,0.983
32.237327977,0.1659,0.9587,0.1258,0.981
32.239516554,0.1725,0.9569,0.1192,0.980
32.241492669,0.1737,0.9560,0.1170,0.979
32.243998977,0.1798,0.9560,0.1160,0.980
32.247443016,0.1867,0.9545,0.1182,0.980
32.247793862,0.1906,0.9538,0.1209,0.980
32.249502285,0.1974,0.9501,0.1283,0.979
32.251500131,0.2047,0.9479,0.1329,0.979
32.253456285,0.2089,0.9464,0.1371,0.979
32.255389169,0.2150,0.9394,0.1461,0.975
32.257319862,0.2172,0.9369,0.1488,0.973
32.259684323,0.2223,0.9323,0.1522,0.970
32.268685208,0.2301,0.9279,0.1564,0.969
32.269915477,0.2326,0.9245,0.1581,0.966
32.270719285,0.2360,0.9176,0.1622,0.961
32.271489016,0.2375,0.9130,0.1656,0.958
32.272177285,0.2387,0.9118,0.1664,0.957
32.274511669,0.2375,0.9098,0.1652,0.955
32.275341862,0.2365,0.9076,0.1642,0.952
32.276032054,0.2338,0.9039,0.1578,0.947
32.277134246,0.2292,0.9049,0.1490,0.945
32.292392092,0.2262,0.9054,0.1437,0.944
32.294021169,0.2226,0.9074,0.1305,0.943
32.295119746,0.2201,0.9078,0.1163,0.941
32.296238169,0.2191,0.9118,0.1077,0.944
32.297482092,0.2174,0.9171,0.0916,0.947
32.298391246,0.2155,0.9196,0.0840,0.948
32.299471554,0.2118,0.9254,0.0684,0.952
32.300891554,0.2091,0.9318,0.0535,0.956
32.301923785,0.2089,0.9362,0.0472,0.960
32.302827054,0.2101,0.9467,0.0374,0.970
32.303593939,0.2111,0.9569,0.0283,0.980
32.304322515,0.2121,0.9616,0.0264,0.985
32.305252323,0.2150,0.9699,0.0237,0.994
32.306198439,0.2165,0.9745,0.0230,0.999
32.307314785,0.2182,0.9828,0.0230,1.007
32.310389092,0.2201,0.9909,0.0264,1.015
32.316116362,0.2206,0.9958,0.0305,1.020
32.317431554,0.2221,1.0056,0.0386,1.031
32.318340092,0.2231,1.0136,0.0481,1.039
32.319342054,0.2226,1.0183,0.0530,1.044
32.320228054,0.2201,1.0273,0.0655,1.053
32.321095977,0.2184,1.0322,0.0721,1.058
32.322570477,0.2155,1.0417,0.0882,1.067
32.324463477,0.2106,1.0527,0.1026,1.078
32.326396746,0.2089,1.0571,0.1109,1.083
32.329505054,0.2052,1.0693,0.1248,1.096
32.3314244,0.2028,1.0749,0.1397,1.103
32.332607092,0.2001,1.0874,0.1459,1.115
32.334182592,0.1967,1.0996,0.1605,1.129
32.3361254,0.1962,1.1062,0.1666,1.136
32.338395631,0.1906,1.1177,0.1783,1.148
32.340129015,0.1871,1.1285,0.1869,1.159
32.342237092,0.1867,1.1331,0.1906,1.164
32.344207092,0.1842,1.1438,0.1945,1.175
32.347037631,0.1837,1.1524,0.1991,1.184
32.348575977,0.1823,1.1575,0.2011,1.189
32.3501849,0.1786,1.1678,0.2006,1.198
32.352262439,0.1759,1.1722,0.2001,1.202
32.354205015,0.1757,1.1800,0.1957,1.209
32.356004746,0.1744,1.1854,0.1901,1.213
32.358427439,0.1727,1.1886,0.1867,1.215
32.360012631,0.1700,1.1929,0.1771,1.218
32.369676092,0.1686,1.1966,0.1678,1.220
32.3711794,0.1688,1.1976,0.1625,1.220
32.372475208,0.1688,1.2005,0.1520,1.222
32.373625208,0.1703,1.2008,0.1480,1.222
32.374757669,0.1717,1.1995,0.1366,1.219
32.375920169,0.1727,1.1993,0.1256,1.218
32.377142208,0.1744,1.1983,0.1195,1.217
32.378384477,0.1786,1.1949,0.1094,1.213
32.379396169,0.1798,1.1903,0.0999,1.208
32.380304285,0.1798,1.1871,0.0948,1.204
32.393385631,0.1820,1.1822,0.0882,1.199
32.393934746,0.1849,1.1793,0.0865,1.197
32.394188708,0.1862,1.1741,0.0865,1.192
32.394423323,0.1867,1.1671,0.0855,1.185
32.394656708,0.1891,1.1651,0.0858,1.183
32.394872977,0.1923,1.1602,0.0867,1.179
32.395105169,0.1952,1.1548,0.0916,1.175
32.395339631,0.1962,1.1514,0.0941,1.172
32.397318169,0.2008,1.1463,0.1019,1.168
32.399565823,0.2057,1.1416,0.1112,1.165
32.402204708,0.2086,1.1404,0.1148,1.165
32.403227477,0.2160,1.1377,0.1248,1.165
32.405215054,0.2206,1.1372,0.1295,1.166
32.407306554,0.2301,1.1375,0.1375,1.169
32.409429554,0.2411,1.1380,0.1483,1.173
32.412529131,0.2475,1.1394,0.1507,1.176
32.413589285,0.2607,1.1446,0.1593,1.185
32.4162204,0.2746,1.1509,0.1695,1.195
32.417648823,0.2812,1.1531,0.1737,1.200
32.419488438,0.2944,1.1600,0.1813,1.210
32.421171823,0.2998,1.1614,0.1864,1.214
32.423310092,0.3132,1.1671,0.1986,1.225
32.424997554,0.3261,1.1719,0.2091,1.234
32.426987631,0.3330,1.1734,0.2147,1.238
32.429965823,0.3464,1.1771,0.2277,1.248
32.431600554,0.3569,1.1776,0.2370,1.253
32.432801246,0.3628,1.1776,0.2416,1.256
32.434887131,0.3723,1.1756,0.2521,1.259
32.436645208,0.3765,1.1739,0.2565,1.259
32.438894015,0.3833,1.1661,0.2617,1.255
32.440622169,0.3880,1.1590,0.2641,1.250
32.442813477,0.3906,1.1556,0.2648,1.248
32.444927208,0.3928,1.1470,0.2614,1.240
32.447872323,0.3892,1.1421,0.2563,1.234
32.4492364,0.3865,1.1306,0.2533,1.221
32.450718938,0.3819,1.1209,0.2436,1.209
32.453019862,0.3784,1.1167,0.2377,1.203
32.454576746,0.3701,1.1109,0.2240,1.192
32.456514669,0.3606,1.1050,0.2089,1.181
32.458513362,0.3560,1.1021,0.2006,1.175
32.460402169,0.3442,1.0955,0.1803,1.162
32.470800092,0.3345,1.0933,0.1698,1.156
32.472129746,0.3288,1.0911,0.1515,1.150
32.473009592,0.3205,1.0891,0.1307,1.143
32.474030131,0.3159,1.0879,0.1204,1.139
32.474992285,0.3059,1.0845,0.1021,1.131
32.476050477,0.2978,1.0833,0.0865,1.127
32.476943477,0.2937,1.0820,0.0772,1.124
32.477835592,0.2883,1.0796,0.0623,1.119
32.478136554,0.2858,1.0779,0.0552,1.117
32.495044169,0.2819,1.0754,0.0437,1.113
32.496398785,0.2817,1.0686,0.0335,1.106
32.497517092,0.2824,1.0642,0.0293,1.101
32.498596362,0.2856,1.0588,0.0232,1.097
32.499599015,0.2878,1.0488,0.0188,1.088
32.500447208,0.2880,1.0444,0.0161,1.084
32.501136323,0.2900,1.0341,0.0110,1.074
32.502111746,0.2900,1.0280,0.0110,1.068
32.502899554,0.2907,1.0139,0.0103,1.055
32.503746938,0.2875,1.0014,0.0129,1.042
32.504588361,0.2866,0.9946,0.0142,1.035
32.505377515,0.2841,0.9806,0.0166,1.021
32.506188246,0.2792,0.9672,0.0186,1.007
32.506934246,0.2778,0.9604,0.0195,1.000
32.507844208,0.2751,0.9467,0.0205,0.986
32.509885785,0.2707,0.9394,0.0210,0.978
32.513549631,0.2682,0.9237,0.0232,0.962
32.5151214,0.2665,0.9071,0.0232,0.946
32.517944631,0.2653,0.8998,0.0222,0.938
32.519270977,0.2619,0.8837,0.0193,0.922
32.520657438,0.2619,0.8690,0.0139,0.908
32.522419438,0.2604,0.8619,0.0117,0.900
32.523727938,0.2614,0.8468,0.0042,0.886
32.525777246,0.2614,0.8394,0.0002,0.879
32.527514285,0.2612,0.8262,-0.0061,0.867
32.530986592,0.2639,0.8133,-0.0144,0.855
32.533786861,0.2656,0.8079,-0.0191,0.851
32.534097823,0.2719,0.7962,-0.0266,0.842
32.535293477,0.2802,0.7837,-0.0320,0.833
32.537192092,0.2851,0.7786,-0.0347,0.830
32.539119746,0.2995,0.7681,-0.0413,0.825
32.541142323,0.3127,0.7622,-0.0445,0.825
32.543235592,0.3188,0.7534,-0.0472,0.819
32.546449746,0.3332,0.7456,-0.0530,0.818
32.547106785,0.3391,0.7415,-0.0552,0.817
32.549049438,0.3491,0.7327,-0.0555,0.813
32.550951361,0.3604,0.7253,-0.0594,0.812
32.552843477,0.3657,0.7229,-0.0621,0.813
32.554949977,0.3762,0.7190,-0.0635,0.814
32.556864054,0.3845,0.7170,-0.0655,0.816
32.558973631,0.3887,0.7163,-0.0665,0.818
32.560786708,0.3968,0.7163,-0.0682,0.822
32.566243977,0.3992,0.7158,-0.0689,0.822
32.566832131,0.4038,0.7161,-0.0684,0.825
32.567526131,0.4082,0.7187,-0.0667,0.829
32.568733669,0.4107,0.7227,-0.0650,0.834
32.570932861,0.4112,0.7300,-0.0608,0.840
32.5728969,0.4121,0.7334,-0.0596,0.843
32.574853746,0.4117,0.7417,-0.0547,0.850
32.576706823,0.4119,0.7530,-0.0489,0.860
32.592748515,0.4109,0.7603,-0.0450,0.865
32.593400977,0.4109,0.7727,-0.0379,0.876
32.593658515,0.4092,0.7852,-0.0291,0.886
32.593890438,0.4090,0.7918,-0.0259,0.892
32.594125631,0.4070,0.8057,-0.0149,0.903
32.5943789,0.4058,0.8223,-0.0042,0.917
32.5946169,0.4051,0.8309,0.0020,0.924
32.594849708,0.4041,0.8490,0.0149,0.940
32.5950809,0.4031,0.8587,0.0217,0.949
32.5968589,0.3994,0.8768,0.0347,0.964
32.598335823,0.3980,0.8951,0.0491,0.981
32.600167669,0.3965,0.9054,0.0564,0.990
32.602245669,0.3921,0.9271,0.0682,1.009
32.604194938,0.3880,0.9362,0.0787,1.016
32.606281554,0.3858,0.9547,0.0838,1.033
32.608094977,0.3801,0.9745,0.0933,1.050
32.610147169,0.3784,0.9848,0.0977,1.060
32.614293361,0.3753,1.0031,0.1065,1.076
32.614798015,0.3711,1.0210,0.1129,1.092
32.615997554,0.3679,1.0285,0.1153,1.098
32.618251669,0.3647,1.0422,0.1202,1.111
32.620588515,0.3618,1.0486,0.1231,1.116
32.622253938,0.3596,1.0620,0.1229,1.128
32.623896746,0.3562,1.0713,0.1204,1.135
32.625858323,0.3557,1.0764,0.1197,1.140
32.628095708,0.3508,1.0833,0.1175,1.145
32.630159861,0.3454,1.0855,0.1124,1.145
32.632053477,0.3435,1.0855,0.1090,1.144
32.634122169,0.3391,1.0850,0.1033,1.141
32.635799246,0.3367,1.0855,0.0987,1.141
32.637859823,0.3303,1.0845,0.0892,1.137
32.639758554,0.3252,1.0825,0.0787,1.133
32.641794323,0.3232,1.0808,0.0730,1.130
32.6437329,0.3176,1.0759,0.0608,1.123
32.646317131,0.3108,1.0679,0.0486,1.113
32.648485708,0.3081,1.0642,0.0440,1.109
32.650433977,0.3034,1.0539,0.0352,1.097
32.651659015,0.2963,1.0454,0.0276,1.087
32.653740477,0.2937,1.0412,0.0232,1.082
32.655743208,0.2897,1.0300,0.0166,1.070
32.6573839,0.2875,1.0251,0.0144,1.065
32.659492823,0.2846,1.0156,0.0103,1.055
32.661627861,0.2814,1.0043,0.0071,1.043
32.666140131,0.2800,0.9995,0.0078,1.038
32.6667204,0.2773,0.9875,0.0086,1.026
32.667415015,0.2736,0.9762,0.0115,1.014
32.669511669,0.2729,0.9719,0.0132,1.010
32.671440708,0.2690,0.9596,0.0178,0.997
32.673136208,0.2678,0.9538,0.0205,0.991
32.675214592,0.2646,0.9450,0.0261,0.982
32.677024938,0.2597,0.9320,0.0349,0.968
32.692676131,0.2577,0.9267,0.0398,0.963
32.693218438,0.2551,0.9171,0.0479,0.953
32.693526092,0.2511,0.9054,0.0550,0.941
32.693771477,0.2499,0.8993,0.0603,0.935
32.693993746,0.2485,0.8854,0.0723,0.922
32.694229361,0.2467,0.8802,0.0772,0.917
32.694457092,0.2431,0.8702,0.0867,0.908
32.694696477,0.2382,0.8573,0.0980,0.895
32.694946054,0.2375,0.8517,0.1031,0.890
32.701785746,0.2367,0.8419,0.1129,0.882
32.702960784,0.2331,0.8309,0.1224,0.872
32.703986554,0.2316,0.8265,0.1273,0.868
32.705204015,0.2294,0.8165,0.1334,0.859
32.706435208,0.2274,0.8113,0.1358,0.853
32.707634169,0.2262,0.8021,0.1429,0.846
32.708920977,0.2231,0.7928,0.1488,0.837
32.7110599,0.2213,0.7891,0.1498,0.833
32.7146069,0.2182,0.7815,0.1524,0.826
32.716393977,0.2160,0.7757,0.1564,0.820
32.717807323,0.2152,0.7730,0.1568,0.818
32.721051361,0.2125,0.7669,0.1588,0.811
32.722410861,0.2108,0.7630,0.1598,0.808
32.723470861,0.2096,0.7561,0.1583,0.800
32.724756207,0.2052,0.7512,0.1576,0.795
32.7280579,0.2045,0.7500,0.1576,0.793
32.729242246,0.2052,0.7468,0.1554,0.790
32.7319459,0.2045,0.7437,0.1534,0.786
32.733456515,0.2045,0.7420,0.1515,0.784
32.734621784,0.2025,0.7412,0.1463,0.782
32.736502746,0.2018,0.7400,0.1454,0.781
32.738572631,0.2011,0.7393,0.1402,0.779
32.740438592,0.1994,0.7395,0.1361,0.778
32.743044631,0.1991,0.7407,0.1336,0.779
32.744461246,0.1986,0.7439,0.1283,0.781
32.747378861,0.1989,0.7456,0.1234,0.781
32.748856669,0.1989,0.7483,0.1219,0.784
32.750416554,0.1979,0.7520,0.1178,0.786
32.752401323,0.1962,0.7537,0.1153,0.787
32.754442323,0.1979,0.7583,0.1126,0.792
32.756191861,0.1981,0.7657,0.1094,0.798
32.758150554,0.1979,0.7698,0.1075,0.802
32.760221284,0.1991,0.7771,0.1036,0.809
32.770932054,0.1994,0.7852,0.1016,0.816
32.772497323,0.1979,0.7891,0.0999,0.820
32.773586977,0.1964,0.7947,0.0982,0.825
32.774745977,0.1989,0.7989,0.0945,0.829
32.775732554,0.1986,0.8104,0.0928,0.839
32.776883361,0.2006,0.8184,0.0941,0.848
32.777801323,0.2020,0.8209,0.0945,0.851
32.778152823,0.2013,0.8282,0.0928,0.857
32.7783919,0.2030,0.8372,0.0938,0.867
32.7966189,0.2040,0.8411,0.0948,0.871
32.798102246,0.2055,0.8497,0.0972,0.880
32.798489131,0.2072,0.8531,0.0980,0.883
32.798754938,0.2101,0.8612,0.1038,0.892
32.798987669,0.2133,0.8675,0.1077,0.900
32.799215669,0.2135,0.8712,0.1097,0.904
32.799448707,0.2177,0.8778,0.1138,0.912
32.799672784,0.2201,0.8839,0.1195,0.919
32.799899592,0.2213,0.8871,0.1217,0.922
32.800142631,0.2255,0.8910,0.1268,0.928
32.800366592,0.2270,0.8939,0.1302,0.931
32.801386977,0.2318,0.8990,0.1363,0.938
32.803460861,0.2348,0.9030,0.1432,0.944
32.805335631,0.2365,0.9037,0.1473,0.946
32.807615592,0.2402,0.9071,0.1522,0.951
32.809237669,0.2441,0.9108,0.1590,0.956
32.811339746,0.2470,0.9125,0.1615,0.959
32.813372438,0.2509,0.9118,0.1676,0.960
32.815224746,0.2526,0.9122,0.1713,0.962
32.817173515,0.2582,0.9122,0.1764,0.964
32.819481707,0.2641,0.9122,0.1825,0.967
32.821102477,0.2680,0.9108,0.1862,0.967
32.823234207,0.2751,0.9076,0.1915,0.968
32.825376054,0.2812,0.9042,0.1947,0.967
32.82726413,0.2836,0.9030,0.1964,0.967
32.830954015,0.2875,0.9017,0.1996,0.967
32.832614361,0.2888,0.9000,0.2001,0.966
32.833765823,0.2907,0.8964,0.1994,0.963
32.835589246,0.2912,0.8920,0.1991,0.959
32.836989784,0.2915,0.8888,0.1979,0.956
32.839241746,0.2919,0.8854,0.1940,0.952
32.841448592,0.2902,0.8819,0.1901,0.948
32.8433204,0.2897,0.8805,0.1867,0.946
32.845166823,0.2861,0.8793,0.1776,0.942
32.848773707,0.2849,0.8775,0.1713,0.938
32.850586169,0.2861,0.8727,0.1578,0.932
32.85177863,0.2888,0.8675,0.1483,0.926
32.8531004,0.2900,0.8648,0.1415,0.923
32.854817092,0.2922,0.8602,0.1302,0.918
32.856952246,0.2946,0.8565,0.1212,0.914
32.858907015,0.2966,0.8543,0.1178,0.912
32.860856554,0.2968,0.8502,0.1146,0.908
32.8718954,0.2963,0.8482,0.1165,0.906
32.873665092,0.2951,0.8458,0.1195,0.904
32.874807169,0.2961,0.8431,0.1266,0.903
32.876060746,0.2963,0.8411,0.1295,0.901
32.877195246,0.2954,0.8375,0.1375,0.899
32.878313861,0.2929,0.8360,0.1441,0.897
32.878763207,0.2919,0.8348,0.1471,0.897
32.879160361,0.2919,0.8309,0.1510,0.894
32.879552823,0.2912,0.8294,0.1520,0.892
32.896578977,0.2902,0.8284,0.1512,0.891
32.8978734,0.2902,0.8265,0.1517,0.889
32.898414246,0.2900,0.8253,0.1517,0.888
32.89883113,0.2868,0.8258,0.1544,0.888
32.899260515,0.2836,0.8258,0.1551,0.887
32.899665784,0.2817,0.8258,0.1554,0.886
32.9000784,0.2763,0.8284,0.1520,0.886
32.900491592,0.2714,0.8316,0.1466,0.887
32.9009109,0.2709,0.8328,0.1434,0.887
32.901393977,0.2665,0.8367,0.1351,0.889
32.901808246,0.2631,0.8380,0.1300,0.888
32.902207592,0.2590,0.8443,0.1214,0.891
32.904285784,0.2541,0.8465,0.1116,0.891
32.906390823,0.2524,0.8480,0.1073,0.891
32.908177823,0.2482,0.8529,0.0989,0.894
32.9107964,0.2477,0.8563,0.0928,0.896
32.912125669,0.2494,0.8575,0.0897,0.898
32.914674477,0.2514,0.8592,0.0875,0.900
32.916334669,0.2531,0.8612,0.0860,0.902
32.918254169,0.2541,0.8626,0.0867,0.903
32.920323169,0.2555,0.8648,0.0894,0.906
32.922403284,0.2580,0.8668,0.0916,0.909
32.923980054,0.2629,0.8697,0.0980,0.914
32.925990015,0.2643,0.8729,0.1053,0.918
32.927904054,0.2663,0.8746,0.1090,0.921
32.93066013,0.2673,0.8778,0.1143,0.925
32.933572169,0.2690,0.8817,0.1217,0.930
32.934533592,0.2707,0.8876,0.1244,0.936
32.936457977,0.2726,0.8944,0.1329,0.944
32.938019707,0.2724,0.8973,0.1366,0.948
32.939699938,0.2729,0.9071,0.1441,0.958
32.941560015,0.2744,0.9186,0.1483,0.970
32.943571477,0.2756,0.9245,0.1502,0.976
32.946930246,0.2778,0.9369,0.1520,0.989
32.947377823,0.2785,0.9428,0.1539,0.995
32.949497246,0.2800,0.9579,0.1561,1.010
32.951538361,0.2792,0.9745,0.1561,1.026
32.953378169,0.2802,0.9824,0.1556,1.033
32.955300053,0.2846,0.9987,0.1546,1.050
32.957212861,0.2902,1.0163,0.1544,1.068
32.959611784,0.2922,1.0249,0.1546,1.077
32.961230477,0.2949,1.0407,0.1564,1.093
32.968232207,0.2998,1.0491,0.1571,1.102
32.968820553,0.3017,1.0662,0.1603,1.120
32.969061938,0.3056,1.0820,0.1644,1.136
32.969342438,0.3090,1.0891,0.1664,1.144
32.971304207,0.3154,1.1030,0.1735,1.160
32.973054977,0.3198,1.1160,0.1808,1.175
32.975191246,0.3213,1.1206,0.1845,1.180
32.977210977,0.3242,1.1302,0.1906,1.191
32.990477823,0.3291,1.1348,0.1962,1.198
32.991810553,0.3320,1.1426,0.1994,1.206
32.99274263,0.3362,1.1473,0.2042,1.213
32.993726477,0.3374,1.1490,0.2062,1.215
32.99456713,0.3428,1.1514,0.2096,1.220
32.995475823,0.3464,1.1529,0.2135,1.223
32.996239861,0.3474,1.1531,0.2155,1.223
33.0004109,0.3501,1.1546,0.2184,1.226
33.002005938,0.3516,1.1558,0.2187,1.228
33.003124092,0.3545,1.1534,0.2179,1.226
33.003996669,0.3586,1.1504,0.2184,1.225
33.005157746,0.3606,1.1495,0.2189,1.224
33.006275169,0.3616,1.1448,0.2187,1.220
33.007537323,0.3613,1.1382,0.2172,1.214
33.008358592,0.3616,1.1348,0.2157,1.210
33.009188592,0.3599,1.1319,0.2143,1.207
33.0110129,0.3582,1.1306,0.2143,1.205
33.014957477,0.3569,1.1267,0.2138,1.201
33.016389553,0.3550,1.1233,0.2123,1.197
33.017394207,0.3535,1.1204,0.2121,1.194
33.018372323,0.3496,1.1179,0.2118,1.190
33.020546246,0.3435,1.1138,0.2108,1.184
33.0223634,0.3406,1.1126,0.2094,1.182
33.0243059,0.3359,1.1113,0.2084,1.180
33.026251015,0.3298,1.1079,0.2072,1.174
33.028223707,0.3247,1.1077,0.2064,1.173
33.031883169,0.3152,1.1082,0.2035,1.170
33.033370477,0.3093,1.1089,0.2011,1.169
33.034487861,0.2971,1.1116,0.1974,1.167
33.036136246,0.2827,1.1170,0.1937,1.168
33.038234976,0.2756,1.1214,0.1898,1.170
33.040154323,0.2612,1.1316,0.1796,1.175
33.042174207,0.2504,1.1414,0.1703,1.181
33.044089207,0.2472,1.1478,0.1654,1.186
33.047837976,0.2443,1.1592,0.1576,1.195
33.049540746,0.2446,1.1663,0.1544,1.202
33.050695207,0.2480,1.1810,0.1488,1.216
33.052075707,0.2524,1.1956,0.1461,1.231
33.054111438,0.2548,1.2032,0.1461,1.239
33.05599563,0.2617,1.2164,0.1485,1.253
33.058235553,0.2687,1.2293,0.1559,1.268
33.059953592,0.2717,1.2352,0.1598,1.275
33.062134169,0.2783,1.2457,0.1681,1.287
33.071269515,0.2805,1.2506,0.1730,1.293
33.07266513,0.2856,1.2577,0.1888,1.303
33.073676092,0.2910,1.2606,0.2042,1.310
33.074628476,0.2941,1.2618,0.2116,1.313
33.075619515,0.2995,1.2633,0.2257,1.318
33.076494015,0.3022,1.2623,0.2421,1.320
33.077514592,0.3039,1.2616,0.2482,1.321
33.078417361,0.3051,1.2557,0.2609,1.318
33.091064361,0.3064,1.2533,0.2663,1.317
33.092557976,0.3095,1.2460,0.2763,1.313
33.093558438,0.3110,1.2369,0.2844,1.307
33.094435092,0.3115,1.2325,0.2880,1.303
33.095514169,0.3122,1.2208,0.2951,1.294
33.096715284,0.3108,1.2086,0.3007,1.284
33.098105861,0.3103,1.2010,0.3012,1.276
33.099464784,0.3073,1.1864,0.3015,1.262
33.100343207,0.3059,1.1783,0.3003,1.254
33.101624592,0.3042,1.1622,0.2951,1.237
33.102405092,0.3037,1.1478,0.2851,1.221
33.103291284,0.3039,1.1421,0.2778,1.214
33.104144169,0.3017,1.1292,0.2629,1.198
33.10517963,0.3034,1.1155,0.2443,1.182
33.109107207,0.3044,1.1109,0.2338,1.175
33.110565823,0.3042,1.1030,0.2096,1.163
33.11160813,0.3044,1.0991,0.1979,1.158
33.1166629,0.3039,1.0903,0.1737,1.145
33.118267361,0.3017,1.0828,0.1522,1.134
33.119404746,0.3005,1.0784,0.1424,1.128
33.120662938,0.2985,1.0698,0.1231,1.117
33.121891669,0.2944,1.0642,0.1082,1.109
33.123702246,0.2917,1.0603,0.1016,1.104
33.125152823,0.2858,1.0532,0.0867,1.095
33.127069207,0.2805,1.0500,0.0789,1.090
33.1292089,0.2785,1.0412,0.0657,1.080
33.132124976,0.2751,1.0300,0.0537,1.067
33.134628553,0.2714,1.0244,0.0459,1.061
33.135855823,0.2663,1.0134,0.0313,1.048
33.137422246,0.2604,1.0014,0.0181,1.035
33.139018976,0.2575,0.9938,0.0107,1.027
33.14085363,0.2499,0.9787,-0.0051,1.010
33.14296563,0.2421,0.9660,-0.0217,0.996
33.144942207,0.2392,0.9589,-0.0291,0.989
33.148142515,0.2323,0.9440,-0.0420,0.973
33.149850592,0.2279,0.9369,-0.0491,0.965
33.151039784,0.2196,0.9220,-0.0591,0.950
33.153092323,0.2103,0.9074,-0.0662,0.934
33.15456813,0.2055,0.9005,-0.0684,0.926
33.156900784,0.1986,0.8866,-0.0696,0.911
33.158619707,0.1891,0.8734,-0.0689,0.896
33.160570592,0.1859,0.8668,-0.0684,0.889
33.162587323,0.1791,0.8539,-0.0672,0.875
33.171788323,0.1747,0.8477,-0.0655,0.868
33.172392361,0.1664,0.8375,-0.0596,0.856
33.172668592,0.1561,0.8280,-0.0530,0.844
33.172928669,0.1522,0.8216,-0.0518,0.837
33.173196015,0.1434,0.8128,-0.0442,0.827
33.174300438,0.1395,0.8094,-0.0393,0.822
33.176249823,0.1358,0.8030,-0.0291,0.815
33.178214746,0.1297,0.7986,-0.0225,0.809
33.19297913,0.1278,0.7972,-0.0176,0.808
33.194645092,0.1219,0.7923,-0.0071,0.802
33.195770784,0.1170,0.7891,0.0017,0.798
33.196862207,0.1151,0.7896,0.0066,0.798
33.198224707,0.1119,0.7908,0.0159,0.799
33.199363707,0.1114,0.7911,0.0220,0.799
33.200376361,0.1109,0.7913,0.0313,0.800
33.201680899,0.1102,0.7913,0.0396,0.800
33.202849746,0.1102,0.7928,0.0437,0.802
33.203793976,0.1097,0.7984,0.0518,0.808
33.204579669,0.1099,0.8055,0.0567,0.815
33.205346169,0.1107,0.8084,0.0594,0.818
33.20648113,0.1143,0.8148,0.0640,0.825
33.207236592,0.1160,0.8184,0.0650,0.829
33.208204592,0.1163,0.8284,0.0660,0.839
33.210732169,0.1192,0.8360,0.0672,0.847
33.212270361,0.1212,0.8419,0.0687,0.853
33.219729861,0.1258,0.8526,0.0672,0.864
33.221257515,0.1317,0.8648,0.0669,0.877
33.222508015,0.1351,0.8712,0.0669,0.884
33.223668476,0.1424,0.8837,0.0652,0.897
33.224461015,0.1461,0.8903,0.0630,0.904
33.225208476,0.1512,0.9022,0.0616,0.917
33.226220669,0.1598,0.9159,0.0599,0.932
33.227533284,0.1644,0.9220,0.0589,0.938
33.231729938,0.1737,0.9350,0.0579,0.953
33.233257899,0.1823,0.9511,0.0557,0.970
33.234891746,0.1859,0.9569,0.0547,0.976
33.236032707,0.1954,0.9697,0.0530,0.991
33.237356899,0.1996,0.9762,0.0525,0.998
33.239565861,0.2072,0.9907,0.0542,1.014
33.241199938,0.2157,0.9980,0.0537,1.022
33.243433592,0.2206,1.0024,0.0545,1.028
33.24521813,0.2272,1.0122,0.0562,1.039
33.24826163,0.2362,1.0227,0.0579,1.051
33.249939515,0.2394,1.0261,0.0594,1.055
33.251077207,0.2441,1.0307,0.0635,1.061
33.25310813,0.2460,1.0329,0.0647,1.064
33.255155746,0.2502,1.0376,0.0652,1.069
33.257023784,0.2538,1.0429,0.0682,1.076
33.259091015,0.2546,1.0439,0.0694,1.077
33.260926207,0.2590,1.0451,0.0701,1.079
33.264010207,0.2590,1.0442,0.0687,1.078
33.265181746,0.2599,1.0437,0.0672,1.078
33.273817053,0.2604,1.0412,0.0677,1.075
33.275318322,0.2590,1.0393,0.0679,1.073
33.27617513,0.2575,1.0339,0.0684,1.068
33.277462707,0.2548,1.0310,0.0682,1.064
33.277990322,0.2538,1.0290,0.0677,1.062
33.27824113,0.2516,1.0244,0.0669,1.057
33.278675822,0.2499,1.0192,0.0687,1.052
33.29528513,0.2494,1.0156,0.0677,1.048
33.297217361,0.2460,1.0083,0.0672,1.040
33.299087784,0.2448,1.0051,0.0684,1.037
33.300188746,0.2414,1.0007,0.0716,1.032
33.301623938,0.2416,0.9953,0.0757,1.027
33.302973476,0.2406,0.9912,0.0787,1.023
33.304016361,0.2392,0.9821,0.0821,1.014
33.304931976,0.2372,0.9758,0.0884,1.008
33.305985284,0.2375,0.9726,0.0919,1.005
33.306908669,0.2372,0.9643,0.0997,0.998
33.307622246,0.2360,0.9606,0.1036,0.995
33.308672822,0.2348,0.9523,0.1119,0.987
33.309549592,0.2331,0.9460,0.1190,0.981
33.310745438,0.2333,0.9418,0.1219,0.978
33.311737822,0.2301,0.9330,0.1280,0.969
33.312845669,0.2294,0.9254,0.1339,0.963
33.31452963,0.2274,0.9215,0.1358,0.959
33.315485015,0.2226,0.9120,0.1393,0.949
33.316644092,0.2194,0.9083,0.1441,0.946
33.319081322,0.2160,0.9012,0.1454,0.938
33.320172822,0.2135,0.8934,0.1476,0.930
33.322214553,0.2133,0.8888,0.1485,0.926
33.324320322,0.2125,0.8812,0.1493,0.919
33.326199669,0.2101,0.8749,0.1498,0.912
33.327893169,0.2084,0.8705,0.1512,0.908
33.331248515,0.2047,0.8629,0.1522,0.900
33.332154053,0.2033,0.8600,0.1507,0.896
33.334053592,0.2016,0.8526,0.1502,0.889
33.335751169,0.1964,0.8463,0.1493,0.882
33.338138899,0.1947,0.8426,0.1485,0.877
33.340031092,0.1935,0.8380,0.1451,0.872
33.341804784,0.1891,0.8328,0.1439,0.866
33.343840053,0.1874,0.8289,0.1427,0.862
33.345949515,0.1849,0.8226,0.1407,0.855
33.350565938,0.1840,0.8196,0.1397,0.852
33.35114213,0.1840,0.8160,0.1368,0.848
33.351715938,0.1840,0.8104,0.1346,0.842
33.353706438,0.1825,0.8074,0.1331,0.838
33.355589669,0.1808,0.8028,0.1302,0.833
33.357503361,0.1791,0.8001,0.1266,0.830
33.35972113,0.1793,0.7986,0.1251,0.828
33.361382053,0.1786,0.7964,0.1222,0.825
33.378435476,0.1793,0.7938,0.1202,0.823
33.379994861,0.1823,0.7913,0.1200,0.821
33.381135822,0.1854,0.7891,0.1156,0.819
33.382089669,0.1869,0.7889,0.1151,0.819
33.382979861,0.1886,0.7889,0.1129,0.819
33.383736053,0.1928,0.7886,0.1121,0.820
33.384520092,0.1932,0.7884,0.1114,0.819
33.385248322,0.1952,0.7906,0.1099,0.822
33.386209438,0.1954,0.7901,0.1104,0.821
33.38717813,0.1974,0.7913,0.1094,0.823
33.388159476,0.2016,0.7923,0.1087,0.825
33.389074899,0.2045,0.7940,0.1082,0.827
33.389981361,0.2079,0.7979,0.1085,0.832
33.390741245,0.2089,0.7994,0.1087,0.833
33.391847784,0.2094,0.8038,0.1099,0.838
33.393265976,0.2147,0.8087,0.1109,0.844
33.395315438,0.2174,0.8109,0.1112,0.847
33.398647515,0.2201,0.8153,0.1129,0.852
33.400300669,0.2231,0.8216,0.1146,0.859
33.403173784,0.2248,0.8248,0.1160,0.863
33.404562553,0.2260,0.8294,0.1197,0.868
33.405973784,0.2274,0.8328,0.1219,0.872
33.407317515,0.2299,0.8382,0.1248,0.878
33.409386476,0.2323,0.8446,0.1290,0.885
33.41068713,0.2340,0.8477,0.1309,0.889
33.412780553,0.2375,0.8519,0.1366,0.895
33.416374553,0.2394,0.8595,0.1385,0.903
33.418191322,0.2394,0.8612,0.1393,0.905
33.420499553,0.2402,0.8661,0.1390,0.909
33.422013822,0.2392,0.8673,0.1397,0.910
33.423263976,0.2377,0.8722,0.1434,0.915
33.424721476,0.2377,0.8761,0.1463,0.919
33.426324938,0.2392,0.8773,0.1463,0.921
33.428312438,0.2367,0.8802,0.1463,0.923
33.432112938,0.2343,0.8841,0.1478,0.927
33.433889207,0.2331,0.8863,0.1476,0.928
33.435009938,0.2296,0.8895,0.1490,0.931
33.436380822,0.2279,0.8900,0.1507,0.931
33.438493822,0.2279,0.8937,0.1546,0.935
33.440260669,0.2235,0.8959,0.1561,0.936
33.442402784,0.2211,0.8964,0.1578,0.937
33.444349861,0.2184,0.8988,0.1615,0.939
33.445975169,0.2145,0.9027,0.1656,0.943
33.449242861,0.2130,0.9039,0.1669,0.944
33.449998092,0.2113,0.9064,0.1693,0.946
33.452197822,0.2096,0.9086,0.1695,0.948
33.453991015,0.2069,0.9142,0.1715,0.953
33.456033399,0.2025,0.9183,0.1708,0.956
33.458014976,0.1991,0.9198,0.1693,0.956
33.459951169,0.1903,0.9235,0.1693,0.958
33.461812207,0.1827,0.9259,0.1647,0.958
33.467468168,0.1783,0.9286,0.1622,0.959
33.468042284,0.1703,0.9350,0.1603,0.964
33.468290707,0.1661,0.9372,0.1578,0.965
33.469739822,0.1593,0.9401,0.1502,0.965
33.471658668,0.1539,0.9440,0.1427,0.967
33.473495092,0.1522,0.9442,0.1371,0.966
33.475675592,0.1512,0.9438,0.1258,0.964
33.477473053,0.1510,0.9442,0.1219,0.964
33.479518553,0.1510,0.9413,0.1136,0.960
33.491630053,0.1483,0.9423,0.1075,0.960
33.492767245,0.1459,0.9428,0.1058,0.960
33.493817938,0.1422,0.9430,0.1063,0.960
33.49457713,0.1395,0.9428,0.1119,0.960
33.495508092,0.1397,0.9416,0.1163,0.959
33.496306707,0.1388,0.9408,0.1280,0.960
33.497402592,0.1380,0.9401,0.1353,0.960
33.498370515,0.1380,0.9374,0.1517,0.960
33.499388553,0.1373,0.9330,0.1664,0.958
33.500218053,0.1388,0.9318,0.1717,0.958
33.501058707,0.1410,0.9269,0.1786,0.954
33.504640553,0.1419,0.9220,0.1810,0.950
33.505936784,0.1424,0.9208,0.1805,0.949
33.507180476,0.1407,0.9176,0.1818,0.946
33.508996322,0.1407,0.9154,0.1815,0.944
33.510997822,0.1385,0.9110,0.1805,0.939
33.515381092,0.1383,0.9096,0.1801,0.937
33.517002784,0.1378,0.9091,0.1774,0.936
33.519062592,0.1378,0.9069,0.1700,0.933
33.520277745,0.1361,0.9076,0.1642,0.932
33.52155613,0.1344,0.9071,0.1600,0.931
33.52281963,0.1344,0.9074,0.1527,0.930
33.524724476,0.1314,0.9076,0.1500,0.929
33.526750168,0.1292,0.9076,0.1439,0.928
33.528657207,0.1266,0.9056,0.1385,0.925
33.532081322,0.1248,0.9044,0.1366,0.923
33.533851938,0.1241,0.9054,0.1346,0.924
33.534970899,0.1241,0.9027,0.1341,0.921
33.536810284,0.1251,0.9022,0.1351,0.921
33.538662592,0.1244,0.8995,0.1383,0.919
33.540468053,0.1251,0.8966,0.1412,0.916
33.542611861,0.1273,0.8917,0.1507,0.913
33.544379015,0.1287,0.8854,0.1583,0.909
33.546700399,0.1292,0.8832,0.1634,0.907
33.550189822,0.1290,0.8800,0.1771,0.907
33.551738361,0.1319,0.8751,0.1884,0.905
33.553544053,0.1322,0.8727,0.1954,0.904
33.554658399,0.1334,0.8683,0.2081,0.903
33.556324015,0.1341,0.8658,0.2130,0.902
33.558460245,0.1363,0.8626,0.2187,0.900
33.560216092,0.1402,0.8617,0.2223,0.901
33.562365015,0.1417,0.8607,0.2231,0.900
33.572833015,0.1449,0.8617,0.2201,0.901
33.57445413,0.1490,0.8626,0.2116,0.901
33.575502976,0.1510,0.8646,0.2047,0.901
33.576402822,0.1546,0.8705,0.1906,0.904
33.577484091,0.1586,0.8719,0.1818,0.905
33.578595938,0.1603,0.8783,0.1652,0.908
33.579487438,0.1654,0.8878,0.1444,0.915
33.580528053,0.1666,0.8922,0.1339,0.917
33.58218713,0.1737,0.9039,0.1148,0.928
33.582757091,0.1796,0.9100,0.0958,0.933
33.598648322,0.1840,0.9227,0.0875,0.945
33.599953515,0.1893,0.9367,0.0735,0.958
33.600587438,0.1935,0.9430,0.0677,0.965
33.600859784,0.1996,0.9560,0.0616,0.979
33.601095938,0.2013,0.9699,0.0545,0.992
33.601367899,0.2038,0.9770,0.0537,0.999
33.601597168,0.2069,0.9872,0.0550,1.010
33.601828399,0.2074,0.9931,0.0613,1.016
33.602061976,0.2081,1.0034,0.0647,1.027
33.602290322,0.2064,1.0129,0.0752,1.036
33.603543938,0.2040,1.0173,0.0801,1.041
33.605411707,0.2028,1.0261,0.0941,1.050
33.607533976,0.2020,1.0344,0.1109,1.060
33.609364438,0.2013,1.0383,0.1190,1.064
33.611191322,0.2001,1.0432,0.1351,1.071
33.613313207,0.1981,1.0447,0.1534,1.074
33.616385707,0.1962,1.0498,0.1622,1.080
33.616970399,0.1945,1.0544,0.1788,1.087
33.619320284,0.1935,1.0566,0.1874,1.090
33.621099668,0.1915,1.0596,0.2020,1.096
33.623377015,0.1918,1.0630,0.2138,1.101
33.625035168,0.1920,1.0642,0.2184,1.103
33.627109476,0.1932,1.0693,0.2274,1.110
33.628950668,0.1935,1.0710,0.2323,1.113
33.631704591,0.1923,1.0737,0.2370,1.116
33.632856091,0.1932,1.0757,0.2406,1.119
33.635006053,0.1932,1.0781,0.2416,1.122
33.636847938,0.1940,1.0818,0.2399,1.125
33.638959515,0.1952,1.0840,0.2358,1.126
33.640923284,0.1950,1.0852,0.2345,1.127
33.642790515,0.1950,1.0886,0.2299,1.130
33.644807476,0.1918,1.0896,0.2250,1.129
33.648389553,0.1915,1.0881,0.2184,1.126
33.649469822,0.1920,1.0896,0.2101,1.126
33.652188707,0.1918,1.0903,0.2072,1.126
33.65295263,0.1918,1.0906,0.1986,1.125
33.654735322,0.1923,1.0901,0.1920,1.123
33.656519207,0.1925,1.0906,0.1891,1.123
33.658714015,0.1954,1.0903,0.1862,1.123
33.660498322,0.1959,1.0894,0.1820,1.122
33.662812284,0.1962,1.0884,0.1805,1.121
33.671290015,0.1989,1.0867,0.1805,1.119
33.672334591,0.2006,1.0859,0.1813,1.119
33.673076399,0.2028,1.0850,0.1815,1.119
33.673919553,0.2081,1.0842,0.1849,1.119
33.674668976,0.2099,1.0830,0.1852,1.119
33.675402322,0.2182,1.0823,0.1901,1.120
33.67652013,0.2238,1.0820,0.1918,1.121
33.678347515,0.2340,1.0835,0.1942,1.125
33.680486245,0.2467,1.0830,0.1964,1.128
33.691220207,0.2543,1.0825,0.1967,1.129
33.692668168,0.2700,1.0847,0.1957,1.135
33.693565514,0.2846,1.0903,0.1918,1.143
33.694426053,0.2944,1.0930,0.1908,1.148
33.695616091,0.3147,1.1001,0.1886,1.160
33.696839361,0.3264,1.1043,0.1869,1.167
33.698174899,0.3472,1.1140,0.1849,1.181
33.699705745,0.3657,1.1241,0.1852,1.196
33.70064513,0.3731,1.1292,0.1893,1.204
33.701509245,0.3860,1.1431,0.1937,1.222
33.702615745,0.3980,1.1558,0.2047,1.239
33.704984207,0.4038,1.1634,0.2116,1.250
33.706514361,0.4124,1.1763,0.2301,1.268
33.708162784,0.4163,1.1829,0.2397,1.277
33.71014613,0.4270,1.1951,0.2626,1.296
33.712008168,0.4376,1.2098,0.2885,1.318
33.713856476,0.4405,1.2159,0.3020,1.328
33.71668863,0.4363,1.2269,0.3249,1.342
33.718363168,0.4312,1.2364,0.3481,1.355
33.719784091,0.4278,1.2403,0.3582,1.360
33.721780976,0.4195,1.2455,0.3757,1.367
33.723854514,0.4092,1.2472,0.3814,1.367
33.725857476,0.4055,1.2455,0.3906,1.367
33.727761168,0.3938,1.2433,0.3921,1.362
33.729554553,0.3875,1.2416,0.3909,1.358
33.732874514,0.3760,1.2350,0.3833,1.347
33.734353361,0.3633,1.2303,0.3679,1.335
33.735491745,0.3567,1.2272,0.3572,1.327
33.737554207,0.3435,1.2181,0.3332,1.309
33.739623207,0.3293,1.2110,0.3088,1.292
33.74156763,0.3220,1.2081,0.2963,1.285
33.743573822,0.3083,1.2030,0.2704,1.271
33.745503207,0.3017,1.2005,0.2558,1.264
33.756187668,0.2873,1.1937,0.2284,1.249
33.757842399,0.2753,1.1890,0.2013,1.237
33.758952438,0.2702,1.1878,0.1869,1.232
33.760067245,0.2582,1.1832,0.1625,1.222
33.761132207,0.2467,1.1776,0.1385,1.211
33.761964476,0.2409,1.1751,0.1256,1.206
33.762280207,0.2321,1.1690,0.1043,1.196
33.762515014,0.2296,1.1651,0.0941,1.191
33.763046784,0.2233,1.1551,0.0748,1.179
33.77630013,0.2211,1.1434,0.0559,1.166
33.776863091,0.2196,1.1377,0.0484,1.160
33.777111168,0.2213,1.1245,0.0337,1.147
33.777392284,0.2218,1.1101,0.0220,1.132
33.777632284,0.2213,1.1038,0.0178,1.126
33.777861707,0.2209,1.0889,0.0078,1.111
33.778103284,0.2213,1.0806,0.0027,1.103
33.778938476,0.2204,1.0659,-0.0056,1.088
33.784712322,0.2189,1.0486,-0.0088,1.071
33.78525263,0.2189,1.0400,-0.0093,1.063
33.785562053,0.2209,1.0244,-0.0073,1.048
33.786843861,0.2221,1.0068,-0.0022,1.031
33.788781745,0.2218,0.9965,0.0005,1.021
33.790963707,0.2218,0.9772,0.0081,1.002
33.792725937,0.2238,0.9679,0.0122,0.994
33.794973745,0.2277,0.9491,0.0237,0.976
33.796593976,0.2289,0.9313,0.0410,0.960
33.798774284,0.2294,0.9215,0.0472,0.951
33.800942014,0.2328,0.9025,0.0584,0.934
33.80289913,0.2372,0.8854,0.0694,0.919
33.804616399,0.2389,0.8773,0.0733,0.912
33.806366168,0.2436,0.8595,0.0836,0.897
33.808273822,0.2453,0.8519,0.0887,0.891
33.810857399,0.2492,0.8387,0.0928,0.880
33.812532437,0.2536,0.8253,0.0972,0.869
33.816138399,0.2558,0.8184,0.0982,0.863
33.816801284,0.2614,0.8082,0.1014,0.855
33.818758668,0.2668,0.7984,0.1053,0.848
33.820287591,0.2697,0.7930,0.1046,0.844
33.822764784,0.2758,0.7852,0.1055,0.839
33.824361207,0.2807,0.7815,0.1053,0.837
33.826784399,0.2836,0.7766,0.1036,0.833
33.828445361,0.2866,0.7732,0.1031,0.831
33.830596053,0.2878,0.7708,0.1024,0.829
33.833170899,0.2954,0.7701,0.0989,0.831
33.835114207,0.3000,0.7698,0.0958,0.832
33.836366591,0.3025,0.7713,0.0933,0.834
33.838564591,0.3068,0.7735,0.0877,0.837
33.840454937,0.3108,0.7759,0.0823,0.840
33.842873976,0.3117,0.7776,0.0799,0.842
33.844379399,0.3132,0.7828,0.0735,0.846
33.846513822,0.3152,0.7869,0.0701,0.851
33.850706745,0.3152,0.7945,0.0625,0.857
33.852506245,0.3169,0.8011,0.0564,0.863
33.854002207,0.3178,0.8060,0.0525,0.868
33.855253437,0.3178,0.8153,0.0464,0.876
33.856537361,0.3181,0.8204,0.0420,0.881
33.858209707,0.3178,0.8321,0.0406,0.892
33.861149437,0.3191,0.8431,0.0398,0.902
33.862531707,0.3210,0.8487,0.0398,0.908
33.863871745,0.3227,0.8590,0.0379,0.918
33.875117553,0.3259,0.8692,0.0437,0.929
33.876822091,0.3271,0.8741,0.0457,0.934
33.878250361,0.3298,0.8871,0.0518,0.948
33.879340245,0.3323,0.8932,0.0552,0.955
33.880535014,0.3349,0.9044,0.0645,0.967
33.881934514,0.3411,0.9159,0.0760,0.980
33.883064437,0.3423,0.9220,0.0828,0.987
33.884302668,0.3472,0.9340,0.0950,1.001
33.885423361,0.3525,0.9462,0.1063,1.015
33.886427053,0.3545,0.9528,0.1114,1.023
33.887517668,0.3579,0.9635,0.1239,1.035
33.888763937,0.3596,0.9689,0.1292,1.042
33.890240091,0.3628,0.9809,0.1432,1.056
33.899301899,0.3660,0.9907,0.1534,1.067
33.90034636,0.3684,0.9951,0.1583,1.073
33.900866168,0.3728,1.0053,0.1681,1.085
33.901341822,0.3748,1.0114,0.1764,1.093
33.90176263,0.3767,1.0134,0.1793,1.096
33.902363399,0.3787,1.0190,0.1818,1.102
33.903113245,0.3789,1.0222,0.1830,1.105
33.905261091,0.3782,1.0234,0.1840,1.106
33.907183476,0.3777,1.0246,0.1840,1.107
33.909068937,0.3772,1.0229,0.1823,1.105
33.911678553,0.3743,1.0232,0.1761,1.104
33.913407207,0.3713,1.0202,0.1681,1.099
33.916319207,0.3696,1.0188,0.1627,1.096
33.91734786,0.3647,1.0146,0.1512,1.089
33.919533399,0.3586,1.0105,0.1368,1.081
33.921103937,0.3552,1.0080,0.1307,1.077
33.923739784,0.3496,1.0017,0.1148,1.067
33.925263399,0.3469,1.0002,0.0977,1.063
33.927447745,0.3447,0.9941,0.0906,1.056
33.92916336,0.3401,0.9885,0.0765,1.048
33.931081745,0.3396,0.9858,0.0701,1.045
33.934032707,0.3376,0.9792,0.0591,1.037
33.934886168,0.3347,0.9748,0.0518,1.032
33.937428937,0.3337,0.9706,0.0476,1.028
33.93915286,0.3288,0.9643,0.0408,1.020
33.940679745,0.3266,0.9604,0.0386,1.015
33.942865976,0.3222,0.9513,0.0349,1.005
33.946516745,0.3164,0.9452,0.0340,0.997
33.946793745,0.3137,0.9413,0.0352,0.993
33.951936899,0.3088,0.9320,0.0357,0.983
33.952511207,0.3032,0.9247,0.0379,0.974
33.952757553,0.3012,0.9203,0.0403,0.969
33.954624514,0.2951,0.9105,0.0462,0.958
33.956487784,0.2893,0.9054,0.0503,0.952
33.95846713,0.2866,0.8968,0.0589,0.943
33.96051986,0.2802,0.8863,0.0682,0.932
33.962331053,0.2775,0.8800,0.0723,0.926
33.96428463,0.2712,0.8714,0.0828,0.916
33.976718514,0.2648,0.8624,0.0941,0.907
33.978108937,0.2614,0.8570,0.1007,0.902
33.97907363,0.2555,0.8473,0.1112,0.892
33.97994536,0.2529,0.8416,0.1163,0.886
33.980787284,0.2492,0.8287,0.1273,0.875
33.981777014,0.2426,0.8201,0.1373,0.866
33.982646322,0.2402,0.8160,0.1417,0.862
33.986882476,0.2355,0.8079,0.1500,0.855
33.98815913,0.2289,0.7994,0.1578,0.846
33.988954245,0.2262,0.7957,0.1622,0.843
33.990001976,0.2240,0.7898,0.1666,0.838
33.990963014,0.2218,0.7869,0.1681,0.835
33.991903476,0.2199,0.7806,0.1720,0.829
33.992952437,0.2165,0.7762,0.1747,0.824
33.994087476,0.2140,0.7742,0.1761,0.822
33.996078937,0.2096,0.7698,0.1779,0.817
33.999711707,0.2062,0.7666,0.1766,0.813
34.00120136,0.2055,0.7657,0.1754,0.812
34.00287586,0.2028,0.7661,0.1739,0.811
34.003925053,0.2013,0.7666,0.1698,0.811
34.005781553,0.1994,0.7664,0.1683,0.810
34.007790207,0.1957,0.7642,0.1647,0.806
34.009709783,0.1952,0.7649,0.1612,0.806
34.011612245,0.1928,0.7669,0.1546,0.806
34.01368613,0.1901,0.7679,0.1485,0.805
34.016801245,0.1876,0.7693,0.1456,0.805
34.018399322,0.1857,0.7727,0.1383,0.807
34.019923822,0.1854,0.7747,0.1351,0.808
34.021623514,0.1852,0.7793,0.1302,0.812
34.023718168,0.1825,0.7837,0.1263,0.815
34.025486322,0.1823,0.7857,0.1241,0.816
34.027533053,0.1854,0.7903,0.1209,0.821
34.02938386,0.1879,0.7950,0.1175,0.825
34.032216014,0.1903,0.7977,0.1160,0.828
34.033447476,0.1945,0.8018,0.1129,0.833
34.036014437,0.1969,0.8043,0.1121,0.836
34.037561322,0.1991,0.8113,0.1085,0.842
34.039472822,0.2023,0.8177,0.1075,0.849
34.041601437,0.2035,0.8211,0.1068,0.853
34.043344053,0.2067,0.8265,0.1038,0.858
34.045206283,0.2084,0.8336,0.1043,0.866
34.04719086,0.2089,0.8375,0.1036,0.869
34.050566476,0.2133,0.8441,0.1016,0.877
34.052277937,0.2152,0.8482,0.1019,0.881
34.053683245,0.2172,0.8541,0.1007,0.887
34.055543591,0.2174,0.8619,0.1004,0.895
34.057168399,0.2155,0.8653,0.0994,0.897
34.059112745,0.2152,0.8710,0.0999,0.903
34.061079476,0.2235,0.8746,0.1009,0.908
34.06321213,0.2296,0.8778,0.1021,0.913
34.073976783,0.2367,0.8829,0.1026,0.920
34.075680822,0.2387,0.8851,0.1043,0.923
34.076822553,0.2416,0.8900,0.1053,0.928
34.078107745,0.2448,0.8946,0.1092,0.934
34.078588437,0.2453,0.8968,0.1104,0.936
34.079006707,0.2450,0.9030,0.1131,0.942
34.079412783,0.2467,0.9074,0.1160,0.947
34.079880822,0.2472,0.9093,0.1170,0.950
34.08093336,0.2511,0.9125,0.1212,0.954
34.098072399,0.2526,0.9139,0.1222,0.956
34.10009836,0.2543,0.9171,0.1239,0.960
34.10134413,0.2580,0.9179,0.1246,0.962
34.10261736,0.2592,0.9191,0.1239,0.963
34.103919322,0.2670,0.9196,0.1200,0.965
34.105056437,0.2722,0.9188,0.1209,0.966
34.10653436,0.2753,0.9198,0.1192,0.968
34.107543283,0.2812,0.9169,0.1175,0.966
34.108738937,0.2858,0.9159,0.1180,0.967
34.109736168,0.2888,0.9152,0.1197,0.967
34.110794553,0.2946,0.9147,0.1246,0.969
34.111532014,0.2966,0.9127,0.1295,0.968
34.112599937,0.3012,0.9096,0.1415,0.969
34.113595668,0.3073,0.9066,0.1529,0.969
34.114952937,0.3103,0.9044,0.1598,0.969
34.117974745,0.3142,0.8990,0.1744,0.968
34.119362053,0.3159,0.8959,0.1801,0.967
34.120783437,0.3203,0.8925,0.1886,0.967
34.122264245,0.3210,0.8878,0.1957,0.964
34.123496476,0.3222,0.8851,0.1976,0.962
34.124808053,0.3225,0.8807,0.2003,0.959
34.126382899,0.3227,0.8778,0.2008,0.957
34.127160591,0.3225,0.8732,0.2003,0.952
34.127950437,0.3198,0.8690,0.1984,0.947
34.130645937,0.3191,0.8678,0.1979,0.946
34.131940976,0.3159,0.8641,0.1952,0.941
34.134267476,0.3134,0.8609,0.1891,0.936
34.136046514,0.3122,0.8600,0.1862,0.934
34.138162053,0.3086,0.8570,0.1793,0.928
34.140183091,0.3044,0.8548,0.1715,0.923
34.142122591,0.3012,0.8521,0.1669,0.919
34.144216553,0.2971,0.8507,0.1603,0.915
34.146159091,0.2961,0.8497,0.1571,0.913
34.147983245,0.2912,0.8468,0.1527,0.908
34.15325686,0.2875,0.8455,0.1500,0.906
34.154536053,0.2871,0.8446,0.1490,0.904
34.155070206,0.2846,0.8407,0.1495,0.900
34.15560486,0.2814,0.8402,0.1522,0.899
34.158099668,0.2790,0.8392,0.1542,0.898
34.160786745,0.2734,0.8367,0.1595,0.895
34.161492976,0.2712,0.8367,0.1661,0.895
34.163576014,0.2695,0.8333,0.1695,0.892
34.16949886,0.2675,0.8328,0.1761,0.892
34.170164091,0.2658,0.8331,0.1798,0.893
34.17044286,0.2609,0.8326,0.1881,0.893
34.171478937,0.2575,0.8328,0.1942,0.893
34.173339899,0.2555,0.8346,0.1979,0.895
34.176043399,0.2531,0.8363,0.2064,0.898
34.177449937,0.2511,0.8370,0.2099,0.899
34.17927513,0.2502,0.8377,0.2191,0.901
34.18120213,0.2419,0.8438,0.2223,0.906
34.197008091,0.2377,0.8477,0.2228,0.908
34.199118399,0.2260,0.8558,0.2233,0.913
34.200221976,0.2189,0.8636,0.2226,0.918
34.20155386,0.2157,0.8692,0.2201,0.922
34.202785822,0.2064,0.8812,0.2155,0.930
34.203867553,0.2018,0.8866,0.2079,0.933
34.20511863,0.2001,0.8942,0.2035,0.939
34.206672553,0.1976,0.9042,0.1932,0.945
34.207868706,0.1984,0.9078,0.1886,0.948
34.208685091,0.1996,0.9147,0.1808,0.954
34.20993536,0.2001,0.9210,0.1713,0.958
34.21076163,0.1996,0.9252,0.1656,0.961
34.211643745,0.2008,0.9311,0.1581,0.965
34.21263213,0.1998,0.9333,0.1498,0.966
34.213948091,0.1989,0.9381,0.1468,0.970
34.215039937,0.1964,0.9418,0.1363,0.972
34.215985822,0.1959,0.9447,0.1317,0.974
34.21974536,0.1942,0.9516,0.1239,0.979
34.221543322,0.1964,0.9567,0.1156,0.983
34.222639514,0.1986,0.9587,0.1121,0.985
34.223849745,0.2040,0.9633,0.1036,0.990
34.225236206,0.2103,0.9682,0.0972,0.996
34.226534668,0.2145,0.9699,0.0923,0.998
34.228571553,0.2231,0.9765,0.0833,1.005
34.231003745,0.2238,0.9836,0.0799,1.012
34.234032553,0.2174,1.0004,0.0721,1.026
34.234991514,0.2101,1.0166,0.0655,1.040
34.236470783,0.2140,1.0224,0.0655,1.047
34.239074745,0.2318,1.0266,0.0716,1.055
34.240515899,0.2533,1.0256,0.0752,1.059
34.242684629,0.2626,1.0254,0.0796,1.061
34.24449186,0.2829,1.0234,0.0897,1.066
34.246879053,0.3037,1.0212,0.0977,1.070
34.248671899,0.3125,1.0202,0.1021,1.072
34.251328283,0.3222,1.0276,0.1119,1.083
34.252939399,0.3240,1.0339,0.1143,1.089
34.255004937,0.3279,1.0456,0.1202,1.102
34.256590937,0.3379,1.0515,0.1331,1.112
34.258949937,0.3450,1.0512,0.1419,1.115
34.260419245,0.3630,1.0476,0.1581,1.120
34.262826745,0.3801,1.0417,0.1759,1.123
34.264303822,0.3875,1.0403,0.1842,1.125
34.271093629,0.3994,1.0351,0.2018,1.128
34.271979937,0.4014,1.0315,0.2094,1.126
34.272455706,0.3953,1.0319,0.2233,1.127
34.272872976,0.3887,1.0346,0.2360,1.130
34.279581168,0.3831,1.0373,0.2411,1.132
34.280290091,0.3745,1.0429,0.2509,1.136
34.280753091,0.3647,1.0478,0.2604,1.140
34.281157476,0.3611,1.0495,0.2651,1.141
34.297418553,0.3552,1.0530,0.2717,1.144
34.299498014,0.3481,1.0549,0.2751,1.144
34.300948437,0.3447,1.0576,0.2783,1.147
34.302608168,0.3391,1.0615,0.2819,1.149
34.304273168,0.3362,1.0640,0.2822,1.151
34.305844206,0.3296,1.0666,0.2814,1.151
34.306838706,0.3237,1.0666,0.2790,1.149
34.308087014,0.3208,1.0684,0.2766,1.149
34.308892629,0.3144,1.0718,0.2712,1.149
34.310249053,0.3076,1.0786,0.2673,1.153
34.310957322,0.3044,1.0813,0.2636,1.154
34.312330437,0.2976,1.0850,0.2573,1.154
34.313379014,0.2944,1.0864,0.2511,1.153
34.314503745,0.2893,1.0918,0.2411,1.155
34.315905976,0.2817,1.0984,0.2292,1.157
34.317482899,0.2783,1.1023,0.2238,1.159
34.31848686,0.2731,1.1089,0.2089,1.161
34.319836706,0.2695,1.1182,0.1957,1.167
34.320678745,0.2673,1.1241,0.1886,1.171
34.322138168,0.2648,1.1368,0.1737,1.180
34.322611937,0.2641,1.1443,0.1688,1.186
34.324857322,0.2641,1.1602,0.1576,1.200
34.325697283,0.2639,1.1776,0.1449,1.215
34.328011552,0.2639,1.1871,0.1412,1.224
34.32945136,0.2636,1.2059,0.1312,1.241
34.334674091,0.2658,1.2232,0.1241,1.258
34.335610783,0.2675,1.2330,0.1212,1.268
34.336051976,0.2702,1.2528,0.1195,1.287
34.337504399,0.2704,1.2606,0.1187,1.295
34.340015168,0.2746,1.2753,0.1182,1.310
34.341402014,0.2756,1.2877,0.1241,1.323
34.343409591,0.2785,1.2931,0.1283,1.329
34.345210899,0.2822,1.3036,0.1371,1.341
34.347641168,0.2853,1.3102,0.1454,1.349
34.354573476,0.2868,1.3124,0.1495,1.352
34.355431437,0.2895,1.3158,0.1600,1.357
34.355875399,0.2905,1.3153,0.1659,1.357
34.356311437,0.2929,1.3131,0.1771,1.357
34.357537206,0.2932,1.3073,0.1910,1.353
34.35967286,0.2932,1.3034,0.1979,1.351
34.36107986,0.2902,1.2948,0.2125,1.344
34.363343937,0.2871,1.2831,0.2296,1.335
34.365110399,0.2851,1.2772,0.2384,1.330
34.380074399,0.2805,1.2638,0.2548,1.319
34.381953014,0.2770,1.2567,0.2617,1.313
34.383143591,0.2719,1.2411,0.2736,1.300
34.384297629,0.2624,1.2247,0.2805,1.284
34.385769514,0.2580,1.2169,0.2827,1.276
34.386945668,0.2514,1.2005,0.2834,1.259
34.38806186,0.2450,1.1851,0.2807,1.242
34.389568014,0.2426,1.1776,0.2770,1.234
34.390832245,0.2389,1.1649,0.2695,1.219
34.39171436,0.2360,1.1580,0.2631,1.211
34.392597706,0.2343,1.1475,0.2460,1.197
34.393627822,0.2309,1.1348,0.2265,1.180
34.39455036,0.2294,1.1299,0.2165,1.173
34.395462783,0.2262,1.1199,0.1962,1.159
34.396372937,0.2221,1.1079,0.1774,1.144
34.397489091,0.2187,1.1028,0.1683,1.137
34.401023937,0.2123,1.0923,0.1502,1.123
34.409657245,0.2025,1.0806,0.1336,1.107
34.411008745,0.1967,1.0745,0.1278,1.100
34.412078052,0.1876,1.0642,0.1156,1.087
34.412824052,0.1847,1.0603,0.1109,1.082
34.414035899,0.1830,1.0505,0.0999,1.071
34.414915206,0.1827,1.0383,0.0880,1.058
34.41600636,0.1832,1.0312,0.0811,1.051
34.417049091,0.1854,1.0232,0.0750,1.043
34.418378552,0.1857,1.0063,0.0630,1.025
34.419401437,0.1842,0.9990,0.0572,1.017
34.420333629,0.1808,0.9831,0.0454,1.001
34.421443437,0.1788,0.9623,0.0327,0.979
34.424146399,0.1781,0.9530,0.0269,0.970
34.426636014,0.1747,0.9369,0.0151,0.953
34.427864476,0.1691,0.9203,0.0066,0.936
34.429452014,0.1666,0.9096,0.0017,0.925
34.431259091,0.1612,0.8927,-0.0056,0.907
34.433980591,0.1576,0.8861,-0.0090,0.900
34.435110629,0.1498,0.8724,-0.0149,0.885
34.43723536,0.1422,0.8580,-0.0181,0.870
34.438953322,0.1390,0.8509,-0.0188,0.862
34.440860322,0.1302,0.8385,-0.0186,0.849
34.442985322,0.1217,0.8265,-0.0186,0.836
34.445152052,0.1168,0.8223,-0.0178,0.831
34.446881822,0.1082,0.8116,-0.0122,0.819
34.454069168,0.1036,0.8055,-0.0086,0.812
34.454650745,0.0967,0.7940,-0.0042,0.800
34.454914975,0.0926,0.7845,0.0005,0.790
34.455160283,0.0909,0.7820,0.0056,0.787
34.456519322,0.0882,0.7749,0.0154,0.780
34.458914283,0.0865,0.7683,0.0247,0.774
34.460801706,0.0850,0.7647,0.0298,0.770
34.46279436,0.0836,0.7583,0.0418,0.764
34.464427129,0.0833,0.7578,0.0462,0.764
34.477149975,0.0845,0.7578,0.0535,0.764
34.477684822,0.0855,0.7576,0.0618,0.765
34.477924283,0.0860,0.7586,0.0655,0.766
34.478167975,0.0855,0.7600,0.0752,0.769
34.478396129,0.0850,0.7666,0.0838,0.776
34.47864686,0.0870,0.7708,0.0867,0.781
34.478884552,0.0921,0.7788,0.0921,0.790
34.480475629,0.0919,0.7845,0.0941,0.795
34.484663552,0.0938,0.7952,0.0970,0.807
34.485100629,0.0975,0.8087,0.1011,0.821
34.486167629,0.0987,0.8145,0.1024,0.827
34.488189552,0.0977,0.8255,0.1021,0.838
34.490240591,0.1009,0.8319,0.1033,0.844
34.49234536,0.1038,0.8477,0.1038,0.860
34.494213668,0.1129,0.8609,0.1041,0.875
34.496026899,0.1170,0.8685,0.1029,0.882
34.498163168,0.1256,0.8851,0.1004,0.900
34.500134245,0.1378,0.8988,0.0985,0.915
34.502511552,0.1456,0.9056,0.0985,0.923
34.503900514,0.1593,0.9208,0.0950,0.939
34.505661283,0.1644,0.9279,0.0933,0.947
34.507600322,0.1761,0.9425,0.0899,0.963
34.509578668,0.1867,0.9589,0.0845,0.981
34.511697399,0.1915,0.9677,0.0826,0.990
34.513593475,0.2006,0.9841,0.0772,1.007
34.516619822,0.2081,0.9999,0.0716,1.024
34.517681091,0.2128,1.0080,0.0691,1.033
34.519517745,0.2235,1.0217,0.0650,1.048
34.521312975,0.2287,1.0278,0.0628,1.055
34.523310091,0.2382,1.0388,0.0567,1.067
34.525264399,0.2460,1.0476,0.0520,1.077
34.527417975,0.2504,1.0517,0.0496,1.082
34.529505937,0.2597,1.0556,0.0479,1.088
34.531374975,0.2678,1.0613,0.0442,1.095
34.534731783,0.2707,1.0635,0.0430,1.098
34.535379168,0.2775,1.0657,0.0418,1.102
34.537137783,0.2805,1.0652,0.0415,1.102
34.539322014,0.2873,1.0642,0.0457,1.103
34.541332552,0.2929,1.0622,0.0493,1.103
34.543438168,0.2951,1.0598,0.0518,1.101
34.545130437,0.3020,1.0532,0.0567,1.097
34.547273898,0.3066,1.0483,0.0630,1.094
34.552914552,0.3076,1.0459,0.0662,1.092
34.553583629,0.3078,1.0368,0.0713,1.084
34.555250283,0.3061,1.0327,0.0748,1.080
34.555565398,0.3010,1.0246,0.0818,1.071
34.556848475,0.2946,1.0175,0.0877,1.063
34.561907283,0.2902,1.0146,0.0904,1.059
34.562186398,0.2817,1.0056,0.0933,1.048
34.562885052,0.2739,0.9980,0.0960,1.039
34.56463686,0.2697,0.9938,0.0965,1.034
34.575944552,0.2629,0.9855,0.0977,1.025
34.57642136,0.2590,0.9816,0.0972,1.020
34.576670629,0.2529,0.9750,0.0960,1.012
34.576918398,0.2504,0.9665,0.0958,1.003
34.577144552,0.2494,0.9626,0.0953,0.999
34.577433668,0.2446,0.9572,0.0923,0.992
34.578588975,0.2436,0.9533,0.0897,0.988
34.580369014,0.2389,0.9462,0.0865,0.980
34.585199129,0.2336,0.9398,0.0833,0.972
34.585716398,0.2311,0.9364,0.0811,0.968
34.586487745,0.2253,0.9318,0.0806,0.962
34.588487552,0.2204,0.9257,0.0794,0.955
34.590397052,0.2189,0.9237,0.0794,0.953
34.59223086,0.2155,0.9196,0.0784,0.948
34.594281475,0.2133,0.9174,0.0789,0.945
34.596405975,0.2079,0.9100,0.0801,0.937
34.598402514,0.2018,0.9049,0.0814,0.931
34.600734129,0.1996,0.9032,0.0823,0.929
34.602456052,0.1969,0.8993,0.0858,0.925
34.604158437,0.1954,0.8903,0.0906,0.916
34.606270283,0.1962,0.8876,0.0931,0.914
34.608119129,0.1959,0.8839,0.0960,0.910
34.610473398,0.1947,0.8771,0.1011,0.904
34.612327591,0.1947,0.8732,0.1041,0.901
34.614326937,0.1979,0.8688,0.1109,0.898
34.616868091,0.1972,0.8653,0.1136,0.895
34.619720398,0.1954,0.8595,0.1192,0.889
34.620891745,0.1945,0.8551,0.1251,0.886
34.622229514,0.1935,0.8529,0.1280,0.884
34.62430086,0.1906,0.8485,0.1346,0.880
34.626268014,0.1874,0.8431,0.1388,0.875
34.628121975,0.1857,0.8424,0.1407,0.874
34.630044514,0.1830,0.8399,0.1454,0.872
34.631883398,0.1818,0.8392,0.1480,0.871
34.635385091,0.1798,0.8375,0.1498,0.870
34.636786937,0.1759,0.8365,0.1527,0.868
34.637857937,0.1754,0.8372,0.1544,0.869
34.639665322,0.1742,0.8397,0.1559,0.872
34.641907129,0.1737,0.8414,0.1571,0.873
34.643857283,0.1747,0.8433,0.1595,0.876
34.645904552,0.1757,0.8455,0.1605,0.878
34.647894168,0.1757,0.8463,0.1608,0.879
34.651398975,0.1761,0.8517,0.1571,0.884
34.652754745,0.1786,0.8548,0.1532,0.887
34.654774898,0.1798,0.8565,0.1520,0.888
34.656274552,0.1820,0.8580,0.1527,0.890
34.657593014,0.1849,0.8592,0.1512,0.892
34.659713475,0.1857,0.8614,0.1483,0.894
34.661536783,0.1862,0.8663,0.1441,0.898
34.663592398,0.1881,0.8702,0.1417,0.902
34.665406552,0.1913,0.8751,0.1405,0.907
34.675012937,0.1930,0.8773,0.1415,0.909
34.676485398,0.1937,0.8795,0.1415,0.912
34.677732821,0.1942,0.8832,0.1395,0.915
34.678710668,0.1942,0.8851,0.1385,0.917
34.679790283,0.1969,0.8910,0.1383,0.923
34.680563706,0.2028,0.8944,0.1412,0.928
34.681678475,0.2042,0.8964,0.1432,0.930
34.683012783,0.2062,0.9000,0.1434,0.934
34.684101552,0.2079,0.9042,0.1468,0.939
34.68518036,0.2086,0.9066,0.1478,0.942
34.702163014,0.2089,0.9115,0.1476,0.947
34.703493475,0.2108,0.9127,0.1495,0.949
34.704462245,0.2116,0.9161,0.1517,0.952
34.705435937,0.2123,0.9183,0.1524,0.955
34.706275706,0.2123,0.9196,0.1517,0.956
34.707329783,0.2152,0.9242,0.1493,0.961
34.708214245,0.2155,0.9267,0.1454,0.962
34.709385398,0.2167,0.9274,0.1427,0.963
34.710292514,0.2194,0.9311,0.1358,0.966
34.711249398,0.2228,0.9340,0.1327,0.969
34.711958975,0.2223,0.9354,0.1300,0.970
34.712852745,0.2211,0.9394,0.1283,0.974
34.713770629,0.2209,0.9406,0.1283,0.975
34.714590052,0.2206,0.9430,0.1297,0.977
34.715358975,0.2199,0.9464,0.1339,0.981
34.717908398,0.2201,0.9479,0.1358,0.983
34.719305168,0.2165,0.9496,0.1468,0.985
34.720912937,0.2150,0.9511,0.1590,0.988
34.722777168,0.2145,0.9508,0.1630,0.988
34.724714168,0.2128,0.9516,0.1686,0.990
34.726690168,0.2113,0.9513,0.1698,0.989
34.728634591,0.2096,0.9535,0.1732,0.992
34.73078036,0.2074,0.9547,0.1737,0.992
34.732728706,0.2042,0.9547,0.1732,0.992
34.735797898,0.1981,0.9555,0.1698,0.990
34.73738786,0.1910,0.9562,0.1652,0.989
34.738627168,0.1893,0.9579,0.1625,0.990
34.740553629,0.1879,0.9594,0.1537,0.990
34.742350283,0.1854,0.9594,0.1480,0.988
34.744368821,0.1805,0.9611,0.1412,0.988
34.746442206,0.1781,0.9631,0.1312,0.988
34.748495783,0.1759,0.9650,0.1251,0.989
34.751487668,0.1732,0.9657,0.1141,0.988
34.753087129,0.1695,0.9650,0.1041,0.985
34.754380129,0.1683,0.9650,0.0999,0.985
34.756247475,0.1673,0.9665,0.0936,0.985
34.758194437,0.1671,0.9665,0.0901,0.985
34.760243052,0.1644,0.9662,0.0882,0.984
34.762166783,0.1632,0.9655,0.0865,0.983
34.764396706,0.1637,0.9640,0.0858,0.982
34.766356091,0.1630,0.9609,0.0882,0.979
34.77655086,0.1652,0.9555,0.0958,0.974
34.778168898,0.1659,0.9533,0.0992,0.973
34.779099475,0.1683,0.9494,0.1104,0.970
34.780071283,0.1698,0.9467,0.1165,0.969
34.781062783,0.1717,0.9406,0.1292,0.965
34.781940552,0.1713,0.9357,0.1437,0.962
34.782270975,0.1710,0.9335,0.1502,0.961
34.782493552,0.1691,0.9293,0.1671,0.959
34.802910437,0.1681,0.9274,0.1783,0.959
34.803857937,0.1656,0.9269,0.1845,0.959
34.80413536,0.1620,0.9235,0.1964,0.958
34.804389514,0.1615,0.9223,0.2016,0.958
34.804617321,0.1590,0.9203,0.2099,0.957
34.804853014,0.1573,0.9201,0.2133,0.957
34.805081014,0.1578,0.9208,0.2140,0.958
34.80535236,0.1608,0.9220,0.2152,0.960
34.805574821,0.1598,0.9259,0.2147,0.964
34.805799206,0.1595,0.9274,0.2138,0.965
34.806023975,0.1627,0.9281,0.2091,0.965
34.806253629,0.1639,0.9291,0.2062,0.966
34.807218898,0.1647,0.9298,0.1991,0.965
34.809125014,0.1669,0.9320,0.1932,0.966
34.811210129,0.1681,0.9325,0.1896,0.966
34.813012591,0.1727,0.9340,0.1815,0.967
34.815244168,0.1754,0.9374,0.1747,0.970
34.817752398,0.1764,0.9369,0.1713,0.969
34.819030591,0.1766,0.9386,0.1639,0.969
34.820844321,0.1764,0.9389,0.1610,0.969
34.823208744,0.1788,0.9384,0.1576,0.968
34.824796629,0.1798,0.9394,0.1537,0.969
34.826935937,0.1798,0.9403,0.1505,0.969
34.828843783,0.1810,0.9423,0.1468,0.971
34.830945744,0.1820,0.9445,0.1459,0.973
34.833922783,0.1820,0.9440,0.1466,0.972
34.835085629,0.1832,0.9438,0.1466,0.972
34.836841898,0.1854,0.9447,0.1468,0.974
34.838827629,0.1876,0.9440,0.1285,0.971
34.840673668,0.1805,0.9398,0.0335,0.958
34.842997668,0.1656,0.9430,-0.0264,0.958
34.844797744,0.1178,0.9613,-0.1229,0.976
34.846901668,0.0840,0.9711,-0.1451,0.985
34.848620168,0.0838,0.9794,-0.1258,0.991
34.851463783,0.1180,0.9733,-0.0428,0.981
34.852956398,0.1471,0.9660,0.0098,0.977
34.854629937,0.2121,0.9501,0.1173,0.981
34.856589706,0.2612,0.9401,0.2077,0.998
34.858710244,0.2736,0.9381,0.2409,1.006
34.860634244,0.2753,0.9408,0.2836,1.020
34.86255136,0.2577,0.9474,0.2978,1.026
34.86425986,0.2450,0.9496,0.2966,1.025
34.869268514,0.2172,0.9547,0.2846,1.020
34.869893283,0.2052,0.9567,0.2768,1.017
34.870199091,0.1869,0.9582,0.2570,1.009
34.872134783,0.1840,0.9547,0.2389,1.001
34.87413836,0.1857,0.9513,0.2331,0.997
34.876033975,0.1940,0.9447,0.2287,0.991
34.877978321,0.2081,0.9408,0.2294,0.991
34.879946129,0.2138,0.9315,0.2360,0.984
34.882034667,0.2250,0.9232,0.2436,0.981
34.884113014,0.2274,0.9198,0.2475,0.979
34.886041937,0.2274,0.9166,0.2529,0.978
34.887988129,0.2204,0.9157,0.2509,0.975
34.889827052,0.2160,0.9152,0.2485,0.973
34.891626821,0.2033,0.9152,0.2419,0.968
34.893688591,0.1915,0.9164,0.2372,0.966
34.895629283,0.1874,0.9176,0.2287,0.964
34.897614283,0.1801,0.9188,0.2216,0.962
34.900204591,0.1779,0.9201,0.2179,0.962
34.901775437,0.1742,0.9210,0.2135,0.961
34.903576052,0.1739,0.9213,0.2118,0.961
34.905650552,0.1730,0.9205,0.2123,0.960
34.907449629,0.1710,0.9205,0.2138,0.960
34.909522167,0.1683,0.9225,0.2152,0.962
34.911346783,0.1639,0.9237,0.2223,0.964
34.913369629,0.1610,0.9271,0.2284,0.968
34.91524386,0.1593,0.9274,0.2323,0.969
34.917518514,0.1566,0.9328,0.2414,0.976
34.919316014,0.1561,0.9335,0.2482,0.978
34.92137486,0.1544,0.9379,0.2502,0.983
34.923121437,0.1522,0.9416,0.2546,0.987
34.925161014,0.1524,0.9438,0.2558,0.990
34.927100129,0.1529,0.9479,0.2568,0.994
34.929079937,0.1554,0.9523,0.2568,0.998
34.931059514,0.1556,0.9538,0.2568,1.000
34.933660014,0.1564,0.9572,0.2568,1.003
34.935253898,0.1578,0.9613,0.2558,1.007
34.937492244,0.1593,0.9643,0.2541,1.010
34.938977629,0.1612,0.9692,0.2511,1.014
34.940976167,0.1603,0.9726,0.2489,1.017
34.942909437,0.1622,0.9809,0.2411,1.023
34.944862898,0.1681,0.9899,0.2260,1.029
34.946839283,0.1727,0.9912,0.2167,1.029
34.948832244,0.1781,0.9899,0.1891,1.023
34.950893667,0.1805,0.9858,0.1590,1.015
34.952922706,0.1803,0.9841,0.1444,1.011
34.954776014,0.1793,0.9819,0.1202,1.005
34.956747129,0.1788,0.9816,0.1090,1.004
34.958653437,0.1783,0.9821,0.0933,1.003
34.960661167,0.1813,0.9821,0.0831,1.002
34.962585129,0.1798,0.9828,0.0796,1.002
34.96459286,0.1754,0.9826,0.0772,1.001
34.969656706,0.1710,0.9846,0.0760,1.002
34.970288514,0.1695,0.9855,0.0774,1.003
34.970601206,0.1673,0.9885,0.0853,1.006
34.97281309,0.1661,0.9912,0.0906,1.009
34.974634821,0.1632,0.9970,0.1046,1.016
34.976498244,0.1615,1.0034,0.1202,1.023
34.978398167,0.1608,1.0058,0.1275,1.027
34.980535206,0.1632,1.0097,0.1417,1.033
34.982475052,0.1683,1.0114,0.1539,1.037
34.984496975,0.1717,1.0124,0.1608,1.039
34.986370321,0.1803,1.0122,0.1700,1.042
34.988666706,0.1849,1.0105,0.1732,1.042
34.990228783,0.1920,1.0063,0.1774,1.040
34.992267398,0.1994,1.0031,0.1788,1.038
34.994098514,0.2023,0.9999,0.1786,1.036
34.996161321,0.2072,0.9938,0.1769,1.030
34.998016514,0.2143,0.9909,0.1771,1.029
35.000434629,0.2165,0.9855,0.1764,1.024
35.00204259,0.2189,0.9809,0.1761,1.020
35.004354398,0.2209,0.9782,0.1761,1.018
35.006159706,0.2218,0.9755,0.1759,1.016
35.008065014,0.2216,0.9731,0.1771,1.014
35.010020475,0.2216,0.9721,0.1791,1.013
35.012133167,0.2201,0.9701,0.1847,1.012
35.014039129,0.2201,0.9682,0.1888,1.011
35.016004398,0.2177,0.9692,0.1910,1.012
35.018411052,0.2145,0.9697,0.1962,1.012
35.020829975,0.2118,0.9675,0.1981,1.010
35.021986321,0.2106,0.9675,0.2023,1.011
35.02397236,0.2064,0.9660,0.2057,1.009
35.02588136,0.2047,0.9655,0.2050,1.008
35.027877321,0.2008,0.9655,0.2052,1.007
35.029793206,0.1967,0.9662,0.2023,1.007
35.03178509,0.1954,0.9660,0.2001,1.006
35.034601706,0.1928,0.9687,0.1974,1.007
35.036685667,0.1942,0.9692,0.1920,1.007
35.037920167,0.1942,0.9714,0.1893,1.009
35.039927129,0.1976,0.9748,0.1815,1.011
35.041730667,0.2006,0.9765,0.1783,1.013
35.043671398,0.2081,0.9806,0.1725,1.017
35.04565436,0.2130,0.9855,0.1664,1.022
35.047573629,0.2150,0.9892,0.1637,1.025
35.049559129,0.2204,0.9953,0.1590,1.032
35.053332014,0.2243,0.9982,0.1571,1.035
35.05397436,0.2262,1.0073,0.1568,1.044
35.055706283,0.2309,1.0141,0.1615,1.053
35.057673514,0.2328,1.0185,0.1649,1.058
35.059725437,0.2362,1.0246,0.1678,1.065
35.061547398,0.2419,1.0315,0.1735,1.074
35.06351436,0.2428,1.0349,0.1769,1.078
35.065423244,0.2475,1.0390,0.1845,1.084
35.067497744,0.2548,1.0449,0.1918,1.092
35.069727821,0.2592,1.0469,0.1964,1.096
35.07130359,0.2636,1.0500,0.2079,1.102
35.073323244,0.2665,1.0517,0.2130,1.106
35.075271783,0.2687,1.0530,0.2209,1.109
35.07710259,0.2719,1.0549,0.2304,1.113
35.079140014,0.2763,1.0554,0.2338,1.116
35.08106159,0.2785,1.0549,0.2414,1.117
35.08396909,0.2770,1.0547,0.2480,1.118
35.086452975,0.2766,1.0549,0.2516,1.119
35.087086821,0.2773,1.0539,0.2570,1.120
35.089005206,0.2763,1.0537,0.2587,1.120
35.09117636,0.2746,1.0532,0.2595,1.119
35.092856206,0.2734,1.0539,0.2555,1.118
35.094852667,0.2726,1.0542,0.2524,1.118
35.096697167,0.2704,1.0554,0.2450,1.117
35.098792744,0.2704,1.0544,0.2404,1.115
35.100798398,0.2707,1.0539,0.2279,1.112
35.10322486,0.2724,1.0534,0.2143,1.109
35.104771552,0.2719,1.0542,0.2062,1.108
35.106798898,0.2736,1.0554,0.1906,1.107
35.108604744,0.2726,1.0586,0.1761,1.107
35.11061536,0.2734,1.0598,0.1691,1.107
35.112461783,0.2761,1.0608,0.1566,1.107
35.114541744,0.2773,1.0630,0.1512,1.109
35.116431013,0.2807,1.0647,0.1417,1.110
35.11854436,0.2849,1.0674,0.1324,1.113
35.120505975,0.2851,1.0671,0.1300,1.112
35.122590398,0.2885,1.0654,0.1273,1.111
35.124387975,0.2897,1.0664,0.1263,1.112
35.126458129,0.2895,1.0652,0.1251,1.111
35.128302513,0.2912,1.0642,0.1222,1.110
35.130419244,0.2897,1.0608,0.1231,1.107
35.132304206,0.2895,1.0586,0.1239,1.104
35.13442159,0.2883,1.0559,0.1273,1.102
35.136260667,0.2875,1.0547,0.1290,1.101
35.138396744,0.2888,1.0525,0.1309,1.099
35.140212398,0.2883,1.0498,0.1358,1.097
35.142221321,0.2875,1.0481,0.1373,1.095
35.144098821,0.2878,1.0459,0.1429,1.094
35.146147821,0.2866,1.0444,0.1461,1.093
35.148021052,0.2858,1.0425,0.1527,1.092
35.153411321,0.2844,1.0381,0.1615,1.088
35.154369552,0.2839,1.0363,0.1634,1.087
35.154901437,0.2829,1.0334,0.1691,1.085
35.157240552,0.2807,1.0298,0.1766,1.082
35.157962783,0.2800,1.0280,0.1810,1.081
35.160014013,0.2778,1.0229,0.1886,1.077
35.162217475,0.2748,1.0183,0.1954,1.073
35.16392736,0.2741,1.0151,0.1979,1.070
35.165995783,0.2722,1.0105,0.2016,1.066
35.167979244,0.2707,1.0075,0.2035,1.063
35.170024783,0.2675,1.0007,0.2057,1.056
35.171979898,0.2636,0.9938,0.2033,1.048
35.173987898,0.2619,0.9902,0.2011,1.044
35.17574536,0.2585,0.9836,0.1994,1.036
35.177843513,0.2555,0.9760,0.1935,1.027
35.179651975,0.2541,0.9731,0.1898,1.023
35.18172909,0.2521,0.9689,0.1840,1.018
35.184221783,0.2507,0.9665,0.1815,1.015
35.185812321,0.2516,0.9611,0.1713,1.008
35.187607013,0.2529,0.9545,0.1598,1.000
35.189767167,0.2529,0.9528,0.1556,0.998
35.191537475,0.2536,0.9491,0.1446,0.993
35.19364936,0.2548,0.9440,0.1334,0.987
35.195439744,0.2553,0.9420,0.1287,0.984
35.197521744,0.2573,0.9359,0.1207,0.978
35.199391821,0.2573,0.9337,0.1153,0.975
35.20213259,0.2595,0.9279,0.1048,0.969
35.204687436,0.2626,0.9249,0.0943,0.966
35.205443667,0.2621,0.9225,0.0906,0.963
35.207365321,0.2653,0.9164,0.0838,0.958
35.20939209,0.2690,0.9122,0.0767,0.954
35.211271283,0.2702,0.9098,0.0750,0.952
35.213261321,0.2717,0.9022,0.0711,0.945
35.215121898,0.2734,0.9003,0.0689,0.943
35.21887409,0.2739,0.8946,0.0657,0.938
35.219381321,0.2773,0.8900,0.0640,0.934
35.221344206,0.2785,0.8873,0.0633,0.932
35.223093552,0.2807,0.8829,0.0638,0.929
35.225039821,0.2841,0.8819,0.0674,0.929
35.226949513,0.2856,0.8797,0.0682,0.927
35.228921629,0.2888,0.8756,0.0687,0.925
35.230860975,0.2890,0.8751,0.0696,0.924
35.232897206,0.2912,0.8746,0.0708,0.925
35.235342129,0.2919,0.8744,0.0738,0.925
35.237955706,0.2934,0.8749,0.0757,0.926
35.238805206,0.2937,0.8756,0.0784,0.927
35.24081736,0.2956,0.8766,0.0809,0.929
35.24273209,0.2968,0.8773,0.0828,0.930
35.244695129,0.2961,0.8790,0.0848,0.931
35.246602398,0.2966,0.8815,0.0853,0.934
35.248700513,0.2968,0.8863,0.0887,0.939
35.253574013,0.2985,0.8881,0.0938,0.942
35.254170321,0.2978,0.8900,0.0963,0.943
35.254962167,0.2983,0.8942,0.1007,0.948
35.256693013,0.2995,0.9017,0.1048,0.956
35.25858686,0.3003,0.9042,0.1077,0.959
35.260684436,0.3007,0.9088,0.1148,0.964
35.262517129,0.3007,0.9110,0.1180,0.967
35.265406283,0.3012,0.9166,0.1241,0.973
35.26637959,0.3034,0.9242,0.1302,0.981
35.268606898,0.3037,0.9276,0.1329,0.985
35.270522706,0.3054,0.9318,0.1393,0.990
35.272522821,0.3059,0.9364,0.1429,0.995
35.274344052,0.3064,0.9384,0.1461,0.998
35.276388052,0.3066,0.9433,0.1522,1.003
35.27821209,0.3071,0.9462,0.1542,1.007
35.280201206,0.3066,0.9523,0.1561,1.013
35.282147129,0.3061,0.9594,0.1561,1.019
35.284828629,0.3059,0.9621,0.1546,1.021
35.286098321,0.3051,0.9665,0.1549,1.025
35.288229283,0.3042,0.9697,0.1534,1.028
35.290090398,0.3022,0.9738,0.1515,1.031
35.292844783,0.3025,0.9762,0.1498,1.033
35.294198167,0.3029,0.9794,0.1485,1.036
35.296421052,0.3020,0.9828,0.1476,1.039
35.297839936,0.3049,0.9865,0.1461,1.043
35.299845975,0.3051,0.9894,0.1451,1.046
35.302154283,0.3056,0.9931,0.1437,1.049
35.30486109,0.3073,0.9946,0.1424,1.051
35.305843244,0.3078,0.9953,0.1427,1.052
35.307756283,0.3110,0.9975,0.1427,1.055
35.309646206,0.3112,0.9985,0.1429,1.056
35.311646936,0.3098,0.9990,0.1407,1.055
35.313577321,0.3083,0.9999,0.1383,1.055
35.315544975,0.3076,1.0004,0.1373,1.056
35.319047129,0.3056,0.9990,0.1331,1.053
35.319938283,0.3044,0.9997,0.1278,1.053
35.32171159,0.3029,1.0004,0.1246,1.053
35.323591629,0.3029,1.0009,0.1160,1.052
35.325538898,0.3027,1.0014,0.1104,1.052
35.327553321,0.3027,0.9992,0.0963,1.048
35.329467667,0.3054,0.9968,0.0833,1.046
35.331444167,0.3086,0.9960,0.0755,1.045
35.333366283,0.3110,0.9936,0.0608,1.043
35.335824821,0.3130,0.9916,0.0547,1.041
35.337414629,0.3147,0.9907,0.0537,1.041
35.339473667,0.3166,0.9894,0.0572,1.040
35.341267359,0.3178,0.9887,0.0594,1.040
35.343358744,0.3193,0.9870,0.0694,1.040
35.345185167,0.3230,0.9836,0.0862,1.039
35.347215513,0.3220,0.9816,0.0955,1.037
35.349118013,0.3215,0.9760,0.1178,1.034
35.356031975,0.3244,0.9704,0.1358,1.032
35.356769975,0.3244,0.9682,0.1437,1.031
35.357068398,0.3240,0.9628,0.1559,1.028
35.357371629,0.3249,0.9591,0.1615,1.025
35.359154359,0.3252,0.9526,0.1695,1.021
35.361026244,0.3220,0.9447,0.1744,1.013
35.363113475,0.3198,0.9411,0.1766,1.009
35.364838821,0.3169,0.9357,0.1781,1.004
35.367027321,0.3127,0.9323,0.1766,0.999
35.368931244,0.3105,0.9279,0.1742,0.994
35.37090309,0.3071,0.9225,0.1669,0.986
35.372808706,0.3051,0.9196,0.1627,0.982
35.374841706,0.3003,0.9152,0.1534,0.975
35.376650052,0.2954,0.9110,0.1407,0.968
35.378665052,0.2922,0.9100,0.1358,0.965
35.380578129,0.2858,0.9069,0.1231,0.959
35.382648706,0.2814,0.9044,0.1121,0.954
35.384735013,0.2797,0.9015,0.1085,0.950
35.386786975,0.2805,0.8959,0.1009,0.944
35.388586283,0.2805,0.8949,0.0970,0.943
35.390673244,0.2766,0.8912,0.0948,0.938
35.392371244,0.2763,0.8863,0.0945,0.933
35.394420206,0.2756,0.8837,0.0967,0.931
35.396291706,0.2731,0.8780,0.1029,0.925
35.398412244,0.2717,0.8753,0.1058,0.923
35.400311321,0.2714,0.8697,0.1141,0.918
35.402461783,0.2702,0.8619,0.1219,0.911
35.404335706,0.2695,0.8595,0.1280,0.910
35.406483436,0.2692,0.8526,0.1400,0.905
35.408263821,0.2692,0.8470,0.1505,0.901
35.410252898,0.2673,0.8446,0.1561,0.899
35.412115398,0.2634,0.8389,0.1652,0.895
35.414267282,0.2624,0.8338,0.1725,0.891
35.416098821,0.2636,0.8319,0.1761,0.890
35.418246321,0.2639,0.8289,0.1823,0.889
35.420669436,0.2634,0.8272,0.1840,0.887
35.422203744,0.2653,0.8262,0.1857,0.887
35.424017436,0.2641,0.8255,0.1857,0.886
35.426025859,0.2631,0.8260,0.1845,0.886
35.427939398,0.2641,0.8280,0.1798,0.887
35.430103513,0.2641,0.8309,0.1744,0.889
35.431977013,0.2636,0.8324,0.1720,0.890
35.434015321,0.2658,0.8346,0.1661,0.891
35.437062782,0.2658,0.8367,0.1627,0.893
35.437991782,0.2690,0.8419,0.1561,0.897
35.439807859,0.2731,0.8455,0.1459,0.900
35.441799898,0.2746,0.8473,0.1417,0.902
35.443644013,0.2768,0.8526,0.1361,0.907
35.445770321,0.2792,0.8543,0.1329,0.909
35.447540552,0.2824,0.8600,0.1261,0.914
35.449639821,0.2856,0.8656,0.1207,0.919
35.454102513,0.2861,0.8690,0.1195,0.923
35.45472709,0.2878,0.8746,0.1168,0.928
35.455540436,0.2897,0.8783,0.1143,0.932
35.457663013,0.2912,0.8805,0.1134,0.934
35.459441821,0.2937,0.8841,0.1097,0.938
35.461500706,0.2959,0.8851,0.1087,0.940
35.463446167,0.2985,0.8878,0.1097,0.943
35.465412206,0.3034,0.8898,0.1119,0.947
35.468193859,0.3056,0.8917,0.1134,0.949
35.469564936,0.3117,0.8944,0.1182,0.955
35.471356282,0.3156,0.8986,0.1217,0.960
35.473684206,0.3191,0.9000,0.1239,0.963
35.475228052,0.3244,0.9020,0.1275,0.967
35.477248282,0.3283,0.9032,0.1349,0.970
35.479553706,0.3301,0.9037,0.1371,0.972
35.481135936,0.3313,0.9054,0.1417,0.974
35.48338059,0.3330,0.9066,0.1446,0.977
35.486108052,0.3364,0.9086,0.1480,0.980
35.487452782,0.3396,0.9110,0.1517,0.984
35.489194321,0.3408,0.9120,0.1534,0.986
35.491041398,0.3442,0.9144,0.1546,0.989
35.493001975,0.3452,0.9159,0.1559,0.991
35.495313975,0.3457,0.9171,0.1568,0.993
35.497057167,0.3472,0.9186,0.1588,0.995
35.499135975,0.3484,0.9191,0.1588,0.996
35.502320821,0.3469,0.9210,0.1590,0.997
35.503730129,0.3489,0.9210,0.1586,0.998
35.505195282,0.3494,0.9215,0.1590,0.998
35.50697809,0.3508,0.9225,0.1595,1.000
35.509656167,0.3518,0.9237,0.1593,1.001
35.510823667,0.3503,0.9227,0.1593,1.000
35.513099859,0.3508,0.9247,0.1603,1.002
35.514777859,0.3513,0.9245,0.1603,1.002
35.516756475,0.3506,0.9237,0.1622,1.001
35.518915513,0.3503,0.9259,0.1610,1.003
35.521735744,0.3513,0.9252,0.1612,1.003
35.52319259,0.3518,0.9262,0.1620,1.004
35.524752744,0.3518,0.9279,0.1652,1.006
35.526920744,0.3511,0.9276,0.1666,1.006
35.528646398,0.3503,0.9291,0.1683,1.007
35.530588936,0.3503,0.9298,0.1683,1.008
35.532590167,0.3513,0.9286,0.1695,1.007
35.536081167,0.3498,0.9296,0.1708,1.008
35.537614859,0.3501,0.9311,0.1725,1.010
35.539288513,0.3506,0.9320,0.1766,1.011
35.54071259,0.3518,0.9330,0.1791,1.013
35.542595782,0.3530,0.9323,0.1791,1.013
35.544454205,0.3525,0.9315,0.1793,1.012
35.546494859,0.3530,0.9318,0.1796,1.012
35.548461282,0.3533,0.9333,0.1827,1.014
35.550573129,0.3535,0.9318,0.1840,1.013
35.553831552,0.3540,0.9320,0.1847,1.014
35.555636244,0.3525,0.9325,0.1854,1.014
35.556973398,0.3533,0.9320,0.1862,1.014
35.558602129,0.3530,0.9318,0.1867,1.014
35.560234052,0.3525,0.9318,0.1871,1.014
35.562340167,0.3518,0.9311,0.1871,1.013
35.564099244,0.3513,0.9318,0.1893,1.014
35.566205052,0.3523,0.9298,0.1915,1.013
35.576726244,0.3506,0.9291,0.1930,1.012
35.578380513,0.3518,0.9298,0.1935,1.013
35.579428629,0.3523,0.9281,0.1910,1.011
35.580624398,0.3520,0.9281,0.1898,1.011
35.581818244,0.3520,0.9279,0.1915,1.011
35.582124936,0.3518,0.9279,0.1913,1.011
35.582361552,0.3538,0.9279,0.1901,1.011
35.582590359,0.3562,0.9284,0.1871,1.012
35.598598859,0.3574,0.9291,0.1857,1.013
35.59981009,0.3562,0.9281,0.1832,1.011
35.600105975,0.3579,0.9296,0.1781,1.012
35.600344167,0.3577,0.9303,0.1747,1.012
35.600580898,0.3596,0.9308,0.1681,1.012
35.600823975,0.3599,0.9313,0.1656,1.012
35.601044167,0.3599,0.9323,0.1637,1.013
35.601265975,0.3586,0.9342,0.1625,1.014
35.601549821,0.3589,0.9359,0.1627,1.016
35.601791552,0.3572,0.9384,0.1666,1.018
35.606585936,0.3535,0.9420,0.1698,1.020
35.607002898,0.3518,0.9438,0.1710,1.022
35.607438475,0.3494,0.9457,0.1747,1.023
35.609379629,0.3498,0.9474,0.1776,1.025
35.61142559,0.3489,0.9486,0.1823,1.027
35.61314509,0.3486,0.9508,0.1852,1.030
35.615378398,0.3472,0.9528,0.1867,1.031
35.617208436,0.3457,0.9540,0.1864,1.032
35.619358859,0.3454,0.9538,0.1837,1.031
35.621237359,0.3442,0.9538,0.1803,1.030
35.623198052,0.3447,0.9545,0.1759,1.030
35.624918321,0.3445,0.9547,0.1727,1.030
35.627204475,0.3462,0.9550,0.1698,1.030
35.628973128,0.3479,0.9545,0.1691,1.030
35.631265282,0.3486,0.9538,0.1698,1.030
35.633235282,0.3491,0.9523,0.1735,1.029
35.637449744,0.3479,0.9530,0.1764,1.030
35.63850659,0.3484,0.9543,0.1788,1.031
35.640380975,0.3501,0.9530,0.1849,1.032
35.641168744,0.3506,0.9530,0.1896,1.033
35.642949782,0.3506,0.9521,0.1996,1.034
35.644796436,0.3508,0.9499,0.2067,1.033
35.646979128,0.3520,0.9489,0.2099,1.034
35.648662205,0.3508,0.9469,0.2167,1.033
35.650931282,0.3501,0.9467,0.2228,1.034
35.654025628,0.3501,0.9460,0.2248,1.033
35.655376821,0.3484,0.9440,0.2270,1.032
35.656725859,0.3476,0.9430,0.2274,1.030
35.658870744,0.3452,0.9406,0.2262,1.027
35.660687744,0.3452,0.9362,0.2243,1.023
35.662901013,0.3447,0.9352,0.2245,1.022
35.664592475,0.3413,0.9354,0.2250,1.021
35.666856052,0.3408,0.9342,0.2235,1.019
35.676488667,0.3408,0.9340,0.2226,1.019
35.677817321,0.3415,0.9342,0.2221,1.019
35.678746667,0.3408,0.9330,0.2216,1.018
35.679593128,0.3376,0.9308,0.2199,1.014
35.680391052,0.3342,0.9303,0.2179,1.012
35.681190744,0.3332,0.9293,0.2174,1.011
35.68212359,0.3315,0.9276,0.2177,1.009
35.682940821,0.3283,0.9279,0.2187,1.008
35.684390898,0.3274,0.9271,0.2194,1.007
35.696655975,0.3242,0.9247,0.2191,1.004
35.698238782,0.3222,0.9230,0.2196,1.002
35.699131282,0.3205,0.9213,0.2187,1.000
35.700204359,0.3188,0.9179,0.2189,0.996
35.701503821,0.3193,0.9171,0.2177,0.995
35.702691436,0.3169,0.9149,0.2165,0.992
35.703964321,0.3149,0.9135,0.2157,0.990
35.705012205,0.3134,0.9113,0.2155,0.987
35.706273667,0.3120,0.9091,0.2155,0.985
35.707110205,0.3127,0.9074,0.2177,0.984
35.708109513,0.3117,0.9049,0.2140,0.981
35.708927859,0.3105,0.9034,0.2121,0.979
35.710037128,0.3098,0.9032,0.2118,0.978
35.712982167,0.3100,0.9003,0.2103,0.975
35.714589821,0.3115,0.8995,0.2099,0.975
35.716307705,0.3115,0.8968,0.2089,0.972
35.719177475,0.3115,0.8951,0.2067,0.970
35.720427282,0.3122,0.8942,0.2055,0.969
35.723366128,0.3110,0.8907,0.2038,0.965
35.724899013,0.3115,0.8893,0.2013,0.964
35.726272013,0.3125,0.8883,0.2023,0.963
35.727763628,0.3147,0.8876,0.1996,0.963
35.729733782,0.3154,0.8876,0.1984,0.963
35.731632244,0.3164,0.8873,0.1979,0.963
35.733589513,0.3193,0.8866,0.1952,0.962
35.736502475,0.3193,0.8846,0.1942,0.960
35.738264398,0.3208,0.8807,0.1928,0.957
35.739813705,0.3222,0.8810,0.1923,0.958
35.741514744,0.3237,0.8817,0.1920,0.959
35.743601205,0.3264,0.8800,0.1901,0.958
35.745623051,0.3281,0.8790,0.1888,0.957
35.747465321,0.3283,0.8788,0.1884,0.957
35.749478628,0.3303,0.8778,0.1888,0.957
35.751403705,0.3310,0.8773,0.1903,0.957
35.75440259,0.3330,0.8766,0.1910,0.957
35.755924244,0.3347,0.8751,0.1918,0.956
35.757490436,0.3349,0.8756,0.1932,0.957
35.759229859,0.3364,0.8758,0.1930,0.958
35.761164551,0.3369,0.8766,0.1967,0.959
35.763542744,0.3364,0.8766,0.1984,0.960
35.765450936,0.3379,0.8780,0.2003,0.962
35.767358244,0.3386,0.8785,0.2018,0.963
35.777225436,0.3386,0.8771,0.2062,0.962
35.77883109,0.3393,0.8773,0.2079,0.963
35.779953321,0.3396,0.8773,0.2099,0.964
35.781012821,0.3415,0.8778,0.2111,0.965
35.782232013,0.3425,0.8797,0.2140,0.968
35.783177859,0.3430,0.8805,0.2135,0.969
35.784268898,0.3425,0.8812,0.2160,0.970
35.785573705,0.3442,0.8802,0.2169,0.970
35.786055705,0.3464,0.8819,0.2172,0.972
35.801119975,0.3476,0.8834,0.2145,0.973
35.802604936,0.3484,0.8841,0.2133,0.974
35.803825321,0.3489,0.8846,0.2135,0.975
35.804960321,0.3498,0.8868,0.2125,0.977
35.80616209,0.3506,0.8878,0.2121,0.978
35.807189051,0.3545,0.8898,0.2111,0.981
35.807926013,0.3569,0.8898,0.2101,0.981
35.809075013,0.3584,0.8915,0.2081,0.983
35.810117551,0.3594,0.8922,0.2055,0.984
35.810972859,0.3616,0.8932,0.2050,0.985
35.811943936,0.3660,0.8944,0.2011,0.987
35.813072013,0.3691,0.8946,0.2001,0.988
35.814154398,0.3706,0.8951,0.1986,0.989
35.815209936,0.3716,0.8959,0.1964,0.990
35.816237782,0.3718,0.8968,0.1952,0.990
35.817221436,0.3738,0.8981,0.1935,0.992
35.82168909,0.3733,0.8990,0.1898,0.992
35.823480359,0.3745,0.8983,0.1884,0.991
35.824636551,0.3767,0.8998,0.1891,0.994
35.825716051,0.3782,0.9015,0.1879,0.995
35.827031513,0.3784,0.9000,0.1881,0.994
35.82835459,0.3792,0.9000,0.1864,0.994
35.830450705,0.3799,0.8998,0.1862,0.994
35.832190898,0.3801,0.8988,0.1857,0.993
35.83414509,0.3801,0.8976,0.1842,0.992
35.836525628,0.3799,0.8968,0.1837,0.991
35.838041513,0.3801,0.8956,0.1867,0.991
35.840158974,0.3819,0.8961,0.1859,0.992
35.842003436,0.3823,0.8956,0.1867,0.992
35.844019436,0.3816,0.8932,0.1857,0.989
35.845915821,0.3819,0.8932,0.1859,0.989
35.847891551,0.3811,0.8937,0.1874,0.989
35.850250436,0.3816,0.8929,0.1864,0.989
35.851696474,0.3814,0.8934,0.1852,0.989
35.854085167,0.3821,0.8934,0.1862,0.989
35.855913513,0.3821,0.8927,0.1852,0.989
35.858034205,0.3828,0.8922,0.1805,0.988
35.85965809,0.3855,0.8912,0.1796,0.987
35.861664744,0.3880,0.8910,0.1776,0.988
35.863510551,0.3948,0.8839,0.1383,0.978
35.865359244,0.3877,0.8827,0.0689,0.967
35.867638859,0.3735,0.8871,0.0344,0.963
35.872715051,0.3357,0.8993,-0.0071,0.960
35.873337205,0.3227,0.9047,-0.0112,0.961
35.873595551,0.3149,0.9100,0.0110,0.963
35.875216782,0.3332,0.9059,0.0594,0.967
35.877148244,0.3447,0.9027,0.0882,0.970
35.879296128,0.3640,0.8988,0.1424,0.980
35.882009282,0.3784,0.8990,0.1835,0.993
35.883065359,0.3831,0.8981,0.1967,0.996
35.893449205,0.3862,0.9003,0.2174,1.003
35.894118667,0.3867,0.9012,0.2235,1.006
35.894431244,0.3867,0.9020,0.2326,1.009
35.894672898,0.3853,0.9034,0.2450,1.012
35.894902974,0.3855,0.9044,0.2497,1.014
35.895141667,0.3858,0.9022,0.2604,1.015
35.896852282,0.3865,0.9010,0.2673,1.016
35.898781513,0.3894,0.9000,0.2807,1.020
35.900633821,0.3899,0.8983,0.2941,1.023
35.902820474,0.3904,0.8968,0.3025,1.024
35.904628898,0.3902,0.8920,0.3176,1.024
35.906771936,0.3870,0.8903,0.3340,1.027
35.908581128,0.3855,0.8907,0.3408,1.029
35.910648898,0.3804,0.8863,0.3481,1.025
35.912551013,0.3757,0.8849,0.3494,1.023
35.914665244,0.3711,0.8827,0.3459,1.018
35.916418936,0.3677,0.8780,0.3401,1.011
35.919424474,0.3652,0.8753,0.3364,1.006
35.921717667,0.3626,0.8734,0.3264,1.000
35.922414936,0.3604,0.8705,0.3103,0.992
35.924435705,0.3584,0.8707,0.3039,0.989
35.926450321,0.3557,0.8683,0.2910,0.982
35.928288282,0.3564,0.8690,0.2836,0.981
35.930249782,0.3552,0.8712,0.2712,0.979
35.932125859,0.3560,0.8697,0.2595,0.975
35.934197282,0.3562,0.8710,0.2541,0.975
35.936154128,0.3613,0.8724,0.2414,0.975
35.938197205,0.3694,0.8744,0.2257,0.976
35.940125821,0.3735,0.8753,0.2165,0.976
35.942173705,0.3792,0.8795,0.1989,0.978
35.944001705,0.3787,0.8805,0.1884,0.977
35.945959936,0.3731,0.8827,0.1661,0.973
35.94785259,0.3687,0.8844,0.1434,0.969
35.949927167,0.3662,0.8839,0.1341,0.966
35.955089051,0.3643,0.8849,0.1153,0.964
35.955674705,0.3662,0.8851,0.0989,0.963
35.95594309,0.3669,0.8856,0.0916,0.963
35.958044821,0.3709,0.8854,0.0777,0.963
35.959816821,0.3738,0.8839,0.0716,0.962
35.96186309,0.3814,0.8824,0.0635,0.963
35.963569705,0.3865,0.8827,0.0579,0.965
35.965759705,0.3882,0.8832,0.0579,0.966
35.967598821,0.3928,0.8824,0.0611,0.968
35.970278051,0.3941,0.8837,0.0640,0.970
35.971670474,0.3970,0.8849,0.0713,0.972
35.973854744,0.4014,0.8856,0.0840,0.976
35.975658282,0.4016,0.8861,0.0916,0.977
35.977663744,0.4031,0.8898,0.1058,0.983
35.97933609,0.4043,0.8932,0.1241,0.988
35.981563282,0.4041,0.8946,0.1339,0.991
35.983372397,0.4063,0.8968,0.1502,0.996
35.986387974,0.4065,0.8976,0.1676,1.000
