time,gFx,gFy,gFz,TgF
0.005813808,0.0384,0.9870,0.1781,1.004
0.006346192,0.0381,0.9858,0.1837,1.003
0.006650539,0.0391,0.9860,0.1845,1.004
0.006945923,0.0381,0.9865,0.1849,1.004
0.007177116,0.0379,0.9858,0.1830,1.003
0.007415692,0.0359,0.9875,0.1764,1.004
0.007661231,0.0347,0.9882,0.1695,1.003
0.008990539,0.0315,0.9904,0.1561,1.003
0.013063385,0.0283,0.9931,0.1515,1.005
0.013587692,0.0230,0.9946,0.1444,1.005
0.014896308,0.0186,0.9982,0.1351,1.008
0.016743077,0.0151,0.9997,0.1300,1.008
0.018868923,0.0059,1.0026,0.1178,1.010
0.020777731,-0.0024,1.0061,0.1055,1.012
0.022641192,-0.0064,1.0056,0.1011,1.011
0.024574769,-0.0125,1.0046,0.0933,1.009
0.028388654,-0.0156,1.0051,0.0906,1.009
0.028874346,-0.0171,1.0046,0.0840,1.008
0.030660654,-0.0151,1.0029,0.0806,1.006
0.032633423,-0.0139,1.0024,0.0799,1.006
0.034477923,-0.0105,1.0017,0.0860,1.005
0.036628,-0.0071,1.0004,0.0965,1.005
0.038430385,-0.0042,0.9999,0.1007,1.005
0.040457654,0.0007,0.9970,0.1121,1.003
0.042319462,0.0032,0.9953,0.1173,1.002
0.046211269,0.0073,0.9938,0.1251,1.002
0.046809462,0.0125,0.9919,0.1287,1.000
0.048346,0.0142,0.9909,0.1292,0.999
0.050368,0.0171,0.9907,0.1287,0.999
0.052230154,0.0183,0.9912,0.1266,0.999
0.054245462,0.0200,0.9892,0.1217,0.997
0.056226923,0.0213,0.9899,0.1160,0.997
0.058134616,0.0208,0.9907,0.1119,0.997
0.062600692,0.0176,0.9926,0.1019,0.998
0.063191385,0.0107,0.9946,0.0933,0.999
0.064171539,0.0071,0.9953,0.0899,0.999
0.066299385,0.0012,0.9985,0.0840,1.002
0.068202654,-0.0049,1.0026,0.0779,1.006
0.070097846,-0.0078,1.0034,0.0762,1.006
0.072668654,-0.0127,1.0021,0.0743,1.005
0.074232923,-0.0139,1.0004,0.0726,1.003
0.078344539,-0.0159,1.0014,0.0711,1.004
0.079225731,-0.0164,1.0014,0.0713,1.004
0.079960192,-0.0169,1.0019,0.0704,1.005
0.082105769,-0.0169,1.0014,0.0696,1.004
0.083868231,-0.0151,0.9997,0.0716,1.002
0.085863923,-0.0151,1.0002,0.0726,1.003
0.087713231,-0.0149,1.0002,0.0752,1.003
0.089879885,-0.0144,0.9997,0.0760,1.003
0.091672692,-0.0171,0.9987,0.0811,1.002
0.094154154,-0.0191,0.9960,0.0862,1.000
0.095640115,-0.0203,0.9960,0.0894,1.000
0.097709846,-0.0235,0.9958,0.0960,1.001
0.099782,-0.0279,0.9951,0.1004,1.001
0.101599615,-0.0288,0.9931,0.1107,1.000
0.103625577,-0.0283,0.9912,0.1200,0.999
0.105550962,-0.0298,0.9907,0.1266,0.999
0.107377154,-0.0293,0.9916,0.1371,1.001
0.110513039,-0.0313,0.9921,0.1459,1.003
0.111359731,-0.0310,0.9924,0.1502,1.004
0.113663039,-0.0335,0.9943,0.1581,1.007
0.115438077,-0.0379,0.9965,0.1610,1.010
0.117444654,-0.0413,1.0014,0.1649,1.016
0.119488539,-0.0511,1.0083,0.1644,1.023
0.121366039,-0.0542,1.0109,0.1637,1.026
0.123133039,-0.0540,1.0146,0.1647,1.029
0.125244539,-0.0491,1.0163,0.1630,1.030
0.127393539,-0.0469,1.0185,0.1617,1.032
0.129522385,-0.0432,1.0195,0.1573,1.032
0.1311765,-0.0410,1.0205,0.1549,1.033
0.133208846,-0.0386,1.0263,0.1502,1.038
0.135006115,-0.0357,1.0295,0.1424,1.040
0.137088923,-0.0337,1.0327,0.1388,1.043
0.139007154,-0.0298,1.0381,0.1314,1.047
0.140954769,-0.0242,1.0425,0.1209,1.050
0.144003731,-0.0198,1.0444,0.1160,1.051
0.144976692,-0.0110,1.0478,0.1060,1.053
0.146886385,-0.0073,1.0495,0.1019,1.054
0.148926962,-0.0034,1.0512,0.0931,1.055
0.150798115,-0.0005,1.0537,0.0870,1.057
0.152861962,0.0007,1.0539,0.0843,1.057
0.154656423,-0.0010,1.0554,0.0765,1.058
0.156781385,-0.0010,1.0559,0.0721,1.058
0.158638615,0.0000,1.0552,0.0689,1.057
0.163252423,0.0002,1.0517,0.0623,1.054
0.163943962,-0.0005,1.0517,0.0596,1.053
0.164719731,-0.0034,1.0500,0.0542,1.051
0.166586115,-0.0034,1.0439,0.0506,1.045
0.168814154,-0.0046,1.0415,0.0498,1.043
0.170391231,-0.0244,1.0412,0.0425,1.042
0.172489231,-0.0569,1.0442,0.0315,1.046
0.174371231,-0.0667,1.0461,0.0283,1.049
0.177684462,-0.0682,1.0456,0.0296,1.048
0.178343654,-0.0596,1.0422,0.0325,1.044
0.180462269,-0.0415,1.0376,0.0391,1.039
0.182290577,-0.0354,1.0317,0.0359,1.033
0.184278039,-0.0354,1.0288,0.0340,1.030
0.186049615,-0.0313,1.0249,0.0349,1.026
0.188092692,-0.0259,1.0185,0.0415,1.020
0.189975462,-0.0244,1.0161,0.0437,1.017
0.192005654,-0.0249,1.0136,0.0489,1.015
0.194051462,-0.0257,1.0112,0.0518,1.013
0.196047385,-0.0230,1.0080,0.0584,1.010
0.197984269,-0.0220,1.0046,0.0625,1.007
0.199929538,-0.0232,1.0034,0.0635,1.006
0.201870769,-0.0239,0.9973,0.0665,1.000
0.203838962,-0.0215,0.9926,0.0711,0.995
0.205796385,-0.0227,0.9907,0.0733,0.994
0.207789,-0.0257,0.9892,0.0762,0.992
0.210687846,-0.0261,0.9887,0.0762,0.992
0.211825692,-0.0291,0.9850,0.0787,0.989
0.213643462,-0.0318,0.9816,0.0784,0.985
0.215682077,-0.0327,0.9809,0.0789,0.985
0.217628423,-0.0332,0.9787,0.0777,0.982
0.219609462,-0.0347,0.9772,0.0770,0.981
0.221575423,-0.0366,0.9750,0.0767,0.979
0.223572577,-0.0393,0.9731,0.0770,0.977
0.225420692,-0.0406,0.9714,0.0762,0.975
0.228401846,-0.0440,0.9687,0.0730,0.972
0.229467923,-0.0479,0.9672,0.0718,0.971
0.231552154,-0.0491,0.9675,0.0716,0.971
0.233354154,-0.0503,0.9670,0.0689,0.971
0.235388115,-0.0518,0.9662,0.0669,0.970
0.237206923,-0.0520,0.9660,0.0657,0.970
0.2392475,-0.0569,0.9672,0.0630,0.971
0.241100923,-0.0584,0.9679,0.0621,0.972
0.245709538,-0.0591,0.9687,0.0601,0.972
0.246236692,-0.0618,0.9689,0.0577,0.973
0.247316385,-0.0628,0.9697,0.0559,0.973
0.250311308,-0.0650,0.9704,0.0501,0.974
0.251046769,-0.0657,0.9716,0.0467,0.975
0.253151154,-0.0665,0.9728,0.0420,0.976
0.255033154,-0.0677,0.9745,0.0393,0.978
0.256877,-0.0689,0.9760,0.0379,0.979
0.258883731,-0.0694,0.9777,0.0318,0.981
0.260867885,-0.0691,0.9787,0.0279,0.982
0.262998654,-0.0696,0.9802,0.0259,0.983
0.264851115,-0.0701,0.9816,0.0232,0.984
0.266716846,-0.0706,0.9819,0.0208,0.985
0.268574962,-0.0718,0.9831,0.0176,0.986
0.270658308,-0.0708,0.9843,0.0149,0.987
0.272549154,-0.0708,0.9836,0.0151,0.986
0.2745705,-0.0704,0.9811,0.0156,0.984
0.277621846,-0.0677,0.9797,0.0147,0.982
0.279560192,-0.0694,0.9787,0.0147,0.981
0.280604346,-0.0699,0.9740,0.0159,0.977
0.282580077,-0.0689,0.9726,0.0151,0.975
0.284432231,-0.0699,0.9699,0.0144,0.973
0.286488385,-0.0726,0.9675,0.0144,0.970
0.288399808,-0.0733,0.9653,0.0139,0.968
0.290320308,-0.0735,0.9616,0.0129,0.964
0.292288962,-0.0770,0.9567,0.0137,0.960
0.294424154,-0.0787,0.9545,0.0127,0.958
0.296376346,-0.0794,0.9511,0.0122,0.954
0.298363308,-0.0801,0.9501,0.0107,0.954
0.300324115,-0.0840,0.9467,0.0078,0.950
0.302274192,-0.0870,0.9438,0.0061,0.948
0.304175692,-0.0872,0.9425,0.0054,0.947
0.306147961,-0.0904,0.9406,0.0042,0.945
0.308042308,-0.0919,0.9379,0.0042,0.942
0.310968808,-0.0921,0.9359,0.0032,0.940
0.3122105,-0.0923,0.9345,0.0017,0.939
0.314255,-0.0941,0.9345,0.0005,0.939
0.316070923,-0.0933,0.9335,0.0017,0.938
0.318055269,-0.0948,0.9328,0.0024,0.938
0.319906154,-0.0958,0.9315,0.0032,0.936
0.321926192,-0.0980,0.9293,0.0049,0.935
0.323843731,-0.0960,0.9291,0.0066,0.934
0.325932923,-0.0963,0.9291,0.0081,0.934
0.327918385,-0.0985,0.9276,0.0134,0.933
0.329956538,-0.0975,0.9267,0.0166,0.932
0.331973692,-0.0989,0.9267,0.0191,0.932
0.333839538,-0.1002,0.9242,0.0232,0.930
0.335686461,-0.0989,0.9237,0.0249,0.929
0.337688269,-0.1004,0.9237,0.0291,0.930
0.339564,-0.1007,0.9227,0.0325,0.929
0.341639308,-0.1007,0.9218,0.0352,0.928
0.346744308,-0.0999,0.9213,0.0391,0.928
0.347520961,-0.1007,0.9203,0.0420,0.927
0.348012615,-0.1021,0.9196,0.0430,0.926
0.350013461,-0.1021,0.9191,0.0457,0.926
0.351637077,-0.1016,0.9191,0.0459,0.926
0.353708577,-0.0992,0.9198,0.0476,0.926
0.355687692,-0.0972,0.9213,0.0501,0.928
0.357615577,-0.0965,0.9205,0.0511,0.927
0.359577769,-0.0950,0.9218,0.0520,0.928
0.3620085,-0.0938,0.9245,0.0518,0.931
0.363436461,-0.0938,0.9254,0.0530,0.932
0.365508423,-0.0921,0.9269,0.0520,0.933
0.367332308,-0.0906,0.9267,0.0518,0.933
0.369330615,-0.0889,0.9308,0.0511,0.936
0.371195077,-0.0872,0.9333,0.0472,0.939
0.373288346,-0.0855,0.9345,0.0459,0.939
0.375174269,-0.0816,0.9386,0.0428,0.943
0.377411423,-0.0772,0.9423,0.0403,0.946
0.37927,-0.0770,0.9442,0.0384,0.948
0.381465538,-0.0745,0.9477,0.0349,0.951
0.383240961,-0.0726,0.9494,0.0332,0.953
0.385180038,-0.0711,0.9552,0.0296,0.958
0.387024308,-0.0679,0.9604,0.0279,0.963
0.389140577,-0.0672,0.9633,0.0266,0.966
0.390993231,-0.0643,0.9675,0.0217,0.970
0.393993538,-0.0599,0.9709,0.0178,0.973
0.395060231,-0.0596,0.9736,0.0164,0.976
0.397730885,-0.0589,0.9799,0.0144,0.982
0.399248654,-0.0589,0.9826,0.0134,0.984
0.401018346,-0.0567,0.9894,0.0110,0.991
0.402857385,-0.0535,0.9946,0.0078,0.996
0.404986231,-0.0535,0.9965,0.0064,0.998
0.406865461,-0.0533,1.0034,0.0054,1.005
0.411288346,-0.0518,1.0078,0.0076,1.009
0.412207115,-0.0515,1.0109,0.0061,1.012
0.412981923,-0.0508,1.0170,0.0046,1.018
0.415381808,-0.0493,1.0195,0.0049,1.021
0.416857384,-0.0486,1.0246,0.0073,1.026
0.418699346,-0.0489,1.0268,0.0098,1.028
0.420861,-0.0476,1.0288,0.0105,1.030
0.422744808,-0.0464,1.0337,0.0105,1.035
0.424708192,-0.0447,1.0371,0.0144,1.038
0.427339577,-0.0437,1.0388,0.0166,1.040
0.428550923,-0.0420,1.0427,0.0205,1.044
0.430746577,-0.0408,1.0442,0.0232,1.045
0.432582192,-0.0398,1.0464,0.0283,1.048
0.4344715,-0.0359,1.0488,0.0318,1.050
0.436496154,-0.0340,1.0486,0.0344,1.050
0.438342384,-0.0320,1.0486,0.0384,1.050
0.440358961,-0.0305,1.0503,0.0410,1.052
0.442197884,-0.0296,1.0512,0.0423,1.053
0.444371461,-0.0279,1.0515,0.0457,1.053
0.446154538,-0.0281,1.0515,0.0476,1.053
0.448417038,-0.0252,1.0527,0.0511,1.054
0.450190192,-0.0244,1.0530,0.0533,1.055
0.452351461,-0.0247,1.0537,0.0540,1.055
0.454137692,-0.0208,1.0537,0.0542,1.055
0.456168923,-0.0213,1.0525,0.0545,1.054
0.458091923,-0.0225,1.0532,0.0530,1.055
0.462693154,-0.0232,1.0527,0.0533,1.054
0.463337,-0.0232,1.0525,0.0542,1.054
0.464355923,-0.0247,1.0512,0.0518,1.053
0.466276923,-0.0293,1.0495,0.0484,1.051
0.468463269,-0.0313,1.0476,0.0464,1.049
0.470120961,-0.0332,1.0471,0.0418,1.048
0.472053231,-0.0340,1.0444,0.0376,1.046
0.473992269,-0.0354,1.0429,0.0357,1.044
0.475994538,-0.0369,1.0407,0.0308,1.042
0.478756615,-0.0393,1.0376,0.0249,1.039
0.479927846,-0.0410,1.0368,0.0222,1.038
0.482061538,-0.0450,1.0334,0.0151,1.035
0.483791077,-0.0467,1.0317,0.0127,1.033
0.485637538,-0.0496,1.0290,0.0088,1.030
0.487649961,-0.0506,1.0266,0.0022,1.028
0.489545461,-0.0515,1.0239,0.0010,1.025
0.491594615,-0.0562,1.0202,-0.0027,1.022
0.494080692,-0.0589,1.0185,-0.0071,1.020
0.4957125,-0.0601,1.0158,-0.0073,1.018
0.497690846,-0.0628,1.0129,-0.0088,1.015
0.499773192,-0.0650,1.0112,-0.0090,1.013
0.501552923,-0.0669,1.0075,-0.0083,1.010
0.503587538,-0.0701,1.0029,-0.0103,1.005
0.505410923,-0.0728,1.0014,-0.0100,1.004
0.507498961,-0.0760,1.0004,-0.0086,1.003
0.509622308,-0.0809,0.9985,-0.0078,1.002
0.511905731,-0.0823,0.9951,-0.0068,0.998
0.513576,-0.0855,0.9907,-0.0029,0.994
0.515266192,-0.0872,0.9885,-0.0005,0.992
0.517434346,-0.0877,0.9868,0.0027,0.991
0.519196346,-0.0923,0.9843,0.0073,0.989
0.521175307,-0.0960,0.9826,0.0098,0.987
0.523121654,-0.1007,0.9794,0.0164,0.985
0.525108192,-0.1021,0.9787,0.0198,0.984
0.527848077,-0.1038,0.9770,0.0259,0.983
0.529333038,-0.1053,0.9733,0.0318,0.980
0.531027846,-0.1068,0.9726,0.0357,0.979
0.533034461,-0.1097,0.9709,0.0435,0.978
0.535102231,-0.1092,0.9687,0.0508,0.976
0.537241077,-0.1094,0.9660,0.0528,0.974
0.539107769,-0.1082,0.9653,0.0584,0.973
0.541196961,-0.1082,0.9648,0.0628,0.973
0.543478731,-0.1075,0.9631,0.0665,0.971
0.546455692,-0.1048,0.9601,0.0721,0.969
0.547732807,-0.1048,0.9599,0.0738,0.968
0.549011154,-0.1038,0.9574,0.0777,0.966
0.551010884,-0.1036,0.9557,0.0826,0.965
0.552835115,-0.1041,0.9552,0.0853,0.965
0.554834769,-0.1029,0.9555,0.0882,0.965
0.556812077,-0.1024,0.9565,0.0897,0.966
0.558830077,-0.1009,0.9562,0.0916,0.966
0.568489961,-0.0987,0.9577,0.0923,0.967
0.570025038,-0.0987,0.9584,0.0914,0.968
0.571032077,-0.0975,0.9587,0.0882,0.968
0.572069115,-0.0960,0.9606,0.0872,0.969
0.573155615,-0.0955,0.9604,0.0860,0.969
0.575058731,-0.0919,0.9621,0.0850,0.970
0.576219577,-0.0901,0.9631,0.0833,0.971
0.577477961,-0.0887,0.9670,0.0774,0.974
0.578728654,-0.0882,0.9699,0.0738,0.977
0.579873846,-0.0858,0.9714,0.0718,0.978
0.5809685,-0.0848,0.9767,0.0677,0.983
0.589943615,-0.0853,0.9799,0.0613,0.986
0.591292154,-0.0858,0.9814,0.0584,0.987
0.592792577,-0.0833,0.9843,0.0555,0.989
0.594040346,-0.0840,0.9872,0.0530,0.992
0.595250423,-0.0845,0.9916,0.0467,0.996
0.5966275,-0.0872,0.9955,0.0406,1.000
0.597553384,-0.0880,0.9980,0.0364,1.003
0.598578961,-0.0882,1.0017,0.0308,1.006
0.599319384,-0.0892,1.0048,0.0247,1.009
0.600371846,-0.0889,1.0073,0.0225,1.011
0.603193038,-0.0919,1.0107,0.0188,1.015
0.604836961,-0.0928,1.0126,0.0178,1.017
0.608752,-0.0943,1.0161,0.0151,1.021
0.609967461,-0.0967,1.0202,0.0142,1.025
0.611080115,-0.0972,1.0217,0.0147,1.026
0.612336461,-0.0999,1.0236,0.0134,1.029
0.615491884,-0.1026,1.0261,0.0186,1.031
0.616997192,-0.1026,1.0278,0.0205,1.033
0.618107769,-0.1038,1.0273,0.0227,1.033
0.621336961,-0.1051,1.0278,0.0237,1.033
0.622449654,-0.1058,1.0283,0.0279,1.034
0.624273923,-0.1075,1.0276,0.0335,1.034
0.625880538,-0.1085,1.0266,0.0364,1.033
0.629046423,-0.1087,1.0256,0.0428,1.032
0.630537384,-0.1094,1.0244,0.0481,1.031
0.631808115,-0.1094,1.0229,0.0508,1.030
0.63367523,-0.1099,1.0214,0.0518,1.029
0.635607038,-0.1102,1.0197,0.0523,1.027
0.637579307,-0.1116,1.0156,0.0547,1.023
0.639386961,-0.1116,1.0117,0.0552,1.019
0.641505807,-0.1124,1.0095,0.0557,1.017
0.643513577,-0.1148,1.0056,0.0555,1.014
0.646517461,-0.1138,1.0014,0.0530,1.009
0.647921577,-0.1131,1.0002,0.0506,1.008
0.649544538,-0.1104,0.9965,0.0474,1.004
0.651338192,-0.1097,0.9948,0.0445,1.002
0.653296846,-0.1090,0.9909,0.0330,0.997
0.655125115,-0.1082,0.9892,0.0188,0.995
0.657184769,-0.1073,0.9885,0.0147,0.994
0.659102077,-0.1046,0.9877,0.0093,0.993
0.667505769,-0.1016,0.9858,0.0054,0.991
0.6689145,-0.0999,0.9843,0.0012,0.989
0.669988577,-0.0977,0.9865,-0.0071,0.991
0.673204346,-0.0965,0.9875,-0.0103,0.992
0.674461077,-0.0948,0.9909,-0.0142,0.996
0.67569323,-0.0931,0.9933,-0.0129,0.998
0.676925,-0.0904,0.9960,-0.0127,1.000
0.677818807,-0.0840,1.0019,-0.0110,1.005
0.678644615,-0.0770,1.0078,-0.0086,1.011
0.679647692,-0.0723,1.0100,-0.0081,1.013
0.687753192,-0.0665,1.0168,-0.0044,1.019
0.68831573,-0.0630,1.0205,0.0000,1.022
0.688552192,-0.0579,1.0271,0.0078,1.029
0.68878823,-0.0525,1.0344,0.0144,1.036
0.689022961,-0.0498,1.0376,0.0181,1.039
0.690771769,-0.0459,1.0405,0.0257,1.042
0.692663807,-0.0408,1.0444,0.0269,1.046
0.696052461,-0.0386,1.0461,0.0257,1.047
0.696749423,-0.0335,1.0491,0.0176,1.050
0.69862873,-0.0318,1.0498,0.0125,1.050
0.700715307,-0.0300,1.0517,-0.0027,1.052
0.702456884,-0.0281,1.0532,-0.0178,1.054
0.704691769,-0.0271,1.0542,-0.0264,1.055
0.706446923,-0.0288,1.0544,-0.0423,1.056
0.708634961,-0.0298,1.0566,-0.0608,1.059
0.71060473,-0.0303,1.0578,-0.0684,1.060
0.712693923,-0.0320,1.0610,-0.0828,1.065
0.714502269,-0.0325,1.0618,-0.0872,1.066
0.716442961,-0.0327,1.0640,-0.0916,1.068
0.718347692,-0.0303,1.0684,-0.0909,1.073
0.720321423,-0.0288,1.0701,-0.0884,1.074
0.722349615,-0.0242,1.0740,-0.0799,1.077
0.724267846,-0.0137,1.0784,-0.0669,1.081
0.726273192,-0.0100,1.0803,-0.0596,1.082
0.729510269,-0.0017,1.0833,-0.0440,1.084
0.730400346,0.0073,1.0847,-0.0235,1.085
0.732184115,0.0110,1.0894,-0.0139,1.090
0.734164153,0.0178,1.0923,0.0061,1.092
0.73601123,0.0213,1.0935,0.0159,1.094
0.738219,0.0296,1.0947,0.0357,1.096
0.739912615,0.0408,1.0925,0.0552,1.095
0.742099346,0.0442,1.0906,0.0647,1.093
0.744152615,0.0520,1.0872,0.0833,1.092
0.747061577,0.0618,1.0842,0.0999,1.091
0.748063192,0.0665,1.0796,0.1077,1.087
0.749991961,0.0733,1.0720,0.1217,1.081
0.752214153,0.0757,1.0679,0.1275,1.078
0.753997,0.0843,1.0598,0.1383,1.072
0.755868692,0.0901,1.0508,0.1488,1.065
0.757833615,0.0928,1.0461,0.1537,1.061
0.759873923,0.0987,1.0354,0.1608,1.052
0.764057115,0.1007,1.0298,0.1625,1.047
0.765689923,0.1026,1.0207,0.1605,1.038
0.766028538,0.1038,1.0124,0.1581,1.030
0.768001923,0.1031,1.0080,0.1556,1.025
0.7740285,0.1024,1.0004,0.1517,1.017
0.774583346,0.1019,0.9912,0.1446,1.007
0.778179538,0.1053,0.9858,0.1412,1.001
0.778741153,0.1180,0.9772,0.1268,0.992
0.778994153,0.1175,0.9743,0.1200,0.989
0.789584307,0.1178,0.9665,0.1036,0.979
0.791444346,0.1153,0.9611,0.0865,0.972
0.793259653,0.1185,0.9579,0.0787,0.968
0.798913077,0.1295,0.9504,0.0633,0.961
0.80119623,0.1356,0.9416,0.0423,0.952
0.802677192,0.1270,0.9396,0.0298,0.949
0.804242769,0.1121,0.9352,0.0090,0.942
0.805619192,0.1026,0.9315,-0.0125,0.937
0.807324692,0.0945,0.9293,-0.0232,0.934
0.808793615,0.0809,0.9242,-0.0420,0.929
0.809907615,0.0772,0.9230,-0.0511,0.928
0.8115535,0.0767,0.9179,-0.0679,0.924
0.813292,0.0687,0.9137,-0.0867,0.920
0.817045038,0.0591,0.9127,-0.0945,0.920
0.8178685,0.0410,0.9103,-0.1075,0.918
0.818218307,0.0342,0.9049,-0.1185,0.913
0.818525307,0.0310,0.9017,-0.1236,0.911
0.818829846,0.0181,0.8961,-0.1331,0.906
0.819144423,0.0112,0.8942,-0.1366,0.905
0.819435807,0.0032,0.8893,-0.1407,0.900
0.819745923,0.0000,0.8824,-0.1439,0.894
0.820958923,-0.0024,0.8800,-0.1437,0.892
0.822903923,-0.0071,0.8727,-0.1400,0.884
0.824849,-0.0105,0.8648,-0.1363,0.876
0.82683023,-0.0117,0.8614,-0.1341,0.872
0.829883423,-0.0164,0.8565,-0.1234,0.866
0.8307105,-0.0176,0.8529,-0.1178,0.861
0.832955115,-0.0205,0.8460,-0.1055,0.853
0.83537573,-0.0237,0.8431,-0.0928,0.849
0.836718846,-0.0259,0.8402,-0.0848,0.845
0.838662307,-0.0315,0.8394,-0.0679,0.843
0.840734653,-0.0332,0.8402,-0.0584,0.843
0.842623692,-0.0386,0.8414,-0.0388,0.843
0.84902273,-0.0464,0.8416,-0.0178,0.843
0.849782769,-0.0513,0.8426,-0.0071,0.844
0.850074153,-0.0611,0.8475,0.0156,0.850
0.850366923,-0.0718,0.8529,0.0337,0.857
0.854896076,-0.0777,0.8560,0.0440,0.861
0.855285692,-0.0845,0.8629,0.0652,0.869
0.856293269,-0.0916,0.8707,0.0828,0.879
0.858843269,-0.0953,0.8736,0.0899,0.883
0.860216846,-0.1016,0.8829,0.1014,0.895
0.86760723,-0.1038,0.8876,0.1073,0.900
0.868560038,-0.1077,0.8971,0.1178,0.911
0.869008615,-0.1097,0.9069,0.1226,0.922
0.86944623,-0.1099,0.9118,0.1251,0.927
0.870205653,-0.1104,0.9215,0.1278,0.937
0.87222723,-0.1102,0.9269,0.1275,0.942
0.874355769,-0.1102,0.9369,0.1285,0.952
0.876224346,-0.1107,0.9482,0.1248,0.963
0.879120038,-0.1097,0.9543,0.1229,0.968
0.880620076,-0.1051,0.9665,0.1190,0.979
0.882014153,-0.0989,0.9789,0.1119,0.990
0.883764538,-0.0950,0.9846,0.1085,0.995
0.885935423,-0.0872,0.9958,0.1011,1.005
0.887706653,-0.0831,1.0029,0.0965,1.011
0.890241269,-0.0762,1.0134,0.0862,1.020
0.891624038,-0.0687,1.0251,0.0745,1.030
0.893949153,-0.0635,1.0322,0.0674,1.036
0.896806346,-0.0555,1.0422,0.0530,1.045
0.898483846,-0.0501,1.0542,0.0379,1.056
0.899666423,-0.0484,1.0600,0.0315,1.062
0.902228153,-0.0440,1.0718,0.0149,1.073
0.903693923,-0.0425,1.0769,0.0081,1.078
0.905733846,-0.0366,1.0899,-0.0076,1.090
0.907742807,-0.0330,1.0974,-0.0213,1.098
0.909616884,-0.0303,1.1021,-0.0288,1.103
0.912346538,-0.0222,1.1109,-0.0391,1.112
0.915075346,-0.0173,1.1179,-0.0493,1.119
0.916705961,-0.0134,1.1214,-0.0540,1.123
0.917890461,-0.0076,1.1267,-0.0618,1.128
0.919405038,-0.0029,1.1294,-0.0660,1.131
0.921449807,0.0054,1.1328,-0.0701,1.135
0.923124961,0.0171,1.1343,-0.0726,1.137
0.925457961,0.0227,1.1348,-0.0750,1.138
0.927241115,0.0318,1.1343,-0.0789,1.137
0.930380384,0.0462,1.1324,-0.0806,1.136
0.931789461,0.0515,1.1270,-0.0821,1.131
0.933411115,0.0638,1.1211,-0.0806,1.126
0.935098653,0.0689,1.1172,-0.0811,1.122
0.937275923,0.0799,1.1089,-0.0789,1.115
0.939140961,0.0921,1.0986,-0.0738,1.105
0.941193884,0.0965,1.0942,-0.0723,1.101
0.94301773,0.1058,1.0815,-0.0679,1.089
0.946530346,0.1146,1.0747,-0.0616,1.083
0.948080384,0.1178,1.0625,-0.0579,1.071
0.949323923,0.1251,1.0481,-0.0513,1.057
0.951257999,0.1287,1.0417,-0.0474,1.051
0.952990307,0.1351,1.0302,-0.0391,1.040
0.954761423,0.1412,1.0166,-0.0279,1.027
0.956941807,0.1437,1.0095,-0.0222,1.020
0.958817576,0.1476,0.9980,-0.0107,1.009
0.970015076,0.1493,0.9924,-0.0046,1.004
0.971623846,0.1549,0.9804,0.0086,0.993
0.972886461,0.1590,0.9697,0.0235,0.983
0.973910115,0.1612,0.9638,0.0303,0.978
0.974815769,0.1661,0.9496,0.0445,0.965
0.975745153,0.1708,0.9438,0.0579,0.961
0.977216615,0.1715,0.9350,0.0645,0.953
0.978451076,0.1769,0.9262,0.0774,0.946
0.979522923,0.1786,0.9210,0.0845,0.942
0.980763346,0.1827,0.9110,0.0953,0.934
0.982966576,0.1852,0.9020,0.1063,0.927
0.98345423,0.1869,0.8981,0.1116,0.924
0.989210538,0.1896,0.8900,0.1207,0.918
0.989985076,0.1901,0.8856,0.1290,0.915
0.990639192,0.1915,0.8775,0.1341,0.908
0.991113769,0.1932,0.8697,0.1434,0.902
0.992024999,0.1923,0.8663,0.1468,0.899
0.994006884,0.1908,0.8590,0.1507,0.893
0.998739346,0.1869,0.8529,0.1546,0.887
0.999483038,0.1852,0.8499,0.1583,0.884
1.005788653,0.1835,0.8426,0.1615,0.877
1.006263307,0.1820,0.8385,0.1612,0.873
1.00663923,0.1781,0.8331,0.1617,0.867
1.006989999,0.1744,0.8304,0.1612,0.864
1.007940076,0.1739,0.8277,0.1608,0.861
1.009834115,0.1698,0.8228,0.1573,0.855
1.012857961,0.1630,0.8174,0.1576,0.848
1.013747346,0.1608,0.8157,0.1561,0.846
1.017032538,0.1546,0.8123,0.1534,0.841
1.01824073,0.1495,0.8084,0.1495,0.836
1.01960673,0.1468,0.8057,0.1473,0.832
1.021738115,0.1412,0.7986,0.1422,0.823
1.02371423,0.1385,0.7972,0.1400,0.821
1.025631923,0.1322,0.7938,0.1361,0.816
1.028020384,0.1256,0.7913,0.1322,0.812
1.030715653,0.1222,0.7898,0.1297,0.810
1.031410307,0.1151,0.7854,0.1278,0.804
1.03362423,0.1082,0.7828,0.1256,0.800
1.03542273,0.1051,0.7806,0.1234,0.797
1.037375192,0.0994,0.7781,0.1217,0.794
1.039356384,0.0958,0.7779,0.1204,0.793
1.041584153,0.0872,0.7745,0.1200,0.789
1.043187653,0.0799,0.7710,0.1192,0.784
1.045993384,0.0750,0.7683,0.1187,0.781
1.047336153,0.0655,0.7647,0.1185,0.777
1.049393153,0.0569,0.7632,0.1175,0.774
1.051150846,0.0525,0.7608,0.1187,0.772
1.053244615,0.0432,0.7571,0.1187,0.768
1.055248461,0.0388,0.7554,0.1175,0.765
1.057112846,0.0305,0.7505,0.1160,0.760
1.059246192,0.0237,0.7466,0.1156,0.756
1.061371576,0.0195,0.7442,0.1148,0.753
1.065147038,0.0115,0.7400,0.1163,0.749
1.065707576,0.0088,0.7378,0.1173,0.747
1.067145769,0.0034,0.7324,0.1163,0.742
1.069193922,-0.0042,0.7285,0.1160,0.738
1.070806076,-0.0064,0.7263,0.1173,0.736
1.07258423,-0.0139,0.7227,0.1173,0.732
1.074716576,-0.0205,0.7180,0.1168,0.728
1.076858922,-0.0237,0.7163,0.1173,0.726
1.087048653,-0.0303,0.7141,0.1160,0.724
1.088325961,-0.0342,0.7129,0.1163,0.723
1.089230846,-0.0425,0.7070,0.1187,0.718
1.090030153,-0.0469,0.7036,0.1180,0.715
1.090941076,-0.0491,0.7019,0.1173,0.713
1.091783153,-0.0540,0.7007,0.1165,0.712
1.09282323,-0.0586,0.6987,0.1175,0.711
1.093595576,-0.0608,0.6970,0.1187,0.710
1.094569807,-0.0660,0.6931,0.1182,0.706
1.097291038,-0.0687,0.6919,0.1180,0.705
1.098758884,-0.0684,0.6921,0.1178,0.705
1.100650961,-0.0713,0.6911,0.1170,0.705
1.102754307,-0.0730,0.6904,0.1160,0.704
1.104541922,-0.0735,0.6892,0.1134,0.702
1.106506999,-0.0765,0.6894,0.1094,0.702
1.108427461,-0.0784,0.6904,0.1080,0.703
1.110636576,-0.0787,0.6907,0.1029,0.703
1.114542615,-0.0806,0.6907,0.0975,0.702
1.116425192,-0.0804,0.6914,0.0933,0.702
1.117810653,-0.0814,0.6907,0.0865,0.701
1.119427153,-0.0806,0.6909,0.0836,0.701
1.120722615,-0.0770,0.6902,0.0745,0.698
1.122898384,-0.0762,0.6889,0.0650,0.696
1.124264499,-0.0760,0.6887,0.0599,0.695
1.126471538,-0.0750,0.6902,0.0498,0.696
1.129999884,-0.0755,0.6924,0.0403,0.698
1.131544384,-0.0750,0.6926,0.0349,0.698
1.132814576,-0.0721,0.6924,0.0237,0.697
1.134046538,-0.0713,0.6938,0.0193,0.698
1.136077076,-0.0711,0.6960,0.0088,0.700
1.138230769,-0.0716,0.6965,-0.0007,0.700
1.140055499,-0.0716,0.6982,-0.0046,0.702
1.142165884,-0.0726,0.7007,-0.0107,0.704
1.144075884,-0.0738,0.7065,-0.0139,0.711
1.147117807,-0.0743,0.7097,-0.0151,0.714
1.14871773,-0.0757,0.7144,-0.0161,0.719
1.149958307,-0.0774,0.7185,-0.0149,0.723
1.15170673,-0.0809,0.7288,-0.0110,0.733
1.15400323,-0.0833,0.7390,-0.0061,0.744
1.155613615,-0.0836,0.7446,-0.0027,0.749
1.15790423,-0.0865,0.7549,0.0056,0.760
1.159728692,-0.0877,0.7605,0.0095,0.766
1.169373345,-0.0875,0.7737,0.0213,0.779
1.17085523,-0.0843,0.7859,0.0325,0.791
1.171971884,-0.0836,0.7918,0.0376,0.797
1.173260769,-0.0833,0.8069,0.0491,0.813
1.174409961,-0.0833,0.8204,0.0628,0.827
1.175583115,-0.0818,0.8282,0.0682,0.835
1.17681173,-0.0809,0.8411,0.0838,0.849
1.178331461,-0.0814,0.8480,0.0989,0.858
1.179913653,-0.0811,0.8634,0.1063,0.874
1.181107038,-0.0811,0.8800,0.1192,0.892
1.182072922,-0.0821,0.8868,0.1263,0.900
1.18901023,-0.0840,0.9005,0.1390,0.915
1.191308345,-0.0833,0.9171,0.1498,0.933
1.192621538,-0.0838,0.9257,0.1546,0.942
1.193791384,-0.0867,0.9442,0.1639,0.962
1.195302615,-0.0875,0.9540,0.1686,0.973
1.196991961,-0.0899,0.9733,0.1766,0.993
1.198251115,-0.0901,0.9914,0.1854,1.013
1.199408653,-0.0919,1.0014,0.1901,1.023
1.200691076,-0.0950,1.0241,0.1974,1.047
1.201733769,-0.0972,1.0451,0.2055,1.070
1.204365615,-0.0982,1.0569,0.2089,1.082
1.205000845,-0.0992,1.0798,0.2157,1.106
1.210155576,-0.0999,1.0916,0.2191,1.118
1.210430769,-0.1009,1.1143,0.2238,1.141
1.211345461,-0.1021,1.1397,0.2272,1.167
1.213183038,-0.1024,1.1517,0.2284,1.179
1.215097769,-0.0985,1.1758,0.2301,1.202
1.216727961,-0.0950,1.2005,0.2318,1.226
1.218443653,-0.0923,1.2125,0.2306,1.238
1.220609192,-0.0823,1.2355,0.2306,1.259
1.222668038,-0.0777,1.2465,0.2304,1.270
1.224494076,-0.0660,1.2638,0.2267,1.286
1.226318884,-0.0501,1.2811,0.2216,1.301
1.229754576,-0.0435,1.2894,0.2182,1.308
1.230741922,-0.0293,1.3034,0.2094,1.320
1.232333192,-0.0122,1.3105,0.2038,1.326
1.234249807,-0.0032,1.3215,0.1937,1.336
1.236557653,0.0142,1.3300,0.1827,1.343
1.238333999,0.0225,1.3324,0.1771,1.344
1.240477038,0.0428,1.3381,0.1642,1.349
1.242474807,0.0601,1.3390,0.1524,1.349
1.244258307,0.0687,1.3390,0.1468,1.349
1.246194384,0.0836,1.3405,0.1324,1.350
1.248510384,0.0931,1.3373,0.1192,1.346
1.250361269,0.0985,1.3339,0.1129,1.342
1.252723615,0.1131,1.3256,0.1004,1.334
1.25416373,0.1190,1.3207,0.0933,1.329
1.256652192,0.1314,1.3092,0.0789,1.318
1.258103884,0.1407,1.2965,0.0662,1.306
1.260036769,0.1446,1.2902,0.0596,1.300
1.264903422,0.1515,1.2767,0.0489,1.287
1.265519115,0.1551,1.2618,0.0371,1.272
1.265796999,0.1564,1.2535,0.0327,1.264
1.272567076,0.1556,1.2357,0.0230,1.246
1.272971884,0.1507,1.2276,0.0137,1.237
1.273246538,0.1473,1.2110,0.0098,1.220
1.273732038,0.1393,1.1927,0.0051,1.201
1.275697076,0.1363,1.1844,0.0037,1.192
1.277752345,0.1290,1.1653,-0.0002,1.172
1.292265538,0.1197,1.1499,-0.0039,1.156
1.293902653,0.1148,1.1407,-0.0044,1.146
1.295356845,0.1073,1.1238,-0.0088,1.129
1.297029845,0.0987,1.1155,-0.0117,1.120
1.298807768,0.0945,1.1006,-0.0127,1.105
1.299952845,0.0875,1.0852,-0.0127,1.089
1.301489115,0.0836,1.0779,-0.0125,1.081
1.303420653,0.0721,1.0630,-0.0095,1.065
1.304900422,0.0623,1.0488,-0.0081,1.051
1.306087807,0.0579,1.0417,-0.0064,1.043
1.307407692,0.0503,1.0295,-0.0056,1.031
1.30911523,0.0408,1.0234,-0.0054,1.024
1.310115538,0.0359,1.0129,-0.0005,1.014
1.311657153,0.0257,1.0024,0.0078,1.003
1.313132922,0.0215,0.9982,0.0149,0.999
1.314304692,0.0122,0.9899,0.0288,0.990
1.315572115,0.0037,0.9826,0.0430,0.984
1.316804653,-0.0002,0.9789,0.0489,0.980
1.317305153,-0.0115,0.9728,0.0616,0.975
1.317739615,-0.0215,0.9706,0.0770,0.974
1.319973615,-0.0261,0.9665,0.0845,0.971
1.321289768,-0.0325,0.9623,0.1007,0.968
1.323158345,-0.0369,0.9613,0.1085,0.968
1.325483615,-0.0435,0.9596,0.1197,0.968
1.327262768,-0.0489,0.9611,0.1317,0.971
1.330454538,-0.0496,0.9623,0.1395,0.974
1.332726576,-0.0515,0.9650,0.1495,0.978
1.333414768,-0.0515,0.9677,0.1564,0.982
1.335115999,-0.0508,0.9697,0.1608,0.984
1.337156961,-0.0508,0.9719,0.1708,0.988
1.338975422,-0.0508,0.9731,0.1735,0.990
1.341187115,-0.0520,0.9782,0.1757,0.995
1.342978384,-0.0535,0.9885,0.1717,1.005
1.344910961,-0.0537,0.9933,0.1686,1.009
1.347052961,-0.0569,1.0034,0.1600,1.018
1.349002961,-0.0621,1.0134,0.1502,1.026
1.351243884,-0.0647,1.0197,0.1441,1.032
1.352924922,-0.0721,1.0324,0.1297,1.043
1.354777576,-0.0760,1.0385,0.1214,1.048
1.356875884,-0.0845,1.0512,0.1082,1.060
1.358833922,-0.0919,1.0640,0.0975,1.072
1.360874538,-0.0963,1.0701,0.0919,1.078
1.366692961,-0.1048,1.0803,0.0792,1.088
1.367536461,-0.1124,1.0855,0.0665,1.093
1.367969153,-0.1158,1.0947,0.0599,1.102
1.368767461,-0.1214,1.1011,0.0474,1.109
1.373527345,-0.1224,1.1033,0.0406,1.111
1.374206384,-0.1261,1.1045,0.0232,1.112
1.375259076,-0.1292,1.1035,0.0034,1.111
1.376428461,-0.1295,1.1013,-0.0061,1.109
1.378606884,-0.1285,1.0960,-0.0264,1.104
1.384781038,-0.1297,1.0930,-0.0386,1.101
1.38558573,-0.1297,1.0850,-0.0611,1.094
1.386011538,-0.1349,1.0774,-0.0843,1.089
1.386428768,-0.1371,1.0732,-0.0972,1.086
1.388217768,-0.1407,1.0654,-0.1207,1.081
1.390643422,-0.1466,1.0574,-0.1427,1.077
1.392412115,-0.1485,1.0537,-0.1515,1.075
1.394187884,-0.1539,1.0456,-0.1678,1.070
1.397219461,-0.1564,1.0415,-0.1749,1.068
1.399167845,-0.1615,1.0341,-0.1879,1.063
1.399921884,-0.1669,1.0271,-0.1969,1.059
1.402423384,-0.1700,1.0229,-0.1996,1.056
1.403844768,-0.1730,1.0161,-0.2013,1.050
1.406161307,-0.1742,1.0083,-0.2008,1.043
1.408009615,-0.1744,1.0043,-0.1994,1.039
1.410060807,-0.1761,0.9985,-0.1937,1.032
1.412016961,-0.1761,0.9948,-0.1903,1.028
1.415073961,-0.1786,0.9882,-0.1823,1.021
1.416854576,-0.1810,0.9819,-0.1713,1.013
1.418501191,-0.1823,0.9789,-0.1666,1.010
1.419876499,-0.1854,0.9758,-0.1568,1.006
1.421923115,-0.1937,0.9731,-0.1485,1.003
1.42362023,-0.1962,0.9719,-0.1424,1.002
1.42601573,-0.2018,0.9728,-0.1302,1.002
1.42778873,-0.2052,0.9740,-0.1244,1.003
1.431471691,-0.2113,0.9797,-0.1146,1.009
1.433185307,-0.2157,0.9885,-0.1060,1.017
1.434381538,-0.2165,0.9946,-0.1002,1.023
1.435634384,-0.2196,1.0117,-0.0877,1.039
1.437942691,-0.2231,1.0317,-0.0733,1.058
1.439837768,-0.2240,1.0417,-0.0657,1.068
1.441789345,-0.2240,1.0676,-0.0506,1.092
1.443464384,-0.2228,1.0828,-0.0423,1.106
1.447485191,-0.2211,1.1123,-0.0252,1.134
1.449362153,-0.2172,1.1456,-0.0066,1.166
1.450557115,-0.2152,1.1631,0.0012,1.183
1.451922191,-0.2116,1.2000,0.0169,1.219
1.453398191,-0.2084,1.2362,0.0359,1.254
1.455420268,-0.2064,1.2552,0.0437,1.273
1.457142999,-0.2013,1.2934,0.0594,1.310
1.459121845,-0.1979,1.3119,0.0669,1.328
1.462276191,-0.1937,1.3488,0.0804,1.365
1.463413961,-0.1979,1.3884,0.0938,1.406
1.472344576,-0.1981,1.4067,0.1021,1.424
1.474072307,-0.1930,1.4397,0.1195,1.457
1.475155884,-0.1925,1.4561,0.1383,1.475
1.476448768,-0.1901,1.4846,0.1483,1.504
1.477852884,-0.1815,1.5086,0.1698,1.529
1.494191153,-0.1742,1.5179,0.1798,1.538
1.496087922,-0.1610,1.5303,0.1994,1.552
1.497607153,-0.1556,1.5379,0.2189,1.561
1.499038768,-0.1439,1.5472,0.2336,1.571
1.500333268,-0.1109,1.5628,0.2548,1.587
1.501735422,-0.0779,1.5694,0.2687,1.594
1.502877768,-0.0599,1.5699,0.2758,1.595
1.503772807,-0.0291,1.5660,0.2858,1.592
1.505042422,-0.0151,1.5621,0.2890,1.589
1.505836461,0.0122,1.5504,0.2890,1.577
1.506785768,0.0432,1.5335,0.2844,1.560
1.507639345,0.0579,1.5232,0.2780,1.549
1.508828999,0.0838,1.5008,0.2565,1.525
1.509571999,0.1182,1.4846,0.2458,1.509
1.510756076,0.1358,1.4539,0.2165,1.476
1.511669307,0.1625,1.4211,0.1840,1.442
1.513095614,0.1705,1.4055,0.1656,1.425
1.514402576,0.1888,1.3698,0.1280,1.389
1.515710999,0.2201,1.3298,0.0931,1.351
1.516907499,0.2328,1.3102,0.0752,1.333
1.51748473,0.2409,1.2785,0.0349,1.301
1.517936345,0.2389,1.2660,0.0164,1.288
1.51837673,0.2301,1.2401,-0.0210,1.261
1.521356191,0.2162,1.2166,-0.0523,1.237
1.52227973,0.2077,1.2044,-0.0669,1.224
1.524258191,0.1891,1.1802,-0.0980,1.199
1.526825345,0.1744,1.1683,-0.1270,1.188
1.528081384,0.1676,1.1426,-0.1393,1.163
1.530868653,0.1573,1.1165,-0.1595,1.139
1.531941884,0.1527,1.1038,-0.1691,1.127
1.534404768,0.1456,1.0749,-0.1852,1.100
1.535835999,0.1383,1.0476,-0.1984,1.075
1.53807523,0.1344,1.0339,-0.2018,1.062
1.539663576,0.1266,1.0065,-0.2050,1.035
1.54179423,0.1165,0.9912,-0.2060,1.019
1.543831807,0.1092,0.9601,-0.2052,0.988
1.547407768,0.0950,0.9323,-0.1991,0.958
1.54825823,0.0880,0.9171,-0.1962,0.942
1.549769845,0.0735,0.8881,-0.1852,0.910
1.551892691,0.0594,0.8582,-0.1693,0.877
1.553561691,0.0525,0.8429,-0.1593,0.859
1.555422114,0.0371,0.8155,-0.1373,0.828
1.557910999,0.0244,0.8016,-0.1126,0.810
1.559719076,0.0156,0.7725,-0.0997,0.779
1.561969268,-0.0022,0.7461,-0.0694,0.749
1.567949461,-0.0115,0.7319,-0.0537,0.734
1.568876999,-0.0271,0.7038,-0.0215,0.705
1.569315961,-0.0462,0.6772,0.0107,0.679
1.569736576,-0.0550,0.6648,0.0279,0.668
1.571527538,-0.0708,0.6398,0.0633,0.647
1.573653922,-0.0850,0.6288,0.0972,0.642
1.575250384,-0.0936,0.6054,0.1141,0.623
1.577587961,-0.1099,0.5829,0.1456,0.611
1.579259961,-0.1175,0.5727,0.1600,0.606
1.590056884,-0.1334,0.5534,0.1879,0.599
1.591469922,-0.1493,0.5360,0.2113,0.595
1.592528576,-0.1578,0.5282,0.2228,0.595
1.593490307,-0.1688,0.5133,0.2424,0.592
1.594313537,-0.1810,0.4984,0.2604,0.591
1.595382499,-0.1881,0.4923,0.2682,0.591
1.596461576,-0.2035,0.4801,0.2819,0.593
1.597608845,-0.2089,0.4740,0.2883,0.593
1.598812153,-0.2189,0.4637,0.2976,0.593
1.599579614,-0.2287,0.4566,0.3042,0.594
1.603272422,-0.2314,0.4539,0.3073,0.595
1.604721037,-0.2333,0.4473,0.3110,0.593
1.605641845,-0.2362,0.4429,0.3125,0.591
1.606952961,-0.2358,0.4424,0.3125,0.591
1.609011922,-0.2372,0.4439,0.3083,0.590
1.611003076,-0.2384,0.4446,0.3071,0.591
1.614617191,-0.2382,0.4498,0.3034,0.593
1.61630673,-0.2397,0.4561,0.2919,0.592
1.617285422,-0.2399,0.4605,0.2861,0.593
1.619005076,-0.2375,0.4725,0.2734,0.595
1.620708384,-0.2370,0.4864,0.2621,0.601
1.622716037,-0.2350,0.4942,0.2570,0.605
1.624731691,-0.2316,0.5121,0.2460,0.613
1.626654345,-0.2296,0.5206,0.2397,0.617
1.628448576,-0.2260,0.5399,0.2250,0.627
1.631596961,-0.2199,0.5609,0.2079,0.637
1.633273999,-0.2162,0.5717,0.1998,0.643
1.635080537,-0.2106,0.5942,0.1827,0.656
1.636438845,-0.2018,0.6061,0.1739,0.662
1.638579845,-0.1972,0.6313,0.1578,0.680
1.640406076,-0.1859,0.6582,0.1375,0.698
1.642367384,-0.1801,0.6718,0.1273,0.707
1.644339268,-0.1686,0.7019,0.1073,0.730
1.64721073,-0.1590,0.7312,0.0877,0.753
1.648400268,-0.1532,0.7471,0.0774,0.767
1.650888922,-0.1371,0.7813,0.0601,0.795
1.652468884,-0.1197,0.7972,0.0442,0.807
1.655534384,-0.1104,0.8321,0.0374,0.840
1.656561614,-0.0901,0.8673,0.0217,0.872
1.658289884,-0.0794,0.8856,0.0142,0.889
1.659812499,-0.0577,0.9223,0.0000,0.924
1.661997268,-0.0335,0.9587,-0.0127,0.959
1.670468499,-0.0193,0.9772,-0.0191,0.978
1.671969461,0.0059,1.0144,-0.0330,1.015
1.673112884,0.0181,1.0324,-0.0403,1.033
1.674243191,0.0435,1.0659,-0.0555,1.068
1.675146807,0.0726,1.0996,-0.0728,1.104
1.676277499,0.0858,1.1155,-0.0826,1.122
1.677067999,0.1131,1.1446,-0.1029,1.155
1.677889845,0.1434,1.1714,-0.1217,1.186
1.691647691,0.1581,1.1832,-0.1305,1.201
1.692617537,0.1859,1.2042,-0.1473,1.227
1.69305323,0.2003,1.2132,-0.1564,1.240
1.693462884,0.2262,1.2267,-0.1742,1.259
1.693897614,0.2480,1.2355,-0.1888,1.274
1.694309614,0.2568,1.2403,-0.1957,1.282
1.694707153,0.2595,1.2513,-0.2108,1.295
1.695129961,0.2472,1.2645,-0.2245,1.308
1.695525961,0.2514,1.2616,-0.2311,1.307
1.700152576,0.2714,1.2511,-0.2397,1.302
1.701017768,0.2834,1.2423,-0.2428,1.297
1.701453384,0.3049,1.2210,-0.2477,1.283
1.703230345,0.3237,1.1956,-0.2514,1.264
1.705326845,0.3327,1.1810,-0.2519,1.253
1.707043307,0.3389,1.1517,-0.2519,1.227
1.709346153,0.3288,1.1282,-0.2519,1.202
1.711046845,0.3181,1.1179,-0.2519,1.189
1.71454696,0.2915,1.0982,-0.2463,1.163
1.715528191,0.2773,1.0869,-0.2424,1.148
1.717216422,0.2465,1.0630,-0.2318,1.116
1.719002499,0.2162,1.0420,-0.2179,1.086
1.721243153,0.2018,1.0319,-0.2103,1.072
1.722770114,0.1725,1.0097,-0.1945,1.043
1.724894384,0.1417,0.9892,-0.1727,1.014
1.726832307,0.1270,0.9794,-0.1625,1.001
1.729008653,0.0970,0.9579,-0.1390,0.973
1.73231296,0.0818,0.9455,-0.1263,0.957
1.73378923,0.0506,0.9240,-0.0980,0.931
1.734733576,0.0154,0.8990,-0.0696,0.902
1.736956999,0.0010,0.8873,-0.0562,0.889
1.738633076,-0.0252,0.8634,-0.0283,0.864
1.740827153,-0.0464,0.8411,0.0032,0.842
1.742605807,-0.0567,0.8306,0.0193,0.833
1.744670653,-0.0755,0.8079,0.0542,0.813
1.748437268,-0.0826,0.7979,0.0713,0.805
1.749981191,-0.0963,0.7779,0.1070,0.791
1.751070384,-0.1097,0.7561,0.1424,0.777
1.752764307,-0.1153,0.7464,0.1590,0.772
1.754593345,-0.1214,0.7295,0.1925,0.764
1.756583268,-0.1292,0.7109,0.2226,0.756
1.758287345,-0.1317,0.7029,0.2367,0.753
1.760418807,-0.1344,0.6887,0.2663,0.751
1.762632499,-0.1368,0.6814,0.2802,0.749
1.771315037,-0.1419,0.6696,0.3054,0.750
1.77293846,-0.1466,0.6599,0.3281,0.751
1.77503896,-0.1483,0.6552,0.3381,0.752
1.776419114,-0.1500,0.6503,0.3555,0.756
1.777240191,-0.1529,0.6442,0.3679,0.757
1.778209768,-0.1532,0.6425,0.3733,0.759
1.779869884,-0.1583,0.6413,0.3823,0.763
1.781520576,-0.1610,0.6411,0.3875,0.766
1.782699114,-0.1627,0.6445,0.3938,0.773
1.78364896,-0.1644,0.6489,0.3977,0.779
1.784741268,-0.1656,0.6496,0.3982,0.780
1.793329191,-0.1644,0.6562,0.3975,0.785
1.793829345,-0.1644,0.6633,0.3943,0.789
1.794095691,-0.1642,0.6670,0.3914,0.791
1.794329653,-0.1612,0.6760,0.3840,0.794
1.794561576,-0.1586,0.6816,0.3797,0.796
1.795901384,-0.1534,0.6904,0.3682,0.797
1.801947922,-0.1488,0.7004,0.3550,0.799
1.80245273,-0.1459,0.7063,0.3469,0.800
1.802706268,-0.1400,0.7180,0.3320,0.803
1.80377223,-0.1344,0.7319,0.3137,0.808
1.805945499,-0.1312,0.7393,0.3051,0.810
1.807880922,-0.1248,0.7542,0.2900,0.818
1.809714807,-0.1212,0.7613,0.2829,0.821
1.811606422,-0.1141,0.7745,0.2695,0.828
1.814338883,-0.1055,0.7920,0.2543,0.839
1.815497576,-0.1011,0.8003,0.2465,0.844
1.817482576,-0.0916,0.8167,0.2345,0.855
1.819380268,-0.0833,0.8319,0.2253,0.866
1.821394422,-0.0787,0.8399,0.2223,0.872
1.82330596,-0.0696,0.8585,0.2135,0.887
1.825446268,-0.0645,0.8685,0.2077,0.895
1.827338114,-0.0545,0.8873,0.1994,0.911
1.829611422,-0.0450,0.9059,0.1932,0.927
1.832289999,-0.0406,0.9154,0.1893,0.936
1.83346896,-0.0330,0.9354,0.1759,0.952
1.835351999,-0.0222,0.9540,0.1671,0.969
1.837240653,-0.0178,0.9628,0.1627,0.977
1.83935223,-0.0107,0.9806,0.1507,0.992
1.841240768,-0.0073,0.9887,0.1449,0.999
1.843118268,-0.0015,1.0070,0.1280,1.015
1.845095614,0.0054,1.0254,0.1146,1.032
1.848376807,0.0090,1.0327,0.1080,1.038
1.849753499,0.0164,1.0461,0.0936,1.050
1.85207946,0.0220,1.0598,0.0784,1.063
1.853510883,0.0249,1.0662,0.0713,1.069
1.855066845,0.0320,1.0759,0.0589,1.078
1.857220153,0.0347,1.0801,0.0535,1.082
1.85908623,0.0384,1.0864,0.0425,1.088
1.860845076,0.0428,1.0896,0.0335,1.091
1.862905191,0.0442,1.0906,0.0283,1.092
1.870994037,0.0462,1.0920,0.0210,1.093
1.87246796,0.0454,1.0913,0.0183,1.092
1.873386999,0.0447,1.0847,0.0127,1.086
1.876727922,0.0398,1.0769,0.0078,1.078
1.877589307,0.0366,1.0727,0.0073,1.073
1.878831037,0.0347,1.0627,0.0064,1.063
1.880195883,0.0298,1.0481,0.0059,1.049
1.88139373,0.0271,1.0407,0.0059,1.041
1.882293153,0.0232,1.0249,0.0081,1.025
1.883156499,0.0178,1.0070,0.0100,1.007
1.891236383,0.0144,0.9970,0.0115,0.997
1.892891576,0.0088,0.9782,0.0144,0.978
1.893717499,0.0073,0.9677,0.0169,0.968
1.894919345,0.0042,0.9477,0.0225,0.948
1.895974576,0.0017,0.9289,0.0303,0.929
1.897300153,-0.0005,0.9196,0.0352,0.920
1.898487691,-0.0046,0.9000,0.0428,0.901
1.899565153,-0.0088,0.8839,0.0501,0.885
1.900792614,-0.0100,0.8761,0.0545,0.878
1.903373153,-0.0110,0.8607,0.0640,0.863
1.905053114,-0.0117,0.8534,0.0691,0.856
1.908984807,-0.0110,0.8429,0.0757,0.846
1.910169383,-0.0110,0.8309,0.0796,0.835
1.910994691,-0.0107,0.8258,0.0816,0.830
1.912211076,-0.0083,0.8189,0.0840,0.823
1.915270345,-0.0051,0.8128,0.0865,0.817
1.917002691,-0.0017,0.8109,0.0875,0.816
1.91999296,0.0064,0.8106,0.0865,0.815
1.922453345,0.0078,0.8113,0.0845,0.816
1.92355046,0.0098,0.8155,0.0796,0.819
1.924640883,0.0100,0.8228,0.0799,0.827
1.926055999,0.0112,0.8284,0.0823,0.833
1.927955037,0.0156,0.8446,0.0914,0.850
1.929913883,0.0213,0.8636,0.1007,0.870
1.933549076,0.0239,0.8741,0.1048,0.881
1.934820883,0.0291,0.8944,0.1121,0.902
1.936031614,0.0310,0.9076,0.1158,0.915
1.937959153,0.0359,0.9335,0.1270,0.943
1.93965523,0.0418,0.9594,0.1351,0.970
1.941891768,0.0445,0.9736,0.1385,0.984
1.943604883,0.0515,1.0068,0.1444,1.018
1.945630768,0.0599,1.0417,0.1466,1.054
1.954729153,0.0655,1.0593,0.1459,1.071
1.956400653,0.0765,1.0964,0.1500,1.109
1.957444691,0.0826,1.1155,0.1524,1.129
1.958707345,0.0945,1.1570,0.1568,1.171
1.959835306,0.1063,1.2017,0.1583,1.217
1.96113746,0.1121,1.2242,0.1586,1.240
1.983655114,0.1290,1.2745,0.1556,1.290
1.984337191,0.1451,1.3249,0.1500,1.341
1.984585537,0.1529,1.3525,0.1461,1.369
1.984969922,0.1686,1.4062,0.1402,1.423
1.985200153,0.1754,1.4324,0.1385,1.450
1.985433845,0.1854,1.4864,0.1319,1.504
1.985671422,0.1952,1.5457,0.1244,1.563
1.985906191,0.1986,1.5741,0.1222,1.591
1.986139576,0.2123,1.6288,0.1165,1.647
1.98638046,0.2143,1.6564,0.1080,1.674
1.986608191,0.2125,1.7094,0.1016,1.726
1.986837768,0.2213,1.7551,0.0909,1.771
1.987049614,0.2282,1.7754,0.0831,1.792
1.987271806,0.2292,1.8022,0.0621,1.818
1.98749623,0.2262,1.8169,0.0357,1.831
1.98914073,0.2377,1.8259,0.0205,1.841
1.990767345,0.2704,1.8391,-0.0173,1.859
1.992892191,0.2929,1.8391,-0.0616,1.863
1.994623037,0.2993,1.8369,-0.0853,1.863
1.998167537,0.3046,1.8225,-0.1361,1.853
1.999363999,0.3032,1.8135,-0.1639,1.846
2.00389296,0.2932,1.7881,-0.2182,1.825
2.004204691,0.2719,1.7529,-0.2722,1.795
2.004452922,0.2592,1.7351,-0.2993,1.780
2.006697037,0.2311,1.6992,-0.3484,1.750
2.008743076,0.2035,1.6798,-0.3691,1.732
2.010516883,0.1886,1.6432,-0.4065,1.703
2.012486653,0.1647,1.6078,-0.4329,1.673
2.014597614,0.1532,1.5892,-0.4410,1.656
2.016457076,0.1331,1.5540,-0.4493,1.623
2.018180037,0.1185,1.5228,-0.4461,1.591
2.020187345,0.1124,1.5083,-0.4400,1.575
2.022200537,0.0997,1.4788,-0.4192,1.540
2.024391383,0.0941,1.4644,-0.4041,1.522
2.026196537,0.0831,1.4375,-0.3667,1.486
2.028188229,0.0728,1.4123,-0.3235,1.451
2.031739037,0.0687,1.4006,-0.2976,1.434
2.032943306,0.0572,1.3752,-0.2446,1.398
2.035180229,0.0479,1.3513,-0.1837,1.365
2.036197729,0.0440,1.3390,-0.1539,1.349
2.038213691,0.0344,1.3144,-0.0897,1.318
2.040217306,0.0315,1.3039,-0.0557,1.305
2.042354768,0.0230,1.2829,0.0107,1.283
2.04393596,0.0151,1.2584,0.0765,1.261
2.045911845,0.0117,1.2489,0.1114,1.254
2.048604614,0.0046,1.2284,0.1744,1.241
2.05000146,0.0022,1.2079,0.2311,1.230
2.051908845,0.0002,1.1971,0.2585,1.225
2.053988268,-0.0027,1.1766,0.3095,1.217
2.055963383,-0.0027,1.1680,0.3327,1.215
2.057860845,-0.0007,1.1524,0.3723,1.211
2.05977546,0.0000,1.1365,0.4077,1.207
2.061673229,-0.0005,1.1280,0.4222,1.204
2.070546691,0.0005,1.1121,0.4434,1.197
2.072015691,0.0015,1.1060,0.4532,1.195
2.07303296,0.0027,1.0945,0.4681,1.190
2.074057037,0.0029,1.0837,0.4757,1.184
2.075152691,0.0037,1.0801,0.4776,1.181
2.076197037,0.0034,1.0735,0.4781,1.175
2.076970845,0.0039,1.0647,0.4698,1.164
2.077968499,0.0032,1.0620,0.4644,1.159
2.079675806,0.0037,1.0586,0.4490,1.150
2.092363268,0.0061,1.0566,0.4305,1.141
2.093938422,0.0066,1.0571,0.4190,1.137
2.094785691,0.0103,1.0593,0.3941,1.130
2.095882999,0.0120,1.0593,0.3811,1.126
2.097223383,0.0164,1.0620,0.3528,1.119
2.098509922,0.0210,1.0654,0.3259,1.114
2.099751999,0.0239,1.0676,0.3120,1.113
2.100978422,0.0300,1.0732,0.2846,1.111
2.101987153,0.0347,1.0759,0.2592,1.107
2.102926191,0.0374,1.0798,0.2470,1.108
2.103824653,0.0415,1.0859,0.2228,1.109
2.105114268,0.0430,1.0891,0.2108,1.110
2.105944883,0.0467,1.0938,0.1888,1.111
2.108589268,0.0503,1.1006,0.1681,1.114
2.114702499,0.0525,1.1040,0.1576,1.116
2.116065345,0.0542,1.1067,0.1383,1.117
2.117341345,0.0569,1.1101,0.1160,1.118
2.118517576,0.0581,1.1118,0.1063,1.118
2.119718268,0.0589,1.1131,0.0867,1.118
2.121114345,0.0599,1.1143,0.0772,1.119
2.122255653,0.0625,1.1157,0.0591,1.119
2.123525076,0.0628,1.1150,0.0401,1.117
2.125231806,0.0621,1.1135,0.0315,1.116
2.126869383,0.0611,1.1111,0.0120,1.113
2.128858499,0.0579,1.1067,-0.0051,1.108
2.133004152,0.0586,1.1048,-0.0159,1.106
2.135529037,0.0577,1.1006,-0.0337,1.103
2.13686196,0.0584,1.0982,-0.0401,1.100
2.137679306,0.0584,1.0906,-0.0518,1.093
2.138591076,0.0591,1.0825,-0.0638,1.086
2.140629422,0.0581,1.0784,-0.0682,1.082
2.142664729,0.0557,1.0696,-0.0762,1.074
2.144475806,0.0555,1.0640,-0.0784,1.068
2.146587076,0.0545,1.0547,-0.0826,1.059
2.14975696,0.0545,1.0456,-0.0799,1.050
2.152853999,0.0530,1.0385,-0.0770,1.043
2.153943999,0.0530,1.0249,-0.0682,1.028
2.154968345,0.0525,1.0119,-0.0594,1.015
2.156245729,0.0523,1.0048,-0.0535,1.008
2.15840046,0.0511,0.9904,-0.0437,0.993
2.160030652,0.0511,0.9831,-0.0376,0.985
2.162217845,0.0523,0.9701,-0.0261,0.972
2.171376768,0.0515,0.9547,-0.0132,0.956
2.172008922,0.0506,0.9477,-0.0056,0.949
2.172329614,0.0491,0.9318,0.0049,0.933
2.172587191,0.0486,0.9139,0.0166,0.915
2.172810037,0.0489,0.9056,0.0230,0.907
2.174221076,0.0467,0.8868,0.0357,0.889
2.176798999,0.0450,0.8771,0.0462,0.879
2.178050883,0.0452,0.8600,0.0520,0.863
2.180042191,0.0432,0.8424,0.0643,0.846
2.191031114,0.0425,0.8348,0.0687,0.839
2.191630114,0.0420,0.8192,0.0777,0.824
2.191886268,0.0415,0.8006,0.0877,0.806
2.192154691,0.0423,0.7925,0.0916,0.799
2.192520652,0.0415,0.7769,0.0989,0.784
2.192912845,0.0396,0.7686,0.1043,0.777
2.193941806,0.0391,0.7522,0.1065,0.761
2.195576576,0.0401,0.7354,0.1090,0.744
2.201471037,0.0410,0.7280,0.1094,0.737
2.202067922,0.0425,0.7141,0.1102,0.724
2.202347537,0.0430,0.7024,0.1109,0.712
2.203522691,0.0423,0.6970,0.1099,0.707
2.205573229,0.0423,0.6860,0.1092,0.696
2.207790383,0.0432,0.6809,0.1087,0.691
2.20941446,0.0423,0.6709,0.1080,0.681
2.211177076,0.0403,0.6591,0.1102,0.669
2.213355037,0.0396,0.6538,0.1099,0.664
2.215345883,0.0388,0.6447,0.1116,0.655
2.217283576,0.0381,0.6364,0.1131,0.648
2.219155152,0.0376,0.6318,0.1141,0.643
2.221138383,0.0391,0.6237,0.1175,0.636
2.222989076,0.0398,0.6210,0.1173,0.633
2.225052152,0.0418,0.6120,0.1187,0.625
2.227007268,0.0430,0.6044,0.1212,0.618
2.229017422,0.0435,0.5993,0.1222,0.613
2.231791345,0.0452,0.5929,0.1236,0.607
2.233088691,0.0476,0.5907,0.1212,0.605
2.234710191,0.0484,0.5854,0.1207,0.600
2.23681546,0.0501,0.5814,0.1202,0.596
2.238624845,0.0496,0.5793,0.1204,0.594
2.241136806,0.0518,0.5768,0.1200,0.591
2.242642229,0.0530,0.5751,0.1168,0.589
2.24487946,0.0540,0.5751,0.1173,0.589
2.248486652,0.0555,0.5753,0.1175,0.590
2.249108422,0.0584,0.5773,0.1158,0.592
2.250439422,0.0594,0.5785,0.1141,0.593
2.252670383,0.0638,0.5812,0.1131,0.596
2.254383768,0.0657,0.5829,0.1124,0.597
2.256626845,0.0687,0.5902,0.1102,0.604
2.25855446,0.0708,0.5966,0.1068,0.610
2.260761537,0.0718,0.5988,0.1048,0.612
2.262404922,0.0755,0.6076,0.1002,0.620
2.272401383,0.0760,0.6139,0.0943,0.626
2.273678152,0.0757,0.6169,0.0919,0.628
2.274653729,0.0755,0.6235,0.0872,0.634
2.275535768,0.0760,0.6264,0.0843,0.637
2.276673383,0.0762,0.6320,0.0760,0.641
2.277455652,0.0745,0.6386,0.0677,0.647
2.278494537,0.0738,0.6420,0.0643,0.649
2.27944596,0.0713,0.6496,0.0535,0.656
2.280834383,0.0708,0.6533,0.0445,0.659
2.29339696,0.0694,0.6574,0.0410,0.662
2.294899037,0.0694,0.6635,0.0325,0.668
2.295823306,0.0687,0.6648,0.0279,0.669
2.297068806,0.0689,0.6689,0.0188,0.673
2.29828146,0.0674,0.6767,0.0105,0.680
2.299564691,0.0677,0.6806,0.0071,0.684
2.30080996,0.0708,0.6885,0.0005,0.692
2.301958652,0.0716,0.6982,-0.0029,0.702
2.302758999,0.0726,0.7036,-0.0054,0.707
2.30346346,0.0738,0.7129,-0.0110,0.717
2.304702422,0.0730,0.7183,-0.0139,0.722
2.305498306,0.0743,0.7283,-0.0161,0.732
2.30641246,0.0777,0.7398,-0.0171,0.744
2.308996575,0.0789,0.7461,-0.0156,0.750
2.310458922,0.0804,0.7586,-0.0127,0.763
2.31772546,0.0809,0.7649,-0.0090,0.769
2.319275422,0.0828,0.7793,-0.0061,0.784
2.320624075,0.0843,0.7933,-0.0015,0.798
2.321657114,0.0840,0.8011,0.0012,0.805
2.322651114,0.0838,0.8160,0.0103,0.820
2.323775499,0.0836,0.8302,0.0183,0.835
2.324923191,0.0838,0.8387,0.0232,0.843
2.326122883,0.0840,0.8536,0.0347,0.858
2.327701806,0.0818,0.8609,0.0459,0.866
2.329474345,0.0816,0.8758,0.0513,0.881
2.332308922,0.0801,0.8900,0.0633,0.896
2.336888691,0.0782,0.8968,0.0694,0.903
2.337947152,0.0733,0.9127,0.0823,0.919
2.338808075,0.0689,0.9254,0.0950,0.933
2.339749306,0.0655,0.9318,0.1021,0.940
2.341368999,0.0562,0.9452,0.1151,0.954
2.343354537,0.0472,0.9516,0.1266,0.961
2.345314114,0.0442,0.9618,0.1331,0.972
2.347255075,0.0364,0.9738,0.1463,0.985
2.350605575,0.0318,0.9802,0.1512,0.992
2.352065268,0.0230,0.9914,0.1603,1.005
2.353730998,0.0139,0.9995,0.1683,1.014
2.355178883,0.0122,1.0036,0.1732,1.019
2.357191075,0.0051,1.0114,0.1823,1.028
2.359151691,0.0012,1.0166,0.1906,1.034
2.361117498,0.0002,1.0192,0.1928,1.037
2.363129883,-0.0029,1.0249,0.1954,1.043
2.371424998,-0.0046,1.0266,0.1964,1.045
2.372929768,-0.0046,1.0307,0.1969,1.049
2.373977422,-0.0064,1.0337,0.1935,1.052
2.374980614,-0.0071,1.0344,0.1925,1.052
2.37590396,-0.0056,1.0373,0.1879,1.054
2.376891691,-0.0056,1.0371,0.1820,1.053
2.377693768,-0.0054,1.0373,0.1766,1.052
2.379269768,-0.0029,1.0393,0.1671,1.053
2.392885729,-0.0007,1.0376,0.1634,1.050
2.394320806,0.0000,1.0337,0.1544,1.045
2.395360268,0.0027,1.0317,0.1424,1.041
2.396293729,0.0032,1.0302,0.1368,1.039
2.397438845,0.0051,1.0261,0.1258,1.034
2.398536383,0.0088,1.0224,0.1138,1.029
2.399569152,0.0100,1.0202,0.1077,1.026
2.400826729,0.0088,1.0156,0.0931,1.020
2.401600614,0.0090,1.0129,0.0870,1.017
2.402335806,0.0107,1.0058,0.0767,1.009
2.403147422,0.0088,0.9985,0.0667,1.001
2.403880114,0.0088,0.9943,0.0630,0.996
2.40492546,0.0105,0.9870,0.0530,0.988
2.407372652,0.0095,0.9777,0.0462,0.979
2.408855691,0.0093,0.9723,0.0425,0.973
2.41043296,0.0095,0.9631,0.0344,0.964
2.412371306,0.0095,0.9579,0.0325,0.959
2.414680152,0.0093,0.9486,0.0315,0.949
2.417684075,0.0098,0.9391,0.0325,0.940
2.418235845,0.0095,0.9337,0.0322,0.934
2.420220575,0.0103,0.9259,0.0325,0.927
2.422516075,0.0110,0.9171,0.0364,0.918
2.424062191,0.0103,0.9137,0.0393,0.915
2.426219537,0.0107,0.9064,0.0450,0.908
2.428132383,0.0127,0.9027,0.0479,0.904
2.430226845,0.0117,0.8964,0.0523,0.898
2.432180383,0.0103,0.8903,0.0589,0.892
2.434156537,0.0110,0.8885,0.0606,0.891
2.436074883,0.0110,0.8851,0.0657,0.888
2.43826646,0.0095,0.8822,0.0728,0.885
2.440039498,0.0083,0.8817,0.0757,0.885
2.442102152,0.0081,0.8802,0.0828,0.884
2.444029268,0.0095,0.8807,0.0906,0.885
2.446224998,0.0095,0.8827,0.0950,0.888
2.450806422,0.0098,0.8861,0.1043,0.892
2.451378191,0.0103,0.8868,0.1077,0.893
2.451624922,0.0125,0.8893,0.1153,0.897
2.453961575,0.0149,0.8934,0.1209,0.902
2.455811037,0.0154,0.8956,0.1234,0.904
2.457927421,0.0193,0.9027,0.1278,0.912
2.460841075,0.0220,0.9049,0.1329,0.915
2.473195383,0.0230,0.9118,0.1353,0.922
2.474672691,0.0249,0.9213,0.1383,0.932
2.475619806,0.0271,0.9257,0.1397,0.937
2.476741691,0.0327,0.9350,0.1417,0.946
2.477797921,0.0349,0.9435,0.1417,0.955
2.478677729,0.0376,0.9491,0.1417,0.960
2.479677421,0.0435,0.9596,0.1415,0.971
2.480630691,0.0479,0.9706,0.1380,0.982
2.481700537,0.0501,0.9760,0.1356,0.987
2.482611345,0.0545,0.9880,0.1309,0.998
2.483648575,0.0567,0.9941,0.1280,1.004
2.484602806,0.0608,1.0080,0.1239,1.017
2.485540383,0.0621,1.0212,0.1175,1.030
2.488083614,0.0633,1.0288,0.1153,1.037
2.489447306,0.0674,1.0429,0.1094,1.051
2.491425383,0.0689,1.0505,0.1060,1.058
2.493442114,0.0726,1.0674,0.0999,1.074
2.495197075,0.0757,1.0837,0.0919,1.090
2.497442421,0.0784,1.0920,0.0848,1.098
2.501290998,0.0848,1.1123,0.0660,1.118
2.502661614,0.0897,1.1319,0.0481,1.136
2.503668075,0.0928,1.1416,0.0435,1.146
2.506058575,0.0972,1.1605,0.0403,1.165
2.507014306,0.1009,1.1719,0.0381,1.177
2.509261306,0.1031,1.1971,0.0340,1.202
2.510857421,0.1087,1.2213,0.0291,1.226
2.512946883,0.1109,1.2313,0.0252,1.237
2.515927037,0.1146,1.2526,0.0169,1.258
2.51759246,0.1200,1.2765,0.0076,1.282
2.518804998,0.1241,1.2872,0.0012,1.293
2.520832883,0.1339,1.3083,-0.0129,1.315
2.522944691,0.1412,1.3183,-0.0191,1.326
2.524850921,0.1451,1.3359,-0.0300,1.344
2.526963498,0.1524,1.3522,-0.0386,1.361
2.528817114,0.1561,1.3596,-0.0413,1.369
2.532741883,0.1634,1.3728,-0.0462,1.383
2.534261806,0.1695,1.3818,-0.0515,1.393
2.535331806,0.1725,1.3838,-0.0545,1.396
2.536831652,0.1786,1.3872,-0.0621,1.400
2.538513037,0.1852,1.3879,-0.0757,1.402
2.540646037,0.1888,1.3840,-0.0838,1.399
2.542586229,0.1928,1.3757,-0.1031,1.393
2.545405383,0.1935,1.3708,-0.1134,1.389
2.546320575,0.1935,1.3581,-0.1358,1.379
2.548754729,0.1925,1.3400,-0.1647,1.364
2.551453768,0.1908,1.3315,-0.1803,1.357
2.552961114,0.1852,1.3114,-0.2064,1.340
2.554474383,0.1805,1.3012,-0.2189,1.332
2.556493345,0.1656,1.2794,-0.2426,1.313
2.558301652,0.1456,1.2601,-0.2624,1.295
2.560619845,0.1351,1.2496,-0.2722,1.286
2.562484075,0.1160,1.2291,-0.2861,1.267
2.571914575,0.0936,1.2113,-0.2983,1.251
2.573547575,0.0828,1.2015,-0.3010,1.241
2.574489806,0.0625,1.1817,-0.3071,1.223
2.575537768,0.0452,1.1717,-0.3095,1.213
2.576895075,0.0352,1.1524,-0.3110,1.194
2.578208614,0.0159,1.1328,-0.3090,1.174
2.578661383,0.0081,1.1241,-0.3076,1.165
2.578927344,-0.0098,1.1082,-0.2993,1.148
2.593002844,-0.0252,1.0916,-0.2890,1.129
2.593459268,-0.0335,1.0835,-0.2827,1.120
2.593711883,-0.0520,1.0703,-0.2651,1.104
2.593945075,-0.0701,1.0583,-0.2441,1.088
2.594169844,-0.0792,1.0532,-0.2336,1.082
2.594404883,-0.0977,1.0429,-0.2074,1.068
2.594635575,-0.1060,1.0378,-0.1928,1.061
2.59486596,-0.1248,1.0298,-0.1676,1.051
2.600666229,-0.1380,1.0241,-0.1427,1.043
2.601219268,-0.1434,1.0224,-0.1309,1.041
2.601474921,-0.1556,1.0222,-0.1077,1.040
2.601710729,-0.1656,1.0214,-0.0850,1.038
2.603715768,-0.1700,1.0229,-0.0745,1.040
2.605582806,-0.1793,1.0263,-0.0557,1.043
2.607548114,-0.1832,1.0290,-0.0472,1.046
2.609529575,-0.1925,1.0385,-0.0318,1.057
2.611646729,-0.1981,1.0481,-0.0183,1.067
2.613496498,-0.2001,1.0539,-0.0107,1.073
2.616201768,-0.2052,1.0676,0.0042,1.087
2.617567229,-0.2094,1.0840,0.0200,1.104
2.61960046,-0.2113,1.0930,0.0271,1.114
2.621481652,-0.2147,1.1131,0.0418,1.134
2.62338946,-0.2174,1.1233,0.0493,1.145
2.625393191,-0.2187,1.1436,0.0640,1.166
2.627406729,-0.2211,1.1636,0.0823,1.187
2.62921996,-0.2228,1.1744,0.0901,1.199
2.63277696,-0.2235,1.1964,0.1065,1.222
2.634085229,-0.2262,1.2140,0.1229,1.241
2.635246268,-0.2270,1.2228,0.1300,1.250
2.637283344,-0.2267,1.2408,0.1473,1.270
2.639358806,-0.2260,1.2484,0.1551,1.278
2.641313306,-0.2257,1.2653,0.1659,1.296
2.643060652,-0.2245,1.2797,0.1752,1.311
2.645233383,-0.2238,1.2855,0.1798,1.317
2.647155844,-0.2228,1.2987,0.1852,1.331
2.650165575,-0.2226,1.3102,0.1884,1.342
2.651638844,-0.2209,1.3144,0.1906,1.346
2.652924768,-0.2218,1.3197,0.1913,1.352
2.654926691,-0.2233,1.3232,0.1893,1.355
2.656982152,-0.2226,1.3283,0.1825,1.359
2.65902696,-0.2226,1.3302,0.1754,1.360
2.661153921,-0.2226,1.3302,0.1710,1.360
2.662973806,-0.2223,1.3307,0.1593,1.359
2.674106075,-0.2228,1.3307,0.1427,1.357
2.675813883,-0.2218,1.3293,0.1334,1.354
2.677167537,-0.2201,1.3266,0.1163,1.350
2.678709614,-0.2169,1.3254,0.1058,1.347
2.679967652,-0.2116,1.3195,0.0858,1.339
2.68133296,-0.2050,1.3134,0.0662,1.331
2.681934267,-0.2003,1.3087,0.0557,1.325
2.68235146,-0.1888,1.2985,0.0313,1.313
2.682716614,-0.1796,1.2860,0.0083,1.299
2.705540075,-0.1742,1.2794,-0.0027,1.291
2.707241767,-0.1637,1.2679,-0.0232,1.279
2.707571383,-0.1571,1.2606,-0.0344,1.271
2.707818421,-0.1532,1.2465,-0.0528,1.257
2.708087537,-0.1468,1.2325,-0.0704,1.243
2.708382883,-0.1434,1.2245,-0.0789,1.235
2.708618075,-0.1351,1.2091,-0.0933,1.220
2.708871191,-0.1290,1.1932,-0.1024,1.205
2.709111767,-0.1258,1.1854,-0.1070,1.197
2.709344229,-0.1204,1.1702,-0.1148,1.182
2.709572383,-0.1173,1.1617,-0.1158,1.173
2.709815191,-0.1143,1.1453,-0.1151,1.157
2.710037498,-0.1082,1.1294,-0.1138,1.140
2.710263152,-0.1053,1.1209,-0.1114,1.131
2.71049446,-0.1011,1.1048,-0.1053,1.114
2.712086037,-0.0994,1.0891,-0.0948,1.098
2.714057767,-0.0989,1.0806,-0.0880,1.089
2.718742344,-0.0987,1.0642,-0.0745,1.071
2.719307037,-0.1004,1.0571,-0.0674,1.064
2.719814498,-0.1009,1.0451,-0.0523,1.051
2.721918421,-0.1016,1.0310,-0.0354,1.037
2.723689383,-0.1024,1.0229,-0.0239,1.028
2.725765575,-0.1048,1.0095,-0.0061,1.015
2.727635883,-0.1068,1.0021,0.0034,1.008
2.730749114,-0.1070,0.9863,0.0227,0.992
2.732548767,-0.1082,0.9714,0.0423,0.978
2.733665344,-0.1094,0.9631,0.0523,0.971
2.735521383,-0.1104,0.9489,0.0713,0.958
2.738142114,-0.1134,0.9340,0.0919,0.945
2.740836075,-0.1148,0.9274,0.1009,0.940
2.741553729,-0.1156,0.9135,0.1173,0.928
2.74353246,-0.1173,0.9005,0.1300,0.917
2.745593844,-0.1187,0.8939,0.1351,0.912
2.747507191,-0.1207,0.8817,0.1437,0.901
2.750018037,-0.1214,0.8751,0.1478,0.896
2.751705652,-0.1219,0.8663,0.1551,0.888
2.753551537,-0.1236,0.8582,0.1576,0.881
2.755310844,-0.1244,0.8548,0.1583,0.878
2.757282152,-0.1263,0.8468,0.1639,0.872
2.759365383,-0.1251,0.8407,0.1652,0.866
2.761373767,-0.1251,0.8382,0.1654,0.863
2.763287114,-0.1241,0.8341,0.1627,0.859
2.772189114,-0.1236,0.8326,0.1605,0.857
2.77341946,-0.1234,0.8299,0.1551,0.853
2.774184267,-0.1197,0.8294,0.1500,0.851
2.775239614,-0.1185,0.8299,0.1471,0.851
2.776287844,-0.1151,0.8309,0.1415,0.851
2.777345998,-0.1119,0.8321,0.1312,0.850
2.77808619,-0.1099,0.8316,0.1268,0.848
2.779153421,-0.1065,0.8336,0.1170,0.848
2.781234806,-0.1041,0.8346,0.1119,0.848
2.793325729,-0.0989,0.8382,0.1002,0.850
2.794963383,-0.0931,0.8433,0.0919,0.853
2.796477421,-0.0919,0.8448,0.0880,0.854
2.797652114,-0.0897,0.8470,0.0809,0.856
2.798992152,-0.0862,0.8495,0.0738,0.857
2.800387806,-0.0833,0.8556,0.0691,0.862
2.801701344,-0.0787,0.8587,0.0618,0.865
2.802853921,-0.0770,0.8612,0.0586,0.867
2.803822652,-0.0716,0.8653,0.0511,0.870
2.805249306,-0.0638,0.8673,0.0450,0.871
2.806162037,-0.0616,0.8688,0.0423,0.872
2.807098037,-0.0577,0.8712,0.0347,0.874
2.807822537,-0.0545,0.8722,0.0315,0.874
2.809046921,-0.0479,0.8739,0.0266,0.876
2.811616498,-0.0418,0.8741,0.0225,0.875
2.813362075,-0.0374,0.8734,0.0210,0.874
2.814605267,-0.0303,0.8739,0.0164,0.875
2.821388767,-0.0232,0.8727,0.0139,0.873
2.821853229,-0.0200,0.8724,0.0129,0.873
2.822098844,-0.0132,0.8707,0.0112,0.871
2.82232796,-0.0076,0.8692,0.0095,0.869
2.824550998,-0.0044,0.8683,0.0100,0.868
2.826286344,0.0029,0.8653,0.0107,0.865
2.82829519,0.0061,0.8639,0.0112,0.864
2.83026819,0.0098,0.8619,0.0122,0.862
2.833138767,0.0127,0.8600,0.0137,0.860
2.834148614,0.0129,0.8607,0.0142,0.861
2.836065114,0.0137,0.8595,0.0154,0.860
2.838083383,0.0137,0.8582,0.0178,0.859
2.839970152,0.0125,0.8568,0.0195,0.857
2.842150306,0.0095,0.8548,0.0213,0.855
2.843853844,0.0088,0.8541,0.0232,0.854
2.84610019,0.0054,0.8551,0.0269,0.856
2.848184844,0.0044,0.8565,0.0300,0.857
2.850872421,0.0032,0.8551,0.0320,0.856
2.85229469,-0.0007,0.8541,0.0320,0.855
2.854087421,-0.0034,0.8531,0.0322,0.854
2.855936806,-0.0056,0.8536,0.0340,0.854
2.857932075,-0.0122,0.8507,0.0330,0.851
2.859945075,-0.0142,0.8509,0.0332,0.852
2.861728614,-0.0183,0.8492,0.0330,0.850
2.863674729,-0.0235,0.8458,0.0308,0.847
2.866258883,-0.0261,0.8441,0.0303,0.845
2.874046421,-0.0344,0.8402,0.0296,0.841
2.875219267,-0.0388,0.8382,0.0286,0.840
2.876015344,-0.0442,0.8333,0.0237,0.835
2.87690296,-0.0493,0.8282,0.0215,0.830
2.877670152,-0.0535,0.8248,0.0191,0.827
2.879970267,-0.0603,0.8201,0.0137,0.822
2.880794152,-0.0643,0.8135,0.0110,0.816
2.881715075,-0.0662,0.8104,0.0095,0.813
2.895710113,-0.0721,0.8013,0.0044,0.805
2.897352229,-0.0743,0.7977,0.0022,0.801
2.898845537,-0.0762,0.7918,-0.0012,0.795
2.900417113,-0.0806,0.7840,-0.0051,0.788
2.901646652,-0.0821,0.7810,-0.0064,0.785
2.90302619,-0.0867,0.7742,-0.0117,0.779
2.90395419,-0.0894,0.7666,-0.0125,0.772
2.904968806,-0.0906,0.7637,-0.0137,0.769
2.906050998,-0.0943,0.7608,-0.0186,0.767
2.90703219,-0.0950,0.7564,-0.0191,0.763
2.908229806,-0.0997,0.7510,-0.0210,0.758
2.90926569,-0.1026,0.7456,-0.0215,0.753
2.910067613,-0.1036,0.7449,-0.0220,0.752
2.910940613,-0.1080,0.7415,-0.0215,0.750
2.911826844,-0.1136,0.7402,-0.0222,0.749
2.912903806,-0.1148,0.7390,-0.0222,0.748
2.915983921,-0.1190,0.7361,-0.0213,0.746
2.917722613,-0.1212,0.7354,-0.0198,0.746
2.919037575,-0.1224,0.7332,-0.0164,0.743
2.921065921,-0.1239,0.7310,-0.0129,0.741
2.923386883,-0.1251,0.7305,-0.0110,0.741
2.924788113,-0.1278,0.7295,-0.0061,0.741
2.92667219,-0.1297,0.7285,-0.0002,0.740
2.92871969,-0.1302,0.7285,0.0039,0.740
2.930424883,-0.1295,0.7293,0.0107,0.741
2.934663421,-0.1295,0.7290,0.0139,0.741
2.935342037,-0.1314,0.7288,0.0193,0.741
2.936786575,-0.1312,0.7310,0.0266,0.743
2.938620421,-0.1309,0.7315,0.0308,0.744
2.940443883,-0.1307,0.7315,0.0391,0.744
2.942541152,-0.1292,0.7310,0.0472,0.744
2.94445946,-0.1278,0.7322,0.0496,0.745
2.946728767,-0.1241,0.7324,0.0535,0.745
2.948330575,-0.1234,0.7324,0.0552,0.745
2.952547806,-0.1234,0.7329,0.0601,0.746
2.953133613,-0.1202,0.7324,0.0633,0.745
2.954369537,-0.1195,0.7324,0.0635,0.745
2.956323267,-0.1165,0.7337,0.0645,0.746
2.95821746,-0.1107,0.7332,0.0667,0.744
2.96009146,-0.1065,0.7329,0.0669,0.744
2.962420806,-0.1021,0.7368,0.0672,0.747
2.964041767,-0.1009,0.7373,0.0650,0.747
2.976538652,-0.0953,0.7380,0.0613,0.747
2.977788152,-0.0931,0.7378,0.0586,0.746
2.978783306,-0.0919,0.7393,0.0567,0.747
2.979635113,-0.0870,0.7402,0.0518,0.747
2.980614921,-0.0806,0.7405,0.0493,0.747
2.981445383,-0.0782,0.7439,0.0437,0.749
2.982478729,-0.0706,0.7459,0.0371,0.750
2.983458613,-0.0669,0.7478,0.0344,0.752
2.984593306,-0.0596,0.7542,0.0281,0.757
2.985646306,-0.0528,0.7591,0.0235,0.761
2.986428921,-0.0496,0.7622,0.0203,0.764
2.988823613,-0.0413,0.7676,0.0154,0.769
2.990173652,-0.0381,0.7708,0.0122,0.772
2.991769844,-0.0330,0.7776,0.0066,0.778
2.993904498,-0.0286,0.7852,0.0029,0.786
2.995589921,-0.0249,0.7896,0.0002,0.790
2.997708036,-0.0208,0.7955,-0.0029,0.796
3.000654844,-0.0169,0.8050,-0.0051,0.805
3.002177921,-0.0161,0.8096,-0.0054,0.810
3.00355769,-0.0149,0.8174,-0.0068,0.818
3.005628229,-0.0122,0.8272,-0.0061,0.827
3.007493998,-0.0120,0.8326,-0.0054,0.833
3.009477267,-0.0103,0.8433,-0.0042,0.843
3.011399652,-0.0112,0.8495,-0.0039,0.850
3.013604536,-0.0134,0.8585,-0.0034,0.859
3.016980652,-0.0149,0.8688,-0.0015,0.869
3.018447036,-0.0169,0.8739,-0.0015,0.874
3.019525229,-0.0215,0.8844,0.0037,0.885
3.021316306,-0.0261,0.8893,0.0064,0.890
3.023135036,-0.0291,0.8981,0.0100,0.899
3.02523346,-0.0332,0.9074,0.0181,0.908
3.027054229,-0.0359,0.9122,0.0217,0.913
3.029303652,-0.0418,0.9220,0.0298,0.923
3.031128806,-0.0474,0.9301,0.0401,0.932
3.034257806,-0.0513,0.9352,0.0450,0.938
3.03565969,-0.0581,0.9455,0.0562,0.949
3.037008498,-0.0596,0.9499,0.0628,0.954
3.038907767,-0.0633,0.9591,0.0743,0.964
3.041078075,-0.0708,0.9650,0.0875,0.972
3.042875844,-0.0733,0.9692,0.0945,0.977
3.044899844,-0.0792,0.9767,0.1099,0.986
3.046633575,-0.0862,0.9804,0.1246,0.992
3.048806344,-0.0901,0.9875,0.1309,1.000
3.05142819,-0.0960,0.9948,0.1463,1.010
3.052945767,-0.0999,0.9997,0.1539,1.016
3.05462819,-0.1102,1.0070,0.1647,1.026
3.056915229,-0.1175,1.0131,0.1727,1.034
3.058775806,-0.1226,1.0158,0.1747,1.038
3.06092046,-0.1314,1.0234,0.1810,1.048
3.062737536,-0.1397,1.0298,0.1908,1.057
3.06470746,-0.1422,1.0341,0.1979,1.062
3.072916152,-0.1510,1.0410,0.2099,1.073
3.074299806,-0.1566,1.0442,0.2196,1.078
3.075160806,-0.1595,1.0491,0.2235,1.084
3.076368998,-0.1654,1.0539,0.2318,1.092
3.07978469,-0.1671,1.0578,0.2365,1.097
3.081015575,-0.1708,1.0622,0.2455,1.104
3.08258946,-0.1713,1.0647,0.2499,1.107
3.084086229,-0.1703,1.0652,0.2489,1.107
3.085273536,-0.1686,1.0664,0.2460,1.107
3.086107498,-0.1678,1.0669,0.2448,1.107
3.08693696,-0.1632,1.0654,0.2397,1.104
3.096613536,-0.1612,1.0630,0.2362,1.101
3.097110729,-0.1590,1.0605,0.2345,1.098
3.097355613,-0.1542,1.0537,0.2296,1.089
3.097589883,-0.1473,1.0493,0.2194,1.082
3.097817921,-0.1427,1.0385,0.2125,1.070
3.098077883,-0.1339,1.0280,0.1935,1.055
3.104968267,-0.1278,1.0219,0.1825,1.046
3.105382344,-0.1082,1.0090,0.1600,1.027
3.105627536,-0.1036,0.9980,0.1327,1.012
3.105874998,-0.1046,0.9931,0.1180,1.006
3.111291652,-0.1070,0.9826,0.0884,0.992
3.111566344,-0.1094,0.9775,0.0728,0.986
3.111801459,-0.1099,0.9704,0.0430,0.978
3.113765229,-0.1114,0.9618,0.0154,0.968
3.117448459,-0.1126,0.9579,0.0034,0.965
3.117952883,-0.1156,0.9499,-0.0173,0.957
3.119542036,-0.1190,0.9428,-0.0364,0.951
3.121548959,-0.1192,0.9406,-0.0459,0.949
3.123553229,-0.1192,0.9350,-0.0618,0.945
3.125411575,-0.1190,0.9318,-0.0699,0.942
3.127403767,-0.1146,0.9252,-0.0850,0.936
3.12949269,-0.1102,0.9191,-0.0960,0.931
3.131560113,-0.1068,0.9166,-0.1002,0.928
3.13452219,-0.1004,0.9142,-0.1104,0.926
3.135784998,-0.0931,0.9139,-0.1175,0.926
3.137477498,-0.0909,0.9139,-0.1202,0.926
3.140298575,-0.0858,0.9120,-0.1263,0.925
3.141402806,-0.0794,0.9147,-0.1285,0.927
3.143530421,-0.0765,0.9181,-0.1287,0.930
3.145423421,-0.0694,0.9242,-0.1268,0.935
3.147375536,-0.0662,0.9284,-0.1234,0.939
3.150883536,-0.0618,0.9372,-0.1134,0.946
3.152097959,-0.0569,0.9479,-0.1029,0.955
3.153208652,-0.0550,0.9528,-0.0963,0.959
3.155338036,-0.0511,0.9626,-0.0823,0.967
3.157145536,-0.0450,0.9694,-0.0762,0.973
3.159177613,-0.0423,0.9836,-0.0623,0.986
3.161077536,-0.0340,0.9975,-0.0496,0.999
3.163111729,-0.0298,1.0048,-0.0418,1.006
3.165055036,-0.0195,1.0212,-0.0279,1.022
3.173895767,-0.0068,1.0400,-0.0144,1.040
3.175209113,0.0005,1.0481,-0.0086,1.048
3.176202459,0.0151,1.0654,0.0024,1.066
3.177231921,0.0222,1.0749,0.0073,1.075
3.178211075,0.0437,1.0923,0.0159,1.093
3.179560036,0.0625,1.1101,0.0244,1.112
3.18066669,0.0687,1.1219,0.0279,1.124
3.181545344,0.0787,1.1438,0.0320,1.147
3.182738844,0.0884,1.1673,0.0266,1.171
3.198381767,0.0972,1.1807,0.0335,1.185
3.199897844,0.1131,1.2076,0.0369,1.213
3.201749421,0.1212,1.2213,0.0337,1.228
3.202962575,0.1402,1.2521,0.0274,1.260
3.204034421,0.1620,1.2826,0.0178,1.293
3.205216921,0.1735,1.2987,0.0117,1.310
3.206433113,0.2016,1.3276,-0.0007,1.343
3.207293344,0.2235,1.3588,-0.0183,1.377
3.208067998,0.2358,1.3767,-0.0220,1.397
3.208971921,0.2599,1.4133,-0.0396,1.438
3.209674844,0.2722,1.4292,-0.0518,1.456
3.210726921,0.2905,1.4632,-0.0765,1.494
3.211481036,0.3037,1.5005,-0.0955,1.534
3.212542959,0.3149,1.5169,-0.1036,1.553
3.213281729,0.3357,1.5496,-0.1226,1.590
3.214106767,0.3506,1.5841,-0.1407,1.629
3.217323267,0.3584,1.6014,-0.1471,1.648
3.223468152,0.3743,1.6359,-0.1605,1.686
3.224849306,0.3833,1.6518,-0.1676,1.704
3.225658729,0.4058,1.6823,-0.1810,1.740
3.226626498,0.4292,1.7053,-0.1964,1.769
3.227381036,0.4417,1.7131,-0.2042,1.781
3.228550344,0.4639,1.7219,-0.2216,1.797
3.230166152,0.4798,1.7263,-0.2392,1.808
3.231990459,0.4854,1.7270,-0.2475,1.811
3.235527229,0.4935,1.7211,-0.2599,1.809
3.237133229,0.4967,1.7185,-0.2651,1.808
3.238355844,0.4964,1.7075,-0.2714,1.799
3.239989767,0.4874,1.6940,-0.2719,1.784
3.242309959,0.4813,1.6845,-0.2700,1.773
3.243630036,0.4642,1.6598,-0.2658,1.744
3.245716421,0.4398,1.6471,-0.2548,1.724
3.24757569,0.4263,1.6222,-0.2470,1.695
3.251214382,0.4007,1.5951,-0.2309,1.661
3.252760536,0.3860,1.5804,-0.2199,1.642
3.253881998,0.3528,1.5521,-0.1947,1.604
3.255580421,0.3178,1.5245,-0.1656,1.566
3.257650075,0.3015,1.5115,-0.1485,1.548
3.259544498,0.2724,1.4844,-0.1151,1.514
3.261654229,0.2460,1.4575,-0.0784,1.480
3.263338921,0.2338,1.4441,-0.0606,1.464
3.265533806,0.2096,1.4192,-0.0249,1.435
3.270091767,0.1994,1.4065,-0.0076,1.421
3.270822036,0.1801,1.3808,0.0264,1.393
3.271305229,0.1615,1.3598,0.0574,1.371
3.273683729,0.1532,1.3481,0.0723,1.359
3.275074613,0.1363,1.3246,0.1009,1.335
3.277127959,0.1217,1.3134,0.1263,1.325
3.280013113,0.1156,1.2921,0.1380,1.305
3.281117036,0.1024,1.2721,0.1608,1.286
3.293016036,0.0955,1.2628,0.1710,1.278
3.294319498,0.0821,1.2452,0.1884,1.262
3.295397421,0.0679,1.2259,0.2023,1.244
3.296359113,0.0608,1.2166,0.2084,1.236
3.297545844,0.0489,1.2013,0.2182,1.222
3.298608959,0.0435,1.1925,0.2221,1.214
3.299745613,0.0322,1.1744,0.2279,1.197
3.301070882,0.0203,1.1597,0.2282,1.182
3.301976575,0.0132,1.1519,0.2272,1.174
3.302978306,0.0017,1.1363,0.2245,1.158
3.303773652,-0.0093,1.1270,0.2179,1.148
3.304899229,-0.0151,1.1089,0.2138,1.129
3.308321767,-0.0247,1.0925,0.2040,1.112
3.309632536,-0.0308,1.0842,0.1981,1.103
3.310726498,-0.0415,1.0684,0.1830,1.085
3.312631959,-0.0498,1.0547,0.1652,1.069
3.314724575,-0.0537,1.0476,0.1556,1.060
3.318040305,-0.0621,1.0341,0.1353,1.045
3.321054305,-0.0708,1.0271,0.1160,1.036
3.322290652,-0.0752,1.0124,0.1080,1.021
3.32354419,-0.0828,0.9977,0.0909,1.005
3.325128998,-0.0870,0.9907,0.0831,0.998
3.326405652,-0.0928,0.9794,0.0660,0.986
3.32842869,-0.0999,0.9687,0.0520,0.975
3.330222305,-0.1041,0.9643,0.0454,0.971
3.332194921,-0.1087,0.9547,0.0332,0.961
3.33491669,-0.1151,0.9501,0.0213,0.957
3.336470613,-0.1175,0.9438,0.0151,0.951
3.338373959,-0.1207,0.9367,0.0032,0.944
3.340287882,-0.1234,0.9340,-0.0010,0.942
3.34203269,-0.1266,0.9308,-0.0066,0.939
3.344039113,-0.1283,0.9284,-0.0088,0.937
3.346048575,-0.1278,0.9257,-0.0107,0.935
3.347847805,-0.1273,0.9242,-0.0137,0.933
3.351309652,-0.1273,0.9220,-0.0147,0.931
3.351912075,-0.1263,0.9213,-0.0139,0.930
3.353901498,-0.1236,0.9218,-0.0105,0.930
3.35582069,-0.1222,0.9220,-0.0093,0.930
3.357868421,-0.1217,0.9225,-0.0049,0.931
3.359808652,-0.1209,0.9245,-0.0024,0.932
3.362084344,-0.1195,0.9259,-0.0010,0.934
3.364027267,-0.1160,0.9279,0.0039,0.935
3.365866036,-0.1114,0.9289,0.0076,0.936
3.369748267,-0.1097,0.9293,0.0098,0.936
3.370333767,-0.1048,0.9308,0.0122,0.937
3.371680729,-0.1014,0.9328,0.0144,0.938
3.373847844,-0.0953,0.9345,0.0181,0.939
3.375816767,-0.0889,0.9379,0.0227,0.942
3.377851652,-0.0870,0.9384,0.0247,0.943
3.379954267,-0.0809,0.9411,0.0281,0.945
3.381885805,-0.0738,0.9440,0.0288,0.947
3.39608719,-0.0704,0.9440,0.0296,0.947
3.397738344,-0.0638,0.9457,0.0318,0.948
3.398714921,-0.0618,0.9479,0.0344,0.951
3.399988844,-0.0599,0.9506,0.0337,0.953
3.401566498,-0.0552,0.9535,0.0342,0.956
3.403565729,-0.0535,0.9543,0.0359,0.956
3.405074036,-0.0513,0.9555,0.0347,0.957
3.406305229,-0.0501,0.9572,0.0335,0.959
3.407625267,-0.0486,0.9582,0.0335,0.960
3.408736767,-0.0454,0.9613,0.0325,0.963
3.409858344,-0.0440,0.9623,0.0320,0.964
3.410627152,-0.0420,0.9638,0.0325,0.965
3.411743267,-0.0410,0.9633,0.0308,0.965
3.412764305,-0.0398,0.9631,0.0315,0.964
3.413786344,-0.0359,0.9628,0.0303,0.964
3.414561729,-0.0305,0.9618,0.0308,0.963
3.415812382,-0.0276,0.9613,0.0305,0.962
3.420813498,-0.0205,0.9604,0.0315,0.961
3.421602152,-0.0183,0.9589,0.0322,0.960
3.421977844,-0.0127,0.9567,0.0340,0.957
3.422887767,-0.0090,0.9540,0.0369,0.955
3.425012882,-0.0056,0.9526,0.0391,0.953
3.426787075,0.0027,0.9486,0.0423,0.950
3.428753498,0.0071,0.9462,0.0457,0.947
3.430774998,0.0103,0.9401,0.0464,0.941
3.432672959,0.0178,0.9362,0.0508,0.938
3.434830728,0.0210,0.9335,0.0525,0.935
3.436671075,0.0288,0.9274,0.0557,0.930
3.438500536,0.0340,0.9208,0.0599,0.923
3.440444075,0.0371,0.9174,0.0611,0.920
3.442479998,0.0447,0.9081,0.0596,0.911
3.444275421,0.0486,0.9047,0.0616,0.908
3.446559382,0.0557,0.8983,0.0640,0.902
3.448449613,0.0625,0.8900,0.0669,0.895
3.454266921,0.0650,0.8856,0.0689,0.891
3.455083075,0.0723,0.8761,0.0704,0.882
3.455500498,0.0799,0.8680,0.0730,0.875
3.456522382,0.0831,0.8626,0.0733,0.870
3.458550075,0.0892,0.8553,0.0767,0.863
3.460430652,0.0945,0.8512,0.0774,0.860
3.46293169,0.0977,0.8426,0.0787,0.852
3.464436882,0.1033,0.8348,0.0821,0.845
3.466293998,0.1065,0.8314,0.0843,0.842
3.475859305,0.1114,0.8258,0.0880,0.838
3.477410767,0.1138,0.8182,0.0897,0.831
3.478556652,0.1158,0.8145,0.0897,0.828
3.479390228,0.1204,0.8077,0.0928,0.822
3.480755728,0.1258,0.8018,0.0958,0.817
3.482020998,0.1270,0.7994,0.0970,0.815
3.483121459,0.1297,0.7935,0.0989,0.810
3.484328075,0.1302,0.7903,0.0987,0.807
3.485320036,0.1309,0.7852,0.1026,0.803
3.486314421,0.1336,0.7791,0.1048,0.797
3.489058613,0.1344,0.7762,0.1055,0.795
3.490424844,0.1346,0.7708,0.1060,0.790
3.491884421,0.1344,0.7659,0.1080,0.785
3.494198344,0.1346,0.7625,0.1087,0.782
3.495980498,0.1346,0.7571,0.1102,0.777
3.49805869,0.1344,0.7544,0.1107,0.774
3.501578998,0.1349,0.7459,0.1143,0.767
3.503305959,0.1334,0.7398,0.1175,0.761
3.504623767,0.1322,0.7363,0.1175,0.757
3.505997652,0.1292,0.7302,0.1178,0.751
3.507652998,0.1261,0.7236,0.1173,0.744
3.50996919,0.1248,0.7212,0.1173,0.741
3.511599498,0.1190,0.7163,0.1190,0.736
3.513902152,0.1168,0.7122,0.1182,0.731
3.515764152,0.1146,0.7085,0.1170,0.727
3.519389805,0.1082,0.7036,0.1146,0.721
3.521159382,0.1063,0.7012,0.1151,0.718
3.522360344,0.1031,0.6987,0.1143,0.715
3.523635959,0.0997,0.6926,0.1129,0.709
3.525644652,0.0982,0.6894,0.1131,0.706
3.527538921,0.0953,0.6850,0.1141,0.701
3.529595305,0.0941,0.6838,0.1124,0.699
3.531314344,0.0919,0.6811,0.1114,0.696
3.535117075,0.0894,0.6787,0.1080,0.693
3.536919036,0.0880,0.6767,0.1053,0.690
3.537981882,0.0853,0.6740,0.1011,0.687
3.539406459,0.0843,0.6716,0.0958,0.684
3.541525344,0.0828,0.6699,0.0931,0.681
3.543370728,0.0811,0.6672,0.0850,0.677
3.545644998,0.0796,0.6655,0.0811,0.675
3.547312998,0.0770,0.6618,0.0708,0.670
3.549784805,0.0723,0.6608,0.0581,0.667
3.553100536,0.0701,0.6608,0.0540,0.667
3.554754536,0.0628,0.6613,0.0450,0.666
3.556051267,0.0540,0.6591,0.0335,0.662
3.558079382,0.0518,0.6596,0.0274,0.662
3.559194344,0.0481,0.6604,0.0169,0.662
3.561333113,0.0420,0.6616,0.0107,0.663
3.563145536,0.0401,0.6635,0.0059,0.665
3.565275421,0.0364,0.6662,-0.0044,0.667
3.574271921,0.0349,0.6692,-0.0098,0.670
3.575104498,0.0332,0.6733,-0.0171,0.674
3.575558305,0.0288,0.6794,-0.0225,0.680
3.575959305,0.0269,0.6831,-0.0259,0.684
3.576471305,0.0237,0.6897,-0.0300,0.691
3.577248498,0.0188,0.6985,-0.0335,0.700
3.578761113,0.0164,0.7036,-0.0354,0.705
3.581084728,0.0139,0.7158,-0.0362,0.717
3.582818575,0.0117,0.7207,-0.0369,0.722
3.597418228,0.0081,0.7319,-0.0369,0.733
3.598358305,0.0042,0.7434,-0.0332,0.744
3.598829113,0.0027,0.7493,-0.0300,0.750
3.599254882,-0.0029,0.7620,-0.0239,0.762
3.599668113,-0.0064,0.7762,-0.0149,0.776
3.600073536,-0.0066,0.7830,-0.0103,0.783
3.600570651,-0.0090,0.7969,-0.0007,0.797
3.600973267,-0.0095,0.8045,0.0039,0.805
3.606154613,-0.0095,0.8204,0.0139,0.821
3.607102459,-0.0112,0.8353,0.0254,0.836
3.607552921,-0.0129,0.8441,0.0305,0.845
3.607956267,-0.0139,0.8619,0.0418,0.863
3.608474113,-0.0188,0.8766,0.0518,0.878
3.610408151,-0.0205,0.8844,0.0569,0.886
3.612589959,-0.0215,0.9027,0.0694,0.906
3.614637959,-0.0239,0.9113,0.0762,0.915
3.617731113,-0.0274,0.9291,0.0877,0.934
3.619654498,-0.0303,0.9482,0.0931,0.953
3.62018069,-0.0305,0.9574,0.0941,0.963
3.622127382,-0.0315,0.9765,0.0950,0.982
3.624188075,-0.0337,0.9926,0.1026,0.998
3.626246767,-0.0340,1.0007,0.1070,1.007
3.628165921,-0.0357,1.0178,0.1136,1.025
3.630158613,-0.0386,1.0254,0.1222,1.033
3.632215921,-0.0396,1.0403,0.1261,1.049
3.635545305,-0.0413,1.0537,0.1322,1.063
3.637240805,-0.0406,1.0618,0.1349,1.071
3.638062113,-0.0396,1.0737,0.1375,1.083
3.639963421,-0.0396,1.0867,0.1410,1.096
3.642025921,-0.0381,1.0916,0.1412,1.101
3.643791882,-0.0327,1.1013,0.1417,1.111
3.645978536,-0.0254,1.1116,0.1388,1.121
3.647766305,-0.0215,1.1155,0.1375,1.124
3.654170421,-0.0166,1.1199,0.1358,1.128
3.654824536,-0.0127,1.1226,0.1346,1.131
3.655100613,-0.0064,1.1255,0.1300,1.133
3.655944921,0.0010,1.1297,0.1302,1.137
3.658005536,0.0029,1.1326,0.1300,1.140
3.660061421,0.0107,1.1336,0.1261,1.141
3.661692613,0.0208,1.1314,0.1204,1.138
3.66367169,0.0266,1.1302,0.1158,1.136
3.665802382,0.0342,1.1277,0.1026,1.133
3.680471344,0.0388,1.1275,0.0953,1.132
3.682095421,0.0457,1.1253,0.0801,1.129
3.683226228,0.0493,1.1238,0.0611,1.127
3.684520921,0.0506,1.1228,0.0520,1.125
3.68578119,0.0511,1.1216,0.0335,1.123
3.68679419,0.0503,1.1204,0.0164,1.122
3.687763959,0.0491,1.1160,0.0100,1.117
3.688623305,0.0462,1.1133,-0.0039,1.114
3.689769998,0.0454,1.1123,-0.0093,1.113
3.690556113,0.0432,1.1092,-0.0176,1.110
3.691541882,0.0418,1.1045,-0.0244,1.106
3.692437728,0.0432,1.1028,-0.0269,1.104
3.693645459,0.0459,1.0960,-0.0305,1.097
3.694518882,0.0501,1.0879,-0.0303,1.089
3.695589113,0.0540,1.0825,-0.0298,1.084
3.698356728,0.0596,1.0727,-0.0283,1.075
3.699810805,0.0638,1.0666,-0.0271,1.069
3.701108305,0.0730,1.0549,-0.0217,1.058
3.705864651,0.0828,1.0417,-0.0171,1.045
3.707429074,0.0872,1.0339,-0.0151,1.038
3.708523882,0.0950,1.0183,-0.0110,1.023
3.709626959,0.1009,1.0109,-0.0078,1.016
3.711156959,0.1046,0.9963,-0.0049,1.002
3.712860728,0.1121,0.9831,0.0022,0.989
3.714897959,0.1156,0.9787,0.0051,0.986
3.716863728,0.1209,0.9662,0.0105,0.974
3.722651382,0.1253,0.9550,0.0166,0.963
3.724062305,0.1251,0.9506,0.0178,0.959
3.725124459,0.1258,0.9408,0.0244,0.950
3.725791344,0.1280,0.9359,0.0281,0.945
3.726701305,0.1278,0.9308,0.0330,0.940
3.72867519,0.1287,0.9293,0.0374,0.939
3.73069819,0.1292,0.9289,0.0401,0.939
3.732752767,0.1297,0.9281,0.0437,0.938
3.735604613,0.1322,0.9298,0.0454,0.940
3.737164536,0.1336,0.9311,0.0462,0.942
3.738978805,0.1331,0.9364,0.0467,0.947
3.74046669,0.1334,0.9411,0.0472,0.952
3.742417151,0.1324,0.9489,0.0450,0.959
3.74447519,0.1319,0.9604,0.0442,0.970
3.746512959,0.1322,0.9665,0.0435,0.976
3.74848169,0.1297,0.9806,0.0420,0.990
3.751824421,0.1283,0.9963,0.0369,1.005
3.753364651,0.1268,1.0053,0.0335,1.014
3.754483228,0.1248,1.0224,0.0279,1.030
3.756280228,0.1229,1.0305,0.0244,1.038
3.758257882,0.1214,1.0491,0.0154,1.056
3.760052574,0.1182,1.0684,0.0076,1.075
3.762469074,0.1173,1.0791,0.0044,1.085
3.764089382,0.1151,1.0991,-0.0024,1.105
3.766065344,0.1102,1.1194,-0.0095,1.125
3.774537651,0.1073,1.1297,-0.0120,1.135
3.775961151,0.1041,1.1499,-0.0154,1.155
3.777025844,0.1029,1.1609,-0.0151,1.166
3.77811019,0.0994,1.1793,-0.0139,1.184
3.779022844,0.0958,1.1988,-0.0088,1.203
3.780080344,0.0933,1.2086,-0.0046,1.212
3.780785613,0.0916,1.2291,0.0029,1.233
3.781995113,0.0865,1.2467,0.0122,1.250
3.80050919,0.0845,1.2562,0.0166,1.259
3.802143459,0.0777,1.2736,0.0276,1.276
3.803520459,0.0748,1.2821,0.0320,1.285
3.804767574,0.0667,1.2992,0.0406,1.302
3.805929844,0.0564,1.3151,0.0476,1.317
3.807318805,0.0518,1.3239,0.0501,1.326
3.808458728,0.0381,1.3430,0.0540,1.345
3.80931019,0.0230,1.3576,0.0567,1.359
3.810212113,0.0137,1.3654,0.0564,1.367
3.811061997,-0.0056,1.3823,0.0557,1.383
3.812281151,-0.0151,1.3903,0.0537,1.391
3.81313419,-0.0396,1.4067,0.0513,1.408
3.813983267,-0.0672,1.4233,0.0450,1.426
3.814712344,-0.0801,1.4307,0.0428,1.434
3.815721536,-0.1016,1.4485,0.0379,1.453
3.817082305,-0.1258,1.4649,0.0313,1.471
3.818092574,-0.1368,1.4729,0.0283,1.480
3.819323959,-0.1581,1.4927,0.0208,1.501
3.820313844,-0.1691,1.5035,0.0164,1.513
3.821293305,-0.1857,1.5250,0.0137,1.536
3.824056267,-0.2006,1.5479,0.0083,1.561
3.825183651,-0.2064,1.5594,0.0071,1.573
3.829530497,-0.2162,1.5814,0.0051,1.596
3.829793382,-0.2231,1.6034,0.0029,1.619
3.830970497,-0.2243,1.6146,0.0000,1.630
3.833012074,-0.2265,1.6356,-0.0042,1.651
3.834936728,-0.2265,1.6447,-0.0064,1.660
3.837097151,-0.2238,1.6608,-0.0107,1.676
3.838824574,-0.2209,1.6730,-0.0173,1.688
3.840877228,-0.2182,1.6777,-0.0225,1.692
3.842605574,-0.2099,1.6840,-0.0322,1.697
3.844789305,-0.2008,1.6852,-0.0406,1.698
3.846908497,-0.1967,1.6847,-0.0452,1.697
3.848867305,-0.1852,1.6777,-0.0569,1.689
3.853878344,-0.1788,1.6703,-0.0635,1.681
3.854446036,-0.1632,1.6527,-0.0774,1.663
3.85471119,-0.1483,1.6281,-0.0901,1.637
3.856995382,-0.1395,1.6134,-0.0980,1.622
3.858598074,-0.1241,1.5816,-0.1099,1.590
3.86053992,-0.1094,1.5460,-0.1214,1.555
3.86256842,-0.1016,1.5257,-0.1261,1.534
3.864731074,-0.0911,1.4881,-0.1319,1.497
3.866441305,-0.0860,1.4690,-0.1353,1.478
3.876284267,-0.0796,1.4302,-0.1412,1.439
3.876737574,-0.0772,1.3923,-0.1407,1.402
3.87698369,-0.0777,1.3742,-0.1402,1.384
3.877205844,-0.0777,1.3395,-0.1385,1.349
3.87743442,-0.0779,1.3224,-0.1356,1.332
3.87839269,-0.0792,1.2890,-0.1324,1.298
3.880297767,-0.0804,1.2592,-0.1283,1.268
3.883082382,-0.0814,1.2460,-0.1263,1.255
3.88643169,-0.0804,1.2179,-0.1217,1.227
3.88749869,-0.0779,1.1944,-0.1185,1.203
3.888350497,-0.0760,1.1829,-0.1156,1.191
3.890098497,-0.0740,1.1595,-0.1085,1.167
3.892184459,-0.0716,1.1495,-0.1046,1.156
3.89397569,-0.0699,1.1299,-0.0941,1.136
3.896180497,-0.0660,1.1084,-0.0818,1.113
3.898030036,-0.0645,1.0979,-0.0767,1.102
3.900265844,-0.0596,1.0784,-0.0643,1.082
3.902885536,-0.0555,1.0598,-0.0489,1.062
3.904350959,-0.0533,1.0508,-0.0403,1.053
3.90603042,-0.0489,1.0317,-0.0242,1.033
3.907875536,-0.0445,1.0219,-0.0147,1.023
3.909848574,-0.0364,1.0012,0.0056,1.002
3.911770728,-0.0269,0.9828,0.0237,0.983
3.913878151,-0.0222,0.9719,0.0325,0.973
3.915693805,-0.0159,0.9518,0.0508,0.953
3.919711574,-0.0088,0.9411,0.0679,0.944
3.921530497,-0.0059,0.9225,0.0770,0.926
3.923212805,-0.0012,0.9032,0.0914,0.908
3.924592036,0.0007,0.8934,0.0997,0.899
3.925718036,0.0049,0.8734,0.1136,0.881
3.927549728,0.0083,0.8553,0.1246,0.864
3.929422574,0.0107,0.8460,0.1312,0.856
3.931422805,0.0166,0.8282,0.1449,0.841
3.933367459,0.0222,0.8194,0.1507,0.833
3.93686992,0.0252,0.8018,0.1595,0.818
3.93841242,0.0296,0.7864,0.1691,0.805
3.939573113,0.0315,0.7798,0.1725,0.799
3.941464228,0.0342,0.7647,0.1796,0.786
3.94325269,0.0342,0.7505,0.1857,0.774
3.945140074,0.0337,0.7449,0.1879,0.769
3.94712469,0.0340,0.7329,0.1918,0.758
3.949234074,0.0296,0.7234,0.1906,0.749
3.952358151,0.0257,0.7187,0.1888,0.744
3.95398069,0.0225,0.7107,0.1869,0.735
3.955156074,0.0200,0.7070,0.1857,0.731
3.95702442,0.0159,0.7002,0.1803,0.723
3.959135805,0.0088,0.6933,0.1725,0.715
3.961146305,0.0046,0.6907,0.1676,0.711
3.96308719,-0.0020,0.6855,0.1583,0.704
3.964900343,-0.0115,0.6806,0.1480,0.697
3.967233113,-0.0156,0.6799,0.1434,0.695
3.975589536,-0.0257,0.6784,0.1351,0.692
3.977179497,-0.0298,0.6767,0.1292,0.690
3.978170997,-0.0408,0.6740,0.1178,0.685
3.979235843,-0.0511,0.6726,0.1090,0.683
3.980665959,-0.0569,0.6706,0.1038,0.681
3.981993574,-0.0689,0.6670,0.0955,0.677
3.983132805,-0.0818,0.6674,0.0836,0.678
3.984391382,-0.0872,0.6684,0.0782,0.679
3.985622843,-0.0948,0.6684,0.0662,0.678
4.000334997,-0.0989,0.6684,0.0599,0.678
4.002059651,-0.1075,0.6709,0.0474,0.681
4.003081074,-0.1158,0.6731,0.0364,0.684
4.004104267,-0.1197,0.6738,0.0318,0.685
4.005207767,-0.1234,0.6772,0.0222,0.689
4.006417228,-0.1244,0.6784,0.0156,0.690
4.007620267,-0.1209,0.6809,0.0046,0.692
4.008812497,-0.1200,0.6838,-0.0034,0.694
4.009802805,-0.1190,0.6858,-0.0071,0.696
4.010800574,-0.1148,0.6882,-0.0151,0.698
4.011478305,-0.1080,0.6887,-0.0198,0.697
4.012625497,-0.1038,0.6897,-0.0225,0.698
4.013453382,-0.0970,0.6929,-0.0242,0.700
4.014402074,-0.0909,0.6953,-0.0296,0.702
4.015197459,-0.0884,0.6968,-0.0308,0.703
4.015949228,-0.0843,0.7029,-0.0315,0.709
4.01921942,-0.0809,0.7058,-0.0332,0.711
4.023993036,-0.0733,0.7117,-0.0332,0.716
4.025200074,-0.0694,0.7175,-0.0337,0.722
4.026188613,-0.0682,0.7217,-0.0330,0.726
4.026965036,-0.0660,0.7273,-0.0303,0.731
4.027900651,-0.0601,0.7341,-0.0291,0.737
4.030261382,-0.0589,0.7383,-0.0279,0.741
4.032168036,-0.0547,0.7473,-0.0247,0.750
4.034070113,-0.0537,0.7490,-0.0235,0.751
4.036934843,-0.0501,0.7547,-0.0208,0.757
4.03836819,-0.0450,0.7598,-0.0195,0.761
4.040067997,-0.0423,0.7632,-0.0173,0.765
4.041847574,-0.0391,0.7720,-0.0147,0.773
4.043691459,-0.0344,0.7786,-0.0120,0.779
4.045761997,-0.0325,0.7810,-0.0105,0.782
4.047531036,-0.0281,0.7874,-0.0098,0.788
4.05001269,-0.0276,0.7898,-0.0098,0.790
4.053323805,-0.0247,0.7947,-0.0076,0.795
4.054737074,-0.0210,0.8040,-0.0056,0.804
4.055868343,-0.0181,0.8069,-0.0046,0.807
4.057625113,-0.0125,0.8126,-0.0029,0.813
4.059481574,-0.0105,0.8196,-0.0022,0.820
4.061644882,-0.0093,0.8233,-0.0024,0.823
4.063476574,-0.0073,0.8309,-0.0012,0.831
4.065487767,-0.0068,0.8343,0.0002,0.834
4.067651766,-0.0039,0.8436,0.0015,0.844
4.076073074,-0.0022,0.8485,0.0034,0.848
4.077533036,-0.0007,0.8517,0.0027,0.852
4.078532074,-0.0002,0.8602,0.0024,0.860
4.079658113,0.0061,0.8641,0.0017,0.864
4.08077769,0.0112,0.8663,0.0024,0.866
4.08107319,0.0117,0.8732,0.0017,0.873
4.081309228,0.0120,0.8749,0.0020,0.875
4.083091574,0.0195,0.8778,0.0034,0.878
4.099118266,0.0173,0.8837,0.0029,0.884
4.10035319,0.0134,0.8856,0.0024,0.886
4.101329266,0.0112,0.8900,0.0024,0.890
4.102129151,0.0039,0.8946,0.0029,0.895
4.103044036,-0.0017,0.8971,0.0020,0.897
4.10396669,-0.0156,0.9010,-0.0007,0.901
4.104905997,-0.0296,0.9020,-0.0037,0.902
4.10571169,-0.0359,0.9049,-0.0051,0.906
4.106580882,-0.0501,0.9064,-0.0098,0.908
4.107370805,-0.0552,0.9047,-0.0112,0.906
4.10799369,-0.0618,0.9003,-0.0151,0.903
4.108963459,-0.0682,0.8946,-0.0195,0.897
4.109677036,-0.0711,0.8900,-0.0210,0.893
4.11192919,-0.0757,0.8793,-0.0249,0.883
4.113264728,-0.0814,0.8695,-0.0279,0.874
4.11482419,-0.0806,0.8631,-0.0274,0.867
4.117103305,-0.0833,0.8514,-0.0269,0.856
4.12133319,-0.0850,0.8451,-0.0259,0.850
4.12287142,-0.0877,0.8302,-0.0230,0.835
4.124059882,-0.0875,0.8155,-0.0188,0.820
4.126015074,-0.0887,0.8087,-0.0171,0.814
4.12711042,-0.0904,0.7947,-0.0112,0.800
4.128754151,-0.0928,0.7784,-0.0081,0.784
4.130670843,-0.0945,0.7705,-0.0056,0.776
4.132741305,-0.0955,0.7561,-0.0002,0.762
4.136377997,-0.0967,0.7486,0.0020,0.755
4.137862036,-0.0987,0.7312,0.0024,0.738
4.139021959,-0.0980,0.7151,0.0046,0.722
4.140673728,-0.0997,0.7073,0.0061,0.714
4.142584343,-0.1019,0.6911,0.0056,0.699
4.144545843,-0.1014,0.6758,0.0042,0.683
4.146653536,-0.1014,0.6682,0.0054,0.676
4.14852142,-0.0997,0.6538,0.0020,0.661
4.150403843,-0.0999,0.6462,0.0005,0.654
4.153699997,-0.0985,0.6320,-0.0029,0.640
4.155182805,-0.0967,0.6179,-0.0066,0.625
4.156384497,-0.0955,0.6108,-0.0100,0.618
4.158251151,-0.0916,0.5966,-0.0166,0.604
4.160431728,-0.0877,0.5856,-0.0213,0.593
4.162443651,-0.0858,0.5810,-0.0237,0.588
4.164338497,-0.0779,0.5702,-0.0293,0.576
4.166283459,-0.0701,0.5648,-0.0320,0.570
4.175597382,-0.0687,0.5553,-0.0369,0.561
4.177102189,-0.0640,0.5453,-0.0406,0.551
4.178247228,-0.0599,0.5409,-0.0418,0.546
4.179262843,-0.0530,0.5343,-0.0435,0.539
4.180394497,-0.0489,0.5292,-0.0462,0.533
4.181252382,-0.0476,0.5272,-0.0479,0.532
4.18211542,-0.0435,0.5211,-0.0552,0.526
4.182508766,-0.0418,0.5189,-0.0589,0.524
4.183813266,-0.0374,0.5150,-0.0613,0.520
4.198305151,-0.0327,0.5160,-0.0564,0.520
4.198858497,-0.0310,0.5157,-0.0533,0.519
4.199107382,-0.0271,0.5165,-0.0425,0.519
4.199340843,-0.0222,0.5179,-0.0315,0.519
4.199609382,-0.0210,0.5196,-0.0257,0.521
4.199836189,-0.0173,0.5240,-0.0090,0.524
4.200073382,-0.0154,0.5275,0.0017,0.528
4.200336536,-0.0105,0.5365,0.0232,0.537
4.206962805,-0.0044,0.5450,0.0435,0.547
4.207431959,-0.0012,0.5502,0.0525,0.553
4.207694689,0.0061,0.5595,0.0667,0.563
4.207929689,0.0081,0.5661,0.0816,0.572
4.209439574,0.0098,0.5783,0.0914,0.586
4.211516343,0.0112,0.5927,0.1102,0.603
4.213274459,0.0105,0.6010,0.1173,0.612
4.215206613,0.0090,0.6188,0.1346,0.633
4.217145074,0.0090,0.6391,0.1532,0.657
4.219526574,0.0098,0.6501,0.1600,0.670
4.221781189,0.0098,0.6721,0.1698,0.693
4.223050189,0.0071,0.6836,0.1742,0.705
4.225130959,0.0064,0.7070,0.1764,0.729
4.227071728,0.0044,0.7332,0.1786,0.755
4.229068574,0.0042,0.7468,0.1788,0.768
4.231053574,0.0027,0.7757,0.1749,0.795
4.232941382,0.0020,0.8062,0.1691,0.824
4.236455343,0.0010,0.8206,0.1649,0.837
4.237616189,-0.0007,0.8524,0.1554,0.866
4.239566613,-0.0010,0.8829,0.1502,0.896
4.240917805,0.0000,0.8983,0.1498,0.911
4.24295292,0.0010,0.9320,0.1485,0.944
4.244846689,0.0032,0.9482,0.1471,0.959
4.246979113,0.0051,0.9814,0.1449,0.992
4.248804343,0.0093,1.0119,0.1444,1.022
4.251138189,0.0110,1.0271,0.1446,1.037
4.254198382,0.0149,1.0578,0.1424,1.067
4.255771766,0.0193,1.0874,0.1429,1.097
4.257106997,0.0230,1.1016,0.1429,1.111
4.258823228,0.0300,1.1272,0.1412,1.136
4.260814036,0.0364,1.1402,0.1361,1.149
4.262908728,0.0406,1.1617,0.1349,1.170
4.265445728,0.0481,1.1790,0.1346,1.188
4.266989728,0.0508,1.1878,0.1341,1.196
4.281286113,0.0572,1.2037,0.1331,1.212
4.283285228,0.0618,1.2169,0.1314,1.226
4.285353728,0.0643,1.2208,0.1312,1.230
4.287335959,0.0699,1.2289,0.1307,1.238
4.289106266,0.0748,1.2313,0.1287,1.240
4.28967642,0.0760,1.2352,0.1270,1.244
4.290117266,0.0779,1.2347,0.1226,1.243
4.290568459,0.0806,1.2350,0.1202,1.243
4.291023151,0.0821,1.2328,0.1121,1.241
4.291472189,0.0811,1.2303,0.1021,1.237
4.291915728,0.0806,1.2286,0.0967,1.235
4.292421766,0.0789,1.2262,0.0836,1.232
4.292872959,0.0767,1.2232,0.0762,1.228
4.308435959,0.0762,1.2179,0.0577,1.222
4.309414151,0.0713,1.2137,0.0374,1.216
4.309861882,0.0687,1.2115,0.0286,1.214
4.310290689,0.0638,1.2071,0.0064,1.209
4.310719728,0.0564,1.2039,-0.0200,1.205
4.311136036,0.0537,1.2032,-0.0344,1.205
4.311527882,0.0474,1.2013,-0.0618,1.204
4.311938074,0.0435,1.2017,-0.0752,1.205
4.312559882,0.0374,1.2025,-0.1024,1.207
4.313074574,0.0335,1.2061,-0.1297,1.214
4.313976997,0.0303,1.2081,-0.1415,1.217
4.316818882,0.0293,1.2147,-0.1625,1.226
4.318037382,0.0283,1.2220,-0.1769,1.235
4.32080842,0.0259,1.2262,-0.1827,1.240
4.323394766,0.0244,1.2347,-0.1925,1.250
4.323958959,0.0225,1.2399,-0.1952,1.255
4.326670997,0.0166,1.2506,-0.1969,1.266
4.327659151,0.0112,1.2618,-0.1932,1.277
4.330100228,0.0073,1.2672,-0.1898,1.281
4.331668266,-0.0002,1.2789,-0.1793,1.291
4.333613997,-0.0056,1.2843,-0.1725,1.296
4.336024497,-0.0203,1.2968,-0.1546,1.306
4.338078728,-0.0308,1.3090,-0.1324,1.316
4.339280959,-0.0369,1.3146,-0.1200,1.321
4.341455882,-0.0506,1.3244,-0.0919,1.329
4.343258574,-0.0640,1.3346,-0.0628,1.338
4.346891228,-0.0716,1.3408,-0.0472,1.343
4.347448305,-0.0855,1.3493,-0.0171,1.352
4.349601036,-0.0972,1.3537,-0.0015,1.357
4.353501189,-0.1038,1.3620,0.0298,1.366
4.354298036,-0.1151,1.3666,0.0601,1.373
4.355294882,-0.1202,1.3688,0.0740,1.376
4.357632882,-0.1300,1.3740,0.1009,1.384
4.359097574,-0.1366,1.3786,0.1263,1.391
4.361711228,-0.1371,1.3816,0.1378,1.395
4.363235112,-0.1356,1.3886,0.1578,1.404
4.365629882,-0.1300,1.3918,0.1659,1.408
4.36713592,-0.1258,1.3991,0.1805,1.416
4.373402343,-0.1124,1.4082,0.1876,1.425
4.374229651,-0.1036,1.4143,0.1903,1.431
4.374651151,-0.0858,1.4280,0.1935,1.444
4.375051805,-0.0660,1.4463,0.1932,1.461
4.377058651,-0.0530,1.4558,0.1906,1.469
4.378842266,-0.0313,1.4761,0.1835,1.488
4.381331882,-0.0203,1.4866,0.1791,1.497
4.382795766,0.0049,1.5120,0.1695,1.521
4.394473343,0.0291,1.5391,0.1642,1.548
4.395660843,0.0418,1.5526,0.1598,1.561
4.396661035,0.0682,1.5792,0.1512,1.588
4.397361459,0.0955,1.6039,0.1422,1.613
4.39811842,0.1092,1.6154,0.1388,1.625
4.398910997,0.1395,1.6359,0.1280,1.647
4.401043766,0.1566,1.6452,0.1222,1.657
4.402103035,0.1923,1.6564,0.1104,1.671
4.402998805,0.2296,1.6635,0.0977,1.682
4.403842266,0.2482,1.6649,0.0899,1.686
4.404887959,0.2890,1.6645,0.0721,1.691
4.407126343,0.3264,1.6564,0.0501,1.689
4.408541497,0.3452,1.6488,0.0374,1.685
4.41044142,0.3794,1.6322,0.0115,1.676
4.412592497,0.4051,1.6234,-0.0198,1.673
4.41465042,0.4141,1.6029,-0.0369,1.656
4.416310728,0.4266,1.5821,-0.0711,1.640
4.41829042,0.4322,1.5709,-0.0889,1.632
4.420766497,0.4390,1.5494,-0.1231,1.615
4.422411151,0.4393,1.5254,-0.1488,1.594
4.424336112,0.4366,1.5123,-0.1615,1.582
4.42646592,0.4270,1.4844,-0.1803,1.555
4.428339074,0.4212,1.4719,-0.1876,1.542
4.430158574,0.4095,1.4470,-0.1991,1.517
4.432038959,0.3921,1.4246,-0.2047,1.492
4.434133959,0.3840,1.4136,-0.2045,1.479
4.438524305,0.3606,1.3903,-0.1974,1.450
4.440290843,0.3327,1.3708,-0.1837,1.423
4.441414459,0.3210,1.3623,-0.1769,1.411
4.443299689,0.3017,1.3449,-0.1573,1.387
4.444324959,0.2939,1.3361,-0.1468,1.376
4.446033959,0.2778,1.3195,-0.1246,1.354
4.448047997,0.2604,1.3034,-0.1009,1.333
4.450162074,0.2524,1.2965,-0.0889,1.324
4.451980959,0.2350,1.2819,-0.0657,1.305
4.454868612,0.2194,1.2640,-0.0430,1.284
4.456591305,0.2111,1.2545,-0.0305,1.273
4.457742689,0.1918,1.2372,-0.0083,1.252
4.460024959,0.1832,1.2284,0.0032,1.242
4.461745343,0.1649,1.2079,0.0264,1.219
4.463616535,0.1424,1.1888,0.0464,1.198
4.465664305,0.1305,1.1783,0.0557,1.187
4.46754892,0.1060,1.1565,0.0752,1.164
4.476377112,0.0828,1.1451,0.0897,1.152
4.477043382,0.0718,1.1189,0.0980,1.125
4.477339189,0.0481,1.0942,0.1116,1.101
4.477572382,0.0366,1.0815,0.1175,1.089
4.477807574,0.0127,1.0578,0.1261,1.065
4.479771612,-0.0076,1.0322,0.1297,1.040
4.481661382,-0.0156,1.0202,0.1302,1.029
4.483108689,-0.0337,0.9958,0.1292,1.005
4.486252343,-0.0493,0.9723,0.1239,0.981
4.503735266,-0.0557,0.9596,0.1192,0.969
4.504950612,-0.0689,0.9354,0.1114,0.945
4.505344266,-0.0750,0.9245,0.1073,0.934
4.505587343,-0.0870,0.9020,0.0989,0.912
4.505820843,-0.0960,0.8807,0.0880,0.890
4.506053882,-0.1019,0.8700,0.0831,0.880
4.506296766,-0.1121,0.8497,0.0713,0.860
4.506519343,-0.1173,0.8404,0.0665,0.851
4.506755612,-0.1219,0.8218,0.0552,0.833
4.506987728,-0.1236,0.8040,0.0440,0.815
4.50723142,-0.1256,0.7964,0.0396,0.807
4.50872492,-0.1280,0.7810,0.0308,0.792
4.510733458,-0.1266,0.7674,0.0213,0.778
4.512857766,-0.1241,0.7608,0.0181,0.771
4.514737843,-0.1214,0.7483,0.0139,0.758
4.51659942,-0.1178,0.7422,0.0110,0.752
4.519690497,-0.1104,0.7317,0.0049,0.740
4.520604035,-0.1014,0.7229,0.0034,0.730
4.522544266,-0.0965,0.7192,0.0032,0.726
4.524377689,-0.0853,0.7129,0.0017,0.718
4.526776189,-0.0726,0.7085,0.0002,0.712
4.528434997,-0.0657,0.7065,0.0027,0.710
4.530482228,-0.0528,0.7024,0.0086,0.704
4.532316151,-0.0462,0.7021,0.0115,0.704
4.534314535,-0.0340,0.7007,0.0164,0.702
4.536805189,-0.0220,0.7016,0.0239,0.702
4.538404535,-0.0171,0.7034,0.0271,0.704
4.540351343,-0.0076,0.7082,0.0342,0.709
4.542273766,0.0024,0.7136,0.0425,0.715
4.544197612,0.0081,0.7183,0.0462,0.720
4.546239535,0.0178,0.7288,0.0555,0.731
4.549992882,0.0215,0.7332,0.0599,0.736
4.553617997,0.0296,0.7444,0.0682,0.748
4.55479842,0.0371,0.7573,0.0765,0.762
4.55563142,0.0418,0.7647,0.0814,0.770
4.556645228,0.0496,0.7796,0.0899,0.786
4.558174151,0.0584,0.7935,0.0970,0.802
4.560216112,0.0635,0.8006,0.1016,0.810
4.562034458,0.0726,0.8155,0.1070,0.826
4.563802189,0.0784,0.8245,0.1094,0.835
4.565970112,0.0884,0.8409,0.1134,0.853
4.567808958,0.0985,0.8578,0.1141,0.871
4.578618458,0.1036,0.8656,0.1134,0.879
4.580220074,0.1124,0.8805,0.1136,0.895
4.581302651,0.1197,0.8961,0.1112,0.911
4.582507997,0.1219,0.9032,0.1085,0.918
4.583593266,0.1314,0.9164,0.1014,0.931
4.584852151,0.1393,0.9242,0.0933,0.939
4.586067151,0.1422,0.9374,0.0892,0.952
4.587491997,0.1495,0.9486,0.0757,0.963
4.615315574,0.1539,0.9535,0.0694,0.968
4.617004305,0.1600,0.9621,0.0552,0.977
4.618090151,0.1659,0.9679,0.0369,0.983
4.619623497,0.1673,0.9714,0.0286,0.986
4.621675074,0.1710,0.9775,0.0098,0.992
4.622829151,0.1739,0.9782,-0.0115,0.994
4.624050535,0.1764,0.9804,-0.0213,0.996
4.625278651,0.1759,0.9804,-0.0415,0.997
4.626394381,0.1774,0.9804,-0.0518,0.998
4.627667112,0.1781,0.9777,-0.0708,0.996
4.628957997,0.1774,0.9731,-0.0882,0.993
4.630186766,0.1774,0.9714,-0.0963,0.992
4.631457151,0.1776,0.9672,-0.1094,0.989
4.633246843,0.1766,0.9645,-0.1153,0.987
4.634366997,0.1725,0.9560,-0.1248,0.979
4.635521112,0.1708,0.9477,-0.1312,0.972
4.636621228,0.1683,0.9430,-0.1329,0.967
4.63776742,0.1644,0.9345,-0.1351,0.958
4.638867228,0.1612,0.9232,-0.1329,0.947
4.639909189,0.1605,0.9188,-0.1309,0.942
4.641003151,0.1556,0.9086,-0.1266,0.930
4.641802343,0.1520,0.9022,-0.1241,0.923
4.642648689,0.1468,0.8873,-0.1143,0.907
4.643491151,0.1385,0.8744,-0.1033,0.891
4.644351266,0.1351,0.8683,-0.0975,0.884
4.644811728,0.1287,0.8560,-0.0867,0.870
4.645063997,0.1241,0.8436,-0.0738,0.856
4.645295997,0.1207,0.8377,-0.0660,0.849
4.645538766,0.1129,0.8243,-0.0545,0.834
4.645767881,0.1070,0.8104,-0.0435,0.819
4.645998151,0.1046,0.8038,-0.0379,0.811
4.647503305,0.0987,0.7898,-0.0274,0.796
4.648631689,0.0958,0.7825,-0.0215,0.789
4.650534958,0.0909,0.7657,-0.0107,0.771
4.654995074,0.0855,0.7488,-0.0034,0.754
4.655483689,0.0843,0.7405,0.0012,0.745
4.656678766,0.0814,0.7268,0.0088,0.731
4.65860342,0.0755,0.7090,0.0142,0.713
4.660660381,0.0718,0.7007,0.0169,0.705
4.66273292,0.0667,0.6833,0.0210,0.687
4.664750305,0.0655,0.6753,0.0235,0.679
4.66637792,0.0613,0.6604,0.0279,0.664
4.668611766,0.0569,0.6447,0.0337,0.648
4.67291792,0.0545,0.6379,0.0347,0.641
4.67348092,0.0474,0.6257,0.0352,0.628
4.674561305,0.0403,0.6125,0.0371,0.615
4.676582997,0.0374,0.6066,0.0374,0.609
4.678684766,0.0308,0.5966,0.0406,0.599
4.680536151,0.0279,0.5910,0.0413,0.593
4.682315958,0.0239,0.5817,0.0425,0.584
4.684501112,0.0183,0.5734,0.0450,0.575
4.693574651,0.0156,0.5719,0.0462,0.574
4.694185535,0.0103,0.5663,0.0491,0.569
4.694445266,0.0081,0.5609,0.0511,0.563
4.69467692,0.0066,0.5587,0.0513,0.561
4.694906305,0.0022,0.5558,0.0567,0.559
4.696000881,0.0007,0.5553,0.0594,0.558
4.697796805,-0.0034,0.5546,0.0625,0.558
4.699863381,-0.0015,0.5563,0.0687,0.561
4.701949189,-0.0029,0.5578,0.0716,0.562
4.704285381,-0.0044,0.5612,0.0811,0.567
4.705826381,-0.0044,0.5675,0.0853,0.574
4.707735266,-0.0042,0.5705,0.0889,0.577
4.709713574,-0.0029,0.5780,0.0938,0.586
4.711584689,-0.0022,0.5836,0.0958,0.591
4.713531651,-0.0017,0.5954,0.1002,0.604
4.715597151,-0.0027,0.6088,0.1026,0.617
4.717841843,-0.0024,0.6152,0.1041,0.624
4.721808074,-0.0017,0.6298,0.1077,0.639
4.722457497,-0.0032,0.6442,0.1097,0.654
4.723881189,-0.0027,0.6521,0.1099,0.661
4.725697612,-0.0037,0.6699,0.1102,0.679
4.727782997,-0.0046,0.6804,0.1082,0.689
4.729655997,-0.0039,0.6997,0.1029,0.707
4.731504228,-0.0022,0.7185,0.0916,0.724
4.733619997,-0.0015,0.7285,0.0838,0.733
4.735621651,-0.0017,0.7493,0.0708,0.753
4.738146766,-0.0034,0.7737,0.0672,0.777
4.739405651,-0.0027,0.7850,0.0645,0.788
4.741262766,-0.0007,0.8082,0.0591,0.810
4.74326942,-0.0015,0.8194,0.0535,0.821
4.74528292,-0.0017,0.8465,0.0515,0.848
4.747219881,-0.0020,0.8719,0.0506,0.873
4.749264228,-0.0020,0.8846,0.0513,0.886
4.751171689,-0.0002,0.9115,0.0520,0.913
4.753820497,0.0022,0.9379,0.0525,0.939
4.755688343,0.0046,0.9516,0.0515,0.953
4.757052381,0.0095,0.9792,0.0486,0.980
4.759072881,0.0169,0.9936,0.0540,0.995
4.761054343,0.0215,1.0212,0.0581,1.023
4.763135458,0.0313,1.0498,0.0652,1.052
4.765292112,0.0352,1.0618,0.0691,1.065
4.767059958,0.0472,1.0872,0.0799,1.091
4.777792381,0.0606,1.1131,0.0904,1.118
4.778997881,0.0672,1.1250,0.0945,1.131
4.779829881,0.0811,1.1497,0.0992,1.157
4.780732497,0.0965,1.1702,0.1004,1.178
4.781557074,0.1033,1.1795,0.1009,1.188
4.78263792,0.1156,1.1971,0.1019,1.207
4.783395343,0.1214,1.2057,0.1009,1.216
4.784191881,0.1319,1.2215,0.0980,1.233
4.784979035,0.1407,1.2323,0.0923,1.244
4.803056497,0.1451,1.2377,0.0887,1.249
4.805004343,0.1517,1.2472,0.0806,1.259
4.80591142,0.1554,1.2504,0.0728,1.262
4.806992343,0.1573,1.2511,0.0691,1.263
4.808007304,0.1605,1.2499,0.0640,1.262
4.809205612,0.1598,1.2477,0.0594,1.259
4.810196612,0.1576,1.2443,0.0501,1.255
4.811093497,0.1566,1.2384,0.0398,1.249
4.811787458,0.1556,1.2340,0.0342,1.244
4.812906151,0.1510,1.2230,0.0215,1.232
4.813625766,0.1449,1.2098,0.0083,1.218
4.814366997,0.1424,1.2020,0.0010,1.210
4.815189381,0.1371,1.1888,-0.0122,1.197
4.815960804,0.1322,1.1817,-0.0176,1.189
4.816949304,0.1258,1.1666,-0.0325,1.174
4.817623304,0.1173,1.1517,-0.0437,1.158
4.818588958,0.1131,1.1448,-0.0489,1.151
4.821759304,0.1021,1.1319,-0.0599,1.138
4.823268689,0.0899,1.1253,-0.0665,1.131
4.82769642,0.0838,1.1143,-0.0706,1.120
4.829027151,0.0735,1.1038,-0.0767,1.109
4.830002035,0.0689,1.0989,-0.0789,1.104
4.830867881,0.0591,1.0894,-0.0823,1.094
4.832500497,0.0496,1.0801,-0.0828,1.084
4.834279574,0.0469,1.0759,-0.0814,1.080
4.837549612,0.0398,1.0669,-0.0799,1.071
4.839127266,0.0342,1.0571,-0.0762,1.060
4.84033642,0.0327,1.0530,-0.0738,1.056
4.84221392,0.0293,1.0434,-0.0694,1.046
4.844198958,0.0269,1.0393,-0.0672,1.042
4.846303304,0.0237,1.0317,-0.0630,1.034
4.848170651,0.0220,1.0227,-0.0584,1.025
4.850107189,0.0213,1.0185,-0.0557,1.020
4.852001266,0.0183,1.0112,-0.0489,1.013
4.855160727,0.0147,1.0031,-0.0413,1.004
4.856831804,0.0134,0.9997,-0.0381,1.001
4.858570535,0.0100,0.9916,-0.0298,0.992
4.859893535,0.0093,0.9882,-0.0257,0.989
4.862008997,0.0083,0.9811,-0.0164,0.981
4.863977035,0.0064,0.9748,-0.0051,0.975
4.866064689,0.0049,0.9716,0.0015,0.972
4.867938304,0.0049,0.9672,0.0154,0.967
4.877065343,0.0046,0.9643,0.0281,0.965
4.878563458,0.0037,0.9638,0.0359,0.964
4.879686766,0.0020,0.9631,0.0520,0.964
4.880914074,0.0020,0.9643,0.0603,0.966
4.881976881,0.0010,0.9679,0.0789,0.971
4.88292842,0.0005,0.9721,0.0960,0.977
4.883852074,0.0000,0.9755,0.1053,0.981
4.884836612,-0.0032,0.9841,0.1239,0.992
4.885867881,-0.0064,0.9929,0.1375,1.002
4.900565689,-0.0068,0.9968,0.1459,1.007
4.902026112,-0.0071,1.0073,0.1593,1.020
4.903142074,-0.0064,1.0126,0.1644,1.026
4.904333843,-0.0064,1.0227,0.1761,1.038
4.905500458,-0.0061,1.0327,0.1837,1.049
4.906478843,-0.0044,1.0383,0.1864,1.055
4.907594381,-0.0020,1.0483,0.1893,1.065
4.908522189,0.0012,1.0581,0.1891,1.075
4.909731227,0.0022,1.0647,0.1881,1.081
4.910868112,0.0046,1.0771,0.1867,1.093
4.911650766,0.0059,1.0842,0.1827,1.100
4.912436651,0.0088,1.0982,0.1739,1.112
4.913477535,0.0112,1.1123,0.1612,1.124
4.914270112,0.0129,1.1199,0.1534,1.130
4.91515992,0.0142,1.1370,0.1353,1.145
4.917506074,0.0122,1.1551,0.1116,1.161
4.925724266,0.0107,1.1636,0.1009,1.168
4.92778442,0.0049,1.1812,0.0762,1.184
4.928964035,0.0027,1.1903,0.0618,1.192
4.930182574,-0.0056,1.2088,0.0315,1.209
4.931270766,-0.0178,1.2284,-0.0007,1.229
4.932025574,-0.0249,1.2396,-0.0171,1.240
4.933016074,-0.0403,1.2631,-0.0523,1.265
4.933780958,-0.0562,1.2882,-0.0892,1.293
4.934865458,-0.0645,1.3007,-0.1082,1.307
4.93855165,-0.0814,1.3256,-0.1439,1.336
4.939968497,-0.0826,1.3371,-0.1608,1.349
4.941395035,-0.0850,1.3601,-0.1954,1.377
4.94271442,-0.0757,1.3776,-0.2255,1.398
4.945429881,-0.0687,1.3877,-0.2367,1.409
4.946537381,-0.0708,1.4180,-0.2543,1.442
4.94859042,-0.0845,1.4517,-0.2729,1.480
4.950529958,-0.0904,1.4688,-0.2819,1.498
4.954907381,-0.1046,1.5027,-0.2941,1.535
4.956391343,-0.1121,1.5215,-0.2971,1.554
4.957370689,-0.1290,1.5562,-0.3027,1.591
4.958519458,-0.1495,1.5948,-0.3064,1.631
4.960483881,-0.1615,1.6129,-0.3059,1.650
4.962527881,-0.1798,1.6444,-0.3044,1.682
4.964412266,-0.2047,1.6679,-0.3081,1.708
4.966497035,-0.2184,1.6772,-0.3098,1.719
4.96840492,-0.2284,1.6979,-0.2995,1.739
4.976924727,-0.2279,1.7060,-0.2973,1.747
4.978281343,-0.2257,1.7123,-0.2927,1.752
4.979205497,-0.2194,1.7082,-0.2875,1.746
4.980315189,-0.2125,1.7033,-0.2834,1.740
4.98239742,-0.1986,1.6877,-0.2726,1.721
4.983202727,-0.1823,1.6640,-0.2568,1.693
4.984314535,-0.1737,1.6518,-0.2472,1.679
4.985509766,-0.1586,1.6205,-0.2272,1.644
4.986681266,-0.1502,1.6046,-0.2135,1.626
5.003252227,-0.1393,1.5753,-0.1867,1.592
5.005582727,-0.1312,1.5425,-0.1566,1.556
5.006420881,-0.1295,1.5279,-0.1429,1.540
5.007388997,-0.1268,1.4998,-0.1124,1.509
5.008487304,-0.1253,1.4715,-0.0804,1.479
5.00966592,-0.1253,1.4580,-0.0647,1.465
5.010926881,-0.1273,1.4346,-0.0330,1.441
5.012056535,-0.1258,1.4224,-0.0171,1.428
5.012959458,-0.1244,1.3996,0.0127,1.405
5.013988074,-0.1256,1.3784,0.0415,1.385
5.014755766,-0.1251,1.3684,0.0547,1.375
5.015727574,-0.1219,1.3491,0.0779,1.357
5.016685574,-0.1195,1.3278,0.1004,1.337
5.017462458,-0.1182,1.3188,0.1107,1.329
5.018260958,-0.1158,1.3012,0.1266,1.312
5.01893665,-0.1141,1.2912,0.1351,1.303
5.020016997,-0.1090,1.2701,0.1498,1.284
5.022881266,-0.1038,1.2516,0.1632,1.266
5.024441843,-0.1009,1.2413,0.1691,1.257
5.025611574,-0.0938,1.2206,0.1796,1.237
5.027445804,-0.0836,1.1993,0.1874,1.217
5.029616381,-0.0794,1.1881,0.1913,1.206
5.03142715,-0.0716,1.1634,0.1972,1.182
5.033513381,-0.0625,1.1402,0.2003,1.159
5.035351804,-0.0577,1.1280,0.2016,1.147
5.038204843,-0.0472,1.1038,0.2028,1.123
5.039700073,-0.0420,1.0920,0.2016,1.111
5.041639227,-0.0332,1.0647,0.1998,1.084
5.043334766,-0.0237,1.0381,0.1998,1.057
5.045361843,-0.0195,1.0254,0.2003,1.045
5.047165804,-0.0100,1.0004,0.1994,1.020
5.049218112,-0.0017,0.9748,0.1986,0.995
5.051290189,0.0015,0.9623,0.1981,0.983
5.05318392,0.0071,0.9386,0.1972,0.959
5.055924304,0.0098,0.9267,0.1981,0.948
5.058900997,0.0137,0.9042,0.1991,0.926
5.060414073,0.0125,0.8822,0.1996,0.905
5.061459266,0.0120,0.8714,0.2006,0.894
5.063232804,0.0112,0.8517,0.2023,0.875
5.065109997,0.0059,0.8316,0.2013,0.856
5.067010535,0.0039,0.8209,0.2001,0.845
5.069046266,-0.0024,0.8047,0.1996,0.829
5.077966035,-0.0066,0.7972,0.1994,0.822
5.079379997,-0.0151,0.7810,0.1979,0.806
5.080630958,-0.0232,0.7664,0.1947,0.791
5.081745266,-0.0286,0.7591,0.1925,0.784
5.082750804,-0.0374,0.7439,0.1891,0.768
5.083667766,-0.0493,0.7327,0.1852,0.757
5.084656958,-0.0550,0.7266,0.1825,0.751
5.084972112,-0.0660,0.7161,0.1783,0.741
5.101165535,-0.0706,0.7087,0.1754,0.734
5.101748997,-0.0811,0.6963,0.1688,0.721
5.102011112,-0.0899,0.6850,0.1625,0.710
5.102247612,-0.0955,0.6804,0.1586,0.705
5.102479997,-0.1058,0.6711,0.1500,0.696
5.102731304,-0.1163,0.6660,0.1461,0.692
5.102988073,-0.1212,0.6582,0.1388,0.683
5.103216304,-0.1305,0.6511,0.1285,0.676
5.103445497,-0.1353,0.6477,0.1256,0.673
5.109399266,-0.1439,0.6420,0.1187,0.669
5.109877612,-0.1517,0.6376,0.1126,0.665
5.110129343,-0.1542,0.6354,0.1099,0.663
5.11038215,-0.1586,0.6293,0.1038,0.657
5.112019073,-0.1608,0.6284,0.1007,0.656
5.114167304,-0.1639,0.6259,0.0948,0.654
5.115968112,-0.1656,0.6262,0.0875,0.654
5.117895535,-0.1669,0.6252,0.0855,0.653
5.12103415,-0.1693,0.6247,0.0833,0.653
5.122437881,-0.1715,0.6269,0.0814,0.655
5.123760804,-0.1708,0.6284,0.0801,0.656
5.125920073,-0.1720,0.6337,0.0787,0.661
5.127874573,-0.1739,0.6367,0.0804,0.665
5.13006965,-0.1749,0.6425,0.0814,0.671
5.13189265,-0.1774,0.6486,0.0828,0.678
5.133916381,-0.1769,0.6516,0.0845,0.680
5.135729535,-0.1761,0.6589,0.0860,0.687
5.138786766,-0.1764,0.6694,0.0926,0.698
5.140370381,-0.1766,0.6738,0.0958,0.703
5.141981727,-0.1742,0.6828,0.1024,0.712
5.143795458,-0.1739,0.6892,0.1058,0.719
5.14582992,-0.1713,0.6994,0.1085,0.728
5.147490881,-0.1691,0.7109,0.1129,0.739
5.14966192,-0.1676,0.7168,0.1158,0.745
5.151435881,-0.1649,0.7283,0.1209,0.756
5.15467492,-0.1622,0.7390,0.1273,0.767
5.155824958,-0.1605,0.7446,0.1292,0.773
5.158484996,-0.1534,0.7576,0.1327,0.784
5.160253496,-0.1515,0.7630,0.1346,0.789
5.16177915,-0.1461,0.7752,0.1368,0.801
5.163521073,-0.1385,0.7881,0.1380,0.812
5.165542843,-0.1334,0.7945,0.1385,0.817
5.167635304,-0.1248,0.8057,0.1371,0.827
5.169625496,-0.1158,0.8179,0.1349,0.837
5.180330804,-0.1107,0.8236,0.1346,0.842
5.181951573,-0.0997,0.8350,0.1295,0.851
5.183208496,-0.0865,0.8404,0.1239,0.854
5.18461342,-0.0811,0.8524,0.1204,0.865
5.18574315,-0.0689,0.8629,0.1124,0.873
5.18708015,-0.0633,0.8680,0.1085,0.877
5.18820515,-0.0489,0.8778,0.1009,0.885
5.189484112,-0.0352,0.8859,0.0909,0.891
5.190353727,-0.0288,0.8900,0.0850,0.895
5.192017881,-0.0132,0.8978,0.0728,0.901
5.193566266,-0.0015,0.8998,0.0577,0.902
5.194482112,0.0034,0.9017,0.0511,0.903
5.195654612,0.0144,0.9059,0.0496,0.907
5.217207266,0.0195,0.9071,0.0476,0.909
5.219384612,0.0298,0.9086,0.0386,0.910
5.220681458,0.0384,0.9091,0.0283,0.910
5.221945073,0.0418,0.9078,0.0239,0.909
5.22323815,0.0452,0.9042,0.0127,0.905
5.225048689,0.0501,0.8988,-0.0024,0.900
5.226174496,0.0501,0.8961,-0.0081,0.898
5.227287843,0.0533,0.8907,-0.0107,0.892
5.228057073,0.0579,0.8881,-0.0188,0.890
5.229118573,0.0601,0.8817,-0.0249,0.884
5.230044496,0.0601,0.8751,-0.0337,0.878
5.230982458,0.0594,0.8707,-0.0381,0.874
5.231762881,0.0574,0.8607,-0.0493,0.864
5.232888266,0.0545,0.8507,-0.0591,0.854
5.233717573,0.0542,0.8455,-0.0643,0.850
5.234655189,0.0513,0.8370,-0.0716,0.842
5.235429804,0.0454,0.8324,-0.0794,0.837
5.236208689,0.0425,0.8187,-0.0831,0.824
5.237139727,0.0386,0.8123,-0.0877,0.818
5.237924304,0.0381,0.8079,-0.0897,0.814
5.238971766,0.0344,0.7986,-0.0911,0.805
5.239853035,0.0308,0.7918,-0.0911,0.798
5.240891996,0.0286,0.7884,-0.0901,0.794
5.243293073,0.0264,0.7815,-0.0884,0.787
5.244439881,0.0254,0.7769,-0.0882,0.782
5.246297073,0.0249,0.7671,-0.0853,0.772
5.248312343,0.0247,0.7600,-0.0806,0.765
5.250237881,0.0247,0.7569,-0.0765,0.761
5.252245766,0.0247,0.7464,-0.0691,0.750
5.254894804,0.0230,0.7412,-0.0635,0.744
5.256093573,0.0247,0.7315,-0.0601,0.734
5.258258881,0.0252,0.7200,-0.0545,0.722
5.260064266,0.0252,0.7158,-0.0515,0.718
5.261820496,0.0247,0.7043,-0.0430,0.706
5.264013843,0.0247,0.6926,-0.0349,0.694
5.265868689,0.0252,0.6860,-0.0320,0.687
5.267860612,0.0249,0.6755,-0.0242,0.676
5.269867535,0.0230,0.6606,-0.0171,0.661
5.27385415,0.0217,0.6540,-0.0125,0.654
5.274383381,0.0225,0.6403,-0.0064,0.641
5.27585865,0.0213,0.6347,-0.0046,0.635
5.27807115,0.0205,0.6222,0.0005,0.623
5.279657612,0.0188,0.6095,0.0061,0.610
5.281861073,0.0186,0.6034,0.0095,0.604
5.284751958,0.0176,0.5934,0.0156,0.594
5.285547073,0.0154,0.5836,0.0237,0.584
5.295913343,0.0161,0.5800,0.0274,0.581
5.296911612,0.0149,0.5734,0.0310,0.574
5.297663958,0.0147,0.5707,0.0313,0.572
5.298296112,0.0098,0.5661,0.0305,0.567
5.298884112,0.0056,0.5614,0.0327,0.562
5.299602227,0.0046,0.5599,0.0366,0.561
5.300318227,-0.0012,0.5597,0.0469,0.562
5.301903381,-0.0083,0.5631,0.0542,0.566
5.306218266,-0.0115,0.5636,0.0596,0.567
5.307642343,-0.0132,0.5675,0.0708,0.572
5.308658458,-0.0159,0.5697,0.0770,0.575
5.309658458,-0.0210,0.5763,0.0914,0.584
5.311268996,-0.0244,0.5851,0.1068,0.595
5.313399843,-0.0242,0.5898,0.1138,0.601
5.31521415,-0.0230,0.5971,0.1246,0.610
5.317241496,-0.0200,0.6061,0.1334,0.621
5.319351919,-0.0191,0.6110,0.1361,0.626
5.322277843,-0.0156,0.6213,0.1417,0.637
5.324267189,-0.0134,0.6291,0.1454,0.646
5.325785343,-0.0125,0.6342,0.1471,0.651
5.327272227,-0.0107,0.6467,0.1522,0.664
5.329160266,-0.0103,0.6528,0.1546,0.671
5.33125765,-0.0093,0.6655,0.1546,0.683
5.332987496,-0.0068,0.6782,0.1524,0.695
5.335029343,-0.0059,0.6833,0.1485,0.699
5.337158189,-0.0039,0.6960,0.1402,0.710
5.340308689,-0.0034,0.7102,0.1268,0.721
5.341737458,-0.0024,0.7175,0.1214,0.728
5.343067496,-0.0017,0.7341,0.1075,0.742
5.345080881,-0.0022,0.7400,0.1002,0.747
5.346922804,-0.0068,0.7547,0.0848,0.759
5.349244612,-0.0122,0.7698,0.0711,0.773
5.350913573,-0.0139,0.7786,0.0647,0.781
5.353034496,-0.0176,0.7967,0.0533,0.799
5.356363996,-0.0232,0.8065,0.0493,0.808
5.358018227,-0.0266,0.8267,0.0384,0.828
5.359247458,-0.0293,0.8451,0.0286,0.846
5.360912612,-0.0310,0.8534,0.0252,0.854
5.362890496,-0.0332,0.8744,0.0213,0.875
5.364666112,-0.0362,0.8954,0.0173,0.896
5.36672265,-0.0374,0.9047,0.0171,0.906
5.368685458,-0.0403,0.9242,0.0200,0.925
5.379379535,-0.0418,0.9350,0.0252,0.936
5.381115958,-0.0428,0.9540,0.0269,0.955
5.382212842,-0.0457,0.9743,0.0313,0.976
5.383391804,-0.0479,0.9833,0.0342,0.985
5.384712804,-0.0491,1.0039,0.0430,1.006
5.385131919,-0.0515,1.0241,0.0513,1.027
5.385370919,-0.0525,1.0334,0.0564,1.036
5.385602804,-0.0552,1.0500,0.0684,1.054
5.386131266,-0.0567,1.0605,0.0745,1.065
5.403130996,-0.0616,1.0793,0.0853,1.084
5.403681189,-0.0657,1.0977,0.0963,1.104
5.403959304,-0.0679,1.1065,0.1007,1.113
5.404261881,-0.0694,1.1214,0.1073,1.129
5.404494612,-0.0721,1.1368,0.1143,1.145
5.404726419,-0.0726,1.1446,0.1163,1.153
5.404956958,-0.0721,1.1597,0.1151,1.168
5.40519665,-0.0721,1.1661,0.1148,1.174
5.405418035,-0.0672,1.1727,0.1126,1.180
5.409215612,-0.0283,1.1592,0.1053,1.164
5.409484689,-0.0088,1.1531,0.0989,1.157
5.410140996,0.0020,1.1578,0.0894,1.161
5.41157515,-0.0010,1.1653,0.0840,1.168
5.413720842,-0.0129,1.1837,0.0760,1.186
5.415581842,-0.0337,1.1915,0.0567,1.193
5.417601035,-0.0413,1.1920,0.0481,1.194
5.419772996,-0.0513,1.1915,0.0281,1.193
5.421851535,-0.0469,1.2049,0.0132,1.206
5.423622266,-0.0452,1.2105,-0.0002,1.211
5.425764766,-0.0450,1.2289,-0.0112,1.230
5.427527381,-0.0418,1.2596,-0.0191,1.260
5.429572612,-0.0388,1.2763,-0.0249,1.277
5.431358535,-0.0320,1.3075,-0.0364,1.308
5.433834958,-0.0249,1.3254,-0.0447,1.326
5.435559112,-0.0193,1.3632,-0.0621,1.365
5.438912266,-0.0100,1.4004,-0.0777,1.403
5.441432381,-0.0039,1.4189,-0.0877,1.422
5.443091612,0.0056,1.4590,-0.1085,1.463
5.444961958,0.0147,1.5013,-0.1241,1.506
5.446212996,0.0215,1.5220,-0.1329,1.528
5.447762689,0.0386,1.5655,-0.1441,1.573
5.449383689,0.0589,1.5877,-0.1488,1.596
5.451179996,0.0716,1.6276,-0.1612,1.637
5.453719535,0.0997,1.6591,-0.1710,1.671
5.457062342,0.1158,1.6745,-0.1742,1.687
5.458523496,0.1517,1.7013,-0.1815,1.718
5.459698266,0.1940,1.7287,-0.1867,1.750
5.461732689,0.2177,1.7434,-0.1871,1.767
5.463026189,0.2734,1.7729,-0.1803,1.803
5.465392689,0.3447,1.7976,-0.1730,1.839
5.467083573,0.3870,1.8020,-0.1725,1.851
5.469286304,0.4686,1.7942,-0.1825,1.863
5.478432112,0.5055,1.7861,-0.1903,1.866
5.47992465,0.5673,1.7632,-0.2103,1.864
5.481235689,0.6210,1.7358,-0.2301,1.858
5.482319727,0.6467,1.7194,-0.2399,1.853
5.483281996,0.6899,1.6855,-0.2604,1.840
5.485651919,0.7212,1.6679,-0.2822,1.839
5.486577996,0.7349,1.6325,-0.2929,1.814
5.487482919,0.7539,1.5956,-0.3112,1.792
5.488887265,0.7600,1.5765,-0.3188,1.779
5.501670496,0.7657,1.5413,-0.3286,1.752
5.503173919,0.7617,1.5118,-0.3293,1.725
5.504415842,0.7566,1.4978,-0.3291,1.710
5.505565458,0.7388,1.4746,-0.3227,1.681
5.506908458,0.7266,1.4656,-0.3159,1.666
5.508001458,0.6970,1.4492,-0.2966,1.635
5.509195035,0.6572,1.4368,-0.2722,1.603
5.509935996,0.6359,1.4316,-0.2575,1.588
5.511139381,0.5912,1.4226,-0.2238,1.557
5.511997342,0.5428,1.4155,-0.1849,1.527
5.513023458,0.5187,1.4111,-0.1630,1.512
5.513843881,0.4696,1.4033,-0.1175,1.484
5.514960381,0.4266,1.3982,-0.0691,1.463
5.515666035,0.4075,1.3879,-0.0462,1.447
5.516768958,0.3711,1.3764,0.0029,1.426
5.519333381,0.3540,1.3691,0.0264,1.414
5.521002189,0.3213,1.3549,0.0748,1.394
5.531126996,0.2934,1.3398,0.1197,1.377
5.532864727,0.2797,1.3315,0.1446,1.368
5.533591535,0.2541,1.3139,0.1952,1.352
5.534625496,0.2287,1.2938,0.2443,1.336
5.535526804,0.2150,1.2851,0.2680,1.330
5.536715458,0.1881,1.2658,0.3130,1.317
5.537949919,0.1732,1.2570,0.3342,1.312
5.539120419,0.1454,1.2396,0.3733,1.303
5.540376535,0.1212,1.2196,0.4085,1.292
5.541256881,0.1092,1.2103,0.4246,1.287
5.542089112,0.0850,1.1881,0.4512,1.274
5.544739689,0.0650,1.1685,0.4698,1.261
5.546256881,0.0562,1.1583,0.4762,1.254
5.548281842,0.0330,1.1380,0.4876,1.238
5.55003465,0.0220,1.1292,0.4903,1.231
5.551914881,-0.0012,1.1121,0.4903,1.215
5.555523765,-0.0232,1.0967,0.4842,1.199
5.557167035,-0.0327,1.0886,0.4791,1.190
5.558203804,-0.0513,1.0727,0.4652,1.170
5.56164365,-0.0662,1.0578,0.4517,1.152
5.563016381,-0.0738,1.0495,0.4434,1.142
5.564081804,-0.0858,1.0378,0.4214,1.123
5.565721189,-0.0909,1.0310,0.4117,1.114
5.567509689,-0.1024,1.0178,0.3911,1.095
5.569704112,-0.1094,1.0041,0.3696,1.076
5.578472842,-0.1124,0.9987,0.3586,1.067
5.579951996,-0.1207,0.9882,0.3347,1.050
5.581107573,-0.1287,0.9826,0.3110,1.039
5.582173035,-0.1322,0.9714,0.2981,1.025
5.583059458,-0.1400,0.9621,0.2729,1.010
5.585473073,-0.1434,0.9582,0.2609,1.003
5.586309535,-0.1505,0.9535,0.2348,0.993
5.587346381,-0.1554,0.9467,0.2113,0.982
5.604322842,-0.1559,0.9438,0.2001,0.977
5.605913765,-0.1539,0.9369,0.1759,0.966
5.607066765,-0.1505,0.9308,0.1527,0.955
5.60791215,-0.1507,0.9286,0.1417,0.951
5.609020919,-0.1454,0.9245,0.1236,0.944
5.610101996,-0.1429,0.9232,0.1126,0.941
5.611521688,-0.1363,0.9183,0.0933,0.933
5.612785496,-0.1285,0.9137,0.0713,0.925
5.613613573,-0.1266,0.9125,0.0616,0.923
5.614335227,-0.1204,0.9083,0.0435,0.917
5.61539815,-0.1134,0.9056,0.0352,0.913
5.616695342,-0.1097,0.9027,0.0200,0.910
5.61754265,-0.0997,0.8995,0.0064,0.905
5.618194765,-0.0953,0.8973,-0.0002,0.902
5.619169727,-0.0836,0.8939,-0.0149,0.898
5.619956112,-0.0726,0.8915,-0.0257,0.895
5.621417381,-0.0682,0.8910,-0.0310,0.894
5.622628227,-0.0567,0.8910,-0.0420,0.894
5.623965419,-0.0447,0.8895,-0.0533,0.892
5.625270535,-0.0388,0.8885,-0.0572,0.891
5.627947458,-0.0283,0.8859,-0.0628,0.889
5.629509381,-0.0225,0.8854,-0.0665,0.888
5.63070765,-0.0112,0.8866,-0.0730,0.890
5.632549842,0.0027,0.8876,-0.0796,0.891
5.634690496,0.0088,0.8885,-0.0814,0.892
5.636354688,0.0208,0.8907,-0.0838,0.895
5.639003342,0.0257,0.8915,-0.0836,0.896
5.640985496,0.0374,0.8925,-0.0838,0.897
5.642350688,0.0513,0.8951,-0.0850,0.901
5.644297727,0.0579,0.8956,-0.0833,0.901
5.646402419,0.0755,0.8981,-0.0794,0.905
5.648197342,0.0921,0.9008,-0.0755,0.909
5.650525765,0.1007,0.9027,-0.0733,0.911
5.652154881,0.1134,0.9059,-0.0672,0.915
5.654427919,0.1212,0.9071,-0.0647,0.917
5.659682188,0.1358,0.9093,-0.0581,0.921
5.660357265,0.1507,0.9113,-0.0535,0.925
5.660612265,0.1588,0.9122,-0.0506,0.927
5.662486842,0.1717,0.9164,-0.0413,0.933
5.664329304,0.1849,0.9210,-0.0330,0.940
5.666037035,0.1906,0.9220,-0.0291,0.942
5.667968612,0.2020,0.9254,-0.0186,0.947
5.670331535,0.2116,0.9269,-0.0081,0.951
5.697130073,0.2157,0.9296,-0.0037,0.954
5.697875842,0.2235,0.9330,0.0059,0.959
5.69817265,0.2260,0.9354,0.0127,0.962
5.698418342,0.2294,0.9411,0.0237,0.969
5.698655304,0.2336,0.9447,0.0347,0.974
5.698886765,0.2336,0.9457,0.0388,0.975
5.699130919,0.2316,0.9460,0.0454,0.975
5.699362035,0.2296,0.9472,0.0493,0.976
5.699602111,0.2279,0.9486,0.0545,0.977
5.69983365,0.2240,0.9472,0.0589,0.975
5.700077073,0.2223,0.9469,0.0606,0.975
5.700349727,0.2174,0.9455,0.0616,0.972
5.700587958,0.2118,0.9418,0.0635,0.967
5.700811958,0.2089,0.9389,0.0638,0.964
5.701049419,0.2016,0.9335,0.0635,0.957
5.701636342,0.1932,0.9267,0.0647,0.949
5.703518688,0.1893,0.9240,0.0623,0.945
5.708001111,0.1796,0.9179,0.0567,0.937
5.708804919,0.1742,0.9147,0.0557,0.933
5.709536611,0.1654,0.9061,0.0518,0.923
5.711720688,0.1556,0.8959,0.0484,0.911
5.714058996,0.1500,0.8915,0.0457,0.905
5.715678496,0.1407,0.8822,0.0406,0.894
5.717602688,0.1307,0.8744,0.0340,0.885
5.719566727,0.1263,0.8685,0.0308,0.878
5.722739227,0.1175,0.8551,0.0239,0.863
5.723580342,0.1141,0.8490,0.0193,0.857
5.725543381,0.1048,0.8365,0.0093,0.843
5.727381958,0.0950,0.8255,-0.0015,0.831
5.730035765,0.0916,0.8184,-0.0073,0.824
5.731247342,0.0838,0.8030,-0.0200,0.808
5.733282342,0.0752,0.7894,-0.0313,0.794
5.735278804,0.0713,0.7832,-0.0388,0.787
5.737515419,0.0645,0.7713,-0.0537,0.776
5.739792496,0.0601,0.7644,-0.0603,0.769
5.741615573,0.0523,0.7483,-0.0721,0.754
5.743043265,0.0442,0.7332,-0.0831,0.739
5.745291265,0.0408,0.7256,-0.0882,0.732
5.746930419,0.0337,0.7109,-0.0977,0.718
5.749088342,0.0271,0.6955,-0.1048,0.704
5.750888804,0.0239,0.6880,-0.1090,0.697
5.753025958,0.0178,0.6728,-0.1131,0.682
5.756060111,0.0149,0.6652,-0.1151,0.675
5.756843342,0.0095,0.6506,-0.1163,0.661
5.759970111,0.0039,0.6359,-0.1153,0.646
5.760822611,0.0020,0.6276,-0.1153,0.638
5.762672304,-0.0024,0.6149,-0.1141,0.625
5.76489415,-0.0046,0.6091,-0.1131,0.619
5.766470996,-0.0083,0.5961,-0.1097,0.606
5.768707342,-0.0115,0.5817,-0.1073,0.592
5.770591458,-0.0115,0.5753,-0.1048,0.585
5.775024227,-0.0120,0.5656,-0.0992,0.574
5.775697227,-0.0122,0.5551,-0.0906,0.563
5.776438727,-0.0127,0.5504,-0.0865,0.557
5.778551381,-0.0134,0.5406,-0.0784,0.546
5.780588611,-0.0149,0.5370,-0.0691,0.542
5.782321996,-0.0144,0.5331,-0.0647,0.537
5.784377919,-0.0139,0.5294,-0.0555,0.532
5.786417958,-0.0139,0.5292,-0.0501,0.532
5.805509381,-0.0132,0.5265,-0.0386,0.528
5.806363265,-0.0132,0.5265,-0.0291,0.527
5.806772842,-0.0132,0.5277,-0.0254,0.528
5.807060188,-0.0127,0.5301,-0.0144,0.530
5.807314111,-0.0120,0.5321,-0.0083,0.532
5.807589188,-0.0120,0.5367,-0.0002,0.537
5.808003381,-0.0100,0.5438,0.0100,0.544
5.809440111,-0.0088,0.5470,0.0144,0.547
5.810227881,-0.0086,0.5551,0.0235,0.556
5.810644381,-0.0112,0.5607,0.0279,0.561
5.811040958,-0.0137,0.5700,0.0369,0.571
5.811416227,-0.0139,0.5822,0.0464,0.584
5.811810919,-0.0154,0.5876,0.0491,0.590
5.81418615,-0.0171,0.5976,0.0513,0.600
5.81618215,-0.0171,0.6100,0.0540,0.613
5.817891188,-0.0178,0.6157,0.0530,0.618
5.819885458,-0.0169,0.6262,0.0535,0.629
5.824177111,-0.0164,0.6372,0.0525,0.640
5.825091073,-0.0166,0.6437,0.0518,0.646
5.825513496,-0.0164,0.6579,0.0484,0.660
5.827718458,-0.0164,0.6648,0.0462,0.667
5.829831881,-0.0144,0.6767,0.0406,0.678
5.831854688,-0.0100,0.6919,0.0349,0.693
5.833784458,-0.0081,0.6999,0.0300,0.701
5.835542958,-0.0042,0.7126,0.0171,0.713
5.837576996,-0.0012,0.7293,0.0056,0.729
5.840381034,0.0005,0.7383,0.0015,0.738
5.841615842,0.0037,0.7566,-0.0029,0.757
5.84381965,0.0076,0.7644,-0.0044,0.764
5.845506342,0.0161,0.7820,-0.0071,0.782
5.847539188,0.0252,0.7999,-0.0105,0.800
5.849846188,0.0283,0.8084,-0.0120,0.809
5.851527073,0.0369,0.8258,-0.0139,0.827
5.853496227,0.0479,0.8443,-0.0159,0.846
5.858386458,0.0533,0.8539,-0.0161,0.856
5.858959304,0.0638,0.8734,-0.0186,0.876
5.859211458,0.0745,0.8837,-0.0213,0.887
5.861304842,0.0806,0.9030,-0.0220,0.907
5.863150804,0.0943,0.9223,-0.0198,0.927
5.865143727,0.1007,0.9303,-0.0183,0.936
5.867095342,0.1138,0.9464,-0.0169,0.953
5.868927727,0.1275,0.9650,-0.0164,0.974
5.871037534,0.1334,0.9748,-0.0156,0.984
5.884328842,0.1434,0.9933,-0.0149,1.004
5.884808342,0.1495,1.0021,-0.0156,1.013
5.885062381,0.1586,1.0205,-0.0166,1.033
5.885304265,0.1671,1.0417,-0.0213,1.055
5.885531304,0.1705,1.0512,-0.0237,1.065
5.885763688,0.1752,1.0664,-0.0325,1.081
5.885998265,0.1798,1.0757,-0.0374,1.091
5.886758496,0.1808,1.0945,-0.0413,1.110
5.891966304,0.1823,1.1123,-0.0513,1.128
5.892850304,0.1815,1.1221,-0.0552,1.138
5.89356465,0.1796,1.1387,-0.0594,1.154
5.894690458,0.1752,1.1575,-0.0628,1.172
5.896892227,0.1742,1.1663,-0.0647,1.181
5.898801227,0.1715,1.1810,-0.0689,1.195
5.900625957,0.1710,1.1981,-0.0708,1.212
5.902588957,0.1713,1.2057,-0.0716,1.220
5.904695881,0.1717,1.2196,-0.0706,1.234
5.906753996,0.1713,1.2247,-0.0696,1.239
5.908522304,0.1715,1.2357,-0.0689,1.249
5.910402727,0.1708,1.2421,-0.0660,1.255
5.912287727,0.1710,1.2425,-0.0662,1.256
5.914432381,0.1727,1.2447,-0.0679,1.259
5.916200034,0.1727,1.2438,-0.0677,1.258
5.918413919,0.1739,1.2425,-0.0682,1.257
5.920135073,0.1735,1.2394,-0.0699,1.253
5.923058381,0.1730,1.2367,-0.0708,1.251
5.924371881,0.1722,1.2293,-0.0687,1.243
5.926153804,0.1681,1.2191,-0.0696,1.233
5.927796996,0.1661,1.2142,-0.0704,1.228
5.930209727,0.1622,1.2042,-0.0696,1.217
5.931952611,0.1571,1.1954,-0.0691,1.208
5.934085611,0.1544,1.1903,-0.0687,1.202
5.935894188,0.1480,1.1820,-0.0694,1.193
5.938245265,0.1454,1.1776,-0.0696,1.189
5.940087457,0.1383,1.1702,-0.0694,1.180
5.942046265,0.1334,1.1634,-0.0694,1.173
5.943813073,0.1312,1.1607,-0.0704,1.170
5.945864496,0.1256,1.1570,-0.0738,1.166
5.947836188,0.1207,1.1534,-0.0740,1.162
5.950017804,0.1175,1.1521,-0.0748,1.161
5.951559496,0.1114,1.1539,-0.0777,1.162
5.954244611,0.1087,1.1546,-0.0796,1.162
5.955622573,0.1036,1.1561,-0.0821,1.164
5.959507496,0.0980,1.1578,-0.0838,1.165
5.959883304,0.0960,1.1595,-0.0836,1.166
5.962005842,0.0916,1.1661,-0.0838,1.173
5.963395881,0.0887,1.1695,-0.0850,1.176
5.965599688,0.0853,1.1756,-0.0875,1.182
5.967316034,0.0787,1.1839,-0.0858,1.190
5.969878842,0.0760,1.1886,-0.0853,1.194
5.971654534,0.0748,1.1971,-0.0836,1.202
5.975848111,0.0726,1.2069,-0.0806,1.212
5.976496688,0.0713,1.2118,-0.0794,1.216
5.977556765,0.0689,1.2215,-0.0784,1.226
5.97942065,0.0682,1.2267,-0.0772,1.231
5.981720227,0.0647,1.2347,-0.0760,1.239
5.983185073,0.0650,1.2413,-0.0765,1.245
5.985354688,0.0630,1.2457,-0.0774,1.250
5.987278457,0.0591,1.2538,-0.0801,1.258
6.003227611,0.0552,1.2601,-0.0865,1.264
6.005162304,0.0525,1.2638,-0.0914,1.268
6.006195188,0.0459,1.2726,-0.1014,1.277
6.007413765,0.0376,1.2802,-0.1204,1.286
6.008777957,0.0310,1.2831,-0.1309,1.290
6.010056765,0.0195,1.2870,-0.1527,1.296
6.011502457,0.0129,1.2899,-0.1656,1.301
6.012618573,0.0007,1.2956,-0.1935,1.310
6.013676727,-0.0110,1.3039,-0.2204,1.322
6.01444938,-0.0161,1.3095,-0.2343,1.330
6.015533419,-0.0264,1.3237,-0.2612,1.349
6.016495842,-0.0359,1.3412,-0.2832,1.371
6.017630419,-0.0391,1.3527,-0.2932,1.385
6.018438688,-0.0413,1.3774,-0.3088,1.412
6.019497265,-0.0447,1.3916,-0.3139,1.427
6.020493304,-0.0447,1.4224,-0.3218,1.459
6.021688804,-0.0459,1.4583,-0.3252,1.495
6.02281938,-0.0472,1.4771,-0.3252,1.513
6.02609565,-0.0469,1.5179,-0.3215,1.552
6.026658842,-0.0474,1.5587,-0.3134,1.591
6.028963111,-0.0486,1.5794,-0.3078,1.610
6.030861188,-0.0474,1.6219,-0.2937,1.649
6.033176188,-0.0418,1.6623,-0.2788,1.686
6.03448215,-0.0379,1.6818,-0.2717,1.704
6.037105727,-0.0293,1.7182,-0.2551,1.737
6.039607304,-0.0232,1.7343,-0.2472,1.752
6.040677996,-0.0105,1.7641,-0.2314,1.779
6.042306534,0.0012,1.7856,-0.2172,1.799
6.044943265,0.0071,1.7925,-0.2103,1.805
6.04642765,0.0215,1.8037,-0.1954,1.814
6.048942573,0.0340,1.8064,-0.1830,1.816
6.05043888,0.0398,1.8037,-0.1779,1.813
6.052418419,0.0552,1.7932,-0.1647,1.802
6.055946534,0.0618,1.7859,-0.1578,1.794
6.056743111,0.0740,1.7646,-0.1419,1.772
6.05848415,0.0877,1.7370,-0.1285,1.744
6.060465073,0.0921,1.7219,-0.1207,1.729
6.062302342,0.0960,1.6906,-0.1043,1.697
6.064322996,0.0936,1.6559,-0.0850,1.661
6.066780111,0.0923,1.6386,-0.0762,1.643
6.068290727,0.0882,1.6044,-0.0535,1.608
6.07069138,0.0867,1.5875,-0.0396,1.590
6.076749457,0.0850,1.5582,-0.0129,1.561
6.077491457,0.0831,1.5291,0.0125,1.531
6.077885727,0.0836,1.5154,0.0247,1.518
6.07826365,0.0816,1.4881,0.0501,1.491
6.080247765,0.0777,1.4629,0.0694,1.467
6.082351111,0.0743,1.4509,0.0796,1.455
6.084029688,0.0660,1.4294,0.0972,1.434
6.08590588,0.0638,1.4167,0.1036,1.422
6.087893111,0.0574,1.3911,0.1165,1.397
6.104197227,0.0493,1.3691,0.1309,1.376
6.105842919,0.0447,1.3583,0.1368,1.366
6.107008304,0.0354,1.3366,0.1466,1.345
6.107929265,0.0257,1.3144,0.1524,1.323
6.10885815,0.0217,1.3026,0.1529,1.312
6.109970765,0.0117,1.2785,0.1546,1.288
6.110951534,0.0054,1.2658,0.1561,1.275
6.112783957,-0.0066,1.2401,0.1583,1.250
6.114024919,-0.0171,1.2108,0.1583,1.221
6.114821034,-0.0217,1.1964,0.1583,1.207
6.115743457,-0.0266,1.1688,0.1578,1.180
6.116741727,-0.0279,1.1402,0.1534,1.151
6.117717842,-0.0296,1.1248,0.1524,1.135
6.118536727,-0.0357,1.0901,0.1490,1.101
6.119285842,-0.0388,1.0720,0.1456,1.083
6.120073803,-0.0454,1.0371,0.1417,1.048
6.121758688,-0.0535,0.9992,0.1375,1.010
6.125279611,-0.0581,0.9811,0.1344,0.992
6.126978111,-0.0640,0.9445,0.1309,0.956
6.131234265,-0.0679,0.9076,0.1297,0.919
6.132497419,-0.0691,0.8895,0.1285,0.901
6.133545227,-0.0733,0.8526,0.1285,0.865
6.134451765,-0.0779,0.8338,0.1287,0.847
6.135460303,-0.0867,0.7977,0.1295,0.813
6.137278803,-0.0928,0.7625,0.1307,0.779
6.139999573,-0.0943,0.7451,0.1307,0.762
6.141141111,-0.0955,0.7124,0.1305,0.731
6.143051842,-0.0945,0.6799,0.1331,0.699
6.145398227,-0.0933,0.6638,0.1336,0.683
6.147136111,-0.0906,0.6303,0.1383,0.652
6.149392919,-0.0892,0.6149,0.1402,0.637
6.15119688,-0.0889,0.5856,0.1419,0.609
6.15322315,-0.0858,0.5592,0.1466,0.584
6.154899842,-0.0858,0.5472,0.1483,0.573
6.157413227,-0.0833,0.5231,0.1493,0.550
6.159160688,-0.0821,0.5116,0.1517,0.540
6.161364303,-0.0811,0.4893,0.1534,0.519
6.162911842,-0.0814,0.4705,0.1515,0.501
6.16535065,-0.0809,0.4613,0.1505,0.492
6.166841111,-0.0794,0.4454,0.1498,0.477
6.16874165,-0.0787,0.4292,0.1461,0.460
6.17085238,-0.0792,0.4236,0.1449,0.455
6.177364842,-0.0818,0.4143,0.1415,0.445
6.178171419,-0.0821,0.4107,0.1373,0.441
6.178614611,-0.0828,0.4041,0.1353,0.434
6.17904688,-0.0838,0.3994,0.1309,0.429
6.180810573,-0.0848,0.3982,0.1297,0.427
6.182813188,-0.0870,0.3965,0.1251,0.425
6.184569803,-0.0906,0.3977,0.1234,0.426
6.186627919,-0.0921,0.3994,0.1226,0.428
6.188584111,-0.0943,0.4029,0.1202,0.431
6.204582227,-0.0975,0.4070,0.1178,0.435
6.206119496,-0.0987,0.4139,0.1146,0.441
6.207330265,-0.1014,0.4244,0.1094,0.450
6.208581496,-0.1046,0.4295,0.1070,0.455
6.20976565,-0.1085,0.4422,0.1043,0.467
6.210787457,-0.1099,0.4554,0.1004,0.479
6.211709188,-0.1112,0.4642,0.0992,0.488
6.212951842,-0.1126,0.4813,0.0960,0.504
6.214026419,-0.1102,0.4903,0.0926,0.511
6.21503788,-0.1097,0.5108,0.0901,0.530
6.215790534,-0.1094,0.5336,0.0875,0.552
6.21695515,-0.1090,0.5443,0.0872,0.562
6.217692996,-0.1075,0.5648,0.0843,0.581
6.218668842,-0.1038,0.5885,0.0792,0.603
6.219390842,-0.1019,0.6029,0.0770,0.616
6.220428303,-0.0960,0.6274,0.0735,0.639
6.222300573,-0.0919,0.6540,0.0687,0.664
6.225551534,-0.0899,0.6682,0.0657,0.677
6.227015919,-0.0828,0.6975,0.0623,0.705
6.22809788,-0.0789,0.7119,0.0613,0.719
6.230123419,-0.0726,0.7424,0.0564,0.748
6.23197888,-0.0645,0.7740,0.0518,0.778
6.234248842,-0.0606,0.7898,0.0503,0.794
6.23598888,-0.0530,0.8240,0.0479,0.827
6.237876919,-0.0442,0.8575,0.0476,0.860
6.240951957,-0.0393,0.8744,0.0474,0.877
6.242888188,-0.0310,0.9083,0.0472,0.910
6.24437288,-0.0276,0.9259,0.0472,0.928
6.245915303,-0.0171,0.9609,0.0464,0.962
6.24774838,-0.0046,0.9963,0.0481,0.997
6.24975438,0.0010,1.0139,0.0496,1.015
6.25154265,0.0142,1.0488,0.0540,1.050
6.253788034,0.0281,1.0852,0.0569,1.087
6.255534803,0.0344,1.1023,0.0589,1.104
6.26068288,0.0464,1.1355,0.0630,1.138
6.262383726,0.0550,1.1524,0.0640,1.155
6.263705534,0.0718,1.1851,0.0662,1.189
6.265180765,0.0865,1.2118,0.0689,1.217
6.26636365,0.0936,1.2257,0.0708,1.231
6.267606073,0.1090,1.2508,0.0711,1.258
6.269386188,0.1231,1.2743,0.0708,1.282
6.271257419,0.1309,1.2853,0.0701,1.294
6.278279919,0.1446,1.3034,0.0660,1.313
6.279139265,0.1529,1.3114,0.0633,1.322
6.280284303,0.1673,1.3239,0.0586,1.336
6.280765996,0.1820,1.3334,0.0506,1.347
6.28150165,0.1886,1.3371,0.0469,1.351
6.283566919,0.1976,1.3420,0.0379,1.357
6.285257034,0.2052,1.3437,0.0283,1.360
6.288880419,0.2072,1.3427,0.0230,1.359
6.289410688,0.2060,1.3393,0.0100,1.355
6.321324534,0.2047,1.3364,0.0027,1.352
6.322307188,0.1991,1.3283,-0.0115,1.343
6.32280915,0.1920,1.3202,-0.0254,1.334
6.323271111,0.1869,1.3124,-0.0325,1.326
6.323704111,0.1742,1.2938,-0.0476,1.306
6.324540573,0.1603,1.2743,-0.0589,1.286
6.325110649,0.1510,1.2643,-0.0635,1.275
6.325629842,0.1283,1.2416,-0.0711,1.250
6.326040534,0.1009,1.2169,-0.0774,1.224
6.326315611,0.0858,1.2047,-0.0787,1.210
6.326590149,0.0528,1.1798,-0.0799,1.184
6.326854226,0.0359,1.1658,-0.0796,1.169
6.327097034,0.0054,1.1385,-0.0750,1.141
6.32732938,-0.0242,1.1099,-0.0701,1.112
6.327555188,-0.0379,1.0962,-0.0655,1.099
6.327783034,-0.0625,1.0686,-0.0555,1.072
6.328036803,-0.0860,1.0403,-0.0437,1.045
6.328335342,-0.0977,1.0251,-0.0362,1.030
6.328584534,-0.1195,0.9943,-0.0208,1.002
6.328821919,-0.1295,0.9797,-0.0137,0.988
6.336551226,-0.1476,0.9489,0.0044,0.960
6.337696573,-0.1647,0.9205,0.0249,0.935
6.338282034,-0.1710,0.9052,0.0347,0.922
6.338821649,-0.1808,0.8749,0.0569,0.895
6.339351573,-0.1932,0.8595,0.0779,0.884
6.347962649,-0.1981,0.8284,0.0884,0.856
6.348908303,-0.2057,0.7991,0.1104,0.833
6.349328649,-0.2086,0.7857,0.1209,0.822
6.34972038,-0.2147,0.7547,0.1434,0.798
6.350118803,-0.2194,0.7236,0.1637,0.774
6.350519265,-0.2211,0.7087,0.1732,0.762
6.352372073,-0.2228,0.6779,0.1886,0.738
6.354081342,-0.2216,0.6635,0.1947,0.726
6.361227149,-0.2191,0.6362,0.2038,0.703
6.362421534,-0.2140,0.6095,0.2072,0.678
6.362821726,-0.2130,0.5971,0.2089,0.667
6.367000457,-0.2101,0.5707,0.2135,0.645
6.367622649,-0.2060,0.5463,0.2140,0.622
6.368031457,-0.2050,0.5345,0.2130,0.611
6.368523611,-0.2020,0.5138,0.2121,0.591
6.369761303,-0.1952,0.4940,0.2030,0.569
6.372072111,-0.1940,0.4845,0.1969,0.558
6.390124149,-0.1913,0.4661,0.1832,0.536
6.391188842,-0.1898,0.4571,0.1776,0.526
6.391725073,-0.1852,0.4400,0.1703,0.507
6.392212842,-0.1810,0.4258,0.1644,0.491
6.395621457,-0.1788,0.4200,0.1617,0.484
6.396964457,-0.1720,0.4060,0.1581,0.468
6.398020034,-0.1664,0.3955,0.1502,0.455
6.398843534,-0.1637,0.3904,0.1466,0.448
6.399933457,-0.1593,0.3792,0.1434,0.436
6.400860111,-0.1554,0.3721,0.1419,0.427
6.40178088,-0.1476,0.3611,0.1385,0.414
6.402519457,-0.1393,0.3513,0.1329,0.401
6.403269996,-0.1336,0.3462,0.1275,0.392
6.404084765,-0.1234,0.3381,0.1112,0.377
6.405015265,-0.1131,0.3308,0.0994,0.363
6.406134803,-0.1082,0.3293,0.0933,0.359
6.406933573,-0.0989,0.3254,0.0823,0.350
6.407890919,-0.0933,0.3235,0.0777,0.346
6.410831419,-0.0833,0.3215,0.0716,0.340
6.412420611,-0.0723,0.3208,0.0699,0.336
6.417080534,-0.0667,0.3210,0.0677,0.335
6.418445342,-0.0518,0.3242,0.0611,0.334
6.419563303,-0.0386,0.3264,0.0520,0.333
6.420664034,-0.0308,0.3283,0.0464,0.333
6.421703342,-0.0164,0.3379,0.0364,0.340
6.423336073,-0.0103,0.3437,0.0308,0.345
6.428213034,0.0027,0.3562,0.0213,0.357
6.429917034,0.0149,0.3711,0.0117,0.372
6.431204534,0.0200,0.3794,0.0086,0.380
6.432329457,0.0308,0.3985,0.0081,0.400
6.433612496,0.0357,0.4185,0.0100,0.420
6.435196919,0.0374,0.4305,0.0129,0.432
6.437016842,0.0415,0.4547,0.0198,0.457
6.439350342,0.0440,0.4674,0.0242,0.470
6.442532188,0.0489,0.4933,0.0342,0.497
6.444260188,0.0535,0.5199,0.0481,0.525
6.445474265,0.0547,0.5345,0.0530,0.540
6.447199726,0.0589,0.5619,0.0657,0.569
6.449221534,0.0635,0.5893,0.0752,0.597
6.45110938,0.0650,0.6039,0.0811,0.613
6.453142957,0.0669,0.6337,0.0914,0.644
6.455126457,0.0704,0.6635,0.1019,0.675
6.458284726,0.0704,0.6797,0.1090,0.692
6.463259226,0.0738,0.7087,0.1251,0.723
6.464531496,0.0760,0.7239,0.1319,0.740
6.46572338,0.0752,0.7561,0.1446,0.774
6.466933842,0.0782,0.7894,0.1617,0.810
6.468223611,0.0804,0.8072,0.1703,0.829
6.469279996,0.0840,0.8431,0.1896,0.868
6.470605072,0.0877,0.8780,0.2077,0.907
6.472786342,0.0887,0.8956,0.2172,0.926
6.480329496,0.0894,0.9311,0.2362,0.965
6.481190611,0.0904,0.9499,0.2463,0.985
6.481633957,0.0923,0.9863,0.2639,1.025
6.48205338,0.0928,1.0217,0.2827,1.064
6.482452996,0.0938,1.0393,0.2912,1.083
6.484764496,0.0936,1.0771,0.3044,1.123
6.486466572,0.0933,1.0957,0.3098,1.142
6.48819138,0.0911,1.1324,0.3193,1.180
6.514157842,0.0884,1.1683,0.3288,1.217
6.514886765,0.0867,1.1866,0.3318,1.235
6.515197996,0.0838,1.2215,0.3347,1.269
6.51543838,0.0818,1.2557,0.3359,1.302
6.516180688,0.0809,1.2723,0.3364,1.319
6.51649188,0.0770,1.3048,0.3327,1.349
6.516742419,0.0748,1.3193,0.3320,1.362
6.516985496,0.0738,1.3454,0.3254,1.386
6.517248226,0.0721,1.3718,0.3130,1.409
6.517517726,0.0696,1.3820,0.3066,1.417
6.517759842,0.0623,1.4023,0.2902,1.433
6.518003149,0.0547,1.4180,0.2712,1.445
6.51824438,0.0496,1.4246,0.2597,1.449
6.518496688,0.0386,1.4363,0.2377,1.456
6.518748342,0.0337,1.4402,0.2245,1.458
6.519751842,0.0208,1.4468,0.1940,1.460
6.522082919,0.0056,1.4478,0.1615,1.457
6.525107265,-0.0034,1.4468,0.1427,1.454
6.529831611,-0.0203,1.4419,0.1063,1.446
6.530356957,-0.0352,1.4351,0.0735,1.437
6.530656149,-0.0432,1.4297,0.0555,1.431
6.531623342,-0.0603,1.4184,0.0191,1.420
6.533627842,-0.0684,1.4126,-0.0010,1.414
6.535530496,-0.0860,1.3987,-0.0352,1.402
6.537622072,-0.1007,1.3842,-0.0643,1.389
6.541201265,-0.1060,1.3772,-0.0774,1.383
6.543041303,-0.1217,1.3623,-0.1029,1.372
6.543563534,-0.1375,1.3476,-0.1258,1.360
6.545363342,-0.1439,1.3403,-0.1351,1.355
6.547215265,-0.1571,1.3268,-0.1517,1.345
6.549199534,-0.1634,1.3212,-0.1581,1.341
6.551275842,-0.1742,1.3087,-0.1710,1.331
6.553384188,-0.1837,1.2951,-0.1774,1.320
6.555038111,-0.1862,1.2897,-0.1808,1.316
6.559045265,-0.1913,1.2760,-0.1845,1.303
6.562571495,-0.1950,1.2687,-0.1888,1.297
6.563084919,-0.1947,1.2565,-0.1884,1.285
6.563414072,-0.1932,1.2452,-0.1842,1.274
6.565883226,-0.1910,1.2394,-0.1815,1.267
6.566871034,-0.1864,1.2298,-0.1708,1.256
6.569201611,-0.1801,1.2208,-0.1571,1.244
6.571072457,-0.1769,1.2174,-0.1498,1.239
6.57724188,-0.1681,1.2142,-0.1305,1.233
6.57796688,-0.1634,1.2135,-0.1178,1.230
6.578302111,-0.1549,1.2135,-0.0894,1.227
6.579197803,-0.1427,1.2186,-0.0577,1.228
6.581351226,-0.1349,1.2225,-0.0403,1.231
6.583139572,-0.1197,1.2320,-0.0051,1.238
6.584833149,-0.1011,1.2457,0.0340,1.250
6.586738726,-0.0894,1.2555,0.0545,1.260
6.588985188,-0.0638,1.2782,0.0953,1.283
6.608532842,-0.0513,1.2909,0.1143,1.297
6.609247226,-0.0244,1.3190,0.1542,1.328
6.609554649,0.0012,1.3549,0.1964,1.369
6.609840842,0.0154,1.3757,0.2157,1.393
6.610114842,0.0435,1.4216,0.2555,1.445
6.610404611,0.0750,1.4700,0.2902,1.500
6.610703534,0.0926,1.4947,0.3044,1.528
6.611000611,0.1317,1.5496,0.3298,1.590
6.611276649,0.1769,1.6029,0.3476,1.650
6.611562995,0.2020,1.6285,0.3538,1.679
6.611822303,0.2565,1.6752,0.3579,1.732
6.612417534,0.2875,1.6984,0.3552,1.759
6.614268842,0.3552,1.7365,0.3352,1.804
6.616924034,0.4305,1.7578,0.2968,1.834
6.618146342,0.4710,1.7639,0.2702,1.846
6.620238688,0.5497,1.7695,0.2091,1.865
6.624611265,0.6227,1.7700,0.1341,1.881
6.625300265,0.6569,1.7641,0.0945,1.885
6.625868149,0.7148,1.7507,0.0110,1.891
6.629008495,0.7359,1.7421,-0.0315,1.891
6.629954495,0.7664,1.7219,-0.1134,1.888
6.63210138,0.7791,1.6972,-0.1940,1.878
6.633927111,0.7808,1.6838,-0.2316,1.870
6.635853188,0.7769,1.6540,-0.2990,1.852
6.637731419,0.7718,1.6371,-0.3293,1.840
6.640913611,0.7525,1.6000,-0.3760,1.808
6.643281995,0.7288,1.5614,-0.4119,1.772
6.644071649,0.7156,1.5433,-0.4275,1.754
6.645811765,0.6821,1.5093,-0.4520,1.717
6.648704842,0.6433,1.4739,-0.4620,1.673
6.649510188,0.6230,1.4573,-0.4634,1.651
6.651662765,0.5763,1.4277,-0.4591,1.607
6.653618534,0.5519,1.4153,-0.4522,1.585
6.655736034,0.5062,1.3889,-0.4312,1.540
6.657756803,0.4591,1.3620,-0.3982,1.491
6.659578265,0.4356,1.3491,-0.3792,1.467
6.661426918,0.3909,1.3251,-0.3386,1.422
6.663386034,0.3520,1.3036,-0.2853,1.380
6.665219611,0.3327,1.2931,-0.2570,1.360
6.667365072,0.2954,1.2699,-0.2011,1.319
6.669331842,0.2778,1.2584,-0.1722,1.300
6.671277072,0.2463,1.2355,-0.1121,1.265
6.677665072,0.2162,1.2127,-0.0506,1.233
6.678362842,0.2001,1.2017,-0.0213,1.218
6.678668726,0.1700,1.1785,0.0384,1.191
6.679251111,0.1415,1.1575,0.0982,1.170
6.681271995,0.1270,1.1458,0.1263,1.160
6.683238534,0.0992,1.1250,0.1818,1.144
6.685097149,0.0858,1.1155,0.2079,1.138
6.687117149,0.0586,1.0945,0.2543,1.125
6.689030918,0.0313,1.0771,0.2966,1.118
6.70998338,0.0173,1.0691,0.3139,1.114
6.710749149,-0.0147,1.0510,0.3445,1.106
6.711315226,-0.0406,1.0339,0.3635,1.097
6.71163838,-0.0530,1.0244,0.3735,1.092
6.711908803,-0.0691,1.0051,0.3855,1.079
6.712268034,-0.0770,0.9955,0.3894,1.072
6.712538649,-0.0872,0.9758,0.3933,1.056
6.71278988,-0.0987,0.9567,0.3902,1.038
6.713027572,-0.1026,0.9484,0.3848,1.029
6.713264111,-0.1104,0.9306,0.3704,1.008
6.713507803,-0.1182,0.9125,0.3513,0.985
6.713753418,-0.1214,0.9042,0.3420,0.974
6.714708342,-0.1263,0.8866,0.3200,0.951
6.716745534,-0.1297,0.8783,0.3086,0.940
6.718532149,-0.1341,0.8624,0.2858,0.918
6.720640649,-0.1375,0.8460,0.2619,0.896
6.722657534,-0.1385,0.8382,0.2507,0.886
6.725855226,-0.1417,0.8250,0.2338,0.869
6.726746226,-0.1415,0.8189,0.2162,0.859
6.728650418,-0.1407,0.8094,0.2067,0.847
6.730557342,-0.1432,0.8030,0.1930,0.838
6.73243488,-0.1432,0.8001,0.1852,0.834
6.735011342,-0.1461,0.7969,0.1744,0.829
6.736066457,-0.1480,0.7952,0.1666,0.826
6.73826988,-0.1480,0.7952,0.1612,0.825
6.74341488,-0.1520,0.7986,0.1532,0.827
6.744240342,-0.1542,0.8013,0.1495,0.830
6.744575842,-0.1578,0.8072,0.1422,0.835
6.746339034,-0.1612,0.8174,0.1361,0.844
6.748017495,-0.1630,0.8218,0.1339,0.848
6.750006111,-0.1654,0.8326,0.1302,0.859
6.751779072,-0.1661,0.8392,0.1297,0.865
6.75396988,-0.1661,0.8539,0.1275,0.879
6.755714572,-0.1627,0.8697,0.1219,0.893
6.758495495,-0.1612,0.8790,0.1202,0.902
6.760678072,-0.1590,0.8961,0.1185,0.918
6.761996265,-0.1549,0.9120,0.1143,0.932
6.764304303,-0.1515,0.9213,0.1129,0.940
6.766029457,-0.1400,0.9406,0.1058,0.957
6.767864495,-0.1300,0.9611,0.1002,0.975
6.770625918,-0.1258,0.9701,0.0960,0.983
6.771675726,-0.1143,0.9887,0.0887,0.999
6.778149495,-0.1009,0.9982,0.0787,1.006
6.778778765,-0.0943,1.0168,0.0726,1.024
6.779043457,-0.0799,1.0354,0.0616,1.040
6.779956072,-0.0728,1.0439,0.0552,1.048
6.781978303,-0.0574,1.0632,0.0435,1.066
6.783941303,-0.0415,1.0818,0.0310,1.083
6.785802188,-0.0325,1.0903,0.0230,1.091
6.787658957,-0.0161,1.1077,0.0054,1.108
6.789574688,-0.0005,1.1233,-0.0134,1.123
6.801004188,0.0073,1.1309,-0.0230,1.131
6.801751918,0.0225,1.1451,-0.0396,1.146
6.802076034,0.0310,1.1524,-0.0489,1.154
6.802336418,0.0462,1.1649,-0.0677,1.168
6.802597495,0.0630,1.1763,-0.0831,1.181
6.803494303,0.0718,1.1822,-0.0909,1.188
6.803954418,0.0894,1.1898,-0.1051,1.198
6.805382457,0.1046,1.1961,-0.1178,1.206
6.810737303,0.1131,1.1981,-0.1239,1.210
6.811723341,0.1278,1.2003,-0.1336,1.214
6.812028149,0.1427,1.2010,-0.1383,1.217
6.813569803,0.1500,1.2005,-0.1466,1.219
6.815333303,0.1659,1.1956,-0.1524,1.217
6.817359726,0.1737,1.1922,-0.1539,1.215
6.819146918,0.1854,1.1824,-0.1554,1.207
6.821212534,0.1959,1.1693,-0.1534,1.195
6.82322038,0.2006,1.1634,-0.1524,1.190
6.825561303,0.2101,1.1480,-0.1473,1.176
6.827622572,0.2125,1.1404,-0.1444,1.169
6.829108534,0.2079,1.1263,-0.1349,1.153
6.830984841,0.2030,1.1109,-0.1280,1.136
6.833018726,0.2101,1.0972,-0.1200,1.124
6.835389841,0.2321,1.0684,-0.0992,1.098
6.836808265,0.2502,1.0388,-0.0765,1.071
6.838796803,0.2546,1.0263,-0.0652,1.059
6.843951726,0.2565,1.0024,-0.0423,1.036
6.844884765,0.2531,0.9924,-0.0164,1.024
6.845297341,0.2489,0.9706,-0.0034,1.002
6.846820534,0.2399,0.9511,0.0222,0.981
6.848805226,0.2370,0.9406,0.0330,0.971
6.850741111,0.2299,0.9215,0.0557,0.951
6.852872188,0.2238,0.9020,0.0774,0.933
6.85478388,0.2216,0.8920,0.0867,0.923
6.857655418,0.2150,0.8732,0.1053,0.905
6.859776957,0.2116,0.8648,0.1236,0.899
6.861123226,0.2101,0.8475,0.1322,0.883
6.862465149,0.2045,0.8292,0.1451,0.866
6.864713111,0.2025,0.8206,0.1505,0.859
6.868920303,0.1998,0.8074,0.1632,0.848
6.869423611,0.1954,0.7945,0.1705,0.836
6.870252457,0.1935,0.7872,0.1735,0.829
6.872645688,0.1886,0.7742,0.1796,0.817
6.877765688,0.1852,0.7696,0.1830,0.812
6.878528841,0.1813,0.7581,0.1876,0.802
6.878861726,0.1761,0.7490,0.1849,0.791
6.880283111,0.1730,0.7439,0.1842,0.786
6.882235534,0.1678,0.7351,0.1805,0.775
6.884518072,0.1637,0.7285,0.1713,0.766
6.886230495,0.1615,0.7246,0.1669,0.761
6.888271957,0.1581,0.7178,0.1595,0.752
6.89029188,0.1554,0.7144,0.1564,0.748
6.901668457,0.1532,0.7095,0.1473,0.741
6.902495495,0.1471,0.7070,0.1378,0.735
6.902968764,0.1454,0.7048,0.1331,0.732
6.903329841,0.1405,0.7031,0.1217,0.727
6.903675226,0.1351,0.7043,0.1060,0.725
6.90403288,0.1319,0.7043,0.0980,0.723
6.904485303,0.1214,0.7053,0.0858,0.721
6.905756341,0.1168,0.7073,0.0814,0.721
6.911970803,0.1085,0.7102,0.0743,0.722
6.912731957,0.1009,0.7141,0.0674,0.724
6.913137649,0.0977,0.7163,0.0657,0.726
6.913599457,0.0909,0.7214,0.0601,0.730
6.915934149,0.0838,0.7261,0.0555,0.733
6.917693111,0.0821,0.7288,0.0535,0.735
6.919556688,0.0789,0.7332,0.0501,0.739
6.921641841,0.0784,0.7361,0.0476,0.742
6.923753418,0.0757,0.7437,0.0440,0.749
6.926394572,0.0760,0.7505,0.0401,0.755
6.928287341,0.0748,0.7542,0.0388,0.759
6.929725995,0.0733,0.7600,0.0364,0.764
6.931632111,0.0757,0.7681,0.0337,0.773
6.933515688,0.0760,0.7705,0.0322,0.775
6.935378803,0.0757,0.7781,0.0315,0.782
6.937530995,0.0716,0.7840,0.0286,0.788
6.939445764,0.0704,0.7876,0.0283,0.791
6.942734534,0.0674,0.7984,0.0252,0.802
6.943549995,0.0682,0.8043,0.0220,0.807
6.945535726,0.0669,0.8128,0.0125,0.816
6.947851688,0.0633,0.8228,0.0027,0.825
6.949306341,0.0618,0.8277,-0.0024,0.830
6.95126188,0.0586,0.8404,-0.0115,0.843
6.953300034,0.0537,0.8534,-0.0188,0.855
6.955476841,0.0520,0.8602,-0.0232,0.862
6.959972418,0.0491,0.8734,-0.0300,0.875
6.960542418,0.0481,0.8807,-0.0335,0.883
6.961342957,0.0447,0.8964,-0.0384,0.898
6.963891226,0.0396,0.9100,-0.0423,0.912
6.965193688,0.0379,0.9176,-0.0423,0.919
6.967086803,0.0369,0.9342,-0.0440,0.936
6.969259611,0.0364,0.9469,-0.0408,0.949
6.971164649,0.0366,0.9533,-0.0388,0.955
6.973221918,0.0364,0.9665,-0.0340,0.968
6.97788538,0.0388,0.9728,-0.0327,0.974
6.978560841,0.0418,0.9811,-0.0274,0.982
6.979614264,0.0445,0.9907,-0.0227,0.992
6.980870457,0.0474,0.9951,-0.0215,0.996
6.982838957,0.0530,1.0029,-0.0161,1.004
6.985174264,0.0594,1.0058,-0.0090,1.008
6.986982457,0.0613,1.0109,-0.0054,1.013
6.988841111,0.0669,1.0146,0.0032,1.017
7.004792187,0.0694,1.0146,0.0076,1.017
7.005582418,0.0721,1.0141,0.0154,1.017
7.005900264,0.0782,1.0117,0.0237,1.015
7.006168649,0.0794,1.0114,0.0291,1.015
7.006416687,0.0814,1.0095,0.0396,1.014
7.006689072,0.0843,1.0019,0.0496,1.007
7.006971726,0.0850,0.9992,0.0537,1.004
7.007267764,0.0875,0.9916,0.0625,0.997
7.007566803,0.0867,0.9828,0.0711,0.989
7.018394764,0.0872,0.9784,0.0750,0.985
7.019065687,0.0845,0.9687,0.0818,0.976
7.019344187,0.0828,0.9643,0.0833,0.971
7.019621149,0.0796,0.9567,0.0858,0.964
7.019849572,0.0794,0.9472,0.0892,0.955
7.020078303,0.0799,0.9416,0.0914,0.949
7.020542111,0.0809,0.9330,0.0963,0.941
7.022239649,0.0779,0.9262,0.0970,0.934
7.027717264,0.0767,0.9161,0.0958,0.924
7.028573187,0.0733,0.9061,0.0950,0.914
7.028988841,0.0713,0.9012,0.0950,0.909
7.030458649,0.0684,0.8910,0.0941,0.899
7.032065764,0.0655,0.8812,0.0884,0.888
7.034161957,0.0640,0.8761,0.0877,0.883
7.036197226,0.0635,0.8666,0.0836,0.873
7.038186418,0.0621,0.8551,0.0779,0.861
7.040162572,0.0616,0.8497,0.0750,0.855
7.042410764,0.0613,0.8380,0.0689,0.843
7.043960841,0.0621,0.8319,0.0662,0.837
7.046119495,0.0630,0.8204,0.0591,0.825
7.047798149,0.0643,0.8077,0.0525,0.812
7.050050803,0.0638,0.8016,0.0489,0.806
7.051846303,0.0640,0.7903,0.0432,0.794
7.053930841,0.0669,0.7852,0.0398,0.789
7.055728764,0.0669,0.7754,0.0354,0.779
7.061253187,0.0672,0.7644,0.0337,0.768
7.061869687,0.0679,0.7591,0.0335,0.763
7.062144072,0.0660,0.7483,0.0310,0.752
7.063465534,0.0643,0.7385,0.0325,0.742
7.066057457,0.0635,0.7341,0.0325,0.738
7.067705841,0.0633,0.7283,0.0340,0.732
7.069862264,0.0630,0.7239,0.0354,0.727
7.071524149,0.0625,0.7190,0.0379,0.723
7.073428957,0.0616,0.7134,0.0428,0.717
7.083533534,0.0606,0.7117,0.0445,0.716
7.084148918,0.0599,0.7095,0.0493,0.714
7.084410226,0.0599,0.7085,0.0567,0.713
7.084641418,0.0608,0.7075,0.0603,0.713
7.084872072,0.0603,0.7070,0.0643,0.712
7.085412303,0.0618,0.7075,0.0713,0.714
7.087357649,0.0618,0.7087,0.0743,0.715
7.089500995,0.0621,0.7092,0.0789,0.716
7.094263418,0.0628,0.7104,0.0818,0.718
7.094938764,0.0635,0.7131,0.0867,0.721
7.09564711,0.0638,0.7180,0.0943,0.727
7.10016288,0.0652,0.7209,0.0985,0.731
7.100471303,0.0672,0.7278,0.1038,0.738
7.10138261,0.0699,0.7307,0.1112,0.742
7.103085649,0.0718,0.7368,0.1143,0.749
7.105207072,0.0738,0.7429,0.1185,0.756
7.107031803,0.0743,0.7473,0.1202,0.761
7.109163918,0.0770,0.7573,0.1251,0.771
7.111248995,0.0784,0.7671,0.1278,0.782
7.113171072,0.0794,0.7718,0.1312,0.787
7.115345687,0.0816,0.7837,0.1368,0.800
7.117194687,0.0840,0.7898,0.1390,0.806
7.118858072,0.0848,0.8003,0.1439,0.818
7.120977264,0.0887,0.8128,0.1480,0.831
7.122834149,0.0894,0.8201,0.1490,0.838
7.12603038,0.0897,0.8336,0.1520,0.852
7.127766764,0.0914,0.8475,0.1573,0.867
7.12895261,0.0914,0.8524,0.1593,0.872
7.130593149,0.0901,0.8656,0.1630,0.885
7.132685303,0.0901,0.8714,0.1634,0.891
7.134576341,0.0887,0.8849,0.1647,0.904
7.136804764,0.0865,0.8993,0.1639,0.918
7.138635264,0.0855,0.9071,0.1639,0.926
7.141338764,0.0836,0.9203,0.1639,0.939
7.143259495,0.0821,0.9350,0.1612,0.952
7.144498457,0.0796,0.9411,0.1603,0.958
7.146635495,0.0762,0.9560,0.1581,0.972
7.148563341,0.0701,0.9623,0.1534,0.977
7.150412726,0.0667,0.9767,0.1512,0.991
7.152448534,0.0621,0.9926,0.1466,1.005
7.15450161,0.0581,0.9990,0.1441,1.011
7.156524457,0.0513,1.0139,0.1393,1.025
7.159925418,0.0464,1.0280,0.1361,1.038
7.162193957,0.0437,1.0359,0.1329,1.045
7.162476534,0.0398,1.0503,0.1275,1.059
7.164406918,0.0369,1.0635,0.1241,1.071
7.166285303,0.0352,1.0696,0.1234,1.077
7.168442149,0.0318,1.0815,0.1204,1.089
7.17047161,0.0291,1.0872,0.1190,1.094
7.172349841,0.0281,1.0974,0.1165,1.104
7.174526264,0.0281,1.1050,0.1143,1.111
7.184677764,0.0283,1.1079,0.1136,1.114
7.18619488,0.0291,1.1113,0.1114,1.117
7.187089995,0.0296,1.1135,0.1094,1.119
7.188557841,0.0288,1.1145,0.1082,1.120
7.18967238,0.0274,1.1155,0.1043,1.121
7.191299764,0.0274,1.1145,0.1024,1.120
7.192818149,0.0288,1.1126,0.0967,1.117
7.19397111,0.0291,1.1082,0.0921,1.112
7.194924187,0.0283,1.1055,0.0906,1.110
7.196659495,0.0274,1.1016,0.0870,1.105
7.197049226,0.0279,1.0994,0.0845,1.103
7.211248726,0.0283,1.0935,0.0826,1.097
7.211814187,0.0252,1.0901,0.0821,1.093
7.21206461,0.0244,1.0889,0.0826,1.092
7.212338726,0.0232,1.0872,0.0831,1.091
7.212575841,0.0029,1.1055,0.0880,1.109
7.212820572,-0.0024,1.1113,0.0901,1.115
7.21304711,0.0044,1.1013,0.0926,1.105
7.213275187,0.0144,1.0899,0.0928,1.094
7.213496687,0.0401,1.0647,0.0967,1.070
7.215300803,0.0530,1.0520,0.1055,1.059
7.21752788,0.0533,1.0503,0.1107,1.057
7.21940211,0.0528,1.0456,0.1214,1.054
7.221402495,0.0515,1.0437,0.1346,1.054
7.22326288,0.0515,1.0427,0.1407,1.053
7.225954226,0.0486,1.0425,0.1539,1.055
7.22712988,0.0484,1.0420,0.1615,1.056
7.232198303,0.0476,1.0398,0.1771,1.056
7.232473726,0.0464,1.0378,0.1888,1.056
7.232963764,0.0452,1.0376,0.1945,1.057
7.235029149,0.0447,1.0363,0.2064,1.058
7.237150957,0.0454,1.0356,0.2172,1.059
7.239218033,0.0447,1.0359,0.2231,1.061
7.242160533,0.0450,1.0349,0.2331,1.062
7.244429533,0.0459,1.0344,0.2375,1.062
7.245640149,0.0459,1.0339,0.2443,1.063
7.247119572,0.0457,1.0322,0.2502,1.063
7.249046957,0.0457,1.0312,0.2533,1.063
7.250899957,0.0469,1.0307,0.2582,1.064
7.25310838,0.0445,1.0300,0.2604,1.063
7.254683803,0.0450,1.0293,0.2617,1.063
7.256834457,0.0469,1.0273,0.2609,1.061
7.259559072,0.0481,1.0263,0.2597,1.060
7.260982687,0.0493,1.0258,0.2585,1.059
7.26275688,0.0506,1.0251,0.2555,1.058
7.264737841,0.0518,1.0254,0.2524,1.057
7.266710033,0.0520,1.0251,0.2470,1.056
7.268406418,0.0513,1.0244,0.2443,1.054
7.270656149,0.0518,1.0224,0.2387,1.051
7.27249788,0.0533,1.0178,0.2299,1.045
7.282224457,0.0535,1.0161,0.2253,1.042
7.28354788,0.0555,1.0124,0.2135,1.036
7.284638918,0.0547,1.0085,0.1996,1.030
7.285647918,0.0542,1.0058,0.1920,1.025
7.286599841,0.0562,1.0029,0.1796,1.020
7.28979288,0.0547,1.0009,0.1713,1.017
7.291144841,0.0542,0.9968,0.1542,1.010
7.292310841,0.0528,0.9938,0.1351,1.004
7.293474303,0.0520,0.9919,0.1270,1.001
7.294592956,0.0503,0.9892,0.1090,0.996
7.295789187,0.0503,0.9860,0.0901,0.991
7.296906149,0.0491,0.9848,0.0799,0.989
7.310034764,0.0486,0.9828,0.0613,0.986
7.311700649,0.0486,0.9821,0.0540,0.985
7.312855687,0.0479,0.9814,0.0362,0.983
7.314143918,0.0459,0.9784,0.0183,0.980
7.315160764,0.0445,0.9780,0.0095,0.979
7.316345841,0.0415,0.9787,-0.0083,0.980
7.31739711,0.0384,0.9787,-0.0244,0.980
7.318567149,0.0376,0.9794,-0.0305,0.981
7.319316187,0.0344,0.9806,-0.0435,0.982
7.320399418,0.0313,0.9848,-0.0562,0.987
7.321418341,0.0296,0.9863,-0.0613,0.989
7.322566533,0.0254,0.9941,-0.0701,0.997
7.323533918,0.0242,0.9977,-0.0738,1.001
7.32480611,0.0208,1.0039,-0.0774,1.007
7.326008841,0.0171,1.0107,-0.0814,1.014
7.328896033,0.0139,1.0161,-0.0814,1.019
7.330349918,0.0105,1.0280,-0.0787,1.031
7.331880226,0.0088,1.0390,-0.0750,1.042
7.333969187,0.0073,1.0459,-0.0713,1.048
7.335756803,0.0051,1.0588,-0.0643,1.061
7.33765711,0.0039,1.0662,-0.0596,1.068
7.339447687,0.0029,1.0803,-0.0474,1.081
7.342698918,0.0032,1.0942,-0.0352,1.095
7.344073995,0.0022,1.1013,-0.0286,1.102
7.347020303,0.0007,1.1165,-0.0149,1.117
7.34788911,0.0020,1.1326,-0.0032,1.133
7.349454803,0.0037,1.1402,0.0042,1.140
7.351529995,0.0032,1.1558,0.0181,1.156
7.353351226,0.0044,1.1636,0.0239,1.164
7.355177341,0.0054,1.1790,0.0362,1.180
7.357563033,0.0054,1.1961,0.0457,1.197
7.35987638,0.0049,1.2042,0.0498,1.205
7.361156456,0.0049,1.2208,0.0577,1.222
7.363061918,0.0032,1.2308,0.0662,1.233
7.365396841,0.0024,1.2486,0.0689,1.251
7.366972456,0.0017,1.2675,0.0748,1.270
7.369422803,-0.0002,1.2767,0.0767,1.279
7.371182033,-0.0017,1.2943,0.0806,1.297
7.373457803,-0.0032,1.3112,0.0833,1.314
7.379336149,-0.0037,1.3215,0.0838,1.324
7.379976149,-0.0068,1.3395,0.0816,1.342
7.380341764,-0.0024,1.3478,0.0801,1.350
7.38060338,0.0046,1.3657,0.0757,1.368
7.382725149,0.0000,1.3857,0.0643,1.387
7.388845341,0.0020,1.3933,0.0591,1.395
7.389323649,0.0198,1.4035,0.0476,1.404
7.389575726,0.0386,1.4106,0.0327,1.412
7.390661264,0.0464,1.4153,0.0237,1.416
7.404541995,0.0621,1.4250,0.0049,1.426
7.405245379,0.0740,1.4287,-0.0137,1.431
7.405573841,0.0823,1.4358,-0.0242,1.438
7.405880918,0.0963,1.4395,-0.0442,1.443
7.406153879,0.1038,1.4417,-0.0542,1.446
7.406425456,0.1182,1.4458,-0.0728,1.452
7.406715803,0.1297,1.4492,-0.0904,1.458
7.413672187,0.1346,1.4497,-0.0980,1.459
7.414303072,0.1412,1.4504,-0.1112,1.462
7.414545995,0.1454,1.4517,-0.1261,1.464
7.414774418,0.1459,1.4522,-0.1331,1.466
7.415007649,0.1454,1.4544,-0.1459,1.469
7.416370418,0.1446,1.4544,-0.1493,1.469
7.422537456,0.1400,1.4514,-0.1571,1.467
7.422889956,0.1351,1.4497,-0.1664,1.465
7.42314261,0.1322,1.4487,-0.1700,1.465
7.424223726,0.1239,1.4434,-0.1737,1.459
7.426261303,0.1134,1.4351,-0.1752,1.450
7.428217072,0.1085,1.4299,-0.1747,1.445
7.430421495,0.0970,1.4204,-0.1681,1.434
7.432056687,0.0892,1.4150,-0.1634,1.427
7.434012726,0.0726,1.4062,-0.1524,1.416
7.435952149,0.0537,1.3943,-0.1371,1.402
7.437867187,0.0452,1.3891,-0.1297,1.396
7.43983911,0.0271,1.3767,-0.1107,1.381
7.442843264,0.0051,1.3701,-0.1004,1.374
7.443969764,-0.0044,1.3574,-0.0711,1.359
7.446030187,-0.0225,1.3442,-0.0445,1.345
7.447867033,-0.0308,1.3371,-0.0308,1.338
7.449901649,-0.0476,1.3239,-0.0027,1.325
7.451729995,-0.0640,1.3097,0.0261,1.312
7.453838226,-0.0723,1.3019,0.0406,1.305
7.455677226,-0.0848,1.2872,0.0662,1.292
7.457773187,-0.0911,1.2792,0.0782,1.285
7.459744687,-0.1014,1.2616,0.0967,1.269
7.461853149,-0.1082,1.2433,0.1170,1.253
7.463521187,-0.1109,1.2342,0.1270,1.246
7.465641495,-0.1168,1.2142,0.1463,1.229
7.467501879,-0.1190,1.1907,0.1647,1.208
7.469589995,-0.1195,1.1795,0.1730,1.198
7.471532995,-0.1212,1.1580,0.1888,1.180
7.473630726,-0.1195,1.1463,0.1959,1.169
7.482221264,-0.1168,1.1223,0.2067,1.147
7.483350841,-0.1119,1.0991,0.2121,1.125
7.484220495,-0.1090,1.0864,0.2125,1.112
7.484926072,-0.1029,1.0605,0.2116,1.086
7.486350995,-0.0985,1.0373,0.2057,1.062
7.489752726,-0.0953,1.0249,0.2030,1.049
7.490718726,-0.0855,1.0029,0.1915,1.025
7.492163418,-0.0772,0.9794,0.1788,0.999
7.493277533,-0.0748,0.9697,0.1715,0.988
7.494640187,-0.0706,0.9494,0.1556,0.965
7.496028764,-0.0679,0.9401,0.1483,0.954
7.497789072,-0.0623,0.9223,0.1336,0.934
7.51001661,-0.0569,0.9025,0.1204,0.912
7.511545726,-0.0528,0.8942,0.1138,0.903
7.512551918,-0.0445,0.8768,0.1019,0.884
7.513401379,-0.0349,0.8597,0.0899,0.865
7.514393687,-0.0283,0.8534,0.0850,0.858
7.516063533,-0.0144,0.8380,0.0752,0.841
7.517621341,-0.0076,0.8311,0.0713,0.834
7.518479841,0.0068,0.8179,0.0645,0.821
7.519398456,0.0200,0.8033,0.0589,0.806
7.520520495,0.0274,0.7957,0.0567,0.798
7.521452918,0.0401,0.7850,0.0528,0.788
7.522195764,0.0530,0.7742,0.0501,0.778
7.523117418,0.0596,0.7674,0.0493,0.771
7.524956726,0.0735,0.7566,0.0484,0.762
7.527945149,0.0792,0.7517,0.0467,0.757
7.529403495,0.0899,0.7393,0.0457,0.746
7.533942879,0.0992,0.7302,0.0496,0.739
7.534964879,0.1029,0.7268,0.0506,0.736
7.535720302,0.1119,0.7197,0.0567,0.731
7.536596879,0.1190,0.7095,0.0613,0.722
7.538733495,0.1209,0.7051,0.0645,0.718
7.540562687,0.1278,0.6987,0.0694,0.714
7.543365956,0.1312,0.6960,0.0708,0.712
7.545056572,0.1380,0.6904,0.0765,0.708
7.546583533,0.1415,0.6845,0.0838,0.704
7.548721226,0.1432,0.6828,0.0855,0.703
7.550697495,0.1471,0.6836,0.0875,0.705
7.552589418,0.1471,0.6855,0.0909,0.707
7.554648726,0.1480,0.6877,0.0928,0.710
7.556474456,0.1478,0.6904,0.0967,0.713
7.560394726,0.1434,0.6960,0.0967,0.717
7.561568033,0.1417,0.6987,0.0975,0.720
7.563595187,0.1383,0.7097,0.0972,0.730
7.564824649,0.1351,0.7148,0.0963,0.734
7.567510802,0.1266,0.7263,0.0963,0.744
7.568643802,0.1143,0.7407,0.0919,0.755
7.570487726,0.1080,0.7490,0.0901,0.762
7.572302495,0.0950,0.7647,0.0867,0.775
7.574392226,0.0848,0.7803,0.0794,0.789
7.583665841,0.0784,0.7884,0.0745,0.796
7.585095341,0.0657,0.8047,0.0650,0.810
7.586181418,0.0586,0.8131,0.0623,0.818
7.587159572,0.0452,0.8304,0.0545,0.833
7.588703226,0.0359,0.8504,0.0467,0.852
7.589637456,0.0313,0.8590,0.0418,0.861
7.590790456,0.0230,0.8766,0.0303,0.877
7.591946995,0.0151,0.8942,0.0208,0.895
7.592676995,0.0110,0.9027,0.0151,0.903
7.606432226,0.0049,0.9213,0.0049,0.921
7.607042995,0.0007,0.9301,-0.0005,0.930
7.607297264,-0.0059,0.9460,-0.0098,0.946
7.607527726,-0.0115,0.9601,-0.0198,0.960
7.607759956,-0.0132,0.9675,-0.0232,0.968
7.607988072,-0.0176,0.9816,-0.0300,0.982
7.608280726,-0.0213,0.9953,-0.0393,0.996
7.608527226,-0.0225,1.0017,-0.0432,1.003
7.614506956,-0.0244,1.0148,-0.0486,1.016
7.614982802,-0.0259,1.0219,-0.0501,1.023
7.615225956,-0.0283,1.0354,-0.0542,1.037
7.615462302,-0.0327,1.0461,-0.0569,1.048
7.617487225,-0.0335,1.0510,-0.0581,1.053
7.619330072,-0.0364,1.0591,-0.0625,1.062
7.621363072,-0.0374,1.0630,-0.0635,1.066
7.623228687,-0.0396,1.0691,-0.0645,1.072
7.626661764,-0.0408,1.0764,-0.0657,1.079
7.627873264,-0.0415,1.0784,-0.0657,1.081
7.629467456,-0.0454,1.0823,-0.0665,1.085
7.631117879,-0.0484,1.0840,-0.0672,1.087
7.633385533,-0.0481,1.0847,-0.0662,1.088
7.63517961,-0.0489,1.0828,-0.0662,1.086
7.63728211,-0.0501,1.0820,-0.0655,1.085
7.639105572,-0.0515,1.0813,-0.0616,1.084
7.641270225,-0.0530,1.0774,-0.0606,1.080
7.643609495,-0.0537,1.0747,-0.0574,1.078
7.645789841,-0.0542,1.0676,-0.0542,1.070
7.647071649,-0.0540,1.0632,-0.0501,1.066
7.649147379,-0.0547,1.0598,-0.0476,1.062
7.651013418,-0.0555,1.0503,-0.0440,1.053
7.653375495,-0.0569,1.0469,-0.0408,1.049
7.65501361,-0.0569,1.0383,-0.0337,1.040
7.657056149,-0.0574,1.0293,-0.0247,1.031
7.660443764,-0.0579,1.0241,-0.0208,1.026
7.661944379,-0.0589,1.0161,-0.0149,1.018
7.663000802,-0.0601,1.0078,-0.0066,1.010
7.664764302,-0.0611,1.0026,-0.0010,1.004
7.666670802,-0.0652,0.9926,0.0059,0.995
7.669059495,-0.0674,0.9890,0.0088,0.991
7.670795418,-0.0713,0.9797,0.0144,0.982
7.672844379,-0.0743,0.9689,0.0178,0.972
7.674648687,-0.0755,0.9635,0.0195,0.967
7.683520495,-0.0801,0.9543,0.0220,0.958
7.685039187,-0.0843,0.9442,0.0227,0.948
7.68623561,-0.0872,0.9401,0.0225,0.944
7.687396956,-0.0914,0.9323,0.0227,0.937
7.689266072,-0.0945,0.9271,0.0217,0.932
7.690690802,-0.1009,0.9196,0.0217,0.925
7.691635879,-0.1036,0.9135,0.0225,0.920
7.692827995,-0.1058,0.9108,0.0213,0.917
7.693829264,-0.1134,0.9047,0.0188,0.912
7.695073764,-0.1178,0.8964,0.0173,0.904
7.696669187,-0.1202,0.8929,0.0173,0.901
7.712235687,-0.1248,0.8868,0.0181,0.896
7.714044341,-0.1266,0.8805,0.0198,0.890
7.715019764,-0.1283,0.8783,0.0205,0.888
7.716632264,-0.1295,0.8724,0.0205,0.882
7.717615495,-0.1300,0.8692,0.0198,0.879
7.718891379,-0.1285,0.8619,0.0220,0.872
7.71991611,-0.1263,0.8558,0.0237,0.865
7.721124341,-0.1251,0.8521,0.0239,0.862
7.721956725,-0.1204,0.8460,0.0222,0.855
7.722778456,-0.1173,0.8382,0.0244,0.847
7.723458302,-0.1148,0.8343,0.0252,0.843
7.724892648,-0.1082,0.8280,0.0247,0.835
7.726144341,-0.1058,0.8248,0.0257,0.832
7.727073033,-0.1004,0.8177,0.0254,0.824
7.72839761,-0.0950,0.8121,0.0249,0.818
7.729307879,-0.0919,0.8091,0.0242,0.815
7.730296341,-0.0853,0.8003,0.0244,0.805
7.732944879,-0.0804,0.7947,0.0242,0.799
7.735104995,-0.0779,0.7920,0.0244,0.796
7.736306379,-0.0718,0.7862,0.0227,0.790
7.737879072,-0.0667,0.7815,0.0210,0.785
7.739990495,-0.0633,0.7776,0.0208,0.780
7.741859918,-0.0589,0.7720,0.0181,0.774
7.745083302,-0.0567,0.7696,0.0169,0.772
7.745738148,-0.0508,0.7647,0.0173,0.767
7.747678495,-0.0442,0.7600,0.0176,0.762
7.749621418,-0.0415,0.7571,0.0169,0.758
7.751605995,-0.0349,0.7534,0.0151,0.754
7.753644418,-0.0276,0.7525,0.0139,0.753
7.755659841,-0.0237,0.7481,0.0134,0.749
7.757766456,-0.0181,0.7422,0.0134,0.743
7.762908918,-0.0144,0.7395,0.0139,0.740
7.763507572,-0.0090,0.7363,0.0178,0.737
7.763760648,-0.0017,0.7329,0.0166,0.733
7.765638495,0.0012,0.7310,0.0164,0.731
7.768517341,0.0049,0.7266,0.0171,0.727
7.769973302,0.0107,0.7239,0.0154,0.724
7.771616033,0.0137,0.7187,0.0151,0.719
7.773412725,0.0178,0.7124,0.0144,0.713
7.775471418,0.0208,0.7095,0.0132,0.710
7.787872533,0.0269,0.7038,0.0127,0.704
7.789530879,0.0313,0.6985,0.0098,0.699
7.790364418,0.0340,0.6963,0.0088,0.697
7.791332764,0.0386,0.6889,0.0073,0.690
7.792672533,0.0432,0.6831,0.0051,0.684
7.793977187,0.0469,0.6804,0.0044,0.682
7.795344418,0.0525,0.6738,0.0029,0.676
7.796291687,0.0547,0.6704,0.0034,0.673
7.797342148,0.0564,0.6652,0.0032,0.668
7.798179187,0.0601,0.6611,0.0054,0.664
7.798997764,0.0611,0.6589,0.0059,0.662
7.799863148,0.0635,0.6547,0.0054,0.658
7.803198072,0.0655,0.6506,0.0051,0.654
7.804993879,0.0662,0.6486,0.0066,0.652
7.808949956,0.0682,0.6452,0.0081,0.649
7.810167033,0.0694,0.6425,0.0100,0.646
7.811283764,0.0699,0.6413,0.0105,0.645
7.812052995,0.0706,0.6391,0.0132,0.643
7.813276148,0.0723,0.6386,0.0139,0.643
7.815558341,0.0730,0.6372,0.0156,0.642
7.817044148,0.0728,0.6357,0.0200,0.640
7.818853841,0.0718,0.6357,0.0215,0.640
7.820949225,0.0694,0.6335,0.0222,0.638
7.822832764,0.0672,0.6330,0.0266,0.637
7.824800956,0.0662,0.6328,0.0296,0.637
7.827802495,0.0633,0.6332,0.0340,0.637
7.829339033,0.0628,0.6350,0.0364,0.639
7.83084711,0.0599,0.6379,0.0396,0.642
7.832842571,0.0550,0.6425,0.0447,0.646
7.834972187,0.0523,0.6452,0.0479,0.649
7.836758071,0.0469,0.6494,0.0520,0.653
7.838679225,0.0418,0.6547,0.0579,0.659
7.840639648,0.0388,0.6591,0.0603,0.663
7.84427911,0.0308,0.6662,0.0679,0.670
7.845794764,0.0269,0.6706,0.0706,0.675
7.846976187,0.0181,0.6811,0.0767,0.686
7.849197918,0.0090,0.6943,0.0821,0.699
7.850352071,0.0039,0.7009,0.0853,0.706
7.852409033,-0.0064,0.7144,0.0919,0.720
7.854603533,-0.0151,0.7275,0.0975,0.734
7.856439187,-0.0205,0.7349,0.1007,0.742
7.858598995,-0.0300,0.7534,0.1090,0.762
7.861764495,-0.0347,0.7615,0.1124,0.771
7.86324911,-0.0437,0.7754,0.1202,0.786
7.86445561,-0.0540,0.7938,0.1270,0.806
7.866251571,-0.0572,0.8040,0.1297,0.816
7.86837911,-0.0628,0.8231,0.1358,0.837
7.87011061,-0.0691,0.8433,0.1419,0.858
7.872289764,-0.0711,0.8534,0.1449,0.868
7.874282495,-0.0772,0.8729,0.1520,0.889
7.883570571,-0.0801,0.8844,0.1554,0.902
7.885626956,-0.0840,0.9076,0.1588,0.925
7.886724956,-0.0892,0.9296,0.1639,0.948
7.887737264,-0.0914,0.9408,0.1664,0.960
7.888790033,-0.0923,0.9626,0.1703,0.982
7.889778725,-0.0945,0.9875,0.1732,1.007
7.890705495,-0.0953,1.0007,0.1757,1.020
7.891559687,-0.0965,1.0254,0.1810,1.046
7.892888571,-0.0965,1.0376,0.1835,1.058
7.909163071,-0.0933,1.0610,0.1876,1.082
7.910798341,-0.0901,1.0869,0.1913,1.107
7.911986071,-0.0870,1.0989,0.1930,1.119
7.912951418,-0.0814,1.1236,0.1967,1.144
7.914092764,-0.0728,1.1456,0.2008,1.165
7.915020648,-0.0696,1.1568,0.2023,1.176
7.916328264,-0.0616,1.1793,0.2060,1.199
7.917343687,-0.0515,1.1910,0.2077,1.210
7.918229187,-0.0462,1.2093,0.2108,1.228
7.918921995,-0.0369,1.2257,0.2106,1.244
7.919926995,-0.0325,1.2340,0.2084,1.252
7.920901033,-0.0232,1.2506,0.2055,1.268
7.921811225,-0.0142,1.2645,0.1991,1.280
7.922629687,-0.0098,1.2699,0.1945,1.285
7.923519802,-0.0007,1.2807,0.1842,1.294
7.924311302,0.0029,1.2863,0.1783,1.299
7.925459725,0.0117,1.2934,0.1642,1.304
7.928297225,0.0191,1.2970,0.1500,1.306
7.929823148,0.0220,1.2980,0.1412,1.306
7.934754148,0.0269,1.2980,0.1234,1.304
7.935860995,0.0293,1.2987,0.1041,1.303
7.937238995,0.0288,1.2975,0.0953,1.301
7.938021379,0.0288,1.2938,0.0762,1.296
7.939017302,0.0291,1.2919,0.0662,1.294
7.941366648,0.0279,1.2858,0.0469,1.287
7.944584456,0.0247,1.2782,0.0310,1.279
7.946089802,0.0227,1.2733,0.0227,1.274
7.947231418,0.0215,1.2633,0.0088,1.264
7.949037841,0.0195,1.2582,0.0022,1.258
7.951073533,0.0191,1.2477,-0.0105,1.248
7.953186456,0.0188,1.2333,-0.0191,1.234
7.954747456,0.0161,1.2252,-0.0230,1.226
7.956901571,0.0110,1.2115,-0.0310,1.212
7.958907225,0.0061,1.1973,-0.0366,1.198
7.962038071,0.0022,1.1912,-0.0369,1.192
7.963540956,-0.0064,1.1756,-0.0369,1.176
7.965393802,-0.0137,1.1683,-0.0330,1.169
7.966787879,-0.0176,1.1551,-0.0296,1.156
7.968669764,-0.0249,1.1399,-0.0222,1.140
7.970631956,-0.0300,1.1328,-0.0173,1.133
7.972678071,-0.0371,1.1211,-0.0051,1.122
7.974811494,-0.0440,1.1104,0.0066,1.111
7.985403725,-0.0469,1.1048,0.0132,1.106
7.986908648,-0.0552,1.0940,0.0291,1.096
7.987873379,-0.0603,1.0901,0.0364,1.092
7.989133879,-0.0694,1.0818,0.0540,1.085
7.990229841,-0.0784,1.0769,0.0730,1.082
7.991329302,-0.0821,1.0745,0.0821,1.081
7.992362571,-0.0897,1.0681,0.1024,1.077
7.992906879,-0.0975,1.0654,0.1175,1.076
7.993269225,-0.1021,1.0642,0.1236,1.076
8.013180418,-0.1119,1.0632,0.1336,1.077
8.014826879,-0.1182,1.0637,0.1412,1.080
8.015875341,-0.1200,1.0637,0.1581,1.082
8.016899187,-0.1209,1.0618,0.1786,1.083
8.018057994,-0.1217,1.0615,0.1896,1.085
8.019067879,-0.1204,1.0625,0.2074,1.089
8.020353418,-0.1148,1.0625,0.2238,1.092
8.021201302,-0.1112,1.0627,0.2323,1.093
8.022100918,-0.1029,1.0635,0.2485,1.097
8.022846725,-0.0906,1.0635,0.2685,1.101
8.023580879,-0.0840,1.0635,0.2780,1.102
8.024619648,-0.0669,1.0615,0.2939,1.103
8.025405033,-0.0574,1.0613,0.2985,1.104
8.026587225,-0.0357,1.0600,0.3056,1.104
8.027627225,-0.0100,1.0605,0.3130,1.106
8.028800264,0.0027,1.0588,0.3144,1.105
8.029753148,0.0274,1.0581,0.3127,1.104
8.030482341,0.0540,1.0566,0.3117,1.103
8.031129648,0.0672,1.0566,0.3098,1.103
8.032087033,0.0931,1.0561,0.2959,1.101
8.034580456,0.1051,1.0576,0.2858,1.101
8.035918687,0.1307,1.0610,0.2590,1.100
8.037720264,0.1527,1.0679,0.2248,1.102
8.039792456,0.1627,1.0715,0.2045,1.103
8.041799456,0.1827,1.0825,0.1620,1.110
8.044746687,0.1991,1.0960,0.1180,1.120
8.046388187,0.2064,1.1030,0.0963,1.126
8.047649264,0.2223,1.1219,0.0537,1.145
8.049491571,0.2284,1.1336,0.0335,1.157
8.051475225,0.2399,1.1568,-0.0039,1.181
8.053509071,0.2514,1.1844,-0.0366,1.211
8.055426456,0.2568,1.1978,-0.0506,1.226
8.057532071,0.2697,1.2284,-0.0777,1.260
8.059225764,0.2800,1.2440,-0.1014,1.279
8.061839533,0.2841,1.2763,-0.1124,1.312
8.064648379,0.2959,1.3085,-0.1319,1.348
8.065141994,0.3029,1.3237,-0.1402,1.365
8.067115533,0.3176,1.3552,-0.1551,1.401
8.06919011,0.3327,1.3847,-0.1698,1.434
8.071224917,0.3396,1.3989,-0.1779,1.450
8.073165187,0.3516,1.4255,-0.1901,1.480
8.075062879,0.3572,1.4375,-0.1935,1.494
8.079752148,0.3723,1.4573,-0.2006,1.517
8.080368071,0.3860,1.4749,-0.2040,1.538
8.080829187,0.3931,1.4822,-0.2060,1.547
8.082942994,0.4029,1.4927,-0.2064,1.560
8.084920225,0.4112,1.4988,-0.1998,1.567
8.086853264,0.4131,1.4993,-0.1945,1.567
8.088721148,0.4158,1.4988,-0.1825,1.566
8.09088711,0.4148,1.4981,-0.1747,1.564
8.092781956,0.4041,1.4930,-0.1546,1.554
8.105232033,0.3870,1.4834,-0.1292,1.539
8.106777417,0.3767,1.4771,-0.1131,1.529
8.107715264,0.3538,1.4641,-0.0760,1.508
8.108873148,0.3274,1.4487,-0.0359,1.486
8.110109071,0.3134,1.4414,-0.0134,1.475
8.111104302,0.2858,1.4265,0.0327,1.455
8.112322725,0.2590,1.4184,0.0770,1.444
8.113169994,0.2455,1.4035,0.0997,1.428
8.113913225,0.2226,1.3881,0.1459,1.413
8.114789033,0.2116,1.3811,0.1652,1.407
8.115450571,0.1888,1.3652,0.1981,1.392
8.116412764,0.1666,1.3498,0.2250,1.379
8.11977861,0.1568,1.3432,0.2380,1.373
8.121315148,0.1385,1.3295,0.2585,1.361
8.122655764,0.1305,1.3222,0.2668,1.355
8.124187725,0.1112,1.3070,0.2783,1.341
8.126500802,0.0953,1.2934,0.2888,1.329
8.129424917,0.0880,1.2855,0.2924,1.321
8.130946417,0.0682,1.2716,0.2951,1.307
8.132224071,0.0515,1.2577,0.2961,1.293
8.133944956,0.0430,1.2516,0.2954,1.287
8.135748879,0.0286,1.2379,0.2905,1.272
8.137952187,0.0215,1.2313,0.2885,1.265
8.140035802,0.0107,1.2198,0.2807,1.252
8.142204494,-0.0024,1.2052,0.2744,1.236
8.14455811,-0.0081,1.1966,0.2709,1.227
8.145793187,-0.0154,1.1793,0.2663,1.209
8.14780461,-0.0247,1.1631,0.2570,1.191
8.149979879,-0.0288,1.1553,0.2533,1.183
8.151639533,-0.0337,1.1350,0.2443,1.162
8.153947417,-0.0376,1.1258,0.2394,1.152
8.155638879,-0.0445,1.1067,0.2316,1.132
8.157720302,-0.0493,1.0855,0.2231,1.109
8.159888571,-0.0545,1.0747,0.2182,1.098
8.162480994,-0.0635,1.0542,0.2121,1.077
8.163506456,-0.0713,1.0425,0.2106,1.066
8.165793379,-0.0745,1.0175,0.2060,1.041
8.167397687,-0.0828,0.9931,0.2018,1.017
8.169581264,-0.0875,0.9802,0.2006,1.004
8.171420802,-0.0926,0.9530,0.1981,0.978
8.173468302,-0.0980,0.9279,0.1957,0.953
8.17539484,-0.1011,0.9147,0.1947,0.941
8.184682302,-0.1055,0.8890,0.1947,0.916
8.185847456,-0.1102,0.8631,0.1935,0.891
8.18672984,-0.1126,0.8504,0.1906,0.879
8.187719033,-0.1156,0.8277,0.1893,0.857
8.188958456,-0.1165,0.8157,0.1893,0.845
8.190077687,-0.1185,0.7906,0.1881,0.821
8.190865571,-0.1190,0.7698,0.1869,0.801
8.19177311,-0.1197,0.7598,0.1852,0.791
8.205795648,-0.1212,0.7417,0.1820,0.773
8.207325417,-0.1197,0.7249,0.1791,0.756
8.208326917,-0.1192,0.7168,0.1771,0.748
8.209440725,-0.1163,0.7026,0.1732,0.733
8.210588456,-0.1151,0.6975,0.1686,0.727
8.211849648,-0.1146,0.6850,0.1671,0.714
8.21314811,-0.1151,0.6760,0.1644,0.705
8.214189456,-0.1134,0.6731,0.1617,0.701
8.215232302,-0.1099,0.6677,0.1564,0.695
8.21598161,-0.1055,0.6645,0.1534,0.690
8.216971302,-0.1048,0.6640,0.1534,0.690
8.217844148,-0.1011,0.6621,0.1522,0.687
8.218575033,-0.0975,0.6630,0.1493,0.687
8.219450533,-0.0955,0.6660,0.1471,0.689
8.22224334,-0.0906,0.6692,0.1424,0.690
8.223664917,-0.0870,0.6706,0.1410,0.691
8.229787302,-0.0794,0.6745,0.1356,0.693
8.231280187,-0.0718,0.6816,0.1319,0.698
8.232373071,-0.0679,0.6853,0.1278,0.700
8.233564956,-0.0633,0.6943,0.1204,0.708
8.234404725,-0.0562,0.6990,0.1160,0.711
8.235262687,-0.0535,0.7117,0.1136,0.723
8.236962725,-0.0472,0.7258,0.1080,0.735
8.23866311,-0.0442,0.7324,0.1060,0.741
8.240801533,-0.0369,0.7461,0.1031,0.754
8.242611687,-0.0310,0.7622,0.0980,0.769
8.245879071,-0.0279,0.7698,0.0972,0.776
8.24741061,-0.0195,0.7864,0.0945,0.792
8.249201033,-0.0161,0.7952,0.0921,0.801
8.250414071,-0.0112,0.8150,0.0872,0.820
8.252486302,-0.0066,0.8355,0.0833,0.840
8.25461834,-0.0044,0.8446,0.0809,0.848
8.256625764,0.0010,0.8631,0.0782,0.867
8.258487994,0.0066,0.8817,0.0760,0.885
8.262131533,0.0095,0.8907,0.0750,0.894
8.263690802,0.0164,0.9093,0.0743,0.912
8.265017994,0.0257,0.9274,0.0713,0.930
8.266329033,0.0283,0.9354,0.0718,0.939
8.26829761,0.0340,0.9533,0.0713,0.957
8.270149033,0.0381,0.9616,0.0701,0.965
8.27227211,0.0476,0.9772,0.0691,0.981
8.274097417,0.0559,0.9902,0.0708,0.994
8.27636511,0.0596,0.9982,0.0696,1.002
8.28638561,0.0672,1.0136,0.0665,1.018
8.287893494,0.0745,1.0266,0.0660,1.031
8.28894311,0.0787,1.0312,0.0660,1.036
8.289945994,0.0870,1.0420,0.0655,1.048
8.290921379,0.0916,1.0473,0.0643,1.053
8.292271879,0.0980,1.0547,0.0623,1.061
8.293286802,0.1058,1.0630,0.0625,1.070
8.294392379,0.1087,1.0664,0.0630,1.074
8.295191994,0.1173,1.0706,0.0618,1.079
8.296291994,0.1236,1.0737,0.0621,1.083
8.311883725,0.1268,1.0752,0.0633,1.084
8.313629187,0.1317,1.0742,0.0623,1.084
8.314543494,0.1346,1.0747,0.0611,1.085
8.315406225,0.1415,1.0713,0.0630,1.082
8.31657084,0.1466,1.0659,0.0655,1.078
8.317629071,0.1500,1.0652,0.0667,1.078
8.318819456,0.1573,1.0605,0.0694,1.074
8.319856917,0.1632,1.0530,0.0716,1.068
8.320767033,0.1656,1.0500,0.0735,1.066
8.321680802,0.1708,1.0417,0.0767,1.058
8.322430263,0.1717,1.0366,0.0787,1.054
8.323465956,0.1749,1.0266,0.0843,1.045
8.32438184,0.1761,1.0163,0.0889,1.035
8.325325187,0.1766,1.0105,0.0904,1.030
8.326123071,0.1786,1.0004,0.0941,1.021
8.328953571,0.1783,0.9943,0.0970,1.015
8.330505763,0.1779,0.9821,0.1024,1.003
8.33159734,0.1769,0.9701,0.1060,0.992
8.33332934,0.1769,0.9643,0.1085,0.986
8.335268263,0.1754,0.9528,0.1131,0.975
8.337162648,0.1771,0.9411,0.1182,0.965
8.339107225,0.1766,0.9359,0.1200,0.960
8.341320571,0.1754,0.9242,0.1239,0.949
8.343112956,0.1742,0.9179,0.1295,0.943
8.345878956,0.1725,0.9059,0.1309,0.931
8.34743561,0.1700,0.8932,0.1336,0.919
8.349011763,0.1683,0.8871,0.1344,0.913
8.351131994,0.1639,0.8793,0.1383,0.905
8.353077763,0.1581,0.8683,0.1419,0.894
8.354996379,0.1544,0.8629,0.1444,0.888
8.357081648,0.1490,0.8524,0.1471,0.878
8.359030648,0.1437,0.8451,0.1500,0.870
8.362518879,0.1397,0.8416,0.1517,0.867
8.363925994,0.1331,0.8328,0.1551,0.858
8.365152033,0.1307,0.8282,0.1578,0.853
8.36702584,0.1241,0.8201,0.1600,0.845
8.368781725,0.1175,0.8128,0.1627,0.837
8.370862879,0.1148,0.8091,0.1644,0.834
8.372761725,0.1082,0.8043,0.1693,0.829
8.374673763,0.1014,0.7974,0.1725,0.822
8.377005379,0.0977,0.7940,0.1730,0.818
8.386809033,0.0904,0.7886,0.1742,0.813
8.38828484,0.0870,0.7862,0.1754,0.810
8.389275648,0.0806,0.7828,0.1791,0.807
8.390292802,0.0760,0.7784,0.1823,0.803
8.391547379,0.0718,0.7764,0.1840,0.801
8.392747648,0.0630,0.7727,0.1849,0.797
8.393801879,0.0569,0.7720,0.1867,0.796
8.394695379,0.0545,0.7705,0.1879,0.795
8.396023033,0.0493,0.7674,0.1891,0.792
8.397004186,0.0454,0.7669,0.1891,0.791
8.417578956,0.0406,0.7666,0.1874,0.790
8.419052186,0.0352,0.7652,0.1871,0.789
8.419884302,0.0330,0.7654,0.1864,0.788
8.420902802,0.0279,0.7666,0.1835,0.789
8.421855302,0.0210,0.7718,0.1808,0.793
8.422803879,0.0186,0.7732,0.1798,0.794
8.423758725,0.0161,0.7735,0.1771,0.794
8.425019494,0.0142,0.7752,0.1754,0.795
8.425866456,0.0086,0.7776,0.1722,0.797
8.426856071,0.0054,0.7823,0.1703,0.801
8.428012302,0.0037,0.7832,0.1673,0.801
8.429008686,0.0010,0.7881,0.1627,0.805
8.430088456,0.0000,0.7928,0.1600,0.809
8.430905417,-0.0010,0.7959,0.1576,0.811
8.431626648,-0.0034,0.8023,0.1537,0.817
8.432587879,-0.0061,0.8055,0.1515,0.820
8.43325411,-0.0061,0.8104,0.1485,0.824
8.434168263,-0.0071,0.8150,0.1434,0.828
8.434842571,-0.0081,0.8177,0.1407,0.830
8.43730311,-0.0081,0.8238,0.1356,0.835
8.43871061,-0.0095,0.8304,0.1309,0.841
8.440045917,-0.0093,0.8324,0.1278,0.842
8.442073186,-0.0090,0.8377,0.1226,0.847
8.44559084,-0.0107,0.8409,0.1195,0.849
8.44724711,-0.0112,0.8485,0.1136,0.856
8.448653263,-0.0105,0.8543,0.1080,0.861
8.449782456,-0.0115,0.8560,0.1051,0.863
8.451596763,-0.0134,0.8619,0.1004,0.868
8.45365234,-0.0137,0.8673,0.0928,0.872
8.455299686,-0.0149,0.8702,0.0904,0.875
8.457655417,-0.0176,0.8753,0.0828,0.879
8.45943011,-0.0178,0.8785,0.0796,0.882
8.46208034,-0.0176,0.8839,0.0755,0.887
8.46320534,-0.0186,0.8888,0.0708,0.892
8.465665071,-0.0195,0.8912,0.0687,0.894
8.467236879,-0.0186,0.8939,0.0650,0.896
8.469511225,-0.0193,0.8986,0.0625,0.901
8.471189994,-0.0195,0.9008,0.0596,0.903
8.47336511,-0.0195,0.9054,0.0567,0.907
8.475555225,-0.0191,0.9069,0.0564,0.909
8.477329225,-0.0169,0.9105,0.0542,0.912
8.481304071,-0.0147,0.9159,0.0537,0.918
8.481876033,-0.0142,0.9179,0.0552,0.920
8.486805186,-0.0137,0.9223,0.0569,0.924
8.487095225,-0.0129,0.9249,0.0569,0.927
8.487689533,-0.0127,0.9269,0.0574,0.929
8.489144994,-0.0115,0.9313,0.0613,0.933
8.49084534,-0.0125,0.9330,0.0643,0.935
8.493095109,-0.0112,0.9362,0.0696,0.939
8.516271071,-0.0117,0.9386,0.0774,0.942
8.517730225,-0.0122,0.9401,0.0809,0.944
8.51876384,-0.0125,0.9445,0.0858,0.948
8.519549456,-0.0132,0.9484,0.0941,0.953
8.520647033,-0.0137,0.9504,0.0985,0.956
8.521562148,-0.0134,0.9518,0.1077,0.958
8.522534686,-0.0149,0.9533,0.1153,0.960
8.523492109,-0.0151,0.9552,0.1195,0.963
8.524309725,-0.0151,0.9547,0.1268,0.963
8.525138263,-0.0147,0.9557,0.1307,0.965
8.525965917,-0.0144,0.9582,0.1393,0.968
8.526862686,-0.0156,0.9594,0.1449,0.970
8.527732917,-0.0161,0.9604,0.1485,0.972
8.528840763,-0.0159,0.9613,0.1573,0.974
8.529762956,-0.0166,0.9626,0.1605,0.976
8.530796648,-0.0171,0.9640,0.1664,0.978
8.531429763,-0.0205,0.9655,0.1720,0.981
8.532101648,-0.0203,0.9672,0.1754,0.983
8.533085802,-0.0191,0.9679,0.1803,0.985
8.533740186,-0.0188,0.9697,0.1837,0.987
8.534553494,-0.0200,0.9711,0.1835,0.989
8.537824456,-0.0215,0.9743,0.1869,0.992
8.539287379,-0.0220,0.9760,0.1888,0.994
8.540472648,-0.0220,0.9787,0.1908,0.997
8.542251148,-0.0237,0.9811,0.1932,1.000
8.547154071,-0.0232,0.9821,0.1937,1.001
8.548810725,-0.0244,0.9855,0.1920,1.004
8.54980684,-0.0249,0.9894,0.1840,1.007
8.550970571,-0.0242,0.9912,0.1805,1.008
8.552337379,-0.0239,0.9936,0.1766,1.009
8.553966456,-0.0249,0.9958,0.1771,1.012
8.555970533,-0.0249,0.9995,0.1864,1.017
8.557969533,-0.0254,1.0048,0.1925,1.023
8.559998109,-0.0254,1.0056,0.1950,1.025
8.562904225,-0.0249,1.0090,0.1986,1.029
8.564560609,-0.0210,1.0117,0.2055,1.033
8.565870109,-0.0186,1.0158,0.2081,1.037
8.567750571,-0.0125,1.0180,0.2184,1.041
8.569905456,-0.0086,1.0188,0.2231,1.043
8.571807302,0.0000,1.0202,0.2323,1.046
8.573962686,0.0090,1.0239,0.2438,1.053
8.575712917,0.0149,1.0249,0.2492,1.055
8.578751994,0.0281,1.0266,0.2639,1.060
8.57997334,0.0406,1.0271,0.2805,1.065
8.58919734,0.0479,1.0271,0.2895,1.068
8.589801032,0.0638,1.0280,0.3049,1.074
8.590050032,0.0718,1.0280,0.3112,1.077
8.590281532,0.0838,1.0283,0.3176,1.079
8.590511456,0.0967,1.0268,0.3227,1.081
8.591496609,0.1029,1.0261,0.3227,1.081
8.593560379,0.1153,1.0251,0.3203,1.080
8.619257879,0.1283,1.0229,0.3120,1.077
8.621009032,0.1341,1.0241,0.3064,1.077
8.621844917,0.1429,1.0236,0.2934,1.074
8.62295884,0.1476,1.0241,0.2866,1.074
8.624071879,0.1554,1.0258,0.2741,1.073
8.625423071,0.1610,1.0256,0.2651,1.071
8.626590379,0.1639,1.0263,0.2604,1.071
8.627782225,0.1683,1.0266,0.2526,1.071
8.629152609,0.1713,1.0278,0.2482,1.071
8.630022186,0.1752,1.0261,0.2421,1.069
8.631212148,0.1803,1.0239,0.2380,1.067
8.632497032,0.1835,1.0219,0.2360,1.065
8.633252456,0.1888,1.0168,0.2328,1.060
8.633962763,0.1950,1.0097,0.2292,1.054
8.634986263,0.1976,1.0041,0.2270,1.048
8.635662186,0.2047,0.9931,0.2199,1.038
8.636740186,0.2081,0.9882,0.2145,1.032
8.637458032,0.2143,0.9784,0.2030,1.022
8.638170532,0.2228,0.9653,0.1913,1.009
8.639150571,0.2245,0.9591,0.1859,1.002
8.639930956,0.2292,0.9467,0.1764,0.990
8.640984032,0.2316,0.9396,0.1715,0.983
8.641706648,0.2333,0.9289,0.1617,0.971
8.64272284,0.2326,0.9188,0.1537,0.960
8.644007956,0.2321,0.9149,0.1510,0.956
8.647647648,0.2287,0.9056,0.1500,0.946
8.648692648,0.2250,0.8983,0.1517,0.938
8.64901584,0.2235,0.8961,0.1522,0.936
8.65072734,0.2177,0.8961,0.1515,0.935
8.655938686,0.2143,0.8949,0.1529,0.933
8.656246917,0.2067,0.8925,0.1568,0.929
8.657205686,0.1998,0.8932,0.1625,0.930
8.657964917,0.1957,0.8959,0.1644,0.932
8.659864109,0.1869,0.9005,0.1713,0.936
8.662980725,0.1742,0.9071,0.1801,0.941
8.665056994,0.1686,0.9110,0.1845,0.945
8.66630884,0.1539,0.9188,0.1945,0.952
8.667906263,0.1449,0.9242,0.1996,0.957
8.669971302,0.1283,0.9350,0.2140,0.968
8.671876802,0.1102,0.9477,0.2287,0.981
8.674088494,0.1004,0.9530,0.2362,0.987
8.675811456,0.0848,0.9667,0.2492,1.002
8.681036763,0.0694,0.9811,0.2617,1.018
8.681597725,0.0618,0.9875,0.2682,1.025
8.681851148,0.0437,1.0012,0.2805,1.041
8.687684263,0.0366,1.0070,0.2846,1.047
8.687987917,0.0205,1.0229,0.2897,1.063
8.68828234,0.0012,1.0403,0.2954,1.081
8.689623494,-0.0081,1.0503,0.2966,1.091
8.691817494,-0.0269,1.0735,0.2963,1.114
8.693763802,-0.0467,1.0999,0.2885,1.138
8.712692071,-0.0537,1.1153,0.2817,1.152
8.714261763,-0.0638,1.1473,0.2675,1.180
8.715208609,-0.0740,1.1641,0.2514,1.193
8.716235417,-0.0779,1.2039,0.2426,1.231
8.717156186,-0.0804,1.2533,0.2265,1.276
8.718267917,-0.0816,1.2799,0.2194,1.301
8.71924634,-0.0836,1.3434,0.2094,1.362
8.720418609,-0.0850,1.4145,0.2052,1.432
8.721349879,-0.0882,1.4551,0.2055,1.472
8.722097609,-0.0987,1.5460,0.2094,1.563
8.722855071,-0.1046,1.5956,0.2135,1.613
8.723703263,-0.1178,1.7021,0.2284,1.721
8.724721148,-0.1356,1.8145,0.2460,1.836
8.725663879,-0.1451,1.8719,0.2568,1.895
8.726532763,-0.1669,1.9923,0.2824,2.019
8.727651879,-0.1940,2.1154,0.3095,2.147
8.728695263,-0.2125,2.1755,0.3235,2.210
8.73186884,-0.2812,2.2972,0.3445,2.340
8.733446609,-0.3103,2.3536,0.3564,2.401
8.734339417,-0.3701,2.4558,0.3699,2.511
8.735445532,-0.4842,2.5273,0.3469,2.597
8.737673455,-0.5372,2.5349,0.3345,2.613
8.739267186,-0.5734,2.5471,0.3066,2.629
8.741361609,-0.5602,2.5447,0.2648,2.619
8.743167532,-0.5350,2.5371,0.2426,2.604
8.747127032,-0.4334,2.5019,0.1732,2.545
8.748290879,-0.2934,2.4269,0.0662,2.446
8.749248686,-0.2345,2.3715,0.0010,2.383
8.750784917,-0.1324,2.2386,-0.1405,2.247
8.753441455,-0.0838,2.1687,-0.2106,2.181
8.754990109,0.0107,2.0260,-0.3433,2.055
8.757364109,0.1051,1.8909,-0.4561,1.948
8.758614263,0.1502,1.8272,-0.5040,1.901
8.761221879,0.2343,1.7067,-0.5790,1.817
8.763610994,0.3183,1.6503,-0.6308,1.795
8.764788455,0.3604,1.5433,-0.6481,1.712
8.766569994,0.4202,1.4507,-0.6758,1.655
8.768817417,0.4312,1.4138,-0.6872,1.630
8.770496686,0.4310,1.3498,-0.7021,1.581
8.773370109,0.4178,1.2921,-0.7019,1.529
8.77460734,0.4095,1.2643,-0.6953,1.500
8.776504532,0.3911,1.2096,-0.6689,1.436
8.783489917,0.3665,1.1856,-0.6506,1.401
8.784409725,0.3523,1.1446,-0.6061,1.342
8.784857302,0.3203,1.1057,-0.5556,1.278
8.785287686,0.3007,1.0879,-0.5270,1.246
8.786529109,0.2656,1.0522,-0.4652,1.181
8.788765109,0.2292,1.0151,-0.4012,1.115
8.790354071,0.2094,0.9982,-0.3611,1.082
8.792385609,0.1652,0.9638,-0.2780,1.017
8.794237725,0.1427,0.9467,-0.2402,0.987
8.813560571,0.0955,0.9132,-0.1634,0.933
8.815126148,0.0450,0.8795,-0.0823,0.884
8.816416225,0.0156,0.8626,-0.0408,0.864
8.817465994,-0.0440,0.8302,0.0413,0.832
8.818660686,-0.0997,0.7972,0.1251,0.813
8.819692302,-0.1280,0.7808,0.1652,0.808
8.821044763,-0.1803,0.7500,0.2399,0.808
8.822105725,-0.2013,0.7334,0.2739,0.808
8.823226032,-0.2323,0.6987,0.3359,0.809
8.824265417,-0.2511,0.6650,0.3833,0.808
8.825168225,-0.2582,0.6499,0.4024,0.807
8.826124878,-0.2717,0.6198,0.4324,0.803
8.827052532,-0.2851,0.5912,0.4559,0.799
8.828347609,-0.2917,0.5793,0.4598,0.795
8.829335763,-0.2998,0.5558,0.4664,0.785
8.830564455,-0.3034,0.5448,0.4693,0.780
8.831500225,-0.3076,0.5272,0.4725,0.772
8.832601725,-0.3083,0.5138,0.4664,0.759
8.833350648,-0.3086,0.5091,0.4639,0.755
8.834284686,-0.3112,0.5008,0.4551,0.745
8.837116802,-0.3108,0.4955,0.4400,0.732
8.838842994,-0.3112,0.4950,0.4307,0.726
8.841259725,-0.3095,0.4962,0.4134,0.716
8.842788417,-0.3100,0.4974,0.4033,0.711
8.844510994,-0.3115,0.5030,0.3858,0.706
8.845578571,-0.3122,0.5101,0.3677,0.702
8.848238609,-0.3110,0.5148,0.3584,0.700
8.849439955,-0.3078,0.5257,0.3398,0.698
8.851518071,-0.3037,0.5377,0.3222,0.697
8.853919763,-0.3010,0.5436,0.3152,0.697
8.855506532,-0.2900,0.5575,0.2976,0.695
8.857806225,-0.2834,0.5658,0.2895,0.696
8.859394609,-0.2717,0.5810,0.2692,0.696
8.86132734,-0.2580,0.5981,0.2475,0.697
8.864684455,-0.2514,0.6078,0.2355,0.699
8.865825686,-0.2326,0.6271,0.2106,0.701
8.867348571,-0.2147,0.6467,0.1859,0.706
8.869301609,-0.2060,0.6574,0.1720,0.710
8.871326571,-0.1867,0.6823,0.1439,0.722
8.873209071,-0.1786,0.6938,0.1309,0.728
8.87523084,-0.1617,0.7187,0.1019,0.744
8.877143763,-0.1400,0.7486,0.0752,0.765
8.884888609,-0.1290,0.7630,0.0625,0.776
8.885967648,-0.1102,0.7938,0.0369,0.802
8.886623686,-0.0906,0.8270,0.0125,0.832
8.887025917,-0.0804,0.8429,0.0007,0.847
8.887402417,-0.0552,0.8775,-0.0225,0.880
8.889185263,-0.0420,0.8951,-0.0325,0.897
8.891553532,-0.0103,0.9293,-0.0535,0.931
8.893206494,0.0254,0.9628,-0.0755,0.966
8.922641878,0.0418,0.9802,-0.0855,0.985
8.924473686,0.0765,1.0136,-0.1073,1.022
8.924920686,0.1102,1.0454,-0.1270,1.059
8.925256225,0.1258,1.0622,-0.1366,1.078
8.925589648,0.1598,1.0938,-0.1573,1.117
8.925909725,0.1937,1.1219,-0.1781,1.152
8.926229301,0.2143,1.1355,-0.1879,1.171
8.926570378,0.2590,1.1602,-0.2038,1.206
8.926886801,0.2805,1.1712,-0.2116,1.223
8.927200494,0.3208,1.1895,-0.2292,1.253
8.927516609,0.3579,1.2042,-0.2487,1.281
8.927852186,0.3735,1.2100,-0.2563,1.292
8.928222917,0.4009,1.2218,-0.2714,1.314
8.928554494,0.4205,1.2272,-0.2836,1.328
8.928849686,0.4283,1.2337,-0.2885,1.337
8.929154917,0.4405,1.2372,-0.2934,1.346
8.929433648,0.4459,1.2372,-0.2946,1.348
8.929759648,0.4512,1.2379,-0.2944,1.350
8.934045878,0.4520,1.2377,-0.2924,1.350
8.934729763,0.4507,1.2377,-0.2900,1.349
8.935135955,0.4471,1.2350,-0.2822,1.343
8.939994186,0.4390,1.2286,-0.2692,1.332
8.94056434,0.4339,1.2252,-0.2634,1.326
8.940969955,0.4219,1.2174,-0.2507,1.313
8.942079763,0.4161,1.2135,-0.2431,1.306
8.943845801,0.4019,1.2020,-0.2289,1.288
8.94625134,0.3845,1.1883,-0.2145,1.267
8.948396225,0.3740,1.1810,-0.2052,1.256
8.94988184,0.3513,1.1671,-0.1864,1.233
8.951750994,0.3252,1.1587,-0.1781,1.217
8.95393734,0.3115,1.1419,-0.1605,1.194
8.955597378,0.2866,1.1270,-0.1405,1.171
8.957944455,0.2731,1.1192,-0.1300,1.159
8.959587648,0.2455,1.1021,-0.1092,1.134
8.963728609,0.2172,1.0859,-0.0887,1.111
8.965551994,0.2040,1.0762,-0.0784,1.098
8.96657684,0.1761,1.0574,-0.0594,1.074
8.967748301,0.1622,1.0493,-0.0491,1.063
8.969605725,0.1341,1.0302,-0.0325,1.039
8.971599801,0.1077,1.0112,-0.0173,1.017
8.974160263,0.0943,1.0007,-0.0090,1.005
8.975522648,0.0679,0.9838,0.0076,0.986
8.97781484,0.0418,0.9655,0.0208,0.967
8.987523571,0.0283,0.9557,0.0269,0.957
8.989027148,0.0020,0.9367,0.0408,0.938
8.990168955,-0.0225,0.9296,0.0515,0.931
8.991214917,-0.0359,0.9118,0.0569,0.914
8.992372186,-0.0650,0.8966,0.0684,0.902
8.993311532,-0.0801,0.8890,0.0755,0.896
8.994238109,-0.1075,0.8736,0.0865,0.884
8.995218609,-0.1305,0.8575,0.0975,0.873
8.995971609,-0.1390,0.8502,0.1014,0.867
9.019595763,-0.1505,0.8363,0.1104,0.857
9.021390032,-0.1600,0.8292,0.1148,0.852
9.022411263,-0.1637,0.8157,0.1197,0.841
9.023442955,-0.1713,0.8016,0.1246,0.829
9.024599186,-0.1735,0.7952,0.1248,0.823
9.02558284,-0.1776,0.7837,0.1261,0.813
9.026737571,-0.1808,0.7718,0.1258,0.803
9.02792284,-0.1793,0.7666,0.1246,0.797
9.029330455,-0.1761,0.7537,0.1219,0.784
9.030372417,-0.1739,0.7490,0.1212,0.778
9.031467878,-0.1698,0.7383,0.1168,0.767
9.032743878,-0.1637,0.7300,0.1143,0.757
9.033658763,-0.1600,0.7268,0.1129,0.753
9.034738071,-0.1529,0.7190,0.1090,0.743
9.035643571,-0.1463,0.7129,0.1058,0.735
9.036852071,-0.1419,0.7104,0.1041,0.732
9.037738648,-0.1339,0.7065,0.1007,0.726
9.03882184,-0.1283,0.7053,0.0980,0.724
9.039844455,-0.1222,0.7043,0.0931,0.721
9.041069263,-0.1175,0.7053,0.0909,0.721
9.042058032,-0.1136,0.7060,0.0906,0.721
9.043185955,-0.1075,0.7060,0.0875,0.720
9.044496186,-0.1043,0.7075,0.0865,0.720
9.045203609,-0.1029,0.7090,0.0875,0.722
9.04562034,-0.0989,0.7122,0.0865,0.724
9.047812878,-0.0972,0.7131,0.0858,0.725
9.049692071,-0.0945,0.7158,0.0870,0.727
9.050381955,-0.0906,0.7209,0.0882,0.732
9.052429648,-0.0887,0.7234,0.0889,0.734
9.054732109,-0.0845,0.7293,0.0916,0.740
9.056344109,-0.0792,0.7312,0.0941,0.741
9.058297417,-0.0789,0.7349,0.0965,0.745
9.060375417,-0.0770,0.7415,0.0989,0.752
9.062246455,-0.0767,0.7451,0.1004,0.756
9.064487186,-0.0750,0.7490,0.1024,0.760
9.066334724,-0.0730,0.7564,0.1070,0.767
9.06821184,-0.0721,0.7593,0.1099,0.771
9.070064301,-0.0691,0.7661,0.1146,0.778
9.071946994,-0.0669,0.7732,0.1180,0.785
9.073993032,-0.0650,0.7779,0.1204,0.790
9.076149186,-0.0628,0.7867,0.1258,0.799
9.077853186,-0.0603,0.7894,0.1270,0.802
9.083635378,-0.0572,0.7972,0.1312,0.810
9.084537917,-0.0545,0.8040,0.1351,0.817
9.084964301,-0.0528,0.8089,0.1363,0.822
9.086037071,-0.0506,0.8199,0.1385,0.833
9.08777684,-0.0496,0.8289,0.1419,0.842
9.090010648,-0.0476,0.8328,0.1415,0.846
9.091847532,-0.0467,0.8404,0.1415,0.854
9.093573263,-0.0464,0.8446,0.1402,0.857
9.114525378,-0.0447,0.8548,0.1375,0.867
9.116527724,-0.0425,0.8639,0.1322,0.875
9.117726455,-0.0428,0.8690,0.1283,0.879
9.119222148,-0.0413,0.8800,0.1200,0.889
9.120680032,-0.0440,0.8903,0.1165,0.899
9.122139455,-0.0428,0.8942,0.1160,0.903
9.123237494,-0.0432,0.9049,0.1156,0.913
9.124428109,-0.0428,0.9081,0.1151,0.916
9.125461955,-0.0428,0.9176,0.1124,0.925
9.126399917,-0.0430,0.9271,0.1112,0.935
9.127482186,-0.0432,0.9313,0.1092,0.939
9.129163301,-0.0408,0.9408,0.1046,0.947
9.130291647,-0.0381,0.9438,0.1026,0.950
9.131564147,-0.0357,0.9464,0.1002,0.952
9.132878955,-0.0320,0.9504,0.0950,0.956
9.13387384,-0.0300,0.9523,0.0901,0.957
9.134812147,-0.0239,0.9543,0.0843,0.958
9.135822686,-0.0178,0.9577,0.0789,0.961
9.136899455,-0.0156,0.9579,0.0757,0.961
9.137793609,-0.0090,0.9579,0.0699,0.961
9.138648724,-0.0042,0.9574,0.0621,0.959
9.139692647,-0.0020,0.9560,0.0581,0.958
9.143753532,0.0022,0.9543,0.0496,0.956
9.144924917,0.0046,0.9526,0.0435,0.954
9.145413532,0.0078,0.9518,0.0305,0.952
9.14581834,0.0122,0.9499,0.0159,0.950
9.147914263,0.0137,0.9491,0.0083,0.949
9.149112994,0.0151,0.9482,-0.0086,0.948
9.151090763,0.0166,0.9494,-0.0283,0.950
9.153481147,0.0156,0.9491,-0.0371,0.950
9.155022647,0.0112,0.9506,-0.0508,0.952
9.157365301,0.0107,0.9513,-0.0564,0.953
9.158958109,0.0088,0.9513,-0.0662,0.954
9.161319109,0.0061,0.9547,-0.0743,0.958
9.164893455,0.0049,0.9572,-0.0765,0.960
9.165684647,0.0022,0.9618,-0.0818,0.965
9.167242417,0.0010,0.9662,-0.0858,0.970
9.168981532,0.0002,0.9675,-0.0862,0.971
9.170863263,0.0022,0.9706,-0.0850,0.974
9.173321494,0.0015,0.9721,-0.0833,0.976
9.174654763,0.0015,0.9736,-0.0789,0.977
9.177120917,0.0012,0.9770,-0.0738,0.980
9.178931071,0.0020,0.9792,-0.0716,0.982
9.185794724,0.0032,0.9819,-0.0665,0.984
9.186700186,0.0029,0.9828,-0.0584,0.985
9.187130609,0.0037,0.9850,-0.0537,0.987
9.187550417,0.0049,0.9870,-0.0440,0.988
9.194841071,0.0054,0.9880,-0.0398,0.989
9.195555109,0.0051,0.9914,-0.0266,0.992
9.195987301,0.0056,0.9958,-0.0129,0.996
9.196528763,0.0068,0.9973,-0.0042,0.997
9.196957724,0.0081,1.0021,0.0156,1.002
9.223211071,0.0088,1.0053,0.0252,1.006
9.225122301,0.0112,1.0109,0.0442,1.012
9.226272417,0.0117,1.0178,0.0684,1.020
9.227158071,0.0122,1.0212,0.0784,1.024
9.228397417,0.0151,1.0290,0.0997,1.034
9.229687032,0.0154,1.0395,0.1200,1.047
9.231034955,0.0161,1.0447,0.1307,1.053
9.232049724,0.0159,1.0547,0.1537,1.066
9.233062763,0.0164,1.0605,0.1630,1.073
9.234151301,0.0171,1.0730,0.1801,1.088
9.23505184,0.0176,1.0855,0.1976,1.103
9.235951186,0.0186,1.0918,0.2042,1.111
9.236878224,0.0186,1.1052,0.2145,1.126
9.237842609,0.0191,1.1192,0.2223,1.141
9.238651301,0.0200,1.1260,0.2257,1.149
9.239555109,0.0203,1.1370,0.2292,1.160
9.240651878,0.0200,1.1451,0.2304,1.168
9.241924301,0.0198,1.1595,0.2289,1.182
9.242868224,0.0195,1.1734,0.2199,1.194
9.244008186,0.0200,1.1798,0.2165,1.200
9.245355455,0.0210,1.1907,0.2069,1.209
9.246401263,0.0193,1.2010,0.1947,1.217
9.247676186,0.0198,1.2069,0.1871,1.221
9.249023417,0.0191,1.2157,0.1693,1.228
9.250087109,0.0178,1.2208,0.1615,1.232
9.250989378,0.0183,1.2301,0.1441,1.239
9.251812417,0.0191,1.2342,0.1287,1.241
9.252722224,0.0191,1.2359,0.1195,1.242
9.253620763,0.0191,1.2406,0.1031,1.245
9.256321378,0.0200,1.2418,0.0887,1.245
9.258117724,0.0195,1.2430,0.0818,1.246
9.25914134,0.0188,1.2433,0.0708,1.245
9.261534301,0.0210,1.2433,0.0655,1.245
9.265335878,0.0213,1.2428,0.0540,1.244
9.266199032,0.0205,1.2443,0.0415,1.245
9.26700934,0.0198,1.2440,0.0340,1.245
9.269180686,0.0230,1.2447,0.0198,1.245
9.270849724,0.0271,1.2450,0.0125,1.245
9.273103801,0.0291,1.2472,-0.0020,1.248
9.274851878,0.0340,1.2508,-0.0134,1.251
9.276873494,0.0366,1.2538,-0.0169,1.254
9.279477455,0.0415,1.2633,-0.0183,1.264
9.286014647,0.0481,1.2748,-0.0142,1.276
9.28681984,0.0525,1.2816,-0.0095,1.283
9.287259417,0.0594,1.2978,0.0054,1.299
9.287696186,0.0630,1.3075,0.0254,1.309
9.28930584,0.0665,1.3290,0.0379,1.331
9.291245301,0.0706,1.3549,0.0650,1.358
9.293199994,0.0733,1.3688,0.0809,1.373
9.294624955,0.0750,1.3977,0.1138,1.404
9.31778834,0.0760,1.4299,0.1473,1.439
9.319442878,0.0752,1.4480,0.1656,1.459
9.320605917,0.0743,1.4822,0.1994,1.497
9.321615801,0.0757,1.5164,0.2270,1.535
9.32268334,0.0774,1.5318,0.2411,1.553
9.32356084,0.0831,1.5609,0.2634,1.585
9.324922417,0.0884,1.5741,0.2717,1.600
9.32574084,0.1021,1.5941,0.2795,1.622
9.32664357,0.1231,1.6056,0.2766,1.634
9.327403763,0.1346,1.6105,0.2739,1.639
9.328514647,0.1576,1.6144,0.2621,1.643
9.329798494,0.1840,1.6110,0.2424,1.639
9.331035917,0.1959,1.6073,0.2299,1.635
9.332091186,0.2179,1.5924,0.1994,1.620
9.333005878,0.2289,1.5833,0.1818,1.610
9.333761494,0.2494,1.5616,0.1480,1.588
9.334860109,0.2656,1.5330,0.1092,1.560
9.335838955,0.2724,1.5176,0.0872,1.544
9.337043147,0.2797,1.4861,0.0413,1.513
9.338153647,0.2844,1.4690,-0.0088,1.496
9.339081609,0.2844,1.4346,-0.0357,1.463
9.340248878,0.2817,1.4006,-0.0882,1.431
9.341625763,0.2807,1.3840,-0.1158,1.417
9.342646532,0.2795,1.3520,-0.1686,1.391
9.345589801,0.2797,1.3224,-0.2182,1.369
9.347419263,0.2810,1.3080,-0.2433,1.360
9.348787993,0.2810,1.2787,-0.2885,1.341
9.349980378,0.2810,1.2631,-0.3103,1.331
9.351957955,0.2788,1.2367,-0.3501,1.315
9.353742378,0.2736,1.2125,-0.3894,1.303
9.356391109,0.2707,1.2008,-0.4073,1.297
9.35766357,0.2668,1.1771,-0.4393,1.284
9.359696109,0.2614,1.1570,-0.4664,1.275
9.361726186,0.2590,1.1475,-0.4798,1.270
9.36444034,0.2558,1.1292,-0.5008,1.261
9.366153109,0.2526,1.1131,-0.5165,1.253
9.367597455,0.2494,1.1045,-0.5226,1.247
9.369429609,0.2460,1.0894,-0.5311,1.237
9.37178584,0.2441,1.0811,-0.5336,1.230
9.374145147,0.2419,1.0666,-0.5328,1.217
9.375450686,0.2382,1.0498,-0.5282,1.199
9.377439724,0.2365,1.0422,-0.5231,1.190
9.386403378,0.2362,1.0263,-0.5128,1.171
9.387223032,0.2350,1.0178,-0.4962,1.156
9.387632532,0.2348,1.0029,-0.4867,1.139
9.387980455,0.2358,0.9868,-0.4639,1.116
9.388435493,0.2367,0.9787,-0.4495,1.103
9.38929584,0.2392,0.9626,-0.4226,1.078
9.391853378,0.2414,0.9447,-0.3914,1.051
9.393316993,0.2409,0.9362,-0.3740,1.037
9.395417532,0.2377,0.9169,-0.3369,1.005
9.422301301,0.2370,0.9076,-0.2983,0.984
9.423416609,0.2350,0.8895,-0.2768,0.961
9.423736878,0.2321,0.8717,-0.2336,0.932
9.424003917,0.2299,0.8634,-0.2128,0.918
9.424340917,0.2277,0.8482,-0.1695,0.894
9.42461157,0.2238,0.8341,-0.1300,0.873
9.424871917,0.2213,0.8277,-0.1114,0.864
9.42515107,0.2167,0.8157,-0.0723,0.847
9.425430801,0.2138,0.8089,-0.0540,0.838
9.425675801,0.2101,0.7989,-0.0213,0.826
9.425927993,0.2057,0.7911,0.0093,0.817
9.426166224,0.2047,0.7884,0.0247,0.815
9.42641357,0.2016,0.7830,0.0479,0.810
9.426658917,0.1989,0.7784,0.0672,0.806
9.42692034,0.1981,0.7766,0.0752,0.805
9.427165263,0.1950,0.7747,0.0872,0.804
9.42855507,0.1940,0.7727,0.0904,0.802
9.430529647,0.1913,0.7737,0.0980,0.803
9.432907917,0.1891,0.7732,0.0982,0.802
9.434366763,0.1876,0.7742,0.0963,0.802
9.436330301,0.1842,0.7771,0.0914,0.804
9.438228609,0.1805,0.7837,0.0806,0.808
9.440052609,0.1783,0.7864,0.0733,0.810
9.442359224,0.1744,0.7928,0.0572,0.814
9.444006878,0.1705,0.7967,0.0498,0.816
9.44682534,0.1647,0.8062,0.0318,0.823
9.449060109,0.1568,0.8153,0.0132,0.830
9.450033493,0.1527,0.8211,0.0020,0.835
9.452998532,0.1415,0.8321,-0.0188,0.844
9.454058301,0.1297,0.8438,-0.0349,0.854
9.455860263,0.1239,0.8514,-0.0418,0.861
9.457995916,0.1119,0.8644,-0.0569,0.873
9.459867647,0.1063,0.8697,-0.0623,0.878
9.461889686,0.0933,0.8839,-0.0757,0.892
9.464254609,0.0782,0.8990,-0.0906,0.907
9.466204032,0.0696,0.9066,-0.0960,0.914
9.46908834,0.0542,0.9218,-0.1046,0.929
9.469868301,0.0410,0.9296,-0.1126,0.937
9.471811186,0.0330,0.9445,-0.1175,0.952
9.473932301,0.0173,0.9601,-0.1241,0.968
9.475817263,0.0110,0.9662,-0.1275,0.975
9.477796263,-0.0029,0.9767,-0.1317,0.986
9.48581884,-0.0137,0.9875,-0.1361,0.997
9.48687834,-0.0193,0.9933,-0.1368,1.003
9.487374186,-0.0305,1.0019,-0.1393,1.012
9.487843186,-0.0347,1.0058,-0.1400,1.016
9.488485686,-0.0408,1.0119,-0.1402,1.022
9.48999434,-0.0462,1.0173,-0.1412,1.028
9.491961878,-0.0491,1.0195,-0.1415,1.030
9.493564224,-0.0518,1.0217,-0.1400,1.033
9.495584455,-0.0555,1.0239,-0.1400,1.035
9.519605301,-0.0547,1.0236,-0.1397,1.035
9.521620686,-0.0525,1.0207,-0.1368,1.031
9.522827493,-0.0503,1.0197,-0.1383,1.030
9.523852532,-0.0501,1.0168,-0.1375,1.027
9.52523484,-0.0469,1.0109,-0.1371,1.021
9.526463416,-0.0440,1.0080,-0.1373,1.018
9.527820647,-0.0381,1.0007,-0.1395,1.011
9.52895657,-0.0349,0.9907,-0.1388,1.001
9.53003984,-0.0320,0.9855,-0.1393,0.996
9.531401378,-0.0261,0.9736,-0.1415,0.984
9.532605724,-0.0210,0.9613,-0.1437,0.972
9.533728224,-0.0186,0.9545,-0.1451,0.966
9.534420686,-0.0137,0.9403,-0.1476,0.952
9.535313263,-0.0117,0.9333,-0.1488,0.945
9.535929647,-0.0090,0.9186,-0.1524,0.931
9.536856224,-0.0059,0.9039,-0.1546,0.917
9.537634455,-0.0042,0.8959,-0.1556,0.909
9.538693686,-0.0015,0.8795,-0.1581,0.894
9.539880686,0.0029,0.8629,-0.1576,0.877
9.541097301,0.0042,0.8548,-0.1581,0.869
9.541873801,0.0049,0.8387,-0.1576,0.853
9.542816955,0.0061,0.8326,-0.1561,0.847
9.54360734,0.0086,0.8184,-0.1527,0.833
9.544467301,0.0117,0.8057,-0.1473,0.819
9.54497984,0.0117,0.7994,-0.1439,0.812
9.547516301,0.0117,0.7876,-0.1400,0.800
9.549643493,0.0173,0.7730,-0.1334,0.785
9.550685032,0.0198,0.7679,-0.1290,0.779
9.552883724,0.0254,0.7581,-0.1173,0.768
9.554834493,0.0266,0.7527,-0.1119,0.761
9.556849339,0.0310,0.7420,-0.1016,0.750
9.558628147,0.0354,0.7337,-0.0889,0.740
9.560735839,0.0384,0.7307,-0.0838,0.737
9.566911032,0.0435,0.7256,-0.0723,0.730
9.56762107,0.0496,0.7192,-0.0608,0.724
9.567938993,0.0535,0.7170,-0.0540,0.721
9.568567532,0.0579,0.7124,-0.0406,0.716
9.571138416,0.0657,0.7095,-0.0252,0.713
9.572753224,0.0691,0.7080,-0.0188,0.712
9.574489301,0.0774,0.7068,-0.0090,0.711
9.576487532,0.0816,0.7070,-0.0037,0.712
9.578779455,0.0880,0.7092,0.0073,0.715
9.598675032,0.0958,0.7100,0.0181,0.717
9.599380339,0.0999,0.7109,0.0222,0.718
9.599712455,0.1073,0.7148,0.0310,0.724
9.600020378,0.1097,0.7183,0.0357,0.727
9.600398493,0.1112,0.7261,0.0435,0.736
9.600686609,0.1153,0.7329,0.0501,0.744
9.600947339,0.1170,0.7363,0.0525,0.747
9.601245993,0.1173,0.7449,0.0547,0.756
9.601489186,0.1197,0.7552,0.0569,0.767
9.60175107,0.1200,0.7605,0.0584,0.772
9.601996147,0.1224,0.7727,0.0603,0.785
9.602258301,0.1253,0.7862,0.0603,0.798
9.604228455,0.1266,0.7925,0.0601,0.805
9.606284301,0.1280,0.8050,0.0608,0.817
9.608154263,0.1292,0.8123,0.0603,0.825
9.609861532,0.1319,0.8282,0.0564,0.841
9.611988032,0.1349,0.8419,0.0557,0.854
9.614114993,0.1371,0.8490,0.0559,0.862
9.615662032,0.1410,0.8624,0.0564,0.876
9.617829186,0.1429,0.8768,0.0533,0.890
9.619629763,0.1422,0.8837,0.0523,0.897
9.62210607,0.1451,0.8983,0.0501,0.911
9.623646532,0.1446,0.9049,0.0493,0.918
9.625953839,0.1424,0.9179,0.0464,0.930
9.627500455,0.1395,0.9298,0.0418,0.941
9.629781916,0.1395,0.9374,0.0408,0.949
9.632240878,0.1375,0.9513,0.0408,0.962
9.635239455,0.1339,0.9640,0.0391,0.974
9.636618378,0.1317,0.9706,0.0391,0.980
9.637679801,0.1278,0.9814,0.0379,0.990
9.639718455,0.1251,0.9872,0.0354,0.996
9.641651647,0.1204,1.0004,0.0286,1.008
9.64359507,0.1131,1.0122,0.0227,1.019
9.645436378,0.1104,1.0170,0.0222,1.023
9.649151147,0.1038,1.0273,0.0303,1.033
9.649854647,0.0992,1.0315,0.0413,1.037
9.65132757,0.0963,1.0376,0.0469,1.043
9.653489916,0.0933,1.0434,0.0567,1.049
9.655268955,0.0914,1.0469,0.0603,1.053
9.657417839,0.0887,1.0508,0.0655,1.057
9.659420455,0.0872,1.0532,0.0752,1.059
9.661627532,0.0867,1.0542,0.0796,1.061
9.668666455,0.0867,1.0549,0.0870,1.062
9.669548262,0.0870,1.0547,0.0901,1.062
9.669999262,0.0884,1.0481,0.0950,1.056
9.670415762,0.0950,1.0422,0.0999,1.051
9.670843416,0.0980,1.0385,0.1024,1.048
9.674970455,0.1041,1.0322,0.1077,1.043
9.675632878,0.1046,1.0224,0.1092,1.034
9.677605993,0.1033,1.0188,0.1085,1.030
9.678990186,0.1014,1.0119,0.1085,1.023
9.700040762,0.0958,1.0083,0.1070,1.018
9.701065801,0.0938,1.0009,0.0992,1.010
9.701504647,0.0875,0.9946,0.0875,1.002
9.701927032,0.0833,0.9916,0.0794,0.998
9.702324532,0.0718,0.9868,0.0647,0.991
9.702732647,0.0603,0.9828,0.0462,0.986
9.70313607,0.0547,0.9814,0.0357,0.984
9.703540301,0.0410,0.9777,0.0186,0.979
9.703926186,0.0344,0.9767,0.0095,0.977
9.704437147,0.0213,0.9758,-0.0039,0.976
9.704850416,0.0083,0.9728,-0.0134,0.973
9.705263301,0.0012,0.9714,-0.0181,0.972
9.705675762,-0.0090,0.9697,-0.0239,0.970
9.706723262,-0.0183,0.9684,-0.0257,0.969
9.70861607,-0.0208,0.9660,-0.0249,0.967
9.71061807,-0.0259,0.9591,-0.0230,0.960
9.712354762,-0.0279,0.9560,-0.0205,0.957
9.720333724,-0.0318,0.9499,-0.0151,0.951
9.72171957,-0.0342,0.9423,-0.0103,0.943
9.722709993,-0.0349,0.9376,-0.0073,0.938
9.72372107,-0.0376,0.9303,-0.0015,0.931
9.724771532,-0.0388,0.9235,0.0034,0.924
9.725570532,-0.0393,0.9196,0.0064,0.920
9.726641109,-0.0401,0.9122,0.0105,0.913
9.728231993,-0.0425,0.9086,0.0127,0.910
9.732529339,-0.0467,0.9012,0.0181,0.903
9.734120916,-0.0474,0.8927,0.0217,0.894
9.735692878,-0.0476,0.8900,0.0242,0.892
9.737249262,-0.0469,0.8815,0.0288,0.883
9.738464147,-0.0469,0.8771,0.0344,0.879
9.739920416,-0.0464,0.8739,0.0362,0.876
9.741857301,-0.0435,0.8695,0.0388,0.871
9.743828147,-0.0423,0.8675,0.0410,0.870
9.746601378,-0.0408,0.8622,0.0425,0.864
9.750958378,-0.0371,0.8568,0.0440,0.859
9.752680686,-0.0352,0.8551,0.0452,0.857
9.753904724,-0.0310,0.8509,0.0435,0.853
9.754840686,-0.0279,0.8490,0.0415,0.850
9.75589107,-0.0261,0.8485,0.0406,0.850
9.75766357,-0.0244,0.8477,0.0371,0.849
9.759409878,-0.0242,0.8475,0.0344,0.849
9.761673609,-0.0242,0.8468,0.0254,0.847
9.764781147,-0.0249,0.8477,0.0193,0.848
9.765382032,-0.0264,0.8497,0.0139,0.850
9.768827032,-0.0286,0.8541,0.0049,0.855
9.769689609,-0.0320,0.8602,-0.0029,0.861
9.771531878,-0.0342,0.8639,-0.0066,0.865
9.773688301,-0.0384,0.8727,-0.0161,0.874
9.775580801,-0.0401,0.8783,-0.0191,0.879
9.777613609,-0.0437,0.8922,-0.0259,0.894
9.779316032,-0.0479,0.9059,-0.0320,0.908
9.783739647,-0.0503,0.9139,-0.0347,0.916
9.784373685,-0.0533,0.9284,-0.0410,0.931
9.785338339,-0.0545,0.9450,-0.0454,0.948
9.790668724,-0.0550,0.9540,-0.0464,0.957
9.791002801,-0.0550,0.9716,-0.0476,0.974
9.791254724,-0.0545,0.9802,-0.0476,0.983
9.792928032,-0.0518,0.9982,-0.0469,1.001
9.794793878,-0.0496,1.0153,-0.0428,1.017
9.819747109,-0.0472,1.0244,-0.0403,1.026
9.821620839,-0.0437,1.0427,-0.0369,1.044
9.823365609,-0.0376,1.0591,-0.0305,1.060
9.824783339,-0.0362,1.0664,-0.0276,1.067
9.825853224,-0.0303,1.0813,-0.0222,1.082
9.827046455,-0.0274,1.0879,-0.0183,1.088
9.827770032,-0.0217,1.1011,-0.0105,1.101
9.828947109,-0.0173,1.1109,-0.0046,1.111
9.830069647,-0.0132,1.1167,-0.0010,1.117
9.831487801,-0.0046,1.1263,0.0034,1.126
9.832707109,0.0039,1.1304,0.0027,1.130
9.833631993,0.0066,1.1380,0.0034,1.138
9.834648685,0.0107,1.1451,0.0032,1.145
9.835364301,0.0120,1.1482,0.0007,1.148
9.836196262,0.0132,1.1534,-0.0046,1.153
9.83708207,0.0112,1.1587,-0.0115,1.159
9.837682878,0.0086,1.1634,-0.0171,1.164
9.838582532,0.0037,1.1722,-0.0286,1.173
9.839369185,-0.0020,1.1763,-0.0335,1.177
9.840310378,-0.0039,1.1861,-0.0462,1.187
9.841369762,-0.0139,1.1986,-0.0574,1.200
9.842491839,-0.0178,1.2057,-0.0633,1.207
9.843890955,-0.0264,1.2228,-0.0750,1.225
9.845171301,-0.0325,1.2418,-0.0865,1.245
9.846687493,-0.0364,1.2533,-0.0906,1.257
9.847613185,-0.0406,1.2763,-0.1004,1.281
9.849470839,-0.0410,1.2882,-0.1097,1.294
9.850480147,-0.0406,1.3141,-0.1126,1.320
9.853029378,-0.0364,1.3395,-0.1192,1.345
9.854600032,-0.0362,1.3530,-0.1219,1.359
9.856010878,-0.0335,1.3798,-0.1292,1.386
9.85855007,-0.0298,1.4055,-0.1336,1.412
9.860048647,-0.0279,1.4187,-0.1358,1.425
9.861787647,-0.0257,1.4395,-0.1390,1.446
9.864750878,-0.0205,1.4482,-0.1454,1.456
9.866118647,-0.0186,1.4614,-0.1495,1.469
9.867913262,-0.0115,1.4675,-0.1583,1.476
9.869810724,-0.0071,1.4675,-0.1617,1.476
9.871704224,0.0039,1.4605,-0.1703,1.470
9.873920378,0.0164,1.4460,-0.1854,1.458
9.875855339,0.0235,1.4360,-0.1940,1.449
9.877822493,0.0357,1.4106,-0.2138,1.427
9.879666685,0.0398,1.3955,-0.2245,1.414
9.88419007,0.0450,1.3625,-0.2443,1.385
9.884826493,0.0459,1.3300,-0.2651,1.357
9.885792532,0.0435,1.3134,-0.2753,1.343
9.887710608,0.0337,1.2785,-0.2922,1.312
9.889571339,0.0198,1.2435,-0.3054,1.281
9.891510185,0.0112,1.2281,-0.3108,1.267
9.893553339,-0.0064,1.2013,-0.3218,1.244
9.895477224,-0.0164,1.1883,-0.3249,1.232
9.921710916,-0.0315,1.1590,-0.3308,1.206
9.923022839,-0.0442,1.1331,-0.3340,1.182
9.923823801,-0.0493,1.1216,-0.3345,1.171
9.924688301,-0.0613,1.1006,-0.3352,1.152
9.925624224,-0.0733,1.0798,-0.3352,1.133
9.926486801,-0.0777,1.0698,-0.3349,1.124
9.927512262,-0.0880,1.0517,-0.3357,1.108
9.928367878,-0.0977,1.0427,-0.3323,1.099
9.929280224,-0.1014,1.0239,-0.3303,1.081
9.930074608,-0.1090,1.0039,-0.3310,1.063
9.930950493,-0.1129,0.9933,-0.3296,1.053
9.931951416,-0.1163,0.9733,-0.3261,1.033
9.933054339,-0.1185,0.9518,-0.3205,1.011
9.933868608,-0.1187,0.9403,-0.3174,1.000
9.934554455,-0.1197,0.9181,-0.3110,0.977
9.935547878,-0.1180,0.8949,-0.3039,0.952
9.936494185,-0.1197,0.8839,-0.2983,0.941
9.937270839,-0.1207,0.8619,-0.2866,0.916
9.937905762,-0.1192,0.8512,-0.2805,0.904
9.938556724,-0.1158,0.8302,-0.2668,0.880
9.939388262,-0.1165,0.8094,-0.2514,0.856
9.940031685,-0.1153,0.7989,-0.2441,0.843
9.940937301,-0.1138,0.7796,-0.2309,0.821
9.943289647,-0.1116,0.7637,-0.2125,0.801
9.944788724,-0.1114,0.7549,-0.2040,0.790
9.946922839,-0.1063,0.7410,-0.1864,0.771
9.951536185,-0.1029,0.7354,-0.1781,0.764
9.953164839,-0.0992,0.7249,-0.1595,0.749
9.954125416,-0.0958,0.7124,-0.1405,0.732
9.95517557,-0.0928,0.7090,-0.1305,0.727
9.956761032,-0.0882,0.7060,-0.1107,0.720
9.958896916,-0.0828,0.7034,-0.0906,0.714
9.960877955,-0.0826,0.7031,-0.0806,0.713
9.962903801,-0.0801,0.7058,-0.0603,0.713
9.971859993,-0.0777,0.7090,-0.0498,0.715
9.973335724,-0.0728,0.7139,-0.0276,0.718
9.974248224,-0.0687,0.7246,-0.0100,0.728
9.975277185,-0.0665,0.7310,-0.0020,0.734
9.976360839,-0.0621,0.7424,0.0139,0.745
9.977477416,-0.0596,0.7586,0.0283,0.761
9.97840707,-0.0569,0.7683,0.0335,0.771
9.979146647,-0.0523,0.7876,0.0418,0.790
9.980179224,-0.0523,0.7972,0.0464,0.800
10.006144493,-0.0486,0.8187,0.0545,0.822
10.006780878,-0.0428,0.8404,0.0572,0.843
10.007030339,-0.0401,0.8524,0.0584,0.855
10.007265647,-0.0354,0.8768,0.0643,0.880
10.007508762,-0.0303,0.9042,0.0647,0.907
10.007762455,-0.0274,0.9179,0.0645,0.921
10.008197455,-0.0213,0.9469,0.0625,0.949
10.008612955,-0.0183,0.9613,0.0618,0.964
10.009021301,-0.0117,0.9919,0.0589,0.994
10.009421378,-0.0029,1.0214,0.0528,1.023
10.009854647,0.0012,1.0373,0.0506,1.039
10.010251685,0.0090,1.0671,0.0437,1.068
10.010634531,0.0210,1.0823,0.0403,1.083
10.011028993,0.0276,1.1131,0.0305,1.114
10.011463416,0.0396,1.1414,0.0198,1.142
10.011855185,0.0479,1.1546,0.0139,1.156
10.013808801,0.0621,1.1798,0.0000,1.181
10.016169108,0.0779,1.2049,-0.0149,1.208
10.017661185,0.0865,1.2171,-0.0222,1.220
10.019638724,0.1026,1.2401,-0.0403,1.245
10.021623647,0.1112,1.2499,-0.0491,1.256
10.023246224,0.1285,1.2667,-0.0669,1.275
10.025376301,0.1427,1.2831,-0.0858,1.294
10.027315724,0.1498,1.2912,-0.0958,1.303
10.029436455,0.1639,1.3017,-0.1178,1.317
10.031890685,0.1742,1.3092,-0.1397,1.328
10.033862455,0.1776,1.3131,-0.1505,1.334
10.035191493,0.1835,1.3158,-0.1735,1.340
10.037305724,0.1849,1.3151,-0.1859,1.341
10.039129724,0.1849,1.3114,-0.2103,1.341
10.041250031,0.1805,1.3063,-0.2365,1.340
10.042910685,0.1752,1.3007,-0.2489,1.336
10.045182685,0.1630,1.2880,-0.2702,1.326
10.048959647,0.1478,1.2807,-0.2800,1.319
10.05019857,0.1395,1.2638,-0.2971,1.306
10.051174531,0.1195,1.2469,-0.3090,1.290
10.053283262,0.1090,1.2377,-0.3142,1.282
10.055190608,0.0889,1.2171,-0.3222,1.262
10.057257955,0.0689,1.1934,-0.3259,1.239
10.058986108,0.0589,1.1812,-0.3257,1.227
10.06106457,0.0391,1.1573,-0.3213,1.202
10.062863762,0.0215,1.1438,-0.3188,1.188
10.065955378,0.0132,1.1206,-0.3110,1.163
10.078631608,-0.0049,1.0918,-0.3007,1.132
10.079959685,-0.0122,1.0791,-0.2939,1.118
10.081460493,-0.0281,1.0532,-0.2790,1.090
10.082920416,-0.0418,1.0254,-0.2617,1.059
10.084499724,-0.0474,1.0112,-0.2519,1.043
10.085714647,-0.0599,0.9860,-0.2314,1.015
10.086866916,-0.0689,0.9728,-0.2201,1.000
10.088402839,-0.0738,0.9450,-0.1945,0.968
10.089487454,-0.0836,0.9191,-0.1681,0.938
10.090722147,-0.0872,0.9069,-0.1554,0.924
10.091732762,-0.0977,0.8829,-0.1275,0.897
10.093037031,-0.1048,0.8602,-0.0987,0.872
10.093731685,-0.1090,0.8477,-0.0845,0.859
10.094759416,-0.1180,0.8250,-0.0572,0.835
10.095480262,-0.1261,0.8021,-0.0332,0.813
10.096663301,-0.1295,0.7908,-0.0210,0.802
10.103418493,-0.1385,0.7696,0.0056,0.782
10.103981839,-0.1415,0.7595,0.0166,0.773
10.104312685,-0.1478,0.7402,0.0379,0.756
10.104555416,-0.1534,0.7190,0.0545,0.737
10.106402839,-0.1566,0.7092,0.0623,0.729
10.10824157,-0.1612,0.6919,0.0777,0.715
10.110256031,-0.1634,0.6826,0.0882,0.707
10.112184224,-0.1647,0.6670,0.0931,0.693
10.139254224,-0.1647,0.6523,0.1002,0.680
10.140661608,-0.1647,0.6442,0.1016,0.673
10.14139007,-0.1630,0.6301,0.1033,0.659
10.142065762,-0.1581,0.6181,0.1053,0.647
10.142795801,-0.1554,0.6117,0.1043,0.640
10.143699031,-0.1493,0.6020,0.1016,0.628
10.144595878,-0.1434,0.5976,0.0977,0.622
10.145494685,-0.1400,0.5895,0.0938,0.613
10.146396301,-0.1334,0.5829,0.0843,0.604
10.148950262,-0.1302,0.5802,0.0796,0.600
10.150045801,-0.1248,0.5751,0.0682,0.592
10.150798878,-0.1165,0.5731,0.0555,0.587
10.151690608,-0.1124,0.5719,0.0489,0.585
10.152651647,-0.1029,0.5695,0.0371,0.580
10.153573762,-0.0982,0.5707,0.0315,0.580
10.154208608,-0.0870,0.5719,0.0198,0.579
10.154794724,-0.0784,0.5741,0.0090,0.580
10.155700954,-0.0745,0.5758,0.0029,0.581
10.156540839,-0.0650,0.5812,-0.0086,0.585
10.157302993,-0.0542,0.5868,-0.0208,0.590
10.158056801,-0.0493,0.5902,-0.0261,0.593
10.158724378,-0.0413,0.5951,-0.0354,0.598
10.159580262,-0.0352,0.5986,-0.0406,0.601
10.160358762,-0.0225,0.6061,-0.0520,0.609
10.162830993,-0.0112,0.6144,-0.0621,0.618
10.164376454,-0.0068,0.6181,-0.0665,0.622
10.165519108,0.0022,0.6254,-0.0750,0.630
10.167334724,0.0120,0.6357,-0.0843,0.641
10.169293262,0.0169,0.6403,-0.0884,0.647
10.171371108,0.0239,0.6494,-0.0958,0.657
10.173275378,0.0281,0.6538,-0.0999,0.662
10.175189839,0.0347,0.6623,-0.1097,0.672
10.177218185,0.0435,0.6728,-0.1229,0.685
10.179222493,0.0467,0.6767,-0.1287,0.690
10.182667493,0.0523,0.6848,-0.1366,0.700
10.183838224,0.0586,0.6941,-0.1388,0.710
10.186235916,0.0621,0.6982,-0.1380,0.714
10.187030301,0.0672,0.7065,-0.1397,0.723
10.189001685,0.0694,0.7097,-0.1388,0.726
10.190827108,0.0755,0.7153,-0.1417,0.733
10.19276757,0.0801,0.7207,-0.1429,0.739
10.195023493,0.0823,0.7241,-0.1429,0.743
10.196790685,0.0867,0.7305,-0.1424,0.749
10.201837685,0.0911,0.7344,-0.1368,0.753
10.202689531,0.0943,0.7366,-0.1341,0.755
10.203015147,0.0970,0.7380,-0.1295,0.756
10.20507957,0.0985,0.7383,-0.1256,0.755
10.206661262,0.1009,0.7380,-0.1187,0.754
10.208792377,0.1060,0.7378,-0.1109,0.754
10.210663108,0.1082,0.7366,-0.1077,0.752
10.212399301,0.1119,0.7319,-0.1004,0.747
10.238930762,0.1134,0.7307,-0.0967,0.746
10.241125108,0.1138,0.7246,-0.0958,0.740
10.242446147,0.1146,0.7180,-0.0967,0.734
10.243850877,0.1153,0.7153,-0.0989,0.731
10.245394877,0.1124,0.7065,-0.1036,0.723
10.246717993,0.1065,0.6985,-0.1070,0.715
10.248182377,0.1033,0.6943,-0.1104,0.711
10.249645877,0.0955,0.6858,-0.1151,0.702
10.251296916,0.0906,0.6819,-0.1182,0.698
10.252777877,0.0865,0.6750,-0.1261,0.692
10.254334108,0.0757,0.6650,-0.1300,0.682
10.255307993,0.0699,0.6608,-0.1327,0.678
10.256555377,0.0616,0.6525,-0.1366,0.670
10.257364147,0.0501,0.6445,-0.1393,0.661
10.258934454,0.0435,0.6408,-0.1393,0.657
10.260041185,0.0344,0.6313,-0.1385,0.647
10.261070877,0.0259,0.6232,-0.1361,0.638
10.262995224,0.0208,0.6186,-0.1341,0.633
10.264325493,0.0132,0.6115,-0.1346,0.626
10.265726993,0.0078,0.6088,-0.1346,0.624
10.267156801,-0.0007,0.6015,-0.1346,0.616
10.268403301,-0.0064,0.5944,-0.1300,0.608
10.268982724,-0.0098,0.5912,-0.1275,0.605
10.269334916,-0.0181,0.5841,-0.1253,0.598
10.269678685,-0.0215,0.5793,-0.1224,0.592
10.270001916,-0.0217,0.5722,-0.1214,0.585
10.270353262,-0.0239,0.5663,-0.1195,0.579
10.270708108,-0.0249,0.5639,-0.1173,0.576
10.27105357,-0.0279,0.5595,-0.1109,0.571
10.273150916,-0.0281,0.5538,-0.1051,0.564
10.273886724,-0.0283,0.5509,-0.1009,0.561
10.275781301,-0.0259,0.5453,-0.0923,0.554
10.277872647,-0.0257,0.5406,-0.0831,0.548
10.279520762,-0.0235,0.5385,-0.0787,0.545
10.312466108,-0.0193,0.5350,-0.0704,0.540
10.313430262,-0.0178,0.5328,-0.0640,0.537
10.313743993,-0.0149,0.5311,-0.0513,0.534
10.314090685,-0.0127,0.5301,-0.0437,0.532
10.31436207,-0.0112,0.5304,-0.0393,0.532
10.314675108,-0.0098,0.5287,-0.0327,0.530
10.314942647,-0.0066,0.5326,-0.0286,0.533
10.315201531,-0.0051,0.5345,-0.0271,0.535
10.315479031,-0.0017,0.5397,-0.0220,0.540
10.31576807,-0.0007,0.5421,-0.0193,0.542
10.316077031,0.0000,0.5482,-0.0171,0.548
10.316538762,-0.0002,0.5580,-0.0159,0.558
10.31684807,-0.0002,0.5631,-0.0164,0.563
10.31707407,-0.0046,0.5731,-0.0176,0.573
10.317297416,-0.0083,0.5854,-0.0213,0.586
10.317527454,-0.0095,0.5922,-0.0227,0.593
10.317762185,-0.0127,0.6059,-0.0274,0.607
10.317980608,-0.0142,0.6137,-0.0276,0.614
10.3182178,-0.0161,0.6291,-0.0313,0.630
10.322550377,-0.0173,0.6464,-0.0332,0.648
10.323113954,-0.0171,0.6550,-0.0342,0.656
10.3233883,-0.0205,0.6740,-0.0362,0.675
10.324724339,-0.0225,0.6845,-0.0364,0.686
10.326712262,-0.0242,0.7034,-0.0374,0.705
10.328718839,-0.0239,0.7219,-0.0379,0.723
10.330680108,-0.0235,0.7319,-0.0371,0.733
10.365486954,-0.0237,0.7539,-0.0359,0.755
10.366983916,-0.0235,0.7652,-0.0354,0.766
10.367973839,-0.0247,0.7889,-0.0310,0.790
10.369139454,-0.0257,0.8109,-0.0269,0.812
10.370255647,-0.0247,0.8223,-0.0261,0.823
10.371123647,-0.0247,0.8475,-0.0227,0.848
10.37258107,-0.0261,0.8705,-0.0195,0.871
10.373443839,-0.0266,0.8822,-0.0178,0.883
10.374586762,-0.0266,0.9059,-0.0142,0.906
10.375391031,-0.0249,0.9313,-0.0120,0.932
10.3766193,-0.0247,0.9455,-0.0095,0.946
10.377537224,-0.0230,0.9699,-0.0081,0.970
10.378629416,-0.0215,0.9824,-0.0076,0.983
10.379249877,-0.0191,1.0078,-0.0027,1.008
10.380184224,-0.0176,1.0315,0.0007,1.032
10.381000108,-0.0161,1.0425,0.0027,1.043
10.382118454,-0.0154,1.0666,0.0056,1.067
10.383164916,-0.0147,1.0899,0.0100,1.090
10.384317993,-0.0149,1.1023,0.0134,1.102
10.3852628,-0.0139,1.1258,0.0227,1.126
10.386688839,-0.0134,1.1368,0.0279,1.137
10.387785531,-0.0117,1.1605,0.0332,1.161
10.388921954,-0.0081,1.1820,0.0376,1.183
10.389844839,-0.0061,1.1925,0.0396,1.193
10.390582916,-0.0032,1.2127,0.0428,1.213
10.391227608,0.0020,1.2228,0.0418,1.223
10.392301954,0.0051,1.2391,0.0401,1.240
10.393068954,0.0142,1.2528,0.0320,1.253
10.393902147,0.0195,1.2589,0.0274,1.259
10.394684185,0.0310,1.2699,0.0164,1.270
10.395355877,0.0462,1.2777,-0.0012,1.279
10.3963303,0.0545,1.2807,-0.0120,1.282
10.396808647,0.0726,1.2838,-0.0381,1.286
10.39847707,0.0936,1.2848,-0.0628,1.290
10.399998531,0.1046,1.2824,-0.0755,1.289
10.401541031,0.1246,1.2782,-0.1053,1.289
10.403568108,0.1351,1.2748,-0.1197,1.288
10.405653454,0.1527,1.2706,-0.1520,1.289
10.407422262,0.1678,1.2665,-0.1854,1.291
10.409667339,0.1752,1.2626,-0.2016,1.291
10.411562954,0.1879,1.2565,-0.2350,1.292
10.413541685,0.1981,1.2545,-0.2678,1.298
10.418388531,0.2025,1.2543,-0.2834,1.302
10.418955877,0.2099,1.2530,-0.3152,1.309
10.419207839,0.2128,1.2511,-0.3305,1.311
10.425332031,0.2177,1.2518,-0.3604,1.321
10.425611647,0.2238,1.2545,-0.3867,1.332
10.425854531,0.2265,1.2548,-0.3994,1.336
10.427193954,0.2336,1.2592,-0.4222,1.348
10.429138377,0.2428,1.2628,-0.4327,1.357
10.451136608,0.2489,1.2699,-0.4517,1.371
10.45249507,0.2599,1.2814,-0.4661,1.388
10.453243723,0.2651,1.2890,-0.4715,1.398
10.453924685,0.2795,1.3036,-0.4793,1.417
10.455069031,0.2961,1.3217,-0.4845,1.438
10.455876839,0.3025,1.3329,-0.4847,1.450
10.45691157,0.3130,1.3596,-0.4837,1.477
10.457818531,0.3247,1.3732,-0.4806,1.491
10.458530416,0.3308,1.4048,-0.4762,1.520
10.459155108,0.3418,1.4375,-0.4632,1.548
10.460407723,0.3491,1.4563,-0.4566,1.566
10.461308531,0.3611,1.4949,-0.4378,1.599
10.462212377,0.3740,1.5362,-0.4151,1.635
10.462905147,0.3819,1.5567,-0.4024,1.653
10.463467416,0.3970,1.5965,-0.3721,1.687
10.466447993,0.4165,1.6361,-0.3327,1.721
10.467966416,0.4263,1.6559,-0.3125,1.738
10.469119262,0.4473,1.6926,-0.2704,1.771
10.469880685,0.4559,1.7094,-0.2494,1.787
10.471024531,0.4730,1.7412,-0.2062,1.816
10.471995262,0.4874,1.7644,-0.1683,1.838
10.473151839,0.4952,1.7756,-0.1490,1.849
10.47464007,0.5179,1.7908,-0.1146,1.868
10.476657762,0.5389,1.7983,-0.0804,1.879
10.47877907,0.5463,1.7988,-0.0655,1.881
10.480462223,0.5604,1.7937,-0.0386,1.880
10.491472147,0.5653,1.7888,-0.0261,1.876
10.493044147,0.5729,1.7732,-0.0068,1.863
10.493955416,0.5695,1.7522,0.0088,1.842
10.495012762,0.5663,1.7399,0.0181,1.830
10.49638207,0.5556,1.7131,0.0332,1.801
10.497176954,0.5375,1.6855,0.0457,1.770
10.498291647,0.5250,1.6701,0.0520,1.751
10.498640339,0.4947,1.6381,0.0603,1.712
10.498932493,0.4603,1.6217,0.0638,1.687
10.52793007,0.4434,1.5895,0.0647,1.651
10.528574108,0.4065,1.5577,0.0635,1.611
10.528831954,0.3880,1.5430,0.0625,1.592
10.529066377,0.3511,1.5125,0.0601,1.554
10.529300723,0.3134,1.4795,0.0559,1.513
10.529532839,0.2951,1.4639,0.0530,1.494
10.529763685,0.2585,1.4319,0.0501,1.456
10.530001185,0.2394,1.4160,0.0481,1.437
10.530256954,0.2062,1.3867,0.0454,1.403
10.530485531,0.1776,1.3576,0.0432,1.370
10.530714493,0.1652,1.3420,0.0430,1.353
10.530942531,0.1427,1.3114,0.0442,1.320
10.531183416,0.1163,1.2838,0.0452,1.290
10.531401877,0.1024,1.2697,0.0457,1.275
10.531623454,0.0750,1.2411,0.0469,1.244
10.531837877,0.0623,1.2259,0.0467,1.228
10.53207007,0.0423,1.1961,0.0489,1.198
10.53661707,0.0239,1.1634,0.0559,1.165
10.5370643,0.0149,1.1480,0.0594,1.150
10.537629454,0.0005,1.1189,0.0691,1.121
10.539340377,-0.0142,1.1026,0.0748,1.105
10.54160107,-0.0205,1.0706,0.0787,1.074
10.543877646,-0.0303,1.0383,0.0884,1.043
10.545341493,-0.0342,1.0214,0.0926,1.026
10.547294685,-0.0340,0.9890,0.1007,0.995
10.549610531,-0.0305,0.9547,0.1080,0.961
10.551626723,-0.0276,0.9381,0.1126,0.945
10.553282493,-0.0230,0.9066,0.1219,0.915
10.555347185,-0.0173,0.8778,0.1309,0.888
10.557632493,-0.0127,0.8631,0.1353,0.874
10.559220031,-0.0049,0.8367,0.1441,0.849
10.561564454,0.0029,0.8118,0.1542,0.826
10.563237723,0.0073,0.7989,0.1590,0.815
10.570240146,0.0137,0.7771,0.1686,0.795
10.570953993,0.0159,0.7681,0.1735,0.788
10.571266993,0.0186,0.7505,0.1801,0.772
10.571586454,0.0220,0.7356,0.1884,0.760
10.574028723,0.0222,0.7283,0.1925,0.754
10.575322916,0.0235,0.7163,0.1969,0.743
10.577171108,0.0225,0.7092,0.1998,0.737
10.578981993,0.0203,0.7053,0.2016,0.734
10.581172762,0.0161,0.7002,0.2018,0.729
10.608832646,0.0139,0.6985,0.2028,0.727
10.610346377,0.0127,0.6965,0.2030,0.726
10.61115507,0.0098,0.6987,0.2023,0.727
10.611890723,0.0083,0.6992,0.2003,0.727
10.613162454,0.0056,0.7019,0.1979,0.729
10.614270031,0.0098,0.7065,0.1957,0.733
10.615455493,0.0107,0.7097,0.1954,0.736
10.6165038,0.0129,0.7183,0.1910,0.743
10.617541993,0.0154,0.7239,0.1884,0.748
10.618492531,0.0203,0.7356,0.1832,0.758
10.619250416,0.0257,0.7456,0.1757,0.766
10.620001762,0.0291,0.7512,0.1717,0.771
10.620963454,0.0359,0.7647,0.1625,0.783
10.621626454,0.0462,0.7774,0.1561,0.794
10.625166531,0.0523,0.7840,0.1520,0.800
10.626686262,0.0643,0.7979,0.1429,0.813
10.627552493,0.0704,0.8055,0.1385,0.820
10.628613416,0.0816,0.8206,0.1278,0.835
10.6296788,0.0914,0.8355,0.1168,0.849
10.630794339,0.0965,0.8433,0.1121,0.856
10.631925454,0.1058,0.8595,0.1024,0.872
10.633176377,0.1138,0.8746,0.0938,0.887
10.634233108,0.1175,0.8829,0.0901,0.895
10.635225723,0.1261,0.8983,0.0809,0.911
10.636009185,0.1312,0.9064,0.0770,0.919
10.636949185,0.1388,0.9210,0.0682,0.934
10.637609877,0.1459,0.9359,0.0606,0.949
10.639045685,0.1498,0.9435,0.0584,0.957
10.639731262,0.1556,0.9567,0.0540,0.971
10.640809146,0.1634,0.9692,0.0496,0.984
10.643711454,0.1669,0.9760,0.0459,0.991
10.644410493,0.1725,0.9880,0.0420,1.004
10.646009185,0.1761,0.9941,0.0408,1.010
10.647930569,0.1813,1.0046,0.0371,1.021
10.655065646,0.1857,1.0129,0.0332,1.030
10.655515685,0.1867,1.0170,0.0325,1.035
10.655765031,0.1915,1.0249,0.0313,1.043
10.656026146,0.1972,1.0300,0.0291,1.049
10.658226531,0.1986,1.0322,0.0286,1.052
10.660069031,0.2030,1.0339,0.0286,1.054
10.661842108,0.2060,1.0359,0.0276,1.056
10.663859839,0.2099,1.0383,0.0254,1.060
10.666495416,0.2108,1.0407,0.0222,1.062
10.668167762,0.2135,1.0403,0.0205,1.062
10.669538223,0.2209,1.0383,0.0200,1.062
10.6715948,0.2282,1.0368,0.0186,1.062
10.673691262,0.2309,1.0339,0.0171,1.060
10.675604531,0.2358,1.0273,0.0137,1.054
10.677874993,0.2353,1.0241,0.0110,1.051
10.679648185,0.2382,1.0178,0.0068,1.045
10.681654493,0.2411,1.0095,0.0012,1.038
10.686052608,0.2416,1.0046,-0.0015,1.033
10.686617339,0.2406,0.9914,-0.0059,1.020
10.687479685,0.2406,0.9848,-0.0095,1.014
10.689460146,0.2402,0.9704,-0.0181,1.000
10.696576146,0.2380,0.9565,-0.0247,0.986
10.696810723,0.2355,0.9501,-0.0283,0.979
10.697050839,0.2328,0.9354,-0.0337,0.965
10.697285916,0.2321,0.9176,-0.0379,0.947
10.723213339,0.2316,0.9091,-0.0391,0.939
10.724831762,0.2314,0.8920,-0.0420,0.922
10.725688954,0.2294,0.8819,-0.0420,0.912
10.726584454,0.2279,0.8614,-0.0440,0.892
10.727498916,0.2277,0.8436,-0.0447,0.875
10.728610877,0.2274,0.8353,-0.0452,0.867
10.729545877,0.2279,0.8194,-0.0454,0.852
10.730444493,0.2262,0.8030,-0.0472,0.836
10.731545069,0.2262,0.7952,-0.0469,0.828
10.7328103,0.2233,0.7803,-0.0435,0.813
10.733874954,0.2213,0.7666,-0.0418,0.799
10.734842377,0.2191,0.7613,-0.0408,0.793
10.735856685,0.2138,0.7517,-0.0398,0.783
10.736915262,0.2111,0.7466,-0.0388,0.777
10.737692569,0.2045,0.7383,-0.0349,0.767
10.738313954,0.1959,0.7332,-0.0249,0.759
10.739324377,0.1920,0.7317,-0.0183,0.757
10.7400248,0.1840,0.7266,-0.0095,0.750
10.741054877,0.1727,0.7253,0.0007,0.746
10.741886377,0.1669,0.7256,0.0073,0.745
10.742599608,0.1561,0.7275,0.0195,0.744
10.743576839,0.1429,0.7307,0.0322,0.745
10.744447223,0.1368,0.7319,0.0406,0.746
10.747656531,0.1224,0.7368,0.0552,0.749
10.748980569,0.1170,0.7405,0.0606,0.752
10.749972108,0.1077,0.7495,0.0733,0.761
10.758628646,0.0972,0.7571,0.0828,0.768
10.759188992,0.0916,0.7603,0.0884,0.771
10.759433762,0.0814,0.7696,0.0997,0.780
10.759670185,0.0704,0.7742,0.1107,0.785
10.759900223,0.0647,0.7825,0.1175,0.794
10.760707185,0.0513,0.7913,0.1297,0.804
10.762650762,0.0452,0.7955,0.1341,0.808
10.764313069,0.0384,0.8018,0.1402,0.815
10.794374339,0.0315,0.8074,0.1439,0.821
10.795731492,0.0264,0.8111,0.1444,0.824
10.796904839,0.0195,0.8194,0.1415,0.832
10.7976958,0.0164,0.8236,0.1388,0.835
10.798780146,0.0086,0.8311,0.1283,0.841
10.799877877,0.0010,0.8414,0.1143,0.849
10.801076185,-0.0027,0.8463,0.1070,0.853
10.802281531,-0.0110,0.8546,0.0948,0.860
10.803209723,-0.0191,0.8614,0.0836,0.866
10.804289223,-0.0232,0.8661,0.0777,0.870
10.805029185,-0.0310,0.8783,0.0701,0.882
10.805710877,-0.0349,0.8859,0.0628,0.889
10.806595339,-0.0369,0.8905,0.0586,0.893
10.807322954,-0.0401,0.8986,0.0528,0.901
10.808297146,-0.0401,0.9030,0.0506,0.905
10.809069339,-0.0403,0.9110,0.0459,0.913
10.809925492,-0.0388,0.9186,0.0425,0.920
10.810657069,-0.0359,0.9227,0.0413,0.924
10.811335185,-0.0310,0.9325,0.0401,0.934
10.812311262,-0.0237,0.9354,0.0396,0.937
10.813023839,-0.0200,0.9406,0.0401,0.942
10.813749262,-0.0107,0.9464,0.0410,0.947
10.814577646,-0.0071,0.9491,0.0408,0.950
10.815363031,0.0015,0.9538,0.0386,0.955
10.8163768,0.0142,0.9565,0.0403,0.957
10.817329723,0.0195,0.9577,0.0406,0.959
10.818441839,0.0288,0.9601,0.0435,0.962
10.8210268,0.0413,0.9631,0.0469,0.965
10.8225233,0.0476,0.9645,0.0486,0.967
10.8234558,0.0591,0.9653,0.0552,0.969
10.825792416,0.0638,0.9657,0.0584,0.970
10.827326416,0.0733,0.9643,0.0674,0.969
10.829428069,0.0836,0.9631,0.0743,0.970
10.831255339,0.0880,0.9626,0.0770,0.970
10.833866646,0.0955,0.9604,0.0831,0.969
10.835322223,0.0997,0.9596,0.0860,0.969
10.837403185,0.1073,0.9589,0.0936,0.969
10.839340608,0.1138,0.9555,0.0977,0.967
10.841392454,0.1168,0.9547,0.0997,0.967
10.843216915,0.1239,0.9552,0.1019,0.969
10.845155954,0.1300,0.9526,0.1051,0.967
10.8469923,0.1317,0.9521,0.1051,0.967
10.850528569,0.1329,0.9486,0.1055,0.964
10.851168223,0.1349,0.9460,0.1053,0.961
10.853322262,0.1378,0.9445,0.1029,0.960
10.854917146,0.1375,0.9408,0.0970,0.956
10.857253723,0.1378,0.9384,0.0928,0.953
10.8588043,0.1336,0.9359,0.0836,0.949
10.8610838,0.1314,0.9342,0.0713,0.946
10.862845954,0.1302,0.9320,0.0640,0.943
10.865009415,0.1270,0.9289,0.0513,0.939
10.866964608,0.1248,0.9281,0.0450,0.938
10.868765185,0.1200,0.9267,0.0322,0.935
10.870781262,0.1146,0.9259,0.0176,0.933
10.872634377,0.1129,0.9262,0.0095,0.933
10.874577646,0.1077,0.9252,-0.0059,0.931
10.876798646,0.1041,0.9252,-0.0220,0.931
10.878637915,0.1009,0.9252,-0.0288,0.931
10.880704146,0.0953,0.9242,-0.0420,0.930
10.882503223,0.0941,0.9237,-0.0481,0.930
10.891287185,0.0914,0.9242,-0.0616,0.931
10.892403646,0.0882,0.9267,-0.0733,0.934
10.893169262,0.0853,0.9276,-0.0777,0.935
10.893865069,0.0826,0.9318,-0.0845,0.939
10.894591531,0.0801,0.9350,-0.0870,0.942
10.896865762,0.0782,0.9438,-0.0911,0.951
10.897569608,0.0814,0.9533,-0.0931,0.961
10.898256915,0.0816,0.9579,-0.0928,0.966
10.929120877,0.0831,0.9697,-0.0911,0.977
10.930419262,0.0855,0.9841,-0.0870,0.992
10.9313768,0.0860,0.9924,-0.0848,1.000
10.932190339,0.0911,1.0083,-0.0804,1.016
10.933206915,0.0923,1.0173,-0.0784,1.024
10.934224031,0.0965,1.0344,-0.0735,1.041
10.935336762,0.1038,1.0520,-0.0689,1.059
10.9365178,0.1075,1.0613,-0.0660,1.069
10.937350762,0.1170,1.0791,-0.0581,1.087
10.938289608,0.1300,1.0984,-0.0472,1.107
10.938945685,0.1383,1.1099,-0.0418,1.119
10.939922839,0.1529,1.1292,-0.0303,1.140
10.940740492,0.1622,1.1375,-0.0232,1.149
10.941439031,0.1854,1.1534,-0.0083,1.168
10.942202954,0.2118,1.1705,0.0078,1.190
10.942817377,0.2257,1.1776,0.0161,1.199
10.943598223,0.2543,1.1888,0.0342,1.216
10.944607877,0.2680,1.1937,0.0420,1.224
10.945673146,0.2939,1.2013,0.0555,1.238
10.946587108,0.3164,1.2059,0.0643,1.248
10.947520377,0.3237,1.2069,0.0655,1.251
10.948335185,0.3349,1.2105,0.0647,1.258
10.949281223,0.3384,1.2157,0.0555,1.263
10.950214223,0.3362,1.2174,0.0508,1.264
10.951114069,0.3240,1.2232,0.0352,1.266
10.952223185,0.3017,1.2306,0.0176,1.267
10.953040646,0.2866,1.2359,0.0083,1.269
10.953960108,0.2529,1.2484,-0.0100,1.274
10.956373108,0.2350,1.2552,-0.0191,1.277
10.9576778,0.2016,1.2711,-0.0349,1.287
10.959256646,0.1710,1.2887,-0.0474,1.301
10.9614503,0.1581,1.2992,-0.0506,1.310
10.963491069,0.1385,1.3219,-0.0569,1.330
10.965310377,0.1309,1.3334,-0.0613,1.341
10.968556838,0.1219,1.3623,-0.0647,1.369
10.969880415,0.1160,1.3935,-0.0640,1.400
10.971154185,0.1143,1.4106,-0.0628,1.417
10.974270146,0.1131,1.4470,-0.0589,1.453
10.975289338,0.1119,1.4834,-0.0581,1.489
10.977130069,0.1124,1.5020,-0.0599,1.507
10.978966377,0.1104,1.5386,-0.0635,1.544
10.980925685,0.1087,1.5567,-0.0665,1.562
10.991271262,0.1063,1.5929,-0.0750,1.598
10.992824223,0.1038,1.6237,-0.0899,1.629
10.993836992,0.1024,1.6371,-0.0999,1.643
10.994910608,0.0982,1.6618,-0.1236,1.669
10.995941108,0.0926,1.6801,-0.1502,1.689
10.996380031,0.0892,1.6862,-0.1647,1.697
10.996644723,0.0838,1.6921,-0.1937,1.705
10.996883992,0.0821,1.6923,-0.2079,1.707
10.998612569,0.0770,1.6852,-0.2353,1.703
11.025919723,0.0750,1.6693,-0.2590,1.691
11.027407531,0.0738,1.6574,-0.2692,1.681
11.028400146,0.0694,1.6334,-0.2858,1.660
11.029227762,0.0599,1.6193,-0.2919,1.646
11.030438146,0.0564,1.5890,-0.2993,1.618
11.031351146,0.0474,1.5555,-0.3005,1.585
11.032782685,0.0423,1.5399,-0.2973,1.569
11.033810338,0.0322,1.5076,-0.2868,1.535
11.034936223,0.0200,1.4751,-0.2709,1.500
11.036043031,0.0147,1.4595,-0.2614,1.483
11.0369398,0.0022,1.4294,-0.2358,1.449
11.037686608,-0.0027,1.4148,-0.2223,1.432
11.038643223,-0.0120,1.3842,-0.1925,1.398
11.039256262,-0.0225,1.3537,-0.1568,1.363
11.040237915,-0.0279,1.3395,-0.1410,1.347
11.041597531,-0.0364,1.3117,-0.1046,1.316
11.042503915,-0.0464,1.2836,-0.0672,1.286
11.043136569,-0.0503,1.2692,-0.0491,1.271
11.044028723,-0.0537,1.2421,-0.0142,1.243
11.044985377,-0.0596,1.2279,0.0213,1.230
11.046145492,-0.0638,1.2005,0.0369,1.203
11.046934608,-0.0694,1.1749,0.0691,1.179
11.0479343,-0.0716,1.1605,0.0836,1.166
11.0494998,-0.0757,1.1338,0.1102,1.142
11.050454377,-0.0779,1.1087,0.1351,1.120
11.051498338,-0.0782,1.0964,0.1463,1.109
11.052772108,-0.0770,1.0718,0.1654,1.087
11.055280223,-0.0730,1.0471,0.1813,1.065
11.055900377,-0.0708,1.0351,0.1876,1.054
11.060919415,-0.0652,1.0114,0.1981,1.033
11.061206608,-0.0618,0.9992,0.2030,1.022
11.062238569,-0.0540,0.9758,0.2106,1.000
11.063613646,-0.0445,0.9540,0.2140,0.979
11.065741031,-0.0408,0.9428,0.2140,0.968
11.067610877,-0.0330,0.9210,0.2162,0.947
11.069584108,-0.0249,0.9098,0.2145,0.935
11.071312185,-0.0200,0.8885,0.2140,0.914
11.073657454,-0.0093,0.8670,0.2108,0.892
11.075540992,-0.0024,0.8563,0.2086,0.881
11.077562415,0.0086,0.8370,0.2057,0.862
11.079341992,0.0181,0.8160,0.1998,0.840
11.0813813,0.0244,0.8072,0.1972,0.831
11.086538877,0.0332,0.7918,0.1915,0.815
11.087125261,0.0376,0.7837,0.1886,0.807
11.087387531,0.0430,0.7666,0.1820,0.789
11.093179838,0.0501,0.7512,0.1722,0.772
11.093480569,0.0537,0.7451,0.1678,0.766
11.093708761,0.0599,0.7322,0.1595,0.752
11.094909108,0.0625,0.7197,0.1485,0.738
11.097183377,0.0628,0.7141,0.1434,0.731
11.098890185,0.0635,0.7029,0.1300,0.718
11.122366069,0.0647,0.6948,0.1173,0.708
11.123509261,0.0640,0.6897,0.1109,0.701
11.124351954,0.0611,0.6794,0.0982,0.689
11.125122685,0.0606,0.6758,0.0911,0.685
11.125760108,0.0572,0.6684,0.0740,0.675
11.126493608,0.0513,0.6621,0.0577,0.667
11.127261185,0.0474,0.6596,0.0508,0.663
11.128026992,0.0393,0.6545,0.0366,0.657
11.128925223,0.0327,0.6494,0.0213,0.651
11.129815685,0.0298,0.6469,0.0139,0.648
11.130466761,0.0232,0.6420,-0.0020,0.642
11.131455954,0.0191,0.6396,-0.0095,0.640
11.132318838,0.0078,0.6357,-0.0239,0.636
11.133121108,-0.0020,0.6345,-0.0359,0.635
11.135566454,-0.0061,0.6335,-0.0423,0.635
11.136912761,-0.0129,0.6318,-0.0557,0.634
11.137687338,-0.0203,0.6318,-0.0667,0.636
11.138440761,-0.0230,0.6320,-0.0713,0.636
11.139732108,-0.0293,0.6325,-0.0772,0.638
11.140698992,-0.0315,0.6318,-0.0806,0.638
11.142157338,-0.0344,0.6325,-0.0875,0.639
11.143445608,-0.0364,0.6328,-0.0911,0.640
11.144691454,-0.0364,0.6337,-0.0931,0.642
11.146352146,-0.0376,0.6359,-0.0948,0.644
11.148496146,-0.0393,0.6379,-0.0965,0.646
11.151153338,-0.0391,0.6401,-0.0970,0.649
11.153750108,-0.0386,0.6437,-0.0982,0.652
11.154777377,-0.0381,0.6467,-0.0992,0.655
11.156413146,-0.0347,0.6481,-0.0936,0.656
11.158250108,-0.0337,0.6516,-0.0904,0.659
11.160483185,-0.0313,0.6528,-0.0875,0.659
11.162271223,-0.0269,0.6547,-0.0816,0.660
11.164272723,-0.0215,0.6567,-0.0730,0.661
11.166113954,-0.0193,0.6579,-0.0694,0.662
11.168896646,-0.0134,0.6618,-0.0616,0.665
11.170308377,-0.0115,0.6635,-0.0586,0.666
11.172062954,-0.0054,0.6667,-0.0545,0.669
11.173961377,0.0029,0.6692,-0.0472,0.671
11.175966492,0.0078,0.6714,-0.0435,0.673
11.178100261,0.0176,0.6765,-0.0381,0.678
11.1800173,0.0291,0.6787,-0.0313,0.680
11.182075608,0.0337,0.6814,-0.0276,0.683
11.192608838,0.0437,0.6894,-0.0220,0.691
11.194201608,0.0491,0.6921,-0.0183,0.694
11.195115223,0.0591,0.6987,-0.0105,0.701
11.196192531,0.0699,0.7051,-0.0054,0.709
11.197194415,0.0745,0.7087,-0.0027,0.713
11.198067184,0.0892,0.7153,-0.0005,0.721
11.230608146,0.1002,0.7251,0.0010,0.732
11.232066761,0.1055,0.7293,0.0029,0.737
11.233232761,0.1158,0.7388,0.0032,0.748
11.234342031,0.1209,0.7429,0.0032,0.753
11.235509492,0.1324,0.7525,0.0010,0.764
11.236639608,0.1432,0.7627,-0.0002,0.776
11.237772454,0.1468,0.7688,-0.0005,0.783
11.238529569,0.1556,0.7796,-0.0029,0.795
11.239599608,0.1632,0.7930,-0.0071,0.810
11.240571531,0.1649,0.7989,-0.0098,0.816
11.241538684,0.1693,0.8101,-0.0156,0.828
11.242831338,0.1715,0.8157,-0.0195,0.834
11.243746069,0.1769,0.8284,-0.0286,0.848
11.244939377,0.1803,0.8419,-0.0376,0.862
11.245940338,0.1803,0.8458,-0.0425,0.866
11.247067338,0.1803,0.8568,-0.0528,0.877
11.248343377,0.1796,0.8661,-0.0625,0.887
11.249394223,0.1774,0.8705,-0.0689,0.891
11.250279415,0.1781,0.8763,-0.0828,0.898
11.251306377,0.1776,0.8785,-0.0897,0.901
11.252311031,0.1761,0.8851,-0.0994,0.908
11.253341031,0.1749,0.8888,-0.1104,0.913
11.253978723,0.1720,0.8910,-0.1175,0.915
11.254669338,0.1639,0.8929,-0.1278,0.917
11.255533108,0.1564,0.8929,-0.1385,0.917
11.256285723,0.1507,0.8927,-0.1441,0.917
11.257338569,0.1422,0.8915,-0.1549,0.916
11.258022031,0.1373,0.8903,-0.1610,0.915
11.258818608,0.1283,0.8841,-0.1735,0.910
11.259655646,0.1143,0.8780,-0.1847,0.905
11.260641338,0.1070,0.8739,-0.1901,0.901
11.260966184,0.0943,0.8666,-0.1986,0.894
11.261215761,0.0828,0.8580,-0.2077,0.887
11.261465146,0.0745,0.8534,-0.2116,0.882
11.263026454,0.0613,0.8426,-0.2189,0.873
11.270322723,0.0540,0.8365,-0.2231,0.867
11.270810761,0.0403,0.8250,-0.2299,0.857
11.271061992,0.0156,0.8165,-0.2409,0.851
11.2712983,0.0034,0.8123,-0.2441,0.848
11.272693261,-0.0137,0.8008,-0.2409,0.836
11.274700723,-0.0303,0.7901,-0.2360,0.825
11.276671531,-0.0406,0.7854,-0.2326,0.820
11.278639031,-0.0608,0.7774,-0.2245,0.811
11.280313338,-0.0787,0.7718,-0.2189,0.806
11.282253377,-0.0872,0.7637,-0.2096,0.797
11.286416454,-0.1031,0.7573,-0.1967,0.789
11.286953107,-0.1109,0.7544,-0.1891,0.786
11.2882308,-0.1226,0.7483,-0.1715,0.777
11.290860184,-0.1297,0.7422,-0.1534,0.769
11.292484415,-0.1314,0.7385,-0.1461,0.764
11.294170838,-0.1331,0.7317,-0.1361,0.756
11.296067761,-0.1358,0.7280,-0.1253,0.751
11.298017761,-0.1380,0.7229,-0.1192,0.746
11.320416954,-0.1388,0.7173,-0.1080,0.739
11.322085607,-0.1395,0.7134,-0.1024,0.734
11.323072107,-0.1405,0.7068,-0.0880,0.726
11.324367954,-0.1397,0.7014,-0.0728,0.719
11.325481338,-0.1388,0.6982,-0.0662,0.715
11.326723223,-0.1361,0.6909,-0.0564,0.706
11.327688031,-0.1331,0.6887,-0.0513,0.703
11.328816146,-0.1305,0.6831,-0.0506,0.697
11.330055492,-0.1287,0.6784,-0.0498,0.692
11.331031338,-0.1290,0.6770,-0.0513,0.691
11.3320748,-0.1290,0.6736,-0.0550,0.688
11.333231992,-0.1268,0.6709,-0.0608,0.685
11.334497415,-0.1270,0.6706,-0.0635,0.685
11.335694415,-0.1278,0.6706,-0.0669,0.686
11.336829915,-0.1307,0.6701,-0.0657,0.686
11.337652261,-0.1314,0.6726,-0.0638,0.688
11.338724031,-0.1319,0.6738,-0.0606,0.689
11.339526184,-0.1322,0.6750,-0.0574,0.690
11.340711261,-0.1324,0.6777,-0.0484,0.692
11.341502761,-0.1331,0.6819,-0.0393,0.696
11.342624415,-0.1336,0.6843,-0.0342,0.698
11.343640915,-0.1309,0.6887,-0.0220,0.701
11.345585607,-0.1292,0.6941,-0.0112,0.706
11.346554223,-0.1283,0.6970,-0.0042,0.709
11.349225954,-0.1266,0.7041,0.0103,0.715
11.349954107,-0.1246,0.7080,0.0171,0.719
11.351639492,-0.1234,0.7136,0.0330,0.725
11.357196684,-0.1209,0.7256,0.0491,0.737
11.357744107,-0.1202,0.7302,0.0577,0.742
11.358067377,-0.1175,0.7410,0.0767,0.754
11.359462992,-0.1175,0.7525,0.0963,0.768
11.361656915,-0.1163,0.7595,0.1053,0.776
11.363397146,-0.1119,0.7732,0.1229,0.791
11.365545184,-0.1092,0.7810,0.1312,0.799
11.367812607,-0.1029,0.7969,0.1456,0.817
11.369334569,-0.0977,0.8118,0.1578,0.833
11.371028223,-0.0941,0.8204,0.1627,0.842
11.373361454,-0.0848,0.8392,0.1698,0.860
11.375058877,-0.0782,0.8595,0.1713,0.880
11.377137607,-0.0728,0.8692,0.1693,0.889
11.378911838,-0.0638,0.8895,0.1632,0.907
11.381206761,-0.0599,0.9003,0.1595,0.916
11.382863646,-0.0474,0.9218,0.1485,0.935
11.387573377,-0.0366,0.9450,0.1344,0.955
11.388329723,-0.0322,0.9552,0.1253,0.964
11.389111838,-0.0225,0.9772,0.1075,0.983
11.394801877,-0.0142,1.0024,0.0875,1.006
11.3953078,-0.0098,1.0148,0.0767,1.018
11.395629646,0.0012,1.0393,0.0535,1.041
11.397818877,0.0117,1.0520,0.0420,1.053
11.398835415,0.0188,1.0757,0.0188,1.076
11.4240143,0.0293,1.0969,-0.0042,1.097
11.425680377,0.0340,1.1077,-0.0159,1.108
11.42685653,0.0450,1.1302,-0.0393,1.132
11.427715492,0.0547,1.1519,-0.0613,1.155
11.42910753,0.0606,1.1624,-0.0711,1.166
11.430075915,0.0716,1.1820,-0.0948,1.188
11.431176646,0.0814,1.1920,-0.1151,1.200
11.432222377,0.0877,1.2103,-0.1251,1.220
11.433455607,0.0963,1.2311,-0.1441,1.243
11.434373761,0.1004,1.2406,-0.1534,1.254
11.435408877,0.1073,1.2592,-0.1708,1.275
11.436600607,0.1158,1.2743,-0.1813,1.292
11.438027223,0.1187,1.2829,-0.1884,1.302
11.438869723,0.1229,1.2963,-0.2006,1.317
11.439514338,0.1285,1.3095,-0.2084,1.332
11.440344107,0.1305,1.3171,-0.2128,1.340
11.44115503,0.1366,1.3305,-0.2204,1.356
11.4418538,0.1393,1.3368,-0.2235,1.363
11.442759492,0.1441,1.3471,-0.2316,1.374
11.443578877,0.1483,1.3559,-0.2392,1.385
11.444685146,0.1520,1.3603,-0.2424,1.390
11.4454593,0.1593,1.3681,-0.2497,1.400
11.446336107,0.1652,1.3706,-0.2587,1.405
11.447363684,0.1678,1.3750,-0.2641,1.410
11.448388646,0.1796,1.3776,-0.2741,1.416
11.451345607,0.1854,1.3786,-0.2792,1.419
11.452944107,0.1972,1.3772,-0.2966,1.422
11.45402653,0.2160,1.3715,-0.3139,1.423
11.456036607,0.2260,1.3684,-0.3235,1.424
11.458907069,0.2448,1.3618,-0.3457,1.426
11.460217146,0.2653,1.3586,-0.3721,1.433
11.462244646,0.2763,1.3505,-0.3860,1.432
11.464207261,0.2968,1.3430,-0.4156,1.437
11.465961607,0.3078,1.3400,-0.4300,1.441
11.469273069,0.3276,1.3383,-0.4598,1.453
11.471478146,0.3464,1.3371,-0.4857,1.464
11.471986454,0.3557,1.3371,-0.4981,1.471
11.473925646,0.3723,1.3412,-0.5206,1.486
11.475859338,0.3809,1.3452,-0.5297,1.495
11.478101838,0.3975,1.3532,-0.5463,1.512
11.479804184,0.4126,1.3640,-0.5614,1.532
11.482025184,0.4224,1.3725,-0.5656,1.543
11.483691607,0.4407,1.3886,-0.5709,1.565
11.4905478,0.4608,1.4038,-0.5692,1.583
11.4913943,0.4705,1.4121,-0.5651,1.592
11.491869146,0.4891,1.4319,-0.5536,1.611
11.492404953,0.5077,1.4397,-0.5472,1.622
11.494399492,0.5179,1.4575,-0.5299,1.635
11.496186569,0.5372,1.4724,-0.5099,1.648
11.49816203,0.5468,1.4807,-0.4984,1.655
11.499675415,0.5634,1.4937,-0.4774,1.666
11.527814569,0.5849,1.5042,-0.4569,1.677
11.52959003,0.5937,1.5086,-0.4466,1.682
11.530543069,0.6081,1.5127,-0.4244,1.685
11.531610646,0.6218,1.5149,-0.4065,1.687
11.5328788,0.6259,1.5147,-0.3985,1.687
11.534188723,0.6328,1.5110,-0.3821,1.682
11.535443184,0.6345,1.5081,-0.3753,1.679
11.536820377,0.6323,1.5000,-0.3601,1.667
11.537948107,0.6244,1.4910,-0.3433,1.653
11.538990953,0.6183,1.4861,-0.3352,1.644
11.54000403,0.5981,1.4778,-0.3159,1.625
11.54120203,0.5751,1.4737,-0.3039,1.611
11.541994684,0.5614,1.4671,-0.2805,1.596
11.542799492,0.5331,1.4605,-0.2558,1.576
11.543725723,0.5167,1.4583,-0.2446,1.566
11.544620607,0.4820,1.4529,-0.2184,1.546
11.545646992,0.4520,1.4497,-0.1910,1.531
11.546393723,0.4349,1.4482,-0.1786,1.523
11.547431107,0.4012,1.4446,-0.1532,1.507
11.54821553,0.3684,1.4370,-0.1292,1.489
11.549165953,0.3533,1.4355,-0.1180,1.483
11.549941338,0.3235,1.4294,-0.0933,1.469
11.551010646,0.3093,1.4263,-0.0823,1.462
11.5519988,0.2832,1.4214,-0.0618,1.451
11.553146069,0.2580,1.4155,-0.0442,1.440
11.5540178,0.2463,1.4114,-0.0359,1.433
11.554981377,0.2240,1.4040,-0.0225,1.422
11.555749184,0.2030,1.3999,-0.0156,1.415
11.556964838,0.1910,1.3879,-0.0024,1.401
11.55919603,0.1710,1.3747,0.0073,1.385
11.56055003,0.1615,1.3684,0.0086,1.378
11.56313753,0.1434,1.3539,0.0083,1.362
11.5644238,0.1273,1.3371,0.0095,1.343
11.566607492,0.1180,1.3271,0.0073,1.332
11.569037492,0.0997,1.3058,0.0015,1.310
11.570613915,0.0914,1.2956,-0.0037,1.299
11.572351107,0.0743,1.2723,-0.0137,1.275
11.574326915,0.0547,1.2484,-0.0261,1.250
11.576287569,0.0459,1.2372,-0.0315,1.238
11.578306377,0.0293,1.2120,-0.0423,1.213
11.580148146,0.0166,1.1878,-0.0572,1.189
11.582443415,0.0115,1.1754,-0.0640,1.177
11.589828069,0.0024,1.1492,-0.0740,1.152
11.590681107,-0.0015,1.1377,-0.0796,1.141
11.591126684,-0.0081,1.1138,-0.0880,1.117
11.591530992,-0.0156,1.0920,-0.0943,1.096
11.591954992,-0.0191,1.0811,-0.0975,1.086
11.594478684,-0.0244,1.0552,-0.1007,1.060
11.596001415,-0.0286,1.0349,-0.1024,1.040
11.598308569,-0.0291,1.0244,-0.1019,1.030
11.599705646,-0.0310,1.0058,-0.1011,1.011
11.624613646,-0.0315,0.9965,-0.0999,1.002
11.626532569,-0.0320,0.9765,-0.0936,0.981
11.6276488,-0.0340,0.9599,-0.0855,0.964
11.628739838,-0.0335,0.9535,-0.0814,0.958
11.62976153,-0.0335,0.9381,-0.0743,0.942
11.630733415,-0.0313,0.9235,-0.0657,0.926
11.631912415,-0.0300,0.9174,-0.0625,0.920
11.633139915,-0.0279,0.9071,-0.0537,0.909
11.634319261,-0.0276,0.9017,-0.0496,0.904
11.63535953,-0.0288,0.8927,-0.0450,0.894
11.6369098,-0.0274,0.8839,-0.0388,0.885
11.63803603,-0.0252,0.8797,-0.0364,0.881
11.638831107,-0.0203,0.8719,-0.0315,0.873
11.639760492,-0.0164,0.8683,-0.0296,0.869
11.640717992,-0.0132,0.8648,-0.0291,0.865
11.641541492,-0.0073,0.8597,-0.0308,0.860
11.642387415,-0.0039,0.8587,-0.0332,0.859
11.643252338,0.0015,0.8565,-0.0366,0.857
11.644093607,0.0095,0.8565,-0.0418,0.858
11.644996107,0.0142,0.8570,-0.0447,0.858
11.646002492,0.0252,0.8546,-0.0498,0.856
11.646807723,0.0344,0.8546,-0.0591,0.857
11.6477718,0.0408,0.8558,-0.0625,0.859
11.648701223,0.0515,0.8582,-0.0665,0.862
11.649598069,0.0574,0.8592,-0.0687,0.864
11.652592761,0.0708,0.8604,-0.0748,0.867
11.654109107,0.0836,0.8641,-0.0782,0.872
11.659390415,0.0892,0.8668,-0.0809,0.875
11.660744915,0.0994,0.8707,-0.0862,0.881
11.66175003,0.1119,0.8763,-0.0892,0.888
11.6624878,0.1173,0.8773,-0.0909,0.890
11.663543223,0.1283,0.8810,-0.0943,0.895
11.665330146,0.1339,0.8841,-0.0955,0.899
11.667170915,0.1493,0.8885,-0.0987,0.906
11.670492107,0.1615,0.8937,-0.1009,0.914
11.672037569,0.1681,0.8934,-0.1004,0.915
11.67335553,0.1796,0.8944,-0.1021,0.918
11.675364684,0.1896,0.8956,-0.1038,0.921
11.677013915,0.1952,0.8959,-0.1051,0.923
11.678933453,0.2035,0.8973,-0.1065,0.926
11.680950415,0.2125,0.8968,-0.1085,0.928
11.6827533,0.2152,0.8973,-0.1097,0.929
11.6925623,0.2231,0.8964,-0.1141,0.931
11.69407953,0.2262,0.8968,-0.1158,0.932
11.6954638,0.2336,0.8946,-0.1190,0.932
11.6967768,0.2384,0.8917,-0.1231,0.931
11.697746953,0.2404,0.8890,-0.1244,0.929
11.698670992,0.2441,0.8863,-0.1275,0.928
11.699531723,0.2460,0.8851,-0.1297,0.928
11.700849376,0.2477,0.8812,-0.1317,0.925
11.701325415,0.2482,0.8739,-0.1344,0.918
11.735569569,0.2492,0.8717,-0.1339,0.916
11.736699992,0.2502,0.8651,-0.1317,0.910
11.737172761,0.2511,0.8587,-0.1324,0.904
11.737630761,0.2514,0.8565,-0.1322,0.902
11.738040338,0.2514,0.8495,-0.1292,0.895
11.738449646,0.2509,0.8463,-0.1278,0.892
11.738860723,0.2494,0.8389,-0.1239,0.884
11.739277338,0.2463,0.8309,-0.1168,0.874
11.739690146,0.2458,0.8267,-0.1146,0.870
11.740101146,0.2433,0.8204,-0.1121,0.863
11.740581569,0.2399,0.8123,-0.1055,0.854
11.740993838,0.2397,0.8069,-0.1009,0.848
11.74137103,0.2367,0.7964,-0.0950,0.836
11.741764569,0.2343,0.7923,-0.0919,0.831
11.742167569,0.2304,0.7832,-0.0853,0.821
11.742570723,0.2257,0.7725,-0.0794,0.809
11.742986338,0.2238,0.7688,-0.0767,0.804
11.743367953,0.2206,0.7595,-0.0728,0.794
11.743767146,0.2157,0.7503,-0.0682,0.784
11.74423903,0.2135,0.7446,-0.0665,0.777
11.744678761,0.2099,0.7356,-0.0633,0.768
11.745084415,0.2069,0.7307,-0.0613,0.762
11.745756146,0.2023,0.7202,-0.0603,0.751
11.748207915,0.1986,0.7107,-0.0601,0.740
11.749843569,0.1957,0.7063,-0.0601,0.735
11.75291603,0.1910,0.6973,-0.0581,0.725
11.753733876,0.1893,0.6899,-0.0579,0.718
11.755980223,0.1879,0.6845,-0.0581,0.712
11.757709723,0.1854,0.6758,-0.0606,0.703
11.75958203,0.1842,0.6721,-0.0608,0.700
11.762030223,0.1798,0.6635,-0.0608,0.690
11.763578184,0.1774,0.6569,-0.0635,0.683
11.765681953,0.1757,0.6545,-0.0647,0.681
11.769977838,0.1700,0.6489,-0.0694,0.674
11.77189003,0.1654,0.6425,-0.0713,0.667
11.773452415,0.1615,0.6393,-0.0718,0.663
11.774628838,0.1524,0.6350,-0.0721,0.657
11.776039953,0.1490,0.6337,-0.0728,0.655
11.77749203,0.1449,0.6308,-0.0723,0.651
11.779498607,0.1378,0.6286,-0.0728,0.648
11.781266223,0.1346,0.6279,-0.0726,0.646
11.783417376,0.1290,0.6254,-0.0694,0.642
11.794160223,0.1217,0.6235,-0.0638,0.638
11.795782761,0.1187,0.6235,-0.0611,0.638
11.797125376,0.1129,0.6230,-0.0567,0.636
11.798312915,0.1085,0.6242,-0.0535,0.636
11.799367338,0.1011,0.6254,-0.0457,0.635
11.800349146,0.0926,0.6257,-0.0354,0.633
11.801558069,0.0892,0.6269,-0.0303,0.634
11.802790915,0.0831,0.6276,-0.0220,0.633
11.803813684,0.0794,0.6281,-0.0169,0.633
11.804884338,0.0748,0.6298,-0.0078,0.634
11.805255915,0.0713,0.6323,-0.0022,0.636
11.833920299,0.0674,0.6332,0.0000,0.637
11.835196799,0.0599,0.6372,0.0066,0.640
11.835688953,0.0533,0.6401,0.0139,0.642
11.836095876,0.0498,0.6428,0.0164,0.645
11.836657222,0.0457,0.6491,0.0191,0.651
11.837028953,0.0428,0.6518,0.0208,0.654
11.837856722,0.0386,0.6572,0.0235,0.659
11.838238607,0.0325,0.6638,0.0237,0.665
11.838625799,0.0298,0.6667,0.0203,0.668
11.839022299,0.0237,0.6740,0.0142,0.675
11.839393415,0.0178,0.6821,0.0088,0.682
11.839756992,0.0166,0.6867,0.0090,0.687
11.840166799,0.0129,0.6941,0.0076,0.694
11.840555761,0.0071,0.7021,0.0061,0.702
11.840900338,0.0051,0.7065,0.0054,0.707
11.841247569,0.0046,0.7144,0.0020,0.714
11.841599261,0.0020,0.7180,-0.0005,0.718
11.841955261,-0.0042,0.7271,-0.0056,0.727
11.842313953,-0.0046,0.7349,-0.0088,0.735
11.844283338,-0.0051,0.7388,-0.0098,0.739
11.846489146,-0.0056,0.7486,-0.0125,0.749
11.848280299,-0.0042,0.7571,-0.0166,0.757
11.850209453,-0.0027,0.7600,-0.0178,0.760
11.852955722,0.0015,0.7679,-0.0195,0.768
11.854314646,0.0042,0.7730,-0.0188,0.773
11.85602653,0.0088,0.7806,-0.0142,0.781
11.858315184,0.0137,0.7881,-0.0090,0.788
11.859919069,0.0166,0.7913,-0.0078,0.792
11.86211953,0.0249,0.7974,-0.0054,0.798
11.863887492,0.0342,0.8011,-0.0054,0.802
11.865966915,0.0393,0.8096,-0.0068,0.811
11.869719376,0.0486,0.8184,-0.0093,0.820
11.870921222,0.0540,0.8238,-0.0112,0.826
11.871841684,0.0633,0.8324,-0.0139,0.835
11.874008838,0.0735,0.8411,-0.0203,0.845
11.875619607,0.0770,0.8455,-0.0252,0.849
11.877783222,0.0831,0.8556,-0.0318,0.860
11.879642146,0.0862,0.8600,-0.0335,0.865
11.881729992,0.0880,0.8729,-0.0366,0.878
11.883697107,0.0914,0.8837,-0.0381,0.889
11.895596107,0.0931,0.8912,-0.0386,0.897
11.897425838,0.0955,0.9042,-0.0354,0.910
11.898552376,0.0977,0.9181,-0.0327,0.924
11.899850299,0.1007,0.9235,-0.0298,0.929
11.901007915,0.1051,0.9369,-0.0232,0.943
11.902246453,0.1107,0.9491,-0.0149,0.956
11.902973069,0.1129,0.9545,-0.0095,0.961
11.903430184,0.1185,0.9667,0.0007,0.974
11.903855761,0.1212,0.9733,0.0059,0.981
11.904392799,0.1270,0.9877,0.0144,0.996
11.935125876,0.1322,0.9970,0.0217,1.006
11.936354569,0.1358,1.0026,0.0269,1.012
11.936856799,0.1422,1.0153,0.0366,1.026
11.937308069,0.1483,1.0200,0.0408,1.032
11.937719684,0.1515,1.0293,0.0467,1.041
11.938136376,0.1576,1.0376,0.0533,1.051
11.938561107,0.1600,1.0407,0.0569,1.055
11.938977992,0.1661,1.0486,0.0628,1.063
11.939395299,0.1730,1.0552,0.0669,1.071
11.93979353,0.1747,1.0576,0.0691,1.074
11.940249107,0.1783,1.0620,0.0704,1.079
11.940642876,0.1798,1.0649,0.0706,1.082
11.941033376,0.1832,1.0715,0.0701,1.089
11.941418915,0.1862,1.0769,0.0655,1.095
11.941811069,0.1886,1.0791,0.0638,1.097
11.942223761,0.1935,1.0842,0.0562,1.103
11.942605838,0.1942,1.0891,0.0476,1.107
11.942983915,0.1959,1.0933,0.0425,1.112
11.943389415,0.1986,1.1004,0.0288,1.119
11.943825145,0.1996,1.1048,0.0203,1.123
11.944777261,0.2016,1.1143,0.0037,1.132
11.946742492,0.2042,1.1248,-0.0149,1.143
11.948562799,0.2067,1.1311,-0.0239,1.150
11.950388299,0.2084,1.1438,-0.0442,1.164
11.953422453,0.2145,1.1602,-0.0665,1.182
11.959338222,0.2167,1.1675,-0.0774,1.190
11.960747799,0.2206,1.1837,-0.0982,1.208
11.961752261,0.2223,1.1932,-0.1082,1.219
11.96301253,0.2243,1.2144,-0.1290,1.242
11.963992145,0.2277,1.2386,-0.1446,1.268
11.965148376,0.2294,1.2508,-0.1532,1.281
11.966614838,0.2326,1.2753,-0.1703,1.307
11.970498261,0.2387,1.3022,-0.1859,1.337
11.972294222,0.2406,1.3166,-0.1920,1.352
11.973358222,0.2433,1.3461,-0.2023,1.383
11.974631953,0.2450,1.3762,-0.2094,1.413
11.976532492,0.2470,1.3921,-0.2113,1.430
11.978408838,0.2543,1.4246,-0.2103,1.462
11.980373338,0.2565,1.4404,-0.2086,1.478
11.982455453,0.2599,1.4719,-0.2033,1.508
11.984577838,0.2636,1.5022,-0.1942,1.538
11.995672953,0.2636,1.5167,-0.1891,1.551
11.997220069,0.2660,1.5430,-0.1783,1.576
11.998394684,0.2702,1.5677,-0.1649,1.599
11.999510492,0.2722,1.5790,-0.1600,1.610
12.000932915,0.2761,1.5965,-0.1510,1.627
12.001410338,0.2805,1.6029,-0.1478,1.634
12.001809453,0.2822,1.6107,-0.1437,1.642
12.002174261,0.2807,1.6149,-0.1446,1.645
12.002539338,0.2790,1.6156,-0.1478,1.646
12.038898684,0.2768,1.6154,-0.1554,1.646
12.040439453,0.2704,1.6158,-0.1661,1.647
12.041502876,0.2634,1.6158,-0.1720,1.646
12.042848876,0.2455,1.6122,-0.1818,1.641
12.044739761,0.2348,1.6124,-0.1859,1.640
12.04595553,0.2081,1.6158,-0.1876,1.640
12.047361722,0.1793,1.6178,-0.1849,1.638
12.048502722,0.1642,1.6198,-0.1830,1.638
12.049536915,0.1336,1.6261,-0.1769,1.641
12.050443492,0.1019,1.6317,-0.1671,1.643
12.051580222,0.0860,1.6354,-0.1630,1.646
12.052770607,0.0545,1.6405,-0.1568,1.649
12.054138799,0.0242,1.6420,-0.1478,1.649
12.055199068,0.0088,1.6439,-0.1427,1.650
12.05636403,-0.0183,1.6447,-0.1378,1.651
12.057520222,-0.0318,1.6427,-0.1341,1.648
12.058328915,-0.0572,1.6356,-0.1317,1.642
12.059079722,-0.0767,1.6278,-0.1297,1.635
12.059930838,-0.0860,1.6212,-0.1295,1.629
12.060822607,-0.1014,1.6039,-0.1283,1.612
12.061860722,-0.1138,1.5948,-0.1270,1.604
12.062753953,-0.1187,1.5719,-0.1285,1.582
12.063818915,-0.1280,1.5462,-0.1283,1.557
12.06484253,-0.1314,1.5333,-0.1290,1.544
12.065855376,-0.1405,1.5039,-0.1309,1.516
12.066731645,-0.1490,1.4751,-0.1314,1.488
12.06786653,-0.1529,1.4607,-0.1317,1.475
12.069026953,-0.1608,1.4309,-0.1292,1.446
12.070328761,-0.1703,1.4023,-0.1285,1.418
12.071335222,-0.1759,1.3884,-0.1268,1.405
12.072665453,-0.1840,1.3596,-0.1248,1.378
12.073605838,-0.1908,1.3469,-0.1224,1.366
12.074366684,-0.2023,1.3215,-0.1190,1.342
12.075404338,-0.2108,1.2938,-0.1148,1.316
12.076460915,-0.2152,1.2807,-0.1124,1.303
12.077169607,-0.2265,1.2550,-0.1104,1.280
12.077615568,-0.2380,1.2418,-0.1090,1.269
12.078029492,-0.2426,1.2164,-0.1038,1.245
12.079955915,-0.2536,1.1922,-0.1019,1.223
12.080905645,-0.2587,1.1800,-0.0992,1.212
12.08283403,-0.2692,1.1578,-0.0943,1.192
12.085458761,-0.2783,1.1331,-0.0911,1.170
12.090574722,-0.2819,1.1221,-0.0884,1.160
12.091419299,-0.2905,1.0994,-0.0828,1.140
12.091868761,-0.2954,1.0862,-0.0821,1.129
12.09286153,-0.3042,1.0642,-0.0779,1.110
12.095402145,-0.3081,1.0442,-0.0660,1.091
12.096950722,-0.3081,1.0346,-0.0579,1.081
12.098943492,-0.3061,1.0166,-0.0403,1.062
12.100578107,-0.3039,0.9982,-0.0281,1.044
12.107813415,-0.3032,0.9890,-0.0237,1.035
12.108797338,-0.3007,0.9694,-0.0154,1.015
12.109303492,-0.2981,0.9594,-0.0093,1.005
12.109731645,-0.2893,0.9425,-0.0022,0.986
12.110683953,-0.2797,0.9237,0.0064,0.965
12.112900953,-0.2751,0.9139,0.0105,0.955
12.114332222,-0.2607,0.8959,0.0193,0.933
12.116089222,-0.2519,0.8883,0.0235,0.924
12.118419953,-0.2360,0.8734,0.0318,0.905
12.148468261,-0.2191,0.8582,0.0408,0.887
12.150183991,-0.2094,0.8512,0.0442,0.878
12.151415991,-0.1879,0.8370,0.0520,0.859
12.152859107,-0.1656,0.8240,0.0584,0.843
12.154329838,-0.1529,0.8182,0.0630,0.835
12.155702338,-0.1278,0.8062,0.0733,0.820
12.157444068,-0.1004,0.7981,0.0787,0.808
12.158485799,-0.0884,0.7938,0.0809,0.803
12.159889376,-0.0611,0.7869,0.0882,0.794
12.160946068,-0.0489,0.7842,0.0911,0.791
12.162002145,-0.0242,0.7818,0.0992,0.788
12.162863876,-0.0012,0.7784,0.1068,0.786
12.164015453,0.0100,0.7774,0.1104,0.785
12.16505103,0.0337,0.7776,0.1146,0.787
12.165937799,0.0535,0.7803,0.1190,0.791
12.166926376,0.0625,0.7820,0.1209,0.794
12.168374299,0.0804,0.7894,0.1241,0.803
12.169622722,0.0882,0.7923,0.1244,0.807
12.171021491,0.1019,0.8013,0.1226,0.817
12.172724338,0.1148,0.8104,0.1187,0.827
12.173715415,0.1217,0.8165,0.1178,0.834
12.174575915,0.1412,0.8275,0.1158,0.847
12.175743068,0.1615,0.8385,0.1160,0.862
12.176863838,0.1710,0.8451,0.1126,0.870
12.177357068,0.1881,0.8553,0.1031,0.882
12.17782753,0.1964,0.8609,0.0980,0.888
12.178280299,0.2079,0.8727,0.0853,0.901
12.178694222,0.2172,0.8849,0.0743,0.914
12.179102607,0.2213,0.8912,0.0674,0.921
12.179504145,0.2267,0.9025,0.0545,0.932
12.179938299,0.2270,0.9127,0.0388,0.941
12.182403415,0.2272,0.9183,0.0288,0.946
12.183164184,0.2274,0.9259,0.0100,0.954
12.185696415,0.2270,0.9296,0.0005,0.957
12.192471799,0.2233,0.9396,-0.0191,0.966
12.193441145,0.2179,0.9472,-0.0379,0.973
12.193873761,0.2147,0.9504,-0.0489,0.976
12.194291145,0.2067,0.9538,-0.0723,0.979
12.195104799,0.1976,0.9550,-0.0948,0.980
12.197797222,0.1928,0.9547,-0.1060,0.980
12.199334415,0.1818,0.9521,-0.1327,0.978
12.201301453,0.1769,0.9543,-0.1437,0.981
12.230233453,0.1688,0.9599,-0.1581,0.987
12.231820684,0.1608,0.9650,-0.1710,0.993
12.23242153,0.1559,0.9660,-0.1776,0.994
12.232864838,0.1476,0.9655,-0.1908,0.995
12.233282568,0.1415,0.9643,-0.2050,0.996
12.234206761,0.1380,0.9635,-0.2116,0.996
12.234645222,0.1292,0.9591,-0.2231,0.993
12.235058876,0.1253,0.9579,-0.2272,0.992
12.235483876,0.1158,0.9547,-0.2355,0.990
12.235881607,0.1082,0.9501,-0.2431,0.987
12.23640303,0.1019,0.9472,-0.2446,0.984
12.236822799,0.0926,0.9420,-0.2433,0.977
12.237239453,0.0843,0.9330,-0.2411,0.967
12.237668145,0.0796,0.9291,-0.2406,0.963
12.238052453,0.0672,0.9232,-0.2331,0.955
12.23845503,0.0581,0.9171,-0.2270,0.947
12.23884753,0.0537,0.9120,-0.2235,0.941
12.239281107,0.0440,0.9020,-0.2145,0.928
12.239685107,0.0384,0.8983,-0.2077,0.923
12.24279803,0.0296,0.8912,-0.1910,0.912
12.243576414,0.0222,0.8841,-0.1742,0.901
12.245177607,0.0186,0.8795,-0.1664,0.895
12.246479568,0.0117,0.8700,-0.1505,0.883
12.248437184,0.0078,0.8648,-0.1405,0.876
12.250426568,0.0017,0.8558,-0.1180,0.864
12.253792761,-0.0046,0.8470,-0.0994,0.853
12.254646876,-0.0071,0.8431,-0.0901,0.848
12.256317491,-0.0112,0.8311,-0.0716,0.834
12.258084338,-0.0159,0.8211,-0.0518,0.823
12.260184684,-0.0173,0.8157,-0.0430,0.817
12.262104761,-0.0217,0.8055,-0.0232,0.806
12.263925838,-0.0222,0.8008,-0.0147,0.801
12.266035991,-0.0252,0.7920,0.0042,0.792
12.267944068,-0.0300,0.7828,0.0198,0.784
12.270319338,-0.0308,0.7784,0.0274,0.779
12.272088261,-0.0320,0.7686,0.0413,0.770
12.273893068,-0.0337,0.7642,0.0472,0.766
12.275775453,-0.0362,0.7549,0.0567,0.758
12.277744761,-0.0369,0.7478,0.0665,0.752
12.279632414,-0.0374,0.7439,0.0699,0.748
12.282237799,-0.0420,0.7349,0.0762,0.740
12.283824145,-0.0420,0.7283,0.0782,0.734
12.291092261,-0.0425,0.7246,0.0784,0.730
12.291923607,-0.0430,0.7175,0.0774,0.723
12.292451414,-0.0452,0.7134,0.0750,0.719
12.292887338,-0.0467,0.7058,0.0728,0.711
12.293886991,-0.0493,0.7002,0.0674,0.705
12.295859838,-0.0493,0.6980,0.0638,0.703
12.297505799,-0.0496,0.6931,0.0555,0.697
12.299469338,-0.0513,0.6885,0.0469,0.692
12.301332799,-0.0520,0.6875,0.0413,0.691
12.326992914,-0.0523,0.6845,0.0298,0.687
12.328633838,-0.0523,0.6826,0.0166,0.685
12.329625299,-0.0515,0.6801,0.0110,0.682
12.330571068,-0.0528,0.6797,-0.0010,0.682
12.331669645,-0.0545,0.6787,-0.0073,0.681
12.332841991,-0.0564,0.6772,-0.0178,0.680
12.333934991,-0.0601,0.6750,-0.0288,0.678
12.334822914,-0.0606,0.6748,-0.0347,0.678
12.335869568,-0.0606,0.6753,-0.0457,0.680
12.337178684,-0.0650,0.6740,-0.0545,0.679
12.338233568,-0.0672,0.6738,-0.0581,0.680
12.339309107,-0.0684,0.6743,-0.0647,0.681
12.340218453,-0.0687,0.6740,-0.0691,0.681
12.341194376,-0.0694,0.6721,-0.0733,0.680
12.341872145,-0.0716,0.6718,-0.0772,0.680
12.342554684,-0.0718,0.6706,-0.0784,0.679
12.343437491,-0.0723,0.6692,-0.0804,0.678
12.344088838,-0.0723,0.6687,-0.0809,0.677
12.345254184,-0.0699,0.6665,-0.0836,0.675
12.34607053,-0.0694,0.6652,-0.0838,0.674
12.347052799,-0.0679,0.6633,-0.0823,0.672
12.347877337,-0.0660,0.6589,-0.0789,0.667
12.348986607,-0.0613,0.6562,-0.0772,0.664
12.349847876,-0.0594,0.6547,-0.0750,0.662
12.350638376,-0.0567,0.6521,-0.0730,0.659
12.354378837,-0.0555,0.6496,-0.0708,0.656
12.35593853,-0.0515,0.6447,-0.0677,0.650
12.35712953,-0.0476,0.6393,-0.0623,0.644
12.364726684,-0.0454,0.6372,-0.0589,0.641
12.365676914,-0.0415,0.6352,-0.0547,0.639
12.366610222,-0.0386,0.6308,-0.0523,0.634
12.367353299,-0.0364,0.6286,-0.0513,0.632
12.368251068,-0.0300,0.6222,-0.0467,0.625
12.369320145,-0.0237,0.6208,-0.0459,0.623
12.370415453,-0.0198,0.6164,-0.0450,0.618
12.37329603,-0.0129,0.6122,-0.0442,0.614
12.374836299,-0.0103,0.6098,-0.0450,0.612
12.376432684,-0.0022,0.6056,-0.0454,0.607
12.378294607,0.0054,0.6020,-0.0464,0.604
12.380322761,0.0083,0.5993,-0.0474,0.601
12.382380953,0.0134,0.5937,-0.0518,0.596
12.384306299,0.0208,0.5915,-0.0559,0.594
12.394528914,0.0227,0.5885,-0.0586,0.592
12.396026261,0.0266,0.5871,-0.0662,0.591
12.397152491,0.0281,0.5871,-0.0687,0.592
12.398258376,0.0313,0.5876,-0.0694,0.592
12.39930653,0.0344,0.5868,-0.0682,0.592
12.400883761,0.0352,0.5876,-0.0679,0.593
12.401490299,0.0374,0.5868,-0.0650,0.592
12.40193703,0.0376,0.5873,-0.0633,0.592
12.402325684,0.0396,0.5898,-0.0625,0.594
12.434060914,0.0384,0.5937,-0.0564,0.598
12.435527953,0.0366,0.5949,-0.0530,0.598
12.436717953,0.0354,0.6003,-0.0430,0.603
12.438312799,0.0364,0.6056,-0.0349,0.608
12.43956303,0.0364,0.6086,-0.0296,0.610
12.440922607,0.0381,0.6144,-0.0205,0.616
12.442092145,0.0393,0.6186,-0.0156,0.620
12.442986414,0.0391,0.6266,-0.0046,0.628
12.443880953,0.0398,0.6345,0.0042,0.636
12.444810876,0.0418,0.6389,0.0083,0.640
12.445727337,0.0445,0.6479,0.0198,0.650
12.446503722,0.0464,0.6582,0.0318,0.661
12.447456107,0.0481,0.6638,0.0384,0.667
12.448468722,0.0503,0.6782,0.0508,0.682
12.449648837,0.0508,0.6848,0.0562,0.689
12.450408799,0.0528,0.6973,0.0630,0.702
12.451869337,0.0528,0.7104,0.0689,0.716
12.452997414,0.0533,0.7190,0.0708,0.724
12.454138299,0.0506,0.7351,0.0752,0.741
12.455260414,0.0476,0.7527,0.0796,0.758
12.456101645,0.0450,0.7617,0.0811,0.767
12.457193299,0.0408,0.7818,0.0836,0.787
12.45803553,0.0386,0.7930,0.0853,0.799
12.45903576,0.0313,0.8160,0.0909,0.822
12.459877991,0.0254,0.8372,0.0985,0.843
12.460961376,0.0227,0.8485,0.1051,0.855
12.461973876,0.0181,0.8712,0.1160,0.879
12.462834876,0.0149,0.8944,0.1248,0.903
12.463636068,0.0132,0.9074,0.1295,0.917
12.467628991,0.0098,0.9320,0.1407,0.943
12.468021914,0.0071,0.9452,0.1480,0.957
12.468315222,0.0044,0.9719,0.1610,0.985
12.468548684,0.0037,0.9977,0.1720,1.012
12.468817876,0.0027,1.0109,0.1779,1.026
12.474233299,0.0027,1.0366,0.1891,1.054
12.47483303,0.0015,1.0603,0.1994,1.079
12.47507976,0.0007,1.0727,0.2035,1.092
12.479529414,0.0007,1.0942,0.2118,1.115
12.479811953,0.0017,1.1057,0.2157,1.127
12.480605953,0.0012,1.1267,0.2223,1.148
12.482527453,0.0017,1.1441,0.2284,1.167
12.484434376,0.0012,1.1521,0.2306,1.175
12.510362107,0.0032,1.1666,0.2328,1.190
12.512072299,0.0073,1.1783,0.2333,1.201
12.512775568,0.0088,1.1827,0.2331,1.205
12.513035491,0.0139,1.1912,0.2294,1.213
12.51328603,0.0164,1.1939,0.2267,1.215
12.513511991,0.0230,1.1991,0.2177,1.219
12.513742568,0.0308,1.2013,0.2062,1.219
12.513969722,0.0357,1.2008,0.1979,1.217
12.514218991,0.0445,1.1991,0.1769,1.213
12.514449068,0.0511,1.1981,0.1527,1.209
12.514681837,0.0537,1.1915,0.1388,1.201
12.514926991,0.0584,1.1859,0.1082,1.192
12.515168453,0.0606,1.1839,0.0916,1.189
12.515409145,0.0630,1.1763,0.0577,1.179
12.515628799,0.0630,1.1673,0.0220,1.169
12.516046107,0.0625,1.1634,0.0037,1.165
12.518100107,0.0599,1.1575,-0.0327,1.160
12.520178414,0.0577,1.1499,-0.0687,1.153
12.522087722,0.0567,1.1473,-0.0855,1.152
12.524204684,0.0555,1.1407,-0.1148,1.148
12.525871453,0.0528,1.1385,-0.1285,1.147
12.528422684,0.0501,1.1341,-0.1542,1.146
12.529801953,0.0474,1.1299,-0.1761,1.145
12.531810299,0.0452,1.1270,-0.1854,1.143
12.533838953,0.0435,1.1248,-0.1996,1.143
12.537171337,0.0450,1.1241,-0.2086,1.144
12.53772326,0.0464,1.1250,-0.2128,1.146
12.539712184,0.0506,1.1260,-0.2177,1.148
12.541771376,0.0515,1.1263,-0.2196,1.149
12.543550837,0.0557,1.1270,-0.2201,1.150
12.545677799,0.0599,1.1304,-0.2152,1.152
12.547572607,0.0633,1.1319,-0.2143,1.154
12.549816722,0.0711,1.1360,-0.2081,1.157
12.55143303,0.0755,1.1407,-0.2025,1.161
12.554292453,0.0792,1.1441,-0.1989,1.164
12.55569253,0.0880,1.1514,-0.1920,1.171
12.557456914,0.0916,1.1553,-0.1881,1.174
12.559565722,0.1002,1.1661,-0.1788,1.184
12.561798722,0.1055,1.1788,-0.1700,1.196
12.563609376,0.1087,1.1856,-0.1649,1.202
12.565751183,0.1163,1.2027,-0.1534,1.218
12.567796222,0.1226,1.2247,-0.1434,1.239
12.570992991,0.1261,1.2369,-0.1378,1.251
12.572710991,0.1322,1.2616,-0.1278,1.275
12.573912607,0.1361,1.2758,-0.1217,1.289
12.575318068,0.1473,1.3073,-0.1099,1.320
12.577235914,0.1612,1.3405,-0.0994,1.354
12.57926676,0.1671,1.3581,-0.0943,1.372
12.581264107,0.1835,1.3969,-0.0858,1.412
12.583271876,0.2057,1.4395,-0.0782,1.456
12.585171953,0.2184,1.4617,-0.0757,1.480
12.596896453,0.2458,1.5042,-0.0743,1.526
12.598374299,0.2599,1.5254,-0.0745,1.549
12.599255568,0.2919,1.5702,-0.0796,1.599
12.600531607,0.3310,1.6124,-0.0848,1.648
12.601849068,0.3525,1.6332,-0.0875,1.673
12.60305426,0.3950,1.6735,-0.0970,1.722
12.604465568,0.4429,1.7094,-0.1060,1.769
12.605612607,0.4661,1.7265,-0.1112,1.792
12.60656976,0.5079,1.7558,-0.1266,1.832
12.60745703,0.5262,1.7671,-0.1336,1.849
12.608758991,0.5709,1.7895,-0.1446,1.884
12.609052991,0.6208,1.8145,-0.1505,1.924
12.642248337,0.6457,1.8247,-0.1559,1.942
12.642869799,0.6887,1.8401,-0.1664,1.972
12.64313226,0.7209,1.8506,-0.1798,1.994
12.643376453,0.7324,1.8516,-0.1859,2.000
12.643611299,0.7490,1.8504,-0.1984,2.006
12.64385453,0.7505,1.8465,-0.2062,2.004
12.644083914,0.7473,1.8365,-0.2240,1.995
12.644365068,0.7300,1.8196,-0.2443,1.976
12.644607645,0.7161,1.8079,-0.2526,1.961
12.644867491,0.6833,1.7807,-0.2673,1.926
12.645209953,0.6491,1.7502,-0.2795,1.888
12.64544376,0.6335,1.7336,-0.2844,1.867
12.645666145,0.6005,1.6987,-0.2871,1.824
12.645890183,0.5849,1.6806,-0.2863,1.802
12.646104299,0.5599,1.6469,-0.2814,1.762
12.646328183,0.5319,1.6141,-0.2685,1.721
12.64655076,0.5196,1.5968,-0.2602,1.699
12.64676703,0.4947,1.5621,-0.2397,1.656
12.646994145,0.4698,1.5291,-0.2116,1.614
12.648087068,0.4571,1.5130,-0.1969,1.593
12.65006903,0.4290,1.4805,-0.1622,1.550
12.651836183,0.4143,1.4644,-0.1441,1.529
12.654193837,0.3828,1.4331,-0.1065,1.487
12.655818568,0.3525,1.4028,-0.0655,1.448
12.657883299,0.3381,1.3872,-0.0462,1.429
12.659724491,0.3103,1.3557,-0.0073,1.391
12.662005683,0.2846,1.3254,0.0308,1.356
12.66396826,0.2719,1.3105,0.0481,1.339
12.665943183,0.2504,1.2792,0.0818,1.306
12.667881453,0.2289,1.2640,0.0987,1.288
12.674156683,0.2196,1.2350,0.1305,1.261
12.67487026,0.1994,1.2057,0.1588,1.232
12.67516326,0.1888,1.1910,0.1691,1.218
12.675836183,0.1698,1.1631,0.1864,1.190
12.678315183,0.1534,1.1363,0.1994,1.164
12.679860606,0.1473,1.1216,0.2047,1.150
12.68162176,0.1344,1.0957,0.2113,1.124
12.683949376,0.1239,1.0835,0.2152,1.112
12.68592303,0.1190,1.0571,0.2150,1.085
12.722575876,0.1129,1.0317,0.2125,1.059
12.723219068,0.1104,1.0197,0.2094,1.047
12.723466414,0.1080,0.9936,0.2001,1.019
12.72370753,0.1031,0.9711,0.1871,0.994
12.723944683,0.0999,0.9616,0.1801,0.983
12.724241722,0.0948,0.9398,0.1649,0.959
12.724476453,0.0884,0.9284,0.1480,0.944
12.724708376,0.0848,0.9105,0.1390,0.925
12.724956299,0.0782,0.8929,0.1226,0.905
12.725186991,0.0760,0.8844,0.1136,0.895
12.72541726,0.0701,0.8651,0.0965,0.873
12.725657568,0.0689,0.8487,0.0806,0.855
12.725875299,0.0684,0.8411,0.0723,0.847
12.726101183,0.0696,0.8270,0.0577,0.832
12.726314876,0.0706,0.8128,0.0469,0.817
12.72653803,0.0718,0.8050,0.0413,0.809
12.726749414,0.0752,0.7916,0.0320,0.796
12.726968914,0.0767,0.7854,0.0274,0.790
12.72719876,0.0789,0.7737,0.0171,0.778
12.727413106,0.0814,0.7632,0.0064,0.768
12.727639722,0.0826,0.7571,0.0015,0.762
12.729289991,0.0843,0.7471,-0.0029,0.752
12.73090303,0.0865,0.7383,-0.0078,0.743
12.732918145,0.0872,0.7339,-0.0098,0.739
12.734902376,0.0914,0.7239,-0.0100,0.730
12.737553337,0.0919,0.7202,-0.0110,0.726
12.73876026,0.0950,0.7129,-0.0117,0.719
12.740909568,0.0970,0.7058,-0.0107,0.713
12.742646568,0.0985,0.7026,-0.0105,0.710
12.745103299,0.1019,0.6968,-0.0078,0.704
12.747004568,0.1021,0.6919,-0.0037,0.699
12.74891076,0.1033,0.6889,-0.0024,0.697
12.750816414,0.1046,0.6853,0.0007,0.693
12.752879183,0.1046,0.6850,0.0034,0.693
12.755807683,0.1055,0.6855,0.0081,0.694
12.757184568,0.1051,0.6853,0.0137,0.693
12.758862722,0.1046,0.6853,0.0161,0.693
12.761141645,0.1036,0.6860,0.0210,0.694
12.762666376,0.1007,0.6870,0.0259,0.695
12.764747183,0.1002,0.6885,0.0274,0.696
12.766638183,0.0987,0.6921,0.0296,0.700
12.768650991,0.0987,0.6936,0.0291,0.701
12.777063068,0.0963,0.6980,0.0281,0.705
12.778187914,0.0945,0.7026,0.0293,0.710
12.778977683,0.0931,0.7053,0.0296,0.712
12.779718876,0.0921,0.7095,0.0288,0.716
12.780743376,0.0911,0.7104,0.0252,0.717
12.781485183,0.0897,0.7136,0.0237,0.720
12.783724337,0.0862,0.7161,0.0200,0.722
12.784554453,0.0848,0.7183,0.0181,0.723
12.786014876,0.0833,0.7222,0.0147,0.727
12.817223645,0.0796,0.7256,0.0081,0.730
12.818859876,0.0784,0.7256,0.0059,0.730
12.820233837,0.0762,0.7273,0.0007,0.731
12.821399337,0.0745,0.7280,-0.0020,0.732
12.822368991,0.0735,0.7302,-0.0095,0.734
12.82351026,0.0711,0.7310,-0.0169,0.735
12.824811722,0.0696,0.7312,-0.0200,0.735
12.82592126,0.0674,0.7327,-0.0264,0.736
12.827485529,0.0667,0.7334,-0.0330,0.737
12.82866226,0.0650,0.7332,-0.0359,0.737
12.829918799,0.0633,0.7317,-0.0428,0.736
12.831041337,0.0633,0.7332,-0.0464,0.737
12.832300876,0.0638,0.7334,-0.0513,0.738
12.833312799,0.0621,0.7327,-0.0547,0.737
12.834185068,0.0599,0.7332,-0.0567,0.738
12.835228145,0.0599,0.7337,-0.0601,0.739
12.836310453,0.0601,0.7332,-0.0625,0.738
12.837732491,0.0613,0.7346,-0.0630,0.740
12.838688453,0.0625,0.7344,-0.0618,0.740
12.839656722,0.0623,0.7324,-0.0596,0.737
12.840847876,0.0628,0.7337,-0.0577,0.739
12.842028645,0.0596,0.7346,-0.0555,0.739
12.842972376,0.0599,0.7354,-0.0533,0.740
12.844092145,0.0606,0.7356,-0.0476,0.740
12.845306837,0.0628,0.7354,-0.0420,0.739
12.846601222,0.0625,0.7356,-0.0388,0.739
12.847794183,0.0616,0.7373,-0.0325,0.741
12.848796029,0.0623,0.7380,-0.0303,0.741
12.849131914,0.0628,0.7378,-0.0276,0.741
12.849382222,0.0633,0.7385,-0.0227,0.742
12.849632376,0.0635,0.7400,-0.0203,0.743
12.849861376,0.0655,0.7407,-0.0161,0.744
12.851815029,0.0672,0.7393,-0.0134,0.742
12.860085837,0.0684,0.7393,-0.0110,0.743
12.860820183,0.0708,0.7398,-0.0090,0.743
12.861123029,0.0713,0.7400,-0.0086,0.743
12.861396491,0.0748,0.7407,-0.0066,0.745
12.861657376,0.0765,0.7415,-0.0051,0.745
12.86298126,0.0779,0.7402,-0.0054,0.744
12.864769299,0.0816,0.7410,-0.0064,0.745
12.866880453,0.0845,0.7410,-0.0076,0.746
12.868804529,0.0862,0.7412,-0.0066,0.746
12.874136568,0.0897,0.7398,-0.0078,0.745
12.87476226,0.0928,0.7402,-0.0095,0.746
12.875024914,0.0960,0.7398,-0.0139,0.746
12.876675837,0.0992,0.7378,-0.0137,0.745
12.878851991,0.1011,0.7383,-0.0147,0.745
12.880524299,0.1051,0.7388,-0.0156,0.746
12.882523299,0.1090,0.7383,-0.0169,0.746
12.884598568,0.1109,0.7361,-0.0191,0.745
12.886610683,0.1158,0.7361,-0.0205,0.745
12.909961299,0.1180,0.7356,-0.0208,0.745
12.910623106,0.1200,0.7376,-0.0222,0.748
12.910876376,0.1241,0.7380,-0.0237,0.749
12.911106145,0.1253,0.7373,-0.0232,0.748
12.911340529,0.1244,0.7371,-0.0225,0.748
12.911571876,0.1236,0.7359,-0.0235,0.747
12.911792376,0.1234,0.7332,-0.0257,0.744
12.91202526,0.1251,0.7315,-0.0247,0.742
12.912309491,0.1251,0.7307,-0.0247,0.742
12.912686222,0.1234,0.7280,-0.0244,0.739
12.912981452,0.1222,0.7244,-0.0269,0.735
12.913292145,0.1204,0.7224,-0.0286,0.733
12.913604222,0.1195,0.7202,-0.0293,0.731
12.914058106,0.1190,0.7190,-0.0286,0.729
12.915919799,0.1165,0.7131,-0.0298,0.723
12.917877991,0.1148,0.7112,-0.0313,0.721
12.919724222,0.1148,0.7092,-0.0325,0.719
12.921844876,0.1104,0.7041,-0.0322,0.713
12.923912606,0.1077,0.7009,-0.0291,0.710
12.925992029,0.1065,0.6975,-0.0271,0.706
12.927880299,0.1029,0.6938,-0.0237,0.702
12.929801414,0.1019,0.6926,-0.0213,0.700
12.931684914,0.0982,0.6902,-0.0151,0.697
12.933743491,0.0965,0.6889,-0.0100,0.696
12.935627491,0.0948,0.6885,-0.0073,0.695
12.938171145,0.0914,0.6889,-0.0039,0.695
12.939419876,0.0892,0.6872,0.0020,0.693
12.942512645,0.0892,0.6885,0.0039,0.694
12.943435299,0.0901,0.6899,0.0056,0.696
12.945708145,0.0901,0.6909,0.0076,0.697
12.947462606,0.0865,0.6926,0.0098,0.698
12.949604645,0.0860,0.7009,0.0095,0.706
12.951390568,0.0840,0.7046,0.0086,0.710
12.955852183,0.0816,0.7112,0.0076,0.716
12.957437029,0.0821,0.7192,0.0037,0.724
12.958634414,0.0821,0.7251,0.0010,0.730
12.960027952,0.0814,0.7380,-0.0073,0.743
12.961637068,0.0811,0.7434,-0.0120,0.748
12.963339799,0.0779,0.7586,-0.0205,0.763
12.965457683,0.0782,0.7762,-0.0235,0.780
12.967288683,0.0787,0.7847,-0.0225,0.789
12.969332952,0.0787,0.8021,-0.0195,0.806
12.972299106,0.0787,0.8111,-0.0191,0.815
12.973866106,0.0792,0.8324,-0.0181,0.836
12.975114376,0.0801,0.8507,-0.0159,0.855
12.977292876,0.0816,0.8592,-0.0127,0.863
12.979210452,0.0826,0.8775,-0.0037,0.881
12.981149106,0.0843,0.8973,0.0061,0.901
12.982914106,0.0855,0.9071,0.0115,0.911
12.985236991,0.0884,0.9281,0.0178,0.932
12.996483875,0.0919,0.9455,0.0249,0.950
12.998051183,0.0933,0.9560,0.0276,0.961
12.998984991,0.0950,0.9753,0.0344,0.980
12.999976299,0.0958,0.9858,0.0454,0.991
13.001122683,0.0950,1.0043,0.0513,1.010
13.002327106,0.0958,1.0224,0.0660,1.029
13.003335068,0.0955,1.0305,0.0733,1.037
13.004510491,0.0955,1.0503,0.0855,1.058
13.00482126,0.0928,1.0679,0.0919,1.076
13.005057145,0.0923,1.0764,0.0931,1.084
13.027160414,0.0899,1.0930,0.0948,1.101
13.02851776,0.0906,1.1021,0.0919,1.110
13.028829299,0.0919,1.1197,0.0892,1.127
13.029069875,0.0933,1.1363,0.0784,1.143
13.029306914,0.0943,1.1436,0.0738,1.150
13.029535529,0.0977,1.1585,0.0657,1.164
13.029766452,0.1002,1.1732,0.0557,1.179
13.029990106,0.1009,1.1788,0.0515,1.184
13.030218645,0.1073,1.1876,0.0423,1.193
13.030450837,0.1112,1.1917,0.0381,1.198
13.030687645,0.1131,1.1998,0.0276,1.205
13.030919029,0.1207,1.2054,0.0169,1.212
13.031148875,0.1234,1.2061,0.0120,1.212
13.032224029,0.1302,1.2064,0.0000,1.213
13.034328568,0.1371,1.2083,-0.0159,1.216
13.036759414,0.1395,1.2066,-0.0222,1.215
13.040244222,0.1432,1.2039,-0.0364,1.213
13.040710222,0.1429,1.2015,-0.0440,1.211
13.042431991,0.1422,1.1951,-0.0594,1.205
13.044215875,0.1341,1.1895,-0.0757,1.199
13.04604576,0.1297,1.1859,-0.0831,1.196
13.048215568,0.1239,1.1754,-0.0953,1.186
13.050083375,0.1158,1.1646,-0.1080,1.175
13.052090414,0.1126,1.1614,-0.1148,1.173
13.054722914,0.1029,1.1541,-0.1263,1.166
13.057217145,0.0985,1.1499,-0.1307,1.162
13.057927491,0.0865,1.1414,-0.1373,1.153
13.059792991,0.0762,1.1365,-0.1415,1.148
13.061915068,0.0723,1.1338,-0.1410,1.145
13.063781645,0.0633,1.1270,-0.1454,1.138
13.065785452,0.0496,1.1221,-0.1466,1.133
13.067903106,0.0440,1.1214,-0.1478,1.132
13.069787029,0.0342,1.1192,-0.1493,1.130
13.072194837,0.0252,1.1172,-0.1495,1.127
13.073741337,0.0215,1.1170,-0.1488,1.127
13.075676529,0.0132,1.1172,-0.1483,1.127
13.077969914,0.0105,1.1170,-0.1495,1.127
13.079667414,0.0042,1.1192,-0.1520,1.129
13.081807375,-0.0024,1.1233,-0.1534,1.134
13.083597529,-0.0056,1.1258,-0.1544,1.136
13.085626106,-0.0112,1.1309,-0.1554,1.142
13.094838568,-0.0173,1.1380,-0.1549,1.149
13.096223991,-0.0213,1.1424,-0.1556,1.153
13.097166799,-0.0286,1.1524,-0.1581,1.164
13.098179799,-0.0308,1.1580,-0.1581,1.169
13.099107529,-0.0359,1.1697,-0.1566,1.181
13.100034837,-0.0398,1.1824,-0.1517,1.193
13.100958722,-0.0432,1.1900,-0.1507,1.200
13.101970952,-0.0506,1.2069,-0.1473,1.217
13.103448029,-0.0535,1.2166,-0.1451,1.226
13.127678722,-0.0591,1.2342,-0.1397,1.244
13.129447145,-0.0608,1.2535,-0.1336,1.262
13.130441029,-0.0608,1.2640,-0.1307,1.272
13.131274798,-0.0591,1.2848,-0.1244,1.292
13.13223276,-0.0533,1.3075,-0.1185,1.314
13.133234875,-0.0498,1.3188,-0.1156,1.325
13.134149106,-0.0428,1.3425,-0.1131,1.348
13.135419875,-0.0386,1.3532,-0.1141,1.359
13.136347991,-0.0261,1.3772,-0.1148,1.382
13.137424414,-0.0105,1.3965,-0.1207,1.402
13.138373837,-0.0042,1.4055,-0.1258,1.411
13.139457145,0.0098,1.4263,-0.1361,1.433
13.140647491,0.0200,1.4458,-0.1512,1.454
13.141459068,0.0259,1.4553,-0.1610,1.464
13.142081529,0.0349,1.4763,-0.1823,1.488
13.143098029,0.0386,1.4868,-0.1940,1.500
13.143815798,0.0452,1.5054,-0.2221,1.522
13.144860798,0.0508,1.5262,-0.2514,1.548
13.145651645,0.0528,1.5355,-0.2675,1.559
13.146533798,0.0603,1.5543,-0.2978,1.584
13.147450452,0.0726,1.5736,-0.3283,1.609
13.148331414,0.0784,1.5829,-0.3437,1.622
13.149275414,0.0963,1.6000,-0.3728,1.646
13.151702645,0.1043,1.6075,-0.3872,1.657
13.153138798,0.1212,1.6232,-0.4139,1.679
13.15464876,0.1375,1.6393,-0.4373,1.702
13.156593875,0.1463,1.6452,-0.4493,1.712
13.158654952,0.1605,1.6598,-0.4718,1.733
13.160461491,0.1695,1.6662,-0.4820,1.743
13.162555145,0.1722,1.6779,-0.4991,1.759
13.164346452,0.1727,1.6862,-0.5155,1.772
13.166432568,0.1725,1.6877,-0.5223,1.775
13.168221722,0.1695,1.6877,-0.5323,1.778
13.170527183,0.1661,1.6816,-0.5394,1.774
13.173304452,0.1652,1.6767,-0.5414,1.770
13.174773145,0.1603,1.6667,-0.5411,1.760
13.176185798,0.1578,1.6588,-0.5387,1.751
13.177971491,0.1522,1.6417,-0.5299,1.732
13.179880952,0.1454,1.6222,-0.5118,1.707
13.182202029,0.1419,1.6100,-0.4996,1.692
13.183876914,0.1353,1.5877,-0.4674,1.661
13.185986106,0.1270,1.5660,-0.4307,1.629
13.196894145,0.1241,1.5535,-0.4080,1.611
13.198434491,0.1148,1.5303,-0.3586,1.576
13.199404414,0.1104,1.5181,-0.3313,1.558
13.200549106,0.1026,1.4912,-0.2704,1.519
13.201576183,0.0943,1.4666,-0.2094,1.484
13.202971606,0.0899,1.4536,-0.1769,1.467
13.226256875,0.0796,1.4258,-0.1112,1.432
13.227887991,0.0711,1.4001,-0.0450,1.403
13.228939298,0.0672,1.3867,-0.0125,1.388
13.229981145,0.0581,1.3583,0.0484,1.360
13.231045414,0.0542,1.3439,0.0760,1.347
13.232062491,0.0472,1.3149,0.1273,1.322
13.233065491,0.0440,1.2868,0.1722,1.299
13.234224221,0.0423,1.2719,0.1915,1.287
13.235194568,0.0379,1.2438,0.2248,1.264
13.236232106,0.0335,1.2171,0.2516,1.243
13.237290221,0.0305,1.2025,0.2609,1.231
13.238237837,0.0232,1.1736,0.2741,1.205
13.239304337,0.0198,1.1605,0.2800,1.194
13.240504952,0.0142,1.1336,0.2871,1.169
13.241519606,0.0095,1.1082,0.2861,1.145
13.242248645,0.0073,1.0947,0.2834,1.131
13.242947837,0.0054,1.0671,0.2746,1.102
13.243791606,0.0037,1.0405,0.2582,1.072
13.244691529,0.0039,1.0276,0.2482,1.057
13.245681106,0.0076,1.0026,0.2265,1.028
13.246368068,0.0110,0.9897,0.2147,1.013
13.247463837,0.0186,0.9638,0.1918,0.983
13.248670375,0.0239,0.9362,0.1634,0.951
13.249788491,0.0252,0.9237,0.1500,0.936
13.250896952,0.0322,0.8986,0.1219,0.907
13.251832452,0.0381,0.8753,0.0948,0.881
13.252646683,0.0410,0.8631,0.0811,0.868
13.252951183,0.0486,0.8399,0.0547,0.843
13.25490176,0.0513,0.8284,0.0415,0.831
13.256828106,0.0577,0.8072,0.0139,0.809
13.258633298,0.0638,0.7874,-0.0139,0.790
13.260643337,0.0655,0.7784,-0.0266,0.782
13.262625145,0.0667,0.7573,-0.0537,0.762
13.264831606,0.0684,0.7393,-0.0796,0.747
13.266618568,0.0677,0.7302,-0.0928,0.739
13.268596068,0.0669,0.7124,-0.1175,0.725
13.270619529,0.0677,0.7051,-0.1280,0.720
13.275195568,0.0704,0.6892,-0.1488,0.709
13.275812721,0.0696,0.6728,-0.1659,0.696
13.276599414,0.0699,0.6660,-0.1742,0.692
13.27869326,0.0711,0.6499,-0.1913,0.681
13.280689721,0.0701,0.6350,-0.2011,0.670
13.282450798,0.0701,0.6281,-0.2060,0.665
13.284975068,0.0682,0.6144,-0.2143,0.654
13.286566106,0.0667,0.6083,-0.2165,0.649
13.313815029,0.0616,0.5976,-0.2199,0.640
13.314492491,0.0574,0.5888,-0.2184,0.631
13.31476376,0.0552,0.5856,-0.2187,0.628
13.315009337,0.0486,0.5797,-0.2143,0.620
13.315282645,0.0447,0.5780,-0.2113,0.617
13.315516106,0.0403,0.5749,-0.2040,0.611
13.315746298,0.0359,0.5736,-0.1974,0.608
13.315988183,0.0320,0.5727,-0.1913,0.605
13.316315414,0.0269,0.5727,-0.1810,0.601
13.316548183,0.0222,0.5758,-0.1705,0.601
13.316785221,0.0195,0.5778,-0.1664,0.602
13.317023952,0.0122,0.5824,-0.1537,0.602
13.317253721,0.0034,0.5851,-0.1412,0.602
13.317469837,-0.0010,0.5929,-0.1356,0.608
13.31770076,-0.0083,0.6005,-0.1273,0.614
13.31796476,-0.0129,0.6042,-0.1229,0.617
13.319984298,-0.0235,0.6154,-0.1124,0.626
13.323096568,-0.0283,0.6276,-0.1007,0.636
13.323998337,-0.0308,0.6345,-0.0963,0.642
13.325776644,-0.0357,0.6469,-0.0860,0.654
13.327722375,-0.0381,0.6538,-0.0826,0.660
13.32942226,-0.0428,0.6667,-0.0728,0.672
13.331501837,-0.0464,0.6819,-0.0657,0.687
13.333327068,-0.0476,0.6899,-0.0635,0.694
13.335344529,-0.0489,0.7063,-0.0574,0.710
13.338711952,-0.0496,0.7234,-0.0511,0.727
13.340289644,-0.0493,0.7332,-0.0481,0.736
13.341189491,-0.0479,0.7517,-0.0454,0.755
13.343197798,-0.0467,0.7610,-0.0445,0.764
13.345069221,-0.0445,0.7806,-0.0415,0.783
13.347280798,-0.0425,0.7989,-0.0413,0.801
13.349136298,-0.0408,0.8101,-0.0408,0.812
13.351060452,-0.0391,0.8297,-0.0440,0.832
13.353174721,-0.0330,0.8394,-0.0481,0.841
13.355335568,-0.0300,0.8604,-0.0513,0.862
13.357159991,-0.0249,0.8795,-0.0559,0.882
13.359125029,-0.0220,0.8895,-0.0589,0.892
13.36096476,-0.0149,0.9086,-0.0682,0.911
13.363017068,-0.0086,0.9240,-0.0779,0.927
13.364938914,-0.0059,0.9323,-0.0821,0.936
13.367048221,0.0000,0.9479,-0.0931,0.952
13.368910337,0.0081,0.9560,-0.0992,0.961
13.373505106,0.0117,0.9694,-0.1104,0.976
13.374839298,0.0183,0.9802,-0.1231,0.988
13.375845106,0.0217,0.9860,-0.1302,0.995
13.377063144,0.0274,0.9955,-0.1429,1.006
13.378785914,0.0332,1.0012,-0.1586,1.014
13.380772221,0.0354,1.0039,-0.1661,1.018
13.382746337,0.0408,1.0070,-0.1801,1.024
13.384817106,0.0459,1.0083,-0.1940,1.028
13.386975337,0.0484,1.0090,-0.2011,1.030
13.397184029,0.0520,1.0068,-0.2174,1.031
13.39865126,0.0535,1.0056,-0.2243,1.032
13.399483221,0.0552,0.9995,-0.2382,1.029
13.401267298,0.0572,0.9921,-0.2492,1.025
13.402217721,0.0581,0.9875,-0.2536,1.021
13.403089683,0.0577,0.9758,-0.2639,1.012
13.404349837,0.0557,0.9633,-0.2704,1.002
13.405244683,0.0545,0.9565,-0.2724,0.996
13.406605221,0.0530,0.9401,-0.2761,0.981
13.407703221,0.0498,0.9262,-0.2783,0.968
13.408850106,0.0489,0.9181,-0.2788,0.961
13.427288337,0.0437,0.9020,-0.2783,0.945
13.42906576,0.0410,0.8927,-0.2768,0.936
13.429961221,0.0374,0.8734,-0.2741,0.916
13.431002067,0.0315,0.8546,-0.2685,0.896
13.432069298,0.0281,0.8441,-0.2648,0.885
13.433159914,0.0210,0.8243,-0.2558,0.863
13.434390491,0.0142,0.8045,-0.2458,0.841
13.435248452,0.0115,0.7930,-0.2392,0.828
13.436031606,0.0059,0.7698,-0.2262,0.802
13.436949298,0.0017,0.7595,-0.2199,0.791
13.438073644,-0.0083,0.7380,-0.2079,0.767
13.439001221,-0.0156,0.7185,-0.1940,0.744
13.440272183,-0.0205,0.7078,-0.1874,0.732
13.441300721,-0.0281,0.6870,-0.1747,0.709
13.442244337,-0.0388,0.6667,-0.1605,0.687
13.442988721,-0.0442,0.6552,-0.1542,0.675
13.443699798,-0.0545,0.6352,-0.1424,0.653
13.44471276,-0.0599,0.6262,-0.1361,0.644
13.447254491,-0.0682,0.6095,-0.1256,0.626
13.448810991,-0.0774,0.5912,-0.1163,0.608
13.450132029,-0.0809,0.5824,-0.1114,0.598
13.451871683,-0.0892,0.5658,-0.1024,0.582
13.453743375,-0.0926,0.5585,-0.0987,0.575
13.455771875,-0.0975,0.5458,-0.0909,0.562
13.457950914,-0.1016,0.5323,-0.0833,0.548
13.459800875,-0.1031,0.5260,-0.0804,0.542
13.461744144,-0.1048,0.5130,-0.0772,0.529
13.463456414,-0.1048,0.5001,-0.0738,0.516
13.465628875,-0.1046,0.4942,-0.0708,0.510
13.467396914,-0.1041,0.4842,-0.0684,0.500
13.469565067,-0.1041,0.4806,-0.0667,0.496
13.472535721,-0.1014,0.4720,-0.0647,0.487
13.473718952,-0.0965,0.4637,-0.0608,0.478
13.475667529,-0.0943,0.4617,-0.0603,0.475
13.477683837,-0.0889,0.4578,-0.0603,0.470
13.479495529,-0.0848,0.4534,-0.0599,0.465
13.48168726,-0.0806,0.4517,-0.0601,0.463
13.483280798,-0.0723,0.4483,-0.0589,0.458
13.485182221,-0.0684,0.4471,-0.0586,0.456
13.487101721,-0.0608,0.4463,-0.0589,0.454
13.491601798,-0.0525,0.4454,-0.0594,0.452
13.492232144,-0.0479,0.4451,-0.0586,0.452
13.499185144,-0.0384,0.4461,-0.0572,0.451
13.49957026,-0.0308,0.4490,-0.0555,0.453
13.499818106,-0.0281,0.4515,-0.0535,0.456
13.500045567,-0.0188,0.4573,-0.0476,0.460
13.501287375,-0.0103,0.4600,-0.0459,0.462
13.502965414,-0.0068,0.4696,-0.0388,0.471
13.525844914,-0.0007,0.4796,-0.0315,0.481
13.527371414,0.0027,0.4859,-0.0288,0.487
13.528397452,0.0095,0.4984,-0.0237,0.499
13.529236683,0.0169,0.5116,-0.0176,0.512
13.530239721,0.0203,0.5179,-0.0144,0.519
13.53132526,0.0252,0.5331,-0.0086,0.534
13.532570337,0.0276,0.5414,-0.0066,0.542
13.533697221,0.0330,0.5578,-0.0010,0.559
13.534464721,0.0376,0.5756,0.0037,0.577
13.535327683,0.0406,0.5846,0.0051,0.586
13.535990567,0.0454,0.6022,0.0086,0.604
13.53710449,0.0491,0.6210,0.0078,0.623
13.538013144,0.0511,0.6320,0.0073,0.634
13.538955683,0.0572,0.6525,0.0020,0.655
13.540187606,0.0594,0.6640,-0.0020,0.667
13.541305337,0.0623,0.6863,-0.0078,0.689
13.541987067,0.0665,0.7095,-0.0110,0.713
13.542959298,0.0674,0.7205,-0.0117,0.724
13.543641414,0.0711,0.7432,-0.0132,0.747
13.544468414,0.0757,0.7664,-0.0166,0.770
13.545387029,0.0779,0.7793,-0.0208,0.783
13.54785249,0.0823,0.8045,-0.0232,0.809
13.549366414,0.0848,0.8287,-0.0220,0.833
13.550642106,0.0860,0.8409,-0.0215,0.846
13.552837914,0.0897,0.8673,-0.0205,0.872
13.55636399,0.0914,0.8805,-0.0213,0.885
13.558026798,0.0960,0.9093,-0.0213,0.915
13.559198683,0.1026,0.9362,-0.0242,0.942
13.56046199,0.1080,0.9504,-0.0247,0.957
13.56234126,0.1185,0.9775,-0.0227,0.985
13.564462721,0.1297,1.0097,-0.0181,1.018
13.566468683,0.1341,1.0256,-0.0169,1.034
13.56838099,0.1412,1.0544,-0.0188,1.064
13.570601567,0.1437,1.0701,-0.0195,1.080
13.575050798,0.1473,1.1028,-0.0220,1.113
13.577123106,0.1498,1.1336,-0.0276,1.144
13.578676183,0.1517,1.1470,-0.0305,1.157
13.58029349,0.1539,1.1739,-0.0403,1.185
13.581463414,0.1546,1.2008,-0.0515,1.212
13.582816837,0.1537,1.2142,-0.0581,1.225
13.58401976,0.1476,1.2416,-0.0713,1.252
13.585947683,0.1451,1.2543,-0.0782,1.265
13.587972529,0.1385,1.2772,-0.0938,1.288
13.593395029,0.1317,1.2980,-0.1107,1.309
13.594070721,0.1290,1.3068,-0.1195,1.319
13.595304414,0.1231,1.3241,-0.1331,1.337
13.595580952,0.1173,1.3408,-0.1456,1.354
13.597693414,0.1151,1.3478,-0.1534,1.361
13.599942567,0.1046,1.3574,-0.1671,1.372
13.601757914,0.1016,1.3613,-0.1727,1.376
13.604095067,0.0955,1.3676,-0.1845,1.383
13.635616914,0.0877,1.3693,-0.1935,1.386
13.636543298,0.0838,1.3701,-0.1967,1.387
13.636842144,0.0767,1.3706,-0.2040,1.388
13.637077144,0.0696,1.3623,-0.2101,1.380
13.637339452,0.0657,1.3588,-0.2147,1.377
13.637743952,0.0584,1.3488,-0.2199,1.368
13.639442875,0.0562,1.3425,-0.2243,1.362
13.640827106,0.0511,1.3278,-0.2284,1.348
13.641947529,0.0440,1.3097,-0.2304,1.331
13.642674913,0.0415,1.3007,-0.2331,1.322
13.643738644,0.0362,1.2799,-0.2367,1.302
13.644771644,0.0293,1.2589,-0.2394,1.282
13.645586144,0.0261,1.2489,-0.2392,1.272
13.646193644,0.0208,1.2267,-0.2426,1.251
13.646914067,0.0186,1.2188,-0.2436,1.243
13.647740413,0.0156,1.2010,-0.2436,1.226
13.648644837,0.0156,1.1842,-0.2416,1.209
13.649563952,0.0169,1.1751,-0.2409,1.200
13.650189221,0.0195,1.1602,-0.2397,1.185
13.650883875,0.0205,1.1485,-0.2355,1.173
13.651660452,0.0217,1.1434,-0.2333,1.167
13.652696337,0.0259,1.1350,-0.2277,1.158
13.653576375,0.0274,1.1309,-0.2245,1.153
13.654224875,0.0298,1.1287,-0.2201,1.150
13.655292683,0.0293,1.1260,-0.2152,1.147
13.656280567,0.0308,1.1255,-0.2130,1.146
13.657314452,0.0330,1.1275,-0.2060,1.147
13.659278798,0.0359,1.1311,-0.1986,1.149
13.66074026,0.0369,1.1336,-0.1957,1.151
13.662993106,0.0437,1.1355,-0.1874,1.152
13.664785106,0.0476,1.1363,-0.1835,1.152
13.666659375,0.0550,1.1402,-0.1771,1.155
13.668695221,0.0662,1.1434,-0.1700,1.158
13.670556644,0.0728,1.1465,-0.1671,1.161
13.672650644,0.0845,1.1514,-0.1615,1.166
13.67485749,0.0997,1.1563,-0.1564,1.171
13.67670899,0.1085,1.1587,-0.1532,1.174
13.678538644,0.1261,1.1646,-0.1515,1.181
13.680306221,0.1353,1.1673,-0.1507,1.185
13.68247126,0.1546,1.1751,-0.1527,1.195
13.684197298,0.1759,1.1868,-0.1559,1.210
13.686542837,0.1874,1.1934,-0.1590,1.218
13.691634683,0.2103,1.2113,-0.1673,1.241
13.692271067,0.2306,1.2208,-0.1783,1.255
13.692526413,0.2406,1.2438,-0.1845,1.280
13.694259913,0.2624,1.2726,-0.1937,1.314
13.696214606,0.2729,1.2894,-0.1981,1.333
13.698211337,0.2937,1.3288,-0.2038,1.376
13.700077606,0.3130,1.3776,-0.2067,1.428
13.702312452,0.3235,1.4026,-0.2062,1.454
13.704145298,0.3423,1.4570,-0.2038,1.511
13.725375875,0.3601,1.5159,-0.1989,1.571
13.726729644,0.3691,1.5477,-0.1923,1.603
13.727508529,0.3887,1.6110,-0.1730,1.666
13.728369567,0.3997,1.6422,-0.1649,1.698
13.729314067,0.4246,1.7097,-0.1463,1.768
13.730155721,0.4573,1.7744,-0.1239,1.837
13.730952606,0.4771,1.8071,-0.1146,1.873
13.732055644,0.5218,1.8685,-0.0992,1.942
13.73307976,0.5766,1.9229,-0.0904,2.010
13.734145644,0.6034,1.9439,-0.0889,2.037
13.734979721,0.6555,1.9735,-0.0960,2.082
13.73569976,0.6838,1.9845,-0.1043,2.102
13.736676029,0.7388,1.9979,-0.1231,2.134
13.737370067,0.7872,1.9979,-0.1549,2.153
13.73868549,0.8033,1.9913,-0.1769,2.155
13.739848913,0.8221,1.9623,-0.2289,2.140
13.740929529,0.8214,1.9227,-0.2829,2.110
13.741858952,0.8123,1.9007,-0.3110,2.090
13.742882721,0.7840,1.8540,-0.3635,2.046
13.743859106,0.7647,1.8306,-0.3875,2.021
13.747382183,0.7227,1.7864,-0.4244,1.973
13.748911452,0.6743,1.7426,-0.4473,1.921
13.750003375,0.6496,1.7226,-0.4539,1.896
13.751554721,0.6032,1.6830,-0.4571,1.845
13.753638836,0.5580,1.6454,-0.4505,1.795
13.757271683,0.5365,1.6266,-0.4432,1.769
13.759186336,0.4945,1.5926,-0.4236,1.721
13.760642144,0.4749,1.5753,-0.4112,1.696
13.761912683,0.4351,1.5408,-0.3799,1.646
13.763191529,0.3965,1.5064,-0.3459,1.596
13.76536676,0.3789,1.4900,-0.3291,1.572
13.767313606,0.3413,1.4578,-0.2915,1.525
13.769287721,0.3042,1.4414,-0.2521,1.495
13.771120067,0.2863,1.4070,-0.2296,1.454
13.774615452,0.2497,1.3747,-0.1857,1.409
13.776220683,0.2321,1.3586,-0.1656,1.388
13.77771976,0.2025,1.3263,-0.1239,1.347
13.779289029,0.1708,1.2936,-0.0794,1.307
13.781269183,0.1559,1.2777,-0.0613,1.289
13.783069221,0.1239,1.2440,-0.0227,1.250
13.785286798,0.0938,1.2137,0.0147,1.217
13.78712549,0.0809,1.1976,0.0344,1.201
13.798113144,0.0572,1.1629,0.0701,1.166
13.799642529,0.0481,1.1456,0.0865,1.150
13.80097176,0.0274,1.1113,0.1165,1.118
13.80221276,0.0093,1.0762,0.1459,1.086
13.803338529,0.0012,1.0591,0.1590,1.071
13.804250836,-0.0120,1.0244,0.1823,1.041
13.804819375,-0.0188,0.9897,0.2008,1.010
13.805086952,-0.0220,0.9726,0.2089,0.995
13.805339952,-0.0252,0.9376,0.2191,0.963
13.828345144,-0.0288,0.9196,0.2235,0.947
13.830013413,-0.0293,0.8861,0.2284,0.916
13.830864913,-0.0266,0.8507,0.2309,0.882
13.83168576,-0.0266,0.8321,0.2326,0.864
13.832910683,-0.0271,0.7999,0.2338,0.834
13.83407299,-0.0254,0.7698,0.2318,0.804
13.835046067,-0.0239,0.7547,0.2318,0.790
13.836159644,-0.0213,0.7261,0.2294,0.762
13.837392336,-0.0188,0.7129,0.2262,0.748
13.838317567,-0.0137,0.6889,0.2206,0.724
13.839253336,-0.0100,0.6674,0.2130,0.701
13.840409144,-0.0078,0.6582,0.2084,0.690
13.841290144,-0.0029,0.6408,0.1984,0.671
13.842191106,0.0012,0.6266,0.1913,0.655
13.84308976,0.0007,0.6213,0.1874,0.649
13.84386599,-0.0027,0.6098,0.1769,0.635
13.844907298,-0.0022,0.6029,0.1652,0.625
13.845598183,-0.0020,0.6010,0.1595,0.622
13.846692106,-0.0020,0.5971,0.1466,0.615
13.847480721,-0.0017,0.5944,0.1410,0.611
13.848387721,-0.0010,0.5917,0.1290,0.606
13.849238721,0.0012,0.5915,0.1160,0.603
13.851569106,0.0022,0.5922,0.1102,0.602
13.852211683,0.0064,0.5927,0.0972,0.601
13.854230183,0.0105,0.5939,0.0850,0.600
13.860212836,0.0134,0.5966,0.0784,0.602
13.860733413,0.0191,0.6012,0.0679,0.605
13.861001836,0.0220,0.6037,0.0613,0.607
13.862172221,0.0274,0.6100,0.0503,0.613
13.864052375,0.0322,0.6188,0.0347,0.621
13.865987221,0.0332,0.6225,0.0276,0.624
13.867999798,0.0366,0.6315,0.0147,0.633
13.86985749,0.0403,0.6430,-0.0005,0.644
13.871914144,0.0432,0.6472,-0.0083,0.649
13.874202721,0.0474,0.6574,-0.0227,0.660
13.875902529,0.0489,0.6628,-0.0298,0.665
13.877639452,0.0520,0.6738,-0.0447,0.677
13.879541606,0.0535,0.6850,-0.0606,0.690
13.881630529,0.0545,0.6916,-0.0689,0.697
13.883627144,0.0586,0.7019,-0.0801,0.709
13.885614875,0.0591,0.7075,-0.0914,0.716
13.887523259,0.0599,0.7180,-0.0965,0.727
13.893005183,0.0625,0.7319,-0.1046,0.742
13.893594721,0.0655,0.7383,-0.1082,0.749
13.893849836,0.0696,0.7483,-0.1143,0.760
13.895546259,0.0748,0.7588,-0.1190,0.772
13.897456529,0.0774,0.7642,-0.1204,0.777
13.899644413,0.0826,0.7752,-0.1234,0.789
13.901423721,0.0916,0.7845,-0.1231,0.799
13.903295183,0.0960,0.7891,-0.1234,0.804
13.90541099,0.1053,0.7979,-0.1236,0.814
13.936761606,0.1116,0.8013,-0.1226,0.818
13.938325067,0.1222,0.8089,-0.1190,0.827
13.939597529,0.1317,0.8155,-0.1182,0.834
13.940823298,0.1368,0.8192,-0.1168,0.839
13.942036029,0.1480,0.8231,-0.1124,0.844
13.943235375,0.1527,0.8248,-0.1109,0.846
13.944298798,0.1612,0.8265,-0.1099,0.849
13.945380067,0.1678,0.8294,-0.1068,0.853
13.946306952,0.1717,0.8282,-0.1053,0.852
13.947459683,0.1808,0.8248,-0.1048,0.851
13.948541221,0.1867,0.8238,-0.1036,0.851
13.949483759,0.1871,0.8223,-0.1041,0.850
13.950125029,0.1864,0.8196,-0.1038,0.847
13.951092644,0.1857,0.8182,-0.1038,0.845
13.951785183,0.1845,0.8148,-0.1029,0.842
13.952946721,0.1820,0.8113,-0.1021,0.838
13.95375399,0.1808,0.8091,-0.1029,0.835
13.954714183,0.1757,0.8035,-0.1043,0.829
13.955775067,0.1749,0.7984,-0.1051,0.824
13.957027183,0.1742,0.7972,-0.1048,0.823
13.958002259,0.1700,0.7925,-0.1051,0.817
13.958983836,0.1673,0.7906,-0.1063,0.815
13.959694452,0.1661,0.7842,-0.1068,0.809
13.960797759,0.1649,0.7784,-0.1055,0.803
13.961489682,0.1639,0.7766,-0.1043,0.801
13.962166721,0.1588,0.7720,-0.0997,0.794
13.963045567,0.1573,0.7676,-0.0938,0.789
13.963794759,0.1561,0.7654,-0.0916,0.787
13.964856182,0.1529,0.7581,-0.0862,0.778
13.965517682,0.1502,0.7554,-0.0843,0.775
13.96636399,0.1488,0.7495,-0.0777,0.768
13.968966144,0.1471,0.7424,-0.0711,0.760
13.97025249,0.1471,0.7393,-0.0662,0.757
13.972140798,0.1466,0.7324,-0.0586,0.749
13.97619299,0.1471,0.7258,-0.0511,0.742
13.976595106,0.1466,0.7224,-0.0464,0.739
13.978398606,0.1463,0.7136,-0.0401,0.730
13.980038875,0.1461,0.7100,-0.0379,0.726
13.982171413,0.1449,0.7002,-0.0335,0.716
13.983958298,0.1456,0.6938,-0.0308,0.710
13.986171759,0.1441,0.6889,-0.0288,0.704
13.98792599,0.1441,0.6804,-0.0249,0.696
13.992787298,0.1415,0.6709,-0.0239,0.686
13.99335149,0.1388,0.6670,-0.0244,0.682
13.993920452,0.1344,0.6572,-0.0239,0.671
13.995819875,0.1339,0.6528,-0.0237,0.667
13.997929759,0.1307,0.6452,-0.0242,0.659
13.99974699,0.1283,0.6376,-0.0232,0.651
14.002071336,0.1266,0.6350,-0.0235,0.648
14.003509144,0.1229,0.6276,-0.0266,0.640
14.022534836,0.1182,0.6252,-0.0264,0.637
14.024488336,0.1160,0.6203,-0.0252,0.632
14.025689452,0.1119,0.6176,-0.0242,0.628
14.026494529,0.1104,0.6166,-0.0235,0.627
14.027616144,0.1070,0.6122,-0.0213,0.622
14.028860144,0.1036,0.6091,-0.0195,0.618
14.030118721,0.1011,0.6095,-0.0183,0.618
14.031405836,0.0960,0.6113,-0.0173,0.619
14.032787875,0.0914,0.6113,-0.0144,0.618
14.033861529,0.0889,0.6122,-0.0129,0.619
14.034777259,0.0860,0.6142,-0.0125,0.620
14.035921952,0.0850,0.6149,-0.0120,0.621
14.036913952,0.0828,0.6186,-0.0122,0.624
14.037999913,0.0811,0.6191,-0.0125,0.624
14.039343682,0.0814,0.6203,-0.0139,0.626
14.04072999,0.0784,0.6247,-0.0159,0.630
14.041851721,0.0738,0.6286,-0.0188,0.633
14.042647029,0.0728,0.6315,-0.0208,0.636
14.043699913,0.0711,0.6372,-0.0269,0.642
14.044705375,0.0696,0.6408,-0.0291,0.645
14.045009182,0.0665,0.6474,-0.0335,0.652
14.046975182,0.0633,0.6547,-0.0403,0.659
14.049114682,0.0616,0.6599,-0.0445,0.664
14.050984606,0.0596,0.6682,-0.0493,0.673
14.052917913,0.0567,0.6731,-0.0557,0.678
14.054853721,0.0552,0.6814,-0.0579,0.686
14.058819567,0.0503,0.6914,-0.0640,0.696
14.059296106,0.0493,0.6955,-0.0662,0.700
14.060798836,0.0452,0.7058,-0.0694,0.711
14.062535836,0.0423,0.7166,-0.0718,0.721
14.064737529,0.0415,0.7222,-0.0716,0.727
14.06667549,0.0406,0.7344,-0.0711,0.739
14.069112221,0.0396,0.7412,-0.0706,0.746
14.070729605,0.0391,0.7530,-0.0713,0.757
14.077481144,0.0379,0.7661,-0.0674,0.770
14.078102452,0.0379,0.7732,-0.0638,0.777
14.078387913,0.0381,0.7847,-0.0572,0.788
14.078686759,0.0388,0.7974,-0.0489,0.800
14.083089836,0.0401,0.8043,-0.0442,0.806
14.083474836,0.0423,0.8177,-0.0349,0.820
14.084366721,0.0432,0.8250,-0.0296,0.827
14.08647749,0.0432,0.8402,-0.0166,0.841
14.088598875,0.0442,0.8531,-0.0034,0.854
14.111336952,0.0445,0.8587,0.0034,0.860
14.113041913,0.0454,0.8741,0.0166,0.875
14.113983452,0.0479,0.8888,0.0308,0.891
14.115059221,0.0486,0.8959,0.0369,0.898
14.116322913,0.0506,0.9113,0.0467,0.914
14.11740449,0.0515,0.9257,0.0574,0.929
14.118631375,0.0520,0.9342,0.0621,0.938
14.119632952,0.0520,0.9511,0.0704,0.955
14.120724336,0.0520,0.9591,0.0750,0.963
14.121372105,0.0533,0.9750,0.0799,0.980
14.122422375,0.0559,0.9921,0.0836,0.997
14.123402605,0.0569,1.0002,0.0828,1.005
14.124516067,0.0574,1.0153,0.0816,1.020
14.125609875,0.0584,1.0244,0.0804,1.029
14.126583029,0.0589,1.0405,0.0799,1.045
14.127422144,0.0635,1.0552,0.0794,1.060
14.128526721,0.0669,1.0622,0.0787,1.067
14.129218836,0.0708,1.0747,0.0743,1.080
14.130050682,0.0728,1.0879,0.0667,1.092
14.130868298,0.0730,1.0947,0.0618,1.099
14.131707682,0.0772,1.1060,0.0508,1.110
14.132699298,0.0792,1.1116,0.0447,1.115
14.135125221,0.0833,1.1211,0.0315,1.125
14.136741913,0.0887,1.1302,0.0161,1.134
14.137806875,0.0916,1.1326,0.0081,1.136
14.144087721,0.0980,1.1382,-0.0081,1.142
14.145775682,0.1024,1.1441,-0.0227,1.149
14.146919259,0.1048,1.1456,-0.0298,1.151
14.148231798,0.1112,1.1507,-0.0445,1.157
14.149291529,0.1143,1.1514,-0.0515,1.158
14.150119259,0.1190,1.1521,-0.0652,1.160
14.151508067,0.1246,1.1512,-0.0774,1.160
14.153611682,0.1280,1.1504,-0.0838,1.161
14.15572699,0.1314,1.1473,-0.0960,1.159
14.158968029,0.1353,1.1453,-0.1119,1.159
14.160633836,0.1358,1.1441,-0.1212,1.158
14.161861952,0.1380,1.1412,-0.1407,1.158
14.163413798,0.1383,1.1407,-0.1517,1.159
14.16530299,0.1368,1.1377,-0.1715,1.159
14.167456567,0.1339,1.1355,-0.1923,1.159
14.169360529,0.1297,1.1341,-0.2030,1.159
14.171245029,0.1222,1.1333,-0.2226,1.161
14.174469721,0.1168,1.1336,-0.2370,1.164
14.175764605,0.1143,1.1338,-0.2436,1.165
14.17906349,0.1068,1.1355,-0.2541,1.169
14.18104449,0.1024,1.1358,-0.2575,1.169
14.182161413,0.0938,1.1377,-0.2602,1.171
14.184023682,0.0887,1.1397,-0.2636,1.173
14.18522899,0.0872,1.1419,-0.2634,1.175
14.186932182,0.0833,1.1456,-0.2595,1.178
14.189261452,0.0794,1.1499,-0.2541,1.180
14.195912528,0.0765,1.1531,-0.2504,1.182
14.196913221,0.0743,1.1565,-0.2436,1.184
14.197351567,0.0711,1.1600,-0.2377,1.186
14.197780413,0.0699,1.1673,-0.2270,1.191
14.198898875,0.0665,1.1739,-0.2138,1.195
14.201267952,0.0660,1.1783,-0.2050,1.198
14.202805644,0.0643,1.1893,-0.1857,1.205
14.205703259,0.0650,1.1993,-0.1632,1.212
14.241514259,0.0650,1.2049,-0.1517,1.216
14.243622836,0.0672,1.2140,-0.1256,1.222
14.244922259,0.0728,1.2196,-0.1131,1.227
14.246079144,0.0752,1.2303,-0.0870,1.236
14.247231682,0.0838,1.2413,-0.0623,1.246
14.248890105,0.0877,1.2465,-0.0508,1.251
14.249728682,0.0972,1.2570,-0.0327,1.261
14.250882067,0.1063,1.2677,-0.0188,1.272
14.251816182,0.1109,1.2736,-0.0154,1.278
14.253318182,0.1156,1.2863,-0.0142,1.292
14.254490528,0.1146,1.2936,-0.0171,1.299
14.255259182,0.1124,1.3061,-0.0279,1.311
14.256746413,0.1060,1.3222,-0.0484,1.327
14.257908182,0.1021,1.3300,-0.0608,1.335
14.259028952,0.0904,1.3486,-0.0899,1.355
14.260385144,0.0770,1.3698,-0.1229,1.377
14.261161144,0.0704,1.3811,-0.1393,1.390
14.262087528,0.0608,1.4045,-0.1713,1.416
14.262907375,0.0559,1.4175,-0.1857,1.431
14.263856413,0.0469,1.4473,-0.2111,1.463
14.264884028,0.0406,1.4820,-0.2345,1.501
14.266227644,0.0374,1.5013,-0.2436,1.521
14.267116759,0.0332,1.5443,-0.2548,1.565
14.270795798,0.0332,1.5936,-0.2629,1.615
14.271937836,0.0337,1.6193,-0.2646,1.641
14.272933759,0.0369,1.6720,-0.2695,1.694
14.273402913,0.0413,1.6996,-0.2697,1.721
14.273829105,0.0440,1.7558,-0.2697,1.777
14.274239682,0.0515,1.8123,-0.2685,1.833
14.274651067,0.0542,1.8396,-0.2675,1.860
14.275066144,0.0638,1.8895,-0.2670,1.909
14.275468759,0.0833,1.9303,-0.2714,1.951
14.275867759,0.0921,1.9461,-0.2746,1.968
14.276386067,0.1077,1.9694,-0.2849,1.993
14.276798644,0.1158,1.9759,-0.2912,2.001
14.277204605,0.1322,1.9747,-0.3115,2.004
14.279280298,0.1742,1.9537,-0.3286,1.989
14.279979836,0.1976,1.9366,-0.3376,1.976
14.282083298,0.2377,1.8912,-0.3574,1.939
14.283678413,0.2653,1.8367,-0.3811,1.894
14.286016682,0.2726,1.8076,-0.3897,1.869
14.287685298,0.2739,1.7483,-0.4024,1.815
14.289661759,0.2595,1.6904,-0.4082,1.758
14.292265028,0.2465,1.6630,-0.4065,1.730
14.293451221,0.2165,1.6127,-0.3948,1.674
14.295194105,0.2006,1.5912,-0.3860,1.650
14.297865375,0.1705,1.5474,-0.3591,1.598
14.299481528,0.1444,1.5079,-0.3203,1.548
14.301877682,0.1324,1.4900,-0.2968,1.525
14.303337798,0.1104,1.4556,-0.2480,1.481
14.305453105,0.0919,1.4397,-0.2201,1.459
14.312080528,0.0831,1.4089,-0.1608,1.420
14.312958567,0.0662,1.3789,-0.0958,1.384
14.313419605,0.0555,1.3649,-0.0650,1.368
14.313862759,0.0357,1.3371,-0.0042,1.338
14.315332567,0.0166,1.3087,0.0603,1.310
14.317274682,0.0073,1.2951,0.0887,1.298
14.318941105,-0.0117,1.2689,0.1441,1.277
14.321211336,-0.0322,1.2435,0.1935,1.259
14.323026682,-0.0410,1.2303,0.2169,1.250
14.351507913,-0.0589,1.2057,0.2590,1.235
14.353150875,-0.0669,1.1934,0.2758,1.227
14.354046567,-0.0853,1.1697,0.3034,1.211
14.35508749,-0.1033,1.1460,0.3215,1.195
14.356096567,-0.1116,1.1343,0.3279,1.186
14.357301028,-0.1256,1.1118,0.3345,1.168
14.358522721,-0.1368,1.0884,0.3381,1.148
14.360298144,-0.1405,1.0767,0.3374,1.137
14.361187798,-0.1488,1.0539,0.3325,1.115
14.362039644,-0.1532,1.0407,0.3279,1.102
14.363010528,-0.1615,1.0144,0.3176,1.075
14.363844144,-0.1666,0.9882,0.3025,1.047
14.364959798,-0.1698,0.9753,0.2941,1.033
14.36576099,-0.1771,0.9504,0.2753,1.005
14.366709144,-0.1827,0.9247,0.2529,0.976
14.367419798,-0.1857,0.9130,0.2416,0.962
14.368308721,-0.1891,0.8866,0.2201,0.933
14.369115259,-0.1903,0.8741,0.2077,0.918
14.369752221,-0.1891,0.8507,0.1852,0.891
14.370867836,-0.1857,0.8265,0.1600,0.862
14.371602875,-0.1837,0.8155,0.1488,0.849
14.372714759,-0.1774,0.7950,0.1231,0.824
14.373696298,-0.1727,0.7742,0.0999,0.800
14.374813567,-0.1713,0.7637,0.0880,0.788
14.375952682,-0.1659,0.7429,0.0647,0.764
14.376931644,-0.1620,0.7332,0.0533,0.753
14.377686644,-0.1578,0.7148,0.0305,0.733
14.378663067,-0.1568,0.6990,0.0083,0.716
14.381787798,-0.1559,0.6914,-0.0024,0.709
14.383322875,-0.1544,0.6772,-0.0198,0.695
14.384583105,-0.1544,0.6640,-0.0347,0.683
14.386478913,-0.1542,0.6572,-0.0413,0.676
14.388392567,-0.1524,0.6442,-0.0535,0.664
14.392892144,-0.1510,0.6396,-0.0574,0.660
14.394505067,-0.1476,0.6303,-0.0657,0.651
14.395833874,-0.1456,0.6262,-0.0706,0.647
14.396982721,-0.1454,0.6232,-0.0704,0.644
14.397973644,-0.1437,0.6188,-0.0706,0.639
14.39977549,-0.1419,0.6152,-0.0701,0.635
14.401885798,-0.1402,0.6137,-0.0684,0.633
14.403919413,-0.1353,0.6115,-0.0633,0.629
14.405785951,-0.1314,0.6108,-0.0613,0.628
14.410515951,-0.1246,0.6105,-0.0547,0.626
14.411089798,-0.1148,0.6137,-0.0467,0.626
14.411658721,-0.1090,0.6157,-0.0430,0.627
14.413880182,-0.0989,0.6191,-0.0335,0.628
14.415556913,-0.0862,0.6215,-0.0222,0.628
14.417636951,-0.0801,0.6247,-0.0166,0.630
14.419746028,-0.0665,0.6325,-0.0078,0.636
14.421722836,-0.0596,0.6350,-0.0020,0.638
14.440926528,-0.0489,0.6418,0.0046,0.644
14.442732067,-0.0371,0.6521,0.0139,0.653
14.443960451,-0.0310,0.6557,0.0188,0.657
14.445336682,-0.0176,0.6665,0.0271,0.667
14.446530067,-0.0044,0.6765,0.0357,0.677
14.447732413,0.0029,0.6823,0.0393,0.683
14.449149374,0.0176,0.6948,0.0454,0.697
14.449981298,0.0247,0.7007,0.0474,0.703
14.450758874,0.0401,0.7122,0.0486,0.715
14.451716374,0.0547,0.7266,0.0498,0.730
14.452903951,0.0611,0.7334,0.0503,0.738
14.45370699,0.0740,0.7466,0.0513,0.752
14.454628221,0.0894,0.7539,0.0513,0.761
14.455707182,0.0970,0.7696,0.0498,0.777
14.457039336,0.1138,0.7825,0.0464,0.792
14.45793299,0.1214,0.7886,0.0452,0.799
14.45910799,0.1322,0.8011,0.0403,0.813
14.460319298,0.1468,0.8148,0.0344,0.829
14.461257759,0.1534,0.8199,0.0308,0.835
14.461919374,0.1652,0.8321,0.0235,0.849
14.462803798,0.1766,0.8377,0.0193,0.856
14.465571221,0.1823,0.8482,0.0090,0.868
14.466758913,0.1915,0.8580,-0.0034,0.879
14.468726605,0.1954,0.8614,-0.0090,0.883
14.470876259,0.2030,0.8688,-0.0195,0.892
14.472774298,0.2086,0.8753,-0.0305,0.900
14.474765413,0.2106,0.8793,-0.0354,0.905
14.477063067,0.2138,0.8859,-0.0472,0.913
14.47852099,0.2165,0.8893,-0.0525,0.917
14.48056149,0.2179,0.8954,-0.0635,0.924
14.482695336,0.2169,0.9025,-0.0743,0.931
14.484632798,0.2167,0.9059,-0.0782,0.935
14.486794951,0.2125,0.9100,-0.0880,0.939
14.488598028,0.2064,0.9161,-0.0960,0.944
14.494143067,0.2030,0.9188,-0.0999,0.946
14.494720644,0.1954,0.9235,-0.1070,0.950
14.494967951,0.1881,0.9262,-0.1138,0.952
14.496342605,0.1827,0.9293,-0.1175,0.954
14.498455259,0.1717,0.9330,-0.1219,0.956
14.500301759,0.1656,0.9347,-0.1244,0.957
14.502409067,0.1517,0.9369,-0.1278,0.958
14.504244374,0.1361,0.9374,-0.1283,0.956
14.506416067,0.1273,0.9374,-0.1283,0.955
14.535592413,0.1102,0.9372,-0.1319,0.953
14.537396297,0.0928,0.9369,-0.1324,0.951
14.538448182,0.0823,0.9367,-0.1312,0.949
14.539557528,0.0628,0.9364,-0.1273,0.947
14.540948644,0.0520,0.9354,-0.1258,0.945
14.542372682,0.0308,0.9330,-0.1234,0.942
14.543597067,0.0117,0.9315,-0.1204,0.939
14.544667144,0.0010,0.9311,-0.1175,0.938
14.545463259,-0.0173,0.9301,-0.1119,0.937
14.546525451,-0.0366,0.9274,-0.1060,0.934
14.547732913,-0.0447,0.9252,-0.1041,0.932
14.54884749,-0.0613,0.9213,-0.0997,0.929
14.549737759,-0.0689,0.9208,-0.0972,0.928
14.550610913,-0.0836,0.9186,-0.0919,0.927
14.551323182,-0.0977,0.9147,-0.0880,0.924
14.552452451,-0.1043,0.9122,-0.0843,0.922
14.553200028,-0.1156,0.9071,-0.0794,0.918
14.554187913,-0.1278,0.9039,-0.0745,0.916
14.554982028,-0.1331,0.9010,-0.0718,0.914
14.556017951,-0.1415,0.8946,-0.0667,0.908
14.557317374,-0.1459,0.8920,-0.0640,0.906
14.558488913,-0.1532,0.8841,-0.0579,0.899
14.559821336,-0.1573,0.8756,-0.0520,0.891
14.560992144,-0.1581,0.8724,-0.0491,0.888
14.561924567,-0.1600,0.8653,-0.0432,0.881
14.56277299,-0.1595,0.8539,-0.0379,0.869
14.563906105,-0.1598,0.8492,-0.0352,0.865
14.567094682,-0.1605,0.8387,-0.0300,0.854
14.568360874,-0.1603,0.8326,-0.0274,0.848
14.568879144,-0.1590,0.8201,-0.0217,0.836
14.56913299,-0.1551,0.8089,-0.0151,0.824
14.569377567,-0.1542,0.8023,-0.0117,0.817
14.572235644,-0.1517,0.7891,-0.0044,0.804
14.573406797,-0.1490,0.7786,0.0010,0.793
14.578202413,-0.1480,0.7727,0.0044,0.787
14.579120913,-0.1449,0.7637,0.0110,0.777
14.579410067,-0.1449,0.7573,0.0125,0.771
14.581412836,-0.1412,0.7439,0.0159,0.757
14.583298644,-0.1371,0.7351,0.0203,0.748
14.585295374,-0.1361,0.7302,0.0220,0.743
14.586987259,-0.1344,0.7209,0.0254,0.734
14.589312259,-0.1327,0.7117,0.0271,0.724
14.608762374,-0.1305,0.7078,0.0281,0.720
14.61041172,-0.1253,0.7002,0.0310,0.712
14.611459297,-0.1231,0.6963,0.0303,0.708
14.612367105,-0.1192,0.6882,0.0288,0.699
14.613481528,-0.1129,0.6804,0.0279,0.690
14.614452451,-0.1087,0.6765,0.0291,0.686
14.615551336,-0.1011,0.6699,0.0296,0.678
14.616862874,-0.0926,0.6611,0.0281,0.668
14.61765922,-0.0884,0.6579,0.0269,0.664
14.618401182,-0.0796,0.6525,0.0257,0.658
14.619243797,-0.0752,0.6489,0.0249,0.654
14.620001836,-0.0677,0.6435,0.0252,0.648
14.62103149,-0.0567,0.6374,0.0225,0.640
14.621807836,-0.0530,0.6335,0.0215,0.636
14.622567951,-0.0437,0.6281,0.0183,0.630
14.62344572,-0.0340,0.6244,0.0147,0.626
14.624576297,-0.0293,0.6227,0.0129,0.624
14.625640567,-0.0210,0.6179,0.0086,0.618
14.626660836,-0.0178,0.6159,0.0056,0.616
14.62916672,-0.0115,0.6105,0.0037,0.611
14.630643336,-0.0046,0.6078,0.0005,0.608
14.632469605,-0.0007,0.6066,-0.0002,0.607
14.63462422,0.0059,0.6047,-0.0029,0.605
14.636656297,0.0139,0.6012,-0.0081,0.601
14.638416067,0.0171,0.5986,-0.0093,0.599
14.641843682,0.0249,0.5927,-0.0129,0.593
14.643309374,0.0288,0.5905,-0.0147,0.591
14.644490567,0.0342,0.5885,-0.0186,0.590
14.646284067,0.0413,0.5851,-0.0203,0.587
14.648306913,0.0437,0.5836,-0.0210,0.586
14.650290951,0.0513,0.5817,-0.0247,0.584
14.65240799,0.0584,0.5795,-0.0286,0.583
14.654418836,0.0621,0.5790,-0.0305,0.583
14.65629349,0.0674,0.5778,-0.0344,0.583
14.659235028,0.0701,0.5768,-0.0366,0.582
14.660847374,0.0762,0.5766,-0.0391,0.583
14.66240099,0.0816,0.5763,-0.0408,0.583
14.664593374,0.0831,0.5768,-0.0428,0.584
14.666993105,0.0853,0.5807,-0.0457,0.589
14.668201567,0.0889,0.5844,-0.0474,0.593
14.669898528,0.0897,0.5858,-0.0481,0.595
14.671871374,0.0858,0.5893,-0.0518,0.598
14.675342451,0.0850,0.5915,-0.0535,0.600
14.677013836,0.0838,0.5988,-0.0540,0.607
14.67819899,0.0826,0.6081,-0.0545,0.616
14.679863913,0.0823,0.6125,-0.0547,0.620
14.681901182,0.0770,0.6208,-0.0530,0.628
14.683781413,0.0730,0.6310,-0.0513,0.637
14.685912028,0.0708,0.6362,-0.0493,0.642
14.68775172,0.0655,0.6479,-0.0447,0.653
14.690084374,0.0599,0.6523,-0.0428,0.656
14.700323913,0.0569,0.6652,-0.0391,0.669
14.701853797,0.0525,0.6782,-0.0396,0.681
14.703052605,0.0489,0.6855,-0.0406,0.688
14.70437149,0.0410,0.7016,-0.0406,0.704
14.705161297,0.0340,0.7166,-0.0366,0.718
14.705655567,0.0308,0.7244,-0.0325,0.726
14.706090182,0.0264,0.7402,-0.0225,0.741
14.706347374,0.0254,0.7478,-0.0186,0.748
14.736335028,0.0230,0.7654,-0.0093,0.766
14.737878297,0.0205,0.7808,-0.0022,0.781
14.738922028,0.0198,0.7903,0.0015,0.791
14.739821067,0.0173,0.8091,0.0107,0.809
14.741078874,0.0173,0.8194,0.0225,0.820
14.74225922,0.0181,0.8375,0.0271,0.838
14.743532028,0.0173,0.8568,0.0342,0.858
14.74477349,0.0181,0.8673,0.0379,0.868
14.745715259,0.0200,0.8890,0.0464,0.890
14.74654422,0.0195,0.9127,0.0540,0.915
14.747490605,0.0198,0.9252,0.0594,0.927
14.748282836,0.0237,0.9486,0.0723,0.952
14.749353528,0.0252,0.9750,0.0853,0.979
14.74996749,0.0266,0.9887,0.0901,0.993
14.751002528,0.0300,1.0163,0.1002,1.022
14.751763567,0.0320,1.0312,0.1033,1.037
14.752729682,0.0342,1.0640,0.1058,1.070
14.753476759,0.0349,1.0991,0.1033,1.105
14.754119874,0.0352,1.1175,0.1019,1.123
14.75508222,0.0335,1.1570,0.0980,1.162
14.75584422,0.0291,1.1986,0.0860,1.202
14.757015067,0.0266,1.2206,0.0799,1.223
14.757907143,0.0173,1.2689,0.0730,1.271
14.759070913,0.0125,1.2936,0.0691,1.296
14.759817682,0.0042,1.3466,0.0645,1.348
14.760927605,-0.0054,1.4016,0.0616,1.403
14.761682528,-0.0115,1.4304,0.0603,1.432
14.762502797,-0.0213,1.4871,0.0547,1.488
14.76333349,-0.0249,1.5152,0.0528,1.516
14.765913797,-0.0283,1.5738,0.0491,1.575
14.76652049,-0.0340,1.6347,0.0369,1.635
14.76850499,-0.0371,1.6649,0.0313,1.666
14.770325528,-0.0435,1.7253,0.0166,1.726
14.772171374,-0.0493,1.7861,-0.0095,1.787
14.776578913,-0.0508,1.8154,-0.0235,1.816
14.777054374,-0.0515,1.8704,-0.0559,1.872
14.778185182,-0.0515,1.8963,-0.0740,1.898
14.779922105,-0.0445,1.9452,-0.1109,1.949
14.782143413,-0.0340,1.9872,-0.1515,1.993
14.784031874,-0.0257,2.0062,-0.1715,2.014
14.78625449,-0.0078,2.0378,-0.2138,2.049
14.787946374,0.0107,2.0649,-0.2538,2.080
14.79036072,0.0225,2.0754,-0.2736,2.093
14.79490849,0.0513,2.0900,-0.3086,2.113
14.795469182,0.0694,2.0949,-0.3254,2.121
14.795832682,0.1058,2.0964,-0.3594,2.130
14.797886836,0.1361,2.0971,-0.3931,2.138
14.799733759,0.1542,2.0920,-0.4077,2.137
14.80170949,0.2209,2.0676,-0.4300,2.123
14.803733143,0.2910,2.0334,-0.4542,2.104
14.806074067,0.3310,2.0114,-0.4693,2.092
14.826921682,0.4292,1.9562,-0.4864,2.061
14.828932913,0.4744,1.9273,-0.4933,2.045
14.830043336,0.5502,1.8697,-0.5045,2.013
14.830870874,0.6012,1.8174,-0.5101,1.981
14.832038259,0.6208,1.7917,-0.5111,1.964
14.833132566,0.6452,1.7404,-0.5101,1.925
14.83427299,0.6511,1.6930,-0.5023,1.882
14.835066566,0.6506,1.6696,-0.4967,1.859
14.835969836,0.6420,1.6246,-0.4823,1.812
14.836835143,0.6354,1.6024,-0.4722,1.787
14.837923682,0.6179,1.5611,-0.4459,1.737
14.839045913,0.6029,1.5228,-0.4092,1.688
14.83998922,0.5951,1.5049,-0.3887,1.664
14.841272451,0.5785,1.4663,-0.3418,1.613
14.842443797,0.5636,1.4314,-0.2902,1.565
14.843589605,0.5568,1.4145,-0.2624,1.543
14.844682605,0.5433,1.3823,-0.2033,1.499
14.845722951,0.5341,1.3662,-0.1730,1.477
14.846502913,0.5287,1.3364,-0.1114,1.441
14.847405259,0.5189,1.3097,-0.0515,1.410
14.848101297,0.5133,1.2951,-0.0222,1.393
14.850716413,0.5062,1.2672,0.0337,1.365
14.85209822,0.4986,1.2396,0.0853,1.339
14.856493836,0.4957,1.2252,0.1094,1.326
14.857764797,0.4925,1.1998,0.1551,1.306
14.858831836,0.4911,1.1888,0.1769,1.298
14.859962874,0.4849,1.1680,0.2167,1.283
14.861357105,0.4815,1.1475,0.2541,1.270
14.86421449,0.4788,1.1387,0.2700,1.264
14.865758913,0.4713,1.1228,0.2993,1.254
14.866858951,0.4634,1.1099,0.3210,1.245
14.868947605,0.4583,1.1048,0.3303,1.241
14.870713259,0.4427,1.0962,0.3420,1.231
14.872705105,0.4334,1.0925,0.3474,1.226
14.875806066,0.4175,1.0874,0.3547,1.218
14.877333528,0.4009,1.0847,0.3530,1.209
14.878689413,0.3924,1.0845,0.3523,1.206
14.880918336,0.3738,1.0850,0.3442,1.198
14.882908913,0.3569,1.0852,0.3303,1.189
14.884783451,0.3484,1.0859,0.3222,1.185
14.886538797,0.3335,1.0886,0.3017,1.178
14.888705336,0.3208,1.0903,0.2807,1.171
14.890931836,0.3144,1.0899,0.2675,1.165
14.900259874,0.3034,1.0908,0.2397,1.157
14.90165172,0.2993,1.0923,0.2262,1.155
14.902748374,0.2915,1.0940,0.1972,1.149
14.903668682,0.2827,1.0950,0.1691,1.143
14.904674836,0.2778,1.0962,0.1559,1.142
14.904970797,0.2670,1.0969,0.1266,1.136
14.905218297,0.2617,1.0982,0.1136,1.135
14.906364797,0.2470,1.1006,0.0887,1.131
14.935068566,0.2311,1.1043,0.0623,1.130
14.936894374,0.2221,1.1057,0.0489,1.129
14.93799172,0.2042,1.1084,0.0264,1.127
14.938946797,0.1835,1.1106,0.0046,1.126
14.940161797,0.1727,1.1121,-0.0044,1.125
14.941350451,0.1527,1.1140,-0.0239,1.125
14.942692951,0.1415,1.1155,-0.0318,1.125
14.943687182,0.1202,1.1199,-0.0469,1.127
14.944934182,0.0970,1.1221,-0.0591,1.128
14.945934451,0.0843,1.1236,-0.0652,1.129
14.946734105,0.0608,1.1255,-0.0738,1.130
14.947794913,0.0386,1.1287,-0.0821,1.132
14.94871122,0.0279,1.1297,-0.0845,1.133
14.949440797,0.0056,1.1309,-0.0875,1.134
14.950296066,-0.0044,1.1319,-0.0899,1.135
14.950940143,-0.0239,1.1316,-0.0936,1.136
14.95182772,-0.0413,1.1314,-0.0933,1.136
14.952752951,-0.0503,1.1328,-0.0921,1.138
14.953731182,-0.0726,1.1370,-0.0926,1.143
14.954486874,-0.0948,1.1382,-0.0967,1.146
14.955234259,-0.1038,1.1382,-0.0972,1.147
14.956058066,-0.1156,1.1368,-0.0972,1.147
14.95708672,-0.1187,1.1368,-0.0987,1.147
14.958203182,-0.1214,1.1358,-0.0994,1.147
14.959292489,-0.1253,1.1346,-0.0992,1.146
14.96055522,-0.1275,1.1336,-0.0987,1.145
14.96155772,-0.1295,1.1328,-0.0967,1.144
14.96238272,-0.1317,1.1319,-0.0963,1.144
14.965262528,-0.1319,1.1302,-0.0963,1.142
14.96597022,-0.1334,1.1280,-0.0970,1.140
14.967265682,-0.1344,1.1270,-0.0975,1.139
14.969852528,-0.1346,1.1226,-0.0955,1.135
14.97135572,-0.1324,1.1165,-0.0933,1.128
14.973227297,-0.1292,1.1123,-0.0928,1.124
14.975684836,-0.1207,1.1048,-0.0914,1.115
14.977566797,-0.1131,1.0945,-0.0897,1.104
14.979465797,-0.1080,1.0899,-0.0892,1.099
14.98168822,-0.0958,1.0771,-0.0880,1.085
14.983137259,-0.0909,1.0698,-0.0867,1.077
14.985612105,-0.0818,1.0539,-0.0843,1.060
14.987064182,-0.0694,1.0403,-0.0794,1.046
14.989303259,-0.0635,1.0315,-0.0762,1.036
14.996615297,-0.0518,1.0124,-0.0718,1.016
14.997421682,-0.0410,0.9963,-0.0672,0.999
14.997822951,-0.0359,0.9868,-0.0638,0.989
14.998199297,-0.0257,0.9650,-0.0555,0.967
14.999064951,-0.0210,0.9552,-0.0518,0.957
15.001217374,-0.0125,0.9350,-0.0462,0.936
15.003935797,-0.0020,0.9135,-0.0398,0.914
15.004908066,0.0027,0.9030,-0.0362,0.904
15.006948066,0.0115,0.8822,-0.0293,0.883
15.038299797,0.0215,0.8590,-0.0222,0.860
15.039939605,0.0261,0.8477,-0.0166,0.848
15.041599912,0.0342,0.8245,-0.0068,0.825
15.042979066,0.0381,0.8143,-0.0039,0.815
15.044411643,0.0459,0.7916,0.0042,0.793
15.045591451,0.0525,0.7696,0.0117,0.771
15.046831989,0.0545,0.7588,0.0154,0.761
15.048213105,0.0574,0.7366,0.0235,0.739
15.049193912,0.0618,0.7258,0.0296,0.729
15.050209605,0.0645,0.7058,0.0313,0.709
15.05099472,0.0694,0.6870,0.0347,0.691
15.051670566,0.0706,0.6777,0.0376,0.682
15.052651566,0.0735,0.6608,0.0440,0.666
15.053274182,0.0774,0.6467,0.0467,0.653
15.054001643,0.0792,0.6386,0.0479,0.645
15.054766605,0.0818,0.6222,0.0513,0.630
15.055537066,0.0831,0.6059,0.0525,0.614
15.056516105,0.0845,0.6017,0.0523,0.610
15.057160528,0.0853,0.5900,0.0537,0.599
15.058239643,0.0853,0.5834,0.0555,0.592
15.059144643,0.0848,0.5729,0.0579,0.582
15.060303759,0.0872,0.5631,0.0608,0.573
15.061228528,0.0877,0.5595,0.0625,0.570
15.062062951,0.0862,0.5536,0.0645,0.564
15.062828259,0.0872,0.5480,0.0687,0.559
15.063540836,0.0875,0.5453,0.0708,0.557
15.064509566,0.0867,0.5404,0.0733,0.552
15.065271951,0.0865,0.5399,0.0745,0.552
15.066297989,0.0860,0.5385,0.0779,0.551
15.067016451,0.0867,0.5375,0.0809,0.550
15.067836259,0.0880,0.5375,0.0818,0.551
15.070518874,0.0882,0.5382,0.0840,0.552
15.071839912,0.0899,0.5399,0.0858,0.554
15.073913297,0.0923,0.5414,0.0875,0.556
15.080760759,0.0980,0.5433,0.0872,0.559
15.081254143,0.0994,0.5460,0.0870,0.562
15.08151772,0.1041,0.5526,0.0862,0.569
15.081756989,0.1104,0.5587,0.0858,0.576
15.083953566,0.1119,0.5646,0.0853,0.582
15.085768374,0.1182,0.5734,0.0850,0.592
15.087489182,0.1219,0.5795,0.0855,0.598
15.089375028,0.1246,0.5902,0.0850,0.609
15.094986451,0.1300,0.6034,0.0831,0.623
15.095562259,0.1334,0.6100,0.0811,0.630
15.095818682,0.1397,0.6227,0.0787,0.643
15.103615836,0.1456,0.6362,0.0767,0.657
15.104083951,0.1495,0.6428,0.0745,0.664
15.104398297,0.1549,0.6582,0.0704,0.680
15.104716259,0.1556,0.6655,0.0679,0.687
15.105296605,0.1573,0.6809,0.0638,0.702
15.107036066,0.1600,0.6970,0.0574,0.717
15.126710874,0.1603,0.7048,0.0552,0.725
15.128594105,0.1586,0.7178,0.0515,0.737
15.129844528,0.1608,0.7344,0.0459,0.753
15.130809028,0.1617,0.7420,0.0423,0.761
15.132047489,0.1603,0.7566,0.0352,0.774
15.133173489,0.1590,0.7630,0.0318,0.780
15.134336797,0.1559,0.7781,0.0264,0.794
15.135574297,0.1517,0.7928,0.0198,0.807
15.137032759,0.1502,0.7991,0.0164,0.813
15.138009989,0.1473,0.8133,0.0115,0.827
15.138987412,0.1424,0.8255,0.0073,0.838
15.139678989,0.1412,0.8321,0.0049,0.844
15.140545682,0.1385,0.8451,0.0007,0.856
15.141552451,0.1363,0.8507,0.0002,0.862
15.14258372,0.1351,0.8626,-0.0039,0.873
15.143494028,0.1334,0.8736,-0.0073,0.884
15.144461951,0.1319,0.8778,-0.0088,0.888
15.145281066,0.1300,0.8832,-0.0115,0.893
15.145970835,0.1292,0.8907,-0.0147,0.900
15.146949182,0.1275,0.8929,-0.0156,0.902
15.149741412,0.1246,0.8961,-0.0191,0.905
15.151134605,0.1231,0.8981,-0.0203,0.907
15.152762105,0.1202,0.9017,-0.0235,0.910
15.154652797,0.1175,0.9025,-0.0254,0.910
15.156700605,0.1165,0.9015,-0.0276,0.909
15.161344989,0.1136,0.9000,-0.0332,0.908
15.162799028,0.1104,0.8973,-0.0362,0.905
15.163779682,0.1082,0.8956,-0.0371,0.903
15.164979874,0.1021,0.8932,-0.0393,0.900
15.16629222,0.0980,0.8910,-0.0410,0.897
15.168380605,0.0916,0.8844,-0.0457,0.890
15.170292028,0.0855,0.8771,-0.0467,0.882
15.17233122,0.0821,0.8739,-0.0476,0.879
15.174276297,0.0750,0.8666,-0.0508,0.871
15.176407951,0.0660,0.8575,-0.0523,0.862
15.178201835,0.0621,0.8529,-0.0520,0.857
15.180069989,0.0567,0.8436,-0.0530,0.847
15.181973335,0.0515,0.8402,-0.0520,0.843
15.183928182,0.0491,0.8324,-0.0501,0.835
15.185931028,0.0435,0.8214,-0.0464,0.824
15.187975297,0.0423,0.8177,-0.0457,0.820
15.189854874,0.0393,0.8094,-0.0437,0.812
15.195653297,0.0374,0.8016,-0.0391,0.803
15.197306259,0.0359,0.7977,-0.0369,0.799
15.197742259,0.0325,0.7889,-0.0322,0.790
15.198132797,0.0293,0.7810,-0.0261,0.782
15.200902143,0.0283,0.7771,-0.0227,0.778
15.202695451,0.0283,0.7693,-0.0129,0.770
15.203891605,0.0298,0.7654,-0.0093,0.766
15.205888066,0.0293,0.7586,-0.0032,0.759
15.207811643,0.0281,0.7488,0.0056,0.749
15.232793951,0.0269,0.7461,0.0103,0.747
15.234495489,0.0274,0.7407,0.0178,0.741
15.234945682,0.0281,0.7371,0.0222,0.738
15.235367259,0.0288,0.7295,0.0288,0.731
15.235741605,0.0293,0.7244,0.0376,0.726
15.236177605,0.0298,0.7214,0.0413,0.723
15.236537912,0.0308,0.7144,0.0472,0.717
15.236893566,0.0300,0.7080,0.0533,0.711
15.237267643,0.0296,0.7068,0.0559,0.710
15.237621759,0.0286,0.7004,0.0618,0.704
15.238229182,0.0288,0.6985,0.0628,0.702
15.238564335,0.0257,0.6946,0.0652,0.698
15.238851066,0.0220,0.6919,0.0696,0.696
15.239141259,0.0210,0.6902,0.0718,0.694
15.239920797,0.0171,0.6894,0.0723,0.693
15.241457682,0.0166,0.6885,0.0728,0.692
15.241908682,0.0159,0.6889,0.0735,0.693
15.245065335,0.0132,0.6887,0.0748,0.693
15.246498105,0.0110,0.6907,0.0755,0.695
15.247046066,0.0110,0.6931,0.0789,0.698
15.249582951,0.0105,0.6973,0.0814,0.702
15.25114122,0.0112,0.6992,0.0828,0.704
15.25300222,0.0107,0.7038,0.0850,0.709
15.25488972,0.0105,0.7112,0.0882,0.717
15.256733182,0.0100,0.7144,0.0892,0.720
15.260380566,0.0122,0.7229,0.0901,0.729
15.260988374,0.0142,0.7271,0.0899,0.733
15.262727874,0.0178,0.7366,0.0909,0.742
15.265101682,0.0213,0.7481,0.0916,0.754
15.266605874,0.0239,0.7544,0.0928,0.760
15.268436066,0.0298,0.7659,0.0955,0.772
15.270590912,0.0379,0.7713,0.0953,0.778
15.272546182,0.0413,0.7862,0.0948,0.793
15.274786066,0.0452,0.8008,0.0938,0.808
15.276757028,0.0481,0.8087,0.0914,0.815
15.278584105,0.0537,0.8253,0.0901,0.832
15.280702682,0.0569,0.8431,0.0904,0.850
15.282342643,0.0589,0.8524,0.0906,0.859
15.284355451,0.0625,0.8707,0.0914,0.878
15.286512605,0.0667,0.8893,0.0919,0.896
15.288427951,0.0699,0.8988,0.0928,0.906
15.290306682,0.0740,0.9201,0.0899,0.927
15.295770412,0.0750,0.9313,0.0894,0.939
15.296455566,0.0806,0.9526,0.0877,0.960
15.296721835,0.0870,0.9728,0.0880,0.981
15.298207758,0.0904,0.9831,0.0855,0.991
15.300270489,0.0955,1.0024,0.0821,1.010
15.30214772,0.1036,1.0126,0.0801,1.021
15.304032643,0.1068,1.0349,0.0804,1.043
15.306278451,0.1116,1.0564,0.0821,1.065
15.307819258,0.1134,1.0659,0.0840,1.075
15.326716797,0.1158,1.0859,0.0860,1.095
15.327375066,0.1148,1.1082,0.0858,1.117
15.327634489,0.1204,1.1162,0.0875,1.126
15.32789872,0.1356,1.1333,0.0906,1.145
15.328178528,0.1488,1.1419,0.0897,1.155
15.328421528,0.1549,1.1568,0.0875,1.170
15.328649758,0.1576,1.1727,0.0789,1.186
15.328879874,0.1549,1.1810,0.0721,1.193
15.329118874,0.1590,1.1932,0.0608,1.205
15.329342412,0.1766,1.2005,0.0540,1.215
15.329690489,0.1849,1.2037,0.0503,1.219
15.331645297,0.1984,1.2110,0.0415,1.228
15.333628605,0.2028,1.2135,0.0366,1.231
15.335533489,0.2111,1.2171,0.0293,1.236
15.337710989,0.2213,1.2210,0.0191,1.241
15.339202874,0.2279,1.2218,0.0156,1.243
15.341541643,0.2404,1.2201,0.0115,1.244
15.344890951,0.2485,1.2201,0.0081,1.245
15.345639951,0.2492,1.2186,0.0064,1.244
15.347056528,0.2492,1.2186,0.0044,1.244
15.349246451,0.2470,1.2171,0.0024,1.242
15.351061643,0.2402,1.2154,0.0015,1.239
15.353261605,0.2321,1.2120,0.0027,1.234
15.355132412,0.2301,1.2093,0.0039,1.231
15.357188258,0.2257,1.2039,0.0056,1.225
15.360506758,0.2221,1.1951,0.0066,1.216
15.361514066,0.2209,1.1910,0.0056,1.211
15.36291672,0.2165,1.1812,0.0051,1.201
15.365026066,0.2135,1.1768,0.0044,1.196
15.367039181,0.2111,1.1666,0.0044,1.186
15.369005681,0.2077,1.1553,0.0051,1.174
15.370856066,0.2057,1.1492,0.0051,1.167
15.372996374,0.2001,1.1397,0.0037,1.157
15.374901874,0.1974,1.1355,0.0037,1.153
15.377434143,0.1906,1.1282,0.0061,1.144
15.378712412,0.1852,1.1238,0.0083,1.139
15.380786028,0.1808,1.1214,0.0098,1.136
15.382585912,0.1730,1.1182,0.0142,1.132
15.384613181,0.1632,1.1160,0.0195,1.128
15.386389643,0.1590,1.1150,0.0213,1.127
15.388708143,0.1495,1.1153,0.0261,1.126
15.390618297,0.1468,1.1177,0.0291,1.128
15.403043489,0.1383,1.1221,0.0347,1.131
15.404840143,0.1307,1.1270,0.0418,1.135
15.405737028,0.1266,1.1299,0.0452,1.138
15.406965451,0.1182,1.1370,0.0491,1.144
15.408553451,0.1116,1.1419,0.0559,1.149
15.409742335,0.1082,1.1458,0.0601,1.152
15.410854028,0.1019,1.1551,0.0674,1.162
15.411752258,0.0997,1.1583,0.0735,1.165
15.41267822,0.0953,1.1651,0.0836,1.172
15.412986451,0.0911,1.1707,0.0894,1.178
15.413214797,0.0889,1.1736,0.0928,1.181
15.444145835,0.0838,1.1800,0.0953,1.187
15.44477972,0.0782,1.1827,0.0958,1.189
15.445038105,0.0738,1.1895,0.0958,1.196
15.445263643,0.0672,1.1959,0.0919,1.201
15.445492412,0.0647,1.1988,0.0872,1.204
15.445738335,0.0569,1.2054,0.0726,1.209
15.445972951,0.0472,1.2135,0.0537,1.216
15.446223912,0.0415,1.2171,0.0445,1.219
15.446458028,0.0296,1.2298,0.0247,1.230
15.446689643,0.0159,1.2372,0.0027,1.237
15.446919028,0.0093,1.2535,-0.0086,1.254
15.447152297,-0.0037,1.2743,-0.0322,1.275
15.44736822,-0.0117,1.2882,-0.0442,1.289
15.447588912,-0.0269,1.3195,-0.0665,1.321
15.447809605,-0.0432,1.3588,-0.0831,1.362
15.448025374,-0.0513,1.3811,-0.0916,1.385
15.448296335,-0.0687,1.4309,-0.1060,1.436
15.448535412,-0.0870,1.4595,-0.1126,1.466
15.449907835,-0.0967,1.5225,-0.1231,1.531
15.451806412,-0.1060,1.5873,-0.1258,1.596
15.453534528,-0.1080,1.6217,-0.1234,1.630
15.455593412,-0.1124,1.6948,-0.1175,1.703
15.457474451,-0.1222,1.7712,-0.1102,1.779
15.460099681,-0.1253,1.8088,-0.1041,1.816
15.462882951,-0.1353,1.8814,-0.0921,1.889
15.463433412,-0.1490,1.9505,-0.0823,1.958
15.465440643,-0.1544,1.9823,-0.0784,1.990
15.467455066,-0.1656,2.0412,-0.0713,2.049
15.469344643,-0.1710,2.0646,-0.0679,2.073
15.471395681,-0.1764,2.1027,-0.0652,2.111
15.47321272,-0.1801,2.1223,-0.0721,2.131
15.476639104,-0.1796,2.1260,-0.0782,2.135
15.47950072,-0.1754,2.1206,-0.0953,2.130
15.480812874,-0.1695,2.0993,-0.1248,2.110
15.481628143,-0.1627,2.0825,-0.1437,2.094
15.483437912,-0.1476,2.0353,-0.1847,2.049
15.485375181,-0.1390,2.0062,-0.2057,2.022
15.487317528,-0.1175,1.9439,-0.2636,1.965
15.489299143,-0.0923,1.8763,-0.3161,1.905
15.491194335,-0.0799,1.8416,-0.3386,1.874
15.502345412,-0.0513,1.7727,-0.3760,1.813
15.503978528,-0.0230,1.7075,-0.4077,1.756
15.505203104,-0.0098,1.6772,-0.4205,1.729
15.506296028,0.0098,1.6190,-0.4429,1.679
15.507542989,0.0186,1.5921,-0.4505,1.655
15.509152681,0.0362,1.5386,-0.4571,1.606
15.510678297,0.0474,1.4927,-0.4588,1.562
15.512002758,0.0501,1.4705,-0.4529,1.539
15.512732066,0.0586,1.4287,-0.4336,1.494
15.513009951,0.0606,1.3869,-0.4080,1.447
15.513254335,0.0618,1.3654,-0.3899,1.421
15.540748297,0.0647,1.3227,-0.3271,1.364
15.543015066,0.0577,1.3022,-0.2604,1.329
15.544878258,0.0486,1.2667,-0.2375,1.290
15.546141758,0.0296,1.2328,-0.1918,1.248
15.547323028,0.0171,1.2162,-0.1700,1.228
15.548772681,-0.0088,1.1822,-0.1275,1.189
15.549482989,-0.0296,1.1468,-0.0718,1.149
15.550714181,-0.0386,1.1277,-0.0437,1.129
15.551590489,-0.0537,1.0852,0.0156,1.087
15.552833489,-0.0589,1.0642,0.0711,1.068
15.553535912,-0.0616,1.0183,0.0980,1.025
15.554444143,-0.0643,0.9777,0.1449,0.990
15.555251528,-0.0655,0.9569,0.1656,0.973
15.556295643,-0.0691,0.9149,0.2045,0.940
15.55708572,-0.0730,0.8761,0.2458,0.913
15.557732566,-0.0738,0.8558,0.2656,0.899
15.559060528,-0.0723,0.8170,0.3037,0.875
15.560489028,-0.0704,0.7964,0.3218,0.862
15.561641797,-0.0667,0.7593,0.3547,0.841
15.562821797,-0.0616,0.7249,0.3855,0.823
15.563566874,-0.0599,0.7085,0.4021,0.817
15.564851643,-0.0523,0.6748,0.4295,0.802
15.565723874,-0.0418,0.6455,0.4488,0.787
15.566838258,-0.0352,0.6318,0.4564,0.780
15.568828681,-0.0242,0.6039,0.4639,0.762
15.569716797,-0.0191,0.5922,0.4647,0.753
15.570788989,-0.0107,0.5678,0.4622,0.732
15.571675604,-0.0007,0.5475,0.4561,0.713
15.572672451,0.0049,0.5372,0.4515,0.702
15.572979989,0.0134,0.5199,0.4378,0.680
15.574582143,0.0237,0.5042,0.4219,0.658
15.582786681,0.0281,0.4984,0.4139,0.648
15.583344874,0.0379,0.4864,0.3948,0.628
15.583606143,0.0428,0.4823,0.3840,0.618
15.583855835,0.0542,0.4749,0.3616,0.599
15.58408072,0.0655,0.4705,0.3411,0.585
15.585954027,0.0706,0.4683,0.3288,0.577
15.587495412,0.0816,0.4649,0.3061,0.563
15.589863412,0.0921,0.4642,0.2856,0.553
15.591670374,0.0945,0.4649,0.2756,0.549
15.596646989,0.1004,0.4691,0.2538,0.543
15.597230989,0.1029,0.4715,0.2443,0.541
15.597785797,0.1070,0.4742,0.2240,0.535
15.599423912,0.1077,0.4803,0.2077,0.534
15.601628335,0.1087,0.4837,0.1989,0.534
15.603390681,0.1070,0.4928,0.1823,0.536
15.605376412,0.1036,0.5023,0.1642,0.538
15.607177835,0.1014,0.5079,0.1556,0.541
15.609787451,0.0980,0.5213,0.1407,0.549
15.638258374,0.0945,0.5272,0.1331,0.552
15.639743412,0.0884,0.5409,0.1195,0.561
15.640913451,0.0831,0.5578,0.1077,0.574
15.641788412,0.0799,0.5651,0.1011,0.580
15.642931989,0.0743,0.5834,0.0877,0.595
15.644246066,0.0687,0.5993,0.0772,0.608
15.645473989,0.0669,0.6086,0.0726,0.617
15.646463951,0.0618,0.6279,0.0599,0.634
15.647540566,0.0596,0.6379,0.0540,0.643
15.648742951,0.0564,0.6574,0.0423,0.661
15.649594758,0.0540,0.6777,0.0300,0.681
15.650282566,0.0525,0.6880,0.0247,0.690
15.651241143,0.0508,0.7114,0.0115,0.713
15.651869604,0.0498,0.7359,0.0002,0.738
15.652822681,0.0496,0.7476,-0.0059,0.749
15.65363422,0.0467,0.7713,-0.0198,0.773
15.654291643,0.0445,0.7840,-0.0259,0.786
15.655206258,0.0452,0.8109,-0.0386,0.813
15.655933374,0.0462,0.8375,-0.0503,0.840
15.657131989,0.0469,0.8502,-0.0562,0.853
15.657866797,0.0501,0.8761,-0.0684,0.880
15.658743297,0.0528,0.9022,-0.0804,0.907
15.659675104,0.0545,0.9169,-0.0860,0.923
15.660870758,0.0594,0.9445,-0.0958,0.951
15.66206872,0.0618,0.9574,-0.0999,0.965
15.66309872,0.0672,0.9870,-0.1063,0.995
15.663803181,0.0730,1.0153,-0.1114,1.024
15.664909604,0.0765,1.0285,-0.1143,1.038
15.667612604,0.0845,1.0549,-0.1180,1.065
15.668554412,0.0911,1.0771,-0.1192,1.088
15.670519374,0.0955,1.0886,-0.1200,1.099
15.672562297,0.1009,1.1148,-0.1202,1.126
15.674399066,0.1051,1.1253,-0.1204,1.137
15.67746422,0.1141,1.1438,-0.1192,1.156
15.678450835,0.1231,1.1607,-0.1187,1.173
15.680500758,0.1275,1.1683,-0.1182,1.181
15.68234645,0.1353,1.1824,-0.1165,1.196
15.684363181,0.1429,1.1917,-0.1134,1.206
15.68623772,0.1454,1.1973,-0.1116,1.211
15.688451143,0.1495,1.2039,-0.1097,1.218
15.690330258,0.1507,1.2069,-0.1082,1.221
15.692301335,0.1527,1.2137,-0.1046,1.228
15.69683272,0.1507,1.2159,-0.1009,1.229
15.697399374,0.1473,1.2166,-0.0992,1.230
15.698176604,0.1424,1.2152,-0.0965,1.227
15.700442758,0.1312,1.2125,-0.0926,1.223
15.702185874,0.1239,1.2100,-0.0911,1.220
15.70401922,0.1085,1.2022,-0.0906,1.211
15.70604122,0.1014,1.1981,-0.0882,1.206
15.708030027,0.0892,1.1868,-0.0860,1.193
15.729997412,0.0708,1.1741,-0.0833,1.179
15.731584335,0.0613,1.1666,-0.0821,1.171
15.732607104,0.0425,1.1539,-0.0777,1.157
15.733729181,0.0222,1.1377,-0.0752,1.140
15.734818335,0.0122,1.1294,-0.0728,1.132
15.736007297,-0.0076,1.1111,-0.0657,1.113
15.737584989,-0.0169,1.1001,-0.0616,1.102
15.738636104,-0.0359,1.0823,-0.0552,1.084
15.739841297,-0.0537,1.0600,-0.0493,1.063
15.740828181,-0.0630,1.0498,-0.0467,1.053
15.74184272,-0.0777,1.0283,-0.0406,1.032
15.742872566,-0.0906,1.0068,-0.0335,1.011
15.744037181,-0.0977,0.9968,-0.0308,1.002
15.745151643,-0.1124,0.9711,-0.0237,0.978
15.746201797,-0.1187,0.9601,-0.0181,0.968
15.74709872,-0.1358,0.9394,-0.0073,0.949
15.748307874,-0.1595,0.9220,0.0039,0.936
15.749173066,-0.1725,0.9125,0.0095,0.929
15.750166989,-0.1959,0.8942,0.0217,0.916
15.750896066,-0.2103,0.8744,0.0300,0.900
15.751852527,-0.2172,0.8656,0.0303,0.893
15.752762489,-0.2306,0.8485,0.0305,0.880
15.75370745,-0.2365,0.8397,0.0305,0.873
15.75609672,-0.2485,0.8204,0.0305,0.858
15.757640412,-0.2599,0.8052,0.0298,0.847
15.759294258,-0.2648,0.7964,0.0298,0.840
15.764236297,-0.2697,0.7781,0.0288,0.824
15.76479372,-0.2768,0.7627,0.0300,0.812
15.765044297,-0.2802,0.7549,0.0298,0.806
15.767280681,-0.2822,0.7380,0.0310,0.791
15.76903895,-0.2817,0.7288,0.0349,0.782
15.771274604,-0.2812,0.7122,0.0369,0.767
15.775143181,-0.2780,0.6968,0.0386,0.751
15.775482027,-0.2761,0.6872,0.0413,0.742
15.777617643,-0.2695,0.6687,0.0464,0.722
15.778808874,-0.2609,0.6535,0.0506,0.705
15.780766874,-0.2553,0.6450,0.0533,0.696
15.782738027,-0.2443,0.6281,0.0581,0.676
15.784764027,-0.2377,0.6200,0.0616,0.667
15.78661495,-0.2260,0.6034,0.0689,0.648
15.788631643,-0.2138,0.5876,0.0748,0.630
15.790592527,-0.2081,0.5802,0.0779,0.621
15.793374912,-0.1950,0.5648,0.0836,0.603
15.79788795,-0.1832,0.5512,0.0882,0.587
15.798461681,-0.1754,0.5446,0.0911,0.579
15.798956643,-0.1598,0.5304,0.0963,0.562
15.800516566,-0.1527,0.5223,0.0977,0.553
15.803389258,-0.1366,0.5072,0.1009,0.535
15.804307835,-0.1197,0.4928,0.1026,0.517
15.806295373,-0.1126,0.4874,0.1033,0.511
15.808191066,-0.1007,0.4791,0.1051,0.501
15.834855066,-0.0877,0.4713,0.1031,0.490
15.835537489,-0.0823,0.4661,0.1024,0.484
15.835822758,-0.0711,0.4573,0.0967,0.473
15.836072373,-0.0650,0.4561,0.0928,0.470
15.836356104,-0.0552,0.4527,0.0862,0.464
15.836584258,-0.0440,0.4490,0.0779,0.458
15.836815835,-0.0376,0.4468,0.0726,0.454
15.837039489,-0.0237,0.4454,0.0625,0.450
15.837280143,-0.0105,0.4476,0.0540,0.451
15.837529527,-0.0042,0.4488,0.0493,0.452
15.837759989,0.0083,0.4522,0.0398,0.454
15.838002143,0.0205,0.4559,0.0288,0.457
15.838228604,0.0259,0.4595,0.0235,0.461
15.838465873,0.0362,0.4664,0.0134,0.468
15.838696181,0.0420,0.4715,0.0088,0.473
15.840009066,0.0535,0.4825,0.0007,0.485
15.842139181,0.0611,0.4923,-0.0081,0.496
15.845912412,0.0652,0.4984,-0.0115,0.503
15.846544758,0.0748,0.5104,-0.0186,0.516
15.84793072,0.0787,0.5155,-0.0205,0.522
15.850067258,0.0870,0.5292,-0.0244,0.537
15.851726066,0.0921,0.5465,-0.0281,0.555
15.853915297,0.0948,0.5541,-0.0293,0.563
15.855807335,0.0972,0.5722,-0.0315,0.581
15.857681066,0.0972,0.5910,-0.0327,0.600
15.862220527,0.0960,0.5995,-0.0320,0.608
15.863065835,0.0928,0.6171,-0.0320,0.625
15.86375895,0.0923,0.6266,-0.0327,0.634
15.865799643,0.0916,0.6472,-0.0366,0.655
15.867697181,0.0882,0.6696,-0.0398,0.677
15.869682681,0.0843,0.6811,-0.0408,0.688
15.87325222,0.0774,0.7031,-0.0428,0.709
15.874264835,0.0745,0.7263,-0.0396,0.731
15.87544122,0.0723,0.7385,-0.0371,0.743
15.878866604,0.0682,0.7630,-0.0305,0.767
15.879555066,0.0665,0.7762,-0.0261,0.779
15.882228566,0.0625,0.8033,-0.0191,0.806
15.883079912,0.0584,0.8321,-0.0112,0.834
15.885438797,0.0562,0.8448,-0.0044,0.847
15.887226104,0.0550,0.8741,0.0098,0.876
15.889046835,0.0545,0.8890,0.0213,0.891
15.890884681,0.0542,0.9157,0.0281,0.918
15.897160104,0.0550,0.9447,0.0393,0.947
15.897754758,0.0569,0.9589,0.0435,0.962
15.898010758,0.0603,0.9872,0.0486,0.990
15.900508181,0.0608,1.0158,0.0552,1.019
15.901234489,0.0621,1.0307,0.0596,1.034
15.904236604,0.0679,1.0588,0.0689,1.063
15.905043181,0.0716,1.0723,0.0743,1.077
15.906846566,0.0730,1.0991,0.0894,1.105
15.90919022,0.0762,1.1241,0.1073,1.132
15.929121796,0.0770,1.1368,0.1165,1.145
15.929809143,0.0792,1.1609,0.1312,1.171
15.930069181,0.0809,1.1827,0.1427,1.194
15.930307566,0.0816,1.1912,0.1454,1.203
15.930552258,0.0845,1.2103,0.1500,1.222
15.93078172,0.0845,1.2193,0.1512,1.232
15.931011027,0.0865,1.2377,0.1468,1.249
15.931233489,0.0860,1.2508,0.1368,1.261
15.931463258,0.0853,1.2577,0.1327,1.268
15.931702873,0.0840,1.2711,0.1214,1.280
15.935087373,0.0823,1.2811,0.1055,1.288
15.935370104,0.0848,1.2855,0.0965,1.292
15.935611489,0.0872,1.2956,0.0733,1.301
15.936476912,0.0880,1.2997,0.0606,1.304
15.93824522,0.0916,1.3073,0.0347,1.311
15.940337566,0.0923,1.3127,0.0086,1.316
15.942197143,0.0916,1.3134,-0.0022,1.317
15.946243796,0.0823,1.3134,-0.0120,1.316
15.946821912,0.0691,1.3134,-0.0159,1.315
15.95218572,0.0601,1.3127,-0.0139,1.314
15.952483412,0.0410,1.3087,-0.0032,1.309
15.952716412,0.0342,1.3063,0.0032,1.307
15.954138104,0.0195,1.2987,0.0264,1.299
15.956165643,0.0010,1.2929,0.0403,1.293
15.958008643,-0.0093,1.2882,0.0450,1.289
15.963845296,-0.0298,1.2787,0.0515,1.280
15.965309104,-0.0437,1.2706,0.0552,1.273
15.966997143,-0.0493,1.2655,0.0552,1.268
15.968218104,-0.0574,1.2560,0.0525,1.258
15.969316027,-0.0611,1.2499,0.0496,1.252
15.970481258,-0.0682,1.2430,0.0472,1.246
15.971925758,-0.0743,1.2345,0.0447,1.238
15.973987066,-0.0782,1.2315,0.0450,1.235
15.976203181,-0.0831,1.2267,0.0450,1.230
15.979179566,-0.0828,1.2257,0.0447,1.229
15.982585912,-0.0814,1.2262,0.0479,1.230
15.983845604,-0.0755,1.2289,0.0581,1.233
15.98491045,-0.0618,1.2303,0.0655,1.234
15.986065527,-0.0533,1.2345,0.0884,1.239
15.987845335,-0.0362,1.2421,0.1185,1.248
15.98989772,-0.0313,1.2472,0.1444,1.256
15.991771873,-0.0127,1.2552,0.1840,1.269
16.002414527,0.0027,1.2677,0.2177,1.286
16.00307045,0.0110,1.2719,0.2296,1.292
16.003335643,0.0239,1.2814,0.2538,1.307
16.003579681,0.0364,1.2851,0.2712,1.314
16.003834989,0.0423,1.2929,0.2780,1.323
16.00406895,0.0486,1.3009,0.2873,1.333
16.008037681,0.0528,1.3041,0.2895,1.337
16.008470258,0.0579,1.3085,0.2907,1.342
16.009585835,0.0638,1.3083,0.2880,1.341
16.037112604,0.0667,1.3078,0.2866,1.340
16.037865835,0.0718,1.3024,0.2812,1.334
16.038143566,0.0770,1.2941,0.2736,1.325
16.038388643,0.0806,1.2892,0.2707,1.320
16.038630796,0.1036,1.2736,0.2585,1.304
16.038870604,0.1266,1.2618,0.2365,1.290
16.039107258,0.1986,1.2406,0.1798,1.269
16.03933745,0.2880,1.2188,0.1341,1.260
16.039591719,0.3083,1.2096,0.1224,1.254
16.039827335,0.2668,1.1973,0.1287,1.233
16.040054219,0.1542,1.1937,0.1671,1.215
16.040338027,0.0997,1.1903,0.1928,1.210
16.040574296,0.0442,1.1800,0.2428,1.206
16.040794258,0.0406,1.1741,0.2624,1.204
16.041018566,0.0716,1.1605,0.2668,1.193
16.047554681,0.1273,1.1429,0.2575,1.178
16.048217566,0.1581,1.1324,0.2511,1.171
16.048499335,0.2145,1.1135,0.2272,1.157
16.048737873,0.2543,1.1060,0.1867,1.150
16.048977373,0.2665,1.0942,0.1622,1.138
16.05053545,0.2812,1.0879,0.1097,1.129
16.052504643,0.2841,1.0874,0.0848,1.127
16.054971296,0.2905,1.0933,0.0388,1.132
16.056459335,0.2985,1.1021,-0.0020,1.142
16.058402912,0.3029,1.1089,-0.0169,1.150
16.061863181,0.3071,1.1350,-0.0428,1.177
16.062973989,0.3100,1.1524,-0.0559,1.195
16.064659258,0.3108,1.1907,-0.0836,1.233
16.06648195,0.3108,1.2291,-0.1053,1.272
16.068362604,0.3086,1.2494,-0.1116,1.292
16.070286143,0.2985,1.2929,-0.1136,1.332
16.07224795,0.2910,1.3393,-0.1051,1.375
16.07469095,0.2922,1.3647,-0.0975,1.399
16.076198604,0.2956,1.4160,-0.0750,1.448
16.078843604,0.3059,1.4695,-0.0450,1.502
16.080736643,0.3161,1.4959,-0.0242,1.529
16.082099219,0.3396,1.5445,0.0169,1.581
16.084300758,0.3516,1.5677,0.0366,1.607
16.086285758,0.3777,1.6085,0.0701,1.654
16.087967143,0.4024,1.6415,0.0992,1.693
16.090027373,0.4153,1.6532,0.1143,1.708
16.091942066,0.4393,1.6701,0.1380,1.732
16.097211489,0.4595,1.6742,0.1571,1.743
16.097824296,0.4698,1.6723,0.1666,1.745
16.098079873,0.4859,1.6562,0.1815,1.735
16.102715335,0.4933,1.6447,0.1876,1.727
16.103153604,0.5064,1.6149,0.1932,1.703
16.10371245,0.5138,1.5777,0.1950,1.671
16.105883066,0.5148,1.5565,0.1920,1.651
16.107788835,0.5145,1.5118,0.1796,1.607
16.126144181,0.5006,1.4680,0.1673,1.560
16.127927258,0.4881,1.4456,0.1603,1.534
16.129201835,0.4581,1.4050,0.1463,1.485
16.130384066,0.4385,1.3859,0.1380,1.460
16.131418258,0.3936,1.3515,0.1207,1.413
16.132531027,0.3447,1.3251,0.1031,1.373
16.133741681,0.3174,1.3153,0.0982,1.357
16.135179642,0.2575,1.2985,0.0880,1.327
16.136583796,0.2284,1.2919,0.0826,1.315
16.137723066,0.1776,1.2824,0.0787,1.297
16.138842066,0.1344,1.2799,0.0789,1.289
16.140000066,0.1156,1.2797,0.0794,1.287
16.141169489,0.0855,1.2851,0.0643,1.289
16.14224295,0.0650,1.2894,0.0396,1.292
16.143674604,0.0552,1.3004,0.0279,1.302
16.144965219,0.0391,1.3048,0.0103,1.305
16.146236104,0.0315,1.3036,0.0049,1.304
16.147446566,0.0183,1.2978,0.0002,1.298
16.148659527,0.0134,1.2885,-0.0007,1.289
16.149873681,0.0134,1.2833,0.0012,1.283
16.150993373,0.0151,1.2716,0.0151,1.272
16.152018335,0.0227,1.2650,0.0349,1.266
16.154365835,0.0269,1.2484,0.0450,1.250
16.154870873,0.0459,1.2250,0.0723,1.228
16.157037758,0.0589,1.2105,0.0901,1.215
16.158845335,0.0906,1.1766,0.1273,1.187
16.162892489,0.1261,1.1390,0.1622,1.157
16.164648219,0.1429,1.1182,0.1779,1.141
16.164950027,0.1720,1.0776,0.2047,1.110
16.166781489,0.1796,1.0349,0.2270,1.075
16.168919796,0.1705,1.0146,0.2365,1.056
16.170645219,0.1292,0.9762,0.2529,1.017
16.172805104,0.1019,0.9582,0.2602,0.998
16.174888219,0.0525,0.9274,0.2631,0.965
16.176883527,0.0171,0.8934,0.2602,0.931
16.179797719,0.0066,0.8732,0.2626,0.912
16.180729027,-0.0046,0.8316,0.2680,0.874
16.18248395,-0.0081,0.7908,0.2724,0.836
16.184650258,-0.0095,0.7727,0.2734,0.820
16.186506027,-0.0103,0.7351,0.2729,0.784
16.188598104,-0.0090,0.7180,0.2707,0.767
16.190383527,-0.0066,0.6853,0.2643,0.735
16.192493373,-0.0027,0.6535,0.2575,0.702
16.197627335,-0.0007,0.6396,0.2548,0.688
16.198192912,0.0029,0.6147,0.2443,0.661
16.198456489,0.0115,0.6047,0.2284,0.646
16.200383335,0.0166,0.5817,0.2255,0.624
16.202707219,0.0274,0.5590,0.2255,0.603
16.204416219,0.0335,0.5490,0.2260,0.595
16.206176181,0.0437,0.5355,0.2267,0.583
16.208567412,0.0508,0.5243,0.2206,0.571
16.231563181,0.0533,0.5206,0.2155,0.566
16.233084065,0.0555,0.5182,0.2028,0.559
16.23349895,0.0618,0.5174,0.1974,0.557
16.233849681,0.0647,0.5211,0.1879,0.558
16.234190527,0.0721,0.5262,0.1827,0.562
16.234534296,0.0765,0.5304,0.1813,0.566
16.234859527,0.0860,0.5399,0.1764,0.574
16.235191219,0.0919,0.5536,0.1722,0.587
16.235527065,0.0941,0.5624,0.1720,0.596
16.235861758,0.0943,0.5807,0.1725,0.613
16.236243873,0.0926,0.6000,0.1710,0.631
16.236581219,0.0914,0.6093,0.1691,0.639
16.236909604,0.0919,0.6310,0.1671,0.659
16.237236989,0.0911,0.6442,0.1644,0.671
16.23783395,0.0870,0.6696,0.1532,0.692
16.239736219,0.0836,0.6921,0.1524,0.714
16.241757412,0.0818,0.7031,0.1544,0.725
16.245005912,0.0809,0.7275,0.1566,0.749
16.24560695,0.0826,0.7522,0.1561,0.773
16.252089604,0.0828,0.7649,0.1554,0.785
16.252569873,0.0865,0.7911,0.1515,0.810
16.252871912,0.0897,0.8040,0.1480,0.822
16.253804604,0.0936,0.8297,0.1422,0.847
16.255731335,0.0950,0.8553,0.1393,0.872
16.25768345,0.0936,0.8683,0.1358,0.884
16.259734912,0.0875,0.8942,0.1287,0.908
16.262505681,0.0809,0.9201,0.1204,0.931
16.264345335,0.0762,0.9313,0.1165,0.942
16.265668719,0.0672,0.9533,0.1097,0.962
16.267446719,0.0652,0.9643,0.1063,0.972
16.269474681,0.0613,0.9853,0.0965,0.992
16.271351989,0.0603,1.0070,0.0887,1.013
16.273509181,0.0591,1.0173,0.0838,1.022
16.275251412,0.0606,1.0390,0.0740,1.043
16.278754258,0.0662,1.0583,0.0638,1.062
16.280179835,0.0689,1.0662,0.0594,1.070
16.281234989,0.0767,1.0813,0.0537,1.085
16.283968489,0.0799,1.0884,0.0518,1.093
16.285282219,0.0887,1.1026,0.0442,1.107
16.287078758,0.0970,1.1126,0.0391,1.117
16.28916795,0.1007,1.1167,0.0376,1.122
16.291263527,0.1038,1.1219,0.0315,1.127
16.293548873,0.1046,1.1265,0.0279,1.132
16.303900835,0.1099,1.1277,0.0257,1.133
16.305493681,0.1214,1.1302,0.0242,1.137
16.306389642,0.1292,1.1277,0.0247,1.135
16.307456181,0.1432,1.1245,0.0261,1.134
16.308516104,0.1573,1.1187,0.0300,1.130
16.309553181,0.1642,1.1148,0.0315,1.127
16.310763796,0.1744,1.1070,0.0344,1.121
16.31179195,0.1862,1.0999,0.0398,1.116
16.313104296,0.1925,1.0955,0.0425,1.113
16.314059335,0.2020,1.0847,0.0474,1.104
16.315322758,0.2060,1.0796,0.0511,1.100
16.332569219,0.2155,1.0693,0.0540,1.092
16.334305796,0.2223,1.0610,0.0547,1.085
16.335341758,0.2257,1.0552,0.0562,1.080
16.336643335,0.2311,1.0447,0.0594,1.072
16.337787642,0.2311,1.0412,0.0621,1.068
16.339235219,0.2328,1.0332,0.0623,1.061
16.340342527,0.2375,1.0234,0.0640,1.053
16.341292912,0.2389,1.0190,0.0647,1.049
16.342045258,0.2399,1.0102,0.0647,1.040
16.343006719,0.2411,1.0012,0.0665,1.032
16.34407695,0.2431,0.9975,0.0650,1.029
16.345289219,0.2467,0.9897,0.0599,1.022
16.346419796,0.2460,0.9846,0.0601,1.017
16.347333335,0.2443,0.9753,0.0596,1.007
16.348429988,0.2470,0.9694,0.0599,1.002
16.349247296,0.2475,0.9653,0.0577,0.998
16.350119873,0.2492,0.9604,0.0533,0.994
16.351312027,0.2502,0.9521,0.0484,0.986
16.352405912,0.2499,0.9486,0.0464,0.982
16.357231988,0.2521,0.9452,0.0467,0.979
16.358739758,0.2543,0.9418,0.0464,0.977
16.359546104,0.2541,0.9352,0.0479,0.970
16.360798181,0.2548,0.9293,0.0491,0.965
16.365404296,0.2553,0.9257,0.0511,0.962
16.366893104,0.2526,0.9225,0.0537,0.958
16.368047027,0.2529,0.9186,0.0594,0.955
16.369103412,0.2531,0.9159,0.0628,0.952
16.370004027,0.2516,0.9130,0.0699,0.950
16.371759719,0.2487,0.9125,0.0735,0.949
16.373876796,0.2480,0.9125,0.0799,0.949
16.375784296,0.2448,0.9127,0.0880,0.949
16.378482142,0.2431,0.9135,0.0914,0.950
16.381116988,0.2394,0.9147,0.1007,0.951
16.382537027,0.2411,0.9181,0.1104,0.956
16.383804219,0.2475,0.9232,0.1192,0.963
16.385592988,0.2497,0.9281,0.1385,0.971
16.387494912,0.2453,0.9286,0.1454,0.971
16.389658373,0.2260,0.9262,0.1595,0.967
16.39145795,0.2079,0.9252,0.1673,0.963
16.393804104,0.2003,0.9249,0.1720,0.962
16.403974988,0.1903,0.9264,0.1813,0.963
16.405441142,0.1859,0.9296,0.1886,0.967
16.406309373,0.1835,0.9308,0.1920,0.968
16.40713045,0.1796,0.9335,0.2013,0.972
16.408024604,0.1749,0.9376,0.2067,0.976
16.410236796,0.1713,0.9406,0.2084,0.978
16.410644488,0.1652,0.9457,0.2103,0.983
16.410898142,0.1625,0.9482,0.2121,0.985
16.411139027,0.1561,0.9504,0.2160,0.987
16.43269995,0.1490,0.9540,0.2167,0.990
16.434274027,0.1480,0.9560,0.2179,0.992
16.43544795,0.1463,0.9582,0.2209,0.994
16.436666604,0.1449,0.9609,0.2231,0.997
16.437709296,0.1424,0.9618,0.2248,0.998
16.438887565,0.1378,0.9604,0.2277,0.997
16.440220065,0.1363,0.9606,0.2270,0.996
16.441446988,0.1327,0.9613,0.2248,0.996
16.442181027,0.1285,0.9599,0.2216,0.993
16.443228835,0.1283,0.9606,0.2189,0.994
16.444673796,0.1270,0.9611,0.2125,0.992
16.445668373,0.1244,0.9599,0.2023,0.989
16.446660488,0.1244,0.9606,0.1976,0.989
16.447572027,0.1231,0.9613,0.1854,0.987
16.448804104,0.1231,0.9618,0.1764,0.986
16.449536681,0.1234,0.9613,0.1627,0.983
16.450235104,0.1229,0.9623,0.1556,0.983
16.451113527,0.1236,0.9623,0.1522,0.982
16.451794027,0.1300,0.9591,0.1451,0.979
16.45290895,0.1368,0.9587,0.1363,0.978
16.453676796,0.1395,0.9577,0.1319,0.977
16.456081758,0.1446,0.9560,0.1251,0.975
16.457700796,0.1476,0.9552,0.1244,0.975
16.464375065,0.1556,0.9504,0.1229,0.971
16.466127758,0.1637,0.9477,0.1226,0.969
16.467153873,0.1647,0.9477,0.1214,0.969
16.468618796,0.1656,0.9467,0.1165,0.968
16.469631027,0.1737,0.9457,0.1119,0.968
16.47065945,0.1791,0.9452,0.1094,0.968
16.471375527,0.1864,0.9433,0.1068,0.967
16.472606411,0.1888,0.9430,0.1051,0.967
16.474353027,0.1930,0.9428,0.1016,0.968
16.476427604,0.1976,0.9438,0.0972,0.969
16.478844527,0.1991,0.9450,0.0945,0.970
16.480513488,0.2028,0.9472,0.0911,0.973
16.482166681,0.2062,0.9479,0.0845,0.974
16.484420835,0.2077,0.9484,0.0801,0.974
16.486188719,0.2091,0.9516,0.0694,0.977
16.488172065,0.2081,0.9540,0.0660,0.979
16.490145027,0.2050,0.9611,0.0584,0.984
16.492078681,0.2013,0.9660,0.0520,0.988
16.494253488,0.2006,0.9687,0.0511,0.991
16.498362258,0.1974,0.9740,0.0493,0.995
16.499524565,0.1937,0.9792,0.0489,0.999
16.499989873,0.1935,0.9811,0.0501,1.001
16.502399488,0.1891,0.9841,0.0552,1.004
16.503914488,0.1867,0.9841,0.0574,1.003
16.506061642,0.1842,0.9885,0.0608,1.007
16.508090681,0.1827,0.9897,0.0650,1.009
16.510087835,0.1823,0.9907,0.0657,1.009
16.528036027,0.1791,0.9909,0.0699,1.009
16.528741181,0.1754,0.9912,0.0701,1.009
16.529023796,0.1735,0.9902,0.0704,1.008
16.529257988,0.1705,0.9875,0.0713,1.005
16.529491488,0.1695,0.9872,0.0718,1.004
16.529728258,0.1688,0.9828,0.0718,1.000
16.529967027,0.1642,0.9789,0.0704,0.995
16.530189335,0.1615,0.9775,0.0701,0.993
16.530417642,0.1571,0.9745,0.0711,0.990
16.530643988,0.1549,0.9731,0.0711,0.988
16.531622796,0.1505,0.9706,0.0726,0.985
16.53366945,0.1466,0.9687,0.0718,0.982
16.535513565,0.1456,0.9694,0.0716,0.983
16.537433258,0.1400,0.9723,0.0711,0.985
16.539365911,0.1336,0.9765,0.0735,0.988
16.541404988,0.1302,0.9787,0.0757,0.990
16.543395296,0.1258,0.9865,0.0814,0.998
16.545739065,0.1246,0.9912,0.0845,1.003
16.547280181,0.1209,1.0024,0.0880,1.013
16.549137027,0.1156,1.0141,0.0941,1.025
16.551120527,0.1134,1.0200,0.0967,1.031
16.553458834,0.1070,1.0356,0.1011,1.046
16.555139719,0.1009,1.0520,0.1058,1.062
16.557015565,0.0975,1.0598,0.1090,1.070
16.559064681,0.0889,1.0779,0.1136,1.087
16.562741411,0.0738,1.0982,0.1168,1.107
16.564158988,0.0601,1.1087,0.1153,1.116
16.565315373,0.0450,1.1277,0.1231,1.135
16.567108565,0.0450,1.1372,0.1307,1.146
16.569055834,0.0513,1.1583,0.1407,1.168
16.571088181,0.0559,1.1751,0.1478,1.186
16.573075219,0.0572,1.1827,0.1507,1.194
16.574815258,0.0569,1.1971,0.1588,1.209
16.576961334,0.0545,1.2039,0.1615,1.216
16.58021645,0.0511,1.2193,0.1666,1.232
16.581740911,0.0462,1.2328,0.1669,1.245
16.583242604,0.0437,1.2399,0.1647,1.252
16.584680142,0.0474,1.2526,0.1593,1.264
16.586742373,0.0608,1.2650,0.1522,1.276
16.588735565,0.0704,1.2694,0.1498,1.280
16.590722642,0.0926,1.2748,0.1478,1.287
16.592780411,0.1004,1.2785,0.1463,1.291
16.607408027,0.1080,1.2863,0.1366,1.298
16.608990296,0.1192,1.2909,0.1312,1.303
16.60983995,0.1248,1.2914,0.1273,1.304
16.611018719,0.1346,1.2909,0.1148,1.303
16.61254645,0.1510,1.2902,0.1080,1.303
16.613798065,0.1598,1.2894,0.1031,1.303
16.61498145,0.1612,1.2872,0.0860,1.300
16.616019758,0.1610,1.2853,0.0782,1.298
16.617051719,0.1639,1.2831,0.0623,1.295
16.618420296,0.1632,1.2819,0.0432,1.293
16.619577834,0.1644,1.2782,0.0340,1.289
16.620934527,0.1588,1.2589,0.0166,1.269
16.622159373,0.1793,1.2496,0.0064,1.262
16.623234219,0.1928,1.2489,0.0017,1.264
16.624344258,0.2045,1.2445,-0.0107,1.261
16.625589181,0.2094,1.2386,-0.0139,1.256
16.626696104,0.2123,1.2252,-0.0169,1.244
16.63745395,0.2077,1.2115,-0.0183,1.229
16.638098065,0.2025,1.2047,-0.0205,1.222
16.638380296,0.1891,1.1895,-0.0205,1.205
16.63861595,0.1779,1.1754,-0.0210,1.189
16.63885645,0.1727,1.1680,-0.0215,1.181
16.639087604,0.1642,1.1534,-0.0217,1.165
16.640453873,0.1568,1.1453,-0.0208,1.156
16.642029334,0.1534,1.1297,-0.0195,1.140
16.643899142,0.1500,1.1135,-0.0183,1.124
16.651246873,0.1488,1.1045,-0.0166,1.115
16.651719411,0.1454,1.0884,-0.0107,1.098
16.651962527,0.1427,1.0703,-0.0066,1.080
16.652244142,0.1417,1.0610,-0.0027,1.070
16.654043181,0.1390,1.0439,0.0032,1.053
16.655695373,0.1380,1.0266,0.0100,1.036
16.657816334,0.1368,1.0183,0.0134,1.028
16.659561373,0.1327,0.9995,0.0208,1.008
16.662539257,0.1292,0.9909,0.0254,1.000
16.663835719,0.1222,0.9738,0.0335,0.982
16.665650796,0.1187,0.9565,0.0398,0.965
16.667374834,0.1160,0.9477,0.0432,0.956
16.66951895,0.1077,0.9318,0.0491,0.939
16.671411104,0.1024,0.9152,0.0545,0.922
16.673731719,0.0987,0.9056,0.0569,0.913
16.675331027,0.0914,0.8866,0.0616,0.893
16.677461873,0.0828,0.8780,0.0657,0.884
16.679671757,0.0799,0.8617,0.0708,0.868
16.681709681,0.0728,0.8441,0.0765,0.851
16.68328845,0.0694,0.8360,0.0782,0.843
16.685385142,0.0633,0.8192,0.0821,0.826
16.687216334,0.0577,0.8040,0.0828,0.810
16.689175604,0.0542,0.7972,0.0826,0.803
16.69114145,0.0503,0.7847,0.0823,0.791
16.693324796,0.0474,0.7779,0.0811,0.784
16.702774527,0.0454,0.7671,0.0782,0.772
16.704009104,0.0408,0.7588,0.0740,0.764
16.705202181,0.0403,0.7552,0.0728,0.760
16.706347988,0.0384,0.7473,0.0691,0.752
16.707828104,0.0344,0.7422,0.0623,0.746
16.734297565,0.0315,0.7410,0.0591,0.744
16.736355027,0.0266,0.7373,0.0513,0.740
16.737433911,0.0235,0.7361,0.0469,0.738
16.738282757,0.0217,0.7349,0.0396,0.736
16.739403257,0.0198,0.7341,0.0337,0.735
16.740857873,0.0191,0.7337,0.0303,0.735
16.742324219,0.0169,0.7346,0.0249,0.735
16.743359527,0.0151,0.7356,0.0239,0.736
16.745051681,0.0149,0.7361,0.0230,0.737
16.746456565,0.0151,0.7407,0.0166,0.741
16.747552488,0.0166,0.7442,0.0144,0.744
16.74887745,0.0151,0.7508,0.0120,0.751
16.750376104,0.0144,0.7595,0.0095,0.760
16.751367834,0.0137,0.7642,0.0093,0.764
16.752773181,0.0151,0.7727,-0.0076,0.773
16.75362495,0.0347,0.7723,-0.1129,0.781
16.754610911,0.0557,0.7683,-0.1766,0.790
16.755320834,0.1085,0.7625,-0.2499,0.810
16.756180604,0.1234,0.7671,-0.2343,0.812
16.756953911,0.1148,0.7881,-0.1287,0.807
16.757961604,0.0821,0.8135,-0.0337,0.818
16.758754219,0.0638,0.8270,-0.0095,0.829
16.75941918,0.0354,0.8512,0.0071,0.852
16.760584757,0.0213,0.8736,0.0083,0.874
16.761682757,0.0171,0.8859,0.0083,0.886
16.762736873,0.0164,0.9076,0.0051,0.908
16.763783027,0.0237,0.9247,-0.0098,0.925
16.764737604,0.0288,0.9325,-0.0161,0.933
16.765171873,0.0398,0.9467,-0.0247,0.948
16.765540411,0.0450,0.9533,-0.0266,0.955
16.765908334,0.0498,0.9662,-0.0210,0.968
16.766263604,0.0493,0.9826,-0.0061,0.984
16.768350988,0.0469,0.9912,0.0039,0.992
16.769936104,0.0352,1.0100,0.0288,1.011
16.77201768,0.0291,1.0207,0.0432,1.022
16.773861796,0.0225,1.0422,0.0723,1.045
16.77582468,0.0132,1.0662,0.0980,1.071
16.777942796,0.0081,1.0781,0.1099,1.084
16.779884104,-0.0010,1.0986,0.1305,1.106
16.784090988,-0.0088,1.1170,0.1483,1.127
16.784772257,-0.0105,1.1275,0.1524,1.138
16.78561345,-0.0120,1.1441,0.1424,1.153
16.78766818,-0.0105,1.1495,0.1341,1.157
16.789778257,-0.0017,1.1563,0.1138,1.162
16.791846257,0.0002,1.1509,0.0748,1.153
16.799867488,0.0076,1.1470,0.0613,1.149
16.801075565,0.0325,1.1460,0.0337,1.147
16.802281642,0.0567,1.1382,-0.0024,1.140
16.803256027,0.0699,1.1370,-0.0188,1.139
16.804795142,0.0892,1.1414,-0.0484,1.146
16.80553168,0.0955,1.1460,-0.0589,1.152
16.806027334,0.1204,1.1568,-0.0640,1.165
16.807494257,0.1439,1.1705,-0.0674,1.181
16.809429257,0.1468,1.1751,-0.0713,1.186
16.83266118,0.1480,1.1788,-0.0828,1.191
16.833812796,0.1424,1.1768,-0.0914,1.189
16.83455295,0.1385,1.1746,-0.0948,1.187
16.835252296,0.1373,1.1671,-0.0997,1.179
16.835894142,0.1422,1.1622,-0.1011,1.175
16.836644757,0.1498,1.1534,-0.1043,1.168
16.837277757,0.1520,1.1451,-0.1112,1.160
16.837755065,0.1505,1.1416,-0.1153,1.157
16.838191065,0.1439,1.1353,-0.1275,1.151
16.838593488,0.1380,1.1292,-0.1373,1.146
16.839001142,0.1368,1.1260,-0.1415,1.143
16.839386988,0.1300,1.1199,-0.1473,1.137
16.83979045,0.1268,1.1165,-0.1493,1.134
16.840227411,0.1200,1.1077,-0.1490,1.124
16.841679296,0.1126,1.1013,-0.1463,1.117
16.842292219,0.1090,1.0977,-0.1437,1.112
16.84283095,0.1024,1.0911,-0.1351,1.104
16.845615296,0.0994,1.0877,-0.1241,1.099
16.847840027,0.0977,1.0828,-0.1185,1.094
16.848832334,0.0938,1.0762,-0.1033,1.085
