time,gFx,gFy,gFz,TgF
0.003207308,-0.0276,0.0002,1.0178,1.018
0.0036615,-0.0320,-0.0002,1.0239,1.024
0.003919,-0.0344,-0.0012,1.0256,1.026
0.004159385,-0.0371,-0.0012,1.0273,1.028
0.004387116,-0.0374,-0.0020,1.0280,1.029
0.005042731,-0.0337,-0.0029,1.0285,1.029
0.006966847,-0.0320,-0.0007,1.0261,1.027
0.008946808,-0.0286,-0.0002,1.0234,1.024
0.011523347,-0.0225,0.0042,1.0146,1.015
0.013563808,-0.0257,0.0059,1.0092,1.010
0.014937039,-0.0271,0.0054,1.0058,1.006
0.017049308,-0.0320,0.0064,1.0019,1.002
0.019218385,-0.0342,0.0064,1.0002,1.001
0.020888039,-0.0374,0.0071,0.9951,0.996
0.022838077,-0.0415,0.0071,0.9924,0.993
0.024688847,-0.0415,0.0066,0.9924,0.993
0.029194577,-0.0398,0.0064,0.9926,0.993
0.029738347,-0.0384,0.0037,0.9919,0.993
0.03072877,-0.0362,0.0029,0.9916,0.992
0.032813847,-0.0320,0.0020,0.9938,0.994
0.034790193,-0.0300,0.0010,0.9953,0.996
0.036640347,-0.0269,-0.0015,0.9955,0.996
0.039126308,-0.0276,-0.0022,0.9958,0.996
0.040528385,-0.0266,-0.0015,0.9960,0.996
0.042496731,-0.0257,-0.0005,0.9965,0.997
0.046903693,-0.0247,-0.0029,0.9924,0.993
0.047558039,-0.0249,-0.0029,0.9904,0.991
0.048758231,-0.0249,-0.0005,0.9850,0.985
0.050385847,-0.0259,-0.0007,0.9806,0.981
0.052515077,-0.0286,0.0017,0.9750,0.975
0.054414116,-0.0279,0.0017,0.9709,0.971
0.0564445,-0.0276,0.0022,0.9701,0.971
0.058432731,-0.0281,0.0027,0.9704,0.971
0.06139627,-0.0271,0.0034,0.9753,0.976
0.062135808,-0.0259,0.0037,0.9784,0.979
0.064235385,-0.0257,0.0054,0.9885,0.989
0.066339654,-0.0235,0.0064,0.9982,0.999
0.068326693,-0.0222,0.0068,1.0017,1.002
0.0708205,-0.0230,0.0064,1.0105,1.011
0.072111923,-0.0247,0.0066,1.0139,1.014
0.074103077,-0.0261,0.0068,1.0168,1.017
0.07620677,-0.0259,0.0061,1.0202,1.021
0.078190346,-0.0252,0.0056,1.0212,1.022
0.080735385,-0.0261,0.0037,1.0236,1.024
0.082117039,-0.0269,0.0022,1.0305,1.031
0.084357693,-0.0269,0.0012,1.0334,1.034
0.086087616,-0.0266,-0.0007,1.0398,1.040
0.088072077,-0.0257,-0.0010,1.0429,1.043
0.089993577,-0.0252,-0.0017,1.0449,1.045
0.092076962,-0.0242,-0.0039,1.0471,1.047
0.103161539,-0.0225,-0.0046,1.0454,1.046
0.103767039,-0.0217,-0.0039,1.0381,1.038
0.104074193,-0.0222,-0.0054,1.0266,1.027
0.104342,-0.0217,-0.0056,1.0188,1.019
0.10458277,-0.0195,-0.0044,1.0039,1.004
0.104840154,-0.0188,-0.0051,0.9965,0.997
0.1056875,-0.0181,-0.0054,0.9831,0.983
0.107850693,-0.0176,-0.0054,0.9716,0.972
0.111197423,-0.0161,-0.0044,0.9667,0.967
0.111786846,-0.0154,-0.0027,0.9606,0.961
0.114608,-0.0154,-0.0015,0.9587,0.959
0.11594177,-0.0159,0.0000,0.9589,0.959
0.117672077,-0.0176,0.0000,0.9623,0.962
0.119561039,-0.0198,-0.0005,0.9672,0.967
0.121521923,-0.0193,0.0007,0.9697,0.970
0.123582808,-0.0188,0.0012,0.9758,0.976
0.127191039,-0.0191,0.0020,0.9787,0.979
0.134834846,-0.0188,0.0024,0.9872,0.987
0.135418308,-0.0191,0.0032,0.9955,0.996
0.135808462,-0.0191,0.0020,0.9997,1.000
0.136089962,-0.0195,0.0010,1.0061,1.006
0.136361846,-0.0193,0.0000,1.0105,1.011
0.137367654,-0.0183,0.0005,1.0119,1.012
0.13939427,-0.0183,0.0010,1.0119,1.012
0.141194193,-0.0191,0.0007,1.0109,1.011
0.146366154,-0.0166,0.0015,1.0085,1.009
0.147032116,-0.0176,0.0027,1.0061,1.006
0.147367885,-0.0186,0.0024,1.0039,1.004
0.149121923,-0.0191,0.0027,0.9997,1.000
0.151210462,-0.0217,0.0054,0.9946,0.995
0.152994231,-0.0222,0.0059,0.9933,0.994
0.154976,-0.0217,0.0046,0.9924,0.993
0.156931616,-0.0213,0.0044,0.9912,0.991
0.15888177,-0.0215,0.0032,0.9899,0.990
0.160930308,-0.0210,0.0051,0.9931,0.993
0.162961,-0.0208,0.0059,0.9936,0.994
0.164818,-0.0230,0.0066,0.9985,0.999
0.166715846,-0.0252,0.0073,1.0021,1.002
0.168648423,-0.0254,0.0046,1.0029,1.003
0.170797193,-0.0271,0.0049,1.0063,1.007
0.17260127,-0.0279,0.0056,1.0085,1.009
0.174618231,-0.0264,0.0049,1.0129,1.013
0.177771154,-0.0269,0.0054,1.0126,1.013
0.178791923,-0.0274,0.0066,1.0129,1.013
0.180577346,-0.0264,0.0071,1.0109,1.011
0.182630423,-0.0274,0.0064,1.0102,1.011
0.184424346,-0.0286,0.0054,1.0073,1.008
0.186481808,-0.0288,0.0051,1.0065,1.007
0.188400885,-0.0288,0.0046,1.0056,1.006
0.190457193,-0.0291,0.0022,1.0039,1.004
0.192274269,-0.0305,0.0037,1.0007,1.001
0.197133539,-0.0305,0.0017,1.0007,1.001
0.197739769,-0.0308,0.0020,0.9980,0.998
0.198329731,-0.0313,0.0012,0.9973,0.998
0.200294423,-0.0315,-0.0017,0.9955,0.996
0.202501269,-0.0300,-0.0027,0.9943,0.995
0.204411962,-0.0303,-0.0042,0.9919,0.992
0.206315116,-0.0286,-0.0034,0.9907,0.991
0.208218693,-0.0266,-0.0037,0.9926,0.993
0.211161731,-0.0254,-0.0054,0.9931,0.993
0.212302423,-0.0239,-0.0078,0.9936,0.994
0.214024077,-0.0242,-0.0068,0.9936,0.994
0.216038462,-0.0257,-0.0071,0.9921,0.992
0.218127077,-0.0259,-0.0061,0.9943,0.995
0.219807193,-0.0261,-0.0059,0.9929,0.993
0.221833308,-0.0298,-0.0078,0.9943,0.995
0.223952077,-0.0291,-0.0095,0.9977,0.998
0.2260475,-0.0288,-0.0095,0.9980,0.998
0.228770346,-0.0274,-0.0100,0.9985,0.999
0.234229693,-0.0269,-0.0098,0.9987,0.999
0.234844577,-0.0264,-0.0090,0.9968,0.997
0.235169808,-0.0242,-0.0093,0.9982,0.999
0.235576846,-0.0232,-0.0100,0.9968,0.997
0.237696308,-0.0239,-0.0100,0.9973,0.998
0.239575154,-0.0222,-0.0098,0.9975,0.998
0.241652885,-0.0213,-0.0090,1.0014,1.002
0.245082346,-0.0215,-0.0071,1.0039,1.004
0.245707116,-0.0208,-0.0054,1.0048,1.005
0.250791846,-0.0195,-0.0037,1.0085,1.009
0.251118731,-0.0176,-0.0024,1.0107,1.011
0.251383077,-0.0171,-0.0007,1.0112,1.011
0.253390654,-0.0151,0.0007,1.0141,1.014
0.255378577,-0.0159,0.0012,1.0146,1.015
0.257454846,-0.0147,0.0024,1.0153,1.015
0.259333154,-0.0147,0.0042,1.0178,1.018
0.261524539,-0.0144,0.0039,1.0190,1.019
0.263419462,-0.0173,0.0049,1.0202,1.020
0.265447846,-0.0178,0.0056,1.0219,1.022
0.267331962,-0.0173,0.0049,1.0205,1.021
0.269306423,-0.0154,0.0068,1.0200,1.020
0.271529962,-0.0154,0.0068,1.0202,1.020
0.273291193,-0.0154,0.0068,1.0195,1.020
0.275179885,-0.0169,0.0071,1.0166,1.017
0.286820231,-0.0173,0.0076,1.0166,1.017
0.287488231,-0.0186,0.0076,1.0173,1.017
0.287852462,-0.0205,0.0066,1.0173,1.018
0.288172077,-0.0205,0.0061,1.0173,1.018
0.2884355,-0.0227,0.0022,1.0170,1.017
0.288711808,-0.0237,0.0012,1.0170,1.017
0.288951654,-0.0247,0.0007,1.0161,1.016
0.290914885,-0.0215,-0.0024,1.0131,1.013
0.292882846,-0.0203,-0.0029,1.0124,1.013
0.294888923,-0.0191,-0.0044,1.0102,1.010
0.296925462,-0.0154,-0.0054,1.0085,1.009
0.298886385,-0.0134,-0.0056,1.0090,1.009
0.301087,-0.0122,-0.0054,1.0039,1.004
0.302858962,-0.0107,-0.0054,1.0031,1.003
0.304967308,-0.0107,-0.0064,1.0031,1.003
0.306795654,-0.0100,-0.0081,1.0024,1.002
0.308639346,-0.0122,-0.0078,1.0034,1.003
0.311749154,-0.0122,-0.0071,1.0048,1.005
0.312759462,-0.0105,-0.0088,1.0021,1.002
0.314700116,-0.0098,-0.0095,1.0031,1.003
0.316639039,-0.0078,-0.0088,1.0048,1.005
0.318591231,-0.0086,-0.0071,1.0046,1.005
0.320638308,-0.0073,-0.0064,1.0061,1.006
0.322563962,-0.0054,-0.0054,1.0065,1.007
0.324471846,-0.0017,-0.0054,1.0058,1.006
0.326484,0.0000,-0.0032,1.0070,1.007
0.328601154,0.0027,-0.0002,1.0078,1.008
0.330445077,0.0034,0.0002,1.0090,1.009
0.332400192,0.0034,0.0020,1.0112,1.011
0.334355423,-0.0007,0.0061,1.0080,1.008
0.336382769,-0.0044,0.0086,1.0058,1.006
0.338319808,-0.0110,0.0129,1.0041,1.004
0.340201077,-0.0169,0.0142,1.0007,1.001
0.342084192,-0.0200,0.0142,0.9990,0.999
0.345079308,-0.0271,0.0139,0.9953,0.996
0.346162692,-0.0296,0.0139,0.9943,0.995
0.348284346,-0.0322,0.0115,0.9931,0.994
0.350351192,-0.0340,0.0105,0.9912,0.992
0.352192154,-0.0349,0.0107,0.9899,0.991
0.354040731,-0.0349,0.0078,0.9877,0.988
0.356075577,-0.0349,0.0064,0.9870,0.988
0.357955077,-0.0352,0.0051,0.9863,0.987
0.360284654,-0.0342,0.0022,0.9868,0.987
0.362468,-0.0342,0.0017,0.9870,0.988
0.363931769,-0.0352,-0.0002,0.9858,0.986
0.366013423,-0.0342,-0.0015,0.9885,0.989
0.368064269,-0.0347,0.0002,0.9897,0.990
0.369796462,-0.0352,0.0005,0.9902,0.991
0.372246539,-0.0354,-0.0007,0.9921,0.993
0.373898616,-0.0354,-0.0017,0.9912,0.992
0.375804654,-0.0359,-0.0007,0.9894,0.990
0.381214962,-0.0364,-0.0017,0.9897,0.990
0.381883616,-0.0381,-0.0046,0.9872,0.988
0.382307,-0.0364,-0.0056,0.9897,0.990
0.383709,-0.0364,-0.0061,0.9902,0.991
0.385665077,-0.0347,-0.0054,0.9904,0.991
0.387587769,-0.0332,-0.0056,0.9912,0.992
0.389718039,-0.0318,-0.0054,0.9951,0.996
0.391612231,-0.0288,-0.0078,0.9973,0.998
0.393534654,-0.0276,-0.0078,0.9985,0.999
0.395488885,-0.0252,-0.0078,1.0021,1.002
0.397346577,-0.0239,-0.0103,1.0036,1.004
0.399651077,-0.0230,-0.0105,1.0026,1.003
0.401414154,-0.0227,-0.0110,1.0048,1.005
0.403449885,-0.0244,-0.0110,1.0043,1.005
0.405258885,-0.0247,-0.0098,1.0041,1.004
0.407290692,-0.0242,-0.0076,1.0053,1.006
0.409174192,-0.0247,-0.0086,1.0053,1.006
0.411762385,-0.0279,-0.0086,1.0043,1.005
0.413120923,-0.0293,-0.0073,1.0039,1.004
0.415217231,-0.0308,-0.0076,1.0046,1.005
0.417094885,-0.0344,-0.0059,1.0056,1.006
0.419120115,-0.0362,-0.0042,1.0065,1.007
0.421015923,-0.0398,-0.0032,1.0102,1.011
0.4229905,-0.0420,-0.0017,1.0095,1.010
0.424944808,-0.0435,-0.0007,1.0105,1.011
0.428399615,-0.0430,-0.0002,1.0141,1.015
0.429185231,-0.0437,0.0020,1.0163,1.017
0.434696077,-0.0432,0.0024,1.0185,1.019
0.435391731,-0.0428,0.0039,1.0188,1.020
0.435739923,-0.0415,0.0054,1.0175,1.018
0.436763539,-0.0415,0.0061,1.0168,1.018
0.438800885,-0.0401,0.0061,1.0180,1.019
0.441259077,-0.0386,0.0056,1.0185,1.019
0.443141192,-0.0352,0.0081,1.0188,1.019
0.444634231,-0.0340,0.0088,1.0168,1.017
0.446861615,-0.0340,0.0093,1.0163,1.017
0.448704923,-0.0308,0.0098,1.0166,1.017
0.450683769,-0.0261,0.0103,1.0175,1.018
0.4526565,-0.0242,0.0122,1.0153,1.016
0.454732231,-0.0193,0.0120,1.0124,1.013
0.456542692,-0.0181,0.0132,1.0105,1.011
0.459368654,-0.0159,0.0147,1.0063,1.007
0.4617515,-0.0122,0.0156,1.0041,1.004
0.462737039,-0.0112,0.0156,1.0029,1.003
0.464529539,-0.0125,0.0166,1.0007,1.001
0.466647423,-0.0129,0.0173,0.9977,0.998
0.468417154,-0.0122,0.0166,0.9965,0.997
0.470502154,-0.0122,0.0159,0.9963,0.996
0.472283115,-0.0122,0.0156,0.9960,0.996
0.474385462,-0.0139,0.0159,0.9999,1.000
0.476241539,-0.0147,0.0166,1.0017,1.002
0.478527923,-0.0137,0.0166,1.0026,1.003
0.4802295,-0.0142,0.0139,1.0048,1.005
0.482229962,-0.0151,0.0137,1.0065,1.007
0.484137731,-0.0166,0.0122,1.0092,1.009
0.486113385,-0.0191,0.0139,1.0092,1.010
0.488001269,-0.0208,0.0132,1.0075,1.008
0.489944846,-0.0222,0.0110,1.0063,1.007
0.491892885,-0.0237,0.0105,1.0046,1.005
0.499182308,-0.0242,0.0117,1.0026,1.003
0.500044769,-0.0269,0.0115,1.0004,1.001
0.500553615,-0.0279,0.0122,0.9992,1.000
0.501026,-0.0286,0.0132,0.9975,0.998
0.501898039,-0.0308,0.0129,0.9982,0.999
0.503796654,-0.0313,0.0129,0.9975,0.998
0.505926577,-0.0332,0.0132,0.9946,0.995
0.507818539,-0.0305,0.0122,0.9941,0.995
0.509867385,-0.0298,0.0122,0.9929,0.993
0.515531923,-0.0266,0.0122,0.9916,0.992
0.516442385,-0.0257,0.0127,0.9904,0.991
0.516905,-0.0215,0.0120,0.9894,0.990
0.5177895,-0.0181,0.0122,0.9890,0.989
0.519869154,-0.0156,0.0127,0.9880,0.988
0.521360808,-0.0139,0.0127,0.9877,0.988
0.523646808,-0.0117,0.0125,0.9882,0.988
0.525456308,-0.0107,0.0122,0.9880,0.988
0.528870385,-0.0078,0.0137,0.9912,0.991
0.529623692,-0.0066,0.0134,0.9914,0.992
0.531353,-0.0034,0.0115,0.9916,0.992
0.533221423,-0.0012,0.0105,0.9948,0.995
0.536024346,0.0010,0.0100,0.9955,0.996
0.5371485,0.0012,0.0090,0.9980,0.998
0.539277577,0.0012,0.0100,0.9995,1.000
0.541336423,0.0015,0.0120,0.9997,1.000
0.543235731,0.0015,0.0110,1.0004,1.000
0.545934269,0.0017,0.0112,1.0004,1.000
0.547339308,0.0042,0.0134,1.0029,1.003
0.549327423,0.0029,0.0129,1.0029,1.003
0.551128808,0.0020,0.0129,1.0026,1.003
0.552915154,0.0012,0.0127,1.0004,1.001
0.555041077,0.0015,0.0125,0.9999,1.000
0.556920038,0.0029,0.0127,1.0017,1.002
0.559107385,0.0022,0.0120,1.0014,1.001
0.5626775,0.0012,0.0117,1.0007,1.001
0.564173615,0.0000,0.0115,0.9977,0.998
0.566205462,0.0000,0.0112,0.9975,0.998
0.567328846,-0.0005,0.0110,0.9973,0.997
0.569024154,-0.0032,0.0117,0.9973,0.997
0.5710405,-0.0037,0.0093,0.9975,0.998
0.573052615,-0.0042,0.0086,0.9963,0.996
0.574846115,-0.0051,0.0071,0.9943,0.994
0.576883692,-0.0071,0.0066,0.9938,0.994
0.580077885,-0.0083,0.0064,0.9929,0.993
0.581597115,-0.0095,0.0061,0.9919,0.992
0.582776885,-0.0100,0.0071,0.9926,0.993
0.584705231,-0.0120,0.0064,0.9943,0.994
0.5866625,-0.0142,0.0046,0.9951,0.995
0.589548692,-0.0151,0.0051,0.9955,0.996
0.590637423,-0.0159,0.0032,0.9992,0.999
0.592554077,-0.0178,0.0024,0.9995,1.000
0.603134192,-0.0176,0.0012,1.0017,1.002
0.604609192,-0.0186,0.0010,1.0034,1.004
0.605585885,-0.0186,0.0012,1.0048,1.005
0.606637885,-0.0181,0.0012,1.0085,1.009
0.607577231,-0.0181,0.0007,1.0100,1.010
0.608606231,-0.0178,0.0010,1.0112,1.011
0.609373192,-0.0191,-0.0007,1.0122,1.012
0.610731077,-0.0225,0.0000,1.0117,1.012
0.611416808,-0.0227,0.0007,1.0131,1.013
0.621320923,-0.0217,0.0000,1.0166,1.017
0.6220475,-0.0210,-0.0002,1.0166,1.017
0.622474038,-0.0198,-0.0002,1.0173,1.017
0.622817808,-0.0208,0.0000,1.0175,1.018
0.623149308,-0.0195,0.0010,1.0163,1.017
0.623484308,-0.0205,0.0027,1.0158,1.016
0.624021231,-0.0225,0.0029,1.0144,1.015
0.626009461,-0.0203,0.0039,1.0122,1.012
0.629564577,-0.0208,0.0064,1.0102,1.010
0.631024692,-0.0213,0.0078,1.0087,1.009
0.631794269,-0.0239,0.0076,1.0058,1.006
0.633691923,-0.0257,0.0088,1.0034,1.004
0.636210115,-0.0259,0.0095,1.0024,1.003
0.637762538,-0.0254,0.0110,1.0002,1.001
0.639857038,-0.0261,0.0098,0.9977,0.998
0.641543385,-0.0269,0.0083,0.9933,0.994
0.643575192,-0.0279,0.0083,0.9924,0.993
0.645663231,-0.0296,0.0083,0.9907,0.991
0.647800654,-0.0327,0.0086,0.9912,0.992
0.649441346,-0.0335,0.0090,0.9894,0.990
0.651697423,-0.0344,0.0083,0.9897,0.990
0.653551885,-0.0376,0.0064,0.9909,0.992
0.655562692,-0.0384,0.0056,0.9907,0.991
0.657349115,-0.0386,0.0059,0.9907,0.991
0.659574038,-0.0388,0.0051,0.9919,0.993
0.663171846,-0.0381,0.0049,0.9916,0.992
0.664362961,-0.0366,0.0020,0.9926,0.993
0.666135,-0.0349,0.0017,0.9926,0.993
0.667744077,-0.0362,0.0012,0.9938,0.994
0.669638423,-0.0352,-0.0015,0.9938,0.994
0.671635192,-0.0357,-0.0024,0.9919,0.993
0.673568308,-0.0364,-0.0042,0.9926,0.993
0.675511115,-0.0371,-0.0049,0.9924,0.993
0.677550654,-0.0366,-0.0046,0.9926,0.993
0.6807305,-0.0349,-0.0051,0.9946,0.995
0.682238,-0.0330,-0.0061,0.9975,0.998
0.683864231,-0.0327,-0.0061,0.9982,0.999
0.685285,-0.0310,-0.0071,0.9987,0.999
0.687246808,-0.0310,-0.0073,0.9990,0.999
0.689174961,-0.0315,-0.0073,1.0019,1.002
0.691210846,-0.0318,-0.0061,1.0043,1.005
0.693223615,-0.0315,-0.0078,1.0043,1.005
0.703833461,-0.0325,-0.0103,1.0036,1.004
0.705306269,-0.0313,-0.0088,1.0029,1.003
0.706445615,-0.0308,-0.0090,1.0026,1.003
0.7075285,-0.0303,-0.0086,1.0026,1.003
0.708576846,-0.0296,-0.0078,1.0017,1.002
0.709410192,-0.0296,-0.0076,1.0017,1.002
0.710624423,-0.0288,-0.0076,1.0012,1.002
0.711064923,-0.0291,-0.0078,1.0007,1.001
0.711299654,-0.0310,-0.0066,1.0007,1.001
0.722593769,-0.0330,-0.0073,0.9995,1.000
0.723176961,-0.0335,-0.0066,0.9995,1.000
0.723425846,-0.0342,-0.0044,0.9999,1.001
0.723668461,-0.0349,-0.0039,1.0002,1.001
0.723890769,-0.0374,-0.0042,0.9995,1.000
0.724121615,-0.0384,-0.0034,0.9992,1.000
0.724508384,-0.0393,-0.0032,0.9992,1.000
0.726995846,-0.0428,-0.0022,0.9997,1.001
0.7313575,-0.0423,0.0005,1.0009,1.002
0.731845308,-0.0425,0.0007,1.0019,1.003
0.732360192,-0.0423,0.0027,1.0053,1.006
0.734188115,-0.0425,0.0029,1.0061,1.007
0.736381923,-0.0425,0.0037,1.0031,1.004
0.738158077,-0.0425,0.0056,1.0036,1.005
0.740396615,-0.0428,0.0064,1.0024,1.003
0.742146961,-0.0437,0.0064,0.9997,1.001
0.744223308,-0.0450,0.0071,0.9980,0.999
0.746238077,-0.0457,0.0071,0.9997,1.001
0.748206461,-0.0440,0.0086,0.9975,0.999
0.750153577,-0.0440,0.0088,0.9958,0.997
0.7521305,-0.0450,0.0088,0.9933,0.994
0.754035231,-0.0459,0.0086,0.9909,0.992
0.756055192,-0.0459,0.0095,0.9899,0.991
0.758242808,-0.0457,0.0117,0.9885,0.990
0.760168808,-0.0454,0.0093,0.9899,0.991
0.762591538,-0.0447,0.0081,0.9909,0.992
0.764998577,-0.0437,0.0078,0.9926,0.994
0.766467808,-0.0442,0.0081,0.9933,0.994
0.768034846,-0.0435,0.0076,0.9960,0.997
0.770045884,-0.0437,0.0071,0.9985,0.999
0.772229308,-0.0430,0.0054,0.9997,1.001
0.773770846,-0.0408,0.0044,1.0019,1.003
0.776017423,-0.0386,0.0037,1.0031,1.004
0.778010808,-0.0388,0.0044,1.0039,1.005
0.780705192,-0.0393,0.0049,1.0058,1.007
0.782216808,-0.0379,0.0042,1.0065,1.007
0.783914423,-0.0364,0.0049,1.0080,1.009
0.785741923,-0.0340,0.0044,1.0095,1.010
0.787721808,-0.0327,0.0049,1.0109,1.011
0.789541384,-0.0320,0.0039,1.0136,1.014
0.7916645,-0.0315,0.0027,1.0141,1.015
0.793557269,-0.0318,0.0032,1.0131,1.014
0.804197731,-0.0300,0.0044,1.0105,1.011
0.805694538,-0.0303,0.0042,1.0100,1.010
0.806938423,-0.0308,0.0020,1.0068,1.007
0.807904731,-0.0318,0.0012,1.0021,1.003
0.808861808,-0.0322,0.0010,1.0004,1.001
0.809900269,-0.0320,0.0010,0.9970,0.998
0.8113625,-0.0315,0.0005,0.9931,0.994
0.812593846,-0.0318,0.0005,0.9904,0.991
0.813739846,-0.0344,0.0000,0.9863,0.987
0.814903461,-0.0344,-0.0012,0.9843,0.985
0.815938308,-0.0364,-0.0005,0.9811,0.982
0.831579231,-0.0391,-0.0005,0.9753,0.976
0.833321615,-0.0393,0.0005,0.9726,0.973
0.834526461,-0.0398,0.0034,0.9662,0.967
0.835871884,-0.0430,0.0027,0.9596,0.961
0.837459961,-0.0452,0.0020,0.9557,0.957
0.838685615,-0.0479,0.0029,0.9513,0.953
0.839833615,-0.0481,0.0034,0.9501,0.951
0.841415384,-0.0469,0.0049,0.9486,0.950
0.842555154,-0.0459,0.0034,0.9538,0.955
0.843526115,-0.0462,0.0042,0.9567,0.958
0.844657231,-0.0415,0.0051,0.9648,0.966
0.845765461,-0.0403,0.0037,0.9777,0.979
0.847092269,-0.0391,0.0032,0.9838,0.985
0.848238654,-0.0357,0.0034,0.9933,0.994
0.849362692,-0.0335,0.0029,0.9973,0.998
0.850628846,-0.0320,0.0037,1.0019,1.002
0.851762346,-0.0293,0.0044,1.0041,1.005
0.852912615,-0.0288,0.0039,1.0068,1.007
0.854007307,-0.0281,0.0020,1.0107,1.011
0.854918654,-0.0239,0.0017,1.0153,1.016
0.857107038,-0.0225,0.0000,1.0266,1.027
0.858775231,-0.0198,0.0000,1.0373,1.038
0.860653192,-0.0195,0.0000,1.0415,1.042
0.873008384,-0.0151,-0.0015,1.0493,1.049
0.873642923,-0.0115,-0.0002,1.0517,1.052
0.873890769,-0.0105,0.0000,1.0515,1.052
0.874129846,-0.0076,-0.0002,1.0503,1.050
0.874421923,-0.0083,0.0007,1.0469,1.047
0.874664807,-0.0090,0.0012,1.0363,1.036
0.874902346,-0.0068,0.0012,1.0197,1.020
0.876040615,-0.0066,0.0005,1.0126,1.013
0.882000346,-0.0078,0.0012,0.9990,0.999
0.882650807,-0.0083,0.0054,0.9850,0.985
0.882929692,-0.0090,0.0059,0.9792,0.979
0.884074077,-0.0093,0.0051,0.9716,0.972
0.886146615,-0.0103,0.0059,0.9699,0.970
0.888302461,-0.0125,0.0054,0.9670,0.967
0.889961307,-0.0137,0.0078,0.9682,0.968
0.892051231,-0.0154,0.0086,0.9689,0.969
0.894137769,-0.0186,0.0083,0.9721,0.972
0.900801846,-0.0188,0.0066,0.9772,0.977
0.901492461,-0.0188,0.0064,0.9797,0.980
0.901807884,-0.0193,0.0059,0.9833,0.984
0.902100769,-0.0203,0.0064,0.9890,0.989
0.903919307,-0.0200,0.0042,0.9914,0.992
0.905902384,-0.0178,0.0037,0.9965,0.997
0.907710692,-0.0188,0.0046,0.9980,0.998
0.909762,-0.0191,0.0034,0.9995,1.000
0.913732923,-0.0166,0.0037,1.0014,1.002
0.915025307,-0.0166,0.0024,1.0017,1.002
0.915521,-0.0156,0.0020,1.0017,1.002
0.917525769,-0.0147,0.0029,1.0017,1.002
0.919733192,-0.0156,0.0042,1.0002,1.000
0.921459192,-0.0161,0.0032,0.9977,0.998
0.923546884,-0.0154,0.0032,0.9970,0.997
0.925970807,-0.0154,0.0029,0.9943,0.994
0.927340654,-0.0149,0.0037,0.9914,0.992
0.930339,-0.0142,0.0046,0.9907,0.991
0.932013923,-0.0142,0.0059,0.9877,0.988
0.933424461,-0.0142,0.0059,0.9872,0.987
0.936870231,-0.0122,0.0066,0.9858,0.986
0.9373125,-0.0139,0.0066,0.9890,0.989
0.939470538,-0.0139,0.0086,0.9899,0.990
0.941033384,-0.0132,0.0093,0.9926,0.993
0.943387692,-0.0149,0.0093,0.9973,0.997
0.946225577,-0.0161,0.0098,1.0012,1.001
0.947457307,-0.0173,0.0103,1.0058,1.006
0.950047307,-0.0176,0.0103,1.0090,1.009
0.95119423,-0.0176,0.0127,1.0124,1.013
0.953326692,-0.0193,0.0122,1.0153,1.016
0.954917692,-0.0208,0.0122,1.0153,1.016
0.956838269,-0.0205,0.0142,1.0158,1.016
0.958986115,-0.0213,0.0142,1.0139,1.014
0.960717077,-0.0230,0.0142,1.0146,1.015
0.963273769,-0.0235,0.0122,1.0109,1.011
0.964952038,-0.0235,0.0125,1.0102,1.011
0.966778384,-0.0257,0.0120,1.0080,1.008
0.968591961,-0.0269,0.0127,1.0063,1.007
0.9707195,-0.0271,0.0129,1.0048,1.005
0.972645846,-0.0266,0.0127,1.0034,1.004
0.975190115,-0.0269,0.0117,1.0026,1.003
0.976673884,-0.0266,0.0107,1.0014,1.002
0.981978461,-0.0283,0.0093,1.0024,1.003
0.982619115,-0.0286,0.0083,1.0024,1.003
0.983301423,-0.0266,0.0071,1.0002,1.001
0.984686269,-0.0279,0.0059,0.9999,1.000
0.986893692,-0.0276,0.0071,0.9995,1.000
0.988915807,-0.0259,0.0068,0.9980,0.998
0.99086023,-0.0225,0.0056,0.9951,0.995
0.992629038,-0.0222,0.0049,0.9958,0.996
0.994677307,-0.0215,0.0042,0.9951,0.995
1.002562961,-0.0208,0.0044,0.9938,0.994
1.003343269,-0.0200,0.0046,0.9953,0.996
1.003688538,-0.0215,0.0034,0.9948,0.995
1.003969961,-0.0217,0.0024,0.9938,0.994
1.004249307,-0.0191,0.0002,0.9936,0.994
1.00650273,-0.0164,0.0017,0.9926,0.993
1.008440538,-0.0151,0.0012,0.9931,0.993
1.010214038,-0.0147,-0.0002,0.9931,0.993
1.013490307,-0.0139,0.0007,0.9933,0.993
1.014228577,-0.0137,0.0020,0.9921,0.992
1.016153307,-0.0125,0.0015,0.9924,0.992
1.018133884,-0.0125,0.0015,0.9929,0.993
1.020420077,-0.0132,0.0005,0.9926,0.993
1.022105461,-0.0132,0.0005,0.9951,0.995
1.02388573,-0.0137,0.0017,0.9970,0.997
1.028355923,-0.0151,0.0017,0.9970,0.997
1.02902973,-0.0151,0.0020,0.9968,0.997
1.032761961,-0.0139,0.0020,0.9960,0.996
1.033548692,-0.0178,0.0037,0.9960,0.996
1.034839269,-0.0178,0.0039,0.9968,0.997
1.035629961,-0.0186,0.0044,0.9977,0.998
1.048762423,-0.0188,0.0066,0.9990,0.999
1.049481846,-0.0200,0.0083,1.0004,1.001
1.049772384,-0.0222,0.0078,1.0043,1.005
1.050018884,-0.0232,0.0086,1.0046,1.005
1.050369692,-0.0244,0.0095,1.0068,1.007
1.060528846,-0.0259,0.0098,1.0073,1.008
1.061056961,-0.0247,0.0095,1.0080,1.008
1.061449961,-0.0269,0.0093,1.0102,1.011
1.061766307,-0.0276,0.0086,1.0102,1.011
1.062054307,-0.0281,0.0086,1.0109,1.011
1.06238523,-0.0305,0.0095,1.0139,1.014
1.062683653,-0.0308,0.0103,1.0148,1.015
1.062952077,-0.0300,0.0110,1.0148,1.015
1.064825577,-0.0300,0.0107,1.0156,1.016
1.065573384,-0.0305,0.0098,1.0151,1.016
1.067335807,-0.0293,0.0112,1.0139,1.014
1.069670384,-0.0281,0.0120,1.0131,1.014
1.071287153,-0.0279,0.0122,1.0131,1.014
1.073289577,-0.0264,0.0105,1.0105,1.011
1.07537223,-0.0257,0.0095,1.0090,1.009
1.077323307,-0.0244,0.0093,1.0078,1.008
1.080702961,-0.0261,0.0095,1.0034,1.004
1.082497346,-0.0252,0.0105,1.0029,1.003
1.083573153,-0.0230,0.0120,1.0004,1.001
1.085220961,-0.0220,0.0103,0.9982,0.999
1.087069461,-0.0222,0.0100,0.9963,0.997
1.089101115,-0.0208,0.0088,0.9948,0.995
1.091340077,-0.0215,0.0083,0.9946,0.995
1.093012692,-0.0215,0.0076,0.9931,0.993
1.095130577,-0.0205,0.0061,0.9916,0.992
1.102107807,-0.0200,0.0064,0.9912,0.991
1.103096538,-0.0195,0.0061,0.9904,0.991
1.103565269,-0.0210,0.0046,0.9902,0.990
1.104834884,-0.0208,0.0046,0.9894,0.990
1.1053025,-0.0208,0.0037,0.9853,0.986
1.106842807,-0.0195,0.0010,0.9848,0.985
1.11138573,-0.0191,0.0005,0.9850,0.985
1.112093269,-0.0205,-0.0015,0.9855,0.986
1.12330573,-0.0200,-0.0017,0.9853,0.985
1.124152153,-0.0210,-0.0027,0.9865,0.987
1.124600577,-0.0193,-0.0027,0.9880,0.988
1.125031346,-0.0188,-0.0017,0.9887,0.989
1.12544423,-0.0195,-0.0017,0.9894,0.990
1.125871884,-0.0176,-0.0017,0.9885,0.989
1.126327077,-0.0164,-0.0012,0.9894,0.990
1.126870346,-0.0154,-0.0029,0.9894,0.990
1.128533846,-0.0154,-0.0022,0.9902,0.990
1.133604153,-0.0147,-0.0005,0.9948,0.995
1.134812807,-0.0159,-0.0005,0.9973,0.997
1.135451,-0.0147,0.0015,0.9970,0.997
1.136326461,-0.0147,0.0044,0.9990,0.999
1.13823773,-0.0142,0.0046,1.0041,1.004
1.140433961,-0.0151,0.0056,1.0053,1.005
1.142347269,-0.0169,0.0064,1.0063,1.006
1.144469,-0.0181,0.0068,1.0075,1.008
1.146565115,-0.0166,0.0066,1.0083,1.008
1.149231961,-0.0171,0.0071,1.0061,1.006
1.150423192,-0.0171,0.0078,1.0036,1.004
1.152134653,-0.0176,0.0083,1.0024,1.003
1.154010307,-0.0188,0.0093,0.9982,0.998
1.156089423,-0.0186,0.0098,0.9975,0.998
1.157929807,-0.0173,0.0115,0.9968,0.997
1.160400615,-0.0169,0.0115,0.9958,0.996
1.163767538,-0.0169,0.0107,0.9955,0.996
1.164667384,-0.0171,0.0129,0.9968,0.997
1.165948038,-0.0169,0.0125,0.9982,0.998
1.168222769,-0.0195,0.0134,1.0014,1.002
1.170406076,-0.0215,0.0120,1.0024,1.003
1.172098538,-0.0208,0.0110,1.0026,1.003
1.173747615,-0.0193,0.0112,1.0036,1.004
1.17603723,-0.0200,0.0107,1.0031,1.003
1.177798576,-0.0195,0.0105,1.0036,1.004
1.180087307,-0.0178,0.0090,1.0017,1.002
1.181672269,-0.0181,0.0083,0.9997,1.000
1.183781461,-0.0176,0.0068,0.9992,0.999
1.185563923,-0.0188,0.0056,0.9960,0.996
1.187533423,-0.0191,0.0059,0.9951,0.995
1.189336192,-0.0195,0.0066,0.9946,0.995
1.191568538,-0.0195,0.0066,0.9948,0.995
1.193238153,-0.0191,0.0042,0.9965,0.997
1.204112769,-0.0200,0.0046,0.9977,0.998
1.205180423,-0.0205,0.0039,0.9985,0.999
1.205932115,-0.0200,0.0024,1.0043,1.005
1.206783807,-0.0205,0.0027,1.0061,1.006
1.207570269,-0.0195,0.0020,1.0090,1.009
1.20824473,-0.0181,0.0015,1.0129,1.013
1.208997884,-0.0176,0.0022,1.0134,1.014
1.209680346,-0.0166,0.0027,1.0144,1.014
1.211442346,-0.0149,0.0024,1.0151,1.015
1.235469423,-0.0149,0.0010,1.0156,1.016
1.237068807,-0.0134,-0.0002,1.0139,1.014
1.237914461,-0.0112,0.0000,1.0131,1.013
1.23910623,-0.0090,0.0012,1.0124,1.012
1.24006523,-0.0100,0.0024,1.0105,1.011
1.241105692,-0.0090,0.0029,1.0083,1.008
1.242882961,-0.0059,0.0029,1.0051,1.005
1.243608269,-0.0027,0.0034,1.0036,1.004
1.244333538,-0.0027,0.0046,1.0048,1.005
1.245231153,-0.0020,0.0059,1.0019,1.002
1.246107307,-0.0024,0.0064,1.0014,1.001
1.247191461,-0.0042,0.0064,1.0014,1.001
1.248165538,-0.0046,0.0061,1.0021,1.002
1.249009,-0.0049,0.0071,1.0014,1.001
1.249621346,-0.0061,0.0073,1.0002,1.000
1.250215038,-0.0066,0.0066,1.0004,1.000
1.251235307,-0.0068,0.0076,1.0004,1.000
1.251888269,-0.0078,0.0088,0.9997,1.000
1.252849807,-0.0088,0.0088,0.9999,1.000
1.253533884,-0.0088,0.0081,1.0014,1.001
1.2541895,-0.0115,0.0073,1.0004,1.001
1.255199269,-0.0129,0.0078,1.0024,1.003
1.257799076,-0.0154,0.0083,1.0053,1.005
1.259303307,-0.0186,0.0107,1.0046,1.005
1.260362,-0.0188,0.0115,1.0068,1.007
1.267019384,-0.0183,0.0112,1.0070,1.007
1.268663115,-0.0186,0.0115,1.0070,1.007
1.269840384,-0.0193,0.0139,1.0065,1.007
1.271522269,-0.0200,0.0129,1.0087,1.009
1.272522423,-0.0205,0.0129,1.0095,1.010
1.273425999,-0.0217,0.0134,1.0048,1.005
1.27472273,-0.0213,0.0120,1.0019,1.002
1.276307961,-0.0210,0.0112,1.0004,1.001
1.278107115,-0.0208,0.0120,0.9992,1.000
1.288766384,-0.0195,0.0117,0.9980,0.998
1.289546615,-0.0200,0.0093,0.9951,0.995
1.289981846,-0.0183,0.0105,0.9931,0.993
1.290478076,-0.0173,0.0107,0.9919,0.992
1.290931999,-0.0149,0.0100,0.9912,0.991
1.291259923,-0.0110,0.0103,0.9914,0.992
1.292171269,-0.0105,0.0117,0.9902,0.990
1.293827923,-0.0105,0.0090,0.9899,0.990
1.307678346,-0.0107,0.0088,0.9894,0.990
1.309228923,-0.0090,0.0064,0.9885,0.989
1.310199307,-0.0088,0.0054,0.9899,0.990
1.311238576,-0.0078,0.0064,0.9914,0.991
1.31242673,-0.0068,0.0054,0.9929,0.993
1.313627538,-0.0093,0.0032,0.9924,0.992
1.314761038,-0.0083,0.0027,0.9921,0.992
1.315936923,-0.0066,0.0034,0.9914,0.991
1.316801192,-0.0066,0.0042,0.9914,0.991
1.317776615,-0.0076,0.0017,0.9926,0.993
1.31871673,-0.0093,0.0042,0.9948,0.995
1.319678807,-0.0103,0.0046,0.9958,0.996
1.32053673,-0.0142,0.0056,0.9982,0.998
1.323177269,-0.0161,0.0049,0.9985,0.999
1.324609192,-0.0178,0.0046,0.9995,1.000
1.328674807,-0.0195,0.0037,1.0009,1.001
1.329860807,-0.0203,0.0034,1.0004,1.001
1.331107192,-0.0249,0.0022,1.0007,1.001
1.332268038,-0.0269,0.0024,0.9999,1.000
1.333202346,-0.0274,0.0017,1.0009,1.001
1.336002769,-0.0313,0.0015,1.0024,1.003
1.337260807,-0.0335,0.0015,1.0024,1.003
1.339231923,-0.0352,0.0010,1.0009,1.002
1.340984576,-0.0357,0.0020,1.0019,1.003
1.343217038,-0.0366,0.0024,1.0024,1.003
1.345138115,-0.0362,0.0032,1.0031,1.004
1.347423461,-0.0366,0.0022,1.0019,1.003
1.348927076,-0.0369,0.0022,1.0019,1.003
1.351168884,-0.0374,0.0027,0.9997,1.000
1.353043615,-0.0369,0.0027,0.9995,1.000
1.35467273,-0.0366,0.0017,0.9980,0.999
1.356711346,-0.0342,0.0010,0.9987,0.999
1.358736499,-0.0337,0.0010,0.9999,1.001
1.361182038,-0.0332,0.0020,1.0017,1.002
1.364000807,-0.0318,0.0027,1.0031,1.004
1.36526623,-0.0291,0.0020,1.0039,1.004
1.366742961,-0.0281,0.0005,1.0036,1.004
1.368809692,-0.0269,0.0010,1.0031,1.003
1.370760153,-0.0244,0.0022,1.0014,1.002
1.372618653,-0.0237,0.0015,1.0034,1.004
1.374782692,-0.0217,0.0017,1.0034,1.004
1.376841346,-0.0186,0.0027,1.0034,1.004
1.378501422,-0.0178,0.0022,1.0021,1.002
1.381359076,-0.0181,0.0012,1.0019,1.002
1.383159269,-0.0171,0.0032,1.0014,1.002
1.384686346,-0.0169,0.0039,1.0007,1.001
1.386510769,-0.0166,0.0042,1.0004,1.001
1.388654538,-0.0161,0.0032,1.0007,1.001
1.390669269,-0.0149,0.0039,1.0004,1.001
1.392639115,-0.0144,0.0068,1.0007,1.001
1.39450523,-0.0147,0.0066,1.0012,1.001
1.397714807,-0.0122,0.0061,1.0009,1.001
1.399376846,-0.0139,0.0066,0.9999,1.000
1.400472538,-0.0147,0.0068,0.9999,1.000
1.411090884,-0.0169,0.0066,0.9997,1.000
1.412656499,-0.0166,0.0073,0.9997,1.000
1.413786846,-0.0171,0.0071,0.9997,1.000
1.415073846,-0.0198,0.0059,0.9982,0.998
1.416170076,-0.0203,0.0059,0.9975,0.998
1.417192692,-0.0210,0.0064,0.9931,0.993
1.418200115,-0.0225,0.0090,0.9916,0.992
1.419225884,-0.0225,0.0083,0.9912,0.991
1.420529499,-0.0230,0.0088,0.9912,0.991
1.421564538,-0.0242,0.0095,0.9919,0.992
1.423185769,-0.0264,0.0100,0.9926,0.993
1.424381038,-0.0279,0.0086,0.9931,0.994
1.429303461,-0.0279,0.0088,0.9943,0.995
1.430183576,-0.0283,0.0088,0.9987,0.999
1.430712576,-0.0310,0.0081,0.9997,1.000
1.431706922,-0.0313,0.0093,1.0007,1.001
1.433478269,-0.0296,0.0083,1.0012,1.002
1.435894192,-0.0305,0.0086,1.0021,1.003
1.437544115,-0.0313,0.0093,1.0026,1.003
1.439672115,-0.0313,0.0088,1.0034,1.004
1.441414692,-0.0291,0.0083,1.0036,1.004
1.443585192,-0.0269,0.0086,1.0039,1.004
1.445713461,-0.0252,0.0064,1.0039,1.004
1.447957922,-0.0242,0.0059,1.0036,1.004
1.449381038,-0.0225,0.0044,1.0026,1.003
1.451592961,-0.0222,0.0037,1.0002,1.000
1.453505807,-0.0217,0.0046,1.0004,1.001
1.455819615,-0.0203,0.0032,0.9987,0.999
1.457381038,-0.0186,0.0039,0.9997,1.000
1.459434307,-0.0176,0.0034,0.9990,0.999
1.461354653,-0.0171,0.0015,1.0002,1.000
1.464469653,-0.0176,0.0010,1.0014,1.002
1.465968269,-0.0149,0.0020,1.0031,1.003
1.467382307,-0.0115,0.0017,1.0017,1.002
1.469148692,-0.0107,0.0007,1.0029,1.003
1.471455653,-0.0093,0.0005,1.0048,1.005
1.473113461,-0.0078,0.0002,1.0053,1.005
1.475328922,-0.0081,0.0032,1.0051,1.005
1.477020538,-0.0071,0.0015,1.0048,1.005
1.479197192,-0.0071,0.0020,1.0058,1.006
1.481917999,-0.0073,0.0027,1.0068,1.007
1.483625961,-0.0090,0.0005,1.0056,1.006
1.485170922,-0.0086,0.0005,1.0041,1.004
1.487066615,-0.0073,0.0024,1.0024,1.002
1.488992307,-0.0073,0.0024,1.0021,1.002
1.491072922,-0.0086,0.0034,1.0031,1.003
1.492977884,-0.0107,0.0054,1.0002,1.000
1.495019922,-0.0110,0.0049,1.0009,1.001
1.505697538,-0.0115,0.0042,1.0021,1.002
1.507389345,-0.0134,0.0044,0.9997,1.000
1.508494269,-0.0147,0.0044,0.9999,1.000
1.509492499,-0.0173,0.0049,1.0004,1.001
1.510909269,-0.0176,0.0046,1.0004,1.001
1.511399076,-0.0169,0.0039,1.0007,1.001
1.511844307,-0.0159,0.0042,1.0024,1.003
1.512252922,-0.0161,0.0046,1.0031,1.003
1.512677615,-0.0156,0.0051,1.0031,1.003
1.523779422,-0.0164,0.0061,1.0039,1.004
1.524670422,-0.0161,0.0042,1.0029,1.003
1.52509923,-0.0161,0.0049,1.0031,1.003
1.525518115,-0.0171,0.0051,1.0031,1.003
1.525921076,-0.0176,0.0044,1.0021,1.002
1.526405115,-0.0186,0.0046,1.0031,1.003
1.526806576,-0.0183,0.0054,1.0024,1.003
1.52899523,-0.0169,0.0044,1.0019,1.002
1.533011845,-0.0169,0.0051,1.0021,1.002
1.533885692,-0.0169,0.0056,1.0029,1.003
1.534436769,-0.0149,0.0059,1.0034,1.003
1.536538884,-0.0147,0.0039,1.0021,1.002
1.538349422,-0.0154,0.0042,1.0021,1.002
1.54029423,-0.0151,0.0066,1.0024,1.003
1.542380845,-0.0151,0.0061,1.0019,1.002
1.543999192,-0.0181,0.0059,1.0039,1.004
1.545878999,-0.0173,0.0054,1.0041,1.004
1.548564653,-0.0164,0.0051,1.0053,1.005
1.549821076,-0.0147,0.0054,1.0078,1.008
1.551861769,-0.0132,0.0054,1.0090,1.009
1.554030692,-0.0127,0.0039,1.0080,1.008
1.555885384,-0.0144,0.0056,1.0080,1.008
1.55786723,-0.0144,0.0059,1.0083,1.008
1.55997573,-0.0144,0.0051,1.0073,1.007
1.561770692,-0.0144,0.0032,1.0068,1.007
1.565439653,-0.0144,0.0022,1.0065,1.007
1.567021576,-0.0151,0.0015,1.0051,1.005
1.568804999,-0.0144,0.0027,1.0039,1.004
1.57043073,-0.0154,0.0032,1.0024,1.003
1.571834692,-0.0173,0.0022,1.0004,1.001
1.573754153,-0.0191,0.0015,1.0007,1.001
1.575677961,-0.0178,-0.0002,0.9995,1.000
1.577637922,-0.0186,0.0007,0.9997,1.000
1.581409769,-0.0193,0.0005,0.9999,1.000
1.583093692,-0.0191,0.0002,1.0004,1.001
1.584206038,-0.0193,-0.0015,1.0007,1.001
1.585686538,-0.0208,-0.0039,0.9999,1.000
1.587471192,-0.0186,-0.0037,0.9982,0.998
1.589484692,-0.0188,-0.0037,0.9951,0.995
1.591512268,-0.0191,-0.0034,0.9933,0.994
1.593393268,-0.0198,-0.0029,0.9894,0.990
1.595433538,-0.0195,-0.0034,0.9872,0.987
1.606050884,-0.0191,-0.0015,0.9838,0.984
1.607713422,-0.0193,-0.0017,0.9809,0.981
1.60879723,-0.0200,-0.0017,0.9755,0.976
1.610000076,-0.0186,-0.0007,0.9706,0.971
1.611043845,-0.0195,-0.0007,0.9682,0.968
1.61156223,-0.0186,-0.0015,0.9667,0.967
1.612007115,-0.0154,-0.0007,0.9682,0.968
1.612421192,-0.0134,-0.0007,0.9714,0.971
1.628329345,-0.0112,0.0005,0.9797,0.980
1.629947922,-0.0088,0.0007,0.9836,0.984
1.631262961,-0.0051,0.0010,0.9912,0.991
1.633072653,-0.0039,0.0024,0.9992,0.999
1.634219576,-0.0037,0.0032,1.0024,1.002
1.635207384,-0.0020,0.0027,1.0102,1.010
1.636417999,-0.0017,0.0029,1.0166,1.017
1.637496653,-0.0029,0.0032,1.0200,1.020
1.638240038,-0.0020,0.0034,1.0268,1.027
1.639357038,-0.0010,0.0027,1.0334,1.033
1.640008422,-0.0005,0.0037,1.0361,1.036
1.640811153,-0.0007,0.0027,1.0415,1.041
1.641661615,-0.0012,0.0029,1.0437,1.044
1.64256623,-0.0007,0.0051,1.0486,1.049
1.643434499,-0.0020,0.0049,1.0498,1.050
1.644223653,-0.0024,0.0054,1.0483,1.048
1.645157153,-0.0049,0.0061,1.0403,1.040
1.648119192,-0.0027,0.0051,1.0300,1.030
1.649658307,-0.0046,0.0051,1.0241,1.024
1.650809076,-0.0054,0.0064,1.0095,1.010
1.652856884,-0.0051,0.0051,0.9946,0.995
1.654513422,-0.0051,0.0046,0.9875,0.988
1.656604115,-0.0051,0.0068,0.9772,0.977
1.658597615,-0.0042,0.0071,0.9706,0.971
1.660547807,-0.0042,0.0073,0.9609,0.961
1.662447422,-0.0076,0.0081,0.9557,0.956
1.665127115,-0.0088,0.0078,0.9540,0.954
1.666427692,-0.0100,0.0068,0.9521,0.952
1.668293615,-0.0103,0.0073,0.9518,0.952
1.670210884,-0.0098,0.0086,0.9547,0.955
1.672384807,-0.0122,0.0086,0.9601,0.960
1.674133499,-0.0127,0.0093,0.9640,0.964
1.676282768,-0.0134,0.0100,0.9726,0.973
1.678061692,-0.0159,0.0078,0.9799,0.980
1.683778922,-0.0147,0.0064,0.9841,0.984
1.684340422,-0.0127,0.0054,0.9933,0.993
1.684589807,-0.0117,0.0039,0.9977,0.998
1.686110961,-0.0110,0.0029,1.0039,1.004
1.688098615,-0.0105,0.0039,1.0092,1.009
1.689976692,-0.0095,0.0034,1.0107,1.011
1.692047922,-0.0103,0.0022,1.0102,1.010
1.693914153,-0.0098,0.0007,1.0114,1.011
1.695934884,-0.0098,0.0005,1.0107,1.011
1.70445123,-0.0095,0.0015,1.0105,1.010
1.705678691,-0.0105,0.0012,1.0070,1.007
1.70669073,-0.0110,0.0017,1.0051,1.005
1.707557345,-0.0110,0.0015,1.0036,1.004
1.70841523,-0.0117,0.0017,1.0017,1.002
1.709240461,-0.0132,0.0020,0.9980,0.998
1.710113499,-0.0129,0.0022,0.9987,0.999
1.711613615,-0.0137,0.0024,0.9980,0.998
1.716012999,-0.0151,0.0022,0.9953,0.995
1.717110115,-0.0149,0.0029,0.9953,0.995
1.717906307,-0.0147,0.0042,0.9951,0.995
1.719464768,-0.0144,0.0037,0.9973,0.997
1.721515268,-0.0149,0.0034,0.9999,1.000
1.723580884,-0.0149,0.0046,1.0039,1.004
1.725338884,-0.0166,0.0054,1.0070,1.007
1.727514422,-0.0166,0.0054,1.0090,1.009
1.729665576,-0.0164,0.0046,1.0153,1.015
1.732482807,-0.0156,0.0051,1.0185,1.019
1.733774345,-0.0156,0.0059,1.0200,1.020
1.735327691,-0.0154,0.0039,1.0239,1.024
1.737157499,-0.0164,0.0039,1.0256,1.026
1.739488307,-0.0161,0.0059,1.0258,1.026
1.741299653,-0.0161,0.0054,1.0246,1.025
1.743305153,-0.0156,0.0044,1.0234,1.024
1.745082615,-0.0166,0.0051,1.0222,1.022
1.748487807,-0.0169,0.0056,1.0210,1.021
1.749941922,-0.0176,0.0051,1.0205,1.021
1.751669884,-0.0164,0.0051,1.0153,1.015
1.752919884,-0.0166,0.0054,1.0129,1.013
1.755098768,-0.0181,0.0054,1.0105,1.011
1.756828076,-0.0191,0.0061,1.0070,1.007
1.758886499,-0.0195,0.0059,1.0051,1.005
1.76098273,-0.0200,0.0044,1.0012,1.001
1.763076538,-0.0200,0.0056,1.0009,1.001
1.765875615,-0.0195,0.0064,1.0004,1.001
1.767368461,-0.0200,0.0081,0.9960,0.996
1.769003384,-0.0193,0.0081,0.9931,0.993
1.771045807,-0.0186,0.0078,0.9904,0.991
1.772830307,-0.0191,0.0068,0.9885,0.989
1.774879461,-0.0195,0.0071,0.9877,0.988
1.776792884,-0.0193,0.0083,0.9846,0.985
1.778899922,-0.0198,0.0081,0.9831,0.983
1.782567115,-0.0203,0.0061,0.9816,0.982
1.784027422,-0.0200,0.0044,0.9797,0.980
1.785085422,-0.0203,0.0044,0.9792,0.979
1.786867115,-0.0203,0.0037,0.9770,0.977
1.788357268,-0.0191,0.0020,0.9753,0.975
1.790473768,-0.0191,0.0007,0.9760,0.976
1.792485999,-0.0188,-0.0002,0.9792,0.979
1.794491345,-0.0186,-0.0002,0.9811,0.981
1.796472922,-0.0169,-0.0020,0.9892,0.989
1.806456614,-0.0134,-0.0029,0.9951,0.995
1.807889807,-0.0127,-0.0049,0.9973,0.997
1.808800884,-0.0129,-0.0061,1.0034,1.003
1.809665691,-0.0112,-0.0061,1.0068,1.007
1.810816807,-0.0100,-0.0054,1.0122,1.012
1.811841768,-0.0078,-0.0066,1.0180,1.018
1.812678191,-0.0078,-0.0078,1.0205,1.021
1.814044307,-0.0081,-0.0073,1.0214,1.022
1.815266538,-0.0071,-0.0073,1.0202,1.020
1.815998807,-0.0066,-0.0071,1.0219,1.022
1.827494691,-0.0054,-0.0056,1.0232,1.023
1.827957538,-0.0049,-0.0064,1.0222,1.022
1.82820473,-0.0051,-0.0044,1.0210,1.021
1.828443191,-0.0064,-0.0022,1.0195,1.020
1.828668845,-0.0068,-0.0015,1.0175,1.018
1.828899345,-0.0078,-0.0002,1.0146,1.015
1.829606422,-0.0083,0.0027,1.0105,1.010
1.836451845,-0.0083,0.0032,1.0092,1.009
1.83691823,-0.0112,0.0046,1.0083,1.008
1.837159076,-0.0107,0.0051,1.0053,1.005
1.837561153,-0.0117,0.0056,1.0041,1.004
1.842330191,-0.0137,0.0049,1.0002,1.000
1.842594961,-0.0144,0.0056,0.9982,0.998
1.843596307,-0.0166,0.0068,0.9980,0.998
1.845560999,-0.0183,0.0073,0.9973,0.997
1.848026768,-0.0195,0.0071,0.9943,0.995
1.849449384,-0.0205,0.0049,0.9931,0.993
1.851446114,-0.0217,0.0051,0.9909,0.991
1.853421538,-0.0215,0.0034,0.9894,0.990
1.855570538,-0.0213,0.0015,0.9887,0.989
1.857634922,-0.0198,-0.0007,0.9890,0.989
1.859499807,-0.0191,-0.0024,0.9882,0.988
1.861574268,-0.0198,-0.0046,0.9863,0.986
1.863611191,-0.0198,-0.0068,0.9853,0.986
1.865981845,-0.0193,-0.0110,0.9843,0.985
1.867771845,-0.0205,-0.0134,0.9841,0.984
1.869290807,-0.0193,-0.0139,0.9833,0.984
1.871921653,-0.0161,-0.0159,0.9833,0.984
1.873173114,-0.0151,-0.0156,0.9833,0.984
1.875126961,-0.0134,-0.0176,0.9806,0.981
1.877061153,-0.0117,-0.0195,0.9787,0.979
1.879051499,-0.0117,-0.0198,0.9770,0.977
1.881823653,-0.0112,-0.0222,0.9762,0.977
1.883282191,-0.0093,-0.0232,0.9767,0.977
1.885023461,-0.0090,-0.0235,0.9755,0.976
1.887128614,-0.0068,-0.0244,0.9740,0.974
1.88909123,-0.0064,-0.0257,0.9743,0.975
1.891098845,-0.0061,-0.0259,0.9770,0.977
1.892903653,-0.0059,-0.0271,0.9794,0.980
1.894953538,-0.0049,-0.0269,0.9811,0.982
1.905337153,-0.0046,-0.0257,0.9875,0.988
1.907008999,-0.0034,-0.0247,0.9929,0.993
1.908016922,-0.0042,-0.0247,0.9948,0.995
1.909144114,-0.0017,-0.0230,0.9987,0.999
1.910299691,-0.0022,-0.0222,1.0024,1.003
1.911205076,-0.0024,-0.0232,1.0073,1.008
1.91239473,-0.0037,-0.0230,1.0126,1.013
1.913921691,-0.0046,-0.0225,1.0153,1.016
1.915100537,-0.0064,-0.0208,1.0195,1.020
1.916016576,-0.0086,-0.0200,1.0229,1.023
1.917197691,-0.0098,-0.0188,1.0251,1.025
1.918762461,-0.0132,-0.0173,1.0278,1.028
1.923224614,-0.0161,-0.0169,1.0293,1.030
1.923672037,-0.0164,-0.0161,1.0305,1.031
1.924704537,-0.0191,-0.0134,1.0300,1.030
1.92644273,-0.0203,-0.0129,1.0288,1.029
1.928531537,-0.0225,-0.0095,1.0246,1.025
1.932188499,-0.0254,-0.0071,1.0217,1.022
1.932649691,-0.0264,-0.0054,1.0173,1.018
1.934123422,-0.0271,-0.0024,1.0129,1.013
1.936529037,-0.0291,-0.0022,1.0112,1.012
1.938417345,-0.0296,0.0012,1.0058,1.006
1.940090576,-0.0332,0.0034,1.0017,1.002
1.942033807,-0.0342,0.0037,0.9990,1.000
1.944225961,-0.0340,0.0044,0.9941,0.995
1.946358422,-0.0342,0.0051,0.9909,0.992
1.948237884,-0.0349,0.0061,0.9877,0.988
1.950757037,-0.0381,0.0064,0.9848,0.986
1.952701384,-0.0376,0.0061,0.9806,0.981
1.953979461,-0.0374,0.0068,0.9777,0.978
1.956387884,-0.0347,0.0061,0.9731,0.974
1.957897268,-0.0344,0.0068,0.9711,0.972
1.960282422,-0.0344,0.0078,0.9670,0.968
1.962122076,-0.0335,0.0078,0.9682,0.969
1.965780845,-0.0332,0.0066,0.9694,0.970
1.967149653,-0.0354,0.0051,0.9706,0.971
1.968100461,-0.0342,0.0059,0.9736,0.974
1.969790576,-0.0354,0.0056,0.9765,0.977
1.971779268,-0.0349,0.0059,0.9828,0.983
1.973625345,-0.0337,0.0046,0.9848,0.985
1.975773807,-0.0322,0.0037,0.9899,0.990
1.977680537,-0.0305,0.0034,0.9968,0.997
1.979830499,-0.0291,0.0032,1.0002,1.001
1.982888268,-0.0288,0.0012,1.0061,1.006
1.984391114,-0.0269,0.0012,1.0083,1.009
1.985470768,-0.0261,-0.0007,1.0134,1.014
1.987765461,-0.0247,-0.0022,1.0200,1.020
1.989690307,-0.0237,-0.0017,1.0224,1.023
1.991685461,-0.0217,-0.0012,1.0261,1.026
1.993450345,-0.0208,-0.0029,1.0322,1.032
1.995565307,-0.0195,-0.0046,1.0339,1.034
2.005568307,-0.0188,-0.0051,1.0385,1.039
2.006926384,-0.0181,-0.0044,1.0415,1.042
2.007737999,-0.0156,-0.0054,1.0434,1.044
2.008617499,-0.0139,-0.0029,1.0454,1.045
2.009600384,-0.0132,-0.0027,1.0444,1.044
2.011790076,-0.0139,-0.0007,1.0444,1.045
2.012556191,-0.0151,0.0022,1.0403,1.040
2.013421884,-0.0164,0.0024,1.0381,1.038
2.015084114,-0.0161,0.0037,1.0305,1.031
2.027266884,-0.0159,0.0051,1.0224,1.023
2.028697076,-0.0166,0.0061,1.0188,1.019
2.029517845,-0.0181,0.0083,1.0112,1.011
2.03047946,-0.0171,0.0090,1.0063,1.006
2.031655614,-0.0178,0.0112,0.9970,0.997
2.032844653,-0.0171,0.0127,0.9897,0.990
2.034070345,-0.0176,0.0134,0.9870,0.987
2.035321037,-0.0169,0.0144,0.9792,0.979
2.036158422,-0.0210,0.0149,0.9740,0.974
2.03714846,-0.0205,0.0164,0.9721,0.972
2.037916576,-0.0203,0.0156,0.9697,0.970
2.039005768,-0.0213,0.0144,0.9665,0.967
2.039783384,-0.0213,0.0147,0.9665,0.967
2.042101499,-0.0208,0.0132,0.9709,0.971
2.043600614,-0.0213,0.0122,0.9723,0.973
2.049989691,-0.0217,0.0115,0.9760,0.976
2.052118999,-0.0203,0.0103,0.9831,0.983
2.053353345,-0.0198,0.0115,0.9855,0.986
2.05459246,-0.0183,0.0095,0.9919,0.992
2.055539691,-0.0154,0.0086,0.9999,1.000
2.056678922,-0.0149,0.0073,1.0041,1.004
2.05791396,-0.0127,0.0059,1.0107,1.011
2.059574768,-0.0120,0.0049,1.0134,1.013
2.060676499,-0.0107,0.0039,1.0200,1.020
2.06264896,-0.0098,0.0029,1.0283,1.028
2.065308307,-0.0086,0.0027,1.0310,1.031
2.067145422,-0.0078,0.0020,1.0354,1.035
2.06823923,-0.0073,0.0015,1.0381,1.038
2.070477307,-0.0061,0.0010,1.0390,1.039
2.072295307,-0.0056,-0.0010,1.0420,1.042
2.07431073,-0.0056,0.0000,1.0415,1.041
2.076414691,-0.0044,0.0005,1.0385,1.039
2.078243422,-0.0037,-0.0007,1.0378,1.038
2.080480807,-0.0039,-0.0010,1.0359,1.036
2.082345114,-0.0042,-0.0017,1.0319,1.032
2.084164268,-0.0056,-0.0017,1.0239,1.024
2.086340653,-0.0066,-0.0024,1.0188,1.019
2.08815996,-0.0088,-0.0017,1.0087,1.009
2.089998345,-0.0112,-0.0017,1.0063,1.006
2.09212546,-0.0132,-0.0010,0.9999,1.000
2.094079845,-0.0122,-0.0012,0.9929,0.993
2.09610873,-0.0122,-0.0017,0.9902,0.990
2.100915653,-0.0137,-0.0007,0.9833,0.983
2.101458114,-0.0144,0.0005,0.9809,0.981
2.101884268,-0.0161,0.0012,0.9789,0.979
2.103833268,-0.0156,0.0022,0.9753,0.975
2.10594046,-0.0159,0.0032,0.9728,0.973
2.10780446,-0.0144,0.0037,0.9687,0.969
2.109818191,-0.0159,0.0024,0.9677,0.968
2.111686999,-0.0154,0.0020,0.9679,0.968
2.113708191,-0.0127,0.0024,0.9704,0.970
2.11774846,-0.0090,0.0017,0.9733,0.973
2.118331768,-0.0086,0.0012,0.9777,0.978
2.119633691,-0.0059,0.0020,0.9860,0.986
2.121623268,-0.0039,0.0017,0.9902,0.990
2.123636807,-0.0015,-0.0002,0.9985,0.998
2.125655345,0.0027,-0.0005,1.0083,1.008
2.127670922,0.0042,-0.0005,1.0134,1.013
2.129430076,0.0086,-0.0027,1.0234,1.023
2.13241346,0.0098,-0.0027,1.0278,1.028
2.133526691,0.0122,-0.0017,1.0349,1.035
2.138096845,0.0154,-0.0024,1.0385,1.039
2.138922883,0.0149,-0.0024,1.0403,1.040
2.139747653,0.0164,-0.0032,1.0420,1.042
2.141505268,0.0159,-0.0027,1.0400,1.040
2.143444653,0.0161,-0.0027,1.0388,1.039
2.145266845,0.0149,-0.0022,1.0329,1.033
2.14735846,0.0159,-0.0017,1.0290,1.029
2.149941768,0.0159,0.0012,1.0241,1.024
2.151225537,0.0134,0.0039,1.0161,1.016
2.153440153,0.0137,0.0037,1.0109,1.011
2.155325537,0.0125,0.0034,1.0041,1.004
2.157324114,0.0139,0.0042,0.9958,0.996
2.159198422,0.0144,0.0051,0.9914,0.992
2.161184268,0.0125,0.0032,0.9833,0.983
2.163106614,0.0139,0.0039,0.9760,0.976
2.166362614,0.0149,0.0042,0.9733,0.973
2.167639883,0.0149,0.0059,0.9667,0.967
2.169051768,0.0164,0.0068,0.9648,0.965
2.171016653,0.0151,0.0066,0.9618,0.962
2.173046153,0.0161,0.0066,0.9606,0.961
2.175041922,0.0171,0.0051,0.9604,0.961
2.177059307,0.0173,0.0032,0.9623,0.962
2.178995922,0.0183,0.0042,0.9633,0.963
2.182617383,0.0173,0.0022,0.9657,0.966
2.184076922,0.0181,0.0029,0.9719,0.972
2.185196191,0.0178,0.0027,0.9745,0.975
2.186833268,0.0156,0.0029,0.9809,0.981
2.188734268,0.0125,0.0020,0.9875,0.988
2.190670191,0.0115,0.0022,0.9916,0.992
2.192634807,0.0093,0.0005,0.9985,0.999
2.194537691,0.0090,0.0012,1.0026,1.003
2.196611268,0.0076,0.0015,1.0075,1.008
2.20600623,0.0046,0.0010,1.0102,1.010
2.207565114,0.0027,0.0007,1.0129,1.013
2.208660422,0.0017,0.0002,1.0185,1.019
2.20958123,-0.0032,-0.0010,1.0244,1.024
2.211007076,-0.0056,-0.0015,1.0263,1.026
2.211992153,-0.0061,-0.0027,1.0315,1.031
2.213383383,-0.0073,-0.0029,1.0332,1.033
2.214819383,-0.0090,-0.0015,1.0356,1.036
2.216366191,-0.0117,-0.0015,1.0390,1.039
2.217564653,-0.0132,-0.0022,1.0383,1.038
2.218782807,-0.0159,-0.0027,1.0378,1.038
2.227189883,-0.0171,-0.0022,1.0359,1.036
2.227800614,-0.0181,-0.0015,1.0344,1.035
2.228064883,-0.0193,-0.0017,1.0283,1.028
2.228299114,-0.0203,-0.0012,1.0254,1.026
2.228528768,-0.0213,0.0012,1.0205,1.021
2.229950114,-0.0215,0.0000,1.0168,1.017
2.23603746,-0.0225,0.0005,1.0151,1.015
2.236744999,-0.0225,0.0000,1.0087,1.009
2.237049537,-0.0203,0.0002,1.0058,1.006
2.238105499,-0.0210,-0.0005,1.0046,1.005
2.240025383,-0.0205,0.0012,1.0021,1.002
2.241873999,-0.0186,0.0015,1.0012,1.001
2.244131191,-0.0169,0.0002,1.0017,1.002
2.245734114,-0.0166,0.0024,0.9975,0.998
2.247838306,-0.0166,0.0029,0.9963,0.996
2.250590422,-0.0147,0.0017,0.9946,0.995
2.251847653,-0.0120,0.0015,0.9936,0.994
2.253632537,-0.0107,0.0032,0.9929,0.993
2.255637422,-0.0110,0.0024,0.9931,0.993
2.257441037,-0.0110,0.0022,0.9926,0.993
2.259568768,-0.0122,0.0029,0.9887,0.989
2.261308768,-0.0105,0.0037,0.9863,0.986
2.263415691,-0.0110,0.0029,0.9872,0.987
2.266966383,-0.0117,0.0039,0.9875,0.988
2.268738922,-0.0115,0.0037,0.9855,0.986
2.269888268,-0.0132,0.0032,0.9846,0.985
2.273025768,-0.0137,0.0051,0.9853,0.985
2.273315537,-0.0151,0.0046,0.9853,0.985
2.275433653,-0.0166,0.0039,0.9875,0.988
2.277073576,-0.0169,0.0044,0.9897,0.990
2.279545345,-0.0181,0.0039,0.9916,0.992
2.28188873,-0.0205,0.0024,0.9951,0.995
2.283953422,-0.0217,0.0024,0.9982,0.998
2.284817883,-0.0227,0.0039,1.0021,1.002
2.287027576,-0.0254,0.0032,1.0065,1.007
2.288872306,-0.0257,0.0029,1.0075,1.008
2.291149845,-0.0259,0.0027,1.0114,1.012
2.29302746,-0.0259,0.0020,1.0136,1.014
2.295057537,-0.0274,0.0029,1.0151,1.015
2.29672973,-0.0271,0.0029,1.0148,1.015
2.301697845,-0.0264,0.0032,1.0131,1.013
2.30238223,-0.0274,0.0027,1.0105,1.011
2.302783114,-0.0249,0.0039,1.0063,1.007
2.308462422,-0.0249,0.0037,1.0036,1.004
2.308731345,-0.0230,0.0051,0.9985,0.999
2.308969922,-0.0227,0.0046,0.9960,0.996
2.31339046,-0.0215,0.0059,0.9938,0.994
2.313646383,-0.0203,0.0071,0.9924,0.993
2.321666614,-0.0195,0.0071,0.9929,0.993
2.32211246,-0.0176,0.0054,0.9941,0.994
2.322440153,-0.0164,0.0024,0.9985,0.999
2.322677653,-0.0147,0.0029,0.9999,1.000
2.322907768,-0.0115,0.0027,1.0039,1.004
2.324262422,-0.0105,0.0029,1.0056,1.006
2.326636806,-0.0059,0.0029,1.0117,1.012
2.328264499,-0.0022,0.0039,1.0153,1.015
2.330291691,-0.0010,0.0042,1.0180,1.018
2.332464037,0.0022,0.0024,1.0212,1.021
2.334233922,0.0034,0.0007,1.0236,1.024
2.33613996,0.0037,0.0002,1.0246,1.025
2.338177999,0.0027,-0.0005,1.0241,1.024
2.340131614,0.0024,-0.0010,1.0258,1.026
2.342066576,0.0012,0.0012,1.0258,1.026
2.344085922,-0.0005,0.0027,1.0224,1.022
2.346054537,-0.0007,0.0027,1.0200,1.020
2.348004306,-0.0024,0.0042,1.0168,1.017
2.350638306,-0.0059,0.0042,1.0136,1.014
2.352039845,-0.0059,0.0042,1.0112,1.011
2.353940037,-0.0066,0.0039,1.0063,1.006
2.355846153,-0.0086,0.0034,1.0017,1.002
2.357943422,-0.0093,0.0034,0.9999,1.000
2.35992196,-0.0112,0.0034,0.9943,0.994
2.361933037,-0.0120,0.0042,0.9929,0.993
2.363799383,-0.0154,0.0054,0.9853,0.985
2.367473422,-0.0181,0.0066,0.9792,0.979
2.368346883,-0.0186,0.0071,0.9758,0.976
2.369791883,-0.0203,0.0073,0.9699,0.970
2.371780037,-0.0208,0.0073,0.9657,0.966
2.373601691,-0.0225,0.0068,0.9562,0.957
2.375795345,-0.0254,0.0073,0.9484,0.949
2.377842268,-0.0259,0.0076,0.9460,0.946
2.379811729,-0.0249,0.0071,0.9418,0.942
2.391459729,-0.0232,0.0076,0.9423,0.943
2.393072806,-0.0227,0.0071,0.9440,0.944
2.394476422,-0.0220,0.0044,0.9538,0.954
2.395639383,-0.0198,0.0029,0.9587,0.959
2.396727537,-0.0186,0.0032,0.9721,0.972
2.398063999,-0.0181,0.0024,0.9868,0.987
2.399371499,-0.0166,0.0017,0.9926,0.993
2.400886845,-0.0139,-0.0005,1.0009,1.001
2.40188796,-0.0142,-0.0005,1.0095,1.010
2.403012999,-0.0132,-0.0012,1.0134,1.013
2.403924383,-0.0125,0.0000,1.0207,1.021
2.404889537,-0.0117,-0.0002,1.0244,1.024
2.405888614,-0.0115,-0.0017,1.0315,1.032
2.412343383,-0.0107,-0.0029,1.0390,1.039
2.413753306,-0.0095,-0.0042,1.0444,1.044
2.415064191,-0.0076,-0.0056,1.0525,1.053
2.416163806,-0.0066,-0.0054,1.0588,1.059
2.417364499,-0.0073,-0.0046,1.0596,1.060
2.418586922,-0.0061,-0.0064,1.0610,1.061
2.419792537,-0.0037,-0.0066,1.0591,1.059
2.422625383,-0.0022,-0.0051,1.0534,1.053
2.424181229,-0.0029,-0.0042,1.0425,1.042
2.425230576,-0.0027,-0.0044,1.0356,1.036
2.427012076,-0.0039,-0.0044,1.0180,1.018
2.428985383,-0.0039,-0.0010,0.9999,1.000
2.430918729,-0.0037,0.0005,0.9933,0.993
2.434145691,-0.0046,0.0034,0.9838,0.984
2.435089114,-0.0046,0.0039,0.9794,0.979
2.436742153,-0.0056,0.0064,0.9721,0.972
2.438671383,-0.0054,0.0086,0.9689,0.969
2.440918153,-0.0056,0.0100,0.9689,0.969
2.44254996,-0.0068,0.0117,0.9706,0.971
2.444717076,-0.0103,0.0110,0.9770,0.977
2.446449729,-0.0122,0.0107,0.9792,0.979
2.449890999,-0.0122,0.0134,0.9831,0.983
2.450746652,-0.0127,0.0149,0.9860,0.986
2.452930229,-0.0132,0.0149,0.9914,0.992
2.45448746,-0.0144,0.0142,0.9965,0.997
2.456974691,-0.0151,0.0134,1.0002,1.000
2.458357883,-0.0156,0.0139,1.0041,1.004
2.460775037,-0.0164,0.0151,1.0063,1.007
2.462225768,-0.0173,0.0147,1.0070,1.007
2.464834652,-0.0200,0.0159,1.0075,1.008
2.467755268,-0.0188,0.0159,1.0075,1.008
2.468646999,-0.0203,0.0164,1.0065,1.007
2.470222691,-0.0225,0.0169,1.0034,1.004
2.472342768,-0.0217,0.0181,1.0019,1.002
2.474173691,-0.0198,0.0186,0.9977,0.998
2.476478614,-0.0171,0.0188,0.9965,0.997
2.478117268,-0.0169,0.0198,0.9938,0.994
2.480427999,-0.0166,0.0191,0.9907,0.991
2.483788883,-0.0200,0.0164,0.9860,0.986
2.485418037,-0.0222,0.0164,0.9836,0.984
2.486735114,-0.0252,0.0151,0.9804,0.981
2.488275999,-0.0254,0.0147,0.9794,0.980
2.489942268,-0.0259,0.0137,0.9806,0.981
2.492272191,-0.0259,0.0149,0.9806,0.981
2.493996037,-0.0259,0.0149,0.9814,0.982
2.496065652,-0.0239,0.0151,0.9806,0.981
2.497778729,-0.0239,0.0154,0.9819,0.982
2.507326345,-0.0232,0.0137,0.9853,0.986
2.508807691,-0.0239,0.0139,0.9887,0.989
2.50980296,-0.0239,0.0134,0.9904,0.991
2.510945652,-0.0237,0.0129,0.9943,0.995
2.511956729,-0.0222,0.0115,0.9990,0.999
2.51339496,-0.0217,0.0122,1.0007,1.001
2.514670768,-0.0213,0.0112,1.0043,1.005
2.515670191,-0.0205,0.0088,1.0058,1.006
2.516549691,-0.0210,0.0056,1.0105,1.011
2.523948576,-0.0205,0.0039,1.0151,1.015
2.524838191,-0.0198,0.0029,1.0163,1.017
2.525298499,-0.0220,0.0002,1.0175,1.018
2.525717922,-0.0232,-0.0020,1.0178,1.018
2.526130037,-0.0225,-0.0029,1.0180,1.018
2.527941306,-0.0222,-0.0032,1.0168,1.017
2.529345537,-0.0230,-0.0046,1.0161,1.016
2.531549076,-0.0232,-0.0049,1.0146,1.015
2.533721191,-0.0227,-0.0054,1.0114,1.012
2.53538246,-0.0235,-0.0056,1.0095,1.010
2.537040614,-0.0261,-0.0061,1.0083,1.009
2.539264845,-0.0276,-0.0078,1.0065,1.007
2.541057691,-0.0288,-0.0090,1.0070,1.007
2.543132422,-0.0293,-0.0088,1.0053,1.006
2.544995576,-0.0300,-0.0083,1.0061,1.007
2.547046614,-0.0293,-0.0066,1.0041,1.005
2.550075576,-0.0254,-0.0071,1.0031,1.003
2.551147883,-0.0249,-0.0073,1.0024,1.003
2.552915883,-0.0264,-0.0081,1.0007,1.001
2.555177345,-0.0247,-0.0071,0.9999,1.000
2.557022191,-0.0252,-0.0071,1.0009,1.001
2.558907999,-0.0237,-0.0056,1.0007,1.001
2.561005383,-0.0235,-0.0051,0.9997,1.000
2.562981652,-0.0237,-0.0046,0.9975,0.998
2.565025537,-0.0176,-0.0012,0.9995,1.000
2.568336422,-0.0156,0.0002,0.9997,1.000
2.56982496,-0.0127,0.0012,1.0012,1.001
2.571717229,-0.0117,0.0000,1.0043,1.004
2.572766191,-0.0132,-0.0002,1.0051,1.005
2.574823229,-0.0156,0.0005,1.0073,1.007
2.576953037,-0.0178,0.0017,1.0078,1.008
2.578676768,-0.0173,0.0015,1.0114,1.012
2.580835575,-0.0178,0.0015,1.0119,1.012
2.583924729,-0.0183,0.0024,1.0112,1.011
2.58535846,-0.0183,0.0034,1.0117,1.012
2.586748306,-0.0169,0.0056,1.0124,1.013
2.588688268,-0.0178,0.0068,1.0124,1.013
2.590763037,-0.0188,0.0076,1.0112,1.011
2.592489191,-0.0183,0.0078,1.0102,1.010
2.594479883,-0.0213,0.0078,1.0078,1.008
2.596424422,-0.0249,0.0086,1.0043,1.005
2.598746114,-0.0269,0.0088,1.0036,1.004
2.608242999,-0.0257,0.0093,1.0002,1.001
2.609757499,-0.0237,0.0100,0.9980,0.998
2.611475999,-0.0227,0.0103,0.9968,0.997
2.612591652,-0.0230,0.0117,0.9955,0.996
2.613549806,-0.0239,0.0103,0.9960,0.996
2.614868537,-0.0252,0.0086,0.9943,0.995
2.616043768,-0.0291,0.0071,0.9929,0.993
2.617030729,-0.0283,0.0066,0.9931,0.994
2.618119806,-0.0276,0.0054,0.9919,0.992
2.619026191,-0.0276,0.0061,0.9926,0.993
2.625889306,-0.0288,0.0051,0.9938,0.994
2.626707191,-0.0259,0.0042,0.9955,0.996
2.627140922,-0.0249,0.0049,0.9960,0.996
2.627544614,-0.0244,0.0046,0.9946,0.995
2.62796496,-0.0259,0.0039,0.9946,0.995
2.629949691,-0.0244,0.0032,0.9946,0.995
2.632041883,-0.0242,0.0034,0.9933,0.994
2.635571614,-0.0242,0.0049,0.9926,0.993
2.636437883,-0.0235,0.0049,0.9919,0.992
2.637832268,-0.0217,0.0049,0.9921,0.992
2.640228575,-0.0183,0.0049,0.9919,0.992
2.641580075,-0.0181,0.0054,0.9919,0.992
2.643829037,-0.0166,0.0064,0.9912,0.991
2.645556345,-0.0149,0.0054,0.9916,0.992
2.64803996,-0.0161,0.0044,0.9924,0.993
2.650509652,-0.0173,0.0059,0.9914,0.992
2.652085575,-0.0186,0.0051,0.9914,0.992
2.65367396,-0.0173,0.0039,0.9919,0.992
2.655626075,-0.0195,0.0042,0.9909,0.991
2.65738046,-0.0203,0.0034,0.9916,0.992
2.659679306,-0.0230,0.0044,0.9914,0.992
2.661544575,-0.0217,0.0054,0.9912,0.991
2.663734806,-0.0213,0.0068,0.9933,0.994
2.665378306,-0.0200,0.0066,0.9941,0.994
2.668218729,-0.0203,0.0073,0.9951,0.995
2.669520037,-0.0220,0.0078,0.9963,0.997
2.671614191,-0.0213,0.0073,0.9958,0.996
2.673124498,-0.0213,0.0078,0.9941,0.994
2.675250345,-0.0220,0.0093,0.9936,0.994
2.677212806,-0.0220,0.0083,0.9931,0.993
2.679024191,-0.0213,0.0083,0.9921,0.992
2.680967806,-0.0227,0.0093,0.9916,0.992
2.683252845,-0.0222,0.0086,0.9916,0.992
2.685470229,-0.0217,0.0088,0.9926,0.993
2.687122768,-0.0220,0.0095,0.9938,0.994
2.689105537,-0.0222,0.0103,0.9960,0.996
2.69089846,-0.0213,0.0103,0.9982,0.999
2.69293646,-0.0203,0.0098,0.9997,1.000
2.695034922,-0.0210,0.0100,1.0014,1.002
2.696922652,-0.0242,0.0110,1.0034,1.004
2.708705037,-0.0257,0.0110,1.0036,1.004
2.710219998,-0.0264,0.0110,1.0031,1.004
2.711508152,-0.0281,0.0115,1.0019,1.002
2.712571768,-0.0276,0.0120,1.0019,1.002
2.713760383,-0.0259,0.0107,1.0019,1.002
2.715059537,-0.0264,0.0098,1.0019,1.002
2.71618146,-0.0276,0.0076,1.0021,1.003
2.717409114,-0.0315,0.0081,1.0024,1.003
2.718888537,-0.0320,0.0081,1.0026,1.003
2.71978896,-0.0315,0.0090,1.0021,1.003
2.720996306,-0.0300,0.0098,1.0034,1.004
2.722038152,-0.0288,0.0100,1.0021,1.003
2.723445191,-0.0269,0.0088,1.0036,1.004
2.72476096,-0.0264,0.0086,1.0036,1.004
2.728394268,-0.0261,0.0081,1.0024,1.003
2.729837575,-0.0269,0.0071,1.0026,1.003
2.730977883,-0.0254,0.0068,1.0007,1.001
2.73771496,-0.0254,0.0046,0.9973,0.998
2.739392075,-0.0274,0.0046,0.9936,0.994
2.740525998,-0.0281,0.0051,0.9933,0.994
2.741401845,-0.0303,0.0049,0.9951,0.996
2.74268296,-0.0315,0.0044,0.9946,0.995
2.743595075,-0.0320,0.0032,0.9965,0.997
2.744718998,-0.0335,0.0044,0.9982,0.999
2.746367883,-0.0342,0.0032,0.9990,1.000
2.748331575,-0.0362,0.0024,1.0014,1.002
2.751277229,-0.0366,0.0027,1.0048,1.006
2.752773306,-0.0364,0.0024,1.0053,1.006
2.754369383,-0.0359,0.0010,1.0073,1.008
2.756196268,-0.0349,0.0002,1.0083,1.009
2.758055229,-0.0332,0.0005,1.0117,1.012
2.759969075,-0.0337,0.0015,1.0129,1.013
2.761974075,-0.0335,0.0010,1.0144,1.015
2.764088498,-0.0325,0.0000,1.0158,1.016
2.767354191,-0.0327,0.0002,1.0163,1.017
2.768789075,-0.0315,0.0005,1.0170,1.018
2.77006846,-0.0293,0.0027,1.0144,1.015
2.771963421,-0.0298,0.0046,1.0134,1.014
2.77392146,-0.0327,0.0051,1.0102,1.011
2.775635691,-0.0303,0.0073,1.0075,1.008
2.777802114,-0.0286,0.0083,1.0065,1.007
2.779968498,-0.0261,0.0110,1.0043,1.005
2.781845883,-0.0239,0.0127,1.0036,1.004
2.785140806,-0.0232,0.0134,1.0036,1.004
2.78677596,-0.0237,0.0169,1.0048,1.005
2.788109806,-0.0237,0.0181,1.0058,1.006
2.789455845,-0.0252,0.0208,1.0056,1.006
2.791903883,-0.0257,0.0213,1.0063,1.007
2.793552345,-0.0264,0.0215,1.0065,1.007
2.795625691,-0.0283,0.0213,1.0087,1.009
2.797435268,-0.0291,0.0230,1.0119,1.013
2.807907652,-0.0286,0.0230,1.0134,1.014
2.808582075,-0.0300,0.0235,1.0163,1.017
2.808834345,-0.0298,0.0230,1.0170,1.018
2.809070614,-0.0298,0.0215,1.0175,1.018
2.809309421,-0.0310,0.0191,1.0173,1.018
2.809547652,-0.0313,0.0186,1.0170,1.018
2.811433883,-0.0313,0.0191,1.0163,1.017
2.81323846,-0.0327,0.0186,1.0153,1.016
2.815278614,-0.0337,0.0176,1.0153,1.016
2.822623998,-0.0318,0.0154,1.0134,1.014
2.823141691,-0.0300,0.0154,1.0124,1.013
2.823387268,-0.0291,0.0142,1.0087,1.009
2.823635191,-0.0271,0.0161,1.0034,1.004
2.825036268,-0.0252,0.0164,1.0002,1.001
2.826955845,-0.0205,0.0139,0.9946,0.995
2.828812537,-0.0166,0.0132,0.9924,0.993
2.830865229,-0.0144,0.0127,0.9894,0.990
2.833658729,-0.0129,0.0137,0.9887,0.989
2.835048152,-0.0112,0.0142,0.9877,0.988
2.836706614,-0.0076,0.0144,0.9848,0.985
2.838840114,-0.0093,0.0129,0.9843,0.984
2.84071296,-0.0081,0.0129,0.9838,0.984
2.842828114,-0.0061,0.0107,0.9848,0.985
2.844796229,-0.0039,0.0112,0.9853,0.985
2.846552306,-0.0044,0.0142,0.9863,0.986
2.848485152,-0.0032,0.0142,0.9872,0.987
2.85085996,-0.0024,0.0127,0.9877,0.988
2.85287296,0.0002,0.0132,0.9877,0.988
2.854925114,0.0010,0.0122,0.9846,0.985
2.856486075,0.0002,0.0127,0.9836,0.984
2.858708883,0.0007,0.0137,0.9836,0.984
2.860440921,0.0022,0.0137,0.9850,0.985
2.862500229,0.0012,0.0142,0.9850,0.985
2.864410768,0.0012,0.0139,0.9843,0.984
2.867428152,0.0000,0.0127,0.9833,0.983
2.869247037,-0.0010,0.0132,0.9838,0.984
2.870666191,-0.0012,0.0142,0.9836,0.984
2.872266306,-0.0032,0.0149,0.9826,0.983
2.87437796,-0.0066,0.0147,0.9833,0.983
2.876552344,-0.0086,0.0139,0.9850,0.985
2.878427152,-0.0100,0.0142,0.9855,0.986
2.880389306,-0.0115,0.0144,0.9865,0.987
2.882225575,-0.0122,0.0144,0.9872,0.987
2.884984806,-0.0122,0.0144,0.9894,0.990
2.886431421,-0.0147,0.0134,0.9924,0.993
2.888050921,-0.0149,0.0132,0.9936,0.994
2.89014546,-0.0164,0.0127,0.9999,1.000
2.892271537,-0.0161,0.0122,1.0048,1.005
2.893939537,-0.0171,0.0120,1.0078,1.008
2.895995614,-0.0181,0.0115,1.0124,1.013
2.898004229,-0.0193,0.0112,1.0139,1.014
2.908088614,-0.0186,0.0090,1.0156,1.016
2.909625883,-0.0195,0.0100,1.0161,1.016
2.91064846,-0.0186,0.0103,1.0168,1.017
2.911549152,-0.0173,0.0103,1.0148,1.015
2.912531306,-0.0159,0.0100,1.0129,1.013
2.913462806,-0.0149,0.0100,1.0100,1.010
2.914404921,-0.0154,0.0117,1.0090,1.009
2.915368383,-0.0154,0.0127,1.0070,1.007
2.916427152,-0.0132,0.0139,1.0043,1.005
2.930214306,-0.0129,0.0129,1.0002,1.000
2.931704421,-0.0137,0.0127,0.9982,0.998
2.932824037,-0.0161,0.0151,0.9958,0.996
2.933962729,-0.0198,0.0144,0.9931,0.993
2.935206037,-0.0183,0.0142,0.9916,0.992
2.936266152,-0.0154,0.0132,0.9902,0.990
2.937315229,-0.0151,0.0122,0.9882,0.988
2.938394383,-0.0151,0.0120,0.9872,0.987
2.939392037,-0.0181,0.0117,0.9853,0.986
2.940161306,-0.0183,0.0107,0.9850,0.985
2.940824191,-0.0183,0.0129,0.9831,0.983
2.941751768,-0.0173,0.0134,0.9802,0.980
2.942565229,-0.0169,0.0134,0.9784,0.979
2.943584152,-0.0159,0.0142,0.9784,0.979
2.947397268,-0.0164,0.0137,0.9789,0.979
2.948669037,-0.0164,0.0142,0.9772,0.977
2.950159075,-0.0181,0.0151,0.9748,0.975
2.951402537,-0.0188,0.0151,0.9767,0.977
2.954088344,-0.0210,0.0147,0.9789,0.979
2.955611844,-0.0220,0.0151,0.9819,0.982
2.957342075,-0.0225,0.0147,0.9831,0.983
2.959125152,-0.0257,0.0139,0.9880,0.988
2.961042383,-0.0274,0.0129,0.9904,0.991
2.963152614,-0.0300,0.0105,0.9963,0.997
2.965171844,-0.0344,0.0110,0.9999,1.001
2.968335037,-0.0359,0.0105,1.0007,1.001
2.969788998,-0.0384,0.0078,1.0034,1.004
2.971017614,-0.0391,0.0046,1.0056,1.006
2.972893652,-0.0393,0.0034,1.0068,1.008
2.974972229,-0.0391,0.0022,1.0087,1.010
2.976898421,-0.0396,0.0000,1.0075,1.008
2.978797652,-0.0396,-0.0005,1.0075,1.008
2.980849844,-0.0386,-0.0024,1.0100,1.011
2.983839537,-0.0381,-0.0034,1.0105,1.011
2.985009921,-0.0374,-0.0054,1.0090,1.010
2.987425537,-0.0337,-0.0066,1.0087,1.009
2.988870998,-0.0330,-0.0066,1.0100,1.011
2.990640614,-0.0344,-0.0068,1.0105,1.011
2.992713614,-0.0347,-0.0066,1.0097,1.010
2.994558267,-0.0325,-0.0088,1.0078,1.008
2.996613537,-0.0293,-0.0078,1.0075,1.008
2.998396114,-0.0279,-0.0083,1.0075,1.008
3.007545498,-0.0269,-0.0081,1.0058,1.006
3.009002191,-0.0261,-0.0078,1.0031,1.003
3.01001696,-0.0266,-0.0064,1.0007,1.001
3.011155267,-0.0269,-0.0056,0.9982,0.999
3.012184152,-0.0252,-0.0064,0.9975,0.998
3.013046306,-0.0237,-0.0056,0.9943,0.995
3.014222152,-0.0235,-0.0037,0.9892,0.989
3.014919383,-0.0232,-0.0034,0.9865,0.987
3.023952575,-0.0244,-0.0010,0.9831,0.983
3.024464075,-0.0239,0.0000,0.9804,0.981
3.024714114,-0.0210,0.0037,0.9770,0.977
3.024945575,-0.0222,0.0054,0.9711,0.971
3.025179767,-0.0227,0.0071,0.9694,0.970
3.026014614,-0.0232,0.0105,0.9677,0.968
3.028007344,-0.0276,0.0169,0.9657,0.966
3.030035075,-0.0269,0.0186,0.9645,0.965
3.032200652,-0.0296,0.0210,0.9670,0.968
3.035820344,-0.0318,0.0249,0.9714,0.972
3.036415575,-0.0332,0.0264,0.9755,0.976
3.037820421,-0.0371,0.0276,0.9826,0.984
3.040230191,-0.0384,0.0276,0.9875,0.989
3.041731075,-0.0386,0.0288,0.9977,0.999
3.044104998,-0.0393,0.0286,1.0085,1.010
3.04547596,-0.0391,0.0283,1.0139,1.015
3.048263575,-0.0386,0.0286,1.0217,1.023
3.051396075,-0.0420,0.0279,1.0261,1.027
3.052250729,-0.0420,0.0264,1.0271,1.028
3.053594729,-0.0396,0.0244,1.0271,1.028
3.056073306,-0.0388,0.0237,1.0276,1.029
3.057539114,-0.0369,0.0242,1.0256,1.027
3.059800306,-0.0335,0.0242,1.0229,1.024
3.061502267,-0.0320,0.0225,1.0207,1.021
3.064110306,-0.0291,0.0198,1.0151,1.016
3.065477152,-0.0249,0.0203,1.0136,1.014
3.068750229,-0.0225,0.0186,1.0095,1.010
3.069672498,-0.0178,0.0169,1.0012,1.001
3.071631729,-0.0161,0.0164,0.9992,0.999
3.073373075,-0.0122,0.0147,0.9948,0.995
3.07594146,-0.0086,0.0154,0.9894,0.990
3.077116229,-0.0081,0.0156,0.9868,0.987
3.079675614,-0.0071,0.0166,0.9802,0.980
3.081176383,-0.0051,0.0159,0.9758,0.976
3.085687306,-0.0051,0.0156,0.9675,0.968
3.086455883,-0.0042,0.0176,0.9596,0.960
3.088270729,-0.0042,0.0186,0.9562,0.956
3.088977537,-0.0056,0.0208,0.9501,0.950
3.090949344,-0.0049,0.0227,0.9472,0.947
3.092969921,-0.0051,0.0239,0.9467,0.947
3.095437075,-0.0078,0.0264,0.9501,0.951
3.096976114,-0.0095,0.0271,0.9533,0.954
3.099463537,-0.0112,0.0279,0.9638,0.964
3.106467498,-0.0112,0.0298,0.9750,0.976
3.10716969,-0.0105,0.0300,0.9814,0.982
3.107615267,-0.0105,0.0318,0.9948,0.995
3.108023114,-0.0107,0.0335,1.0100,1.011
3.108793306,-0.0120,0.0354,1.0168,1.017
3.111134229,-0.0173,0.0349,1.0344,1.035
3.113001114,-0.0205,0.0335,1.0517,1.052
3.115522614,-0.0230,0.0327,1.0576,1.058
3.129086498,-0.0259,0.0325,1.0720,1.073
3.130637767,-0.0279,0.0325,1.0784,1.079
3.131727306,-0.0310,0.0274,1.0845,1.085
3.132908229,-0.0298,0.0254,1.0869,1.088
3.133830267,-0.0288,0.0235,1.0847,1.085
3.135177267,-0.0254,0.0222,1.0742,1.075
3.136422421,-0.0252,0.0208,1.0578,1.058
3.137363152,-0.0249,0.0203,1.0478,1.048
3.138590383,-0.0242,0.0181,1.0293,1.030
3.139602767,-0.0242,0.0176,1.0197,1.020
3.140552883,-0.0232,0.0169,1.0019,1.002
3.141417767,-0.0208,0.0147,0.9880,0.988
3.142533883,-0.0198,0.0142,0.9828,0.983
3.14343569,-0.0208,0.0142,0.9748,0.975
3.14610846,-0.0181,0.0090,0.9709,0.971
3.147511921,-0.0161,0.0083,0.9692,0.969
3.14862369,-0.0125,0.0073,0.9667,0.967
3.156284614,-0.0098,0.0076,0.9655,0.966
3.157572614,-0.0056,0.0078,0.9653,0.965
3.158665806,0.0000,0.0078,0.9677,0.968
3.159484306,0.0015,0.0076,0.9679,0.968
3.160556306,0.0056,0.0086,0.9677,0.968
3.161575614,0.0090,0.0093,0.9672,0.967
3.162768267,0.0093,0.0095,0.9672,0.967
3.16400496,0.0095,0.0056,0.9682,0.968
3.166084575,0.0100,0.0059,0.9689,0.969
3.16954669,0.0125,0.0073,0.9694,0.970
3.170917037,0.0125,0.0081,0.9721,0.972
3.176321383,0.0122,0.0086,0.9758,0.976
3.177302421,0.0112,0.0090,0.9821,0.982
3.178104767,0.0093,0.0086,0.9870,0.987
3.178970267,0.0095,0.0081,0.9904,0.990
3.179917075,0.0071,0.0093,0.9980,0.998
3.181751114,0.0051,0.0090,1.0012,1.001
3.185178844,0.0015,0.0073,1.0087,1.009
3.18688569,-0.0024,0.0073,1.0119,1.012
3.188042344,-0.0049,0.0061,1.0134,1.013
3.189667767,-0.0088,0.0076,1.0178,1.018
3.191783229,-0.0151,0.0078,1.0195,1.020
3.193467421,-0.0161,0.0059,1.0205,1.021
3.19550046,-0.0154,0.0037,1.0222,1.022
3.197432652,-0.0169,0.0032,1.0227,1.023
3.199612652,-0.0200,0.0022,1.0234,1.024
3.210030229,-0.0232,0.0000,1.0254,1.026
3.211360075,-0.0244,-0.0007,1.0266,1.027
3.212259806,-0.0261,-0.0022,1.0273,1.028
3.213193729,-0.0242,-0.0027,1.0302,1.031
3.214195613,-0.0237,-0.0042,1.0312,1.031
3.215066306,-0.0225,-0.0054,1.0322,1.032
3.215485344,-0.0210,-0.0064,1.0332,1.033
3.215882075,-0.0156,-0.0054,1.0327,1.033
3.22587469,-0.0154,-0.0042,1.0339,1.034
3.226469113,-0.0147,-0.0032,1.0334,1.034
3.226709306,-0.0107,0.0002,1.0302,1.030
3.226948152,-0.0073,0.0034,1.0256,1.026
3.227180383,-0.0068,0.0039,1.0244,1.024
3.227418344,-0.0042,0.0073,1.0234,1.023
3.229187883,-0.0010,0.0088,1.0217,1.022
3.231246037,-0.0002,0.0093,1.0151,1.015
3.232889113,0.0017,0.0120,1.0124,1.012
3.234903152,0.0029,0.0117,1.0102,1.010
3.236831383,0.0054,0.0139,1.0080,1.008
3.239049113,0.0054,0.0125,1.0043,1.004
3.241035383,0.0046,0.0110,1.0026,1.003
3.24287519,0.0049,0.0115,0.9987,0.999
3.244927613,0.0049,0.0127,0.9973,0.997
3.246816075,0.0027,0.0147,0.9921,0.992
3.248868652,-0.0032,0.0147,0.9885,0.989
3.251464652,-0.0054,0.0149,0.9860,0.986
3.252806729,-0.0103,0.0149,0.9794,0.980
3.254552421,-0.0132,0.0161,0.9753,0.975
3.256690575,-0.0149,0.0173,0.9736,0.974
3.258683537,-0.0200,0.0169,0.9721,0.972
3.260801344,-0.0249,0.0176,0.9721,0.973
3.263049844,-0.0274,0.0176,0.9726,0.973
3.264559767,-0.0305,0.0205,0.9748,0.975
3.267238883,-0.0325,0.0210,0.9777,0.978
3.26918096,-0.0342,0.0222,0.9816,0.982
3.270503344,-0.0354,0.0239,0.9831,0.984
3.272415344,-0.0366,0.0242,0.9841,0.985
3.274294498,-0.0388,0.0237,0.9855,0.987
3.276552344,-0.0408,0.0244,0.9877,0.989
3.278188306,-0.0413,0.0247,0.9880,0.989
3.28042919,-0.0403,0.0264,0.9887,0.990
3.282456498,-0.0388,0.0271,0.9877,0.989
3.284895921,-0.0379,0.0264,0.9831,0.984
3.28671946,-0.0364,0.0266,0.9804,0.981
3.28845169,-0.0359,0.0261,0.9797,0.981
3.290228652,-0.0340,0.0271,0.9792,0.980
3.292364844,-0.0325,0.0264,0.9794,0.980
3.294137998,-0.0308,0.0257,0.9828,0.984
3.29598069,-0.0266,0.0274,0.9890,0.990
3.29799019,-0.0249,0.0281,0.9926,0.993
3.301390498,-0.0225,0.0274,1.0017,1.002
3.31252046,-0.0186,0.0261,1.0087,1.009
3.31421896,-0.0169,0.0266,1.0114,1.012
3.315658767,-0.0139,0.0271,1.0141,1.015
3.317237652,-0.0134,0.0269,1.0153,1.016
3.319026113,-0.0107,0.0266,1.0134,1.014
3.320563036,-0.0095,0.0259,1.0105,1.011
3.322453767,-0.0081,0.0254,1.0087,1.009
3.324142806,-0.0066,0.0239,1.0056,1.006
3.327277536,-0.0056,0.0232,1.0019,1.002
3.327744113,-0.0068,0.0230,0.9982,0.999
3.328079152,-0.0107,0.0203,0.9926,0.993
3.329310729,-0.0129,0.0191,0.9872,0.988
3.330671383,-0.0137,0.0188,0.9843,0.985
3.331024613,-0.0149,0.0195,0.9814,0.982
3.331281229,-0.0144,0.0195,0.9806,0.981
3.331583498,-0.0139,0.0198,0.9784,0.979
3.340609575,-0.0144,0.0169,0.9758,0.976
3.341187229,-0.0164,0.0156,0.9736,0.974
3.341490921,-0.0171,0.0149,0.9709,0.971
3.34177819,-0.0176,0.0134,0.9745,0.975
3.342080113,-0.0169,0.0125,0.9750,0.975
3.348687498,-0.0161,0.0098,0.9765,0.977
3.349230306,-0.0166,0.0076,0.9767,0.977
3.349523383,-0.0164,0.0037,0.9743,0.974
3.349819536,-0.0151,0.0010,0.9775,0.978
3.361417844,-0.0151,0.0002,0.9789,0.979
3.361955306,-0.0149,-0.0029,0.9826,0.983
3.362238575,-0.0151,-0.0042,0.9858,0.986
3.362539383,-0.0147,-0.0051,0.9882,0.988
3.362793998,-0.0154,-0.0073,0.9933,0.993
3.363045575,-0.0151,-0.0081,0.9970,0.997
3.363322652,-0.0169,-0.0117,1.0024,1.003
3.365027075,-0.0156,-0.0144,1.0122,1.012
3.377570844,-0.0173,-0.0159,1.0148,1.015
3.378767113,-0.0183,-0.0164,1.0222,1.022
3.379515113,-0.0195,-0.0186,1.0298,1.030
3.380101767,-0.0203,-0.0195,1.0324,1.033
3.38100319,-0.0208,-0.0210,1.0361,1.037
3.381814383,-0.0213,-0.0208,1.0368,1.037
3.38255846,-0.0232,-0.0205,1.0403,1.041
3.383446613,-0.0239,-0.0193,1.0368,1.037
3.384221267,-0.0242,-0.0183,1.0354,1.036
3.385099383,-0.0237,-0.0164,1.0317,1.032
3.394083767,-0.0242,-0.0139,1.0258,1.026
3.395407575,-0.0252,-0.0122,1.0227,1.023
3.39607869,-0.0283,-0.0112,1.0183,1.019
3.397366998,-0.0298,-0.0112,1.0158,1.016
3.398072267,-0.0305,-0.0095,1.0131,1.014
3.399025075,-0.0318,-0.0078,1.0124,1.013
3.399769921,-0.0327,-0.0071,1.0122,1.013
3.410290229,-0.0327,-0.0054,1.0124,1.013
3.411474344,-0.0325,-0.0049,1.0107,1.011
3.412204383,-0.0325,-0.0054,1.0097,1.010
3.412974575,-0.0349,-0.0034,1.0070,1.008
3.41364069,-0.0357,-0.0044,1.0058,1.006
3.414502344,-0.0349,-0.0042,1.0012,1.002
3.415234921,-0.0357,-0.0024,0.9963,0.997
3.415897306,-0.0379,-0.0027,0.9960,0.997
3.416942152,-0.0403,-0.0020,0.9916,0.992
3.435797267,-0.0418,0.0000,0.9865,0.987
3.437353113,-0.0435,-0.0005,0.9843,0.985
3.438505267,-0.0442,0.0000,0.9809,0.982
3.439370729,-0.0437,0.0002,0.9799,0.981
3.440580883,-0.0450,0.0039,0.9806,0.982
3.441524459,-0.0452,0.0078,0.9848,0.986
3.443051113,-0.0462,0.0088,0.9875,0.989
3.444020767,-0.0450,0.0095,0.9907,0.992
3.444751306,-0.0432,0.0090,0.9946,0.996
3.445408536,-0.0423,0.0103,0.9965,0.997
3.446341883,-0.0408,0.0122,1.0034,1.004
3.447270652,-0.0388,0.0127,1.0075,1.008
3.448111498,-0.0374,0.0117,1.0070,1.008
3.448946229,-0.0376,0.0105,1.0058,1.007
3.449697844,-0.0388,0.0095,1.0053,1.006
3.450885921,-0.0388,0.0086,1.0073,1.008
3.451886998,-0.0354,0.0081,1.0090,1.010
3.453004536,-0.0352,0.0103,1.0087,1.009
3.453924344,-0.0347,0.0103,1.0107,1.011
3.456585344,-0.0344,0.0093,1.0126,1.013
3.462072921,-0.0347,0.0046,1.0151,1.016
3.462992998,-0.0342,0.0024,1.0180,1.019
3.46383719,-0.0337,0.0017,1.0200,1.021
3.464591806,-0.0330,-0.0032,1.0234,1.024
3.465792113,-0.0335,-0.0064,1.0249,1.025
3.468691306,-0.0320,-0.0081,1.0258,1.026
3.470494421,-0.0308,-0.0098,1.0244,1.025
3.471649844,-0.0300,-0.0112,1.0232,1.024
3.473682152,-0.0274,-0.0120,1.0190,1.019
3.475727267,-0.0261,-0.0149,1.0156,1.016
3.477501998,-0.0257,-0.0154,1.0136,1.014
3.479673383,-0.0274,-0.0169,1.0105,1.011
3.481426498,-0.0252,-0.0169,1.0078,1.008
3.483431036,-0.0247,-0.0171,1.0073,1.008
3.486407344,-0.0227,-0.0188,1.0039,1.004
3.487816729,-0.0225,-0.0193,1.0024,1.003
3.489509306,-0.0203,-0.0188,1.0024,1.003
3.491224806,-0.0151,-0.0171,1.0029,1.003
3.493284113,-0.0134,-0.0169,1.0036,1.004
3.495151536,-0.0112,-0.0151,1.0034,1.004
3.497266383,-0.0105,-0.0139,1.0061,1.006
3.499312498,-0.0083,-0.0122,1.0068,1.007
3.509443767,-0.0049,-0.0112,1.0083,1.008
3.510922075,-0.0044,-0.0120,1.0092,1.009
3.511778498,-0.0027,-0.0120,1.0131,1.013
3.512724344,-0.0032,-0.0115,1.0168,1.017
3.513682075,-0.0037,-0.0107,1.0185,1.019
3.515297729,0.0000,-0.0093,1.0229,1.023
3.515633959,0.0015,-0.0103,1.0254,1.025
3.515863113,0.0002,-0.0105,1.0278,1.028
3.517698536,-0.0022,-0.0122,1.0319,1.032
3.525558575,-0.0029,-0.0132,1.0315,1.032
3.526044575,-0.0037,-0.0137,1.0332,1.033
3.526325113,-0.0061,-0.0176,1.0319,1.032
3.526559267,-0.0078,-0.0191,1.0307,1.031
3.526788536,-0.0129,-0.0222,1.0315,1.032
3.528735882,-0.0164,-0.0242,1.0290,1.029
3.530812382,-0.0195,-0.0266,1.0276,1.028
3.532915459,-0.0205,-0.0286,1.0227,1.023
3.535728498,-0.0230,-0.0300,1.0178,1.018
3.537231806,-0.0232,-0.0308,1.0144,1.015
3.538747459,-0.0225,-0.0325,1.0119,1.013
3.540588882,-0.0222,-0.0344,1.0095,1.010
3.542604344,-0.0213,-0.0344,1.0019,1.003
3.545501267,-0.0191,-0.0318,0.9958,0.996
3.546454575,-0.0171,-0.0310,0.9919,0.993
3.548385613,-0.0159,-0.0261,0.9853,0.986
3.551713767,-0.0137,-0.0261,0.9814,0.982
3.552475767,-0.0110,-0.0235,0.9745,0.975
3.554353652,-0.0078,-0.0176,0.9684,0.969
3.55625869,-0.0056,-0.0159,0.9672,0.967
3.558092806,-0.0029,-0.0107,0.9665,0.967
3.560319998,-0.0024,-0.0076,0.9684,0.968
3.561974306,-0.0007,-0.0059,0.9687,0.969
3.564253382,0.0027,0.0000,0.9677,0.968
3.565983498,0.0046,0.0022,0.9682,0.968
3.568599998,0.0083,0.0081,0.9706,0.971
3.570487575,0.0098,0.0125,0.9709,0.971
3.572011498,0.0100,0.0161,0.9721,0.972
3.573908806,0.0090,0.0220,0.9738,0.974
3.576122344,0.0088,0.0254,0.9762,0.977
3.57786469,0.0071,0.0274,0.9797,0.980
3.580082806,0.0066,0.0281,0.9836,0.984
3.581935806,0.0066,0.0291,0.9880,0.988
3.58765369,0.0081,0.0349,0.9997,1.000
3.588246806,0.0164,0.0423,1.0119,1.013
3.588497075,0.0193,0.0428,1.0134,1.014
3.59246069,0.0188,0.0425,1.0139,1.015
3.592741229,0.0147,0.0406,1.0156,1.016
3.595372306,0.0110,0.0381,1.0168,1.018
3.595811113,0.0042,0.0332,1.0153,1.016
3.597771344,-0.0020,0.0313,1.0136,1.014
3.59994169,-0.0049,0.0276,1.0129,1.013
3.602071459,-0.0071,0.0247,1.0119,1.012
3.603602344,-0.0081,0.0232,1.0122,1.012
3.605639459,-0.0117,0.0183,1.0097,1.010
3.60784219,-0.0125,0.0125,1.0080,1.008
3.609362306,-0.0137,0.0090,1.0075,1.008
3.611659267,-0.0164,0.0049,1.0058,1.006
3.613430575,-0.0137,0.0029,1.0058,1.006
3.615657998,-0.0129,-0.0039,1.0078,1.008
3.618698036,-0.0122,-0.0078,1.0092,1.009
3.619859344,-0.0115,-0.0090,1.0107,1.011
3.621215767,-0.0090,-0.0120,1.0122,1.012
3.623557498,-0.0059,-0.0159,1.0134,1.014
3.62523919,-0.0044,-0.0173,1.0134,1.014
3.627273344,-0.0005,-0.0200,1.0131,1.013
3.629126113,0.0015,-0.0210,1.0134,1.014
3.631405382,0.0056,-0.0225,1.0119,1.012
3.633246575,0.0076,-0.0213,1.0087,1.009
3.636158921,0.0081,-0.0208,1.0092,1.009
3.637451459,0.0110,-0.0210,1.0097,1.010
3.639166767,0.0117,-0.0213,1.0112,1.011
3.64101269,0.0127,-0.0200,1.0100,1.010
3.643247459,0.0149,-0.0164,1.0097,1.010
3.645135229,0.0171,-0.0147,1.0092,1.009
3.647337267,0.0205,-0.0088,1.0075,1.008
3.648857305,0.0239,-0.0020,1.0073,1.008
3.65230319,0.0249,0.0015,1.0065,1.007
3.653716536,0.0249,0.0083,1.0012,1.002
3.655119613,0.0208,0.0149,0.9936,0.994
3.656900959,0.0198,0.0186,0.9904,0.991
3.659041767,0.0188,0.0227,0.9828,0.983
3.660760382,0.0186,0.0254,0.9797,0.980
3.662854344,0.0134,0.0315,0.9755,0.976
3.664720382,0.0068,0.0332,0.9670,0.968
3.667004652,0.0037,0.0344,0.9645,0.965
3.669857229,-0.0039,0.0340,0.9611,0.962
3.671201344,-0.0125,0.0352,0.9582,0.959
3.67265919,-0.0159,0.0364,0.9579,0.959
3.674634267,-0.0237,0.0352,0.9594,0.960
3.676688882,-0.0310,0.0362,0.9606,0.962
3.678925998,-0.0318,0.0401,0.9635,0.965
3.680588152,-0.0332,0.0381,0.9667,0.968
3.682531421,-0.0359,0.0362,0.9684,0.970
3.685337767,-0.0423,0.0308,0.9726,0.974
3.688568921,-0.0476,0.0259,0.9750,0.977
3.689544305,-0.0481,0.0225,0.9784,0.980
3.690639036,-0.0454,0.0171,0.9882,0.989
3.692382536,-0.0432,0.0159,0.9929,0.994
3.694411959,-0.0388,0.0132,1.0007,1.002
3.696236844,-0.0340,0.0086,1.0080,1.009
3.698191613,-0.0320,0.0059,1.0112,1.012
3.700147882,-0.0286,0.0010,1.0153,1.016
3.709479536,-0.0239,-0.0037,1.0180,1.018
3.710974844,-0.0215,-0.0054,1.0197,1.020
3.711985305,-0.0203,-0.0090,1.0246,1.025
3.713074921,-0.0188,-0.0095,1.0271,1.027
3.714039998,-0.0164,-0.0115,1.0307,1.031
3.71518019,-0.0156,-0.0115,1.0302,1.030
3.716182613,-0.0137,-0.0098,1.0290,1.029
3.717165382,-0.0110,-0.0078,1.0271,1.027
3.727366652,-0.0086,-0.0037,1.0214,1.021
3.728846036,-0.0083,-0.0012,1.0185,1.019
3.729734229,-0.0066,0.0002,1.0105,1.010
3.730814844,-0.0068,0.0007,1.0063,1.006
3.731823036,-0.0073,0.0037,0.9990,0.999
3.733639959,-0.0073,0.0078,0.9912,0.991
3.734969652,-0.0076,0.0088,0.9885,0.989
3.735892536,-0.0073,0.0107,0.9831,0.983
3.736928344,-0.0073,0.0142,0.9821,0.982
3.737927152,-0.0090,0.0147,0.9814,0.982
3.738841767,-0.0110,0.0137,0.9802,0.980
3.739708767,-0.0139,0.0151,0.9802,0.980
3.743396959,-0.0156,0.0159,0.9826,0.983
3.744689767,-0.0198,0.0166,0.9853,0.986
3.745830498,-0.0215,0.0176,0.9887,0.989
3.747901113,-0.0232,0.0191,0.9936,0.994
3.749936228,-0.0288,0.0176,0.9958,0.996
3.75301419,-0.0313,0.0164,0.9970,0.998
3.754622728,-0.0366,0.0159,0.9997,1.000
3.756622152,-0.0401,0.0149,0.9999,1.001
3.757630228,-0.0406,0.0132,1.0051,1.006
3.759672305,-0.0428,0.0100,1.0078,1.009
3.761512036,-0.0442,0.0076,1.0092,1.010
3.763561728,-0.0440,0.0071,1.0102,1.011
3.765526805,-0.0450,0.0054,1.0122,1.013
3.767551728,-0.0452,0.0037,1.0134,1.014
3.770938575,-0.0440,0.0007,1.0146,1.016
3.772399882,-0.0430,0.0012,1.0161,1.017
3.773872113,-0.0396,-0.0017,1.0156,1.016
3.775458036,-0.0369,-0.0024,1.0151,1.016
3.777080728,-0.0354,-0.0046,1.0144,1.015
3.779242344,-0.0308,-0.0046,1.0090,1.009
3.781173767,-0.0249,-0.0029,1.0058,1.006
3.783015228,-0.0227,-0.0017,1.0029,1.003
3.786449652,-0.0181,-0.0002,0.9955,0.996
3.788422767,-0.0147,0.0002,0.9926,0.993
3.789765498,-0.0120,0.0005,0.9860,0.986
3.791349459,-0.0098,0.0029,0.9802,0.980
3.792841152,-0.0083,0.0044,0.9777,0.978
3.794853805,-0.0061,0.0039,0.9728,0.973
3.796884075,-0.0051,0.0046,0.9682,0.968
3.798911228,-0.0044,0.0042,0.9667,0.967
3.800779075,-0.0064,0.0032,0.9655,0.966
3.810524921,-0.0068,0.0034,0.9650,0.965
3.811987805,-0.0068,0.0032,0.9648,0.965
3.813150767,-0.0068,0.0007,0.9650,0.965
3.814171113,-0.0066,-0.0002,0.9655,0.966
3.815352113,-0.0059,-0.0012,0.9694,0.969
3.816352728,-0.0066,-0.0032,0.9728,0.973
3.817279075,-0.0073,-0.0029,0.9755,0.976
3.818809767,-0.0100,-0.0044,0.9816,0.982
3.819954382,-0.0103,-0.0056,0.9894,0.990
3.821117613,-0.0110,-0.0056,0.9938,0.994
3.830107382,-0.0098,-0.0081,1.0029,1.003
3.830707152,-0.0093,-0.0107,1.0070,1.007
3.83096719,-0.0061,-0.0129,1.0190,1.019
3.831202498,-0.0056,-0.0161,1.0295,1.030
3.831432613,-0.0054,-0.0164,1.0341,1.034
3.832103152,-0.0024,-0.0169,1.0451,1.045
3.83400669,-0.0012,-0.0161,1.0491,1.049
3.83922419,0.0010,-0.0178,1.0578,1.058
3.839668267,0.0010,-0.0186,1.0618,1.062
3.839991152,0.0032,-0.0188,1.0618,1.062
3.841830767,0.0071,-0.0191,1.0600,1.060
3.84424819,0.0127,-0.0161,1.0556,1.056
3.845865767,0.0139,-0.0151,1.0522,1.052
3.847946151,0.0178,-0.0139,1.0407,1.041
3.849809498,0.0188,-0.0125,1.0341,1.034
3.852627344,0.0191,-0.0103,1.0190,1.019
3.853779267,0.0198,-0.0095,1.0002,1.000
3.855750075,0.0210,-0.0088,0.9916,0.992
3.857667959,0.0230,-0.0061,0.9740,0.974
3.859835767,0.0200,-0.0027,0.9594,0.960
3.861668921,0.0193,-0.0015,0.9521,0.952
3.86388269,0.0178,0.0015,0.9408,0.941
3.866490651,0.0166,0.0010,0.9384,0.939
3.868070421,0.0147,0.0024,0.9337,0.934
3.871122844,0.0120,0.0044,0.9308,0.931
3.874128767,0.0100,0.0059,0.9313,0.931
3.875266921,0.0059,0.0051,0.9357,0.936
3.876190767,0.0046,0.0046,0.9442,0.944
3.877528998,0.0034,0.0049,0.9506,0.951
3.879640113,-0.0027,0.0049,0.9628,0.963
3.881361459,-0.0039,0.0039,0.9687,0.969
3.883647921,-0.0054,0.0056,0.9811,0.981
3.886630075,-0.0088,0.0064,0.9955,0.996
3.888372036,-0.0100,0.0073,1.0021,1.002
3.889699305,-0.0093,0.0049,1.0161,1.016
3.891718267,-0.0137,0.0049,1.0273,1.027
3.893287536,-0.0147,0.0046,1.0315,1.032
3.895477651,-0.0173,0.0022,1.0381,1.038
3.897192344,-0.0193,0.0022,1.0410,1.041
3.89948719,-0.0205,0.0002,1.0449,1.045
3.901209344,-0.0188,-0.0010,1.0469,1.047
3.911390305,-0.0181,-0.0012,1.0464,1.047
3.912808498,-0.0183,-0.0010,1.0447,1.045
3.913930421,-0.0156,-0.0022,1.0425,1.043
3.915072459,-0.0159,-0.0034,1.0410,1.041
3.916108805,-0.0147,-0.0037,1.0385,1.039
3.917147536,-0.0147,-0.0037,1.0359,1.036
3.918182651,-0.0122,-0.0042,1.0310,1.031
3.918885613,-0.0100,-0.0046,1.0263,1.026
3.919168959,-0.0093,-0.0037,1.0254,1.025
3.92793719,-0.0088,-0.0037,1.0222,1.022
3.92863819,-0.0066,-0.0012,1.0210,1.021
3.92893969,-0.0042,-0.0002,1.0212,1.021
3.929181421,0.0005,0.0034,1.0207,1.021
3.929435613,0.0022,0.0042,1.0205,1.020
3.930856036,0.0042,0.0039,1.0210,1.021
3.932641113,0.0081,0.0034,1.0256,1.026
3.935846459,0.0110,0.0044,1.0263,1.026
3.936821228,0.0169,0.0046,1.0285,1.029
3.939160421,0.0203,0.0049,1.0312,1.031
3.941303921,0.0222,0.0034,1.0329,1.033
3.943176267,0.0230,0.0054,1.0344,1.035
3.944604536,0.0222,0.0054,1.0337,1.034
3.946654536,0.0220,0.0032,1.0351,1.035
3.948521536,0.0215,0.0020,1.0329,1.033
3.950360921,0.0200,0.0015,1.0312,1.031
3.953593844,0.0171,-0.0005,1.0310,1.031
3.954474459,0.0149,-0.0032,1.0266,1.027
3.956464498,0.0127,-0.0039,1.0239,1.024
3.958309613,0.0056,-0.0054,1.0178,1.018
3.960237998,0.0032,-0.0059,1.0151,1.015
3.962089498,-0.0024,-0.0068,1.0080,1.008
3.964330998,-0.0073,-0.0081,0.9997,1.000
3.966121574,-0.0103,-0.0088,0.9963,0.996
3.969537921,-0.0117,-0.0120,0.9899,0.990
3.97018969,-0.0142,-0.0149,0.9838,0.984
3.972161844,-0.0161,-0.0159,0.9802,0.980
3.973814921,-0.0222,-0.0154,0.9733,0.974
3.976060882,-0.0230,-0.0154,0.9711,0.972
3.977948767,-0.0247,-0.0156,0.9679,0.968
3.979931382,-0.0283,-0.0166,0.9655,0.966
3.981801036,-0.0279,-0.0171,0.9638,0.964
3.983957959,-0.0293,-0.0178,0.9601,0.961
3.986230036,-0.0325,-0.0186,0.9567,0.957
3.987938651,-0.0330,-0.0186,0.9557,0.956
3.989738805,-0.0337,-0.0176,0.9538,0.955
3.991795767,-0.0344,-0.0166,0.9533,0.954
3.993877113,-0.0359,-0.0137,0.9552,0.956
3.995890074,-0.0364,-0.0127,0.9562,0.957
3.997668805,-0.0366,-0.0115,0.9572,0.958
3.999773305,-0.0379,-0.0105,0.9594,0.960
4.005508651,-0.0374,-0.0093,0.9599,0.961
4.006083882,-0.0379,-0.0086,0.9621,0.963
4.006394074,-0.0371,-0.0046,0.9682,0.969
4.007535305,-0.0347,-0.0039,0.9704,0.971
4.009699882,-0.0347,-0.0010,0.9748,0.975
4.013342882,-0.0330,0.0005,0.9797,0.980
4.014241574,-0.0337,0.0017,0.9828,0.983
4.015523613,-0.0347,0.0029,0.9887,0.989
4.017566036,-0.0342,0.0034,0.9946,0.995
4.020902651,-0.0342,0.0046,0.9980,0.999
4.021498805,-0.0325,0.0066,1.0061,1.007
4.023375998,-0.0315,0.0076,1.0090,1.010
4.025368382,-0.0318,0.0068,1.0129,1.013
4.027469113,-0.0310,0.0078,1.0163,1.017
4.02930419,-0.0305,0.0088,1.0173,1.018
4.031373305,-0.0286,0.0073,1.0190,1.019
4.033263151,-0.0298,0.0088,1.0219,1.022
4.036341728,-0.0305,0.0098,1.0229,1.023
4.037522574,-0.0298,0.0095,1.0234,1.024
4.039089074,-0.0291,0.0095,1.0224,1.023
4.041019844,-0.0291,0.0090,1.0229,1.023
4.04312419,-0.0300,0.0107,1.0205,1.021
4.044936459,-0.0300,0.0115,1.0192,1.020
4.047190805,-0.0303,0.0112,1.0173,1.018
4.049305382,-0.0318,0.0112,1.0129,1.013
4.051239805,-0.0318,0.0122,1.0109,1.012
4.054548882,-0.0318,0.0144,1.0085,1.009
4.055773344,-0.0325,0.0156,1.0068,1.007
4.057138267,-0.0327,0.0176,1.0056,1.006
4.058985921,-0.0332,0.0178,1.0002,1.001
4.061007344,-0.0330,0.0181,0.9987,0.999
4.062874921,-0.0325,0.0200,0.9936,0.994
4.064848497,-0.0342,0.0213,0.9919,0.993
4.067003497,-0.0337,0.0217,0.9897,0.990
4.070113767,-0.0332,0.0222,0.9870,0.988
4.071687574,-0.0335,0.0227,0.9853,0.986
4.074128305,-0.0342,0.0225,0.9838,0.985
4.075277228,-0.0379,0.0244,0.9806,0.982
4.076813382,-0.0386,0.0252,0.9809,0.982
4.07864969,-0.0376,0.0261,0.9811,0.982
4.080833459,-0.0396,0.0264,0.9799,0.981
4.082556536,-0.0384,0.0259,0.9816,0.983
4.08476869,-0.0384,0.0249,0.9824,0.983
4.087629074,-0.0381,0.0249,0.9828,0.984
4.089153728,-0.0384,0.0244,0.9811,0.982
4.090705382,-0.0391,0.0249,0.9821,0.983
4.092428767,-0.0384,0.0249,0.9831,0.984
4.094441959,-0.0364,0.0244,0.9828,0.984
4.096698844,-0.0371,0.0257,0.9831,0.984
4.098550997,-0.0364,0.0247,0.9836,0.985
4.100495805,-0.0362,0.0247,0.9841,0.985
4.11008769,-0.0318,0.0249,0.9828,0.984
4.11153819,-0.0291,0.0247,0.9819,0.983
4.112704574,-0.0242,0.0249,0.9816,0.982
4.113617728,-0.0220,0.0247,0.9821,0.983
4.114906959,-0.0169,0.0239,0.9794,0.980
4.115991805,-0.0142,0.0249,0.9794,0.980
4.117061113,-0.0122,0.0239,0.9797,0.980
4.118481921,-0.0088,0.0215,0.9780,0.978
4.119631613,-0.0071,0.0215,0.9780,0.978
4.120870613,-0.0037,0.0213,0.9799,0.980
4.121967074,-0.0005,0.0217,0.9797,0.980
4.128805036,0.0017,0.0222,0.9792,0.979
4.129257997,0.0034,0.0188,0.9755,0.976
4.129511536,0.0061,0.0191,0.9721,0.972
4.129743959,0.0071,0.0188,0.9692,0.969
4.131789921,0.0093,0.0188,0.9628,0.963
4.133805997,0.0122,0.0183,0.9604,0.961
4.140190497,0.0137,0.0173,0.9552,0.955
4.140615305,0.0139,0.0166,0.9501,0.950
4.140855305,0.0154,0.0161,0.9484,0.949
4.141628536,0.0193,0.0154,0.9477,0.948
4.143757651,0.0195,0.0151,0.9484,0.949
4.145438959,0.0191,0.0151,0.9482,0.948
4.147563305,0.0208,0.0164,0.9552,0.956
4.149326728,0.0213,0.0171,0.9582,0.959
4.151587228,0.0208,0.0164,0.9635,0.964
4.154055613,0.0186,0.0154,0.9704,0.971
4.155547459,0.0186,0.0149,0.9738,0.974
4.157475805,0.0176,0.0147,0.9806,0.981
4.159501805,0.0125,0.0144,0.9865,0.987
4.161381305,0.0103,0.0149,0.9892,0.989
4.163264228,0.0061,0.0137,0.9936,0.994
4.165126074,0.0044,0.0132,0.9953,0.995
4.167272459,-0.0012,0.0132,0.9982,0.998
4.170307959,-0.0066,0.0122,0.9990,0.999
4.17134919,-0.0100,0.0132,1.0004,1.001
4.173085382,-0.0171,0.0142,1.0021,1.002
4.175187767,-0.0210,0.0144,1.0026,1.003
4.177153113,-0.0242,0.0149,1.0024,1.003
4.179114497,-0.0293,0.0147,1.0019,1.002
4.180880844,-0.0298,0.0159,1.0017,1.002
4.182980651,-0.0318,0.0154,1.0009,1.002
4.184846997,-0.0322,0.0166,1.0014,1.002
4.187463151,-0.0325,0.0166,1.0017,1.002
4.189209151,-0.0325,0.0144,1.0007,1.001
4.191048305,-0.0330,0.0159,1.0007,1.001
4.192955728,-0.0322,0.0164,1.0021,1.003
4.194902267,-0.0288,0.0164,1.0053,1.006
4.196701497,-0.0293,0.0164,1.0065,1.007
4.198887267,-0.0281,0.0156,1.0097,1.010
4.200755997,-0.0232,0.0161,1.0131,1.014
4.20976619,-0.0220,0.0164,1.0158,1.016
4.211268536,-0.0193,0.0176,1.0202,1.021
4.212143113,-0.0166,0.0166,1.0256,1.026
4.213130036,-0.0156,0.0159,1.0278,1.028
4.21433919,-0.0134,0.0164,1.0317,1.032
4.217513459,-0.0115,0.0161,1.0327,1.033
4.21865919,-0.0076,0.0176,1.0390,1.039
4.21964692,-0.0044,0.0169,1.0422,1.042
4.220966382,-0.0037,0.0169,1.0466,1.047
4.225737651,-0.0015,0.0164,1.0512,1.051
4.227353036,0.0002,0.0171,1.0532,1.053
4.228292844,-0.0007,0.0166,1.0532,1.053
4.229190344,-0.0032,0.0191,1.0542,1.054
4.230204151,-0.0037,0.0193,1.0549,1.055
4.231260574,-0.0046,0.0205,1.0547,1.055
4.232386305,-0.0046,0.0193,1.0534,1.054
4.234343997,-0.0054,0.0191,1.0522,1.052
4.237835882,-0.0059,0.0181,1.0498,1.050
4.239512728,-0.0068,0.0171,1.0439,1.044
4.240690536,-0.0076,0.0171,1.0425,1.043
4.247137536,-0.0110,0.0193,1.0393,1.040
4.248222767,-0.0117,0.0193,1.0359,1.036
4.248937151,-0.0129,0.0193,1.0288,1.029
4.249819497,-0.0151,0.0183,1.0214,1.022
4.250980767,-0.0171,0.0183,1.0163,1.017
4.252110728,-0.0215,0.0183,1.0083,1.009
4.25538019,-0.0232,0.0186,1.0004,1.001
4.256842613,-0.0237,0.0200,0.9958,0.996
4.258018497,-0.0291,0.0208,0.9907,0.991
4.259953074,-0.0303,0.0213,0.9887,0.989
4.262109536,-0.0322,0.0222,0.9848,0.986
4.263843574,-0.0347,0.0232,0.9802,0.981
4.265797267,-0.0359,0.0239,0.9787,0.980
4.267791497,-0.0376,0.0257,0.9753,0.976
4.272642036,-0.0388,0.0269,0.9748,0.976
4.274456997,-0.0384,0.0288,0.9738,0.975
4.27572992,-0.0379,0.0313,0.9738,0.975
4.276785728,-0.0366,0.0315,0.9740,0.975
4.277957382,-0.0340,0.0308,0.9748,0.976
4.279542305,-0.0315,0.0332,0.9762,0.977
4.281505574,-0.0318,0.0337,0.9782,0.979
4.28345869,-0.0271,0.0342,0.9814,0.982
4.286857651,-0.0232,0.0359,0.9860,0.987
4.287512767,-0.0210,0.0362,0.9885,0.989
4.289404843,-0.0169,0.0366,0.9926,0.993
4.291745651,-0.0159,0.0374,0.9948,0.996
4.293494151,-0.0100,0.0366,1.0002,1.001
4.295221651,-0.0068,0.0362,1.0068,1.007
4.297205959,-0.0049,0.0371,1.0100,1.011
4.299190767,0.0000,0.0386,1.0126,1.013
4.301212728,0.0044,0.0369,1.0183,1.019
4.306436805,0.0061,0.0366,1.0205,1.021
4.307095767,0.0090,0.0347,1.0254,1.026
4.307592574,0.0120,0.0352,1.0256,1.026
4.309132267,0.0147,0.0347,1.0258,1.027
4.311069459,0.0159,0.0344,1.0268,1.028
4.31331492,0.0169,0.0337,1.0276,1.028
4.315043343,0.0200,0.0332,1.0254,1.026
4.317058959,0.0208,0.0332,1.0227,1.023
4.322048574,0.0215,0.0330,1.0234,1.024
4.322712613,0.0215,0.0303,1.0210,1.022
4.323068536,0.0225,0.0293,1.0192,1.020
4.324878074,0.0227,0.0296,1.0153,1.016
4.326772497,0.0215,0.0291,1.0122,1.013
4.329445805,0.0208,0.0274,1.0085,1.009
4.331067305,0.0169,0.0257,1.0070,1.007
4.332573959,0.0149,0.0257,1.0056,1.006
4.334852497,0.0098,0.0259,1.0041,1.004
4.337488459,0.0039,0.0252,1.0004,1.001
4.339217074,0.0010,0.0244,0.9992,1.000
4.340430613,-0.0015,0.0252,0.9970,0.997
4.342366113,-0.0049,0.0244,0.9955,0.996
4.344350536,-0.0066,0.0247,0.9933,0.994
4.346196382,-0.0110,0.0254,0.9919,0.992
4.348470343,-0.0134,0.0259,0.9907,0.991
4.350318728,-0.0154,0.0259,0.9875,0.988
4.353727459,-0.0176,0.0252,0.9846,0.985
4.35456569,-0.0191,0.0244,0.9836,0.984
4.356800536,-0.0200,0.0242,0.9819,0.982
4.358410305,-0.0186,0.0235,0.9824,0.983
4.360312343,-0.0191,0.0230,0.9826,0.983
4.362201036,-0.0178,0.0232,0.9833,0.984
4.364738536,-0.0166,0.0227,0.9843,0.985
4.366226651,-0.0120,0.0222,0.9872,0.988
4.36869092,-0.0051,0.0217,0.9880,0.988
4.371815074,-0.0020,0.0208,0.9890,0.989
4.372694536,0.0037,0.0208,0.9924,0.993
4.374443343,0.0095,0.0213,0.9933,0.994
4.376296459,0.0129,0.0217,0.9951,0.995
4.378092036,0.0178,0.0242,0.9980,0.998
4.38047069,0.0225,0.0239,1.0004,1.001
4.382000305,0.0239,0.0222,1.0019,1.002
4.38439919,0.0261,0.0237,1.0053,1.006
4.387590536,0.0283,0.0242,1.0070,1.008
4.388926382,0.0315,0.0244,1.0100,1.011
4.389942036,0.0332,0.0244,1.0100,1.011
4.392803305,0.0340,0.0244,1.0100,1.011
4.39383869,0.0357,0.0244,1.0100,1.011
4.396405766,0.0349,0.0247,1.0114,1.012
4.397890843,0.0352,0.0254,1.0124,1.013
4.400494151,0.0340,0.0269,1.0124,1.013
4.402385959,0.0332,0.0281,1.0107,1.012
4.408803843,0.0296,0.0276,1.0105,1.011
4.40972119,0.0252,0.0276,1.0092,1.010
4.410175497,0.0247,0.0266,1.0078,1.008
4.411446113,0.0225,0.0269,1.0070,1.008
4.412050843,0.0208,0.0279,1.0065,1.007
4.41397569,0.0183,0.0279,1.0048,1.005
4.415698997,0.0151,0.0293,1.0029,1.003
4.417735997,0.0134,0.0286,1.0031,1.004
4.43723319,0.0093,0.0274,1.0036,1.004
4.437970113,0.0061,0.0286,1.0024,1.003
4.438359613,0.0044,0.0286,1.0029,1.003
4.438655074,0.0002,0.0293,1.0021,1.003
4.438941497,-0.0032,0.0296,1.0017,1.002
4.439208959,-0.0039,0.0303,1.0002,1.001
4.439500228,-0.0083,0.0303,1.0012,1.002
4.439773843,-0.0100,0.0305,1.0007,1.001
4.440061728,-0.0129,0.0305,0.9995,1.000
4.440348536,-0.0147,0.0293,0.9980,0.999
4.44062792,-0.0151,0.0303,0.9980,0.999
4.441336113,-0.0156,0.0298,0.9977,0.998
4.443590843,-0.0173,0.0296,0.9965,0.997
4.445421036,-0.0156,0.0308,0.9948,0.995
4.44728692,-0.0151,0.0298,0.9936,0.994
4.449108805,-0.0139,0.0296,0.9931,0.994
4.451573882,-0.0117,0.0296,0.9921,0.993
4.45443269,-0.0129,0.0322,0.9899,0.991
4.455221459,-0.0122,0.0320,0.9877,0.988
4.457150997,-0.0090,0.0320,0.9877,0.988
4.459631613,-0.0056,0.0327,0.9848,0.985
4.460938266,-0.0042,0.0330,0.9855,0.986
4.463030459,-0.0037,0.0332,0.9853,0.986
4.464896151,-0.0039,0.0330,0.9848,0.985
4.467094459,-0.0034,0.0332,0.9855,0.986
4.46906092,0.0002,0.0344,0.9850,0.986
4.471638843,0.0022,0.0352,0.9865,0.987
4.472733882,0.0017,0.0344,0.9880,0.989
4.474983459,0.0012,0.0344,0.9885,0.989
4.47692742,0.0015,0.0349,0.9892,0.990
4.478563228,0.0024,0.0357,0.9919,0.993
4.481214574,0.0032,0.0357,0.9926,0.993
4.482854728,0.0034,0.0359,0.9933,0.994
4.484734805,0.0042,0.0364,0.9963,0.997
4.487418805,0.0046,0.0381,0.9980,0.999
4.488740536,0.0044,0.0403,1.0014,1.002
4.49182092,0.0032,0.0401,1.0034,1.004
4.493382997,0.0034,0.0403,1.0039,1.005
4.494714574,0.0042,0.0396,1.0063,1.007
4.496625036,0.0029,0.0393,1.0073,1.008
4.498567343,0.0027,0.0398,1.0119,1.013
4.500368997,0.0029,0.0393,1.0122,1.013
4.502500151,0.0005,0.0391,1.0139,1.015
4.511953266,-0.0017,0.0381,1.0163,1.017
4.513336882,-0.0037,0.0386,1.0192,1.020
4.514669459,-0.0051,0.0381,1.0217,1.022
4.515629766,-0.0068,0.0374,1.0256,1.026
4.516766843,-0.0086,0.0371,1.0271,1.028
4.517835959,-0.0105,0.0386,1.0293,1.030
4.518914882,-0.0115,0.0369,1.0322,1.033
4.519840574,-0.0127,0.0371,1.0332,1.034
4.520676574,-0.0149,0.0371,1.0349,1.036
4.535697574,-0.0203,0.0371,1.0329,1.034
4.537216805,-0.0213,0.0374,1.0327,1.034
4.538448805,-0.0230,0.0376,1.0317,1.033
4.539553497,-0.0242,0.0386,1.0305,1.031
4.540715113,-0.0266,0.0381,1.0263,1.027
4.541942305,-0.0293,0.0386,1.0222,1.023
4.543033228,-0.0293,0.0386,1.0195,1.021
4.544020189,-0.0271,0.0386,1.0141,1.015
4.544868305,-0.0276,0.0374,1.0078,1.009
4.545762689,-0.0274,0.0366,1.0051,1.006
4.546770843,-0.0257,0.0347,0.9997,1.001
4.547615113,-0.0220,0.0344,0.9931,0.994
4.548438189,-0.0198,0.0332,0.9907,0.991
4.549255074,-0.0151,0.0337,0.9846,0.985
4.550117151,-0.0144,0.0335,0.9816,0.982
4.551933689,-0.0125,0.0337,0.9777,0.978
4.554991074,-0.0100,0.0327,0.9740,0.975
4.556657843,-0.0095,0.0330,0.9723,0.973
4.557725305,-0.0054,0.0335,0.9721,0.973
4.55952392,-0.0037,0.0327,0.9728,0.973
4.561518728,0.0000,0.0344,0.9745,0.975
4.56336592,0.0032,0.0340,0.9758,0.976
4.565522613,0.0037,0.0335,0.9775,0.978
4.567301728,0.0039,0.0330,0.9824,0.983
4.571833074,0.0042,0.0327,0.9850,0.986
4.573464036,0.0056,0.0330,0.9860,0.987
4.574945074,0.0081,0.0337,0.9892,0.990
4.576511113,0.0078,0.0347,0.9907,0.991
4.577579882,0.0103,0.0344,0.9953,0.996
4.579723459,0.0125,0.0337,1.0012,1.002
4.580945959,0.0122,0.0347,1.0043,1.005
4.583431766,0.0137,0.0340,1.0102,1.011
4.585323574,0.0134,0.0337,1.0117,1.012
4.588404497,0.0134,0.0330,1.0161,1.017
4.589239536,0.0112,0.0318,1.0185,1.019
4.591457382,0.0107,0.0310,1.0173,1.018
4.593106805,0.0076,0.0303,1.0136,1.014
4.594786459,0.0061,0.0303,1.0078,1.008
4.596991228,0.0046,0.0308,1.0031,1.004
4.598920074,0.0012,0.0313,0.9946,0.995
4.600837497,0.0007,0.0322,0.9904,0.991
4.602918036,0.0000,0.0342,0.9816,0.982
4.608964728,-0.0027,0.0342,0.9711,0.972
4.609762574,-0.0042,0.0347,0.9667,0.967
4.610190843,-0.0054,0.0344,0.9594,0.960
4.610722497,-0.0078,0.0337,0.9526,0.953
4.612899689,-0.0093,0.0315,0.9496,0.950
4.61456742,-0.0107,0.0281,0.9469,0.947
4.616736189,-0.0129,0.0274,0.9464,0.947
4.618732805,-0.0129,0.0276,0.9467,0.947
4.623726228,-0.0142,0.0264,0.9489,0.949
4.624591997,-0.0134,0.0249,0.9511,0.952
4.625023151,-0.0112,0.0225,0.9560,0.956
4.626695689,-0.0093,0.0222,0.9604,0.961
4.628405305,-0.0088,0.0220,0.9628,0.963
4.63036692,-0.0078,0.0205,0.9711,0.971
4.632409574,-0.0049,0.0198,0.9767,0.977
4.634365228,-0.0044,0.0193,0.9802,0.980
4.636352843,-0.0042,0.0198,0.9885,0.989
4.63872042,-0.0044,0.0195,0.9914,0.992
4.640336228,-0.0042,0.0227,0.9955,0.996
4.64222692,-0.0034,0.0254,1.0017,1.002
4.644357997,-0.0044,0.0259,1.0051,1.005
4.646430112,-0.0081,0.0271,1.0107,1.011
4.648485074,-0.0098,0.0274,1.0166,1.017
4.650098036,-0.0110,0.0281,1.0202,1.021
4.652260074,-0.0120,0.0300,1.0273,1.028
4.655555459,-0.0125,0.0308,1.0295,1.030
4.657118036,-0.0132,0.0320,1.0356,1.036
4.659825997,-0.0156,0.0318,1.0420,1.043
4.661130189,-0.0178,0.0330,1.0451,1.046
4.662126151,-0.0203,0.0366,1.0491,1.050
4.664316036,-0.0193,0.0349,1.0525,1.053
4.665984766,-0.0191,0.0357,1.0530,1.054
4.668041651,-0.0198,0.0374,1.0525,1.053
4.671513959,-0.0205,0.0366,1.0517,1.053
4.672738843,-0.0215,0.0374,1.0493,1.050
4.673825612,-0.0213,0.0371,1.0466,1.047
4.676388959,-0.0200,0.0359,1.0444,1.045
4.677818497,-0.0191,0.0347,1.0390,1.040
4.679838305,-0.0186,0.0352,1.0339,1.035
4.681568612,-0.0186,0.0349,1.0322,1.033
4.683653112,-0.0181,0.0318,1.0266,1.027
4.685620766,-0.0181,0.0315,1.0246,1.025
4.688646189,-0.0164,0.0322,1.0205,1.021
4.690159959,-0.0164,0.0305,1.0166,1.017
4.691669036,-0.0154,0.0300,1.0146,1.015
4.693386266,-0.0144,0.0296,1.0119,1.012
4.695574305,-0.0129,0.0279,1.0112,1.012
4.697533074,-0.0127,0.0269,1.0095,1.010
4.699575612,-0.0103,0.0266,1.0068,1.007
4.701392305,-0.0095,0.0249,1.0058,1.006
4.704461728,-0.0103,0.0254,1.0046,1.005
4.705690151,-0.0117,0.0244,1.0061,1.006
4.714871151,-0.0110,0.0252,1.0068,1.007
4.715487728,-0.0105,0.0247,1.0065,1.007
4.715729459,-0.0100,0.0242,1.0058,1.006
4.715967689,-0.0100,0.0235,1.0053,1.006
4.71619792,-0.0107,0.0225,1.0046,1.005
4.717231305,-0.0110,0.0220,1.0056,1.006
4.719082112,-0.0098,0.0213,1.0058,1.006
4.730000112,-0.0103,0.0227,1.0043,1.005
4.730675651,-0.0103,0.0222,1.0051,1.005
4.730938651,-0.0115,0.0225,1.0058,1.006
4.731199459,-0.0134,0.0237,1.0058,1.006
4.731433882,-0.0137,0.0237,1.0048,1.005
4.731661189,-0.0149,0.0242,1.0046,1.005
4.732961382,-0.0171,0.0237,1.0041,1.005
4.735296074,-0.0169,0.0242,1.0048,1.005
4.737275151,-0.0161,0.0259,1.0048,1.005
4.739284728,-0.0159,0.0264,1.0043,1.005
4.740635382,-0.0169,0.0274,1.0046,1.005
4.742775651,-0.0178,0.0269,1.0051,1.006
4.744582997,-0.0173,0.0269,1.0048,1.005
4.746702689,-0.0169,0.0271,1.0043,1.005
4.748483343,-0.0164,0.0281,1.0039,1.004
4.750658766,-0.0129,0.0283,1.0051,1.006
4.752376728,-0.0144,0.0288,1.0056,1.006
4.754495074,-0.0144,0.0283,1.0043,1.005
4.757000074,-0.0137,0.0303,1.0036,1.004
4.758333805,-0.0117,0.0305,1.0039,1.004
4.760632689,-0.0112,0.0293,1.0048,1.005
4.762190574,-0.0081,0.0288,1.0046,1.005
4.764334189,-0.0071,0.0296,1.0048,1.005
4.766243689,-0.0068,0.0296,1.0039,1.004
4.768306651,-0.0044,0.0303,1.0019,1.002
4.771254382,-0.0039,0.0303,1.0024,1.003
4.773613266,-0.0046,0.0298,1.0024,1.003
4.774327459,-0.0037,0.0296,1.0036,1.004
4.776184612,-0.0029,0.0308,1.0046,1.005
4.77833192,-0.0005,0.0310,1.0029,1.003
4.780338805,0.0002,0.0308,1.0026,1.003
4.782437112,0.0000,0.0303,1.0029,1.003
4.784457459,0.0022,0.0315,1.0046,1.005
4.786243228,0.0032,0.0330,1.0043,1.005
4.789540497,0.0046,0.0296,1.0036,1.004
4.791178728,0.0034,0.0310,1.0046,1.005
4.792418305,0.0020,0.0320,1.0048,1.005
4.794203228,0.0010,0.0318,1.0056,1.006
4.796199305,0.0022,0.0332,1.0056,1.006
4.798159035,0.0020,0.0332,1.0053,1.006
4.800250074,0.0002,0.0330,1.0070,1.008
4.802294728,-0.0002,0.0332,1.0087,1.009
4.813509266,0.0000,0.0354,1.0097,1.010
4.814921535,0.0007,0.0347,1.0102,1.011
4.815833112,-0.0005,0.0347,1.0107,1.011
4.816625074,-0.0012,0.0357,1.0117,1.012
4.817492228,-0.0012,0.0364,1.0126,1.013
4.81841842,-0.0010,0.0359,1.0131,1.014
4.819468343,-0.0007,0.0352,1.0139,1.014
4.820636728,-0.0007,0.0349,1.0136,1.014
4.821815612,0.0000,0.0359,1.0126,1.013
4.830869997,0.0010,0.0369,1.0126,1.013
4.832435728,-0.0002,0.0357,1.0105,1.011
4.833690112,-0.0007,0.0371,1.0083,1.009
4.835125689,0.0000,0.0366,1.0056,1.006
4.836278958,-0.0002,0.0366,1.0053,1.006
4.837499958,-0.0012,0.0384,0.9990,1.000
4.838903382,-0.0007,0.0388,0.9973,0.998
4.839978958,-0.0015,0.0410,0.9921,0.993
4.840831805,-0.0027,0.0415,0.9877,0.989
4.841759343,-0.0024,0.0428,0.9858,0.987
4.842756612,-0.0010,0.0442,0.9809,0.982
4.843733689,-0.0027,0.0432,0.9765,0.977
4.846150574,-0.0034,0.0428,0.9760,0.977
4.847587112,-0.0046,0.0425,0.9733,0.974
4.849340535,-0.0039,0.0430,0.9719,0.973
4.851356382,-0.0044,0.0435,0.9711,0.972
4.853484535,-0.0066,0.0457,0.9719,0.973
4.856599805,-0.0083,0.0450,0.9726,0.974
4.858013805,-0.0088,0.0430,0.9740,0.975
4.85960142,-0.0068,0.0415,0.9750,0.976
4.861211843,-0.0076,0.0413,0.9760,0.977
4.863157997,-0.0090,0.0415,0.9784,0.979
4.865133497,-0.0098,0.0401,0.9794,0.980
4.86715542,-0.0095,0.0393,0.9802,0.981
4.869090805,-0.0103,0.0396,0.9819,0.983
4.871919189,-0.0095,0.0393,0.9831,0.984
4.873328189,-0.0083,0.0369,0.9872,0.988
4.875180843,-0.0083,0.0366,0.9926,0.993
4.876882035,-0.0073,0.0369,0.9929,0.994
4.878992997,-0.0042,0.0347,0.9958,0.996
4.880904958,-0.0042,0.0342,0.9985,0.999
4.882973112,-0.0017,0.0347,1.0021,1.003
4.884903497,-0.0022,0.0352,1.0053,1.006
4.88684992,-0.0022,0.0354,1.0061,1.007
4.889740535,-0.0029,0.0337,1.0078,1.008
4.891227997,-0.0034,0.0352,1.0085,1.009
4.892687728,-0.0029,0.0362,1.0083,1.009
4.894553305,-0.0037,0.0349,1.0097,1.010
4.896470805,-0.0024,0.0347,1.0107,1.011
4.898565458,-0.0032,0.0340,1.0119,1.012
4.900746189,-0.0037,0.0344,1.0146,1.015
4.902423958,-0.0034,0.0357,1.0156,1.016
4.912717689,-0.0032,0.0359,1.0183,1.019
4.914292805,-0.0034,0.0357,1.0197,1.020
4.915294228,-0.0042,0.0362,1.0239,1.025
4.916368343,-0.0061,0.0357,1.0266,1.027
4.917465189,-0.0068,0.0364,1.0280,1.029
4.918834458,-0.0081,0.0357,1.0310,1.032
4.919169651,-0.0076,0.0371,1.0341,1.035
4.919717574,-0.0086,0.0374,1.0346,1.035
4.927371458,-0.0098,0.0388,1.0337,1.034
4.927981074,-0.0095,0.0381,1.0329,1.034
4.928234651,-0.0105,0.0369,1.0324,1.033
4.928464574,-0.0112,0.0362,1.0302,1.031
4.928700881,-0.0112,0.0366,1.0302,1.031
4.929766305,-0.0137,0.0371,1.0300,1.031
4.932094728,-0.0149,0.0374,1.0249,1.026
4.933809305,-0.0147,0.0374,1.0227,1.023
4.935774305,-0.0151,0.0381,1.0180,1.019
4.938290266,-0.0147,0.0379,1.0151,1.016
4.940067881,-0.0137,0.0369,1.0092,1.010
4.94173992,-0.0134,0.0354,1.0046,1.005
4.943709343,-0.0134,0.0362,1.0019,1.003
4.945988151,-0.0129,0.0366,0.9960,0.997
4.947678497,-0.0110,0.0374,0.9897,0.990
4.949487151,-0.0105,0.0381,0.9863,0.987
4.951651343,-0.0086,0.0393,0.9811,0.982
4.953628497,-0.0076,0.0384,0.9782,0.979
4.956091112,-0.0046,0.0388,0.9745,0.975
4.957471458,-0.0042,0.0386,0.9704,0.971
4.959456651,-0.0042,0.0384,0.9682,0.969
4.961478074,-0.0032,0.0371,0.9662,0.967
4.963467881,-0.0029,0.0362,0.9650,0.966
4.96522642,-0.0022,0.0352,0.9648,0.965
4.967257305,-0.0017,0.0342,0.9643,0.965
4.969040535,-0.0012,0.0347,0.9650,0.966
4.972137881,-0.0010,0.0354,0.9675,0.968
4.97306942,0.0000,0.0335,0.9704,0.971
4.975509612,0.0007,0.0327,0.9719,0.972
4.977074997,0.0000,0.0344,0.9745,0.975
4.979249766,-0.0007,0.0344,0.9775,0.978
4.981151805,0.0002,0.0342,0.9819,0.982
4.983036228,0.0017,0.0335,0.9855,0.986
4.985027958,0.0010,0.0327,0.9877,0.988
4.988570458,0.0015,0.0320,0.9912,0.992
4.989624112,0.0007,0.0305,0.9924,0.993
4.990999997,-0.0005,0.0300,0.9943,0.995
4.993006343,-0.0017,0.0303,0.9970,0.997
4.994936958,-0.0022,0.0305,0.9951,0.996
4.996852228,-0.0034,0.0296,0.9958,0.996
4.998885266,-0.0049,0.0305,0.9963,0.997
5.000725343,-0.0054,0.0305,0.9968,0.997
5.002970035,-0.0095,0.0313,0.9975,0.998
5.007220074,-0.0107,0.0296,0.9980,0.998
5.007762497,-0.0120,0.0293,0.9970,0.998
5.008925497,-0.0142,0.0298,0.9968,0.997
5.014178228,-0.0161,0.0308,0.9999,1.001
5.014502343,-0.0164,0.0310,1.0004,1.001
5.014739112,-0.0154,0.0313,1.0026,1.003
5.016418574,-0.0169,0.0313,1.0036,1.004
5.018624997,-0.0200,0.0310,1.0046,1.005
5.023424843,-0.0203,0.0325,1.0075,1.008
5.024006651,-0.0188,0.0332,1.0085,1.009
5.024696574,-0.0193,0.0325,1.0075,1.008
5.026373612,-0.0191,0.0320,1.0073,1.008
5.028151689,-0.0191,0.0305,1.0075,1.008
5.030120958,-0.0191,0.0298,1.0065,1.007
5.032265497,-0.0188,0.0300,1.0056,1.006
5.036360843,-0.0188,0.0310,1.0026,1.003
5.036678535,-0.0191,0.0310,1.0036,1.004
5.038562189,-0.0193,0.0300,1.0034,1.004
5.040446112,-0.0188,0.0308,1.0017,1.002
5.045263458,-0.0191,0.0318,1.0009,1.002
5.045504458,-0.0173,0.0315,0.9992,1.000
5.046065574,-0.0151,0.0313,0.9997,1.000
5.048168458,-0.0132,0.0313,1.0007,1.001
5.049985035,-0.0098,0.0313,1.0034,1.004
5.052202228,-0.0098,0.0320,1.0039,1.004
5.056502958,-0.0093,0.0318,1.0039,1.004
5.057619189,-0.0110,0.0320,1.0039,1.004
5.058522112,-0.0110,0.0325,1.0039,1.004
5.060047804,-0.0086,0.0332,1.0058,1.006
5.061815535,-0.0078,0.0337,1.0056,1.006
5.063781843,-0.0083,0.0344,1.0058,1.006
5.065698228,-0.0059,0.0349,1.0039,1.004
5.067688035,-0.0037,0.0347,1.0021,1.003
5.069600304,-0.0046,0.0347,1.0021,1.003
5.073681651,-0.0068,0.0359,0.9992,1.000
5.075726843,-0.0061,0.0357,0.9982,0.999
5.076759997,-0.0049,0.0359,0.9963,0.997
5.078044535,-0.0049,0.0364,0.9941,0.995
5.079645228,-0.0054,0.0359,0.9929,0.994
5.081582651,-0.0061,0.0371,0.9907,0.991
5.083606497,-0.0061,0.0376,0.9890,0.990
5.08539592,-0.0064,0.0379,0.9892,0.990
5.087542112,-0.0059,0.0396,0.9892,0.990
5.090037304,-0.0066,0.0396,0.9890,0.990
5.092831997,-0.0086,0.0384,0.9904,0.991
5.094212381,-0.0103,0.0391,0.9907,0.991
5.095444997,-0.0115,0.0393,0.9914,0.992
5.097386189,-0.0132,0.0396,0.9951,0.996
5.09957242,-0.0122,0.0386,0.9955,0.996
5.101562151,-0.0125,0.0388,0.9953,0.996
5.103532381,-0.0137,0.0381,0.9970,0.998
5.114548228,-0.0151,0.0376,0.9970,0.998
5.116173189,-0.0161,0.0374,0.9980,0.999
5.117343804,-0.0166,0.0364,0.9985,0.999
5.118496651,-0.0169,0.0359,0.9985,0.999
5.119578881,-0.0161,0.0371,0.9980,0.999
5.120681958,-0.0171,0.0374,0.9999,1.001
5.121889881,-0.0166,0.0364,1.0004,1.001
5.123211381,-0.0176,0.0357,0.9999,1.001
5.124483574,-0.0178,0.0354,0.9990,1.000
5.125816112,-0.0176,0.0359,0.9990,1.000
5.127254997,-0.0173,0.0357,0.9990,1.000
5.128378843,-0.0178,0.0344,0.9990,1.000
5.129501343,-0.0159,0.0342,0.9975,0.998
5.132482651,-0.0134,0.0352,0.9941,0.995
5.133329343,-0.0134,0.0347,0.9933,0.994
5.135318651,-0.0120,0.0349,0.9907,0.991
5.136776843,-0.0115,0.0344,0.9904,0.991
5.141728304,-0.0107,0.0340,0.9890,0.990
5.142520304,-0.0098,0.0357,0.9860,0.987
5.143011189,-0.0098,0.0335,0.9853,0.986
5.146919112,-0.0095,0.0318,0.9821,0.983
5.14741142,-0.0090,0.0327,0.9787,0.979
5.148454997,-0.0093,0.0337,0.9762,0.977
5.151079497,-0.0098,0.0347,0.9743,0.975
5.152555881,-0.0112,0.0349,0.9748,0.975
5.155502266,-0.0117,0.0325,0.9733,0.974
5.156384074,-0.0127,0.0325,0.9728,0.973
5.158361151,-0.0127,0.0325,0.9723,0.973
5.160341112,-0.0115,0.0322,0.9738,0.974
5.162365074,-0.0107,0.0332,0.9740,0.975
5.164716381,-0.0100,0.0335,0.9753,0.976
5.166431958,-0.0083,0.0342,0.9767,0.977
5.168648074,-0.0083,0.0342,0.9792,0.980
5.170458381,-0.0083,0.0349,0.9806,0.981
5.172838689,-0.0071,0.0354,0.9841,0.985
5.174049381,-0.0064,0.0362,0.9868,0.987
5.17633642,-0.0064,0.0364,0.9938,0.995
5.178233035,-0.0068,0.0364,0.9987,0.999
5.180165612,-0.0066,0.0362,1.0019,1.003
5.182148689,-0.0061,0.0357,1.0051,1.006
5.184110304,-0.0054,0.0381,1.0092,1.010
5.185825074,-0.0042,0.0381,1.0117,1.012
5.196181958,-0.0056,0.0388,1.0173,1.018
5.197342074,-0.0049,0.0391,1.0195,1.020
5.198216804,-0.0059,0.0388,1.0222,1.023
5.199056189,-0.0066,0.0381,1.0256,1.026
5.199804304,-0.0061,0.0374,1.0271,1.028
5.200727458,-0.0049,0.0379,1.0290,1.030
5.201530112,-0.0061,0.0388,1.0307,1.031
5.202395727,-0.0059,0.0393,1.0298,1.031
5.204184727,-0.0064,0.0386,1.0293,1.030
5.211860266,-0.0081,0.0391,1.0293,1.030
5.213259881,-0.0100,0.0388,1.0246,1.025
5.21419292,-0.0112,0.0401,1.0210,1.022
5.215103535,-0.0122,0.0396,1.0180,1.019
5.216235035,-0.0149,0.0401,1.0126,1.014
5.217126458,-0.0173,0.0430,1.0087,1.010
5.218171574,-0.0188,0.0435,1.0051,1.006
5.219604804,-0.0193,0.0435,0.9973,0.998
5.221920112,-0.0198,0.0440,0.9936,0.995
5.224821651,-0.0186,0.0450,0.9863,0.987
5.226215189,-0.0191,0.0442,0.9809,0.982
5.227563612,-0.0195,0.0442,0.9777,0.979
5.229409689,-0.0178,0.0442,0.9704,0.972
5.231392535,-0.0188,0.0430,0.9660,0.967
5.233270574,-0.0186,0.0432,0.9633,0.964
5.235435381,-0.0186,0.0432,0.9613,0.962
5.23721792,-0.0188,0.0420,0.9611,0.962
5.23995565,-0.0173,0.0435,0.9601,0.961
5.241520266,-0.0188,0.0415,0.9584,0.959
5.243239574,-0.0191,0.0408,0.9591,0.960
5.245112112,-0.0193,0.0406,0.9616,0.963
5.247234574,-0.0220,0.0403,0.9648,0.966
5.249033689,-0.0227,0.0401,0.9675,0.969
5.251088189,-0.0230,0.0398,0.9731,0.974
5.252949074,-0.0227,0.0401,0.9772,0.978
5.256178266,-0.0237,0.0374,0.9846,0.986
5.257687574,-0.0244,0.0349,0.9946,0.995
5.258973766,-0.0247,0.0335,0.9992,1.000
5.26089265,-0.0244,0.0332,1.0078,1.009
5.262971689,-0.0254,0.0325,1.0124,1.013
5.265057266,-0.0283,0.0308,1.0227,1.024
5.267089535,-0.0313,0.0318,1.0315,1.032
5.269059535,-0.0315,0.0305,1.0354,1.036
5.271191689,-0.0325,0.0283,1.0412,1.042
5.27393815,-0.0318,0.0281,1.0461,1.047
5.275639189,-0.0305,0.0279,1.0478,1.049
5.276823727,-0.0300,0.0266,1.0500,1.051
5.278859458,-0.0296,0.0264,1.0498,1.051
5.280816304,-0.0283,0.0261,1.0464,1.047
5.282730266,-0.0281,0.0269,1.0427,1.043
5.284712843,-0.0281,0.0254,1.0395,1.040
5.28665065,-0.0271,0.0259,1.0324,1.033
5.28960615,-0.0259,0.0261,1.0234,1.024
5.291201035,-0.0261,0.0266,1.0178,1.018
5.292416458,-0.0276,0.0281,1.0068,1.008
5.294554574,-0.0281,0.0279,0.9948,0.996
5.296360458,-0.0271,0.0279,0.9880,0.989
5.298432535,-0.0257,0.0271,0.9765,0.977
5.30063165,-0.0254,0.0266,0.9706,0.971
5.30250165,-0.0235,0.0244,0.9599,0.960
5.31307692,-0.0205,0.0261,0.9521,0.953
5.31463292,-0.0203,0.0261,0.9477,0.948
5.315623381,-0.0198,0.0257,0.9425,0.943
5.31677665,-0.0210,0.0254,0.9394,0.940
5.318084304,-0.0222,0.0276,0.9391,0.940
5.319209035,-0.0230,0.0281,0.9398,0.941
5.31968692,-0.0235,0.0276,0.9428,0.943
5.320128804,-0.0247,0.0271,0.9523,0.953
5.32053592,-0.0249,0.0271,0.9616,0.962
5.33160865,-0.0235,0.0269,0.9672,0.968
5.332485766,-0.0237,0.0281,0.9772,0.978
5.332907535,-0.0217,0.0274,0.9882,0.989
5.333319458,-0.0222,0.0276,0.9926,0.993
5.333722227,-0.0225,0.0252,1.0024,1.003
5.334125574,-0.0227,0.0244,1.0078,1.008
5.334615997,-0.0225,0.0244,1.0170,1.018
5.336391343,-0.0230,0.0261,1.0227,1.023
5.337864689,-0.0230,0.0276,1.0271,1.028
5.34027442,-0.0208,0.0276,1.0354,1.036
5.341875881,-0.0200,0.0269,1.0385,1.039
5.343752997,-0.0200,0.0283,1.0454,1.046
5.345776689,-0.0195,0.0313,1.0493,1.050
5.34787215,-0.0200,0.0313,1.0493,1.050
5.349801727,-0.0203,0.0313,1.0491,1.050
5.352136343,-0.0198,0.0344,1.0469,1.048
5.353813304,-0.0183,0.0332,1.0454,1.046
5.356142843,-0.0181,0.0340,1.0422,1.043
5.358192881,-0.0154,0.0344,1.0349,1.036
5.359433343,-0.0144,0.0344,1.0322,1.033
5.361430804,-0.0134,0.0357,1.0244,1.025
5.36360915,-0.0139,0.0359,1.0214,1.022
5.365586843,-0.0125,0.0381,1.0170,1.018
5.367532958,-0.0129,0.0379,1.0126,1.013
5.36953165,-0.0125,0.0393,1.0112,1.012
5.372724266,-0.0120,0.0403,1.0095,1.010
5.373855843,-0.0105,0.0410,1.0058,1.007
5.37658215,-0.0103,0.0425,1.0056,1.007
5.378035266,-0.0073,0.0401,1.0058,1.007
5.379434612,-0.0073,0.0406,1.0056,1.006
5.381580958,-0.0068,0.0393,1.0058,1.007
5.383413881,-0.0061,0.0386,1.0065,1.007
5.385295073,-0.0064,0.0391,1.0070,1.008
5.387293189,-0.0073,0.0393,1.0065,1.007
5.390353843,-0.0081,0.0381,1.0070,1.008
5.391899612,-0.0098,0.0384,1.0061,1.007
5.393146804,-0.0115,0.0371,1.0029,1.004
5.395009073,-0.0142,0.0369,1.0019,1.003
5.397080227,-0.0173,0.0364,0.9995,1.000
5.399167997,-0.0200,0.0393,0.9970,0.998
5.401052689,-0.0213,0.0398,0.9955,0.997
5.403016766,-0.0225,0.0398,0.9953,0.996
5.414738458,-0.0215,0.0408,0.9946,0.996
5.416418343,-0.0200,0.0410,0.9946,0.996
5.41756565,-0.0220,0.0410,0.9943,0.995
5.41866165,-0.0225,0.0410,0.9946,0.996
5.419677843,-0.0239,0.0401,0.9941,0.995
5.42087842,-0.0210,0.0415,0.9936,0.995
5.42201142,-0.0205,0.0423,0.9946,0.996
5.423409497,-0.0186,0.0430,0.9953,0.996
5.424720881,-0.0178,0.0420,0.9955,0.997
5.42595215,-0.0183,0.0418,0.9951,0.996
5.42720392,-0.0186,0.0393,0.9982,0.999
5.428259843,-0.0186,0.0401,0.9987,1.000
5.429535112,-0.0173,0.0401,0.9977,0.999
5.43085692,-0.0183,0.0388,0.9990,1.000
5.435091881,-0.0183,0.0376,0.9985,0.999
5.436617843,-0.0193,0.0342,0.9965,0.997
5.437481073,-0.0203,0.0342,0.9970,0.998
5.438840227,-0.0198,0.0337,0.9960,0.997
5.443611458,-0.0213,0.0305,0.9982,0.999
5.445077227,-0.0210,0.0298,0.9980,0.999
5.446002997,-0.0220,0.0291,0.9987,0.999
5.44704842,-0.0205,0.0291,0.9987,0.999
5.448387073,-0.0203,0.0276,0.9982,0.999
5.450215266,-0.0205,0.0271,0.9987,0.999
5.452263497,-0.0205,0.0259,0.9965,0.997
5.454066189,-0.0210,0.0254,0.9960,0.997
5.457050381,-0.0203,0.0259,0.9960,0.997
5.458725073,-0.0181,0.0244,0.9948,0.995
5.460550766,-0.0173,0.0244,0.9933,0.994
5.462222381,-0.0164,0.0252,0.9941,0.995
5.464005881,-0.0161,0.0254,0.9943,0.995
5.465997304,-0.0137,0.0259,0.9919,0.992
5.467961266,-0.0120,0.0264,0.9926,0.993
5.47002615,-0.0110,0.0271,0.9919,0.992
5.472702112,-0.0086,0.0261,0.9926,0.993
5.475620535,-0.0098,0.0271,0.9919,0.992
5.477064227,-0.0100,0.0266,0.9921,0.993
5.478137112,-0.0100,0.0259,0.9919,0.992
5.480023996,-0.0083,0.0271,0.9933,0.994
5.481492035,-0.0081,0.0279,0.9946,0.995
5.483733343,-0.0081,0.0288,0.9941,0.995
5.485658727,-0.0083,0.0293,0.9933,0.994
5.487611458,-0.0088,0.0296,0.9929,0.993
5.49048292,-0.0098,0.0300,0.9938,0.994
5.49199865,-0.0103,0.0305,0.9953,0.996
5.493705073,-0.0086,0.0305,0.9951,0.996
5.495403381,-0.0081,0.0305,0.9943,0.995
5.49739315,-0.0083,0.0298,0.9955,0.996
5.49954365,-0.0078,0.0298,0.9960,0.997
5.501228035,-0.0103,0.0288,0.9955,0.996
5.503433958,-0.0095,0.0274,0.9968,0.997
5.515691112,-0.0105,0.0283,0.9960,0.996
5.517440996,-0.0103,0.0274,0.9938,0.994
5.51873042,-0.0120,0.0269,0.9948,0.995
5.520049766,-0.0120,0.0261,0.9968,0.997
5.52203465,-0.0120,0.0259,0.9975,0.998
5.523935035,-0.0137,0.0254,0.9980,0.998
5.52531315,-0.0129,0.0259,0.9992,1.000
5.526368381,-0.0127,0.0257,1.0004,1.001
5.527783689,-0.0122,0.0254,0.9997,1.000
5.529163843,-0.0125,0.0239,1.0014,1.002
5.530630727,-0.0127,0.0242,1.0002,1.001
5.531516458,-0.0125,0.0242,0.9995,1.000
5.532003266,-0.0134,0.0237,1.0002,1.001
5.532465458,-0.0127,0.0235,1.0007,1.001
5.53292892,-0.0139,0.0235,0.9995,1.000
5.535106035,-0.0127,0.0222,1.0021,1.002
5.536890689,-0.0137,0.0232,1.0004,1.001
5.543856381,-0.0151,0.0227,0.9975,0.998
5.545027112,-0.0154,0.0225,0.9992,1.000
5.54561892,-0.0156,0.0237,0.9992,1.000
5.546183227,-0.0156,0.0242,0.9975,0.998
5.546961689,-0.0156,0.0252,0.9953,0.996
5.548997458,-0.0159,0.0261,0.9933,0.994
5.551262035,-0.0164,0.0264,0.9924,0.993
5.552810112,-0.0159,0.0274,0.9929,0.993
5.554980266,-0.0156,0.0286,0.9929,0.993
5.557210881,-0.0161,0.0283,0.9924,0.993
5.558571304,-0.0161,0.0293,0.9931,0.994
5.560468804,-0.0173,0.0291,0.9933,0.994
5.562507304,-0.0173,0.0288,0.9933,0.994
5.564695881,-0.0161,0.0291,0.9941,0.995
5.566432304,-0.0181,0.0303,0.9963,0.997
5.568841343,-0.0191,0.0298,0.9970,0.998
5.570396612,-0.0191,0.0305,0.9990,1.000
5.57320115,-0.0183,0.0300,0.9987,0.999
5.575599112,-0.0183,0.0291,0.9992,1.000
5.576218266,-0.0195,0.0288,0.9999,1.001
5.578142381,-0.0210,0.0293,1.0009,1.002
5.580445304,-0.0215,0.0293,1.0012,1.002
5.582089573,-0.0208,0.0300,1.0004,1.001
5.584547727,-0.0193,0.0300,1.0004,1.001
5.586008189,-0.0200,0.0313,1.0019,1.003
5.58817765,-0.0205,0.0318,1.0014,1.002
5.590791919,-0.0210,0.0313,0.9995,1.000
5.591965496,-0.0200,0.0298,1.0009,1.002
5.593952189,-0.0200,0.0296,1.0007,1.001
5.596169458,-0.0195,0.0303,1.0036,1.004
5.597825458,-0.0181,0.0313,1.0046,1.005
5.600186689,-0.0178,0.0320,1.0034,1.004
5.601706073,-0.0186,0.0330,1.0053,1.006
5.604158573,-0.0198,0.0325,1.0068,1.008
5.610985996,-0.0186,0.0315,1.0105,1.011
5.611797766,-0.0181,0.0318,1.0136,1.014
5.612235689,-0.0183,0.0325,1.0153,1.016
5.612646689,-0.0195,0.0330,1.0173,1.018
5.613789612,-0.0195,0.0327,1.0197,1.020
5.61645615,-0.0198,0.0315,1.0190,1.020
5.617345496,-0.0176,0.0291,1.0183,1.019
5.619976804,-0.0161,0.0288,1.0163,1.017
5.621391304,-0.0178,0.0288,1.0136,1.014
5.628646881,-0.0178,0.0291,1.0112,1.012
5.629528304,-0.0169,0.0303,1.0087,1.009
5.629960535,-0.0164,0.0313,1.0007,1.001
5.630508458,-0.0186,0.0320,0.9946,0.995
5.631819419,-0.0193,0.0332,0.9912,0.992
5.633330689,-0.0183,0.0344,0.9824,0.983
5.635292612,-0.0171,0.0344,0.9775,0.978
5.637206381,-0.0188,0.0347,0.9714,0.972
5.64021915,-0.0210,0.0347,0.9638,0.965
5.641136073,-0.0213,0.0354,0.9618,0.963
5.643652689,-0.0208,0.0371,0.9582,0.959
5.645057343,-0.0210,0.0364,0.9535,0.954
5.647289919,-0.0213,0.0366,0.9538,0.955
5.649242112,-0.0198,0.0364,0.9543,0.955
5.651489689,-0.0198,0.0364,0.9557,0.957
5.652852419,-0.0203,0.0362,0.9609,0.962
5.65489315,-0.0183,0.0357,0.9697,0.970
5.65778065,-0.0176,0.0352,0.9733,0.974
5.659374073,-0.0173,0.0332,0.9824,0.983
5.660981073,-0.0181,0.0327,0.9926,0.993
5.662906766,-0.0164,0.0335,0.9975,0.998
5.664905458,-0.0151,0.0320,1.0068,1.007
5.667001766,-0.0161,0.0310,1.0107,1.011
5.66900415,-0.0154,0.0310,1.0219,1.023
5.670830189,-0.0149,0.0293,1.0305,1.031
5.674149612,-0.0134,0.0283,1.0337,1.034
5.675738304,-0.0142,0.0276,1.0395,1.040
5.676838035,-0.0117,0.0274,1.0447,1.045
5.678648804,-0.0103,0.0288,1.0481,1.049
5.680693419,-0.0103,0.0288,1.0537,1.054
5.682539919,-0.0110,0.0276,1.0552,1.056
5.684501458,-0.0110,0.0276,1.0559,1.056
5.686412304,-0.0093,0.0305,1.0578,1.058
5.689785919,-0.0086,0.0320,1.0571,1.058
5.690974304,-0.0073,0.0298,1.0549,1.055
5.693472766,-0.0071,0.0303,1.0515,1.052
5.694953573,-0.0059,0.0298,1.0491,1.049
5.696462766,-0.0056,0.0298,1.0444,1.045
5.698173266,-0.0066,0.0308,1.0415,1.042
5.700357112,-0.0059,0.0313,1.0346,1.035
5.702169419,-0.0061,0.0303,1.0251,1.026
5.704294496,-0.0059,0.0313,1.0207,1.021
5.713666112,-0.0044,0.0342,1.0112,1.012
5.715214958,-0.0056,0.0347,1.0009,1.002
5.716315573,-0.0064,0.0357,0.9963,0.997
5.717328727,-0.0071,0.0357,0.9872,0.988
5.718437573,-0.0090,0.0357,0.9836,0.984
5.719694073,-0.0095,0.0366,0.9748,0.976
5.720856881,-0.0115,0.0381,0.9675,0.968
5.721981496,-0.0134,0.0381,0.9645,0.965
5.722833112,-0.0147,0.0369,0.9601,0.961
5.728928919,-0.0159,0.0374,0.9567,0.958
5.729403496,-0.0156,0.0376,0.9560,0.957
5.729650496,-0.0147,0.0369,0.9569,0.958
5.729898496,-0.0129,0.0376,0.9589,0.960
5.732059958,-0.0120,0.0391,0.9611,0.962
5.733858689,-0.0100,0.0362,0.9650,0.966
5.735773073,-0.0081,0.0337,0.9684,0.969
5.73736715,-0.0073,0.0327,0.9740,0.975
5.73996765,-0.0044,0.0303,0.9792,0.980
5.741488996,-0.0042,0.0303,0.9826,0.983
5.743670227,-0.0034,0.0298,0.9880,0.988
5.745269689,-0.0044,0.0300,0.9897,0.990
5.747464689,-0.0042,0.0303,0.9931,0.994
5.749189304,-0.0046,0.0296,0.9941,0.995
5.751479881,-0.0046,0.0291,0.9946,0.995
5.75331315,-0.0061,0.0276,0.9958,0.996
5.756426496,-0.0081,0.0269,0.9948,0.995
5.757243996,-0.0090,0.0271,0.9941,0.994
5.759481573,-0.0112,0.0288,0.9938,0.994
5.76113865,-0.0125,0.0283,0.9926,0.993
5.763439304,-0.0151,0.0274,0.9907,0.991
5.765111612,-0.0164,0.0288,0.9919,0.992
5.76730915,-0.0166,0.0296,0.9933,0.994
5.769136189,-0.0164,0.0271,0.9909,0.991
5.771243496,-0.0176,0.0264,0.9894,0.990
5.773815535,-0.0181,0.0283,0.9894,0.990
5.775129919,-0.0173,0.0288,0.9916,0.992
5.776986189,-0.0173,0.0291,0.9926,0.993
5.779173496,-0.0147,0.0293,0.9919,0.992
5.781135612,-0.0154,0.0293,0.9941,0.995
5.783230842,-0.0149,0.0288,0.9953,0.996
5.784961073,-0.0151,0.0298,0.9968,0.997
5.786893804,-0.0161,0.0303,1.0004,1.001
5.798527496,-0.0169,0.0293,1.0014,1.002
5.799868304,-0.0161,0.0303,1.0043,1.005
5.800891419,-0.0166,0.0293,1.0063,1.007
5.801734227,-0.0169,0.0296,1.0073,1.008
5.802849227,-0.0164,0.0293,1.0090,1.010
5.803717612,-0.0154,0.0293,1.0090,1.010
5.804926842,-0.0139,0.0298,1.0114,1.012
5.806100419,-0.0137,0.0303,1.0139,1.014
5.807471958,-0.0137,0.0315,1.0144,1.015
5.808516612,-0.0129,0.0310,1.0131,1.014
5.809609727,-0.0115,0.0300,1.0126,1.013
5.810960958,-0.0125,0.0293,1.0097,1.010
5.816343842,-0.0122,0.0296,1.0097,1.010
5.817852573,-0.0120,0.0300,1.0078,1.008
5.81903265,-0.0137,0.0300,1.0048,1.005
5.819861612,-0.0132,0.0308,1.0026,1.003
5.821023112,-0.0144,0.0300,0.9997,1.000
5.825501265,-0.0127,0.0320,0.9980,0.999
5.827050996,-0.0117,0.0308,0.9965,0.997
5.828105996,-0.0122,0.0300,0.9946,0.995
5.828930035,-0.0156,0.0308,0.9929,0.993
5.830385189,-0.0164,0.0313,0.9919,0.993
5.832114919,-0.0156,0.0315,0.9926,0.993
5.834062227,-0.0159,0.0320,0.9926,0.993
5.83612215,-0.0154,0.0322,0.9933,0.994
5.838097458,-0.0161,0.0310,0.9943,0.995
5.841376689,-0.0154,0.0315,0.9951,0.996
5.842889265,-0.0161,0.0320,0.9987,0.999
5.844016535,-0.0176,0.0318,1.0014,1.002
5.846004419,-0.0186,0.0318,1.0014,1.002
5.847922842,-0.0193,0.0300,1.0051,1.006
5.849847419,-0.0198,0.0303,1.0056,1.006
5.851874881,-0.0188,0.0305,1.0065,1.007
5.853817304,-0.0176,0.0315,1.0087,1.009
5.857286881,-0.0178,0.0318,1.0100,1.011
5.858941073,-0.0188,0.0325,1.0085,1.009
5.860102612,-0.0169,0.0320,1.0097,1.010
5.861845573,-0.0161,0.0325,1.0090,1.010
5.863718265,-0.0178,0.0320,1.0087,1.009
5.865566535,-0.0169,0.0322,1.0078,1.008
5.867809689,-0.0173,0.0325,1.0061,1.007
5.869616342,-0.0169,0.0322,1.0021,1.003
5.871620189,-0.0164,0.0318,1.0009,1.002
5.874948419,-0.0156,0.0303,0.9987,0.999
5.876383689,-0.0154,0.0310,0.9970,0.998
5.87780365,-0.0156,0.0310,0.9968,0.997
5.879652304,-0.0139,0.0322,0.9955,0.996
5.881613342,-0.0127,0.0320,0.9931,0.994
5.88367165,-0.0117,0.0313,0.9921,0.993
5.885325727,-0.0117,0.0313,0.9897,0.990
5.887285188,-0.0115,0.0305,0.9887,0.989
5.890932035,-0.0095,0.0310,0.9899,0.990
5.892372804,-0.0095,0.0303,0.9875,0.988
5.893488458,-0.0090,0.0296,0.9877,0.988
5.895201765,-0.0086,0.0308,0.9880,0.988
5.89709665,-0.0103,0.0305,0.9870,0.988
5.899137112,-0.0103,0.0291,0.9865,0.987
5.901235112,-0.0083,0.0303,0.9855,0.986
5.90296565,-0.0071,0.0315,0.9860,0.987
5.904962342,-0.0086,0.0300,0.9887,0.989
5.914451419,-0.0107,0.0300,0.9885,0.989
5.915785265,-0.0120,0.0303,0.9892,0.990
5.916847112,-0.0127,0.0298,0.9914,0.992
5.91776815,-0.0125,0.0303,0.9921,0.993
5.918861419,-0.0129,0.0325,0.9929,0.993
5.919188342,-0.0134,0.0313,0.9943,0.995
5.919425688,-0.0142,0.0325,0.9953,0.996
5.920608804,-0.0161,0.0322,0.9970,0.998
5.932844919,-0.0149,0.0322,1.0017,1.002
5.933339919,-0.0149,0.0327,1.0029,1.004
5.933600688,-0.0154,0.0327,1.0061,1.007
5.933835419,-0.0147,0.0318,1.0068,1.007
5.934059265,-0.0149,0.0310,1.0097,1.010
5.934322573,-0.0142,0.0315,1.0117,1.012
5.934564842,-0.0134,0.0313,1.0122,1.013
5.936597688,-0.0125,0.0315,1.0124,1.013
5.938660458,-0.0125,0.0320,1.0124,1.013
5.940991419,-0.0122,0.0322,1.0126,1.013
5.942465612,-0.0110,0.0335,1.0119,1.013
5.944437304,-0.0090,0.0330,1.0126,1.013
5.946383304,-0.0093,0.0322,1.0119,1.012
5.948635073,-0.0090,0.0322,1.0114,1.012
5.950417804,-0.0088,0.0322,1.0107,1.011
5.952707765,-0.0088,0.0332,1.0070,1.008
5.954312265,-0.0093,0.0332,1.0024,1.003
5.957279727,-0.0107,0.0335,1.0009,1.002
5.95838365,-0.0103,0.0332,0.9985,0.999
5.960209188,-0.0103,0.0332,0.9970,0.998
5.962037919,-0.0095,0.0340,0.9951,0.996
5.964361535,-0.0098,0.0330,0.9902,0.991
5.966023727,-0.0098,0.0322,0.9892,0.990
5.968191304,-0.0112,0.0325,0.9875,0.988
5.969983458,-0.0093,0.0322,0.9875,0.988
5.972520919,-0.0095,0.0322,0.9882,0.989
5.975063073,-0.0095,0.0366,0.9887,0.989
5.976348804,-0.0103,0.0371,0.9914,0.992
5.97822915,-0.0093,0.0369,0.9931,0.994
5.980141381,-0.0090,0.0357,0.9960,0.997
5.98209615,-0.0100,0.0349,0.9990,1.000
5.984137496,-0.0115,0.0359,1.0031,1.004
5.985861919,-0.0115,0.0364,1.0090,1.010
5.988003304,-0.0117,0.0359,1.0131,1.014
5.990936919,-0.0120,0.0357,1.0188,1.019
5.992318958,-0.0103,0.0337,1.0278,1.028
5.99382215,-0.0103,0.0347,1.0315,1.032
5.996185688,-0.0100,0.0349,1.0378,1.038
5.997791111,-0.0098,0.0359,1.0410,1.042
5.999929227,-0.0098,0.0349,1.0469,1.047
6.001610765,-0.0117,0.0308,1.0515,1.052
6.00394365,-0.0115,0.0298,1.0537,1.054
6.005667381,-0.0112,0.0291,1.0542,1.055
6.014915765,-0.0117,0.0305,1.0547,1.055
6.016271419,-0.0117,0.0305,1.0544,1.055
6.017173458,-0.0120,0.0283,1.0544,1.055
6.01815265,-0.0120,0.0274,1.0544,1.055
6.019179881,-0.0129,0.0266,1.0495,1.050
6.020320073,-0.0137,0.0274,1.0447,1.045
6.021407842,-0.0125,0.0269,1.0410,1.041
6.022418111,-0.0125,0.0271,1.0337,1.034
6.035134458,-0.0151,0.0274,1.0246,1.025
6.036604727,-0.0156,0.0279,1.0202,1.021
6.037689765,-0.0142,0.0288,1.0148,1.015
6.03886215,-0.0142,0.0288,1.0114,1.012
6.040031535,-0.0161,0.0318,1.0021,1.003
6.041152381,-0.0178,0.0327,0.9936,0.994
6.042101804,-0.0159,0.0318,0.9899,0.991
6.043404188,-0.0156,0.0305,0.9824,0.983
6.044254381,-0.0171,0.0315,0.9755,0.976
6.045285265,-0.0173,0.0305,0.9733,0.974
6.046046035,-0.0178,0.0300,0.9721,0.973
6.047018458,-0.0183,0.0303,0.9714,0.972
6.047895611,-0.0186,0.0325,0.9677,0.968
6.050416265,-0.0208,0.0310,0.9628,0.964
6.051819727,-0.0215,0.0305,0.9618,0.963
6.053417996,-0.0191,0.0308,0.9609,0.962
6.055822881,-0.0193,0.0310,0.9609,0.962
6.05892615,-0.0200,0.0318,0.9633,0.964
6.06051615,-0.0213,0.0313,0.9714,0.972
6.06183315,-0.0217,0.0315,0.9792,0.980
6.063320073,-0.0215,0.0310,0.9941,0.995
6.064935227,-0.0230,0.0308,1.0107,1.011
6.067015381,-0.0237,0.0313,1.0200,1.021
6.068694304,-0.0259,0.0310,1.0420,1.043
6.070812458,-0.0264,0.0300,1.0652,1.066
6.074949881,-0.0281,0.0298,1.0774,1.078
6.07644815,-0.0305,0.0296,1.1035,1.104
6.077358381,-0.0310,0.0291,1.1177,1.119
6.078517227,-0.0330,0.0300,1.1460,1.147
6.080563535,-0.0366,0.0291,1.1724,1.173
6.082578304,-0.0369,0.0293,1.1829,1.184
6.085689804,-0.0388,0.0288,1.2005,1.201
6.086802381,-0.0406,0.0296,1.2093,1.210
6.088403765,-0.0418,0.0310,1.2115,1.213
6.091640419,-0.0440,0.0335,1.2076,1.209
6.093378496,-0.0447,0.0354,1.2003,1.202
6.094545958,-0.0452,0.0364,1.1763,1.178
6.096268688,-0.0440,0.0379,1.1409,1.142
6.098338958,-0.0432,0.0388,1.1209,1.122
6.100312188,-0.0413,0.0420,1.0737,1.075
6.102172842,-0.0408,0.0452,1.0224,1.024
6.104453765,-0.0403,0.0474,0.9953,0.997
6.114869265,-0.0379,0.0496,0.9401,0.942
6.116292611,-0.0352,0.0506,0.9132,0.915
6.117264611,-0.0349,0.0513,0.8626,0.865
6.118459304,-0.0327,0.0528,0.8106,0.813
6.119504227,-0.0315,0.0525,0.7850,0.787
6.120578573,-0.0296,0.0515,0.7407,0.743
6.121336688,-0.0283,0.0511,0.6965,0.699
6.122540881,-0.0279,0.0493,0.6787,0.681
6.123265227,-0.0249,0.0506,0.6484,0.651
6.131908381,-0.0232,0.0508,0.6359,0.638
6.132817073,-0.0217,0.0525,0.6144,0.617
6.133271573,-0.0200,0.0515,0.6015,0.604
6.133718688,-0.0178,0.0513,0.5968,0.599
6.134179034,-0.0132,0.0501,0.5954,0.598
6.134681534,-0.0129,0.0508,0.6054,0.608
6.135740265,-0.0137,0.0508,0.6132,0.615
6.137601881,-0.0127,0.0501,0.6367,0.639
6.140483804,-0.0125,0.0493,0.6525,0.655
6.142523919,-0.0142,0.0457,0.6902,0.692
6.143716765,-0.0161,0.0435,0.7310,0.732
6.14572865,-0.0169,0.0425,0.7547,0.756
6.147483881,-0.0169,0.0423,0.8045,0.806
6.149358804,-0.0166,0.0406,0.8558,0.857
6.15223615,-0.0156,0.0384,0.8829,0.884
6.153561958,-0.0181,0.0320,0.9389,0.940
6.155555073,-0.0198,0.0303,0.9675,0.968
6.157534419,-0.0195,0.0269,1.0256,1.026
6.159334111,-0.0217,0.0225,1.0793,1.080
6.161372881,-0.0222,0.0195,1.1067,1.107
6.163239534,-0.0213,0.0151,1.1556,1.156
6.165081688,-0.0213,0.0134,1.2027,1.203
6.167247688,-0.0208,0.0090,1.2230,1.223
6.169235534,-0.0200,0.0049,1.2587,1.259
6.170981573,-0.0205,0.0022,1.2733,1.273
6.174355073,-0.0200,-0.0007,1.2931,1.293
6.176285265,-0.0173,-0.0022,1.3044,1.304
6.176848804,-0.0164,-0.0027,1.3053,1.305
6.178971419,-0.0137,-0.0056,1.3048,1.305
6.180873227,-0.0142,-0.0086,1.2943,1.294
6.182897765,-0.0139,-0.0086,1.2841,1.284
6.185027073,-0.0125,-0.0088,1.2592,1.259
6.186727919,-0.0115,-0.0078,1.2423,1.242
6.188797688,-0.0122,-0.0042,1.2025,1.203
6.190947381,-0.0132,0.0010,1.1580,1.158
6.192630381,-0.0134,0.0034,1.1348,1.135
6.194794573,-0.0132,0.0103,1.0891,1.089
6.196583073,-0.0139,0.0139,1.0647,1.065
6.198449073,-0.0161,0.0183,1.0185,1.019
6.200777458,-0.0161,0.0237,0.9750,0.975
6.202621496,-0.0173,0.0276,0.9555,0.956
6.204601804,-0.0161,0.0330,0.9193,0.920
6.209917073,-0.0166,0.0396,0.8863,0.887
6.210562073,-0.0171,0.0420,0.8719,0.873
6.210816188,-0.0178,0.0457,0.8458,0.847
6.212375073,-0.0169,0.0481,0.8355,0.837
6.214323881,-0.0149,0.0520,0.8167,0.819
6.216422881,-0.0120,0.0545,0.8033,0.805
6.218030611,-0.0125,0.0557,0.7994,0.801
6.220017534,-0.0110,0.0530,0.7952,0.797
6.221904534,-0.0086,0.0523,0.7959,0.798
6.224531073,-0.0081,0.0520,0.8001,0.802
6.226055842,-0.0066,0.0528,0.8104,0.812
6.228296842,-0.0059,0.0513,0.8184,0.820
6.229964111,-0.0071,0.0491,0.8380,0.839
6.232289381,-0.0081,0.0457,0.8631,0.864
6.233877188,-0.0093,0.0440,0.8761,0.877
6.236125419,-0.0117,0.0393,0.9069,0.908
6.237672419,-0.0147,0.0384,0.9227,0.924
6.240396457,-0.0159,0.0357,0.9543,0.955
6.242345457,-0.0188,0.0315,0.9858,0.986
6.243653573,-0.0195,0.0303,1.0004,1.001
6.245667919,-0.0215,0.0274,1.0285,1.029
6.247995727,-0.0235,0.0269,1.0547,1.055
6.249622534,-0.0230,0.0259,1.0662,1.067
6.251804611,-0.0220,0.0230,1.0859,1.086
6.253665765,-0.0208,0.0227,1.0933,1.094
6.255816342,-0.0225,0.0210,1.1057,1.106
6.257744073,-0.0198,0.0181,1.1143,1.115
6.259669573,-0.0171,0.0166,1.1170,1.117
6.261481111,-0.0142,0.0137,1.1184,1.119
6.263461727,-0.0103,0.0105,1.1199,1.120
6.265322034,-0.0064,0.0095,1.1192,1.119
6.267286188,-0.0020,0.0088,1.1118,1.112
6.269254688,0.0039,0.0064,1.1079,1.108
6.271482534,0.0059,0.0027,1.1072,1.107
6.274211073,0.0103,-0.0010,1.1023,1.102
6.275290919,0.0110,-0.0022,1.1018,1.102
6.277244804,0.0154,-0.0061,1.1067,1.107
6.279388419,0.0188,-0.0090,1.1109,1.111
6.281267265,0.0200,-0.0112,1.1140,1.114
6.283402227,0.0220,-0.0147,1.1263,1.127
6.285260496,0.0249,-0.0137,1.1358,1.136
6.287305381,0.0232,-0.0137,1.1397,1.140
6.289144534,0.0208,-0.0127,1.1514,1.152
6.292301073,0.0191,-0.0125,1.1580,1.158
6.293511804,0.0122,-0.0081,1.1592,1.159
6.295141381,-0.0029,0.0005,1.1605,1.160
6.29703565,-0.0064,0.0027,1.1631,1.163
6.299257457,-0.0129,0.0071,1.1592,1.159
6.30129415,-0.0242,0.0195,1.1436,1.144
6.303328188,-0.0300,0.0247,1.1343,1.135
6.304923996,-0.0381,0.0286,1.1140,1.115
6.314988342,-0.0406,0.0335,1.1006,1.102
6.31628815,-0.0435,0.0452,1.0635,1.065
6.317297573,-0.0506,0.0557,1.0261,1.029
6.318180573,-0.0533,0.0594,1.0058,1.009
6.319432804,-0.0547,0.0621,0.9626,0.966
6.320373265,-0.0535,0.0655,0.9198,0.924
6.32157315,-0.0555,0.0677,0.8995,0.904
6.323032688,-0.0562,0.0716,0.8619,0.867
6.323950265,-0.0574,0.0733,0.8436,0.849
6.32528315,-0.0601,0.0738,0.8118,0.817
6.330326688,-0.0591,0.0743,0.7891,0.795
6.33093265,-0.0581,0.0721,0.7798,0.785
6.331182957,-0.0562,0.0684,0.7679,0.773
6.332537227,-0.0533,0.0667,0.7622,0.767
6.33457588,-0.0518,0.0623,0.7639,0.768
6.336727727,-0.0479,0.0550,0.7766,0.780
6.338437727,-0.0445,0.0520,0.7859,0.789
6.341484996,-0.0384,0.0481,0.8106,0.813
6.342605265,-0.0325,0.0418,0.8438,0.845
6.344370188,-0.0305,0.0379,0.8624,0.864
6.346375111,-0.0259,0.0320,0.9044,0.905
6.348371611,-0.0254,0.0235,0.9482,0.949
6.350319227,-0.0247,0.0195,0.9709,0.971
6.352366419,-0.0239,0.0120,1.0178,1.018
6.354123534,-0.0230,0.0083,1.0403,1.041
6.356285727,-0.0232,-0.0032,1.0825,1.083
6.358733304,-0.0222,-0.0081,1.1170,1.117
6.360181688,-0.0222,-0.0103,1.1319,1.132
6.361991265,-0.0208,-0.0154,1.1536,1.154
6.363946842,-0.0193,-0.0208,1.1663,1.167
6.365997265,-0.0188,-0.0237,1.1683,1.169
6.368066111,-0.0198,-0.0279,1.1641,1.165
6.369872765,-0.0176,-0.0276,1.1595,1.160
6.372160688,-0.0166,-0.0259,1.1429,1.143
6.375862419,-0.0183,-0.0244,1.1221,1.123
6.376926765,-0.0186,-0.0232,1.1104,1.111
6.377896919,-0.0181,-0.0198,1.0818,1.082
6.380146842,-0.0183,-0.0144,1.0537,1.054
6.381892496,-0.0186,-0.0112,1.0405,1.041
6.383928534,-0.0200,-0.0044,1.0134,1.014
6.385874842,-0.0213,0.0000,1.0009,1.001
6.388013419,-0.0239,0.0068,0.9753,0.976
6.389920265,-0.0237,0.0139,0.9516,0.952
6.393798188,-0.0244,0.0164,0.9403,0.941
6.39512338,-0.0264,0.0227,0.9164,0.917
6.396158111,-0.0266,0.0261,0.8983,0.899
6.39765438,-0.0259,0.0286,0.8917,0.893
6.399707996,-0.0274,0.0305,0.8775,0.879
6.401684034,-0.0274,0.0315,0.8722,0.873
6.403924188,-0.0293,0.0325,0.8614,0.863
6.405497765,-0.0276,0.0330,0.8558,0.857
6.415594073,-0.0286,0.0322,0.8546,0.856
6.417250496,-0.0308,0.0303,0.8563,0.857
6.418384034,-0.0337,0.0261,0.8619,0.863
6.419252111,-0.0359,0.0239,0.8666,0.868
6.420295034,-0.0384,0.0213,0.8775,0.879
6.42188365,-0.0388,0.0198,0.8846,0.886
6.423273688,-0.0398,0.0178,0.9032,0.904
6.42470538,-0.0410,0.0154,0.9213,0.922
6.425861265,-0.0403,0.0132,0.9313,0.932
6.426750803,-0.0391,0.0107,0.9530,0.954
6.431771957,-0.0357,0.0076,0.9770,0.978
6.43226688,-0.0364,0.0056,0.9870,0.988
6.432516265,-0.0354,0.0042,1.0053,1.006
6.432944034,-0.0344,0.0039,1.0146,1.015
6.435288457,-0.0327,-0.0002,1.0312,1.032
6.437318957,-0.0291,-0.0029,1.0405,1.041
6.438773188,-0.0266,-0.0037,1.0437,1.044
6.44136965,-0.0247,-0.0056,1.0459,1.046
6.442793227,-0.0227,-0.0061,1.0454,1.046
6.444725573,-0.0181,-0.0083,1.0412,1.041
6.446715265,-0.0132,-0.0095,1.0310,1.031
6.448726842,-0.0120,-0.0110,1.0246,1.025
6.450748227,-0.0078,-0.0132,1.0136,1.014
6.452731419,-0.0034,-0.0154,1.0051,1.005
6.454686919,-0.0017,-0.0161,0.9985,0.999
6.456652996,0.0005,-0.0181,0.9880,0.988
6.458813919,0.0010,-0.0200,0.9828,0.983
6.460659727,0.0034,-0.0208,0.9750,0.975
6.462885727,0.0044,-0.0220,0.9704,0.971
6.464741611,0.0046,-0.0220,0.9687,0.969
6.466458111,0.0046,-0.0230,0.9701,0.970
6.468518534,0.0037,-0.0239,0.9745,0.975
6.470450803,0.0029,-0.0249,0.9782,0.979
6.472620842,0.0007,-0.0276,0.9870,0.987
6.47470815,-0.0027,-0.0279,1.0004,1.001
6.47659388,-0.0059,-0.0274,1.0095,1.010
6.478378611,-0.0083,-0.0281,1.0268,1.027
6.480551419,-0.0107,-0.0286,1.0368,1.037
6.482559534,-0.0166,-0.0298,1.0576,1.058
6.48449115,-0.0205,-0.0310,1.0781,1.079
6.486415111,-0.0225,-0.0313,1.0901,1.091
6.488424803,-0.0261,-0.0322,1.1126,1.113
6.491315034,-0.0293,-0.0322,1.1348,1.136
6.493379534,-0.0308,-0.0320,1.1441,1.145
6.49442965,-0.0344,-0.0318,1.1639,1.165
6.496175611,-0.0403,-0.0303,1.1727,1.174
6.498100419,-0.0420,-0.0276,1.1868,1.188
6.500539188,-0.0452,-0.0274,1.1978,1.199
6.50218538,-0.0457,-0.0281,1.2000,1.201
6.504138803,-0.0496,-0.0279,1.2008,1.202
6.505980303,-0.0515,-0.0222,1.1971,1.198
6.515299073,-0.0528,-0.0203,1.1942,1.196
6.516774573,-0.0557,-0.0161,1.1854,1.187
6.517834803,-0.0574,-0.0144,1.1802,1.182
6.519086111,-0.0584,-0.0125,1.1653,1.167
6.520598727,-0.0596,-0.0068,1.1490,1.151
6.52183088,-0.0616,-0.0044,1.1407,1.142
6.523212919,-0.0638,0.0012,1.1248,1.127
6.524345457,-0.0643,0.0066,1.1082,1.110
6.525626534,-0.0638,0.0088,1.0999,1.102
6.527035188,-0.0643,0.0127,1.0813,1.083
6.53085715,-0.0650,0.0149,1.0730,1.075
6.531401688,-0.0628,0.0183,1.0561,1.058
6.532015034,-0.0591,0.0225,1.0381,1.040
6.533514996,-0.0564,0.0237,1.0290,1.031
6.535813842,-0.0525,0.0242,1.0134,1.015
6.537525457,-0.0528,0.0257,1.0061,1.008
6.539784034,-0.0503,0.0288,0.9916,0.993
6.541803265,-0.0442,0.0296,0.9809,0.982
6.543423996,-0.0423,0.0298,0.9750,0.976
6.545283573,-0.0388,0.0310,0.9657,0.967
6.547767765,-0.0337,0.0296,0.9555,0.957
6.549563111,-0.0315,0.0303,0.9516,0.953
6.551605073,-0.0261,0.0298,0.9438,0.945
6.553336726,-0.0215,0.0298,0.9364,0.937
6.555761073,-0.0203,0.0283,0.9342,0.935
6.55863115,-0.0173,0.0269,0.9311,0.932
6.559468534,-0.0164,0.0269,0.9293,0.930
6.561322188,-0.0127,0.0254,0.9249,0.925
6.564088303,-0.0100,0.0247,0.9240,0.924
6.565040765,-0.0093,0.0237,0.9242,0.925
6.567303688,-0.0083,0.0237,0.9252,0.926
6.569349688,-0.0078,0.0239,0.9269,0.927
6.571427765,-0.0078,0.0235,0.9311,0.931
6.573244573,-0.0086,0.0217,0.9374,0.938
6.575911188,-0.0090,0.0220,0.9408,0.941
6.576980611,-0.0122,0.0220,0.9474,0.948
6.57940365,-0.0154,0.0237,0.9545,0.955
6.58103988,-0.0173,0.0239,0.9584,0.959
6.583170842,-0.0222,0.0252,0.9677,0.968
6.584730073,-0.0247,0.0269,0.9728,0.974
6.586972073,-0.0308,0.0283,0.9833,0.984
6.58884688,-0.0362,0.0291,0.9936,0.995
6.593477457,-0.0384,0.0291,0.9980,0.999
6.596573573,-0.0415,0.0269,1.0061,1.007
6.597041342,-0.0435,0.0257,1.0141,1.015
6.597483188,-0.0430,0.0249,1.0168,1.018
6.598596457,-0.0440,0.0257,1.0210,1.022
6.601015419,-0.0440,0.0244,1.0232,1.024
6.602653842,-0.0440,0.0213,1.0271,1.028
6.604973726,-0.0415,0.0200,1.0268,1.028
6.606438303,-0.0408,0.0188,1.0258,1.027
6.613398342,-0.0396,0.0169,1.0229,1.024
6.614207573,-0.0379,0.0139,1.0178,1.019
6.614710726,-0.0354,0.0129,1.0134,1.014
6.615130073,-0.0337,0.0127,1.0065,1.007
6.616497765,-0.0313,0.0134,0.9946,0.995
6.618563803,-0.0300,0.0142,0.9887,0.989
6.620531842,-0.0288,0.0132,0.9794,0.980
6.622285111,-0.0279,0.0127,0.9740,0.975
6.629199611,-0.0274,0.0137,0.9623,0.963
6.63004615,-0.0261,0.0144,0.9528,0.953
6.630581726,-0.0252,0.0139,0.9482,0.949
6.63099665,-0.0257,0.0147,0.9403,0.941
6.632354996,-0.0264,0.0151,0.9372,0.938
6.634199573,-0.0249,0.0166,0.9335,0.934
6.636266419,-0.0261,0.0164,0.9323,0.933
6.638006573,-0.0264,0.0169,0.9333,0.934
6.640119457,-0.0257,0.0176,0.9340,0.935
6.643797457,-0.0247,0.0173,0.9398,0.940
6.644720111,-0.0247,0.0173,0.9440,0.944
6.645915342,-0.0235,0.0183,0.9521,0.953
6.647882573,-0.0232,0.0198,0.9562,0.957
6.649794496,-0.0227,0.0215,0.9679,0.968
6.652102303,-0.0217,0.0235,0.9804,0.981
6.653909765,-0.0227,0.0239,0.9868,0.987
6.655949265,-0.0213,0.0235,0.9990,0.999
6.658759419,-0.0195,0.0261,1.0102,1.011
6.659851649,-0.0188,0.0259,1.0148,1.015
6.661994611,-0.0186,0.0249,1.0232,1.024
6.664054803,-0.0178,0.0254,1.0266,1.027
6.665899996,-0.0154,0.0257,1.0334,1.034
6.667833457,-0.0151,0.0264,1.0390,1.039
6.669755842,-0.0151,0.0261,1.0385,1.039
6.671798496,-0.0132,0.0264,1.0385,1.039
6.673747996,-0.0105,0.0266,1.0403,1.041
6.676645573,-0.0100,0.0264,1.0390,1.039
6.678085303,-0.0064,0.0259,1.0359,1.036
6.679626265,-0.0051,0.0259,1.0307,1.031
6.681622496,-0.0046,0.0259,1.0285,1.029
6.683475034,-0.0017,0.0237,1.0254,1.026
6.68535088,-0.0012,0.0227,1.0219,1.022
6.687486765,-0.0015,0.0230,1.0151,1.015
6.689461919,-0.0012,0.0232,1.0073,1.008
6.692627457,-0.0002,0.0227,1.0034,1.004
6.694130265,-0.0002,0.0213,0.9982,0.998
6.695370303,-0.0002,0.0188,0.9880,0.988
6.697316342,0.0000,0.0186,0.9848,0.985
6.699241919,-0.0002,0.0181,0.9787,0.979
6.701191726,-0.0010,0.0173,0.9762,0.976
6.703260726,-0.0012,0.0161,0.9719,0.972
6.705200419,-0.0024,0.0156,0.9694,0.970
6.707228265,-0.0022,0.0154,0.9694,0.970
6.717254226,0.0000,0.0139,0.9709,0.971
6.718760573,0.0010,0.0134,0.9748,0.975
6.71970488,0.0010,0.0149,0.9767,0.977
6.720692957,-0.0010,0.0132,0.9833,0.983
6.721676919,-0.0020,0.0125,0.9858,0.986
6.724017957,-0.0022,0.0132,0.9890,0.989
6.725063149,-0.0032,0.0125,0.9933,0.993
6.726381226,-0.0039,0.0129,0.9948,0.995
6.727531303,-0.0081,0.0139,0.9995,1.000
6.730625226,-0.0095,0.0127,1.0026,1.003
6.731727919,-0.0088,0.0120,1.0048,1.005
6.732017842,-0.0095,0.0117,1.0065,1.007
6.732604573,-0.0098,0.0120,1.0080,1.008
6.734559303,-0.0107,0.0132,1.0107,1.011
6.736820688,-0.0117,0.0129,1.0112,1.011
6.738666188,-0.0127,0.0134,1.0122,1.012
6.742075803,-0.0134,0.0137,1.0156,1.016
6.742803688,-0.0132,0.0144,1.0161,1.016
6.744678534,-0.0129,0.0142,1.0168,1.017
6.746721188,-0.0115,0.0144,1.0161,1.016
6.748710726,-0.0120,0.0144,1.0153,1.016
6.750412072,-0.0110,0.0156,1.0178,1.018
6.752523996,-0.0098,0.0164,1.0183,1.018
6.754237726,-0.0115,0.0169,1.0192,1.019
6.756432457,-0.0107,0.0156,1.0197,1.020
6.758639919,-0.0110,0.0169,1.0217,1.022
6.760224111,-0.0120,0.0176,1.0227,1.023
6.762211957,-0.0125,0.0176,1.0229,1.023
6.764345611,-0.0117,0.0173,1.0232,1.023
6.76615088,-0.0122,0.0183,1.0244,1.025
6.768285072,-0.0120,0.0178,1.0254,1.026
6.769975688,-0.0120,0.0178,1.0251,1.025
6.772204842,-0.0115,0.0198,1.0244,1.025
6.775996457,-0.0100,0.0213,1.0234,1.024
6.77743588,-0.0093,0.0210,1.0227,1.023
6.778581496,-0.0086,0.0232,1.0207,1.021
6.779962419,-0.0095,0.0235,1.0195,1.020
6.781766226,-0.0110,0.0247,1.0175,1.018
6.784029072,-0.0107,0.0249,1.0153,1.016
6.785774919,-0.0122,0.0247,1.0139,1.014
6.787844188,-0.0120,0.0264,1.0102,1.011
6.79044288,-0.0122,0.0276,1.0063,1.007
6.79355488,-0.0117,0.0266,1.0046,1.005
6.794970226,-0.0107,0.0283,1.0017,1.002
6.796033726,-0.0112,0.0291,0.9987,0.999
6.797631919,-0.0115,0.0303,0.9919,0.992
6.799873996,-0.0120,0.0310,0.9885,0.989
6.801568149,-0.0115,0.0318,0.9865,0.987
6.803639496,-0.0117,0.0322,0.9831,0.984
6.805735611,-0.0144,0.0337,0.9797,0.980
6.815536996,-0.0144,0.0344,0.9772,0.978
6.816881188,-0.0139,0.0357,0.9753,0.976
6.817743572,-0.0139,0.0352,0.9723,0.973
6.818908649,-0.0139,0.0332,0.9679,0.969
6.82036338,-0.0144,0.0357,0.9672,0.968
6.821347688,-0.0142,0.0342,0.9667,0.967
6.822122996,-0.0144,0.0335,0.9684,0.969
6.822962457,-0.0154,0.0342,0.9701,0.971
6.824279842,-0.0147,0.0354,0.9719,0.973
6.835858803,-0.0142,0.0344,0.9767,0.977
6.837337342,-0.0134,0.0330,0.9780,0.979
6.838164534,-0.0132,0.0332,0.9819,0.983
6.839258534,-0.0137,0.0332,0.9853,0.986
6.840325649,-0.0129,0.0327,0.9877,0.988
6.841521072,-0.0115,0.0303,0.9926,0.993
6.842852726,-0.0125,0.0293,0.9995,1.000
6.843959842,-0.0120,0.0286,1.0017,1.002
6.844822765,-0.0134,0.0274,1.0051,1.006
6.845657188,-0.0122,0.0266,1.0063,1.007
6.846412765,-0.0112,0.0266,1.0122,1.013
6.847417226,-0.0110,0.0257,1.0158,1.016
6.849853226,-0.0122,0.0242,1.0180,1.018
6.851399188,-0.0125,0.0249,1.0222,1.023
6.854190649,-0.0132,0.0249,1.0246,1.025
6.85539338,-0.0139,0.0235,1.0261,1.026
6.85704138,-0.0127,0.0232,1.0258,1.026
6.860207842,-0.0125,0.0237,1.0254,1.026
6.86163188,-0.0132,0.0249,1.0263,1.027
6.863036303,-0.0115,0.0239,1.0254,1.026
6.864706919,-0.0120,0.0242,1.0239,1.024
6.866743072,-0.0115,0.0210,1.0214,1.022
6.868672419,-0.0112,0.0232,1.0178,1.018
6.870818303,-0.0110,0.0237,1.0146,1.015
6.872589726,-0.0110,0.0230,1.0058,1.006
6.876302226,-0.0132,0.0232,1.0009,1.001
6.877361188,-0.0144,0.0242,0.9931,0.994
6.878556111,-0.0159,0.0247,0.9863,0.987
6.880344649,-0.0142,0.0244,0.9814,0.982
6.88232288,-0.0139,0.0254,0.9738,0.974
6.884264265,-0.0122,0.0252,0.9645,0.965
6.886314572,-0.0112,0.0242,0.9611,0.961
6.888373034,-0.0105,0.0235,0.9560,0.956
6.890401111,-0.0103,0.0235,0.9545,0.955
6.894412495,-0.0105,0.0257,0.9508,0.951
6.89497488,-0.0093,0.0264,0.9489,0.949
6.89620138,-0.0100,0.0269,0.9489,0.949
6.897994034,-0.0095,0.0269,0.9511,0.952
6.900088919,-0.0105,0.0264,0.9562,0.957
6.902133034,-0.0117,0.0261,0.9589,0.959
6.903921188,-0.0120,0.0247,0.9628,0.963
6.905989726,-0.0107,0.0237,0.9670,0.967
6.908936688,-0.0105,0.0232,0.9731,0.973
6.909993649,-0.0120,0.0208,0.9836,0.984
6.911863534,-0.0132,0.0203,0.9892,0.989
6.913948457,-0.0147,0.0200,1.0004,1.001
6.915777919,-0.0151,0.0198,1.0117,1.012
6.917757303,-0.0151,0.0176,1.0185,1.019
6.919960342,-0.0164,0.0151,1.0298,1.030
6.921848649,-0.0151,0.0159,1.0363,1.037
6.924006034,-0.0137,0.0156,1.0473,1.048
6.926563995,-0.0139,0.0164,1.0554,1.056
6.92795038,-0.0137,0.0154,1.0600,1.060
6.929663842,-0.0134,0.0144,1.0649,1.065
6.931825534,-0.0147,0.0169,1.0625,1.063
6.933835419,-0.0137,0.0166,1.0591,1.059
6.935704226,-0.0151,0.0171,1.0495,1.050
6.937652572,-0.0151,0.0176,1.0437,1.044
6.939684995,-0.0159,0.0181,1.0317,1.032
6.942913149,-0.0154,0.0186,1.0168,1.017
6.944338572,-0.0156,0.0203,1.0100,1.010
6.945521495,-0.0186,0.0227,0.9982,0.999
6.947330649,-0.0181,0.0232,0.9931,0.994
6.949408765,-0.0151,0.0252,0.9831,0.984
6.951448342,-0.0142,0.0257,0.9782,0.979
6.95347938,-0.0147,0.0261,0.9782,0.979
6.955276803,-0.0171,0.0281,0.9782,0.979
6.957564919,-0.0159,0.0288,0.9784,0.979
6.960524726,-0.0161,0.0291,0.9784,0.979
6.961959418,-0.0159,0.0291,0.9816,0.982
6.963237803,-0.0154,0.0296,0.9833,0.984
6.965449995,-0.0159,0.0276,0.9892,0.990
6.967352842,-0.0151,0.0291,0.9960,0.997
6.969173918,-0.0154,0.0283,0.9985,0.999
6.971479418,-0.0159,0.0274,1.0036,1.004
6.973526072,-0.0156,0.0286,1.0100,1.010
6.976687111,-0.0151,0.0298,1.0119,1.012
6.978099226,-0.0154,0.0281,1.0170,1.018
6.979729418,-0.0200,0.0283,1.0188,1.019
6.981452303,-0.0198,0.0288,1.0234,1.024
6.983014072,-0.0183,0.0286,1.0278,1.028
6.984990342,-0.0186,0.0286,1.0295,1.030
6.986882457,-0.0210,0.0293,1.0341,1.035
6.988921457,-0.0220,0.0298,1.0354,1.036
6.99091438,-0.0213,0.0288,1.0376,1.038
6.993667918,-0.0200,0.0283,1.0412,1.042
6.995167495,-0.0173,0.0274,1.0444,1.045
6.997864803,-0.0178,0.0261,1.0454,1.046
6.999034303,-0.0183,0.0249,1.0461,1.047
7.000911495,-0.0181,0.0254,1.0473,1.048
7.002653765,-0.0173,0.0266,1.0471,1.048
7.004895303,-0.0161,0.0264,1.0449,1.045
7.006616842,-0.0154,0.0266,1.0434,1.044
7.016155688,-0.0166,0.0264,1.0403,1.041
7.017530842,-0.0156,0.0279,1.0388,1.039
7.018656957,-0.0149,0.0276,1.0366,1.037
7.019564995,-0.0156,0.0257,1.0285,1.029
7.020580342,-0.0151,0.0259,1.0254,1.026
7.022843688,-0.0142,0.0264,1.0192,1.020
7.024136611,-0.0134,0.0257,1.0136,1.014
7.025248842,-0.0125,0.0247,1.0087,1.009
7.029635572,-0.0144,0.0249,1.0039,1.004
7.031158226,-0.0132,0.0237,1.0017,1.002
7.032241688,-0.0115,0.0222,0.9970,0.997
7.032994995,-0.0090,0.0217,0.9941,0.994
7.033966611,-0.0088,0.0213,0.9919,0.992
7.035411995,-0.0088,0.0198,0.9890,0.989
7.036563995,-0.0098,0.0205,0.9865,0.987
7.038877111,-0.0090,0.0195,0.9860,0.986
7.039953495,-0.0095,0.0156,0.9855,0.986
7.042404688,-0.0098,0.0156,0.9853,0.985
7.044433342,-0.0107,0.0169,0.9858,0.986
7.045713726,-0.0122,0.0173,0.9831,0.983
7.047755303,-0.0137,0.0164,0.9833,0.984
7.049830303,-0.0142,0.0151,0.9809,0.981
7.051754495,-0.0161,0.0151,0.9802,0.980
7.053583149,-0.0171,0.0154,0.9794,0.980
7.055876111,-0.0169,0.0161,0.9804,0.981
7.057704303,-0.0198,0.0151,0.9809,0.981
7.06003438,-0.0205,0.0149,0.9804,0.981
7.061770611,-0.0188,0.0156,0.9821,0.982
7.06386838,-0.0195,0.0161,0.9833,0.984
7.065856688,-0.0208,0.0156,0.9826,0.983
7.068022342,-0.0198,0.0159,0.9811,0.981
7.069800803,-0.0193,0.0147,0.9831,0.983
7.071976034,-0.0191,0.0132,0.9868,0.987
7.07349538,-0.0200,0.0137,0.9899,0.990
7.077560918,-0.0205,0.0147,0.9907,0.991
7.078437611,-0.0188,0.0149,0.9948,0.995
7.07963738,-0.0176,0.0147,0.9977,0.998
7.081372995,-0.0188,0.0144,0.9990,0.999
7.083689072,-0.0203,0.0139,1.0014,1.002
7.085504034,-0.0213,0.0144,1.0034,1.004
7.087520303,-0.0200,0.0154,1.0051,1.005
7.089210957,-0.0200,0.0169,1.0083,1.009
7.100323611,-0.0203,0.0166,1.0075,1.008
7.101656265,-0.0213,0.0171,1.0073,1.008
7.102617688,-0.0213,0.0171,1.0085,1.009
7.103527572,-0.0183,0.0166,1.0119,1.012
7.104363649,-0.0193,0.0171,1.0112,1.012
7.105358303,-0.0193,0.0173,1.0114,1.012
7.106372226,-0.0183,0.0195,1.0134,1.014
7.107247111,-0.0169,0.0200,1.0153,1.016
7.108282765,-0.0169,0.0195,1.0161,1.016
7.11996188,-0.0164,0.0178,1.0151,1.015
7.121347226,-0.0171,0.0181,1.0146,1.015
7.122180265,-0.0178,0.0188,1.0166,1.017
7.123334765,-0.0176,0.0208,1.0158,1.016
7.124275726,-0.0171,0.0208,1.0158,1.016
7.125707726,-0.0151,0.0205,1.0146,1.015
7.127016841,-0.0144,0.0217,1.0139,1.014
7.127971572,-0.0159,0.0215,1.0117,1.012
7.128944534,-0.0142,0.0222,1.0119,1.012
7.129710265,-0.0149,0.0225,1.0107,1.011
7.130741688,-0.0149,0.0217,1.0092,1.010
7.131684765,-0.0188,0.0237,1.0041,1.005
7.134108688,-0.0188,0.0254,1.0017,1.002
7.139583765,-0.0169,0.0249,0.9995,1.000
7.140686072,-0.0161,0.0259,0.9982,0.999
7.141661418,-0.0169,0.0276,0.9968,0.997
7.144621034,-0.0169,0.0281,0.9938,0.994
7.146022265,-0.0164,0.0283,0.9926,0.993
7.147108495,-0.0169,0.0269,0.9899,0.990
7.148254572,-0.0164,0.0283,0.9887,0.989
7.149162995,-0.0173,0.0283,0.9882,0.989
7.150348572,-0.0173,0.0291,0.9870,0.988
7.152577072,-0.0176,0.0293,0.9860,0.987
7.154468111,-0.0176,0.0305,0.9858,0.986
7.15629738,-0.0156,0.0308,0.9868,0.987
7.160009341,-0.0159,0.0310,0.9880,0.989
7.161443303,-0.0159,0.0310,0.9885,0.989
7.162735072,-0.0149,0.0318,0.9904,0.991
7.165361803,-0.0149,0.0330,0.9907,0.991
7.16638338,-0.0149,0.0332,0.9916,0.992
7.16839488,-0.0147,0.0340,0.9924,0.993
7.170371611,-0.0144,0.0335,0.9929,0.994
7.172198303,-0.0159,0.0320,0.9960,0.997
7.174182726,-0.0164,0.0327,0.9968,0.997
7.17707338,-0.0142,0.0320,0.9968,0.997
7.178708264,-0.0134,0.0320,0.9953,0.996
7.180403149,-0.0137,0.0320,0.9941,0.995
7.182007726,-0.0144,0.0347,0.9929,0.994
7.184011226,-0.0139,0.0344,0.9907,0.991
7.186091226,-0.0129,0.0322,0.9868,0.987
7.187932611,-0.0127,0.0335,0.9833,0.984
7.189898341,-0.0127,0.0342,0.9838,0.984
7.193428534,-0.0144,0.0330,0.9819,0.983
7.194995957,-0.0122,0.0332,0.9811,0.982
7.196614726,-0.0120,0.0330,0.9819,0.982
7.197762611,-0.0127,0.0347,0.9806,0.981
7.199835534,-0.0125,0.0347,0.9809,0.982
7.201807188,-0.0142,0.0340,0.9833,0.984
7.203689649,-0.0137,0.0332,0.9826,0.983
7.20572838,-0.0139,0.0340,0.9836,0.984
7.207776803,-0.0161,0.0337,0.9858,0.986
7.217589572,-0.0134,0.0342,0.9885,0.989
7.218950457,-0.0137,0.0340,0.9897,0.990
7.220088649,-0.0144,0.0330,0.9916,0.992
7.221108649,-0.0149,0.0327,0.9921,0.993
7.222572495,-0.0144,0.0330,0.9963,0.997
7.223100034,-0.0134,0.0320,0.9997,1.000
7.223366072,-0.0125,0.0320,0.9992,1.000
7.223593918,-0.0112,0.0313,1.0024,1.003
7.232191457,-0.0120,0.0320,1.0019,1.002
7.232750803,-0.0115,0.0313,1.0017,1.002
7.233007226,-0.0127,0.0303,1.0024,1.003
7.233230264,-0.0137,0.0308,1.0031,1.004
7.233458995,-0.0137,0.0303,1.0021,1.003
7.234916803,-0.0134,0.0318,1.0021,1.003
7.236917303,-0.0144,0.0300,1.0019,1.002
7.238935303,-0.0164,0.0305,1.0002,1.001
7.241014072,-0.0166,0.0305,0.9985,0.999
7.243095303,-0.0159,0.0303,0.9977,0.998
7.244860418,-0.0156,0.0320,0.9987,0.999
7.246751572,-0.0159,0.0310,0.9992,1.000
7.248807764,-0.0169,0.0318,0.9982,0.999
7.250830918,-0.0154,0.0318,0.9963,0.997
7.25260188,-0.0156,0.0310,0.9965,0.997
7.254696764,-0.0166,0.0305,0.9977,0.998
7.256754264,-0.0171,0.0315,0.9973,0.998
7.259446803,-0.0166,0.0315,0.9960,0.997
7.260618995,-0.0169,0.0315,0.9987,0.999
7.262601764,-0.0173,0.0313,1.0009,1.002
7.264561418,-0.0169,0.0305,1.0024,1.003
7.266540764,-0.0156,0.0300,1.0061,1.007
7.268752534,-0.0151,0.0305,1.0078,1.008
7.270660303,-0.0176,0.0300,1.0097,1.010
7.272755688,-0.0178,0.0298,1.0107,1.011
7.274496457,-0.0173,0.0308,1.0139,1.014
7.27757588,-0.0181,0.0300,1.0168,1.017
7.279178303,-0.0186,0.0288,1.0175,1.018
7.280788034,-0.0186,0.0313,1.0197,1.020
7.282564764,-0.0166,0.0310,1.0229,1.024
7.284719457,-0.0171,0.0313,1.0236,1.024
7.286576034,-0.0149,0.0315,1.0266,1.027
7.288589572,-0.0151,0.0318,1.0258,1.026
7.290353841,-0.0149,0.0322,1.0258,1.026
7.294014764,-0.0149,0.0318,1.0256,1.026
7.295871764,-0.0137,0.0315,1.0254,1.026
7.297088187,-0.0132,0.0308,1.0234,1.024
7.298491649,-0.0122,0.0303,1.0217,1.022
7.300343611,-0.0107,0.0318,1.0195,1.020
7.302302226,-0.0081,0.0327,1.0166,1.017
7.304456803,-0.0078,0.0335,1.0124,1.013
7.306369764,-0.0071,0.0330,1.0107,1.011
7.308276649,-0.0073,0.0318,1.0075,1.008
7.318171764,-0.0081,0.0315,1.0053,1.006
7.319693457,-0.0071,0.0318,1.0004,1.001
7.320837149,-0.0081,0.0320,0.9963,0.997
7.321951303,-0.0086,0.0332,0.9938,0.994
7.32321638,-0.0081,0.0342,0.9916,0.992
7.324692187,-0.0086,0.0318,0.9882,0.989
7.325842149,-0.0088,0.0322,0.9860,0.987
7.327021803,-0.0100,0.0335,0.9826,0.983
7.328244111,-0.0115,0.0330,0.9826,0.983
7.329108072,-0.0125,0.0325,0.9821,0.983
7.330156034,-0.0120,0.0330,0.9814,0.982
7.342466687,-0.0125,0.0330,0.9806,0.981
7.343798111,-0.0134,0.0318,0.9794,0.980
7.344257418,-0.0142,0.0308,0.9780,0.979
7.344677611,-0.0139,0.0296,0.9777,0.978
7.345086341,-0.0117,0.0293,0.9784,0.979
7.345518187,-0.0112,0.0291,0.9792,0.980
7.345927457,-0.0105,0.0281,0.9782,0.979
7.346422995,-0.0110,0.0279,0.9780,0.978
7.347924995,-0.0098,0.0276,0.9784,0.979
7.349530611,-0.0100,0.0271,0.9787,0.979
7.351864341,-0.0112,0.0249,0.9777,0.978
7.353152264,-0.0115,0.0249,0.9784,0.979
7.355693764,-0.0137,0.0274,0.9804,0.981
7.357372572,-0.0134,0.0274,0.9821,0.983
7.360565687,-0.0127,0.0259,0.9838,0.984
7.361340572,-0.0169,0.0254,0.9855,0.986
7.363451187,-0.0171,0.0244,0.9870,0.987
7.365283187,-0.0169,0.0244,0.9902,0.991
7.367371764,-0.0191,0.0235,0.9943,0.995
7.369073726,-0.0186,0.0244,0.9958,0.996
7.37122438,-0.0188,0.0247,0.9992,1.000
7.37329338,-0.0173,0.0244,1.0024,1.003
7.375466111,-0.0171,0.0247,1.0029,1.003
7.378643457,-0.0169,0.0242,1.0073,1.008
7.380247687,-0.0169,0.0247,1.0068,1.007
7.381570572,-0.0154,0.0249,1.0075,1.008
7.383710187,-0.0169,0.0237,1.0097,1.010
7.385176995,-0.0159,0.0239,1.0102,1.011
7.387193841,-0.0151,0.0254,1.0100,1.010
7.388944764,-0.0134,0.0257,1.0095,1.010
7.390876687,-0.0129,0.0266,1.0095,1.010
7.39396811,-0.0105,0.0261,1.0090,1.009
7.39578338,-0.0100,0.0261,1.0087,1.009
7.39707088,-0.0103,0.0266,1.0083,1.009
7.39905861,-0.0088,0.0274,1.0080,1.008
7.40068161,-0.0090,0.0281,1.0092,1.010
7.402718072,-0.0071,0.0286,1.0080,1.008
7.40491261,-0.0076,0.0293,1.0075,1.008
7.40714238,-0.0078,0.0286,1.0070,1.007
7.409028995,-0.0068,0.0303,1.0065,1.007
7.418565187,-0.0061,0.0308,1.0058,1.006
7.419958341,-0.0059,0.0305,1.0051,1.006
7.421112995,-0.0064,0.0315,1.0058,1.006
7.422087534,-0.0068,0.0327,1.0051,1.006
7.423615187,-0.0073,0.0327,1.0009,1.001
7.424893072,-0.0090,0.0332,1.0012,1.002
7.42594161,-0.0095,0.0332,1.0002,1.001
7.427247572,-0.0090,0.0344,0.9992,1.000
7.428541495,-0.0100,0.0349,0.9995,1.000
7.429686957,-0.0107,0.0359,0.9980,0.999
7.430966803,-0.0122,0.0335,0.9982,0.999
7.43304811,-0.0129,0.0322,0.9990,1.000
7.434464457,-0.0142,0.0325,0.9990,1.000
7.436687995,-0.0144,0.0330,0.9987,0.999
7.438388072,-0.0147,0.0325,0.9977,0.998
7.440106341,-0.0164,0.0325,0.9980,0.999
7.443766149,-0.0169,0.0322,0.9995,1.000
7.444517572,-0.0178,0.0318,0.9975,0.998
7.446020226,-0.0181,0.0300,0.9977,0.998
7.447944957,-0.0188,0.0310,0.9977,0.998
7.449999726,-0.0198,0.0310,0.9977,0.998
7.451804264,-0.0205,0.0300,0.9977,0.998
7.453828572,-0.0203,0.0296,0.9990,1.000
7.45594688,-0.0208,0.0300,1.0004,1.001
7.457896726,-0.0205,0.0293,1.0012,1.002
7.460726957,-0.0205,0.0288,1.0026,1.003
7.461915034,-0.0188,0.0296,1.0024,1.003
7.464121226,-0.0181,0.0288,1.0024,1.003
7.465552687,-0.0178,0.0283,1.0017,1.002
7.467673072,-0.0171,0.0283,1.0012,1.002
7.469797649,-0.0183,0.0296,1.0034,1.004
7.471525726,-0.0171,0.0291,1.0053,1.006
7.473679264,-0.0176,0.0283,1.0046,1.005
7.475685226,-0.0164,0.0264,1.0046,1.005
7.478537726,-0.0173,0.0261,1.0041,1.005
7.480128687,-0.0173,0.0254,1.0031,1.004
7.481517149,-0.0166,0.0274,1.0034,1.004
7.483359226,-0.0164,0.0279,1.0021,1.003
7.485368764,-0.0164,0.0286,1.0004,1.001
7.487377995,-0.0166,0.0279,0.9985,0.999
7.489398226,-0.0164,0.0288,0.9980,0.999
7.491381341,-0.0171,0.0279,0.9933,0.994
7.495858149,-0.0171,0.0281,0.9904,0.991
7.497676995,-0.0181,0.0310,0.9880,0.989
7.499221149,-0.0161,0.0286,0.9848,0.985
7.500235764,-0.0161,0.0288,0.9843,0.985
7.501225187,-0.0164,0.0303,0.9809,0.981
7.503262226,-0.0166,0.0325,0.9784,0.979
7.504857226,-0.0171,0.0327,0.9775,0.978
7.506864649,-0.0181,0.0322,0.9762,0.977
7.509318418,-0.0183,0.0330,0.9758,0.976
7.51985311,-0.0178,0.0330,0.9765,0.977
7.520553957,-0.0178,0.0340,0.9760,0.977
7.52084111,-0.0171,0.0335,0.9765,0.977
7.521110803,-0.0176,0.0332,0.9770,0.978
7.521382995,-0.0195,0.0322,0.9782,0.979
7.521640457,-0.0208,0.0327,0.9799,0.981
7.522604149,-0.0200,0.0315,0.9831,0.984
7.524747303,-0.0200,0.0322,0.9850,0.986
7.535514303,-0.0210,0.0322,0.9892,0.990
7.536179341,-0.0215,0.0315,0.9916,0.992
7.53660838,-0.0203,0.0308,0.9936,0.994
7.536899803,-0.0181,0.0310,0.9980,0.999
7.537156072,-0.0181,0.0313,1.0007,1.001
7.537416418,-0.0186,0.0318,1.0026,1.003
7.538196226,-0.0178,0.0303,1.0070,1.008
7.540676495,-0.0164,0.0298,1.0087,1.009
7.54426438,-0.0169,0.0293,1.0112,1.012
7.54592438,-0.0169,0.0313,1.0134,1.014
7.546302495,-0.0161,0.0308,1.0139,1.014
7.548350033,-0.0166,0.0300,1.0166,1.017
7.55068611,-0.0142,0.0291,1.0197,1.020
7.55229638,-0.0134,0.0288,1.0197,1.020
7.554221457,-0.0149,0.0293,1.0212,1.022
7.556308303,-0.0122,0.0296,1.0210,1.021
7.557962187,-0.0110,0.0298,1.0205,1.021
7.560259918,-0.0115,0.0300,1.0200,1.020
7.562050187,-0.0112,0.0303,1.0197,1.020
7.564090226,-0.0120,0.0310,1.0173,1.018
7.566136841,-0.0098,0.0315,1.0161,1.017
7.568122187,-0.0098,0.0313,1.0151,1.016
7.569945841,-0.0090,0.0325,1.0129,1.013
7.57203811,-0.0076,0.0300,1.0080,1.008
7.57394661,-0.0071,0.0300,1.0070,1.008
7.576971803,-0.0076,0.0313,1.0024,1.003
7.577679533,-0.0073,0.0318,0.9999,1.000
7.579847726,-0.0061,0.0325,0.9970,0.998
7.581579957,-0.0061,0.0325,0.9941,0.995
7.583620072,-0.0051,0.0330,0.9929,0.993
7.585461149,-0.0064,0.0337,0.9916,0.992
7.587926341,-0.0068,0.0347,0.9909,0.992
7.589555995,-0.0073,0.0347,0.9892,0.990
7.591847726,-0.0059,0.0344,0.9902,0.991
7.594549649,-0.0066,0.0354,0.9907,0.991
7.595721726,-0.0090,0.0340,0.9904,0.991
7.597715957,-0.0088,0.0335,0.9929,0.993
7.599512533,-0.0088,0.0340,0.9943,0.995
7.601438264,-0.0088,0.0347,0.9985,0.999
7.603508264,-0.0107,0.0342,0.9990,1.000
7.605614457,-0.0105,0.0335,1.0004,1.001
7.607422572,-0.0107,0.0322,1.0026,1.003
7.619478649,-0.0107,0.0313,1.0036,1.004
7.621318456,-0.0115,0.0303,1.0048,1.005
7.622621072,-0.0125,0.0303,1.0070,1.008
7.624049456,-0.0122,0.0308,1.0078,1.008
7.625470495,-0.0122,0.0315,1.0056,1.006
7.627149033,-0.0125,0.0310,1.0058,1.006
7.628661687,-0.0122,0.0315,1.0036,1.004
7.63005888,-0.0129,0.0310,1.0024,1.003
7.630952572,-0.0120,0.0320,1.0021,1.003
7.631384418,-0.0105,0.0313,1.0012,1.002
7.631746995,-0.0105,0.0327,0.9992,1.000
7.632109764,-0.0098,0.0330,0.9990,1.000
7.637340995,-0.0088,0.0347,0.9970,0.998
7.638012764,-0.0083,0.0342,0.9975,0.998
7.638450995,-0.0078,0.0327,0.9965,0.997
7.638866841,-0.0078,0.0330,0.9938,0.994
7.640983187,-0.0083,0.0325,0.9936,0.994
7.645103341,-0.0054,0.0320,0.9916,0.992
7.645784033,-0.0073,0.0335,0.9899,0.991
7.646788687,-0.0078,0.0342,0.9880,0.989
7.648630687,-0.0081,0.0349,0.9848,0.985
7.65092138,-0.0081,0.0342,0.9821,0.983
7.652934456,-0.0081,0.0352,0.9784,0.979
7.655321033,-0.0066,0.0347,0.9743,0.975
7.656951149,-0.0059,0.0349,0.9728,0.973
7.659053726,-0.0049,0.0354,0.9701,0.971
7.661003533,-0.0044,0.0340,0.9692,0.970
7.662630072,-0.0034,0.0340,0.9706,0.971
7.664433187,-0.0022,0.0327,0.9738,0.974
7.666662533,-0.0017,0.0330,0.9750,0.976
7.668460918,-0.0034,0.0320,0.9782,0.979
7.670491341,-0.0054,0.0335,0.9897,0.990
7.67241561,-0.0064,0.0342,0.9951,0.996
7.674458995,-0.0081,0.0347,1.0056,1.006
7.677364803,-0.0095,0.0337,1.0163,1.017
7.678377033,-0.0071,0.0318,1.0224,1.023
7.680399841,-0.0076,0.0308,1.0324,1.033
7.682334956,-0.0090,0.0296,1.0434,1.044
7.684470303,-0.0098,0.0283,1.0461,1.047
7.68635661,-0.0103,0.0281,1.0503,1.051
7.688491918,-0.0117,0.0271,1.0515,1.052
7.690298418,-0.0122,0.0274,1.0512,1.052
7.69235188,-0.0107,0.0281,1.0493,1.050
7.694101495,-0.0095,0.0283,1.0461,1.047
7.696053264,-0.0098,0.0298,1.0388,1.039
7.698113495,-0.0088,0.0305,1.0341,1.035
7.699888495,-0.0086,0.0318,1.0234,1.024
7.701843572,-0.0081,0.0308,1.0100,1.010
7.703887803,-0.0078,0.0305,1.0017,1.002
7.705948072,-0.0078,0.0318,0.9882,0.989
7.708167187,-0.0100,0.0335,0.9728,0.973
7.710845341,-0.0112,0.0342,0.9670,0.968
7.719280649,-0.0100,0.0352,0.9547,0.955
7.720453149,-0.0110,0.0357,0.9504,0.951
7.721180841,-0.0129,0.0366,0.9433,0.944
7.72191761,-0.0139,0.0362,0.9394,0.940
7.722825649,-0.0149,0.0362,0.9381,0.939
7.725401264,-0.0178,0.0386,0.9398,0.941
7.726626956,-0.0173,0.0386,0.9460,0.947
7.727823649,-0.0156,0.0384,0.9499,0.951
7.729187803,-0.0142,0.0376,0.9560,0.957
7.730458226,-0.0147,0.0366,0.9616,0.962
7.731658264,-0.0122,0.0374,0.9738,0.975
7.735136418,-0.0112,0.0347,0.9860,0.987
7.735750918,-0.0098,0.0330,0.9914,0.992
7.737291341,-0.0107,0.0327,1.0029,1.003
7.739321379,-0.0090,0.0330,1.0080,1.009
7.741051033,-0.0083,0.0322,1.0183,1.019
7.744151418,-0.0107,0.0318,1.0241,1.025
7.745293572,-0.0117,0.0322,1.0271,1.028
7.747155303,-0.0125,0.0325,1.0283,1.029
7.749166995,-0.0125,0.0320,1.0266,1.027
7.751121149,-0.0125,0.0318,1.0254,1.026
7.753221187,-0.0164,0.0332,1.0234,1.024
7.755314879,-0.0181,0.0332,1.0219,1.023
7.756878495,-0.0178,0.0322,1.0168,1.017
7.759044226,-0.0195,0.0330,1.0107,1.011
7.761132303,-0.0205,0.0330,1.0090,1.010
7.763022918,-0.0213,0.0357,1.0043,1.005
7.764933072,-0.0222,0.0359,1.0009,1.002
7.766918072,-0.0213,0.0364,1.0007,1.002
7.768932995,-0.0208,0.0357,0.9999,1.001
7.770934726,-0.0217,0.0354,0.9987,1.000
7.772996303,-0.0210,0.0342,0.9980,0.999
7.775103418,-0.0191,0.0354,0.9995,1.000
7.777516803,-0.0171,0.0354,1.0007,1.001
7.779991379,-0.0161,0.0344,1.0034,1.004
7.78117261,-0.0144,0.0369,1.0061,1.007
7.782849956,-0.0137,0.0371,1.0065,1.007
7.784734687,-0.0134,0.0359,1.0065,1.007
7.786769187,-0.0142,0.0347,1.0073,1.008
7.788631803,-0.0125,0.0344,1.0092,1.010
7.790688149,-0.0120,0.0340,1.0092,1.010
7.792984841,-0.0112,0.0340,1.0102,1.011
7.795961726,-0.0081,0.0332,1.0105,1.011
7.797378687,-0.0086,0.0332,1.0105,1.011
7.800018803,-0.0086,0.0340,1.0105,1.011
7.800973341,-0.0090,0.0322,1.0112,1.012
7.802383495,-0.0088,0.0315,1.0112,1.012
7.80437211,-0.0081,0.0313,1.0107,1.011
7.80654111,-0.0081,0.0308,1.0112,1.012
7.808572841,-0.0081,0.0293,1.0119,1.012
7.819196726,-0.0073,0.0291,1.0112,1.012
7.820708072,-0.0081,0.0298,1.0107,1.011
7.821658379,-0.0083,0.0296,1.0112,1.012
7.822898802,-0.0081,0.0291,1.0107,1.011
7.824011956,-0.0083,0.0283,1.0102,1.011
7.825282918,-0.0090,0.0286,1.0080,1.008
7.827181187,-0.0107,0.0286,1.0063,1.007
7.828524341,-0.0112,0.0291,1.0048,1.005
7.82996961,-0.0120,0.0291,1.0026,1.003
7.830831341,-0.0129,0.0281,1.0004,1.001
7.831131764,-0.0132,0.0283,0.9982,0.999
7.833523033,-0.0142,0.0291,0.9941,0.995
7.833969456,-0.0144,0.0296,0.9929,0.993
7.835723649,-0.0137,0.0279,0.9892,0.990
7.837630072,-0.0147,0.0293,0.9863,0.987
7.839671841,-0.0144,0.0293,0.9850,0.986
7.841590341,-0.0142,0.0288,0.9838,0.984
7.844551995,-0.0134,0.0298,0.9824,0.983
7.847023302,-0.0129,0.0310,0.9828,0.983
7.847580226,-0.0125,0.0308,0.9843,0.985
7.849883302,-0.0115,0.0310,0.9850,0.986
7.851551533,-0.0117,0.0300,0.9865,0.987
7.853575879,-0.0100,0.0313,0.9875,0.988
7.855596995,-0.0105,0.0310,0.9887,0.989
7.857300495,-0.0112,0.0303,0.9916,0.992
7.859698841,-0.0107,0.0308,0.9953,0.996
7.861357995,-0.0103,0.0305,0.9963,0.997
7.863470802,-0.0083,0.0286,0.9992,1.000
7.865223726,-0.0076,0.0286,0.9999,1.000
7.867313687,-0.0086,0.0286,1.0019,1.002
7.869287841,-0.0073,0.0296,1.0039,1.004
7.871340264,-0.0081,0.0296,1.0051,1.006
7.873321072,-0.0100,0.0283,1.0070,1.007
7.875410995,-0.0103,0.0288,1.0075,1.008
7.878393033,-0.0095,0.0300,1.0070,1.008
7.879620495,-0.0090,0.0298,1.0087,1.009
7.88120811,-0.0103,0.0293,1.0102,1.011
7.883238687,-0.0105,0.0279,1.0105,1.011
7.885216418,-0.0110,0.0276,1.0107,1.011
7.887150918,-0.0120,0.0283,1.0114,1.012
7.889025264,-0.0125,0.0276,1.0124,1.013
7.891001456,-0.0122,0.0264,1.0134,1.014
7.893094764,-0.0122,0.0261,1.0131,1.014
7.896157379,-0.0103,0.0261,1.0105,1.011
7.897644302,-0.0098,0.0269,1.0114,1.012
7.899727533,-0.0125,0.0264,1.0107,1.011
7.900836264,-0.0117,0.0271,1.0085,1.009
7.902983995,-0.0105,0.0274,1.0078,1.008
7.904744572,-0.0120,0.0291,1.0065,1.007
7.906851649,-0.0110,0.0300,1.0053,1.006
7.908793072,-0.0103,0.0293,1.0036,1.004
7.919003187,-0.0110,0.0322,1.0002,1.001
7.920206764,-0.0110,0.0313,0.9999,1.000
7.920979572,-0.0098,0.0305,0.9980,0.999
7.92174811,-0.0090,0.0303,0.9968,0.997
7.922783072,-0.0093,0.0305,0.9965,0.997
7.925429495,-0.0078,0.0322,0.9963,0.997
7.926470841,-0.0066,0.0332,0.9948,0.995
7.927738572,-0.0059,0.0332,0.9953,0.996
7.928884033,-0.0039,0.0332,0.9948,0.995
7.932715533,-0.0029,0.0322,0.9958,0.996
7.934080995,-0.0027,0.0330,0.9965,0.997
7.935190572,-0.0046,0.0340,0.9985,0.999
7.93610811,-0.0044,0.0347,0.9982,0.999
7.937165072,-0.0037,0.0344,0.9982,0.999
7.938454033,-0.0049,0.0342,0.9982,0.999
7.940150302,-0.0046,0.0352,0.9975,0.998
7.942109533,-0.0054,0.0340,0.9987,0.999
7.944639225,-0.0056,0.0342,0.9977,0.998
7.94631061,-0.0086,0.0344,0.9990,1.000
7.951093302,-0.0088,0.0342,0.9985,0.999
7.951366379,-0.0083,0.0335,0.9970,0.998
7.951781687,-0.0086,0.0332,0.9970,0.998
7.95394561,-0.0076,0.0340,0.9955,0.996
7.956051879,-0.0076,0.0344,0.9929,0.993
7.95806211,-0.0073,0.0327,0.9914,0.992
7.959988572,-0.0078,0.0330,0.9914,0.992
7.962032418,-0.0076,0.0332,0.9933,0.994
7.963948995,-0.0088,0.0320,0.9948,0.995
7.965697302,-0.0093,0.0327,0.9960,0.997
7.967832341,-0.0107,0.0327,0.9987,0.999
7.969888687,-0.0117,0.0322,1.0007,1.001
7.971735918,-0.0142,0.0322,1.0024,1.003
7.973919533,-0.0127,0.0303,1.0068,1.007
7.975753918,-0.0127,0.0305,1.0065,1.007
7.978327802,-0.0122,0.0286,1.0046,1.005
7.979478495,-0.0129,0.0286,1.0041,1.005
7.981508879,-0.0129,0.0288,1.0036,1.004
7.983533841,-0.0107,0.0291,0.9990,0.999
7.985435725,-0.0120,0.0286,0.9970,0.997
7.987526879,-0.0115,0.0283,0.9936,0.994
7.989265725,-0.0117,0.0279,0.9926,0.993
7.991498687,-0.0112,0.0279,0.9909,0.991
7.993544264,-0.0117,0.0310,0.9875,0.988
7.997213225,-0.0107,0.0305,0.9875,0.988
7.998312072,-0.0107,0.0291,0.9875,0.988
7.999299149,-0.0107,0.0288,0.9890,0.989
8.001301187,-0.0134,0.0308,0.9890,0.990
8.003443995,-0.0127,0.0303,0.9902,0.991
8.005432264,-0.0122,0.0298,0.9924,0.993
8.007409033,-0.0125,0.0293,0.9936,0.994
8.009179764,-0.0115,0.0308,0.9975,0.998
8.018693879,-0.0125,0.0300,0.9985,0.999
8.019909418,-0.0137,0.0303,0.9990,1.000
8.020728995,-0.0125,0.0320,1.0009,1.002
8.021514149,-0.0125,0.0313,1.0017,1.002
8.022238379,-0.0137,0.0303,1.0041,1.005
8.026346879,-0.0147,0.0315,1.0058,1.006
8.027576802,-0.0134,0.0320,1.0068,1.007
8.028849572,-0.0127,0.0325,1.0073,1.008
8.029982764,-0.0137,0.0313,1.0107,1.011
8.031212495,-0.0151,0.0313,1.0122,1.013
8.032058456,-0.0159,0.0315,1.0136,1.014
8.03308161,-0.0151,0.0315,1.0124,1.013
8.035475841,-0.0144,0.0325,1.0126,1.013
8.03799661,-0.0142,0.0315,1.0144,1.015
8.039214072,-0.0134,0.0310,1.0151,1.016
8.040735533,-0.0125,0.0296,1.0129,1.013
8.042833264,-0.0117,0.0303,1.0119,1.012
8.045609072,-0.0103,0.0303,1.0117,1.012
8.047193802,-0.0086,0.0310,1.0129,1.013
8.05203011,-0.0093,0.0315,1.0122,1.013
8.053147341,-0.0088,0.0327,1.0122,1.013
8.05393061,-0.0068,0.0313,1.0114,1.012
8.054980879,-0.0061,0.0305,1.0097,1.010
8.05682011,-0.0068,0.0303,1.0105,1.011
8.058699495,-0.0049,0.0305,1.0107,1.011
8.061471687,-0.0049,0.0305,1.0107,1.011
8.064399687,-0.0068,0.0315,1.0092,1.010
8.065820418,-0.0071,0.0313,1.0083,1.009
8.067470264,-0.0078,0.0315,1.0083,1.009
8.069223072,-0.0064,0.0332,1.0080,1.009
8.070659764,-0.0061,0.0347,1.0073,1.008
8.072674072,-0.0051,0.0344,1.0073,1.008
8.074452302,-0.0061,0.0325,1.0056,1.006
8.076566879,-0.0064,0.0315,1.0043,1.005
8.079621033,-0.0051,0.0318,1.0031,1.004
8.081156302,-0.0064,0.0305,1.0034,1.004
8.082381187,-0.0066,0.0320,1.0021,1.003
8.084481456,-0.0059,0.0335,1.0004,1.001
8.08637261,-0.0068,0.0344,1.0002,1.001
8.088282302,-0.0090,0.0347,1.0012,1.002
8.090109033,-0.0103,0.0335,1.0007,1.001
8.092319379,-0.0100,0.0327,0.9995,1.000
8.09602861,-0.0088,0.0327,0.9973,0.998
8.097518495,-0.0093,0.0315,0.9955,0.996
8.098823533,-0.0105,0.0308,0.9941,0.995
8.100371225,-0.0103,0.0291,0.9926,0.993
8.101991879,-0.0090,0.0293,0.9916,0.992
8.104067418,-0.0066,0.0300,0.9902,0.991
8.106006572,-0.0061,0.0279,0.9916,0.992
8.107988456,-0.0064,0.0274,0.9924,0.993
8.109863995,-0.0046,0.0269,0.9926,0.993
8.120748572,-0.0022,0.0274,0.9936,0.994
8.122447725,-0.0027,0.0274,0.9943,0.995
8.12343611,-0.0056,0.0281,0.9973,0.998
8.124436995,-0.0061,0.0271,0.9968,0.997
8.125548918,-0.0046,0.0266,0.9982,0.999
8.127516148,-0.0054,0.0281,1.0007,1.001
8.128635687,-0.0049,0.0269,1.0009,1.001
8.129765495,-0.0056,0.0266,1.0031,1.003
8.131076802,-0.0059,0.0276,1.0021,1.003
8.131541341,-0.0059,0.0291,1.0026,1.003
8.131944687,-0.0066,0.0298,1.0012,1.002
8.135411302,-0.0073,0.0298,0.9995,1.000
8.136187072,-0.0086,0.0320,0.9985,0.999
8.137303379,-0.0081,0.0325,0.9960,0.997
8.139375379,-0.0088,0.0327,0.9946,0.995
8.141126648,-0.0078,0.0313,0.9938,0.994
8.143206418,-0.0081,0.0318,0.9926,0.993
8.145306071,-0.0088,0.0337,0.9929,0.993
8.147408725,-0.0090,0.0344,0.9926,0.993
8.149189148,-0.0088,0.0349,0.9909,0.992
8.151377648,-0.0088,0.0340,0.9929,0.993
8.153159841,-0.0088,0.0352,0.9975,0.998
8.15536311,-0.0086,0.0337,0.9985,0.999
8.157120302,-0.0095,0.0325,1.0009,1.001
8.159819341,-0.0076,0.0322,1.0056,1.006
8.162054571,-0.0073,0.0320,1.0080,1.009
8.163212418,-0.0073,0.0313,1.0105,1.011
8.164865148,-0.0059,0.0308,1.0122,1.013
8.167195148,-0.0071,0.0305,1.0144,1.015
8.168951418,-0.0061,0.0308,1.0156,1.016
8.171119033,-0.0049,0.0310,1.0161,1.017
8.173105225,-0.0051,0.0283,1.0151,1.016
8.175111802,-0.0044,0.0296,1.0124,1.013
8.176825687,-0.0039,0.0293,1.0119,1.012
8.179796148,-0.0044,0.0291,1.0095,1.010
8.181262148,-0.0046,0.0293,1.0087,1.009
8.182846725,-0.0049,0.0298,1.0053,1.006
8.184665687,-0.0059,0.0305,1.0036,1.004
8.186874571,-0.0049,0.0308,1.0017,1.002
8.188670071,-0.0046,0.0318,0.9980,0.999
8.190608687,-0.0051,0.0320,0.9953,0.996
8.192640879,-0.0056,0.0313,0.9931,0.994
8.195715456,-0.0042,0.0342,0.9919,0.992
8.197374802,-0.0049,0.0352,0.9914,0.992
8.199800841,-0.0061,0.0347,0.9909,0.992
8.200928264,-0.0059,0.0344,0.9912,0.992
8.202519571,-0.0051,0.0349,0.9909,0.992
8.204298571,-0.0046,0.0362,0.9894,0.990
8.206370418,-0.0049,0.0371,0.9912,0.992
8.208522879,-0.0054,0.0379,0.9916,0.992
8.210585725,-0.0073,0.0366,0.9924,0.993
8.221122841,-0.0076,0.0364,0.9926,0.993
8.222836841,-0.0068,0.0364,0.9965,0.997
8.223836841,-0.0071,0.0362,0.9995,1.000
8.224742533,-0.0078,0.0359,1.0009,1.002
8.225804495,-0.0090,0.0359,1.0058,1.006
8.227201533,-0.0086,0.0357,1.0087,1.009
8.235614033,-0.0093,0.0347,1.0105,1.011
8.236993187,-0.0088,0.0349,1.0134,1.014
8.238043533,-0.0086,0.0340,1.0156,1.016
8.239221995,-0.0071,0.0335,1.0170,1.018
8.240366071,-0.0078,0.0337,1.0151,1.016
8.241439456,-0.0076,0.0332,1.0158,1.016
8.242605841,-0.0081,0.0330,1.0170,1.018
8.243386918,-0.0093,0.0315,1.0148,1.015
8.245533341,-0.0088,0.0322,1.0136,1.014
8.246587841,-0.0078,0.0313,1.0119,1.012
8.247390648,-0.0068,0.0325,1.0112,1.012
8.248290571,-0.0076,0.0330,1.0097,1.010
8.248989302,-0.0066,0.0320,1.0056,1.006
8.249883418,-0.0059,0.0318,1.0043,1.005
8.252554571,-0.0051,0.0325,1.0021,1.003
8.253957033,-0.0061,0.0320,1.0007,1.001
8.255668725,-0.0066,0.0327,0.9990,1.000
8.257748379,-0.0078,0.0327,0.9951,0.996
8.259548533,-0.0066,0.0330,0.9941,0.995
8.262508687,-0.0083,0.0322,0.9914,0.992
8.264196802,-0.0093,0.0322,0.9902,0.991
8.265705841,-0.0090,0.0320,0.9892,0.990
8.267528725,-0.0098,0.0337,0.9880,0.989
8.269645456,-0.0078,0.0344,0.9868,0.987
8.271452148,-0.0088,0.0340,0.9860,0.987
8.273488571,-0.0098,0.0320,0.9855,0.986
8.275440956,-0.0088,0.0320,0.9848,0.985
8.279272571,-0.0083,0.0325,0.9853,0.986
8.281557687,-0.0073,0.0308,0.9865,0.987
8.283069148,-0.0078,0.0303,0.9853,0.986
8.284243841,-0.0093,0.0325,0.9841,0.985
8.285304725,-0.0093,0.0322,0.9870,0.988
8.287847879,-0.0083,0.0318,0.9872,0.988
8.28912861,-0.0068,0.0325,0.9860,0.987
8.291035264,-0.0066,0.0320,0.9858,0.986
8.292937687,-0.0086,0.0313,0.9882,0.989
8.295422071,-0.0066,0.0308,0.9880,0.988
8.296966571,-0.0073,0.0318,0.9875,0.988
8.298928418,-0.0059,0.0318,0.9865,0.987
8.30089061,-0.0042,0.0313,0.9860,0.987
8.302840879,-0.0037,0.0305,0.9868,0.987
8.304756725,-0.0039,0.0298,0.9885,0.989
8.306891033,-0.0049,0.0288,0.9877,0.988
8.309094841,-0.0044,0.0274,0.9865,0.987
8.311022571,-0.0037,0.0266,0.9885,0.989
8.319881994,-0.0029,0.0279,0.9892,0.990
8.321144764,-0.0024,0.0279,0.9890,0.989
8.321924994,-0.0015,0.0279,0.9899,0.990
8.323223571,-0.0015,0.0281,0.9894,0.990
8.324243225,-0.0020,0.0261,0.9912,0.991
8.325218187,-0.0015,0.0257,0.9924,0.993
8.326595533,-0.0024,0.0264,0.9948,0.995
8.327944687,-0.0027,0.0259,0.9958,0.996
8.334564264,-0.0012,0.0259,0.9973,0.998
8.336293533,-0.0034,0.0269,1.0021,1.003
8.337190687,-0.0005,0.0269,1.0043,1.005
8.338472802,0.0002,0.0259,1.0053,1.006
8.340920648,0.0002,0.0274,1.0102,1.011
8.342190764,0.0012,0.0281,1.0114,1.012
8.343076418,0.0034,0.0283,1.0161,1.016
8.344068379,0.0029,0.0288,1.0180,1.018
8.345307687,0.0012,0.0298,1.0185,1.019
8.346926071,0.0000,0.0288,1.0200,1.020
8.349607033,0.0010,0.0283,1.0222,1.023
8.350960302,0.0017,0.0286,1.0227,1.023
8.352208494,-0.0005,0.0281,1.0217,1.022
8.354026918,-0.0017,0.0288,1.0217,1.022
8.356291571,-0.0039,0.0293,1.0217,1.022
8.35813461,-0.0044,0.0308,1.0205,1.021
8.360433225,-0.0056,0.0300,1.0190,1.019
8.362773764,-0.0073,0.0288,1.0163,1.017
8.364226917,-0.0061,0.0283,1.0136,1.014
8.366332148,-0.0086,0.0288,1.0109,1.011
8.368170379,-0.0107,0.0310,1.0063,1.007
8.370060841,-0.0107,0.0291,1.0048,1.005
8.372795917,-0.0129,0.0298,1.0026,1.003
8.373786879,-0.0137,0.0320,0.9985,0.999
8.376275341,-0.0137,0.0332,0.9960,0.997
8.379234764,-0.0147,0.0342,0.9921,0.993
8.380895994,-0.0132,0.0349,0.9894,0.990
8.381750494,-0.0147,0.0347,0.9899,0.991
8.383795456,-0.0161,0.0349,0.9894,0.990
8.385703956,-0.0154,0.0357,0.9880,0.989
8.388121302,-0.0139,0.0362,0.9890,0.990
8.389647071,-0.0129,0.0381,0.9904,0.991
8.392065187,-0.0112,0.0376,0.9916,0.992
8.393520187,-0.0100,0.0384,0.9919,0.993
8.395906033,-0.0066,0.0352,0.9936,0.994
8.397722456,-0.0071,0.0347,0.9953,0.996
8.399672533,-0.0054,0.0364,0.9977,0.998
8.40146811,-0.0042,0.0359,0.9982,0.999
8.40386311,-0.0015,0.0354,1.0019,1.003
8.405449071,-0.0012,0.0344,1.0065,1.007
8.407715302,-0.0005,0.0332,1.0085,1.009
8.409326225,0.0007,0.0325,1.0102,1.011
8.416890494,0.0022,0.0327,1.0126,1.013
8.417698725,0.0032,0.0325,1.0136,1.014
8.418136879,0.0046,0.0300,1.0144,1.015
8.418637879,0.0056,0.0291,1.0156,1.016
8.419955687,0.0054,0.0291,1.0161,1.016
8.421422148,0.0066,0.0283,1.0166,1.017
8.423603456,0.0076,0.0279,1.0168,1.017
8.425137187,0.0064,0.0269,1.0166,1.017
8.427462841,0.0059,0.0261,1.0163,1.017
8.429857917,0.0066,0.0257,1.0173,1.018
8.431436956,0.0064,0.0269,1.0173,1.018
8.433034417,0.0056,0.0266,1.0161,1.016
8.435531841,0.0044,0.0261,1.0161,1.016
8.437068648,0.0051,0.0259,1.0134,1.014
8.439475148,0.0064,0.0271,1.0131,1.014
8.440934148,0.0059,0.0281,1.0112,1.012
8.443593225,0.0017,0.0283,1.0068,1.007
8.446729417,0.0000,0.0291,1.0051,1.005
8.447504494,-0.0037,0.0303,1.0024,1.003
8.448915417,-0.0029,0.0315,0.9995,1.000
8.451456456,-0.0027,0.0308,0.9975,0.998
8.453238225,-0.0020,0.0281,0.9943,0.995
8.455370533,-0.0020,0.0276,0.9929,0.993
8.456936302,-0.0015,0.0288,0.9924,0.993
8.459091494,0.0002,0.0315,0.9907,0.991
8.46145411,0.0000,0.0305,0.9916,0.992
8.464395687,-0.0024,0.0298,0.9916,0.992
8.466110033,-0.0034,0.0298,0.9926,0.993
8.467695187,-0.0037,0.0300,0.9946,0.995
8.468955687,-0.0056,0.0315,0.9997,1.000
8.470794302,-0.0066,0.0320,1.0019,1.002
8.472604571,-0.0086,0.0308,1.0065,1.007
8.474815533,-0.0086,0.0315,1.0124,1.013
8.476700571,-0.0086,0.0305,1.0141,1.015
8.479938994,-0.0110,0.0283,1.0190,1.019
8.481403879,-0.0127,0.0269,1.0210,1.021
8.482773956,-0.0132,0.0259,1.0222,1.023
8.48465834,-0.0149,0.0261,1.0224,1.023
8.48660034,-0.0142,0.0261,1.0232,1.024
8.488478148,-0.0156,0.0254,1.0261,1.027
8.490488802,-0.0178,0.0271,1.0261,1.027
8.492458571,-0.0181,0.0264,1.0261,1.027
8.494506302,-0.0159,0.0269,1.0276,1.028
8.497969687,-0.0149,0.0269,1.0258,1.026
8.499695917,-0.0154,0.0274,1.0246,1.025
8.501057956,-0.0166,0.0269,1.0210,1.021
8.502550379,-0.0154,0.0274,1.0175,1.018
8.504175687,-0.0137,0.0276,1.0095,1.010
8.506067264,-0.0149,0.0264,1.0002,1.001
8.508117994,-0.0151,0.0264,0.9958,0.996
8.510507533,-0.0147,0.0269,0.9887,0.989
8.521112571,-0.0161,0.0276,0.9824,0.983
8.522929648,-0.0161,0.0286,0.9792,0.980
8.524701379,-0.0171,0.0298,0.9762,0.977
8.526341648,-0.0176,0.0310,0.9740,0.975
8.527046225,-0.0198,0.0313,0.9716,0.972
8.527532033,-0.0198,0.0320,0.9704,0.971
8.534471264,-0.0217,0.0327,0.9694,0.970
8.535278187,-0.0230,0.0322,0.9706,0.971
8.535704148,-0.0210,0.0318,0.9745,0.975
8.53612161,-0.0195,0.0300,0.9765,0.977
8.53650311,-0.0191,0.0296,0.9787,0.979
8.536913879,-0.0193,0.0313,0.9799,0.981
8.537329879,-0.0169,0.0310,0.9843,0.985
8.537741379,-0.0176,0.0298,0.9882,0.989
8.539995571,-0.0169,0.0291,0.9897,0.990
8.541397033,-0.0144,0.0283,0.9921,0.993
8.543764379,-0.0149,0.0288,0.9936,0.994
8.546227494,-0.0154,0.0296,0.9946,0.995
8.548156764,-0.0176,0.0308,0.9963,0.997
8.549615571,-0.0186,0.0308,0.9963,0.997
8.551700456,-0.0166,0.0310,0.9977,0.998
8.553320494,-0.0164,0.0330,0.9987,0.999
8.555470571,-0.0166,0.0327,0.9999,1.001
8.557269917,-0.0171,0.0332,1.0004,1.001
8.55953611,-0.0195,0.0342,1.0021,1.003
8.563559533,-0.0198,0.0357,1.0039,1.005
8.564466494,-0.0183,0.0354,1.0063,1.007
8.565271802,-0.0178,0.0354,1.0068,1.008
8.567184187,-0.0176,0.0340,1.0095,1.010
8.569071494,-0.0156,0.0337,1.0134,1.014
8.571485956,-0.0142,0.0340,1.0144,1.015
8.573030417,-0.0122,0.0354,1.0161,1.017
8.575488187,-0.0125,0.0359,1.0153,1.016
8.576913571,-0.0117,0.0374,1.0163,1.017
8.579618533,-0.0105,0.0376,1.0163,1.017
8.58201261,-0.0090,0.0379,1.0156,1.016
8.582779956,-0.0076,0.0354,1.0156,1.016
8.584807494,-0.0066,0.0352,1.0141,1.015
8.587465379,-0.0061,0.0344,1.0136,1.014
8.58886961,-0.0056,0.0342,1.0105,1.011
8.59087534,-0.0064,0.0349,1.0092,1.010
8.592689994,-0.0061,0.0354,1.0065,1.007
8.59487584,-0.0054,0.0354,1.0029,1.004
8.597965302,-0.0066,0.0337,1.0012,1.002
8.599538494,-0.0081,0.0313,0.9985,0.999
8.601239879,-0.0056,0.0322,0.9951,0.996
8.603009263,-0.0068,0.0325,0.9955,0.996
8.604798533,-0.0083,0.0322,0.9948,0.995
8.606595225,-0.0073,0.0313,0.9938,0.994
8.608296533,-0.0093,0.0320,0.9919,0.992
8.610454533,-0.0095,0.0308,0.9909,0.991
8.621550687,-0.0076,0.0313,0.9924,0.993
8.62308961,-0.0081,0.0327,0.9936,0.994
8.624162379,-0.0086,0.0325,0.9938,0.994
8.625154687,-0.0090,0.0322,0.9933,0.994
8.626662879,-0.0086,0.0320,0.9963,0.997
8.627940917,-0.0083,0.0318,0.9970,0.998
8.629201417,-0.0086,0.0308,0.9968,0.997
8.630346494,-0.0098,0.0313,0.9999,1.000
8.631486533,-0.0110,0.0318,1.0017,1.002
8.632510263,-0.0093,0.0313,1.0036,1.004
8.633425648,-0.0112,0.0315,1.0075,1.008
8.634732571,-0.0115,0.0313,1.0097,1.010
8.636886302,-0.0107,0.0322,1.0151,1.016
8.637948879,-0.0115,0.0320,1.0168,1.017
8.640063263,-0.0110,0.0318,1.0205,1.021
8.641685802,-0.0112,0.0303,1.0261,1.027
8.643806456,-0.0117,0.0298,1.0280,1.029
8.646082071,-0.0117,0.0293,1.0332,1.034
8.647854648,-0.0100,0.0300,1.0373,1.038
8.64963961,-0.0093,0.0296,1.0381,1.039
8.651703956,-0.0081,0.0296,1.0415,1.042
8.65356511,-0.0078,0.0281,1.0420,1.042
8.65569511,-0.0061,0.0279,1.0420,1.042
8.657638494,-0.0078,0.0266,1.0447,1.045
8.659795917,-0.0078,0.0259,1.0451,1.045
8.66308934,-0.0066,0.0257,1.0454,1.046
8.664239725,-0.0051,0.0257,1.0434,1.044
8.665439071,-0.0032,0.0264,1.0417,1.042
8.667636879,-0.0015,0.0252,1.0376,1.038
8.669639802,-0.0015,0.0244,1.0373,1.038
8.671579033,0.0005,0.0232,1.0334,1.034
8.673281417,0.0012,0.0217,1.0280,1.028
8.675703302,0.0032,0.0217,1.0246,1.025
8.677357533,0.0034,0.0232,1.0175,1.018
8.679918456,0.0027,0.0244,1.0087,1.009
8.681299225,0.0037,0.0244,1.0053,1.006
8.683420725,0.0059,0.0264,0.9965,0.997
8.685237802,0.0054,0.0266,0.9929,0.993
8.68743484,0.0054,0.0242,0.9838,0.984
8.689390302,0.0071,0.0261,0.9740,0.974
8.691824802,0.0071,0.0266,0.9687,0.969
8.693287994,0.0066,0.0269,0.9596,0.960
8.69658861,0.0049,0.0281,0.9521,0.952
8.697396994,0.0049,0.0279,0.9474,0.948
8.699485802,0.0049,0.0279,0.9381,0.939
8.701046879,0.0051,0.0296,0.9279,0.928
8.703322879,0.0051,0.0322,0.9249,0.926
8.704970379,0.0061,0.0330,0.9176,0.918
8.707132417,0.0059,0.0318,0.9139,0.915
8.709114456,0.0046,0.0303,0.9088,0.909
8.711028802,0.0024,0.0322,0.9071,0.908
8.71834334,0.0015,0.0325,0.9074,0.908
8.719950917,0.0020,0.0327,0.9076,0.908
8.720296879,0.0020,0.0330,0.9088,0.909
8.720566571,0.0005,0.0327,0.9093,0.910
8.72079811,-0.0017,0.0318,0.9161,0.917
8.723411494,-0.0020,0.0300,0.9193,0.920
8.72487611,-0.0032,0.0300,0.9264,0.927
8.726740917,-0.0054,0.0279,0.9315,0.932
8.732449533,-0.0059,0.0283,0.9354,0.936
8.732976994,-0.0064,0.0276,0.9494,0.950
8.733225802,-0.0061,0.0266,0.9545,0.955
8.73458384,-0.0081,0.0269,0.9633,0.964
8.73643334,-0.0105,0.0266,0.9723,0.973
8.738462225,-0.0122,0.0264,0.9792,0.980
8.740298225,-0.0137,0.0244,0.9912,0.992
8.742417571,-0.0137,0.0210,1.0024,1.003
8.744381725,-0.0154,0.0208,1.0070,1.007
8.746507686,-0.0188,0.0205,1.0168,1.017
8.749617917,-0.0203,0.0193,1.0234,1.024
8.750377033,-0.0195,0.0186,1.0356,1.036
8.752027225,-0.0193,0.0210,1.0398,1.040
8.754079379,-0.0208,0.0215,1.0429,1.043
8.755971225,-0.0239,0.0215,1.0508,1.051
8.758109802,-0.0232,0.0200,1.0591,1.060
8.760127648,-0.0225,0.0195,1.0610,1.061
8.763758071,-0.0242,0.0213,1.0625,1.063
8.764250379,-0.0257,0.0217,1.0657,1.066
8.766062302,-0.0293,0.0235,1.0723,1.073
8.76791084,-0.0288,0.0257,1.0725,1.073
8.769944494,-0.0296,0.0271,1.0710,1.072
8.771961379,-0.0315,0.0269,1.0681,1.069
8.77385661,-0.0344,0.0269,1.0671,1.068
8.775948648,-0.0340,0.0266,1.0635,1.064
8.777845686,-0.0352,0.0288,1.0542,1.055
8.779795379,-0.0391,0.0310,1.0461,1.047
8.783423148,-0.0398,0.0315,1.0434,1.045
8.784952186,-0.0371,0.0325,1.0349,1.036
8.785793225,-0.0362,0.0340,1.0290,1.030
8.787888571,-0.0371,0.0352,1.0195,1.021
8.789951302,-0.0386,0.0381,1.0180,1.019
8.791765225,-0.0388,0.0379,1.0158,1.017
8.794111879,-0.0364,0.0379,1.0068,1.008
8.802512071,-0.0381,0.0406,1.0014,1.003
8.803563033,-0.0381,0.0410,1.0002,1.002
8.804268379,-0.0386,0.0408,0.9975,0.999
8.804898148,-0.0376,0.0410,0.9951,0.997
8.805637725,-0.0362,0.0420,0.9885,0.990
8.806337994,-0.0369,0.0447,0.9858,0.987
8.807639033,-0.0384,0.0447,0.9868,0.989
8.809511763,-0.0374,0.0437,0.9885,0.990
8.81148784,-0.0374,0.0432,0.9875,0.989
8.816898725,-0.0381,0.0430,0.9843,0.986
8.818085609,-0.0386,0.0445,0.9848,0.987
8.818956994,-0.0386,0.0452,0.9858,0.988
8.819778533,-0.0386,0.0447,0.9875,0.989
8.821287571,-0.0381,0.0447,0.9853,0.987
8.823253263,-0.0386,0.0442,0.9848,0.987
8.825170456,-0.0403,0.0452,0.9882,0.990
8.827239148,-0.0401,0.0442,0.9899,0.992
8.830052956,-0.0391,0.0428,0.9931,0.995
8.831539917,-0.0381,0.0430,0.9909,0.993
8.833136071,-0.0384,0.0430,0.9909,0.993
8.835297802,-0.0379,0.0440,0.9970,0.999
8.837039648,-0.0352,0.0440,1.0002,1.002
8.839101302,-0.0342,0.0425,0.9992,1.001
8.841046571,-0.0318,0.0406,0.9980,0.999
8.843190417,-0.0320,0.0423,0.9997,1.001
8.845128686,-0.0322,0.0430,1.0009,1.002
8.848053109,-0.0308,0.0415,1.0002,1.002
8.849471379,-0.0308,0.0406,0.9990,1.000
8.851176956,-0.0305,0.0406,0.9965,0.998
8.852955956,-0.0308,0.0428,0.9968,0.998
8.854895225,-0.0308,0.0423,0.9980,0.999
8.856860609,-0.0303,0.0413,0.9963,0.998
8.858998148,-0.0296,0.0401,0.9936,0.995
8.860843186,-0.0313,0.0410,0.9924,0.994
8.863731879,-0.0303,0.0418,0.9948,0.996
8.865282456,-0.0298,0.0418,0.9970,0.998
8.86677734,-0.0254,0.0386,0.9968,0.998
8.868590109,-0.0271,0.0403,0.9914,0.993
8.870681956,-0.0286,0.0410,0.9912,0.992
8.872784225,-0.0266,0.0388,0.9955,0.997
8.874648802,-0.0227,0.0381,0.9955,0.997
8.876565725,-0.0217,0.0386,0.9941,0.995
8.880624917,-0.0213,0.0393,0.9924,0.993
8.882042533,-0.0215,0.0388,0.9958,0.997
8.883180763,-0.0191,0.0371,0.9985,0.999
8.88456884,-0.0173,0.0388,0.9916,0.993
8.886531456,-0.0183,0.0396,0.9902,0.991
8.888557571,-0.0193,0.0366,0.9970,0.998
8.890526879,-0.0156,0.0352,0.9995,1.000
8.892368917,-0.0156,0.0357,0.9963,0.997
8.894244686,-0.0181,0.0362,0.9943,0.995
8.897732879,-0.0186,0.0344,0.9977,0.999
8.899087571,-0.0159,0.0315,1.0021,1.003
8.900321456,-0.0125,0.0325,0.9977,0.998
8.902417456,-0.0132,0.0347,0.9970,0.998
8.904451417,-0.0147,0.0340,1.0014,1.002
8.90618784,-0.0125,0.0313,1.0048,1.005
8.908231994,-0.0115,0.0300,1.0019,1.002
8.910239263,-0.0144,0.0318,1.0031,1.004
8.920924263,-0.0154,0.0313,1.0085,1.009
8.922467456,-0.0142,0.0298,1.0134,1.014
8.923391148,-0.0169,0.0296,1.0078,1.008
8.924463456,-0.0178,0.0303,1.0063,1.007
8.925462494,-0.0186,0.0308,1.0141,1.015
8.926788648,-0.0173,0.0300,1.0170,1.018
8.927656917,-0.0186,0.0313,1.0156,1.016
8.928861802,-0.0205,0.0330,1.0173,1.018
8.929896071,-0.0208,0.0320,1.0195,1.020
8.930869379,-0.0183,0.0298,1.0214,1.022
8.935621648,-0.0186,0.0347,1.0141,1.015
8.936058917,-0.0208,0.0354,1.0146,1.015
8.936311456,-0.0210,0.0330,1.0202,1.021
8.93761484,-0.0188,0.0337,1.0178,1.019
8.93972084,-0.0198,0.0354,1.0144,1.015
8.941514879,-0.0195,0.0369,1.0114,1.012
8.943622109,-0.0183,0.0340,1.0114,1.012
8.946625956,-0.0186,0.0340,1.0065,1.007
8.947636186,-0.0191,0.0357,0.9958,0.997
8.949543263,-0.0186,0.0359,0.9951,0.996
8.951669109,-0.0161,0.0337,0.9977,0.998
8.953433879,-0.0129,0.0344,0.9904,0.991
8.955460956,-0.0132,0.0349,0.9865,0.987
8.957277879,-0.0144,0.0352,0.9863,0.987
8.959493379,-0.0139,0.0322,0.9875,0.988
8.961323609,-0.0110,0.0320,0.9846,0.985
8.963710109,-0.0090,0.0344,0.9816,0.982
8.965168956,-0.0093,0.0344,0.9841,0.985
8.967348417,-0.0073,0.0322,0.9890,0.990
8.969173494,-0.0056,0.0308,0.9872,0.988
8.971111071,-0.0051,0.0315,0.9858,0.986
8.972914456,-0.0059,0.0310,0.9912,0.992
8.975342032,-0.0027,0.0310,0.9987,0.999
8.977083686,-0.0017,0.0310,0.9992,1.000
8.980270263,-0.0012,0.0308,0.9973,0.998
8.980896032,-0.0017,0.0293,0.9980,0.998
8.983410571,-0.0002,0.0269,1.0039,1.004
8.984899109,-0.0015,0.0274,1.0034,1.004
8.987086532,-0.0015,0.0286,1.0012,1.002
8.988997763,-0.0022,0.0293,1.0034,1.004
8.991134071,0.0002,0.0293,1.0048,1.005
8.992952686,0.0017,0.0300,1.0056,1.006
8.994982109,-0.0005,0.0320,1.0031,1.004
9.005285263,-0.0020,0.0320,1.0048,1.005
9.006747532,-0.0012,0.0300,1.0083,1.009
9.007685917,-0.0015,0.0308,1.0031,1.004
9.008593994,-0.0022,0.0320,1.0019,1.002
9.009567802,-0.0037,0.0325,1.0058,1.006
9.010711455,-0.0042,0.0320,1.0063,1.007
9.011506379,-0.0042,0.0327,1.0014,1.002
9.012502417,-0.0086,0.0332,1.0007,1.001
9.013399994,-0.0100,0.0330,1.0034,1.004
9.024703686,-0.0107,0.0320,1.0053,1.006
9.026355263,-0.0134,0.0340,0.9997,1.000
9.027480879,-0.0151,0.0344,1.0007,1.001
9.028818302,-0.0166,0.0340,1.0065,1.007
9.030124879,-0.0164,0.0337,1.0043,1.005
9.031502379,-0.0169,0.0344,1.0012,1.002
9.032812686,-0.0178,0.0335,1.0039,1.005
9.033834879,-0.0173,0.0335,1.0078,1.008
9.034895917,-0.0200,0.0347,1.0078,1.009
9.035574263,-0.0200,0.0349,1.0083,1.009
9.036737109,-0.0198,0.0354,1.0117,1.012
9.037705725,-0.0181,0.0342,1.0151,1.016
9.039014725,-0.0181,0.0352,1.0124,1.013
9.041688109,-0.0186,0.0344,1.0134,1.014
9.043124148,-0.0169,0.0320,1.0200,1.021
9.044170186,-0.0164,0.0330,1.0197,1.020
9.046668917,-0.0169,0.0337,1.0168,1.018
9.050679955,-0.0149,0.0330,1.0224,1.023
9.051281994,-0.0132,0.0337,1.0232,1.024
9.051836532,-0.0134,0.0335,1.0183,1.019
9.053820455,-0.0112,0.0332,1.0188,1.019
9.055867455,-0.0090,0.0332,1.0205,1.021
9.057817225,-0.0076,0.0337,1.0153,1.016
9.059903532,-0.0073,0.0342,1.0126,1.013
9.061666994,-0.0059,0.0335,1.0109,1.012
9.063818763,-0.0054,0.0332,1.0061,1.007
9.065637994,-0.0051,0.0342,1.0021,1.003
9.067790955,-0.0044,0.0337,0.9977,0.998
9.069744994,-0.0015,0.0354,0.9929,0.993
9.071854071,0.0000,0.0371,0.9872,0.988
9.073726071,-0.0002,0.0388,0.9780,0.979
9.075676071,-0.0002,0.0386,0.9772,0.978
9.077488186,0.0000,0.0379,0.9738,0.975
9.080206648,-0.0034,0.0398,0.9640,0.965
9.081382032,-0.0037,0.0386,0.9621,0.963
9.083412455,-0.0039,0.0379,0.9591,0.960
9.085562032,-0.0039,0.0384,0.9565,0.957
9.087181455,-0.0064,0.0391,0.9508,0.952
9.089150994,-0.0066,0.0369,0.9518,0.953
9.091231109,-0.0076,0.0371,0.9513,0.952
9.093193417,-0.0095,0.0366,0.9469,0.948
9.09557784,-0.0125,0.0357,0.9501,0.951
9.098461802,-0.0127,0.0359,0.9543,0.955
9.09964534,-0.0132,0.0354,0.9550,0.956
9.101329494,-0.0154,0.0342,0.9584,0.959
9.103293225,-0.0156,0.0325,0.9618,0.963
9.105147032,-0.0142,0.0322,0.9670,0.968
9.107347725,-0.0147,0.0313,0.9689,0.970
9.10915984,-0.0166,0.0320,0.9767,0.977
9.111212032,-0.0164,0.0296,0.9848,0.985
9.113308917,-0.0166,0.0291,0.9865,0.987
9.121818417,-0.0183,0.0281,0.9933,0.994
9.123205032,-0.0183,0.0291,1.0024,1.003
9.124039186,-0.0176,0.0296,1.0053,1.006
9.124931994,-0.0186,0.0291,1.0112,1.012
9.125888532,-0.0186,0.0281,1.0168,1.017
9.126860186,-0.0161,0.0266,1.0256,1.026
9.127836302,-0.0164,0.0274,1.0276,1.028
9.129164302,-0.0156,0.0274,1.0295,1.030
9.135800148,-0.0159,0.0261,1.0371,1.038
9.137246994,-0.0147,0.0247,1.0366,1.037
9.138095263,-0.0151,0.0247,1.0359,1.036
9.139142609,-0.0149,0.0237,1.0388,1.039
9.140046532,-0.0137,0.0237,1.0400,1.040
9.141193532,-0.0144,0.0247,1.0361,1.036
9.142830109,-0.0147,0.0232,1.0339,1.034
9.144777878,-0.0137,0.0227,1.0354,1.036
9.147957725,-0.0122,0.0242,1.0324,1.033
9.149492648,-0.0125,0.0254,1.0258,1.026
9.150560532,-0.0122,0.0244,1.0251,1.025
9.152587917,-0.0139,0.0242,1.0227,1.023
9.154603686,-0.0147,0.0247,1.0188,1.019
9.156700455,-0.0149,0.0274,1.0119,1.012
9.158604378,-0.0144,0.0271,1.0122,1.013
9.160429571,-0.0137,0.0281,1.0112,1.012
9.162732763,-0.0151,0.0298,1.0007,1.001
9.16543584,-0.0144,0.0308,1.0007,1.001
9.166964109,-0.0125,0.0303,1.0012,1.002
9.168385148,-0.0134,0.0315,0.9933,0.994
9.170366571,-0.0147,0.0330,0.9882,0.989
9.172347802,-0.0144,0.0344,0.9892,0.990
9.174343609,-0.0147,0.0347,0.9877,0.988
9.176298878,-0.0149,0.0362,0.9836,0.984
9.178294802,-0.0171,0.0376,0.9804,0.981
9.181324802,-0.0169,0.0357,0.9809,0.982
9.182864725,-0.0156,0.0366,0.9789,0.980
9.184129186,-0.0173,0.0401,0.9692,0.970
9.186141109,-0.0176,0.0396,0.9672,0.968
9.188280148,-0.0161,0.0357,0.9706,0.971
9.190075378,-0.0149,0.0354,0.9672,0.968
9.192105455,-0.0156,0.0374,0.9633,0.964
9.193880763,-0.0186,0.0398,0.9645,0.966
9.195951955,-0.0147,0.0374,0.9675,0.968
9.19885784,-0.0149,0.0384,0.9660,0.967
9.200319917,-0.0178,0.0401,0.9626,0.964
9.201890378,-0.0195,0.0398,0.9640,0.965
9.203946878,-0.0198,0.0388,0.9721,0.973
9.205611378,-0.0200,0.0398,0.9716,0.973
9.207780802,-0.0210,0.0393,0.9726,0.974
9.209576455,-0.0208,0.0362,0.9819,0.983
9.211754532,-0.0198,0.0340,0.9860,0.987
9.221192301,-0.0198,0.0344,0.9868,0.988
9.222708648,-0.0213,0.0349,0.9902,0.991
9.223645494,-0.0213,0.0344,0.9953,0.996
9.224605494,-0.0186,0.0332,1.0053,1.006
9.225603301,-0.0181,0.0335,1.0061,1.007
9.234965878,-0.0183,0.0337,1.0075,1.008
9.235566994,-0.0166,0.0286,1.0170,1.018
9.235824994,-0.0156,0.0279,1.0214,1.022
9.236063955,-0.0154,0.0293,1.0210,1.021
9.236298917,-0.0154,0.0276,1.0227,1.023
9.236526455,-0.0149,0.0271,1.0266,1.027
9.236754186,-0.0115,0.0261,1.0307,1.031
9.237044532,-0.0103,0.0266,1.0244,1.025
9.238976186,-0.0112,0.0276,1.0227,1.023
9.241012955,-0.0112,0.0264,1.0256,1.026
9.243075686,-0.0090,0.0254,1.0244,1.025
9.244848648,-0.0088,0.0259,1.0134,1.014
9.247543494,-0.0095,0.0283,1.0063,1.007
9.249415071,-0.0100,0.0279,1.0046,1.005
9.251125186,-0.0100,0.0249,0.9965,0.997
9.253016186,-0.0117,0.0281,0.9794,0.980
9.254972148,-0.0149,0.0298,0.9723,0.973
9.256760994,-0.0169,0.0286,0.9679,0.969
9.258888032,-0.0151,0.0281,0.9660,0.967
9.260731955,-0.0134,0.0259,0.9545,0.955
9.262715032,-0.0149,0.0271,0.9428,0.943
9.264652994,-0.0154,0.0271,0.9418,0.942
9.267291532,-0.0134,0.0254,0.9442,0.945
9.268558417,-0.0125,0.0254,0.9398,0.940
9.271047378,-0.0144,0.0261,0.9374,0.938
9.27259734,-0.0186,0.0271,0.9428,0.943
9.275032148,-0.0173,0.0266,0.9489,0.949
9.276578225,-0.0147,0.0222,0.9557,0.956
9.278700994,-0.0142,0.0237,0.9626,0.963
9.28092884,-0.0154,0.0237,0.9687,0.969
9.282530648,-0.0159,0.0222,0.9838,0.984
9.284503609,-0.0127,0.0173,1.0007,1.001
9.286357263,-0.0115,0.0161,1.0065,1.007
9.288577955,-0.0110,0.0156,1.0185,1.019
9.291258878,-0.0120,0.0156,1.0276,1.028
9.292422878,-0.0125,0.0115,1.0505,1.051
9.294134109,-0.0098,0.0095,1.0622,1.062
9.297605225,-0.0098,0.0098,1.0671,1.067
9.299500801,-0.0110,0.0095,1.0798,1.080
9.300569455,-0.0095,0.0105,1.0947,1.095
9.302448532,-0.0081,0.0103,1.0999,1.100
9.304221301,-0.0066,0.0105,1.1016,1.102
9.306311994,-0.0081,0.0112,1.1004,1.100
9.308511917,-0.0100,0.0112,1.0986,1.099
9.310398878,-0.0068,0.0105,1.0908,1.091
9.312475648,-0.0044,0.0103,1.0835,1.084
9.322771032,-0.0039,0.0132,1.0630,1.063
9.324339917,-0.0059,0.0142,1.0442,1.044
9.325391801,-0.0059,0.0154,1.0361,1.036
9.326523032,-0.0037,0.0164,1.0151,1.015
9.327707032,-0.0037,0.0176,1.0034,1.004
9.329107917,-0.0068,0.0217,0.9865,0.987
9.33073134,-0.0132,0.0254,0.9723,0.973
9.332119263,-0.0144,0.0252,0.9677,0.968
9.333416455,-0.0107,0.0249,0.9565,0.957
9.334589571,-0.0137,0.0266,0.9445,0.945
9.335523571,-0.0159,0.0281,0.9408,0.941
9.336570724,-0.0164,0.0298,0.9391,0.940
9.346480571,-0.0166,0.0303,0.9408,0.941
9.348303148,-0.0147,0.0279,0.9447,0.945
9.349407109,-0.0144,0.0288,0.9491,0.950
9.350671417,-0.0159,0.0300,0.9513,0.952
9.351882186,-0.0156,0.0310,0.9604,0.961
9.352976724,-0.0134,0.0274,0.9662,0.967
9.354046494,-0.0132,0.0279,0.9694,0.970
9.354982801,-0.0144,0.0279,0.9743,0.975
9.355941301,-0.0139,0.0291,0.9787,0.979
9.356761263,-0.0129,0.0300,0.9892,0.990
9.357646686,-0.0117,0.0286,0.9953,0.996
9.359551417,-0.0117,0.0276,0.9968,0.997
9.361710224,-0.0127,0.0283,0.9990,0.999
9.365069301,-0.0156,0.0293,1.0058,1.006
9.366707648,-0.0154,0.0281,1.0080,1.009
9.367754455,-0.0127,0.0264,1.0136,1.014
9.369547417,-0.0122,0.0266,1.0153,1.016
9.371452801,-0.0139,0.0264,1.0158,1.016
9.37327334,-0.0159,0.0279,1.0207,1.021
9.37538534,-0.0156,0.0286,1.0234,1.024
9.379689186,-0.0139,0.0279,1.0246,1.025
9.380623455,-0.0144,0.0269,1.0249,1.025
9.381743148,-0.0156,0.0283,1.0236,1.024
9.383211071,-0.0176,0.0303,1.0251,1.026
9.385902224,-0.0154,0.0300,1.0273,1.028
9.38749234,-0.0139,0.0274,1.0276,1.028
9.389269994,-0.0112,0.0271,1.0219,1.022
9.391665455,-0.0115,0.0279,1.0197,1.020
9.393024609,-0.0132,0.0318,1.0168,1.017
9.394866801,-0.0120,0.0296,1.0151,1.016
9.398113378,-0.0107,0.0281,1.0117,1.012
9.399612724,-0.0066,0.0264,1.0068,1.007
9.401392186,-0.0068,0.0276,1.0046,1.005
9.403225032,-0.0120,0.0296,0.9987,0.999
9.404715032,-0.0132,0.0305,1.0009,1.001
9.406955263,-0.0117,0.0293,1.0002,1.001
9.409071763,-0.0083,0.0252,0.9965,0.997
9.410847917,-0.0068,0.0274,0.9907,0.991
9.421605263,-0.0071,0.0286,0.9894,0.990
9.422526109,-0.0098,0.0269,0.9914,0.992
9.422998955,-0.0103,0.0271,0.9909,0.991
9.423399724,-0.0093,0.0271,0.9882,0.989
9.423811186,-0.0093,0.0264,0.9860,0.986
9.424215878,-0.0098,0.0252,0.9855,0.986
9.424644878,-0.0117,0.0274,0.9863,0.987
9.426730224,-0.0134,0.0274,0.9872,0.988
9.428408763,-0.0117,0.0271,0.9872,0.988
9.436001994,-0.0122,0.0266,0.9877,0.988
9.436579224,-0.0115,0.0259,0.9863,0.987
9.436886686,-0.0122,0.0264,0.9875,0.988
9.437171186,-0.0149,0.0279,0.9912,0.992
9.438219301,-0.0151,0.0281,0.9931,0.994
9.440160455,-0.0139,0.0271,0.9963,0.997
9.442162032,-0.0149,0.0247,0.9980,0.998
9.444591417,-0.0144,0.0230,0.9973,0.998
9.446079224,-0.0149,0.0227,0.9995,1.000
9.448415686,-0.0164,0.0232,1.0017,1.002
9.450330147,-0.0166,0.0235,1.0029,1.003
9.452108455,-0.0151,0.0232,1.0043,1.005
9.453960763,-0.0147,0.0222,1.0048,1.005
9.456079955,-0.0139,0.0217,1.0065,1.007
9.458083186,-0.0164,0.0225,1.0063,1.007
9.459907263,-0.0159,0.0225,1.0070,1.007
9.461725955,-0.0147,0.0220,1.0092,1.010
9.464565609,-0.0127,0.0188,1.0092,1.009
9.466725686,-0.0127,0.0191,1.0097,1.010
9.468668301,-0.0115,0.0193,1.0102,1.010
9.469837801,-0.0105,0.0183,1.0095,1.010
9.471861494,-0.0105,0.0186,1.0087,1.009
9.473598071,-0.0100,0.0198,1.0058,1.006
9.47580134,-0.0100,0.0195,1.0048,1.005
9.477511647,-0.0076,0.0200,1.0058,1.006
9.479945532,-0.0078,0.0200,1.0048,1.005
9.48249934,-0.0081,0.0205,1.0031,1.003
9.483835186,-0.0083,0.0186,0.9982,0.998
9.485593301,-0.0083,0.0181,0.9975,0.998
9.487750224,-0.0073,0.0178,0.9982,0.998
9.489534186,-0.0073,0.0178,0.9977,0.998
9.491533186,-0.0081,0.0169,0.9982,0.998
9.493502532,-0.0086,0.0173,0.9980,0.998
9.495581955,-0.0095,0.0178,0.9985,0.999
9.498347032,-0.0090,0.0188,0.9997,1.000
9.499816647,-0.0088,0.0193,0.9995,1.000
9.501459032,-0.0098,0.0193,0.9999,1.000
9.503444071,-0.0115,0.0200,1.0034,1.004
9.505282071,-0.0129,0.0203,1.0041,1.004
9.507414378,-0.0110,0.0198,1.0041,1.004
9.509040109,-0.0115,0.0208,1.0061,1.006
9.51125134,-0.0144,0.0200,1.0061,1.006
9.521645071,-0.0142,0.0186,1.0063,1.007
9.523160378,-0.0154,0.0191,1.0061,1.006
9.524013878,-0.0147,0.0188,1.0065,1.007
9.524907071,-0.0151,0.0193,1.0068,1.007
9.525936147,-0.0154,0.0186,1.0070,1.007
9.527149263,-0.0151,0.0191,1.0065,1.007
9.528307532,-0.0156,0.0191,1.0065,1.007
9.529482647,-0.0176,0.0198,1.0053,1.006
9.530723147,-0.0178,0.0195,1.0051,1.005
9.531083455,-0.0176,0.0203,1.0039,1.004
9.534933609,-0.0176,0.0203,1.0041,1.004
9.535412724,-0.0176,0.0210,1.0039,1.004
9.536840994,-0.0191,0.0198,1.0034,1.004
9.538973686,-0.0198,0.0198,1.0029,1.003
9.541053186,-0.0181,0.0208,1.0043,1.005
9.542936878,-0.0173,0.0227,1.0039,1.004
9.544955109,-0.0171,0.0217,1.0043,1.005
9.547923147,-0.0188,0.0217,1.0036,1.004
9.549177609,-0.0198,0.0213,1.0034,1.004
9.550767263,-0.0205,0.0213,1.0024,1.003
9.554088686,-0.0183,0.0208,1.0009,1.001
9.554425763,-0.0178,0.0203,0.9999,1.000
9.55650934,-0.0169,0.0215,0.9995,1.000
9.55857207,-0.0159,0.0222,0.9968,0.997
9.560592647,-0.0151,0.0227,0.9941,0.994
9.562356724,-0.0154,0.0220,0.9916,0.992
9.564673724,-0.0154,0.0215,0.9909,0.991
9.566591878,-0.0144,0.0205,0.9899,0.990
9.568569955,-0.0147,0.0210,0.9865,0.987
9.570463186,-0.0149,0.0222,0.9858,0.986
9.572697609,-0.0169,0.0215,0.9846,0.985
9.574362224,-0.0176,0.0217,0.9838,0.984
9.576354917,-0.0161,0.0217,0.9863,0.987
9.578342686,-0.0161,0.0210,0.9882,0.989
9.581490032,-0.0178,0.0203,0.9892,0.990
9.583728532,-0.0181,0.0217,0.9924,0.993
9.584583763,-0.0178,0.0208,0.9960,0.996
9.58691734,-0.0193,0.0198,0.9982,0.999
9.588456686,-0.0178,0.0198,1.0009,1.001
9.590482032,-0.0173,0.0181,1.0043,1.005
9.592305994,-0.0176,0.0181,1.0061,1.006
9.594121763,-0.0176,0.0169,1.0100,1.010
9.596245917,-0.0156,0.0169,1.0102,1.010
9.598637263,-0.0144,0.0181,1.0097,1.010
9.600404301,-0.0154,0.0166,1.0109,1.011
9.602128494,-0.0161,0.0171,1.0114,1.012
9.604182224,-0.0151,0.0161,1.0109,1.011
9.606357109,-0.0139,0.0173,1.0095,1.010
9.608048801,-0.0139,0.0183,1.0090,1.009
9.609835647,-0.0134,0.0183,1.0063,1.007
9.611801186,-0.0149,0.0181,1.0021,1.002
9.621935301,-0.0151,0.0200,1.0007,1.001
9.623346032,-0.0151,0.0205,0.9965,0.997
9.624283917,-0.0164,0.0205,0.9948,0.995
9.625078686,-0.0176,0.0227,0.9919,0.992
9.626052686,-0.0188,0.0242,0.9875,0.988
9.627123647,-0.0198,0.0239,0.9853,0.986
9.628304186,-0.0191,0.0252,0.9838,0.984
9.62944707,-0.0200,0.0276,0.9804,0.981
9.630732994,-0.0205,0.0269,0.9794,0.980
9.634240147,-0.0191,0.0254,0.9797,0.980
9.63479484,-0.0183,0.0269,0.9804,0.981
9.63536807,-0.0195,0.0291,0.9821,0.983
9.637390647,-0.0188,0.0298,0.9838,0.984
9.639516763,-0.0193,0.0300,0.9843,0.985
9.641390801,-0.0166,0.0283,0.9870,0.988
9.643465686,-0.0147,0.0274,0.9877,0.988
9.64531807,-0.0149,0.0271,0.9921,0.993
9.648271301,-0.0134,0.0259,0.9960,0.996
9.649264147,-0.0134,0.0249,0.9975,0.998
9.651385878,-0.0125,0.0261,1.0036,1.004
9.653366224,-0.0105,0.0247,1.0095,1.010
9.655340917,-0.0095,0.0244,1.0119,1.012
9.657036955,-0.0090,0.0230,1.0183,1.019
9.65912384,-0.0090,0.0230,1.0202,1.021
9.661132917,-0.0088,0.0213,1.0258,1.026
9.663160263,-0.0083,0.0205,1.0293,1.030
9.665116532,-0.0090,0.0193,1.0315,1.032
9.667131147,-0.0086,0.0208,1.0344,1.035
9.669752878,-0.0076,0.0193,1.0381,1.038
9.671352878,-0.0073,0.0181,1.0398,1.040
9.672908109,-0.0086,0.0171,1.0400,1.040
9.674938955,-0.0095,0.0171,1.0398,1.040
9.676917032,-0.0081,0.0176,1.0378,1.038
9.679085647,-0.0081,0.0195,1.0334,1.034
9.681808417,-0.0073,0.0193,1.0302,1.030
9.682993455,-0.0081,0.0193,1.0249,1.025
9.68545934,-0.0071,0.0188,1.0166,1.017
9.687283609,-0.0071,0.0188,1.0117,1.012
9.688768724,-0.0095,0.0181,1.0039,1.004
9.690786609,-0.0112,0.0186,0.9982,0.998
9.692954532,-0.0127,0.0203,0.9951,0.995
9.694833647,-0.0132,0.0210,0.9880,0.988
9.696675493,-0.0132,0.0195,0.9855,0.986
9.698622647,-0.0142,0.0200,0.9789,0.979
9.701587301,-0.0154,0.0178,0.9755,0.976
9.70268707,-0.0147,0.0176,0.9758,0.976
9.704609801,-0.0151,0.0178,0.9740,0.974
9.70663057,-0.0154,0.0178,0.9733,0.974
9.708512109,-0.0161,0.0166,0.9736,0.974
9.710656878,-0.0164,0.0173,0.9760,0.976
9.712495147,-0.0164,0.0171,0.9777,0.978
9.722896032,-0.0161,0.0159,0.9799,0.980
9.724272993,-0.0161,0.0154,0.9828,0.983
9.725088609,-0.0169,0.0159,0.9838,0.984
9.725886955,-0.0166,0.0161,0.9868,0.987
9.726924493,-0.0166,0.0144,0.9921,0.992
9.728246763,-0.0171,0.0156,0.9933,0.994
9.729111109,-0.0183,0.0149,0.9970,0.997
9.73016407,-0.0195,0.0151,1.0004,1.001
9.741103147,-0.0188,0.0156,1.0014,1.002
9.741733301,-0.0186,0.0154,1.0029,1.003
9.741995263,-0.0183,0.0159,1.0043,1.005
9.742233878,-0.0198,0.0176,1.0053,1.006
9.742537724,-0.0205,0.0154,1.0063,1.007
9.74279207,-0.0213,0.0149,1.0056,1.006
9.743024455,-0.0213,0.0183,1.0065,1.007
9.744003186,-0.0222,0.0171,1.0065,1.007
9.745923878,-0.0225,0.0183,1.0056,1.006
9.751905686,-0.0222,0.0193,1.0029,1.003
9.752579301,-0.0217,0.0203,1.0019,1.002
9.75288607,-0.0215,0.0213,0.9995,1.000
9.753836801,-0.0210,0.0210,0.9970,0.997
9.755932147,-0.0208,0.0215,0.9960,0.996
9.757730647,-0.0181,0.0225,0.9943,0.995
9.759663763,-0.0169,0.0227,0.9931,0.994
9.761639493,-0.0154,0.0227,0.9921,0.993
9.764023609,-0.0122,0.0232,0.9904,0.991
9.766117532,-0.0107,0.0242,0.9897,0.990
9.76768434,-0.0078,0.0235,0.9897,0.990
9.76973407,-0.0066,0.0217,0.9916,0.992
9.771749493,-0.0073,0.0220,0.9941,0.994
9.773489224,-0.0042,0.0215,0.9987,0.999
9.775554263,-0.0034,0.0213,1.0009,1.001
9.777392955,-0.0022,0.0195,1.0051,1.005
9.77955234,-0.0010,0.0210,1.0105,1.011
9.782032647,-0.0010,0.0213,1.0126,1.013
9.78404384,-0.0012,0.0210,1.0188,1.019
9.785140263,-0.0012,0.0213,1.0219,1.022
9.787603686,-0.0012,0.0227,1.0227,1.023
9.789226955,-0.0007,0.0227,1.0266,1.027
9.791387186,-0.0027,0.0227,1.0283,1.029
9.793235993,-0.0042,0.0220,1.0310,1.031
9.795304993,-0.0056,0.0217,1.0307,1.031
9.797372724,-0.0056,0.0210,1.0305,1.031
9.803436186,-0.0071,0.0213,1.0266,1.027
9.804359186,-0.0103,0.0239,1.0222,1.023
9.804876609,-0.0100,0.0254,1.0180,1.018
9.805310801,-0.0110,0.0254,1.0139,1.014
9.810007263,-0.0103,0.0259,1.0075,1.008
9.810789916,-0.0103,0.0279,1.0041,1.005
9.811354186,-0.0117,0.0283,0.9982,0.999
9.81335757,-0.0117,0.0288,0.9958,0.996
9.818220301,-0.0110,0.0305,0.9909,0.991
9.819230224,-0.0117,0.0320,0.9880,0.989
9.819745724,-0.0117,0.0325,0.9872,0.988
9.821233032,-0.0088,0.0320,0.9870,0.988
9.82326934,-0.0086,0.0313,0.9872,0.988
9.825568416,-0.0076,0.0310,0.9875,0.988
9.827219416,-0.0046,0.0298,0.9912,0.992
9.828932878,-0.0032,0.0298,0.9926,0.993
9.83355507,0.0010,0.0286,0.9938,0.994
9.834549032,0.0029,0.0286,0.9936,0.994
9.834895609,0.0039,0.0281,0.9912,0.992
9.837016878,0.0054,0.0269,0.9887,0.989
9.838901955,0.0081,0.0271,0.9872,0.988
9.840863109,0.0088,0.0286,0.9865,0.987
9.84279757,0.0093,0.0300,0.9806,0.981
9.844672109,0.0100,0.0305,0.9789,0.979
9.846763993,0.0112,0.0315,0.9767,0.977
9.849054724,0.0095,0.0322,0.9736,0.974
9.851307186,0.0083,0.0337,0.9726,0.973
9.852616301,0.0088,0.0342,0.9738,0.974
9.854775955,0.0107,0.0349,0.9740,0.975
9.856645763,0.0105,0.0347,0.9750,0.976
9.858574455,0.0105,0.0332,0.9753,0.976
9.860679186,0.0105,0.0332,0.9743,0.975
9.862202109,0.0112,0.0362,0.9743,0.975
9.864626724,0.0086,0.0337,0.9772,0.978
9.866850993,0.0083,0.0320,0.9789,0.979
9.868426532,0.0039,0.0286,0.9821,0.983
9.870366916,0.0000,0.0276,0.9890,0.989
9.872204647,-0.0017,0.0269,0.9914,0.992
9.874085878,-0.0032,0.0261,1.0004,1.001
9.876098493,-0.0039,0.0252,1.0048,1.005
9.877909647,-0.0049,0.0239,1.0131,1.013
9.880077109,-0.0051,0.0232,1.0214,1.022
9.882665301,-0.0059,0.0215,1.0251,1.025
9.883785186,-0.0061,0.0203,1.0324,1.033
9.886504109,-0.0061,0.0193,1.0378,1.038
9.887846724,-0.0044,0.0198,1.0403,1.040
9.889754493,-0.0034,0.0178,1.0447,1.045
9.891825609,-0.0027,0.0164,1.0456,1.046
9.893775993,0.0002,0.0171,1.0483,1.048
9.895889224,0.0010,0.0159,1.0503,1.050
9.901544263,-0.0002,0.0161,1.0520,1.052
9.902093339,0.0022,0.0154,1.0559,1.056
9.902400916,0.0056,0.0149,1.0578,1.058
9.910369532,0.0061,0.0147,1.0610,1.061
9.910645532,0.0068,0.0129,1.0676,1.068
9.910865801,0.0068,0.0129,1.0708,1.071
9.911081801,0.0061,0.0137,1.0764,1.077
9.911572147,0.0068,0.0129,1.0801,1.080
9.913847186,0.0076,0.0122,1.0808,1.081
9.915676263,0.0090,0.0127,1.0825,1.083
9.917781724,0.0095,0.0125,1.0835,1.084
9.919724109,0.0107,0.0117,1.0837,1.084
9.921360147,0.0110,0.0103,1.0833,1.083
9.923585647,0.0120,0.0103,1.0818,1.082
9.925579609,0.0137,0.0095,1.0749,1.075
9.927504109,0.0164,0.0115,1.0654,1.066
9.929326801,0.0171,0.0122,1.0608,1.061
9.932197839,0.0178,0.0129,1.0505,1.051
9.933358878,0.0171,0.0151,1.0337,1.034
9.935418455,0.0169,0.0164,1.0268,1.027
9.937218416,0.0169,0.0159,1.0146,1.015
9.939223339,0.0159,0.0159,1.0085,1.009
9.941182916,0.0134,0.0154,0.9953,0.996
9.943078186,0.0100,0.0166,0.9831,0.983
9.945053724,0.0086,0.0166,0.9782,0.978
9.947390455,0.0054,0.0176,0.9697,0.970
9.95059257,0.0049,0.0178,0.9626,0.963
9.951756955,0.0059,0.0171,0.9579,0.958
9.954125455,0.0056,0.0195,0.9518,0.952
9.955055532,0.0051,0.0183,0.9486,0.949
9.956966609,0.0046,0.0161,0.9474,0.948
9.95899557,0.0039,0.0125,0.9486,0.949
9.960947686,0.0027,0.0107,0.9491,0.949
9.962860916,0.0020,0.0098,0.9526,0.953
9.966678339,0.0017,0.0061,0.9618,0.962
9.967972339,0.0024,0.0042,0.9679,0.968
9.970139724,0.0037,0.0000,0.9802,0.980
9.971667993,0.0044,-0.0024,0.9860,0.986
9.972716801,0.0039,-0.0076,0.9980,0.998
9.974671455,0.0046,-0.0100,1.0046,1.005
9.976598416,0.0054,-0.0117,1.0085,1.009
9.978597224,0.0051,-0.0154,1.0185,1.019
9.983094686,0.0061,-0.0198,1.0229,1.023
9.984777647,0.0066,-0.0213,1.0244,1.025
9.986364609,0.0061,-0.0257,1.0222,1.023
9.987279993,0.0061,-0.0261,1.0224,1.023
9.988491416,0.0064,-0.0296,1.0185,1.019
9.990392301,0.0049,-0.0288,1.0100,1.010
9.992542493,0.0046,-0.0283,1.0043,1.005
9.994343647,0.0005,-0.0300,0.9948,0.995
9.996416186,-0.0017,-0.0283,0.9853,0.986
9.999671147,-0.0037,-0.0266,0.9806,0.981
10.00131407,-0.0095,-0.0247,0.9743,0.975
10.003551032,-0.0120,-0.0235,0.9728,0.973
10.004967724,-0.0149,-0.0200,0.9745,0.975
10.006089801,-0.0205,-0.0166,0.9794,0.980
10.008468262,-0.0235,-0.0156,0.9833,0.984
10.009998878,-0.0283,-0.0117,0.9936,0.994
10.01211557,-0.0300,-0.0105,0.9992,1.000
10.013960186,-0.0335,-0.0076,1.0124,1.013
10.023496455,-0.0359,-0.0064,1.0214,1.022
10.024963224,-0.0369,-0.0049,1.0268,1.027
10.026088878,-0.0384,-0.0015,1.0346,1.035
10.02712407,-0.0408,0.0007,1.0461,1.047
10.028233378,-0.0415,0.0012,1.0488,1.050
10.029350532,-0.0440,0.0051,1.0530,1.054
10.030581493,-0.0469,0.0061,1.0547,1.056
10.031859147,-0.0486,0.0071,1.0581,1.059
10.033077378,-0.0496,0.0076,1.0586,1.060
10.034179339,-0.0501,0.0076,1.0581,1.059
10.037593878,-0.0503,0.0071,1.0559,1.057
10.038605301,-0.0496,0.0064,1.0491,1.050
10.039620147,-0.0489,0.0059,1.0442,1.045
10.041518493,-0.0459,0.0027,1.0339,1.035
10.043603339,-0.0406,0.0022,1.0224,1.023
10.045454916,-0.0376,0.0022,1.0156,1.016
10.047713724,-0.0337,0.0012,1.0034,1.004
10.049257609,-0.0303,0.0015,0.9992,1.000
10.051504916,-0.0244,0.0012,0.9870,0.987
10.053323147,-0.0193,0.0007,0.9711,0.971
10.055523993,-0.0159,0.0012,0.9633,0.963
10.057277301,-0.0081,0.0005,0.9484,0.948
10.059558224,-0.0037,0.0015,0.9354,0.935
10.061306032,-0.0007,0.0044,0.9284,0.928
10.063430762,0.0017,0.0059,0.9132,0.913
10.065686186,0.0037,0.0071,0.9081,0.908
10.07547307,0.0049,0.0059,0.8993,0.899
10.076368378,0.0064,0.0083,0.8959,0.896
10.077130955,0.0056,0.0088,0.8971,0.897
10.077793647,0.0010,0.0081,0.9052,0.905
10.078596147,-0.0007,0.0076,0.9186,0.919
10.079928801,-0.0022,0.0073,0.9279,0.928
10.080781685,-0.0071,0.0056,0.9501,0.950
10.093872147,-0.0090,0.0056,0.9623,0.962
10.095046378,-0.0115,0.0049,0.9870,0.987
10.095792955,-0.0134,0.0027,1.0080,1.008
10.096403416,-0.0134,0.0012,1.0175,1.018
10.097321609,-0.0134,0.0000,1.0385,1.039
10.098346301,-0.0139,-0.0005,1.0473,1.047
10.099741532,-0.0164,-0.0012,1.0644,1.065
10.100859493,-0.0164,-0.0007,1.0818,1.082
10.101595455,-0.0166,-0.0010,1.0896,1.090
10.102377147,-0.0186,0.0005,1.1038,1.104
10.103334839,-0.0203,0.0024,1.1123,1.113
10.104089301,-0.0208,0.0027,1.1150,1.115
10.105058378,-0.0213,0.0034,1.1160,1.116
10.113358916,-0.0215,0.0051,1.1140,1.114
10.114936301,-0.0239,0.0071,1.1043,1.105
10.116090301,-0.0257,0.0083,1.0891,1.089
10.11714357,-0.0264,0.0076,1.0793,1.080
10.118200378,-0.0261,0.0068,1.0561,1.056
10.119412339,-0.0261,0.0090,1.0312,1.032
10.120582147,-0.0261,0.0095,1.0190,1.019
10.121384147,-0.0271,0.0132,0.9982,0.999
10.122635416,-0.0266,0.0144,0.9814,0.982
10.128414647,-0.0266,0.0147,0.9748,0.975
10.128824916,-0.0291,0.0161,0.9672,0.968
10.129573878,-0.0305,0.0188,0.9645,0.965
10.130161878,-0.0318,0.0217,0.9591,0.960
10.136058993,-0.0337,0.0230,0.9584,0.959
10.136477493,-0.0335,0.0239,0.9589,0.960
10.136721532,-0.0318,0.0225,0.9613,0.962
10.13801707,-0.0298,0.0225,0.9635,0.964
10.140062301,-0.0276,0.0242,0.9657,0.966
10.142013647,-0.0252,0.0244,0.9689,0.970
10.143979801,-0.0235,0.0254,0.9704,0.971
10.145857801,-0.0200,0.0271,0.9740,0.975
10.147843378,-0.0178,0.0291,0.9770,0.978
10.149841185,-0.0169,0.0293,0.9777,0.978
10.151842185,-0.0171,0.0308,0.9802,0.981
10.153761416,-0.0173,0.0310,0.9828,0.983
10.155939416,-0.0181,0.0320,0.9843,0.985
10.157953762,-0.0198,0.0335,0.9850,0.986
10.159834301,-0.0210,0.0327,0.9865,0.987
10.16265057,-0.0230,0.0322,0.9894,0.990
10.163426878,-0.0261,0.0320,0.9902,0.991
10.165775955,-0.0266,0.0315,0.9902,0.991
10.167565109,-0.0271,0.0325,0.9880,0.989
10.169459493,-0.0259,0.0332,0.9882,0.989
10.171429762,-0.0269,0.0330,0.9890,0.990
10.173377147,-0.0283,0.0313,0.9877,0.989
10.175326224,-0.0281,0.0308,0.9892,0.990
10.177292685,-0.0291,0.0305,0.9916,0.993
10.179218185,-0.0308,0.0293,0.9919,0.993
10.183301532,-0.0325,0.0274,0.9914,0.992
10.184501378,-0.0352,0.0252,0.9909,0.992
10.185140416,-0.0362,0.0259,0.9902,0.991
10.187197378,-0.0376,0.0254,0.9907,0.992
10.189142839,-0.0381,0.0244,0.9892,0.990
10.191111647,-0.0391,0.0235,0.9885,0.990
10.193107724,-0.0406,0.0230,0.9885,0.990
10.195271955,-0.0386,0.0222,0.9907,0.992
10.197118416,-0.0401,0.0205,0.9912,0.992
10.200268493,-0.0423,0.0200,0.9890,0.990
10.201026493,-0.0418,0.0193,0.9885,0.990
10.202957724,-0.0406,0.0195,0.9882,0.989
10.204991032,-0.0401,0.0178,0.9882,0.989
10.207146647,-0.0388,0.0183,0.9897,0.991
10.208935224,-0.0379,0.0173,0.9899,0.991
10.210963647,-0.0354,0.0144,0.9907,0.991
10.212987455,-0.0352,0.0137,0.9912,0.992
10.21879257,-0.0364,0.0115,0.9933,0.994
10.219410724,-0.0362,0.0103,0.9938,0.995
10.220147724,-0.0349,0.0093,0.9951,0.996
10.22088157,-0.0344,0.0083,0.9946,0.995
10.222969224,-0.0340,0.0078,0.9941,0.995
10.224831647,-0.0335,0.0066,0.9916,0.992
10.226589185,-0.0337,0.0061,0.9909,0.991
10.228704724,-0.0318,0.0056,0.9875,0.988
10.230571724,-0.0296,0.0066,0.9836,0.984
10.232788532,-0.0274,0.0059,0.9846,0.985
10.234586301,-0.0264,0.0059,0.9850,0.985
10.236454839,-0.0286,0.0073,0.9848,0.985
10.238333455,-0.0279,0.0068,0.9838,0.984
10.240241647,-0.0274,0.0061,0.9860,0.986
10.242164339,-0.0264,0.0066,0.9870,0.987
10.244293916,-0.0232,0.0068,0.9914,0.992
10.246201801,-0.0239,0.0073,0.9909,0.991
10.249087339,-0.0242,0.0073,0.9926,0.993
10.250229878,-0.0252,0.0056,0.9968,0.997
10.252361339,-0.0249,0.0046,0.9992,1.000
10.254311955,-0.0247,0.0046,0.9992,1.000
10.256141608,-0.0264,0.0046,1.0021,1.003
10.258131532,-0.0269,0.0037,1.0039,1.004
10.26042307,-0.0271,0.0037,1.0046,1.005
10.262152185,-0.0281,0.0032,1.0026,1.003
10.263932185,-0.0296,0.0022,1.0012,1.002
10.265906839,-0.0305,0.0029,1.0009,1.001
10.268299301,-0.0308,0.0037,0.9992,1.000
10.269944801,-0.0305,0.0044,0.9985,0.999
10.272227608,-0.0320,0.0027,0.9975,0.998
10.273772801,-0.0327,0.0020,0.9975,0.998
10.275825301,-0.0344,0.0039,0.9982,0.999
10.277753493,-0.0342,0.0046,0.9970,0.998
10.279966647,-0.0340,0.0044,0.9963,0.997
10.283114608,-0.0335,0.0032,0.9975,0.998
10.284403608,-0.0332,0.0032,0.9980,0.999
10.285809032,-0.0330,0.0024,0.9975,0.998
10.287654262,-0.0337,0.0022,0.9980,0.999
10.289447878,-0.0337,0.0017,0.9975,0.998
10.291953878,-0.0325,0.0007,0.9970,0.998
10.293505339,-0.0347,0.0012,0.9985,0.999
10.295669185,-0.0347,0.0005,0.9982,0.999
10.297401647,-0.0327,0.0000,0.9992,1.000
10.299614608,-0.0347,-0.0010,0.9992,1.000
10.301526147,-0.0344,-0.0012,0.9987,0.999
10.303680416,-0.0340,-0.0007,0.9977,0.998
10.305342224,-0.0342,0.0000,0.9963,0.997
10.307652531,-0.0340,-0.0002,0.9953,0.996
10.309235224,-0.0366,0.0005,0.9921,0.993
10.311420339,-0.0371,0.0002,0.9902,0.991
10.313379955,-0.0359,-0.0002,0.9919,0.993
10.322553762,-0.0369,-0.0005,0.9904,0.991
10.323603916,-0.0369,-0.0002,0.9885,0.989
10.324304993,-0.0359,0.0007,0.9877,0.988
10.324921685,-0.0369,0.0017,0.9855,0.986
10.325577608,-0.0366,0.0027,0.9843,0.985
10.326321878,-0.0371,0.0039,0.9833,0.984
10.327405455,-0.0371,0.0051,0.9821,0.983
10.329247493,-0.0371,0.0059,0.9814,0.982
10.331457762,-0.0354,0.0061,0.9787,0.979
10.336702031,-0.0354,0.0064,0.9789,0.980
10.337744993,-0.0357,0.0059,0.9784,0.979
10.338565762,-0.0362,0.0073,0.9765,0.977
10.342474301,-0.0357,0.0073,0.9755,0.976
10.343264993,-0.0342,0.0088,0.9714,0.972
10.344011339,-0.0335,0.0095,0.9701,0.971
10.344831724,-0.0342,0.0129,0.9679,0.969
10.347049339,-0.0332,0.0159,0.9648,0.965
10.349881762,-0.0337,0.0173,0.9640,0.965
10.351302955,-0.0342,0.0181,0.9645,0.965
10.353000724,-0.0332,0.0186,0.9643,0.965
10.354978031,-0.0335,0.0191,0.9633,0.964
10.356778224,-0.0332,0.0222,0.9643,0.965
10.358818224,-0.0318,0.0242,0.9653,0.966
10.360662185,-0.0305,0.0252,0.9670,0.968
10.362959108,-0.0305,0.0257,0.9697,0.970
10.364990608,-0.0313,0.0252,0.9704,0.971
10.368642416,-0.0288,0.0271,0.9728,0.974
10.369998916,-0.0271,0.0291,0.9767,0.978
10.371218916,-0.0264,0.0296,0.9784,0.979
10.372834724,-0.0222,0.0313,0.9816,0.982
10.374653608,-0.0205,0.0325,0.9819,0.983
10.376434455,-0.0191,0.0320,0.9860,0.987
10.378564455,-0.0159,0.0325,0.9912,0.992
10.380509878,-0.0144,0.0330,0.9924,0.993
10.383084262,-0.0095,0.0340,0.9975,0.998
10.386006185,-0.0083,0.0347,0.9990,1.000
10.387510762,-0.0081,0.0362,1.0014,1.002
10.388615801,-0.0059,0.0347,1.0036,1.004
10.390485685,-0.0046,0.0347,1.0041,1.005
10.392406724,-0.0061,0.0335,1.0048,1.005
10.394216801,-0.0032,0.0322,1.0034,1.004
10.396179839,-0.0029,0.0320,1.0017,1.002
10.398371493,-0.0034,0.0318,0.9960,0.997
10.401099916,-0.0032,0.0308,0.9943,0.995
10.403299762,-0.0029,0.0313,0.9902,0.991
10.404466608,-0.0027,0.0286,0.9855,0.986
10.405921724,-0.0029,0.0279,0.9819,0.982
10.407905262,-0.0044,0.0279,0.9770,0.977
10.409948685,-0.0039,0.0266,0.9743,0.975
10.412016647,-0.0032,0.0264,0.9731,0.973
10.414013454,-0.0044,0.0257,0.9726,0.973
10.425011454,-0.0029,0.0249,0.9738,0.974
10.426615608,-0.0015,0.0247,0.9753,0.976
10.427568839,-0.0007,0.0254,0.9772,0.978
10.428657685,0.0000,0.0259,0.9794,0.980
10.42966307,0.0022,0.0239,0.9843,0.985
10.430933647,0.0061,0.0220,0.9926,0.993
10.432183108,0.0076,0.0222,0.9968,0.997
10.433325608,0.0103,0.0222,1.0043,1.005
10.434888954,0.0086,0.0220,1.0085,1.009
10.436172724,0.0078,0.0198,1.0166,1.017
10.437173185,0.0073,0.0193,1.0256,1.026
10.43838957,0.0076,0.0191,1.0285,1.029
10.440163185,0.0054,0.0181,1.0366,1.037
10.441387301,0.0027,0.0171,1.0427,1.043
10.443558916,0.0007,0.0176,1.0459,1.046
10.445381762,-0.0027,0.0178,1.0508,1.051
10.447494762,-0.0044,0.0191,1.0552,1.055
10.449590108,-0.0059,0.0198,1.0559,1.056
10.451738454,-0.0064,0.0222,1.0561,1.056
10.453362647,-0.0061,0.0239,1.0556,1.056
10.455348993,-0.0076,0.0264,1.0552,1.056
10.457278262,-0.0081,0.0276,1.0508,1.051
10.459253801,-0.0078,0.0274,1.0476,1.048
10.46117457,-0.0098,0.0286,1.0449,1.045
10.463062647,-0.0088,0.0308,1.0415,1.042
10.465174954,-0.0083,0.0347,1.0337,1.034
10.467261301,-0.0066,0.0369,1.0280,1.029
10.469226993,-0.0059,0.0388,1.0249,1.026
10.471256724,-0.0051,0.0418,1.0205,1.021
10.473209878,-0.0049,0.0450,1.0148,1.016
10.475085839,-0.0056,0.0476,1.0124,1.014
10.476795493,-0.0064,0.0489,1.0070,1.008
10.478908416,-0.0064,0.0493,1.0043,1.006
10.48096657,-0.0083,0.0525,1.0031,1.005
10.484374416,-0.0112,0.0542,1.0012,1.003
10.485098724,-0.0120,0.0550,1.0012,1.003
10.486910185,-0.0137,0.0574,0.9999,1.002
10.488797301,-0.0159,0.0577,1.0024,1.004
10.490712147,-0.0164,0.0581,1.0021,1.004
10.492725224,-0.0176,0.0591,1.0019,1.004
10.494600147,-0.0178,0.0603,1.0026,1.005
10.496571531,-0.0188,0.0586,1.0036,1.005
10.499004685,-0.0210,0.0577,1.0048,1.007
10.507967647,-0.0239,0.0574,1.0058,1.008
10.509016108,-0.0271,0.0557,1.0068,1.009
10.509668454,-0.0300,0.0540,1.0048,1.007
10.510407762,-0.0320,0.0535,1.0051,1.007
10.511630031,-0.0335,0.0520,1.0041,1.006
10.512406685,-0.0342,0.0520,1.0041,1.006
10.513203185,-0.0359,0.0525,1.0048,1.007
10.514580416,-0.0362,0.0533,1.0058,1.008
10.522166108,-0.0371,0.0525,1.0065,1.009
10.52350807,-0.0376,0.0493,1.0073,1.009
10.524428301,-0.0376,0.0474,1.0048,1.007
10.525243262,-0.0376,0.0464,1.0051,1.007
10.526131185,-0.0347,0.0442,1.0034,1.005
10.527100108,-0.0335,0.0437,1.0029,1.004
10.52825657,-0.0308,0.0423,1.0034,1.005
10.530160301,-0.0298,0.0430,1.0031,1.004
10.532060454,-0.0300,0.0425,1.0019,1.003
10.53466557,-0.0276,0.0413,1.0017,1.003
10.536119493,-0.0266,0.0401,1.0004,1.002
10.538016377,-0.0261,0.0388,1.0007,1.002
10.540111801,-0.0281,0.0381,1.0026,1.004
10.542033608,-0.0281,0.0374,1.0043,1.005
10.544017301,-0.0269,0.0342,1.0063,1.007
10.545784531,-0.0244,0.0327,1.0092,1.010
10.548080877,-0.0235,0.0320,1.0090,1.010
10.550950185,-0.0215,0.0300,1.0100,1.011
10.55240257,-0.0210,0.0322,1.0112,1.012
10.553750262,-0.0213,0.0325,1.0114,1.012
10.555856301,-0.0232,0.0322,1.0139,1.015
10.557660301,-0.0237,0.0320,1.0144,1.015
10.559735685,-0.0247,0.0313,1.0146,1.015
10.561597531,-0.0281,0.0303,1.0107,1.012
10.563663185,-0.0283,0.0303,1.0112,1.012
10.567170839,-0.0315,0.0293,1.0097,1.011
10.568739647,-0.0364,0.0286,1.0063,1.007
10.56986957,-0.0381,0.0298,1.0061,1.007
10.571433647,-0.0432,0.0313,1.0029,1.004
10.573383762,-0.0454,0.0300,1.0021,1.004
10.575667493,-0.0484,0.0298,0.9999,1.002
10.57732907,-0.0513,0.0276,1.0004,1.002
10.579598839,-0.0520,0.0266,1.0002,1.002
10.581266147,-0.0557,0.0261,1.0004,1.002
10.584375108,-0.0555,0.0242,1.0012,1.003
10.586915339,-0.0550,0.0227,1.0007,1.002
10.588194454,-0.0537,0.0210,1.0019,1.004
10.589289031,-0.0537,0.0205,1.0031,1.005
10.591509993,-0.0537,0.0183,1.0070,1.009
10.593465147,-0.0530,0.0159,1.0102,1.012
10.595523801,-0.0513,0.0154,1.0131,1.015
10.597528262,-0.0491,0.0127,1.0168,1.018
10.600864531,-0.0467,0.0117,1.0175,1.019
10.602523301,-0.0462,0.0110,1.0178,1.019
10.603820301,-0.0425,0.0086,1.0166,1.017
10.605867147,-0.0410,0.0073,1.0146,1.015
10.607393147,-0.0384,0.0073,1.0119,1.013
10.609203685,-0.0347,0.0054,1.0078,1.008
10.611340531,-0.0337,0.0039,1.0046,1.005
10.613280262,-0.0330,0.0032,0.9970,0.998
10.615298262,-0.0305,0.0037,0.9907,0.991
10.6257263,-0.0288,0.0039,0.9880,0.988
10.627322339,-0.0279,0.0046,0.9841,0.984
10.6282943,-0.0254,0.0037,0.9826,0.983
10.629316647,-0.0247,0.0046,0.9797,0.980
10.630679493,-0.0242,0.0086,0.9753,0.976
10.632121954,-0.0225,0.0090,0.9731,0.973
10.6334293,-0.0205,0.0088,0.9699,0.970
10.6347473,-0.0191,0.0081,0.9699,0.970
10.636098416,-0.0178,0.0081,0.9706,0.971
10.6371863,-0.0173,0.0088,0.9711,0.971
10.638553108,-0.0161,0.0086,0.9706,0.971
10.639789416,-0.0161,0.0110,0.9731,0.973
10.640909454,-0.0186,0.0122,0.9740,0.974
10.643901454,-0.0181,0.0125,0.9750,0.975
10.645346724,-0.0186,0.0132,0.9794,0.980
10.646612839,-0.0176,0.0120,0.9814,0.982
10.648572993,-0.0171,0.0132,0.9833,0.984
10.652459954,-0.0200,0.0147,0.9892,0.990
10.653974724,-0.0217,0.0149,0.9921,0.992
10.655140377,-0.0227,0.0127,0.9951,0.995
10.656264454,-0.0261,0.0139,0.9997,1.000
10.6582293,-0.0269,0.0134,1.0034,1.004
10.660341493,-0.0298,0.0134,1.0058,1.006
10.662422339,-0.0327,0.0139,1.0102,1.011
10.6642708,-0.0349,0.0139,1.0122,1.013
10.666923262,-0.0384,0.0134,1.0144,1.015
10.66944557,-0.0396,0.0129,1.0153,1.016
10.671093993,-0.0425,0.0105,1.0161,1.017
10.672285224,-0.0454,0.0100,1.0192,1.020
10.674119147,-0.0462,0.0083,1.0197,1.021
10.676212762,-0.0474,0.0061,1.0192,1.020
10.678165839,-0.0496,0.0024,1.0192,1.020
10.6799948,-0.0484,0.0020,1.0192,1.020
10.681902339,-0.0491,0.0015,1.0207,1.022
10.685394954,-0.0486,0.0015,1.0173,1.018
10.686941262,-0.0491,0.0017,1.0161,1.017
10.68819007,-0.0489,0.0017,1.0144,1.016
10.689747224,-0.0484,0.0034,1.0131,1.014
10.691865724,-0.0476,0.0042,1.0097,1.011
10.693775724,-0.0462,0.0015,1.0075,1.009
10.695981493,-0.0457,0.0015,1.0056,1.007
10.697950877,-0.0437,0.0032,1.0058,1.007
10.7009523,-0.0430,0.0032,1.0024,1.003
10.70277957,-0.0413,0.0056,1.0007,1.002
10.703932685,-0.0376,0.0066,0.9982,0.999
10.705760916,-0.0359,0.0064,0.9968,0.997
10.70791807,-0.0327,0.0059,0.9953,0.996
10.709906185,-0.0305,0.0073,0.9919,0.992
10.711849993,-0.0293,0.0086,0.9904,0.991
10.713807185,-0.0269,0.0100,0.9897,0.990
10.7157208,-0.0213,0.0107,0.9882,0.989
10.726416647,-0.0210,0.0117,0.9894,0.990
10.727945185,-0.0210,0.0125,0.9887,0.989
10.72884357,-0.0203,0.0134,0.9887,0.989
10.729955877,-0.0186,0.0151,0.9912,0.991
10.730826185,-0.0171,0.0154,0.9943,0.995
10.731121839,-0.0161,0.0154,0.9955,0.996
10.731361762,-0.0171,0.0147,0.9985,0.999
10.731601608,-0.0178,0.0142,0.9997,1.000
10.741044454,-0.0183,0.0139,1.0004,1.001
10.741554608,-0.0198,0.0149,1.0061,1.006
10.741811493,-0.0213,0.0161,1.0085,1.009
10.742049454,-0.0230,0.0161,1.0090,1.009
10.74231207,-0.0242,0.0156,1.0100,1.010
10.743140839,-0.0249,0.0161,1.0109,1.011
10.745022454,-0.0271,0.0166,1.0092,1.010
10.746903993,-0.0286,0.0171,1.0085,1.009
10.749137839,-0.0293,0.0178,1.0068,1.007
10.750827608,-0.0303,0.0186,1.0056,1.006
10.752864531,-0.0313,0.0188,1.0058,1.006
10.754908262,-0.0349,0.0188,1.0061,1.007
10.756860108,-0.0354,0.0178,1.0061,1.007
10.758936954,-0.0359,0.0181,1.0053,1.006
10.760776493,-0.0366,0.0183,1.0039,1.005
10.762822339,-0.0362,0.0178,1.0039,1.005
10.764633685,-0.0369,0.0169,1.0021,1.003
10.767144108,-0.0371,0.0151,0.9992,1.000
10.769329185,-0.0376,0.0159,0.9968,0.998
10.770705493,-0.0386,0.0181,0.9960,0.997
10.772712339,-0.0371,0.0169,0.9924,0.993
10.774553377,-0.0366,0.0161,0.9897,0.990
10.776684454,-0.0352,0.0173,0.9850,0.986
10.778587916,-0.0352,0.0173,0.9811,0.982
10.780743262,-0.0349,0.0173,0.9794,0.980
10.78262557,-0.0335,0.0173,0.9787,0.979
10.784852493,-0.0322,0.0181,0.9797,0.980
10.787796223,-0.0310,0.0183,0.9789,0.980
10.788959685,-0.0315,0.0183,0.9826,0.983
10.790186454,-0.0315,0.0181,0.9833,0.984
10.7923363,-0.0288,0.0195,0.9872,0.988
10.794163954,-0.0274,0.0210,0.9890,0.990
10.796422916,-0.0279,0.0213,0.9890,0.990
10.798109685,-0.0269,0.0225,0.9938,0.994
10.800899762,-0.0276,0.0244,0.9943,0.995
10.802208531,-0.0298,0.0249,0.9933,0.994
10.804323839,-0.0300,0.0261,0.9936,0.994
10.80618857,-0.0288,0.0264,0.9929,0.994
10.808260454,-0.0286,0.0298,0.9909,0.992
10.81008357,-0.0305,0.0308,0.9912,0.992
10.8124038,-0.0296,0.0320,0.9931,0.994
10.814033993,-0.0296,0.0332,0.9958,0.997
10.824662647,-0.0274,0.0337,0.9973,0.998
10.826100108,-0.0261,0.0352,1.0031,1.004
10.827129762,-0.0257,0.0357,1.0056,1.007
10.828205723,-0.0252,0.0359,1.0070,1.008
10.829471493,-0.0235,0.0374,1.0134,1.014
10.83095107,-0.0230,0.0384,1.0205,1.021
10.8322493,-0.0232,0.0386,1.0263,1.027
10.833566185,-0.0225,0.0386,1.0373,1.038
10.834849685,-0.0227,0.0379,1.0478,1.049
10.835160416,-0.0230,0.0384,1.0532,1.054
10.836822531,-0.0239,0.0376,1.0620,1.063
10.837633146,-0.0227,0.0359,1.0664,1.067
10.839780646,-0.0213,0.0330,1.0708,1.072
10.841474108,-0.0173,0.0327,1.0703,1.071
10.843650954,-0.0154,0.0325,1.0679,1.068
10.845549108,-0.0139,0.0308,1.0605,1.061
10.847600262,-0.0120,0.0313,1.0456,1.046
10.849326339,-0.0103,0.0296,1.0359,1.036
10.851613762,-0.0059,0.0313,1.0166,1.017
10.853407608,-0.0046,0.0325,1.0065,1.007
10.855581146,-0.0015,0.0318,0.9855,0.986
10.857322146,-0.0012,0.0327,0.9667,0.967
10.8595738,-0.0010,0.0340,0.9594,0.960
10.861227646,0.0017,0.0357,0.9462,0.947
10.863465339,-0.0007,0.0357,0.9347,0.935
10.865497993,-0.0002,0.0364,0.9323,0.933
10.867570839,-0.0007,0.0364,0.9286,0.929
10.869296493,-0.0027,0.0362,0.9291,0.930
10.871378608,-0.0054,0.0359,0.9337,0.934
10.8731228,-0.0083,0.0357,0.9408,0.942
10.875304685,-0.0088,0.0352,0.9452,0.946
10.877063262,-0.0090,0.0364,0.9550,0.956
10.879250146,-0.0093,0.0369,0.9601,0.961
10.881012493,-0.0081,0.0357,0.9716,0.972
10.885932608,-0.0071,0.0342,0.9824,0.983
10.887175916,-0.0073,0.0330,0.9880,0.989
10.888061108,-0.0066,0.0335,0.9985,0.999
10.889414531,-0.0076,0.0325,1.0048,1.005
10.891111762,-0.0078,0.0315,1.0083,1.009
10.892943108,-0.0095,0.0320,1.0139,1.014
10.894935146,-0.0115,0.0320,1.0158,1.016
10.89684107,-0.0142,0.0315,1.0195,1.020
10.898973993,-0.0142,0.0313,1.0190,1.020
10.901737877,-0.0154,0.0313,1.0190,1.020
10.9030408,-0.0200,0.0313,1.0158,1.017
10.904813223,-0.0217,0.0308,1.0114,1.012
10.90686757,-0.0222,0.0298,1.0097,1.010
10.908674493,-0.0242,0.0300,1.0065,1.007
10.910876877,-0.0252,0.0305,1.0048,1.006
10.912691723,-0.0252,0.0293,1.0046,1.005
10.914741685,-0.0257,0.0300,1.0029,1.004
10.924540223,-0.0252,0.0296,1.0026,1.003
10.925720031,-0.0269,0.0288,1.0053,1.006
10.926899762,-0.0286,0.0293,1.0068,1.008
10.927663762,-0.0291,0.0293,1.0090,1.010
10.928619339,-0.0305,0.0293,1.0129,1.014
10.929458916,-0.0310,0.0291,1.0136,1.015
10.930487493,-0.0300,0.0261,1.0161,1.017
10.931534916,-0.0305,0.0249,1.0195,1.020
10.932625608,-0.0308,0.0242,1.0200,1.021
10.937855685,-0.0315,0.0232,1.0190,1.020
10.939361185,-0.0283,0.0225,1.0205,1.021
10.940474839,-0.0274,0.0220,1.0210,1.022
10.9412983,-0.0269,0.0210,1.0200,1.021
10.942554031,-0.0276,0.0193,1.0185,1.019
10.944367108,-0.0291,0.0193,1.0158,1.016
10.946168839,-0.0257,0.0183,1.0136,1.014
10.948172685,-0.0244,0.0176,1.0122,1.013
10.951649723,-0.0205,0.0144,1.0087,1.009
10.953238262,-0.0191,0.0127,1.0039,1.004
10.954697839,-0.0173,0.0129,1.0026,1.003
10.956237723,-0.0154,0.0129,0.9977,0.998
10.958078031,-0.0144,0.0129,0.9965,0.997
10.9599958,-0.0137,0.0115,0.9929,0.993
10.961945685,-0.0137,0.0112,0.9890,0.989
10.963974685,-0.0139,0.0115,0.9868,0.987
10.9658578,-0.0139,0.0115,0.9853,0.985
10.970627262,-0.0139,0.0122,0.9838,0.984
10.972171685,-0.0147,0.0132,0.9836,0.984
10.973151916,-0.0161,0.0137,0.9841,0.984
10.974482839,-0.0176,0.0144,0.9824,0.983
10.975902916,-0.0198,0.0166,0.9853,0.986
10.977627954,-0.0200,0.0149,0.9885,0.989
10.9797468,-0.0210,0.0147,0.9902,0.991
10.981767146,-0.0237,0.0149,0.9921,0.993
10.984600339,-0.0274,0.0137,0.9977,0.998
10.985578377,-0.0288,0.0132,0.9997,1.000
10.987493762,-0.0332,0.0137,1.0029,1.004
10.989506108,-0.0349,0.0151,1.0065,1.007
10.991627646,-0.0347,0.0142,1.0075,1.008
10.993641608,-0.0364,0.0137,1.0078,1.009
10.995548416,-0.0374,0.0134,1.0080,1.009
10.997604454,-0.0398,0.0129,1.0105,1.011
10.999623454,-0.0408,0.0122,1.0109,1.012
11.002707569,-0.0420,0.0122,1.0107,1.012
11.003494993,-0.0430,0.0127,1.0117,1.013
11.005374493,-0.0432,0.0125,1.0100,1.011
11.007367877,-0.0432,0.0127,1.0092,1.010
11.0094353,-0.0435,0.0139,1.0078,1.009
11.011219839,-0.0435,0.0137,1.0063,1.007
11.0131333,-0.0437,0.0142,1.0063,1.007
11.015156108,-0.0415,0.0139,1.0085,1.009
11.022181108,-0.0410,0.0134,1.0083,1.009
11.022792608,-0.0423,0.0151,1.0073,1.008
11.023048723,-0.0393,0.0151,1.0056,1.006
11.023288339,-0.0386,0.0147,1.0046,1.005
11.024896108,-0.0366,0.0149,1.0048,1.006
11.027069069,-0.0359,0.0147,1.0056,1.006
11.028986608,-0.0330,0.0142,1.0058,1.006
11.030886762,-0.0315,0.0149,1.0026,1.003
11.033106685,-0.0315,0.0149,1.0014,1.002
11.038717839,-0.0308,0.0149,0.9977,0.998
11.039277185,-0.0293,0.0156,0.9963,0.997
11.039527993,-0.0281,0.0134,0.9924,0.993
11.040830839,-0.0279,0.0142,0.9897,0.990
11.043067454,-0.0261,0.0149,0.9890,0.989
11.044474262,-0.0279,0.0149,0.9875,0.988
11.046838646,-0.0274,0.0142,0.9887,0.989
11.048975954,-0.0276,0.0142,0.9897,0.990
11.051737031,-0.0291,0.0156,0.9919,0.992
11.052610954,-0.0305,0.0164,0.9924,0.993
11.054560416,-0.0330,0.0156,0.9951,0.996
11.056910454,-0.0357,0.0154,0.9997,1.000
11.058508954,-0.0364,0.0151,1.0021,1.003
11.060880031,-0.0376,0.0151,1.0075,1.008
11.062504223,-0.0381,0.0154,1.0087,1.010
11.064868069,-0.0386,0.0154,1.0105,1.011
11.066516031,-0.0408,0.0144,1.0148,1.016
11.069454531,-0.0428,0.0147,1.0139,1.015
11.070494069,-0.0450,0.0147,1.0144,1.015
11.072723992,-0.0472,0.0149,1.0148,1.016
11.074335416,-0.0464,0.0144,1.0144,1.016
11.076313531,-0.0464,0.0147,1.0114,1.013
11.0779983,-0.0472,0.0169,1.0090,1.010
11.080356762,-0.0472,0.0164,1.0078,1.009
11.082235954,-0.0432,0.0154,1.0078,1.009
11.084711531,-0.0418,0.0156,1.0075,1.009
11.085967377,-0.0410,0.0171,1.0063,1.007
11.088201992,-0.0388,0.0193,1.0063,1.007
11.090008531,-0.0379,0.0181,1.0073,1.008
11.092095146,-0.0359,0.0171,1.0085,1.009
11.094054454,-0.0325,0.0191,1.0097,1.010
11.096161531,-0.0308,0.0191,1.0092,1.010
11.097841916,-0.0274,0.0195,1.0068,1.007
11.101790108,-0.0257,0.0208,1.0036,1.004
11.103119954,-0.0259,0.0210,1.0004,1.001
11.104185339,-0.0237,0.0200,0.9960,0.997
11.105850031,-0.0217,0.0210,0.9938,0.994
11.108075992,-0.0188,0.0227,0.9887,0.989
11.110086416,-0.0188,0.0244,0.9831,0.984
11.112030377,-0.0193,0.0249,0.9794,0.980
11.114070223,-0.0173,0.0266,0.9767,0.977
11.116081992,-0.0176,0.0264,0.9748,0.975
11.126751531,-0.0171,0.0271,0.9760,0.977
11.1282968,-0.0181,0.0283,0.9782,0.979
11.129201185,-0.0195,0.0283,0.9802,0.981
11.130225416,-0.0213,0.0286,0.9838,0.984
11.131402339,-0.0237,0.0283,0.9887,0.989
11.132447992,-0.0252,0.0281,0.9912,0.992
11.133772685,-0.0257,0.0281,0.9931,0.994
11.135154531,-0.0269,0.0257,0.9960,0.997
11.136509646,-0.0281,0.0259,0.9985,0.999
11.137733454,-0.0300,0.0276,1.0012,1.002
11.138882339,-0.0320,0.0271,1.0024,1.003
11.139804108,-0.0352,0.0254,1.0041,1.005
11.142187839,-0.0332,0.0249,1.0058,1.007
11.143748339,-0.0325,0.0254,1.0065,1.007
11.145457069,-0.0315,0.0259,1.0085,1.009
11.147645954,-0.0310,0.0239,1.0105,1.011
11.1494778,-0.0291,0.0249,1.0119,1.013
11.152286146,-0.0279,0.0249,1.0126,1.013
11.153783146,-0.0269,0.0259,1.0131,1.014
11.158089569,-0.0276,0.0269,1.0124,1.013
11.159268262,-0.0257,0.0271,1.0112,1.012
11.160053415,-0.0259,0.0264,1.0107,1.011
11.161067531,-0.0254,0.0244,1.0068,1.007
11.163207608,-0.0261,0.0254,1.0004,1.001
11.165081723,-0.0264,0.0254,0.9980,0.999
11.168633223,-0.0264,0.0242,0.9921,0.993
11.170327992,-0.0257,0.0235,0.9897,0.990
11.171640762,-0.0242,0.0232,0.9858,0.986
11.172950839,-0.0237,0.0239,0.9846,0.985
11.175120685,-0.0232,0.0249,0.9831,0.984
11.176878992,-0.0232,0.0239,0.9772,0.978
11.179101454,-0.0237,0.0249,0.9743,0.975
11.180906685,-0.0227,0.0252,0.9731,0.974
11.183076031,-0.0213,0.0288,0.9714,0.972
11.186184377,-0.0200,0.0303,0.9706,0.971
11.188104415,-0.0191,0.0308,0.9684,0.969
11.189297223,-0.0200,0.0300,0.9675,0.968
11.190678646,-0.0203,0.0296,0.9665,0.967
11.192750339,-0.0210,0.0298,0.9665,0.967
11.194543839,-0.0217,0.0286,0.9692,0.970
11.196669762,-0.0215,0.0281,0.9721,0.973
11.198532262,-0.0200,0.0291,0.9762,0.977
11.2012718,-0.0205,0.0283,0.9797,0.980
11.204279415,-0.0220,0.0283,0.9882,0.989
11.205653108,-0.0242,0.0300,0.9938,0.995
11.207188223,-0.0259,0.0305,0.9963,0.997
11.208507146,-0.0259,0.0303,1.0004,1.001
11.210462185,-0.0247,0.0283,1.0029,1.004
11.212409108,-0.0252,0.0266,1.0024,1.003
11.214688031,-0.0266,0.0266,0.9999,1.001
11.216514531,-0.0266,0.0269,0.9990,1.000
11.226236915,-0.0269,0.0249,0.9982,0.999
11.227780608,-0.0283,0.0232,0.9951,0.996
11.2288568,-0.0293,0.0235,0.9948,0.996
11.229890492,-0.0298,0.0232,0.9980,0.999
11.231107454,-0.0283,0.0232,1.0002,1.001
11.232210915,-0.0288,0.0232,1.0009,1.002
11.233339839,-0.0261,0.0237,1.0048,1.005
11.234869839,-0.0264,0.0227,1.0068,1.007
11.235211685,-0.0291,0.0227,1.0119,1.013
11.238540569,-0.0303,0.0244,1.0144,1.015
11.238965608,-0.0318,0.0244,1.0148,1.016
11.240236723,-0.0332,0.0249,1.0153,1.016
11.241823415,-0.0344,0.0237,1.0139,1.015
11.244024454,-0.0340,0.0235,1.0124,1.013
11.245860723,-0.0340,0.0222,1.0087,1.010
11.247800185,-0.0335,0.0225,1.0061,1.007
11.249636415,-0.0337,0.0220,1.0012,1.002
11.251761108,-0.0325,0.0220,0.9933,0.994
11.253687877,-0.0327,0.0217,0.9921,0.993
11.258571877,-0.0320,0.0203,0.9887,0.989
11.258841877,-0.0315,0.0203,0.9875,0.988
11.259637223,-0.0300,0.0203,0.9882,0.989
11.261405339,-0.0271,0.0200,0.9904,0.991
11.263592992,-0.0261,0.0181,0.9914,0.992
11.265575185,-0.0242,0.0203,0.9933,0.994
11.268077915,-0.0210,0.0203,0.9958,0.996
11.269450762,-0.0191,0.0198,0.9982,0.999
11.271320762,-0.0169,0.0195,1.0031,1.003
11.273310415,-0.0132,0.0183,1.0061,1.006
11.275205915,-0.0120,0.0188,1.0068,1.007
11.277213338,-0.0098,0.0200,1.0102,1.010
11.279252108,-0.0098,0.0198,1.0102,1.010
11.281260031,-0.0083,0.0186,1.0105,1.011
11.283377262,-0.0100,0.0181,1.0095,1.010
11.287829492,-0.0103,0.0186,1.0102,1.010
11.288980146,-0.0105,0.0186,1.0126,1.013
11.2898638,-0.0105,0.0181,1.0153,1.016
11.291453377,-0.0112,0.0181,1.0151,1.015
11.293192454,-0.0122,0.0171,1.0163,1.017
11.295015838,-0.0134,0.0171,1.0166,1.017
11.297113069,-0.0161,0.0188,1.0185,1.019
11.299062608,-0.0193,0.0191,1.0185,1.019
11.302100646,-0.0222,0.0195,1.0197,1.020
11.303593915,-0.0230,0.0188,1.0195,1.020
11.304989031,-0.0261,0.0188,1.0178,1.018
11.3070343,-0.0274,0.0191,1.0170,1.018
11.308949031,-0.0300,0.0183,1.0161,1.017
11.3110393,-0.0320,0.0186,1.0153,1.016
11.312811415,-0.0322,0.0198,1.0117,1.012
11.314976069,-0.0344,0.0203,1.0092,1.010
11.325637762,-0.0344,0.0208,1.0073,1.008
11.327331185,-0.0369,0.0198,1.0043,1.005
11.3285768,-0.0371,0.0208,1.0031,1.004
11.329726608,-0.0381,0.0195,1.0029,1.004
11.3311658,-0.0359,0.0191,0.9990,1.000
11.332771415,-0.0352,0.0188,0.9977,0.999
11.337338646,-0.0337,0.0200,0.9958,0.997
11.338152646,-0.0330,0.0205,0.9921,0.993
11.338670877,-0.0318,0.0205,0.9912,0.992
11.339143685,-0.0288,0.0203,0.9880,0.989
11.339556454,-0.0286,0.0208,0.9850,0.986
11.339934454,-0.0274,0.0203,0.9846,0.985
11.340293992,-0.0254,0.0210,0.9828,0.983
11.342547569,-0.0249,0.0208,0.9826,0.983
11.344785992,-0.0225,0.0198,0.9828,0.983
11.346226877,-0.0188,0.0195,0.9848,0.985
11.348612646,-0.0183,0.0191,0.9875,0.988
11.350183185,-0.0147,0.0171,0.9902,0.990
11.353140992,-0.0159,0.0173,0.9919,0.992
11.353958954,-0.0171,0.0169,0.9946,0.995
11.356217646,-0.0169,0.0151,0.9975,0.998
11.358170377,-0.0169,0.0156,1.0004,1.001
11.360405877,-0.0154,0.0159,1.0053,1.006
11.362001723,-0.0139,0.0164,1.0070,1.007
11.364294762,-0.0142,0.0166,1.0090,1.009
11.366098685,-0.0149,0.0161,1.0114,1.012
11.369099031,-0.0169,0.0159,1.0136,1.014
11.370370185,-0.0173,0.0161,1.0146,1.015
11.372524838,-0.0188,0.0173,1.0170,1.017
11.373875838,-0.0191,0.0178,1.0158,1.016
11.377503685,-0.0198,0.0176,1.0168,1.017
11.378142377,-0.0208,0.0169,1.0163,1.017
11.380384954,-0.0227,0.0171,1.0166,1.017
11.381819415,-0.0247,0.0176,1.0124,1.013
11.386160646,-0.0269,0.0169,1.0109,1.011
11.387067915,-0.0288,0.0171,1.0102,1.011
11.387846685,-0.0310,0.0161,1.0085,1.009
11.3896903,-0.0308,0.0154,1.0063,1.007
11.3922008,-0.0318,0.0171,1.0041,1.005
11.393711723,-0.0362,0.0171,1.0014,1.002
11.396166454,-0.0369,0.0164,0.9997,1.001
11.397898608,-0.0371,0.0156,0.9982,0.999
11.400154031,-0.0391,0.0156,0.9975,0.998
11.402965069,-0.0391,0.0161,0.9963,0.997
11.403977492,-0.0393,0.0156,0.9960,0.997
11.4054883,-0.0384,0.0159,0.9951,0.996
11.408292415,-0.0347,0.0166,0.9963,0.997
11.409435992,-0.0332,0.0159,0.9965,0.997
11.411884146,-0.0332,0.0159,0.9973,0.998
11.413430185,-0.0337,0.0166,0.9997,1.000
11.415749954,-0.0315,0.0173,0.9999,1.001
11.417274261,-0.0305,0.0178,0.9992,1.000
11.424022608,-0.0279,0.0183,1.0004,1.001
11.424858069,-0.0269,0.0200,1.0009,1.001
11.425301877,-0.0281,0.0195,1.0029,1.003
11.425717415,-0.0276,0.0205,1.0029,1.003
11.427495992,-0.0279,0.0205,1.0026,1.003
11.429680531,-0.0242,0.0195,1.0039,1.004
11.431751146,-0.0220,0.0210,1.0046,1.005
11.433199185,-0.0222,0.0217,1.0046,1.005
11.441627261,-0.0232,0.0227,1.0063,1.007
11.442597992,-0.0230,0.0213,1.0070,1.008
11.443032069,-0.0213,0.0198,1.0058,1.006
11.443443685,-0.0200,0.0217,1.0061,1.006
11.443855377,-0.0205,0.0210,1.0065,1.007
11.444959377,-0.0215,0.0210,1.0048,1.005
11.447350992,-0.0210,0.0210,1.0056,1.006
11.448838261,-0.0208,0.0208,1.0053,1.006
11.452782838,-0.0217,0.0227,1.0065,1.007
11.453680261,-0.0222,0.0230,1.0065,1.007
11.455359646,-0.0222,0.0217,1.0053,1.006
11.456645838,-0.0225,0.0222,1.0075,1.008
11.459330454,-0.0215,0.0213,1.0090,1.009
11.460624685,-0.0193,0.0230,1.0109,1.011
11.462687031,-0.0213,0.0230,1.0134,1.014
11.464646223,-0.0208,0.0237,1.0144,1.015
11.466596108,-0.0230,0.0239,1.0156,1.016
11.469513954,-0.0227,0.0247,1.0178,1.018
11.471268646,-0.0242,0.0237,1.0166,1.017
11.473046838,-0.0237,0.0244,1.0173,1.018
11.474648069,-0.0237,0.0252,1.0195,1.020
11.476557646,-0.0239,0.0247,1.0200,1.021
11.478439761,-0.0259,0.0254,1.0178,1.018
11.480401646,-0.0252,0.0252,1.0180,1.019
11.482542646,-0.0244,0.0261,1.0168,1.017
11.485774915,-0.0247,0.0269,1.0153,1.016
11.487364415,-0.0259,0.0276,1.0112,1.012
11.489541108,-0.0254,0.0286,1.0090,1.010
11.491044377,-0.0247,0.0286,1.0080,1.009
11.492388569,-0.0235,0.0288,1.0041,1.005
11.494452954,-0.0215,0.0296,1.0019,1.003
11.496625108,-0.0210,0.0293,0.9992,1.000
11.498549684,-0.0210,0.0298,0.9968,0.997
11.500473954,-0.0210,0.0286,0.9948,0.995
11.504880069,-0.0217,0.0300,0.9941,0.995
11.506609723,-0.0220,0.0305,0.9919,0.993
11.507811377,-0.0220,0.0300,0.9912,0.992
11.508850223,-0.0227,0.0279,0.9916,0.992
11.509899608,-0.0208,0.0261,0.9924,0.993
11.512199531,-0.0213,0.0279,0.9938,0.994
11.513933184,-0.0195,0.0286,0.9992,1.000
11.516189915,-0.0188,0.0283,1.0007,1.001
11.525842684,-0.0166,0.0281,1.0021,1.003
11.527459992,-0.0164,0.0286,1.0053,1.006
11.528538031,-0.0159,0.0283,1.0068,1.007
11.529533069,-0.0134,0.0291,1.0083,1.009
11.530683031,-0.0122,0.0288,1.0102,1.011
11.531804954,-0.0120,0.0293,1.0122,1.013
11.532699838,-0.0115,0.0296,1.0131,1.014
11.5336983,-0.0090,0.0298,1.0134,1.014
11.534982492,-0.0098,0.0298,1.0136,1.014
11.541409569,-0.0107,0.0313,1.0112,1.012
11.542189338,-0.0103,0.0310,1.0095,1.010
11.542711992,-0.0100,0.0303,1.0063,1.007
11.543112031,-0.0095,0.0296,1.0061,1.007
11.543849723,-0.0105,0.0303,1.0046,1.005
11.545616261,-0.0142,0.0286,0.9999,1.000
11.547581069,-0.0161,0.0286,0.9975,0.998
11.549320838,-0.0176,0.0274,0.9936,0.994
11.552596146,-0.0188,0.0281,0.9924,0.993
11.553384146,-0.0198,0.0286,0.9907,0.991
11.555575954,-0.0242,0.0274,0.9865,0.987
11.557325108,-0.0276,0.0257,0.9828,0.984
11.559373877,-0.0281,0.0259,0.9821,0.983
11.561300877,-0.0293,0.0271,0.9782,0.979
11.563207877,-0.0310,0.0261,0.9750,0.976
11.5651248,-0.0337,0.0235,0.9697,0.971
11.567304608,-0.0384,0.0252,0.9645,0.966
11.570181531,-0.0391,0.0257,0.9621,0.963
11.571929184,-0.0403,0.0269,0.9587,0.960
11.5735673,-0.0428,0.0252,0.9555,0.957
11.575146992,-0.0437,0.0254,0.9545,0.956
11.577178684,-0.0445,0.0259,0.9550,0.956
11.578994415,-0.0450,0.0264,0.9565,0.958
11.581056377,-0.0457,0.0239,0.9609,0.962
11.582944608,-0.0462,0.0227,0.9704,0.972
11.586408607,-0.0459,0.0227,0.9740,0.975
11.588018761,-0.0450,0.0227,0.9806,0.982
11.590197377,-0.0396,0.0220,0.9919,0.993
11.591414454,-0.0349,0.0210,0.9980,0.999
11.592676838,-0.0298,0.0191,1.0102,1.011
11.594685915,-0.0279,0.0176,1.0163,1.017
11.596823723,-0.0239,0.0161,1.0319,1.032
11.598689415,-0.0210,0.0139,1.0456,1.046
11.600778069,-0.0195,0.0129,1.0517,1.052
11.604036184,-0.0156,0.0120,1.0637,1.064
11.605517877,-0.0120,0.0095,1.0727,1.073
11.607032723,-0.0122,0.0083,1.0757,1.076
11.608747684,-0.0093,0.0078,1.0774,1.077
11.610587531,-0.0086,0.0071,1.0771,1.077
11.612652184,-0.0086,0.0056,1.0701,1.070
11.6144758,-0.0071,0.0071,1.0588,1.059
11.616598723,-0.0064,0.0071,1.0522,1.052
11.627924646,-0.0071,0.0066,1.0366,1.037
11.629344223,-0.0083,0.0073,1.0166,1.017
11.630891492,-0.0088,0.0078,1.0056,1.006
11.631386223,-0.0088,0.0098,0.9885,0.989
11.631815338,-0.0083,0.0105,0.9809,0.981
11.632249377,-0.0071,0.0110,0.9675,0.968
11.632691146,-0.0103,0.0112,0.9540,0.954
11.633100377,-0.0117,0.0117,0.9494,0.950
11.634044261,-0.0129,0.0129,0.9430,0.943
11.638976377,-0.0149,0.0144,0.9381,0.938
11.639803761,-0.0161,0.0147,0.9374,0.938
11.640206723,-0.0217,0.0161,0.9381,0.939
11.641827377,-0.0252,0.0173,0.9394,0.940
11.644373723,-0.0308,0.0200,0.9447,0.945
11.645881646,-0.0315,0.0203,0.9508,0.952
11.648336338,-0.0318,0.0198,0.9545,0.955
11.649601915,-0.0325,0.0203,0.9635,0.964
11.652985223,-0.0308,0.0213,0.9699,0.971
11.653732531,-0.0293,0.0215,0.9731,0.974
11.659353146,-0.0291,0.0203,0.9806,0.981
11.6599783,-0.0298,0.0200,0.9855,0.986
11.660399646,-0.0286,0.0210,0.9914,0.992
11.661423761,-0.0283,0.0215,0.9977,0.998
11.663717415,-0.0288,0.0213,1.0004,1.001
11.665406223,-0.0298,0.0217,1.0041,1.005
11.667760146,-0.0291,0.0205,1.0065,1.007
11.669901492,-0.0293,0.0205,1.0070,1.008
11.671572338,-0.0293,0.0198,1.0097,1.010
11.673452915,-0.0296,0.0203,1.0095,1.010
11.675529377,-0.0300,0.0198,1.0083,1.009
11.677344877,-0.0281,0.0198,1.0085,1.009
11.6794463,-0.0291,0.0205,1.0073,1.008
11.681345761,-0.0276,0.0215,1.0058,1.006
11.683361723,-0.0286,0.0203,1.0061,1.007
11.686234146,-0.0283,0.0208,1.0068,1.007
11.687283992,-0.0286,0.0220,1.0087,1.009
11.689186261,-0.0291,0.0225,1.0105,1.011
11.691255184,-0.0283,0.0205,1.0139,1.014
11.693078646,-0.0288,0.0220,1.0180,1.019
11.695328684,-0.0288,0.0213,1.0212,1.022
11.697074569,-0.0269,0.0205,1.0254,1.026
11.699276377,-0.0254,0.0210,1.0256,1.026
11.705821607,-0.0254,0.0213,1.0271,1.028
11.706473992,-0.0252,0.0217,1.0288,1.029
11.707626646,-0.0254,0.0225,1.0295,1.030
11.707882723,-0.0244,0.0225,1.0295,1.030
11.709020069,-0.0237,0.0220,1.0234,1.024
11.711171838,-0.0239,0.0222,1.0202,1.021
11.713036415,-0.0242,0.0227,1.0163,1.017
11.714771723,-0.0252,0.0215,1.0114,1.012
11.716685107,-0.0252,0.0205,1.0083,1.009
11.72054253,-0.0264,0.0193,1.0014,1.002
11.722128877,-0.0261,0.0195,0.9990,1.000
11.7227773,-0.0283,0.0198,0.9941,0.995
11.724634338,-0.0279,0.0200,0.9907,0.991
11.726770454,-0.0269,0.0200,0.9902,0.991
11.728450261,-0.0286,0.0198,0.9877,0.988
11.730611261,-0.0281,0.0200,0.9863,0.987
11.732752646,-0.0279,0.0198,0.9858,0.986
11.734612069,-0.0279,0.0161,0.9865,0.987
11.73644053,-0.0291,0.0164,0.9870,0.988
11.738447492,-0.0303,0.0171,0.9860,0.987
11.743419838,-0.0303,0.0161,0.9863,0.987
11.7436658,-0.0313,0.0156,0.9882,0.989
11.74514603,-0.0322,0.0134,0.9894,0.990
11.746351723,-0.0332,0.0107,0.9929,0.993
11.748365761,-0.0335,0.0110,0.9926,0.993
11.750181838,-0.0344,0.0117,0.9951,0.996
11.752665415,-0.0337,0.0117,0.9951,0.996
11.753985954,-0.0337,0.0107,0.9970,0.998
11.757385223,-0.0337,0.0120,1.0002,1.001
11.758408954,-0.0340,0.0127,1.0014,1.002
11.760145954,-0.0332,0.0129,1.0029,1.004
11.7620343,-0.0322,0.0120,1.0031,1.004
11.764100146,-0.0283,0.0115,1.0034,1.004
11.766083107,-0.0269,0.0110,1.0058,1.006
11.769321261,-0.0266,0.0105,1.0063,1.007
11.771182684,-0.0239,0.0115,1.0097,1.010
11.771934146,-0.0222,0.0127,1.0114,1.012
11.773842261,-0.0215,0.0125,1.0131,1.013
11.775787761,-0.0222,0.0117,1.0170,1.017
11.7775593,-0.0217,0.0122,1.0173,1.018
11.779701261,-0.0215,0.0125,1.0175,1.018
11.781649069,-0.0210,0.0122,1.0217,1.022
11.784061415,-0.0205,0.0132,1.0232,1.023
11.78788503,-0.0208,0.0149,1.0241,1.024
11.789193877,-0.0205,0.0149,1.0256,1.026
11.789961415,-0.0208,0.0149,1.0254,1.026
11.791695877,-0.0227,0.0151,1.0224,1.023
11.793484915,-0.0237,0.0154,1.0185,1.019
11.795587915,-0.0230,0.0154,1.0173,1.018
11.797460338,-0.0225,0.0166,1.0139,1.014
11.799311146,-0.0225,0.0181,1.0114,1.012
11.802816184,-0.0222,0.0191,1.0068,1.007
11.804003223,-0.0239,0.0166,1.0026,1.003
11.805857453,-0.0247,0.0156,1.0019,1.002
11.8077908,-0.0269,0.0171,0.9965,0.997
11.809309838,-0.0264,0.0183,0.9938,0.994
11.811405723,-0.0254,0.0186,0.9897,0.990
11.813305146,-0.0281,0.0215,0.9872,0.988
11.815361723,-0.0274,0.0215,0.9882,0.989
11.817134723,-0.0264,0.0213,0.9877,0.988
11.828280915,-0.0254,0.0230,0.9865,0.987
11.829910992,-0.0247,0.0237,0.9865,0.987
11.831254338,-0.0230,0.0235,0.9872,0.988
11.832277146,-0.0222,0.0244,0.9890,0.990
11.833508184,-0.0217,0.0264,0.9914,0.992
11.834962684,-0.0205,0.0269,0.9916,0.992
11.836163107,-0.0186,0.0261,0.9929,0.993
11.837432377,-0.0193,0.0259,0.9960,0.997
11.838482261,-0.0191,0.0254,0.9987,0.999
11.8397903,-0.0198,0.0259,1.0019,1.002
11.841063992,-0.0200,0.0257,1.0058,1.006
11.842215338,-0.0193,0.0259,1.0080,1.009
11.843457492,-0.0191,0.0249,1.0102,1.011
11.846400838,-0.0205,0.0249,1.0122,1.013
11.847870261,-0.0198,0.0249,1.0126,1.013
11.84900003,-0.0193,0.0247,1.0119,1.012
11.850861338,-0.0203,0.0242,1.0131,1.014
11.855512569,-0.0215,0.0235,1.0144,1.015
11.856991607,-0.0215,0.0215,1.0126,1.013
11.857803953,-0.0215,0.0208,1.0095,1.010
11.861544915,-0.0220,0.0217,1.0083,1.009
11.862738107,-0.0230,0.0205,1.0075,1.008
11.863543338,-0.0230,0.0203,1.0078,1.008
11.864724338,-0.0232,0.0195,1.0046,1.005
11.866663992,-0.0254,0.0198,1.0012,1.002
11.870244338,-0.0259,0.0191,1.0002,1.001
11.87192553,-0.0286,0.0176,0.9977,0.998
11.8729328,-0.0308,0.0188,0.9963,0.997
11.874429684,-0.0313,0.0188,0.9943,0.995
11.876428953,-0.0286,0.0188,0.9909,0.991
11.878239877,-0.0266,0.0195,0.9902,0.991
11.880320723,-0.0261,0.0191,0.9882,0.989
11.882336838,-0.0259,0.0188,0.9877,0.988
11.884344953,-0.0259,0.0191,0.9890,0.989
11.887421646,-0.0237,0.0193,0.9892,0.990
11.888875107,-0.0222,0.0193,0.9899,0.990
11.89005453,-0.0222,0.0188,0.9929,0.993
11.892314261,-0.0215,0.0200,0.9946,0.995
11.89415503,-0.0215,0.0213,0.9951,0.996
11.896151146,-0.0195,0.0210,0.9980,0.998
11.897985569,-0.0159,0.0222,0.9987,0.999
11.900091761,-0.0154,0.0232,0.9992,1.000
11.90383453,-0.0159,0.0252,0.9975,0.998
11.90538203,-0.0159,0.0257,0.9965,0.997
11.906830646,-0.0134,0.0257,0.9933,0.994
11.908343184,-0.0115,0.0254,0.9924,0.993
11.909731146,-0.0120,0.0259,0.9912,0.992
11.911981415,-0.0127,0.0271,0.9870,0.987
11.913944415,-0.0122,0.0269,0.9841,0.985
11.916024146,-0.0122,0.0269,0.9831,0.984
11.917774107,-0.0120,0.0276,0.9811,0.982
11.928304646,-0.0129,0.0279,0.9802,0.981
11.929809492,-0.0127,0.0274,0.9819,0.982
11.93118203,-0.0129,0.0271,0.9824,0.983
11.932415723,-0.0122,0.0264,0.9828,0.983
11.933666876,-0.0117,0.0266,0.9875,0.988
11.934939953,-0.0115,0.0259,0.9894,0.990
11.935244876,-0.0129,0.0239,0.9902,0.991
11.935480646,-0.0142,0.0217,0.9924,0.993
11.935732223,-0.0147,0.0205,0.9912,0.991
11.942317146,-0.0154,0.0195,0.9909,0.991
11.942761684,-0.0166,0.0178,0.9907,0.991
11.943014953,-0.0166,0.0181,0.9912,0.991
11.943243646,-0.0188,0.0164,0.9912,0.991
11.945457376,-0.0205,0.0154,0.9904,0.991
11.947221492,-0.0208,0.0147,0.9916,0.992
11.949100492,-0.0191,0.0156,0.9938,0.994
11.95110103,-0.0195,0.0156,0.9946,0.995
11.953232223,-0.0183,0.0149,0.9973,0.998
11.9555758,-0.0178,0.0147,1.0004,1.001
11.957016453,-0.0173,0.0134,1.0031,1.003
11.958904376,-0.0159,0.0107,1.0083,1.008
11.961238992,-0.0161,0.0107,1.0129,1.013
11.963195838,-0.0159,0.0093,1.0146,1.015
11.964987607,-0.0147,0.0103,1.0200,1.020
11.967205069,-0.0139,0.0107,1.0202,1.020
11.969872569,-0.0139,0.0122,1.0229,1.023
11.973216453,-0.0144,0.0117,1.0246,1.025
11.97394903,-0.0137,0.0117,1.0258,1.026
11.974836684,-0.0127,0.0112,1.0256,1.026
11.976725184,-0.0127,0.0112,1.0254,1.025
11.978822453,-0.0115,0.0120,1.0258,1.026
11.980619876,-0.0098,0.0142,1.0261,1.026
11.982706607,-0.0095,0.0149,1.0256,1.026
11.984683684,-0.0088,0.0161,1.0254,1.026
11.987280069,-0.0107,0.0186,1.0217,1.022
11.9885293,-0.0115,0.0195,1.0212,1.021
11.990716915,-0.0120,0.0193,1.0205,1.021
11.992629876,-0.0125,0.0213,1.0192,1.020
11.994707992,-0.0122,0.0215,1.0185,1.019
11.996518953,-0.0120,0.0222,1.0173,1.018
11.998493415,-0.0117,0.0225,1.0161,1.016
12.000587569,-0.0115,0.0210,1.0146,1.015
12.003856876,-0.0139,0.0215,1.0114,1.012
12.0052558,-0.0134,0.0215,1.0085,1.009
12.007337915,-0.0107,0.0217,1.0061,1.006
12.008444723,-0.0132,0.0215,1.0048,1.005
12.010398684,-0.0139,0.0205,1.0004,1.001
12.012359453,-0.0156,0.0222,0.9963,0.997
12.014504223,-0.0166,0.0220,0.9936,0.994
12.016191915,-0.0164,0.0217,0.9897,0.990
12.018472915,-0.0181,0.0222,0.9850,0.985
12.029017223,-0.0183,0.0220,0.9821,0.983
12.030560569,-0.0181,0.0200,0.9804,0.981
12.03169053,-0.0181,0.0198,0.9794,0.980
12.032682492,-0.0198,0.0200,0.9789,0.979
12.033819069,-0.0191,0.0198,0.9770,0.977
12.035139646,-0.0191,0.0193,0.9775,0.978
12.036395799,-0.0222,0.0191,0.9775,0.978
12.037628415,-0.0227,0.0166,0.9799,0.980
12.038858838,-0.0213,0.0154,0.9811,0.981
12.040013607,-0.0208,0.0149,0.9838,0.984
12.041281915,-0.0210,0.0144,0.9870,0.987
12.042566723,-0.0195,0.0147,0.9914,0.992
12.043812953,-0.0171,0.0127,0.9953,0.996
12.04654903,-0.0169,0.0120,0.9970,0.997
12.048145338,-0.0164,0.0115,1.0017,1.002
12.049741453,-0.0164,0.0093,1.0051,1.005
12.051670684,-0.0156,0.0086,1.0051,1.005
12.056374261,-0.0176,0.0090,1.0058,1.006
12.057843376,-0.0178,0.0095,1.0085,1.009
12.058995453,-0.0181,0.0095,1.0129,1.013
12.063525799,-0.0183,0.0095,1.0141,1.014
12.064688723,-0.0191,0.0093,1.0139,1.014
12.065909684,-0.0176,0.0088,1.0107,1.011
12.06687603,-0.0186,0.0110,1.0122,1.012
12.067788299,-0.0198,0.0107,1.0124,1.013
12.071011761,-0.0222,0.0112,1.0073,1.008
12.072480261,-0.0227,0.0110,1.0061,1.006
12.074595184,-0.0242,0.0107,1.0063,1.007
12.07567053,-0.0261,0.0115,1.0048,1.005
12.077034838,-0.0274,0.0120,1.0048,1.005
12.079086223,-0.0283,0.0120,1.0043,1.005
12.081145992,-0.0298,0.0132,1.0029,1.003
12.083103838,-0.0300,0.0142,1.0034,1.004
12.085028492,-0.0313,0.0137,1.0021,1.003
12.087910338,-0.0322,0.0137,1.0024,1.003
12.089436838,-0.0332,0.0147,1.0009,1.002
12.09112753,-0.0337,0.0142,1.0017,1.002
12.092987299,-0.0340,0.0147,1.0007,1.001
12.095048723,-0.0354,0.0164,0.9997,1.000
12.097118646,-0.0359,0.0166,1.0002,1.001
12.099096453,-0.0354,0.0166,0.9999,1.001
12.100987876,-0.0332,0.0173,0.9975,0.998
12.104349684,-0.0344,0.0171,0.9968,0.998
12.105968338,-0.0357,0.0164,0.9953,0.996
12.107544338,-0.0354,0.0176,0.9933,0.994
12.108842723,-0.0352,0.0169,0.9936,0.994
12.110825992,-0.0352,0.0166,0.9938,0.995
12.113144953,-0.0349,0.0159,0.9951,0.996
12.114683146,-0.0354,0.0156,0.9951,0.996
12.116711453,-0.0344,0.0161,0.9970,0.998
12.118858799,-0.0342,0.0147,0.9980,0.999
12.131942953,-0.0320,0.0139,0.9999,1.001
12.133941222,-0.0308,0.0125,1.0026,1.003
12.135753415,-0.0310,0.0129,1.0039,1.004
12.137844915,-0.0313,0.0144,1.0046,1.005
12.13935253,-0.0310,0.0137,1.0085,1.009
12.13995453,-0.0305,0.0127,1.0107,1.011
12.140495684,-0.0293,0.0132,1.0119,1.012
12.141035415,-0.0310,0.0139,1.0122,1.013
12.141556876,-0.0320,0.0142,1.0131,1.014
12.142058915,-0.0332,0.0122,1.0131,1.014
12.142713146,-0.0327,0.0115,1.0119,1.013
12.143241415,-0.0310,0.0112,1.0117,1.012
12.146892069,-0.0303,0.0120,1.0122,1.013
12.147808222,-0.0300,0.0120,1.0105,1.011
12.148362722,-0.0293,0.0120,1.0078,1.008
12.150027915,-0.0271,0.0127,1.0068,1.007
12.152529569,-0.0264,0.0134,1.0051,1.006
12.156873261,-0.0276,0.0129,1.0029,1.003
12.157901876,-0.0274,0.0132,1.0021,1.003
12.158676107,-0.0271,0.0137,1.0026,1.003
12.160128953,-0.0266,0.0144,1.0026,1.003
12.161978684,-0.0276,0.0149,1.0036,1.004
12.163881646,-0.0279,0.0159,1.0046,1.005
12.165742184,-0.0283,0.0156,1.0053,1.006
12.168065569,-0.0279,0.0178,1.0075,1.008
12.170734299,-0.0283,0.0188,1.0100,1.011
12.172299415,-0.0279,0.0191,1.0129,1.013
12.174381607,-0.0281,0.0200,1.0158,1.016
12.176266915,-0.0305,0.0193,1.0170,1.018
12.177750376,-0.0310,0.0183,1.0170,1.018
12.180229569,-0.0313,0.0183,1.0185,1.019
12.181700107,-0.0318,0.0188,1.0170,1.018
12.183845838,-0.0308,0.0198,1.0170,1.018
12.187352761,-0.0310,0.0200,1.0175,1.018
12.187871761,-0.0310,0.0193,1.0156,1.016
12.189852299,-0.0308,0.0186,1.0139,1.015
12.191732415,-0.0303,0.0191,1.0114,1.012
12.193578376,-0.0288,0.0198,1.0112,1.012
12.195739453,-0.0281,0.0173,1.0073,1.008
12.197431222,-0.0261,0.0151,1.0036,1.004
12.199851338,-0.0259,0.0147,1.0017,1.002
12.201512607,-0.0230,0.0166,0.9968,0.997
12.203840261,-0.0220,0.0156,0.9948,0.995
12.205322299,-0.0210,0.0151,0.9938,0.994
12.207668646,-0.0203,0.0132,0.9912,0.991
12.209396684,-0.0203,0.0127,0.9909,0.991
12.211406222,-0.0186,0.0137,0.9914,0.992
12.213419107,-0.0191,0.0173,0.9929,0.993
12.215375222,-0.0188,0.0178,0.9933,0.994
12.21712353,-0.0191,0.0166,0.9948,0.995
12.228069761,-0.0188,0.0169,0.9955,0.996
12.229188799,-0.0188,0.0169,0.9995,1.000
12.229927261,-0.0200,0.0181,1.0029,1.003
12.230739376,-0.0200,0.0188,1.0039,1.004
12.231464838,-0.0200,0.0176,1.0065,1.007
12.232160376,-0.0230,0.0169,1.0087,1.009
12.232941069,-0.0235,0.0164,1.0097,1.010
12.233772799,-0.0242,0.0173,1.0117,1.012
12.235088453,-0.0247,0.0178,1.0117,1.012
12.24156453,-0.0254,0.0171,1.0131,1.014
12.243040069,-0.0254,0.0173,1.0151,1.016
12.243859645,-0.0257,0.0176,1.0156,1.016
12.244601645,-0.0257,0.0171,1.0153,1.016
12.245591722,-0.0227,0.0176,1.0122,1.013
12.246792145,-0.0222,0.0181,1.0109,1.011
12.24883803,-0.0235,0.0181,1.0065,1.007
12.250955069,-0.0227,0.0191,1.0031,1.004
12.25346803,-0.0215,0.0186,1.0019,1.002
12.256140645,-0.0181,0.0176,0.9985,0.999
12.257855569,-0.0173,0.0176,0.9968,0.997
12.259057376,-0.0159,0.0176,0.9924,0.993
12.26075503,-0.0134,0.0188,0.9875,0.988
12.262725684,-0.0115,0.0178,0.9863,0.986
12.264695992,-0.0095,0.0183,0.9850,0.985
12.266574338,-0.0081,0.0181,0.9841,0.984
12.268739492,-0.0081,0.0178,0.9828,0.983
12.271518876,-0.0056,0.0178,0.9824,0.983
12.273180145,-0.0054,0.0186,0.9819,0.982
12.275069876,-0.0034,0.0181,0.9831,0.983
12.276776145,-0.0007,0.0171,0.9841,0.984
12.278536453,0.0012,0.0156,0.9853,0.985
12.280493376,0.0012,0.0149,0.9880,0.988
12.282431069,0.0020,0.0159,0.9894,0.990
12.28454203,0.0017,0.0166,0.9921,0.992
12.287796145,0.0005,0.0164,0.9943,0.994
12.289348184,0.0005,0.0159,0.9963,0.996
12.29231003,-0.0034,0.0144,1.0014,1.002
12.293326876,-0.0049,0.0151,1.0056,1.006
12.294220184,-0.0061,0.0149,1.0078,1.008
12.29626903,-0.0095,0.0156,1.0107,1.011
12.298121992,-0.0110,0.0161,1.0126,1.013
12.300258145,-0.0107,0.0156,1.0180,1.018
12.302178453,-0.0137,0.0159,1.0236,1.024
12.305328876,-0.0149,0.0164,1.0268,1.027
12.306983799,-0.0142,0.0164,1.0290,1.029
12.308141376,-0.0147,0.0178,1.0295,1.030
12.310379338,-0.0149,0.0178,1.0288,1.029
12.312031569,-0.0173,0.0164,1.0256,1.026
12.313940145,-0.0181,0.0166,1.0234,1.024
12.316104799,-0.0164,0.0195,1.0188,1.019
12.317947607,-0.0159,0.0220,1.0124,1.013
12.328527992,-0.0151,0.0217,1.0087,1.009
12.330469569,-0.0147,0.0222,1.0017,1.002
12.331595338,-0.0142,0.0222,0.9943,0.995
12.332755261,-0.0134,0.0225,0.9909,0.991
12.333878799,-0.0159,0.0239,0.9868,0.987
12.33504503,-0.0154,0.0252,0.9828,0.983
12.336329569,-0.0144,0.0249,0.9819,0.982
12.337577645,-0.0173,0.0261,0.9799,0.980
12.338979799,-0.0171,0.0266,0.9794,0.980
12.339488645,-0.0161,0.0247,0.9777,0.978
12.339922376,-0.0164,0.0235,0.9762,0.977
12.341882261,-0.0176,0.0232,0.9745,0.975
12.343918299,-0.0183,0.0227,0.9733,0.974
12.345464376,-0.0183,0.0213,0.9709,0.971
12.34800053,-0.0191,0.0210,0.9684,0.969
12.34927753,-0.0205,0.0203,0.9645,0.965
12.351698684,-0.0203,0.0208,0.9643,0.965
12.354317415,-0.0215,0.0198,0.9621,0.963
12.355242453,-0.0249,0.0188,0.9616,0.962
12.357207184,-0.0249,0.0186,0.9631,0.964
12.359654645,-0.0247,0.0186,0.9677,0.968
12.361108415,-0.0266,0.0178,0.9714,0.972
12.363286261,-0.0279,0.0164,0.9789,0.979
12.36509003,-0.0281,0.0164,0.9887,0.989
12.36748453,-0.0281,0.0156,0.9924,0.993
12.369231453,-0.0276,0.0159,1.0017,1.002
12.37197953,-0.0281,0.0156,1.0105,1.011
12.373019838,-0.0276,0.0159,1.0129,1.013
12.374992376,-0.0279,0.0159,1.0217,1.022
12.377645492,-0.0283,0.0154,1.0251,1.026
12.378916838,-0.0259,0.0144,1.0298,1.030
12.380938568,-0.0249,0.0132,1.0307,1.031
12.383064876,-0.0257,0.0132,1.0329,1.033
12.385041415,-0.0276,0.0134,1.0376,1.038
12.388198876,-0.0264,0.0115,1.0405,1.041
12.388995376,-0.0269,0.0120,1.0405,1.041
12.391128492,-0.0271,0.0122,1.0415,1.042
12.392944992,-0.0274,0.0120,1.0400,1.040
12.395468107,-0.0274,0.0115,1.0366,1.037
12.396817107,-0.0266,0.0117,1.0324,1.033
12.398757338,-0.0261,0.0110,1.0280,1.028
12.400802607,-0.0239,0.0112,1.0178,1.018
12.402977184,-0.0215,0.0117,1.0068,1.007
12.407176761,-0.0193,0.0120,1.0017,1.002
12.408692876,-0.0154,0.0115,0.9912,0.991
12.409660799,-0.0154,0.0115,0.9863,0.986
12.410940184,-0.0151,0.0122,0.9777,0.978
12.412681222,-0.0147,0.0127,0.9719,0.972
12.41460103,-0.0151,0.0125,0.9714,0.972
12.416567992,-0.0166,0.0147,0.9719,0.972
12.418469145,-0.0166,0.0173,0.9753,0.976
12.428325222,-0.0171,0.0178,0.9784,0.979
12.429889415,-0.0193,0.0181,0.9872,0.988
12.430985992,-0.0213,0.0183,0.9912,0.992
12.431888184,-0.0215,0.0191,1.0012,1.002
12.433034953,-0.0220,0.0181,1.0107,1.011
12.434178799,-0.0227,0.0193,1.0158,1.016
12.435206992,-0.0237,0.0181,1.0239,1.024
12.436437492,-0.0235,0.0178,1.0285,1.029
12.437376876,-0.0237,0.0181,1.0344,1.035
12.43873953,-0.0235,0.0181,1.0393,1.040
12.442866145,-0.0247,0.0176,1.0425,1.043
12.443761915,-0.0244,0.0171,1.0449,1.045
12.444257376,-0.0261,0.0173,1.0454,1.046
12.445823684,-0.0264,0.0171,1.0447,1.045
12.447885261,-0.0269,0.0186,1.0447,1.045
12.449718145,-0.0266,0.0200,1.0439,1.044
12.451635376,-0.0279,0.0237,1.0403,1.041
12.454384222,-0.0279,0.0225,1.0351,1.036
12.455530145,-0.0276,0.0222,1.0322,1.033
12.457539799,-0.0276,0.0242,1.0268,1.027
12.459982991,-0.0264,0.0252,1.0241,1.025
12.461493876,-0.0269,0.0254,1.0212,1.022
12.463617299,-0.0266,0.0274,1.0158,1.017
12.46544803,-0.0259,0.0276,1.0141,1.015
12.467995684,-0.0261,0.0300,1.0102,1.011
12.469341991,-0.0239,0.0325,1.0092,1.010
12.47168253,-0.0227,0.0325,1.0092,1.010
12.473152915,-0.0200,0.0330,1.0070,1.008
12.47561703,-0.0181,0.0340,1.0031,1.004
12.477068607,-0.0178,0.0344,1.0019,1.003
12.479619415,-0.0178,0.0359,1.0012,1.002
12.481398645,-0.0173,0.0354,0.9995,1.000
12.483710915,-0.0164,0.0354,0.9953,0.996
12.485161953,-0.0137,0.0357,0.9919,0.993
12.488161491,-0.0107,0.0359,0.9890,0.990
12.490155415,-0.0115,0.0354,0.9846,0.985
12.49110703,-0.0095,0.0344,0.9789,0.980
12.492982645,-0.0086,0.0335,0.9770,0.978
12.495366761,-0.0066,0.0310,0.9723,0.973
12.496886261,-0.0056,0.0291,0.9716,0.972
12.499473107,-0.0073,0.0291,0.9709,0.971
12.501015799,-0.0081,0.0269,0.9711,0.972
12.502878838,-0.0088,0.0269,0.9723,0.973
12.509282761,-0.0103,0.0254,0.9733,0.974
12.510116184,-0.0103,0.0247,0.9765,0.977
12.510668376,-0.0112,0.0222,0.9789,0.979
12.511077991,-0.0134,0.0213,0.9814,0.982
12.512766607,-0.0137,0.0210,0.9826,0.983
12.514766799,-0.0137,0.0191,0.9850,0.985
12.516764261,-0.0147,0.0205,0.9858,0.986
12.51879303,-0.0161,0.0183,0.9848,0.985
12.522495953,-0.0149,0.0161,0.9887,0.989
12.523254107,-0.0142,0.0144,0.9924,0.993
12.524410799,-0.0142,0.0139,0.9941,0.994
12.526418799,-0.0127,0.0132,0.9965,0.997
12.528437145,-0.0125,0.0125,0.9995,1.000
12.530560761,-0.0142,0.0127,1.0048,1.005
12.532725299,-0.0134,0.0120,1.0061,1.006
12.534561915,-0.0144,0.0115,1.0070,1.007
12.536431222,-0.0147,0.0100,1.0087,1.009
12.538684838,-0.0139,0.0103,1.0092,1.009
12.540445761,-0.0139,0.0112,1.0080,1.008
12.542448415,-0.0134,0.0107,1.0073,1.007
12.544143607,-0.0134,0.0110,1.0068,1.007
12.546431491,-0.0134,0.0127,1.0063,1.006
12.548084261,-0.0142,0.0129,1.0029,1.003
12.549927722,-0.0147,0.0127,1.0012,1.001
12.552284222,-0.0142,0.0125,0.9987,0.999
12.55543453,-0.0127,0.0139,0.9951,0.995
12.557020876,-0.0120,0.0134,0.9943,0.994
12.55815303,-0.0107,0.0137,0.9948,0.995
12.560107722,-0.0110,0.0147,0.9948,0.995
12.561968222,-0.0110,0.0161,0.9948,0.995
12.564027453,-0.0100,0.0178,0.9951,0.995
12.566026491,-0.0093,0.0183,0.9968,0.997
12.567989645,-0.0083,0.0186,0.9995,1.000
12.57189103,-0.0083,0.0186,1.0007,1.001
12.573600299,-0.0083,0.0193,1.0007,1.001
12.575011376,-0.0081,0.0188,1.0004,1.001
12.57625153,-0.0086,0.0186,0.9990,0.999
12.577942222,-0.0086,0.0191,0.9977,0.998
12.579827722,-0.0088,0.0203,0.9973,0.998
12.581996376,-0.0088,0.0203,0.9970,0.997
12.583787799,-0.0095,0.0210,0.9941,0.994
12.585688607,-0.0095,0.0203,0.9929,0.993
12.589379145,-0.0100,0.0213,0.9919,0.992
12.591229376,-0.0112,0.0208,0.9924,0.993
12.592813491,-0.0132,0.0198,0.9916,0.992
12.594494338,-0.0142,0.0227,0.9912,0.992
12.595597722,-0.0149,0.0225,0.9941,0.994
12.597474261,-0.0151,0.0220,0.9943,0.995
12.599574414,-0.0156,0.0215,0.9926,0.993
12.601551299,-0.0166,0.0215,0.9914,0.992
12.605445645,-0.0171,0.0203,0.9914,0.992
12.607141299,-0.0186,0.0208,0.9916,0.992
12.60814103,-0.0188,0.0205,0.9914,0.992
12.609361799,-0.0205,0.0203,0.9899,0.990
12.611296491,-0.0222,0.0203,0.9916,0.992
12.613149338,-0.0222,0.0200,0.9931,0.994
12.615272414,-0.0247,0.0195,0.9948,0.995
12.617098568,-0.0254,0.0193,0.9955,0.996
12.619159376,-0.0266,0.0203,0.9990,1.000
12.629560953,-0.0274,0.0193,1.0029,1.003
12.631133914,-0.0269,0.0193,1.0043,1.005
12.632076299,-0.0298,0.0188,1.0095,1.010
12.633038684,-0.0330,0.0181,1.0124,1.013
12.634184722,-0.0347,0.0188,1.0136,1.014
12.635381953,-0.0342,0.0198,1.0173,1.018
12.636660761,-0.0340,0.0183,1.0188,1.019
12.637818145,-0.0376,0.0178,1.0200,1.021
12.639026799,-0.0379,0.0198,1.0207,1.022
12.63953153,-0.0381,0.0191,1.0207,1.022
12.642242722,-0.0396,0.0181,1.0178,1.019
12.643096261,-0.0413,0.0208,1.0151,1.016
12.644699722,-0.0420,0.0210,1.0136,1.015
12.646668607,-0.0403,0.0195,1.0083,1.009
12.648602953,-0.0403,0.0200,1.0061,1.007
12.65055103,-0.0410,0.0225,1.0046,1.006
12.652920568,-0.0391,0.0220,1.0002,1.001
12.656319722,-0.0391,0.0220,0.9982,0.999
12.65720253,-0.0388,0.0220,0.9955,0.997
12.658520838,-0.0347,0.0225,0.9916,0.993
12.660900876,-0.0342,0.0239,0.9897,0.991
12.662181914,-0.0325,0.0244,0.9868,0.988
12.664482414,-0.0303,0.0237,0.9858,0.987
12.666335914,-0.0291,0.0222,0.9833,0.984
12.668418261,-0.0261,0.0215,0.9826,0.983
12.671635607,-0.0252,0.0220,0.9831,0.984
12.672595837,-0.0235,0.0225,0.9838,0.984
12.674232684,-0.0203,0.0235,0.9855,0.986
12.676216991,-0.0203,0.0232,0.9865,0.987
12.67841303,-0.0183,0.0217,0.9860,0.986
12.680193337,-0.0161,0.0210,0.9860,0.986
12.682008145,-0.0159,0.0215,0.9865,0.987
12.684394684,-0.0176,0.0220,0.9853,0.986
12.686297722,-0.0159,0.0220,0.9848,0.985
12.688182453,-0.0164,0.0215,0.9821,0.982
12.690074337,-0.0183,0.0213,0.9804,0.981
12.692099453,-0.0193,0.0200,0.9799,0.980
12.695061376,-0.0200,0.0198,0.9784,0.979
12.696191184,-0.0195,0.0195,0.9799,0.980
12.697814299,-0.0203,0.0193,0.9797,0.980
12.700102914,-0.0235,0.0210,0.9821,0.983
12.701879876,-0.0247,0.0215,0.9838,0.984
12.705541722,-0.0281,0.0244,0.9850,0.986
12.706740414,-0.0327,0.0257,0.9921,0.993
12.707674722,-0.0344,0.0249,0.9951,0.996
12.709671491,-0.0386,0.0261,1.0014,1.002
12.711729645,-0.0386,0.0264,1.0065,1.008
12.713574376,-0.0393,0.0271,1.0109,1.012
12.715982607,-0.0428,0.0257,1.0190,1.020
12.717930222,-0.0440,0.0249,1.0222,1.023
12.720152453,-0.0450,0.0249,1.0256,1.027
12.730416414,-0.0459,0.0247,1.0322,1.034
12.731757953,-0.0472,0.0254,1.0349,1.036
12.732611107,-0.0462,0.0247,1.0368,1.038
12.733554722,-0.0459,0.0244,1.0395,1.041
12.73459853,-0.0469,0.0239,1.0403,1.042
12.735652145,-0.0459,0.0242,1.0410,1.042
12.736748722,-0.0454,0.0244,1.0390,1.040
12.737995722,-0.0450,0.0225,1.0359,1.037
12.739113337,-0.0418,0.0225,1.0339,1.035
12.740350491,-0.0401,0.0205,1.0305,1.031
12.741623914,-0.0352,0.0191,1.0232,1.024
12.744891568,-0.0325,0.0208,1.0190,1.020
12.746495261,-0.0313,0.0210,1.0156,1.016
12.751295145,-0.0266,0.0205,1.0119,1.012
12.752274953,-0.0242,0.0205,1.0107,1.011
12.753392337,-0.0191,0.0203,1.0087,1.009
12.754458453,-0.0159,0.0181,1.0048,1.005
12.755548722,-0.0137,0.0178,1.0031,1.003
12.758080299,-0.0107,0.0188,1.0024,1.003
12.759639299,-0.0083,0.0195,0.9999,1.000
12.761071068,-0.0068,0.0208,0.9995,1.000
12.763156145,-0.0034,0.0200,0.9975,0.998
12.764988722,-0.0027,0.0213,0.9968,0.997
12.76713603,-0.0046,0.0217,0.9921,0.992
12.768907337,-0.0042,0.0225,0.9885,0.989
12.771907299,-0.0042,0.0235,0.9863,0.987
12.773512184,-0.0056,0.0235,0.9850,0.985
12.77499126,-0.0088,0.0244,0.9819,0.982
12.776753837,-0.0090,0.0259,0.9809,0.981
12.77888326,-0.0125,0.0271,0.9819,0.982
12.780757799,-0.0144,0.0266,0.9828,0.983
12.782888453,-0.0181,0.0261,0.9821,0.983
12.784695914,-0.0200,0.0279,0.9841,0.985
12.786954684,-0.0210,0.0274,0.9846,0.985
12.789578107,-0.0232,0.0259,0.9870,0.988
12.791125837,-0.0257,0.0259,0.9882,0.989
12.792675991,-0.0266,0.0257,0.9897,0.990
12.794567299,-0.0271,0.0247,0.9916,0.992
12.796458299,-0.0283,0.0247,0.9933,0.994
12.798741491,-0.0315,0.0239,0.9980,0.999
12.800712414,-0.0325,0.0227,1.0014,1.002
12.802671799,-0.0335,0.0230,1.0034,1.004
12.805498991,-0.0354,0.0242,1.0090,1.010
12.807065299,-0.0342,0.0225,1.0141,1.015
12.80868376,-0.0347,0.0217,1.0170,1.018
12.810358414,-0.0335,0.0200,1.0212,1.022
12.812190337,-0.0330,0.0195,1.0224,1.023
12.814375645,-0.0308,0.0181,1.0271,1.028
12.816285068,-0.0274,0.0191,1.0319,1.032
12.818158645,-0.0264,0.0183,1.0341,1.035
12.820330607,-0.0235,0.0181,1.0354,1.036
12.829370145,-0.0225,0.0173,1.0383,1.039
12.830887453,-0.0217,0.0171,1.0385,1.039
12.831747799,-0.0198,0.0166,1.0393,1.040
12.832703914,-0.0186,0.0169,1.0395,1.040
12.833800645,-0.0183,0.0164,1.0363,1.037
12.834912684,-0.0166,0.0183,1.0302,1.031
12.835220491,-0.0151,0.0178,1.0283,1.029
12.83581003,-0.0156,0.0166,1.0192,1.020
12.842231337,-0.0137,0.0195,1.0102,1.010
12.842723337,-0.0134,0.0208,1.0051,1.005
12.842974453,-0.0139,0.0217,0.9953,0.996
12.843700953,-0.0147,0.0222,0.9899,0.990
12.845786107,-0.0144,0.0239,0.9833,0.984
12.847891414,-0.0147,0.0252,0.9777,0.978
12.849563722,-0.0151,0.0249,0.9755,0.976
12.851722684,-0.0159,0.0259,0.9721,0.973
12.853637337,-0.0151,0.0276,0.9704,0.971
12.855797991,-0.0154,0.0271,0.9699,0.970
12.857567953,-0.0178,0.0276,0.9719,0.972
12.859568953,-0.0186,0.0279,0.9723,0.973
12.86159703,-0.0198,0.0293,0.9745,0.975
12.863452722,-0.0215,0.0288,0.9792,0.980
12.865414722,-0.0220,0.0283,0.9806,0.981
12.867491837,-0.0247,0.0293,0.9872,0.988
12.869441607,-0.0252,0.0300,0.9924,0.993
12.872055145,-0.0235,0.0308,0.9951,0.996
12.87394803,-0.0237,0.0315,0.9990,1.000
12.875567645,-0.0237,0.0313,1.0004,1.001
12.877175453,-0.0254,0.0318,1.0058,1.007
12.879343607,-0.0257,0.0303,1.0095,1.010
12.881132722,-0.0254,0.0303,1.0109,1.012
12.88304703,-0.0257,0.0286,1.0136,1.014
12.885158453,-0.0276,0.0279,1.0148,1.016
12.887158607,-0.0283,0.0276,1.0151,1.016
12.889673222,-0.0298,0.0254,1.0146,1.015
12.890957645,-0.0303,0.0257,1.0146,1.015
12.893192607,-0.0291,0.0254,1.0146,1.015
12.895086991,-0.0303,0.0239,1.0141,1.015
12.896997837,-0.0298,0.0217,1.0146,1.015
12.899117453,-0.0283,0.0215,1.0119,1.013
12.90111676,-0.0259,0.0225,1.0078,1.008
12.902983991,-0.0242,0.0222,1.0056,1.006
12.905995222,-0.0225,0.0217,1.0029,1.003
12.90741876,-0.0222,0.0217,1.0004,1.001
12.908815683,-0.0210,0.0239,0.9943,0.995
12.91115603,-0.0210,0.0247,0.9931,0.994
12.91270303,-0.0198,0.0242,0.9916,0.992
12.914925453,-0.0181,0.0254,0.9912,0.992
12.91694753,-0.0159,0.0266,0.9914,0.992
12.91877353,-0.0151,0.0269,0.9926,0.993
12.930926068,-0.0134,0.0269,0.9931,0.994
12.932377568,-0.0127,0.0266,0.9931,0.994
12.933220068,-0.0125,0.0279,0.9970,0.997
12.933969645,-0.0090,0.0264,0.9970,0.997
12.935095222,-0.0088,0.0264,0.9975,0.998
12.936101683,-0.0105,0.0261,0.9973,0.998
12.93716853,-0.0100,0.0283,0.9987,0.999
12.938483222,-0.0105,0.0288,0.9990,0.999
12.939896145,-0.0112,0.0296,1.0004,1.001
12.941161645,-0.0105,0.0293,1.0014,1.002
12.94244403,-0.0105,0.0274,1.0021,1.003
12.94345703,-0.0112,0.0281,1.0002,1.001
12.944535453,-0.0100,0.0288,1.0021,1.003
12.947396991,-0.0117,0.0315,1.0024,1.003
12.948937953,-0.0120,0.0313,1.0029,1.003
12.950059491,-0.0120,0.0318,1.0026,1.003
12.952464453,-0.0107,0.0335,1.0019,1.003
12.954494991,-0.0107,0.0332,1.0029,1.003
12.957743914,-0.0083,0.0330,1.0036,1.004
12.959247799,-0.0088,0.0335,1.0007,1.001
12.960529376,-0.0098,0.0325,0.9992,1.000
12.961939914,-0.0095,0.0310,0.9977,0.998
12.96404003,-0.0105,0.0308,0.9963,0.997
12.965894183,-0.0115,0.0303,0.9958,0.996
12.968007953,-0.0127,0.0315,0.9953,0.996
12.969752953,-0.0129,0.0318,0.9943,0.995
12.972915453,-0.0154,0.0330,0.9936,0.994
12.974511722,-0.0171,0.0318,0.9899,0.991
12.97581203,-0.0178,0.0318,0.9892,0.990
12.977743914,-0.0198,0.0320,0.9868,0.987
12.979871914,-0.0195,0.0308,0.9826,0.983
12.98168603,-0.0193,0.0310,0.9821,0.983
12.983631645,-0.0230,0.0349,0.9789,0.980
12.985496683,-0.0239,0.0347,0.9780,0.979
12.989050683,-0.0257,0.0349,0.9755,0.976
12.990623337,-0.0283,0.0335,0.9723,0.973
12.992142145,-0.0283,0.0337,0.9706,0.972
12.993563491,-0.0315,0.0344,0.9704,0.972
12.995485106,-0.0318,0.0337,0.9694,0.971
12.997408376,-0.0308,0.0342,0.9689,0.970
12.999486183,-0.0320,0.0347,0.9701,0.971
13.00131376,-0.0330,0.0349,0.9709,0.972
13.003507337,-0.0364,0.0344,0.9755,0.977
13.00640676,-0.0335,0.0330,0.9799,0.981
13.007838183,-0.0322,0.0318,0.9816,0.983
13.00941553,-0.0327,0.0327,0.9855,0.987
13.011438914,-0.0342,0.0315,0.9909,0.992
13.013258645,-0.0335,0.0305,0.9929,0.994
13.015297376,-0.0320,0.0286,0.9953,0.996
13.017219837,-0.0305,0.0281,0.9973,0.998
13.019278453,-0.0259,0.0286,1.0004,1.001
13.028985491,-0.0254,0.0281,0.9997,1.000
13.03047353,-0.0249,0.0271,1.0004,1.001
13.031477837,-0.0239,0.0259,1.0041,1.005
13.032406068,-0.0195,0.0254,1.0078,1.008
13.033432376,-0.0181,0.0247,1.0095,1.010
13.034339953,-0.0186,0.0242,1.0122,1.013
13.035366799,-0.0186,0.0237,1.0131,1.014
13.03614453,-0.0181,0.0210,1.0180,1.018
13.037129145,-0.0178,0.0230,1.0210,1.021
13.045488453,-0.0176,0.0237,1.0212,1.022
13.046052799,-0.0166,0.0230,1.0205,1.021
13.046336568,-0.0171,0.0237,1.0207,1.021
13.046567876,-0.0171,0.0254,1.0212,1.022
13.046810722,-0.0176,0.0247,1.0195,1.020
13.048701106,-0.0178,0.0257,1.0185,1.019
13.050856491,-0.0178,0.0244,1.0151,1.016
13.052747183,-0.0186,0.0281,1.0129,1.013
13.054723145,-0.0198,0.0288,1.0105,1.011
13.05656253,-0.0210,0.0305,1.0065,1.007
13.058830837,-0.0213,0.0303,1.0009,1.002
13.060519222,-0.0222,0.0310,0.9985,0.999
13.062673568,-0.0252,0.0318,0.9943,0.995
13.064552645,-0.0254,0.0310,0.9933,0.994
13.066725222,-0.0252,0.0320,0.9894,0.990
13.068513145,-0.0259,0.0344,0.9855,0.986
13.070750683,-0.0264,0.0337,0.9848,0.986
13.072448645,-0.0274,0.0342,0.9833,0.984
13.07475353,-0.0298,0.0362,0.9841,0.985
13.076659722,-0.0303,0.0354,0.9853,0.986
13.078567414,-0.0330,0.0330,0.9865,0.988
13.080321222,-0.0332,0.0325,0.9912,0.992
13.082311953,-0.0340,0.0330,0.9936,0.995
13.084291876,-0.0337,0.0313,0.9958,0.997
13.086170106,-0.0342,0.0308,0.9965,0.998
13.089171337,-0.0342,0.0288,1.0026,1.004
13.090738299,-0.0342,0.0274,1.0031,1.004
13.092071991,-0.0354,0.0269,1.0051,1.006
13.094135876,-0.0366,0.0269,1.0078,1.009
13.096297106,-0.0366,0.0264,1.0080,1.009
13.098108106,-0.0369,0.0257,1.0085,1.009
13.099964914,-0.0359,0.0235,1.0087,1.010
13.101830568,-0.0354,0.0225,1.0068,1.008
13.104209799,-0.0352,0.0227,1.0039,1.005
13.105905799,-0.0332,0.0230,1.0007,1.001
13.107972991,-0.0325,0.0232,0.9985,0.999
13.109946029,-0.0310,0.0247,0.9929,0.994
13.111925068,-0.0310,0.0242,0.9868,0.988
13.113911183,-0.0305,0.0227,0.9838,0.985
13.116251106,-0.0276,0.0230,0.9789,0.980
13.117796991,-0.0266,0.0237,0.9777,0.978
13.120179953,-0.0232,0.0230,0.9743,0.975
13.129315914,-0.0173,0.0222,0.9728,0.973
13.130619837,-0.0171,0.0213,0.9721,0.972
13.131385953,-0.0176,0.0220,0.9748,0.975
13.132133029,-0.0181,0.0213,0.9765,0.977
13.13287426,-0.0188,0.0213,0.9777,0.978
13.141390029,-0.0193,0.0210,0.9831,0.984
13.142749145,-0.0203,0.0225,0.9870,0.987
13.143719606,-0.0191,0.0242,0.9995,1.000
13.144447683,-0.0203,0.0242,1.0134,1.014
13.145178568,-0.0213,0.0232,1.0202,1.021
13.146073299,-0.0203,0.0210,1.0327,1.033
13.147128837,-0.0191,0.0208,1.0429,1.043
13.148132568,-0.0188,0.0198,1.0464,1.047
13.149074876,-0.0193,0.0183,1.0515,1.052
13.149932645,-0.0200,0.0191,1.0517,1.052
13.151340876,-0.0198,0.0191,1.0495,1.050
13.153375068,-0.0198,0.0200,1.0422,1.043
13.15589776,-0.0203,0.0205,1.0363,1.037
13.157517299,-0.0237,0.0232,1.0224,1.023
13.159121722,-0.0259,0.0237,1.0085,1.009
13.161337453,-0.0259,0.0242,1.0004,1.001
13.163095837,-0.0279,0.0254,0.9838,0.985
13.165126145,-0.0274,0.0271,0.9762,0.977
13.167113876,-0.0271,0.0296,0.9635,0.964
13.169084799,-0.0281,0.0315,0.9523,0.953
13.173188183,-0.0271,0.0310,0.9489,0.950
13.174647799,-0.0261,0.0308,0.9438,0.945
13.176088606,-0.0249,0.0315,0.9440,0.945
13.177140568,-0.0239,0.0322,0.9464,0.947
13.178860106,-0.0230,0.0315,0.9521,0.953
13.180831337,-0.0237,0.0320,0.9565,0.957
13.182860299,-0.0225,0.0340,0.9672,0.968
13.184834068,-0.0217,0.0332,0.9802,0.981
13.186903799,-0.0217,0.0335,0.9860,0.987
13.18971226,-0.0222,0.0330,0.9987,1.000
13.191264606,-0.0210,0.0315,1.0112,1.012
13.192819222,-0.0220,0.0318,1.0166,1.017
13.194736722,-0.0222,0.0286,1.0268,1.027
13.196637029,-0.0227,0.0283,1.0305,1.031
13.198648376,-0.0227,0.0283,1.0359,1.036
13.200792222,-0.0215,0.0279,1.0395,1.040
13.202719606,-0.0225,0.0274,1.0405,1.041
13.206860952,-0.0239,0.0261,1.0381,1.039
13.208374606,-0.0230,0.0266,1.0346,1.035
13.209831991,-0.0230,0.0261,1.0327,1.033
13.211641222,-0.0235,0.0281,1.0266,1.027
13.212709068,-0.0237,0.0291,1.0244,1.025
13.214326452,-0.0217,0.0291,1.0166,1.017
13.216487876,-0.0208,0.0293,1.0100,1.011
13.218339876,-0.0208,0.0293,1.0058,1.006
13.220695376,-0.0181,0.0310,0.9982,0.999
13.232931568,-0.0166,0.0327,0.9946,0.995
13.234513106,-0.0164,0.0322,0.9924,0.993
13.235675952,-0.0169,0.0332,0.9890,0.990
13.236845106,-0.0176,0.0335,0.9885,0.989
13.238157337,-0.0188,0.0354,0.9872,0.988
13.239457606,-0.0195,0.0379,0.9872,0.988
13.240707952,-0.0198,0.0391,0.9868,0.988
13.241603876,-0.0181,0.0401,0.9892,0.990
13.242994376,-0.0203,0.0415,0.9894,0.991
13.244327222,-0.0208,0.0410,0.9902,0.991
13.245644722,-0.0195,0.0396,0.9907,0.992
13.246944222,-0.0200,0.0408,0.9916,0.993
13.248254837,-0.0235,0.0396,0.9914,0.992
13.249143683,-0.0244,0.0391,0.9899,0.991
13.251886568,-0.0261,0.0371,0.9904,0.991
13.253381106,-0.0261,0.0369,0.9894,0.990
13.259779799,-0.0257,0.0354,0.9929,0.994
13.261454876,-0.0259,0.0347,0.9936,0.995
13.262561029,-0.0279,0.0308,0.9980,0.999
13.263371837,-0.0286,0.0300,0.9997,1.001
13.264568683,-0.0286,0.0276,1.0046,1.005
13.265632645,-0.0276,0.0266,1.0087,1.009
13.266895452,-0.0293,0.0259,1.0109,1.012
13.267968722,-0.0300,0.0227,1.0126,1.013
13.26977026,-0.0281,0.0203,1.0153,1.016
13.272941837,-0.0296,0.0203,1.0175,1.018
13.273574414,-0.0281,0.0203,1.0190,1.020
13.275668452,-0.0266,0.0205,1.0183,1.019
13.277375029,-0.0269,0.0183,1.0188,1.019
13.279811991,-0.0254,0.0186,1.0178,1.018
13.281172952,-0.0235,0.0188,1.0180,1.018
13.283345145,-0.0230,0.0188,1.0156,1.016
13.285188645,-0.0203,0.0203,1.0129,1.013
13.287445068,-0.0208,0.0193,1.0119,1.012
13.289907068,-0.0208,0.0200,1.0105,1.011
13.291148106,-0.0198,0.0210,1.0100,1.010
13.293004145,-0.0200,0.0217,1.0085,1.009
13.295315799,-0.0205,0.0232,1.0080,1.008
13.297266222,-0.0215,0.0232,1.0061,1.007
13.298979183,-0.0208,0.0227,1.0061,1.007
13.301018568,-0.0215,0.0232,1.0058,1.006
13.303085837,-0.0225,0.0232,1.0048,1.005
13.306684645,-0.0225,0.0244,1.0036,1.004
13.307370683,-0.0237,0.0259,1.0031,1.004
13.309183837,-0.0237,0.0261,1.0026,1.003
13.311105029,-0.0254,0.0259,1.0017,1.002
13.312941068,-0.0254,0.0259,1.0004,1.001
13.314900029,-0.0266,0.0279,0.9995,1.000
13.316995568,-0.0257,0.0276,1.0004,1.001
13.318945529,-0.0261,0.0271,1.0002,1.001
13.320644529,-0.0261,0.0276,0.9995,1.000
13.325503222,-0.0247,0.0281,0.9973,0.998
13.32606076,-0.0254,0.0286,0.9938,0.995
13.326932529,-0.0266,0.0305,0.9929,0.994
13.328574068,-0.0259,0.0320,0.9909,0.992
13.330611183,-0.0257,0.0310,0.9887,0.990
13.332609145,-0.0249,0.0296,0.9880,0.989
13.33466126,-0.0264,0.0303,0.9860,0.987
13.336584645,-0.0252,0.0310,0.9850,0.986
13.339422337,-0.0252,0.0308,0.9853,0.986
13.340997299,-0.0249,0.0296,0.9863,0.987
13.342682414,-0.0281,0.0296,0.9885,0.989
13.344414375,-0.0279,0.0296,0.9897,0.991
13.346356491,-0.0279,0.0271,0.9938,0.995
13.34832976,-0.0283,0.0274,0.9970,0.998
13.350188683,-0.0276,0.0281,1.0017,1.002
13.352065914,-0.0296,0.0264,1.0068,1.008
13.354161375,-0.0291,0.0247,1.0092,1.010
13.356160952,-0.0298,0.0237,1.0134,1.014
13.358182837,-0.0325,0.0225,1.0156,1.016
13.360176414,-0.0327,0.0220,1.0170,1.018
13.362099568,-0.0332,0.0225,1.0192,1.020
13.364060722,-0.0327,0.0215,1.0195,1.020
13.366156029,-0.0320,0.0195,1.0192,1.020
13.367962414,-0.0308,0.0193,1.0168,1.017
13.370051606,-0.0308,0.0203,1.0168,1.017
13.372489645,-0.0320,0.0217,1.0119,1.013
13.37479876,-0.0308,0.0205,1.0083,1.009
13.37618026,-0.0298,0.0208,1.0061,1.007
13.378043991,-0.0288,0.0183,1.0019,1.002
13.379951837,-0.0279,0.0191,0.9982,0.999
13.382021799,-0.0279,0.0195,0.9968,0.997
13.384169568,-0.0269,0.0200,0.9941,0.995
13.38602226,-0.0269,0.0203,0.9936,0.994
13.388298452,-0.0271,0.0220,0.9899,0.991
13.391226068,-0.0264,0.0195,0.9880,0.989
13.392877299,-0.0261,0.0191,0.9882,0.989
13.394397914,-0.0257,0.0191,0.9885,0.989
13.395705875,-0.0244,0.0213,0.9894,0.990
13.397751145,-0.0230,0.0215,0.9902,0.991
13.399750529,-0.0235,0.0215,0.9912,0.992
13.401563452,-0.0225,0.0213,0.9914,0.992
13.40354676,-0.0230,0.0215,0.9924,0.993
13.406643645,-0.0242,0.0225,0.9941,0.995
13.408175222,-0.0244,0.0235,0.9938,0.994
13.409648414,-0.0244,0.0247,0.9941,0.995
13.411419375,-0.0254,0.0252,0.9938,0.994
13.413427337,-0.0247,0.0259,0.9936,0.994
13.415539375,-0.0230,0.0266,0.9931,0.994
13.417452991,-0.0225,0.0264,0.9926,0.993
13.419299875,-0.0203,0.0254,0.9931,0.994
13.421413068,-0.0200,0.0269,0.9941,0.995
13.431198298,-0.0203,0.0281,0.9963,0.997
13.432664183,-0.0220,0.0281,1.0014,1.002
13.433703145,-0.0225,0.0276,1.0031,1.004
13.434835529,-0.0239,0.0293,1.0100,1.011
13.435959298,-0.0254,0.0286,1.0166,1.017
13.437136068,-0.0249,0.0286,1.0175,1.018
13.438688029,-0.0257,0.0271,1.0170,1.018
13.439441298,-0.0269,0.0291,1.0156,1.016
13.439940683,-0.0279,0.0293,1.0136,1.014
13.443468337,-0.0293,0.0281,1.0090,1.010
13.444710798,-0.0303,0.0283,1.0039,1.005
13.445098068,-0.0310,0.0281,1.0007,1.002
13.447656414,-0.0300,0.0281,0.9963,0.997
13.448842798,-0.0293,0.0281,0.9926,0.993
13.450813722,-0.0283,0.0291,0.9853,0.986
13.453353414,-0.0269,0.0310,0.9819,0.983
13.455538298,-0.0254,0.0313,0.9809,0.982
13.457938145,-0.0244,0.0322,0.9753,0.976
13.458684145,-0.0235,0.0305,0.9723,0.973
13.461214645,-0.0232,0.0315,0.9723,0.973
13.462786798,-0.0227,0.0330,0.9716,0.972
13.464700606,-0.0227,0.0344,0.9719,0.973
13.46678726,-0.0227,0.0337,0.9748,0.976
13.46894676,-0.0220,0.0340,0.9794,0.980
13.470771068,-0.0215,0.0349,0.9824,0.983
13.473273414,-0.0217,0.0340,0.9919,0.993
13.474580068,-0.0244,0.0318,1.0002,1.001
13.477022337,-0.0257,0.0325,1.0046,1.005
13.47853176,-0.0252,0.0330,1.0117,1.013
13.480583952,-0.0254,0.0325,1.0161,1.017
13.482389298,-0.0271,0.0325,1.0244,1.025
13.484512991,-0.0291,0.0322,1.0288,1.030
13.486224452,-0.0293,0.0322,1.0302,1.031
13.490077222,-0.0291,0.0310,1.0341,1.035
13.490943683,-0.0305,0.0288,1.0319,1.033
13.492541875,-0.0305,0.0286,1.0315,1.032
13.49433476,-0.0286,0.0283,1.0317,1.032
13.496438722,-0.0279,0.0283,1.0310,1.032
13.498198414,-0.0276,0.0279,1.0280,1.029
13.500425645,-0.0274,0.0291,1.0246,1.025
13.502221145,-0.0269,0.0291,1.0229,1.024
13.50417976,-0.0249,0.0291,1.0175,1.018
13.507786529,-0.0222,0.0281,1.0126,1.013
13.509183491,-0.0220,0.0274,1.0095,1.010
13.510481837,-0.0186,0.0283,1.0048,1.005
13.512143375,-0.0178,0.0271,1.0031,1.004
13.513959068,-0.0156,0.0286,0.9977,0.998
13.516086183,-0.0132,0.0288,0.9946,0.995
13.51791126,-0.0120,0.0288,0.9931,0.994
13.520082452,-0.0105,0.0281,0.9899,0.990
13.521813221,-0.0086,0.0293,0.9875,0.988
13.53161026,-0.0078,0.0291,0.9865,0.987
13.533110221,-0.0078,0.0300,0.9824,0.983
13.534075798,-0.0083,0.0305,0.9816,0.982
13.535098068,-0.0083,0.0300,0.9811,0.982
13.536313452,-0.0098,0.0315,0.9853,0.986
13.537459606,-0.0098,0.0313,0.9863,0.987
13.538820914,-0.0083,0.0296,0.9894,0.990
13.540077683,-0.0095,0.0300,0.9909,0.991
13.541236875,-0.0107,0.0293,0.9924,0.993
13.542566106,-0.0147,0.0286,0.9958,0.996
13.543271875,-0.0159,0.0288,0.9985,0.999
13.545462337,-0.0166,0.0293,1.0012,1.002
13.547601529,-0.0176,0.0305,1.0043,1.005
13.549260645,-0.0195,0.0300,1.0070,1.008
13.551149837,-0.0225,0.0300,1.0097,1.010
13.553121298,-0.0220,0.0305,1.0107,1.011
13.555676606,-0.0230,0.0296,1.0156,1.016
13.558088452,-0.0244,0.0298,1.0153,1.016
13.559349952,-0.0254,0.0300,1.0166,1.017
13.561260875,-0.0252,0.0318,1.0168,1.018
13.563280991,-0.0239,0.0325,1.0153,1.016
13.565125068,-0.0235,0.0322,1.0151,1.016
13.567346414,-0.0237,0.0337,1.0161,1.017
13.568990452,-0.0244,0.0332,1.0158,1.017
13.571052106,-0.0235,0.0327,1.0112,1.012
13.573371375,-0.0208,0.0305,1.0087,1.009
13.575194491,-0.0200,0.0300,1.0073,1.008
13.576961298,-0.0215,0.0288,1.0051,1.006
13.57918676,-0.0227,0.0276,1.0061,1.007
13.580854221,-0.0225,0.0283,1.0056,1.006
13.583391106,-0.0208,0.0291,1.0012,1.002
13.585021606,-0.0205,0.0300,0.9992,1.000
13.586809221,-0.0208,0.0291,0.9943,0.995
13.590172721,-0.0210,0.0298,0.9929,0.994
13.591558106,-0.0213,0.0303,0.9902,0.991
13.592700837,-0.0222,0.0310,0.9875,0.988
13.594999375,-0.0220,0.0303,0.9853,0.986
13.596640145,-0.0217,0.0296,0.9850,0.986
13.598601337,-0.0235,0.0291,0.9833,0.984
13.600843221,-0.0242,0.0276,0.9824,0.983
13.602856221,-0.0254,0.0286,0.9819,0.983
13.604774721,-0.0257,0.0286,0.9804,0.981
13.608730721,-0.0257,0.0288,0.9814,0.982
13.610539221,-0.0254,0.0279,0.9838,0.985
13.612390914,-0.0249,0.0269,0.9833,0.984
13.613542914,-0.0242,0.0281,0.9848,0.985
13.614771183,-0.0237,0.0276,0.9870,0.988
13.616419491,-0.0235,0.0261,0.9877,0.988
13.61849126,-0.0257,0.0257,0.9894,0.990
13.620790721,-0.0257,0.0259,0.9897,0.990
13.631366106,-0.0269,0.0254,0.9912,0.992
13.63293976,-0.0261,0.0230,0.9946,0.995
13.634159914,-0.0274,0.0230,0.9968,0.997
13.635323952,-0.0266,0.0242,0.9985,0.999
13.636545875,-0.0283,0.0254,1.0017,1.002
13.638142375,-0.0283,0.0252,1.0024,1.003
13.639921029,-0.0283,0.0242,1.0043,1.005
13.64115726,-0.0279,0.0230,1.0078,1.008
13.642531721,-0.0276,0.0232,1.0092,1.010
13.643473837,-0.0281,0.0239,1.0107,1.011
13.643875298,-0.0274,0.0227,1.0126,1.013
13.644289298,-0.0276,0.0232,1.0129,1.014
13.646136221,-0.0279,0.0242,1.0146,1.015
13.647803991,-0.0276,0.0237,1.0136,1.014
13.649789837,-0.0303,0.0244,1.0148,1.016
13.651859798,-0.0313,0.0254,1.0141,1.015
13.654087952,-0.0315,0.0264,1.0139,1.015
13.656661337,-0.0300,0.0259,1.0109,1.012
13.657829183,-0.0318,0.0279,1.0085,1.009
13.659595491,-0.0320,0.0293,1.0068,1.008
13.661477375,-0.0322,0.0298,1.0056,1.007
13.663640606,-0.0322,0.0308,1.0053,1.006
13.665415529,-0.0330,0.0303,1.0017,1.003
13.667622529,-0.0322,0.0305,0.9987,1.000
13.669313991,-0.0335,0.0315,0.9977,0.999
13.671802183,-0.0359,0.0318,0.9987,1.000
13.67406926,-0.0379,0.0322,0.9975,0.999
13.675967068,-0.0381,0.0313,0.9987,1.000
13.677602875,-0.0391,0.0300,0.9985,1.000
13.679583952,-0.0381,0.0305,0.9985,1.000
13.68149826,-0.0381,0.0298,0.9987,1.000
13.683461875,-0.0396,0.0318,0.9995,1.001
13.68512926,-0.0396,0.0310,0.9992,1.000
13.687294298,-0.0374,0.0313,0.9999,1.001
13.690715298,-0.0364,0.0327,1.0002,1.001
13.691781491,-0.0364,0.0325,1.0014,1.003
13.694566952,-0.0337,0.0325,1.0048,1.006
13.695414529,-0.0337,0.0318,1.0068,1.008
13.696963414,-0.0344,0.0322,1.0087,1.010
13.698989606,-0.0344,0.0293,1.0114,1.012
13.700993606,-0.0327,0.0288,1.0134,1.014
13.702741029,-0.0298,0.0288,1.0146,1.015
13.704977875,-0.0286,0.0293,1.0148,1.016
13.707865644,-0.0291,0.0291,1.0146,1.015
13.709375721,-0.0296,0.0283,1.0134,1.014
13.710837375,-0.0291,0.0293,1.0112,1.012
13.712715644,-0.0269,0.0279,1.0105,1.011
13.714699914,-0.0281,0.0276,1.0095,1.010
13.716870529,-0.0286,0.0271,1.0065,1.007
13.718728568,-0.0281,0.0266,1.0017,1.002
13.72066626,-0.0283,0.0276,0.9990,1.000
13.731465991,-0.0257,0.0281,0.9953,0.996
13.732980644,-0.0254,0.0264,0.9919,0.993
13.733874568,-0.0254,0.0274,0.9902,0.991
13.73486676,-0.0261,0.0281,0.9858,0.987
13.735901683,-0.0264,0.0274,0.9824,0.983
13.736830029,-0.0259,0.0264,0.9809,0.982
13.737869144,-0.0257,0.0271,0.9789,0.980
13.738968837,-0.0252,0.0269,0.9787,0.979
13.739890067,-0.0264,0.0283,0.9762,0.977
13.74097626,-0.0254,0.0303,0.9760,0.977
13.747624837,-0.0242,0.0313,0.9762,0.977
13.749082606,-0.0244,0.0313,0.9782,0.979
13.749943452,-0.0230,0.0320,0.9802,0.981
13.750890837,-0.0217,0.0332,0.9819,0.983
13.753478221,-0.0217,0.0340,0.9843,0.985
13.754535029,-0.0213,0.0342,0.9863,0.987
13.755674644,-0.0203,0.0327,0.9912,0.992
13.756687914,-0.0220,0.0325,0.9948,0.996
13.759412952,-0.0230,0.0322,0.9963,0.997
13.760849914,-0.0230,0.0332,0.9970,0.998
13.762014221,-0.0252,0.0327,1.0002,1.001
13.764156298,-0.0264,0.0318,1.0012,1.002
13.765906721,-0.0274,0.0313,1.0031,1.004
13.76815076,-0.0296,0.0310,1.0063,1.007
13.769958606,-0.0300,0.0303,1.0078,1.009
13.772184529,-0.0322,0.0288,1.0100,1.011
13.77514726,-0.0337,0.0283,1.0105,1.011
13.776660644,-0.0352,0.0279,1.0131,1.014
13.778039298,-0.0357,0.0269,1.0136,1.015
13.779817991,-0.0357,0.0271,1.0129,1.014
13.781665067,-0.0344,0.0279,1.0124,1.013
13.783951221,-0.0342,0.0279,1.0124,1.013
13.785586183,-0.0344,0.0281,1.0114,1.012
13.787772183,-0.0332,0.0276,1.0107,1.012
13.790624914,-0.0330,0.0279,1.0109,1.012
13.792179067,-0.0300,0.0296,1.0126,1.014
13.793786106,-0.0281,0.0274,1.0126,1.013
13.795836144,-0.0266,0.0276,1.0134,1.014
13.797613375,-0.0252,0.0305,1.0151,1.016
13.799750606,-0.0230,0.0313,1.0175,1.018
13.801624337,-0.0230,0.0305,1.0188,1.019
13.803640991,-0.0210,0.0300,1.0200,1.021
13.80570176,-0.0203,0.0291,1.0210,1.022
13.808720183,-0.0193,0.0296,1.0207,1.021
13.810149606,-0.0188,0.0313,1.0205,1.021
13.811726414,-0.0183,0.0318,1.0183,1.019
13.813319606,-0.0154,0.0310,1.0163,1.017
13.815464529,-0.0147,0.0310,1.0136,1.014
13.817245375,-0.0139,0.0310,1.0124,1.013
13.819339414,-0.0132,0.0327,1.0090,1.010
13.822196106,-0.0117,0.0327,1.0048,1.005
13.832853029,-0.0120,0.0322,0.9999,1.001
13.83434976,-0.0115,0.0332,0.9968,0.997
13.835419029,-0.0103,0.0325,0.9946,0.995
13.83629926,-0.0115,0.0313,0.9863,0.987
13.837313221,-0.0125,0.0325,0.9843,0.985
13.83854576,-0.0129,0.0330,0.9826,0.983
13.839029644,-0.0151,0.0318,0.9787,0.979
13.839665144,-0.0159,0.0315,0.9772,0.978
13.839922837,-0.0181,0.0305,0.9736,0.974
13.845577875,-0.0188,0.0303,0.9697,0.970
13.846045952,-0.0200,0.0296,0.9682,0.969
13.846318567,-0.0249,0.0318,0.9633,0.964
13.846967606,-0.0283,0.0322,0.9613,0.962
13.848501914,-0.0281,0.0318,0.9606,0.962
13.85061426,-0.0296,0.0300,0.9587,0.960
13.852538337,-0.0300,0.0298,0.9565,0.957
13.854565529,-0.0303,0.0293,0.9555,0.956
13.856723067,-0.0279,0.0274,0.9545,0.955
13.858720337,-0.0266,0.0261,0.9547,0.955
13.864440529,-0.0261,0.0254,0.9611,0.962
13.864744298,-0.0271,0.0244,0.9640,0.965
13.864966798,-0.0279,0.0227,0.9660,0.967
13.866600298,-0.0300,0.0230,0.9733,0.974
13.868398067,-0.0313,0.0230,0.9777,0.978
13.870450837,-0.0332,0.0213,0.9890,0.990
13.872309452,-0.0330,0.0220,1.0046,1.005
13.874158298,-0.0320,0.0215,1.0126,1.013
13.876170798,-0.0318,0.0200,1.0310,1.032
13.879151644,-0.0293,0.0195,1.0388,1.039
13.88025826,-0.0298,0.0186,1.0517,1.052
13.882381414,-0.0283,0.0186,1.0622,1.063
13.884171875,-0.0276,0.0186,1.0647,1.065
13.886053221,-0.0259,0.0198,1.0666,1.067
13.888128029,-0.0232,0.0181,1.0664,1.067
13.89059849,-0.0232,0.0183,1.0647,1.065
13.893022106,-0.0225,0.0220,1.0564,1.057
13.89400026,-0.0208,0.0220,1.0461,1.047
13.897218452,-0.0198,0.0203,1.0398,1.040
13.897831298,-0.0203,0.0222,1.0263,1.027
13.899907644,-0.0198,0.0225,1.0188,1.019
13.901794606,-0.0195,0.0230,1.0026,1.003
13.903852452,-0.0200,0.0257,0.9877,0.988
13.909463683,-0.0195,0.0261,0.9799,0.980
13.910024683,-0.0176,0.0269,0.9677,0.968
13.910334106,-0.0173,0.0293,0.9613,0.962
13.911795683,-0.0173,0.0313,0.9584,0.959
13.91671976,-0.0159,0.0315,0.9535,0.954
13.916981029,-0.0169,0.0327,0.9538,0.954
13.917625414,-0.0178,0.0330,0.9565,0.957
13.919740798,-0.0173,0.0332,0.9591,0.960
13.921527606,-0.0173,0.0337,0.9613,0.962
13.92372426,-0.0181,0.0340,0.9672,0.968
13.925633914,-0.0171,0.0342,0.9750,0.976
13.930657029,-0.0166,0.0340,0.9797,0.980
13.930927337,-0.0188,0.0325,0.9880,0.989
13.931520298,-0.0193,0.0322,0.9912,0.992
13.933604414,-0.0210,0.0335,0.9973,0.998
13.935486067,-0.0227,0.0335,1.0031,1.004
13.937353414,-0.0227,0.0340,1.0041,1.005
13.94041899,-0.0222,0.0347,1.0068,1.008
13.942577452,-0.0213,0.0342,1.0087,1.010
13.94347676,-0.0215,0.0332,1.0087,1.010
13.945275452,-0.0213,0.0332,1.0100,1.011
13.947362798,-0.0205,0.0340,1.0092,1.010
13.949345837,-0.0198,0.0318,1.0056,1.006
13.951308721,-0.0205,0.0337,1.0043,1.005
13.953433567,-0.0191,0.0327,1.0026,1.003
13.955258029,-0.0191,0.0315,1.0014,1.002
13.95838349,-0.0193,0.0330,0.9970,0.998
13.960005375,-0.0186,0.0347,0.9968,0.998
13.96115676,-0.0181,0.0335,0.9973,0.998
13.963353337,-0.0164,0.0337,0.9980,0.999
13.96530176,-0.0149,0.0352,0.9987,0.999
13.96736849,-0.0132,0.0362,1.0009,1.002
13.96905826,-0.0134,0.0376,1.0021,1.003
13.97126476,-0.0142,0.0371,1.0048,1.006
13.975424144,-0.0161,0.0374,1.0075,1.008
13.976794837,-0.0164,0.0379,1.0095,1.010
13.977805029,-0.0169,0.0396,1.0146,1.016
13.979290644,-0.0173,0.0388,1.0180,1.019
13.980952606,-0.0193,0.0381,1.0195,1.020
13.982980683,-0.0195,0.0371,1.0205,1.021
13.985058067,-0.0205,0.0366,1.0219,1.023
13.987058952,-0.0213,0.0357,1.0234,1.024
13.990114529,-0.0220,0.0337,1.0244,1.025
13.991261837,-0.0222,0.0322,1.0239,1.025
13.993752606,-0.0237,0.0300,1.0227,1.023
13.995308952,-0.0232,0.0286,1.0234,1.024
13.996899798,-0.0222,0.0281,1.0236,1.024
13.999689337,-0.0232,0.0274,1.0234,1.024
14.000733413,-0.0232,0.0274,1.0210,1.022
14.00273749,-0.0222,0.0252,1.0180,1.019
14.004681106,-0.0225,0.0235,1.0144,1.015
14.008200452,-0.0227,0.0230,1.0129,1.013
14.009907298,-0.0220,0.0230,1.0095,1.010
14.011512644,-0.0210,0.0244,1.0043,1.005
14.012829913,-0.0213,0.0244,1.0014,1.002
14.01456126,-0.0200,0.0237,0.9970,0.997
14.016580683,-0.0208,0.0239,0.9953,0.996
14.01856376,-0.0208,0.0230,0.9919,0.992
14.020737144,-0.0195,0.0237,0.9880,0.988
14.022961221,-0.0183,0.0242,0.9877,0.988
14.034459837,-0.0195,0.0252,0.9860,0.987
14.036011837,-0.0198,0.0249,0.9848,0.985
14.03717049,-0.0205,0.0247,0.9828,0.983
14.03875476,-0.0188,0.0244,0.9828,0.983
14.040162298,-0.0193,0.0244,0.9836,0.984
14.042054644,-0.0210,0.0254,0.9855,0.986
14.043231837,-0.0198,0.0254,0.9885,0.989
14.044719952,-0.0200,0.0257,0.9894,0.990
14.045988413,-0.0195,0.0244,0.9955,0.996
14.047501644,-0.0193,0.0244,0.9997,1.000
14.048513144,-0.0200,0.0257,1.0024,1.003
14.049391221,-0.0225,0.0239,1.0056,1.006
14.050543567,-0.0222,0.0242,1.0073,1.008
14.051021913,-0.0222,0.0247,1.0090,1.010
14.05262426,-0.0247,0.0239,1.0124,1.013
14.053644721,-0.0244,0.0225,1.0134,1.014
14.056156144,-0.0249,0.0215,1.0163,1.017
14.063268798,-0.0249,0.0210,1.0183,1.019
14.063690683,-0.0249,0.0200,1.0185,1.019
14.063928875,-0.0242,0.0193,1.0185,1.019
14.06416299,-0.0247,0.0200,1.0197,1.020
14.06573726,-0.0259,0.0215,1.0202,1.021
14.067968683,-0.0261,0.0191,1.0200,1.020
14.069755375,-0.0261,0.0181,1.0183,1.019
14.071898875,-0.0242,0.0181,1.0158,1.016
14.074207221,-0.0235,0.0200,1.0131,1.014
14.075714413,-0.0235,0.0208,1.0119,1.012
14.077597183,-0.0213,0.0200,1.0095,1.010
14.079775298,-0.0210,0.0203,1.0080,1.008
14.081462221,-0.0215,0.0213,1.0075,1.008
14.083772952,-0.0203,0.0217,1.0034,1.004
14.085430836,-0.0203,0.0215,1.0024,1.003
14.087769452,-0.0208,0.0227,0.9995,1.000
14.089481106,-0.0208,0.0249,0.9958,0.996
14.092629644,-0.0205,0.0259,0.9951,0.996
14.093562798,-0.0222,0.0249,0.9943,0.995
14.095503798,-0.0237,0.0259,0.9941,0.995
14.097244683,-0.0235,0.0286,0.9916,0.992
14.099320183,-0.0225,0.0281,0.9924,0.993
14.101188183,-0.0227,0.0279,0.9904,0.991
14.10328826,-0.0217,0.0274,0.9897,0.990
14.105229606,-0.0225,0.0283,0.9877,0.988
14.115397375,-0.0232,0.0300,0.9892,0.990
14.116515798,-0.0242,0.0300,0.9909,0.992
14.11733799,-0.0249,0.0300,0.9907,0.991
14.11811826,-0.0242,0.0288,0.9904,0.991
14.119085375,-0.0252,0.0291,0.9909,0.992
14.120104106,-0.0259,0.0298,0.9921,0.993
14.129521106,-0.0276,0.0288,0.9929,0.994
14.130681144,-0.0266,0.0291,0.9943,0.995
14.13141576,-0.0264,0.0308,0.9941,0.995
14.132099298,-0.0271,0.0298,0.9968,0.998
14.132823413,-0.0261,0.0305,0.9973,0.998
14.133519875,-0.0261,0.0303,1.0002,1.001
14.134206836,-0.0274,0.0300,1.0029,1.004
14.135116029,-0.0276,0.0303,1.0029,1.004
14.135894683,-0.0276,0.0300,1.0034,1.004
14.136702836,-0.0274,0.0291,1.0039,1.005
14.138573183,-0.0264,0.0288,1.0051,1.006
14.141279067,-0.0259,0.0293,1.0051,1.006
14.143343567,-0.0264,0.0298,1.0036,1.004
14.144344721,-0.0266,0.0305,0.9997,1.001
14.146641375,-0.0271,0.0300,0.9997,1.001
14.148319106,-0.0269,0.0293,0.9992,1.000
14.150330336,-0.0269,0.0283,0.9948,0.996
14.152307375,-0.0266,0.0298,0.9929,0.994
14.154342375,-0.0266,0.0305,0.9897,0.991
14.156543836,-0.0276,0.0305,0.9872,0.988
14.159136029,-0.0261,0.0298,0.9860,0.987
14.160326413,-0.0257,0.0274,0.9846,0.985
14.162403452,-0.0249,0.0288,0.9816,0.982
14.164188836,-0.0264,0.0296,0.9838,0.985
14.166163721,-0.0271,0.0283,0.9897,0.990
14.168262644,-0.0264,0.0279,0.9916,0.992
14.170468798,-0.0269,0.0269,0.9982,0.999
14.172363452,-0.0261,0.0283,1.0019,1.003
14.17547199,-0.0244,0.0286,1.0031,1.004
14.179354875,-0.0239,0.0281,1.0063,1.007
14.180557529,-0.0259,0.0274,1.0083,1.009
14.181476683,-0.0242,0.0271,1.0083,1.009
14.182641067,-0.0242,0.0247,1.0070,1.008
14.184250029,-0.0237,0.0244,1.0056,1.006
14.185896144,-0.0227,0.0269,1.0007,1.001
14.188026683,-0.0225,0.0259,0.9968,0.997
14.191973759,-0.0215,0.0261,0.9933,0.994
14.193341298,-0.0203,0.0271,0.9870,0.988
14.194518029,-0.0215,0.0264,0.9838,0.984
14.19572699,-0.0220,0.0257,0.9828,0.983
14.197588067,-0.0220,0.0271,0.9821,0.983
14.199543452,-0.0208,0.0276,0.9804,0.981
14.201578298,-0.0210,0.0279,0.9809,0.982
14.203419413,-0.0205,0.0281,0.9826,0.983
14.205418798,-0.0200,0.0274,0.9850,0.986
14.208377529,-0.0195,0.0264,0.9907,0.991
14.209943375,-0.0191,0.0257,0.9958,0.996
14.211562106,-0.0208,0.0269,0.9985,0.999
14.213400144,-0.0215,0.0261,1.0031,1.004
14.215358221,-0.0215,0.0247,1.0065,1.007
14.217286067,-0.0220,0.0239,1.0107,1.011
14.219478683,-0.0242,0.0232,1.0122,1.013
14.221193913,-0.0247,0.0237,1.0136,1.014
14.231772836,-0.0239,0.0244,1.0156,1.016
14.233292759,-0.0247,0.0257,1.0173,1.018
14.234338644,-0.0239,0.0252,1.0180,1.019
14.235483567,-0.0269,0.0247,1.0188,1.019
14.237231721,-0.0261,0.0257,1.0183,1.019
14.238447567,-0.0244,0.0261,1.0190,1.020
14.239617875,-0.0230,0.0257,1.0197,1.020
14.240593759,-0.0227,0.0247,1.0195,1.020
14.241802221,-0.0200,0.0239,1.0195,1.020
14.242896798,-0.0203,0.0235,1.0195,1.020
14.243183836,-0.0191,0.0244,1.0195,1.020
14.246854375,-0.0154,0.0244,1.0173,1.018
14.247284606,-0.0164,0.0249,1.0166,1.017
14.249034952,-0.0178,0.0286,1.0144,1.015
14.25082199,-0.0191,0.0305,1.0122,1.013
14.252750644,-0.0193,0.0303,1.0107,1.011
14.254954952,-0.0200,0.0298,1.0102,1.011
14.257791413,-0.0193,0.0291,1.0083,1.009
14.258985836,-0.0181,0.0296,1.0063,1.007
14.260920336,-0.0191,0.0308,1.0029,1.004
14.262850644,-0.0200,0.0310,1.0017,1.002
14.264805529,-0.0188,0.0322,1.0021,1.003
14.266699875,-0.0200,0.0337,1.0004,1.001
14.268837183,-0.0208,0.0347,0.9982,0.999
14.270660221,-0.0210,0.0337,0.9965,0.997
14.272927298,-0.0237,0.0342,0.9963,0.997
14.275365529,-0.0225,0.0335,0.9968,0.998
14.277108798,-0.0222,0.0332,0.9980,0.999
14.278349875,-0.0227,0.0327,0.9968,0.998
14.280412336,-0.0254,0.0313,0.9965,0.997
14.282529144,-0.0274,0.0305,0.9970,0.998
14.284903759,-0.0288,0.0298,0.9968,0.998
14.286317221,-0.0305,0.0296,0.9955,0.996
14.288838336,-0.0313,0.0308,0.9963,0.997
14.292345606,-0.0303,0.0308,0.9946,0.996
14.293431029,-0.0293,0.0298,0.9946,0.995
14.294709298,-0.0303,0.0291,0.9953,0.996
14.296510836,-0.0298,0.0291,0.9953,0.996
14.298438067,-0.0288,0.0279,0.9960,0.997
14.300307144,-0.0286,0.0276,0.9941,0.995
14.302424067,-0.0269,0.0286,0.9936,0.994
14.304346029,-0.0239,0.0283,0.9931,0.994
14.306364875,-0.0227,0.0286,0.9921,0.993
14.316471067,-0.0217,0.0281,0.9897,0.990
14.318016644,-0.0210,0.0281,0.9894,0.990
14.319198875,-0.0203,0.0286,0.9882,0.989
14.320206106,-0.0205,0.0271,0.9877,0.988
14.321377067,-0.0198,0.0276,0.9875,0.988
14.327408798,-0.0183,0.0271,0.9870,0.988
14.329060413,-0.0198,0.0266,0.9904,0.991
14.330315375,-0.0213,0.0252,0.9916,0.992
14.331227913,-0.0217,0.0261,0.9938,0.994
14.332572067,-0.0225,0.0269,0.9953,0.996
14.333636106,-0.0235,0.0274,0.9982,0.999
14.334842682,-0.0239,0.0266,0.9995,1.000
14.335864529,-0.0239,0.0264,1.0009,1.002
14.336737913,-0.0269,0.0266,1.0056,1.006
14.337518836,-0.0305,0.0283,1.0058,1.007
14.33855149,-0.0308,0.0288,1.0075,1.008
14.340147721,-0.0318,0.0288,1.0080,1.009
14.342511106,-0.0322,0.0291,1.0085,1.009
14.343567336,-0.0327,0.0308,1.0087,1.010
14.345507259,-0.0337,0.0303,1.0075,1.009
14.347674836,-0.0340,0.0308,1.0068,1.008
14.34948899,-0.0362,0.0308,1.0080,1.009
14.351831144,-0.0344,0.0305,1.0095,1.011
14.353416606,-0.0337,0.0305,1.0100,1.011
14.35569049,-0.0344,0.0298,1.0087,1.010
14.358389759,-0.0349,0.0293,1.0080,1.009
14.359570606,-0.0347,0.0293,1.0070,1.008
14.362637798,-0.0344,0.0310,1.0075,1.009
14.36338149,-0.0340,0.0310,1.0078,1.009
14.365296567,-0.0322,0.0308,1.0063,1.007
14.367825567,-0.0296,0.0320,1.0043,1.005
14.375947567,-0.0279,0.0308,1.0026,1.003
14.376738452,-0.0269,0.0291,1.0012,1.002
14.377150875,-0.0242,0.0303,1.0004,1.001
14.377540529,-0.0227,0.0303,0.9992,1.000
14.377907529,-0.0217,0.0300,0.9958,0.996
14.379076298,-0.0205,0.0308,0.9955,0.996
14.380857682,-0.0193,0.0305,0.9951,0.996
14.383214952,-0.0186,0.0293,0.9943,0.995
14.384933413,-0.0171,0.0291,0.9926,0.993
14.387256529,-0.0178,0.0276,0.9919,0.992
14.388890567,-0.0186,0.0276,0.9919,0.992
14.393047105,-0.0178,0.0266,0.9899,0.990
14.393761875,-0.0191,0.0249,0.9880,0.988
14.397479259,-0.0188,0.0247,0.9877,0.988
14.397975605,-0.0176,0.0252,0.9860,0.986
14.399460682,-0.0191,0.0254,0.9853,0.986
14.400686875,-0.0195,0.0252,0.9860,0.987
14.402648721,-0.0200,0.0254,0.9855,0.986
14.40454899,-0.0213,0.0261,0.9858,0.986
14.406441336,-0.0232,0.0269,0.9875,0.988
14.40874349,-0.0242,0.0261,0.9860,0.987
14.411148259,-0.0247,0.0254,0.9870,0.988
14.412452952,-0.0259,0.0247,0.9892,0.990
14.414445644,-0.0254,0.0242,0.9912,0.992
14.41671749,-0.0261,0.0249,0.9933,0.994
14.418383529,-0.0257,0.0239,0.9958,0.996
14.420566182,-0.0257,0.0239,0.9970,0.998
14.422174259,-0.0249,0.0230,1.0012,1.002
14.429911913,-0.0232,0.0227,1.0017,1.002
14.430808567,-0.0239,0.0237,1.0019,1.002
14.431382567,-0.0237,0.0227,1.0021,1.003
14.431799567,-0.0225,0.0225,1.0019,1.002
14.432213721,-0.0222,0.0220,1.0039,1.004
14.433975952,-0.0205,0.0235,1.0063,1.007
14.436083105,-0.0208,0.0242,1.0078,1.008
14.437936029,-0.0191,0.0232,1.0092,1.010
14.443255644,-0.0181,0.0235,1.0100,1.010
14.444141952,-0.0171,0.0252,1.0097,1.010
14.44456449,-0.0154,0.0266,1.0095,1.010
14.445923336,-0.0149,0.0274,1.0095,1.010
14.447897067,-0.0142,0.0266,1.0114,1.012
14.449535067,-0.0137,0.0261,1.0124,1.013
14.451719413,-0.0137,0.0276,1.0129,1.013
14.453558029,-0.0142,0.0291,1.0129,1.013
14.455502682,-0.0144,0.0291,1.0139,1.014
14.458368798,-0.0137,0.0308,1.0156,1.016
14.459376452,-0.0149,0.0310,1.0146,1.015
14.461507682,-0.0154,0.0320,1.0139,1.014
14.463624913,-0.0159,0.0335,1.0114,1.012
14.465494336,-0.0181,0.0335,1.0122,1.013
14.467433605,-0.0181,0.0337,1.0117,1.012
14.469450721,-0.0208,0.0322,1.0102,1.011
14.471421836,-0.0213,0.0313,1.0095,1.010
14.473395221,-0.0208,0.0318,1.0075,1.008
14.476269952,-0.0205,0.0330,1.0036,1.004
14.478162529,-0.0227,0.0325,1.0012,1.002
14.479237067,-0.0232,0.0313,0.9982,0.999
14.481466759,-0.0225,0.0310,0.9938,0.995
14.483463029,-0.0222,0.0320,0.9921,0.993
14.485178336,-0.0230,0.0315,0.9872,0.988
14.487249298,-0.0232,0.0315,0.9843,0.985
14.489308836,-0.0257,0.0313,0.9816,0.982
14.492850605,-0.0254,0.0330,0.9792,0.980
14.494419644,-0.0261,0.0335,0.9765,0.977
14.495658298,-0.0276,0.0327,0.9780,0.979
14.497012105,-0.0279,0.0347,0.9775,0.978
14.499101798,-0.0281,0.0342,0.9772,0.978
14.500841413,-0.0274,0.0335,0.9792,0.980
14.502962836,-0.0271,0.0340,0.9799,0.981
14.504829067,-0.0257,0.0337,0.9824,0.983
14.506824028,-0.0235,0.0337,0.9860,0.987
14.509674221,-0.0239,0.0330,0.9877,0.989
14.511255375,-0.0220,0.0320,0.9916,0.992
14.51271149,-0.0198,0.0310,0.9951,0.996
14.514570644,-0.0193,0.0310,0.9970,0.998
14.51673499,-0.0169,0.0310,1.0017,1.002
14.518560144,-0.0176,0.0313,1.0036,1.004
14.520588067,-0.0181,0.0320,1.0080,1.009
14.522455721,-0.0171,0.0327,1.0126,1.013
14.532988875,-0.0164,0.0325,1.0146,1.015
14.534499413,-0.0139,0.0325,1.0185,1.019
14.535342952,-0.0110,0.0315,1.0214,1.022
14.536268067,-0.0093,0.0305,1.0232,1.024
14.537355759,-0.0098,0.0325,1.0258,1.026
14.544683644,-0.0090,0.0327,1.0258,1.026
14.546093298,-0.0071,0.0325,1.0276,1.028
14.547030605,-0.0056,0.0325,1.0266,1.027
14.547804298,-0.0049,0.0337,1.0258,1.026
14.548709798,-0.0034,0.0327,1.0236,1.024
14.549701259,-0.0020,0.0322,1.0227,1.023
14.550922221,-0.0020,0.0325,1.0212,1.022
14.552094298,-0.0020,0.0335,1.0200,1.021
14.553016298,-0.0017,0.0344,1.0183,1.019
14.553684605,0.0000,0.0369,1.0126,1.013
14.55477599,-0.0002,0.0359,1.0078,1.008
14.55628199,-0.0002,0.0366,1.0039,1.005
14.559415067,0.0010,0.0369,0.9960,0.997
14.56084049,0.0007,0.0349,0.9897,0.990
14.562498182,0.0000,0.0357,0.9865,0.987
14.56408249,-0.0044,0.0381,0.9814,0.982
14.565935452,-0.0071,0.0396,0.9780,0.979
14.568017298,-0.0103,0.0396,0.9750,0.976
14.569949721,-0.0144,0.0398,0.9697,0.971
14.571868913,-0.0171,0.0410,0.9667,0.968
14.573792221,-0.0208,0.0418,0.9609,0.962
14.576825759,-0.0252,0.0423,0.9560,0.957
14.578481298,-0.0281,0.0423,0.9547,0.956
14.579939452,-0.0308,0.0428,0.9535,0.955
14.581650875,-0.0313,0.0435,0.9521,0.954
14.583736836,-0.0342,0.0432,0.9504,0.952
14.585524682,-0.0342,0.0428,0.9506,0.952
14.58757699,-0.0340,0.0410,0.9508,0.952
14.589641067,-0.0325,0.0403,0.9565,0.958
14.59221049,-0.0300,0.0410,0.9604,0.962
14.593550259,-0.0276,0.0403,0.9626,0.964
14.59569399,-0.0257,0.0376,0.9706,0.972
14.597189336,-0.0247,0.0364,0.9748,0.976
14.599375067,-0.0205,0.0335,0.9853,0.986
14.601381105,-0.0171,0.0330,0.9999,1.001
14.60345449,-0.0159,0.0310,1.0053,1.006
14.605074182,-0.0149,0.0279,1.0190,1.019
14.608941182,-0.0154,0.0237,1.0302,1.031
14.609435028,-0.0161,0.0222,1.0339,1.034
14.611396644,-0.0154,0.0198,1.0427,1.043
14.613101182,-0.0147,0.0171,1.0464,1.047
14.615367375,-0.0159,0.0149,1.0503,1.050
14.617079836,-0.0164,0.0100,1.0534,1.054
14.619298413,-0.0173,0.0078,1.0544,1.055
14.621146951,-0.0183,0.0068,1.0559,1.056
14.623188298,-0.0171,0.0054,1.0559,1.056
14.635072259,-0.0169,0.0039,1.0544,1.055
14.636490144,-0.0173,0.0002,1.0508,1.051
14.637250759,-0.0166,-0.0010,1.0473,1.047
14.637990067,-0.0173,-0.0017,1.0427,1.043
14.638928259,-0.0176,-0.0046,1.0334,1.034
14.639748951,-0.0186,-0.0049,1.0278,1.028
14.647648605,-0.0193,-0.0054,1.0219,1.022
14.649155759,-0.0193,-0.0046,1.0148,1.015
14.650031182,-0.0195,-0.0051,1.0114,1.012
14.651209798,-0.0205,-0.0032,1.0061,1.006
14.652286182,-0.0210,-0.0017,1.0017,1.002
14.653307067,-0.0203,-0.0007,1.0009,1.001
14.654323836,-0.0210,-0.0010,0.9987,0.999
14.655365528,-0.0198,-0.0010,0.9987,0.999
14.65615699,-0.0188,0.0002,0.9990,0.999
14.657301259,-0.0178,0.0017,0.9992,0.999
14.658176836,-0.0181,0.0037,1.0004,1.001
14.659422259,-0.0169,0.0046,1.0009,1.001
14.661863605,-0.0164,0.0066,1.0036,1.004
14.663422875,-0.0171,0.0068,1.0046,1.005
14.667596105,-0.0181,0.0064,1.0075,1.008
14.668614028,-0.0195,0.0078,1.0083,1.008
14.669410221,-0.0230,0.0103,1.0117,1.012
14.670615067,-0.0239,0.0105,1.0136,1.014
14.672632875,-0.0237,0.0105,1.0153,1.016
14.675862413,-0.0249,0.0115,1.0158,1.016
14.677420644,-0.0281,0.0117,1.0173,1.018
14.678750567,-0.0286,0.0127,1.0190,1.019
14.680356105,-0.0300,0.0129,1.0210,1.021
14.682588682,-0.0293,0.0132,1.0227,1.023
14.684412182,-0.0259,0.0147,1.0251,1.026
14.686428759,-0.0264,0.0149,1.0273,1.028
14.688327105,-0.0274,0.0164,1.0283,1.029
14.690339105,-0.0271,0.0171,1.0298,1.030
14.693136605,-0.0266,0.0173,1.0315,1.032
14.694724605,-0.0266,0.0181,1.0327,1.033
14.696184221,-0.0281,0.0200,1.0339,1.034
14.698087682,-0.0303,0.0200,1.0339,1.035
14.700168721,-0.0320,0.0217,1.0329,1.034
14.702094951,-0.0315,0.0220,1.0319,1.033
14.704135374,-0.0310,0.0210,1.0322,1.033
14.706083451,-0.0340,0.0222,1.0288,1.030
14.709237298,-0.0357,0.0232,1.0258,1.027
14.711248221,-0.0364,0.0237,1.0241,1.025
14.712318798,-0.0379,0.0254,1.0190,1.020
14.713893028,-0.0369,0.0247,1.0156,1.017
14.715783413,-0.0362,0.0230,1.0087,1.010
14.717744028,-0.0359,0.0242,1.0034,1.004
14.720018028,-0.0352,0.0242,0.9997,1.001
14.721703644,-0.0340,0.0252,0.9941,0.995
14.723804028,-0.0318,0.0237,0.9882,0.989
14.733992528,-0.0308,0.0235,0.9853,0.986
14.735551221,-0.0291,0.0225,0.9816,0.982
14.736458528,-0.0291,0.0220,0.9784,0.979
14.737417605,-0.0279,0.0225,0.9699,0.971
14.738749528,-0.0288,0.0205,0.9648,0.965
14.740045874,-0.0298,0.0193,0.9631,0.964
14.741349336,-0.0276,0.0178,0.9613,0.962
14.742610759,-0.0257,0.0178,0.9596,0.960
14.743795644,-0.0244,0.0176,0.9591,0.960
14.744726028,-0.0235,0.0159,0.9599,0.960
14.745908682,-0.0235,0.0159,0.9604,0.961
14.748712567,-0.0200,0.0151,0.9628,0.963
14.749313221,-0.0195,0.0134,0.9672,0.967
14.751371259,-0.0200,0.0137,0.9699,0.970
14.753244567,-0.0193,0.0144,0.9745,0.975
14.75524249,-0.0191,0.0142,0.9804,0.981
14.757236605,-0.0205,0.0147,0.9843,0.985
14.759966259,-0.0239,0.0132,0.9882,0.989
14.76119249,-0.0232,0.0125,0.9916,0.992
14.763253298,-0.0222,0.0122,0.9948,0.995
14.764985336,-0.0225,0.0129,1.0002,1.001
14.768050182,-0.0227,0.0125,1.0014,1.002
14.768944221,-0.0215,0.0112,1.0039,1.004
14.771004298,-0.0217,0.0120,1.0078,1.008
14.77288399,-0.0235,0.0115,1.0087,1.009
14.776172798,-0.0239,0.0115,1.0078,1.008
14.777602067,-0.0230,0.0125,1.0065,1.007
14.778811221,-0.0217,0.0132,1.0046,1.005
14.780676259,-0.0242,0.0134,1.0002,1.001
14.782791644,-0.0244,0.0142,0.9985,0.999
14.784853451,-0.0227,0.0139,0.9943,0.995
14.786864259,-0.0225,0.0161,0.9902,0.991
14.788873605,-0.0213,0.0173,0.9875,0.988
14.790946913,-0.0230,0.0183,0.9826,0.983
14.793569528,-0.0225,0.0181,0.9780,0.978
14.794893913,-0.0227,0.0176,0.9762,0.977
14.798116105,-0.0235,0.0181,0.9709,0.971
14.798982682,-0.0227,0.0188,0.9694,0.970
14.800614759,-0.0242,0.0171,0.9677,0.968
14.802467105,-0.0225,0.0171,0.9660,0.966
14.804569528,-0.0220,0.0181,0.9662,0.967
14.806511836,-0.0232,0.0176,0.9675,0.968
14.810034336,-0.0220,0.0178,0.9714,0.972
14.811517913,-0.0225,0.0173,0.9709,0.971
14.81252999,-0.0230,0.0156,0.9736,0.974
14.814448297,-0.0225,0.0151,0.9755,0.976
14.816608721,-0.0215,0.0156,0.9826,0.983
14.818307605,-0.0213,0.0144,0.9875,0.988
14.820394259,-0.0210,0.0149,0.9890,0.989
14.822340336,-0.0210,0.0134,0.9941,0.994
14.833075836,-0.0222,0.0142,0.9973,0.998
14.83433949,-0.0227,0.0147,1.0031,1.003
14.835141874,-0.0227,0.0149,1.0087,1.009
14.836003451,-0.0225,0.0139,1.0114,1.012
14.836860413,-0.0198,0.0132,1.0170,1.017
14.837872297,-0.0210,0.0154,1.0229,1.023
14.838913105,-0.0220,0.0159,1.0258,1.026
14.839938913,-0.0215,0.0176,1.0307,1.031
14.840987528,-0.0210,0.0171,1.0341,1.035
14.842151528,-0.0205,0.0154,1.0385,1.039
14.845986297,-0.0213,0.0171,1.0403,1.041
14.847456797,-0.0210,0.0164,1.0407,1.041
14.851339144,-0.0239,0.0154,1.0417,1.042
14.852508759,-0.0237,0.0161,1.0403,1.041
14.853531951,-0.0242,0.0171,1.0393,1.040
14.857685336,-0.0261,0.0198,1.0341,1.035
14.858825451,-0.0271,0.0208,1.0319,1.033
14.859935759,-0.0291,0.0220,1.0258,1.026
14.86096799,-0.0269,0.0220,1.0175,1.018
14.861956067,-0.0261,0.0220,1.0151,1.016
14.86484949,-0.0266,0.0230,1.0102,1.011
14.866456874,-0.0271,0.0232,1.0019,1.003
14.867496374,-0.0271,0.0271,0.9990,1.000
14.869646105,-0.0257,0.0300,0.9936,0.994
14.871906836,-0.0254,0.0298,0.9909,0.992
14.873480413,-0.0249,0.0308,0.9868,0.988
14.876539567,-0.0242,0.0322,0.9826,0.983
14.878100721,-0.0220,0.0335,0.9816,0.982
14.879560874,-0.0203,0.0337,0.9806,0.981
14.881240567,-0.0188,0.0342,0.9770,0.978
14.883419682,-0.0181,0.0332,0.9760,0.977
14.885509105,-0.0181,0.0340,0.9750,0.976
14.887545451,-0.0181,0.0340,0.9745,0.975
14.889136105,-0.0178,0.0332,0.9770,0.978
14.892650182,-0.0178,0.0315,0.9819,0.983
14.894132105,-0.0186,0.0320,0.9826,0.983
14.895798528,-0.0193,0.0303,0.9858,0.986
14.897251759,-0.0191,0.0305,0.9897,0.990
14.899255759,-0.0183,0.0296,0.9914,0.992
14.901087951,-0.0178,0.0276,0.9975,0.998
14.903191528,-0.0191,0.0257,0.9997,1.000
14.905020413,-0.0203,0.0252,1.0002,1.001
14.907073836,-0.0203,0.0239,1.0007,1.001
14.910983567,-0.0213,0.0222,1.0017,1.002
14.912569644,-0.0200,0.0220,1.0009,1.001
14.913697721,-0.0198,0.0191,0.9977,0.998
14.915027067,-0.0198,0.0183,0.9968,0.997
14.916896221,-0.0215,0.0181,0.9943,0.995
14.919139413,-0.0225,0.0178,0.9924,0.993
14.920928182,-0.0210,0.0171,0.9919,0.992
14.922967836,-0.0205,0.0159,0.9941,0.994
14.925608451,-0.0200,0.0151,0.9943,0.995
14.926983028,-0.0183,0.0156,0.9970,0.997
14.935788374,-0.0198,0.0166,0.9982,0.999
14.937235874,-0.0191,0.0164,0.9992,1.000
14.938137067,-0.0169,0.0154,1.0021,1.002
14.939251336,-0.0176,0.0151,1.0041,1.004
14.940317644,-0.0171,0.0137,1.0051,1.005
14.947404182,-0.0183,0.0159,1.0068,1.007
14.948862144,-0.0191,0.0161,1.0061,1.006
14.949670951,-0.0213,0.0178,1.0073,1.008
14.95084672,-0.0208,0.0164,1.0068,1.007
14.951783451,-0.0200,0.0164,1.0068,1.007
14.952947105,-0.0210,0.0176,1.0073,1.008
14.954021682,-0.0215,0.0176,1.0048,1.005
14.955088105,-0.0213,0.0176,1.0051,1.005
14.955789682,-0.0217,0.0178,1.0039,1.004
14.95670872,-0.0217,0.0178,1.0041,1.004
14.95962299,-0.0200,0.0186,1.0061,1.006
14.961121682,-0.0186,0.0178,1.0078,1.008
14.962178797,-0.0169,0.0176,1.0087,1.009
14.964363105,-0.0173,0.0181,1.0119,1.012
14.966236836,-0.0171,0.0176,1.0122,1.012
14.968055874,-0.0154,0.0181,1.0141,1.014
14.970124567,-0.0142,0.0178,1.0144,1.015
14.972102259,-0.0144,0.0183,1.0146,1.015
14.974588797,-0.0142,0.0193,1.0134,1.014
14.977384605,-0.0139,0.0188,1.0097,1.010
14.979015105,-0.0134,0.0198,1.0087,1.009
14.98039522,-0.0132,0.0178,1.0075,1.008
14.98187972,-0.0129,0.0173,1.0070,1.007
14.98408222,-0.0134,0.0173,1.0048,1.005
14.985838028,-0.0137,0.0173,1.0019,1.002
14.98790922,-0.0127,0.0164,1.0007,1.001
14.989840144,-0.0110,0.0161,1.0024,1.003
14.99293172,-0.0112,0.0161,1.0034,1.004
14.99462699,-0.0110,0.0156,1.0043,1.005
14.99696899,-0.0122,0.0139,1.0068,1.007
14.998138797,-0.0122,0.0132,1.0065,1.007
14.999645528,-0.0112,0.0159,1.0080,1.008
15.001541374,-0.0117,0.0169,1.0117,1.012
15.003815028,-0.0112,0.0166,1.0119,1.012
15.005628567,-0.0120,0.0161,1.0112,1.011
15.007739759,-0.0120,0.0161,1.0122,1.012
15.010718105,-0.0129,0.0164,1.0124,1.013
15.012169374,-0.0132,0.0178,1.0131,1.013
15.013639451,-0.0137,0.0188,1.0139,1.014
15.015483259,-0.0149,0.0191,1.0146,1.015
15.017367182,-0.0144,0.0195,1.0144,1.015
15.019337297,-0.0142,0.0203,1.0139,1.014
15.021291644,-0.0154,0.0217,1.0134,1.014
15.02343872,-0.0144,0.0217,1.0112,1.012
15.034093874,-0.0144,0.0227,1.0107,1.011
15.035681336,-0.0129,0.0237,1.0085,1.009
15.03658999,-0.0132,0.0247,1.0078,1.008
15.037449913,-0.0127,0.0261,1.0046,1.005
15.038833643,-0.0095,0.0269,1.0026,1.003
15.040223182,-0.0088,0.0264,1.0012,1.002
15.041627874,-0.0088,0.0274,0.9968,0.997
15.043012528,-0.0095,0.0281,0.9943,0.995
15.044010528,-0.0098,0.0286,0.9931,0.994
15.04520299,-0.0095,0.0279,0.9892,0.990
15.049014836,-0.0086,0.0269,0.9860,0.986
15.050538643,-0.0090,0.0279,0.9838,0.984
15.051643297,-0.0112,0.0296,0.9816,0.982
15.052457528,-0.0115,0.0303,0.9816,0.982
15.053657874,-0.0117,0.0308,0.9784,0.979
15.055004605,-0.0139,0.0305,0.9755,0.976
15.05693699,-0.0134,0.0303,0.9743,0.975
15.060039605,-0.0139,0.0296,0.9760,0.977
15.061592028,-0.0144,0.0310,0.9753,0.976
15.063298913,-0.0144,0.0296,0.9755,0.976
15.064678567,-0.0151,0.0276,0.9802,0.981
15.066877182,-0.0159,0.0274,0.9811,0.982
15.068718374,-0.0166,0.0271,0.9811,0.982
15.070687451,-0.0164,0.0257,0.9821,0.983
15.072522605,-0.0176,0.0254,0.9836,0.984
15.075696682,-0.0186,0.0254,0.9858,0.986
15.07883972,-0.0198,0.0239,0.9914,0.992
15.079597605,-0.0203,0.0237,0.9931,0.994
15.080473067,-0.0205,0.0222,0.9982,0.999
15.082458759,-0.0208,0.0230,1.0004,1.001
15.084485605,-0.0203,0.0230,1.0053,1.006
15.086406297,-0.0200,0.0225,1.0092,1.010
15.08902172,-0.0195,0.0222,1.0105,1.011
15.090515067,-0.0176,0.0208,1.0161,1.016
15.09430599,-0.0169,0.0203,1.0175,1.018
15.09523022,-0.0169,0.0208,1.0188,1.019
15.096443413,-0.0161,0.0232,1.0219,1.022
15.09913272,-0.0156,0.0239,1.0241,1.025
15.100371028,-0.0164,0.0247,1.0261,1.027
15.102323374,-0.0161,0.0279,1.0290,1.030
15.10453822,-0.0164,0.0279,1.0298,1.030
15.106130143,-0.0144,0.0300,1.0261,1.027
15.11058799,-0.0120,0.0291,1.0234,1.024
15.111926836,-0.0110,0.0281,1.0236,1.024
15.113028297,-0.0132,0.0283,1.0234,1.024
15.114016682,-0.0132,0.0303,1.0210,1.021
15.11632149,-0.0142,0.0303,1.0151,1.016
15.118075643,-0.0156,0.0308,1.0136,1.014
15.120237836,-0.0161,0.0313,1.0119,1.013
15.122011528,-0.0176,0.0313,1.0078,1.008
15.124252105,-0.0203,0.0313,1.0053,1.006
15.134577951,-0.0215,0.0318,1.0043,1.005
15.13609922,-0.0235,0.0298,1.0004,1.001
15.13713299,-0.0239,0.0293,0.9992,1.000
15.13811399,-0.0242,0.0300,0.9958,0.997
15.139327759,-0.0257,0.0318,0.9924,0.993
15.140471182,-0.0269,0.0313,0.9926,0.993
15.141798797,-0.0286,0.0322,0.9904,0.991
15.142984566,-0.0298,0.0315,0.9865,0.987
15.143482759,-0.0303,0.0320,0.9855,0.987
15.148854759,-0.0305,0.0327,0.9860,0.987
15.149709566,-0.0313,0.0322,0.9863,0.987
15.150094566,-0.0300,0.0320,0.9843,0.985
15.150561028,-0.0303,0.0315,0.9814,0.982
15.151648874,-0.0300,0.0325,0.9821,0.983
15.153509374,-0.0318,0.0313,0.9848,0.986
15.155361759,-0.0313,0.0327,0.9877,0.989
15.157287528,-0.0310,0.0322,0.9875,0.988
15.160723297,-0.0303,0.0310,0.9936,0.995
15.161476143,-0.0288,0.0310,0.9973,0.998
15.163840913,-0.0271,0.0296,0.9999,1.001
15.165309797,-0.0271,0.0303,1.0034,1.004
15.167385836,-0.0269,0.0298,1.0053,1.006
15.169268951,-0.0269,0.0305,1.0083,1.009
15.171496451,-0.0254,0.0313,1.0131,1.014
15.17318399,-0.0254,0.0320,1.0153,1.016
15.176208913,-0.0239,0.0342,1.0178,1.019
15.178985874,-0.0235,0.0337,1.0178,1.019
15.179758413,-0.0220,0.0349,1.0170,1.018
15.18114399,-0.0205,0.0335,1.0166,1.017
15.183308297,-0.0188,0.0335,1.0156,1.016
15.184896913,-0.0159,0.0347,1.0131,1.014
15.187090374,-0.0144,0.0354,1.0078,1.008
15.18891549,-0.0142,0.0344,1.0039,1.005
15.190875336,-0.0139,0.0337,0.9987,0.999
15.195528528,-0.0137,0.0349,0.9965,0.997
15.196956066,-0.0112,0.0340,0.9890,0.990
15.19800872,-0.0100,0.0337,0.9858,0.986
15.19917649,-0.0107,0.0340,0.9828,0.983
15.200749913,-0.0112,0.0327,0.9784,0.979
15.20289549,-0.0117,0.0318,0.9777,0.978
15.204598374,-0.0120,0.0318,0.9767,0.977
15.206625836,-0.0115,0.0310,0.9750,0.976
15.209895797,-0.0120,0.0303,0.9745,0.975
15.211502759,-0.0100,0.0310,0.9733,0.974
15.212661682,-0.0129,0.0293,0.9745,0.975
15.21456449,-0.0137,0.0279,0.9748,0.975
15.21647272,-0.0149,0.0264,0.9772,0.978
15.218614451,-0.0154,0.0225,0.9794,0.980
15.220668374,-0.0156,0.0225,0.9802,0.981
15.222422682,-0.0171,0.0210,0.9819,0.982
15.224564336,-0.0183,0.0195,0.9838,0.984
15.234355451,-0.0198,0.0176,0.9880,0.988
15.235808297,-0.0200,0.0156,0.9909,0.991
15.236724797,-0.0205,0.0149,0.9921,0.992
15.237569336,-0.0193,0.0132,0.9953,0.996
15.238741028,-0.0193,0.0129,0.9965,0.997
15.239074913,-0.0195,0.0134,1.0012,1.001
15.239310682,-0.0178,0.0122,1.0051,1.005
15.240119105,-0.0173,0.0117,1.0078,1.008
15.247351489,-0.0156,0.0117,1.0100,1.010
15.247919874,-0.0144,0.0129,1.0122,1.012
15.248182951,-0.0132,0.0134,1.0112,1.011
15.248421874,-0.0122,0.0134,1.0124,1.013
15.250014951,-0.0112,0.0134,1.0122,1.012
15.251748951,-0.0098,0.0127,1.0122,1.012
15.253615989,-0.0088,0.0134,1.0107,1.011
15.255667528,-0.0095,0.0149,1.0107,1.011
15.257688836,-0.0081,0.0147,1.0122,1.012
15.260108951,-0.0044,0.0151,1.0122,1.012
15.261615182,-0.0042,0.0156,1.0126,1.013
15.266291489,-0.0034,0.0176,1.0136,1.014
15.266659143,-0.0027,0.0183,1.0139,1.014
15.267667297,-0.0022,0.0183,1.0139,1.014
15.269562759,-0.0029,0.0200,1.0158,1.016
15.271685566,-0.0034,0.0213,1.0166,1.017
15.273671028,-0.0034,0.0213,1.0178,1.018
15.276321182,-0.0044,0.0213,1.0190,1.019
15.277629797,-0.0059,0.0215,1.0207,1.021
15.279935259,-0.0081,0.0227,1.0195,1.020
15.281358489,-0.0086,0.0220,1.0183,1.019
15.283252451,-0.0086,0.0213,1.0170,1.017
15.285205528,-0.0095,0.0217,1.0151,1.015
15.287261259,-0.0107,0.0215,1.0144,1.015
15.289224528,-0.0151,0.0222,1.0092,1.010
15.291247528,-0.0173,0.0220,1.0051,1.005
15.294905336,-0.0183,0.0235,1.0039,1.004
15.297020143,-0.0208,0.0254,1.0012,1.002
15.299091066,-0.0230,0.0244,0.9992,1.000
15.300569759,-0.0237,0.0244,0.9977,0.998
15.301980951,-0.0264,0.0249,0.9970,0.998
15.303437297,-0.0266,0.0249,0.9965,0.997
15.305190451,-0.0283,0.0247,0.9938,0.995
15.30707072,-0.0293,0.0259,0.9916,0.992
15.31160272,-0.0298,0.0259,0.9912,0.992
15.314888066,-0.0291,0.0269,0.9853,0.986
15.315897066,-0.0279,0.0279,0.9787,0.979
15.316900182,-0.0279,0.0288,0.9760,0.977
15.31771772,-0.0308,0.0288,0.9714,0.972
15.319144374,-0.0315,0.0288,0.9694,0.970
15.321044413,-0.0313,0.0283,0.9689,0.970
15.323014451,-0.0320,0.0281,0.9704,0.971
15.325146836,-0.0308,0.0283,0.9709,0.972
15.334662874,-0.0283,0.0269,0.9738,0.975
15.336142759,-0.0257,0.0271,0.9777,0.978
15.337086874,-0.0259,0.0264,0.9806,0.981
15.338008605,-0.0271,0.0259,0.9858,0.986
15.33921272,-0.0269,0.0252,0.9868,0.987
15.340335951,-0.0254,0.0235,0.9926,0.993
15.342629528,-0.0266,0.0235,0.9999,1.001
15.344108259,-0.0261,0.0237,1.0036,1.004
15.345382105,-0.0235,0.0220,1.0136,1.014
15.346923605,-0.0227,0.0203,1.0234,1.024
15.347372489,-0.0230,0.0188,1.0283,1.029
15.34947122,-0.0217,0.0176,1.0368,1.037
15.350518682,-0.0220,0.0171,1.0400,1.040
15.352488182,-0.0195,0.0147,1.0425,1.043
15.354401182,-0.0181,0.0137,1.0420,1.042
15.356417874,-0.0183,0.0127,1.0412,1.041
15.358339797,-0.0176,0.0142,1.0388,1.039
15.360707836,-0.0147,0.0125,1.0329,1.033
15.362232605,-0.0122,0.0117,1.0298,1.030
15.36422672,-0.0086,0.0137,1.0180,1.018
15.366389951,-0.0078,0.0137,1.0114,1.012
15.368219259,-0.0078,0.0139,0.9995,1.000
15.370035682,-0.0064,0.0154,0.9880,0.988
15.372135489,-0.0054,0.0156,0.9828,0.983
15.373837797,-0.0034,0.0166,0.9740,0.974
15.378949259,-0.0049,0.0193,0.9692,0.969
15.379521682,-0.0051,0.0205,0.9677,0.968
15.380150605,-0.0064,0.0210,0.9662,0.966
15.381813105,-0.0051,0.0220,0.9655,0.966
15.384028066,-0.0071,0.0237,0.9682,0.969
15.385770143,-0.0107,0.0244,0.9721,0.972
15.387858336,-0.0127,0.0269,0.9733,0.974
15.389697989,-0.0147,0.0291,0.9806,0.981
15.391899489,-0.0181,0.0291,0.9877,0.988
15.393822874,-0.0198,0.0281,0.9912,0.992
15.39584472,-0.0217,0.0291,0.9977,0.998
15.397721412,-0.0235,0.0300,1.0012,1.002
15.399751028,-0.0254,0.0293,1.0087,1.009
15.401606605,-0.0266,0.0276,1.0139,1.015
15.403606912,-0.0264,0.0281,1.0173,1.018
15.406310682,-0.0288,0.0288,1.0214,1.022
15.407841682,-0.0310,0.0296,1.0219,1.023
15.41683922,-0.0303,0.0305,1.0224,1.023
15.418031259,-0.0291,0.0303,1.0239,1.025
15.419479528,-0.0296,0.0298,1.0246,1.025
15.420249528,-0.0315,0.0291,1.0219,1.023
15.421122182,-0.0320,0.0305,1.0170,1.018
15.42289022,-0.0318,0.0308,1.0158,1.017
15.423993374,-0.0303,0.0303,1.0100,1.011
15.424943182,-0.0291,0.0305,1.0021,1.003
15.426174297,-0.0279,0.0308,0.9990,1.000
15.427531259,-0.0249,0.0315,0.9965,0.997
15.429820143,-0.0232,0.0303,0.9955,0.996
15.431423412,-0.0217,0.0293,0.9946,0.995
15.433275836,-0.0205,0.0291,0.9955,0.996
15.435253297,-0.0210,0.0293,0.9973,0.998
15.437276259,-0.0220,0.0293,0.9999,1.001
15.439310528,-0.0210,0.0308,1.0039,1.005
15.440937412,-0.0195,0.0305,1.0068,1.007
15.444626797,-0.0176,0.0320,1.0112,1.012
15.445422066,-0.0169,0.0322,1.0124,1.013
15.447287797,-0.0178,0.0320,1.0109,1.012
15.449090336,-0.0161,0.0310,1.0146,1.015
15.451058297,-0.0166,0.0313,1.0144,1.015
15.452868682,-0.0151,0.0322,1.0129,1.014
15.455123874,-0.0159,0.0315,1.0126,1.013
15.456941143,-0.0159,0.0310,1.0114,1.012
15.460626797,-0.0176,0.0315,1.0087,1.009
15.461198489,-0.0178,0.0315,1.0087,1.009
15.463028835,-0.0159,0.0291,1.0073,1.008
15.464807489,-0.0169,0.0271,1.0039,1.004
15.467101412,-0.0181,0.0264,1.0031,1.004
15.468787182,-0.0181,0.0269,1.0029,1.003
15.470981259,-0.0188,0.0271,0.9997,1.000
15.472650528,-0.0191,0.0259,0.9977,0.998
15.474634989,-0.0191,0.0239,0.9968,0.997
15.477354951,-0.0186,0.0235,0.9975,0.998
15.478805451,-0.0191,0.0239,0.9958,0.996
15.480452143,-0.0198,0.0215,0.9955,0.996
15.483007335,-0.0208,0.0210,0.9958,0.996
15.484736259,-0.0217,0.0210,0.9948,0.995
15.487381797,-0.0222,0.0203,0.9941,0.995
15.488390259,-0.0217,0.0208,0.9946,0.995
15.490726259,-0.0227,0.0203,0.9946,0.995
15.495757374,-0.0217,0.0200,0.9963,0.997
15.496306682,-0.0208,0.0186,0.9997,1.000
15.496693874,-0.0205,0.0178,1.0029,1.003
15.49835422,-0.0193,0.0178,1.0036,1.004
15.500188143,-0.0166,0.0166,1.0048,1.005
15.502718066,-0.0169,0.0164,1.0068,1.007
15.504106643,-0.0154,0.0164,1.0065,1.007
15.506006912,-0.0129,0.0178,1.0053,1.006
15.508450835,-0.0117,0.0183,1.0046,1.005
15.510223912,-0.0098,0.0183,1.0004,1.001
15.512146797,-0.0071,0.0183,0.9987,0.999
15.514039066,-0.0051,0.0186,0.9985,0.999
15.515876335,-0.0054,0.0191,0.9965,0.997
15.517970566,-0.0044,0.0181,0.9965,0.997
15.520025605,-0.0007,0.0191,0.9938,0.994
15.521815835,0.0002,0.0183,0.9968,0.997
15.523917874,-0.0002,0.0188,0.9990,0.999
15.529472989,0.0010,0.0193,1.0007,1.001
15.530022989,0.0002,0.0188,1.0029,1.003
15.530318912,0.0000,0.0186,1.0046,1.005
15.537207374,-0.0012,0.0183,1.0056,1.006
15.537476989,-0.0029,0.0186,1.0078,1.008
15.537702374,-0.0049,0.0193,1.0097,1.010
15.537937489,-0.0076,0.0188,1.0122,1.012
15.539824912,-0.0086,0.0191,1.0112,1.011
15.541573989,-0.0105,0.0181,1.0087,1.009
15.543615528,-0.0132,0.0176,1.0085,1.009
15.545449105,-0.0144,0.0181,1.0080,1.008
15.54746822,-0.0161,0.0166,1.0070,1.007
15.549547297,-0.0164,0.0159,1.0053,1.006
15.551517797,-0.0183,0.0164,1.0036,1.004
15.55336822,-0.0188,0.0178,1.0019,1.002
15.555356951,-0.0193,0.0169,1.0021,1.002
15.557269489,-0.0210,0.0173,1.0007,1.001
15.560527989,-0.0227,0.0181,1.0009,1.001
15.561607028,-0.0227,0.0186,0.9997,1.000
15.566816682,-0.0237,0.0169,1.0014,1.002
15.56763472,-0.0227,0.0181,1.0009,1.001
15.568267182,-0.0230,0.0178,1.0009,1.001
15.56913722,-0.0222,0.0178,1.0026,1.003
15.571264605,-0.0215,0.0191,1.0041,1.005
15.573255682,-0.0193,0.0203,1.0056,1.006
15.575251297,-0.0198,0.0195,1.0046,1.005
15.578433028,-0.0191,0.0208,1.0048,1.005
15.579844643,-0.0186,0.0217,1.0053,1.006
15.581161682,-0.0178,0.0230,1.0051,1.005
15.582931143,-0.0176,0.0242,1.0043,1.005
15.584930835,-0.0166,0.0227,1.0021,1.003
15.587082489,-0.0159,0.0232,1.0012,1.002
15.58900922,-0.0164,0.0235,0.9977,0.998
15.590816066,-0.0164,0.0249,0.9958,0.996
15.594328182,-0.0147,0.0239,0.9955,0.996
15.595875028,-0.0154,0.0213,0.9941,0.994
15.597927335,-0.0149,0.0225,0.9926,0.993
15.599436451,-0.0137,0.0232,0.9924,0.993
15.600875297,-0.0122,0.0239,0.9897,0.990
15.602980412,-0.0125,0.0232,0.9897,0.990
15.60499872,-0.0125,0.0220,0.9902,0.990
15.611263066,-0.0107,0.0208,0.9904,0.991
15.612842605,-0.0112,0.0205,0.9914,0.992
15.614332797,-0.0129,0.0208,0.9916,0.992
15.615548874,-0.0127,0.0217,0.9921,0.992
15.616758489,-0.0122,0.0230,0.9938,0.994
15.617810989,-0.0142,0.0237,0.9948,0.995
15.619021951,-0.0134,0.0232,0.9953,0.996
15.62055522,-0.0147,0.0217,0.9960,0.996
15.622496797,-0.0161,0.0232,0.9948,0.995
15.624501566,-0.0156,0.0235,0.9943,0.995
15.634993643,-0.0161,0.0225,0.9914,0.992
15.636442412,-0.0171,0.0225,0.9907,0.991
15.637475451,-0.0183,0.0235,0.9924,0.993
15.638549297,-0.0188,0.0235,0.9946,0.995
15.639643682,-0.0181,0.0239,0.9948,0.995
15.640771643,-0.0205,0.0247,0.9968,0.997
15.641875105,-0.0215,0.0232,0.9975,0.998
15.643018682,-0.0217,0.0235,0.9995,1.000
15.643350028,-0.0225,0.0227,1.0021,1.003
15.647374951,-0.0230,0.0232,1.0043,1.005
15.648002835,-0.0227,0.0237,1.0034,1.004
15.648308758,-0.0217,0.0230,1.0026,1.003
15.649877528,-0.0225,0.0217,1.0021,1.003
15.652212951,-0.0217,0.0230,0.9982,0.999
15.653898528,-0.0227,0.0220,0.9958,0.996
15.656056912,-0.0230,0.0213,0.9943,0.995
15.657662951,-0.0227,0.0208,0.9951,0.996
15.661231874,-0.0193,0.0208,0.9953,0.996
15.662156105,-0.0183,0.0213,0.9963,0.997
15.663947758,-0.0149,0.0210,0.9992,1.000
15.666044182,-0.0134,0.0200,1.0012,1.001
15.667899451,-0.0127,0.0193,1.0041,1.004
15.669494489,-0.0110,0.0220,1.0058,1.006
15.671681066,-0.0098,0.0220,1.0078,1.008
15.673448374,-0.0090,0.0215,1.0078,1.008
15.67569372,-0.0088,0.0222,1.0087,1.009
15.678481605,-0.0078,0.0235,1.0102,1.011
15.679652181,-0.0098,0.0252,1.0063,1.007
15.681629797,-0.0103,0.0259,1.0051,1.005
15.683863874,-0.0095,0.0264,1.0029,1.003
15.685390143,-0.0127,0.0281,1.0002,1.001
15.687443258,-0.0137,0.0288,0.9975,0.998
15.68917672,-0.0147,0.0296,0.9958,0.996
15.69137072,-0.0147,0.0303,0.9943,0.995
15.694018528,-0.0161,0.0322,0.9951,0.996
15.695404374,-0.0193,0.0303,0.9965,0.997
15.697063335,-0.0193,0.0298,0.9975,0.998
15.699171066,-0.0198,0.0308,0.9985,0.999
15.701013258,-0.0200,0.0303,1.0002,1.001
15.703209028,-0.0213,0.0313,1.0009,1.002
15.705148874,-0.0220,0.0308,1.0031,1.004
15.707201105,-0.0215,0.0293,1.0046,1.005
15.709000335,-0.0208,0.0293,1.0078,1.008
15.711569143,-0.0208,0.0322,1.0090,1.010
15.714791989,-0.0203,0.0320,1.0097,1.010
15.715093605,-0.0200,0.0308,1.0124,1.013
15.716685028,-0.0208,0.0303,1.0129,1.014
15.719120681,-0.0205,0.0300,1.0122,1.013
15.72060922,-0.0191,0.0303,1.0126,1.013
15.722701143,-0.0186,0.0300,1.0117,1.012
15.724644105,-0.0173,0.0291,1.0141,1.015
15.730051412,-0.0173,0.0300,1.0146,1.015
15.730677105,-0.0166,0.0303,1.0136,1.014
15.730946258,-0.0169,0.0298,1.0141,1.015
15.732855951,-0.0169,0.0291,1.0146,1.015
15.734638951,-0.0171,0.0288,1.0131,1.014
15.736682797,-0.0156,0.0300,1.0134,1.014
15.738797143,-0.0156,0.0300,1.0136,1.014
15.740672874,-0.0149,0.0281,1.0131,1.014
15.742360028,-0.0134,0.0271,1.0129,1.013
15.745110605,-0.0129,0.0283,1.0124,1.013
15.746469643,-0.0120,0.0264,1.0109,1.011
15.748404605,-0.0117,0.0257,1.0095,1.010
15.750167605,-0.0122,0.0261,1.0073,1.008
15.752524143,-0.0112,0.0257,1.0048,1.005
15.754345451,-0.0105,0.0244,1.0039,1.004
15.756335105,-0.0107,0.0244,1.0017,1.002
15.758127451,-0.0100,0.0235,0.9999,1.000
15.76101722,-0.0107,0.0227,0.9990,0.999
15.762214335,-0.0103,0.0217,0.9980,0.998
15.764187066,-0.0100,0.0213,0.9970,0.997
15.766084797,-0.0117,0.0188,0.9958,0.996
15.767937258,-0.0088,0.0164,0.9953,0.995
15.770017874,-0.0083,0.0164,0.9953,0.995
15.772133758,-0.0073,0.0149,0.9941,0.994
15.773853143,-0.0071,0.0142,0.9916,0.992
15.775856835,-0.0073,0.0129,0.9924,0.992
15.778153105,-0.0078,0.0125,0.9933,0.993
15.779942104,-0.0083,0.0125,0.9951,0.995
15.782126758,-0.0093,0.0132,0.9968,0.997
15.783712566,-0.0093,0.0122,0.9973,0.997
15.785740104,-0.0103,0.0122,0.9982,0.998
15.787900566,-0.0090,0.0117,1.0021,1.002
15.789623528,-0.0078,0.0107,1.0061,1.006
15.791748335,-0.0083,0.0110,1.0073,1.007
15.795699066,-0.0098,0.0110,1.0083,1.008
15.797212912,-0.0086,0.0117,1.0097,1.010
15.798417951,-0.0090,0.0112,1.0105,1.011
15.799644143,-0.0100,0.0107,1.0107,1.011
15.801644528,-0.0115,0.0122,1.0107,1.011
15.803769297,-0.0125,0.0127,1.0102,1.010
15.805507989,-0.0151,0.0137,1.0078,1.008
15.807732143,-0.0161,0.0144,1.0056,1.006
15.811639143,-0.0169,0.0142,1.0029,1.003
15.813071566,-0.0173,0.0151,0.9973,0.998
15.814157989,-0.0181,0.0176,0.9951,0.995
15.815632335,-0.0186,0.0198,0.9916,0.992
15.817675912,-0.0193,0.0193,0.9902,0.991
15.819588758,-0.0191,0.0191,0.9870,0.987
15.821439643,-0.0208,0.0205,0.9850,0.985
15.823517681,-0.0203,0.0205,0.9843,0.985
15.825346066,-0.0188,0.0222,0.9843,0.985
15.836254104,-0.0181,0.0235,0.9850,0.985
15.837895412,-0.0151,0.0249,0.9880,0.988
15.839205181,-0.0149,0.0239,0.9914,0.992
15.840254643,-0.0164,0.0249,0.9929,0.993
15.84154522,-0.0147,0.0279,0.9960,0.997
15.844026681,-0.0115,0.0279,1.0002,1.001
15.845409028,-0.0122,0.0279,1.0019,1.002
15.846660681,-0.0110,0.0293,1.0029,1.003
15.847798066,-0.0107,0.0286,1.0051,1.006
15.848949874,-0.0088,0.0283,1.0078,1.008
15.849965566,-0.0071,0.0269,1.0078,1.008
15.851116104,-0.0059,0.0266,1.0073,1.008
15.851887374,-0.0068,0.0296,1.0058,1.006
15.852685066,-0.0054,0.0300,1.0046,1.005
15.855217181,-0.0051,0.0298,1.0036,1.004
15.856684528,-0.0061,0.0298,1.0021,1.003
15.858460528,-0.0068,0.0313,1.0007,1.001
15.863006258,-0.0064,0.0325,0.9987,0.999
15.863462258,-0.0073,0.0315,0.9968,0.997
15.864545374,-0.0073,0.0320,0.9973,0.998
15.866555066,-0.0090,0.0318,0.9975,0.998
15.868605528,-0.0098,0.0318,0.9963,0.997
15.870413374,-0.0100,0.0315,0.9958,0.996
15.872545258,-0.0107,0.0318,0.9951,0.996
15.874344451,-0.0132,0.0325,0.9951,0.996
15.877654028,-0.0134,0.0320,0.9948,0.995
15.878228374,-0.0115,0.0318,0.9946,0.995
15.880707028,-0.0115,0.0308,0.9931,0.994
15.882432643,-0.0154,0.0303,0.9933,0.994
15.884349412,-0.0171,0.0296,0.9909,0.991
15.886158528,-0.0166,0.0296,0.9907,0.991
15.888432566,-0.0149,0.0300,0.9890,0.990
15.890091451,-0.0147,0.0296,0.9887,0.989
15.892147758,-0.0139,0.0296,0.9894,0.990
15.894987104,-0.0125,0.0288,0.9880,0.988
15.897924527,-0.0129,0.0286,0.9868,0.987
15.89871472,-0.0120,0.0283,0.9863,0.987
15.90011022,-0.0115,0.0259,0.9877,0.988
15.901994451,-0.0112,0.0244,0.9890,0.989
15.90438272,-0.0103,0.0232,0.9904,0.991
15.906075489,-0.0093,0.0239,0.9919,0.992
15.908426104,-0.0078,0.0247,0.9936,0.994
15.912338258,-0.0056,0.0252,0.9955,0.996
15.913653989,-0.0044,0.0244,0.9980,0.998
15.914783797,-0.0044,0.0244,1.0019,1.002
15.915939066,-0.0044,0.0239,1.0068,1.007
15.918353758,-0.0044,0.0247,1.0100,1.010
15.920101104,-0.0039,0.0244,1.0117,1.012
15.921922758,-0.0068,0.0242,1.0161,1.016
15.924188527,-0.0081,0.0239,1.0170,1.017
15.92590472,-0.0093,0.0244,1.0205,1.021
15.937751104,-0.0086,0.0237,1.0207,1.021
15.939458835,-0.0112,0.0239,1.0229,1.023
15.940487027,-0.0122,0.0230,1.0268,1.027
15.941491797,-0.0127,0.0222,1.0280,1.028
15.942891566,-0.0147,0.0225,1.0298,1.030
15.944130335,-0.0159,0.0244,1.0290,1.029
15.945443604,-0.0166,0.0247,1.0280,1.028
15.946696451,-0.0169,0.0254,1.0271,1.028
15.947906258,-0.0176,0.0254,1.0239,1.024
15.949074797,-0.0181,0.0271,1.0222,1.023
15.950435297,-0.0188,0.0291,1.0166,1.017
15.951533527,-0.0198,0.0293,1.0136,1.014
15.952739874,-0.0198,0.0281,1.0102,1.011
15.953911297,-0.0181,0.0279,1.0026,1.003
15.956981104,-0.0178,0.0276,0.9992,1.000
15.958496797,-0.0195,0.0288,0.9946,0.995
15.959701989,-0.0193,0.0300,0.9894,0.990
15.965324681,-0.0195,0.0298,0.9868,0.987
15.967016758,-0.0193,0.0281,0.9855,0.986
15.968009681,-0.0193,0.0283,0.9846,0.985
15.968938489,-0.0186,0.0276,0.9824,0.983
15.970192104,-0.0173,0.0269,0.9797,0.980
15.971491374,-0.0178,0.0281,0.9794,0.980
15.973245066,-0.0181,0.0283,0.9789,0.980
15.975465527,-0.0181,0.0276,0.9758,0.976
15.977722258,-0.0173,0.0283,0.9760,0.977
15.979324066,-0.0154,0.0283,0.9782,0.979
15.981807412,-0.0147,0.0283,0.9784,0.979
15.983425835,-0.0127,0.0293,0.9802,0.981
15.984991951,-0.0137,0.0291,0.9816,0.982
15.987050566,-0.0139,0.0286,0.9828,0.983
15.989035181,-0.0144,0.0281,0.9870,0.988
15.991059027,-0.0144,0.0279,0.9899,0.990
15.992980412,-0.0154,0.0296,0.9958,0.996
15.995070143,-0.0166,0.0298,0.9990,1.000
15.996740412,-0.0161,0.0296,1.0012,1.002
15.999090412,-0.0164,0.0303,1.0056,1.006
16.000673374,-0.0176,0.0325,1.0087,1.009
16.002915912,-0.0171,0.0325,1.0114,1.012
16.00459195,-0.0198,0.0320,1.0161,1.017
16.00682872,-0.0188,0.0330,1.0168,1.018
16.008449143,-0.0188,0.0327,1.0166,1.017
16.011282566,-0.0176,0.0320,1.0183,1.019
16.012443874,-0.0166,0.0313,1.0173,1.018
16.01454472,-0.0161,0.0318,1.0166,1.017
16.016561989,-0.0151,0.0308,1.0156,1.016
16.01823972,-0.0137,0.0305,1.0139,1.014
16.020213143,-0.0132,0.0305,1.0109,1.011
16.022475874,-0.0125,0.0308,1.0105,1.011
16.024150643,-0.0090,0.0296,1.0075,1.008
16.026111104,-0.0064,0.0286,1.0039,1.004
16.030584374,-0.0056,0.0286,1.0034,1.004
16.03118672,-0.0049,0.0281,0.9997,1.000
16.04089972,-0.0034,0.0269,0.9960,0.996
16.042736527,-0.0024,0.0261,0.9941,0.994
16.043080758,-0.0029,0.0247,0.9909,0.991
16.043335143,-0.0020,0.0247,0.9894,0.990
16.043572258,0.0007,0.0222,0.9877,0.988
16.043807643,-0.0010,0.0205,0.9870,0.987
16.044050374,-0.0017,0.0203,0.9870,0.987
16.045964566,-0.0024,0.0195,0.9890,0.989
16.048108681,-0.0002,0.0188,0.9921,0.992
16.049988797,0.0005,0.0181,0.9936,0.994
16.052019181,0.0010,0.0169,0.9975,0.998
16.053958527,0.0012,0.0178,0.9987,0.999
16.05580895,-0.0017,0.0161,1.0012,1.001
16.057841489,-0.0034,0.0154,1.0043,1.004
16.059609258,-0.0051,0.0154,1.0053,1.005
16.06195672,-0.0078,0.0142,1.0070,1.007
16.063647797,-0.0098,0.0147,1.0085,1.009
16.065513797,-0.0110,0.0154,1.0080,1.008
16.067629604,-0.0137,0.0139,1.0083,1.008
16.069550066,-0.0137,0.0151,1.0100,1.010
16.071389874,-0.0159,0.0169,1.0107,1.011
16.07339445,-0.0188,0.0169,1.0126,1.013
16.075331527,-0.0188,0.0169,1.0124,1.013
16.078181758,-0.0181,0.0161,1.0131,1.013
16.07951145,-0.0193,0.0156,1.0136,1.014
16.081313374,-0.0200,0.0159,1.0148,1.015
16.083318258,-0.0203,0.0147,1.0134,1.014
16.085417335,-0.0193,0.0151,1.0126,1.013
16.087393874,-0.0205,0.0173,1.0136,1.014
16.089245181,-0.0183,0.0164,1.0090,1.009
16.091198489,-0.0186,0.0166,1.0061,1.006
16.093286489,-0.0169,0.0173,1.0026,1.003
16.09524295,-0.0159,0.0176,0.9985,0.999
16.09723595,-0.0151,0.0188,0.9960,0.996
16.099227335,-0.0139,0.0198,0.9924,0.993
16.100967797,-0.0139,0.0198,0.9916,0.992
16.103096104,-0.0127,0.0210,0.9890,0.989
16.104974989,-0.0122,0.0220,0.9831,0.983
16.107309027,-0.0122,0.0227,0.9814,0.982
16.109304412,-0.0117,0.0244,0.9758,0.976
16.120017643,-0.0098,0.0249,0.9699,0.970
16.12138845,-0.0095,0.0261,0.9699,0.970
16.122598066,-0.0078,0.0257,0.9692,0.970
16.123804989,-0.0071,0.0259,0.9699,0.970
16.124959758,-0.0046,0.0261,0.9740,0.974
16.12587472,-0.0027,0.0247,0.9792,0.979
16.127752797,-0.0034,0.0249,0.9811,0.981
16.129091373,-0.0037,0.0249,0.9860,0.986
16.130892681,-0.0022,0.0254,0.9943,0.995
16.131985104,-0.0015,0.0247,0.9977,0.998
16.133423181,-0.0029,0.0242,1.0043,1.005
16.134633912,-0.0037,0.0235,1.0095,1.010
16.135620681,-0.0046,0.0225,1.0192,1.020
16.138002604,-0.0049,0.0217,1.0273,1.028
16.138661989,-0.0064,0.0200,1.0332,1.033
16.140681181,-0.0081,0.0208,1.0407,1.041
16.142750912,-0.0103,0.0213,1.0491,1.049
16.146495797,-0.0125,0.0203,1.0520,1.052
16.147020681,-0.0142,0.0191,1.0542,1.054
16.148866758,-0.0147,0.0203,1.0547,1.055
16.150596489,-0.0164,0.0188,1.0554,1.056
16.152808066,-0.0178,0.0173,1.0527,1.053
16.15442272,-0.0178,0.0171,1.0491,1.049
16.157052527,-0.0173,0.0183,1.0400,1.040
16.158663566,-0.0144,0.0178,1.0293,1.030
16.160705566,-0.0127,0.0183,1.0229,1.023
16.163112143,-0.0132,0.0171,1.0087,1.009
16.16467745,-0.0134,0.0166,1.0021,1.002
16.166328143,-0.0112,0.0169,0.9914,0.992
16.168290373,-0.0107,0.0171,0.9797,0.980
16.170419143,-0.0115,0.0169,0.9760,0.976
16.172646143,-0.0122,0.0193,0.9692,0.969
16.174359912,-0.0110,0.0205,0.9635,0.964
16.176069412,-0.0110,0.0215,0.9616,0.962
16.17905822,-0.0122,0.0232,0.9606,0.961
16.18082345,-0.0127,0.0242,0.9626,0.963
16.181940527,-0.0103,0.0254,0.9665,0.967
16.18403195,-0.0093,0.0252,0.9740,0.974
16.186081373,-0.0083,0.0257,0.9772,0.978
16.188344873,-0.0081,0.0271,0.9811,0.982
16.189903912,-0.0059,0.0252,0.9904,0.991
16.192045066,-0.0039,0.0247,0.9948,0.995
16.194916912,-0.0010,0.0247,1.0029,1.003
16.197257143,-0.0010,0.0254,1.0056,1.006
16.198411258,-0.0022,0.0264,1.0126,1.013
16.200157604,-0.0034,0.0283,1.0180,1.018
16.201654604,-0.0042,0.0283,1.0192,1.020
16.203782604,-0.0044,0.0281,1.0224,1.023
16.205600912,-0.0049,0.0276,1.0241,1.025
16.207743412,-0.0039,0.0279,1.0241,1.025
16.209581643,-0.0032,0.0269,1.0202,1.021
16.21263245,-0.0046,0.0286,1.0188,1.019
16.214029066,-0.0042,0.0310,1.0168,1.017
16.216912258,-0.0059,0.0303,1.0148,1.015
16.218468143,-0.0064,0.0291,1.0136,1.014
16.219761796,-0.0034,0.0286,1.0109,1.011
16.221349335,-0.0042,0.0274,1.0100,1.010
16.223500835,-0.0059,0.0283,1.0119,1.012
16.225441181,-0.0049,0.0288,1.0114,1.012
16.22771545,-0.0051,0.0279,1.0119,1.012
16.238769989,-0.0056,0.0269,1.0114,1.012
16.240241335,-0.0064,0.0271,1.0097,1.010
16.241319027,-0.0068,0.0271,1.0090,1.009
16.242542681,-0.0064,0.0271,1.0085,1.009
16.243955989,-0.0061,0.0266,1.0090,1.009
16.245636027,-0.0071,0.0259,1.0083,1.009
16.247335835,-0.0056,0.0247,1.0083,1.009
16.248757104,-0.0059,0.0239,1.0085,1.009
16.249852027,-0.0049,0.0232,1.0075,1.008
16.251059258,-0.0054,0.0227,1.0063,1.007
16.251943296,-0.0051,0.0227,1.0058,1.006
16.252785912,-0.0034,0.0220,1.0051,1.005
16.253636027,-0.0029,0.0210,1.0034,1.004
16.256426643,-0.0034,0.0198,1.0041,1.004
16.257886335,-0.0012,0.0198,1.0034,1.004
16.25909395,-0.0007,0.0191,1.0031,1.003
16.264544066,0.0002,0.0183,1.0026,1.003
16.265081489,0.0005,0.0188,1.0046,1.005
16.265335027,0.0002,0.0178,1.0051,1.005
16.266635989,0.0024,0.0188,1.0051,1.005
16.268457104,0.0039,0.0188,1.0070,1.007
16.270566373,0.0066,0.0169,1.0095,1.010
16.272413489,0.0068,0.0159,1.0112,1.011
16.274472373,0.0076,0.0154,1.0122,1.012
16.276534412,0.0107,0.0149,1.0131,1.013
16.279307489,0.0112,0.0127,1.0139,1.014
16.281045681,0.0110,0.0115,1.0124,1.013
16.282389758,0.0112,0.0093,1.0119,1.012
16.28426722,0.0112,0.0098,1.0114,1.012
16.286300258,0.0086,0.0105,1.0078,1.008
16.28846995,0.0095,0.0090,1.0046,1.005
16.290149335,0.0100,0.0083,1.0043,1.004
16.292368566,0.0103,0.0083,1.0026,1.003
16.295632066,0.0090,0.0093,1.0007,1.001
16.296924373,0.0110,0.0086,0.9997,1.000
16.298293566,0.0134,0.0090,0.9968,0.997
16.300115258,0.0127,0.0107,0.9960,0.996
16.302025912,0.0117,0.0132,0.9929,0.993
16.304452566,0.0110,0.0144,0.9912,0.991
16.306200489,0.0110,0.0151,0.9894,0.990
16.308176066,0.0081,0.0176,0.9882,0.988
16.30996822,0.0042,0.0210,0.9855,0.986
16.313173912,0.0022,0.0220,0.9846,0.985
16.315011181,0.0012,0.0274,0.9855,0.986
16.31742695,-0.0005,0.0279,0.9843,0.985
16.318733643,-0.0066,0.0281,0.9833,0.984
16.319993604,-0.0127,0.0303,0.9887,0.989
16.321987219,-0.0147,0.0318,0.9914,0.992
16.324060604,-0.0181,0.0337,0.9953,0.996
16.325768681,-0.0217,0.0337,0.9999,1.001
16.335642219,-0.0242,0.0342,1.0021,1.003
16.337127258,-0.0300,0.0371,1.0070,1.008
16.338441104,-0.0337,0.0376,1.0097,1.011
16.339593719,-0.0366,0.0364,1.0141,1.015
16.340681912,-0.0379,0.0344,1.0200,1.021
16.341879143,-0.0391,0.0330,1.0219,1.023
16.343232258,-0.0415,0.0322,1.0234,1.025
16.344430219,-0.0445,0.0320,1.0261,1.028
16.345586143,-0.0440,0.0313,1.0263,1.028
16.346886373,-0.0472,0.0300,1.0283,1.030
16.347481412,-0.0454,0.0300,1.0283,1.030
16.349521296,-0.0452,0.0300,1.0278,1.029
16.351573027,-0.0452,0.0308,1.0258,1.027
16.353525412,-0.0462,0.0305,1.0239,1.025
16.35587195,-0.0479,0.0293,1.0207,1.022
16.357391796,-0.0496,0.0283,1.0175,1.019
16.359792758,-0.0493,0.0279,1.0148,1.016
16.362514643,-0.0496,0.0271,1.0090,1.011
16.363475527,-0.0506,0.0279,1.0034,1.005
16.365393104,-0.0513,0.0279,1.0004,1.002
16.367518643,-0.0515,0.0279,0.9973,0.999
16.369858489,-0.0520,0.0281,0.9953,0.997
16.371161873,-0.0508,0.0281,0.9912,0.993
16.373107296,-0.0498,0.0266,0.9870,0.989
16.375339719,-0.0511,0.0249,0.9836,0.985
16.377086566,-0.0606,0.0142,0.9762,0.978
16.379949566,-0.0594,0.0103,0.9792,0.981
16.381110604,-0.0552,0.0054,0.9802,0.982
16.383122604,-0.0459,0.0020,0.9828,0.984
16.385250335,-0.0413,0.0005,0.9841,0.985
16.387345335,-0.0342,0.0005,0.9887,0.989
16.388880335,-0.0303,0.0037,0.9931,0.994
16.391350643,-0.0300,0.0059,0.9968,0.997
16.39293245,-0.0276,0.0105,1.0058,1.006
16.396187335,-0.0220,0.0193,1.0131,1.014
16.396950027,-0.0217,0.0239,1.0144,1.015
16.399355643,-0.0213,0.0325,1.0153,1.016
16.400982873,-0.0215,0.0352,1.0146,1.015
16.403352643,-0.0222,0.0398,1.0136,1.015
16.404776835,-0.0266,0.0408,1.0085,1.010
16.406550181,-0.0296,0.0410,1.0068,1.008
16.409549835,-0.0347,0.0366,1.0024,1.004
16.410872681,-0.0415,0.0320,0.9987,1.000
16.413444027,-0.0447,0.0288,0.9968,0.998
16.415464912,-0.0474,0.0252,0.9919,0.993
16.416568758,-0.0469,0.0244,0.9892,0.991
16.418507027,-0.0425,0.0249,0.9863,0.987
16.420758412,-0.0369,0.0230,0.9855,0.986
16.422351681,-0.0332,0.0232,0.9838,0.985
16.424971412,-0.0279,0.0225,0.9843,0.985
16.426565604,-0.0227,0.0225,0.9858,0.986
16.433647412,-0.0210,0.0222,0.9858,0.986
16.434608873,-0.0169,0.0242,0.9875,0.988
16.43507245,-0.0151,0.0242,0.9877,0.988
16.435477989,-0.0147,0.0254,0.9899,0.990
16.436414758,-0.0151,0.0271,0.9909,0.991
16.438311796,-0.0164,0.0279,0.9926,0.993
16.440842142,-0.0186,0.0293,0.9933,0.994
16.442244373,-0.0225,0.0305,0.9936,0.994
16.444642835,-0.0239,0.0303,0.9941,0.995
16.447225296,-0.0271,0.0305,0.9943,0.995
16.448523758,-0.0288,0.0300,0.9951,0.996
16.450158873,-0.0330,0.0291,0.9990,1.000
16.452244066,-0.0335,0.0271,1.0019,1.003
16.453964873,-0.0335,0.0271,1.0034,1.004
16.456387719,-0.0349,0.0247,1.0073,1.008
16.457989335,-0.0342,0.0235,1.0124,1.013
16.46033095,-0.0342,0.0225,1.0141,1.015
16.463568873,-0.0352,0.0203,1.0175,1.018
16.464458527,-0.0318,0.0188,1.0197,1.020
16.465853104,-0.0298,0.0188,1.0224,1.023
16.468143258,-0.0298,0.0186,1.0229,1.024
16.469825566,-0.0303,0.0193,1.0232,1.024
16.472410027,-0.0296,0.0203,1.0217,1.022
16.473762142,-0.0288,0.0215,1.0205,1.021
16.476306642,-0.0298,0.0217,1.0200,1.021
16.479686219,-0.0305,0.0208,1.0210,1.022
16.480602258,-0.0322,0.0213,1.0200,1.021
16.481743489,-0.0337,0.0200,1.0180,1.019
16.483980027,-0.0366,0.0200,1.0200,1.021
16.485549104,-0.0371,0.0191,1.0195,1.020
16.488178912,-0.0393,0.0183,1.0192,1.020
16.489617796,-0.0408,0.0193,1.0190,1.020
16.491828796,-0.0410,0.0195,1.0195,1.021
16.493636566,-0.0430,0.0200,1.0185,1.020
16.496452989,-0.0423,0.0198,1.0185,1.020
16.497353796,-0.0415,0.0178,1.0183,1.019
16.499527373,-0.0413,0.0193,1.0173,1.018
16.50151745,-0.0410,0.0188,1.0175,1.019
16.503612719,-0.0401,0.0169,1.0195,1.020
16.505396373,-0.0362,0.0164,1.0195,1.020
16.50720745,-0.0349,0.0154,1.0188,1.019
16.509471027,-0.0318,0.0169,1.0163,1.017
16.511571181,-0.0283,0.0178,1.0156,1.016
16.51470395,-0.0274,0.0178,1.0141,1.015
16.516242642,-0.0244,0.0195,1.0092,1.010
16.517523219,-0.0235,0.0200,1.0068,1.007
16.519356681,-0.0227,0.0198,0.9999,1.000
16.521227642,-0.0208,0.0203,0.9960,0.996
16.523313027,-0.0188,0.0200,0.9938,0.994
16.525201296,-0.0151,0.0217,0.9897,0.990
16.527318027,-0.0115,0.0244,0.9872,0.988
16.538751142,-0.0090,0.0261,0.9863,0.987
16.540482796,-0.0044,0.0291,0.9882,0.989
16.541344527,-0.0029,0.0298,0.9892,0.990
16.542313065,0.0005,0.0293,0.9897,0.990
16.543393719,0.0027,0.0310,0.9904,0.991
16.544740527,0.0032,0.0310,0.9909,0.991
16.545912527,0.0042,0.0308,0.9929,0.993
16.547240758,0.0039,0.0305,0.9938,0.994
16.548226142,0.0029,0.0286,0.9936,0.994
16.549350412,-0.0010,0.0286,0.9951,0.995
16.550536142,-0.0029,0.0286,0.9965,0.997
16.551211989,-0.0073,0.0274,0.9980,0.998
16.553334142,-0.0142,0.0269,1.0004,1.001
16.554699219,-0.0171,0.0264,1.0014,1.002
16.557364412,-0.0242,0.0242,1.0014,1.002
16.55884495,-0.0291,0.0235,1.0002,1.001
16.561262258,-0.0310,0.0235,0.9982,0.999
16.563838181,-0.0352,0.0227,0.9953,0.996
16.564701912,-0.0362,0.0222,0.9919,0.993
16.566569989,-0.0384,0.0188,0.9914,0.992
16.568423104,-0.0410,0.0173,0.9887,0.990
16.570466065,-0.0432,0.0164,0.9855,0.987
16.572477835,-0.0462,0.0139,0.9809,0.982
16.574414219,-0.0469,0.0142,0.9789,0.980
16.576326758,-0.0462,0.0120,0.9770,0.978
16.579478104,-0.0464,0.0127,0.9740,0.975
16.581829412,-0.0467,0.0127,0.9743,0.975
16.582340142,-0.0440,0.0095,0.9753,0.976
16.584233835,-0.0425,0.0086,0.9775,0.978
16.586090412,-0.0415,0.0088,0.9780,0.979
16.588022527,-0.0396,0.0098,0.9804,0.981
16.589946873,-0.0376,0.0081,0.9831,0.984
16.592323989,-0.0366,0.0076,0.9848,0.986
16.594187335,-0.0374,0.0076,0.9880,0.989
16.596864873,-0.0362,0.0078,0.9902,0.991
16.598406219,-0.0320,0.0068,0.9953,0.996
16.600479912,-0.0296,0.0066,1.0009,1.001
16.602077758,-0.0269,0.0059,1.0041,1.004
16.604122373,-0.0230,0.0068,1.0080,1.008
16.606220027,-0.0195,0.0064,1.0109,1.011
16.608308104,-0.0173,0.0054,1.0119,1.012
16.61000045,-0.0144,0.0073,1.0124,1.013
16.613231604,-0.0117,0.0081,1.0129,1.013
16.613993142,-0.0093,0.0061,1.0148,1.015
16.616103758,-0.0073,0.0076,1.0146,1.015
16.617676142,-0.0081,0.0078,1.0144,1.014
16.620625758,-0.0098,0.0086,1.0136,1.014
16.621727912,-0.0110,0.0088,1.0131,1.013
16.624056219,-0.0132,0.0083,1.0114,1.012
16.625644142,-0.0129,0.0107,1.0068,1.007
16.627997912,-0.0132,0.0103,1.0039,1.004
16.634965758,-0.0171,0.0107,1.0004,1.001
16.635799027,-0.0178,0.0122,0.9975,0.998
16.636249527,-0.0191,0.0132,0.9958,0.996
16.636682796,-0.0217,0.0142,0.9943,0.995
16.637544412,-0.0247,0.0151,0.9909,0.991
16.63973945,-0.0254,0.0178,0.9902,0.991
16.641320565,-0.0254,0.0181,0.9890,0.989
16.643464873,-0.0266,0.0176,0.9894,0.990
16.649519181,-0.0276,0.0176,0.9892,0.990
16.650373565,-0.0286,0.0198,0.9904,0.991
16.65081045,-0.0283,0.0210,0.9912,0.992
16.651224565,-0.0281,0.0237,0.9926,0.993
16.653136912,-0.0274,0.0237,0.9926,0.993
16.655361873,-0.0271,0.0249,0.9933,0.994
16.657055065,-0.0271,0.0271,0.9931,0.994
16.659338758,-0.0259,0.0274,0.9938,0.995
16.661035142,-0.0254,0.0283,0.9965,0.997
16.66337995,-0.0242,0.0305,0.9970,0.998
16.665351027,-0.0249,0.0305,0.9975,0.998
16.667453642,-0.0235,0.0315,0.9992,1.000
16.669257988,-0.0215,0.0332,0.9995,1.000
16.671002873,-0.0210,0.0325,0.9999,1.001
16.672934758,-0.0213,0.0332,1.0017,1.002
16.67486095,-0.0205,0.0344,1.0029,1.004
16.676941796,-0.0205,0.0354,1.0021,1.003
16.680128065,-0.0176,0.0342,1.0021,1.003
16.681777758,-0.0169,0.0340,1.0031,1.004
16.683812642,-0.0178,0.0330,1.0039,1.005
16.684982565,-0.0156,0.0337,1.0034,1.004
16.686743296,-0.0156,0.0330,1.0031,1.004
16.688603988,-0.0149,0.0332,1.0009,1.002
16.690628412,-0.0156,0.0330,1.0007,1.001
16.693019912,-0.0173,0.0320,0.9997,1.000
16.694629796,-0.0193,0.0300,1.0004,1.001
16.697643104,-0.0195,0.0293,1.0004,1.001
16.699234796,-0.0188,0.0293,1.0007,1.001
16.700598565,-0.0222,0.0286,0.9987,0.999
16.702495219,-0.0237,0.0288,0.9995,1.000
16.704603642,-0.0237,0.0296,0.9992,1.000
16.706370142,-0.0244,0.0298,0.9992,1.000
16.708492873,-0.0254,0.0313,0.9985,0.999
16.710358219,-0.0259,0.0303,0.9992,1.000
16.713645373,-0.0274,0.0291,0.9997,1.000
16.715258373,-0.0281,0.0266,0.9999,1.001
16.716465873,-0.0288,0.0271,1.0002,1.001
16.71822795,-0.0286,0.0279,1.0007,1.001
16.720334219,-0.0281,0.0269,1.0012,1.002
16.722130181,-0.0291,0.0274,1.0007,1.001
16.724444142,-0.0298,0.0293,1.0004,1.001
16.72606795,-0.0315,0.0293,0.9980,0.999
16.72826845,-0.0320,0.0303,0.9960,0.997
16.737238219,-0.0344,0.0318,0.9938,0.995
16.738806527,-0.0371,0.0310,0.9914,0.993
16.739683065,-0.0369,0.0315,0.9892,0.990
16.740661604,-0.0374,0.0313,0.9855,0.987
16.741823104,-0.0386,0.0305,0.9816,0.983
16.748651604,-0.0391,0.0308,0.9799,0.981
16.75014295,-0.0396,0.0310,0.9750,0.976
16.751071219,-0.0386,0.0310,0.9738,0.975
16.75207995,-0.0359,0.0293,0.9709,0.972
16.753157258,-0.0374,0.0279,0.9682,0.969
16.754414065,-0.0364,0.0276,0.9675,0.969
16.755446681,-0.0342,0.0261,0.9677,0.969
16.756541835,-0.0347,0.0259,0.9679,0.969
16.757300411,-0.0332,0.0242,0.9677,0.969
16.758450104,-0.0315,0.0252,0.9709,0.972
16.759707181,-0.0308,0.0252,0.9736,0.974
16.761557565,-0.0286,0.0254,0.9784,0.979
16.763603296,-0.0274,0.0239,0.9833,0.984
16.765448758,-0.0276,0.0230,0.9860,0.987
16.767513488,-0.0269,0.0217,0.9921,0.993
16.769638604,-0.0254,0.0208,0.9980,0.999
16.771779258,-0.0247,0.0210,1.0009,1.001
16.773467796,-0.0252,0.0210,1.0085,1.009
16.775665835,-0.0242,0.0225,1.0114,1.012
16.777426258,-0.0244,0.0222,1.0146,1.015
16.780073181,-0.0230,0.0203,1.0212,1.022
16.781526911,-0.0220,0.0200,1.0236,1.024
16.783504411,-0.0208,0.0200,1.0258,1.026
16.785266411,-0.0205,0.0208,1.0268,1.027
16.787370758,-0.0200,0.0186,1.0293,1.030
16.789116565,-0.0203,0.0193,1.0293,1.030
16.79134995,-0.0208,0.0191,1.0293,1.030
16.793274527,-0.0208,0.0191,1.0285,1.029
16.797043296,-0.0205,0.0173,1.0263,1.027
16.798591488,-0.0215,0.0176,1.0251,1.025
16.799520142,-0.0239,0.0183,1.0241,1.025
16.80106045,-0.0252,0.0186,1.0222,1.023
16.803062104,-0.0259,0.0181,1.0178,1.018
16.804852873,-0.0288,0.0217,1.0141,1.015
16.806936065,-0.0293,0.0220,1.0124,1.013
16.808768027,-0.0281,0.0215,1.0080,1.009
16.811322411,-0.0281,0.0222,1.0046,1.005
16.814439296,-0.0281,0.0232,1.0036,1.004
16.815863335,-0.0298,0.0232,0.9997,1.000
16.816953335,-0.0293,0.0239,0.9965,0.997
16.818953373,-0.0286,0.0259,0.9941,0.995
16.820817027,-0.0279,0.0235,0.9904,0.991
16.822940758,-0.0296,0.0235,0.9897,0.990
16.824916181,-0.0322,0.0261,0.9892,0.990
16.826951258,-0.0315,0.0276,0.9875,0.988
16.837362719,-0.0313,0.0291,0.9860,0.987
16.838886142,-0.0303,0.0293,0.9855,0.986
16.839773642,-0.0315,0.0310,0.9821,0.983
16.840629142,-0.0315,0.0308,0.9811,0.982
16.841534027,-0.0322,0.0293,0.9806,0.982
16.842593642,-0.0320,0.0291,0.9811,0.982
16.843579335,-0.0327,0.0298,0.9824,0.983
16.844701911,-0.0296,0.0293,0.9843,0.985
16.845700719,-0.0283,0.0279,0.9855,0.986
16.846969642,-0.0279,0.0281,0.9897,0.990
16.849624373,-0.0252,0.0274,0.9951,0.996
16.851126604,-0.0247,0.0257,0.9968,0.997
16.852212911,-0.0232,0.0252,0.9997,1.000
16.854346758,-0.0227,0.0249,1.0021,1.003
16.856325334,-0.0230,0.0257,1.0070,1.008
16.858323488,-0.0227,0.0220,1.0109,1.011
16.860238796,-0.0239,0.0222,1.0112,1.012
16.863357719,-0.0237,0.0215,1.0114,1.012
16.865257104,-0.0266,0.0210,1.0144,1.015
16.86636345,-0.0269,0.0213,1.0146,1.015
16.868265565,-0.0281,0.0203,1.0139,1.014
16.870127411,-0.0296,0.0198,1.0131,1.014
16.872049104,-0.0300,0.0191,1.0097,1.010
16.874108373,-0.0322,0.0186,1.0080,1.009
16.876018219,-0.0325,0.0176,1.0078,1.008
16.87789595,-0.0344,0.0154,1.0068,1.007
16.880056027,-0.0359,0.0147,1.0063,1.007
16.882126411,-0.0362,0.0144,1.0061,1.007
16.884002411,-0.0374,0.0132,1.0065,1.007
16.885642065,-0.0388,0.0134,1.0068,1.008
16.887602834,-0.0406,0.0147,1.0043,1.005
16.889696604,-0.0432,0.0134,1.0019,1.003
16.891576988,-0.0442,0.0129,1.0002,1.001
16.893458488,-0.0435,0.0120,0.9970,0.998
16.897045373,-0.0442,0.0117,0.9946,0.996
16.898481488,-0.0464,0.0120,0.9894,0.991
16.899482719,-0.0452,0.0144,0.9833,0.984
16.901786334,-0.0452,0.0154,0.9804,0.982
16.903384834,-0.0450,0.0156,0.9755,0.977
16.905535411,-0.0452,0.0147,0.9714,0.973
16.907440604,-0.0442,0.0144,0.9704,0.971
16.909418065,-0.0415,0.0154,0.9706,0.972
16.911379296,-0.0415,0.0159,0.9699,0.971
16.914388258,-0.0423,0.0169,0.9699,0.971
16.915856527,-0.0406,0.0183,0.9721,0.973
16.917327488,-0.0396,0.0181,0.9748,0.976
16.919309604,-0.0408,0.0188,0.9782,0.979
16.921359104,-0.0398,0.0200,0.9875,0.988
16.923519065,-0.0393,0.0193,0.9924,0.993
16.925266296,-0.0401,0.0195,1.0043,1.005
16.927190834,-0.0401,0.0186,1.0105,1.011
16.938410796,-0.0413,0.0181,1.0219,1.023
16.939965527,-0.0418,0.0186,1.0327,1.034
16.941036488,-0.0415,0.0183,1.0385,1.040
16.942025104,-0.0406,0.0176,1.0461,1.047
16.943255411,-0.0396,0.0176,1.0495,1.050
16.944444411,-0.0406,0.0178,1.0483,1.049
16.950695565,-0.0384,0.0169,1.0466,1.047
16.952215527,-0.0384,0.0164,1.0442,1.045
16.953259373,-0.0401,0.0181,1.0383,1.039
16.954060988,-0.0393,0.0169,1.0310,1.032
16.955316065,-0.0384,0.0173,1.0263,1.027
16.956407834,-0.0396,0.0188,1.0178,1.019
16.957519758,-0.0398,0.0186,1.0056,1.007
16.958714065,-0.0398,0.0205,1.0009,1.002
16.959596411,-0.0398,0.0225,0.9919,0.993
16.960462219,-0.0410,0.0227,0.9875,0.989
16.961435719,-0.0413,0.0266,0.9811,0.982
16.962671988,-0.0430,0.0281,0.9787,0.980
16.965053296,-0.0440,0.0283,0.9770,0.978
16.96629595,-0.0450,0.0296,0.9753,0.977
16.968442757,-0.0435,0.0308,0.9740,0.976
16.970466719,-0.0440,0.0318,0.9748,0.976
16.972385027,-0.0408,0.0330,0.9792,0.981
16.974433296,-0.0415,0.0330,0.9811,0.983
16.976441527,-0.0406,0.0315,0.9828,0.984
16.978379219,-0.0391,0.0330,0.9860,0.987
16.980810873,-0.0369,0.0327,0.9875,0.989
16.982182565,-0.0349,0.0325,0.9912,0.992
16.98481045,-0.0349,0.0325,0.9931,0.994
16.986068373,-0.0337,0.0320,0.9943,0.995
16.988063642,-0.0308,0.0303,0.9946,0.996
16.989970065,-0.0305,0.0298,0.9943,0.995
16.992245411,-0.0310,0.0291,0.9924,0.993
16.994081988,-0.0288,0.0300,0.9890,0.990
16.996873757,-0.0274,0.0303,0.9870,0.988
16.998044296,-0.0257,0.0296,0.9841,0.985
17.000240911,-0.0252,0.0296,0.9814,0.982
17.001844373,-0.0247,0.0293,0.9804,0.981
17.003925988,-0.0237,0.0296,0.9780,0.979
17.005907988,-0.0230,0.0300,0.9772,0.978
17.008145411,-0.0222,0.0313,0.9765,0.977
17.009866719,-0.0215,0.0320,0.9787,0.979
17.011946104,-0.0205,0.0305,0.9799,0.981
17.014241104,-0.0208,0.0296,0.9860,0.987
17.015929334,-0.0217,0.0291,0.9943,0.995
17.017654219,-0.0200,0.0300,0.9977,0.998
17.019900296,-0.0188,0.0303,1.0051,1.006
17.021678565,-0.0188,0.0303,1.0092,1.010
17.023765027,-0.0183,0.0298,1.0183,1.019
17.02548695,-0.0164,0.0293,1.0261,1.027
17.027654719,-0.0154,0.0288,1.0288,1.029
17.036806488,-0.0159,0.0269,1.0344,1.035
17.037919142,-0.0159,0.0271,1.0390,1.040
17.038756796,-0.0144,0.0271,1.0412,1.042
17.039559142,-0.0132,0.0274,1.0407,1.041
17.040277911,-0.0134,0.0279,1.0400,1.040
17.045523411,-0.0122,0.0283,1.0383,1.039
17.046785104,-0.0110,0.0259,1.0361,1.036
17.04787345,-0.0100,0.0259,1.0341,1.035
17.048583296,-0.0083,0.0271,1.0312,1.032
17.049588334,-0.0078,0.0269,1.0283,1.029
17.050434411,-0.0081,0.0259,1.0249,1.025
17.051399065,-0.0098,0.0261,1.0210,1.021
17.054109604,-0.0105,0.0274,1.0166,1.017
17.055764219,-0.0132,0.0264,1.0105,1.011
17.057164411,-0.0144,0.0235,1.0063,1.007
17.059307219,-0.0151,0.0230,1.0039,1.004
17.061702873,-0.0156,0.0249,0.9977,0.998
17.065758104,-0.0156,0.0247,0.9914,0.992
17.067403104,-0.0159,0.0249,0.9892,0.990
17.072030604,-0.0176,0.0249,0.9833,0.984
17.073188565,-0.0181,0.0244,0.9806,0.981
17.074148142,-0.0164,0.0232,0.9770,0.977
17.07531768,-0.0161,0.0235,0.9733,0.974
17.076196527,-0.0164,0.0232,0.9726,0.973
17.077246065,-0.0156,0.0242,0.9723,0.973
17.081357988,-0.0154,0.0215,0.9770,0.977
17.083267834,-0.0149,0.0213,0.9775,0.978
17.084334334,-0.0120,0.0186,0.9799,0.980
17.085699873,-0.0117,0.0181,0.9816,0.982
17.086968296,-0.0115,0.0188,0.9850,0.985
17.089009257,-0.0105,0.0166,0.9887,0.989
17.090830219,-0.0110,0.0169,0.9909,0.991
17.09279695,-0.0103,0.0171,0.9968,0.997
17.09484618,-0.0110,0.0171,1.0002,1.000
17.097843873,-0.0115,0.0173,1.0073,1.007
17.099478719,-0.0112,0.0173,1.0119,1.012
17.100610065,-0.0112,0.0178,1.0146,1.015
17.102663642,-0.0095,0.0183,1.0170,1.017
17.104393027,-0.0078,0.0215,1.0207,1.021
17.106448065,-0.0086,0.0235,1.0219,1.022
17.108400488,-0.0095,0.0213,1.0266,1.027
17.11047468,-0.0110,0.0222,1.0266,1.027
17.11228445,-0.0122,0.0242,1.0258,1.026
17.115453027,-0.0125,0.0244,1.0234,1.024
17.116927219,-0.0122,0.0259,1.0246,1.025
17.118143334,-0.0127,0.0293,1.0239,1.024
17.120123719,-0.0137,0.0298,1.0190,1.020
17.122176604,-0.0134,0.0305,1.0175,1.018
17.124368219,-0.0137,0.0318,1.0161,1.017
17.126501527,-0.0139,0.0320,1.0134,1.014
17.12836418,-0.0144,0.0340,1.0117,1.012
17.138481796,-0.0144,0.0359,1.0061,1.007
17.140028488,-0.0156,0.0376,1.0029,1.004
17.140995911,-0.0161,0.0391,0.9992,1.000
17.14201668,-0.0159,0.0386,0.9955,0.996
17.14292468,-0.0171,0.0379,0.9921,0.993
17.143233642,-0.0176,0.0386,0.9868,0.988
17.143479104,-0.0186,0.0386,0.9846,0.985
17.143731988,-0.0191,0.0376,0.9836,0.984
17.150179296,-0.0191,0.0362,0.9811,0.982
17.151000373,-0.0195,0.0352,0.9804,0.981
17.15136795,-0.0198,0.0344,0.9789,0.980
17.151718796,-0.0222,0.0340,0.9816,0.982
17.15365318,-0.0230,0.0332,0.9804,0.981
17.155589719,-0.0230,0.0318,0.9804,0.981
17.157635488,-0.0232,0.0313,0.9816,0.982
17.159558411,-0.0232,0.0274,0.9870,0.988
17.16140395,-0.0242,0.0261,0.9887,0.989
17.16402318,-0.0249,0.0264,0.9887,0.989
17.165536488,-0.0239,0.0242,0.9902,0.991
17.167548988,-0.0271,0.0220,0.9946,0.995
17.169193988,-0.0286,0.0213,0.9953,0.996
17.171300411,-0.0276,0.0198,0.9963,0.997
17.173339757,-0.0283,0.0195,0.9982,0.999
17.175342565,-0.0300,0.0191,1.0004,1.001
17.177186757,-0.0315,0.0173,1.0017,1.002
17.179210257,-0.0330,0.0173,1.0024,1.003
17.181556142,-0.0344,0.0171,1.0051,1.006
17.18308968,-0.0354,0.0173,1.0053,1.006
17.185211911,-0.0357,0.0154,1.0041,1.005
17.187271065,-0.0354,0.0134,1.0061,1.007
17.18899068,-0.0362,0.0137,1.0080,1.009
17.190959796,-0.0374,0.0156,1.0080,1.009
17.193085603,-0.0362,0.0154,1.0041,1.005
17.194858488,-0.0357,0.0149,1.0021,1.003
17.197931296,-0.0352,0.0154,1.0012,1.002
17.199745257,-0.0354,0.0151,1.0002,1.001
17.200660296,-0.0369,0.0149,0.9973,0.998
17.20260918,-0.0364,0.0149,0.9948,0.996
17.20473618,-0.0357,0.0164,0.9929,0.994
17.206461603,-0.0357,0.0161,0.9890,0.990
17.20859445,-0.0364,0.0156,0.9833,0.984
17.210550834,-0.0357,0.0159,0.9821,0.983
17.214454296,-0.0347,0.0200,0.9811,0.982
17.215018527,-0.0340,0.0208,0.9806,0.981
17.216363796,-0.0335,0.0208,0.9811,0.982
17.218245027,-0.0342,0.0205,0.9828,0.984
17.220413257,-0.0352,0.0210,0.9846,0.985
17.222180142,-0.0357,0.0213,0.9902,0.991
17.224181834,-0.0359,0.0198,0.9973,0.998
17.226135642,-0.0364,0.0213,1.0019,1.003
17.228309296,-0.0381,0.0205,1.0053,1.006
17.23286618,-0.0391,0.0208,1.0075,1.008
17.234139527,-0.0391,0.0200,1.0078,1.009
17.234464027,-0.0379,0.0208,1.0080,1.009
17.236380219,-0.0386,0.0208,1.0083,1.009
17.238174873,-0.0371,0.0220,1.0053,1.006
17.240232334,-0.0376,0.0222,1.0009,1.002
17.241914142,-0.0379,0.0230,1.0009,1.002
17.244047103,-0.0376,0.0232,1.0002,1.001
17.24709618,-0.0374,0.0230,0.9997,1.001
17.248074296,-0.0357,0.0247,0.9968,0.998
17.254702527,-0.0340,0.0279,1.0002,1.001
17.25525218,-0.0327,0.0291,1.0012,1.002
17.255534103,-0.0320,0.0300,1.0026,1.004
17.256119911,-0.0310,0.0298,1.0029,1.004
17.257693719,-0.0315,0.0298,1.0024,1.003
17.260039488,-0.0310,0.0310,1.0036,1.005
17.26176395,-0.0313,0.0310,1.0026,1.004
17.264374103,-0.0318,0.0318,1.0021,1.003
17.266362834,-0.0335,0.0305,1.0017,1.003
17.267865911,-0.0344,0.0315,1.0012,1.002
17.27001168,-0.0349,0.0308,1.0004,1.002
17.271827873,-0.0354,0.0303,0.9999,1.001
17.273921873,-0.0359,0.0296,0.9987,1.000
17.275893527,-0.0357,0.0288,0.9990,1.000
17.27756595,-0.0366,0.0288,0.9992,1.000
17.280875257,-0.0371,0.0286,0.9992,1.000
17.282747142,-0.0381,0.0283,0.9995,1.001
17.284051142,-0.0386,0.0271,0.9999,1.001
17.28600318,-0.0396,0.0249,1.0007,1.002
17.287523796,-0.0401,0.0257,1.0031,1.004
17.289456411,-0.0393,0.0237,1.0043,1.005
17.291633296,-0.0393,0.0247,1.0043,1.005
17.293412834,-0.0364,0.0249,1.0043,1.005
17.295556911,-0.0352,0.0249,1.0051,1.006
17.299302334,-0.0357,0.0225,1.0046,1.005
17.300944796,-0.0354,0.0215,1.0056,1.006
17.302157065,-0.0342,0.0213,1.0056,1.006
17.303674334,-0.0335,0.0227,1.0061,1.007
17.305178373,-0.0335,0.0237,1.0065,1.007
17.307424719,-0.0322,0.0249,1.0063,1.007
17.309224488,-0.0327,0.0259,1.0046,1.005
17.311343219,-0.0313,0.0259,1.0046,1.005
17.314752526,-0.0313,0.0247,1.0058,1.007
17.31629045,-0.0318,0.0247,1.0058,1.007
17.31748618,-0.0305,0.0227,1.0068,1.008
17.319823257,-0.0293,0.0222,1.0061,1.007
17.321124373,-0.0291,0.0225,1.0061,1.007
17.323121103,-0.0286,0.0247,1.0058,1.007
17.324921526,-0.0274,0.0257,1.0063,1.007
17.327424911,-0.0274,0.0254,1.0063,1.007
17.330443296,-0.0264,0.0261,1.0063,1.007
17.339423373,-0.0257,0.0274,1.0068,1.007
17.340825334,-0.0252,0.0266,1.0063,1.007
17.34178595,-0.0261,0.0274,1.0061,1.007
17.342876373,-0.0247,0.0276,1.0048,1.006
17.343910873,-0.0247,0.0276,1.0043,1.005
17.344918642,-0.0249,0.0279,1.0053,1.006
17.34607795,-0.0247,0.0279,1.0051,1.006
17.34743518,-0.0257,0.0276,1.0056,1.006
17.347736834,-0.0244,0.0274,1.0065,1.007
17.353973334,-0.0269,0.0266,1.0075,1.008
17.354531796,-0.0296,0.0274,1.0061,1.007
17.354783373,-0.0291,0.0271,1.0068,1.008
17.355029603,-0.0283,0.0276,1.0073,1.008
17.356207219,-0.0279,0.0274,1.0073,1.008
17.35830718,-0.0266,0.0281,1.0061,1.007
17.360616257,-0.0276,0.0274,1.0058,1.007
17.362215373,-0.0283,0.0274,1.0056,1.006
17.365352219,-0.0266,0.0259,1.0048,1.006
17.366186911,-0.0266,0.0257,1.0034,1.004
17.368058757,-0.0276,0.0252,1.0029,1.004
17.37017295,-0.0279,0.0252,1.0012,1.002
17.372441219,-0.0281,0.0239,1.0014,1.002
17.374085296,-0.0279,0.0232,1.0002,1.001
17.375938642,-0.0286,0.0232,0.9992,1.000
17.37797045,-0.0281,0.0244,0.9990,1.000
17.380826065,-0.0279,0.0242,0.9985,0.999
17.382933373,-0.0296,0.0266,0.9992,1.000
17.384026603,-0.0313,0.0281,0.9995,1.000
17.385934526,-0.0320,0.0281,1.0012,1.002
17.387793411,-0.0315,0.0283,0.9973,0.998
17.389729026,-0.0325,0.0288,0.9965,0.997
17.391761873,-0.0308,0.0296,0.9943,0.995
17.393784411,-0.0313,0.0298,0.9929,0.994
17.396115373,-0.0332,0.0296,0.9902,0.991
17.397795411,-0.0335,0.0288,0.9872,0.988
17.399876642,-0.0332,0.0296,0.9863,0.987
17.401948526,-0.0325,0.0286,0.9838,0.985
17.403702834,-0.0313,0.0291,0.9816,0.983
17.405539642,-0.0305,0.0288,0.9806,0.982
17.407768257,-0.0300,0.0283,0.9816,0.982
17.409640719,-0.0257,0.0279,0.9828,0.984
17.411710296,-0.0247,0.0274,0.9848,0.985
17.414809334,-0.0239,0.0274,0.9860,0.987
17.41548718,-0.0232,0.0276,0.9872,0.988
17.418753103,-0.0210,0.0283,0.9904,0.991
17.419657757,-0.0188,0.0266,0.9960,0.997
17.421586719,-0.0186,0.0257,0.9980,0.998
17.423550603,-0.0169,0.0235,1.0029,1.003
17.426049296,-0.0166,0.0232,1.0053,1.006
17.427498911,-0.0176,0.0215,1.0083,1.009
17.438112065,-0.0188,0.0217,1.0124,1.013
17.439511796,-0.0191,0.0208,1.0141,1.015
17.440386373,-0.0208,0.0183,1.0151,1.015
17.441332719,-0.0195,0.0200,1.0141,1.015
17.442188565,-0.0195,0.0208,1.0129,1.013
17.443262873,-0.0210,0.0208,1.0092,1.010
17.444514757,-0.0225,0.0191,1.0063,1.007
17.445454065,-0.0227,0.0173,0.9997,1.000
17.44640418,-0.0230,0.0178,0.9943,0.995
17.447432103,-0.0220,0.0169,0.9921,0.993
17.452791142,-0.0200,0.0173,0.9880,0.988
17.459058334,-0.0195,0.0193,0.9831,0.983
17.460519873,-0.0198,0.0195,0.9806,0.981
17.461538873,-0.0195,0.0200,0.9750,0.975
17.462654488,-0.0205,0.0203,0.9750,0.975
17.463884642,-0.0213,0.0205,0.9745,0.975
17.46500518,-0.0195,0.0210,0.9760,0.976
17.466093296,-0.0181,0.0217,0.9762,0.977
17.467292296,-0.0176,0.0239,0.9770,0.977
17.468255988,-0.0169,0.0254,0.9787,0.979
17.469369526,-0.0178,0.0259,0.9811,0.982
17.472222065,-0.0173,0.0266,0.9850,0.986
17.473690296,-0.0166,0.0259,0.9860,0.987
17.474944911,-0.0166,0.0244,0.9912,0.992
17.476921488,-0.0161,0.0257,0.9955,0.996
17.478861603,-0.0161,0.0261,0.9982,0.999
17.482999642,-0.0159,0.0274,1.0041,1.005
17.484301373,-0.0142,0.0274,1.0070,1.008
17.485475834,-0.0139,0.0274,1.0083,1.009
17.486720219,-0.0115,0.0286,1.0087,1.009
17.488955719,-0.0112,0.0283,1.0083,1.009
17.490749834,-0.0100,0.0327,1.0109,1.012
17.492588565,-0.0046,0.0408,1.0166,1.017
17.49457168,0.0002,0.0457,1.0161,1.017
17.498469449,0.0088,0.0508,1.0129,1.014
17.500061988,0.0068,0.0555,1.0075,1.009
17.501197796,0.0051,0.0581,1.0048,1.007
17.502431757,-0.0027,0.0579,1.0026,1.004
17.504402219,-0.0061,0.0559,1.0019,1.003
17.506391219,-0.0142,0.0528,0.9995,1.001
17.508333642,-0.0222,0.0474,0.9973,0.999
17.510215526,-0.0269,0.0428,0.9977,0.999
17.512222411,-0.0401,0.0318,0.9975,0.999
17.515724988,-0.0486,0.0217,0.9980,0.999
17.517198296,-0.0506,0.0171,1.0009,1.002
17.518383142,-0.0469,0.0127,1.0117,1.013
17.520372565,-0.0428,0.0132,1.0175,1.019
17.521816949,-0.0349,0.0183,1.0271,1.028
17.523997642,-0.0337,0.0257,1.0290,1.030
17.525758796,-0.0354,0.0276,1.0293,1.030
17.528061719,-0.0430,0.0310,1.0290,1.030
17.533512372,-0.0489,0.0300,1.0266,1.028
17.534082949,-0.0501,0.0298,1.0261,1.028
17.534375988,-0.0511,0.0271,1.0229,1.025
17.535993411,-0.0511,0.0252,1.0183,1.020
17.537880449,-0.0515,0.0220,1.0158,1.017
17.539949103,-0.0523,0.0159,1.0073,1.009
17.541694026,-0.0528,0.0115,1.0026,1.004
17.543790603,-0.0520,0.0051,0.9977,0.999
17.545538449,-0.0511,-0.0015,0.9973,0.999
17.548165296,-0.0496,-0.0039,0.9968,0.998
17.549585603,-0.0442,-0.0054,1.0004,1.001
17.551556449,-0.0408,-0.0061,1.0021,1.003
17.553706103,-0.0386,-0.0078,1.0026,1.003
17.55569168,-0.0391,-0.0078,1.0031,1.004
17.557442603,-0.0391,-0.0086,1.0034,1.004
17.559842065,-0.0415,-0.0103,1.0026,1.004
17.561322103,-0.0413,-0.0081,1.0021,1.003
17.564633026,-0.0425,-0.0056,1.0036,1.005
17.565794834,-0.0418,-0.0027,1.0105,1.011
17.571290603,-0.0415,-0.0010,1.0119,1.013
17.57197618,-0.0420,0.0042,1.0122,1.013
17.572562488,-0.0386,0.0083,1.0126,1.013
17.573415103,-0.0376,0.0117,1.0146,1.015
17.575658757,-0.0369,0.0151,1.0178,1.019
17.577152411,-0.0369,0.0195,1.0195,1.020
17.579240334,-0.0364,0.0191,1.0197,1.021
17.582466065,-0.0357,0.0227,1.0197,1.021
17.583574988,-0.0352,0.0237,1.0188,1.020
17.585050603,-0.0359,0.0254,1.0163,1.017
17.587098065,-0.0384,0.0283,1.0144,1.015
17.588961142,-0.0401,0.0308,1.0136,1.015
17.591385757,-0.0423,0.0342,1.0100,1.011
17.593023796,-0.0462,0.0337,1.0087,1.010
17.595088719,-0.0469,0.0327,1.0083,1.010
17.59862268,-0.0481,0.0340,1.0063,1.008
17.600170526,-0.0486,0.0340,1.0048,1.007
17.601401142,-0.0486,0.0354,1.0012,1.003
17.603083142,-0.0479,0.0342,0.9985,1.000
17.604867334,-0.0481,0.0335,0.9960,0.998
17.608311757,-0.0462,0.0313,0.9916,0.993
17.60941618,-0.0459,0.0308,0.9846,0.986
17.611076988,-0.0469,0.0303,0.9819,0.983
17.61301268,-0.0498,0.0276,0.9782,0.980
17.616509026,-0.0503,0.0274,0.9762,0.978
17.617999526,-0.0493,0.0279,0.9743,0.976
17.619268257,-0.0489,0.0266,0.9745,0.976
17.620744065,-0.0469,0.0271,0.9755,0.977
17.62293068,-0.0447,0.0274,0.9777,0.979
17.624653219,-0.0406,0.0247,0.9814,0.983
17.626559257,-0.0379,0.0235,0.9838,0.985
17.628664449,-0.0366,0.0205,0.9904,0.991
17.642056142,-0.0349,0.0195,0.9926,0.993
17.643951372,-0.0337,0.0151,0.9992,1.000
17.645266219,-0.0305,0.0117,1.0046,1.005
17.646955411,-0.0288,0.0107,1.0068,1.007
17.648508526,-0.0283,0.0086,1.0124,1.013
17.650061411,-0.0266,0.0076,1.0175,1.018
17.651652219,-0.0261,0.0078,1.0210,1.021
17.653267526,-0.0235,0.0056,1.0280,1.028
17.654879526,-0.0230,0.0064,1.0302,1.031
17.655408103,-0.0232,0.0071,1.0305,1.031
17.655929142,-0.0235,0.0068,1.0315,1.032
17.656333911,-0.0230,0.0068,1.0329,1.033
17.656690795,-0.0235,0.0071,1.0344,1.035
17.658605949,-0.0242,0.0105,1.0319,1.032
17.659244372,-0.0242,0.0122,1.0319,1.032
17.660505257,-0.0247,0.0159,1.0302,1.031
17.662058142,-0.0252,0.0171,1.0271,1.028
17.66829618,-0.0271,0.0215,1.0210,1.022
17.669060449,-0.0310,0.0225,1.0158,1.017
17.669435719,-0.0303,0.0239,1.0139,1.015
17.66983068,-0.0305,0.0274,1.0075,1.008
17.671904834,-0.0303,0.0300,1.0012,1.002
17.673648219,-0.0303,0.0337,0.9985,1.000
17.675558988,-0.0305,0.0364,0.9936,0.995
17.677619295,-0.0303,0.0384,0.9899,0.991
17.679904603,-0.0293,0.0403,0.9846,0.986
17.682047526,-0.0281,0.0415,0.9816,0.983
17.683831757,-0.0281,0.0425,0.9794,0.981
17.685508103,-0.0264,0.0428,0.9758,0.977
17.687468449,-0.0279,0.0425,0.9748,0.976
17.689460795,-0.0276,0.0423,0.9745,0.976
17.691505372,-0.0257,0.0420,0.9733,0.975
17.693456872,-0.0247,0.0418,0.9745,0.976
17.695370795,-0.0217,0.0413,0.9745,0.976
17.698234757,-0.0208,0.0403,0.9784,0.979
17.700443372,-0.0198,0.0391,0.9799,0.981
17.702799103,-0.0178,0.0410,0.9802,0.981
17.703368603,-0.0171,0.0376,0.9814,0.982
17.705351026,-0.0159,0.0354,0.9821,0.983
17.707542449,-0.0159,0.0352,0.9843,0.985
17.709234757,-0.0156,0.0354,0.9838,0.985
17.711318795,-0.0151,0.0344,0.9826,0.983
17.717622834,-0.0129,0.0340,0.9806,0.981
17.718182257,-0.0125,0.0342,0.9794,0.980
17.718483603,-0.0142,0.0340,0.9765,0.977
17.719139911,-0.0181,0.0342,0.9731,0.974
17.721249449,-0.0171,0.0335,0.9716,0.972
17.723172295,-0.0176,0.0335,0.9740,0.975
17.724973103,-0.0176,0.0352,0.9748,0.976
17.726985834,-0.0166,0.0352,0.9784,0.979
17.728891565,-0.0147,0.0347,0.9848,0.986
17.731446872,-0.0154,0.0344,0.9880,0.989
17.733308642,-0.0144,0.0327,0.9929,0.994
17.734927911,-0.0122,0.0330,0.9990,1.000
17.736885795,-0.0112,0.0320,1.0031,1.004
17.738849988,-0.0122,0.0318,1.0085,1.009
17.740809026,-0.0117,0.0318,1.0126,1.013
17.742736449,-0.0120,0.0320,1.0207,1.021
17.744841449,-0.0125,0.0310,1.0285,1.029
17.746869257,-0.0125,0.0305,1.0329,1.033
17.749469834,-0.0115,0.0291,1.0425,1.043
17.750688603,-0.0105,0.0288,1.0512,1.052
17.752857911,-0.0103,0.0288,1.0542,1.055
17.754554411,-0.0095,0.0296,1.0625,1.063
17.756663718,-0.0090,0.0283,1.0652,1.066
17.758661565,-0.0078,0.0279,1.0647,1.065
17.760704257,-0.0098,0.0300,1.0622,1.063
17.762514757,-0.0100,0.0308,1.0586,1.059
17.765239565,-0.0105,0.0310,1.0495,1.050
17.767035565,-0.0134,0.0303,1.0368,1.037
17.76843668,-0.0129,0.0300,1.0295,1.030
17.770374642,-0.0144,0.0313,1.0129,1.013
17.772659949,-0.0147,0.0322,1.0053,1.006
17.774418949,-0.0169,0.0337,0.9892,0.990
17.776437872,-0.0198,0.0332,0.9723,0.973
17.778183795,-0.0198,0.0335,0.9662,0.967
17.781909911,-0.0217,0.0352,0.9579,0.959
17.783082372,-0.0249,0.0362,0.9530,0.954
17.785510872,-0.0261,0.0359,0.9511,0.952
17.786959334,-0.0288,0.0366,0.9508,0.952
17.788521603,-0.0318,0.0374,0.9518,0.953
17.790056949,-0.0354,0.0362,0.9574,0.959
17.792238718,-0.0374,0.0354,0.9633,0.965
17.793973142,-0.0384,0.0347,0.9682,0.970
17.796191334,-0.0415,0.0313,0.9804,0.982
17.799749718,-0.0442,0.0300,0.9902,0.992
17.80118468,-0.0447,0.0298,0.9958,0.997
17.80307168,-0.0423,0.0286,1.0046,1.006
17.804339949,-0.0430,0.0269,1.0112,1.012
17.805905334,-0.0450,0.0266,1.0144,1.016
17.808007103,-0.0452,0.0249,1.0170,1.018
17.809897372,-0.0459,0.0239,1.0180,1.019
17.812246372,-0.0464,0.0205,1.0180,1.019
17.815863488,-0.0476,0.0198,1.0148,1.016
17.817357988,-0.0484,0.0200,1.0114,1.013
17.818540565,-0.0491,0.0213,1.0095,1.011
17.820045757,-0.0457,0.0227,1.0053,1.007
17.821970911,-0.0469,0.0225,1.0024,1.004
17.823888411,-0.0432,0.0220,0.9992,1.000
17.825549141,-0.0430,0.0215,0.9977,0.999
17.827890065,-0.0410,0.0232,0.9955,0.997
17.829575065,-0.0369,0.0242,0.9960,0.997
17.840322141,-0.0359,0.0244,0.9970,0.998
17.841695718,-0.0327,0.0283,0.9955,0.996
17.84267918,-0.0274,0.0298,0.9987,1.000
17.843586988,-0.0252,0.0296,0.9992,1.000
17.844536026,-0.0222,0.0288,1.0029,1.004
17.852617141,-0.0205,0.0300,1.0046,1.005
17.853962949,-0.0183,0.0318,1.0063,1.007
17.855038795,-0.0164,0.0298,1.0095,1.010
17.855840641,-0.0151,0.0313,1.0114,1.012
17.856564488,-0.0147,0.0332,1.0134,1.014
17.857436526,-0.0171,0.0332,1.0166,1.017
17.858490065,-0.0166,0.0330,1.0180,1.019
17.859625757,-0.0161,0.0320,1.0180,1.019
17.860687718,-0.0159,0.0327,1.0185,1.019
17.861617026,-0.0178,0.0330,1.0195,1.020
17.862402526,-0.0200,0.0315,1.0180,1.019
17.863446757,-0.0213,0.0303,1.0180,1.019
17.866111565,-0.0232,0.0296,1.0168,1.017
17.867737026,-0.0261,0.0274,1.0161,1.017
17.868966603,-0.0271,0.0264,1.0156,1.016
17.871240065,-0.0303,0.0247,1.0146,1.015
17.872868411,-0.0315,0.0239,1.0134,1.014
17.875148641,-0.0352,0.0210,1.0124,1.013
17.876753565,-0.0357,0.0186,1.0122,1.013
17.878897257,-0.0357,0.0178,1.0109,1.012
17.882018565,-0.0384,0.0169,1.0100,1.011
17.883586141,-0.0406,0.0171,1.0105,1.011
17.884881334,-0.0413,0.0156,1.0112,1.012
17.886853526,-0.0391,0.0137,1.0141,1.015
17.889676911,-0.0391,0.0129,1.0153,1.016
17.890860411,-0.0418,0.0117,1.0178,1.019
17.892517757,-0.0425,0.0098,1.0202,1.021
17.894577026,-0.0428,0.0088,1.0219,1.023
17.896576257,-0.0403,0.0083,1.0232,1.024
17.899360834,-0.0398,0.0083,1.0239,1.025
17.900955641,-0.0393,0.0078,1.0251,1.026
17.902522565,-0.0415,0.0064,1.0244,1.025
17.904703834,-0.0418,0.0064,1.0239,1.025
17.906553526,-0.0408,0.0073,1.0210,1.022
17.908428372,-0.0391,0.0081,1.0188,1.020
17.910465141,-0.0381,0.0061,1.0175,1.018
17.912341872,-0.0369,0.0066,1.0112,1.012
17.917411065,-0.0357,0.0088,1.0078,1.008
17.918992141,-0.0335,0.0125,1.0026,1.003
17.920164141,-0.0296,0.0161,0.9992,1.000
17.921219526,-0.0296,0.0169,0.9977,0.998
17.922191949,-0.0288,0.0193,0.9926,0.993
17.924348603,-0.0274,0.0225,0.9914,0.992
17.926331218,-0.0266,0.0232,0.9912,0.992
17.928303488,-0.0274,0.0254,0.9902,0.991
17.930181834,-0.0279,0.0257,0.9897,0.990
17.939104064,-0.0291,0.0244,0.9907,0.991
17.940579488,-0.0266,0.0232,0.9882,0.989
17.94142068,-0.0261,0.0232,0.9860,0.987
17.942400911,-0.0269,0.0232,0.9838,0.984
17.943442526,-0.0274,0.0220,0.9848,0.985
17.945511488,-0.0288,0.0217,0.9838,0.984
17.946028526,-0.0308,0.0217,0.9821,0.983
17.946306218,-0.0315,0.0208,0.9836,0.984
17.951481218,-0.0315,0.0191,0.9858,0.986
17.952008372,-0.0320,0.0191,0.9892,0.990
17.952262872,-0.0315,0.0171,0.9914,0.992
17.953834218,-0.0325,0.0166,0.9982,0.999
17.955720026,-0.0310,0.0142,1.0039,1.004
17.957404103,-0.0310,0.0139,1.0080,1.009
17.95954868,-0.0320,0.0147,1.0146,1.015
17.961387026,-0.0322,0.0154,1.0161,1.017
17.963516334,-0.0332,0.0156,1.0214,1.022
17.965393026,-0.0325,0.0149,1.0222,1.023
17.967627988,-0.0327,0.0142,1.0212,1.022
17.969619218,-0.0342,0.0134,1.0200,1.021
17.971224564,-0.0349,0.0122,1.0202,1.021
17.973239988,-0.0347,0.0083,1.0188,1.019
17.975207988,-0.0340,0.0088,1.0195,1.020
17.977361141,-0.0332,0.0090,1.0200,1.021
17.979209603,-0.0332,0.0107,1.0185,1.019
17.982359834,-0.0303,0.0107,1.0153,1.016
17.982896949,-0.0305,0.0100,1.0146,1.015
17.985301064,-0.0298,0.0088,1.0122,1.013
17.986952988,-0.0291,0.0088,1.0112,1.012
17.988874757,-0.0286,0.0103,1.0065,1.007
17.991271218,-0.0310,0.0110,1.0034,1.004
17.993072372,-0.0322,0.0115,1.0026,1.003
17.994873757,-0.0322,0.0129,0.9997,1.000
17.996809872,-0.0318,0.0144,0.9990,1.000
17.999047141,-0.0325,0.0137,0.9977,0.998
18.000982372,-0.0318,0.0154,0.9973,0.998
18.003388334,-0.0303,0.0171,0.9965,0.997
18.004764218,-0.0291,0.0195,0.9965,0.997
18.006870334,-0.0305,0.0215,0.9953,0.996
18.009195064,-0.0300,0.0227,0.9946,0.995
18.010938949,-0.0298,0.0232,0.9941,0.995
18.013152257,-0.0305,0.0247,0.9916,0.992
18.024292834,-0.0310,0.0257,0.9907,0.991
18.025488257,-0.0313,0.0269,0.9912,0.992
18.026555257,-0.0303,0.0271,0.9897,0.991
18.027315757,-0.0315,0.0271,0.9875,0.988
18.028118103,-0.0308,0.0281,0.9831,0.984
18.028949488,-0.0315,0.0283,0.9816,0.983
18.038608987,-0.0335,0.0300,0.9826,0.984
18.040026795,-0.0330,0.0315,0.9828,0.984
18.040864757,-0.0332,0.0315,0.9824,0.983
18.041596487,-0.0349,0.0310,0.9833,0.984
18.043045718,-0.0335,0.0313,0.9858,0.987
18.044206795,-0.0337,0.0318,0.9880,0.989
18.045396103,-0.0354,0.0332,0.9926,0.994
18.046968487,-0.0357,0.0330,0.9933,0.995
18.048064141,-0.0349,0.0318,0.9968,0.998
18.049129295,-0.0344,0.0313,0.9999,1.001
18.050375834,-0.0362,0.0313,1.0017,1.003
18.05119368,-0.0386,0.0308,1.0056,1.007
18.052054372,-0.0393,0.0313,1.0083,1.010
18.053218487,-0.0398,0.0318,1.0095,1.011
18.054759872,-0.0410,0.0313,1.0129,1.014
18.057465064,-0.0408,0.0303,1.0146,1.016
18.059191641,-0.0420,0.0305,1.0175,1.019
18.063277641,-0.0428,0.0308,1.0173,1.019
18.064656334,-0.0423,0.0303,1.0158,1.017
18.065783372,-0.0408,0.0288,1.0158,1.017
18.067098103,-0.0408,0.0288,1.0148,1.016
18.068019103,-0.0413,0.0271,1.0129,1.014
18.070834372,-0.0415,0.0291,1.0097,1.011
18.073571641,-0.0403,0.0293,1.0078,1.009
18.074957949,-0.0398,0.0293,1.0056,1.007
18.076056334,-0.0396,0.0276,1.0029,1.004
18.077855795,-0.0396,0.0274,1.0014,1.003
18.080033911,-0.0413,0.0254,0.9975,0.999
18.084717026,-0.0396,0.0274,0.9951,0.996
18.086112603,-0.0401,0.0281,0.9933,0.995
18.087326411,-0.0408,0.0266,0.9892,0.990
18.088954334,-0.0415,0.0261,0.9882,0.989
18.089604564,-0.0406,0.0283,0.9846,0.986
18.091683949,-0.0371,0.0288,0.9814,0.983
18.09358718,-0.0379,0.0288,0.9809,0.982
18.095782295,-0.0371,0.0279,0.9841,0.985
18.097448757,-0.0371,0.0298,0.9826,0.984
18.100120641,-0.0359,0.0296,0.9828,0.984
18.101541257,-0.0322,0.0293,0.9868,0.988
18.103819641,-0.0337,0.0286,0.9882,0.989
18.10554168,-0.0315,0.0298,0.9929,0.994
18.107769641,-0.0313,0.0293,0.9973,0.998
18.109298064,-0.0308,0.0300,0.9995,1.000
18.111829449,-0.0313,0.0296,1.0026,1.004
18.113372911,-0.0315,0.0305,1.0058,1.007
18.116416949,-0.0318,0.0308,1.0073,1.008
18.117209141,-0.0322,0.0325,1.0105,1.011
18.119921487,-0.0332,0.0327,1.0126,1.014
18.121194487,-0.0332,0.0327,1.0129,1.014
18.123794949,-0.0347,0.0332,1.0129,1.014
18.125150718,-0.0366,0.0342,1.0129,1.014
18.127766641,-0.0374,0.0366,1.0124,1.014
18.129120526,-0.0396,0.0364,1.0109,1.012
18.137215757,-0.0403,0.0369,1.0105,1.012
18.138049526,-0.0403,0.0357,1.0080,1.009
18.138567449,-0.0415,0.0371,1.0068,1.008
18.138982218,-0.0396,0.0357,1.0039,1.005
18.139401334,-0.0408,0.0337,1.0012,1.003
18.143323103,-0.0410,0.0342,0.9995,1.001
18.144017834,-0.0401,0.0322,0.9999,1.001
18.144715564,-0.0388,0.0315,0.9975,0.999
18.146769872,-0.0384,0.0303,0.9973,0.998
18.149935872,-0.0362,0.0293,0.9953,0.996
18.150782718,-0.0364,0.0283,0.9965,0.998
18.152642834,-0.0362,0.0281,0.9987,1.000
18.154891987,-0.0340,0.0257,1.0024,1.003
18.156707603,-0.0330,0.0230,1.0048,1.006
18.15879491,-0.0313,0.0222,1.0087,1.009
18.160857141,-0.0305,0.0215,1.0114,1.012
18.16332241,-0.0313,0.0220,1.0119,1.013
18.166047064,-0.0303,0.0203,1.0134,1.014
18.167938141,-0.0300,0.0200,1.0146,1.015
18.169210141,-0.0310,0.0198,1.0166,1.017
18.170542834,-0.0310,0.0171,1.0144,1.015
18.172680987,-0.0305,0.0171,1.0134,1.014
18.17532418,-0.0318,0.0176,1.0109,1.012
18.176501257,-0.0313,0.0186,1.0070,1.008
18.178679603,-0.0313,0.0169,1.0061,1.007
18.180802987,-0.0330,0.0169,1.0024,1.003
18.183420757,-0.0335,0.0178,0.9999,1.001
18.185055218,-0.0344,0.0169,0.9963,0.997
18.186327372,-0.0364,0.0164,0.9916,0.992
18.188439141,-0.0371,0.0169,0.9882,0.989
18.190292141,-0.0393,0.0183,0.9833,0.984
18.192225218,-0.0442,0.0181,0.9789,0.980
18.194112603,-0.0459,0.0181,0.9762,0.977
18.196396257,-0.0508,0.0176,0.9728,0.974
18.20062568,-0.0542,0.0193,0.9699,0.972
18.202210795,-0.0552,0.0198,0.9687,0.970
18.203424257,-0.0562,0.0191,0.9684,0.970
18.204719603,-0.0572,0.0188,0.9682,0.970
18.20634918,-0.0599,0.0213,0.9684,0.971
18.208175257,-0.0625,0.0208,0.9721,0.974
18.210015026,-0.0625,0.0193,0.9743,0.976
18.21219968,-0.0630,0.0183,0.9826,0.985
18.214013487,-0.0638,0.0183,0.9892,0.991
18.217674718,-0.0638,0.0166,0.9929,0.995
18.219436987,-0.0635,0.0164,1.0007,1.003
18.22111491,-0.0628,0.0154,1.0046,1.007
18.222649526,-0.0596,0.0147,1.0126,1.015
18.224077141,-0.0581,0.0142,1.0195,1.021
18.226085295,-0.0589,0.0144,1.0219,1.024
18.227980564,-0.0572,0.0137,1.0305,1.032
18.229865141,-0.0533,0.0134,1.0329,1.034
18.24256641,-0.0515,0.0137,1.0341,1.036
18.244141218,-0.0503,0.0132,1.0354,1.037
18.245191834,-0.0476,0.0125,1.0346,1.036
18.246560757,-0.0435,0.0115,1.0295,1.030
18.248031757,-0.0403,0.0137,1.0251,1.026
18.249477987,-0.0386,0.0137,1.0222,1.023
18.25067318,-0.0362,0.0147,1.0158,1.017
18.252172295,-0.0313,0.0156,1.0117,1.012
18.253764257,-0.0305,0.0151,1.0100,1.011
18.255163872,-0.0269,0.0169,1.0068,1.007
18.256256795,-0.0261,0.0169,1.0043,1.005
18.25731418,-0.0225,0.0161,1.0012,1.002
18.258130987,-0.0191,0.0178,0.9995,1.000
18.25912268,-0.0186,0.0178,0.9985,0.999
18.259954603,-0.0166,0.0205,0.9943,0.995
18.262290141,-0.0166,0.0213,0.9931,0.993
18.263288218,-0.0176,0.0232,0.9919,0.992
18.27005641,-0.0183,0.0244,0.9892,0.990
18.270569449,-0.0183,0.0252,0.9882,0.989
18.27155691,-0.0208,0.0276,0.9887,0.989
18.271787218,-0.0247,0.0298,0.9892,0.990
18.272935757,-0.0252,0.0303,0.9902,0.991
18.27524668,-0.0293,0.0325,0.9902,0.991
18.276988487,-0.0349,0.0342,0.9899,0.991
18.279272295,-0.0376,0.0362,0.9902,0.992
18.280876987,-0.0410,0.0374,0.9904,0.992
18.28289641,-0.0423,0.0381,0.9902,0.992
18.28480941,-0.0464,0.0381,0.9899,0.992
18.286868487,-0.0489,0.0396,0.9885,0.990
18.288782295,-0.0491,0.0406,0.9875,0.990
18.291215795,-0.0508,0.0393,0.9885,0.991
18.292883218,-0.0515,0.0396,0.9897,0.992
18.295284526,-0.0513,0.0398,0.9904,0.993
18.296787987,-0.0518,0.0393,0.9914,0.994
18.29993691,-0.0515,0.0384,0.9916,0.994
18.301139564,-0.0493,0.0359,0.9902,0.992
18.302810487,-0.0476,0.0349,0.9924,0.994
18.304434833,-0.0467,0.0352,0.9938,0.996
18.306665987,-0.0445,0.0330,0.9938,0.995
18.308960449,-0.0428,0.0322,0.9931,0.995
18.310672295,-0.0415,0.0308,0.9938,0.995
18.312616833,-0.0381,0.0315,0.9963,0.998
18.314559833,-0.0364,0.0305,0.9973,0.998
18.316946833,-0.0344,0.0281,0.9968,0.998
18.319333795,-0.0322,0.0261,0.9982,0.999
18.320671257,-0.0327,0.0261,0.9992,1.000
18.322458372,-0.0315,0.0237,1.0031,1.004
18.324545795,-0.0283,0.0239,1.0053,1.006
18.326153795,-0.0274,0.0225,1.0056,1.006
18.328452603,-0.0254,0.0225,1.0075,1.008
18.33048518,-0.0252,0.0222,1.0080,1.009
18.341595487,-0.0242,0.0225,1.0078,1.008
18.343183333,-0.0261,0.0235,1.0075,1.008
18.344162564,-0.0261,0.0237,1.0068,1.007
18.345095718,-0.0252,0.0235,1.0061,1.007
18.346391833,-0.0286,0.0232,1.0031,1.004
18.347741641,-0.0293,0.0247,1.0004,1.001
18.349030218,-0.0300,0.0242,0.9951,0.996
18.350540872,-0.0310,0.0242,0.9924,0.993
18.351967757,-0.0337,0.0271,0.9870,0.988
18.353049372,-0.0352,0.0293,0.9863,0.987
18.35439618,-0.0362,0.0291,0.9843,0.985
18.355331603,-0.0379,0.0288,0.9833,0.984
18.356272603,-0.0393,0.0286,0.9819,0.983
18.359271564,-0.0393,0.0296,0.9819,0.983
18.360801295,-0.0410,0.0308,0.9782,0.980
18.366213064,-0.0423,0.0303,0.9775,0.979
18.367404218,-0.0425,0.0303,0.9762,0.978
18.368276218,-0.0437,0.0279,0.9775,0.979
18.369006603,-0.0437,0.0288,0.9784,0.980
18.370186218,-0.0440,0.0296,0.9806,0.982
18.372856487,-0.0452,0.0281,0.9811,0.983
18.374501218,-0.0457,0.0286,0.9824,0.984
18.379131487,-0.0445,0.0279,0.9846,0.986
18.380380256,-0.0447,0.0264,0.9863,0.988
18.381230487,-0.0430,0.0257,0.9907,0.992
18.382408333,-0.0413,0.0254,0.9963,0.997
18.385479833,-0.0408,0.0249,0.9990,1.000
18.387117333,-0.0371,0.0237,1.0041,1.005
18.390419564,-0.0342,0.0232,1.0065,1.007
18.391479833,-0.0325,0.0213,1.0126,1.013
18.392238603,-0.0320,0.0222,1.0175,1.018
18.39320791,-0.0310,0.0230,1.0192,1.020
18.39548418,-0.0288,0.0244,1.0207,1.021
18.397298564,-0.0298,0.0261,1.0227,1.023
18.400664218,-0.0308,0.0261,1.0236,1.024
18.40213441,-0.0318,0.0252,1.0251,1.026
18.404283833,-0.0344,0.0254,1.0244,1.025
18.40540868,-0.0352,0.0249,1.0229,1.024
18.407226603,-0.0379,0.0249,1.0200,1.021
18.40917991,-0.0388,0.0247,1.0195,1.021
18.411328295,-0.0401,0.0261,1.0161,1.017
18.413171372,-0.0403,0.0271,1.0122,1.013
18.415264449,-0.0406,0.0271,1.0107,1.012
18.418366603,-0.0418,0.0271,1.0063,1.008
18.421086526,-0.0406,0.0276,1.0014,1.003
18.422049256,-0.0393,0.0283,0.9999,1.001
18.423147487,-0.0403,0.0288,0.9948,0.996
18.42475141,-0.0396,0.0296,0.9936,0.995
18.427067449,-0.0413,0.0308,0.9912,0.992
18.428856756,-0.0401,0.0327,0.9858,0.987
18.430779064,-0.0398,0.0335,0.9826,0.984
18.44133968,-0.0415,0.0340,0.9794,0.981
18.442968103,-0.0413,0.0342,0.9780,0.979
18.444220372,-0.0406,0.0352,0.9736,0.975
18.445203449,-0.0413,0.0354,0.9731,0.975
18.446518256,-0.0415,0.0364,0.9721,0.974
18.44775468,-0.0413,0.0376,0.9697,0.971
18.44896018,-0.0425,0.0388,0.9692,0.971
18.450129256,-0.0432,0.0393,0.9699,0.972
18.451171603,-0.0462,0.0406,0.9736,0.975
18.451681833,-0.0457,0.0401,0.9745,0.976
18.457420564,-0.0447,0.0391,0.9755,0.977
18.457988872,-0.0457,0.0376,0.9799,0.982
18.458239141,-0.0457,0.0371,0.9826,0.984
18.458640564,-0.0445,0.0369,0.9875,0.989
18.46052941,-0.0447,0.0362,0.9943,0.996
18.461997333,-0.0445,0.0342,0.9973,0.999
18.464378295,-0.0447,0.0318,1.0039,1.005
18.469080526,-0.0450,0.0327,1.0068,1.008
18.469959526,-0.0450,0.0318,1.0114,1.013
18.470481949,-0.0435,0.0303,1.0168,1.018
18.472383641,-0.0435,0.0296,1.0183,1.020
18.473889449,-0.0442,0.0274,1.0229,1.024
18.475683218,-0.0428,0.0264,1.0261,1.027
18.477660526,-0.0423,0.0252,1.0293,1.030
18.480231987,-0.0415,0.0244,1.0324,1.034
18.481927641,-0.0403,0.0237,1.0332,1.034
18.484955526,-0.0388,0.0237,1.0327,1.034
18.485839179,-0.0386,0.0222,1.0332,1.034
18.487855103,-0.0386,0.0217,1.0322,1.033
18.489683949,-0.0384,0.0215,1.0293,1.030
18.492113295,-0.0371,0.0222,1.0271,1.028
18.493683641,-0.0379,0.0237,1.0249,1.026
18.496043449,-0.0359,0.0247,1.0222,1.023
18.497678141,-0.0359,0.0249,1.0207,1.022
18.500122179,-0.0364,0.0271,1.0170,1.018
18.501426103,-0.0364,0.0286,1.0122,1.013
18.503975256,-0.0379,0.0293,1.0102,1.011
18.505579295,-0.0384,0.0300,1.0061,1.007
18.507919679,-0.0384,0.0303,1.0039,1.005
18.509431679,-0.0388,0.0305,0.9997,1.001
18.511773872,-0.0391,0.0305,0.9921,0.993
18.513320987,-0.0384,0.0318,0.9877,0.989
18.515381718,-0.0413,0.0342,0.9784,0.980
18.517542603,-0.0415,0.0359,0.9704,0.972
18.519153949,-0.0413,0.0357,0.9660,0.968
18.52105691,-0.0413,0.0354,0.9601,0.962
18.523261679,-0.0418,0.0352,0.9572,0.959
18.525022141,-0.0403,0.0340,0.9538,0.955
18.527323872,-0.0401,0.0347,0.9547,0.956
18.529048795,-0.0401,0.0335,0.9555,0.957
18.53111441,-0.0396,0.0330,0.9596,0.961
18.539865026,-0.0398,0.0342,0.9643,0.966
18.541003372,-0.0398,0.0335,0.9667,0.968
18.541828295,-0.0401,0.0315,0.9750,0.976
18.542644179,-0.0388,0.0305,0.9809,0.982
18.543420333,-0.0366,0.0296,0.9946,0.996
18.544197679,-0.0359,0.0300,1.0083,1.009
18.545029949,-0.0364,0.0291,1.0141,1.015
18.546976372,-0.0357,0.0259,1.0236,1.025
18.548853026,-0.0359,0.0235,1.0322,1.033
18.552193949,-0.0352,0.0213,1.0356,1.036
18.553607372,-0.0366,0.0178,1.0403,1.041
18.554767795,-0.0369,0.0171,1.0405,1.041
18.557489641,-0.0364,0.0159,1.0425,1.043
18.558851256,-0.0366,0.0149,1.0420,1.043
18.561221833,-0.0354,0.0147,1.0395,1.040
18.562627256,-0.0374,0.0144,1.0317,1.032
18.564558256,-0.0384,0.0139,1.0222,1.023
18.568335026,-0.0379,0.0144,1.0180,1.019
18.56975491,-0.0354,0.0144,1.0080,1.009
18.570921564,-0.0349,0.0147,1.0031,1.004
18.572431026,-0.0354,0.0164,0.9914,0.992
18.574657795,-0.0359,0.0173,0.9819,0.983
18.57671041,-0.0357,0.0176,0.9782,0.979
18.578243026,-0.0352,0.0195,0.9736,0.974
18.580287218,-0.0342,0.0205,0.9723,0.973
18.584099949,-0.0342,0.0230,0.9716,0.972
18.585700718,-0.0335,0.0252,0.9758,0.977
18.586993179,-0.0320,0.0244,0.9782,0.979
18.589355526,-0.0286,0.0254,0.9831,0.984
18.590589602,-0.0271,0.0247,0.9877,0.988
18.592490987,-0.0279,0.0249,0.9902,0.991
18.594166026,-0.0266,0.0264,0.9960,0.997
18.596291949,-0.0257,0.0257,1.0021,1.003
18.597809256,-0.0244,0.0264,1.0034,1.004
18.601300256,-0.0232,0.0279,1.0048,1.005
18.602975564,-0.0242,0.0283,1.0046,1.005
18.604363602,-0.0237,0.0257,1.0051,1.006
18.605740333,-0.0266,0.0261,1.0031,1.004
18.607732064,-0.0264,0.0279,1.0034,1.004
18.609573487,-0.0266,0.0293,1.0026,1.003
18.61168791,-0.0276,0.0291,1.0036,1.004
18.613444949,-0.0276,0.0291,1.0031,1.004
18.616726949,-0.0281,0.0300,1.0041,1.005
18.617439256,-0.0298,0.0313,1.0036,1.005
18.619574064,-0.0340,0.0327,1.0043,1.005
18.621504679,-0.0354,0.0322,1.0051,1.006
18.623840372,-0.0359,0.0310,1.0065,1.008
18.62527391,-0.0364,0.0303,1.0056,1.007
18.627531602,-0.0396,0.0327,1.0063,1.008
18.629401718,-0.0401,0.0332,1.0063,1.008
18.63158941,-0.0398,0.0337,1.0041,1.005
18.63627041,-0.0401,0.0344,1.0046,1.006
18.636841026,-0.0401,0.0354,1.0046,1.006
18.637267102,-0.0406,0.0362,1.0046,1.006
18.642978833,-0.0403,0.0359,1.0053,1.007
18.643412295,-0.0396,0.0359,1.0056,1.007
18.643676372,-0.0396,0.0374,1.0031,1.005
18.64526891,-0.0403,0.0388,1.0019,1.003
18.647290756,-0.0415,0.0384,0.9995,1.001
18.650558333,-0.0403,0.0371,0.9980,0.999
18.65220391,-0.0398,0.0349,0.9985,1.000
18.653013602,-0.0366,0.0335,0.9977,0.999
18.655011064,-0.0352,0.0335,0.9970,0.998
18.656858641,-0.0352,0.0325,0.9955,0.997
18.659084679,-0.0349,0.0300,0.9951,0.996
18.661134795,-0.0349,0.0296,0.9960,0.997
18.663143102,-0.0340,0.0279,0.9948,0.996
18.664930526,-0.0335,0.0264,0.9931,0.994
18.667600218,-0.0349,0.0257,0.9929,0.994
18.668787564,-0.0366,0.0247,0.9904,0.991
18.673936756,-0.0374,0.0244,0.9897,0.991
18.674532602,-0.0376,0.0239,0.9882,0.989
18.67563241,-0.0381,0.0222,0.9880,0.989
18.676860218,-0.0386,0.0220,0.9887,0.990
18.679086641,-0.0401,0.0208,0.9890,0.990
18.680647026,-0.0413,0.0213,0.9882,0.989
18.683621718,-0.0408,0.0239,0.9885,0.990
18.68473541,-0.0415,0.0237,0.9894,0.991
18.68701691,-0.0418,0.0235,0.9904,0.992
18.689027833,-0.0406,0.0227,0.9931,0.994
18.690544064,-0.0413,0.0217,0.9953,0.996
18.692364833,-0.0418,0.0210,0.9973,0.998
18.694665218,-0.0428,0.0213,1.0004,1.002
18.696490295,-0.0423,0.0222,1.0019,1.003
18.698447679,-0.0423,0.0210,1.0046,1.006
18.701365525,-0.0425,0.0195,1.0070,1.008
18.704136218,-0.0430,0.0188,1.0075,1.009
18.704577872,-0.0457,0.0198,1.0065,1.008
18.706800487,-0.0459,0.0210,1.0070,1.008
18.708531602,-0.0457,0.0213,1.0068,1.008
18.710398179,-0.0445,0.0215,1.0065,1.008
18.712166987,-0.0440,0.0205,1.0070,1.008
18.714224949,-0.0435,0.0186,1.0065,1.008
18.717111218,-0.0415,0.0186,1.0068,1.008
18.718194641,-0.0413,0.0198,1.0068,1.008
18.720059679,-0.0406,0.0213,1.0053,1.006
18.721959679,-0.0418,0.0217,1.0051,1.006
18.723931449,-0.0408,0.0225,1.0065,1.008
18.725994949,-0.0413,0.0235,1.0061,1.007
18.727975179,-0.0420,0.0235,1.0053,1.006
18.730428525,-0.0418,0.0247,1.0065,1.008
18.731982179,-0.0423,0.0261,1.0058,1.007
18.738090872,-0.0420,0.0264,1.0046,1.006
18.738975064,-0.0406,0.0276,1.0085,1.010
18.739395372,-0.0406,0.0261,1.0114,1.013
18.73978691,-0.0403,0.0254,1.0109,1.012
18.743922449,-0.0386,0.0271,1.0114,1.013
18.744528218,-0.0396,0.0266,1.0129,1.014
18.745717333,-0.0408,0.0254,1.0126,1.014
18.748137679,-0.0415,0.0254,1.0119,1.013
18.751932487,-0.0425,0.0269,1.0126,1.014
18.752712525,-0.0408,0.0271,1.0134,1.015
18.753532718,-0.0398,0.0266,1.0112,1.012
18.755596795,-0.0396,0.0254,1.0105,1.012
18.757875756,-0.0393,0.0249,1.0100,1.011
18.760001218,-0.0388,0.0254,1.0095,1.011
18.761649987,-0.0349,0.0249,1.0061,1.007
18.763329987,-0.0349,0.0242,1.0051,1.006
18.765574872,-0.0357,0.0244,1.0048,1.006
18.767827525,-0.0369,0.0242,1.0029,1.004
18.769302295,-0.0369,0.0242,1.0017,1.003
18.774756756,-0.0381,0.0242,1.0004,1.001
18.775030487,-0.0398,0.0249,0.9968,0.998
18.775976795,-0.0398,0.0244,0.9958,0.997
18.776894295,-0.0384,0.0249,0.9926,0.994
18.779222564,-0.0386,0.0266,0.9899,0.991
18.78104841,-0.0386,0.0266,0.9892,0.990
18.783851102,-0.0354,0.0281,0.9885,0.989
18.784846295,-0.0352,0.0291,0.9885,0.990
18.787986679,-0.0340,0.0296,0.9887,0.990
18.788977641,-0.0357,0.0293,0.9897,0.991
18.790929602,-0.0354,0.0296,0.9909,0.992
18.792920833,-0.0362,0.0300,0.9960,0.997
18.794815564,-0.0369,0.0305,1.0004,1.002
18.797028179,-0.0374,0.0308,1.0036,1.005
18.798945833,-0.0384,0.0315,1.0100,1.011
18.800824795,-0.0388,0.0320,1.0146,1.016
18.803941525,-0.0376,0.0327,1.0173,1.019
18.805735064,-0.0374,0.0344,1.0205,1.022
18.806817564,-0.0374,0.0354,1.0219,1.023
18.808788602,-0.0393,0.0352,1.0232,1.025
18.810590025,-0.0391,0.0362,1.0232,1.025
18.812764141,-0.0391,0.0352,1.0229,1.024
18.814719025,-0.0406,0.0347,1.0217,1.023
18.819539718,-0.0406,0.0337,1.0195,1.021
18.820087448,-0.0393,0.0337,1.0166,1.018
18.820807218,-0.0386,0.0337,1.0139,1.015
18.822355872,-0.0391,0.0342,1.0117,1.013
18.824494872,-0.0393,0.0325,1.0061,1.007
18.826643141,-0.0388,0.0305,1.0029,1.004
18.828598602,-0.0384,0.0300,1.0024,1.004
18.83031791,-0.0381,0.0283,0.9977,0.999
18.832421256,-0.0393,0.0249,0.9970,0.998
18.835009256,-0.0396,0.0237,0.9965,0.998
18.836346179,-0.0410,0.0222,0.9968,0.998
18.838157333,-0.0398,0.0213,0.9968,0.998
18.840328102,-0.0396,0.0178,0.9973,0.998
18.842307872,-0.0406,0.0154,0.9955,0.996
18.844472487,-0.0413,0.0139,0.9941,0.995
18.846102218,-0.0391,0.0120,0.9916,0.992
18.848064102,-0.0401,0.0103,0.9858,0.987
18.851292948,-0.0406,0.0098,0.9824,0.983
18.852320487,-0.0413,0.0076,0.9772,0.978
18.854013525,-0.0415,0.0073,0.9728,0.974
18.85614241,-0.0398,0.0066,0.9660,0.967
18.858064987,-0.0408,0.0076,0.9596,0.961
18.860198987,-0.0420,0.0066,0.9574,0.958
18.861932948,-0.0406,0.0073,0.9577,0.959
18.863968064,-0.0401,0.0083,0.9567,0.958
18.865900064,-0.0388,0.0090,0.9587,0.959
18.868453641,-0.0384,0.0103,0.9613,0.962
18.871765064,-0.0349,0.0105,0.9648,0.965
18.87205091,-0.0335,0.0117,0.9736,0.974
18.873777564,-0.0322,0.0125,0.9809,0.981
18.876082641,-0.0300,0.0122,0.9846,0.985
18.877840487,-0.0293,0.0134,0.9931,0.994
18.879848602,-0.0296,0.0120,1.0036,1.004
18.881658295,-0.0303,0.0132,1.0083,1.009
18.883939218,-0.0327,0.0134,1.0148,1.015
18.885865333,-0.0325,0.0154,1.0227,1.023
18.887602833,-0.0330,0.0166,1.0266,1.027
18.889533448,-0.0335,0.0159,1.0312,1.032
18.891543448,-0.0347,0.0171,1.0344,1.035
18.893414525,-0.0362,0.0178,1.0341,1.035
18.895530141,-0.0386,0.0203,1.0329,1.034
18.897359141,-0.0388,0.0208,1.0312,1.032
18.900509448,-0.0391,0.0235,1.0312,1.032
18.901364602,-0.0384,0.0247,1.0276,1.029
18.903836487,-0.0384,0.0242,1.0254,1.026
18.90520941,-0.0393,0.0254,1.0207,1.022
18.907561218,-0.0386,0.0259,1.0178,1.019
18.909251564,-0.0369,0.0271,1.0129,1.014
18.911541218,-0.0349,0.0286,1.0097,1.011
18.913277948,-0.0354,0.0283,1.0078,1.009
18.915333371,-0.0349,0.0305,1.0043,1.005
18.917319564,-0.0342,0.0327,1.0024,1.004
18.919814987,-0.0337,0.0337,1.0004,1.002
18.921089525,-0.0335,0.0342,0.9975,0.999
18.923221333,-0.0337,0.0352,0.9958,0.997
18.925068218,-0.0335,0.0398,0.9953,0.997
18.927241948,-0.0332,0.0413,0.9946,0.996
18.929091795,-0.0340,0.0410,0.9924,0.994
18.931216333,-0.0344,0.0401,0.9909,0.992
18.936738025,-0.0347,0.0391,0.9904,0.992
18.937315102,-0.0342,0.0401,0.9890,0.990
18.937560333,-0.0354,0.0428,0.9877,0.989
18.942869602,-0.0352,0.0428,0.9877,0.989
18.943140641,-0.0342,0.0425,0.9868,0.988
18.943366564,-0.0340,0.0423,0.9887,0.990
18.946561333,-0.0335,0.0420,0.9885,0.990
18.94681041,-0.0335,0.0418,0.9877,0.989
18.948782333,-0.0354,0.0406,0.9894,0.991
18.951796641,-0.0349,0.0408,0.9904,0.992
18.953320833,-0.0327,0.0398,0.9919,0.993
18.954834756,-0.0320,0.0396,0.9904,0.992
18.95681491,-0.0310,0.0381,0.9914,0.993
18.958905987,-0.0303,0.0371,0.9946,0.996
18.960780333,-0.0313,0.0362,0.9970,0.998
18.962703641,-0.0315,0.0352,1.0002,1.001
18.964576025,-0.0318,0.0352,1.0056,1.007
18.968263064,-0.0325,0.0335,1.0070,1.008
18.968786756,-0.0340,0.0342,1.0080,1.009
18.970730025,-0.0335,0.0332,1.0085,1.010
18.972973064,-0.0330,0.0322,1.0109,1.012
18.974996218,-0.0342,0.0320,1.0105,1.012
18.976523141,-0.0330,0.0320,1.0097,1.011
18.978669833,-0.0325,0.0313,1.0107,1.012
18.980374718,-0.0320,0.0305,1.0112,1.012
18.982567487,-0.0315,0.0291,1.0107,1.012
18.984497333,-0.0322,0.0298,1.0080,1.009
18.987120987,-0.0327,0.0293,1.0056,1.007
18.988793987,-0.0327,0.0296,1.0024,1.003
18.990103564,-0.0308,0.0269,0.9980,0.999
18.99207641,-0.0320,0.0252,0.9960,0.997
18.994123525,-0.0335,0.0242,0.9948,0.996
18.996052218,-0.0318,0.0237,0.9936,0.994
18.998211371,-0.0313,0.0232,0.9936,0.994
19.000979064,-0.0318,0.0239,0.9909,0.992
19.002367948,-0.0327,0.0237,0.9885,0.989
19.004945448,-0.0330,0.0237,0.9870,0.988
19.006428102,-0.0332,0.0225,0.9863,0.987
19.007950948,-0.0332,0.0217,0.9841,0.985
19.009915179,-0.0322,0.0227,0.9814,0.982
19.011707756,-0.0320,0.0210,0.9777,0.978
19.013979179,-0.0327,0.0225,0.9750,0.976
19.016037833,-0.0340,0.0235,0.9726,0.973
19.019005948,-0.0342,0.0239,0.9719,0.973
19.021229256,-0.0354,0.0239,0.9709,0.972
19.022033564,-0.0366,0.0232,0.9740,0.975
19.02385591,-0.0371,0.0242,0.9780,0.979
19.025853871,-0.0388,0.0271,0.9846,0.986
19.02779691,-0.0401,0.0274,0.9955,0.997
19.029665102,-0.0398,0.0286,0.9999,1.001
19.03172591,-0.0391,0.0315,1.0114,1.013
19.041741102,-0.0393,0.0320,1.0166,1.018
19.043135064,-0.0393,0.0340,1.0239,1.025
19.044021218,-0.0388,0.0342,1.0317,1.033
19.044904679,-0.0379,0.0347,1.0356,1.037
19.048362333,-0.0364,0.0337,1.0403,1.041
19.049429871,-0.0359,0.0340,1.0432,1.044
19.05049891,-0.0352,0.0332,1.0444,1.046
19.051644141,-0.0347,0.0315,1.0425,1.044
19.052563602,-0.0344,0.0320,1.0403,1.041
19.053666294,-0.0330,0.0313,1.0359,1.037
19.054900833,-0.0313,0.0305,1.0298,1.031
19.055987487,-0.0305,0.0300,1.0251,1.026
19.061747871,-0.0308,0.0293,1.0126,1.014
19.063451179,-0.0293,0.0288,1.0031,1.004
19.064600179,-0.0298,0.0288,0.9987,1.000
19.065692064,-0.0291,0.0293,0.9907,0.992
19.072100487,-0.0291,0.0286,0.9872,0.988
19.073593794,-0.0293,0.0266,0.9826,0.983
19.074845064,-0.0291,0.0259,0.9809,0.982
19.075755487,-0.0286,0.0252,0.9797,0.980
19.076874179,-0.0310,0.0254,0.9787,0.980
19.078026564,-0.0318,0.0249,0.9758,0.977
19.079244256,-0.0330,0.0257,0.9760,0.977
19.080445564,-0.0342,0.0259,0.9767,0.978
19.081576371,-0.0349,0.0247,0.9770,0.978
19.082898756,-0.0357,0.0232,0.9762,0.977
19.087526371,-0.0388,0.0222,0.9758,0.977
19.088142448,-0.0391,0.0232,0.9767,0.978
19.088711025,-0.0388,0.0247,0.9782,0.979
19.091635833,-0.0410,0.0239,0.9787,0.980
19.092718102,-0.0418,0.0244,0.9784,0.980
19.094907525,-0.0447,0.0235,0.9794,0.981
19.096826141,-0.0435,0.0215,0.9806,0.982
19.098719679,-0.0440,0.0205,0.9833,0.985
19.102538448,-0.0418,0.0215,0.9868,0.988
19.103683294,-0.0403,0.0215,0.9885,0.990
19.104554218,-0.0371,0.0230,0.9936,0.995
19.106593141,-0.0337,0.0222,0.9992,1.000
19.108791871,-0.0335,0.0222,1.0014,1.002
19.110557679,-0.0300,0.0217,1.0070,1.008
19.112942448,-0.0296,0.0213,1.0090,1.010
19.114498717,-0.0283,0.0230,1.0109,1.012
19.116795102,-0.0274,0.0232,1.0148,1.015
19.118963717,-0.0281,0.0237,1.0163,1.017
19.122538679,-0.0281,0.0254,1.0175,1.018
19.123105948,-0.0288,0.0249,1.0168,1.018
19.124268717,-0.0296,0.0254,1.0166,1.017
19.126305141,-0.0300,0.0249,1.0185,1.019
19.128801525,-0.0305,0.0252,1.0188,1.020
19.130072448,-0.0318,0.0259,1.0192,1.020
19.132546333,-0.0315,0.0261,1.0195,1.020
19.139781564,-0.0320,0.0269,1.0183,1.019
19.140683294,-0.0322,0.0279,1.0168,1.018
19.141124294,-0.0327,0.0279,1.0153,1.016
19.141541256,-0.0332,0.0279,1.0141,1.015
19.141949371,-0.0330,0.0288,1.0126,1.014
19.147534141,-0.0330,0.0296,1.0105,1.011
19.148216217,-0.0357,0.0288,1.0075,1.009
19.148675102,-0.0366,0.0286,1.0036,1.005
19.149965987,-0.0371,0.0298,1.0012,1.002
19.154971371,-0.0364,0.0308,0.9958,0.997
19.15584391,-0.0364,0.0303,0.9943,0.995
19.156289987,-0.0386,0.0296,0.9912,0.992
19.157906487,-0.0384,0.0303,0.9899,0.991
19.159784448,-0.0398,0.0308,0.9887,0.990
19.161661487,-0.0418,0.0303,0.9848,0.986
19.163441371,-0.0410,0.0305,0.9848,0.986
19.165408179,-0.0415,0.0303,0.9843,0.986
19.168988064,-0.0420,0.0288,0.9824,0.984
19.169970641,-0.0430,0.0298,0.9811,0.983
19.171565717,-0.0437,0.0291,0.9819,0.983
19.173519294,-0.0430,0.0274,0.9816,0.983
19.17549841,-0.0425,0.0264,0.9824,0.984
19.177920064,-0.0415,0.0242,0.9838,0.985
19.17961991,-0.0401,0.0237,0.9863,0.987
19.181294025,-0.0391,0.0237,0.9877,0.989
19.183240564,-0.0388,0.0222,0.9907,0.992
19.186371064,-0.0381,0.0225,0.9926,0.994
19.187592333,-0.0393,0.0220,0.9960,0.997
19.189191025,-0.0396,0.0208,0.9992,1.000
19.191145217,-0.0393,0.0217,1.0004,1.001
19.192872602,-0.0388,0.0195,1.0007,1.002
19.195079641,-0.0398,0.0193,1.0039,1.005
19.196791679,-0.0398,0.0193,1.0053,1.006
19.199067602,-0.0393,0.0220,1.0090,1.010
19.202563717,-0.0393,0.0227,1.0107,1.012
19.203218217,-0.0396,0.0225,1.0136,1.015
19.204803871,-0.0408,0.0232,1.0153,1.016
19.206967717,-0.0403,0.0237,1.0156,1.017
19.208729564,-0.0403,0.0237,1.0166,1.018
19.21074641,-0.0408,0.0230,1.0183,1.019
19.212634064,-0.0413,0.0237,1.0183,1.019
19.214795448,-0.0420,0.0249,1.0161,1.017
19.216643794,-0.0408,0.0247,1.0153,1.016
19.219443756,-0.0393,0.0242,1.0136,1.015
19.222373871,-0.0381,0.0247,1.0141,1.015
19.222867487,-0.0381,0.0257,1.0124,1.013
19.22458291,-0.0357,0.0259,1.0078,1.009
19.226616794,-0.0349,0.0271,1.0051,1.006
19.228433564,-0.0349,0.0264,1.0039,1.005
19.23047664,-0.0340,0.0261,1.0004,1.001
19.23251041,-0.0318,0.0259,0.9995,1.000
19.243471256,-0.0300,0.0261,0.9982,0.999
19.245023256,-0.0310,0.0261,0.9953,0.996
19.246188833,-0.0303,0.0279,0.9938,0.995
19.247385256,-0.0279,0.0281,0.9926,0.993
19.24858064,-0.0254,0.0283,0.9892,0.990
19.256362833,-0.0247,0.0269,0.9892,0.990
19.25794791,-0.0232,0.0269,0.9904,0.991
19.259166102,-0.0230,0.0271,0.9907,0.991
19.260419602,-0.0235,0.0283,0.9921,0.993
19.261678833,-0.0230,0.0293,0.9941,0.995
19.263094525,-0.0222,0.0291,0.9955,0.996
19.264273256,-0.0215,0.0288,0.9973,0.998
19.265405179,-0.0215,0.0293,0.9980,0.999
19.266601371,-0.0215,0.0286,0.9995,1.000
19.267811794,-0.0203,0.0286,1.0007,1.001
19.26899091,-0.0217,0.0293,1.0009,1.002
19.270174525,-0.0239,0.0298,0.9999,1.001
19.270955948,-0.0276,0.0298,1.0004,1.001
19.271218602,-0.0283,0.0300,1.0007,1.002
19.27292091,-0.0276,0.0298,0.9987,1.000
19.27375791,-0.0293,0.0288,0.9980,0.999
19.27589891,-0.0298,0.0271,0.9977,0.999
19.277912448,-0.0315,0.0271,0.9985,0.999
19.279793679,-0.0332,0.0266,0.9992,1.000
19.281695256,-0.0347,0.0257,0.9977,0.999
19.28573891,-0.0357,0.0259,0.9995,1.000
19.286741756,-0.0366,0.0261,0.9999,1.001
19.287586487,-0.0359,0.0249,1.0024,1.003
19.289508794,-0.0369,0.0266,1.0031,1.004
19.291540564,-0.0371,0.0269,1.0021,1.003
19.293391871,-0.0376,0.0269,1.0014,1.002
19.295548333,-0.0376,0.0266,1.0024,1.003
19.297392064,-0.0393,0.0261,1.0031,1.004
19.299371448,-0.0410,0.0254,1.0009,1.002
19.302197179,-0.0396,0.0252,0.9992,1.000
19.303739717,-0.0384,0.0252,0.9970,0.998
19.305167102,-0.0374,0.0257,0.9963,0.997
19.307233564,-0.0386,0.0266,0.9931,0.994
19.309384487,-0.0386,0.0279,0.9865,0.988
19.31112114,-0.0386,0.0276,0.9836,0.985
19.313026679,-0.0381,0.0279,0.9787,0.980
19.315528525,-0.0357,0.0286,0.9758,0.977
19.318807602,-0.0344,0.0281,0.9745,0.976
19.319708717,-0.0322,0.0283,0.9748,0.976
19.320962948,-0.0303,0.0279,0.9770,0.978
19.322986794,-0.0283,0.0274,0.9806,0.981
19.324917448,-0.0276,0.0276,0.9882,0.989
19.327040179,-0.0259,0.0283,0.9929,0.994
19.328766563,-0.0244,0.0283,0.9992,1.000
19.331131371,-0.0230,0.0264,1.0046,1.005
19.332953487,-0.0225,0.0249,1.0080,1.009
19.335922756,-0.0208,0.0257,1.0148,1.015
19.337672371,-0.0208,0.0249,1.0188,1.019
19.340169679,-0.0198,0.0252,1.0273,1.028
19.341872025,-0.0188,0.0222,1.0354,1.036
19.343109371,-0.0186,0.0222,1.0381,1.038
19.34497964,-0.0173,0.0232,1.0415,1.042
19.346877602,-0.0178,0.0232,1.0464,1.047
19.348986448,-0.0178,0.0225,1.0473,1.048
19.359851602,-0.0166,0.0237,1.0493,1.050
19.361308025,-0.0171,0.0227,1.0483,1.049
19.363127063,-0.0181,0.0210,1.0488,1.049
19.364230987,-0.0188,0.0227,1.0459,1.046
19.365379217,-0.0195,0.0235,1.0427,1.043
19.366864602,-0.0208,0.0252,1.0315,1.032
19.373221102,-0.0232,0.0237,1.0210,1.021
19.374094563,-0.0247,0.0247,1.0146,1.015
19.374612525,-0.0279,0.0266,1.0017,1.002
19.375042525,-0.0327,0.0283,0.9924,0.993
19.375440794,-0.0337,0.0281,0.9882,0.989
19.375844833,-0.0364,0.0283,0.9814,0.982
19.38050541,-0.0396,0.0300,0.9789,0.980
19.38118214,-0.0413,0.0318,0.9770,0.978
19.381622756,-0.0452,0.0308,0.9772,0.979
19.382057448,-0.0476,0.0305,0.9775,0.979
19.382553102,-0.0469,0.0296,0.9794,0.981
19.387181871,-0.0493,0.0298,0.9811,0.983
19.388035717,-0.0481,0.0298,0.9814,0.983
19.388470563,-0.0484,0.0279,0.9811,0.983
19.390009756,-0.0476,0.0281,0.9824,0.984
19.392045294,-0.0469,0.0288,0.9826,0.984
19.394818563,-0.0454,0.0288,0.9833,0.985
19.396313948,-0.0447,0.0276,0.9848,0.986
19.398042063,-0.0447,0.0257,0.9899,0.991
19.400410217,-0.0413,0.0257,0.9951,0.996
19.40304141,-0.0406,0.0244,0.9963,0.997
19.403944448,-0.0366,0.0244,1.0017,1.003
19.405986525,-0.0357,0.0239,1.0039,1.005
19.408253602,-0.0315,0.0247,1.0090,1.010
19.409895602,-0.0279,0.0237,1.0109,1.012
19.412302871,-0.0271,0.0235,1.0109,1.012
19.41367891,-0.0239,0.0210,1.0146,1.015
19.41604841,-0.0232,0.0213,1.0156,1.016
19.419433448,-0.0235,0.0227,1.0168,1.017
19.420359833,-0.0235,0.0213,1.0163,1.017
19.423514833,-0.0242,0.0220,1.0153,1.016
19.424418063,-0.0249,0.0215,1.0126,1.013
19.425526563,-0.0247,0.0198,1.0122,1.013
19.427932602,-0.0254,0.0195,1.0119,1.012
19.429546525,-0.0281,0.0210,1.0100,1.011
19.431787256,-0.0296,0.0195,1.0092,1.010
19.433480448,-0.0293,0.0195,1.0070,1.008
19.436599602,-0.0293,0.0200,1.0039,1.004
19.439780833,-0.0313,0.0198,1.0029,1.004
19.44027814,-0.0322,0.0186,1.0014,1.002
19.441387025,-0.0344,0.0200,0.9975,0.998
19.443747025,-0.0357,0.0205,0.9960,0.997
19.445450986,-0.0369,0.0215,0.9938,0.995
19.447467063,-0.0393,0.0235,0.9916,0.993
19.449384602,-0.0403,0.0239,0.9909,0.992
19.460692448,-0.0432,0.0232,0.9909,0.992
19.462197602,-0.0452,0.0239,0.9907,0.992
19.46342141,-0.0489,0.0249,0.9948,0.996
19.464333179,-0.0506,0.0266,0.9960,0.998
19.465382563,-0.0508,0.0279,0.9975,0.999
19.468521179,-0.0540,0.0276,1.0004,1.002
19.469877063,-0.0533,0.0274,1.0014,1.003
19.471231486,-0.0525,0.0276,1.0019,1.004
19.47247714,-0.0518,0.0303,1.0019,1.004
19.473665679,-0.0511,0.0305,1.0021,1.004
19.474960294,-0.0489,0.0310,1.0036,1.005
19.475468102,-0.0442,0.0308,1.0070,1.008
19.475909486,-0.0432,0.0313,1.0073,1.009
19.47790864,-0.0379,0.0318,1.0068,1.008
19.479160871,-0.0325,0.0320,1.0095,1.011
19.480610371,-0.0318,0.0322,1.0117,1.013
19.48294314,-0.0293,0.0342,1.0156,1.017
19.48761364,-0.0283,0.0330,1.0163,1.017
19.488439217,-0.0259,0.0303,1.0185,1.019
19.48885564,-0.0254,0.0296,1.0207,1.021
19.490893563,-0.0247,0.0296,1.0222,1.023
19.492832948,-0.0213,0.0291,1.0229,1.024
19.494620333,-0.0171,0.0281,1.0232,1.024
19.496904333,-0.0161,0.0281,1.0224,1.023
19.498562179,-0.0137,0.0281,1.0214,1.022
19.500611486,-0.0129,0.0276,1.0202,1.021
19.503011102,-0.0112,0.0269,1.0185,1.019
19.505019679,-0.0112,0.0257,1.0146,1.015
19.506587333,-0.0107,0.0259,1.0144,1.015
19.508656063,-0.0125,0.0257,1.0124,1.013
19.510418717,-0.0156,0.0244,1.0080,1.008
19.512309602,-0.0176,0.0239,1.0061,1.006
19.514407756,-0.0213,0.0217,1.0019,1.002
19.516496794,-0.0222,0.0222,0.9992,1.000
19.520134717,-0.0252,0.0225,0.9929,0.993
19.521090602,-0.0288,0.0215,0.9865,0.987
19.522370602,-0.0303,0.0222,0.9848,0.986
19.52434514,-0.0315,0.0205,0.9816,0.982
19.525983179,-0.0318,0.0200,0.9762,0.977
19.528009525,-0.0322,0.0191,0.9743,0.975
19.529935679,-0.0335,0.0193,0.9711,0.972
19.531851833,-0.0340,0.0203,0.9694,0.970
19.533966833,-0.0342,0.0195,0.9682,0.969
19.537829871,-0.0369,0.0217,0.9694,0.970
19.538777217,-0.0381,0.0225,0.9687,0.970
19.539834525,-0.0406,0.0232,0.9711,0.972
19.541758948,-0.0413,0.0242,0.9731,0.974
19.543863179,-0.0442,0.0225,0.9758,0.977
19.545616986,-0.0467,0.0210,0.9797,0.981
19.547797486,-0.0469,0.0220,0.9824,0.984
19.549673217,-0.0459,0.0227,0.9877,0.989
19.561100409,-0.0430,0.0225,0.9938,0.995
19.562823294,-0.0425,0.0235,0.9968,0.998
19.563991102,-0.0401,0.0249,1.0014,1.003
19.565082525,-0.0374,0.0244,1.0039,1.005
19.566369179,-0.0364,0.0254,1.0105,1.011
19.575327486,-0.0376,0.0257,1.0161,1.017
19.576849063,-0.0364,0.0252,1.0168,1.018
19.57794564,-0.0313,0.0252,1.0219,1.023
19.579107063,-0.0305,0.0232,1.0263,1.027
19.580200217,-0.0286,0.0232,1.0278,1.028
19.581354217,-0.0269,0.0222,1.0285,1.029
19.58256214,-0.0264,0.0220,1.0295,1.030
19.583734179,-0.0261,0.0213,1.0302,1.031
19.584966486,-0.0266,0.0208,1.0268,1.027
19.586162948,-0.0271,0.0205,1.0258,1.026
19.587341525,-0.0274,0.0198,1.0234,1.024
19.590375602,-0.0288,0.0193,1.0202,1.021
19.591909217,-0.0291,0.0200,1.0192,1.020
19.593059486,-0.0271,0.0200,1.0156,1.016
19.594153217,-0.0279,0.0193,1.0141,1.015
19.59689814,-0.0274,0.0205,1.0112,1.012
19.597414909,-0.0276,0.0203,1.0087,1.009
19.597802602,-0.0274,0.0205,1.0075,1.008
19.598199409,-0.0271,0.0225,1.0041,1.005
19.598952063,-0.0257,0.0230,1.0031,1.004
19.603130448,-0.0257,0.0247,1.0026,1.003
19.604113948,-0.0274,0.0257,1.0017,1.002
19.605103909,-0.0266,0.0274,1.0017,1.002
19.606839756,-0.0261,0.0266,1.0009,1.002
19.608866909,-0.0271,0.0279,1.0017,1.002
19.610883756,-0.0279,0.0283,1.0026,1.003
19.614553371,-0.0252,0.0300,1.0007,1.001
19.615043525,-0.0261,0.0308,1.0012,1.002
19.616832679,-0.0259,0.0308,0.9997,1.001
19.620251756,-0.0247,0.0303,0.9963,0.997
19.621148333,-0.0222,0.0308,0.9907,0.991
19.622579756,-0.0225,0.0313,0.9882,0.989
19.624827256,-0.0195,0.0318,0.9875,0.988
19.626682256,-0.0191,0.0327,0.9875,0.988
19.628742679,-0.0205,0.0340,0.9868,0.988
19.630553486,-0.0208,0.0337,0.9850,0.986
19.633149871,-0.0222,0.0335,0.9843,0.985
19.636470294,-0.0235,0.0357,0.9833,0.984
19.637423102,-0.0244,0.0342,0.9697,0.971
19.638699025,-0.0252,0.0325,0.9413,0.942
19.640445948,-0.0227,0.0288,0.8729,0.874
19.642190371,-0.0173,0.0281,0.8448,0.845
19.644309602,-0.0049,0.0288,0.8260,0.827
19.646112948,-0.0027,0.0296,0.8614,0.862
19.648582256,-0.0071,0.0308,0.8934,0.894
19.650084486,-0.0291,0.0325,0.9679,0.969
19.652639448,-0.0518,0.0330,1.0329,1.035
19.662824256,-0.0608,0.0342,1.0556,1.058
19.663677602,-0.0669,0.0352,1.0815,1.084
19.664201371,-0.0660,0.0354,1.0842,1.087
19.664630525,-0.0579,0.0340,1.0740,1.076
19.665036486,-0.0442,0.0330,1.0556,1.057
19.665430063,-0.0362,0.0320,1.0461,1.047
19.666862717,-0.0230,0.0308,1.0317,1.032
19.670470256,-0.0186,0.0283,1.0232,1.024
19.671210256,-0.0183,0.0271,1.0229,1.023
19.671942409,-0.0242,0.0239,1.0254,1.026
19.673917371,-0.0288,0.0237,1.0302,1.031
19.675904448,-0.0384,0.0247,1.0427,1.044
19.677681102,-0.0462,0.0230,1.0532,1.054
19.679687717,-0.0493,0.0232,1.0578,1.059
19.681623063,-0.0513,0.0235,1.0649,1.066
19.68359414,-0.0520,0.0227,1.0703,1.072
19.685649371,-0.0506,0.0220,1.0723,1.074
19.687658025,-0.0469,0.0193,1.0730,1.074
19.689587256,-0.0445,0.0183,1.0735,1.075
19.691724525,-0.0408,0.0176,1.0725,1.073
19.693516602,-0.0384,0.0169,1.0737,1.075
19.695468217,-0.0376,0.0173,1.0737,1.075
19.697309102,-0.0366,0.0171,1.0725,1.073
19.699295871,-0.0374,0.0154,1.0676,1.068
19.70203914,-0.0366,0.0151,1.0649,1.066
19.703403948,-0.0364,0.0132,1.0586,1.059
19.705340986,-0.0349,0.0132,1.0552,1.056
19.707338794,-0.0337,0.0127,1.0486,1.049
19.709187409,-0.0298,0.0144,1.0403,1.041
19.711248063,-0.0281,0.0144,1.0356,1.036
19.713153602,-0.0261,0.0159,1.0251,1.026
19.715088986,-0.0252,0.0210,1.0122,1.013
19.717043948,-0.0235,0.0225,1.0061,1.007
19.719267756,-0.0203,0.0222,0.9936,0.994
19.721113871,-0.0191,0.0220,0.9872,0.988
19.723033448,-0.0186,0.0225,0.9762,0.977
19.724906217,-0.0159,0.0208,0.9621,0.962
19.726866332,-0.0139,0.0203,0.9555,0.956
19.728754563,-0.0112,0.0188,0.9447,0.945
19.730775294,-0.0105,0.0195,0.9372,0.937
19.732751717,-0.0112,0.0181,0.9354,0.936
19.737919794,-0.0134,0.0183,0.9374,0.938
19.738585217,-0.0144,0.0166,0.9398,0.940
19.738901525,-0.0166,0.0164,0.9447,0.945
19.740939602,-0.0164,0.0161,0.9535,0.954
19.742932448,-0.0176,0.0151,0.9579,0.958
19.744709217,-0.0203,0.0159,0.9682,0.969
19.746655794,-0.0220,0.0164,0.9792,0.980
19.748599179,-0.0227,0.0164,0.9853,0.986
19.750626756,-0.0249,0.0161,0.9973,0.998
19.753697332,-0.0269,0.0156,1.0039,1.004
19.754688294,-0.0303,0.0164,1.0131,1.014
19.756635179,-0.0327,0.0176,1.0229,1.024
19.758689986,-0.0352,0.0173,1.0276,1.028
19.760462025,-0.0376,0.0169,1.0339,1.035
19.762543332,-0.0391,0.0156,1.0415,1.042
19.764428371,-0.0401,0.0142,1.0442,1.045
19.766551602,-0.0430,0.0127,1.0434,1.044
19.769261679,-0.0447,0.0129,1.0427,1.044
