time,gFx,gFy,gFz,TgF
0.005614038,-0.0149,0.9868,0.0938,0.991
0.006152538,-0.0129,0.9853,0.0938,0.990
0.006432076,-0.0125,0.9858,0.0928,0.990
0.00673773,-0.0103,0.9853,0.0933,0.990
0.007028576,-0.0068,0.9853,0.0933,0.990
0.007298769,-0.0051,0.9838,0.0926,0.988
0.007552653,-0.0022,0.9821,0.0945,0.987
0.008704423,0.0007,0.9828,0.0943,0.987
0.012901076,0.0022,0.9836,0.0950,0.988
0.013367038,0.0046,0.9831,0.0958,0.988
0.014700269,0.0066,0.9843,0.0958,0.989
0.016619615,0.0071,0.9843,0.0980,0.989
0.018559307,0.0107,0.9824,0.1009,0.988
0.020542653,0.0103,0.9816,0.1016,0.987
0.02259423,0.0117,0.9816,0.1046,0.987
0.024401499,0.0139,0.9821,0.1065,0.988
0.027066999,0.0142,0.9821,0.1075,0.988
0.038031153,0.0142,0.9811,0.1124,0.988
0.038566307,0.0149,0.9797,0.1165,0.987
0.038825999,0.0151,0.9787,0.1185,0.986
0.039066615,0.0144,0.9775,0.1239,0.985
0.039294423,0.0149,0.9777,0.1251,0.986
0.039530076,0.0159,0.9780,0.1290,0.987
0.040137923,0.0139,0.9792,0.1339,0.988
0.042144115,0.0139,0.9782,0.1356,0.988
0.046200576,0.0105,0.9748,0.1407,0.985
0.046806115,0.0100,0.9745,0.1454,0.985
0.048293115,0.0088,0.9748,0.1466,0.986
0.050360653,0.0076,0.9740,0.1522,0.986
0.052128038,0.0071,0.9743,0.1595,0.987
0.054111999,0.0054,0.9723,0.1622,0.986
0.055965269,0.0010,0.9738,0.1576,0.986
0.058335076,0.0002,0.9736,0.1559,0.986
0.067659423,-0.0022,0.9758,0.1556,0.988
0.068307999,-0.0044,0.9767,0.1573,0.989
0.068593653,-0.0049,0.9758,0.1593,0.989
0.068830461,-0.0073,0.9770,0.1622,0.990
0.069070884,-0.0088,0.9777,0.1634,0.991
0.069886538,-0.0100,0.9784,0.1681,0.993
0.071876461,-0.0095,0.9794,0.1693,0.994
0.07374573,-0.0112,0.9814,0.1698,0.996
0.07562323,-0.0142,0.9824,0.1686,0.997
0.077852269,-0.0149,0.9819,0.1698,0.997
0.07965473,-0.0173,0.9819,0.1661,0.996
0.081711884,-0.0186,0.9841,0.1620,0.997
0.083539423,-0.0195,0.9858,0.1605,0.999
0.085522999,-0.0225,0.9880,0.1600,1.001
0.087468653,-0.0225,0.9865,0.1603,1.000
0.089499923,-0.0220,0.9865,0.1583,0.999
0.091457461,-0.0205,0.9875,0.1539,1.000
0.094690153,-0.0198,0.9890,0.1537,1.001
0.095581999,-0.0188,0.9885,0.1522,1.000
0.097465846,-0.0203,0.9887,0.1500,1.000
0.099391076,-0.0193,0.9892,0.1483,1.000
0.101433576,-0.0191,0.9885,0.1449,0.999
0.103334192,-0.0198,0.9877,0.1444,0.998
0.105305423,-0.0173,0.9865,0.1419,0.997
0.107222576,-0.0144,0.9863,0.1388,0.996
0.109227653,-0.0151,0.9875,0.1407,0.998
0.111367038,-0.0149,0.9909,0.1578,1.004
0.113369538,-0.0147,0.9894,0.1515,1.001
0.11527323,-0.0151,0.9894,0.1459,1.000
0.117278384,-0.0151,0.9872,0.1380,0.997
0.119252999,-0.0147,0.9870,0.1344,0.996
0.121511769,-0.0147,0.9858,0.1295,0.994
0.123215076,-0.0105,0.9855,0.1222,0.993
0.125133153,-0.0090,0.9848,0.1197,0.992
0.128272538,-0.0044,0.9860,0.1244,0.994
0.129209769,-0.0005,0.9863,0.1236,0.994
0.134047692,0.0015,0.9870,0.1261,0.995
0.134677769,0.0037,0.9865,0.1231,0.994
0.135187807,0.0024,0.9868,0.1253,0.995
0.137101422,0.0000,0.9865,0.1239,0.994
0.139169807,-0.0010,0.9872,0.1219,0.995
0.141060653,-0.0020,0.9875,0.1202,0.995
0.143285422,-0.0020,0.9880,0.1192,0.995
0.154533576,-0.0015,0.9887,0.1253,0.997
0.155123115,0.0007,0.9877,0.1295,0.996
0.15541873,0.0061,0.9894,0.1334,0.998
0.155684846,0.0066,0.9907,0.1336,1.000
0.155952922,0.0061,0.9929,0.1344,1.002
0.156211922,0.0088,0.9926,0.1395,1.002
0.156720538,0.0093,0.9941,0.1415,1.004
0.158846192,0.0066,0.9946,0.1405,1.004
0.16129573,0.0076,0.9948,0.1412,1.005
0.16293923,0.0076,0.9946,0.1444,1.005
0.164773038,0.0071,0.9958,0.1456,1.006
0.166785846,0.0083,0.9968,0.1454,1.007
0.168701615,0.0086,0.9975,0.1490,1.009
0.170919115,0.0115,0.9963,0.1520,1.008
0.172653653,0.0115,0.9965,0.1534,1.008
0.174668153,0.0137,0.9982,0.1581,1.011
0.176648269,0.0151,0.9995,0.1593,1.012
0.182430884,0.0166,1.0017,0.1886,1.019
0.183200153,0.0205,0.9985,0.1962,1.018
0.183596692,0.0198,0.9975,0.2089,1.019
0.184516692,0.0173,0.9960,0.2011,1.016
0.186453999,0.0129,0.9965,0.1989,1.016
0.188387038,0.0107,0.9960,0.1994,1.016
0.190271461,0.0039,0.9946,0.1950,1.014
0.192272076,-0.0002,0.9948,0.2113,1.017
0.194971615,-0.0012,0.9941,0.2233,1.019
0.19684723,-0.0073,0.9931,0.2057,1.014
0.198188307,-0.0107,0.9919,0.2003,1.012
0.200198076,-0.0125,0.9904,0.1886,1.008
0.20216473,-0.0127,0.9899,0.1808,1.006
0.204149422,-0.0142,0.9912,0.1659,1.005
0.206056076,-0.0132,0.9960,0.1441,1.006
0.208615884,-0.0134,0.9997,0.1331,1.009
0.210060922,-0.0100,1.0073,0.1124,1.014
0.212688499,-0.0054,1.0095,0.1007,1.014
0.213983192,-0.0037,1.0146,0.0972,1.019
0.216008076,-0.0002,1.0151,0.0897,1.019
0.217931038,0.0002,1.0158,0.0872,1.020
0.219895769,0.0007,1.0156,0.0838,1.019
0.221776999,0.0037,1.0136,0.0804,1.017
0.223799692,0.0049,1.0144,0.0816,1.018
0.225706499,0.0068,1.0119,0.0836,1.015
0.236793538,0.0078,1.0102,0.0870,1.014
0.237448615,0.0093,1.0046,0.0948,1.009
0.237758192,0.0107,1.0014,0.1021,1.007
0.238034769,0.0103,1.0002,0.1075,1.006
0.238288922,0.0088,0.9985,0.1156,1.005
0.238595345,0.0061,0.9985,0.1190,1.006
0.239421307,0.0032,0.9963,0.1248,1.004
0.241410038,0.0039,0.9929,0.1295,1.001
0.243644538,0.0034,0.9912,0.1307,1.000
0.245902884,0.0054,0.9887,0.1327,0.998
0.248755807,0.0095,0.9863,0.1371,0.996
0.249341538,0.0095,0.9848,0.1388,0.995
0.251521307,0.0090,0.9824,0.1429,0.993
0.25468473,0.0098,0.9811,0.1461,0.992
0.256306345,0.0081,0.9780,0.1517,0.990
0.257241999,0.0059,0.9753,0.1561,0.988
0.259805153,0.0059,0.9743,0.1578,0.987
0.261653038,0.0049,0.9716,0.1608,0.985
0.265924499,0.0046,0.9709,0.1620,0.984
0.267060461,0.0032,0.9689,0.1647,0.983
0.267364999,0.0037,0.9675,0.1642,0.981
0.268976922,0.0042,0.9672,0.1630,0.981
0.270915807,0.0051,0.9667,0.1586,0.980
0.272886153,0.0049,0.9660,0.1515,0.978
0.274898576,0.0061,0.9657,0.1471,0.977
0.276891884,0.0064,0.9653,0.1390,0.975
0.279258384,0.0068,0.9655,0.1361,0.975
0.280882653,0.0081,0.9672,0.1285,0.976
0.282896461,0.0078,0.9701,0.1229,0.978
0.284717769,0.0083,0.9711,0.1202,0.979
0.28673423,0.0078,0.9740,0.1222,0.982
0.288703499,0.0086,0.9748,0.1261,0.983
0.290723038,0.0078,0.9753,0.1273,0.984
0.292602884,0.0076,0.9765,0.1309,0.985
0.294809884,0.0078,0.9780,0.1331,0.987
0.29669123,0.0086,0.9787,0.1361,0.988
0.298787038,0.0117,0.9792,0.1366,0.989
0.300609153,0.0129,0.9799,0.1363,0.989
0.302551884,0.0147,0.9814,0.1356,0.991
0.304510692,0.0159,0.9821,0.1353,0.992
0.306434461,0.0156,0.9814,0.1353,0.991
0.308451653,0.0183,0.9838,0.1383,0.994
0.311452345,0.0195,0.9846,0.1407,0.995
0.312475692,0.0208,0.9828,0.1449,0.994
0.314596845,0.0215,0.9824,0.1517,0.994
0.316521538,0.0227,0.9826,0.1554,0.995
0.318458345,0.0222,0.9831,0.1637,0.997
0.320401345,0.0232,0.9828,0.1700,0.998
0.322330615,0.0230,0.9819,0.1742,0.997
0.324282499,0.0225,0.9814,0.1791,0.998
0.326273384,0.0210,0.9819,0.1793,0.998
0.328437461,0.0205,0.9802,0.1796,0.997
0.332247807,0.0227,0.9809,0.1798,0.997
0.333509884,0.0230,0.9816,0.1781,0.998
0.334288615,0.0217,0.9831,0.1754,0.999
0.336198384,0.0213,0.9821,0.1727,0.997
0.338177038,0.0232,0.9809,0.1673,0.995
0.340149538,0.0227,0.9804,0.1630,0.994
0.342118384,0.0230,0.9814,0.1595,0.995
0.352171192,0.0215,0.9821,0.1532,0.994
0.35268923,0.0210,0.9833,0.1468,0.994
0.352934422,0.0198,0.9841,0.1451,0.995
0.353166538,0.0178,0.9858,0.1402,0.996
0.353408115,0.0156,0.9853,0.1380,0.995
0.354050999,0.0134,0.9850,0.1341,0.994
0.356011038,0.0112,0.9850,0.1329,0.994
0.357957038,0.0105,0.9858,0.1309,0.994
0.359897461,0.0076,0.9865,0.1278,0.995
0.362061768,0.0068,0.9902,0.1241,0.998
0.365463692,0.0061,0.9919,0.1236,1.000
0.365908845,0.0066,0.9904,0.1222,0.998
0.367900884,0.0078,0.9899,0.1214,0.997
0.370156807,0.0076,0.9899,0.1244,0.998
0.371901999,0.0073,0.9926,0.1248,1.000
0.373779461,0.0083,0.9929,0.1246,1.001
0.375941615,0.0090,0.9909,0.1248,0.999
0.378938076,0.0090,0.9912,0.1261,0.999
0.379712576,0.0081,0.9926,0.1295,1.001
0.381831884,0.0098,0.9938,0.1344,1.003
0.383697615,0.0093,0.9943,0.1341,1.003
0.385539153,0.0071,0.9963,0.1358,1.006
0.387558807,0.0068,0.9948,0.1412,1.005
0.389457884,0.0068,0.9946,0.1439,1.005
0.391414538,0.0076,0.9931,0.1483,1.004
0.393387384,0.0071,0.9929,0.1505,1.004
0.395444768,0.0064,0.9941,0.1586,1.007
0.39748273,0.0066,0.9946,0.1652,1.008
0.399387768,0.0056,0.9943,0.1681,1.008
0.401310922,0.0037,0.9936,0.1737,1.009
0.403235576,0.0024,0.9931,0.1783,1.009
0.405182807,-0.0007,0.9916,0.1852,1.009
0.407161461,-0.0024,0.9902,0.1930,1.009
0.409129807,-0.0037,0.9894,0.1974,1.009
0.411525538,-0.0066,0.9892,0.2067,1.011
0.413256576,-0.0059,0.9872,0.2152,1.010
0.415239307,-0.0066,0.9868,0.2184,1.011
0.417199538,-0.0083,0.9858,0.2250,1.011
0.419090345,-0.0090,0.9841,0.2292,1.010
0.421083115,-0.0081,0.9819,0.2358,1.010
0.423049845,-0.0093,0.9789,0.2392,1.008
0.424991961,-0.0088,0.9777,0.2411,1.007
0.427216922,-0.0068,0.9782,0.2446,1.008
0.429131153,-0.0064,0.9792,0.2465,1.010
0.431277576,-0.0042,0.9789,0.2467,1.010
0.43303723,-0.0029,0.9765,0.2465,1.007
0.43496273,-0.0017,0.9758,0.2458,1.006
0.43691323,0.0000,0.9760,0.2438,1.006
0.438868038,0.0020,0.9753,0.2411,1.005
0.440853653,0.0024,0.9755,0.2399,1.005
0.442868422,0.0012,0.9772,0.2353,1.005
0.44722023,0.0017,0.9772,0.2282,1.004
0.447794499,0.0012,0.9760,0.2243,1.001
0.449063615,-0.0010,0.9755,0.2165,0.999
0.450927384,-0.0012,0.9755,0.2130,0.999
0.454125999,-0.0022,0.9750,0.2047,0.996
0.455103384,-0.0083,0.9765,0.1969,0.996
0.457001345,-0.0225,0.9782,0.1974,0.998
0.458811576,-0.0423,0.9802,0.1908,0.999
0.461961884,-0.0369,0.9797,0.1815,0.997
0.462730768,-0.0337,0.9789,0.1752,0.995
0.464758538,-0.0208,0.9762,0.1634,0.990
0.466761653,-0.0173,0.9758,0.1588,0.989
0.468651115,-0.0147,0.9745,0.1512,0.986
0.470587153,-0.0049,0.9719,0.1412,0.982
0.472543768,-0.0005,0.9719,0.1368,0.981
0.474456768,0.0046,0.9701,0.1266,0.978
0.476496538,0.0032,0.9704,0.1195,0.978
0.478605307,0.0017,0.9699,0.1175,0.977
0.480551576,-0.0005,0.9704,0.1104,0.977
0.48271923,-0.0032,0.9697,0.1077,0.976
0.484427768,-0.0107,0.9709,0.1048,0.977
0.486339115,-0.0186,0.9723,0.1011,0.978
0.488355807,-0.0144,0.9701,0.0977,0.975
0.490270807,-0.0022,0.9692,0.0938,0.974
0.49272423,0.0083,0.9697,0.0926,0.974
0.49561223,0.0122,0.9694,0.0916,0.974
0.496604807,0.0147,0.9706,0.0897,0.975
0.498336384,0.0134,0.9719,0.0906,0.976
0.500421999,0.0110,0.9721,0.0916,0.976
0.502353768,0.0088,0.9731,0.0926,0.978
0.504581538,0.0066,0.9770,0.0936,0.981
0.506439961,0.0017,0.9811,0.0977,0.986
0.508467999,0.0007,0.9809,0.0992,0.986
0.510329461,-0.0015,0.9821,0.1055,0.988
0.512573115,-0.0029,0.9853,0.1121,0.992
0.514309268,-0.0049,0.9860,0.1158,0.993
0.516190922,-0.0078,0.9885,0.1229,0.996
0.518032422,-0.0081,0.9894,0.1256,0.997
0.520202499,-0.0120,0.9909,0.1319,1.000
0.52214323,-0.0144,0.9919,0.1375,1.001
0.524224922,-0.0166,0.9921,0.1415,1.002
0.526147538,-0.0195,0.9929,0.1476,1.004
0.531842845,-0.0239,0.9943,0.1515,1.006
0.532429884,-0.0259,0.9955,0.1524,1.007
0.532677153,-0.0300,0.9965,0.1542,1.009
0.533806653,-0.0320,0.9970,0.1554,1.010
0.535842845,-0.0364,0.9958,0.1551,1.008
0.537744538,-0.0393,0.9953,0.1571,1.008
0.539719768,-0.0410,0.9955,0.1573,1.009
0.541820845,-0.0457,0.9948,0.1608,1.009
0.543667653,-0.0472,0.9955,0.1605,1.010
0.555847538,-0.0481,0.9946,0.1598,1.008
0.557051422,-0.0481,0.9948,0.1608,1.009
0.557922538,-0.0496,0.9943,0.1617,1.009
0.558815499,-0.0508,0.9929,0.1634,1.008
0.559557038,-0.0520,0.9938,0.1647,1.009
0.560313653,-0.0525,0.9941,0.1652,1.009
0.568592114,-0.0513,0.9938,0.1649,1.009
0.570025884,-0.0508,0.9933,0.1659,1.008
0.57101973,-0.0501,0.9951,0.1661,1.010
0.571815999,-0.0501,0.9941,0.1656,1.009
0.573265653,-0.0498,0.9933,0.1649,1.008
0.574130576,-0.0481,0.9926,0.1647,1.007
0.576533614,-0.0476,0.9921,0.1652,1.007
0.577715422,-0.0472,0.9921,0.1656,1.007
0.578848653,-0.0457,0.9909,0.1622,1.005
0.580019691,-0.0450,0.9912,0.1608,1.005
0.581064999,-0.0450,0.9914,0.1588,1.005
0.582000345,-0.0425,0.9919,0.1568,1.005
0.582988614,-0.0415,0.9912,0.1571,1.004
0.583908807,-0.0384,0.9919,0.1598,1.005
0.586223461,-0.0362,0.9914,0.1581,1.005
0.587688691,-0.0342,0.9907,0.1568,1.004
0.589903961,-0.0332,0.9909,0.1564,1.004
0.591359268,-0.0322,0.9912,0.1566,1.004
0.593285922,-0.0315,0.9904,0.1559,1.003
0.596712345,-0.0269,0.9897,0.1524,1.002
0.598239884,-0.0257,0.9892,0.1527,1.001
0.599502345,-0.0239,0.9899,0.1544,1.002
0.601061153,-0.0225,0.9892,0.1537,1.001
0.603256076,-0.0195,0.9872,0.1544,0.999
0.605131499,-0.0186,0.9882,0.1542,1.000
0.607277614,-0.0181,0.9872,0.1537,0.999
0.60914573,-0.0176,0.9865,0.1542,0.999
0.611383538,-0.0186,0.9858,0.1534,0.998
0.614081499,-0.0183,0.9865,0.1527,0.998
0.615562614,-0.0171,0.9863,0.1515,0.998
0.616894961,-0.0159,0.9855,0.1517,0.997
0.618913038,-0.0161,0.9855,0.1524,0.997
0.620957999,-0.0169,0.9828,0.1517,0.995
0.623096922,-0.0171,0.9814,0.1517,0.993
0.625073461,-0.0173,0.9824,0.1512,0.994
0.626869961,-0.0149,0.9816,0.1512,0.993
0.629762614,-0.0144,0.9824,0.1510,0.994
0.631559114,-0.0156,0.9824,0.1507,0.994
0.632855653,-0.0166,0.9826,0.1502,0.994
0.634830653,-0.0161,0.9826,0.1502,0.994
0.636728999,-0.0198,0.9821,0.1488,0.994
0.638718961,-0.0200,0.9816,0.1490,0.993
0.640741499,-0.0166,0.9814,0.1468,0.992
0.642666576,-0.0156,0.9826,0.1449,0.993
0.653242345,-0.0151,0.9828,0.1446,0.994
0.654749807,-0.0154,0.9833,0.1439,0.994
0.655710038,-0.0156,0.9824,0.1427,0.993
0.65688873,-0.0154,0.9816,0.1419,0.992
0.657849768,-0.0139,0.9814,0.1419,0.992
0.65896473,-0.0137,0.9804,0.1410,0.991
0.659294537,-0.0122,0.9802,0.1393,0.990
0.659531614,-0.0122,0.9804,0.1385,0.990
0.660302884,-0.0107,0.9802,0.1366,0.990
0.674101499,-0.0095,0.9775,0.1329,0.987
0.674713076,-0.0103,0.9772,0.1314,0.986
0.674968845,-0.0117,0.9755,0.1324,0.985
0.67520323,-0.0115,0.9753,0.1317,0.984
0.67543923,-0.0125,0.9770,0.1297,0.986
0.675675999,-0.0107,0.9765,0.1300,0.985
0.675910768,-0.0103,0.9760,0.1305,0.985
0.676139114,-0.0098,0.9733,0.1275,0.982
0.682328576,-0.0088,0.9728,0.1280,0.981
0.682924614,-0.0095,0.9728,0.1283,0.981
0.683169114,-0.0066,0.9711,0.1263,0.979
0.683883153,-0.0059,0.9699,0.1258,0.978
0.685839807,-0.0046,0.9677,0.1253,0.976
0.687976422,-0.0039,0.9662,0.1241,0.974
0.689841999,-0.0029,0.9662,0.1241,0.974
0.692091191,-0.0042,0.9662,0.1241,0.974
0.693662653,-0.0049,0.9660,0.1258,0.974
0.695973153,-0.0034,0.9628,0.1283,0.971
0.697657268,-0.0012,0.9635,0.1285,0.972
0.700224307,-0.0017,0.9626,0.1283,0.971
0.701706576,-0.0017,0.9621,0.1280,0.971
0.703981922,0.0000,0.9623,0.1300,0.971
0.705582076,-0.0022,0.9618,0.1305,0.971
0.708060345,-0.0046,0.9618,0.1324,0.971
0.709624307,-0.0042,0.9621,0.1349,0.971
0.713451461,-0.0042,0.9618,0.1383,0.972
0.714249422,-0.0049,0.9611,0.1395,0.971
0.715533268,-0.0059,0.9616,0.1395,0.972
0.717294037,-0.0056,0.9631,0.1429,0.974
0.719498884,-0.0046,0.9633,0.1446,0.974
0.721462037,-0.0046,0.9655,0.1456,0.976
0.723938653,-0.0064,0.9679,0.1490,0.979
0.725526807,-0.0086,0.9694,0.1520,0.981
0.727492961,-0.0098,0.9699,0.1566,0.983
0.730369345,-0.0098,0.9728,0.1593,0.986
0.731580037,-0.0105,0.9750,0.1620,0.988
0.733549037,-0.0103,0.9758,0.1673,0.990
0.735441807,-0.0103,0.9765,0.1693,0.991
0.737407807,-0.0100,0.9770,0.1730,0.992
0.739547037,-0.0122,0.9797,0.1766,0.996
0.74119523,-0.0125,0.9809,0.1793,0.997
0.743379461,-0.0120,0.9819,0.1813,0.999
0.753635037,-0.0110,0.9828,0.1815,1.000
0.755311576,-0.0122,0.9831,0.1815,1.000
0.756411114,-0.0127,0.9843,0.1801,1.001
0.757371268,-0.0149,0.9855,0.1813,1.002
0.760777807,-0.0156,0.9882,0.1810,1.005
0.761824384,-0.0159,0.9890,0.1805,1.005
0.763130537,-0.0164,0.9897,0.1815,1.006
0.764106307,-0.0181,0.9907,0.1805,1.007
0.765039845,-0.0186,0.9919,0.1766,1.008
0.766221191,-0.0191,0.9933,0.1761,1.009
0.76759196,-0.0188,0.9946,0.1766,1.010
0.787412999,-0.0195,0.9951,0.1764,1.011
0.788943537,-0.0239,0.9975,0.1747,1.013
0.78980273,-0.0261,0.9973,0.1739,1.013
0.79106346,-0.0279,0.9980,0.1747,1.014
0.792291768,-0.0271,0.9985,0.1749,1.014
0.793215076,-0.0269,1.0002,0.1742,1.016
0.794320384,-0.0281,1.0002,0.1744,1.016
0.796746653,-0.0291,1.0014,0.1735,1.017
0.797735884,-0.0283,1.0019,0.1710,1.017
0.798879807,-0.0293,1.0026,0.1693,1.017
0.799653037,-0.0296,1.0029,0.1673,1.017
0.800442845,-0.0308,1.0026,0.1676,1.017
0.801263345,-0.0300,1.0029,0.1693,1.018
0.801975307,-0.0303,1.0012,0.1693,1.016
0.803071268,-0.0288,1.0007,0.1691,1.015
0.803820191,-0.0261,0.9997,0.1678,1.014
0.804786191,-0.0244,0.9995,0.1661,1.013
0.805606037,-0.0203,0.9990,0.1664,1.013
0.806618422,-0.0169,0.9995,0.1669,1.013
0.807434384,-0.0156,0.9997,0.1664,1.014
0.808281191,-0.0142,1.0002,0.1678,1.014
0.809148807,-0.0120,0.9999,0.1693,1.014
0.812207037,-0.0105,1.0017,0.1698,1.016
0.813742384,-0.0059,1.0004,0.1693,1.015
0.815394076,-0.0051,1.0004,0.1688,1.015
0.816604884,-0.0037,1.0014,0.1695,1.016
0.818182576,-0.0020,1.0019,0.1693,1.016
0.820131191,0.0020,1.0036,0.1715,1.018
0.82207296,0.0049,1.0031,0.1727,1.018
0.824105153,0.0051,1.0036,0.1735,1.019
0.82594846,0.0081,1.0048,0.1752,1.020
0.828088384,0.0090,1.0068,0.1781,1.022
0.830574691,0.0090,1.0063,0.1786,1.022
0.831960076,0.0083,1.0053,0.1805,1.021
0.833753884,0.0093,1.0053,0.1840,1.022
0.835778114,0.0103,1.0056,0.1879,1.023
0.837621999,0.0122,1.0063,0.1913,1.024
0.839923422,0.0134,1.0065,0.1923,1.025
0.841553884,0.0142,1.0061,0.1935,1.025
0.843673384,0.0164,1.0063,0.1923,1.025
0.849115576,0.0166,1.0070,0.1908,1.025
0.84974873,0.0198,1.0048,0.1874,1.022
0.850070384,0.0215,1.0031,0.1840,1.020
0.851851999,0.0220,1.0019,0.1798,1.018
0.853730114,0.0230,1.0012,0.1766,1.017
0.856379422,0.0257,1.0012,0.1717,1.016
0.857607499,0.0257,0.9985,0.1681,1.013
0.859593537,0.0257,0.9977,0.1661,1.012
0.861246037,0.0293,0.9970,0.1627,1.011
0.868675691,0.0266,0.9973,0.1625,1.011
0.869380999,0.0252,0.9973,0.1637,1.011
0.869667845,0.0252,0.9953,0.1649,1.009
0.870117422,0.0252,0.9943,0.1652,1.008
0.871636268,0.0227,0.9951,0.1664,1.009
0.873127499,0.0217,0.9924,0.1644,1.006
0.875182999,0.0215,0.9897,0.1639,1.003
0.877117807,0.0200,0.9885,0.1620,1.002
0.881233614,0.0188,0.9872,0.1622,1.001
0.882290422,0.0183,0.9836,0.1590,0.997
0.883499537,0.0169,0.9814,0.1571,0.994
0.88509323,0.0149,0.9802,0.1566,0.993
0.887158114,0.0147,0.9772,0.1576,0.990
0.88926673,0.0110,0.9743,0.1598,0.987
0.89112373,0.0083,0.9745,0.1612,0.988
0.892883653,0.0042,0.9711,0.1627,0.985
0.89498746,0.0027,0.9699,0.1642,0.984
0.898825537,-0.0002,0.9682,0.1681,0.983
0.899647537,-0.0032,0.9648,0.1717,0.980
0.900829537,-0.0049,0.9638,0.1730,0.979
0.902822383,-0.0081,0.9611,0.1732,0.977
0.904740191,-0.0112,0.9596,0.1720,0.975
0.906931037,-0.0107,0.9569,0.1705,0.972
0.909181307,-0.0122,0.9567,0.1666,0.971
0.910870307,-0.0129,0.9547,0.1649,0.969
0.915072076,-0.0142,0.9535,0.1617,0.967
0.91580496,-0.0154,0.9521,0.1539,0.965
0.916884383,-0.0169,0.9511,0.1500,0.963
0.918815653,-0.0193,0.9486,0.1424,0.959
0.920854345,-0.0203,0.9477,0.1351,0.957
0.922823807,-0.0215,0.9472,0.1305,0.956
0.924772037,-0.0249,0.9464,0.1229,0.955
0.926631999,-0.0259,0.9464,0.1192,0.954
0.929505307,-0.0300,0.9455,0.1148,0.953
0.931904614,-0.0349,0.9442,0.1085,0.951
0.932672845,-0.0357,0.9445,0.1073,0.951
0.934555307,-0.0393,0.9452,0.1033,0.952
0.936681691,-0.0423,0.9457,0.0997,0.952
0.938449807,-0.0435,0.9474,0.0943,0.953
0.940431922,-0.0464,0.9474,0.0906,0.953
0.942396076,-0.0464,0.9486,0.0882,0.954
0.944677383,-0.0464,0.9499,0.0845,0.955
0.950136114,-0.0489,0.9508,0.0809,0.956
0.950996922,-0.0491,0.9511,0.0804,0.956
0.951376691,-0.0493,0.9506,0.0782,0.955
0.952205883,-0.0491,0.9496,0.0774,0.954
0.954482268,-0.0481,0.9511,0.0767,0.955
0.956752614,-0.0476,0.9530,0.0750,0.957
0.958601576,-0.0472,0.9540,0.0735,0.958
0.975016422,-0.0462,0.9577,0.0718,0.961
0.97581923,-0.0452,0.9609,0.0730,0.965
0.976190114,-0.0442,0.9613,0.0728,0.965
0.976502614,-0.0425,0.9640,0.0728,0.968
0.976782307,-0.0420,0.9665,0.0735,0.970
0.977055037,-0.0401,0.9704,0.0774,0.974
0.977313576,-0.0391,0.9738,0.0831,0.978
0.97758046,-0.0379,0.9758,0.0838,0.980
0.977842883,-0.0359,0.9784,0.0882,0.983
0.978108307,-0.0352,0.9802,0.0919,0.985
0.984539345,-0.0335,0.9848,0.0950,0.990
0.985316499,-0.0305,0.9875,0.1011,0.993
0.985687499,-0.0303,0.9897,0.1043,0.996
0.985987306,-0.0296,0.9946,0.1097,1.001
0.988096883,-0.0300,0.9980,0.1143,1.005
0.989954845,-0.0286,0.9992,0.1163,1.006
0.991862576,-0.0249,1.0019,0.1209,1.009
0.993923537,-0.0220,1.0034,0.1234,1.011
0.99653573,-0.0198,1.0056,0.1256,1.014
0.997631383,-0.0183,1.0092,0.1305,1.018
0.999645806,-0.0178,1.0100,0.1322,1.019
1.001667999,-0.0156,1.0129,0.1375,1.022
1.003587614,-0.0137,1.0139,0.1388,1.023
1.005594845,-0.0122,1.0146,0.1400,1.024
1.007842883,-0.0098,1.0163,0.1424,1.026
1.009676537,-0.0068,1.0180,0.1427,1.028
1.011508922,-0.0022,1.0205,0.1449,1.031
1.013841037,-0.0020,1.0246,0.1441,1.035
1.015344345,-0.0010,1.0266,0.1449,1.037
1.017222383,0.0007,1.0273,0.1456,1.038
1.019249845,0.0022,1.0273,0.1466,1.038
1.021293576,0.0022,1.0302,0.1463,1.041
1.023311076,0.0039,1.0307,0.1451,1.041
1.025171806,0.0042,1.0307,0.1451,1.041
1.027189268,0.0051,1.0319,0.1456,1.042
1.03539496,0.0073,1.0339,0.1446,1.044
1.036001653,0.0076,1.0339,0.1441,1.044
1.036265499,0.0068,1.0351,0.1410,1.045
1.03652596,0.0073,1.0351,0.1397,1.045
1.037180268,0.0064,1.0344,0.1397,1.044
1.03971523,0.0061,1.0356,0.1373,1.045
1.040924614,0.0064,1.0349,0.1368,1.044
1.043033691,0.0086,1.0344,0.1344,1.043
1.045418345,0.0076,1.0334,0.1331,1.042
1.060181383,0.0081,1.0322,0.1329,1.041
1.060988114,0.0088,1.0315,0.1307,1.040
1.061370614,0.0076,1.0315,0.1290,1.040
1.061790537,0.0049,1.0310,0.1268,1.039
1.06214823,0.0059,1.0298,0.1251,1.037
1.062475691,0.0064,1.0290,0.1248,1.037
1.06287023,0.0056,1.0261,0.1241,1.034
1.063217653,0.0059,1.0241,0.1231,1.032
1.063572345,0.0059,1.0232,0.1224,1.030
1.069830499,0.0051,1.0224,0.1222,1.030
1.070756653,0.0054,1.0202,0.1219,1.027
1.071131422,0.0051,1.0153,0.1224,1.023
1.07149123,0.0046,1.0144,0.1209,1.022
1.072793191,0.0046,1.0129,0.1209,1.020
1.074774422,0.0044,1.0087,0.1222,1.016
1.076809576,0.0037,1.0075,0.1222,1.015
1.078773422,0.0005,1.0048,0.1226,1.012
1.08290896,-0.0002,1.0021,0.1248,1.010
1.083725345,0.0000,1.0002,0.1241,1.008
1.084655768,0.0005,0.9980,0.1244,1.006
1.086757037,-0.0012,0.9946,0.1266,1.003
1.088807422,-0.0017,0.9936,0.1273,1.002
1.090410114,-0.0024,0.9914,0.1319,1.000
1.09272646,-0.0039,0.9904,0.1334,0.999
1.094458191,-0.0078,0.9885,0.1358,0.998
1.097463037,-0.0081,0.9860,0.1412,0.996
1.098306691,-0.0090,0.9843,0.1417,0.994
1.100365153,-0.0098,0.9824,0.1432,0.993
1.102378076,-0.0093,0.9809,0.1451,0.992
1.104493614,-0.0083,0.9799,0.1456,0.991
1.106436114,-0.0100,0.9772,0.1422,0.988
1.10830046,-0.0107,0.9765,0.1419,0.987
1.11025396,-0.0110,0.9753,0.1427,0.986
1.113754229,-0.0122,0.9748,0.1437,0.985
1.115224845,-0.0127,0.9745,0.1439,0.985
1.116994806,-0.0154,0.9719,0.1417,0.982
1.118216114,-0.0164,0.9716,0.1415,0.982
1.120149537,-0.0171,0.9706,0.1424,0.981
1.122079922,-0.0164,0.9706,0.1422,0.981
1.124219383,-0.0149,0.9709,0.1422,0.981
1.126054306,-0.0125,0.9704,0.1395,0.980
1.128057153,-0.0107,0.9706,0.1402,0.981
1.130355729,-0.0105,0.9701,0.1397,0.980
1.132383229,-0.0103,0.9701,0.1402,0.980
1.13410446,-0.0095,0.9701,0.1400,0.980
1.136088922,-0.0073,0.9709,0.1378,0.981
1.138147229,-0.0044,0.9711,0.1378,0.981
1.140050768,-0.0032,0.9706,0.1373,0.980
1.141756845,-0.0012,0.9706,0.1353,0.980
1.143984383,-0.0010,0.9697,0.1351,0.979
1.149979037,0.0007,0.9704,0.1339,0.980
1.150707845,0.0042,0.9721,0.1336,0.981
1.151019768,0.0049,0.9731,0.1334,0.982
1.15174546,0.0073,0.9748,0.1336,0.984
1.153951229,0.0095,0.9755,0.1339,0.985
1.155889845,0.0100,0.9753,0.1349,0.985
1.157757614,0.0122,0.9765,0.1383,0.986
1.15988096,0.0112,0.9765,0.1393,0.986
1.161870883,0.0117,0.9745,0.1397,0.985
1.174425845,0.0142,0.9770,0.1407,0.987
1.175345153,0.0159,0.9772,0.1407,0.987
1.175859153,0.0164,0.9782,0.1422,0.989
1.176250191,0.0178,0.9787,0.1417,0.989
1.176603883,0.0210,0.9797,0.1419,0.990
1.176959191,0.0210,0.9802,0.1419,0.991
1.177341268,0.0203,0.9814,0.1432,0.992
1.177733037,0.0225,0.9806,0.1449,0.992
1.183530422,0.0210,0.9824,0.1463,0.993
1.184123999,0.0222,0.9826,0.1468,0.994
1.184365422,0.0215,0.9850,0.1468,0.996
1.185133729,0.0193,0.9875,0.1459,0.998
1.187116345,0.0205,0.9880,0.1471,0.999
1.189127768,0.0195,0.9882,0.1468,0.999
1.191011306,0.0183,0.9887,0.1471,1.000
1.192921076,0.0176,0.9897,0.1478,1.001
1.194947383,0.0166,0.9904,0.1480,1.002
1.197731191,0.0144,0.9902,0.1480,1.001
1.198923729,0.0149,0.9909,0.1483,1.002
1.200850345,0.0139,0.9919,0.1478,1.003
1.202914383,0.0120,0.9926,0.1476,1.004
1.204782383,0.0117,0.9936,0.1451,1.004
1.206877614,0.0117,0.9953,0.1434,1.006
1.208777883,0.0103,0.9941,0.1412,1.004
1.210714845,0.0098,0.9941,0.1402,1.004
1.214322883,0.0103,0.9943,0.1390,1.004
1.216133229,0.0112,0.9948,0.1373,1.004
1.216692806,0.0110,0.9953,0.1378,1.005
1.218763268,0.0100,0.9953,0.1373,1.005
1.220664652,0.0103,0.9963,0.1334,1.005
1.222657883,0.0117,0.9968,0.1331,1.006
1.224739768,0.0115,0.9965,0.1334,1.005
1.226666037,0.0127,0.9970,0.1331,1.006
1.229024999,0.0105,0.9977,0.1307,1.006
1.23232346,0.0115,0.9977,0.1290,1.006
1.233197999,0.0120,0.9980,0.1283,1.006
1.234723114,0.0122,0.9975,0.1275,1.006
1.236655229,0.0117,0.9968,0.1287,1.005
1.238440537,0.0125,0.9968,0.1275,1.005
1.240556306,0.0142,0.9965,0.1273,1.005
1.242315883,0.0142,0.9953,0.1270,1.003
1.24487696,0.0151,0.9951,0.1273,1.003
1.255933729,0.0151,0.9933,0.1263,1.001
1.257489037,0.0151,0.9938,0.1261,1.002
1.258709537,0.0166,0.9938,0.1261,1.002
1.259807768,0.0156,0.9926,0.1261,1.001
1.260881229,0.0169,0.9929,0.1268,1.001
1.261940999,0.0161,0.9914,0.1258,0.999
1.263195383,0.0169,0.9914,0.1266,1.000
1.28371096,0.0171,0.9914,0.1256,0.999
1.285306883,0.0176,0.9907,0.1253,0.999
1.286453229,0.0188,0.9899,0.1261,0.998
1.287536076,0.0195,0.9897,0.1258,0.998
1.288690191,0.0195,0.9892,0.1256,0.997
1.289856422,0.0188,0.9890,0.1263,0.997
1.291186191,0.0178,0.9887,0.1261,0.997
1.29233146,0.0186,0.9897,0.1256,0.998
1.293462999,0.0188,0.9897,0.1248,0.998
1.294613037,0.0200,0.9904,0.1241,0.998
1.295721652,0.0198,0.9907,0.1231,0.998
1.296849768,0.0193,0.9892,0.1229,0.997
1.298072422,0.0188,0.9885,0.1224,0.996
1.299257499,0.0171,0.9868,0.1248,0.995
1.30021296,0.0166,0.9877,0.1246,0.996
1.301093922,0.0161,0.9872,0.1248,0.995
1.302259306,0.0154,0.9870,0.1246,0.995
1.30318696,0.0154,0.9870,0.1244,0.995
1.304230037,0.0161,0.9882,0.1253,0.996
1.305180422,0.0139,0.9868,0.1231,0.995
1.306286345,0.0134,0.9870,0.1231,0.995
1.307382422,0.0132,0.9865,0.1246,0.994
1.308445075,0.0122,0.9848,0.1241,0.993
1.309335537,0.0107,0.9846,0.1229,0.992
1.310377037,0.0090,0.9828,0.1217,0.990
1.311362306,0.0098,0.9816,0.1222,0.989
1.311861152,0.0090,0.9828,0.1217,0.990
1.314408499,0.0068,0.9831,0.1219,0.991
1.316230114,0.0051,0.9833,0.1222,0.991
1.322178806,0.0044,0.9828,0.1217,0.990
1.322917345,0.0034,0.9828,0.1224,0.990
1.323354575,0.0037,0.9831,0.1236,0.991
1.323753075,0.0029,0.9846,0.1234,0.992
1.325451614,0.0022,0.9843,0.1224,0.992
1.327241575,0.0020,0.9824,0.1244,0.990
1.330284652,0.0022,0.9841,0.1256,0.992
1.331414114,0.0017,0.9848,0.1263,0.993
1.333236806,0.0007,0.9843,0.1246,0.992
1.335316114,0.0007,0.9863,0.1248,0.994
1.337314883,0.0015,0.9868,0.1248,0.995
1.339344729,0.0034,0.9870,0.1239,0.995
1.341198037,0.0022,0.9868,0.1234,0.994
1.343235383,0.0017,0.9868,0.1236,0.994
1.345103152,0.0007,0.9885,0.1229,0.996
1.354099383,0.0020,0.9885,0.1229,0.996
1.355336768,0.0029,0.9890,0.1222,0.996
1.356219229,0.0044,0.9882,0.1226,0.996
1.357159883,0.0044,0.9890,0.1222,0.996
1.358752883,0.0046,0.9907,0.1212,0.998
1.359549575,0.0042,0.9904,0.1222,0.998
1.360313268,0.0059,0.9902,0.1234,0.998
1.361239691,0.0066,0.9892,0.1222,0.997
1.378363037,0.0076,0.9894,0.1209,0.997
1.37988046,0.0088,0.9890,0.1207,0.996
1.381051499,0.0103,0.9887,0.1217,0.996
1.382184345,0.0093,0.9890,0.1219,0.996
1.383428075,0.0098,0.9885,0.1231,0.996
1.384587883,0.0098,0.9885,0.1224,0.996
1.385705999,0.0110,0.9875,0.1207,0.995
1.386958922,0.0120,0.9880,0.1192,0.995
1.387882575,0.0117,0.9894,0.1192,0.997
1.388947922,0.0127,0.9887,0.1212,0.996
1.389811729,0.0132,0.9885,0.1197,0.996
1.390972075,0.0132,0.9870,0.1197,0.994
1.391857806,0.0139,0.9865,0.1197,0.994
1.392942614,0.0151,0.9875,0.1202,0.995
1.393804075,0.0169,0.9875,0.1214,0.995
1.394915652,0.0156,0.9853,0.1202,0.993
1.395943229,0.0159,0.9855,0.1202,0.993
1.397136999,0.0166,0.9855,0.1219,0.993
1.400241037,0.0173,0.9853,0.1217,0.993
1.406376268,0.0178,0.9843,0.1209,0.992
1.407553114,0.0178,0.9875,0.1180,0.995
1.408649037,0.0171,0.9885,0.1178,0.996
1.409629037,0.0164,0.9882,0.1195,0.996
1.41077196,0.0169,0.9887,0.1197,0.996
1.411795114,0.0166,0.9877,0.1195,0.995
1.412956614,0.0164,0.9865,0.1212,0.994
1.416102037,0.0164,0.9875,0.1226,0.995
1.417560922,0.0166,0.9872,0.1248,0.995
1.41883046,0.0149,0.9865,0.1305,0.995
1.420557575,0.0142,0.9870,0.1329,0.996
1.422348575,0.0154,0.9877,0.1324,0.997
1.424437191,0.0161,0.9872,0.1312,0.996
1.426307498,0.0159,0.9885,0.1297,0.997
1.428316729,0.0154,0.9882,0.1280,0.997
1.431499075,0.0151,0.9875,0.1246,0.995
1.433008652,0.0161,0.9875,0.1202,0.995
1.434259345,0.0151,0.9877,0.1182,0.995
1.436194537,0.0156,0.9899,0.1138,0.997
1.437976883,0.0154,0.9897,0.1092,0.996
1.439939268,0.0156,0.9904,0.1073,0.996
1.441963537,0.0151,0.9902,0.1024,0.996
1.443884845,0.0139,0.9919,0.1019,0.997
1.445954422,0.0127,0.9931,0.1026,0.998
1.456348691,0.0115,0.9933,0.1065,0.999
1.456927883,0.0110,0.9931,0.1082,0.999
1.457172883,0.0081,0.9951,0.1109,1.001
1.457408268,0.0068,0.9941,0.1143,1.001
1.457636806,0.0083,0.9953,0.1158,1.002
1.457953652,0.0090,0.9955,0.1197,1.003
1.459908537,0.0081,0.9938,0.1207,1.001
1.482664345,0.0086,0.9916,0.1207,0.999
1.483209575,0.0103,0.9929,0.1212,1.000
1.48346396,0.0098,0.9926,0.1217,1.000
1.483689383,0.0083,0.9919,0.1251,1.000
1.483922998,0.0098,0.9897,0.1287,0.998
1.48415246,0.0088,0.9899,0.1331,0.999
1.484379922,0.0093,0.9907,0.1393,1.000
1.484619768,0.0100,0.9904,0.1478,1.001
1.484843498,0.0110,0.9892,0.1529,1.001
1.485071614,0.0125,0.9868,0.1593,1.000
1.485300306,0.0129,0.9870,0.1625,1.000
1.485544652,0.0134,0.9860,0.1630,0.999
1.488697883,0.0139,0.9860,0.1652,1.000
1.48895046,0.0147,0.9850,0.1666,0.999
1.489438652,0.0171,0.9841,0.1688,0.999
1.491373614,0.0183,0.9838,0.1678,0.998
1.493251191,0.0203,0.9846,0.1652,0.999
1.495445845,0.0210,0.9860,0.1625,1.000
1.498159768,0.0205,0.9865,0.1593,0.999
1.499436922,0.0242,0.9833,0.1556,0.996
1.501219883,0.0232,0.9843,0.1495,0.996
1.50342546,0.0227,0.9841,0.1451,0.995
1.505145075,0.0242,0.9836,0.1358,0.993
1.507235422,0.0239,0.9848,0.1307,0.994
1.508964729,0.0235,0.9855,0.1261,0.994
1.511104498,0.0247,0.9855,0.1165,0.993
1.513205422,0.0237,0.9855,0.1124,0.992
1.515735652,0.0220,0.9880,0.1046,0.994
1.517899268,0.0215,0.9890,0.0994,0.994
1.519323229,0.0215,0.9890,0.0972,0.994
1.520957421,0.0193,0.9912,0.0897,0.995
1.523198921,0.0200,0.9912,0.0875,0.995
1.524916191,0.0203,0.9919,0.0826,0.996
1.527387037,0.0213,0.9933,0.0806,0.997
1.529221152,0.0215,0.9938,0.0796,0.997
1.541709037,0.0244,0.9951,0.0792,0.999
1.543439383,0.0252,0.9965,0.0782,1.000
1.545185652,0.0269,0.9963,0.0789,1.000
1.547212652,0.0303,0.9941,0.0816,0.998
1.54762446,0.0305,0.9931,0.0816,0.997
1.547893191,0.0335,0.9955,0.0818,0.999
1.548126075,0.0369,0.9951,0.0843,0.999
1.572026883,0.0379,0.9955,0.0865,1.000
1.572580652,0.0388,0.9955,0.0923,1.001
1.572831845,0.0388,0.9951,0.0985,1.001
1.573080768,0.0396,0.9948,0.1004,1.001
1.573449037,0.0393,0.9958,0.1087,1.002
1.573673037,0.0393,0.9960,0.1131,1.003
1.573902345,0.0398,0.9941,0.1195,1.002
1.574125537,0.0391,0.9919,0.1263,1.001
1.574355421,0.0396,0.9902,0.1295,0.999
1.574638652,0.0401,0.9894,0.1366,1.000
1.574873845,0.0391,0.9892,0.1393,1.000
1.575099537,0.0366,0.9890,0.1444,1.000
1.575320883,0.0379,0.9865,0.1473,0.998
1.575566614,0.0374,0.9843,0.1495,0.996
1.575779152,0.0366,0.9811,0.1534,0.994
1.578328306,0.0371,0.9809,0.1551,0.994
1.578620614,0.0364,0.9797,0.1586,0.993
1.578854191,0.0371,0.9780,0.1595,0.992
1.581239152,0.0371,0.9767,0.1603,0.990
1.582672037,0.0359,0.9770,0.1617,0.991
1.583925229,0.0366,0.9765,0.1637,0.991
1.585907421,0.0366,0.9758,0.1634,0.990
1.587866421,0.0359,0.9745,0.1627,0.989
1.589811806,0.0362,0.9733,0.1625,0.987
1.591928652,0.0359,0.9740,0.1622,0.988
1.593802614,0.0344,0.9745,0.1617,0.988
1.595989921,0.0354,0.9753,0.1605,0.989
1.597890191,0.0359,0.9755,0.1578,0.989
1.600239883,0.0357,0.9758,0.1549,0.989
1.601806152,0.0344,0.9760,0.1532,0.989
1.603935575,0.0322,0.9750,0.1490,0.987
1.605863383,0.0320,0.9755,0.1468,0.987
1.607836998,0.0320,0.9780,0.1437,0.989
1.60978746,0.0298,0.9780,0.1400,0.988
1.611832614,0.0288,0.9780,0.1380,0.988
1.614304575,0.0286,0.9809,0.1346,0.990
1.615906268,0.0283,0.9802,0.1307,0.989
1.617889998,0.0291,0.9806,0.1285,0.989
1.619716268,0.0271,0.9806,0.1236,0.989
1.621602768,0.0274,0.9809,0.1209,0.989
1.623734114,0.0254,0.9821,0.1182,0.990
1.625633114,0.0232,0.9848,0.1153,0.992
1.62755946,0.0235,0.9850,0.1148,0.992
1.632125498,0.0208,0.9855,0.1134,0.992
1.632609844,0.0181,0.9858,0.1092,0.992
1.633671921,0.0171,0.9850,0.1080,0.991
1.635752229,0.0164,0.9860,0.1082,0.992
1.637385306,0.0164,0.9860,0.1070,0.992
1.639669075,0.0159,0.9865,0.1041,0.992
1.641515729,0.0139,0.9863,0.1053,0.992
1.643425344,0.0112,0.9858,0.1068,0.992
1.645209729,0.0098,0.9863,0.1055,0.992
1.651561037,0.0100,0.9875,0.1051,0.993
1.652345691,0.0078,0.9868,0.1060,0.992
1.652730883,0.0064,0.9870,0.1077,0.993
1.653426268,0.0068,0.9877,0.1085,0.994
1.659234344,0.0051,0.9897,0.1092,0.996
1.659877806,0.0042,0.9916,0.1099,0.998
1.660261037,0.0037,0.9919,0.1092,0.998
1.661376268,0.0042,0.9914,0.1099,0.997
1.676549998,0.0042,0.9919,0.1109,0.998
1.677294152,0.0034,0.9936,0.1134,1.000
1.677681421,0.0012,0.9931,0.1178,1.000
1.678042152,0.0005,0.9936,0.1185,1.001
1.678396191,-0.0007,0.9951,0.1229,1.003
1.678794614,-0.0012,0.9955,0.1295,1.004
1.679146037,-0.0015,0.9941,0.1324,1.003
1.679500191,-0.0029,0.9926,0.1385,1.002
1.679855691,-0.0037,0.9926,0.1407,1.003
1.685537652,-0.0022,0.9938,0.1451,1.004
1.686241229,-0.0027,0.9938,0.1456,1.004
1.686724152,-0.0032,0.9931,0.1454,1.004
1.687107575,-0.0029,0.9921,0.1444,1.003
1.689231768,-0.0027,0.9924,0.1434,1.003
1.690978883,-0.0039,0.9914,0.1417,1.001
1.692763537,-0.0059,0.9899,0.1405,1.000
1.694798921,-0.0044,0.9902,0.1405,1.000
1.698039998,-0.0020,0.9899,0.1405,1.000
1.698843768,-0.0042,0.9907,0.1407,1.001
1.700616075,-0.0044,0.9924,0.1410,1.002
1.702583537,-0.0056,0.9924,0.1407,1.002
1.704875883,-0.0051,0.9907,0.1397,1.000
1.706425691,-0.0027,0.9907,0.1371,1.000
1.708582575,-0.0012,0.9909,0.1361,1.000
1.710545114,-0.0002,0.9899,0.1358,0.999
1.712689191,0.0005,0.9904,0.1351,1.000
1.715046883,0.0010,0.9912,0.1346,1.000
1.716409383,-0.0005,0.9894,0.1297,0.998
1.718475691,0.0005,0.9880,0.1290,0.996
1.72020396,0.0002,0.9882,0.1275,0.996
1.722079883,0.0010,0.9894,0.1261,0.997
1.724406729,0.0012,0.9892,0.1244,0.997
1.726116575,0.0010,0.9877,0.1224,0.995
1.728088114,0.0017,0.9892,0.1190,0.996
1.730217037,0.0020,0.9899,0.1185,0.997
1.732919383,0.0027,0.9902,0.1185,0.997
1.734201383,0.0049,0.9897,0.1190,0.997
1.736159306,0.0049,0.9907,0.1175,0.998
1.737970575,0.0054,0.9887,0.1165,0.996
1.739923498,0.0059,0.9880,0.1178,0.995
1.741857421,0.0076,0.9904,0.1182,0.997
1.743973383,0.0081,0.9904,0.1190,0.998
1.745799614,0.0088,0.9909,0.1192,0.998
1.754823921,0.0110,0.9897,0.1180,0.997
1.756486806,0.0122,0.9890,0.1178,0.996
1.757227844,0.0137,0.9897,0.1182,0.997
1.758070498,0.0139,0.9897,0.1192,0.997
1.758866767,0.0144,0.9902,0.1209,0.998
1.759684037,0.0149,0.9909,0.1239,0.999
1.760503267,0.0142,0.9909,0.1236,0.999
1.761782652,0.0154,0.9916,0.1253,1.000
1.764994767,0.0173,0.9894,0.1278,0.998
1.766200537,0.0169,0.9899,0.1292,0.998
1.783923152,0.0173,0.9904,0.1307,0.999
1.785381575,0.0156,0.9914,0.1329,1.000
1.786253652,0.0151,0.9904,0.1331,0.999
1.787209075,0.0151,0.9899,0.1329,0.999
1.78822546,0.0151,0.9890,0.1339,0.998
1.789200037,0.0134,0.9897,0.1344,0.999
1.790323921,0.0117,0.9890,0.1353,0.998
1.79124546,0.0125,0.9890,0.1356,0.998
1.792135037,0.0137,0.9909,0.1373,1.000
1.79283846,0.0127,0.9892,0.1344,0.998
1.793770883,0.0122,0.9887,0.1349,0.998
1.794445998,0.0105,0.9912,0.1356,1.000
1.795631614,0.0117,0.9892,0.1349,0.998
1.796408344,0.0125,0.9890,0.1351,0.998
1.797367806,0.0122,0.9875,0.1346,0.997
1.798562921,0.0120,0.9872,0.1346,0.996
1.801125498,0.0110,0.9887,0.1336,0.998
1.802591998,0.0125,0.9880,0.1344,0.997
1.803653383,0.0127,0.9887,0.1341,0.998
1.80537096,0.0147,0.9882,0.1341,0.997
1.807321498,0.0142,0.9882,0.1331,0.997
1.809246575,0.0147,0.9890,0.1329,0.998
1.811483498,0.0166,0.9882,0.1314,0.997
1.813168421,0.0171,0.9875,0.1300,0.996
1.816013614,0.0178,0.9865,0.1278,0.995
1.817514114,0.0183,0.9868,0.1287,0.995
1.819319921,0.0176,0.9865,0.1278,0.995
1.821014729,0.0178,0.9858,0.1278,0.994
1.823149344,0.0183,0.9860,0.1275,0.994
1.825072344,0.0193,0.9865,0.1270,0.995
1.82708646,0.0210,0.9875,0.1270,0.996
1.82895646,0.0213,0.9865,0.1268,0.995
1.831425306,0.0198,0.9860,0.1266,0.994
1.833879306,0.0203,0.9850,0.1273,0.993
1.836710614,0.0213,0.9850,0.1273,0.993
1.837816614,0.0215,0.9870,0.1268,0.995
1.839095229,0.0215,0.9858,0.1275,0.994
1.840735267,0.0213,0.9850,0.1273,0.993
1.842865037,0.0225,0.9858,0.1278,0.994
1.844890498,0.0232,0.9853,0.1287,0.994
1.847147075,0.0239,0.9838,0.1302,0.993
1.85689796,0.0244,0.9828,0.1297,0.992
1.858418498,0.0249,0.9831,0.1317,0.992
1.859582306,0.0254,0.9821,0.1336,0.991
1.86076569,0.0249,0.9828,0.1344,0.992
1.861725306,0.0242,0.9824,0.1349,0.992
1.862967114,0.0264,0.9831,0.1346,0.993
1.863289306,0.0266,0.9833,0.1341,0.993
1.86353369,0.0259,0.9826,0.1366,0.992
1.877626075,0.0257,0.9838,0.1366,0.994
1.878053075,0.0264,0.9843,0.1390,0.994
1.878301152,0.0281,0.9826,0.1397,0.993
1.878566383,0.0283,0.9831,0.1390,0.993
1.878798306,0.0283,0.9836,0.1390,0.994
1.879026383,0.0276,0.9831,0.1385,0.993
1.879263767,0.0266,0.9831,0.1393,0.993
1.879479537,0.0261,0.9838,0.1402,0.994
1.880297767,0.0259,0.9838,0.1402,0.994
1.885130075,0.0264,0.9848,0.1410,0.995
1.885587267,0.0261,0.9860,0.1417,0.996
1.886006537,0.0259,0.9853,0.1405,0.996
1.887970229,0.0259,0.9846,0.1415,0.995
1.889999306,0.0261,0.9848,0.1427,0.995
1.89206719,0.0257,0.9863,0.1427,0.997
1.893957075,0.0247,0.9875,0.1407,0.998
1.896032921,0.0244,0.9868,0.1395,0.997
1.898630921,0.0264,0.9853,0.1415,0.996
1.899997844,0.0254,0.9850,0.1415,0.995
1.901947921,0.0239,0.9850,0.1424,0.996
1.903790114,0.0225,0.9868,0.1419,0.997
1.906231883,0.0222,0.9863,0.1410,0.997
1.908106421,0.0217,0.9877,0.1400,0.998
1.910011537,0.0222,0.9870,0.1405,0.997
1.911902421,0.0213,0.9870,0.1405,0.997
1.913858152,0.0208,0.9853,0.1395,0.995
1.916670037,0.0215,0.9865,0.1397,0.997
1.917683575,0.0222,0.9858,0.1397,0.996
1.919804498,0.0213,0.9865,0.1390,0.996
1.921761267,0.0215,0.9860,0.1385,0.996
1.92362569,0.0215,0.9850,0.1366,0.995
1.925630267,0.0213,0.9868,0.1371,0.996
1.927705383,0.0213,0.9868,0.1368,0.996
1.929659729,0.0205,0.9863,0.1375,0.996
1.938806229,0.0208,0.9875,0.1388,0.997
1.940159037,0.0217,0.9877,0.1361,0.997
1.940949767,0.0213,0.9863,0.1363,0.996
1.941794229,0.0220,0.9855,0.1361,0.995
1.942810075,0.0220,0.9846,0.1356,0.994
1.944562344,0.0227,0.9843,0.1349,0.994
1.945408152,0.0252,0.9833,0.1351,0.993
1.946466383,0.0252,0.9843,0.1371,0.994
1.960379998,0.0244,0.9850,0.1375,0.995
1.961888575,0.0230,0.9853,0.1380,0.995
1.962888729,0.0220,0.9850,0.1368,0.995
1.96386646,0.0215,0.9855,0.1375,0.995
1.965049998,0.0235,0.9850,0.1368,0.995
1.966271883,0.0239,0.9836,0.1366,0.993
1.967550075,0.0237,0.9850,0.1390,0.995
1.968714883,0.0225,0.9853,0.1407,0.996
1.969804883,0.0217,0.9846,0.1405,0.995
1.970736729,0.0242,0.9848,0.1407,0.995
1.971705998,0.0227,0.9863,0.1412,0.997
1.972388844,0.0225,0.9858,0.1422,0.996
1.973353267,0.0225,0.9858,0.1419,0.996
1.974122998,0.0227,0.9860,0.1417,0.996
1.975227306,0.0208,0.9850,0.1427,0.996
1.977713613,0.0217,0.9860,0.1415,0.996
1.979331844,0.0215,0.9870,0.1432,0.998
1.981246806,0.0210,0.9865,0.1427,0.997
1.983506075,0.0213,0.9848,0.1410,0.995
1.985594229,0.0217,0.9843,0.1419,0.995
1.987213344,0.0215,0.9855,0.1424,0.996
1.989165229,0.0210,0.9863,0.1419,0.997
1.991374575,0.0200,0.9850,0.1415,0.995
1.99301796,0.0205,0.9863,0.1415,0.997
1.995221767,0.0205,0.9863,0.1415,0.997
1.997034344,0.0198,0.9872,0.1405,0.997
2.000132344,0.0193,0.9872,0.1371,0.997
2.001673652,0.0188,0.9863,0.1371,0.996
2.002747652,0.0171,0.9870,0.1366,0.997
2.004732113,0.0176,0.9870,0.1373,0.997
2.006859883,0.0176,0.9877,0.1383,0.998
2.008837729,0.0164,0.9860,0.1383,0.996
2.010701229,0.0154,0.9860,0.1385,0.996
2.012959344,0.0169,0.9875,0.1397,0.997
2.015600267,0.0159,0.9872,0.1407,0.997
2.016782306,0.0154,0.9860,0.1419,0.996
2.019458767,0.0156,0.9858,0.1422,0.996
2.02103846,0.0156,0.9863,0.1419,0.997
2.023092037,0.0173,0.9870,0.1410,0.997
2.024695344,0.0169,0.9880,0.1400,0.998
2.026455498,0.0176,0.9882,0.1373,0.998
2.028659075,0.0176,0.9868,0.1314,0.996
2.03060519,0.0188,0.9855,0.1287,0.994
2.034621306,0.0200,0.9858,0.1256,0.994
2.036130037,0.0178,0.9863,0.1229,0.994
2.037245498,0.0178,0.9863,0.1219,0.994
2.03831346,0.0193,0.9868,0.1195,0.994
2.040446729,0.0193,0.9860,0.1170,0.993
2.04205196,0.0193,0.9870,0.1163,0.994
2.044203037,0.0186,0.9907,0.1173,0.998
2.046136613,0.0171,0.9912,0.1200,0.999
2.056743536,0.0154,0.9924,0.1258,1.000
2.05759146,0.0142,0.9921,0.1283,1.000
2.058014652,0.0139,0.9909,0.1319,1.000
2.05842869,0.0159,0.9899,0.1344,0.999
2.058926344,0.0154,0.9890,0.1351,0.998
2.059334229,0.0147,0.9877,0.1356,0.997
2.060201267,0.0169,0.9885,0.1356,0.998
2.061917267,0.0161,0.9887,0.1353,0.998
2.064241575,0.0161,0.9872,0.1397,0.997
2.080497113,0.0171,0.9863,0.1434,0.997
2.082076421,0.0161,0.9858,0.1483,0.997
2.08336169,0.0156,0.9846,0.1544,0.997
2.084468229,0.0164,0.9846,0.1598,0.998
2.08548596,0.0137,0.9843,0.1666,0.998
2.086465921,0.0134,0.9833,0.1735,0.999
2.087616883,0.0147,0.9831,0.1749,0.999
2.088755383,0.0154,0.9828,0.1769,0.999
2.089567767,0.0176,0.9824,0.1788,0.999
2.09040669,0.0195,0.9816,0.1810,0.998
2.091445113,0.0215,0.9811,0.1791,0.998
2.09232269,0.0210,0.9804,0.1779,0.997
2.093034613,0.0239,0.9789,0.1754,0.995
2.094000998,0.0247,0.9777,0.1698,0.993
2.095079344,0.0254,0.9782,0.1666,0.993
2.096160113,0.0252,0.9782,0.1608,0.992
2.097645575,0.0257,0.9792,0.1573,0.992
2.101188652,0.0261,0.9792,0.1483,0.991
2.102927344,0.0252,0.9780,0.1424,0.989
2.104008998,0.0235,0.9784,0.1390,0.989
2.105672113,0.0213,0.9802,0.1327,0.989
2.107981344,0.0232,0.9833,0.1244,0.991
2.109498921,0.0230,0.9848,0.1212,0.992
2.111886613,0.0208,0.9855,0.1148,0.992
2.113228844,0.0200,0.9860,0.1129,0.993
2.115702075,0.0191,0.9858,0.1075,0.992
2.118814806,0.0176,0.9875,0.1033,0.993
2.120237729,0.0186,0.9894,0.1014,0.995
2.120898729,0.0186,0.9897,0.0992,0.995
2.123589613,0.0171,0.9897,0.0975,0.995
2.125244575,0.0166,0.9894,0.0960,0.994
2.127699036,0.0188,0.9916,0.0965,0.997
2.12912646,0.0191,0.9907,0.0970,0.996
2.131708075,0.0205,0.9899,0.0960,0.995
2.133958421,0.0215,0.9899,0.0972,0.995
2.135036998,0.0220,0.9909,0.0985,0.996
2.138071344,0.0232,0.9914,0.1016,0.997
2.139654113,0.0244,0.9912,0.1021,0.997
2.141112421,0.0252,0.9924,0.1046,0.998
2.143722806,0.0254,0.9916,0.1090,0.998
2.144831306,0.0249,0.9914,0.1107,0.998
2.146918844,0.0244,0.9899,0.1136,0.997
2.154002613,0.0237,0.9902,0.1163,0.997
2.154893498,0.0225,0.9897,0.1212,0.997
2.155341806,0.0215,0.9904,0.1261,0.999
2.155772267,0.0208,0.9909,0.1292,1.000
2.15686219,0.0188,0.9916,0.1349,1.001
2.158843652,0.0156,0.9924,0.1415,1.003
2.161189729,0.0156,0.9919,0.1451,1.003
2.162805806,0.0139,0.9916,0.1532,1.003
2.164845267,0.0132,0.9912,0.1561,1.003
2.17471169,0.0115,0.9897,0.1612,1.003
2.175584267,0.0090,0.9877,0.1647,1.001
2.176015652,0.0088,0.9877,0.1654,1.002
2.176421613,0.0095,0.9870,0.1666,1.001
2.176824883,0.0073,0.9875,0.1715,1.002
2.17724269,0.0066,0.9868,0.1730,1.002
2.178379921,0.0071,0.9863,0.1737,1.001
2.180247998,0.0076,0.9865,0.1725,1.002
2.182949729,0.0110,0.9872,0.1742,1.003
2.184837036,0.0112,0.9872,0.1732,1.002
2.186312344,0.0110,0.9875,0.1722,1.002
2.18838119,0.0127,0.9863,0.1698,1.001
2.190090383,0.0139,0.9860,0.1686,1.000
2.192245575,0.0156,0.9870,0.1652,1.001
2.194155959,0.0144,0.9882,0.1639,1.002
2.196494459,0.0147,0.9872,0.1620,1.001
2.199444344,0.0164,0.9880,0.1581,1.001
2.200610921,0.0139,0.9897,0.1542,1.002
2.203251883,0.0147,0.9902,0.1510,1.002
2.205702036,0.0147,0.9919,0.1463,1.003
2.207012883,0.0147,0.9924,0.1451,1.003
2.208170921,0.0147,0.9919,0.1422,1.002
2.210079421,0.0154,0.9929,0.1380,1.003
2.212023421,0.0151,0.9938,0.1361,1.003
2.214229652,0.0149,0.9943,0.1334,1.003
2.217444806,0.0161,0.9929,0.1295,1.001
2.219102729,0.0164,0.9931,0.1285,1.002
2.220997113,0.0156,0.9921,0.1258,1.000
2.222112613,0.0154,0.9929,0.1251,1.001
2.223987113,0.0169,0.9931,0.1214,1.001
2.225877844,0.0181,0.9926,0.1197,1.000
2.227810383,0.0178,0.9926,0.1197,1.000
2.229912267,0.0183,0.9912,0.1187,0.998
2.240446344,0.0193,0.9892,0.1187,0.996
2.241937959,0.0195,0.9880,0.1190,0.995
2.242960459,0.0195,0.9872,0.1185,0.995
2.244039613,0.0210,0.9885,0.1185,0.996
2.245339575,0.0235,0.9875,0.1180,0.995
2.246054921,0.0242,0.9848,0.1207,0.992
2.246474459,0.0249,0.9848,0.1219,0.993
2.246950959,0.0254,0.9868,0.1251,0.995
2.247365959,0.0259,0.9855,0.1256,0.994
2.26145419,0.0264,0.9838,0.1268,0.992
2.262319267,0.0274,0.9816,0.1273,0.990
2.262833036,0.0269,0.9802,0.1273,0.989
2.263258113,0.0281,0.9792,0.1270,0.988
2.263665921,0.0283,0.9794,0.1273,0.988
2.264065998,0.0283,0.9797,0.1283,0.988
2.264463344,0.0276,0.9760,0.1302,0.985
2.264869036,0.0269,0.9753,0.1302,0.984
2.270486421,0.0274,0.9777,0.1334,0.987
2.271449729,0.0252,0.9775,0.1366,0.987
2.271881575,0.0242,0.9762,0.1383,0.986
2.272314882,0.0249,0.9760,0.1429,0.987
2.273404921,0.0235,0.9767,0.1476,0.988
2.275456036,0.0237,0.9762,0.1495,0.988
2.277292806,0.0217,0.9782,0.1554,0.991
2.279709344,0.0210,0.9777,0.1566,0.990
2.281331421,0.0195,0.9755,0.1581,0.988
2.284569229,0.0208,0.9775,0.1583,0.990
2.28601969,0.0203,0.9765,0.1576,0.989
2.287357152,0.0183,0.9762,0.1564,0.989
2.289114113,0.0193,0.9758,0.1549,0.988
2.291232306,0.0200,0.9760,0.1542,0.988
2.293244421,0.0195,0.9767,0.1532,0.989
2.295267152,0.0183,0.9753,0.1527,0.987
2.297205613,0.0151,0.9750,0.1498,0.987
2.300370267,0.0125,0.9770,0.1500,0.989
2.301978613,0.0117,0.9777,0.1505,0.989
2.303253498,0.0120,0.9772,0.1488,0.989
2.305043613,0.0147,0.9792,0.1461,0.990
2.307071613,0.0149,0.9797,0.1476,0.991
2.309034267,0.0154,0.9804,0.1495,0.992
2.310889459,0.0142,0.9809,0.1476,0.992
2.312997459,0.0154,0.9804,0.1456,0.991
2.314921229,0.0147,0.9816,0.1441,0.992
2.31803919,0.0134,0.9816,0.1434,0.992
2.319598459,0.0144,0.9824,0.1407,0.992
2.320784267,0.0147,0.9836,0.1393,0.993
2.322596613,0.0147,0.9836,0.1378,0.993
2.324766652,0.0161,0.9848,0.1358,0.994
2.326404844,0.0166,0.9858,0.1346,0.995
2.32862469,0.0166,0.9875,0.1324,0.996
2.330389959,0.0171,0.9877,0.1327,0.997
2.333548613,0.0173,0.9868,0.1331,0.996
2.335212959,0.0183,0.9877,0.1331,0.997
2.336618882,0.0186,0.9890,0.1339,0.998
2.338435536,0.0198,0.9894,0.1334,0.999
2.340625036,0.0227,0.9904,0.1324,0.999
2.342125306,0.0242,0.9912,0.1327,1.000
2.344432036,0.0247,0.9924,0.1327,1.002
2.34612819,0.0257,0.9933,0.1334,1.003
2.34818469,0.0271,0.9948,0.1346,1.004
2.358595767,0.0286,0.9914,0.1346,1.001
2.360106806,0.0291,0.9914,0.1358,1.001
2.36099269,0.0308,0.9916,0.1353,1.001
2.362156729,0.0305,0.9926,0.1344,1.002
2.36333219,0.0305,0.9924,0.1356,1.002
2.364473459,0.0325,0.9914,0.1346,1.001
2.365490113,0.0320,0.9919,0.1361,1.002
2.366551959,0.0303,0.9914,0.1393,1.002
2.368056806,0.0303,0.9912,0.1405,1.002
2.36911219,0.0291,0.9931,0.1402,1.003
2.381233921,0.0286,0.9938,0.1434,1.005
2.381968229,0.0279,0.9936,0.1429,1.004
2.382309113,0.0283,0.9936,0.1427,1.004
2.383373344,0.0254,0.9924,0.1422,1.003
2.38396969,0.0244,0.9916,0.1419,1.002
2.384345113,0.0254,0.9912,0.1437,1.002
2.384706382,0.0249,0.9919,0.1456,1.003
2.385092459,0.0222,0.9926,0.1473,1.004
2.385459305,0.0213,0.9904,0.1478,1.002
2.387734536,0.0203,0.9909,0.1485,1.002
2.389720767,0.0200,0.9907,0.1473,1.002
2.391676498,0.0191,0.9919,0.1488,1.003
2.393414459,0.0173,0.9921,0.1500,1.004
2.395723036,0.0176,0.9912,0.1517,1.003
2.397425344,0.0176,0.9912,0.1515,1.003
2.400040382,0.0171,0.9904,0.1495,1.002
2.401640498,0.0164,0.9904,0.1471,1.001
2.406767575,0.0166,0.9912,0.1466,1.002
2.407847959,0.0151,0.9924,0.1476,1.003
2.40999819,0.0149,0.9904,0.1463,1.001
2.410623767,0.0142,0.9902,0.1476,1.001
2.411881075,0.0137,0.9904,0.1463,1.001
2.41358319,0.0132,0.9904,0.1461,1.001
2.416644267,0.0120,0.9897,0.1454,1.000
2.417317998,0.0117,0.9892,0.1441,1.000
2.419447036,0.0112,0.9894,0.1432,1.000
2.421507844,0.0127,0.9892,0.1424,0.999
2.423657998,0.0110,0.9894,0.1422,1.000
2.425751805,0.0107,0.9894,0.1412,1.000
2.427136075,0.0090,0.9872,0.1397,0.997
2.428902382,0.0095,0.9870,0.1405,0.997
2.431023882,0.0110,0.9872,0.1410,0.997
2.432914267,0.0125,0.9872,0.1397,0.997
2.434943152,0.0120,0.9860,0.1400,0.996
2.43691369,0.0120,0.9863,0.1395,0.996
2.438857959,0.0115,0.9853,0.1383,0.995
2.440915767,0.0117,0.9846,0.1373,0.994
2.443223113,0.0132,0.9836,0.1378,0.993
2.444943382,0.0142,0.9843,0.1380,0.994
2.446904075,0.0127,0.9828,0.1383,0.993
2.452089036,0.0125,0.9828,0.1380,0.993
2.452626998,0.0120,0.9824,0.1378,0.992
2.452870536,0.0132,0.9809,0.1371,0.991
2.454945344,0.0144,0.9802,0.1373,0.990
2.456783844,0.0149,0.9787,0.1373,0.988
2.458839536,0.0137,0.9787,0.1385,0.989
2.460770959,0.0139,0.9789,0.1388,0.989
2.462636844,0.0137,0.9772,0.1402,0.987
2.464637882,0.0142,0.9762,0.1395,0.986
2.479492459,0.0139,0.9770,0.1410,0.987
2.480667498,0.0142,0.9753,0.1407,0.985
2.481522921,0.0149,0.9750,0.1410,0.985
2.482284382,0.0142,0.9753,0.1405,0.985
2.483330536,0.0149,0.9755,0.1410,0.986
2.484428421,0.0151,0.9753,0.1407,0.985
2.485438498,0.0159,0.9772,0.1400,0.987
2.486548613,0.0161,0.9789,0.1397,0.989
2.487540305,0.0147,0.9782,0.1412,0.988
2.488389998,0.0144,0.9782,0.1415,0.988
2.489178305,0.0161,0.9784,0.1415,0.989
2.489798421,0.0164,0.9784,0.1422,0.989
2.490862805,0.0161,0.9797,0.1422,0.990
2.493366382,0.0154,0.9799,0.1419,0.990
2.494879536,0.0156,0.9811,0.1439,0.992
2.49656319,0.0171,0.9816,0.1444,0.992
2.498397498,0.0171,0.9841,0.1432,0.995
2.501601613,0.0181,0.9838,0.1419,0.994
2.503381882,0.0178,0.9838,0.1434,0.994
2.504639921,0.0183,0.9858,0.1429,0.996
2.506207075,0.0195,0.9863,0.1424,0.997
2.508266305,0.0188,0.9872,0.1429,0.998
2.510135805,0.0188,0.9870,0.1422,0.997
2.512422613,0.0183,0.9870,0.1419,0.997
2.514306767,0.0176,0.9880,0.1434,0.998
2.517425575,0.0176,0.9894,0.1429,1.000
2.519025113,0.0183,0.9909,0.1437,1.001
2.520095498,0.0188,0.9902,0.1437,1.001
2.522348844,0.0191,0.9912,0.1419,1.001
2.523983267,0.0188,0.9916,0.1422,1.002
2.525866652,0.0203,0.9907,0.1422,1.001
2.528017728,0.0203,0.9916,0.1429,1.002
2.529949498,0.0203,0.9924,0.1434,1.003
2.533084228,0.0217,0.9929,0.1434,1.003
2.534207536,0.0210,0.9936,0.1434,1.004
2.536727267,0.0193,0.9931,0.1437,1.004
2.538242613,0.0186,0.9929,0.1434,1.003
2.540098613,0.0195,0.9938,0.1412,1.004
2.541742228,0.0222,0.9931,0.1432,1.004
2.543860921,0.0222,0.9941,0.1429,1.005
2.545766228,0.0210,0.9948,0.1437,1.005
2.547760844,0.0225,0.9941,0.1444,1.005
2.557328613,0.0230,0.9929,0.1444,1.004
2.558831613,0.0200,0.9919,0.1444,1.003
2.559857267,0.0215,0.9909,0.1434,1.001
2.560988267,0.0210,0.9914,0.1434,1.002
2.561918075,0.0215,0.9931,0.1429,1.004
2.562975882,0.0213,0.9931,0.1434,1.004
2.563278459,0.0215,0.9933,0.1437,1.004
2.563518498,0.0215,0.9912,0.1427,1.002
2.565658767,0.0213,0.9902,0.1432,1.001
2.580098305,0.0215,0.9887,0.1439,0.999
2.580657459,0.0213,0.9887,0.1437,0.999
2.580917228,0.0213,0.9894,0.1432,1.000
2.581166728,0.0222,0.9877,0.1444,0.998
2.581394767,0.0217,0.9882,0.1439,0.999
2.581621728,0.0198,0.9882,0.1432,0.999
2.581844767,0.0195,0.9870,0.1434,0.998
2.582087382,0.0205,0.9870,0.1434,0.998
2.587933728,0.0205,0.9865,0.1432,0.997
2.588378805,0.0188,0.9868,0.1446,0.997
2.588619305,0.0171,0.9865,0.1427,0.997
2.589034921,0.0176,0.9865,0.1419,0.997
2.591232305,0.0173,0.9870,0.1407,0.997
2.593101882,0.0164,0.9855,0.1432,0.996
2.595083459,0.0164,0.9850,0.1424,0.995
2.596973459,0.0164,0.9841,0.1422,0.994
2.600106805,0.0166,0.9826,0.1444,0.993
2.601235151,0.0161,0.9826,0.1444,0.993
2.603239728,0.0151,0.9824,0.1434,0.993
2.604982151,0.0139,0.9814,0.1441,0.992
2.606927882,0.0139,0.9814,0.1439,0.992
2.608703267,0.0139,0.9816,0.1427,0.992
2.610802421,0.0137,0.9814,0.1417,0.992
2.612957575,0.0127,0.9821,0.1432,0.993
2.614928998,0.0120,0.9833,0.1437,0.994
2.617480536,0.0127,0.9828,0.1434,0.993
2.619324805,0.0132,0.9821,0.1434,0.993
2.620974421,0.0144,0.9806,0.1476,0.992
2.622740959,0.0132,0.9816,0.1468,0.993
2.624735075,0.0139,0.9816,0.1471,0.993
2.626672459,0.0139,0.9811,0.1463,0.992
2.628714575,0.0132,0.9819,0.1471,0.993
2.630725805,0.0134,0.9809,0.1468,0.992
2.633235075,0.0132,0.9806,0.1466,0.992
2.635570305,0.0122,0.9799,0.1459,0.991
2.636642613,0.0127,0.9792,0.1478,0.990
2.639693536,0.0125,0.9806,0.1468,0.992
2.640766459,0.0129,0.9826,0.1480,0.994
2.64273769,0.0132,0.9826,0.1480,0.994
2.64473669,0.0144,0.9811,0.1493,0.993
2.646441459,0.0154,0.9819,0.1490,0.993
2.64855919,0.0166,0.9826,0.1490,0.994
2.657194036,0.0166,0.9828,0.1478,0.994
2.65831969,0.0173,0.9836,0.1471,0.995
2.659268113,0.0171,0.9838,0.1468,0.995
2.66003519,0.0181,0.9838,0.1454,0.995
2.660896998,0.0186,0.9843,0.1454,0.995
2.661655921,0.0183,0.9846,0.1463,0.996
2.662439613,0.0203,0.9863,0.1483,0.998
2.664315075,0.0205,0.9855,0.1480,0.997
2.679124459,0.0215,0.9848,0.1493,0.996
2.680617113,0.0215,0.9853,0.1505,0.997
2.681546767,0.0222,0.9868,0.1515,0.999
2.682672305,0.0217,0.9870,0.1537,0.999
2.683843575,0.0215,0.9882,0.1532,1.000
2.684953767,0.0235,0.9887,0.1532,1.001
2.68608719,0.0230,0.9882,0.1522,1.000
2.687334844,0.0249,0.9875,0.1524,0.999
2.688380498,0.0269,0.9882,0.1500,1.000
2.689113267,0.0254,0.9885,0.1449,0.999
2.689839498,0.0259,0.9902,0.1429,1.001
2.690787728,0.0264,0.9897,0.1397,1.000
2.691655651,0.0254,0.9894,0.1390,0.999
2.69271719,0.0257,0.9902,0.1375,1.000
2.695588151,0.0242,0.9912,0.1322,1.000
2.697060728,0.0259,0.9916,0.1314,1.001
2.698167459,0.0252,0.9904,0.1309,0.999
2.704834421,0.0244,0.9904,0.1309,0.999
2.706376459,0.0230,0.9926,0.1349,1.002
2.70750769,0.0210,0.9909,0.1385,1.001
2.708533228,0.0193,0.9904,0.1390,1.000
2.70964219,0.0186,0.9894,0.1407,1.000
2.710588728,0.0176,0.9899,0.1410,1.000
2.711980613,0.0173,0.9885,0.1412,0.999
2.713623574,0.0173,0.9865,0.1383,0.996
2.715849113,0.0181,0.9865,0.1395,0.996
2.718744767,0.0181,0.9853,0.1415,0.996
2.720297305,0.0159,0.9843,0.1439,0.995
2.721669382,0.0154,0.9838,0.1454,0.995
2.724048074,0.0154,0.9831,0.1507,0.995
2.725523382,0.0149,0.9821,0.1534,0.994
2.727528382,0.0127,0.9828,0.1610,0.996
2.729410074,0.0100,0.9806,0.1656,0.995
2.731491382,0.0105,0.9802,0.1673,0.994
2.741645921,0.0127,0.9797,0.1720,0.995
2.743235882,0.0127,0.9792,0.1749,0.995
2.744595305,0.0125,0.9780,0.1769,0.994
2.745692805,0.0149,0.9762,0.1796,0.993
2.746798036,0.0159,0.9762,0.1803,0.993
2.747445036,0.0188,0.9765,0.1808,0.993
2.747877305,0.0215,0.9762,0.1793,0.993
2.748289074,0.0208,0.9760,0.1774,0.992
2.763626421,0.0208,0.9767,0.1725,0.992
2.76525919,0.0208,0.9765,0.1700,0.991
2.766401613,0.0217,0.9772,0.1649,0.991
2.768193498,0.0208,0.9770,0.1605,0.990
2.769379651,0.0205,0.9782,0.1581,0.991
2.770586344,0.0188,0.9816,0.1510,0.993
2.771673498,0.0183,0.9824,0.1476,0.994
2.772768498,0.0166,0.9816,0.1437,0.992
2.773603498,0.0139,0.9833,0.1375,0.993
2.774379459,0.0127,0.9843,0.1353,0.994
2.775323574,0.0107,0.9865,0.1327,0.995
2.776005998,0.0083,0.9872,0.1292,0.996
2.776850344,0.0066,0.9885,0.1268,0.997
2.777680805,0.0051,0.9916,0.1229,0.999
2.778834959,0.0049,0.9929,0.1222,1.000
2.779598844,0.0042,0.9931,0.1192,1.000
2.782039151,0.0056,0.9926,0.1190,1.000
2.783664498,0.0056,0.9924,0.1195,1.000
2.785062998,0.0059,0.9931,0.1178,1.000
2.78670319,0.0061,0.9929,0.1163,1.000
2.788715959,0.0071,0.9931,0.1170,1.000
2.790713651,0.0103,0.9926,0.1180,1.000
2.792617421,0.0105,0.9929,0.1175,1.000
2.794586459,0.0115,0.9926,0.1180,1.000
2.796732498,0.0142,0.9907,0.1197,0.998
2.798688882,0.0142,0.9902,0.1197,0.997
2.801950574,0.0142,0.9904,0.1207,0.998
2.803394074,0.0142,0.9894,0.1224,0.997
2.804507921,0.0147,0.9909,0.1241,0.999
2.806679882,0.0144,0.9904,0.1283,0.999
2.808737921,0.0151,0.9899,0.1307,0.999
2.81343169,0.0151,0.9904,0.1344,1.000
2.814459228,0.0134,0.9902,0.1393,1.000
2.815393151,0.0127,0.9907,0.1415,1.001
2.816449613,0.0105,0.9902,0.1471,1.001
2.819488613,0.0110,0.9907,0.1510,1.002
2.820977728,0.0105,0.9907,0.1566,1.003
2.822239382,0.0112,0.9899,0.1612,1.003
2.824469844,0.0103,0.9892,0.1637,1.003
2.826320382,0.0093,0.9892,0.1676,1.003
2.828326421,0.0086,0.9868,0.1720,1.002
2.830287113,0.0078,0.9865,0.1735,1.002
2.831996613,0.0093,0.9860,0.1764,1.002
2.834742651,0.0095,0.9865,0.1786,1.003
2.836253959,0.0093,0.9863,0.1798,1.003
2.838070536,0.0078,0.9860,0.1798,1.002
2.840012997,0.0083,0.9860,0.1796,1.002
2.841895074,0.0090,0.9836,0.1808,1.000
2.844122959,0.0115,0.9838,0.1791,1.000
2.846071344,0.0117,0.9850,0.1791,1.001
2.847926728,0.0098,0.9841,0.1769,1.000
2.858321613,0.0100,0.9843,0.1764,1.000
2.859935882,0.0110,0.9833,0.1757,0.999
2.860883882,0.0115,0.9824,0.1715,0.997
2.862155228,0.0107,0.9824,0.1700,0.997
2.86336819,0.0103,0.9846,0.1693,0.999
2.864425036,0.0105,0.9828,0.1676,0.997
2.865303805,0.0110,0.9828,0.1649,0.997
2.866973497,0.0103,0.9824,0.1610,0.996
2.867332728,0.0095,0.9819,0.1605,0.995
2.879097613,0.0088,0.9831,0.1586,0.996
2.879574113,0.0088,0.9828,0.1561,0.995
2.87982069,0.0076,0.9831,0.1549,0.995
2.88004369,0.0073,0.9828,0.1520,0.995
2.880274382,0.0073,0.9828,0.1510,0.994
2.88050069,0.0066,0.9826,0.1493,0.994
2.880732459,0.0083,0.9833,0.1476,0.994
2.881502651,0.0093,0.9821,0.1471,0.993
2.890391613,0.0105,0.9838,0.1461,0.995
2.890959267,0.0098,0.9826,0.1463,0.993
2.891209382,0.0098,0.9826,0.1456,0.993
2.891455613,0.0107,0.9828,0.1449,0.994
2.891683267,0.0112,0.9828,0.1456,0.994
2.893312728,0.0117,0.9828,0.1456,0.994
2.895289536,0.0122,0.9843,0.1463,0.995
2.897380959,0.0137,0.9838,0.1461,0.995
2.899245036,0.0147,0.9819,0.1454,0.993
2.901156459,0.0144,0.9838,0.1456,0.995
2.903141421,0.0142,0.9836,0.1461,0.994
2.905262805,0.0151,0.9826,0.1478,0.994
2.907106882,0.0142,0.9821,0.1488,0.993
2.909053921,0.0149,0.9809,0.1510,0.993
2.911196651,0.0149,0.9809,0.1510,0.993
2.913068113,0.0149,0.9819,0.1507,0.993
2.915062728,0.0173,0.9809,0.1510,0.993
2.918440305,0.0169,0.9799,0.1517,0.992
2.919537574,0.0176,0.9799,0.1529,0.992
2.921527459,0.0164,0.9809,0.1534,0.993
2.923139536,0.0164,0.9809,0.1544,0.993
2.92515619,0.0161,0.9804,0.1551,0.993
2.927057574,0.0166,0.9821,0.1568,0.995
2.929061459,0.0173,0.9821,0.1593,0.995
2.930976997,0.0159,0.9824,0.1632,0.996
2.94148019,0.0147,0.9833,0.1659,0.997
2.943738036,0.0151,0.9846,0.1693,0.999
2.944812151,0.0142,0.9826,0.1720,0.998
2.945842305,0.0142,0.9836,0.1725,0.999
2.946916959,0.0127,0.9843,0.1749,1.000
2.94794669,0.0129,0.9846,0.1754,1.000
2.949322728,0.0142,0.9848,0.1752,1.000
2.950481805,0.0139,0.9841,0.1757,1.000
2.951609728,0.0132,0.9843,0.1757,1.000
2.952646574,0.0137,0.9843,0.1735,1.000
2.953574151,0.0134,0.9843,0.1708,0.999
2.95487519,0.0134,0.9855,0.1698,1.000
2.965733151,0.0132,0.9863,0.1691,1.001
2.966242882,0.0137,0.9848,0.1700,0.999
2.966534228,0.0125,0.9846,0.1678,0.999
2.966773844,0.0125,0.9841,0.1661,0.998
2.966998959,0.0127,0.9846,0.1664,0.999
2.967568382,0.0139,0.9865,0.1647,1.000
2.96926219,0.0149,0.9855,0.1612,0.999
2.97013692,0.0147,0.9853,0.1600,0.998
2.972242036,0.0144,0.9865,0.1588,0.999
2.974164113,0.0149,0.9875,0.1571,1.000
2.976449228,0.0154,0.9875,0.1556,1.000
2.978219036,0.0154,0.9894,0.1527,1.001
2.980383728,0.0147,0.9894,0.1529,1.001
2.982023267,0.0137,0.9887,0.1517,1.000
2.984289497,0.0137,0.9890,0.1507,1.000
2.986219267,0.0149,0.9885,0.1493,1.000
2.988210113,0.0154,0.9885,0.1480,1.000
2.990017344,0.0147,0.9882,0.1478,0.999
2.992335305,0.0137,0.9894,0.1473,1.000
2.99415042,0.0144,0.9897,0.1456,1.000
2.996415651,0.0144,0.9892,0.1451,1.000
2.997988805,0.0151,0.9890,0.1463,1.000
3.001073267,0.0127,0.9887,0.1451,0.999
3.002144997,0.0139,0.9887,0.1451,0.999
3.004185459,0.0151,0.9882,0.1446,0.999
3.005823113,0.0151,0.9877,0.1444,0.998
3.008031113,0.0156,0.9872,0.1434,0.998
3.009860728,0.0169,0.9875,0.1422,0.998
3.011907574,0.0171,0.9875,0.1412,0.998
3.013734305,0.0186,0.9870,0.1427,0.997
3.016013651,0.0186,0.9880,0.1437,0.999
3.018601497,0.0188,0.9860,0.1437,0.997
3.019773959,0.0176,0.9872,0.1441,0.998
3.021660536,0.0161,0.9865,0.1446,0.997
3.02365319,0.0166,0.9853,0.1449,0.996
3.025589959,0.0171,0.9833,0.1451,0.994
3.02758269,0.0171,0.9841,0.1473,0.995
3.029536613,0.0181,0.9833,0.1454,0.994
3.031526536,0.0188,0.9833,0.1463,0.994
3.034599728,0.0183,0.9838,0.1483,0.995
3.035983959,0.0178,0.9853,0.1510,0.997
3.037316497,0.0169,0.9848,0.1520,0.997
3.039572843,0.0173,0.9836,0.1517,0.995
3.041201036,0.0164,0.9828,0.1520,0.995
3.043421036,0.0149,0.9831,0.1520,0.995
3.045369805,0.0156,0.9833,0.1537,0.995
3.04733869,0.0151,0.9836,0.1542,0.996
3.049250343,0.0137,0.9836,0.1537,0.996
3.058086036,0.0137,0.9841,0.1527,0.996
3.059578882,0.0139,0.9846,0.1522,0.996
3.060529805,0.0144,0.9843,0.1532,0.996
3.061346267,0.0142,0.9838,0.1534,0.996
3.062227882,0.0142,0.9855,0.1524,0.997
3.063232767,0.0134,0.9858,0.1510,0.997
3.064107651,0.0139,0.9855,0.1498,0.997
3.065226267,0.0142,0.9865,0.1517,0.998
3.06732269,0.0142,0.9865,0.1517,0.998
3.082715574,0.0137,0.9853,0.1527,0.997
3.08325842,0.0127,0.9865,0.1527,0.998
3.083507728,0.0132,0.9875,0.1510,0.999
3.083733959,0.0134,0.9880,0.1510,1.000
3.083963574,0.0129,0.9892,0.1500,1.001
3.08419842,0.0134,0.9892,0.1490,1.000
3.08443142,0.0137,0.9882,0.1485,0.999
3.08464842,0.0132,0.9877,0.1490,0.999
3.084924805,0.0129,0.9885,0.1493,1.000
3.090252843,0.0122,0.9894,0.1493,1.001
3.090700959,0.0132,0.9885,0.1490,1.000
3.090961228,0.0134,0.9885,0.1500,1.000
3.092718728,0.0134,0.9880,0.1488,0.999
3.094693574,0.0132,0.9887,0.1483,1.000
3.09669269,0.0142,0.9882,0.1463,0.999
3.098611036,0.0149,0.9875,0.1476,0.999
3.101145305,0.0142,0.9865,0.1476,0.998
3.102673382,0.0134,0.9858,0.1454,0.997
3.107093036,0.0129,0.9848,0.1463,0.996
3.10737392,0.0132,0.9838,0.1446,0.994
3.108313151,0.0132,0.9843,0.1446,0.995
3.110360113,0.0134,0.9838,0.1461,0.995
3.112459459,0.0151,0.9838,0.1488,0.995
3.11434042,0.0151,0.9836,0.1483,0.995
3.117840767,0.0142,0.9816,0.1488,0.993
3.118688843,0.0132,0.9814,0.1463,0.992
3.120225343,0.0125,0.9816,0.1459,0.992
3.122164267,0.0132,0.9821,0.1459,0.993
3.124354074,0.0127,0.9816,0.1461,0.993
3.12621419,0.0132,0.9811,0.1473,0.992
3.12834542,0.0132,0.9828,0.1461,0.994
3.129999497,0.0127,0.9824,0.1466,0.993
3.132342497,0.0134,0.9819,0.1473,0.993
3.13512769,0.0147,0.9809,0.1459,0.992
3.13663219,0.0147,0.9809,0.1463,0.992
3.142333113,0.0134,0.9809,0.1463,0.992
3.142679036,0.0137,0.9806,0.1468,0.992
3.142915151,0.0139,0.9799,0.1459,0.991
3.144016959,0.0127,0.9794,0.1441,0.990
3.145940805,0.0120,0.9789,0.1451,0.990
3.14788192,0.0127,0.9809,0.1444,0.992
3.149854574,0.0137,0.9814,0.1432,0.992
3.154130382,0.0142,0.9824,0.1444,0.993
3.154642497,0.0147,0.9819,0.1434,0.992
3.156026536,0.0149,0.9819,0.1437,0.992
3.15789169,0.0134,0.9814,0.1437,0.992
3.15977142,0.0134,0.9836,0.1419,0.994
3.161716997,0.0142,0.9828,0.1412,0.993
3.163741036,0.0125,0.9824,0.1422,0.993
3.165711343,0.0127,0.9843,0.1437,0.995
3.180418574,0.0112,0.9875,0.1446,0.998
3.181676574,0.0112,0.9863,0.1446,0.997
3.182617997,0.0107,0.9848,0.1446,0.995
3.183749074,0.0110,0.9863,0.1439,0.997
3.18494742,0.0110,0.9863,0.1441,0.997
3.186100843,0.0112,0.9860,0.1449,0.997
3.187371266,0.0110,0.9865,0.1454,0.997
3.18855342,0.0110,0.9882,0.1444,0.999
3.189685343,0.0093,0.9877,0.1439,0.998
3.190648459,0.0088,0.9882,0.1473,0.999
3.191800766,0.0095,0.9877,0.1463,0.999
3.192804228,0.0110,0.9875,0.1473,0.998
3.193973805,0.0103,0.9882,0.1488,0.999
3.19529692,0.0098,0.9870,0.1498,0.998
3.196370382,0.0088,0.9877,0.1490,0.999
3.197678882,0.0093,0.9880,0.1488,0.999
3.199550459,0.0100,0.9880,0.1478,0.999
3.203060305,0.0115,0.9882,0.1478,0.999
3.204783843,0.0098,0.9882,0.1498,1.000
3.206168459,0.0105,0.9882,0.1498,1.000
3.207204305,0.0117,0.9877,0.1485,0.999
3.208884151,0.0117,0.9877,0.1485,0.999
3.210997036,0.0117,0.9875,0.1483,0.999
3.212785997,0.0122,0.9887,0.1498,1.000
3.214750843,0.0110,0.9872,0.1490,0.998
3.219008959,0.0112,0.9870,0.1478,0.998
3.219787805,0.0129,0.9863,0.1471,0.997
3.220954651,0.0125,0.9882,0.1478,0.999
3.222720228,0.0120,0.9882,0.1485,0.999
3.224773766,0.0149,0.9872,0.1478,0.998
3.226611343,0.0156,0.9875,0.1473,0.999
3.228540036,0.0147,0.9882,0.1461,0.999
3.230536305,0.0137,0.9870,0.1454,0.998
3.232674266,0.0134,0.9870,0.1437,0.997
3.234477574,0.0144,0.9875,0.1434,0.998
3.236598959,0.0169,0.9875,0.1429,0.998
3.238451959,0.0176,0.9877,0.1427,0.998
3.240532536,0.0171,0.9877,0.1417,0.998
3.242346959,0.0166,0.9880,0.1407,0.998
3.244994805,0.0164,0.9872,0.1375,0.997
3.246275728,0.0173,0.9860,0.1373,0.996
3.248604613,0.0161,0.9860,0.1378,0.996
3.254488382,0.0137,0.9863,0.1380,0.996
3.255084036,0.0149,0.9865,0.1375,0.996
3.255378574,0.0164,0.9880,0.1371,0.998
3.256170228,0.0171,0.9880,0.1358,0.997
3.263204843,0.0178,0.9885,0.1366,0.998
3.264280613,0.0178,0.9872,0.1351,0.997
3.265066882,0.0166,0.9890,0.1368,0.999
3.265348459,0.0166,0.9887,0.1368,0.998
3.266228689,0.0166,0.9875,0.1383,0.997
3.275423651,0.0183,0.9865,0.1380,0.996
3.275996036,0.0183,0.9865,0.1388,0.996
3.276330228,0.0173,0.9870,0.1395,0.997
3.276669382,0.0169,0.9868,0.1410,0.997
3.276999343,0.0156,0.9870,0.1422,0.997
3.278271074,0.0151,0.9875,0.1441,0.998
3.280343189,0.0139,0.9880,0.1446,0.999
3.282198074,0.0125,0.9877,0.1449,0.998
3.285433036,0.0139,0.9875,0.1454,0.998
3.285947382,0.0142,0.9872,0.1451,0.998
3.288174843,0.0144,0.9858,0.1466,0.997
3.290131843,0.0149,0.9868,0.1468,0.998
3.292090959,0.0144,0.9860,0.1483,0.997
3.294636728,0.0151,0.9838,0.1488,0.995
3.29589842,0.0144,0.9853,0.1500,0.997
3.297707574,0.0142,0.9872,0.1495,0.999
3.300121074,0.0151,0.9865,0.1500,0.998
3.302034382,0.0151,0.9875,0.1505,0.999
3.303920343,0.0142,0.9882,0.1517,1.000
3.305786343,0.0125,0.9882,0.1522,1.000
3.307740613,0.0137,0.9872,0.1502,0.999
3.309806305,0.0127,0.9870,0.1500,0.998
3.311793651,0.0137,0.9870,0.1498,0.998
3.313582613,0.0144,0.9868,0.1515,0.998
3.315802689,0.0151,0.9855,0.1507,0.997
3.320479305,0.0164,0.9846,0.1498,0.996
3.321352036,0.0164,0.9853,0.1485,0.997
3.322104036,0.0159,0.9855,0.1478,0.997
3.323501574,0.0169,0.9838,0.1476,0.995
3.325645728,0.0159,0.9838,0.1478,0.995
3.327601113,0.0154,0.9850,0.1461,0.996
3.32945892,0.0169,0.9858,0.1459,0.997
3.331457305,0.0166,0.9858,0.1461,0.997
3.333435305,0.0171,0.9860,0.1461,0.997
3.336636343,0.0186,0.9858,0.1454,0.997
3.337965266,0.0176,0.9860,0.1449,0.997
3.339250036,0.0166,0.9858,0.1417,0.996
3.341176805,0.0171,0.9853,0.1412,0.996
3.343266728,0.0173,0.9843,0.1410,0.995
3.345122305,0.0191,0.9848,0.1395,0.995
3.347130459,0.0191,0.9846,0.1400,0.995
3.349010612,0.0181,0.9841,0.1395,0.994
3.358324959,0.0193,0.9831,0.1390,0.993
3.35979842,0.0183,0.9841,0.1383,0.994
3.360755189,0.0193,0.9863,0.1358,0.996
3.361702805,0.0200,0.9855,0.1368,0.995
3.362855959,0.0195,0.9853,0.1366,0.995
3.363813997,0.0176,0.9838,0.1378,0.994
3.364514612,0.0173,0.9833,0.1375,0.993
3.365470382,0.0161,0.9846,0.1400,0.995
3.378802651,0.0159,0.9853,0.1402,0.995
3.379371959,0.0156,0.9850,0.1422,0.995
3.379616805,0.0164,0.9846,0.1456,0.995
3.379847382,0.0161,0.9841,0.1466,0.995
3.380087228,0.0186,0.9833,0.1451,0.994
3.380303189,0.0191,0.9838,0.1444,0.995
3.380525497,0.0188,0.9838,0.1432,0.994
3.380756497,0.0188,0.9824,0.1397,0.992
3.382654689,0.0181,0.9826,0.1393,0.993
3.387221189,0.0205,0.9841,0.1341,0.993
3.387688228,0.0220,0.9833,0.1292,0.992
3.388633728,0.0210,0.9846,0.1278,0.993
3.390618882,0.0200,0.9853,0.1239,0.993
3.392642959,0.0213,0.9853,0.1209,0.993
3.39458742,0.0220,0.9860,0.1217,0.994
3.396695382,0.0188,0.9885,0.1268,0.997
3.39847192,0.0191,0.9892,0.1268,0.997
3.401724689,0.0176,0.9897,0.1309,0.998
3.40315442,0.0164,0.9921,0.1353,1.001
3.404452343,0.0173,0.9921,0.1373,1.002
3.40646042,0.0171,0.9924,0.1375,1.002
3.40853692,0.0181,0.9919,0.1393,1.002
3.41234792,0.0188,0.9916,0.1385,1.001
3.412592574,0.0178,0.9912,0.1385,1.001
3.414421574,0.0181,0.9907,0.1390,1.001
3.41644792,0.0161,0.9914,0.1417,1.002
3.418606151,0.0154,0.9894,0.1459,1.000
3.420389189,0.0159,0.9902,0.1490,1.001
3.422252766,0.0176,0.9902,0.1537,1.002
3.424246612,0.0176,0.9902,0.1571,1.003
3.426287382,0.0188,0.9880,0.1637,1.002
3.428255536,0.0193,0.9868,0.1700,1.001
3.430243959,0.0210,0.9863,0.1737,1.002
3.432215728,0.0225,0.9850,0.1757,1.001
3.435125459,0.0220,0.9860,0.1788,1.002
3.436344651,0.0225,0.9853,0.1796,1.002
3.439306959,0.0247,0.9841,0.1815,1.001
3.440056459,0.0264,0.9833,0.1815,1.000
3.442192382,0.0271,0.9826,0.1764,0.999
3.444281343,0.0274,0.9831,0.1754,0.999
3.445962728,0.0281,0.9821,0.1749,0.998
3.448101228,0.0298,0.9806,0.1713,0.996
3.450241959,0.0283,0.9811,0.1639,0.995
3.459646228,0.0274,0.9811,0.1603,0.995
3.460812228,0.0281,0.9819,0.1522,0.994
3.461755189,0.0271,0.9814,0.1490,0.993
3.462783112,0.0257,0.9828,0.1410,0.993
3.46360892,0.0232,0.9824,0.1361,0.992
3.464963728,0.0227,0.9828,0.1331,0.992
3.465770305,0.0195,0.9855,0.1256,0.994
3.466651843,0.0161,0.9853,0.1212,0.993
3.486064343,0.0151,0.9853,0.1195,0.993
3.487803689,0.0134,0.9858,0.1151,0.993
3.489084189,0.0132,0.9855,0.1138,0.992
3.490286843,0.0127,0.9875,0.1102,0.994
3.491492728,0.0115,0.9872,0.1068,0.993
3.492561882,0.0110,0.9880,0.1070,0.994
3.493784151,0.0100,0.9890,0.1063,0.995
3.494602266,0.0090,0.9899,0.1055,0.996
3.495559151,0.0098,0.9892,0.1065,0.995
3.496471228,0.0122,0.9875,0.1055,0.993
3.497421843,0.0139,0.9872,0.1065,0.993
3.498228959,0.0161,0.9885,0.1087,0.995
3.499290728,0.0178,0.9870,0.1119,0.993
3.500517882,0.0169,0.9872,0.1138,0.994
3.501728382,0.0156,0.9880,0.1158,0.995
3.503116612,0.0161,0.9875,0.1173,0.995
3.504347151,0.0173,0.9860,0.1197,0.993
3.50522792,0.0161,0.9870,0.1273,0.995
3.506314574,0.0151,0.9858,0.1309,0.995
3.507487228,0.0154,0.9877,0.1366,0.997
3.508296305,0.0147,0.9887,0.1422,0.999
3.511089151,0.0137,0.9880,0.1454,0.999
3.512472382,0.0142,0.9870,0.1515,0.999
3.513478459,0.0139,0.9870,0.1546,0.999
3.515351189,0.0112,0.9863,0.1595,0.999
3.519141843,0.0098,0.9858,0.1647,0.999
3.519738766,0.0090,0.9865,0.1671,1.001
3.522223343,0.0088,0.9863,0.1700,1.001
3.52296842,0.0083,0.9850,0.1735,1.000
3.524898035,0.0078,0.9860,0.1739,1.001
3.527102574,0.0081,0.9836,0.1744,0.999
3.529187997,0.0086,0.9843,0.1761,1.000
3.530870035,0.0076,0.9850,0.1754,1.001
3.533023997,0.0103,0.9865,0.1752,1.002
3.537599612,0.0107,0.9865,0.1752,1.002
3.53907842,0.0122,0.9846,0.1757,1.000
3.53937192,0.0142,0.9860,0.1737,1.001
3.540918151,0.0139,0.9863,0.1722,1.001
3.547075382,0.0142,0.9880,0.1703,1.003
3.547380459,0.0147,0.9882,0.1688,1.003
3.547611035,0.0151,0.9885,0.1656,1.002
3.548870612,0.0156,0.9904,0.1632,1.004
3.558398535,0.0159,0.9907,0.1615,1.004
3.558979074,0.0171,0.9909,0.1578,1.004
3.559232074,0.0171,0.9907,0.1561,1.003
3.55945592,0.0164,0.9916,0.1520,1.003
3.559680805,0.0154,0.9916,0.1505,1.003
3.56056192,0.0154,0.9914,0.1478,1.002
3.562467305,0.0159,0.9907,0.1446,1.001
3.564535997,0.0178,0.9885,0.1422,0.999
3.566400035,0.0181,0.9892,0.1412,0.999
3.57306242,0.0173,0.9912,0.1395,1.001
3.574151766,0.0173,0.9909,0.1378,1.001
3.575123728,0.0173,0.9907,0.1371,1.000
3.575885574,0.0171,0.9890,0.1356,0.998
3.577226689,0.0181,0.9885,0.1339,0.998
3.578746305,0.0188,0.9880,0.1336,0.997
3.580649343,0.0208,0.9880,0.1331,0.997
3.582628728,0.0205,0.9868,0.1327,0.996
3.585228574,0.0210,0.9868,0.1327,0.996
3.586342651,0.0215,0.9863,0.1334,0.995
3.588817612,0.0213,0.9850,0.1339,0.994
3.590395612,0.0215,0.9836,0.1339,0.993
3.592376843,0.0208,0.9841,0.1349,0.993
3.594217958,0.0220,0.9833,0.1361,0.993
3.596360882,0.0220,0.9836,0.1366,0.993
3.598192305,0.0213,0.9826,0.1378,0.992
3.600276805,0.0205,0.9816,0.1378,0.991
3.603254343,0.0222,0.9811,0.1393,0.991
3.604743382,0.0232,0.9794,0.1422,0.990
3.606289882,0.0222,0.9794,0.1437,0.990
3.607985382,0.0217,0.9789,0.1444,0.990
3.610046612,0.0215,0.9775,0.1444,0.988
3.612036343,0.0215,0.9760,0.1444,0.987
3.613962651,0.0225,0.9760,0.1434,0.987
3.615828343,0.0222,0.9772,0.1439,0.988
3.618839766,0.0203,0.9758,0.1437,0.986
3.621610382,0.0200,0.9767,0.1459,0.988
3.62330692,0.0208,0.9772,0.1461,0.988
3.624675997,0.0205,0.9765,0.1459,0.988
3.626015843,0.0198,0.9765,0.1480,0.988
3.62769842,0.0186,0.9765,0.1490,0.988
3.629668305,0.0183,0.9775,0.1520,0.989
3.631673189,0.0188,0.9770,0.1532,0.989
3.633673843,0.0173,0.9767,0.1578,0.990
3.638147189,0.0161,0.9770,0.1608,0.990
3.639829343,0.0147,0.9765,0.1608,0.990
3.641086882,0.0139,0.9770,0.1595,0.990
3.642430074,0.0142,0.9767,0.1605,0.990
3.643727958,0.0139,0.9789,0.1593,0.992
3.645448805,0.0137,0.9797,0.1566,0.992
3.647567151,0.0144,0.9797,0.1559,0.992
3.649264535,0.0139,0.9797,0.1542,0.992
3.654612689,0.0115,0.9794,0.1532,0.991
3.655179882,0.0115,0.9814,0.1517,0.993
3.655992497,0.0112,0.9814,0.1498,0.993
3.657145228,0.0112,0.9811,0.1468,0.992
3.659366997,0.0112,0.9819,0.1466,0.993
3.661259997,0.0139,0.9821,0.1437,0.993
3.663269343,0.0125,0.9828,0.1437,0.993
3.665020497,0.0120,0.9848,0.1441,0.995
3.667152651,0.0125,0.9848,0.1424,0.995
3.678265112,0.0142,0.9850,0.1415,0.995
3.678813612,0.0149,0.9868,0.1412,0.997
3.679071112,0.0161,0.9868,0.1395,0.997
3.679329997,0.0159,0.9855,0.1375,0.995
3.679575035,0.0173,0.9860,0.1375,0.996
3.679803305,0.0173,0.9870,0.1366,0.997
3.680965766,0.0173,0.9875,0.1351,0.997
3.682966228,0.0183,0.9880,0.1341,0.997
3.689534305,0.0176,0.9892,0.1336,0.998
3.690129612,0.0181,0.9904,0.1329,0.999
3.690385381,0.0178,0.9899,0.1324,0.999
3.690983651,0.0169,0.9904,0.1339,1.000
3.692839728,0.0186,0.9916,0.1331,1.001
3.694913574,0.0195,0.9919,0.1344,1.001
3.696572343,0.0188,0.9914,0.1344,1.001
3.698772497,0.0235,0.9899,0.1336,0.999
3.700711151,0.0235,0.9907,0.1341,1.000
3.703318305,0.0232,0.9899,0.1361,1.000
3.704607189,0.0247,0.9904,0.1356,1.000
3.706654458,0.0247,0.9909,0.1371,1.001
3.708550805,0.0252,0.9904,0.1388,1.000
3.710467228,0.0261,0.9907,0.1393,1.001
3.712792228,0.0244,0.9897,0.1390,1.000
3.714864035,0.0257,0.9890,0.1395,0.999
3.716607535,0.0257,0.9894,0.1412,1.000
3.719603881,0.0264,0.9885,0.1410,0.999
3.720599228,0.0254,0.9882,0.1419,0.999
3.722621805,0.0242,0.9899,0.1429,1.000
3.724574266,0.0235,0.9899,0.1449,1.001
3.726704266,0.0213,0.9904,0.1451,1.001
3.728586189,0.0208,0.9909,0.1456,1.002
3.730635805,0.0217,0.9902,0.1461,1.001
3.732422766,0.0205,0.9902,0.1468,1.001
3.742834689,0.0186,0.9909,0.1454,1.002
3.744233881,0.0181,0.9914,0.1456,1.002
3.745144689,0.0186,0.9902,0.1463,1.001
3.746150535,0.0169,0.9885,0.1471,0.999
3.747333305,0.0166,0.9899,0.1468,1.001
3.74863192,0.0164,0.9919,0.1476,1.003
3.749525112,0.0166,0.9924,0.1480,1.003
3.750481535,0.0178,0.9909,0.1459,1.002
3.751603381,0.0164,0.9897,0.1476,1.001
3.752857074,0.0156,0.9902,0.1480,1.001
3.754164651,0.0161,0.9902,0.1466,1.001
3.766487035,0.0154,0.9899,0.1456,1.001
3.767009035,0.0156,0.9909,0.1454,1.002
3.76726242,0.0156,0.9919,0.1449,1.003
3.767489766,0.0176,0.9916,0.1441,1.002
3.767718497,0.0166,0.9907,0.1456,1.001
3.767945997,0.0169,0.9897,0.1456,1.000
3.768172112,0.0161,0.9899,0.1441,1.000
3.775778035,0.0156,0.9907,0.1419,1.001
3.776298228,0.0161,0.9892,0.1432,1.000
3.776552458,0.0156,0.9887,0.1424,0.999
3.776792381,0.0173,0.9877,0.1415,0.998
3.777733728,0.0176,0.9877,0.1410,0.998
3.779846151,0.0191,0.9865,0.1405,0.997
3.781654689,0.0186,0.9868,0.1402,0.997
3.783869151,0.0193,0.9868,0.1388,0.997
3.785748881,0.0183,0.9880,0.1383,0.998
3.787916689,0.0188,0.9880,0.1368,0.998
3.789900766,0.0188,0.9885,0.1380,0.998
3.791953535,0.0198,0.9860,0.1383,0.996
3.793820612,0.0200,0.9868,0.1383,0.997
3.795932766,0.0173,0.9836,0.1371,0.993
3.797574266,0.0195,0.9833,0.1366,0.993
3.799702612,0.0203,0.9841,0.1353,0.994
3.802806574,0.0208,0.9841,0.1341,0.993
3.804374843,0.0203,0.9838,0.1327,0.993
3.805497228,0.0210,0.9838,0.1336,0.993
3.807575381,0.0230,0.9831,0.1339,0.992
3.809434189,0.0239,0.9833,0.1336,0.993
3.811532304,0.0208,0.9843,0.1334,0.994
3.81356592,0.0222,0.9831,0.1327,0.992
3.815555458,0.0227,0.9828,0.1324,0.992
3.817328266,0.0217,0.9826,0.1334,0.992
3.820252958,0.0215,0.9821,0.1329,0.991
3.821824151,0.0230,0.9816,0.1331,0.991
3.82335942,0.0230,0.9836,0.1336,0.993
3.825326843,0.0235,0.9828,0.1349,0.992
3.831218612,0.0237,0.9811,0.1358,0.991
3.832100804,0.0235,0.9826,0.1346,0.992
3.832796574,0.0239,0.9833,0.1341,0.993
3.833757266,0.0235,0.9824,0.1344,0.992
3.837295843,0.0237,0.9828,0.1346,0.992
3.838912151,0.0242,0.9828,0.1349,0.992
3.840073804,0.0242,0.9833,0.1346,0.993
3.841253035,0.0230,0.9841,0.1368,0.994
3.843422497,0.0239,0.9843,0.1373,0.994
3.845073304,0.0249,0.9836,0.1378,0.993
3.847264728,0.0252,0.9848,0.1373,0.995
3.849233689,0.0237,0.9846,0.1378,0.994
3.85226942,0.0232,0.9848,0.1383,0.995
3.853427535,0.0227,0.9853,0.1395,0.995
3.863537651,0.0230,0.9853,0.1395,0.995
3.865005381,0.0222,0.9855,0.1397,0.996
3.866065651,0.0222,0.9860,0.1417,0.996
3.86712742,0.0230,0.9863,0.1412,0.997
3.867437843,0.0205,0.9855,0.1422,0.996
3.86769692,0.0173,0.9853,0.1459,0.996
3.867929266,0.0166,0.9848,0.1444,0.995
3.886447843,0.0181,0.9833,0.1434,0.994
3.887085843,0.0181,0.9836,0.1424,0.994
3.88733542,0.0169,0.9848,0.1437,0.995
3.887564381,0.0147,0.9848,0.1429,0.995
3.887794074,0.0151,0.9841,0.1439,0.995
3.888016189,0.0151,0.9850,0.1446,0.996
3.888243689,0.0159,0.9853,0.1441,0.996
3.888463881,0.0161,0.9843,0.1434,0.995
3.888688535,0.0139,0.9858,0.1432,0.996
3.888919304,0.0134,0.9863,0.1427,0.997
3.889143766,0.0137,0.9865,0.1441,0.997
3.890229958,0.0154,0.9875,0.1427,0.998
3.89234242,0.0154,0.9875,0.1429,0.998
3.894124843,0.0129,0.9880,0.1432,0.998
3.896215035,0.0122,0.9880,0.1429,0.998
3.89815392,0.0125,0.9875,0.1429,0.998
3.900138227,0.0144,0.9875,0.1432,0.998
3.902566997,0.0151,0.9880,0.1424,0.998
3.90428892,0.0134,0.9892,0.1434,1.000
3.905918535,0.0134,0.9899,0.1432,1.000
3.908139035,0.0122,0.9892,0.1422,0.999
3.909984266,0.0142,0.9890,0.1417,0.999
3.91194792,0.0144,0.9902,0.1407,1.000
3.91388492,0.0142,0.9909,0.1417,1.001
3.915877804,0.0147,0.9892,0.1410,0.999
3.919427035,0.0142,0.9899,0.1422,1.000
3.922437766,0.0139,0.9899,0.1424,1.000
3.924379843,0.0137,0.9907,0.1417,1.001
3.925619689,0.0164,0.9916,0.1393,1.002
3.926952689,0.0161,0.9907,0.1415,1.001
3.928160574,0.0164,0.9899,0.1417,1.000
3.931687574,0.0161,0.9916,0.1412,1.002
3.932539881,0.0164,0.9914,0.1424,1.002
3.933627997,0.0173,0.9907,0.1427,1.001
3.936724227,0.0171,0.9899,0.1407,1.000
3.93869192,0.0186,0.9894,0.1405,1.000
3.940232266,0.0203,0.9882,0.1415,0.998
3.941705074,0.0215,0.9872,0.1402,0.997
3.943485651,0.0203,0.9863,0.1397,0.996
3.945426035,0.0191,0.9877,0.1405,0.998
3.947505112,0.0193,0.9870,0.1402,0.997
3.949398727,0.0186,0.9880,0.1402,0.998
3.951598766,0.0191,0.9887,0.1388,0.999
3.962213381,0.0188,0.9882,0.1378,0.998
3.963908612,0.0200,0.9892,0.1385,0.999
3.964808343,0.0203,0.9875,0.1388,0.997
3.965810304,0.0213,0.9863,0.1402,0.996
3.967420612,0.0217,0.9860,0.1400,0.996
3.967952304,0.0208,0.9858,0.1393,0.996
3.981560535,0.0205,0.9855,0.1378,0.995
3.983260304,0.0203,0.9850,0.1380,0.995
3.984010804,0.0208,0.9853,0.1385,0.995
3.985335535,0.0205,0.9846,0.1385,0.994
3.986913343,0.0200,0.9853,0.1380,0.995
3.98810442,0.0198,0.9850,0.1383,0.995
3.989137343,0.0198,0.9841,0.1402,0.994
3.989898035,0.0193,0.9838,0.1402,0.994
3.990861804,0.0200,0.9848,0.1407,0.995
3.991714381,0.0200,0.9828,0.1419,0.993
3.992427343,0.0205,0.9826,0.1424,0.993
3.993427381,0.0193,0.9824,0.1410,0.993
3.994371997,0.0198,0.9828,0.1419,0.993
3.995488958,0.0200,0.9824,0.1422,0.993
3.996165727,0.0203,0.9821,0.1429,0.993
3.997125574,0.0195,0.9819,0.1432,0.992
3.997871843,0.0191,0.9806,0.1424,0.991
4.000420458,0.0193,0.9809,0.1434,0.992
4.001870304,0.0176,0.9804,0.1444,0.991
4.006714458,0.0166,0.9804,0.1451,0.991
4.007179458,0.0178,0.9792,0.1471,0.990
4.007509574,0.0178,0.9794,0.1463,0.990
4.008869035,0.0183,0.9789,0.1468,0.990
4.010755804,0.0178,0.9799,0.1459,0.991
4.01279815,0.0173,0.9816,0.1449,0.992
4.014674074,0.0178,0.9816,0.1437,0.992
4.016588458,0.0191,0.9804,0.1437,0.991
4.019497497,0.0193,0.9804,0.1437,0.991
4.020719958,0.0188,0.9806,0.1437,0.991
4.02323915,0.0188,0.9799,0.1441,0.991
4.024656304,0.0169,0.9809,0.1424,0.991
4.026697497,0.0166,0.9804,0.1427,0.991
4.02852065,0.0191,0.9799,0.1412,0.990
4.03056242,0.0193,0.9802,0.1417,0.991
4.03263642,0.0193,0.9809,0.1422,0.991
4.034655035,0.0195,0.9836,0.1427,0.994
4.037660381,0.0198,0.9833,0.1424,0.994
4.03841342,0.0222,0.9848,0.1402,0.995
4.040748497,0.0215,0.9848,0.1358,0.994
4.042469266,0.0208,0.9843,0.1351,0.994
4.044718458,0.0215,0.9841,0.1358,0.994
4.046391574,0.0213,0.9848,0.1351,0.994
4.048342304,0.0215,0.9853,0.1334,0.995
4.050270997,0.0217,0.9848,0.1349,0.994
4.056384458,0.0215,0.9848,0.1346,0.994
4.057394074,0.0210,0.9841,0.1341,0.993
4.05881792,0.0210,0.9855,0.1346,0.995
4.05914215,0.0210,0.9860,0.1344,0.995
4.06049015,0.0217,0.9855,0.1378,0.995
4.062263535,0.0215,0.9858,0.1397,0.996
4.063845343,0.0205,0.9870,0.1393,0.997
4.065808458,0.0215,0.9848,0.1407,0.995
4.068110997,0.0220,0.9838,0.1419,0.994
4.081287458,0.0213,0.9843,0.1434,0.995
4.081775804,0.0217,0.9841,0.1407,0.994
4.082024997,0.0217,0.9836,0.1393,0.994
4.082271266,0.0227,0.9850,0.1380,0.995
4.082535458,0.0235,0.9848,0.1366,0.994
4.08276642,0.0225,0.9846,0.1324,0.994
4.082990727,0.0237,0.9860,0.1290,0.995
4.084011881,0.0237,0.9863,0.1280,0.995
4.094531458,0.0227,0.9868,0.1253,0.995
4.095085381,0.0222,0.9872,0.1229,0.995
4.09533992,0.0227,0.9880,0.1202,0.996
4.095589112,0.0217,0.9877,0.1197,0.995
4.095810189,0.0205,0.9887,0.1214,0.996
4.100006689,0.0193,0.9902,0.1248,0.998
4.100266304,0.0193,0.9890,0.1302,0.998
4.100488804,0.0195,0.9885,0.1336,0.998
4.101594035,0.0208,0.9899,0.1385,1.000
4.104066304,0.0191,0.9899,0.1397,1.000
4.10555865,0.0188,0.9887,0.1429,0.999
4.107461112,0.0200,0.9875,0.1434,0.998
4.109589035,0.0205,0.9877,0.1429,0.998
4.111577073,0.0195,0.9858,0.1461,0.997
4.113474227,0.0203,0.9865,0.1490,0.998
4.115391958,0.0198,0.9863,0.1510,0.998
4.117272766,0.0198,0.9848,0.1546,0.997
4.120426304,0.0198,0.9848,0.1586,0.998
4.121801881,0.0198,0.9848,0.1654,0.999
4.123591881,0.0205,0.9846,0.1732,1.000
4.125289535,0.0208,0.9850,0.1766,1.001
4.127828497,0.0217,0.9836,0.1840,1.001
4.129406958,0.0215,0.9841,0.1869,1.002
4.131482035,0.0222,0.9841,0.1891,1.002
4.133158804,0.0232,0.9814,0.1908,1.000
4.13521742,0.0232,0.9811,0.1906,1.000
4.137735266,0.0237,0.9799,0.1896,0.998
4.139825112,0.0235,0.9799,0.1837,0.997
4.141543958,0.0247,0.9799,0.1813,0.997
4.143273035,0.0259,0.9794,0.1757,0.995
4.14517292,0.0261,0.9792,0.1703,0.994
4.14722742,0.0257,0.9802,0.1659,0.994
4.149093266,0.0271,0.9797,0.1573,0.993
4.151059266,0.0257,0.9806,0.1524,0.993
4.160336458,0.0232,0.9824,0.1434,0.993
4.161800612,0.0208,0.9843,0.1339,0.994
4.162756304,0.0210,0.9855,0.1300,0.994
4.163776035,0.0195,0.9870,0.1214,0.995
4.164702612,0.0186,0.9880,0.1182,0.995
4.165692381,0.0166,0.9892,0.1116,0.996
4.166461035,0.0147,0.9907,0.1070,0.997
4.167556381,0.0147,0.9907,0.1053,0.996
4.180448381,0.0139,0.9926,0.1011,0.998
4.181916073,0.0127,0.9924,0.1002,0.997
4.183112189,0.0134,0.9909,0.0965,0.996
4.183937073,0.0132,0.9912,0.0950,0.996
4.18518292,0.0129,0.9921,0.0965,0.997
4.18634515,0.0144,0.9899,0.0989,0.995
4.187608073,0.0159,0.9885,0.1002,0.994
4.188637227,0.0156,0.9882,0.1014,0.994
4.189343766,0.0161,0.9894,0.1051,0.995
4.190170304,0.0159,0.9887,0.1070,0.995
4.191146189,0.0169,0.9880,0.1116,0.994
4.19187065,0.0191,0.9875,0.1148,0.994
4.192812573,0.0200,0.9868,0.1175,0.994
4.19527692,0.0186,0.9880,0.1234,0.996
4.196706035,0.0213,0.9875,0.1253,0.996
4.205208727,0.0205,0.9860,0.1327,0.995
4.207111727,0.0188,0.9860,0.1395,0.996
4.208622112,0.0166,0.9853,0.1422,0.996
4.209451073,0.0142,0.9853,0.1483,0.996
4.210319227,0.0115,0.9855,0.1551,0.998
4.211374496,0.0100,0.9855,0.1583,0.998
4.212174573,0.0095,0.9853,0.1634,0.999
4.212968304,0.0100,0.9843,0.1652,0.998
4.21403142,0.0098,0.9841,0.1708,0.999
4.21607665,0.0083,0.9838,0.1771,1.000
4.217928496,0.0066,0.9838,0.1779,1.000
4.221243496,0.0054,0.9836,0.1813,1.000
4.222776458,0.0056,0.9836,0.1825,1.000
4.22414115,0.0064,0.9833,0.1842,1.000
4.225843881,0.0078,0.9843,0.1845,1.001
4.227833881,0.0078,0.9850,0.1842,1.002
4.229821843,0.0086,0.9841,0.1847,1.001
4.23188492,0.0107,0.9850,0.1847,1.002
4.233736035,0.0110,0.9865,0.1840,1.004
4.237077996,0.0137,0.9863,0.1796,1.003
4.238713727,0.0154,0.9850,0.1798,1.001
4.239753881,0.0154,0.9863,0.1796,1.003
4.241865804,0.0142,0.9892,0.1754,1.005
4.243617496,0.0147,0.9907,0.1732,1.006
4.245548381,0.0156,0.9924,0.1698,1.007
4.247730804,0.0173,0.9929,0.1661,1.007
4.249698881,0.0169,0.9938,0.1649,1.008
4.251690189,0.0149,0.9941,0.1622,1.007
4.261339996,0.0144,0.9938,0.1608,1.007
4.262956573,0.0156,0.9946,0.1571,1.007
4.264179881,0.0164,0.9948,0.1522,1.007
4.265242189,0.0147,0.9948,0.1493,1.006
4.26630965,0.0134,0.9955,0.1478,1.007
4.267015381,0.0115,0.9965,0.1461,1.007
4.267323266,0.0115,0.9948,0.1454,1.005
4.267562496,0.0122,0.9929,0.1427,1.003
4.283741035,0.0120,0.9936,0.1412,1.004
4.285589766,0.0100,0.9924,0.1402,1.002
4.286888035,0.0115,0.9914,0.1375,1.001
4.288093727,0.0117,0.9899,0.1378,1.000
4.289258843,0.0117,0.9890,0.1361,0.998
4.290425073,0.0127,0.9860,0.1341,0.995
4.29164042,0.0127,0.9858,0.1341,0.995
4.292757496,0.0127,0.9824,0.1353,0.992
4.293788112,0.0129,0.9819,0.1368,0.991
4.294756766,0.0132,0.9814,0.1395,0.991
4.295730458,0.0107,0.9794,0.1422,0.990
4.296591304,0.0115,0.9784,0.1437,0.989
4.29759742,0.0129,0.9782,0.1466,0.989
4.29842865,0.0132,0.9784,0.1512,0.990
4.299627227,0.0132,0.9775,0.1527,0.989
4.300475535,0.0105,0.9765,0.1566,0.989
4.30162365,0.0098,0.9758,0.1568,0.988
4.305271227,0.0100,0.9738,0.1581,0.987
4.306841843,0.0107,0.9736,0.1617,0.987
4.307452958,0.0098,0.9728,0.1622,0.986
4.308916689,0.0078,0.9731,0.1654,0.987
4.311566035,0.0059,0.9726,0.1654,0.987
4.312937189,0.0044,0.9738,0.1664,0.988
4.314988843,0.0046,0.9738,0.1673,0.988
4.316942958,0.0051,0.9736,0.1669,0.988
4.31910615,0.0029,0.9743,0.1678,0.989
4.321922343,0.0022,0.9748,0.1693,0.989
4.322731458,0.0015,0.9748,0.1705,0.990
4.324772073,-0.0005,0.9762,0.1730,0.991
4.326814227,-0.0020,0.9765,0.1742,0.992
4.328717266,-0.0034,0.9745,0.1793,0.991
4.330483189,-0.0061,0.9767,0.1825,0.994
4.332704996,-0.0068,0.9770,0.1837,0.994
4.334641919,-0.0086,0.9743,0.1884,0.992
4.33733815,-0.0093,0.9736,0.1898,0.992
4.338586189,-0.0095,0.9748,0.1886,0.993
4.340530112,-0.0117,0.9728,0.1862,0.991
4.343395843,-0.0117,0.9726,0.1849,0.990
4.344371189,-0.0110,0.9738,0.1813,0.991
4.346289919,-0.0120,0.9743,0.1766,0.990
4.348300496,-0.0125,0.9743,0.1749,0.990
4.350303996,-0.0134,0.9733,0.1698,0.988
4.356272958,-0.0139,0.9728,0.1681,0.987
4.356869689,-0.0181,0.9723,0.1654,0.986
4.357119881,-0.0188,0.9745,0.1612,0.988
4.362278035,-0.0191,0.9753,0.1603,0.989
4.362618766,-0.0195,0.9775,0.1571,0.990
4.362852304,-0.0191,0.9782,0.1551,0.991
4.363907919,-0.0166,0.9772,0.1542,0.989
4.367526266,-0.0169,0.9784,0.1505,0.990
4.367792727,-0.0166,0.9775,0.1488,0.989
4.377783804,-0.0137,0.9762,0.1456,0.987
4.378255227,-0.0115,0.9777,0.1434,0.988
4.378559766,-0.0100,0.9789,0.1417,0.989
4.378783843,-0.0068,0.9797,0.1390,0.990
4.379013266,-0.0056,0.9794,0.1373,0.989
4.37989665,-0.0042,0.9797,0.1371,0.989
4.381876381,-0.0042,0.9797,0.1331,0.989
4.383744035,-0.0039,0.9797,0.1322,0.989
4.390621766,-0.0005,0.9806,0.1307,0.989
4.391091843,0.0010,0.9819,0.1305,0.990
4.391340073,0.0037,0.9841,0.1319,0.993
4.391567766,0.0073,0.9838,0.1305,0.992
4.393556227,0.0083,0.9833,0.1307,0.992
4.395663189,0.0088,0.9841,0.1334,0.993
4.397738189,0.0110,0.9848,0.1344,0.994
4.399575343,0.0129,0.9848,0.1346,0.994
4.401452919,0.0149,0.9853,0.1351,0.995
4.40347615,0.0159,0.9865,0.1361,0.996
4.405945304,0.0176,0.9863,0.1380,0.996
4.407403881,0.0183,0.9877,0.1395,0.998
4.409417227,0.0186,0.9880,0.1415,0.998
4.41158515,0.0191,0.9892,0.1449,1.000
4.413457189,0.0186,0.9892,0.1483,1.000
4.415487381,0.0186,0.9902,0.1495,1.002
4.417390881,0.0178,0.9899,0.1522,1.002
4.42059015,0.0178,0.9902,0.1544,1.002
4.422260843,0.0193,0.9904,0.1559,1.003
4.423411573,0.0186,0.9912,0.1568,1.004
4.425433573,0.0181,0.9912,0.1583,1.004
4.427292496,0.0142,0.9912,0.1615,1.004
4.429165919,0.0142,0.9909,0.1622,1.004
4.431129227,0.0149,0.9929,0.1610,1.006
4.433089804,0.0147,0.9926,0.1637,1.006
4.435173189,0.0142,0.9921,0.1644,1.006
4.437794919,0.0115,0.9919,0.1664,1.006
4.439337535,0.0105,0.9924,0.1673,1.006
4.441184458,0.0093,0.9919,0.1681,1.006
4.443066189,0.0112,0.9902,0.1683,1.004
4.445057573,0.0105,0.9904,0.1681,1.005
4.446927881,0.0090,0.9916,0.1686,1.006
4.449034035,0.0068,0.9916,0.1673,1.006
4.45103465,0.0061,0.9919,0.1661,1.006
4.460234958,0.0061,0.9914,0.1654,1.005
4.46153815,0.0042,0.9907,0.1632,1.004
4.462271573,0.0039,0.9909,0.1634,1.004
4.463357227,0.0042,0.9907,0.1634,1.004
4.464304496,0.0034,0.9907,0.1634,1.004
4.465272573,0.0022,0.9897,0.1615,1.003
4.465982996,0.0051,0.9875,0.1605,1.000
4.466985612,0.0044,0.9870,0.1595,1.000
4.46914165,0.0020,0.9877,0.1588,1.000
4.482292073,0.0024,0.9872,0.1573,1.000
4.483731035,0.0017,0.9880,0.1561,1.000
4.484806958,0.0017,0.9880,0.1544,1.000
4.485893958,0.0024,0.9872,0.1527,0.999
4.487226189,0.0032,0.9868,0.1507,0.998
4.488341381,0.0037,0.9863,0.1493,0.998
4.489405727,0.0037,0.9860,0.1483,0.997
4.490433266,0.0039,0.9855,0.1493,0.997
4.491309881,0.0037,0.9860,0.1485,0.997
4.49195365,0.0024,0.9872,0.1454,0.998
4.492921881,0.0020,0.9858,0.1451,0.996
4.493592766,0.0024,0.9858,0.1446,0.996
4.494645958,0.0029,0.9846,0.1446,0.995
4.497118458,0.0022,0.9850,0.1451,0.996
4.498654612,0.0027,0.9846,0.1451,0.995
4.500465804,0.0042,0.9836,0.1434,0.994
4.502457112,0.0042,0.9838,0.1444,0.994
4.504712112,0.0037,0.9853,0.1441,0.996
4.506170227,0.0039,0.9846,0.1434,0.995
4.508210112,0.0042,0.9846,0.1444,0.995
4.510062112,0.0037,0.9846,0.1432,0.995
4.512303573,0.0039,0.9838,0.1441,0.994
4.514165304,0.0046,0.9831,0.1451,0.994
4.516243189,0.0054,0.9824,0.1456,0.993
4.51809115,0.0051,0.9816,0.1451,0.992
4.521024073,0.0064,0.9816,0.1449,0.992
4.522470842,0.0068,0.9816,0.1449,0.992
4.524146266,0.0064,0.9816,0.1454,0.992
4.526014919,0.0068,0.9814,0.1463,0.992
4.528128035,0.0061,0.9816,0.1476,0.993
4.529751189,0.0064,0.9814,0.1463,0.992
4.532125458,0.0073,0.9809,0.1478,0.992
4.534028765,0.0073,0.9811,0.1483,0.992
4.53742215,0.0083,0.9833,0.1485,0.995
4.539012265,0.0088,0.9838,0.1483,0.995
4.54013315,0.0081,0.9826,0.1473,0.994
4.542109919,0.0073,0.9794,0.1466,0.990
4.543994112,0.0068,0.9792,0.1461,0.990
4.545958381,0.0093,0.9799,0.1471,0.991
4.547892419,0.0095,0.9797,0.1478,0.991
4.549733842,0.0090,0.9797,0.1473,0.991
4.551745304,0.0081,0.9824,0.1478,0.993
4.561286458,0.0088,0.9821,0.1480,0.993
4.56278715,0.0093,0.9824,0.1459,0.993
4.563924381,0.0095,0.9836,0.1459,0.994
4.564929381,0.0086,0.9833,0.1463,0.994
4.566017804,0.0100,0.9833,0.1459,0.994
4.567162881,0.0110,0.9819,0.1449,0.993
4.568040842,0.0107,0.9821,0.1441,0.993
4.56888815,0.0115,0.9831,0.1432,0.994
4.570165612,0.0120,0.9828,0.1429,0.993
4.582347842,0.0107,0.9843,0.1422,0.995
4.582885958,0.0125,0.9858,0.1415,0.996
4.583127381,0.0129,0.9858,0.1415,0.996
4.583362727,0.0125,0.9865,0.1412,0.997
4.583604112,0.0134,0.9870,0.1410,0.997
4.583826381,0.0139,0.9868,0.1415,0.997
4.584053612,0.0142,0.9863,0.1405,0.996
4.585082727,0.0142,0.9870,0.1412,0.997
4.593463496,0.0137,0.9870,0.1439,0.998
4.593875727,0.0120,0.9868,0.1439,0.997
4.594118496,0.0122,0.9868,0.1434,0.997
4.594351842,0.0127,0.9863,0.1451,0.997
4.595106535,0.0134,0.9868,0.1471,0.998
4.597059996,0.0129,0.9877,0.1471,0.999
4.599249227,0.0125,0.9872,0.1476,0.998
4.601198419,0.0132,0.9870,0.1476,0.998
4.603893535,0.0120,0.9872,0.1488,0.998
4.605239765,0.0086,0.9880,0.1495,0.999
4.606938112,0.0088,0.9875,0.1507,0.999
4.608836265,0.0076,0.9865,0.1532,0.998
4.610679227,0.0068,0.9872,0.1544,0.999
4.612730535,0.0078,0.9858,0.1554,0.998
4.614656073,0.0061,0.9855,0.1551,0.998
4.616865304,0.0066,0.9870,0.1554,0.999
4.618787073,0.0064,0.9868,0.1551,0.999
4.621121419,0.0059,0.9858,0.1556,0.998
4.623058765,0.0046,0.9853,0.1561,0.998
4.624755727,0.0039,0.9860,0.1571,0.998
4.626730996,0.0027,0.9858,0.1576,0.998
4.62862865,0.0024,0.9843,0.1568,0.997
4.630729035,0.0012,0.9853,0.1559,0.998
4.632709919,0.0002,0.9848,0.1556,0.997
4.634456727,-0.0015,0.9841,0.1549,0.996
4.637857958,-0.0022,0.9838,0.1544,0.996
4.639301535,-0.0039,0.9848,0.1542,0.997
4.640476919,-0.0042,0.9877,0.1515,0.999
4.642399765,-0.0044,0.9872,0.1505,0.999
4.644594727,-0.0064,0.9872,0.1483,0.998
4.646603073,-0.0083,0.9885,0.1483,1.000
4.64853815,-0.0083,0.9894,0.1473,1.000
4.650355804,-0.0088,0.9892,0.1449,1.000
4.652352188,-0.0093,0.9892,0.1439,1.000
4.661352304,-0.0105,0.9890,0.1412,0.999
4.662714458,-0.0110,0.9892,0.1385,0.999
4.663604419,-0.0105,0.9899,0.1378,1.000
4.664578496,-0.0103,0.9916,0.1378,1.001
4.665477765,-0.0098,0.9914,0.1375,1.001
4.666412419,-0.0086,0.9919,0.1363,1.001
4.667361535,-0.0090,0.9924,0.1366,1.002
4.668398765,-0.0088,0.9926,0.1358,1.002
4.670980765,-0.0088,0.9955,0.1334,1.004
4.672069688,-0.0068,0.9955,0.1329,1.004
4.686000381,-0.0054,0.9941,0.1317,1.003
4.687701919,-0.0056,0.9924,0.1312,1.001
4.688757265,-0.0059,0.9929,0.1319,1.002
4.689920881,-0.0056,0.9931,0.1324,1.002
4.691216842,-0.0022,0.9926,0.1307,1.001
4.692333727,-0.0012,0.9929,0.1322,1.002
4.693337804,0.0015,0.9924,0.1312,1.001
4.694271727,0.0027,0.9919,0.1309,1.000
4.695166035,0.0046,0.9921,0.1331,1.001
4.69615315,0.0078,0.9921,0.1319,1.001
4.696975612,0.0083,0.9907,0.1329,1.000
4.697963688,0.0086,0.9902,0.1361,1.000
4.698994688,0.0103,0.9907,0.1356,1.000
4.699922381,0.0132,0.9904,0.1353,1.000
4.701565612,0.0129,0.9899,0.1378,1.000
4.704831035,0.0142,0.9894,0.1393,0.999
4.70627965,0.0166,0.9890,0.1397,0.999
4.710468227,0.0173,0.9897,0.1424,1.000
4.711683919,0.0183,0.9880,0.1427,0.998
4.713163188,0.0220,0.9863,0.1429,0.997
4.714219535,0.0225,0.9865,0.1444,0.997
4.715594227,0.0222,0.9868,0.1476,0.998
4.717523612,0.0232,0.9863,0.1490,0.998
4.719576881,0.0239,0.9858,0.1490,0.997
4.722571188,0.0254,0.9850,0.1502,0.997
4.724230304,0.0257,0.9846,0.1507,0.996
4.725439765,0.0261,0.9828,0.1515,0.995
4.727434804,0.0283,0.9821,0.1517,0.994
4.729340688,0.0298,0.9824,0.1515,0.994
4.731411342,0.0313,0.9841,0.1515,0.996
4.733463073,0.0303,0.9833,0.1537,0.996
4.735378727,0.0296,0.9831,0.1546,0.996
4.738299342,0.0325,0.9816,0.1544,0.994
4.739955804,0.0335,0.9814,0.1529,0.994
4.741567035,0.0315,0.9806,0.1529,0.993
4.743183342,0.0310,0.9821,0.1500,0.994
4.745017112,0.0322,0.9828,0.1490,0.995
4.747067073,0.0320,0.9811,0.1490,0.993
4.749231996,0.0318,0.9806,0.1488,0.992
4.751105496,0.0313,0.9809,0.1490,0.993
4.75314515,0.0291,0.9821,0.1495,0.994
4.762445611,0.0291,0.9816,0.1490,0.993
4.763355035,0.0300,0.9824,0.1517,0.994
4.763807265,0.0276,0.9833,0.1515,0.995
4.764254381,0.0274,0.9828,0.1517,0.995
4.76466415,0.0281,0.9831,0.1505,0.995
4.765067881,0.0279,0.9814,0.1515,0.993
4.767101573,0.0279,0.9821,0.1512,0.994
4.768966688,0.0283,0.9811,0.1493,0.993
4.783213381,0.0279,0.9814,0.1476,0.993
4.784067188,0.0279,0.9811,0.1446,0.992
4.784491688,0.0281,0.9816,0.1388,0.992
4.784924111,0.0288,0.9804,0.1353,0.990
4.78533165,0.0291,0.9802,0.1319,0.989
4.785748958,0.0296,0.9811,0.1280,0.990
4.786162458,0.0293,0.9816,0.1268,0.990
4.786697919,0.0288,0.9814,0.1244,0.990
4.787118188,0.0281,0.9816,0.1219,0.990
4.790566035,0.0281,0.9838,0.1200,0.992
4.791308611,0.0264,0.9841,0.1246,0.992
4.792505996,0.0261,0.9838,0.1273,0.992
4.794411342,0.0249,0.9824,0.1305,0.991
4.796592919,0.0235,0.9843,0.1366,0.994
4.798552996,0.0254,0.9848,0.1380,0.995
4.800473688,0.0254,0.9860,0.1410,0.996
4.803380073,0.0254,0.9858,0.1412,0.996
4.805109611,0.0269,0.9838,0.1410,0.994
4.806560227,0.0269,0.9836,0.1429,0.994
4.809607996,0.0286,0.9843,0.1434,0.995
4.811494035,0.0271,0.9831,0.1449,0.994
4.812971419,0.0264,0.9831,0.1459,0.994
4.814336958,0.0259,0.9836,0.1495,0.995
4.816254035,0.0254,0.9838,0.1559,0.996
4.818207919,0.0257,0.9831,0.1605,0.996
4.821685188,0.0239,0.9821,0.1695,0.997
4.823886227,0.0237,0.9819,0.1720,0.997
4.826013535,0.0249,0.9816,0.1781,0.998
4.827267996,0.0244,0.9811,0.1810,0.998
4.828537958,0.0244,0.9806,0.1823,0.998
4.829859265,0.0261,0.9806,0.1849,0.998
4.831888111,0.0283,0.9806,0.1835,0.998
4.833805227,0.0283,0.9809,0.1827,0.998
4.835808265,0.0274,0.9809,0.1793,0.998
4.845589958,0.0274,0.9806,0.1769,0.997
4.847071458,0.0271,0.9819,0.1727,0.997
4.848101611,0.0274,0.9814,0.1669,0.996
4.849043265,0.0274,0.9826,0.1637,0.997
4.850096573,0.0244,0.9838,0.1559,0.996
4.851018035,0.0237,0.9853,0.1532,0.997
4.851327727,0.0232,0.9855,0.1446,0.996
4.85156665,0.0227,0.9863,0.1383,0.996
4.870862111,0.0225,0.9872,0.1336,0.996
4.872361765,0.0198,0.9894,0.1263,0.998
4.873468188,0.0198,0.9914,0.1185,0.999
4.874207496,0.0195,0.9907,0.1148,0.997
4.875273611,0.0151,0.9929,0.1109,0.999
4.876338419,0.0142,0.9929,0.1092,0.999
4.877433573,0.0134,0.9943,0.1046,1.000
4.878320611,0.0132,0.9958,0.1009,1.001
4.879416265,0.0122,0.9968,0.1002,1.002
4.880233996,0.0105,0.9968,0.0972,1.002
4.880941881,0.0100,0.9968,0.0972,1.002
4.881691573,0.0115,0.9960,0.0975,1.001
4.882358265,0.0142,0.9960,0.0999,1.001
4.883417073,0.0144,0.9941,0.0994,0.999
4.884198573,0.0144,0.9938,0.1009,0.999
4.885064958,0.0166,0.9943,0.1031,1.000
4.885771188,0.0173,0.9929,0.1051,0.999
4.888418381,0.0200,0.9924,0.1077,0.998
4.88975815,0.0200,0.9936,0.1087,1.000
4.891047496,0.0213,0.9938,0.1116,1.000
4.89309615,0.0222,0.9924,0.1151,0.999
4.895009381,0.0227,0.9924,0.1168,0.999
4.896899688,0.0235,0.9953,0.1209,1.003
4.899199881,0.0239,0.9958,0.1263,1.004
4.901022381,0.0244,0.9951,0.1287,1.004
4.903029842,0.0230,0.9977,0.1329,1.007
4.905715534,0.0230,0.9987,0.1346,1.008
4.907163881,0.0239,0.9970,0.1395,1.007
4.908869765,0.0222,0.9977,0.1446,1.008
4.910938458,0.0213,0.9973,0.1478,1.008
4.912910111,0.0217,0.9960,0.1529,1.008
4.915050688,0.0210,0.9963,0.1571,1.009
4.916921573,0.0220,0.9968,0.1593,1.010
4.918955611,0.0225,0.9960,0.1639,1.010
4.921692227,0.0232,0.9948,0.1652,1.009
4.923307919,0.0271,0.9931,0.1678,1.008
4.924826073,0.0274,0.9916,0.1703,1.007
4.926773842,0.0269,0.9909,0.1717,1.006
4.928673688,0.0279,0.9902,0.1735,1.006
4.931385996,0.0298,0.9890,0.1766,1.005
4.932842919,0.0310,0.9890,0.1781,1.005
4.934642073,0.0313,0.9882,0.1786,1.005
4.936758881,0.0313,0.9880,0.1791,1.005
4.939778765,0.0322,0.9872,0.1805,1.004
4.941295804,0.0308,0.9858,0.1813,1.003
4.942611958,0.0300,0.9863,0.1820,1.003
4.944503842,0.0291,0.9850,0.1815,1.002
4.946439765,0.0266,0.9831,0.1820,1.000
4.948529034,0.0264,0.9821,0.1810,0.999
4.950589073,0.0259,0.9824,0.1796,0.999
4.952474188,0.0259,0.9824,0.1779,0.999
4.962828111,0.0215,0.9816,0.1761,0.998
4.964247304,0.0183,0.9787,0.1749,0.994
4.965304957,0.0183,0.9772,0.1744,0.993
4.966484034,0.0183,0.9789,0.1713,0.994
4.967469727,0.0178,0.9782,0.1700,0.993
4.96789365,0.0173,0.9765,0.1683,0.991
4.968302804,0.0134,0.9775,0.1647,0.991
4.968706034,0.0132,0.9770,0.1632,0.991
4.970186304,0.0110,0.9765,0.1608,0.990
4.995854457,0.0090,0.9760,0.1588,0.989
4.997322996,0.0095,0.9758,0.1561,0.988
4.998636919,0.0078,0.9753,0.1534,0.987
4.999518611,0.0066,0.9753,0.1532,0.987
5.000684419,0.0049,0.9745,0.1520,0.986
5.001642804,0.0029,0.9755,0.1502,0.987
5.002767688,0.0024,0.9750,0.1488,0.986
5.004009073,0.0012,0.9736,0.1502,0.985
5.005276534,0.0015,0.9733,0.1480,0.985
5.006372727,0.0007,0.9750,0.1476,0.986
5.007277881,-0.0007,0.9750,0.1480,0.986
5.008225457,-0.0017,0.9745,0.1471,0.986
5.008879688,-0.0017,0.9738,0.1480,0.985
5.009669381,-0.0024,0.9726,0.1483,0.984
5.010457727,-0.0020,0.9714,0.1483,0.983
5.011452765,-0.0007,0.9723,0.1498,0.984
5.012305996,0.0000,0.9723,0.1493,0.984
5.01294215,0.0005,0.9731,0.1490,0.984
5.013807073,0.0020,0.9736,0.1495,0.985
5.014620804,0.0017,0.9736,0.1498,0.985
5.015479919,0.0034,0.9731,0.1495,0.984
5.01637865,0.0044,0.9738,0.1498,0.985
5.017116111,0.0046,0.9743,0.1500,0.986
5.018008996,0.0054,0.9753,0.1505,0.987
5.020777957,0.0059,0.9753,0.1515,0.987
5.022604534,0.0073,0.9758,0.1537,0.988
5.023700611,0.0081,0.9770,0.1554,0.989
5.025534265,0.0090,0.9770,0.1566,0.989
5.027703304,0.0093,0.9775,0.1590,0.990
5.029435919,0.0086,0.9765,0.1637,0.990
5.031578804,0.0083,0.9780,0.1661,0.992
5.033325957,0.0093,0.9799,0.1700,0.995
5.035366381,0.0093,0.9804,0.1710,0.995
5.038826496,0.0110,0.9804,0.1730,0.996
5.040515111,0.0117,0.9799,0.1747,0.995
5.041672881,0.0115,0.9792,0.1737,0.995
5.04343665,0.0132,0.9797,0.1705,0.994
5.045234381,0.0139,0.9814,0.1695,0.996
5.047246765,0.0137,0.9814,0.1676,0.996
5.049281419,0.0139,0.9816,0.1666,0.996
5.051305957,0.0127,0.9811,0.1683,0.996
5.053273573,0.0127,0.9811,0.1666,0.995
5.062941034,0.0115,0.9821,0.1669,0.996
5.064450842,0.0107,0.9821,0.1659,0.996
5.065333342,0.0107,0.9831,0.1639,0.997
5.066332765,0.0120,0.9833,0.1627,0.997
5.067144957,0.0120,0.9836,0.1620,0.997
5.068437496,0.0120,0.9838,0.1610,0.997
5.06886838,0.0125,0.9841,0.1600,0.997
5.069133073,0.0129,0.9843,0.1588,0.997
5.084628111,0.0132,0.9853,0.1573,0.998
5.085311996,0.0134,0.9858,0.1564,0.998
5.085643342,0.0129,0.9858,0.1539,0.998
5.085908265,0.0122,0.9843,0.1539,0.996
5.086186419,0.0125,0.9850,0.1522,0.997
5.086446534,0.0107,0.9853,0.1505,0.997
5.086778111,0.0105,0.9863,0.1495,0.998
5.087056842,0.0083,0.9880,0.1480,0.999
5.087342188,0.0073,0.9894,0.1476,1.000
5.09668115,0.0098,0.9887,0.1466,1.000
5.097348919,0.0100,0.9880,0.1480,0.999
5.097633996,0.0105,0.9885,0.1480,1.000
5.097889034,0.0107,0.9880,0.1473,0.999
5.098138188,0.0095,0.9882,0.1476,0.999
5.098432034,0.0107,0.9882,0.1480,0.999
5.100805188,0.0129,0.9882,0.1483,0.999
5.102854765,0.0134,0.9887,0.1485,1.000
5.105358996,0.0132,0.9877,0.1483,0.999
5.106439996,0.0132,0.9887,0.1476,1.000
5.108694073,0.0139,0.9890,0.1471,1.000
5.110343419,0.0112,0.9897,0.1478,1.001
5.11242938,0.0098,0.9902,0.1485,1.001
5.114313996,0.0090,0.9907,0.1483,1.002
5.116393342,0.0076,0.9916,0.1480,1.003
5.118213496,0.0081,0.9926,0.1485,1.004
5.12059688,0.0090,0.9924,0.1493,1.004
5.122708727,0.0086,0.9921,0.1495,1.003
5.125081227,0.0076,0.9919,0.1498,1.003
5.126013727,0.0049,0.9929,0.1515,1.004
5.12821088,0.0042,0.9926,0.1510,1.004
5.129992996,0.0051,0.9933,0.1500,1.005
5.132245996,0.0049,0.9936,0.1537,1.005
5.133939034,0.0049,0.9933,0.1554,1.005
5.13623088,0.0046,0.9948,0.1556,1.007
5.138887611,0.0056,0.9948,0.1564,1.007
5.140032265,0.0066,0.9955,0.1568,1.008
5.141800227,0.0046,0.9948,0.1566,1.007
5.144129842,0.0051,0.9946,0.1564,1.007
5.145851496,0.0068,0.9941,0.1566,1.006
5.148001419,0.0064,0.9929,0.1566,1.005
5.149735727,0.0071,0.9938,0.1561,1.006
5.152164034,0.0100,0.9946,0.1554,1.007
5.157627073,0.0071,0.9938,0.1564,1.006
5.158185265,0.0066,0.9931,0.1568,1.005
5.158444227,0.0088,0.9924,0.1571,1.005
5.160240265,0.0086,0.9919,0.1576,1.004
5.161620804,0.0105,0.9899,0.1554,1.002
5.164058342,0.0105,0.9907,0.1561,1.003
5.165577842,0.0100,0.9904,0.1561,1.003
5.16836088,0.0110,0.9887,0.1566,1.001
5.169521611,0.0110,0.9875,0.1554,1.000
5.178986265,0.0117,0.9875,0.1556,1.000
5.179780727,0.0095,0.9875,0.1544,1.000
5.180146534,0.0086,0.9875,0.1537,0.999
5.180512419,0.0110,0.9858,0.1542,0.998
5.180879842,0.0125,0.9855,0.1532,0.997
5.181492996,0.0127,0.9848,0.1537,0.997
5.183783842,0.0137,0.9836,0.1546,0.996
5.185288534,0.0134,0.9826,0.1546,0.995
5.187294303,0.0129,0.9811,0.1532,0.993
5.189506534,0.0112,0.9799,0.1534,0.992
5.191926034,0.0100,0.9794,0.1532,0.991
5.193653534,0.0100,0.9777,0.1532,0.990
5.195899919,0.0115,0.9755,0.1537,0.988
5.197248919,0.0115,0.9750,0.1534,0.987
5.199719765,0.0122,0.9745,0.1529,0.987
5.201252188,0.0125,0.9736,0.1529,0.986
5.203696611,0.0122,0.9748,0.1537,0.987
5.206112688,0.0129,0.9745,0.1534,0.987
5.207813765,0.0127,0.9743,0.1534,0.986
5.209159842,0.0120,0.9738,0.1532,0.986
5.211710227,0.0129,0.9726,0.1527,0.985
5.21334838,0.0137,0.9731,0.1532,0.985
5.215720188,0.0154,0.9736,0.1534,0.986
5.217102842,0.0154,0.9743,0.1534,0.986
5.219097573,0.0144,0.9755,0.1544,0.988
5.22186915,0.0161,0.9762,0.1539,0.988
5.223081534,0.0159,0.9765,0.1524,0.988
5.22491038,0.0169,0.9745,0.1539,0.987
5.227075957,0.0176,0.9748,0.1551,0.987
5.229110073,0.0178,0.9760,0.1539,0.988
5.230858842,0.0183,0.9750,0.1544,0.987
5.232912496,0.0183,0.9745,0.1551,0.987
5.23507815,0.0178,0.9753,0.1542,0.988
5.23700188,0.0186,0.9765,0.1529,0.989
5.240500034,0.0191,0.9772,0.1517,0.989
5.242071765,0.0193,0.9797,0.1520,0.992
5.24361688,0.0195,0.9804,0.1527,0.992
5.244876111,0.0210,0.9794,0.1532,0.992
5.24679165,0.0203,0.9802,0.1527,0.992
5.248930534,0.0200,0.9811,0.1537,0.993
5.25072288,0.0215,0.9804,0.1539,0.993
5.252801727,0.0213,0.9816,0.1534,0.994
5.254950303,0.0200,0.9819,0.1546,0.994
5.264023996,0.0203,0.9824,0.1539,0.995
5.265489073,0.0210,0.9824,0.1532,0.994
5.26668538,0.0205,0.9836,0.1532,0.996
5.267772457,0.0200,0.9855,0.1527,0.997
5.26876038,0.0203,0.9863,0.1527,0.998
5.269621919,0.0203,0.9865,0.1524,0.998
5.271653457,0.0217,0.9875,0.1534,1.000
5.272521342,0.0205,0.9885,0.1517,1.000
5.273085842,0.0176,0.9868,0.1524,0.999
5.287037265,0.0186,0.9865,0.1532,0.999
5.28791138,0.0183,0.9863,0.1520,0.998
5.288359303,0.0188,0.9885,0.1515,1.000
5.28875765,0.0193,0.9885,0.1512,1.000
5.28915515,0.0215,0.9880,0.1510,1.000
5.289556765,0.0178,0.9877,0.1524,1.000
5.289952996,0.0176,0.9875,0.1527,0.999
5.290946611,0.0183,0.9887,0.1522,1.001
5.291431611,0.0176,0.9897,0.1512,1.001
5.292197534,0.0186,0.9897,0.1507,1.001
5.294302803,0.0188,0.9899,0.1515,1.002
5.296801803,0.0178,0.9894,0.1512,1.001
5.298164073,0.0193,0.9899,0.1495,1.001
5.30059565,0.0164,0.9890,0.1505,1.000
5.302177188,0.0164,0.9885,0.1510,1.000
5.304384342,0.0176,0.9863,0.1507,0.998
5.306608957,0.0166,0.9870,0.1502,0.999
5.307937957,0.0164,0.9880,0.1517,1.000
5.309844726,0.0156,0.9870,0.1510,0.999
5.312562803,0.0154,0.9868,0.1498,0.998
5.31395988,0.0151,0.9865,0.1505,0.998
5.31640265,0.0142,0.9870,0.1500,0.998
5.317889073,0.0144,0.9880,0.1502,0.999
5.320295611,0.0151,0.9880,0.1498,0.999
5.32275738,0.0144,0.9880,0.1490,0.999
5.324642611,0.0144,0.9880,0.1493,0.999
5.325902726,0.0147,0.9885,0.1473,0.999
5.32800515,0.0149,0.9885,0.1478,1.000
5.329758188,0.0149,0.9868,0.1483,0.998
5.331909226,0.0149,0.9863,0.1488,0.998
5.333839957,0.0154,0.9875,0.1488,0.999
5.335946457,0.0134,0.9882,0.1505,1.000
5.33970988,0.0127,0.9890,0.1502,1.000
5.34095188,0.0122,0.9887,0.1510,1.000
5.342761957,0.0125,0.9872,0.1500,0.999
5.343955265,0.0127,0.9882,0.1510,1.000
5.345447803,0.0125,0.9882,0.1512,1.000
5.347722265,0.0125,0.9870,0.1522,0.999
5.349395726,0.0122,0.9870,0.1524,0.999
5.351508996,0.0107,0.9872,0.1512,0.999
5.353352226,0.0100,0.9877,0.1517,0.999
5.362790534,0.0095,0.9870,0.1549,0.999
5.364126303,0.0110,0.9872,0.1537,0.999
5.365065803,0.0107,0.9858,0.1554,0.998
5.366050919,0.0107,0.9850,0.1537,0.997
5.367253226,0.0098,0.9843,0.1532,0.996
5.368190034,0.0107,0.9843,0.1544,0.996
5.369072111,0.0117,0.9836,0.1564,0.996
5.369892188,0.0112,0.9841,0.1564,0.996
5.385096803,0.0117,0.9838,0.1578,0.996
5.386391342,0.0115,0.9838,0.1576,0.996
5.387523803,0.0120,0.9833,0.1576,0.996
5.38836265,0.0120,0.9833,0.1578,0.996
5.389394419,0.0120,0.9833,0.1595,0.996
5.390422726,0.0110,0.9821,0.1603,0.995
5.391436034,0.0127,0.9826,0.1605,0.996
5.392388265,0.0120,0.9826,0.1605,0.996
5.393249803,0.0115,0.9819,0.1605,0.995
5.393893611,0.0127,0.9819,0.1603,0.995
5.394734073,0.0129,0.9831,0.1603,0.996
5.395507957,0.0107,0.9826,0.1608,0.996
5.396139996,0.0098,0.9821,0.1617,0.995
5.396990649,0.0098,0.9809,0.1595,0.994
5.399527265,0.0088,0.9814,0.1586,0.994
5.400881765,0.0086,0.9792,0.1588,0.992
5.402672342,0.0090,0.9797,0.1571,0.992
5.408642649,0.0076,0.9804,0.1581,0.993
5.410155034,0.0059,0.9804,0.1568,0.993
5.411323073,0.0056,0.9799,0.1564,0.992
5.412417842,0.0066,0.9806,0.1546,0.993
5.413209265,0.0054,0.9806,0.1524,0.992
5.414353726,0.0034,0.9804,0.1517,0.992
5.416607034,0.0022,0.9794,0.1498,0.991
5.418254611,0.0015,0.9811,0.1476,0.992
5.420472688,0.0020,0.9824,0.1441,0.993
5.423432188,0.0010,0.9824,0.1432,0.993
5.424891342,0.0000,0.9826,0.1417,0.993
5.426454996,-0.0002,0.9826,0.1385,0.992
5.428348303,0.0002,0.9826,0.1353,0.992
5.430278611,0.0002,0.9821,0.1336,0.991
5.432148649,0.0002,0.9828,0.1309,0.992
5.434156996,0.0007,0.9831,0.1295,0.992
5.436220842,0.0022,0.9833,0.1295,0.992
5.439625957,0.0044,0.9833,0.1292,0.992
5.441106034,0.0049,0.9831,0.1302,0.992
5.442834919,0.0044,0.9841,0.1297,0.993
5.444757919,0.0066,0.9836,0.1300,0.992
5.445999265,0.0073,0.9833,0.1285,0.992
5.448315419,0.0098,0.9828,0.1251,0.991
5.450079765,0.0122,0.9833,0.1219,0.991
5.45232188,0.0129,0.9838,0.1202,0.991
5.454389726,0.0154,0.9848,0.1165,0.992
5.464547188,0.0161,0.9841,0.1151,0.991
5.465984457,0.0169,0.9853,0.1129,0.992
5.467090303,0.0188,0.9841,0.1124,0.991
5.467420726,0.0191,0.9848,0.1107,0.991
5.467660419,0.0205,0.9860,0.1109,0.992
5.470006342,0.0220,0.9860,0.1124,0.993
5.470265957,0.0220,0.9858,0.1148,0.993
5.470488149,0.0203,0.9870,0.1195,0.994
5.484353342,0.0200,0.9872,0.1226,0.995
5.484953342,0.0198,0.9885,0.1314,0.997
5.485204226,0.0210,0.9885,0.1390,0.998
5.485434726,0.0217,0.9887,0.1419,0.999
5.485671188,0.0220,0.9890,0.1451,1.000
5.485907957,0.0217,0.9892,0.1463,1.000
5.486130149,0.0213,0.9875,0.1500,0.999
5.486356034,0.0222,0.9882,0.1527,1.000
5.487726842,0.0215,0.9892,0.1559,1.002
5.493071342,0.0215,0.9892,0.1620,1.003
5.493536342,0.0193,0.9894,0.1678,1.004
5.493794573,0.0188,0.9880,0.1715,1.003
5.49559438,0.0193,0.9855,0.1786,1.002
5.497439303,0.0181,0.9855,0.1825,1.002
5.499698303,0.0173,0.9860,0.1893,1.004
5.501634688,0.0178,0.9858,0.1976,1.006
5.503553688,0.0181,0.9853,0.2008,1.006
5.506009111,0.0171,0.9863,0.2055,1.008
5.507790419,0.0200,0.9858,0.2101,1.008
5.509291996,0.0205,0.9848,0.2123,1.008
5.511452419,0.0213,0.9850,0.2121,1.008
5.513039688,0.0217,0.9850,0.2121,1.008
5.515250572,0.0222,0.9848,0.2079,1.007
5.517386649,0.0222,0.9821,0.2079,1.004
5.519273034,0.0208,0.9819,0.2064,1.004
5.52131138,0.0195,0.9833,0.1984,1.003
5.523950726,0.0195,0.9836,0.1952,1.003
5.525135726,0.0188,0.9828,0.1898,1.001
5.527187611,0.0159,0.9848,0.1813,1.001
5.529297188,0.0149,0.9848,0.1781,1.001
5.53119988,0.0159,0.9843,0.1713,0.999
5.533090265,0.0147,0.9841,0.1659,0.998
5.534970188,0.0134,0.9865,0.1627,1.000
5.536848534,0.0100,0.9868,0.1561,0.999
5.539851303,0.0090,0.9858,0.1524,0.998
5.541297688,0.0064,0.9868,0.1478,0.998
5.543094649,0.0042,0.9880,0.1437,0.998
5.544832842,0.0032,0.9892,0.1429,0.999
5.546902149,0.0034,0.9892,0.1395,0.999
5.54908038,0.0029,0.9894,0.1363,0.999
5.550838265,0.0024,0.9892,0.1349,0.998
5.552947072,0.0039,0.9885,0.1327,0.997
5.562180149,0.0054,0.9887,0.1327,0.998
5.563442803,0.0049,0.9885,0.1351,0.998
5.564175534,0.0051,0.9863,0.1356,0.996
5.565124688,0.0059,0.9870,0.1349,0.996
5.565987572,0.0090,0.9868,0.1371,0.996
5.567081034,0.0107,0.9826,0.1375,0.992
5.567807726,0.0115,0.9824,0.1375,0.992
5.568901111,0.0132,0.9824,0.1395,0.992
5.570784419,0.0137,0.9824,0.1417,0.993
5.584888342,0.0173,0.9811,0.1459,0.992
5.586359572,0.0186,0.9802,0.1483,0.991
5.587356611,0.0188,0.9799,0.1498,0.991
5.58863738,0.0205,0.9816,0.1534,0.994
5.589804265,0.0215,0.9797,0.1581,0.993
5.591074457,0.0203,0.9797,0.1595,0.993
5.592049572,0.0183,0.9804,0.1637,0.994
5.592880111,0.0183,0.9802,0.1664,0.994
5.593526803,0.0188,0.9797,0.1717,0.995
5.594281803,0.0188,0.9780,0.1747,0.994
5.595382572,0.0188,0.9782,0.1757,0.994
5.59630138,0.0188,0.9765,0.1796,0.993
5.59828138,0.0178,0.9758,0.1830,0.993
5.599445111,0.0173,0.9758,0.1849,0.993
5.600584688,0.0188,0.9753,0.1857,0.993
5.603486226,0.0188,0.9767,0.1867,0.995
5.605384803,0.0176,0.9787,0.1908,0.997
5.606997957,0.0181,0.9797,0.1908,0.998
5.608555534,0.0181,0.9797,0.1898,0.998
5.610320611,0.0181,0.9794,0.1896,0.998
5.612313995,0.0169,0.9787,0.1901,0.997
5.614029957,0.0164,0.9775,0.1901,0.996
5.616298226,0.0171,0.9780,0.1879,0.996
5.618135957,0.0166,0.9789,0.1871,0.997
5.620520419,0.0173,0.9802,0.1849,0.998
5.622272303,0.0156,0.9816,0.1810,0.998
5.624326534,0.0161,0.9814,0.1801,0.998
5.625821534,0.0142,0.9814,0.1805,0.998
5.627963111,0.0147,0.9819,0.1793,0.998
5.629764919,0.0144,0.9819,0.1757,0.998
5.63194788,0.0127,0.9821,0.1720,0.997
5.633745649,0.0112,0.9819,0.1715,0.997
5.635823188,0.0112,0.9826,0.1681,0.997
5.637750188,0.0117,0.9821,0.1661,0.996
5.640566572,0.0122,0.9804,0.1644,0.994
5.642728034,0.0110,0.9826,0.1603,0.996
5.643741149,0.0086,0.9824,0.1598,0.995
5.645555342,0.0090,0.9833,0.1595,0.996
5.647686995,0.0076,0.9828,0.1586,0.996
5.649799919,0.0071,0.9821,0.1561,0.994
5.651687534,0.0064,0.9831,0.1537,0.995
5.653521419,0.0064,0.9833,0.1534,0.995
5.659076649,0.0071,0.9833,0.1524,0.995
5.659644726,0.0083,0.9843,0.1534,0.996
5.659893765,0.0088,0.9836,0.1542,0.996
5.661545149,0.0090,0.9836,0.1522,0.995
5.663512342,0.0090,0.9850,0.1534,0.997
5.665355572,0.0105,0.9838,0.1544,0.996
5.66746988,0.0093,0.9836,0.1573,0.996
5.669196303,0.0098,0.9831,0.1571,0.996
5.671226726,0.0117,0.9816,0.1559,0.994
5.681914726,0.0125,0.9816,0.1561,0.994
5.683206572,0.0120,0.9826,0.1566,0.995
5.683957995,0.0117,0.9824,0.1586,0.995
5.684604534,0.0117,0.9826,0.1595,0.996
5.685407034,0.0120,0.9816,0.1608,0.995
5.686665034,0.0139,0.9809,0.1617,0.994
5.687655957,0.0147,0.9804,0.1622,0.994
5.688547649,0.0151,0.9811,0.1627,0.995
5.691158803,0.0166,0.9799,0.1625,0.993
5.692532072,0.0169,0.9802,0.1612,0.993
5.693507842,0.0171,0.9802,0.1630,0.994
5.697034534,0.0166,0.9806,0.1634,0.994
5.698080688,0.0169,0.9821,0.1644,0.996
5.69946688,0.0183,0.9814,0.1632,0.995
5.701054111,0.0186,0.9809,0.1630,0.995
5.70319488,0.0193,0.9797,0.1661,0.994
5.705227111,0.0186,0.9787,0.1671,0.993
5.708117534,0.0183,0.9780,0.1673,0.992
5.709697765,0.0188,0.9789,0.1688,0.994
5.711176726,0.0181,0.9789,0.1700,0.994
5.713152803,0.0178,0.9782,0.1739,0.994
5.714743303,0.0178,0.9782,0.1774,0.994
5.716800457,0.0186,0.9784,0.1783,0.995
5.718780918,0.0183,0.9784,0.1776,0.995
5.720797303,0.0183,0.9792,0.1774,0.995
5.724127803,0.0178,0.9782,0.1786,0.995
5.725569149,0.0169,0.9784,0.1771,0.994
5.726647149,0.0164,0.9784,0.1757,0.994
5.728631149,0.0164,0.9804,0.1747,0.996
5.730644918,0.0161,0.9797,0.1730,0.995
5.732833918,0.0164,0.9792,0.1722,0.994
5.734814418,0.0154,0.9787,0.1720,0.994
5.736646572,0.0139,0.9782,0.1717,0.993
5.738697957,0.0147,0.9782,0.1715,0.993
5.741447342,0.0161,0.9787,0.1705,0.994
5.743038265,0.0159,0.9794,0.1693,0.994
5.744552726,0.0142,0.9802,0.1676,0.994
5.74654988,0.0156,0.9802,0.1654,0.994
5.748639418,0.0164,0.9814,0.1647,0.995
5.750381111,0.0149,0.9811,0.1642,0.995
5.752570842,0.0139,0.9809,0.1639,0.995
5.754335111,0.0125,0.9814,0.1630,0.995
5.764841149,0.0127,0.9816,0.1637,0.995
5.766274688,0.0117,0.9826,0.1632,0.996
5.767420188,0.0088,0.9826,0.1610,0.996
5.768467688,0.0088,0.9828,0.1595,0.996
5.76943788,0.0095,0.9824,0.1598,0.995
5.770542726,0.0095,0.9841,0.1586,0.997
5.771384765,0.0081,0.9850,0.1605,0.998
5.772423495,0.0076,0.9855,0.1600,0.998
5.773864611,0.0073,0.9860,0.1603,0.999
5.787377226,0.0068,0.9877,0.1608,1.001
5.788774342,0.0078,0.9880,0.1627,1.001
5.789878957,0.0086,0.9875,0.1630,1.001
5.790835303,0.0090,0.9875,0.1652,1.001
5.791850265,0.0098,0.9877,0.1617,1.001
5.792863188,0.0100,0.9872,0.1610,1.000
5.793929995,0.0103,0.9865,0.1642,1.000
5.79517988,0.0107,0.9875,0.1656,1.001
5.796248265,0.0110,0.9880,0.1656,1.002
5.797026342,0.0098,0.9880,0.1644,1.002
5.797795572,0.0093,0.9877,0.1652,1.001
5.798629457,0.0105,0.9887,0.1695,1.003
5.799393495,0.0107,0.9885,0.1688,1.003
5.800482688,0.0105,0.9877,0.1688,1.002
5.801882226,0.0105,0.9875,0.1700,1.002
5.804038765,0.0088,0.9870,0.1717,1.002
5.80721738,0.0073,0.9868,0.1715,1.002
5.808576111,0.0086,0.9872,0.1725,1.002
5.809851957,0.0086,0.9865,0.1722,1.001
5.812032842,0.0081,0.9870,0.1713,1.002
5.814138957,0.0073,0.9865,0.1730,1.002
5.815829457,0.0076,0.9875,0.1737,1.003
5.817736995,0.0095,0.9887,0.1744,1.004
5.819844649,0.0093,0.9875,0.1747,1.003
5.821664303,0.0100,0.9865,0.1747,1.002
5.824560303,0.0090,0.9850,0.1752,1.001
5.826133111,0.0083,0.9850,0.1757,1.001
5.827751034,0.0083,0.9860,0.1764,1.002
5.829434418,0.0112,0.9850,0.1757,1.001
5.831577226,0.0115,0.9860,0.1757,1.002
5.833429572,0.0107,0.9855,0.1754,1.001
5.835402149,0.0125,0.9860,0.1752,1.002
5.837314803,0.0125,0.9870,0.1754,1.003
5.839881611,0.0134,0.9865,0.1742,1.002
5.842457226,0.0137,0.9860,0.1735,1.001
5.843928918,0.0137,0.9850,0.1727,1.000
5.845470688,0.0129,0.9872,0.1715,1.002
5.847448188,0.0120,0.9872,0.1703,1.002
5.849221457,0.0105,0.9868,0.1695,1.001
5.85139988,0.0107,0.9858,0.1686,1.000
5.853315226,0.0117,0.9846,0.1681,0.999
5.855333418,0.0127,0.9865,0.1669,1.001
5.863695111,0.0125,0.9872,0.1673,1.001
5.865232534,0.0132,0.9843,0.1669,0.998
5.866236495,0.0129,0.9846,0.1661,0.999
5.867265226,0.0125,0.9853,0.1649,0.999
5.867570457,0.0122,0.9848,0.1630,0.998
5.867804803,0.0110,0.9831,0.1620,0.996
5.869053418,0.0105,0.9828,0.1620,0.996
5.871224303,0.0129,0.9821,0.1612,0.995
5.88293138,0.0127,0.9826,0.1608,0.996
5.883441803,0.0125,0.9816,0.1615,0.995
5.883701649,0.0122,0.9831,0.1583,0.996
5.883934649,0.0112,0.9826,0.1578,0.995
5.884170726,0.0107,0.9814,0.1573,0.994
5.884394611,0.0105,0.9816,0.1578,0.994
5.884891111,0.0129,0.9821,0.1573,0.995
5.886738957,0.0132,0.9819,0.1556,0.994
5.890729149,0.0122,0.9821,0.1564,0.995
5.891267341,0.0122,0.9811,0.1576,0.994
5.892660995,0.0117,0.9799,0.1559,0.992
5.894483226,0.0098,0.9787,0.1554,0.991
5.89653388,0.0100,0.9802,0.1578,0.993
5.898603149,0.0107,0.9797,0.1581,0.992
5.900557995,0.0132,0.9794,0.1568,0.992
5.902419303,0.0125,0.9802,0.1564,0.993
5.904505534,0.0120,0.9802,0.1561,0.993
5.907016688,0.0120,0.9775,0.1573,0.990
5.908937611,0.0115,0.9770,0.1571,0.990
5.910262649,0.0112,0.9789,0.1581,0.992
5.912553726,0.0105,0.9784,0.1583,0.991
5.914229803,0.0090,0.9775,0.1576,0.990
5.916470688,0.0095,0.9794,0.1590,0.992
5.918095611,0.0112,0.9799,0.1593,0.993
5.920557803,0.0110,0.9780,0.1586,0.991
5.923679457,0.0090,0.9797,0.1571,0.992
5.925985226,0.0088,0.9804,0.1573,0.993
5.927206418,0.0110,0.9799,0.1578,0.993
5.929002534,0.0105,0.9797,0.1568,0.992
5.930104764,0.0098,0.9799,0.1573,0.993
5.93233888,0.0117,0.9787,0.1568,0.991
5.933995688,0.0127,0.9792,0.1586,0.992
5.936347534,0.0117,0.9804,0.1593,0.993
5.938046803,0.0105,0.9816,0.1566,0.994
5.941263226,0.0117,0.9824,0.1566,0.995
5.94278788,0.0125,0.9841,0.1573,0.997
5.944314457,0.0120,0.9858,0.1571,0.998
5.946114457,0.0115,0.9850,0.1568,0.998
5.948173572,0.0112,0.9836,0.1578,0.996
5.950028111,0.0115,0.9841,0.1578,0.997
5.952082649,0.0125,0.9848,0.1561,0.997
5.954157264,0.0129,0.9841,0.1551,0.996
5.964031188,0.0115,0.9841,0.1559,0.996
5.965204111,0.0107,0.9860,0.1581,0.999
5.965993841,0.0105,0.9855,0.1581,0.998
5.966952726,0.0112,0.9850,0.1578,0.998
5.967825572,0.0110,0.9855,0.1578,0.998
5.969601303,0.0100,0.9865,0.1593,0.999
5.970313918,0.0103,0.9850,0.1586,0.998
5.971176957,0.0115,0.9870,0.1595,1.000
5.985744111,0.0112,0.9865,0.1603,1.000
5.987267611,0.0105,0.9877,0.1605,1.001
5.988253149,0.0107,0.9892,0.1615,1.002
5.989412226,0.0107,0.9887,0.1600,1.002
5.990701572,0.0120,0.9868,0.1593,1.000
5.991855726,0.0098,0.9868,0.1598,1.000
5.993051495,0.0103,0.9877,0.1610,1.001
5.994117764,0.0100,0.9897,0.1603,1.003
5.995026572,0.0110,0.9892,0.1605,1.002
5.995984188,0.0110,0.9892,0.1620,1.002
5.996681341,0.0095,0.9875,0.1625,1.001
5.997414803,0.0095,0.9890,0.1620,1.002
5.998202841,0.0112,0.9877,0.1605,1.001
5.999237149,0.0115,0.9880,0.1605,1.001
6.000103072,0.0110,0.9877,0.1608,1.001
6.002428303,0.0095,0.9868,0.1620,1.000
6.003870764,0.0098,0.9868,0.1630,1.000
6.010410034,0.0132,0.9877,0.1642,1.001
6.012177341,0.0112,0.9858,0.1608,0.999
6.013182264,0.0125,0.9855,0.1598,0.998
6.014734072,0.0127,0.9860,0.1627,0.999
6.015778688,0.0117,0.9850,0.1634,0.999
6.016461688,0.0122,0.9860,0.1625,0.999
6.017368034,0.0100,0.9848,0.1595,0.998
6.019310188,0.0095,0.9848,0.1588,0.998
6.021347072,0.0112,0.9843,0.1588,0.997
6.024377841,0.0107,0.9853,0.1593,0.998
6.025952726,0.0103,0.9850,0.1583,0.998
6.027135803,0.0110,0.9843,0.1600,0.997
6.029033418,0.0117,0.9838,0.1595,0.997
6.031094418,0.0139,0.9846,0.1593,0.997
6.032994072,0.0139,0.9858,0.1581,0.998
6.035095111,0.0132,0.9843,0.1573,0.997
6.03712488,0.0134,0.9855,0.1566,0.998
6.039292111,0.0144,0.9848,0.1564,0.997
6.04205188,0.0144,0.9833,0.1561,0.996
6.043515303,0.0142,0.9824,0.1578,0.995
6.045133457,0.0144,0.9821,0.1576,0.995
6.04701188,0.0144,0.9821,0.1568,0.995
6.04894638,0.0139,0.9826,0.1578,0.995
6.050840264,0.0134,0.9828,0.1581,0.996
6.052839034,0.0154,0.9828,0.1576,0.996
6.054900957,0.0159,0.9836,0.1568,0.996
6.064156534,0.0161,0.9848,0.1568,0.997
6.065531534,0.0156,0.9838,0.1573,0.996
6.06669138,0.0149,0.9843,0.1578,0.997
6.067766649,0.0166,0.9836,0.1598,0.997
6.068732572,0.0173,0.9826,0.1593,0.996
6.069516534,0.0178,0.9833,0.1583,0.996
6.070319918,0.0169,0.9843,0.1595,0.997
6.071111303,0.0178,0.9838,0.1605,0.997
6.084633149,0.0181,0.9841,0.1588,0.997
6.085197572,0.0171,0.9841,0.1586,0.997
6.085443457,0.0166,0.9843,0.1590,0.997
6.085682726,0.0159,0.9863,0.1581,0.999
6.085911841,0.0166,0.9863,0.1590,0.999
6.086144418,0.0159,0.9863,0.1583,0.999
6.086370803,0.0159,0.9853,0.1571,0.998
6.086672149,0.0166,0.9843,0.1571,0.997
6.088404764,0.0173,0.9853,0.1559,0.998
6.092750187,0.0173,0.9863,0.1542,0.998
6.093293764,0.0169,0.9858,0.1537,0.998
6.09443638,0.0169,0.9841,0.1517,0.996
6.096561841,0.0164,0.9846,0.1507,0.996
6.098289649,0.0171,0.9841,0.1500,0.996
6.100272572,0.0164,0.9853,0.1502,0.997
6.102168995,0.0161,0.9846,0.1502,0.996
6.104271226,0.0164,0.9838,0.1517,0.996
6.107394841,0.0164,0.9838,0.1517,0.996
6.108366034,0.0159,0.9836,0.1515,0.995
6.110012303,0.0154,0.9843,0.1532,0.996
6.112329687,0.0156,0.9841,0.1539,0.996
6.114203687,0.0164,0.9828,0.1554,0.995
6.116549687,0.0156,0.9831,0.1576,0.996
6.117981611,0.0151,0.9831,0.1583,0.996
6.12051188,0.0164,0.9826,0.1576,0.995
6.12195488,0.0181,0.9838,0.1561,0.996
6.124520111,0.0186,0.9833,0.1564,0.996
6.126433226,0.0193,0.9836,0.1544,0.996
6.128480226,0.0193,0.9841,0.1515,0.996
6.130101149,0.0208,0.9841,0.1473,0.995
6.132410457,0.0220,0.9833,0.1444,0.994
6.133979149,0.0222,0.9841,0.1427,0.995
6.136365841,0.0220,0.9826,0.1397,0.993
6.137728726,0.0222,0.9831,0.1393,0.993
6.145233534,0.0232,0.9848,0.1361,0.994
6.146080534,0.0225,0.9848,0.1393,0.995
6.146578495,0.0232,0.9850,0.1400,0.995
6.147000572,0.0225,0.9863,0.1449,0.997
6.148376764,0.0191,0.9877,0.1490,0.999
6.149965918,0.0193,0.9877,0.1512,0.999
6.152056457,0.0208,0.9880,0.1539,1.000
6.15389488,0.0215,0.9877,0.1556,1.000
6.155999687,0.0198,0.9875,0.1551,1.000
6.16620388,0.0203,0.9860,0.1566,0.999
6.167176264,0.0208,0.9853,0.1566,0.998
6.16761111,0.0210,0.9838,0.1571,0.997
6.168036764,0.0203,0.9838,0.1603,0.997
6.168444957,0.0203,0.9833,0.1615,0.997
6.168853764,0.0178,0.9821,0.1666,0.996
6.169313957,0.0161,0.9804,0.1700,0.995
6.171947187,0.0176,0.9784,0.1749,0.994
6.174317341,0.0178,0.9794,0.1793,0.996
6.175370149,0.0181,0.9794,0.1815,0.996
6.177366572,0.0181,0.9797,0.1849,0.997
6.179281341,0.0205,0.9792,0.1886,0.997
6.181196264,0.0205,0.9772,0.1901,0.996
6.183501457,0.0191,0.9775,0.1913,0.996
6.185172187,0.0191,0.9767,0.1915,0.996
6.187643034,0.0205,0.9770,0.1932,0.996
6.189055803,0.0195,0.9753,0.1920,0.994
6.191293534,0.0198,0.9755,0.1910,0.994
6.19314388,0.0193,0.9765,0.1869,0.994
6.195572341,0.0191,0.9770,0.1845,0.994
6.197152957,0.0198,0.9770,0.1798,0.994
6.199702841,0.0205,0.9780,0.1737,0.993
6.20115611,0.0205,0.9772,0.1705,0.992
6.20307938,0.0200,0.9770,0.1615,0.990
6.205142841,0.0178,0.9775,0.1571,0.990
6.208313034,0.0178,0.9787,0.1500,0.990
6.209610264,0.0147,0.9794,0.1429,0.990
6.211816264,0.0125,0.9794,0.1397,0.989
6.214311572,0.0122,0.9792,0.1339,0.988
6.215571264,0.0120,0.9806,0.1300,0.989
6.217085303,0.0107,0.9816,0.1268,0.990
6.219019687,0.0095,0.9826,0.1214,0.990
6.221092572,0.0083,0.9828,0.1200,0.990
6.224932572,0.0071,0.9841,0.1165,0.991
6.226754034,0.0078,0.9838,0.1131,0.990
6.227897495,0.0073,0.9846,0.1126,0.991
6.229228572,0.0071,0.9858,0.1102,0.992
6.231031034,0.0083,0.9855,0.1107,0.992
6.232920957,0.0081,0.9853,0.1107,0.992
6.234823495,0.0086,0.9868,0.1114,0.993
6.236933534,0.0090,0.9868,0.1114,0.993
6.238838264,0.0105,0.9865,0.1116,0.993
6.242189034,0.0125,0.9868,0.1134,0.993
6.243877534,0.0132,0.9858,0.1153,0.993
6.244998534,0.0139,0.9872,0.1170,0.994
6.246489264,0.0154,0.9892,0.1217,0.997
6.248497803,0.0154,0.9897,0.1236,0.997
6.250394918,0.0149,0.9902,0.1266,0.998
6.252673341,0.0142,0.9897,0.1285,0.998
6.254665495,0.0129,0.9892,0.1331,0.998
6.256531957,0.0132,0.9894,0.1385,0.999
6.26668211,0.0134,0.9897,0.1405,1.000
6.26822661,0.0112,0.9897,0.1468,1.001
6.269203149,0.0129,0.9907,0.1534,1.003
6.270267918,0.0134,0.9902,0.1551,1.002
6.271413918,0.0142,0.9894,0.1595,1.002
6.272393303,0.0144,0.9892,0.1622,1.003
6.27338788,0.0134,0.9885,0.1691,1.003
6.274410803,0.0127,0.9875,0.1715,1.002
6.275536803,0.0137,0.9870,0.1722,1.002
6.27602288,0.0144,0.9853,0.1759,1.001
6.29055638,0.0144,0.9855,0.1759,1.001
6.291418995,0.0139,0.9855,0.1774,1.001
6.29185911,0.0161,0.9836,0.1793,1.000
6.292292572,0.0169,0.9846,0.1791,1.001
6.292724841,0.0166,0.9841,0.1825,1.001
6.293169187,0.0188,0.9841,0.1818,1.001
6.293559649,0.0203,0.9843,0.1813,1.001
6.294486995,0.0203,0.9838,0.1815,1.001
6.294969303,0.0210,0.9841,0.1808,1.001
6.29598511,0.0210,0.9855,0.1796,1.002
6.29784711,0.0208,0.9850,0.1771,1.001
6.299731341,0.0213,0.9846,0.1764,1.000
6.301741803,0.0213,0.9855,0.1752,1.001
6.30378288,0.0208,0.9860,0.1744,1.002
6.305628764,0.0210,0.9865,0.1717,1.002
6.30816138,0.0200,0.9865,0.1698,1.001
6.309760957,0.0203,0.9868,0.1683,1.001
6.311571995,0.0215,0.9868,0.1654,1.001
6.313464687,0.0215,0.9872,0.1644,1.001
6.31584911,0.0213,0.9877,0.1605,1.001
6.317566187,0.0232,0.9870,0.1571,1.000
6.31967661,0.0235,0.9863,0.1566,0.999
6.32147238,0.0242,0.9870,0.1542,0.999
6.324936572,0.0230,0.9877,0.1507,0.999
6.32636761,0.0213,0.9877,0.1493,0.999
6.328319687,0.0225,0.9868,0.1468,0.998
6.329449995,0.0232,0.9858,0.1461,0.997
6.33119161,0.0247,0.9858,0.1429,0.996
6.333142303,0.0235,0.9860,0.1412,0.996
6.33520888,0.0220,0.9860,0.1412,0.996
6.33712111,0.0239,0.9858,0.1397,0.996
6.339413764,0.0242,0.9855,0.1385,0.996
6.342059149,0.0239,0.9846,0.1405,0.995
6.343587264,0.0242,0.9846,0.1397,0.995
6.345157341,0.0247,0.9843,0.1397,0.994
6.347128687,0.0235,0.9828,0.1410,0.993
6.348874341,0.0235,0.9833,0.1385,0.993
6.351032726,0.0227,0.9826,0.1390,0.993
6.352842457,0.0242,0.9809,0.1407,0.991
6.35478388,0.0247,0.9806,0.1410,0.991
6.367185841,0.0247,0.9814,0.1434,0.992
6.36859011,0.0222,0.9784,0.1429,0.989
6.369597033,0.0217,0.9780,0.1437,0.989
6.370629264,0.0227,0.9782,0.1451,0.989
6.371772033,0.0247,0.9794,0.1441,0.990
6.37330388,0.0242,0.9784,0.1451,0.989
6.374857956,0.0237,0.9782,0.1456,0.989
6.375339303,0.0222,0.9789,0.1466,0.990
6.375757264,0.0220,0.9792,0.1463,0.990
6.376113456,0.0213,0.9784,0.1478,0.990
6.390819226,0.0213,0.9777,0.1498,0.989
6.392147956,0.0210,0.9777,0.1517,0.990
6.393440187,0.0178,0.9794,0.1537,0.992
6.39371511,0.0173,0.9794,0.1559,0.992
6.394011341,0.0169,0.9809,0.1598,0.994
6.394312033,0.0159,0.9811,0.1608,0.994
6.394580187,0.0149,0.9804,0.1622,0.994
6.394906687,0.0139,0.9804,0.1630,0.994
6.395183956,0.0149,0.9802,0.1630,0.994
6.395471572,0.0151,0.9794,0.1622,0.993
6.397228533,0.0142,0.9792,0.1595,0.992
6.398262033,0.0137,0.9802,0.1583,0.993
6.400377072,0.0127,0.9799,0.1578,0.993
6.402145033,0.0129,0.9797,0.1568,0.992
6.404440764,0.0149,0.9809,0.1554,0.993
6.406258649,0.0154,0.9824,0.1537,0.994
6.408304649,0.0151,0.9833,0.1522,0.995
6.41033738,0.0139,0.9843,0.1510,0.996
6.412462341,0.0164,0.9843,0.1524,0.996
6.414190341,0.0169,0.9848,0.1522,0.997
6.416255649,0.0151,0.9853,0.1507,0.997
6.41821461,0.0161,0.9860,0.1507,0.998
6.420181803,0.0176,0.9853,0.1476,0.996
6.421919226,0.0198,0.9853,0.1449,0.996
6.424856072,0.0210,0.9850,0.1444,0.996
6.426140303,0.0220,0.9860,0.1439,0.997
6.428105841,0.0213,0.9875,0.1427,0.998
6.430168687,0.0215,0.9890,0.1390,0.999
6.432060956,0.0232,0.9875,0.1405,0.998
6.433834264,0.0222,0.9872,0.1407,0.997
6.436007572,0.0213,0.9880,0.1407,0.998
6.437845033,0.0237,0.9880,0.1410,0.998
6.440067956,0.0235,0.9897,0.1410,1.000
6.44215661,0.0242,0.9892,0.1397,0.999
6.443914533,0.0247,0.9890,0.1407,0.999
6.445639956,0.0264,0.9919,0.1415,1.002
6.448569956,0.0266,0.9902,0.1422,1.001
6.449614803,0.0254,0.9909,0.1422,1.001
6.451654187,0.0281,0.9897,0.1419,1.000
6.453587572,0.0291,0.9890,0.1424,1.000
6.455520418,0.0286,0.9885,0.1419,0.999
6.46029188,0.0305,0.9885,0.1427,0.999
6.460854456,0.0303,0.9894,0.1410,1.000
6.461286033,0.0300,0.9899,0.1422,1.001
6.463403303,0.0332,0.9882,0.1429,0.999
6.465284072,0.0315,0.9882,0.1427,0.999
6.467198803,0.0291,0.9904,0.1449,1.001
6.469279803,0.0286,0.9890,0.1456,1.000
6.471236995,0.0288,0.9894,0.1454,1.000
6.473040379,0.0288,0.9880,0.1468,0.999
6.484254879,0.0279,0.9880,0.1483,0.999
6.484697995,0.0247,0.9882,0.1515,1.000
6.484957803,0.0237,0.9880,0.1510,1.000
6.485180495,0.0227,0.9890,0.1512,1.001
6.485420803,0.0215,0.9890,0.1507,1.001
6.485645072,0.0213,0.9885,0.1517,1.000
6.487180149,0.0208,0.9877,0.1515,0.999
6.489593303,0.0200,0.9865,0.1529,0.998
6.49378961,0.0200,0.9858,0.1524,0.998
6.494294033,0.0178,0.9865,0.1524,0.998
6.495087803,0.0173,0.9865,0.1527,0.998
6.497332764,0.0181,0.9863,0.1532,0.998
6.499262879,0.0178,0.9865,0.1539,0.999
6.500784726,0.0171,0.9870,0.1537,0.999
6.503102649,0.0159,0.9848,0.1532,0.997
6.504964803,0.0144,0.9843,0.1520,0.996
6.508169649,0.0139,0.9843,0.1529,0.996
6.51021311,0.0159,0.9850,0.1532,0.997
6.511407803,0.0173,0.9848,0.1520,0.997
6.513071226,0.0173,0.9858,0.1524,0.998
6.514971726,0.0164,0.9846,0.1517,0.996
6.516897995,0.0169,0.9838,0.1520,0.996
6.518942033,0.0173,0.9833,0.1507,0.995
6.520955418,0.0169,0.9826,0.1505,0.994
6.523107072,0.0161,0.9838,0.1510,0.995
6.525767341,0.0173,0.9838,0.1507,0.995
6.527931533,0.0176,0.9833,0.1502,0.995
6.529226072,0.0171,0.9831,0.1495,0.995
6.530835649,0.0151,0.9853,0.1510,0.997
6.532928264,0.0154,0.9850,0.1507,0.997
6.534743803,0.0161,0.9833,0.1461,0.994
6.536830456,0.0159,0.9846,0.1463,0.995
6.538805495,0.0164,0.9846,0.1466,0.996
6.542028726,0.0156,0.9828,0.1468,0.994
6.543700418,0.0151,0.9826,0.1461,0.994
6.544845687,0.0156,0.9811,0.1471,0.992
6.546567033,0.0166,0.9794,0.1459,0.990
6.548720341,0.0171,0.9804,0.1456,0.991
6.550686149,0.0178,0.9828,0.1459,0.994
6.55263761,0.0171,0.9828,0.1473,0.994
6.554434418,0.0171,0.9814,0.1480,0.993
6.55663011,0.0181,0.9804,0.1468,0.991
6.565318803,0.0186,0.9809,0.1476,0.992
6.566857995,0.0188,0.9811,0.1476,0.992
6.56773311,0.0193,0.9819,0.1471,0.993
6.568847264,0.0195,0.9819,0.1468,0.993
6.56979511,0.0203,0.9814,0.1468,0.993
6.57099111,0.0203,0.9819,0.1471,0.993
6.571343649,0.0191,0.9824,0.1483,0.994
6.572139687,0.0198,0.9811,0.1471,0.992
6.590095802,0.0213,0.9811,0.1463,0.992
6.592043302,0.0208,0.9816,0.1480,0.993
6.593514533,0.0198,0.9826,0.1485,0.994
6.59477211,0.0203,0.9833,0.1480,0.995
6.595691918,0.0215,0.9821,0.1471,0.993
6.596640149,0.0208,0.9819,0.1459,0.993
6.597644187,0.0203,0.9814,0.1461,0.992
6.598756918,0.0200,0.9809,0.1468,0.992
6.599560187,0.0200,0.9809,0.1473,0.992
6.600339726,0.0210,0.9806,0.1478,0.992
6.600998072,0.0220,0.9814,0.1488,0.993
6.601820726,0.0217,0.9831,0.1473,0.994
6.602700649,0.0213,0.9833,0.1459,0.994
6.603528687,0.0227,0.9833,0.1473,0.995
6.604456187,0.0225,0.9833,0.1500,0.995
6.605135302,0.0215,0.9824,0.1485,0.994
6.606068995,0.0200,0.9814,0.1493,0.993
6.608979764,0.0208,0.9833,0.1490,0.995
6.610478226,0.0215,0.9838,0.1480,0.995
6.615188495,0.0217,0.9819,0.1507,0.994
6.616201995,0.0205,0.9819,0.1500,0.993
6.617047918,0.0200,0.9826,0.1485,0.994
6.61798661,0.0210,0.9819,0.1498,0.993
6.619681802,0.0191,0.9833,0.1502,0.995
6.621607264,0.0188,0.9838,0.1500,0.995
6.623592879,0.0203,0.9838,0.1490,0.995
6.626052956,0.0193,0.9838,0.1502,0.995
6.627791879,0.0198,0.9855,0.1517,0.997
6.630596149,0.0220,0.9855,0.1517,0.997
6.631741072,0.0222,0.9858,0.1515,0.998
6.633373764,0.0213,0.9855,0.1534,0.998
6.635634302,0.0200,0.9858,0.1551,0.998
6.637482033,0.0188,0.9865,0.1554,0.999
6.639525226,0.0183,0.9868,0.1559,0.999
6.642304456,0.0178,0.9863,0.1551,0.999
6.643894802,0.0183,0.9850,0.1556,0.997
6.645439226,0.0186,0.9870,0.1549,0.999
6.647455072,0.0166,0.9860,0.1556,0.998
6.649294572,0.0159,0.9863,0.1576,0.999
6.651264264,0.0147,0.9870,0.1593,1.000
6.653363418,0.0149,0.9868,0.1595,1.000
6.655238533,0.0129,0.9872,0.1595,1.000
6.665548918,0.0142,0.9875,0.1598,1.000
6.667091764,0.0149,0.9860,0.1586,0.999
6.66819111,0.0151,0.9858,0.1598,0.999
6.669280764,0.0149,0.9865,0.1600,1.000
6.670204264,0.0147,0.9880,0.1608,1.001
6.671418456,0.0129,0.9885,0.1612,1.002
6.672236379,0.0129,0.9865,0.1620,1.000
6.673395456,0.0127,0.9860,0.1593,0.999
6.674761187,0.0117,0.9865,0.1598,0.999
6.686623072,0.0110,0.9860,0.1586,0.999
6.687105072,0.0107,0.9875,0.1578,1.000
6.687349379,0.0112,0.9877,0.1588,1.000
6.687583687,0.0120,0.9882,0.1581,1.001
6.687823841,0.0122,0.9892,0.1586,1.002
6.688056149,0.0103,0.9897,0.1556,1.002
6.688650918,0.0103,0.9887,0.1534,1.001
6.688899456,0.0103,0.9880,0.1559,1.000
6.695907841,0.0115,0.9868,0.1554,0.999
6.696465572,0.0100,0.9872,0.1551,0.999
6.696708764,0.0110,0.9868,0.1542,0.999
6.696940956,0.0117,0.9870,0.1524,0.999
6.698449187,0.0117,0.9865,0.1517,0.998
6.700543918,0.0120,0.9860,0.1502,0.997
6.702392879,0.0110,0.9855,0.1507,0.997
6.704506802,0.0103,0.9865,0.1505,0.998
6.706386764,0.0100,0.9868,0.1493,0.998
6.70846011,0.0095,0.9855,0.1488,0.997
6.710290072,0.0115,0.9865,0.1502,0.998
6.712855802,0.0100,0.9870,0.1498,0.998
6.714272033,0.0110,0.9872,0.1498,0.999
6.716403418,0.0117,0.9860,0.1488,0.997
6.718151995,0.0115,0.9855,0.1480,0.997
6.720291033,0.0112,0.9848,0.1468,0.996
6.722207995,0.0129,0.9846,0.1459,0.995
6.725729995,0.0144,0.9848,0.1468,0.996
6.727901379,0.0139,0.9846,0.1476,0.996
6.729371187,0.0134,0.9841,0.1471,0.995
6.730592495,0.0132,0.9838,0.1463,0.995
6.732378456,0.0134,0.9838,0.1466,0.995
6.734276687,0.0139,0.9838,0.1461,0.995
6.736356956,0.0134,0.9838,0.1483,0.995
6.738253533,0.0154,0.9843,0.1488,0.996
6.740249649,0.0169,0.9853,0.1485,0.997
6.74332361,0.0151,0.9850,0.1488,0.996
6.744846379,0.0147,0.9846,0.1488,0.996
6.746782225,0.0144,0.9853,0.1498,0.997
6.748247649,0.0151,0.9836,0.1500,0.995
6.749949495,0.0156,0.9838,0.1488,0.995
6.752100302,0.0151,0.9826,0.1493,0.994
6.753889995,0.0161,0.9826,0.1524,0.994
6.755962264,0.0166,0.9816,0.1534,0.994
6.766753379,0.0161,0.9816,0.1556,0.994
6.768291033,0.0164,0.9814,0.1566,0.994
6.769171879,0.0149,0.9799,0.1586,0.993
6.770261649,0.0149,0.9811,0.1603,0.994
6.771376725,0.0144,0.9826,0.1612,0.996
6.772345149,0.0166,0.9802,0.1617,0.994
6.773125149,0.0166,0.9794,0.1605,0.993
6.774260033,0.0181,0.9792,0.1598,0.992
6.775340956,0.0193,0.9804,0.1573,0.993
6.775865418,0.0195,0.9806,0.1559,0.993
6.788254879,0.0188,0.9819,0.1500,0.993
6.789087148,0.0215,0.9828,0.1459,0.994
6.789519764,0.0217,0.9836,0.1444,0.994
6.789937648,0.0210,0.9846,0.1422,0.995
6.79034161,0.0213,0.9841,0.1397,0.994
6.790836033,0.0215,0.9841,0.1363,0.994
6.791242956,0.0208,0.9843,0.1341,0.994
6.791659495,0.0203,0.9858,0.1351,0.995
6.796201225,0.0186,0.9870,0.1385,0.997
6.797095725,0.0183,0.9877,0.1393,0.998
6.797519879,0.0195,0.9870,0.1434,0.998
6.79912211,0.0188,0.9872,0.1461,0.998
6.801215956,0.0191,0.9877,0.1468,0.999
6.803109764,0.0198,0.9890,0.1478,1.000
6.804869072,0.0200,0.9885,0.1473,1.000
6.807571879,0.0203,0.9875,0.1466,0.999
6.809774879,0.0225,0.9858,0.1483,0.997
6.810986956,0.0217,0.9858,0.1476,0.997
6.812889956,0.0215,0.9841,0.1483,0.995
6.814800725,0.0205,0.9821,0.1505,0.994
6.816962264,0.0198,0.9816,0.1542,0.994
6.819039418,0.0178,0.9831,0.1625,0.997
6.821107225,0.0176,0.9828,0.1669,0.997
6.822744187,0.0200,0.9811,0.1727,0.996
6.826936341,0.0205,0.9804,0.1808,0.997
6.827785572,0.0208,0.9799,0.1849,0.997
6.828590072,0.0205,0.9794,0.1876,0.997
6.831029802,0.0200,0.9794,0.1923,0.998
6.832547572,0.0198,0.9792,0.1928,0.998
6.834441225,0.0232,0.9775,0.1918,0.996
6.836702033,0.0237,0.9772,0.1920,0.996
6.838485879,0.0239,0.9777,0.1908,0.996
6.840466956,0.0261,0.9775,0.1891,0.996
6.843419533,0.0261,0.9765,0.1881,0.995
6.844526148,0.0271,0.9760,0.1823,0.993
6.846406533,0.0259,0.9772,0.1764,0.993
6.848459187,0.0259,0.9782,0.1730,0.994
6.850269572,0.0249,0.9770,0.1664,0.991
6.852363379,0.0235,0.9784,0.1620,0.992
6.854342264,0.0222,0.9814,0.1564,0.994
6.856417418,0.0198,0.9824,0.1488,0.994
6.865637687,0.0191,0.9819,0.1454,0.993
6.86672311,0.0171,0.9833,0.1412,0.994
6.867397225,0.0151,0.9843,0.1351,0.994
6.868084072,0.0137,0.9858,0.1312,0.995
6.868848379,0.0115,0.9865,0.1273,0.995
6.869549495,0.0103,0.9875,0.1256,0.995
6.87030361,0.0110,0.9887,0.1219,0.996
6.872329495,0.0120,0.9897,0.1180,0.997
6.874248072,0.0122,0.9897,0.1173,0.997
6.888683418,0.0137,0.9890,0.1153,0.996
6.890177648,0.0142,0.9892,0.1146,0.996
6.891350918,0.0142,0.9892,0.1146,0.996
6.892553648,0.0161,0.9887,0.1153,0.996
6.89443161,0.0173,0.9890,0.1168,0.996
6.895595995,0.0191,0.9887,0.1178,0.996
6.896345341,0.0205,0.9887,0.1212,0.996
6.897074187,0.0217,0.9885,0.1224,0.996
6.897985264,0.0237,0.9860,0.1239,0.994
6.89876661,0.0237,0.9858,0.1253,0.994
6.899664495,0.0247,0.9875,0.1283,0.996
6.900370956,0.0247,0.9877,0.1334,0.997
6.90102761,0.0252,0.9882,0.1356,0.998
6.902023341,0.0254,0.9860,0.1400,0.996
6.904718033,0.0254,0.9858,0.1429,0.996
6.906118495,0.0227,0.9880,0.1493,0.999
6.912647648,0.0244,0.9887,0.1537,1.001
6.914145379,0.0247,0.9877,0.1554,1.000
6.915348764,0.0235,0.9872,0.1610,1.001
6.916355533,0.0225,0.9872,0.1652,1.001
6.917079571,0.0183,0.9855,0.1695,1.000
6.918080495,0.0156,0.9853,0.1722,1.000
6.919319918,0.0154,0.9853,0.1749,1.001
6.921298456,0.0147,0.9853,0.1779,1.001
6.923326725,0.0154,0.9855,0.1798,1.002
6.926127495,0.0156,0.9843,0.1825,1.001
6.927648995,0.0164,0.9838,0.1832,1.001
6.929182071,0.0173,0.9824,0.1832,0.999
6.931253302,0.0169,0.9809,0.1852,0.998
6.933315187,0.0166,0.9819,0.1837,0.999
6.935314802,0.0173,0.9831,0.1845,1.000
6.937149956,0.0171,0.9841,0.1859,1.002
6.93903111,0.0166,0.9848,0.1857,1.002
6.940943918,0.0173,0.9855,0.1840,1.003
6.943626379,0.0176,0.9865,0.1845,1.004
6.945068841,0.0183,0.9872,0.1835,1.004
6.946994456,0.0186,0.9875,0.1798,1.004
6.948814071,0.0188,0.9875,0.1796,1.004
6.950727879,0.0193,0.9853,0.1769,1.001
6.952659148,0.0195,0.9838,0.1735,0.999
6.95474661,0.0191,0.9838,0.1722,0.999
6.956813418,0.0178,0.9858,0.1686,1.000
6.965907571,0.0161,0.9858,0.1681,1.000
6.967382495,0.0171,0.9860,0.1676,1.000
6.968255841,0.0176,0.9870,0.1625,1.000
6.969291264,0.0154,0.9870,0.1610,1.000
6.970222995,0.0154,0.9877,0.1573,1.000
6.97317611,0.0159,0.9872,0.1537,0.999
6.974418956,0.0156,0.9872,0.1512,0.999
6.975848956,0.0166,0.9875,0.1500,0.999
6.97694911,0.0159,0.9875,0.1490,0.999
6.97777161,0.0147,0.9863,0.1466,0.997
6.97891011,0.0156,0.9872,0.1441,0.998
6.98589611,0.0156,0.9877,0.1427,0.998
6.986389302,0.0169,0.9858,0.1432,0.996
6.986694687,0.0161,0.9850,0.1415,0.995
6.986953725,0.0151,0.9853,0.1422,0.996
6.988272802,0.0156,0.9850,0.1437,0.996
6.990098841,0.0161,0.9841,0.1432,0.995
6.994284956,0.0171,0.9831,0.1441,0.994
6.994788687,0.0178,0.9811,0.1429,0.992
7.000315533,0.0181,0.9814,0.1429,0.992
7.000596302,0.0159,0.9799,0.1437,0.991
7.000835341,0.0154,0.9789,0.1439,0.990
7.002027841,0.0166,0.9789,0.1454,0.990
7.004122225,0.0166,0.9797,0.1461,0.991
7.00606361,0.0161,0.9806,0.1451,0.991
7.008949956,0.0186,0.9802,0.1454,0.991
7.009931571,0.0191,0.9787,0.1471,0.990
7.011992648,0.0183,0.9782,0.1471,0.989
7.013828841,0.0171,0.9799,0.1471,0.991
7.015895725,0.0166,0.9797,0.1471,0.991
7.017702879,0.0169,0.9794,0.1476,0.991
7.019928379,0.0171,0.9797,0.1478,0.991
7.021822571,0.0173,0.9797,0.1483,0.991
7.02387361,0.0166,0.9806,0.1510,0.992
7.027166456,0.0156,0.9811,0.1537,0.993
7.028309571,0.0164,0.9811,0.1561,0.994
7.030301225,0.0183,0.9819,0.1590,0.995
7.031852764,0.0161,0.9819,0.1642,0.996
7.033620341,0.0154,0.9824,0.1664,0.996
7.035889071,0.0151,0.9826,0.1708,0.997
7.037756764,0.0164,0.9836,0.1703,0.998
7.039803071,0.0171,0.9826,0.1686,0.997
7.042747956,0.0166,0.9836,0.1676,0.998
7.043823225,0.0166,0.9843,0.1671,0.999
7.045554187,0.0178,0.9826,0.1649,0.997
7.048572687,0.0173,0.9806,0.1632,0.994
7.049437764,0.0166,0.9816,0.1625,0.995
7.051696841,0.0161,0.9814,0.1603,0.995
7.053397456,0.0147,0.9819,0.1588,0.995
7.055691994,0.0166,0.9841,0.1576,0.997
7.057483841,0.0169,0.9836,0.1532,0.996
7.066240994,0.0186,0.9841,0.1532,0.996
7.067686225,0.0191,0.9846,0.1532,0.997
7.068554418,0.0183,0.9831,0.1524,0.995
7.069633802,0.0186,0.9836,0.1517,0.995
7.070685956,0.0213,0.9841,0.1500,0.996
7.071569533,0.0213,0.9846,0.1488,0.996
7.072479648,0.0225,0.9850,0.1468,0.996
7.073393994,0.0215,0.9841,0.1444,0.995
7.087430456,0.0215,0.9848,0.1434,0.995
7.088866302,0.0220,0.9850,0.1407,0.995
7.089681725,0.0217,0.9848,0.1412,0.995
7.091555379,0.0208,0.9848,0.1393,0.995
7.092783494,0.0200,0.9853,0.1393,0.995
7.093992033,0.0191,0.9853,0.1383,0.995
7.09518761,0.0200,0.9863,0.1390,0.996
7.095934033,0.0200,0.9865,0.1395,0.997
7.096663571,0.0208,0.9885,0.1383,0.998
7.097442264,0.0217,0.9877,0.1380,0.998
7.098252687,0.0230,0.9887,0.1390,0.999
7.099288379,0.0232,0.9897,0.1388,1.000
7.100023687,0.0235,0.9899,0.1388,1.000
7.100930456,0.0247,0.9885,0.1397,0.999
7.103431379,0.0244,0.9887,0.1393,0.999
7.104809187,0.0242,0.9887,0.1393,0.999
7.107076148,0.0264,0.9885,0.1385,0.998
7.111972033,0.0274,0.9865,0.1388,0.997
7.113498917,0.0269,0.9865,0.1385,0.997
7.114656841,0.0254,0.9885,0.1397,0.999
7.115821264,0.0264,0.9892,0.1407,1.000
7.116831956,0.0264,0.9902,0.1417,1.001
7.118647302,0.0261,0.9885,0.1419,0.999
7.120559802,0.0257,0.9890,0.1415,0.999
7.12267061,0.0266,0.9902,0.1419,1.001
7.127320725,0.0269,0.9907,0.1422,1.001
7.12873461,0.0257,0.9921,0.1419,1.003
7.12971411,0.0247,0.9899,0.1417,1.000
7.130808879,0.0242,0.9887,0.1427,0.999
7.132611917,0.0247,0.9899,0.1429,1.000
7.134227879,0.0257,0.9907,0.1407,1.001
7.136359802,0.0244,0.9919,0.1415,1.002
7.138177725,0.0254,0.9904,0.1412,1.001
7.140301341,0.0242,0.9902,0.1402,1.000
7.143271033,0.0230,0.9887,0.1419,0.999
7.144778841,0.0244,0.9894,0.1417,1.000
7.146104571,0.0242,0.9890,0.1427,0.999
7.148177533,0.0242,0.9880,0.1432,0.999
7.149956725,0.0254,0.9877,0.1437,0.998
7.152114956,0.0266,0.9875,0.1432,0.998
7.15388611,0.0254,0.9868,0.1459,0.998
7.156060187,0.0249,0.9868,0.1471,0.998
7.159158033,0.0254,0.9865,0.1463,0.998
7.160303533,0.0254,0.9860,0.1478,0.997
7.170741302,0.0252,0.9850,0.1488,0.997
7.172413264,0.0279,0.9855,0.1505,0.997
7.173468802,0.0264,0.9860,0.1510,0.998
7.175226187,0.0230,0.9853,0.1529,0.997
7.175659764,0.0237,0.9846,0.1546,0.997
7.175965917,0.0232,0.9848,0.1551,0.997
7.176249225,0.0222,0.9858,0.1556,0.998
7.176547917,0.0225,0.9846,0.1551,0.997
7.197064341,0.0203,0.9831,0.1588,0.996
7.197734187,0.0203,0.9831,0.1586,0.996
7.198004956,0.0205,0.9836,0.1586,0.996
7.198235571,0.0186,0.9828,0.1603,0.996
7.198466879,0.0186,0.9826,0.1608,0.996
7.19875361,0.0173,0.9824,0.1603,0.995
7.199001033,0.0151,0.9814,0.1634,0.995
7.199222264,0.0147,0.9809,0.1632,0.994
7.199443379,0.0137,0.9802,0.1647,0.994
7.199674379,0.0129,0.9804,0.1644,0.994
7.19990311,0.0139,0.9811,0.1661,0.995
7.202415841,0.0129,0.9819,0.1673,0.996
7.202719302,0.0154,0.9809,0.1649,0.995
7.203385417,0.0156,0.9799,0.1639,0.994
7.205229687,0.0127,0.9797,0.1649,0.994
7.207223725,0.0120,0.9797,0.1661,0.994
7.209427725,0.0122,0.9794,0.1664,0.994
7.211617648,0.0132,0.9794,0.1644,0.993
7.213110725,0.0127,0.9794,0.1649,0.993
7.215321917,0.0132,0.9789,0.1647,0.993
7.217041994,0.0129,0.9784,0.1661,0.993
7.219105148,0.0132,0.9782,0.1661,0.992
7.221017994,0.0154,0.9762,0.1673,0.991
7.223197571,0.0154,0.9758,0.1661,0.990
7.226207456,0.0147,0.9775,0.1634,0.991
7.226918802,0.0142,0.9792,0.1617,0.993
7.228872764,0.0137,0.9789,0.1610,0.992
7.230954225,0.0134,0.9780,0.1625,0.991
7.232986456,0.0132,0.9787,0.1620,0.992
7.23502384,0.0151,0.9789,0.1617,0.992
7.236971687,0.0156,0.9780,0.1612,0.991
7.239017187,0.0161,0.9767,0.1608,0.990
7.240919456,0.0171,0.9767,0.1593,0.990
7.243250456,0.0164,0.9787,0.1595,0.992
7.244988187,0.0176,0.9789,0.1583,0.992
7.24698534,0.0191,0.9789,0.1573,0.992
7.248597764,0.0208,0.9787,0.1571,0.991
7.250731994,0.0217,0.9792,0.1571,0.992
7.252713456,0.0210,0.9797,0.1573,0.992
7.254689648,0.0210,0.9802,0.1576,0.993
7.256766225,0.0227,0.9811,0.1583,0.994
7.265795033,0.0227,0.9806,0.1598,0.994
7.267016571,0.0222,0.9804,0.1600,0.994
7.26769711,0.0222,0.9819,0.1595,0.995
7.268400956,0.0220,0.9814,0.1600,0.995
7.269188494,0.0213,0.9814,0.1605,0.995
7.27003061,0.0232,0.9831,0.1612,0.996
7.270995764,0.0237,0.9838,0.1615,0.997
7.272543802,0.0213,0.9833,0.1615,0.997
7.27431884,0.0210,0.9841,0.1610,0.997
7.29187084,0.0200,0.9850,0.1615,0.998
7.293919456,0.0203,0.9843,0.1615,0.998
7.295215648,0.0203,0.9855,0.1615,0.999
7.29642211,0.0205,0.9865,0.1627,1.000
7.297606302,0.0205,0.9863,0.1644,1.000
7.299002264,0.0198,0.9846,0.1647,0.998
7.300214956,0.0193,0.9841,0.1625,0.998
7.301327687,0.0193,0.9841,0.1632,0.998
7.302338494,0.0176,0.9855,0.1659,1.000
7.30316411,0.0181,0.9868,0.1656,1.001
7.303965264,0.0186,0.9858,0.1654,1.000
7.304762764,0.0169,0.9860,0.1642,1.000
7.30540284,0.0164,0.9863,0.1639,1.000
7.306396187,0.0178,0.9872,0.1666,1.001
7.307300417,0.0164,0.9870,0.1661,1.001
7.308474648,0.0171,0.9872,0.1673,1.001
7.309397687,0.0156,0.9865,0.1669,1.001
7.310575148,0.0169,0.9870,0.1671,1.001
7.313049148,0.0154,0.9877,0.1671,1.002
7.314480879,0.0149,0.9875,0.1686,1.002
7.315707725,0.0156,0.9877,0.1686,1.002
7.317664148,0.0156,0.9860,0.1691,1.001
7.319721379,0.0154,0.9853,0.1688,1.000
7.321654879,0.0156,0.9853,0.1691,1.000
7.323662725,0.0142,0.9858,0.1698,1.000
7.326776225,0.0147,0.9853,0.1703,1.000
7.328321148,0.0137,0.9838,0.1708,0.999
7.329653187,0.0137,0.9843,0.1710,0.999
7.33161811,0.0139,0.9838,0.1713,0.999
7.333909071,0.0149,0.9846,0.1715,0.999
7.335635956,0.0144,0.9850,0.1715,1.000
7.337542302,0.0137,0.9843,0.1720,0.999
7.339573802,0.0137,0.9831,0.1703,0.998
7.341907956,0.0132,0.9833,0.1698,0.998
7.345055302,0.0132,0.9836,0.1710,0.998
7.346384148,0.0129,0.9841,0.1700,0.999
7.347576994,0.0139,0.9831,0.1703,0.998
7.34929111,0.0125,0.9831,0.1700,0.998
7.351368494,0.0137,0.9824,0.1698,0.997
7.353284033,0.0129,0.9819,0.1695,0.996
7.355482187,0.0149,0.9814,0.1717,0.996
7.35735811,0.0139,0.9816,0.1705,0.996
7.366105379,0.0137,0.9824,0.1705,0.997
7.367652571,0.0132,0.9819,0.1710,0.997
7.368541225,0.0132,0.9819,0.1710,0.997
7.369756494,0.0139,0.9824,0.1708,0.997
7.371069648,0.0142,0.9814,0.1703,0.996
7.372107071,0.0144,0.9809,0.1691,0.995
7.37287134,0.0154,0.9814,0.1691,0.996
7.373713071,0.0159,0.9816,0.1693,0.996
7.375106994,0.0147,0.9819,0.1686,0.996
7.390938802,0.0154,0.9821,0.1683,0.997
7.392176302,0.0156,0.9819,0.1683,0.996
7.393057725,0.0139,0.9828,0.1703,0.998
7.39394184,0.0129,0.9831,0.1700,0.998
7.394817571,0.0125,0.9804,0.1693,0.995
7.395528917,0.0132,0.9811,0.1700,0.996
7.39627861,0.0139,0.9811,0.1703,0.996
7.397131263,0.0151,0.9802,0.1708,0.995
7.397867533,0.0154,0.9797,0.1742,0.995
7.398911456,0.0151,0.9799,0.1747,0.995
7.399752494,0.0149,0.9784,0.1757,0.994
7.400465571,0.0154,0.9789,0.1761,0.995
7.401285725,0.0173,0.9792,0.1752,0.995
7.402947379,0.0181,0.9794,0.1732,0.995
7.404658379,0.0181,0.9802,0.1710,0.995
7.406841763,0.0178,0.9802,0.1686,0.995
7.408723417,0.0186,0.9797,0.1664,0.994
7.412203994,0.0198,0.9802,0.1627,0.994
7.413459917,0.0225,0.9819,0.1573,0.995
7.41472011,0.0225,0.9819,0.1549,0.994
7.416626187,0.0213,0.9841,0.1529,0.996
7.418812071,0.0217,0.9833,0.1502,0.995
7.420584994,0.0225,0.9836,0.1490,0.995
7.422622571,0.0222,0.9863,0.1498,0.998
7.42464434,0.0217,0.9870,0.1507,0.999
7.42741211,0.0203,0.9872,0.1568,1.000
7.42903161,0.0205,0.9868,0.1595,1.000
7.430305802,0.0213,0.9870,0.1603,1.000
7.43250911,0.0210,0.9863,0.1612,1.000
7.43425761,0.0222,0.9863,0.1620,1.000
7.43634534,0.0227,0.9870,0.1622,1.000
7.438428571,0.0227,0.9870,0.1588,1.000
7.440084956,0.0230,0.9865,0.1576,0.999
7.445135802,0.0222,0.9841,0.1576,0.997
7.446673186,0.0237,0.9843,0.1588,0.997
7.447634148,0.0237,0.9841,0.1600,0.997
7.448703956,0.0244,0.9843,0.1622,0.998
7.450035186,0.0237,0.9855,0.1639,0.999
7.452073494,0.0230,0.9831,0.1683,0.998
7.453975263,0.0244,0.9824,0.1725,0.998
7.455999071,0.0237,0.9828,0.1754,0.999
7.457916879,0.0237,0.9836,0.1788,1.000
7.467026763,0.0244,0.9833,0.1801,1.000
7.468447725,0.0259,0.9826,0.1815,1.000
7.469356686,0.0291,0.9814,0.1849,0.999
7.470691263,0.0298,0.9804,0.1867,0.998
7.471163763,0.0298,0.9799,0.1879,0.998
7.47140811,0.0305,0.9802,0.1864,0.998
7.471641225,0.0313,0.9799,0.1857,0.998
7.473560648,0.0320,0.9787,0.1832,0.996
7.488591456,0.0327,0.9792,0.1823,0.997
7.489764494,0.0330,0.9787,0.1779,0.995
7.490451725,0.0320,0.9787,0.1744,0.995
7.491262186,0.0315,0.9789,0.1720,0.994
7.49210734,0.0305,0.9814,0.1654,0.996
7.492927994,0.0313,0.9799,0.1603,0.993
7.493916879,0.0320,0.9797,0.1583,0.993
7.495028379,0.0305,0.9802,0.1546,0.993
7.495975763,0.0283,0.9804,0.1532,0.993
7.496699417,0.0252,0.9821,0.1485,0.994
7.497604302,0.0232,0.9826,0.1461,0.994
7.498298956,0.0220,0.9826,0.1449,0.993
7.501337725,0.0198,0.9819,0.1427,0.992
7.502629763,0.0191,0.9819,0.1407,0.992
7.503528956,0.0173,0.9826,0.1395,0.993
7.505451302,0.0171,0.9821,0.1400,0.992
7.507446494,0.0173,0.9826,0.1405,0.993
7.510299033,0.0173,0.9826,0.1410,0.993
7.511937263,0.0178,0.9833,0.1419,0.994
7.51332311,0.0191,0.9838,0.1434,0.994
7.515305417,0.0195,0.9821,0.1434,0.993
7.517351071,0.0188,0.9833,0.1463,0.994
7.519278686,0.0205,0.9833,0.1471,0.994
7.521124033,0.0227,0.9814,0.1488,0.993
7.523304071,0.0222,0.9806,0.1495,0.992
7.525378725,0.0210,0.9809,0.1522,0.993
7.528417725,0.0217,0.9806,0.1561,0.993
7.529753956,0.0220,0.9814,0.1581,0.994
7.531181417,0.0225,0.9826,0.1603,0.996
7.533121148,0.0227,0.9824,0.1637,0.996
7.535135686,0.0225,0.9826,0.1656,0.997
7.537134725,0.0220,0.9841,0.1686,0.999
7.539150725,0.0213,0.9833,0.1700,0.998
7.541137071,0.0195,0.9828,0.1761,0.999
7.543912225,0.0188,0.9821,0.1823,0.999
7.545357571,0.0188,0.9821,0.1832,0.999
7.54716984,0.0186,0.9811,0.1869,0.999
7.548938533,0.0193,0.9821,0.1903,1.001
7.551118225,0.0183,0.9811,0.1918,1.000
7.553090802,0.0176,0.9804,0.1923,0.999
7.554891763,0.0181,0.9799,0.1937,0.999
7.556959379,0.0171,0.9804,0.1954,1.000
7.559120533,0.0181,0.9806,0.1967,1.000
7.568448302,0.0183,0.9806,0.1972,1.000
7.569845456,0.0176,0.9811,0.1991,1.001
7.570923186,0.0169,0.9809,0.2001,1.001
7.57192884,0.0181,0.9799,0.2006,1.000
7.57287034,0.0193,0.9802,0.2006,1.001
7.573778571,0.0193,0.9802,0.2003,1.001
7.574844802,0.0198,0.9787,0.1981,0.999
7.575970725,0.0183,0.9784,0.1972,0.998
7.589990917,0.0183,0.9782,0.1954,0.998
7.591530494,0.0171,0.9777,0.1918,0.996
7.59265684,0.0178,0.9782,0.1903,0.997
7.593821494,0.0183,0.9799,0.1884,0.998
7.59510384,0.0181,0.9797,0.1857,0.997
7.596169994,0.0171,0.9797,0.1837,0.997
7.597060533,0.0198,0.9806,0.1803,0.997
7.598177956,0.0208,0.9816,0.1783,0.998
7.599197494,0.0193,0.9828,0.1749,0.998
7.600059609,0.0186,0.9836,0.1722,0.999
7.600896417,0.0181,0.9841,0.1705,0.999
7.601533225,0.0159,0.9838,0.1695,0.998
7.602592533,0.0164,0.9841,0.1661,0.998
7.603426879,0.0161,0.9836,0.1656,0.998
7.604481302,0.0156,0.9836,0.1632,0.997
7.60693184,0.0154,0.9843,0.1625,0.998
7.608313109,0.0151,0.9846,0.1620,0.998
7.615087225,0.0151,0.9846,0.1600,0.998
7.616590071,0.0144,0.9846,0.1595,0.997
7.617589263,0.0117,0.9841,0.1576,0.997
7.618759379,0.0122,0.9836,0.1566,0.996
7.619689917,0.0137,0.9824,0.1578,0.995
7.620494148,0.0132,0.9821,0.1598,0.995
7.621765071,0.0139,0.9821,0.1608,0.995
7.623880186,0.0129,0.9826,0.1622,0.996
7.625831033,0.0122,0.9814,0.1612,0.995
7.628977033,0.0112,0.9814,0.1612,0.995
7.630685302,0.0122,0.9814,0.1617,0.995
7.632014417,0.0127,0.9802,0.1622,0.994
7.633780956,0.0120,0.9799,0.1649,0.994
7.635820879,0.0134,0.9792,0.1652,0.993
7.637611763,0.0132,0.9787,0.1656,0.993
7.639864879,0.0129,0.9775,0.1656,0.991
7.641915802,0.0125,0.9772,0.1649,0.991
7.652115571,0.0132,0.9780,0.1654,0.992
7.652679686,0.0142,0.9765,0.1671,0.991
7.652928032,0.0134,0.9760,0.1671,0.990
7.653159263,0.0144,0.9767,0.1681,0.991
7.65339934,0.0154,0.9758,0.1695,0.990
7.654416109,0.0147,0.9745,0.1713,0.990
7.655610571,0.0144,0.9770,0.1730,0.992
7.657317417,0.0142,0.9777,0.1754,0.993
7.659386225,0.0147,0.9782,0.1769,0.994
7.671965494,0.0149,0.9760,0.1796,0.992
7.672467032,0.0154,0.9767,0.1808,0.993
7.672718456,0.0156,0.9767,0.1840,0.994
7.672954686,0.0149,0.9772,0.1847,0.995
7.673192648,0.0151,0.9777,0.1842,0.995
7.67342384,0.0161,0.9772,0.1837,0.994
7.673767263,0.0164,0.9780,0.1823,0.995
7.675253032,0.0191,0.9767,0.1805,0.993
7.680078917,0.0193,0.9767,0.1791,0.993
7.680515609,0.0195,0.9767,0.1776,0.993
7.681115186,0.0193,0.9772,0.1757,0.993
7.683142879,0.0181,0.9775,0.1759,0.993
7.685058071,0.0188,0.9772,0.1757,0.993
7.687239802,0.0193,0.9772,0.1747,0.993
7.689530109,0.0198,0.9772,0.1739,0.993
7.691302956,0.0208,0.9780,0.1732,0.993
7.69386884,0.0205,0.9787,0.1720,0.994
7.695330456,0.0217,0.9789,0.1710,0.994
7.69685084,0.0225,0.9787,0.1713,0.994
7.699319071,0.0232,0.9797,0.1708,0.995
7.700817763,0.0242,0.9802,0.1693,0.995
7.703480879,0.0247,0.9806,0.1693,0.995
7.704863879,0.0237,0.9806,0.1698,0.996
7.706766571,0.0239,0.9802,0.1693,0.995
7.709320186,0.0235,0.9821,0.1693,0.997
7.712093571,0.0230,0.9821,0.1691,0.997
7.712961032,0.0235,0.9826,0.1686,0.997
7.714928686,0.0230,0.9821,0.1688,0.997
7.717145186,0.0227,0.9809,0.1715,0.996
7.718770032,0.0222,0.9819,0.1725,0.997
7.720998571,0.0227,0.9816,0.1722,0.997
7.722639917,0.0227,0.9814,0.1739,0.997
7.725044032,0.0227,0.9797,0.1752,0.995
7.728106879,0.0227,0.9789,0.1739,0.995
7.72896684,0.0225,0.9802,0.1747,0.996
7.730660917,0.0227,0.9802,0.1749,0.996
7.732648109,0.0237,0.9809,0.1766,0.997
7.734623917,0.0247,0.9816,0.1752,0.997
7.736734225,0.0249,0.9819,0.1752,0.998
7.738447494,0.0269,0.9824,0.1774,0.999
7.740818263,0.0257,0.9824,0.1781,0.999
7.742441417,0.0227,0.9804,0.1759,0.996
7.744534532,0.0227,0.9824,0.1769,0.998
7.746257802,0.0230,0.9843,0.1781,1.001
7.748254494,0.0210,0.9841,0.1771,1.000
7.750327571,0.0203,0.9841,0.1771,1.000
7.752459456,0.0205,0.9843,0.1769,1.000
7.75437434,0.0193,0.9838,0.1754,1.000
7.756384802,0.0191,0.9836,0.1766,0.999
7.758415109,0.0203,0.9838,0.1761,1.000
7.768987994,0.0186,0.9841,0.1759,1.000
7.770624455,0.0186,0.9846,0.1761,1.000
7.771709763,0.0186,0.9855,0.1776,1.002
7.772769917,0.0195,0.9858,0.1764,1.002
7.773724263,0.0198,0.9853,0.1752,1.001
7.775231879,0.0198,0.9853,0.1739,1.001
7.776346071,0.0205,0.9848,0.1739,1.000
7.777439186,0.0208,0.9850,0.1761,1.001
7.778920109,0.0195,0.9848,0.1735,1.000
7.780375725,0.0203,0.9848,0.1744,1.000
7.78121834,0.0188,0.9846,0.1744,1.000
7.782274917,0.0188,0.9850,0.1749,1.001
7.794982686,0.0193,0.9850,0.1739,1.000
7.796487494,0.0193,0.9855,0.1727,1.001
7.797271225,0.0191,0.9853,0.1735,1.001
7.798098686,0.0191,0.9836,0.1747,0.999
7.799094494,0.0183,0.9838,0.1742,0.999
7.800065417,0.0188,0.9848,0.1761,1.001
7.801057955,0.0173,0.9831,0.1759,0.999
7.801966802,0.0171,0.9824,0.1757,0.998
7.802917648,0.0188,0.9826,0.1761,0.998
7.803944609,0.0191,0.9831,0.1779,0.999
7.804646532,0.0186,0.9833,0.1783,1.000
7.805368225,0.0173,0.9826,0.1769,0.999
7.807475071,0.0173,0.9814,0.1761,0.997
7.809503917,0.0186,0.9802,0.1759,0.996
7.812506379,0.0183,0.9792,0.1759,0.995
7.814016071,0.0178,0.9787,0.1757,0.994
7.815495263,0.0178,0.9792,0.1766,0.995
7.817691417,0.0191,0.9782,0.1771,0.994
7.819474532,0.0186,0.9782,0.1764,0.994
7.821368802,0.0195,0.9767,0.1769,0.993
7.82331384,0.0188,0.9770,0.1764,0.993
7.825270417,0.0203,0.9762,0.1764,0.992
7.829111994,0.0217,0.9758,0.1771,0.992
7.830718648,0.0222,0.9760,0.1766,0.992
7.831816648,0.0215,0.9755,0.1766,0.992
7.833232571,0.0230,0.9750,0.1757,0.991
7.835293148,0.0225,0.9748,0.1749,0.991
7.837210225,0.0220,0.9748,0.1744,0.991
7.839362494,0.0225,0.9738,0.1742,0.990
7.841359571,0.0217,0.9738,0.1735,0.989
7.843268532,0.0222,0.9740,0.1744,0.990
7.845915379,0.0220,0.9736,0.1749,0.989
7.847417186,0.0222,0.9731,0.1757,0.989
7.849053186,0.0222,0.9721,0.1764,0.988
7.851221763,0.0225,0.9721,0.1761,0.988
7.85311984,0.0230,0.9733,0.1744,0.989
7.855118225,0.0225,0.9740,0.1732,0.990
7.857052917,0.0237,0.9745,0.1730,0.990
7.859213071,0.0222,0.9738,0.1730,0.989
7.868481032,0.0222,0.9736,0.1730,0.989
7.869943263,0.0222,0.9745,0.1737,0.990
7.871125878,0.0210,0.9748,0.1747,0.991
7.87223434,0.0210,0.9753,0.1742,0.991
7.873103378,0.0205,0.9758,0.1739,0.991
7.875735032,0.0217,0.9758,0.1737,0.991
7.876887263,0.0222,0.9772,0.1737,0.993
7.877788648,0.0220,0.9767,0.1742,0.992
7.879103302,0.0222,0.9770,0.1744,0.993
7.889317571,0.0200,0.9792,0.1754,0.995
7.890949032,0.0198,0.9794,0.1749,0.995
7.891809802,0.0208,0.9780,0.1739,0.994
7.893086648,0.0210,0.9780,0.1757,0.994
7.894441109,0.0210,0.9777,0.1752,0.994
7.895730917,0.0217,0.9792,0.1735,0.995
7.896773955,0.0205,0.9802,0.1730,0.996
7.897501725,0.0205,0.9819,0.1735,0.997
7.898612263,0.0220,0.9809,0.1730,0.996
7.899437725,0.0222,0.9814,0.1720,0.997
7.900485955,0.0225,0.9811,0.1737,0.997
7.901300686,0.0232,0.9797,0.1747,0.995
7.902379763,0.0227,0.9806,0.1725,0.996
7.904583455,0.0230,0.9806,0.1717,0.996
7.905985455,0.0235,0.9814,0.1725,0.997
7.908278763,0.0235,0.9833,0.1735,0.999
7.911638263,0.0230,0.9841,0.1730,0.999
7.912128878,0.0244,0.9841,0.1727,0.999
7.914202571,0.0244,0.9841,0.1720,0.999
7.91646384,0.0237,0.9865,0.1708,1.001
7.918210571,0.0237,0.9863,0.1700,1.001
7.920421686,0.0235,0.9850,0.1705,1.000
7.922125302,0.0237,0.9848,0.1713,1.000
7.924258455,0.0237,0.9841,0.1725,0.999
7.926138071,0.0232,0.9841,0.1722,0.999
7.929275802,0.0239,0.9846,0.1710,1.000
7.929930917,0.0232,0.9843,0.1727,1.000
7.932206802,0.0237,0.9846,0.1730,1.000
7.934119109,0.0239,0.9846,0.1730,1.000
7.936442609,0.0225,0.9848,0.1735,1.000
7.938056494,0.0225,0.9853,0.1735,1.001
7.940224071,0.0249,0.9821,0.1754,0.998
7.941901994,0.0230,0.9814,0.1766,0.997
7.94805084,0.0227,0.9826,0.1769,0.999
7.948630609,0.0230,0.9821,0.1776,0.998
7.948864763,0.0237,0.9826,0.1798,0.999
7.949715032,0.0239,0.9826,0.1796,0.999
7.952313686,0.0244,0.9809,0.1808,0.998
7.953611878,0.0244,0.9814,0.1813,0.998
7.956102994,0.0244,0.9811,0.1803,0.998
7.957703302,0.0247,0.9804,0.1805,0.997
7.960239609,0.0244,0.9804,0.1810,0.997
7.969857686,0.0244,0.9802,0.1818,0.997
7.970934763,0.0264,0.9806,0.1818,0.998
7.971327148,0.0259,0.9789,0.1832,0.996
7.971728955,0.0220,0.9782,0.1840,0.996
7.972093648,0.0225,0.9780,0.1837,0.995
7.972447071,0.0237,0.9789,0.1842,0.996
7.973385648,0.0217,0.9784,0.1845,0.996
7.975725417,0.0210,0.9789,0.1840,0.996
7.977921532,0.0205,0.9782,0.1849,0.996
7.979339032,0.0203,0.9782,0.1845,0.996
7.98123134,0.0208,0.9787,0.1832,0.996
7.983740725,0.0195,0.9794,0.1840,0.997
7.985292109,0.0191,0.9799,0.1845,0.997
7.987752994,0.0181,0.9797,0.1852,0.997
7.989381109,0.0200,0.9804,0.1864,0.998
7.991716648,0.0198,0.9811,0.1874,0.999
7.99328284,0.0166,0.9799,0.1881,0.998
7.995634225,0.0173,0.9797,0.1896,0.998
7.997261648,0.0183,0.9806,0.1928,1.000
7.999255301,0.0159,0.9799,0.1930,0.999
8.001182955,0.0151,0.9794,0.1932,0.998
8.003832648,0.0159,0.9794,0.1937,0.999
8.005182455,0.0147,0.9799,0.1930,0.999
8.007581917,0.0154,0.9804,0.1920,0.999
8.009242686,0.0151,0.9802,0.1903,0.999
8.01162334,0.0161,0.9802,0.1871,0.998
8.012742955,0.0164,0.9799,0.1835,0.997
8.014806301,0.0166,0.9802,0.1783,0.996
8.016942263,0.0169,0.9794,0.1757,0.995
8.018919725,0.0176,0.9804,0.1705,0.995
8.020974648,0.0166,0.9811,0.1698,0.996
8.022778378,0.0161,0.9819,0.1666,0.996
8.025085032,0.0156,0.9828,0.1644,0.997
8.026893648,0.0159,0.9833,0.1642,0.997
8.029625032,0.0166,0.9836,0.1666,0.998
8.031229263,0.0139,0.9843,0.1683,0.999
8.032839532,0.0132,0.9846,0.1720,1.000
8.034738955,0.0137,0.9848,0.1749,1.000
8.036837686,0.0129,0.9848,0.1769,1.001
8.038759417,0.0125,0.9848,0.1781,1.001
8.040613532,0.0151,0.9838,0.1781,1.000
8.042592801,0.0142,0.9846,0.1766,1.000
8.045863801,0.0134,0.9858,0.1771,1.002
8.047512109,0.0139,0.9850,0.1764,1.001
8.04976634,0.0147,0.9836,0.1781,1.000
8.051046071,0.0159,0.9819,0.1805,0.998
8.052212571,0.0159,0.9809,0.1820,0.998
8.054305032,0.0151,0.9804,0.1864,0.998
8.056565725,0.0151,0.9814,0.1881,0.999
8.058330455,0.0154,0.9824,0.1923,1.001
8.06915584,0.0154,0.9802,0.1972,1.000
8.070956571,0.0159,0.9787,0.2001,0.999
8.072274571,0.0159,0.9770,0.2035,0.998
8.07342934,0.0183,0.9777,0.2074,1.000
8.075302994,0.0191,0.9787,0.2089,1.001
8.076475648,0.0217,0.9765,0.2113,0.999
8.077744917,0.0217,0.9750,0.2121,0.998
8.079318186,0.0230,0.9736,0.2103,0.996
8.079896263,0.0242,0.9758,0.2096,0.998
8.080358032,0.0242,0.9755,0.2069,0.998
8.080725148,0.0247,0.9738,0.2040,0.995
8.090915301,0.0259,0.9736,0.1989,0.994
8.091730955,0.0261,0.9736,0.1957,0.993
8.092127494,0.0269,0.9743,0.1901,0.993
8.092493032,0.0279,0.9745,0.1876,0.993
8.092866878,0.0283,0.9755,0.1815,0.993
8.093237224,0.0283,0.9760,0.1752,0.992
8.100896148,0.0276,0.9765,0.1730,0.992
8.101784263,0.0281,0.9772,0.1681,0.992
8.102195955,0.0254,0.9770,0.1654,0.991
8.102701186,0.0244,0.9794,0.1595,0.993
8.103123263,0.0200,0.9799,0.1571,0.993
8.103609571,0.0208,0.9792,0.1564,0.992
8.105767148,0.0198,0.9799,0.1542,0.992
8.107955224,0.0176,0.9797,0.1522,0.992
8.109646532,0.0169,0.9809,0.1517,0.993
8.11221234,0.0181,0.9806,0.1507,0.992
8.113657148,0.0183,0.9811,0.1502,0.993
8.11590684,0.0173,0.9799,0.1507,0.992
8.117475917,0.0186,0.9806,0.1500,0.992
8.119955917,0.0176,0.9802,0.1515,0.992
8.121467686,0.0171,0.9819,0.1510,0.994
8.123486878,0.0193,0.9826,0.1529,0.995
8.125588609,0.0198,0.9821,0.1532,0.994
8.128785609,0.0210,0.9814,0.1549,0.994
8.129596571,0.0220,0.9814,0.1556,0.994
8.131481109,0.0252,0.9836,0.1576,0.996
8.133313532,0.0249,0.9843,0.1608,0.998
8.135600686,0.0252,0.9846,0.1630,0.998
8.137363186,0.0247,0.9848,0.1656,0.999
8.139783301,0.0247,0.9846,0.1708,1.000
8.141090109,0.0232,0.9853,0.1737,1.001
8.143173686,0.0230,0.9843,0.1788,1.001
8.147890455,0.0235,0.9850,0.1820,1.002
8.149446224,0.0203,0.9838,0.1874,1.002
8.150475609,0.0193,0.9846,0.1901,1.003
8.151692878,0.0191,0.9855,0.1923,1.004
8.153216878,0.0176,0.9872,0.1972,1.007
8.155225455,0.0159,0.9868,0.1981,1.007
8.157176224,0.0147,0.9853,0.1996,1.005
8.159218224,0.0147,0.9841,0.2035,1.005
8.169890378,0.0139,0.9826,0.2052,1.004
8.171596378,0.0142,0.9826,0.2055,1.004
8.172640724,0.0139,0.9833,0.2057,1.005
8.173681071,0.0144,0.9828,0.2072,1.005
8.174931224,0.0132,0.9821,0.2069,1.004
8.175860071,0.0151,0.9816,0.2055,1.003
8.176877186,0.0166,0.9802,0.2072,1.002
8.177645148,0.0144,0.9809,0.2052,1.002
8.178934994,0.0139,0.9804,0.2050,1.002
8.180256455,0.0137,0.9799,0.2013,1.000
8.181405532,0.0117,0.9792,0.1996,0.999
8.192179224,0.0115,0.9794,0.1984,0.999
8.193722378,0.0088,0.9797,0.1932,0.999
8.194964109,0.0078,0.9799,0.1913,0.998
8.196096994,0.0083,0.9831,0.1869,1.001
8.197216647,0.0086,0.9826,0.1871,1.000
8.198293109,0.0093,0.9806,0.1840,0.998
8.199374763,0.0100,0.9814,0.1820,0.998
8.200225032,0.0105,0.9816,0.1803,0.998
8.201057532,0.0100,0.9802,0.1769,0.996
8.201749532,0.0093,0.9804,0.1730,0.996
8.202941455,0.0098,0.9816,0.1708,0.996
8.206162878,0.0120,0.9816,0.1691,0.996
8.207709994,0.0125,0.9819,0.1673,0.996
8.208657609,0.0125,0.9824,0.1656,0.996
8.210186147,0.0122,0.9836,0.1617,0.997
8.215219724,0.0125,0.9831,0.1605,0.996
8.216796647,0.0129,0.9833,0.1615,0.997
8.218028301,0.0127,0.9828,0.1605,0.996
8.219252917,0.0129,0.9833,0.1600,0.996
8.220311801,0.0154,0.9831,0.1598,0.996
8.222039109,0.0156,0.9824,0.1593,0.995
8.223977801,0.0178,0.9831,0.1593,0.996
8.225958955,0.0166,0.9833,0.1598,0.996
8.229343686,0.0164,0.9821,0.1595,0.995
8.230937763,0.0181,0.9792,0.1617,0.993
8.233534917,0.0208,0.9787,0.1632,0.992
8.234658686,0.0203,0.9789,0.1637,0.993
8.236009917,0.0195,0.9784,0.1627,0.992
8.237867801,0.0193,0.9797,0.1630,0.993
8.240049301,0.0186,0.9799,0.1656,0.994
8.24185834,0.0205,0.9804,0.1678,0.995
8.243866917,0.0210,0.9799,0.1693,0.995
8.247436647,0.0215,0.9784,0.1691,0.993
8.248850609,0.0217,0.9777,0.1683,0.992
8.250020609,0.0210,0.9775,0.1688,0.992
8.251778686,0.0200,0.9760,0.1708,0.991
8.253629647,0.0208,0.9755,0.1720,0.991
8.255962455,0.0200,0.9755,0.1742,0.991
8.257657609,0.0198,0.9743,0.1759,0.990
8.259729109,0.0181,0.9750,0.1771,0.991
8.269504109,0.0159,0.9762,0.1798,0.993
8.271070917,0.0169,0.9765,0.1818,0.993
8.272328494,0.0159,0.9745,0.1857,0.992
8.273479724,0.0137,0.9743,0.1881,0.992
8.274456571,0.0132,0.9750,0.1874,0.993
8.275486378,0.0137,0.9740,0.1854,0.992
8.275933186,0.0122,0.9726,0.1867,0.990
8.276340109,0.0127,0.9723,0.1869,0.990
8.277723032,0.0115,0.9733,0.1837,0.991
8.293571647,0.0098,0.9748,0.1823,0.992
8.295237494,0.0088,0.9738,0.1788,0.990
8.296347609,0.0100,0.9738,0.1759,0.990
8.297352532,0.0112,0.9738,0.1747,0.989
8.298206724,0.0088,0.9758,0.1744,0.991
8.299440109,0.0100,0.9765,0.1725,0.992
8.300318378,0.0098,0.9789,0.1732,0.994
8.301487647,0.0103,0.9794,0.1732,0.995
8.302428878,0.0107,0.9782,0.1735,0.994
8.303523301,0.0120,0.9787,0.1732,0.994
8.304251917,0.0127,0.9789,0.1705,0.994
8.305081955,0.0125,0.9804,0.1700,0.995
8.305827301,0.0144,0.9806,0.1695,0.995
8.30671357,0.0159,0.9811,0.1678,0.996
8.30761907,0.0149,0.9824,0.1644,0.996
8.30898534,0.0154,0.9819,0.1622,0.995
8.314043801,0.0159,0.9826,0.1617,0.996
8.315639917,0.0171,0.9826,0.1600,0.996
8.316461917,0.0186,0.9831,0.1600,0.996
8.317623263,0.0186,0.9841,0.1608,0.997
8.319011878,0.0181,0.9848,0.1600,0.998
8.320727878,0.0176,0.9838,0.1612,0.997
8.322800147,0.0169,0.9838,0.1632,0.997
8.325185532,0.0186,0.9853,0.1625,0.999
8.326677224,0.0191,0.9846,0.1627,0.998
8.329164994,0.0205,0.9838,0.1637,0.998
8.330723955,0.0210,0.9843,0.1630,0.998
8.332577724,0.0225,0.9848,0.1630,0.998
8.334546224,0.0232,0.9831,0.1642,0.997
8.336497109,0.0237,0.9828,0.1654,0.997
8.338383609,0.0259,0.9838,0.1647,0.998
8.340443763,0.0257,0.9843,0.1656,0.998
8.342281224,0.0254,0.9841,0.1664,0.998
8.344286878,0.0259,0.9858,0.1649,1.000
8.346426609,0.0266,0.9863,0.1654,1.000
8.348561455,0.0259,0.9868,0.1661,1.001
8.350265532,0.0259,0.9858,0.1688,1.000
8.352315109,0.0249,0.9865,0.1700,1.001
8.354394263,0.0247,0.9882,0.1705,1.003
8.356325378,0.0237,0.9875,0.1710,1.002
8.358204417,0.0220,0.9872,0.1727,1.002
8.360052724,0.0222,0.9870,0.1735,1.002
8.365169224,0.0222,0.9872,0.1730,1.003
8.365965147,0.0225,0.9870,0.1722,1.002
8.366403609,0.0225,0.9865,0.1717,1.002
8.36857934,0.0220,0.9868,0.1722,1.002
8.370080647,0.0200,0.9894,0.1725,1.005
8.372131109,0.0195,0.9897,0.1720,1.005
8.37411684,0.0195,0.9894,0.1725,1.005
8.376017955,0.0181,0.9894,0.1708,1.004
8.384815147,0.0183,0.9892,0.1703,1.004
8.385980917,0.0193,0.9897,0.1688,1.004
8.386973417,0.0193,0.9904,0.1703,1.005
8.387697686,0.0186,0.9912,0.1693,1.006
8.388388763,0.0205,0.9897,0.1673,1.004
8.39100684,0.0205,0.9904,0.1681,1.005
8.391903455,0.0195,0.9899,0.1661,1.004
8.392685494,0.0191,0.9907,0.1647,1.004
8.393864763,0.0188,0.9914,0.1634,1.005
8.39682257,0.0186,0.9904,0.1637,1.004
8.398248724,0.0181,0.9892,0.1642,1.003
8.399883917,0.0191,0.9897,0.1634,1.003
8.401672917,0.0193,0.9904,0.1632,1.004
8.403790109,0.0176,0.9907,0.1622,1.004
8.40592907,0.0183,0.9897,0.1612,1.003
8.407832417,0.0188,0.9894,0.1610,1.003
8.409606186,0.0186,0.9887,0.1605,1.002
8.412258763,0.0171,0.9872,0.1617,1.001
8.41466457,0.0164,0.9885,0.1615,1.002
8.415926224,0.0178,0.9875,0.1622,1.001
8.417805109,0.0188,0.9860,0.1617,0.999
8.419591878,0.0191,0.9860,0.1610,0.999
8.42150784,0.0193,0.9855,0.1595,0.999
8.423613032,0.0188,0.9831,0.1600,0.996
8.42564007,0.0186,0.9828,0.1590,0.996
8.429533801,0.0181,0.9816,0.1571,0.994
8.43119607,0.0183,0.9819,0.1571,0.995
8.432689147,0.0183,0.9814,0.1588,0.994
8.433991455,0.0186,0.9811,0.1598,0.994
8.435629917,0.0188,0.9802,0.1605,0.993
8.437538917,0.0186,0.9792,0.1605,0.992
8.439530147,0.0183,0.9789,0.1608,0.992
8.441480801,0.0181,0.9794,0.1608,0.993
8.44339707,0.0186,0.9787,0.1610,0.992
8.446845032,0.0200,0.9780,0.1612,0.991
8.448215147,0.0200,0.9775,0.1644,0.991
8.449462109,0.0193,0.9772,0.1652,0.991
8.451353647,0.0183,0.9767,0.1652,0.991
8.45324007,0.0186,0.9775,0.1649,0.991
8.455190686,0.0188,0.9753,0.1647,0.989
8.457423301,0.0198,0.9765,0.1656,0.991
8.459090763,0.0208,0.9750,0.1652,0.989
8.461376224,0.0203,0.9753,0.1652,0.989
8.46336857,0.0176,0.9755,0.1649,0.990
8.47207357,0.0195,0.9758,0.1644,0.990
8.47356934,0.0195,0.9758,0.1656,0.990
8.474851263,0.0193,0.9772,0.1652,0.991
8.475838493,0.0195,0.9780,0.1654,0.992
8.476941878,0.0173,0.9784,0.1649,0.992
8.478070224,0.0173,0.9789,0.1630,0.993
8.479135263,0.0173,0.9789,0.1617,0.992
8.479429493,0.0176,0.9780,0.1603,0.991
8.491371647,0.0169,0.9777,0.1610,0.991
8.491870455,0.0173,0.9787,0.1608,0.992
8.492120378,0.0171,0.9787,0.1581,0.992
8.49235234,0.0169,0.9789,0.1586,0.992
8.492582878,0.0151,0.9816,0.1559,0.994
8.492831763,0.0169,0.9809,0.1571,0.994
8.49305707,0.0171,0.9821,0.1581,0.995
8.499768993,0.0164,0.9836,0.1595,0.997
8.500377455,0.0161,0.9838,0.1600,0.997
8.50063634,0.0176,0.9846,0.1590,0.997
8.500864724,0.0186,0.9826,0.1588,0.996
8.502225417,0.0176,0.9826,0.1595,0.996
8.504405224,0.0164,0.9841,0.1595,0.997
8.506173455,0.0166,0.9858,0.1583,0.999
8.508335417,0.0186,0.9850,0.1588,0.998
8.51010607,0.0186,0.9858,0.1583,0.999
8.512424647,0.0191,0.9855,0.1581,0.998
8.514132609,0.0188,0.9865,0.1593,0.999
8.516109686,0.0188,0.9877,0.1588,1.001
8.518113955,0.0188,0.9872,0.1588,1.000
8.520110378,0.0205,0.9880,0.1578,1.001
8.522101224,0.0208,0.9880,0.1588,1.001
8.523990032,0.0220,0.9887,0.1600,1.002
8.525897955,0.0227,0.9890,0.1595,1.002
8.529145801,0.0230,0.9877,0.1593,1.001
8.531569878,0.0227,0.9875,0.1583,1.000
8.532660801,0.0237,0.9887,0.1586,1.002
8.534111686,0.0242,0.9894,0.1588,1.002
8.536060763,0.0247,0.9902,0.1598,1.003
8.537976609,0.0249,0.9894,0.1593,1.002
8.540089955,0.0235,0.9880,0.1595,1.001
8.542179686,0.0247,0.9875,0.1595,1.001
8.544086801,0.0242,0.9877,0.1590,1.001
8.54686157,0.0239,0.9865,0.1610,1.000
8.548104955,0.0239,0.9877,0.1608,1.001
8.549858609,0.0227,0.9875,0.1600,1.001
8.551934301,0.0227,0.9872,0.1610,1.001
8.553915647,0.0225,0.9865,0.1617,1.000
8.555907147,0.0230,0.9865,0.1625,1.000
8.557792724,0.0242,0.9853,0.1608,0.999
8.559822186,0.0237,0.9860,0.1615,0.999
8.569474416,0.0247,0.9850,0.1632,0.999
8.570752763,0.0244,0.9850,0.1637,0.999
8.571660724,0.0244,0.9846,0.1642,0.998
8.572484609,0.0252,0.9819,0.1642,0.996
8.573460263,0.0244,0.9816,0.1632,0.995
8.576412686,0.0247,0.9819,0.1639,0.996
8.577629916,0.0257,0.9821,0.1630,0.996
8.578989416,0.0254,0.9824,0.1625,0.996
8.58012334,0.0235,0.9836,0.1630,0.997
8.58096507,0.0239,0.9838,0.1632,0.998
8.581931532,0.0242,0.9848,0.1625,0.998
8.592344955,0.0242,0.9828,0.1627,0.997
8.593782301,0.0239,0.9828,0.1615,0.996
8.59509534,0.0222,0.9831,0.1610,0.996
8.59626607,0.0230,0.9824,0.1590,0.995
8.597403955,0.0227,0.9838,0.1588,0.997
8.598396147,0.0220,0.9836,0.1568,0.996
8.599482916,0.0220,0.9833,0.1561,0.996
8.600432455,0.0225,0.9841,0.1559,0.997
8.601454301,0.0213,0.9838,0.1566,0.996
8.602181916,0.0217,0.9826,0.1568,0.995
8.603217263,0.0213,0.9841,0.1566,0.997
8.605878532,0.0215,0.9836,0.1549,0.996
8.607393878,0.0213,0.9841,0.1559,0.997
8.609062301,0.0188,0.9836,0.1581,0.996
8.61127707,0.0191,0.9836,0.1581,0.996
8.614758724,0.0186,0.9831,0.1615,0.996
8.616169763,0.0203,0.9826,0.1632,0.996
8.617825993,0.0200,0.9824,0.1634,0.996
8.618997686,0.0195,0.9828,0.1622,0.996
8.620863916,0.0203,0.9833,0.1615,0.997
8.622873532,0.0205,0.9836,0.1576,0.996
8.625032147,0.0205,0.9833,0.1539,0.996
8.627154878,0.0215,0.9828,0.1515,0.995
8.63006657,0.0215,0.9831,0.1456,0.994
8.63162907,0.0213,0.9838,0.1415,0.994
8.632824109,0.0220,0.9836,0.1397,0.994
8.634804416,0.0222,0.9855,0.1349,0.995
8.636698839,0.0222,0.9848,0.1341,0.994
8.638703263,0.0203,0.9860,0.1327,0.995
8.640683724,0.0195,0.9853,0.1336,0.995
8.642769416,0.0191,0.9858,0.1346,0.995
8.64482807,0.0188,0.9865,0.1385,0.996
8.64752157,0.0178,0.9880,0.1412,0.998
8.650166416,0.0161,0.9885,0.1441,0.999
8.651611147,0.0147,0.9882,0.1468,0.999
8.652664955,0.0161,0.9877,0.1478,0.999
8.654812493,0.0169,0.9885,0.1517,1.000
8.656743493,0.0154,0.9870,0.1529,0.999
8.658623532,0.0159,0.9855,0.1539,0.998
8.660556763,0.0193,0.9846,0.1542,0.997
8.672386301,0.0193,0.9843,0.1551,0.997
8.674333763,0.0195,0.9838,0.1568,0.996
8.675438224,0.0215,0.9824,0.1610,0.996
8.675790532,0.0213,0.9824,0.1632,0.996
8.676109724,0.0183,0.9826,0.1698,0.997
8.676537839,0.0183,0.9811,0.1769,0.997
8.676860263,0.0178,0.9809,0.1798,0.997
8.677166686,0.0181,0.9794,0.1867,0.997
8.678688647,0.0178,0.9797,0.1879,0.998
8.694026686,0.0188,0.9789,0.1913,0.998
8.694814878,0.0200,0.9780,0.1918,0.997
8.695156609,0.0210,0.9782,0.1937,0.997
8.695469455,0.0232,0.9772,0.1935,0.996
8.695779186,0.0232,0.9760,0.1920,0.995
8.696092109,0.0252,0.9767,0.1901,0.995
8.696407416,0.0259,0.9762,0.1852,0.994
8.696713801,0.0274,0.9762,0.1823,0.993
8.697044686,0.0291,0.9765,0.1781,0.993
8.700951609,0.0318,0.9767,0.1720,0.992
8.70136257,0.0325,0.9772,0.1681,0.992
8.701865378,0.0298,0.9782,0.1600,0.992
8.703856378,0.0300,0.9794,0.1507,0.991
8.706089493,0.0322,0.9797,0.1468,0.991
8.708193724,0.0310,0.9802,0.1415,0.991
8.710301301,0.0308,0.9804,0.1383,0.991
8.71286157,0.0288,0.9809,0.1312,0.990
8.713720301,0.0279,0.9811,0.1241,0.989
8.720813916,0.0276,0.9831,0.1224,0.991
8.721083955,0.0264,0.9846,0.1187,0.992
8.721319801,0.0264,0.9838,0.1168,0.991
8.722537032,0.0252,0.9831,0.1124,0.990
8.72389757,0.0249,0.9853,0.1099,0.992
8.725843032,0.0254,0.9865,0.1097,0.993
8.727719262,0.0249,0.9882,0.1112,0.995
8.729544109,0.0252,0.9880,0.1126,0.995
8.731606224,0.0247,0.9885,0.1129,0.995
8.733627839,0.0254,0.9899,0.1131,0.997
8.735657339,0.0244,0.9894,0.1136,0.996
8.737665186,0.0254,0.9882,0.1168,0.995
8.739657762,0.0257,0.9880,0.1207,0.996
8.74139907,0.0271,0.9882,0.1214,0.996
8.743506993,0.0269,0.9887,0.1246,0.997
8.746231801,0.0271,0.9902,0.1280,0.999
8.747665032,0.0269,0.9909,0.1300,1.000
8.749350339,0.0257,0.9919,0.1351,1.001
8.751429878,0.0264,0.9912,0.1373,1.001
8.753365493,0.0257,0.9921,0.1410,1.002
8.755451339,0.0249,0.9912,0.1483,1.002
8.757474724,0.0242,0.9909,0.1510,1.003
8.759524647,0.0254,0.9914,0.1554,1.004
8.76160807,0.0249,0.9919,0.1588,1.005
8.770465839,0.0247,0.9909,0.1608,1.004
8.771836878,0.0247,0.9914,0.1654,1.005
8.772630186,0.0247,0.9909,0.1671,1.005
8.77360707,0.0252,0.9914,0.1703,1.006
8.774408186,0.0244,0.9907,0.1720,1.006
8.775397839,0.0249,0.9904,0.1730,1.006
8.776253455,0.0247,0.9912,0.1749,1.007
8.777119762,0.0257,0.9907,0.1752,1.006
8.796545878,0.0257,0.9916,0.1757,1.007
8.797790339,0.0271,0.9929,0.1781,1.009
8.798655416,0.0276,0.9919,0.1776,1.008
8.799414301,0.0276,0.9916,0.1783,1.008
8.800332993,0.0293,0.9919,0.1781,1.008
8.801343609,0.0296,0.9924,0.1771,1.008
8.802176878,0.0300,0.9929,0.1761,1.009
8.803272339,0.0298,0.9933,0.1764,1.009
8.803966224,0.0281,0.9926,0.1781,1.009
8.804861493,0.0269,0.9894,0.1757,1.005
8.805553493,0.0259,0.9899,0.1752,1.006
8.806196801,0.0257,0.9907,0.1730,1.006
8.807129839,0.0247,0.9899,0.1700,1.005
8.807751032,0.0244,0.9902,0.1686,1.005
8.808512801,0.0230,0.9904,0.1683,1.005
8.80935707,0.0220,0.9907,0.1681,1.005
8.810731455,0.0208,0.9899,0.1673,1.004
8.813641762,0.0210,0.9887,0.1649,1.003
8.816200147,0.0195,0.9877,0.1634,1.001
8.81711607,0.0181,0.9850,0.1590,0.998
8.818617609,0.0171,0.9853,0.1564,0.998
8.820675647,0.0166,0.9848,0.1556,0.997
8.822650801,0.0171,0.9853,0.1559,0.998
8.824736686,0.0186,0.9853,0.1539,0.997
8.826701647,0.0198,0.9831,0.1524,0.995
8.828727724,0.0186,0.9811,0.1524,0.993
8.831389455,0.0181,0.9806,0.1522,0.993
8.832862339,0.0198,0.9789,0.1517,0.991
8.834483993,0.0205,0.9787,0.1515,0.991
8.836354224,0.0210,0.9782,0.1520,0.990
8.838318339,0.0215,0.9775,0.1524,0.990
8.840624378,0.0215,0.9770,0.1520,0.989
8.842313339,0.0227,0.9770,0.1517,0.989
8.848204685,0.0220,0.9748,0.1524,0.987
8.849535801,0.0210,0.9743,0.1527,0.986
8.851002224,0.0208,0.9743,0.1515,0.986
8.851988147,0.0225,0.9719,0.1517,0.984
8.852939609,0.0232,0.9723,0.1515,0.984
8.85414607,0.0230,0.9723,0.1517,0.984
8.856319839,0.0225,0.9728,0.1522,0.985
8.858106916,0.0232,0.9731,0.1529,0.985
8.860363032,0.0254,0.9723,0.1542,0.985
8.870614378,0.0254,0.9731,0.1537,0.985
8.872189378,0.0249,0.9719,0.1527,0.984
8.873077724,0.0247,0.9714,0.1537,0.984
8.874134724,0.0239,0.9711,0.1576,0.984
8.875070762,0.0232,0.9726,0.1610,0.986
8.875358301,0.0225,0.9731,0.1620,0.987
8.875601455,0.0235,0.9723,0.1654,0.987
8.875828955,0.0205,0.9711,0.1695,0.986
8.877972685,0.0195,0.9709,0.1710,0.986
8.890702801,0.0198,0.9723,0.1722,0.988
8.891305647,0.0222,0.9736,0.1708,0.989
8.891555878,0.0225,0.9745,0.1693,0.989
8.891795109,0.0208,0.9738,0.1688,0.989
8.892026685,0.0213,0.9733,0.1678,0.988
8.89225757,0.0210,0.9748,0.1664,0.989
8.892485224,0.0232,0.9760,0.1625,0.990
8.893744955,0.0235,0.9755,0.1617,0.989
8.898308032,0.0193,0.9760,0.1608,0.989
8.898871993,0.0171,0.9762,0.1578,0.989
8.899803647,0.0188,0.9780,0.1576,0.991
8.901588455,0.0186,0.9782,0.1559,0.991
8.903734339,0.0183,0.9792,0.1546,0.991
8.905782493,0.0186,0.9804,0.1522,0.992
8.907697262,0.0198,0.9809,0.1498,0.992
8.909616224,0.0186,0.9811,0.1483,0.992
8.911667647,0.0193,0.9824,0.1456,0.993
8.914450147,0.0220,0.9836,0.1451,0.994
8.917163455,0.0227,0.9853,0.1429,0.996
8.917594109,0.0220,0.9855,0.1432,0.996
8.919473032,0.0232,0.9858,0.1424,0.996
8.921470532,0.0242,0.9863,0.1415,0.997
8.923492839,0.0254,0.9875,0.1410,0.998
8.925395147,0.0254,0.9872,0.1400,0.997
8.927632609,0.0254,0.9875,0.1393,0.998
8.93034607,0.0257,0.9882,0.1402,0.998
8.931831609,0.0266,0.9880,0.1417,0.998
8.934700378,0.0274,0.9894,0.1390,1.000
8.935840416,0.0281,0.9897,0.1388,1.000
8.937426109,0.0286,0.9912,0.1407,1.001
8.939456301,0.0303,0.9904,0.1407,1.001
8.941347032,0.0308,0.9919,0.1407,1.002
8.943378032,0.0327,0.9936,0.1405,1.004
8.945456608,0.0335,0.9931,0.1422,1.004
8.948412262,0.0347,0.9916,0.1432,1.003
8.949932339,0.0340,0.9919,0.1449,1.003
8.951610685,0.0347,0.9926,0.1456,1.004
8.953390416,0.0342,0.9948,0.1490,1.006
8.955257685,0.0337,0.9936,0.1493,1.005
8.957236108,0.0340,0.9921,0.1498,1.004
8.959273108,0.0335,0.9914,0.1515,1.003
8.96108957,0.0332,0.9914,0.1517,1.003
8.970562108,0.0313,0.9899,0.1524,1.002
8.972086262,0.0298,0.9897,0.1527,1.002
8.973213224,0.0286,0.9899,0.1524,1.002
8.974313608,0.0286,0.9909,0.1561,1.004
8.975500032,0.0291,0.9914,0.1568,1.004
8.976344147,0.0271,0.9892,0.1559,1.002
8.977168032,0.0259,0.9863,0.1571,0.999
8.97791507,0.0261,0.9850,0.1573,0.998
8.979264493,0.0232,0.9858,0.1566,0.998
8.995443455,0.0215,0.9858,0.1576,0.999
8.997017032,0.0222,0.9868,0.1590,1.000
8.998081185,0.0215,0.9872,0.1590,1.000
8.999189224,0.0215,0.9863,0.1593,0.999
9.000187762,0.0203,0.9836,0.1571,0.996
9.001209147,0.0208,0.9836,0.1581,0.996
9.002380493,0.0200,0.9836,0.1581,0.996
9.003575262,0.0188,0.9858,0.1578,0.999
9.004733532,0.0193,0.9848,0.1576,0.998
9.00557107,0.0200,0.9833,0.1568,0.996
9.006398878,0.0200,0.9819,0.1566,0.994
9.00739157,0.0193,0.9816,0.1568,0.994
9.008172301,0.0195,0.9814,0.1529,0.993
9.009119339,0.0195,0.9809,0.1529,0.993
9.009917801,0.0193,0.9799,0.1532,0.992
9.010938839,0.0208,0.9804,0.1520,0.992
9.014140532,0.0217,0.9814,0.1512,0.993
9.01573157,0.0220,0.9797,0.1495,0.991
9.016752647,0.0242,0.9797,0.1488,0.991
9.018332647,0.0247,0.9797,0.1483,0.991
9.020384685,0.0242,0.9799,0.1471,0.991
9.022306185,0.0244,0.9802,0.1461,0.991
9.024321839,0.0252,0.9802,0.1446,0.991
9.026717685,0.0247,0.9804,0.1439,0.991
9.028413839,0.0247,0.9794,0.1439,0.990
9.031409455,0.0237,0.9789,0.1439,0.990
9.032957993,0.0252,0.9789,0.1451,0.990
9.034248416,0.0257,0.9797,0.1446,0.991
9.036197147,0.0247,0.9787,0.1424,0.989
9.038213032,0.0264,0.9784,0.1417,0.989
9.040250993,0.0266,0.9777,0.1424,0.988
9.042098032,0.0279,0.9777,0.1432,0.989
9.04423857,0.0276,0.9787,0.1432,0.989
9.047599031,0.0279,0.9777,0.1397,0.988
9.049155724,0.0296,0.9745,0.1417,0.985
9.050879685,0.0298,0.9767,0.1429,0.988
9.052516801,0.0283,0.9784,0.1424,0.989
9.053778916,0.0274,0.9777,0.1424,0.988
9.05606657,0.0276,0.9784,0.1441,0.989
9.058019493,0.0281,0.9777,0.1444,0.989
9.060153185,0.0293,0.9784,0.1451,0.990
9.062359185,0.0298,0.9792,0.1449,0.990
9.072153108,0.0298,0.9772,0.1454,0.988
9.07361457,0.0298,0.9780,0.1461,0.989
9.074732647,0.0288,0.9792,0.1454,0.990
9.075840685,0.0296,0.9794,0.1456,0.991
9.076805762,0.0303,0.9809,0.1468,0.992
9.078383724,0.0291,0.9821,0.1459,0.993
9.079142416,0.0283,0.9821,0.1463,0.993
9.079587762,0.0269,0.9831,0.1468,0.994
9.094338224,0.0257,0.9826,0.1480,0.994
9.095260724,0.0252,0.9819,0.1483,0.993
9.095700416,0.0249,0.9831,0.1488,0.995
9.096109839,0.0239,0.9828,0.1485,0.994
9.096506801,0.0252,0.9826,0.1459,0.994
9.096902955,0.0257,0.9833,0.1468,0.995
9.097309608,0.0252,0.9838,0.1466,0.995
9.097739455,0.0239,0.9838,0.1473,0.995
9.098134339,0.0235,0.9843,0.1473,0.996
9.098607647,0.0235,0.9848,0.1478,0.996
9.102405493,0.0244,0.9850,0.1473,0.996
9.103215262,0.0239,0.9855,0.1476,0.997
9.103644685,0.0239,0.9858,0.1498,0.997
9.105343455,0.0235,0.9855,0.1507,0.997
9.107716531,0.0222,0.9850,0.1507,0.997
9.109257455,0.0217,0.9865,0.1510,0.998
9.111397339,0.0210,0.9880,0.1502,1.000
9.114040801,0.0215,0.9877,0.1498,0.999
9.114951416,0.0235,0.9892,0.1515,1.001
9.116776224,0.0225,0.9892,0.1512,1.001
9.118918224,0.0217,0.9885,0.1485,1.000
9.120895493,0.0205,0.9877,0.1493,0.999
9.122795878,0.0222,0.9860,0.1502,0.998
9.125106762,0.0217,0.9860,0.1527,0.998
9.126892147,0.0232,0.9860,0.1527,0.998
9.129064416,0.0239,0.9865,0.1527,0.999
9.132035647,0.0237,0.9865,0.1529,0.999
9.133634647,0.0225,0.9863,0.1539,0.998
9.13565307,0.0235,0.9848,0.1551,0.997
9.136719185,0.0237,0.9855,0.1539,0.998
9.138747339,0.0237,0.9858,0.1539,0.998
9.140867339,0.0237,0.9843,0.1554,0.997
9.142711724,0.0230,0.9850,0.1554,0.997
9.144487185,0.0230,0.9860,0.1554,0.998
9.147837378,0.0230,0.9850,0.1559,0.998
9.149347955,0.0237,0.9855,0.1568,0.998
9.151763262,0.0232,0.9858,0.1561,0.998
9.153300262,0.0230,0.9850,0.1568,0.998
9.154278416,0.0230,0.9831,0.1564,0.996
9.156358339,0.0220,0.9838,0.1568,0.996
9.158301031,0.0217,0.9855,0.1568,0.998
9.160744839,0.0230,0.9853,0.1554,0.998
9.162734301,0.0227,0.9848,0.1554,0.997
9.172148339,0.0235,0.9836,0.1568,0.996
9.173575762,0.0232,0.9821,0.1559,0.995
9.174651724,0.0237,0.9833,0.1546,0.996
9.175692185,0.0235,0.9848,0.1537,0.997
9.176777147,0.0235,0.9846,0.1532,0.997
9.177789608,0.0242,0.9836,0.1527,0.996
9.178995147,0.0232,0.9836,0.1549,0.996
9.179836531,0.0237,0.9833,0.1544,0.996
9.181053147,0.0230,0.9838,0.1522,0.996
9.182238378,0.0232,0.9846,0.1524,0.997
9.194074647,0.0235,0.9853,0.1507,0.997
9.194994224,0.0220,0.9860,0.1517,0.998
9.195435878,0.0215,0.9860,0.1512,0.998
9.195847224,0.0242,0.9863,0.1505,0.998
9.196262262,0.0257,0.9870,0.1500,0.999
9.196667454,0.0247,0.9863,0.1493,0.998
9.197065301,0.0225,0.9870,0.1493,0.998
9.202145031,0.0235,0.9870,0.1488,0.998
9.203087954,0.0252,0.9868,0.1505,0.998
9.203529262,0.0247,0.9875,0.1500,0.999
9.203955339,0.0244,0.9868,0.1500,0.998
9.205542262,0.0254,0.9868,0.1498,0.998
9.207865224,0.0259,0.9877,0.1507,1.000
9.209723801,0.0259,0.9875,0.1507,0.999
9.212071647,0.0261,0.9877,0.1488,0.999
9.214603993,0.0271,0.9877,0.1507,1.000
9.216573339,0.0266,0.9885,0.1502,1.000
9.217603224,0.0239,0.9875,0.1510,0.999
9.219601147,0.0239,0.9870,0.1512,0.999
9.221494416,0.0247,0.9865,0.1517,0.998
9.224042916,0.0244,0.9865,0.1537,0.999
9.225464839,0.0239,0.9863,0.1551,0.999
9.228037224,0.0249,0.9870,0.1576,1.000
9.231026762,0.0254,0.9865,0.1590,1.000
9.231802224,0.0242,0.9853,0.1595,0.998
9.233423647,0.0232,0.9858,0.1598,0.999
9.235547954,0.0230,0.9855,0.1590,0.999
9.237499031,0.0242,0.9848,0.1571,0.998
9.239724954,0.0242,0.9836,0.1544,0.996
9.241620685,0.0247,0.9836,0.1517,0.996
9.24354157,0.0259,0.9831,0.1459,0.994
9.245753647,0.0249,0.9826,0.1434,0.993
9.249320262,0.0252,0.9826,0.1390,0.993
9.25109857,0.0244,0.9831,0.1363,0.993
9.25223307,0.0249,0.9841,0.1336,0.993
9.254201954,0.0242,0.9850,0.1292,0.994
9.25538557,0.0230,0.9853,0.1285,0.994
9.257318378,0.0227,0.9850,0.1300,0.994
9.25923207,0.0191,0.9846,0.1336,0.994
9.261406762,0.0193,0.9836,0.1358,0.993
9.272769301,0.0200,0.9838,0.1385,0.994
9.274394339,0.0183,0.9846,0.1429,0.995
9.27560507,0.0183,0.9841,0.1441,0.995
9.276821954,0.0186,0.9821,0.1466,0.993
9.277910108,0.0200,0.9819,0.1483,0.993
9.27944357,0.0193,0.9824,0.1488,0.994
9.28047107,0.0186,0.9819,0.1476,0.993
9.282019916,0.0186,0.9819,0.1488,0.993
9.283328724,0.0200,0.9814,0.1517,0.993
9.283793377,0.0193,0.9809,0.1564,0.993
9.284208877,0.0193,0.9806,0.1603,0.994
9.294131724,0.0159,0.9802,0.1686,0.995
9.294941685,0.0149,0.9809,0.1730,0.996
9.295420608,0.0156,0.9802,0.1801,0.997
9.295823647,0.0156,0.9799,0.1852,0.997
9.296229608,0.0154,0.9799,0.1869,0.998
9.296634147,0.0164,0.9797,0.1908,0.998
9.297067685,0.0186,0.9787,0.1910,0.997
9.306761262,0.0198,0.9789,0.1918,0.998
9.307612839,0.0198,0.9760,0.1920,0.995
9.308056031,0.0237,0.9765,0.1876,0.995
9.308476147,0.0242,0.9777,0.1845,0.995
9.30887607,0.0276,0.9758,0.1801,0.993
9.309286147,0.0283,0.9762,0.1761,0.992
9.310727993,0.0286,0.9772,0.1698,0.992
9.312884301,0.0288,0.9765,0.1630,0.990
9.315362301,0.0296,0.9772,0.1593,0.991
9.317012454,0.0303,0.9784,0.1507,0.990
9.318552416,0.0293,0.9797,0.1476,0.991
9.320462685,0.0286,0.9833,0.1388,0.993
9.322401339,0.0269,0.9838,0.1302,0.993
9.324659031,0.0261,0.9841,0.1283,0.993
9.326688608,0.0249,0.9872,0.1231,0.995
9.32863457,0.0244,0.9892,0.1187,0.997
9.331727608,0.0244,0.9890,0.1168,0.996
9.333242147,0.0269,0.9902,0.1138,0.997
9.334290724,0.0274,0.9904,0.1126,0.997
9.336503724,0.0266,0.9902,0.1112,0.997
9.338344454,0.0279,0.9909,0.1099,0.997
9.340470147,0.0288,0.9909,0.1087,0.997
9.342408416,0.0296,0.9921,0.1077,0.998
9.34430707,0.0298,0.9924,0.1109,0.999
9.346661416,0.0296,0.9921,0.1114,0.999
9.349356916,0.0291,0.9924,0.1141,0.999
9.350887762,0.0303,0.9929,0.1158,1.000
9.352122762,0.0320,0.9938,0.1178,1.001
9.354222147,0.0327,0.9924,0.1222,1.000
9.356208839,0.0340,0.9909,0.1241,0.999
9.358003685,0.0325,0.9902,0.1256,0.999
9.360135993,0.0320,0.9909,0.1280,1.000
9.36192757,0.0320,0.9929,0.1351,1.003
9.371607916,0.0332,0.9938,0.1395,1.004
9.373048377,0.0335,0.9936,0.1427,1.004
9.373985762,0.0327,0.9931,0.1476,1.005
9.375273339,0.0303,0.9921,0.1529,1.004
9.376159185,0.0291,0.9916,0.1564,1.004
9.37843807,0.0264,0.9914,0.1612,1.005
9.378949647,0.0259,0.9909,0.1637,1.005
9.379184339,0.0244,0.9904,0.1676,1.005
9.393062916,0.0227,0.9885,0.1739,1.004
9.394588493,0.0227,0.9877,0.1757,1.003
9.396585262,0.0205,0.9872,0.1791,1.004
9.398349647,0.0193,0.9865,0.1801,1.003
9.400019416,0.0186,0.9843,0.1835,1.001
9.4015128,0.0176,0.9853,0.1854,1.003
9.402787224,0.0186,0.9846,0.1871,1.002
9.404454608,0.0193,0.9838,0.1867,1.002
9.40595407,0.0203,0.9814,0.1854,0.999
9.4075328,0.0208,0.9806,0.1849,0.998
9.408672493,0.0191,0.9819,0.1864,1.000
9.409874493,0.0200,0.9824,0.1867,1.000
9.411090916,0.0213,0.9819,0.1869,1.000
9.412115031,0.0205,0.9824,0.1852,1.000
9.413456762,0.0205,0.9811,0.1840,0.998
9.41482557,0.0217,0.9824,0.1825,0.999
9.415425416,0.0225,0.9821,0.1810,0.999
9.415791108,0.0215,0.9811,0.1791,0.998
9.416148493,0.0198,0.9809,0.1761,0.997
9.417866916,0.0186,0.9821,0.1747,0.998
9.418900339,0.0198,0.9831,0.1725,0.998
9.420952531,0.0191,0.9836,0.1688,0.998
9.423395147,0.0198,0.9833,0.1678,0.998
9.425212339,0.0205,0.9833,0.1627,0.997
9.426718993,0.0195,0.9831,0.1608,0.996
9.428711108,0.0193,0.9831,0.1583,0.996
9.431084647,0.0191,0.9863,0.1549,0.999
9.432756339,0.0186,0.9870,0.1529,0.999
9.434645108,0.0166,0.9877,0.1493,0.999
9.436769954,0.0164,0.9868,0.1498,0.998
9.438801608,0.0186,0.9860,0.1495,0.997
9.440693185,0.0191,0.9848,0.1456,0.996
9.44269957,0.0195,0.9850,0.1444,0.996
9.444661916,0.0200,0.9853,0.1449,0.996
9.447664224,0.0198,0.9860,0.1429,0.997
9.448620647,0.0193,0.9870,0.1429,0.997
9.451128647,0.0191,0.9865,0.1429,0.997
9.452491454,0.0198,0.9858,0.1437,0.996
9.454237493,0.0210,0.9843,0.1434,0.995
9.4564713,0.0203,0.9860,0.1424,0.996
9.458178647,0.0210,0.9853,0.1434,0.996
9.460538224,0.0220,0.9838,0.1449,0.995
9.46212457,0.0213,0.9831,0.1439,0.994
9.467012916,0.0225,0.9809,0.1444,0.992
9.467564224,0.0235,0.9797,0.1459,0.991
9.468315262,0.0237,0.9806,0.1463,0.992
9.47520257,0.0239,0.9811,0.1454,0.992
9.475474185,0.0239,0.9809,0.1463,0.992
9.4759763,0.0239,0.9802,0.1463,0.991
9.476704454,0.0247,0.9787,0.1468,0.990
9.478094108,0.0249,0.9794,0.1466,0.991
9.491869339,0.0244,0.9804,0.1468,0.992
9.492955147,0.0235,0.9792,0.1505,0.991
9.493657531,0.0232,0.9792,0.1515,0.991
9.494383377,0.0230,0.9794,0.1534,0.992
9.495173108,0.0230,0.9802,0.1576,0.993
9.4960623,0.0227,0.9806,0.1608,0.994
9.497759147,0.0203,0.9802,0.1654,0.994
9.499118416,0.0210,0.9799,0.1678,0.994
9.500168877,0.0215,0.9797,0.1715,0.995
9.500973185,0.0203,0.9804,0.1730,0.996
9.501704685,0.0205,0.9814,0.1725,0.997
9.502739031,0.0213,0.9806,0.1703,0.996
9.50520507,0.0217,0.9780,0.1676,0.992
9.5068463,0.0215,0.9775,0.1666,0.992
9.508285993,0.0205,0.9794,0.1644,0.993
9.510061223,0.0200,0.9794,0.1634,0.993
9.511927454,0.0181,0.9792,0.1600,0.992
9.514998493,0.0193,0.9797,0.1588,0.993
9.516539262,0.0188,0.9802,0.1598,0.993
9.517912416,0.0169,0.9814,0.1603,0.995
9.519873608,0.0183,0.9816,0.1581,0.994
9.521700416,0.0188,0.9816,0.1586,0.995
9.523975493,0.0198,0.9824,0.1564,0.995
9.525842108,0.0203,0.9831,0.1554,0.995
9.527812608,0.0193,0.9838,0.1559,0.996
9.529982416,0.0205,0.9858,0.1554,0.998
9.532778223,0.0208,0.9855,0.1542,0.998
9.534143916,0.0220,0.9843,0.1529,0.996
9.535555377,0.0220,0.9850,0.1527,0.997
9.5374188,0.0230,0.9850,0.1512,0.997
9.539708531,0.0213,0.9848,0.1507,0.996
9.541557531,0.0217,0.9858,0.1510,0.998
9.543624262,0.0230,0.9870,0.1490,0.998
9.545519185,0.0237,0.9872,0.1478,0.999
9.548973608,0.0230,0.9880,0.1488,0.999
9.550403377,0.0252,0.9868,0.1463,0.998
9.5517288,0.0257,0.9865,0.1466,0.998
9.553346454,0.0247,0.9880,0.1476,0.999
9.555302223,0.0249,0.9863,0.1485,0.998
9.557184493,0.0259,0.9870,0.1490,0.999
9.559288454,0.0261,0.9887,0.1502,1.000
9.561289723,0.0269,0.9882,0.1515,1.000
9.563292223,0.0288,0.9877,0.1507,1.000
9.572437954,0.0308,0.9890,0.1527,1.001
9.573791223,0.0320,0.9887,0.1542,1.001
9.5747763,0.0286,0.9887,0.1578,1.002
9.575843147,0.0293,0.9892,0.1578,1.002
9.576856685,0.0303,0.9894,0.1571,1.002
9.577773877,0.0286,0.9902,0.1586,1.003
9.5787108,0.0288,0.9890,0.1595,1.002
9.57919207,0.0291,0.9877,0.1600,1.001
9.594140108,0.0276,0.9870,0.1603,1.000
9.594756762,0.0264,0.9882,0.1615,1.002
9.5950168,0.0266,0.9890,0.1632,1.003
9.595251916,0.0252,0.9885,0.1632,1.002
9.595483108,0.0237,0.9885,0.1627,1.002
9.595714108,0.0247,0.9870,0.1654,1.001
9.595956493,0.0247,0.9872,0.1652,1.001
9.596195416,0.0227,0.9863,0.1649,1.000
9.597140031,0.0235,0.9858,0.1654,1.000
9.602685646,0.0227,0.9870,0.1652,1.001
9.603168416,0.0205,0.9868,0.1649,1.001
9.60340357,0.0213,0.9877,0.1649,1.002
9.604204031,0.0205,0.9875,0.1656,1.001
9.606141916,0.0198,0.9855,0.1654,1.000
9.608261377,0.0188,0.9853,0.1654,0.999
9.610117531,0.0173,0.9863,0.1659,1.000
9.612036223,0.0176,0.9848,0.1669,0.999
9.6143853,0.0183,0.9855,0.1691,1.000
9.616199454,0.0186,0.9863,0.1678,1.001
9.6181528,0.0181,0.9848,0.1661,0.999
9.61989457,0.0159,0.9838,0.1637,0.997
9.621911223,0.0159,0.9838,0.1644,0.998
9.624151723,0.0173,0.9853,0.1639,0.999
9.626155185,0.0169,0.9848,0.1630,0.998
9.628172531,0.0169,0.9848,0.1625,0.998
9.631217723,0.0164,0.9855,0.1620,0.999
9.633566416,0.0176,0.9850,0.1630,0.999
9.634704723,0.0188,0.9858,0.1632,0.999
9.636329531,0.0203,0.9846,0.1630,0.998
9.637677877,0.0208,0.9833,0.1632,0.997
9.639631416,0.0210,0.9816,0.1630,0.995
9.64165807,0.0203,0.9819,0.1605,0.995
9.643683685,0.0198,0.9821,0.1600,0.995
9.645601993,0.0198,0.9819,0.1586,0.995
9.649117185,0.0205,0.9819,0.1586,0.995
9.650221031,0.0210,0.9816,0.1583,0.995
9.651780531,0.0227,0.9804,0.1586,0.993
9.653613685,0.0254,0.9809,0.1571,0.994
9.655700108,0.0249,0.9806,0.1571,0.993
9.657573108,0.0237,0.9811,0.1571,0.994
9.659561108,0.0230,0.9789,0.1573,0.992
9.661648262,0.0213,0.9804,0.1576,0.993
9.663518839,0.0222,0.9802,0.1581,0.993
9.672977377,0.0237,0.9806,0.1578,0.994
9.674252723,0.0235,0.9797,0.1586,0.993
9.675439954,0.0232,0.9802,0.1578,0.993
9.6763543,0.0235,0.9806,0.1578,0.994
9.677399839,0.0232,0.9806,0.1578,0.994
9.678422262,0.0235,0.9799,0.1595,0.993
9.6794323,0.0235,0.9797,0.1593,0.993
9.680626223,0.0232,0.9794,0.1603,0.993
9.682089262,0.0220,0.9799,0.1608,0.993
9.683918262,0.0215,0.9804,0.1612,0.994
9.694994569,0.0222,0.9809,0.1612,0.994
9.696669569,0.0227,0.9809,0.1610,0.994
9.697822416,0.0220,0.9809,0.1610,0.994
9.699274954,0.0230,0.9802,0.1622,0.994
9.7002598,0.0242,0.9811,0.1630,0.995
9.701633416,0.0235,0.9811,0.1634,0.995
9.702730185,0.0213,0.9816,0.1644,0.996
9.703675723,0.0220,0.9804,0.1637,0.994
9.704403685,0.0235,0.9802,0.1637,0.994
9.705414685,0.0239,0.9806,0.1642,0.995
9.706166993,0.0235,0.9819,0.1637,0.996
9.707831877,0.0227,0.9828,0.1642,0.997
9.710645531,0.0227,0.9819,0.1664,0.996
9.712058608,0.0217,0.9821,0.1661,0.996
9.713271569,0.0210,0.9806,0.1673,0.995
9.719773569,0.0217,0.9809,0.1656,0.995
9.721372454,0.0215,0.9819,0.1652,0.996
9.722916608,0.0227,0.9811,0.1664,0.995
9.726313531,0.0222,0.9814,0.1671,0.996
9.727662416,0.0235,0.9811,0.1666,0.995
9.728935646,0.0213,0.9824,0.1654,0.996
9.7307248,0.0200,0.9819,0.1666,0.996
9.732056569,0.0208,0.9826,0.1671,0.997
9.733276223,0.0222,0.9826,0.1666,0.997
9.734139877,0.0227,0.9819,0.1671,0.996
9.735088839,0.0222,0.9816,0.1654,0.996
9.736795608,0.0213,0.9809,0.1652,0.995
9.7384038,0.0217,0.9824,0.1647,0.996
9.740391223,0.0208,0.9846,0.1647,0.998
9.742305146,0.0222,0.9848,0.1649,0.999
9.744322608,0.0235,0.9833,0.1642,0.997
9.7466158,0.0230,0.9833,0.1632,0.997
9.748826685,0.0247,0.9838,0.1625,0.997
9.750334531,0.0230,0.9831,0.1625,0.997
9.752613646,0.0239,0.9831,0.1622,0.997
9.754373646,0.0271,0.9838,0.1612,0.997
9.756393377,0.0257,0.9848,0.1603,0.998
9.758137762,0.0239,0.9848,0.1595,0.998
9.760180262,0.0252,0.9836,0.1593,0.997
9.762185069,0.0249,0.9831,0.1583,0.996
9.769191916,0.0244,0.9828,0.1588,0.996
9.769795108,0.0257,0.9841,0.1590,0.997
9.770054108,0.0247,0.9838,0.1600,0.997
9.770303146,0.0239,0.9836,0.1595,0.997
9.774960993,0.0252,0.9858,0.1588,0.999
9.775391454,0.0252,0.9860,0.1581,0.999
9.776063569,0.0247,0.9850,0.1568,0.998
9.778020223,0.0242,0.9853,0.1564,0.998
9.780241954,0.0237,0.9865,0.1566,0.999
9.791850839,0.0225,0.9875,0.1561,1.000
9.792663569,0.0225,0.9860,0.1566,0.999
9.793026339,0.0220,0.9868,0.1561,0.999
9.793395839,0.0230,0.9882,0.1556,1.001
9.793755608,0.0232,0.9872,0.1556,1.000
9.794091377,0.0230,0.9865,0.1561,0.999
9.794431839,0.0227,0.9863,0.1556,0.999
9.796125339,0.0220,0.9855,0.1561,0.998
9.804723685,0.0225,0.9860,0.1559,0.999
9.805455954,0.0220,0.9858,0.1559,0.998
9.805850339,0.0217,0.9872,0.1564,1.000
9.806227185,0.0222,0.9863,0.1578,0.999
9.806646069,0.0227,0.9865,0.1605,1.000
9.808008531,0.0237,0.9868,0.1588,1.000
9.809941531,0.0242,0.9855,0.1588,0.999
9.811825069,0.0222,0.9858,0.1610,0.999
9.813902262,0.0227,0.9858,0.1630,0.999
9.816174492,0.0220,0.9848,0.1634,0.999
9.817478992,0.0220,0.9860,0.1634,1.000
9.819786877,0.0220,0.9846,0.1644,0.998
9.8216093,0.0237,0.9838,0.1644,0.998
9.823465223,0.0235,0.9833,0.1669,0.998
9.825379608,0.0232,0.9841,0.1666,0.998
9.827735146,0.0225,0.9850,0.1654,0.999
9.829548031,0.0235,0.9863,0.1652,1.000
9.831807608,0.0247,0.9865,0.1659,1.001
9.833938954,0.0254,0.9841,0.1676,0.999
9.835555646,0.0249,0.9838,0.1683,0.998
9.837388262,0.0257,0.9860,0.1673,1.000
9.839369108,0.0252,0.9843,0.1659,0.999
9.841289685,0.0247,0.9843,0.1647,0.998
9.843467262,0.0237,0.9841,0.1642,0.998
9.845494223,0.0222,0.9848,0.1637,0.999
9.847435108,0.0230,0.9828,0.1630,0.997
9.850127416,0.0244,0.9821,0.1630,0.996
9.851930069,0.0242,0.9841,0.1615,0.998
9.853404723,0.0264,0.9838,0.1608,0.997
9.855363531,0.0261,0.9831,0.1595,0.996
9.857317377,0.0254,0.9831,0.1598,0.996
9.859335916,0.0254,0.9819,0.1605,0.995
9.861089531,0.0254,0.9828,0.1605,0.996
9.863387223,0.0239,0.9836,0.1612,0.997
9.871959762,0.0249,0.9833,0.1627,0.997
9.873323569,0.0237,0.9836,0.1634,0.997
9.874271146,0.0244,0.9831,0.1664,0.997
9.875347069,0.0242,0.9824,0.1676,0.997
9.8766298,0.0242,0.9821,0.1673,0.997
9.877581723,0.0252,0.9816,0.1683,0.996
9.878385108,0.0249,0.9809,0.1686,0.996
9.879407069,0.0261,0.9802,0.1666,0.995
9.901601762,0.0257,0.9816,0.1649,0.996
9.903181454,0.0252,0.9819,0.1634,0.996
9.904006416,0.0259,0.9826,0.1588,0.996
9.905345954,0.0291,0.9811,0.1556,0.994
9.906316108,0.0298,0.9806,0.1524,0.993
9.907535685,0.0305,0.9828,0.1473,0.994
9.908620454,0.0310,0.9828,0.1459,0.994
9.9094263,0.0303,0.9828,0.1432,0.994
9.910131108,0.0293,0.9838,0.1410,0.994
9.911158339,0.0293,0.9843,0.1407,0.995
9.911852762,0.0266,0.9853,0.1463,0.996
9.912742415,0.0230,0.9855,0.1517,0.997
9.913630108,0.0235,0.9848,0.1549,0.997
9.914679954,0.0242,0.9838,0.1595,0.997
9.915673915,0.0242,0.9841,0.1598,0.997
9.916644069,0.0254,0.9855,0.1593,0.999
9.917566646,0.0259,0.9838,0.1578,0.997
9.918395223,0.0266,0.9833,0.1573,0.996
9.919312954,0.0271,0.9836,0.1573,0.996
9.920076685,0.0266,0.9833,0.1571,0.996
9.921002185,0.0261,0.9831,0.1568,0.996
9.923460685,0.0254,0.9806,0.1610,0.994
9.924829339,0.0249,0.9809,0.1625,0.995
9.926792339,0.0254,0.9797,0.1683,0.994
9.928751762,0.0239,0.9802,0.1759,0.996
9.930798377,0.0249,0.9792,0.1779,0.996
9.933569531,0.0254,0.9787,0.1840,0.996
9.935160915,0.0244,0.9792,0.1867,0.997
9.936318339,0.0264,0.9799,0.1901,0.999
9.938274108,0.0291,0.9806,0.1930,1.000
9.940245415,0.0298,0.9819,0.1930,1.001
9.942204646,0.0298,0.9799,0.1937,0.999
9.9444123,0.0300,0.9797,0.1908,0.999
9.946354185,0.0310,0.9797,0.1891,0.998
9.955372262,0.0347,0.9799,0.1859,0.998
9.956820339,0.0359,0.9792,0.1832,0.997
9.957858339,0.0359,0.9784,0.1788,0.995
9.959049185,0.0357,0.9794,0.1722,0.995
9.959352954,0.0352,0.9806,0.1693,0.996
9.986335146,0.0354,0.9824,0.1625,0.996
9.987690646,0.0340,0.9831,0.1542,0.996
9.988627415,0.0327,0.9841,0.1510,0.996
9.989369339,0.0303,0.9848,0.1434,0.996
9.990294569,0.0308,0.9853,0.1402,0.996
9.9912828,0.0286,0.9868,0.1356,0.996
9.992260069,0.0264,0.9877,0.1314,0.997
9.993132877,0.0264,0.9887,0.1295,0.997
9.994030377,0.0252,0.9885,0.1285,0.997
9.994888569,0.0247,0.9887,0.1270,0.997
9.995780031,0.0230,0.9909,0.1251,0.999
9.996491569,0.0213,0.9919,0.1266,1.000
9.997143185,0.0210,0.9914,0.1266,1.000
9.999252069,0.0230,0.9912,0.1251,0.999
10.000166339,0.0257,0.9899,0.1258,0.998
10.000873454,0.0266,0.9894,0.1266,0.998
10.001708531,0.0254,0.9887,0.1280,0.997
10.002362723,0.0259,0.9885,0.1300,0.997
10.003127069,0.0264,0.9890,0.1319,0.998
10.003960492,0.0274,0.9870,0.1314,0.996
10.004576223,0.0279,0.9870,0.1322,0.996
10.005308992,0.0286,0.9870,0.1351,0.997
10.006029531,0.0293,0.9863,0.1366,0.996
10.006778454,0.0293,0.9855,0.1393,0.996
10.007728377,0.0308,0.9868,0.1446,0.998
10.008492339,0.0313,0.9872,0.1473,0.999
10.009313762,0.0293,0.9890,0.1527,1.001
10.012408185,0.0310,0.9890,0.1573,1.002
10.017637338,0.0310,0.9880,0.1595,1.001
10.018826031,0.0293,0.9875,0.1652,1.002
10.019701069,0.0291,0.9860,0.1676,1.001
10.020361608,0.0271,0.9853,0.1713,1.000
10.021146915,0.0239,0.9838,0.1764,1.000
10.0232343,0.0249,0.9828,0.1771,0.999
10.0251108,0.0254,0.9824,0.1793,0.999
10.027122415,0.0257,0.9828,0.1810,1.000
10.029279031,0.0269,0.9824,0.1859,1.000
10.032909108,0.0257,0.9819,0.1869,1.000
10.0344143,0.0249,0.9811,0.1867,0.999
10.036457685,0.0242,0.9802,0.1859,0.998
10.037867954,0.0225,0.9797,0.1876,0.998
10.039140454,0.0230,0.9802,0.1869,0.998
10.040978415,0.0237,0.9782,0.1876,0.996
10.043044108,0.0225,0.9792,0.1876,0.997
10.044992223,0.0237,0.9784,0.1874,0.997
10.046925415,0.0220,0.9767,0.1879,0.995
10.049871723,0.0210,0.9770,0.1869,0.995
10.051286031,0.0208,0.9777,0.1852,0.995
10.052923223,0.0208,0.9772,0.1830,0.994
10.054979415,0.0217,0.9772,0.1825,0.994
10.056886954,0.0220,0.9782,0.1801,0.995
10.058744185,0.0227,0.9792,0.1791,0.996
10.060762954,0.0227,0.9787,0.1752,0.995
10.062758069,0.0208,0.9777,0.1727,0.993
10.072284492,0.0203,0.9775,0.1708,0.992
10.073738338,0.0200,0.9787,0.1676,0.993
10.074720877,0.0193,0.9780,0.1671,0.992
10.075747031,0.0188,0.9789,0.1654,0.993
10.076787685,0.0171,0.9792,0.1637,0.993
10.085837377,0.0173,0.9789,0.1612,0.992
10.086342646,0.0169,0.9804,0.1588,0.993
10.086651262,0.0178,0.9802,0.1571,0.993
10.086903992,0.0176,0.9797,0.1566,0.992
10.087130569,0.0171,0.9794,0.1549,0.992
10.087370454,0.0183,0.9799,0.1544,0.992
10.0992038,0.0171,0.9811,0.1544,0.993
10.099807069,0.0173,0.9819,0.1561,0.994
10.100077185,0.0181,0.9809,0.1564,0.993
10.1003248,0.0188,0.9804,0.1549,0.993
10.100580608,0.0186,0.9797,0.1549,0.992
10.100824338,0.0183,0.9802,0.1556,0.993
10.101048377,0.0191,0.9789,0.1573,0.992
10.101300723,0.0205,0.9777,0.1581,0.991
10.102065569,0.0215,0.9772,0.1615,0.991
10.104240838,0.0222,0.9772,0.1639,0.991
10.106140146,0.0220,0.9777,0.1642,0.992
10.108008146,0.0215,0.9799,0.1669,0.994
10.1101878,0.0235,0.9797,0.1678,0.994
10.112208723,0.0239,0.9784,0.1683,0.993
10.113986454,0.0252,0.9777,0.1678,0.992
10.116067685,0.0252,0.9775,0.1683,0.992
10.117914415,0.0252,0.9780,0.1678,0.993
10.119961723,0.0266,0.9794,0.1688,0.994
10.121812454,0.0266,0.9784,0.1683,0.993
10.123981377,0.0279,0.9789,0.1703,0.994
10.1256633,0.0276,0.9794,0.1700,0.994
10.128248954,0.0271,0.9804,0.1722,0.996
10.129718031,0.0261,0.9799,0.1727,0.995
10.132496069,0.0266,0.9804,0.1735,0.996
10.133884608,0.0269,0.9806,0.1744,0.996
10.135825146,0.0252,0.9797,0.1764,0.996
10.137632492,0.0235,0.9799,0.1776,0.996
10.139620454,0.0235,0.9794,0.1801,0.996
10.141579838,0.0235,0.9797,0.1810,0.997
10.143652146,0.0239,0.9809,0.1825,0.998
10.145596646,0.0225,0.9802,0.1810,0.997
10.147489646,0.0222,0.9799,0.1808,0.997
10.149504415,0.0244,0.9799,0.1786,0.996
10.151371531,0.0244,0.9809,0.1779,0.997
10.153270761,0.0232,0.9806,0.1744,0.996
10.155465338,0.0230,0.9809,0.1725,0.996
10.1572718,0.0237,0.9806,0.1713,0.996
10.159515569,0.0237,0.9806,0.1698,0.996
10.161138954,0.0259,0.9809,0.1691,0.996
10.163238608,0.0254,0.9816,0.1683,0.996
10.168165454,0.0264,0.9836,0.1673,0.998
10.168737146,0.0269,0.9848,0.1666,0.999
10.169041031,0.0300,0.9838,0.1664,0.998
10.174986261,0.0286,0.9831,0.1652,0.997
10.175281338,0.0291,0.9833,0.1647,0.997
10.175516146,0.0305,0.9838,0.1647,0.998
10.178254685,0.0308,0.9833,0.1630,0.997
10.179153415,0.0281,0.9836,0.1610,0.997
10.181176185,0.0298,0.9838,0.1615,0.997
10.1893133,0.0308,0.9841,0.1620,0.998
10.189735108,0.0298,0.9853,0.1610,0.999
10.189969608,0.0276,0.9863,0.1605,1.000
10.190199992,0.0276,0.9877,0.1612,1.001
10.191062723,0.0298,0.9860,0.1622,1.000
10.192870108,0.0293,0.9863,0.1630,1.000
10.194988261,0.0283,0.9846,0.1652,0.999
10.196906954,0.0288,0.9841,0.1659,0.998
10.199307877,0.0276,0.9850,0.1661,0.999
10.201006185,0.0296,0.9853,0.1676,1.000
10.203042223,0.0308,0.9841,0.1664,0.999
10.204862069,0.0310,0.9833,0.1661,0.998
10.206705108,0.0325,0.9826,0.1671,0.997
10.208832185,0.0340,0.9831,0.1671,0.998
10.210762685,0.0347,0.9836,0.1693,0.999
10.213013492,0.0349,0.9831,0.1691,0.998
10.215002031,0.0347,0.9821,0.1695,0.997
10.218630915,0.0359,0.9814,0.1713,0.997
10.220692223,0.0364,0.9821,0.1695,0.997
10.222644915,0.0359,0.9824,0.1708,0.998
10.224298531,0.0337,0.9821,0.1713,0.998
10.225563261,0.0344,0.9814,0.1717,0.997
10.227552031,0.0340,0.9814,0.1744,0.997
10.228999338,0.0342,0.9828,0.1739,0.999
10.230880377,0.0337,0.9821,0.1754,0.998
10.233431608,0.0327,0.9814,0.1766,0.998
10.235108723,0.0320,0.9814,0.1771,0.998
10.237722992,0.0320,0.9816,0.1752,0.998
10.238607838,0.0308,0.9819,0.1764,0.998
10.240375608,0.0303,0.9819,0.1771,0.998
10.242224146,0.0291,0.9821,0.1754,0.998
10.244312146,0.0286,0.9804,0.1769,0.997
10.246153569,0.0300,0.9797,0.1766,0.996
10.248407954,0.0293,0.9799,0.1769,0.996
10.250358954,0.0293,0.9811,0.1752,0.997
10.252705069,0.0286,0.9811,0.1759,0.997
10.254209915,0.0279,0.9824,0.1761,0.998
10.256557723,0.0286,0.9819,0.1759,0.998
10.258261877,0.0286,0.9819,0.1771,0.998
10.260181223,0.0276,0.9816,0.1771,0.998
10.262027492,0.0279,0.9828,0.1761,0.999
10.264581146,0.0269,0.9833,0.1757,0.999
10.269800184,0.0266,0.9831,0.1754,0.999
10.270468646,0.0266,0.9821,0.1769,0.998
10.270847877,0.0266,0.9821,0.1771,0.998
10.2719243,0.0266,0.9833,0.1761,0.999
10.274057954,0.0257,0.9833,0.1752,0.999
10.276312723,0.0261,0.9833,0.1752,0.999
10.278427838,0.0252,0.9809,0.1732,0.996
10.279864646,0.0259,0.9804,0.1725,0.996
10.2828418,0.0252,0.9809,0.1727,0.996
10.284190838,0.0249,0.9806,0.1720,0.996
10.294864608,0.0257,0.9806,0.1713,0.996
10.295723915,0.0266,0.9814,0.1708,0.996
10.296158415,0.0281,0.9809,0.1725,0.996
10.296577223,0.0279,0.9814,0.1713,0.997
10.296987684,0.0276,0.9806,0.1693,0.996
10.297385338,0.0274,0.9809,0.1691,0.996
10.297772877,0.0279,0.9806,0.1683,0.995
10.304298146,0.0293,0.9806,0.1683,0.995
10.305183569,0.0313,0.9799,0.1676,0.995
10.305633877,0.0313,0.9794,0.1681,0.994
10.306068454,0.0315,0.9787,0.1686,0.994
10.307478915,0.0320,0.9787,0.1688,0.994
10.309372531,0.0310,0.9792,0.1700,0.994
10.311494838,0.0310,0.9775,0.1695,0.993
10.313488415,0.0308,0.9780,0.1698,0.993
10.316593492,0.0308,0.9765,0.1678,0.991
10.318381877,0.0322,0.9775,0.1678,0.992
10.319818184,0.0330,0.9797,0.1698,0.995
10.3212573,0.0327,0.9787,0.1683,0.994
10.323625108,0.0332,0.9780,0.1673,0.993
10.325072146,0.0354,0.9784,0.1671,0.993
10.327585108,0.0347,0.9780,0.1676,0.993
10.329289184,0.0340,0.9782,0.1691,0.993
10.3316318,0.0340,0.9789,0.1695,0.994
10.333924031,0.0344,0.9784,0.1703,0.994
10.335900377,0.0340,0.9797,0.1691,0.995
10.337182031,0.0340,0.9794,0.1688,0.994
10.339166415,0.0332,0.9789,0.1678,0.994
10.341203069,0.0337,0.9777,0.1673,0.993
10.343209954,0.0366,0.9775,0.1708,0.993
10.345175223,0.0374,0.9777,0.1713,0.993
10.347248531,0.0371,0.9775,0.1700,0.993
10.350001146,0.0364,0.9770,0.1705,0.992
10.351502261,0.0364,0.9777,0.1688,0.993
10.352843607,0.0359,0.9792,0.1710,0.995
10.354922338,0.0362,0.9797,0.1720,0.995
10.356807954,0.0364,0.9794,0.1725,0.995
10.358959992,0.0364,0.9782,0.1703,0.994
10.361012646,0.0366,0.9782,0.1705,0.994
10.362939877,0.0354,0.9789,0.1727,0.995
10.365069761,0.0357,0.9780,0.1727,0.994
10.373745954,0.0371,0.9767,0.1720,0.992
10.375201646,0.0384,0.9772,0.1713,0.993
10.376023569,0.0386,0.9782,0.1710,0.994
10.377132223,0.0386,0.9799,0.1717,0.996
10.3780398,0.0376,0.9804,0.1713,0.996
10.379156223,0.0369,0.9799,0.1720,0.996
10.379894607,0.0364,0.9809,0.1737,0.997
10.380891838,0.0354,0.9814,0.1732,0.997
10.395693261,0.0352,0.9804,0.1732,0.996
10.397090107,0.0359,0.9811,0.1722,0.997
10.398121261,0.0359,0.9806,0.1730,0.996
10.399340915,0.0362,0.9804,0.1725,0.996
10.400473069,0.0352,0.9792,0.1739,0.995
10.401583454,0.0325,0.9789,0.1744,0.995
10.402689723,0.0322,0.9794,0.1735,0.995
10.403696261,0.0332,0.9802,0.1749,0.996
10.404687531,0.0322,0.9787,0.1764,0.995
10.405366031,0.0313,0.9794,0.1761,0.996
10.406109723,0.0303,0.9789,0.1771,0.995
10.407142454,0.0310,0.9792,0.1781,0.996
10.407825338,0.0318,0.9792,0.1791,0.996
10.408825723,0.0318,0.9802,0.1781,0.997
10.411409377,0.0310,0.9804,0.1788,0.997
10.412770338,0.0303,0.9802,0.1788,0.997
10.419020723,0.0264,0.9804,0.1786,0.997
10.420526031,0.0264,0.9809,0.1801,0.998
10.421560992,0.0279,0.9792,0.1803,0.996
10.423024377,0.0269,0.9797,0.1796,0.996
10.424005261,0.0259,0.9797,0.1815,0.997
10.424822954,0.0252,0.9794,0.1808,0.996
10.425974415,0.0266,0.9799,0.1820,0.997
10.4280343,0.0276,0.9782,0.1827,0.996
10.429939684,0.0269,0.9784,0.1823,0.996
10.4334648,0.0259,0.9789,0.1808,0.996
10.435019646,0.0266,0.9794,0.1796,0.996
10.436138146,0.0244,0.9806,0.1803,0.997
10.437804223,0.0247,0.9804,0.1803,0.997
10.4399613,0.0259,0.9811,0.1796,0.998
10.441722607,0.0266,0.9802,0.1783,0.997
10.443746569,0.0274,0.9804,0.1783,0.997
10.445604992,0.0264,0.9802,0.1803,0.997
10.447789915,0.0274,0.9802,0.1805,0.997
10.450760877,0.0276,0.9797,0.1788,0.996
10.452255877,0.0288,0.9799,0.1788,0.997
10.453622184,0.0283,0.9804,0.1788,0.997
10.455563261,0.0293,0.9811,0.1791,0.998
10.457408261,0.0291,0.9816,0.1791,0.998
10.45957003,0.0283,0.9821,0.1788,0.999
10.461362646,0.0293,0.9804,0.1788,0.997
10.463332261,0.0293,0.9804,0.1779,0.997
10.473778569,0.0300,0.9819,0.1776,0.998
10.475345877,0.0296,0.9821,0.1786,0.999
10.476367569,0.0308,0.9819,0.1783,0.998
10.477516377,0.0318,0.9799,0.1791,0.997
10.4784428,0.0335,0.9797,0.1793,0.997
10.479604877,0.0318,0.9804,0.1791,0.997
10.480433992,0.0308,0.9792,0.1798,0.996
10.481718069,0.0308,0.9799,0.1803,0.997
10.482761723,0.0300,0.9814,0.1796,0.998
10.483304415,0.0315,0.9816,0.1793,0.998
10.485115954,0.0332,0.9814,0.1801,0.998
10.487258069,0.0349,0.9806,0.1793,0.998
10.489184646,0.0342,0.9809,0.1803,0.998
10.491175377,0.0322,0.9797,0.1796,0.997
10.493090069,0.0335,0.9784,0.1808,0.996
10.495079684,0.0335,0.9794,0.1813,0.997
10.497077146,0.0340,0.9799,0.1805,0.997
10.499868107,0.0354,0.9802,0.1803,0.997
10.500955415,0.0354,0.9794,0.1810,0.997
10.503137146,0.0359,0.9804,0.1823,0.998
10.505086646,0.0364,0.9797,0.1823,0.997
10.506981069,0.0352,0.9792,0.1815,0.996
10.5089313,0.0349,0.9787,0.1815,0.996
10.511029261,0.0359,0.9782,0.1818,0.996
10.512951723,0.0357,0.9767,0.1820,0.994
10.514807954,0.0357,0.9775,0.1823,0.995
10.517668223,0.0347,0.9775,0.1808,0.995
10.522104954,0.0352,0.9760,0.1810,0.993
10.522408954,0.0337,0.9770,0.1808,0.994
10.522879184,0.0347,0.9780,0.1810,0.995
10.524728607,0.0364,0.9770,0.1823,0.995
10.526690954,0.0364,0.9767,0.1827,0.994
10.528973684,0.0357,0.9772,0.1813,0.995
10.530669838,0.0362,0.9772,0.1813,0.995
10.534594415,0.0374,0.9767,0.1818,0.994
10.53494853,0.0369,0.9770,0.1820,0.994
10.536641069,0.0371,0.9765,0.1810,0.994
10.538711877,0.0364,0.9765,0.1825,0.994
10.540748223,0.0366,0.9765,0.1820,0.994
10.542801646,0.0366,0.9765,0.1820,0.994
10.544611184,0.0369,0.9765,0.1801,0.994
10.546659146,0.0371,0.9772,0.1798,0.994
10.548641261,0.0362,0.9755,0.1810,0.993
10.552890107,0.0359,0.9767,0.1837,0.995
10.553450646,0.0352,0.9772,0.1835,0.995
10.554363723,0.0347,0.9789,0.1869,0.997
10.556376723,0.0335,0.9782,0.1864,0.996
10.558302646,0.0332,0.9765,0.1888,0.995
10.560206453,0.0344,0.9758,0.1918,0.995
10.562238953,0.0340,0.9755,0.1918,0.995
10.56441053,0.0340,0.9760,0.1920,0.995
10.576632107,0.0340,0.9772,0.1932,0.997
10.57765653,0.0335,0.9775,0.1920,0.997
10.578445992,0.0347,0.9782,0.1874,0.997
10.579218107,0.0342,0.9784,0.1862,0.997
10.579959338,0.0335,0.9772,0.1827,0.995
10.580634953,0.0359,0.9797,0.1791,0.997
10.581349761,0.0349,0.9804,0.1774,0.997
10.582220953,0.0340,0.9794,0.1732,0.995
10.583115607,0.0344,0.9809,0.1705,0.996
10.584270953,0.0352,0.9821,0.1664,0.997
10.590436146,0.0335,0.9821,0.1654,0.997
10.591665569,0.0330,0.9828,0.1664,0.997
10.592408723,0.0310,0.9843,0.1705,0.999
10.596185684,0.0308,0.9843,0.1732,1.000
10.596984184,0.0308,0.9841,0.1749,1.000
10.597787646,0.0291,0.9841,0.1761,1.000
10.598726646,0.0296,0.9838,0.1764,1.000
10.601309953,0.0300,0.9843,0.1744,1.000
10.6026878,0.0300,0.9841,0.1722,0.999
10.604242915,0.0296,0.9841,0.1717,0.999
10.605917569,0.0291,0.9841,0.1713,0.999
10.60794003,0.0288,0.9838,0.1717,0.999
10.609818838,0.0288,0.9841,0.1722,0.999
10.611804492,0.0305,0.9824,0.1739,0.998
10.613714646,0.0303,0.9819,0.1764,0.998
10.617031338,0.0283,0.9828,0.1823,1.000
10.6184538,0.0300,0.9806,0.1886,0.999
10.62053503,0.0308,0.9794,0.1910,0.998
10.621951146,0.0310,0.9799,0.1954,1.000
10.623540415,0.0337,0.9797,0.1991,1.000
10.625551992,0.0349,0.9804,0.2020,1.002
10.627742569,0.0379,0.9794,0.2055,1.001
10.62945903,0.0393,0.9792,0.2062,1.001
10.63170303,0.0408,0.9775,0.2062,1.000
10.634607569,0.0425,0.9782,0.2042,1.000
10.636252684,0.0428,0.9775,0.2045,1.000
10.637585223,0.0437,0.9787,0.2030,1.000
10.639505261,0.0440,0.9782,0.2013,1.000
10.641351992,0.0445,0.9777,0.1986,0.999
10.643518492,0.0457,0.9780,0.1954,0.998
10.645472338,0.0462,0.9775,0.1930,0.997
10.647279915,0.0479,0.9770,0.1864,0.996
10.650589492,0.0479,0.9784,0.1803,0.996
10.651990607,0.0474,0.9789,0.1783,0.996
10.653275492,0.0469,0.9819,0.1735,0.998
10.6552973,0.0469,0.9819,0.1705,0.998
10.657333492,0.0437,0.9821,0.1659,0.997
10.65925853,0.0410,0.9838,0.1630,0.998
10.661229569,0.0398,0.9828,0.1600,0.997
10.663228646,0.0364,0.9828,0.1576,0.996
10.6651078,0.0347,0.9826,0.1559,0.995
10.674745184,0.0347,0.9824,0.1551,0.995
10.676152684,0.0340,0.9819,0.1532,0.994
10.677107376,0.0337,0.9821,0.1537,0.995
10.678153146,0.0318,0.9821,0.1524,0.994
10.679271838,0.0318,0.9819,0.1522,0.994
10.680175684,0.0322,0.9821,0.1524,0.994
10.681247569,0.0332,0.9811,0.1546,0.994
10.682278607,0.0342,0.9775,0.1578,0.991
10.683175838,0.0349,0.9777,0.1573,0.991
10.698574876,0.0364,0.9784,0.1588,0.992
10.70009953,0.0374,0.9782,0.1598,0.992
10.701284184,0.0388,0.9780,0.1630,0.992
10.702269607,0.0386,0.9767,0.1634,0.991
10.703344223,0.0398,0.9775,0.1634,0.992
10.704298261,0.0415,0.9772,0.1659,0.992
10.705251876,0.0418,0.9762,0.1676,0.991
10.70627353,0.0415,0.9772,0.1725,0.993
10.707323569,0.0413,0.9797,0.1791,0.997
10.708014146,0.0408,0.9797,0.1820,0.997
10.708971684,0.0379,0.9772,0.1888,0.996
10.709680761,0.0381,0.9772,0.1908,0.996
10.710716184,0.0384,0.9777,0.1923,0.997
10.711556723,0.0374,0.9780,0.1974,0.998
10.712362261,0.0374,0.9780,0.2003,0.999
10.714192069,0.0371,0.9782,0.2035,1.000
10.717285069,0.0354,0.9777,0.2057,1.000
10.7228098,0.0344,0.9780,0.2069,1.000
10.723814376,0.0337,0.9799,0.2077,1.002
10.724913915,0.0347,0.9794,0.2084,1.002
10.725639184,0.0352,0.9787,0.2101,1.002
10.726732492,0.0335,0.9797,0.2106,1.003
10.728307838,0.0327,0.9792,0.2108,1.002
10.730269838,0.0313,0.9804,0.2103,1.003
10.732257646,0.0318,0.9806,0.2099,1.003
10.734948761,0.0325,0.9804,0.2086,1.003
10.738045761,0.0342,0.9797,0.2055,1.002
10.739325069,0.0347,0.9789,0.2047,1.001
10.740285876,0.0332,0.9787,0.2028,1.000
10.741981761,0.0340,0.9806,0.2028,1.002
10.744148761,0.0327,0.9806,0.2016,1.002
10.745828723,0.0322,0.9799,0.1984,1.000
10.747825415,0.0320,0.9806,0.1969,1.001
10.751468607,0.0320,0.9804,0.1962,1.000
10.752957261,0.0305,0.9794,0.1920,0.999
10.754562492,0.0300,0.9799,0.1906,0.999
10.755776338,0.0313,0.9794,0.1881,0.998
10.7578778,0.0303,0.9809,0.1857,0.999
10.760031838,0.0296,0.9814,0.1840,0.999
10.761739646,0.0279,0.9787,0.1823,0.996
10.763967146,0.0276,0.9784,0.1815,0.996
10.765765876,0.0279,0.9775,0.1798,0.994
10.776231607,0.0296,0.9782,0.1776,0.995
10.77792353,0.0303,0.9792,0.1771,0.996
10.779199646,0.0298,0.9799,0.1769,0.996
10.780264761,0.0298,0.9804,0.1752,0.996
10.781591684,0.0308,0.9784,0.1749,0.994
10.782252299,0.0322,0.9784,0.1744,0.994
10.798000338,0.0332,0.9797,0.1735,0.995
10.799685338,0.0325,0.9794,0.1742,0.995
10.800757223,0.0325,0.9792,0.1754,0.995
10.801825338,0.0327,0.9789,0.1747,0.995
10.803304223,0.0325,0.9784,0.1744,0.994
10.804441261,0.0325,0.9782,0.1744,0.994
10.805697415,0.0347,0.9794,0.1769,0.996
10.806734799,0.0359,0.9787,0.1764,0.995
10.807708223,0.0354,0.9784,0.1766,0.995
10.80840703,0.0359,0.9782,0.1781,0.995
10.809354761,0.0374,0.9775,0.1788,0.994
10.810212261,0.0374,0.9777,0.1788,0.995
10.811441915,0.0379,0.9767,0.1781,0.994
10.812234146,0.0381,0.9775,0.1796,0.995
10.813174838,0.0374,0.9782,0.1818,0.996
10.814287992,0.0381,0.9772,0.1803,0.994
10.815771415,0.0386,0.9765,0.1798,0.994
10.81673153,0.0403,0.9765,0.1818,0.994
10.817896069,0.0391,0.9767,0.1808,0.994
10.819319223,0.0401,0.9762,0.1805,0.994
10.819816607,0.0413,0.9777,0.1803,0.995
10.821913069,0.0406,0.9777,0.1805,0.995
10.822872646,0.0393,0.9767,0.1820,0.994
10.825168338,0.0391,0.9794,0.1820,0.997
10.827689953,0.0386,0.9797,0.1835,0.997
10.828885646,0.0388,0.9784,0.1852,0.997
10.83092403,0.0381,0.9770,0.1854,0.995
10.833921876,0.0369,0.9762,0.1852,0.994
10.834713799,0.0364,0.9765,0.1857,0.995
10.83699153,0.0369,0.9765,0.1854,0.995
10.838809184,0.0366,0.9762,0.1849,0.994
10.84090103,0.0354,0.9765,0.1857,0.995
10.842977684,0.0352,0.9767,0.1854,0.995
10.844856453,0.0352,0.9772,0.1837,0.995
10.846873607,0.0357,0.9770,0.1827,0.995
10.848813915,0.0354,0.9770,0.1808,0.994
10.850400184,0.0352,0.9787,0.1803,0.996
10.852696723,0.0354,0.9789,0.1803,0.996
10.854569915,0.0347,0.9806,0.1813,0.998
10.856417569,0.0359,0.9806,0.1781,0.997
10.858594107,0.0369,0.9784,0.1776,0.995
10.860463146,0.0362,0.9780,0.1779,0.995
10.862359184,0.0374,0.9784,0.1774,0.995
10.864310799,0.0388,0.9780,0.1764,0.994
10.869474723,0.0376,0.9797,0.1747,0.996
10.870054376,0.0379,0.9797,0.1742,0.996
10.870298338,0.0369,0.9792,0.1744,0.995
10.872362607,0.0374,0.9792,0.1744,0.995
10.874391338,0.0374,0.9804,0.1739,0.996
10.876098722,0.0371,0.9821,0.1744,0.998
10.878120376,0.0369,0.9824,0.1739,0.998
10.880019607,0.0369,0.9836,0.1742,1.000
10.881867992,0.0337,0.9836,0.1735,0.999
10.888770838,0.0325,0.9821,0.1742,0.998
10.889193799,0.0320,0.9828,0.1737,0.999
10.889435261,0.0315,0.9816,0.1737,0.997
10.890134338,0.0335,0.9816,0.1764,0.998
10.892212838,0.0340,0.9816,0.1776,0.998
10.894002761,0.0332,0.9826,0.1779,0.999
10.89606653,0.0335,0.9816,0.1764,0.998
10.897835992,0.0330,0.9811,0.1769,0.997
10.900460146,0.0342,0.9809,0.1766,0.997
10.901780646,0.0337,0.9809,0.1769,0.997
10.903856761,0.0332,0.9814,0.1771,0.998
10.905614722,0.0352,0.9802,0.1781,0.997
10.907849838,0.0359,0.9809,0.1766,0.997
10.909747646,0.0369,0.9816,0.1769,0.998
10.911751876,0.0366,0.9811,0.1779,0.998
10.913876569,0.0337,0.9811,0.1801,0.998
10.915963376,0.0340,0.9802,0.1798,0.997
10.920487646,0.0344,0.9811,0.1786,0.998
10.921569453,0.0349,0.9816,0.1783,0.998
10.922301722,0.0342,0.9831,0.1786,1.000
10.923816684,0.0322,0.9826,0.1793,0.999
10.925846607,0.0318,0.9828,0.1796,1.000
10.927910838,0.0313,0.9833,0.1788,1.000
10.929759838,0.0313,0.9831,0.1798,1.000
10.931892684,0.0315,0.9836,0.1793,1.000
10.935208799,0.0308,0.9831,0.1779,1.000
10.936731261,0.0315,0.9821,0.1781,0.999
10.937872915,0.0320,0.9836,0.1808,1.001
10.939701107,0.0310,0.9833,0.1791,1.000
10.941489222,0.0322,0.9843,0.1791,1.001
10.943589838,0.0315,0.9838,0.1788,1.000
10.945503569,0.0322,0.9838,0.1786,1.000
10.94761603,0.0322,0.9843,0.1781,1.001
10.951268338,0.0313,0.9846,0.1788,1.001
10.952954184,0.0320,0.9828,0.1796,1.000
10.954076299,0.0322,0.9828,0.1796,1.000
10.955497915,0.0344,0.9836,0.1788,1.000
10.957305184,0.0352,0.9831,0.1781,1.000
10.959318607,0.0354,0.9833,0.1764,1.000
10.961408607,0.0354,0.9833,0.1769,1.000
10.963408799,0.0342,0.9828,0.1776,0.999
10.965594569,0.0322,0.9836,0.1766,1.000
10.976326992,0.0335,0.9826,0.1766,0.999
10.977958799,0.0354,0.9809,0.1749,0.997
10.979362761,0.0357,0.9814,0.1747,0.997
10.980553415,0.0344,0.9809,0.1766,0.997
10.981732415,0.0337,0.9809,0.1752,0.997
10.983338876,0.0344,0.9804,0.1747,0.996
10.984463107,0.0342,0.9806,0.1764,0.997
10.985933838,0.0371,0.9806,0.1742,0.997
10.987396338,0.0369,0.9806,0.1749,0.997
10.987867222,0.0374,0.9794,0.1766,0.996
10.988273145,0.0366,0.9792,0.1764,0.996
10.988641299,0.0366,0.9782,0.1754,0.994
10.997760799,0.0376,0.9777,0.1742,0.994
10.998682684,0.0388,0.9782,0.1752,0.995
10.999165722,0.0408,0.9797,0.1771,0.996
10.999583953,0.0425,0.9799,0.1776,0.997
11.000001645,0.0430,0.9780,0.1764,0.995
11.00594653,0.0403,0.9767,0.1752,0.993
11.006910145,0.0401,0.9762,0.1759,0.993
11.007339222,0.0406,0.9780,0.1774,0.995
11.007752107,0.0398,0.9777,0.1761,0.994
11.008744953,0.0396,0.9787,0.1761,0.995
11.010292107,0.0391,0.9784,0.1766,0.995
11.012489261,0.0391,0.9777,0.1761,0.994
11.014255107,0.0384,0.9772,0.1774,0.994
11.017656453,0.0376,0.9784,0.1764,0.995
11.018365722,0.0384,0.9794,0.1764,0.996
11.020404607,0.0393,0.9787,0.1764,0.995
11.022067145,0.0398,0.9799,0.1761,0.996
11.024228184,0.0391,0.9787,0.1742,0.995
11.026122607,0.0393,0.9775,0.1769,0.994
11.028202684,0.0386,0.9772,0.1764,0.994
11.030008069,0.0386,0.9797,0.1747,0.996
11.032448761,0.0371,0.9802,0.1761,0.997
11.035201569,0.0376,0.9802,0.1749,0.996
11.036612684,0.0376,0.9787,0.1752,0.995
11.038285607,0.0374,0.9782,0.1749,0.994
11.040143415,0.0381,0.9792,0.1732,0.995
11.042087876,0.0384,0.9794,0.1737,0.995
11.044161876,0.0381,0.9797,0.1727,0.996
11.046238838,0.0371,0.9814,0.1725,0.997
11.048334299,0.0371,0.9809,0.1713,0.996
11.052967953,0.0376,0.9819,0.1715,0.997
11.054716069,0.0359,0.9824,0.1720,0.998
11.055937953,0.0357,0.9811,0.1720,0.997
11.057050799,0.0344,0.9811,0.1713,0.997
11.058178299,0.0349,0.9814,0.1705,0.997
11.059925069,0.0342,0.9802,0.1705,0.995
11.062347415,0.0340,0.9806,0.1700,0.996
11.063795799,0.0347,0.9811,0.1698,0.996
11.066171299,0.0344,0.9809,0.1698,0.996
11.067971992,0.0362,0.9821,0.1688,0.997
11.081135607,0.0359,0.9811,0.1673,0.996
11.083449376,0.0362,0.9809,0.1683,0.996
11.086329607,0.0349,0.9806,0.1673,0.995
11.087722299,0.0344,0.9809,0.1683,0.996
11.089103722,0.0357,0.9814,0.1681,0.996
11.091273645,0.0352,0.9809,0.1673,0.996
11.09242003,0.0340,0.9814,0.1673,0.996
11.109680068,0.0337,0.9806,0.1683,0.996
11.111240299,0.0332,0.9809,0.1686,0.996
11.112304953,0.0332,0.9816,0.1691,0.997
11.113244684,0.0340,0.9816,0.1683,0.997
11.11410753,0.0344,0.9819,0.1686,0.997
11.115422645,0.0352,0.9806,0.1700,0.996
11.117276222,0.0359,0.9799,0.1695,0.995
11.118457376,0.0364,0.9789,0.1693,0.994
11.119709299,0.0359,0.9794,0.1703,0.995
11.120544645,0.0349,0.9802,0.1705,0.995
11.121449799,0.0340,0.9814,0.1705,0.997
11.122184761,0.0340,0.9787,0.1708,0.994
11.123234568,0.0340,0.9784,0.1717,0.994
11.123999299,0.0349,0.9784,0.1725,0.994
11.124675799,0.0335,0.9789,0.1720,0.994
11.125549876,0.0337,0.9792,0.1720,0.995
11.126412222,0.0352,0.9780,0.1737,0.994
11.127392915,0.0352,0.9782,0.1744,0.994
11.128302838,0.0347,0.9784,0.1752,0.995
11.129123568,0.0357,0.9787,0.1732,0.995
11.129884992,0.0359,0.9782,0.1725,0.994
11.130724799,0.0359,0.9780,0.1735,0.994
11.131617261,0.0357,0.9789,0.1749,0.995
11.132368222,0.0366,0.9782,0.1749,0.994
11.133413915,0.0349,0.9789,0.1739,0.995
11.134358299,0.0347,0.9794,0.1749,0.996
11.135474299,0.0340,0.9789,0.1757,0.995
11.137594684,0.0344,0.9787,0.1757,0.995
11.138945415,0.0371,0.9804,0.1744,0.996
11.141303992,0.0374,0.9804,0.1742,0.996
11.142791376,0.0371,0.9806,0.1735,0.997
11.145105876,0.0371,0.9811,0.1744,0.997
11.146717068,0.0371,0.9797,0.1730,0.996
11.149125184,0.0362,0.9789,0.1722,0.995
11.151589992,0.0359,0.9811,0.1717,0.997
11.152871068,0.0369,0.9819,0.1703,0.997
11.154686261,0.0379,0.9816,0.1693,0.997
11.157134453,0.0386,0.9814,0.1708,0.997
11.158623184,0.0386,0.9804,0.1708,0.996
11.160887799,0.0393,0.9816,0.1713,0.997
11.162626799,0.0398,0.9819,0.1730,0.998
11.164816376,0.0388,0.9809,0.1720,0.997
11.166464799,0.0393,0.9806,0.1730,0.997
11.172678953,0.0406,0.9809,0.1735,0.997
11.173470838,0.0393,0.9811,0.1713,0.997
11.17389653,0.0393,0.9811,0.1713,0.997
11.174330684,0.0393,0.9811,0.1720,0.997
11.176330876,0.0384,0.9806,0.1725,0.996
11.178310453,0.0381,0.9789,0.1713,0.995
11.180455107,0.0393,0.9794,0.1737,0.995
11.182370876,0.0391,0.9782,0.1752,0.995
11.191863992,0.0386,0.9782,0.1749,0.994
11.193092992,0.0384,0.9782,0.1732,0.994
11.194048645,0.0391,0.9784,0.1759,0.995
11.195099645,0.0391,0.9797,0.1759,0.996
11.196159992,0.0388,0.9792,0.1747,0.995
11.197248992,0.0388,0.9797,0.1747,0.996
11.198764376,0.0393,0.9806,0.1766,0.997
11.200078607,0.0384,0.9806,0.1757,0.997
11.201155645,0.0386,0.9799,0.1752,0.996
11.202435915,0.0393,0.9806,0.1744,0.997
11.205950645,0.0391,0.9794,0.1737,0.995
11.207804261,0.0396,0.9782,0.1757,0.995
11.208787261,0.0393,0.9782,0.1752,0.995
11.21016253,0.0401,0.9799,0.1749,0.996
11.212077299,0.0391,0.9799,0.1739,0.996
11.214090761,0.0384,0.9780,0.1737,0.994
11.215776491,0.0379,0.9784,0.1737,0.994
11.218335068,0.0384,0.9799,0.1732,0.996
11.220053568,0.0388,0.9794,0.1735,0.995
11.221797645,0.0386,0.9792,0.1730,0.995
11.223773068,0.0381,0.9797,0.1708,0.995
11.225766915,0.0379,0.9799,0.1705,0.995
11.227793568,0.0374,0.9806,0.1710,0.996
11.229662376,0.0366,0.9789,0.1691,0.994
11.23182753,0.0369,0.9797,0.1691,0.995
11.234924107,0.0359,0.9797,0.1693,0.995
11.236440761,0.0366,0.9792,0.1698,0.994
11.237891068,0.0371,0.9799,0.1693,0.995
11.239506761,0.0376,0.9804,0.1688,0.996
11.241500953,0.0374,0.9811,0.1678,0.996
11.243731799,0.0393,0.9809,0.1661,0.996
11.245647222,0.0386,0.9804,0.1654,0.995
11.24781053,0.0366,0.9806,0.1656,0.995
11.249767607,0.0369,0.9811,0.1673,0.996
11.252860953,0.0364,0.9814,0.1688,0.996
11.25430753,0.0369,0.9826,0.1691,0.998
11.255525145,0.0371,0.9821,0.1710,0.998
11.25735253,0.0379,0.9819,0.1720,0.998
11.259351645,0.0386,0.9811,0.1735,0.997
11.261367376,0.0384,0.9806,0.1739,0.997
11.263265453,0.0386,0.9814,0.1776,0.998
11.265290838,0.0371,0.9809,0.1779,0.998
11.274575722,0.0374,0.9806,0.1769,0.997
11.27520403,0.0376,0.9802,0.1742,0.996
11.275455184,0.0406,0.9797,0.1713,0.995
11.275687222,0.0398,0.9797,0.1695,0.995
11.275914184,0.0410,0.9806,0.1644,0.995
11.277244568,0.0403,0.9814,0.1605,0.995
11.279202838,0.0401,0.9814,0.1546,0.994
11.280912299,0.0415,0.9814,0.1522,0.994
11.283443761,0.0410,0.9814,0.1517,0.994
11.294904876,0.0401,0.9824,0.1473,0.994
11.296048453,0.0398,0.9826,0.1476,0.994
11.296809453,0.0381,0.9831,0.1510,0.995
11.297500953,0.0371,0.9846,0.1544,0.997
11.298186299,0.0364,0.9846,0.1561,0.998
11.299104722,0.0349,0.9848,0.1600,0.998
11.303790876,0.0327,0.9843,0.1637,0.998
11.305129838,0.0327,0.9838,0.1647,0.998
11.305938684,0.0347,0.9841,0.1661,0.999
11.306945761,0.0354,0.9855,0.1671,1.000
11.30773803,0.0369,0.9828,0.1683,0.998
11.308640338,0.0374,0.9819,0.1683,0.997
11.309451299,0.0364,0.9824,0.1698,0.998
11.310701068,0.0357,0.9811,0.1727,0.997
11.312527953,0.0347,0.9809,0.1757,0.997
11.314459722,0.0349,0.9802,0.1779,0.997
11.31655553,0.0349,0.9794,0.1835,0.997
11.319193222,0.0349,0.9794,0.1867,0.998
11.320663914,0.0364,0.9765,0.1932,0.996
11.322375991,0.0347,0.9762,0.1976,0.997
11.324375222,0.0352,0.9762,0.2003,0.997
11.326337607,0.0369,0.9762,0.2025,0.998
11.328710145,0.0376,0.9753,0.2028,0.997
11.330439876,0.0384,0.9755,0.2030,0.997
11.332473876,0.0393,0.9750,0.2042,0.997
11.335599838,0.0408,0.9750,0.2055,0.997
11.337045914,0.0388,0.9758,0.2033,0.997
11.338290299,0.0398,0.9772,0.1976,0.998
11.340283261,0.0420,0.9770,0.1957,0.997
11.342218145,0.0440,0.9760,0.1876,0.995
11.34423103,0.0437,0.9762,0.1847,0.995
11.346114876,0.0459,0.9745,0.1779,0.992
11.348295145,0.0474,0.9758,0.1698,0.992
11.350631222,0.0469,0.9760,0.1656,0.991
11.353658799,0.0452,0.9782,0.1598,0.992
11.356024761,0.0430,0.9777,0.1527,0.990
11.357097876,0.0437,0.9782,0.1488,0.990
11.358209338,0.0430,0.9794,0.1417,0.991
11.360167568,0.0415,0.9797,0.1385,0.990
11.362048453,0.0403,0.9816,0.1334,0.991
11.364035376,0.0406,0.9836,0.1273,0.993
11.366137684,0.0413,0.9838,0.1251,0.993
11.375744799,0.0396,0.9836,0.1239,0.992
11.377133914,0.0376,0.9848,0.1239,0.993
11.378142568,0.0376,0.9848,0.1246,0.993
11.379340607,0.0362,0.9843,0.1244,0.993
11.380299645,0.0344,0.9836,0.1241,0.992
11.381385876,0.0354,0.9858,0.1246,0.994
11.382195876,0.0362,0.9860,0.1244,0.994
11.383119299,0.0381,0.9860,0.1256,0.995
11.399284838,0.0386,0.9870,0.1297,0.996
11.401974568,0.0376,0.9875,0.1327,0.997
11.403224953,0.0381,0.9875,0.1331,0.997
11.40438003,0.0386,0.9877,0.1358,0.998
11.405392799,0.0388,0.9868,0.1385,0.997
11.406465991,0.0403,0.9863,0.1434,0.997
11.407615222,0.0406,0.9865,0.1483,0.998
11.408347953,0.0408,0.9855,0.1510,0.998
11.409057645,0.0393,0.9858,0.1583,0.999
11.409904068,0.0374,0.9863,0.1610,1.000
11.410610299,0.0384,0.9843,0.1661,0.999
11.411484068,0.0371,0.9843,0.1713,1.000
11.412287184,0.0369,0.9836,0.1752,1.000
11.412963568,0.0359,0.9850,0.1813,1.002
11.413833953,0.0366,0.9858,0.1859,1.004
11.414696337,0.0364,0.9848,0.1871,1.003
11.415716799,0.0371,0.9833,0.1903,1.002
11.418658914,0.0376,0.9838,0.1915,1.003
11.420121068,0.0384,0.9831,0.1940,1.003
11.42151103,0.0369,0.9814,0.1964,1.002
11.423535145,0.0369,0.9811,0.1972,1.001
11.425389953,0.0379,0.9814,0.1974,1.002
11.427455222,0.0391,0.9819,0.1984,1.002
11.429330684,0.0391,0.9821,0.1984,1.003
11.431287261,0.0406,0.9826,0.1984,1.003
11.435504607,0.0413,0.9831,0.1986,1.004
11.437157068,0.0408,0.9821,0.1984,1.003
11.438221645,0.0418,0.9846,0.1959,1.005
11.439656607,0.0418,0.9846,0.1945,1.004
11.440843107,0.0423,0.9843,0.1925,1.004
11.443042299,0.0423,0.9833,0.1908,1.003
11.444812645,0.0440,0.9833,0.1869,1.002
11.447552261,0.0432,0.9838,0.1840,1.002
11.449007876,0.0428,0.9843,0.1823,1.002
11.45235853,0.0410,0.9841,0.1808,1.001
11.453927607,0.0415,0.9843,0.1786,1.001
11.455428607,0.0425,0.9858,0.1737,1.002
11.45688053,0.0435,0.9848,0.1713,1.001
11.458727184,0.0418,0.9848,0.1705,1.000
11.460841837,0.0406,0.9841,0.1671,0.999
11.46272303,0.0398,0.9841,0.1639,0.998
11.464835837,0.0420,0.9850,0.1617,0.999
11.46677803,0.0413,0.9853,0.1608,0.999
11.477213761,0.0425,0.9850,0.1600,0.999
11.478953722,0.0425,0.9841,0.1583,0.998
11.480106068,0.0423,0.9826,0.1568,0.996
11.481320376,0.0430,0.9824,0.1564,0.996
11.482616299,0.0432,0.9811,0.1542,0.994
11.483896684,0.0447,0.9811,0.1549,0.994
11.484891145,0.0457,0.9809,0.1561,0.994
11.485803376,0.0452,0.9797,0.1556,0.993
11.487472837,0.0445,0.9792,0.1554,0.992
11.488674337,0.0450,0.9782,0.1583,0.992
11.489707376,0.0450,0.9765,0.1583,0.990
11.491068799,0.0445,0.9767,0.1590,0.991
11.499915414,0.0450,0.9767,0.1612,0.991
11.500491568,0.0445,0.9748,0.1617,0.989
11.500735953,0.0447,0.9733,0.1625,0.988
11.500975068,0.0459,0.9733,0.1642,0.988
11.501202145,0.0445,0.9726,0.1637,0.987
11.503548068,0.0430,0.9728,0.1634,0.987
11.504321799,0.0452,0.9731,0.1654,0.988
11.506312991,0.0454,0.9736,0.1654,0.989
11.50805003,0.0442,0.9719,0.1654,0.987
11.510050568,0.0430,0.9714,0.1673,0.987
11.512102261,0.0428,0.9723,0.1681,0.988
11.514147568,0.0430,0.9721,0.1691,0.988
11.516285914,0.0418,0.9721,0.1691,0.988
11.518604914,0.0410,0.9716,0.1700,0.987
11.519921645,0.0398,0.9716,0.1708,0.987
11.522009645,0.0391,0.9723,0.1717,0.988
11.524015568,0.0376,0.9721,0.1752,0.988
11.525986991,0.0364,0.9726,0.1808,0.990
11.528172645,0.0366,0.9719,0.1845,0.990
11.529787453,0.0371,0.9738,0.1857,0.992
11.531965837,0.0364,0.9740,0.1862,0.992
11.535034453,0.0354,0.9731,0.1864,0.991
11.537198684,0.0349,0.9736,0.1852,0.992
11.53823226,0.0335,0.9743,0.1849,0.992
11.539841722,0.0332,0.9743,0.1832,0.992
11.54164526,0.0332,0.9753,0.1825,0.993
11.543728876,0.0337,0.9765,0.1774,0.993
11.545556684,0.0337,0.9770,0.1771,0.993
11.547664107,0.0332,0.9770,0.1771,0.993
11.549627722,0.0325,0.9777,0.1749,0.994
11.552096376,0.0327,0.9782,0.1717,0.994
11.554050453,0.0342,0.9780,0.1725,0.994
11.556543722,0.0330,0.9794,0.1720,0.995
11.557444414,0.0320,0.9799,0.1720,0.995
11.55962426,0.0320,0.9809,0.1708,0.996
11.561500376,0.0325,0.9821,0.1705,0.997
11.56363826,0.0332,0.9816,0.1700,0.997
11.565496491,0.0349,0.9816,0.1688,0.997
11.574997414,0.0349,0.9828,0.1678,0.998
11.576080107,0.0349,0.9841,0.1647,0.998
11.576813299,0.0340,0.9850,0.1647,0.999
11.577449607,0.0340,0.9855,0.1637,1.000
11.57814503,0.0344,0.9865,0.1622,1.000
11.581778414,0.0366,0.9855,0.1617,0.999
11.582578568,0.0357,0.9853,0.1615,0.999
11.583373414,0.0352,0.9872,0.1598,1.001
11.596810953,0.0357,0.9875,0.1586,1.001
11.598086914,0.0347,0.9875,0.1583,1.001
11.59907126,0.0349,0.9880,0.1568,1.001
11.599759184,0.0357,0.9892,0.1581,1.002
11.600719299,0.0371,0.9890,0.1583,1.002
11.601656414,0.0401,0.9899,0.1583,1.003
11.602688491,0.0401,0.9887,0.1586,1.002
11.603762107,0.0413,0.9892,0.1581,1.003
11.604681414,0.0432,0.9907,0.1578,1.004
11.605701376,0.0440,0.9892,0.1581,1.003
11.606409145,0.0437,0.9894,0.1593,1.003
11.607423184,0.0440,0.9914,0.1598,1.005
11.608165991,0.0447,0.9916,0.1598,1.005
11.610639876,0.0464,0.9902,0.1598,1.004
11.611987453,0.0457,0.9909,0.1600,1.005
11.612998876,0.0462,0.9914,0.1620,1.006
11.61506226,0.0459,0.9904,0.1630,1.005
11.617216645,0.0454,0.9892,0.1620,1.003
11.620200722,0.0454,0.9877,0.1627,1.002
11.621730299,0.0447,0.9877,0.1632,1.002
11.623564376,0.0440,0.9887,0.1625,1.003
11.624853914,0.0423,0.9868,0.1654,1.001
11.62672253,0.0425,0.9863,0.1654,1.001
11.628676414,0.0437,0.9880,0.1642,1.002
11.630642914,0.0430,0.9880,0.1639,1.002
11.632783337,0.0423,0.9880,0.1642,1.002
11.63613676,0.0420,0.9865,0.1639,1.001
11.637643722,0.0398,0.9860,0.1644,1.000
11.638838491,0.0396,0.9848,0.1676,1.000
11.640833837,0.0381,0.9836,0.1683,0.999
11.642672145,0.0393,0.9836,0.1700,0.999
11.644791683,0.0391,0.9828,0.1681,0.998
11.646406568,0.0384,0.9821,0.1688,0.997
11.64872326,0.0393,0.9819,0.1678,0.997
11.650392914,0.0381,0.9804,0.1671,0.995
11.653917607,0.0379,0.9799,0.1671,0.995
11.655410299,0.0381,0.9802,0.1669,0.995
11.657021568,0.0381,0.9804,0.1681,0.995
11.658431991,0.0393,0.9799,0.1664,0.995
11.660404068,0.0391,0.9811,0.1664,0.996
11.662350299,0.0386,0.9806,0.1669,0.995
11.664347953,0.0403,0.9794,0.1669,0.994
11.666200222,0.0410,0.9775,0.1659,0.992
11.678700222,0.0408,0.9765,0.1659,0.991
11.680073299,0.0432,0.9770,0.1652,0.992
11.680980568,0.0435,0.9775,0.1647,0.992
11.681982568,0.0406,0.9780,0.1639,0.992
11.68324353,0.0413,0.9780,0.1630,0.992
11.68443703,0.0415,0.9782,0.1642,0.993
11.685213837,0.0418,0.9782,0.1627,0.993
11.685468453,0.0415,0.9770,0.1627,0.991
11.685713414,0.0406,0.9777,0.1630,0.992
11.706789337,0.0425,0.9772,0.1639,0.992
11.707453645,0.0425,0.9762,0.1634,0.991
11.707745145,0.0447,0.9762,0.1625,0.991
11.708035837,0.0440,0.9738,0.1620,0.988
11.708333837,0.0445,0.9738,0.1612,0.988
11.708611376,0.0445,0.9745,0.1595,0.989
11.708893876,0.0445,0.9748,0.1598,0.989
11.709169991,0.0450,0.9743,0.1583,0.988
11.709452183,0.0435,0.9738,0.1571,0.987
11.709720799,0.0437,0.9743,0.1578,0.988
11.709999722,0.0432,0.9750,0.1586,0.989
11.710276914,0.0415,0.9745,0.1588,0.988
11.71059276,0.0415,0.9740,0.1578,0.988
11.712191607,0.0423,0.9748,0.1573,0.988
11.713566722,0.0432,0.9753,0.1588,0.989
11.715898491,0.0442,0.9748,0.1583,0.989
11.71757726,0.0428,0.9731,0.1573,0.987
11.720480183,0.0415,0.9726,0.1573,0.986
11.721470222,0.0406,0.9748,0.1576,0.988
11.72404976,0.0403,0.9758,0.1583,0.989
11.725467683,0.0401,0.9770,0.1564,0.990
11.728267645,0.0406,0.9750,0.1559,0.988
11.729572722,0.0410,0.9755,0.1554,0.989
11.731916953,0.0418,0.9780,0.1554,0.991
11.733276953,0.0406,0.9777,0.1544,0.991
11.735993337,0.0413,0.9770,0.1537,0.990
11.737435183,0.0420,0.9772,0.1537,0.990
11.739736337,0.0413,0.9772,0.1551,0.990
11.741333453,0.0415,0.9770,0.1556,0.990
11.743709414,0.0410,0.9789,0.1556,0.992
11.745253145,0.0403,0.9792,0.1546,0.992
11.747692914,0.0403,0.9780,0.1544,0.991
11.749167183,0.0410,0.9780,0.1551,0.991
11.751321799,0.0413,0.9794,0.1559,0.993
11.75376426,0.0406,0.9804,0.1566,0.994
11.75548626,0.0398,0.9811,0.1564,0.994
11.757073876,0.0398,0.9806,0.1571,0.994
11.759246722,0.0403,0.9809,0.1581,0.994
11.761197568,0.0401,0.9816,0.1571,0.995
11.763354414,0.0406,0.9819,0.1571,0.995
11.765148222,0.0396,0.9826,0.1576,0.996
11.767342414,0.0393,0.9833,0.1568,0.997
11.777665876,0.0403,0.9838,0.1576,0.997
11.779368376,0.0408,0.9841,0.1576,0.997
11.780443299,0.0408,0.9843,0.1576,0.998
11.78150476,0.0396,0.9846,0.1590,0.998
11.782711953,0.0398,0.9843,0.1595,0.998
11.783631453,0.0398,0.9850,0.1610,0.999
11.785047568,0.0403,0.9848,0.1605,0.999
11.786972953,0.0410,0.9843,0.1615,0.998
11.78772676,0.0391,0.9841,0.1610,0.998
11.800439222,0.0386,0.9836,0.1598,0.997
11.802437453,0.0388,0.9838,0.1617,0.998
11.803829606,0.0401,0.9848,0.1615,0.999
11.805060337,0.0396,0.9853,0.1617,0.999
11.806160645,0.0386,0.9860,0.1637,1.000
11.807591991,0.0381,0.9841,0.1634,0.998
11.808762683,0.0398,0.9821,0.1637,0.996
11.809530453,0.0396,0.9824,0.1647,0.997
11.810693068,0.0381,0.9831,0.1666,0.998
11.811605722,0.0376,0.9833,0.1671,0.998
11.812700953,0.0393,0.9846,0.1686,1.000
11.813601837,0.0391,0.9838,0.1671,0.999
11.814705568,0.0396,0.9838,0.1669,0.999
11.815562106,0.0393,0.9836,0.1666,0.998
11.816415876,0.0371,0.9831,0.1669,0.998
11.817390414,0.0369,0.9821,0.1671,0.997
11.819002183,0.0366,0.9831,0.1673,0.998
11.821519106,0.0374,0.9836,0.1695,0.999
11.822194106,0.0371,0.9828,0.1695,0.998
11.824785914,0.0357,0.9828,0.1693,0.998
11.826256683,0.0357,0.9833,0.1671,0.998
11.82852226,0.0359,0.9821,0.1666,0.997
11.830158222,0.0354,0.9826,0.1671,0.997
11.832093145,0.0357,0.9846,0.1654,0.999
11.833912799,0.0352,0.9843,0.1661,0.999
11.836108645,0.0357,0.9836,0.1678,0.998
11.837902106,0.0354,0.9836,0.1678,0.998
11.840080414,0.0371,0.9821,0.1683,0.997
11.841877491,0.0364,0.9831,0.1659,0.998
11.843991299,0.0354,0.9831,0.1659,0.998
11.845823145,0.0344,0.9836,0.1664,0.998
11.847921491,0.0342,0.9838,0.1659,0.998
11.850054106,0.0342,0.9838,0.1669,0.998
11.856215183,0.0332,0.9836,0.1673,0.998
11.856943222,0.0327,0.9824,0.1676,0.997
11.857336991,0.0347,0.9804,0.1681,0.995
11.857700183,0.0340,0.9814,0.1681,0.996
11.860073645,0.0335,0.9816,0.1673,0.996
11.86181176,0.0337,0.9824,0.1678,0.997
11.864059991,0.0332,0.9821,0.1676,0.997
11.86593676,0.0332,0.9802,0.1666,0.995
11.868115491,0.0349,0.9799,0.1671,0.995
11.879172183,0.0344,0.9794,0.1669,0.994
11.879797529,0.0340,0.9797,0.1669,0.994
11.880048068,0.0340,0.9806,0.1656,0.995
11.880288068,0.0332,0.9806,0.1661,0.995
11.880507453,0.0310,0.9794,0.1664,0.994
11.88073676,0.0332,0.9787,0.1666,0.993
11.887790414,0.0340,0.9797,0.1666,0.994
11.888257222,0.0347,0.9782,0.1664,0.993
11.888517683,0.0342,0.9775,0.1661,0.992
11.888745222,0.0335,0.9789,0.1652,0.993
11.889515606,0.0340,0.9784,0.1649,0.993
11.891542568,0.0342,0.9784,0.1661,0.993
11.893416606,0.0332,0.9780,0.1664,0.993
11.895514991,0.0332,0.9777,0.1659,0.992
11.897358722,0.0332,0.9770,0.1644,0.991
11.899476453,0.0342,0.9770,0.1652,0.991
11.901363106,0.0344,0.9767,0.1659,0.991
11.903458376,0.0335,0.9767,0.1652,0.991
11.905205222,0.0332,0.9782,0.1637,0.992
11.907336029,0.0327,0.9792,0.1639,0.993
11.909298991,0.0340,0.9789,0.1642,0.993
11.911287529,0.0342,0.9789,0.1647,0.993
11.913104991,0.0352,0.9782,0.1656,0.993
11.915145029,0.0347,0.9789,0.1661,0.994
11.917489991,0.0349,0.9802,0.1654,0.995
11.91986026,0.0347,0.9816,0.1656,0.996
11.921169645,0.0371,0.9806,0.1652,0.995
11.923160222,0.0374,0.9797,0.1630,0.994
11.925208529,0.0364,0.9802,0.1627,0.994
11.927351991,0.0364,0.9806,0.1637,0.995
11.929252376,0.0359,0.9804,0.1625,0.994
11.931515991,0.0352,0.9814,0.1612,0.995
11.933338683,0.0344,0.9814,0.1625,0.995
11.93742376,0.0347,0.9821,0.1632,0.996
11.938631606,0.0344,0.9819,0.1652,0.996
11.939396953,0.0347,0.9819,0.1678,0.997
11.940856876,0.0344,0.9816,0.1688,0.997
11.942997914,0.0335,0.9826,0.1691,0.998
11.944806106,0.0335,0.9819,0.1713,0.997
11.94697726,0.0340,0.9824,0.1722,0.998
11.948818453,0.0342,0.9824,0.1710,0.998
11.950708876,0.0335,0.9828,0.1688,0.998
11.954401183,0.0337,0.9819,0.1688,0.997
11.955583145,0.0344,0.9806,0.1673,0.995
11.956783491,0.0340,0.9821,0.1630,0.996
11.958913414,0.0337,0.9819,0.1598,0.995
11.960583645,0.0344,0.9831,0.1566,0.996
11.962575645,0.0342,0.9828,0.1559,0.996
11.964625799,0.0337,0.9821,0.1544,0.995
11.966589837,0.0352,0.9836,0.1502,0.996
11.977648683,0.0347,0.9828,0.1480,0.995
11.979204376,0.0340,0.9846,0.1478,0.996
11.980094876,0.0327,0.9841,0.1510,0.996
11.980967568,0.0315,0.9843,0.1532,0.997
11.981902452,0.0305,0.9848,0.1566,0.998
11.983063145,0.0279,0.9853,0.1610,0.999
11.983977876,0.0279,0.9853,0.1630,0.999
11.985071529,0.0283,0.9841,0.1664,0.998
11.986166991,0.0288,0.9836,0.1678,0.998
11.987739606,0.0279,0.9836,0.1686,0.998
11.989775106,0.0296,0.9846,0.1695,0.999
11.992177452,0.0296,0.9846,0.1700,1.000
12.004568299,0.0305,0.9836,0.1703,0.999
12.005991914,0.0300,0.9841,0.1710,0.999
12.006946683,0.0296,0.9809,0.1769,0.997
12.007778029,0.0286,0.9799,0.1825,0.997
12.008850568,0.0283,0.9804,0.1869,0.998
12.009726645,0.0264,0.9806,0.1947,1.000
12.010721106,0.0259,0.9819,0.2020,1.003
12.011778029,0.0264,0.9814,0.2045,1.003
12.012585683,0.0261,0.9806,0.2089,1.003
12.013212799,0.0274,0.9804,0.2103,1.003
12.014086491,0.0288,0.9780,0.2103,1.001
12.015007799,0.0303,0.9787,0.2096,1.001
12.015965376,0.0298,0.9784,0.2081,1.001
12.018195837,0.0325,0.9780,0.2052,1.000
12.021208029,0.0357,0.9782,0.2023,1.000
12.022717606,0.0369,0.9784,0.1989,0.999
12.023917029,0.0369,0.9775,0.1915,0.997
12.02585726,0.0366,0.9770,0.1884,0.996
12.027870683,0.0376,0.9775,0.1786,0.994
12.029935952,0.0381,0.9789,0.1703,0.994
12.031996991,0.0381,0.9799,0.1661,0.995
12.03382076,0.0379,0.9792,0.1573,0.992
12.036623568,0.0376,0.9824,0.1488,0.994
12.038585183,0.0357,0.9826,0.1449,0.994
12.040102799,0.0354,0.9828,0.1366,0.993
12.041792068,0.0347,0.9841,0.1309,0.993
12.043765106,0.0347,0.9868,0.1253,0.995
12.045615414,0.0342,0.9880,0.1217,0.996
12.047612414,0.0352,0.9882,0.1195,0.996
12.049555876,0.0352,0.9892,0.1165,0.997
12.051799914,0.0347,0.9912,0.1148,0.998
12.054598491,0.0362,0.9899,0.1141,0.997
12.056084991,0.0374,0.9899,0.1151,0.997
12.057459568,0.0374,0.9902,0.1160,0.998
12.060042683,0.0381,0.9899,0.1192,0.998
12.061421645,0.0398,0.9916,0.1207,1.000
12.063496183,0.0406,0.9919,0.1222,1.000
12.065434299,0.0420,0.9904,0.1253,0.999
12.067429029,0.0413,0.9897,0.1273,0.999
12.07676476,0.0430,0.9875,0.1334,0.997
12.078108991,0.0428,0.9877,0.1378,0.998
12.079313683,0.0425,0.9880,0.1397,0.999
12.080280683,0.0432,0.9855,0.1444,0.997
12.081434452,0.0425,0.9853,0.1476,0.997
12.082341606,0.0440,0.9855,0.1522,0.998
12.083070068,0.0445,0.9848,0.1605,0.999
12.083378183,0.0425,0.9843,0.1637,0.999
12.085168491,0.0420,0.9841,0.1673,0.999
12.098037914,0.0398,0.9843,0.1744,1.000
12.098657875,0.0401,0.9850,0.1779,1.002
12.098926914,0.0379,0.9850,0.1823,1.002
12.099167068,0.0369,0.9843,0.1847,1.002
12.099405568,0.0344,0.9838,0.1893,1.002
12.099634414,0.0335,0.9814,0.1945,1.001
12.099866529,0.0325,0.9804,0.1959,1.000
12.10059326,0.0320,0.9811,0.1952,1.001
12.105346837,0.0305,0.9804,0.1957,1.000
12.105853029,0.0300,0.9787,0.1984,0.999
12.106815568,0.0322,0.9770,0.1981,0.997
12.108550952,0.0327,0.9770,0.1989,0.998
12.110908222,0.0337,0.9782,0.2003,0.999
12.112595414,0.0347,0.9767,0.2001,0.998
12.114785491,0.0342,0.9765,0.2001,0.997
12.116650529,0.0349,0.9755,0.2006,0.997
12.119735606,0.0364,0.9748,0.2003,0.996
12.120527375,0.0371,0.9775,0.1954,0.998
12.122463145,0.0374,0.9787,0.1932,0.998
12.124511337,0.0374,0.9794,0.1925,0.999
12.12629576,0.0374,0.9797,0.1901,0.999
12.128408337,0.0364,0.9794,0.1871,0.998
12.130270683,0.0369,0.9799,0.1854,0.998
12.132396645,0.0376,0.9821,0.1808,0.999
12.134455106,0.0388,0.9811,0.1793,0.998
12.137664222,0.0369,0.9802,0.1774,0.997
12.139395491,0.0386,0.9809,0.1735,0.997
12.140470299,0.0391,0.9811,0.1715,0.997
12.142450799,0.0396,0.9819,0.1691,0.997
12.144466991,0.0386,0.9806,0.1656,0.995
12.146358452,0.0396,0.9809,0.1632,0.995
12.148527106,0.0393,0.9802,0.1593,0.994
12.15037076,0.0388,0.9799,0.1586,0.993
12.154195337,0.0396,0.9799,0.1566,0.993
12.155796529,0.0398,0.9819,0.1539,0.995
12.15681526,0.0398,0.9816,0.1534,0.994
12.158265222,0.0396,0.9816,0.1507,0.994
12.16096576,0.0401,0.9809,0.1515,0.993
12.162326837,0.0403,0.9806,0.1520,0.993
12.164376606,0.0406,0.9794,0.1522,0.992
12.166309529,0.0413,0.9789,0.1532,0.992
12.168446183,0.0425,0.9782,0.1542,0.991
12.178290875,0.0435,0.9789,0.1546,0.992
12.179884375,0.0447,0.9794,0.1559,0.993
12.180932645,0.0445,0.9775,0.1586,0.991
12.182020798,0.0437,0.9782,0.1608,0.992
12.183211875,0.0437,0.9767,0.1612,0.991
12.184038722,0.0440,0.9760,0.1615,0.990
12.184831183,0.0452,0.9753,0.1625,0.990
12.185830798,0.0454,0.9748,0.1649,0.990
12.201026298,0.0467,0.9733,0.1664,0.989
12.202838491,0.0464,0.9731,0.1681,0.989
12.20396626,0.0459,0.9726,0.1688,0.988
12.205028414,0.0457,0.9721,0.1700,0.988
12.206193452,0.0454,0.9736,0.1691,0.989
12.20742076,0.0428,0.9733,0.1681,0.989
12.208421837,0.0432,0.9738,0.1691,0.989
12.209541452,0.0440,0.9733,0.1683,0.989
12.21046626,0.0435,0.9733,0.1708,0.989
12.211451068,0.0430,0.9740,0.1705,0.990
12.212354991,0.0403,0.9743,0.1717,0.990
12.213091298,0.0396,0.9758,0.1737,0.992
12.214090798,0.0388,0.9758,0.1786,0.993
12.215107222,0.0379,0.9762,0.1823,0.994
12.216058568,0.0366,0.9765,0.1835,0.994
12.217086222,0.0352,0.9767,0.1874,0.995
12.217977298,0.0349,0.9765,0.1879,0.995
12.221162414,0.0347,0.9772,0.1874,0.996
12.226846337,0.0332,0.9775,0.1852,0.995
12.227495991,0.0325,0.9765,0.1845,0.994
12.227929068,0.0310,0.9782,0.1825,0.996
12.228352222,0.0315,0.9789,0.1803,0.996
12.229644875,0.0315,0.9792,0.1791,0.996
12.231757529,0.0305,0.9787,0.1776,0.995
12.233357298,0.0286,0.9802,0.1754,0.996
12.235773106,0.0291,0.9811,0.1732,0.997
12.237832606,0.0296,0.9809,0.1713,0.996
12.239321414,0.0296,0.9828,0.1713,0.998
12.241203875,0.0308,0.9831,0.1708,0.998
12.243307568,0.0305,0.9838,0.1700,0.999
12.245325683,0.0313,0.9846,0.1708,1.000
12.247792068,0.0327,0.9841,0.1688,0.999
12.249316645,0.0330,0.9841,0.1669,0.999
12.251703222,0.0335,0.9858,0.1676,1.000
12.253832837,0.0330,0.9855,0.1656,1.000
12.255287952,0.0320,0.9853,0.1639,0.999
12.257036491,0.0330,0.9860,0.1630,1.000
12.25971576,0.0327,0.9872,0.1627,1.001
12.26111376,0.0322,0.9853,0.1634,0.999
12.263570375,0.0340,0.9872,0.1608,1.001
12.265329722,0.0332,0.9870,0.1608,1.001
12.267579337,0.0337,0.9870,0.1598,1.000
12.269017491,0.0357,0.9870,0.1598,1.000
12.275139183,0.0359,0.9872,0.1598,1.001
12.27594376,0.0364,0.9865,0.1600,1.000
12.276366798,0.0376,0.9877,0.1612,1.002
12.27716576,0.0384,0.9882,0.1634,1.002
12.279077414,0.0384,0.9872,0.1642,1.002
12.281075568,0.0393,0.9880,0.1639,1.002
12.283197991,0.0406,0.9877,0.1649,1.002
12.285122183,0.0420,0.9858,0.1669,1.001
12.296772875,0.0420,0.9868,0.1673,1.002
12.29868276,0.0425,0.9860,0.1691,1.001
12.299526837,0.0435,0.9863,0.1693,1.002
12.300573298,0.0425,0.9868,0.1698,1.002
12.301861106,0.0428,0.9863,0.1693,1.002
12.303498568,0.0423,0.9868,0.1698,1.002
12.304737491,0.0408,0.9863,0.1708,1.002
12.305671606,0.0418,0.9848,0.1742,1.001
12.306810145,0.0420,0.9846,0.1749,1.001
12.307605914,0.0413,0.9848,0.1744,1.001
12.308348452,0.0406,0.9843,0.1757,1.001
12.309386221,0.0410,0.9841,0.1761,1.001
12.31073426,0.0403,0.9855,0.1769,1.002
12.313503491,0.0391,0.9850,0.1766,1.002
12.315046375,0.0371,0.9841,0.1781,1.001
12.31908526,0.0362,0.9843,0.1783,1.001
12.320212183,0.0364,0.9846,0.1779,1.001
12.32135226,0.0354,0.9843,0.1764,1.001
12.322607375,0.0352,0.9838,0.1764,1.000
12.326900837,0.0335,0.9821,0.1774,0.999
12.32855026,0.0337,0.9828,0.1781,0.999
12.329597029,0.0332,0.9828,0.1781,0.999
12.330628875,0.0325,0.9833,0.1766,1.000
12.332510452,0.0315,0.9824,0.1766,0.999
12.33439826,0.0305,0.9831,0.1764,0.999
12.337563068,0.0310,0.9838,0.1749,1.000
12.339123645,0.0305,0.9836,0.1754,1.000
12.341206606,0.0286,0.9824,0.1747,0.998
12.342366875,0.0298,0.9833,0.1732,0.999
12.344188991,0.0288,0.9826,0.1730,0.998
12.345927145,0.0288,0.9824,0.1715,0.998
12.348218183,0.0296,0.9811,0.1710,0.996
12.350106529,0.0300,0.9819,0.1688,0.997
12.352046952,0.0279,0.9814,0.1710,0.997
12.354924145,0.0283,0.9814,0.1705,0.996
12.356735029,0.0293,0.9799,0.1703,0.995
12.357937414,0.0298,0.9806,0.1678,0.995
12.359681298,0.0300,0.9799,0.1666,0.994
12.361868375,0.0308,0.9806,0.1673,0.995
12.363899952,0.0308,0.9809,0.1686,0.996
12.365838375,0.0308,0.9794,0.1673,0.994
12.367821683,0.0318,0.9770,0.1649,0.991
12.377581529,0.0313,0.9772,0.1654,0.992
12.379176029,0.0320,0.9760,0.1673,0.991
12.380154298,0.0310,0.9758,0.1676,0.991
12.381199106,0.0308,0.9748,0.1666,0.989
12.382205491,0.0320,0.9758,0.1661,0.990
12.383521029,0.0322,0.9765,0.1664,0.991
12.384459183,0.0315,0.9770,0.1669,0.992
12.385400183,0.0313,0.9770,0.1693,0.992
12.386774144,0.0320,0.9772,0.1688,0.992
12.398466144,0.0337,0.9770,0.1673,0.992
12.39904076,0.0347,0.9765,0.1669,0.991
12.399295875,0.0347,0.9758,0.1654,0.990
12.39953476,0.0335,0.9753,0.1661,0.990
12.399756298,0.0342,0.9755,0.1659,0.990
12.39998176,0.0337,0.9772,0.1673,0.992
12.400206337,0.0347,0.9772,0.1691,0.992
12.401292183,0.0352,0.9770,0.1686,0.992
12.406305529,0.0354,0.9770,0.1673,0.992
12.406831837,0.0359,0.9758,0.1664,0.990
12.407268491,0.0364,0.9762,0.1678,0.991
12.409281298,0.0369,0.9762,0.1676,0.991
12.411184644,0.0371,0.9772,0.1686,0.992
12.413283721,0.0384,0.9772,0.1703,0.993
12.415099952,0.0386,0.9777,0.1686,0.993
12.417135798,0.0381,0.9777,0.1693,0.993
12.420608298,0.0371,0.9784,0.1705,0.994
12.421435644,0.0376,0.9789,0.1710,0.994
12.423177606,0.0384,0.9792,0.1698,0.995
12.425006183,0.0379,0.9782,0.1698,0.994
12.427286952,0.0381,0.9784,0.1705,0.994
12.429067798,0.0386,0.9799,0.1713,0.996
12.431233991,0.0381,0.9806,0.1713,0.996
12.433081914,0.0388,0.9811,0.1708,0.997
12.435172875,0.0401,0.9797,0.1695,0.995
12.437554337,0.0384,0.9792,0.1686,0.994
12.439357529,0.0376,0.9797,0.1722,0.995
12.440863029,0.0381,0.9824,0.1737,0.998
12.443051375,0.0386,0.9826,0.1747,0.999
12.44481926,0.0386,0.9824,0.1735,0.998
12.446908452,0.0386,0.9826,0.1732,0.998
12.448794798,0.0369,0.9824,0.1737,0.998
12.450731491,0.0374,0.9821,0.1752,0.998
12.454176068,0.0369,0.9811,0.1744,0.997
12.45557826,0.0388,0.9809,0.1747,0.997
12.457493452,0.0381,0.9806,0.1769,0.997
12.459336106,0.0376,0.9811,0.1757,0.997
12.460584337,0.0366,0.9814,0.1764,0.998
12.462974952,0.0364,0.9811,0.1774,0.998
12.464966491,0.0369,0.9826,0.1761,0.999
12.466740606,0.0359,0.9831,0.1769,1.000
12.468543029,0.0349,0.9836,0.1771,1.000
12.478739068,0.0349,0.9838,0.1764,1.000
12.480150183,0.0347,0.9833,0.1752,0.999
12.481058991,0.0352,0.9838,0.1752,1.000
12.481928337,0.0349,0.9841,0.1757,1.000
12.483105337,0.0349,0.9841,0.1744,1.000
12.483965183,0.0354,0.9826,0.1749,0.999
12.485223683,0.0349,0.9826,0.1744,0.999
12.486280837,0.0347,0.9828,0.1737,0.999
12.487532991,0.0359,0.9836,0.1742,1.000
12.488710991,0.0349,0.9833,0.1737,0.999
12.500257067,0.0335,0.9824,0.1749,0.998
12.501654991,0.0327,0.9833,0.1739,0.999
12.502842067,0.0313,0.9828,0.1732,0.998
12.503939106,0.0308,0.9819,0.1725,0.997
12.505186067,0.0315,0.9833,0.1725,0.999
12.506349683,0.0325,0.9831,0.1725,0.999
12.507302721,0.0325,0.9833,0.1730,0.999
12.508186991,0.0335,0.9826,0.1730,0.998
12.508926029,0.0332,0.9811,0.1725,0.997
12.50969176,0.0340,0.9816,0.1713,0.997
12.510590491,0.0342,0.9819,0.1725,0.997
12.515372644,0.0335,0.9816,0.1722,0.997
12.516942952,0.0342,0.9816,0.1732,0.997
12.518117721,0.0340,0.9814,0.1732,0.997
12.519483529,0.0347,0.9799,0.1752,0.996
12.527423067,0.0354,0.9787,0.1754,0.995
12.528868644,0.0342,0.9802,0.1727,0.996
12.529955529,0.0349,0.9809,0.1735,0.997
12.531221644,0.0347,0.9799,0.1742,0.996
12.532250067,0.0349,0.9797,0.1754,0.996
12.533174106,0.0357,0.9794,0.1761,0.996
12.53413876,0.0359,0.9792,0.1764,0.996
12.535220952,0.0366,0.9787,0.1764,0.995
12.536389914,0.0371,0.9775,0.1759,0.994
12.539262683,0.0366,0.9775,0.1766,0.994
12.540736221,0.0371,0.9789,0.1769,0.995
12.541883606,0.0369,0.9792,0.1783,0.996
12.543557952,0.0366,0.9770,0.1793,0.994
12.545668875,0.0369,0.9770,0.1796,0.994
12.547680221,0.0366,0.9770,0.1805,0.994
12.549603183,0.0362,0.9784,0.1798,0.995
12.551581798,0.0366,0.9789,0.1791,0.996
12.554560029,0.0364,0.9765,0.1805,0.994
12.55610126,0.0359,0.9770,0.1808,0.994
12.557474221,0.0364,0.9775,0.1813,0.995
12.559419606,0.0349,0.9775,0.1805,0.995
12.561365414,0.0344,0.9770,0.1808,0.994
12.563433375,0.0359,0.9780,0.1805,0.995
12.565409491,0.0371,0.9787,0.1820,0.996
12.567423221,0.0366,0.9775,0.1815,0.995
12.569445067,0.0366,0.9762,0.1813,0.994
12.578814606,0.0371,0.9770,0.1805,0.994
12.580222644,0.0362,0.9772,0.1791,0.994
12.581466952,0.0354,0.9758,0.1793,0.993
12.582807798,0.0347,0.9758,0.1803,0.993
12.583511875,0.0354,0.9787,0.1818,0.996
12.583763952,0.0347,0.9806,0.1815,0.998
12.58416276,0.0335,0.9799,0.1818,0.997
12.584975683,0.0347,0.9789,0.1818,0.996
12.599086875,0.0335,0.9794,0.1810,0.997
12.599652375,0.0325,0.9789,0.1801,0.996
12.599906414,0.0340,0.9787,0.1793,0.996
12.600134914,0.0337,0.9794,0.1805,0.996
12.60037449,0.0318,0.9797,0.1783,0.996
12.600611529,0.0315,0.9804,0.1793,0.997
12.600844183,0.0315,0.9802,0.1793,0.997
12.60106599,0.0320,0.9809,0.1791,0.998
12.602688529,0.0327,0.9799,0.1786,0.997
12.606955221,0.0337,0.9799,0.1788,0.997
12.607408337,0.0303,0.9794,0.1791,0.996
12.608548375,0.0305,0.9802,0.1798,0.997
12.610593337,0.0296,0.9799,0.1818,0.997
12.612651683,0.0296,0.9806,0.1845,0.998
12.614594837,0.0286,0.9802,0.1847,0.998
12.616563337,0.0300,0.9802,0.1849,0.998
12.61859549,0.0305,0.9806,0.1857,0.999
12.621509106,0.0296,0.9811,0.1862,0.999
12.623239875,0.0296,0.9828,0.1840,1.000
12.624855837,0.0305,0.9833,0.1827,1.001
12.626540567,0.0308,0.9819,0.1791,0.999
12.628508375,0.0300,0.9811,0.1749,0.997
12.630649837,0.0313,0.9819,0.1715,0.997
12.632668529,0.0313,0.9811,0.1671,0.996
12.63459026,0.0310,0.9806,0.1666,0.995
12.63787226,0.0310,0.9811,0.1625,0.995
12.638934221,0.0315,0.9826,0.1581,0.996
12.640741414,0.0322,0.9826,0.1571,0.996
12.642456221,0.0315,0.9828,0.1549,0.995
12.644498644,0.0283,0.9828,0.1534,0.995
12.646366375,0.0283,0.9843,0.1556,0.997
12.64827249,0.0283,0.9848,0.1610,0.998
12.650150183,0.0276,0.9855,0.1637,0.999
12.65237376,0.0266,0.9853,0.1659,1.000
12.65417049,0.0264,0.9846,0.1681,0.999
12.656317683,0.0259,0.9841,0.1688,0.999
12.65815949,0.0279,0.9848,0.1681,0.999
12.660309683,0.0286,0.9833,0.1686,0.998
12.662247644,0.0308,0.9833,0.1681,0.998
12.664196029,0.0300,0.9824,0.1686,0.997
12.666154914,0.0296,0.9824,0.1686,0.997
12.668216029,0.0305,0.9809,0.1720,0.996
12.67333276,0.0286,0.9797,0.1759,0.996
12.673897221,0.0281,0.9799,0.1798,0.997
12.674141414,0.0293,0.9784,0.1847,0.996
12.679094144,0.0288,0.9784,0.1935,0.998
12.679340375,0.0291,0.9782,0.1969,0.998
12.680049683,0.0296,0.9777,0.2001,0.998
12.681906106,0.0300,0.9780,0.2025,0.999
12.68381149,0.0303,0.9780,0.2089,1.000
12.68636999,0.0322,0.9775,0.2118,1.001
12.69858126,0.0352,0.9760,0.2118,0.999
12.700042875,0.0357,0.9743,0.2111,0.998
12.70107276,0.0366,0.9738,0.2101,0.997
12.702477106,0.0376,0.9733,0.2086,0.996
12.703851567,0.0413,0.9733,0.2050,0.996
12.70526499,0.0418,0.9733,0.2028,0.995
12.70671449,0.0423,0.9740,0.1972,0.995
12.707825606,0.0428,0.9753,0.1918,0.995
12.70872849,0.0418,0.9758,0.1893,0.995
12.709642721,0.0425,0.9772,0.1801,0.995
12.710589721,0.0423,0.9775,0.1774,0.994
12.711467375,0.0408,0.9780,0.1708,0.994
12.71229076,0.0388,0.9792,0.1637,0.994
12.714879913,0.0376,0.9792,0.1622,0.993
12.716308913,0.0366,0.9819,0.1573,0.995
12.722715913,0.0352,0.9824,0.1556,0.995
12.724272875,0.0344,0.9831,0.1520,0.995
12.725465567,0.0335,0.9841,0.1483,0.996
12.726861875,0.0337,0.9843,0.1476,0.996
12.728128913,0.0322,0.9850,0.1446,0.996
12.729063029,0.0310,0.9850,0.1432,0.996
12.730042606,0.0313,0.9838,0.1432,0.995
12.731401452,0.0340,0.9848,0.1422,0.996
12.733132067,0.0344,0.9843,0.1427,0.995
12.735197375,0.0357,0.9841,0.1439,0.995
12.737848798,0.0374,0.9833,0.1463,0.995
12.73924049,0.0388,0.9831,0.1471,0.995
12.741134337,0.0381,0.9826,0.1488,0.995
12.743215567,0.0381,0.9833,0.1517,0.996
12.745068644,0.0396,0.9821,0.1527,0.995
12.746991529,0.0376,0.9824,0.1568,0.996
12.748955913,0.0384,0.9816,0.1593,0.995
12.751156375,0.0408,0.9811,0.1630,0.995
12.75306749,0.0425,0.9811,0.1666,0.996
12.755184721,0.0418,0.9811,0.1691,0.996
12.757449798,0.0393,0.9814,0.1749,0.998
12.759268375,0.0374,0.9809,0.1781,0.998
12.760959375,0.0366,0.9802,0.1813,0.997
12.763221683,0.0349,0.9789,0.1869,0.997
12.76490999,0.0352,0.9794,0.1891,0.998
12.76710926,0.0349,0.9789,0.1947,0.999
12.76897226,0.0327,0.9797,0.1986,1.000
12.777220837,0.0313,0.9797,0.2008,1.001
12.77817576,0.0288,0.9802,0.2045,1.002
12.779002029,0.0281,0.9806,0.2081,1.003
12.779640337,0.0281,0.9802,0.2106,1.003
12.780300144,0.0279,0.9767,0.2123,1.000
12.781021837,0.0269,0.9760,0.2123,0.999
12.782894683,0.0252,0.9770,0.2133,1.000
12.784822337,0.0259,0.9770,0.2128,1.000
12.79807426,0.0271,0.9772,0.2133,1.001
12.799613029,0.0276,0.9758,0.2138,0.999
12.800661683,0.0281,0.9758,0.2128,0.999
12.801461952,0.0286,0.9760,0.2130,0.999
12.802428721,0.0298,0.9743,0.2101,0.997
12.803669606,0.0293,0.9743,0.2103,0.997
12.804878567,0.0320,0.9762,0.2084,0.999
12.805951183,0.0320,0.9755,0.2057,0.997
12.807100798,0.0320,0.9758,0.2045,0.997
12.807924567,0.0340,0.9758,0.2035,0.997
12.808817183,0.0349,0.9762,0.2020,0.998
12.810338298,0.0332,0.9767,0.1994,0.997
12.811296144,0.0332,0.9767,0.1942,0.996
12.813706606,0.0337,0.9765,0.1928,0.996
12.81527326,0.0335,0.9767,0.1881,0.995
12.816394221,0.0320,0.9777,0.1847,0.996
12.818302144,0.0310,0.9770,0.1827,0.994
12.82606649,0.0305,0.9767,0.1813,0.994
12.827807875,0.0322,0.9770,0.1808,0.994
12.829096606,0.0308,0.9777,0.1786,0.994
12.830432913,0.0300,0.9772,0.1783,0.994
12.831344298,0.0300,0.9777,0.1774,0.994
12.832206183,0.0303,0.9775,0.1754,0.994
12.83306199,0.0303,0.9762,0.1752,0.992
12.834204952,0.0310,0.9784,0.1742,0.994
12.83632849,0.0325,0.9777,0.1742,0.994
12.839391875,0.0322,0.9780,0.1735,0.994
12.840910375,0.0303,0.9770,0.1717,0.992
12.842230644,0.0322,0.9765,0.1727,0.992
12.844038952,0.0330,0.9765,0.1735,0.992
12.846013567,0.0325,0.9777,0.1742,0.994
12.848050106,0.0320,0.9777,0.1742,0.994
12.849841221,0.0330,0.9762,0.1752,0.992
12.851906452,0.0318,0.9748,0.1744,0.991
12.855054183,0.0325,0.9740,0.1747,0.990
12.856676106,0.0347,0.9726,0.1744,0.989
12.85801926,0.0352,0.9721,0.1769,0.989
12.859961836,0.0357,0.9714,0.1776,0.988
12.86174999,0.0366,0.9704,0.1779,0.987
12.863878836,0.0369,0.9709,0.1788,0.988
12.865809336,0.0366,0.9694,0.1805,0.987
12.867798029,0.0376,0.9692,0.1813,0.987
12.869998913,0.0379,0.9689,0.1815,0.987
12.879889375,0.0369,0.9682,0.1805,0.986
12.881306644,0.0376,0.9679,0.1818,0.986
12.882333336,0.0374,0.9665,0.1830,0.984
12.883112106,0.0384,0.9662,0.1832,0.984
12.883449067,0.0388,0.9662,0.1837,0.984
12.883690952,0.0386,0.9675,0.1867,0.986
12.88392376,0.0379,0.9667,0.1891,0.986
12.88539299,0.0379,0.9665,0.1908,0.986
12.90095426,0.0374,0.9672,0.1945,0.987
12.901533913,0.0371,0.9667,0.1979,0.987
12.901781029,0.0371,0.9675,0.1989,0.988
12.902030529,0.0381,0.9687,0.1984,0.990
12.902253952,0.0376,0.9694,0.1991,0.990
12.90248426,0.0384,0.9704,0.2003,0.992
12.902749683,0.0379,0.9709,0.1996,0.992
12.90299176,0.0376,0.9709,0.1976,0.992
12.903394836,0.0384,0.9714,0.1969,0.992
12.909652067,0.0388,0.9721,0.1967,0.993
12.91013149,0.0398,0.9745,0.1959,0.995
12.910389029,0.0388,0.9760,0.1957,0.996
12.911188336,0.0379,0.9775,0.1957,0.998
12.91308026,0.0357,0.9792,0.1945,0.999
12.915217452,0.0352,0.9811,0.1918,1.000
12.916886952,0.0354,0.9821,0.1903,1.001
12.918976529,0.0354,0.9838,0.1901,1.003
12.921369144,0.0352,0.9843,0.1896,1.003
12.92353849,0.0357,0.9846,0.1876,1.003
12.925027952,0.0364,0.9860,0.1857,1.004
12.927049721,0.0371,0.9870,0.1849,1.005
12.928981759,0.0347,0.9887,0.1825,1.006
12.930798221,0.0347,0.9894,0.1805,1.006
12.933184644,0.0344,0.9902,0.1798,1.007
12.935120298,0.0320,0.9909,0.1774,1.007
12.936927413,0.0325,0.9904,0.1766,1.007
12.939342106,0.0293,0.9909,0.1749,1.007
12.94076749,0.0279,0.9914,0.1752,1.007
12.942677336,0.0279,0.9912,0.1752,1.007
12.94488649,0.0279,0.9916,0.1757,1.007
12.946958298,0.0264,0.9912,0.1764,1.007
12.948779875,0.0269,0.9912,0.1769,1.007
12.950680259,0.0288,0.9897,0.1774,1.006
12.952898259,0.0283,0.9882,0.1774,1.004
12.955672529,0.0279,0.9887,0.1774,1.005
12.957009106,0.0281,0.9882,0.1771,1.004
12.958643413,0.0271,0.9875,0.1764,1.003
12.960675221,0.0269,0.9865,0.1783,1.003
12.96286149,0.0283,0.9863,0.1786,1.003
12.96454899,0.0296,0.9850,0.1810,1.002
12.966539798,0.0279,0.9848,0.1805,1.002
12.968564106,0.0286,0.9855,0.1813,1.002
12.978867683,0.0296,0.9848,0.1840,1.002
12.980311298,0.0298,0.9843,0.1852,1.002
12.981503875,0.0303,0.9846,0.1859,1.002
12.982707259,0.0303,0.9841,0.1867,1.002
12.983704836,0.0305,0.9828,0.1876,1.001
12.984717836,0.0288,0.9824,0.1871,1.000
12.985578875,0.0296,0.9806,0.1886,0.999
12.98660699,0.0288,0.9799,0.1901,0.999
12.987661413,0.0274,0.9811,0.1906,1.000
12.988954952,0.0281,0.9811,0.1903,1.000
13.002705259,0.0276,0.9814,0.1920,1.000
13.004412798,0.0283,0.9806,0.1935,1.000
13.005990183,0.0279,0.9794,0.1937,0.999
13.007280452,0.0288,0.9802,0.1932,0.999
13.008301952,0.0303,0.9797,0.1930,0.999
13.009416298,0.0303,0.9787,0.1928,0.998
13.010586913,0.0298,0.9782,0.1925,0.997
13.011416644,0.0308,0.9775,0.1920,0.997
13.012681336,0.0322,0.9777,0.1930,0.997
13.013385067,0.0325,0.9802,0.1940,1.000
13.014434375,0.0325,0.9797,0.1940,0.999
13.015334606,0.0352,0.9787,0.1945,0.998
13.016327029,0.0337,0.9782,0.1942,0.998
13.017157798,0.0327,0.9772,0.1920,0.996
13.018095759,0.0320,0.9782,0.1920,0.997
13.019832952,0.0325,0.9782,0.1915,0.997
13.023559413,0.0335,0.9782,0.1908,0.997
13.025014913,0.0354,0.9775,0.1923,0.997
13.026092644,0.0357,0.9770,0.1910,0.996
13.028234067,0.0344,0.9760,0.1886,0.995
13.030210144,0.0335,0.9758,0.1893,0.995
13.031871606,0.0330,0.9745,0.1879,0.993
13.033747759,0.0342,0.9755,0.1888,0.994
13.035898875,0.0340,0.9755,0.1874,0.994
13.038839567,0.0332,0.9738,0.1854,0.992
13.040385567,0.0327,0.9743,0.1847,0.992
13.041909952,0.0322,0.9750,0.1845,0.993
13.043652298,0.0335,0.9738,0.1823,0.991
13.045580298,0.0340,0.9745,0.1825,0.992
13.047801952,0.0330,0.9733,0.1813,0.991
13.049684106,0.0320,0.9726,0.1798,0.990
13.051722182,0.0325,0.9719,0.1791,0.989
13.053660029,0.0322,0.9733,0.1791,0.990
13.056958298,0.0325,0.9731,0.1791,0.990
13.058608913,0.0325,0.9723,0.1793,0.989
13.059850106,0.0340,0.9719,0.1801,0.989
13.061338606,0.0330,0.9716,0.1798,0.989
13.063549606,0.0322,0.9711,0.1801,0.988
13.065494682,0.0327,0.9723,0.1796,0.989
13.067811913,0.0310,0.9733,0.1801,0.990
13.06951249,0.0315,0.9726,0.1798,0.990
13.080265606,0.0313,0.9738,0.1801,0.991
13.08182449,0.0313,0.9736,0.1791,0.990
13.082837182,0.0315,0.9745,0.1793,0.991
13.083931298,0.0330,0.9755,0.1798,0.992
13.085190336,0.0315,0.9748,0.1791,0.992
13.086084298,0.0330,0.9745,0.1793,0.991
13.087129529,0.0318,0.9750,0.1786,0.992
13.087927144,0.0318,0.9767,0.1808,0.994
13.089396682,0.0320,0.9777,0.1810,0.995
13.090828836,0.0320,0.9777,0.1813,0.995
13.09153299,0.0335,0.9762,0.1801,0.993
13.103664067,0.0344,0.9760,0.1791,0.993
13.105272682,0.0332,0.9772,0.1810,0.994
13.106607721,0.0332,0.9784,0.1813,0.996
13.107548413,0.0349,0.9792,0.1808,0.996
13.108590606,0.0352,0.9777,0.1810,0.995
13.109598067,0.0347,0.9775,0.1808,0.995
13.110643798,0.0354,0.9772,0.1803,0.994
13.11157249,0.0335,0.9782,0.1803,0.995
13.112295452,0.0340,0.9794,0.1803,0.996
13.113117259,0.0340,0.9819,0.1815,0.999
13.113883606,0.0357,0.9819,0.1786,0.999
13.115066567,0.0362,0.9831,0.1786,1.000
13.116653759,0.0359,0.9826,0.1796,1.000
13.118733798,0.0362,0.9826,0.1791,0.999
13.121800529,0.0359,0.9836,0.1791,1.000
13.123124759,0.0344,0.9824,0.1801,0.999
13.125590721,0.0352,0.9826,0.1796,0.999
13.127166029,0.0342,0.9816,0.1810,0.999
13.128558875,0.0340,0.9826,0.1823,1.000
13.13064799,0.0374,0.9838,0.1810,1.001
13.132716644,0.0384,0.9858,0.1815,1.003
13.134540375,0.0384,0.9850,0.1805,1.002
13.136655644,0.0379,0.9848,0.1813,1.002
13.139177952,0.0376,0.9848,0.1805,1.002
13.140320952,0.0369,0.9850,0.1810,1.002
13.14229999,0.0384,0.9850,0.1801,1.002
13.144224721,0.0386,0.9850,0.1786,1.002
13.146162336,0.0376,0.9848,0.1801,1.002
13.148311682,0.0386,0.9836,0.1805,1.001
13.150090913,0.0384,0.9831,0.1798,1.000
13.152350182,0.0379,0.9833,0.1788,1.000
13.154206336,0.0388,0.9831,0.1805,1.000
13.156629298,0.0396,0.9821,0.1815,1.000
13.157993759,0.0381,0.9824,0.1808,1.000
13.160054452,0.0381,0.9824,0.1810,1.000
13.162029567,0.0393,0.9819,0.1801,0.999
13.164002221,0.0393,0.9814,0.1805,0.999
13.166196029,0.0388,0.9809,0.1805,0.998
13.168361913,0.0381,0.9814,0.1815,0.999
13.170022105,0.0376,0.9809,0.1823,0.998
13.179555029,0.0384,0.9794,0.1820,0.997
13.180996298,0.0388,0.9782,0.1818,0.996
13.181985567,0.0406,0.9784,0.1825,0.996
13.183212067,0.0393,0.9792,0.1825,0.997
13.184298952,0.0376,0.9787,0.1820,0.996
13.200974067,0.0371,0.9792,0.1820,0.997
13.202621721,0.0376,0.9789,0.1803,0.996
13.203530259,0.0386,0.9782,0.1798,0.995
13.204516105,0.0401,0.9772,0.1803,0.995
13.205713529,0.0396,0.9770,0.1823,0.995
13.207025452,0.0388,0.9775,0.1823,0.995
13.208014336,0.0381,0.9772,0.1810,0.995
13.209167913,0.0376,0.9770,0.1813,0.994
13.21020299,0.0374,0.9765,0.1815,0.994
13.211124452,0.0366,0.9758,0.1803,0.993
13.212085875,0.0362,0.9758,0.1808,0.993
13.213641105,0.0371,0.9765,0.1803,0.994
13.214571029,0.0374,0.9772,0.1815,0.995
13.215455105,0.0381,0.9767,0.1815,0.994
13.216296759,0.0376,0.9755,0.1813,0.993
13.217025067,0.0362,0.9755,0.1805,0.993
13.218026644,0.0364,0.9772,0.1818,0.995
13.218932913,0.0364,0.9784,0.1827,0.996
13.219790875,0.0374,0.9792,0.1825,0.997
13.220719875,0.0391,0.9797,0.1815,0.997
13.221776105,0.0376,0.9777,0.1808,0.995
13.224882221,0.0364,0.9780,0.1820,0.995
13.226338413,0.0362,0.9772,0.1832,0.995
13.232570836,0.0366,0.9770,0.1832,0.995
13.233487836,0.0359,0.9762,0.1827,0.994
13.234250875,0.0366,0.9767,0.1832,0.994
13.235304182,0.0364,0.9767,0.1827,0.994
13.236075144,0.0354,0.9777,0.1827,0.995
13.237264721,0.0362,0.9760,0.1830,0.994
13.240469913,0.0344,0.9760,0.1823,0.993
13.242097528,0.0327,0.9765,0.1835,0.994
13.243331567,0.0327,0.9765,0.1830,0.994
13.245053259,0.0322,0.9782,0.1823,0.996
13.247071336,0.0313,0.9772,0.1815,0.994
13.248910567,0.0318,0.9765,0.1810,0.994
13.250962759,0.0310,0.9753,0.1798,0.992
13.252970028,0.0325,0.9758,0.1793,0.993
13.256019298,0.0320,0.9770,0.1803,0.994
13.257649798,0.0313,0.9782,0.1786,0.995
13.259472413,0.0308,0.9782,0.1788,0.995
13.260971528,0.0315,0.9770,0.1798,0.994
13.262703413,0.0313,0.9765,0.1798,0.993
13.265019067,0.0318,0.9772,0.1796,0.994
13.266741952,0.0303,0.9792,0.1781,0.996
13.26884949,0.0296,0.9789,0.1796,0.996
13.270718413,0.0305,0.9777,0.1781,0.994
13.281051298,0.0310,0.9777,0.1791,0.994
13.282850028,0.0298,0.9767,0.1791,0.993
13.283953759,0.0293,0.9775,0.1776,0.994
13.285141028,0.0298,0.9775,0.1776,0.994
13.286674798,0.0320,0.9775,0.1788,0.994
13.287403336,0.0318,0.9772,0.1791,0.994
13.302351221,0.0310,0.9767,0.1801,0.994
13.303232836,0.0305,0.9760,0.1810,0.993
13.303695028,0.0308,0.9765,0.1830,0.994
13.304151875,0.0303,0.9760,0.1842,0.994
13.304557952,0.0305,0.9760,0.1859,0.994
13.304964644,0.0313,0.9770,0.1874,0.995
13.305380567,0.0310,0.9777,0.1893,0.996
13.305782644,0.0318,0.9762,0.1910,0.995
13.306177605,0.0320,0.9762,0.1901,0.995
13.306628875,0.0325,0.9753,0.1901,0.994
13.307044875,0.0332,0.9750,0.1891,0.994
13.307447836,0.0359,0.9755,0.1869,0.994
13.307840682,0.0344,0.9755,0.1852,0.994
13.310194452,0.0337,0.9755,0.1837,0.993
13.311965759,0.0335,0.9767,0.1793,0.994
13.313870144,0.0335,0.9765,0.1759,0.993
13.316005644,0.0335,0.9767,0.1754,0.993
13.317790182,0.0315,0.9767,0.1717,0.992
13.320022375,0.0320,0.9782,0.1695,0.993
13.322935605,0.0332,0.9784,0.1683,0.993
13.324986528,0.0344,0.9787,0.1691,0.994
13.32571149,0.0335,0.9775,0.1705,0.993
13.327731952,0.0300,0.9789,0.1749,0.995
13.329676759,0.0283,0.9792,0.1764,0.995
13.331652605,0.0291,0.9797,0.1798,0.996
13.333468298,0.0293,0.9809,0.1835,0.998
13.335474836,0.0300,0.9802,0.1837,0.998
13.339048952,0.0300,0.9811,0.1830,0.999
13.339667182,0.0303,0.9797,0.1813,0.997
13.341637259,0.0305,0.9794,0.1796,0.996
13.343706567,0.0296,0.9802,0.1781,0.997
13.345499413,0.0300,0.9809,0.1776,0.997
13.347470028,0.0310,0.9806,0.1798,0.997
13.349375028,0.0303,0.9799,0.1845,0.998
13.351602413,0.0308,0.9794,0.1876,0.998
13.353372836,0.0276,0.9806,0.1937,1.000
13.355955721,0.0274,0.9806,0.1974,1.001
13.357700605,0.0291,0.9794,0.2001,1.000
13.359715951,0.0318,0.9784,0.2045,1.000
13.361327259,0.0325,0.9780,0.2064,1.000
13.363382951,0.0325,0.9777,0.2084,1.000
13.365233951,0.0332,0.9770,0.2099,1.000
13.367451375,0.0335,0.9780,0.2106,1.001
13.36918599,0.0340,0.9780,0.2116,1.001
13.380389413,0.0354,0.9784,0.2108,1.002
13.382133298,0.0371,0.9782,0.2091,1.001
13.383535451,0.0376,0.9787,0.2057,1.001
13.384643182,0.0374,0.9784,0.2045,1.000
13.385924067,0.0374,0.9777,0.2018,0.999
13.386866336,0.0384,0.9765,0.1991,0.997
13.38802349,0.0384,0.9780,0.1962,0.998
13.389146644,0.0376,0.9804,0.1910,1.000
13.390124067,0.0371,0.9811,0.1881,1.000
13.39135049,0.0364,0.9802,0.1810,0.997
13.392625375,0.0349,0.9789,0.1766,0.995
13.393780067,0.0342,0.9792,0.1744,0.995
13.394879028,0.0342,0.9819,0.1705,0.997
13.402692375,0.0318,0.9814,0.1666,0.996
13.404137105,0.0310,0.9806,0.1642,0.995
13.405435182,0.0293,0.9843,0.1615,0.998
13.406658759,0.0281,0.9843,0.1612,0.998
13.407965182,0.0257,0.9853,0.1608,0.999
13.409131759,0.0249,0.9838,0.1583,0.997
13.409958067,0.0254,0.9846,0.1586,0.998
13.410942182,0.0264,0.9838,0.1600,0.997
13.414241028,0.0259,0.9826,0.1622,0.996
13.416765182,0.0266,0.9814,0.1615,0.995
13.418696836,0.0286,0.9806,0.1615,0.994
13.42006649,0.0286,0.9802,0.1622,0.994
13.421979067,0.0300,0.9797,0.1639,0.994
13.42497849,0.0340,0.9787,0.1652,0.993
13.425672259,0.0342,0.9787,0.1656,0.993
13.426751413,0.0335,0.9772,0.1698,0.992
13.428193105,0.0335,0.9762,0.1708,0.992
13.430321644,0.0352,0.9772,0.1708,0.993
13.432422105,0.0347,0.9767,0.1747,0.993
13.434313875,0.0349,0.9762,0.1761,0.993
13.436110221,0.0352,0.9762,0.1783,0.993
13.439488951,0.0357,0.9770,0.1798,0.994
13.440165067,0.0357,0.9787,0.1830,0.996
13.442131567,0.0352,0.9789,0.1859,0.997
13.444026644,0.0349,0.9784,0.1874,0.997
13.446004721,0.0344,0.9770,0.1903,0.996
13.448251259,0.0354,0.9767,0.1947,0.997
13.449804798,0.0347,0.9755,0.1959,0.996
13.452030567,0.0354,0.9760,0.1959,0.996
13.454586567,0.0357,0.9767,0.1974,0.997
13.457148759,0.0354,0.9767,0.2008,0.998
13.458096644,0.0347,0.9755,0.2050,0.997
13.461292836,0.0337,0.9753,0.2055,0.997
13.461588528,0.0347,0.9750,0.2067,0.997
13.463693298,0.0354,0.9745,0.2060,0.997
13.465675451,0.0359,0.9765,0.2067,0.999
13.467730105,0.0357,0.9789,0.2064,1.001
13.469705874,0.0357,0.9784,0.2072,1.001
13.475006413,0.0362,0.9782,0.2072,1.001
13.475571067,0.0344,0.9794,0.2067,1.002
13.475835413,0.0352,0.9782,0.2064,1.000
13.47767899,0.0369,0.9780,0.2055,1.000
13.479770721,0.0362,0.9784,0.2047,1.000
13.481495259,0.0349,0.9775,0.2040,0.999
13.483846951,0.0347,0.9806,0.2038,1.002
13.485696182,0.0344,0.9792,0.2023,1.000
13.487396259,0.0342,0.9772,0.2016,0.998
13.496934144,0.0344,0.9772,0.2003,0.998
13.497545451,0.0335,0.9777,0.1986,0.998
13.497811721,0.0322,0.9767,0.1962,0.997
13.498041951,0.0325,0.9770,0.1945,0.997
13.498273298,0.0322,0.9782,0.1925,0.997
13.499419067,0.0313,0.9777,0.1920,0.997
13.501155682,0.0313,0.9770,0.1923,0.996
13.50338149,0.0320,0.9767,0.1915,0.996
13.505598413,0.0320,0.9772,0.1898,0.996
13.507350298,0.0320,0.9762,0.1886,0.995
13.509057721,0.0296,0.9770,0.1862,0.995
13.511131259,0.0308,0.9765,0.1859,0.995
13.51307449,0.0305,0.9762,0.1867,0.994
13.515180028,0.0308,0.9758,0.1874,0.994
13.517204951,0.0315,0.9762,0.1869,0.994
13.519153874,0.0315,0.9762,0.1886,0.995
13.521070374,0.0305,0.9762,0.1896,0.995
13.523531298,0.0305,0.9755,0.1893,0.994
13.527359028,0.0320,0.9760,0.1896,0.995
13.528062798,0.0327,0.9760,0.1898,0.995
13.529092336,0.0335,0.9755,0.1908,0.995
13.531057182,0.0322,0.9755,0.1918,0.995
13.533046798,0.0322,0.9750,0.1918,0.994
13.534938567,0.0298,0.9748,0.1898,0.994
13.536869259,0.0310,0.9745,0.1896,0.993
13.539552028,0.0327,0.9750,0.1910,0.994
13.541581259,0.0332,0.9733,0.1910,0.992
13.542953528,0.0340,0.9745,0.1903,0.994
13.544960067,0.0344,0.9760,0.1918,0.995
13.546907451,0.0335,0.9765,0.1925,0.996
13.548991798,0.0330,0.9750,0.1913,0.994
13.550888874,0.0318,0.9733,0.1925,0.993
13.552915298,0.0318,0.9733,0.1937,0.993
13.556606067,0.0322,0.9755,0.1940,0.995
13.557944913,0.0322,0.9755,0.1920,0.995
13.559860413,0.0322,0.9750,0.1918,0.994
13.560921913,0.0315,0.9748,0.1935,0.994
13.56273399,0.0315,0.9755,0.1932,0.995
13.564955605,0.0320,0.9748,0.1945,0.995
13.566727259,0.0303,0.9740,0.1945,0.994
13.568863413,0.0303,0.9743,0.1954,0.994
13.570693374,0.0303,0.9753,0.1984,0.996
13.579619336,0.0283,0.9762,0.1989,0.997
13.580996067,0.0286,0.9758,0.1986,0.996
13.581878528,0.0261,0.9748,0.2001,0.995
13.583092836,0.0266,0.9743,0.2011,0.995
13.584079836,0.0264,0.9745,0.1974,0.995
13.585009682,0.0279,0.9762,0.1967,0.996
13.585705259,0.0283,0.9765,0.1954,0.996
13.586785721,0.0283,0.9792,0.1940,0.999
13.601220605,0.0283,0.9789,0.1940,0.998
13.602755144,0.0283,0.9782,0.1940,0.998
13.603594682,0.0286,0.9787,0.1910,0.998
13.604532951,0.0291,0.9789,0.1906,0.998
13.605682451,0.0298,0.9799,0.1928,0.999
13.607188221,0.0305,0.9816,0.1925,1.001
13.608379605,0.0327,0.9816,0.1925,1.001
13.609238605,0.0337,0.9819,0.1913,1.001
13.610209528,0.0352,0.9814,0.1910,1.000
13.611079913,0.0349,0.9809,0.1893,1.000
13.612002528,0.0352,0.9814,0.1884,1.000
13.612812413,0.0347,0.9819,0.1884,1.000
13.613500721,0.0349,0.9831,0.1888,1.002
13.614466259,0.0349,0.9819,0.1881,1.000
13.617152836,0.0337,0.9831,0.1876,1.001
13.618669182,0.0322,0.9838,0.1874,1.002
13.619943567,0.0313,0.9846,0.1879,1.003
13.625774067,0.0310,0.9843,0.1886,1.003
13.627301644,0.0320,0.9831,0.1876,1.001
13.628254221,0.0322,0.9833,0.1874,1.002
13.629408259,0.0320,0.9824,0.1893,1.001
13.63024699,0.0327,0.9828,0.1898,1.002
13.631740874,0.0344,0.9826,0.1879,1.001
13.633595951,0.0352,0.9824,0.1896,1.001
13.635847797,0.0344,0.9833,0.1898,1.002
13.637926605,0.0337,0.9828,0.1893,1.001
13.641303182,0.0352,0.9826,0.1884,1.001
13.642776374,0.0357,0.9821,0.1879,1.001
13.644515374,0.0362,0.9821,0.1901,1.001
13.645584797,0.0362,0.9811,0.1893,1.000
13.647647413,0.0362,0.9814,0.1896,1.000
13.649607874,0.0359,0.9819,0.1886,1.000
13.651591644,0.0349,0.9821,0.1893,1.001
13.653562259,0.0352,0.9809,0.1886,0.999
13.65683799,0.0344,0.9814,0.1903,1.000
13.658301413,0.0335,0.9811,0.1901,1.000
13.660497605,0.0327,0.9802,0.1884,0.999
13.661785836,0.0330,0.9797,0.1884,0.998
13.663583413,0.0325,0.9806,0.1879,0.999
13.665670297,0.0313,0.9821,0.1888,1.001
13.667613682,0.0313,0.9821,0.1898,1.001
13.669484721,0.0310,0.9819,0.1903,1.001
13.671492528,0.0288,0.9806,0.1903,0.999
13.680969374,0.0305,0.9804,0.1896,0.999
13.682385259,0.0315,0.9802,0.1886,0.999
13.68367072,0.0308,0.9802,0.1888,0.999
13.684662374,0.0296,0.9804,0.1886,0.999
13.685700182,0.0305,0.9802,0.1888,0.999
13.68648349,0.0300,0.9794,0.1893,0.998
13.68743672,0.0325,0.9784,0.1881,0.997
13.688942182,0.0330,0.9789,0.1884,0.997
13.690126797,0.0340,0.9787,0.1886,0.997
13.691079413,0.0335,0.9789,0.1901,0.998
13.702332913,0.0335,0.9780,0.1906,0.997
13.702928874,0.0340,0.9772,0.1903,0.996
13.70317849,0.0325,0.9777,0.1879,0.996
13.70341799,0.0332,0.9784,0.1888,0.997
13.703659336,0.0327,0.9775,0.1893,0.996
13.703883451,0.0327,0.9767,0.1906,0.996
13.70498922,0.0322,0.9780,0.1903,0.997
13.714038182,0.0305,0.9787,0.1915,0.998
13.71468249,0.0300,0.9780,0.1923,0.997
13.714945182,0.0318,0.9765,0.1918,0.996
13.715187105,0.0300,0.9765,0.1913,0.996
13.715417797,0.0308,0.9767,0.1910,0.996
13.71676799,0.0308,0.9745,0.1908,0.994
13.718437951,0.0291,0.9755,0.1928,0.995
13.720424567,0.0293,0.9755,0.1935,0.995
13.723157682,0.0274,0.9736,0.1932,0.993
13.724785836,0.0276,0.9740,0.1920,0.993
13.726637067,0.0271,0.9736,0.1906,0.992
13.728492144,0.0264,0.9743,0.1903,0.993
13.730463644,0.0286,0.9743,0.1901,0.993
13.732665644,0.0283,0.9745,0.1906,0.993
13.734553951,0.0279,0.9745,0.1903,0.993
13.736398413,0.0264,0.9762,0.1893,0.995
13.73975072,0.0279,0.9760,0.1888,0.994
13.740837874,0.0276,0.9753,0.1888,0.994
13.742190605,0.0244,0.9755,0.1874,0.994
13.744350682,0.0244,0.9765,0.1874,0.995
13.746366067,0.0266,0.9767,0.1857,0.995
13.748396374,0.0264,0.9784,0.1852,0.996
13.75028372,0.0257,0.9787,0.1854,0.996
13.752486913,0.0254,0.9794,0.1840,0.997
13.754223105,0.0249,0.9787,0.1835,0.996
13.757251913,0.0249,0.9787,0.1818,0.996
13.75897822,0.0257,0.9787,0.1798,0.995
13.76063599,0.0261,0.9789,0.1798,0.996
13.762360913,0.0259,0.9794,0.1803,0.996
13.764432682,0.0257,0.9784,0.1798,0.995
13.76617099,0.0261,0.9794,0.1791,0.996
13.768242028,0.0274,0.9802,0.1788,0.997
13.770136067,0.0276,0.9802,0.1791,0.997
13.780187413,0.0274,0.9797,0.1801,0.996
13.781609913,0.0269,0.9794,0.1796,0.996
13.782704874,0.0274,0.9794,0.1774,0.996
13.783581643,0.0288,0.9799,0.1764,0.996
13.784571759,0.0308,0.9799,0.1771,0.996
13.785422259,0.0300,0.9797,0.1771,0.996
13.786309143,0.0308,0.9802,0.1786,0.997
13.787409797,0.0300,0.9804,0.1793,0.997
13.787882259,0.0303,0.9802,0.1798,0.997
13.804352836,0.0308,0.9804,0.1798,0.997
13.80525422,0.0310,0.9802,0.1786,0.997
13.805686797,0.0340,0.9784,0.1776,0.995
13.806662874,0.0347,0.9772,0.1793,0.994
13.80710272,0.0352,0.9770,0.1793,0.994
13.807521451,0.0349,0.9792,0.1801,0.996
13.807969028,0.0349,0.9794,0.1808,0.997
13.80837049,0.0349,0.9792,0.1815,0.996
13.808776605,0.0359,0.9802,0.1813,0.997
13.809179105,0.0362,0.9794,0.1818,0.997
13.809578874,0.0359,0.9784,0.1815,0.996
13.811725259,0.0357,0.9777,0.1832,0.995
13.813686836,0.0354,0.9784,0.1832,0.996
13.815649682,0.0347,0.9792,0.1827,0.997
13.817595374,0.0354,0.9787,0.1835,0.996
13.81965599,0.0359,0.9777,0.1830,0.995
13.821657297,0.0344,0.9765,0.1847,0.994
13.824232451,0.0347,0.9777,0.1845,0.996
13.825425528,0.0349,0.9775,0.1859,0.996
13.827487836,0.0344,0.9770,0.1867,0.995
13.829324836,0.0344,0.9775,0.1876,0.996
13.83140272,0.0330,0.9787,0.1842,0.996
13.833413836,0.0330,0.9789,0.1837,0.997
13.835727682,0.0322,0.9780,0.1849,0.996
13.837280028,0.0315,0.9777,0.1874,0.996
13.840601413,0.0313,0.9782,0.1876,0.997
13.841798836,0.0325,0.9802,0.1879,0.999
13.843666643,0.0315,0.9794,0.1864,0.998
13.845207874,0.0310,0.9799,0.1849,0.998
13.847126913,0.0298,0.9789,0.1842,0.997
13.849085451,0.0298,0.9777,0.1847,0.995
13.851118567,0.0318,0.9770,0.1840,0.995
13.853134105,0.0303,0.9792,0.1835,0.997
13.855155528,0.0303,0.9799,0.1837,0.997
13.857778259,0.0320,0.9804,0.1845,0.998
13.859150451,0.0310,0.9804,0.1842,0.998
13.860933913,0.0305,0.9804,0.1830,0.998
13.863000182,0.0308,0.9784,0.1837,0.996
13.864764643,0.0320,0.9784,0.1832,0.996
13.866804105,0.0320,0.9804,0.1825,0.998
13.869008105,0.0322,0.9802,0.1825,0.998
13.870768913,0.0318,0.9806,0.1825,0.998
13.880162951,0.0313,0.9811,0.1808,0.998
13.881427413,0.0310,0.9816,0.1803,0.999
13.882244374,0.0315,0.9811,0.1803,0.998
13.883256759,0.0315,0.9814,0.1798,0.998
13.884183913,0.0318,0.9804,0.1803,0.997
13.885185643,0.0310,0.9806,0.1769,0.997
13.885994913,0.0325,0.9814,0.1764,0.998
13.88699422,0.0327,0.9816,0.1786,0.998
13.888717951,0.0325,0.9799,0.1791,0.997
13.90048772,0.0327,0.9794,0.1798,0.996
13.901715759,0.0337,0.9816,0.1798,0.999
13.90268099,0.0330,0.9816,0.1805,0.999
13.903422913,0.0335,0.9816,0.1803,0.999
13.904389643,0.0327,0.9794,0.1810,0.997
13.905387066,0.0325,0.9797,0.1818,0.997
13.906409605,0.0313,0.9811,0.1825,0.998
13.907602336,0.0325,0.9816,0.1818,0.999
13.908593066,0.0325,0.9809,0.1813,0.998
13.909366874,0.0330,0.9794,0.1830,0.997
13.911655066,0.0330,0.9802,0.1818,0.997
13.913112605,0.0327,0.9797,0.1813,0.997
13.914284105,0.0322,0.9802,0.1815,0.997
13.916537874,0.0318,0.9802,0.1818,0.997
13.918734336,0.0342,0.9806,0.1830,0.998
13.920273182,0.0340,0.9806,0.1832,0.998
13.924051297,0.0335,0.9806,0.1849,0.998
13.925667259,0.0330,0.9797,0.1837,0.997
13.927174643,0.0322,0.9797,0.1815,0.997
13.928520259,0.0327,0.9804,0.1805,0.997
13.929983374,0.0347,0.9814,0.1823,0.999
13.932018605,0.0354,0.9814,0.1825,0.999
13.933962336,0.0330,0.9792,0.1827,0.997
13.936054874,0.0320,0.9787,0.1801,0.996
13.937862951,0.0330,0.9789,0.1793,0.996
13.940899643,0.0320,0.9784,0.1796,0.995
13.94271422,0.0320,0.9782,0.1791,0.995
13.944050528,0.0335,0.9765,0.1783,0.993
13.946024874,0.0332,0.9770,0.1791,0.994
13.94807572,0.0325,0.9762,0.1783,0.993
13.95007699,0.0318,0.9760,0.1766,0.992
13.952019759,0.0305,0.9743,0.1759,0.991
13.953732836,0.0296,0.9740,0.1759,0.990
13.957343836,0.0310,0.9748,0.1757,0.991
13.959054182,0.0320,0.9750,0.1754,0.991
13.960434682,0.0313,0.9736,0.1759,0.990
13.961774566,0.0315,0.9745,0.1757,0.991
13.963869566,0.0318,0.9745,0.1744,0.991
13.965736143,0.0332,0.9758,0.1739,0.992
13.967798028,0.0318,0.9755,0.1764,0.992
13.969774028,0.0322,0.9772,0.1771,0.994
13.971799143,0.0313,0.9765,0.1783,0.993
13.981934259,0.0298,0.9760,0.1788,0.993
13.983588066,0.0293,0.9765,0.1786,0.993
13.984599913,0.0291,0.9765,0.1823,0.994
13.985676874,0.0305,0.9772,0.1832,0.995
13.986970259,0.0342,0.9772,0.1796,0.994
13.987509913,0.0340,0.9772,0.1783,0.994
13.988605605,0.0342,0.9792,0.1774,0.996
13.988891451,0.0349,0.9789,0.1742,0.995
14.000903643,0.0354,0.9792,0.1735,0.995
14.00148472,0.0352,0.9802,0.1693,0.995
14.001864182,0.0359,0.9816,0.1639,0.996
14.002102759,0.0357,0.9814,0.1612,0.995
14.002333451,0.0359,0.9799,0.1583,0.993
14.002608528,0.0359,0.9814,0.1561,0.994
14.002831836,0.0369,0.9826,0.1542,0.995
14.003059143,0.0371,0.9826,0.1556,0.996
14.004956297,0.0359,0.9838,0.1573,0.997
14.008999836,0.0357,0.9848,0.1608,0.998
14.009472913,0.0349,0.9848,0.1630,0.999
14.011082182,0.0325,0.9853,0.1683,1.000
14.012887259,0.0325,0.9855,0.1720,1.001
14.014977797,0.0330,0.9850,0.1725,1.001
14.016665259,0.0322,0.9841,0.1735,1.000
14.018645682,0.0315,0.9841,0.1735,1.000
14.020793643,0.0332,0.9826,0.1747,0.999
14.023665682,0.0340,0.9831,0.1737,0.999
14.024632528,0.0337,0.9824,0.1744,0.998
14.026636143,0.0337,0.9806,0.1769,0.997
14.028625297,0.0327,0.9794,0.1803,0.996
14.030535605,0.0325,0.9799,0.1823,0.997
14.032575797,0.0305,0.9804,0.1888,0.999
14.034579759,0.0305,0.9802,0.1923,0.999
14.03662772,0.0327,0.9784,0.1967,0.999
14.038607951,0.0318,0.9765,0.2003,0.997
14.041272759,0.0313,0.9775,0.2033,0.999
14.042674605,0.0340,0.9794,0.2091,1.002
14.044565182,0.0357,0.9784,0.2113,1.002
14.04668122,0.0362,0.9772,0.2128,1.001
14.048253643,0.0369,0.9762,0.2123,1.000
14.050258528,0.0371,0.9753,0.2128,0.999
14.052481566,0.0354,0.9753,0.2116,0.999
14.054558682,0.0371,0.9740,0.2106,0.997
14.057266182,0.0379,0.9750,0.2081,0.998
14.059038951,0.0381,0.9753,0.2033,0.997
14.060205528,0.0391,0.9755,0.2011,0.997
14.062227874,0.0396,0.9760,0.1962,0.996
14.064359259,0.0406,0.9772,0.1898,0.996
14.066101489,0.0415,0.9775,0.1859,0.996
14.068252528,0.0398,0.9760,0.1793,0.993
14.070045951,0.0386,0.9784,0.1720,0.994
14.072398489,0.0384,0.9794,0.1688,0.995
14.081835874,0.0391,0.9804,0.1620,0.994
14.083217759,0.0388,0.9811,0.1581,0.995
14.084141413,0.0366,0.9816,0.1534,0.994
14.085092874,0.0315,0.9821,0.1485,0.994
14.086011451,0.0318,0.9831,0.1463,0.994
14.08890572,0.0313,0.9831,0.1446,0.994
14.090256451,0.0293,0.9846,0.1402,0.995
14.091533028,0.0279,0.9846,0.1385,0.995
14.092529374,0.0259,0.9858,0.1368,0.996
14.093266489,0.0259,0.9858,0.1378,0.996
14.094209259,0.0266,0.9850,0.1397,0.995
14.100656374,0.0274,0.9843,0.1393,0.994
14.102154182,0.0281,0.9846,0.1397,0.995
14.103177566,0.0293,0.9848,0.1402,0.995
14.104069412,0.0291,0.9855,0.1415,0.996
14.108732066,0.0308,0.9853,0.1437,0.996
14.110255874,0.0322,0.9855,0.1456,0.997
14.111196797,0.0330,0.9863,0.1468,0.998
14.112007451,0.0322,0.9853,0.1507,0.997
14.114803566,0.0340,0.9858,0.1556,0.999
14.115878374,0.0335,0.9843,0.1581,0.997
14.116771566,0.0320,0.9843,0.1630,0.998
14.11785872,0.0305,0.9848,0.1654,0.999
14.119601759,0.0296,0.9846,0.1713,1.000
14.121536451,0.0296,0.9836,0.1766,1.000
14.124790336,0.0286,0.9836,0.1791,1.000
14.126795066,0.0269,0.9826,0.1847,1.000
14.127881912,0.0261,0.9831,0.1881,1.001
14.12938772,0.0259,0.9833,0.1901,1.002
14.13145072,0.0264,0.9831,0.1947,1.003
14.133491412,0.0274,0.9821,0.1967,1.002
14.135418566,0.0259,0.9811,0.2003,1.002
14.137254836,0.0242,0.9799,0.2011,1.001
14.141003066,0.0237,0.9797,0.2023,1.001
14.142486566,0.0244,0.9789,0.2035,1.000
14.143714182,0.0239,0.9782,0.2030,0.999
14.145310605,0.0232,0.9789,0.2023,1.000
14.147058336,0.0237,0.9762,0.2030,0.997
14.149148528,0.0237,0.9760,0.2025,0.997
14.151177066,0.0247,0.9782,0.2016,0.999
14.15307422,0.0264,0.9797,0.2001,1.000
14.155200836,0.0264,0.9799,0.1991,1.000
14.158320105,0.0259,0.9794,0.1984,1.000
14.160022797,0.0259,0.9792,0.1986,0.999
14.161284105,0.0244,0.9802,0.1969,1.000
14.163005605,0.0257,0.9784,0.1950,0.998
14.16508372,0.0259,0.9789,0.1932,0.998
14.167006643,0.0244,0.9814,0.1910,1.000
14.168908412,0.0254,0.9814,0.1854,0.999
14.170828489,0.0257,0.9819,0.1847,0.999
14.181664874,0.0237,0.9806,0.1832,0.998
14.183389259,0.0242,0.9804,0.1820,0.997
14.184387182,0.0247,0.9809,0.1781,0.997
14.185419643,0.0261,0.9799,0.1752,0.996
14.186360836,0.0261,0.9794,0.1749,0.995
14.187395489,0.0259,0.9811,0.1725,0.997
14.200410028,0.0261,0.9819,0.1722,0.997
14.201752874,0.0288,0.9816,0.1703,0.997
14.202719989,0.0288,0.9809,0.1686,0.996
14.204404182,0.0288,0.9802,0.1691,0.995
14.205456605,0.0303,0.9792,0.1669,0.994
14.206685259,0.0291,0.9784,0.1652,0.993
14.207845489,0.0298,0.9777,0.1642,0.992
14.208888989,0.0322,0.9772,0.1642,0.991
14.211061028,0.0327,0.9767,0.1644,0.991
14.211825989,0.0327,0.9743,0.1652,0.989
14.212831528,0.0332,0.9753,0.1639,0.990
14.213560951,0.0332,0.9755,0.1637,0.990
14.214634759,0.0330,0.9745,0.1659,0.989
14.215489874,0.0330,0.9740,0.1676,0.989
14.216362528,0.0335,0.9738,0.1676,0.989
14.217210489,0.0340,0.9736,0.1676,0.988
14.217939989,0.0342,0.9728,0.1688,0.988
14.219026335,0.0325,0.9738,0.1703,0.989
14.221506874,0.0313,0.9714,0.1698,0.987
14.222140605,0.0320,0.9719,0.1700,0.987
14.224187797,0.0327,0.9743,0.1710,0.990
14.226016182,0.0325,0.9748,0.1710,0.990
14.228264451,0.0327,0.9748,0.1700,0.990
14.230012682,0.0320,0.9748,0.1708,0.990
14.232032566,0.0327,0.9758,0.1710,0.991
14.233921643,0.0315,0.9762,0.1735,0.992
14.235944489,0.0320,0.9758,0.1761,0.992
14.237819835,0.0305,0.9772,0.1774,0.994
14.240940451,0.0283,0.9765,0.1793,0.993
14.242833182,0.0266,0.9762,0.1823,0.993
14.244092297,0.0259,0.9775,0.1847,0.995
14.245889028,0.0264,0.9772,0.1876,0.995
14.248418412,0.0259,0.9784,0.1893,0.997
14.250077759,0.0247,0.9802,0.1918,0.999
14.252294182,0.0247,0.9777,0.1906,0.996
14.253900835,0.0252,0.9784,0.1910,0.997
14.256028797,0.0264,0.9794,0.1906,0.998
14.258265835,0.0264,0.9792,0.1893,0.998
14.259805874,0.0244,0.9780,0.1879,0.996
14.261566335,0.0244,0.9792,0.1871,0.997
14.263757182,0.0242,0.9802,0.1867,0.998
14.265496066,0.0235,0.9806,0.1820,0.998
14.267746528,0.0244,0.9809,0.1798,0.998
14.269523759,0.0257,0.9809,0.1791,0.997
14.27163472,0.0249,0.9802,0.1783,0.997
14.276333643,0.0247,0.9806,0.1786,0.997
14.276872951,0.0257,0.9841,0.1783,1.000
14.277339182,0.0271,0.9828,0.1742,0.999
14.279654759,0.0279,0.9838,0.1744,1.000
14.281354374,0.0327,0.9826,0.1747,0.999
14.283546182,0.0318,0.9828,0.1739,0.999
14.285277412,0.0310,0.9833,0.1732,0.999
14.287508297,0.0325,0.9824,0.1722,0.998
14.289254835,0.0337,0.9824,0.1715,0.998
14.295447335,0.0320,0.9824,0.1688,0.997
14.29588222,0.0305,0.9833,0.1678,0.998
14.296127374,0.0318,0.9828,0.1673,0.997
14.297198874,0.0327,0.9833,0.1695,0.998
14.299179335,0.0330,0.9828,0.1698,0.998
14.301526605,0.0352,0.9838,0.1683,0.999
14.303315335,0.0352,0.9824,0.1688,0.997
14.304762182,0.0354,0.9824,0.1693,0.997
14.307421605,0.0359,0.9831,0.1695,0.998
14.308936989,0.0366,0.9833,0.1691,0.998
14.311066989,0.0374,0.9838,0.1700,0.999
14.313057682,0.0381,0.9833,0.1678,0.998
14.315113374,0.0379,0.9828,0.1673,0.998
14.316705605,0.0398,0.9836,0.1700,0.999
14.318735143,0.0408,0.9833,0.1683,0.998
14.320782258,0.0391,0.9833,0.1686,0.998
14.323052451,0.0401,0.9833,0.1705,0.999
14.325588682,0.0406,0.9843,0.1705,1.000
14.326835605,0.0384,0.9836,0.1691,0.999
14.328742912,0.0391,0.9843,0.1693,1.000
14.330669797,0.0386,0.9848,0.1710,1.000
14.332728182,0.0374,0.9841,0.1722,1.000
14.334658105,0.0369,0.9850,0.1720,1.001
14.336660258,0.0349,0.9858,0.1722,1.001
14.338717412,0.0330,0.9838,0.1732,0.999
14.341439682,0.0325,0.9836,0.1735,0.999
14.343023451,0.0340,0.9853,0.1732,1.001
14.345132258,0.0332,0.9858,0.1752,1.002
14.346676605,0.0330,0.9855,0.1749,1.001
14.348809566,0.0308,0.9850,0.1735,1.001
14.350477412,0.0298,0.9848,0.1732,1.000
14.352706874,0.0293,0.9841,0.1747,1.000
14.354618912,0.0308,0.9843,0.1730,1.000
14.358126258,0.0310,0.9841,0.1737,1.000
14.359778143,0.0281,0.9836,0.1744,0.999
14.360907335,0.0291,0.9824,0.1749,0.998
14.36239422,0.0300,0.9828,0.1754,0.999
14.364515105,0.0276,0.9831,0.1744,0.999
14.366306528,0.0279,0.9831,0.1749,0.999
14.368786528,0.0298,0.9814,0.1752,0.997
14.370301874,0.0288,0.9811,0.1749,0.997
14.372467182,0.0286,0.9811,0.1754,0.997
14.381968951,0.0283,0.9797,0.1749,0.996
14.383461297,0.0293,0.9794,0.1742,0.995
14.384573797,0.0303,0.9789,0.1744,0.995
14.385613451,0.0300,0.9811,0.1744,0.997
14.386686451,0.0305,0.9816,0.1747,0.998
14.387698451,0.0296,0.9804,0.1730,0.996
14.388933797,0.0293,0.9789,0.1715,0.994
14.390725912,0.0288,0.9782,0.1727,0.994
14.391724297,0.0288,0.9787,0.1727,0.994
14.392576912,0.0288,0.9784,0.1708,0.994
14.401266028,0.0281,0.9780,0.1710,0.993
14.402814335,0.0298,0.9772,0.1708,0.992
14.403793182,0.0298,0.9780,0.1713,0.993
14.404729297,0.0293,0.9797,0.1688,0.995
14.405773989,0.0298,0.9770,0.1691,0.992
14.40701072,0.0298,0.9775,0.1691,0.992
14.408149258,0.0296,0.9780,0.1678,0.993
14.409195951,0.0298,0.9772,0.1676,0.992
14.410232258,0.0298,0.9770,0.1686,0.992
14.412855758,0.0298,0.9780,0.1678,0.993
14.414365682,0.0298,0.9772,0.1681,0.992
14.418436297,0.0293,0.9772,0.1683,0.992
14.419468951,0.0310,0.9777,0.1676,0.992
14.42039822,0.0303,0.9782,0.1678,0.993
14.421830412,0.0315,0.9775,0.1676,0.992
14.424949605,0.0313,0.9772,0.1664,0.992
14.426567181,0.0308,0.9789,0.1652,0.993
14.427788105,0.0318,0.9777,0.1649,0.992
14.429621643,0.0327,0.9787,0.1647,0.993
14.431771874,0.0315,0.9777,0.1654,0.992
14.433544797,0.0310,0.9780,0.1656,0.992
14.435646297,0.0308,0.9782,0.1652,0.993
14.437387258,0.0320,0.9792,0.1652,0.994
14.439488105,0.0322,0.9799,0.1644,0.994
14.442221374,0.0313,0.9799,0.1656,0.994
14.44375872,0.0318,0.9802,0.1649,0.994
14.445393258,0.0322,0.9804,0.1642,0.995
14.447309951,0.0305,0.9811,0.1642,0.995
14.449190066,0.0320,0.9814,0.1637,0.995
14.451361528,0.0327,0.9814,0.1630,0.995
14.453318297,0.0293,0.9799,0.1615,0.994
14.455229951,0.0303,0.9789,0.1615,0.993
14.458771335,0.0318,0.9816,0.1630,0.996
14.46059322,0.0335,0.9826,0.1622,0.996
14.461931451,0.0344,0.9821,0.1620,0.996
14.463287797,0.0342,0.9806,0.1625,0.995
14.465134489,0.0340,0.9802,0.1627,0.994
14.467263528,0.0325,0.9811,0.1617,0.995
14.469188489,0.0330,0.9816,0.1630,0.996
14.471160181,0.0322,0.9816,0.1634,0.996
14.473084066,0.0322,0.9811,0.1649,0.995
14.482466297,0.0320,0.9811,0.1652,0.995
14.483919643,0.0320,0.9814,0.1634,0.995
14.484875951,0.0318,0.9831,0.1620,0.997
14.485786181,0.0318,0.9841,0.1620,0.998
14.486886797,0.0325,0.9838,0.1634,0.998
14.487889374,0.0335,0.9826,0.1637,0.997
14.488157566,0.0344,0.9824,0.1625,0.996
14.488649605,0.0340,0.9828,0.1627,0.997
14.501491297,0.0330,0.9833,0.1637,0.997
14.502093912,0.0320,0.9824,0.1639,0.996
14.502350297,0.0322,0.9824,0.1627,0.996
14.502630258,0.0335,0.9833,0.1637,0.997
14.502857758,0.0344,0.9853,0.1642,0.999
14.503097297,0.0330,0.9855,0.1634,1.000
14.503327297,0.0327,0.9855,0.1639,1.000
14.504451412,0.0337,0.9846,0.1649,0.999
14.506450374,0.0335,0.9850,0.1649,0.999
14.51210772,0.0354,0.9841,0.1639,0.998
14.512651335,0.0342,0.9843,0.1632,0.998
14.512908335,0.0342,0.9850,0.1637,0.999
14.514397797,0.0347,0.9858,0.1644,1.000
14.516657605,0.0354,0.9860,0.1649,1.000
14.518298335,0.0352,0.9870,0.1661,1.001
14.520416681,0.0354,0.9858,0.1664,1.000
14.522279835,0.0357,0.9850,0.1656,1.000
14.524548297,0.0364,0.9846,0.1664,0.999
14.526096835,0.0359,0.9855,0.1642,1.000
14.528322066,0.0354,0.9858,0.1639,1.000
14.530109451,0.0354,0.9850,0.1654,0.999
14.532199566,0.0357,0.9843,0.1661,0.999
14.534035104,0.0357,0.9853,0.1652,1.000
14.536239335,0.0371,0.9841,0.1634,0.998
14.53796022,0.0376,0.9831,0.1630,0.997
14.541481566,0.0374,0.9824,0.1630,0.996
14.542708528,0.0379,0.9824,0.1630,0.996
14.544956874,0.0374,0.9831,0.1627,0.997
14.546031835,0.0364,0.9816,0.1620,0.996
14.548178143,0.0369,0.9814,0.1620,0.995
14.549946297,0.0376,0.9831,0.1620,0.997
14.552086028,0.0369,0.9831,0.1610,0.997
14.55385422,0.0366,0.9826,0.1603,0.996
14.556150181,0.0388,0.9809,0.1605,0.995
14.558835528,0.0381,0.9814,0.1603,0.995
14.560044681,0.0376,0.9806,0.1610,0.994
14.561850181,0.0391,0.9787,0.1588,0.992
14.56397672,0.0393,0.9787,0.1595,0.992
14.565772912,0.0379,0.9787,0.1620,0.993
14.567690297,0.0379,0.9787,0.1600,0.992
14.569734874,0.0388,0.9789,0.1600,0.993
14.571675028,0.0398,0.9789,0.1612,0.993
14.581794758,0.0406,0.9782,0.1608,0.992
14.583283489,0.0406,0.9782,0.1610,0.992
14.584313681,0.0406,0.9777,0.1625,0.992
14.585320951,0.0401,0.9770,0.1617,0.991
14.586382681,0.0408,0.9770,0.1608,0.991
14.587354566,0.0391,0.9767,0.1615,0.991
14.589084258,0.0386,0.9765,0.1600,0.990
14.590438604,0.0384,0.9772,0.1622,0.991
14.591436758,0.0379,0.9787,0.1622,0.993
14.592293104,0.0388,0.9772,0.1610,0.991
14.600721335,0.0371,0.9775,0.1600,0.991
14.602186297,0.0364,0.9782,0.1595,0.992
14.603318489,0.0364,0.9777,0.1586,0.991
14.60415622,0.0362,0.9784,0.1590,0.992
14.605138912,0.0362,0.9792,0.1593,0.993
14.606137297,0.0349,0.9787,0.1573,0.992
14.607479412,0.0357,0.9782,0.1566,0.991
14.608646451,0.0349,0.9789,0.1571,0.992
14.611343066,0.0352,0.9789,0.1566,0.992
14.612792604,0.0359,0.9784,0.1573,0.992
14.613659104,0.0366,0.9765,0.1571,0.990
14.615267835,0.0354,0.9775,0.1581,0.991
14.617169566,0.0347,0.9782,0.1608,0.992
14.619135181,0.0337,0.9802,0.1610,0.994
14.621070412,0.0322,0.9804,0.1622,0.994
14.623232604,0.0335,0.9794,0.1649,0.994
14.626403489,0.0335,0.9782,0.1654,0.993
14.628464874,0.0327,0.9794,0.1649,0.994
14.629772797,0.0327,0.9797,0.1647,0.994
14.631149412,0.0330,0.9806,0.1637,0.995
14.632997989,0.0340,0.9794,0.1600,0.993
14.634998797,0.0342,0.9799,0.1561,0.993
14.636841451,0.0340,0.9802,0.1539,0.993
14.638649297,0.0352,0.9792,0.1515,0.991
14.641434489,0.0354,0.9794,0.1500,0.991
14.642656104,0.0349,0.9804,0.1488,0.992
14.644878258,0.0347,0.9821,0.1451,0.993
14.646890604,0.0347,0.9821,0.1434,0.993
14.648556143,0.0352,0.9846,0.1410,0.995
14.65058072,0.0342,0.9858,0.1422,0.997
14.652706797,0.0342,0.9863,0.1434,0.997
14.654698412,0.0330,0.9865,0.1476,0.998
14.656653489,0.0322,0.9863,0.1498,0.998
14.659594181,0.0305,0.9860,0.1515,0.998
14.660725989,0.0300,0.9877,0.1551,1.000
14.662614297,0.0308,0.9875,0.1576,1.000
14.664633181,0.0296,0.9858,0.1608,0.999
14.666442335,0.0303,0.9841,0.1637,0.998
14.66855172,0.0305,0.9836,0.1642,0.998
14.670615643,0.0310,0.9831,0.1644,0.997
14.672598335,0.0320,0.9821,0.1649,0.996
14.681513643,0.0347,0.9821,0.1654,0.997
14.682621604,0.0349,0.9824,0.1676,0.997
14.683296643,0.0342,0.9821,0.1686,0.997
14.683923643,0.0318,0.9799,0.1739,0.996
14.684629527,0.0315,0.9819,0.1820,0.999
14.685352835,0.0318,0.9819,0.1854,1.000
14.68645422,0.0313,0.9814,0.1940,1.001
14.688539951,0.0305,0.9804,0.1957,1.000
14.701268758,0.0325,0.9789,0.1989,0.999
14.702887297,0.0332,0.9802,0.2006,1.001
14.703840374,0.0325,0.9802,0.2016,1.001
14.704762027,0.0344,0.9780,0.2025,0.999
14.705597374,0.0359,0.9787,0.2020,1.000
14.706823143,0.0362,0.9782,0.2016,0.999
14.707980489,0.0366,0.9772,0.1981,0.998
14.709115604,0.0384,0.9784,0.1952,0.998
14.710365527,0.0393,0.9760,0.1925,0.996
14.711492066,0.0388,0.9762,0.1849,0.994
14.71243122,0.0386,0.9767,0.1813,0.994
14.713255874,0.0379,0.9784,0.1749,0.995
14.714163143,0.0376,0.9787,0.1671,0.994
14.717079604,0.0371,0.9784,0.1630,0.993
14.718599566,0.0371,0.9787,0.1532,0.991
14.720026643,0.0364,0.9787,0.1485,0.991
14.721996912,0.0357,0.9797,0.1412,0.990
14.723988912,0.0347,0.9816,0.1361,0.992
14.727145758,0.0340,0.9828,0.1334,0.992
14.728881758,0.0335,0.9833,0.1268,0.992
14.730144912,0.0337,0.9843,0.1248,0.993
14.731940066,0.0335,0.9865,0.1236,0.995
14.734100181,0.0332,0.9868,0.1224,0.995
14.736042258,0.0327,0.9863,0.1231,0.994
14.737679374,0.0330,0.9855,0.1226,0.994
14.73971022,0.0322,0.9885,0.1226,0.997
14.74289072,0.0330,0.9880,0.1226,0.996
14.744487604,0.0347,0.9882,0.1234,0.996
14.745716027,0.0347,0.9877,0.1241,0.996
14.747645912,0.0354,0.9868,0.1273,0.996
14.749635489,0.0364,0.9848,0.1309,0.994
14.751715104,0.0359,0.9846,0.1331,0.994
14.75372995,0.0354,0.9850,0.1373,0.995
14.755738335,0.0359,0.9860,0.1437,0.997
14.758983912,0.0374,0.9855,0.1473,0.997
14.760555989,0.0379,0.9853,0.1510,0.998
14.762437027,0.0379,0.9855,0.1529,0.998
14.764189258,0.0357,0.9850,0.1571,0.998
14.765496797,0.0347,0.9838,0.1632,0.998
14.767565912,0.0349,0.9831,0.1669,0.998
14.769503335,0.0347,0.9836,0.1727,0.999
14.771417066,0.0342,0.9831,0.1752,0.999
14.773501566,0.0322,0.9826,0.1801,0.999
14.783461374,0.0296,0.9821,0.1847,1.000
14.784913797,0.0291,0.9819,0.1869,1.000
14.785903489,0.0288,0.9809,0.1901,1.000
14.787040412,0.0269,0.9799,0.1913,0.999
14.788287681,0.0269,0.9794,0.1925,0.999
14.789287874,0.0274,0.9802,0.1986,1.000
14.790750104,0.0271,0.9792,0.1996,1.000
14.79187695,0.0261,0.9794,0.2016,1.000
14.79289472,0.0257,0.9794,0.2028,1.001
14.793867758,0.0264,0.9794,0.2033,1.001
14.795190681,0.0271,0.9794,0.2013,1.000
14.803816566,0.0274,0.9792,0.2020,1.000
14.804665566,0.0281,0.9794,0.2038,1.001
14.80509672,0.0281,0.9799,0.2013,1.001
14.805521643,0.0271,0.9804,0.2001,1.001
14.805923104,0.0266,0.9814,0.2006,1.002
14.806957527,0.0266,0.9802,0.1967,1.000
14.81318845,0.0283,0.9806,0.1950,1.000
14.813895489,0.0291,0.9838,0.1940,1.003
14.814364489,0.0298,0.9841,0.1906,1.003
14.814859335,0.0298,0.9828,0.1879,1.001
14.816809412,0.0281,0.9828,0.1862,1.001
14.818959681,0.0286,0.9824,0.1852,1.000
14.820905143,0.0276,0.9814,0.1813,0.998
14.822677104,0.0286,0.9814,0.1791,0.998
14.825933412,0.0271,0.9821,0.1788,0.999
14.82691222,0.0264,0.9821,0.1764,0.998
14.828891566,0.0266,0.9819,0.1742,0.998
14.830661758,0.0281,0.9816,0.1720,0.997
14.832963104,0.0288,0.9811,0.1688,0.996
14.834463335,0.0288,0.9816,0.1676,0.996
14.836563258,0.0291,0.9821,0.1656,0.996
14.83845522,0.0298,0.9826,0.1652,0.997
14.840546027,0.0296,0.9824,0.1644,0.996
14.84308372,0.0315,0.9816,0.1649,0.996
14.844378335,0.0305,0.9809,0.1649,0.995
14.84598222,0.0308,0.9809,0.1627,0.995
14.848300027,0.0313,0.9797,0.1644,0.994
14.850090912,0.0313,0.9792,0.1642,0.993
14.852216874,0.0325,0.9809,0.1617,0.995
14.854125104,0.0320,0.9797,0.1615,0.993
14.856368104,0.0308,0.9784,0.1627,0.992
14.86481022,0.0308,0.9777,0.1630,0.992
14.866014489,0.0313,0.9775,0.1630,0.991
14.866955373,0.0313,0.9772,0.1642,0.991
14.867933027,0.0313,0.9772,0.1647,0.991
14.868805258,0.0322,0.9762,0.1649,0.991
14.869659989,0.0315,0.9765,0.1652,0.991
14.870655873,0.0310,0.9765,0.1649,0.991
14.871966143,0.0315,0.9767,0.1634,0.991
14.873783258,0.0308,0.9775,0.1632,0.991
14.881785912,0.0303,0.9777,0.1642,0.992
14.883335143,0.0308,0.9784,0.1615,0.992
14.884216181,0.0313,0.9775,0.1610,0.991
14.884954412,0.0313,0.9777,0.1622,0.992
14.886030527,0.0310,0.9784,0.1627,0.992
14.88710422,0.0305,0.9784,0.1642,0.993
14.888195297,0.0293,0.9782,0.1688,0.993
14.889492758,0.0276,0.9787,0.1710,0.994
14.892491797,0.0257,0.9804,0.1779,0.997
14.894175681,0.0237,0.9802,0.1798,0.997
14.895735297,0.0257,0.9804,0.1813,0.997
14.897770912,0.0283,0.9799,0.1827,0.997
14.899613566,0.0283,0.9819,0.1805,0.999
14.901421643,0.0283,0.9809,0.1791,0.998
14.903552297,0.0308,0.9816,0.1769,0.998
14.905552912,0.0296,0.9814,0.1776,0.998
14.909340143,0.0300,0.9811,0.1749,0.997
14.910896104,0.0300,0.9814,0.1742,0.997
14.912272643,0.0293,0.9816,0.1725,0.997
14.913506143,0.0288,0.9826,0.1703,0.998
14.915499104,0.0296,0.9824,0.1678,0.997
14.917401758,0.0315,0.9828,0.1676,0.998
14.919525835,0.0298,0.9831,0.1681,0.998
14.921399604,0.0296,0.9833,0.1681,0.998
14.923392066,0.0327,0.9850,0.1659,0.999
14.926386258,0.0344,0.9841,0.1664,0.999
14.927906489,0.0354,0.9836,0.1659,0.998
14.929267835,0.0342,0.9841,0.1642,0.998
14.931445604,0.0330,0.9846,0.1654,0.999
14.933437143,0.0332,0.9833,0.1649,0.998
14.935471681,0.0337,0.9838,0.1644,0.998
14.937154989,0.0347,0.9843,0.1639,0.998
14.939219797,0.0347,0.9858,0.1625,1.000
14.94268422,0.0344,0.9846,0.1625,0.998
14.944215297,0.0347,0.9831,0.1639,0.997
14.945333912,0.0354,0.9831,0.1634,0.997
14.947396027,0.0362,0.9841,0.1634,0.998
14.948918489,0.0366,0.9843,0.1642,0.999
14.951070143,0.0388,0.9833,0.1634,0.998
14.953096527,0.0388,0.9831,0.1630,0.997
14.954993989,0.0393,0.9836,0.1637,0.998
14.956827181,0.0393,0.9836,0.1634,0.998
14.960019912,0.0396,0.9836,0.1637,0.998
14.961528566,0.0406,0.9821,0.1664,0.997
14.963188527,0.0430,0.9814,0.1654,0.996
14.964785143,0.0435,0.9816,0.1649,0.996
14.966735027,0.0425,0.9828,0.1647,0.997
14.968875796,0.0435,0.9821,0.1656,0.997
14.970801027,0.0442,0.9833,0.1686,0.999
14.972976104,0.0452,0.9824,0.1708,0.998
14.983103104,0.0452,0.9819,0.1713,0.998
14.984518066,0.0440,0.9821,0.1713,0.998
14.985667643,0.0430,0.9821,0.1730,0.998
14.987374143,0.0432,0.9814,0.1739,0.998
14.988385758,0.0420,0.9814,0.1742,0.998
14.989469143,0.0413,0.9814,0.1742,0.998
14.990849181,0.0396,0.9802,0.1747,0.996
14.991976104,0.0379,0.9819,0.1757,0.998
14.992958489,0.0369,0.9826,0.1761,0.999
14.993945296,0.0362,0.9828,0.1749,0.999
14.995364681,0.0362,0.9826,0.1742,0.999
15.000976373,0.0342,0.9816,0.1747,0.998
15.001721489,0.0337,0.9819,0.1752,0.998
15.002156489,0.0310,0.9809,0.1754,0.997
15.002617643,0.0286,0.9809,0.1759,0.997
15.004676412,0.0298,0.9816,0.1747,0.997
15.006332873,0.0293,0.9826,0.1747,0.998
15.009385604,0.0293,0.9804,0.1752,0.996
15.010266296,0.0286,0.9811,0.1754,0.997
15.012517258,0.0276,0.9824,0.1737,0.998
15.014821335,0.0279,0.9824,0.1747,0.998
15.01624495,0.0281,0.9821,0.1747,0.998
15.018119873,0.0266,0.9806,0.1739,0.996
15.020170143,0.0266,0.9811,0.1742,0.997
15.02215595,0.0252,0.9821,0.1720,0.997
15.024070796,0.0254,0.9816,0.1708,0.997
15.02673972,0.0261,0.9819,0.1703,0.997
15.027859758,0.0264,0.9819,0.1698,0.997
15.030023104,0.0274,0.9814,0.1698,0.996
15.031879873,0.0286,0.9794,0.1686,0.994
15.033939527,0.0271,0.9809,0.1700,0.996
15.035749796,0.0269,0.9816,0.1700,0.997
15.037832027,0.0274,0.9826,0.1693,0.997
15.039909835,0.0286,0.9814,0.1673,0.996
15.044754835,0.0283,0.9814,0.1671,0.996
15.045839143,0.0266,0.9811,0.1678,0.996
15.046380527,0.0286,0.9814,0.1688,0.996
15.048140143,0.0300,0.9811,0.1676,0.996
15.04956345,0.0298,0.9806,0.1666,0.995
15.051901989,0.0308,0.9816,0.1671,0.996
15.053734796,0.0310,0.9824,0.1676,0.997
15.05607672,0.0313,0.9819,0.1673,0.997
15.057587835,0.0300,0.9806,0.1673,0.995
15.060266489,0.0310,0.9816,0.1678,0.996
15.06163145,0.0320,0.9816,0.1681,0.996
15.06398895,0.0330,0.9811,0.1673,0.996
15.065316296,0.0332,0.9821,0.1688,0.997
15.067624335,0.0322,0.9824,0.1693,0.997
15.069311027,0.0330,0.9816,0.1695,0.997
15.071833873,0.0344,0.9804,0.1688,0.995
15.073320912,0.0337,0.9799,0.1708,0.995
15.080362181,0.0330,0.9802,0.1720,0.996
15.081156219,0.0322,0.9802,0.1713,0.996
15.081594681,0.0332,0.9809,0.1710,0.996
15.082009373,0.0325,0.9797,0.1727,0.995
15.08366245,0.0332,0.9794,0.1730,0.995
15.085468758,0.0310,0.9806,0.1735,0.996
15.088102758,0.0313,0.9802,0.1742,0.996
15.088965758,0.0303,0.9806,0.1749,0.997
15.092044835,0.0315,0.9804,0.1752,0.996
15.100075219,0.0318,0.9802,0.1744,0.996
15.100943412,0.0308,0.9787,0.1754,0.995
15.101385066,0.0322,0.9787,0.1754,0.995
15.101804758,0.0327,0.9806,0.1786,0.997
15.102241758,0.0313,0.9814,0.1776,0.998
15.102788989,0.0300,0.9809,0.1776,0.997
15.105354835,0.0298,0.9806,0.1793,0.997
15.106810835,0.0298,0.9802,0.1793,0.997
15.109819796,0.0291,0.9806,0.1788,0.997
15.110851873,0.0291,0.9799,0.1810,0.997
15.112767181,0.0279,0.9789,0.1813,0.996
15.114982643,0.0271,0.9806,0.1810,0.998
15.116567335,0.0257,0.9802,0.1803,0.997
15.118943989,0.0254,0.9804,0.1813,0.997
15.121206335,0.0252,0.9809,0.1810,0.998
15.122709258,0.0235,0.9811,0.1820,0.998
15.126160566,0.0242,0.9804,0.1823,0.997
15.127150796,0.0252,0.9809,0.1805,0.998
15.128652066,0.0247,0.9804,0.1793,0.997
15.130812412,0.0259,0.9814,0.1803,0.998
15.132626604,0.0252,0.9806,0.1815,0.998
15.134431719,0.0252,0.9809,0.1805,0.998
15.139409027,0.0244,0.9821,0.1815,0.999
15.140046489,0.0232,0.9824,0.1825,0.999
15.140465566,0.0232,0.9833,0.1837,1.001
15.143365143,0.0244,0.9828,0.1837,1.000
15.144797412,0.0244,0.9824,0.1832,1.000
15.146299604,0.0254,0.9826,0.1835,1.000
15.148619566,0.0259,0.9826,0.1852,1.000
15.150333873,0.0259,0.9828,0.1859,1.001
15.152463527,0.0247,0.9824,0.1852,1.000
15.154171566,0.0242,0.9826,0.1845,1.000
15.156332566,0.0239,0.9824,0.1852,1.000
15.160831719,0.0247,0.9831,0.1857,1.001
15.162394527,0.0254,0.9824,0.1862,1.000
15.163564796,0.0266,0.9819,0.1881,1.000
15.164610912,0.0254,0.9828,0.1888,1.001
15.166237412,0.0259,0.9836,0.1884,1.002
15.168114104,0.0239,0.9821,0.1896,1.001
15.169915412,0.0237,0.9809,0.1888,0.999
15.171982489,0.0239,0.9797,0.1886,0.998
15.173825373,0.0239,0.9821,0.1869,1.000
15.183765258,0.0247,0.9821,0.1864,1.000
15.185598681,0.0252,0.9826,0.1847,1.000
15.186827335,0.0239,0.9826,0.1849,1.000
15.18784495,0.0232,0.9828,0.1845,1.000
15.188969758,0.0235,0.9828,0.1830,1.000
15.190194181,0.0227,0.9824,0.1810,0.999
15.191385066,0.0235,0.9828,0.1798,0.999
15.191923796,0.0235,0.9833,0.1793,1.000
15.192389412,0.0242,0.9828,0.1769,0.999
15.201988219,0.0249,0.9846,0.1764,1.001
15.202921527,0.0232,0.9843,0.1761,1.000
15.203385296,0.0242,0.9838,0.1742,0.999
15.203796604,0.0227,0.9831,0.1732,0.998
15.204220335,0.0239,0.9828,0.1715,0.998
15.204617873,0.0254,0.9836,0.1717,0.999
15.205478219,0.0259,0.9843,0.1715,0.999
15.207393489,0.0252,0.9838,0.1681,0.998
15.210019604,0.0244,0.9843,0.1691,0.999
15.211608835,0.0264,0.9848,0.1695,1.000
15.213408835,0.0293,0.9848,0.1698,1.000
15.215306142,0.0298,0.9826,0.1703,0.998
15.217174489,0.0305,0.9821,0.1705,0.997
15.219465489,0.0308,0.9814,0.1695,0.996
15.221294142,0.0305,0.9821,0.1693,0.997
15.223248104,0.0318,0.9826,0.1695,0.998
15.226434642,0.0308,0.9811,0.1691,0.996
15.228030835,0.0308,0.9806,0.1693,0.996
15.229443181,0.0298,0.9784,0.1710,0.994
15.231277373,0.0303,0.9787,0.1698,0.994
15.233179796,0.0303,0.9782,0.1698,0.993
15.235218527,0.0291,0.9777,0.1700,0.993
15.237466642,0.0298,0.9780,0.1713,0.993
15.239211912,0.0298,0.9777,0.1708,0.993
15.241279027,0.0291,0.9758,0.1691,0.991
15.244691104,0.0291,0.9748,0.1691,0.990
15.246185912,0.0303,0.9728,0.1715,0.988
15.247483835,0.0293,0.9748,0.1727,0.990
15.249163719,0.0288,0.9745,0.1725,0.990
15.251215335,0.0288,0.9760,0.1759,0.992
15.252984642,0.0291,0.9758,0.1769,0.992
15.255625104,0.0288,0.9733,0.1783,0.990
15.257191258,0.0300,0.9728,0.1803,0.990
15.261620604,0.0310,0.9738,0.1805,0.991
15.263276566,0.0308,0.9738,0.1823,0.991
15.264356912,0.0293,0.9731,0.1842,0.991
15.265486835,0.0291,0.9728,0.1835,0.990
15.267049104,0.0298,0.9728,0.1813,0.990
15.268882373,0.0308,0.9723,0.1793,0.989
15.270957796,0.0308,0.9733,0.1761,0.990
15.272918335,0.0322,0.9745,0.1691,0.990
15.283911796,0.0325,0.9748,0.1678,0.990
15.285424065,0.0340,0.9765,0.1639,0.991
15.28630145,0.0322,0.9767,0.1617,0.991
15.287488565,0.0327,0.9784,0.1617,0.992
15.288427335,0.0327,0.9811,0.1581,0.994
15.289345258,0.0330,0.9824,0.1568,0.995
15.290444489,0.0313,0.9826,0.1559,0.995
15.291521681,0.0320,0.9828,0.1590,0.996
15.29197095,0.0313,0.9836,0.1608,0.997
15.292410642,0.0303,0.9846,0.1654,0.999
15.300873335,0.0296,0.9843,0.1693,0.999
15.301781296,0.0288,0.9853,0.1722,1.001
15.302249219,0.0293,0.9863,0.1737,1.002
15.302757219,0.0305,0.9855,0.1727,1.001
15.303202142,0.0322,0.9841,0.1737,1.000
15.304279565,0.0327,0.9836,0.1744,0.999
15.30619845,0.0300,0.9843,0.1744,1.000
15.308106604,0.0296,0.9843,0.1742,1.000
15.310708335,0.0291,0.9846,0.1754,1.000
15.312372258,0.0300,0.9838,0.1783,1.000
15.314104835,0.0300,0.9811,0.1847,0.999
15.31603345,0.0283,0.9814,0.1862,0.999
15.318101758,0.0264,0.9814,0.1935,1.001
15.319858719,0.0271,0.9811,0.1959,1.001
15.321885489,0.0276,0.9782,0.2018,0.999
15.323833142,0.0298,0.9787,0.2060,1.001
15.327369104,0.0300,0.9780,0.2077,1.000
15.328338027,0.0283,0.9777,0.2103,1.000
15.330082258,0.0276,0.9772,0.2111,1.000
15.331848527,0.0293,0.9753,0.2135,0.999
15.333637527,0.0288,0.9760,0.2121,0.999
15.335645065,0.0296,0.9760,0.2096,0.999
15.337615989,0.0303,0.9753,0.2060,0.997
15.339482181,0.0320,0.9745,0.2042,0.996
15.341514219,0.0325,0.9738,0.2003,0.995
15.344442296,0.0320,0.9755,0.1932,0.995
15.347113604,0.0330,0.9755,0.1901,0.994
15.348389104,0.0322,0.9753,0.1827,0.993
15.349589912,0.0315,0.9767,0.1752,0.993
15.351585489,0.0313,0.9765,0.1717,0.992
15.353528104,0.0315,0.9777,0.1652,0.992
15.355579373,0.0300,0.9787,0.1615,0.992
15.357324527,0.0286,0.9789,0.1564,0.992
15.362122335,0.0266,0.9814,0.1498,0.993
15.363622412,0.0264,0.9814,0.1476,0.993
15.364640258,0.0271,0.9814,0.1439,0.992
15.365736219,0.0264,0.9816,0.1429,0.992
15.367100873,0.0254,0.9831,0.1410,0.993
15.369087796,0.0244,0.9841,0.1395,0.994
15.371013489,0.0242,0.9838,0.1390,0.994
15.373276565,0.0264,0.9821,0.1388,0.992
15.384181412,0.0259,0.9819,0.1385,0.992
15.385720489,0.0266,0.9824,0.1400,0.993
15.386960489,0.0281,0.9831,0.1412,0.994
15.387881604,0.0288,0.9826,0.1415,0.993
15.388683296,0.0293,0.9814,0.1427,0.992
15.389530642,0.0298,0.9811,0.1459,0.992
15.39072595,0.0308,0.9811,0.1485,0.993
15.391977296,0.0318,0.9802,0.1517,0.992
15.393142065,0.0340,0.9802,0.1534,0.993
15.394163219,0.0335,0.9804,0.1573,0.994
15.395115142,0.0327,0.9799,0.1637,0.994
15.401750988,0.0335,0.9799,0.1666,0.995
15.402248719,0.0325,0.9804,0.1720,0.996
15.402557719,0.0320,0.9797,0.1757,0.996
15.402804565,0.0305,0.9799,0.1788,0.997
15.404636258,0.0283,0.9792,0.1840,0.997
15.406527796,0.0271,0.9782,0.1886,0.997
15.411985835,0.0274,0.9802,0.1908,0.999
15.412508335,0.0259,0.9794,0.1940,0.999
15.412767758,0.0244,0.9792,0.1969,0.999
15.414527681,0.0244,0.9787,0.2020,1.000
15.416625258,0.0239,0.9797,0.2035,1.001
15.418921719,0.0230,0.9792,0.2052,1.001
15.420458835,0.0210,0.9782,0.2062,1.000
15.422353642,0.0220,0.9772,0.2067,0.999
15.424461258,0.0222,0.9784,0.2079,1.001
15.42702895,0.0237,0.9799,0.2089,1.002
15.428713412,0.0237,0.9797,0.2094,1.002
15.430330796,0.0239,0.9772,0.2113,1.000
15.432386296,0.0254,0.9755,0.2099,0.998
15.434243681,0.0257,0.9770,0.2091,0.999
15.436762296,0.0264,0.9784,0.2074,1.001
15.438258065,0.0266,0.9775,0.2055,0.999
15.440319373,0.0266,0.9775,0.2042,0.999
15.444675027,0.0259,0.9794,0.2023,1.000
15.445245488,0.0259,0.9797,0.2020,1.001
15.446176527,0.0261,0.9797,0.1996,1.000
15.448667527,0.0261,0.9799,0.1967,1.000
15.450279488,0.0254,0.9797,0.1940,0.999
15.452311412,0.0259,0.9804,0.1913,0.999
15.454015219,0.0257,0.9809,0.1898,0.999
15.456119604,0.0249,0.9816,0.1871,1.000
15.458023642,0.0249,0.9794,0.1818,0.996
15.460987181,0.0252,0.9792,0.1815,0.996
15.461918642,0.0249,0.9819,0.1774,0.998
15.464446604,0.0237,0.9826,0.1747,0.998
15.466018719,0.0242,0.9824,0.1737,0.998
15.467944527,0.0254,0.9824,0.1717,0.998
15.469790373,0.0259,0.9821,0.1713,0.997
15.471910988,0.0266,0.9819,0.1698,0.997
15.473785719,0.0288,0.9836,0.1688,0.998
15.476488527,0.0293,0.9833,0.1683,0.998
15.484924412,0.0276,0.9833,0.1691,0.998
15.486086412,0.0291,0.9831,0.1678,0.998
15.486924527,0.0298,0.9819,0.1671,0.996
15.487710219,0.0303,0.9814,0.1671,0.996
15.488405565,0.0293,0.9809,0.1678,0.996
15.489150835,0.0293,0.9809,0.1691,0.996
15.501430758,0.0296,0.9806,0.1715,0.996
15.502923258,0.0293,0.9806,0.1720,0.996
15.503833065,0.0310,0.9806,0.1754,0.997
15.50460395,0.0330,0.9799,0.1764,0.996
15.505585411,0.0332,0.9794,0.1757,0.996
15.506461911,0.0362,0.9782,0.1759,0.995
15.507623296,0.0354,0.9777,0.1766,0.994
15.508721988,0.0330,0.9767,0.1774,0.993
15.509900373,0.0325,0.9767,0.1786,0.993
15.511208719,0.0362,0.9760,0.1781,0.993
15.512133796,0.0354,0.9748,0.1788,0.992
15.513009681,0.0349,0.9740,0.1788,0.991
15.513818296,0.0354,0.9745,0.1776,0.991
15.516440258,0.0364,0.9743,0.1808,0.992
15.517960604,0.0364,0.9740,0.1813,0.991
15.519536411,0.0342,0.9750,0.1830,0.993
15.521196411,0.0332,0.9750,0.1827,0.993
15.523156796,0.0308,0.9755,0.1862,0.994
15.525143104,0.0308,0.9753,0.1879,0.994
15.52805945,0.0303,0.9760,0.1901,0.995
15.529721258,0.0286,0.9758,0.1950,0.995
15.531148911,0.0279,0.9750,0.1984,0.995
15.533090488,0.0279,0.9740,0.1984,0.994
15.535211758,0.0259,0.9765,0.1954,0.996
15.537170527,0.0279,0.9767,0.1945,0.996
15.539132719,0.0286,0.9758,0.1928,0.995
15.541011911,0.0266,0.9760,0.1918,0.995
15.544295181,0.0259,0.9755,0.1888,0.994
15.54574395,0.0261,0.9775,0.1864,0.995
15.547327373,0.0269,0.9780,0.1852,0.996
15.54889795,0.0269,0.9789,0.1840,0.996
15.551115873,0.0271,0.9797,0.1825,0.997
15.553025796,0.0264,0.9809,0.1815,0.998
15.555077219,0.0269,0.9806,0.1791,0.997
15.556980142,0.0276,0.9784,0.1791,0.995
15.560627219,0.0281,0.9789,0.1783,0.995
15.562168873,0.0288,0.9792,0.1776,0.996
15.563873873,0.0298,0.9804,0.1779,0.997
15.565052719,0.0320,0.9821,0.1776,0.999
15.56684445,0.0332,0.9824,0.1747,0.998
15.568889873,0.0332,0.9828,0.1747,0.999
15.570705527,0.0325,0.9821,0.1727,0.998
15.572845911,0.0337,0.9831,0.1710,0.998
15.574786565,0.0342,0.9838,0.1700,0.999
15.584475681,0.0347,0.9828,0.1688,0.998
15.585911104,0.0340,0.9831,0.1698,0.998
15.58702995,0.0347,0.9836,0.1698,0.999
15.587996488,0.0342,0.9838,0.1713,0.999
15.588965642,0.0337,0.9843,0.1717,1.000
15.592092565,0.0340,0.9838,0.1727,0.999
15.593144335,0.0362,0.9843,0.1735,1.000
15.593938911,0.0369,0.9838,0.1757,1.000
15.59531595,0.0374,0.9821,0.1766,0.999
15.596456027,0.0376,0.9816,0.1766,0.998
15.60126345,0.0386,0.9819,0.1774,0.999
15.602764719,0.0393,0.9826,0.1774,0.999
15.603935911,0.0398,0.9826,0.1774,0.999
15.604846911,0.0396,0.9819,0.1788,0.999
15.605725758,0.0388,0.9806,0.1783,0.997
15.606998527,0.0384,0.9804,0.1786,0.997
15.608171911,0.0386,0.9804,0.1791,0.997
15.610769258,0.0381,0.9804,0.1791,0.997
15.611989027,0.0384,0.9799,0.1803,0.997
15.613867604,0.0366,0.9806,0.1810,0.998
15.616078373,0.0364,0.9787,0.1815,0.996
15.617945681,0.0362,0.9772,0.1815,0.995
15.619865834,0.0357,0.9784,0.1818,0.996
15.62174145,0.0369,0.9804,0.1825,0.998
15.623875488,0.0337,0.9782,0.1849,0.996
15.626543296,0.0335,0.9794,0.1847,0.997
15.627787988,0.0325,0.9802,0.1852,0.998
15.630875834,0.0315,0.9809,0.1859,0.999
15.631658758,0.0308,0.9809,0.1869,0.999
15.633702796,0.0308,0.9797,0.1859,0.998
15.63566845,0.0296,0.9797,0.1852,0.997
15.637554258,0.0298,0.9806,0.1852,0.998
15.639565373,0.0288,0.9799,0.1879,0.998
15.641587911,0.0293,0.9802,0.1876,0.998
15.644102334,0.0315,0.9809,0.1857,0.999
15.645583873,0.0322,0.9814,0.1862,0.999
15.647519681,0.0291,0.9811,0.1859,0.999
15.64956995,0.0286,0.9804,0.1854,0.998
15.651778911,0.0291,0.9797,0.1857,0.998
15.653761681,0.0300,0.9792,0.1840,0.997
15.655640565,0.0298,0.9799,0.1842,0.998
15.657740565,0.0293,0.9804,0.1830,0.998
15.661245642,0.0291,0.9797,0.1827,0.997
15.66275295,0.0286,0.9799,0.1827,0.997
15.664245142,0.0276,0.9789,0.1832,0.996
15.665375142,0.0296,0.9799,0.1823,0.997
15.667311719,0.0298,0.9804,0.1820,0.998
15.669383258,0.0300,0.9804,0.1801,0.997
15.671350027,0.0286,0.9797,0.1788,0.996
15.673316719,0.0293,0.9794,0.1788,0.996
15.675560681,0.0305,0.9792,0.1769,0.995
15.68610645,0.0296,0.9789,0.1761,0.995
15.687438219,0.0293,0.9787,0.1759,0.995
15.688253334,0.0293,0.9787,0.1752,0.995
15.689055642,0.0303,0.9787,0.1761,0.995
15.689797681,0.0313,0.9775,0.1749,0.993
15.69067395,0.0310,0.9784,0.1757,0.995
15.692414911,0.0313,0.9767,0.1764,0.993
15.693553104,0.0313,0.9755,0.1752,0.992
15.695078988,0.0303,0.9745,0.1752,0.991
15.696327873,0.0322,0.9745,0.1749,0.991
15.697384873,0.0322,0.9753,0.1754,0.991
15.705092527,0.0320,0.9733,0.1754,0.990
15.706605604,0.0318,0.9731,0.1757,0.989
15.707424488,0.0308,0.9733,0.1757,0.990
15.708177758,0.0308,0.9753,0.1761,0.992
15.713505758,0.0300,0.9750,0.1769,0.991
15.715017757,0.0310,0.9748,0.1759,0.991
15.715831257,0.0305,0.9770,0.1749,0.993
15.716679257,0.0318,0.9755,0.1742,0.991
15.71773295,0.0325,0.9750,0.1742,0.991
15.718961296,0.0332,0.9740,0.1749,0.990
15.719919257,0.0337,0.9740,0.1761,0.990
15.721013027,0.0320,0.9740,0.1776,0.991
15.722851411,0.0313,0.9753,0.1779,0.992
15.724951219,0.0310,0.9753,0.1791,0.992
15.728383181,0.0315,0.9745,0.1788,0.991
15.729753027,0.0340,0.9755,0.1791,0.992
15.731097796,0.0330,0.9755,0.1791,0.992
15.732857527,0.0327,0.9753,0.1786,0.992
15.734827719,0.0313,0.9755,0.1779,0.992
15.73694795,0.0303,0.9760,0.1774,0.992
15.738640757,0.0318,0.9755,0.1801,0.993
15.740729334,0.0327,0.9765,0.1813,0.994
15.744624834,0.0337,0.9784,0.1810,0.996
15.746079296,0.0320,0.9787,0.1820,0.996
15.747262757,0.0313,0.9780,0.1842,0.996
15.748555719,0.0315,0.9792,0.1849,0.997
15.750593373,0.0320,0.9789,0.1857,0.997
15.752643219,0.0310,0.9775,0.1876,0.996
15.754445373,0.0305,0.9775,0.1884,0.996
15.756486373,0.0303,0.9794,0.1881,0.998
15.758297411,0.0318,0.9794,0.1910,0.998
15.761604719,0.0322,0.9789,0.1925,0.998
15.763327296,0.0330,0.9792,0.1957,0.999
15.765393104,0.0310,0.9809,0.1969,1.001
15.767065757,0.0303,0.9806,0.1981,1.001
15.768571257,0.0300,0.9806,0.1991,1.001
15.770404911,0.0296,0.9804,0.1989,1.001
15.772222411,0.0298,0.9809,0.2001,1.002
15.774077565,0.0283,0.9806,0.2008,1.001
15.784820565,0.0276,0.9794,0.2001,1.000
15.785667988,0.0254,0.9797,0.2006,1.000
15.786094219,0.0244,0.9799,0.2003,1.000
15.786573565,0.0232,0.9802,0.2006,1.001
15.786988411,0.0217,0.9802,0.1957,1.000
15.792032527,0.0205,0.9809,0.1937,1.000
15.792743681,0.0183,0.9826,0.1932,1.002
15.793194373,0.0159,0.9843,0.1901,1.003
15.793639027,0.0144,0.9846,0.1876,1.002
15.802372027,0.0144,0.9860,0.1862,1.004
15.803303142,0.0134,0.9890,0.1842,1.006
15.803728565,0.0129,0.9887,0.1818,1.005
15.80416045,0.0117,0.9887,0.1808,1.005
15.804560873,0.0125,0.9890,0.1793,1.005
15.804953142,0.0132,0.9904,0.1752,1.006
15.805715373,0.0125,0.9912,0.1722,1.006
15.811261527,0.0127,0.9914,0.1708,1.006
15.812159027,0.0151,0.9938,0.1671,1.008
15.812630257,0.0164,0.9933,0.1649,1.007
15.81361245,0.0169,0.9919,0.1632,1.005
15.815744681,0.0191,0.9904,0.1612,1.004
15.817609219,0.0205,0.9894,0.1590,1.002
15.819818181,0.0215,0.9872,0.1544,0.999
15.821699642,0.0225,0.9848,0.1517,0.997
15.824056104,0.0237,0.9843,0.1505,0.996
15.825505642,0.0249,0.9826,0.1500,0.994
15.828575796,0.0279,0.9802,0.1498,0.992
15.82949795,0.0288,0.9802,0.1493,0.992
15.831668757,0.0300,0.9797,0.1488,0.991
15.833388257,0.0320,0.9780,0.1500,0.990
15.83573995,0.0352,0.9772,0.1520,0.990
15.837564411,0.0364,0.9738,0.1532,0.986
15.839551142,0.0376,0.9721,0.1542,0.985
15.84148168,0.0379,0.9709,0.1566,0.984
15.844364796,0.0396,0.9704,0.1590,0.984
15.845441796,0.0398,0.9687,0.1593,0.982
15.847667411,0.0393,0.9675,0.1620,0.982
15.849643488,0.0415,0.9670,0.1634,0.982
15.851516488,0.0430,0.9665,0.1681,0.982
15.85324018,0.0454,0.9660,0.1708,0.982
15.855438719,0.0454,0.9667,0.1722,0.983
15.857267988,0.0447,0.9657,0.1764,0.983
15.859498027,0.0445,0.9657,0.1793,0.983
15.862184873,0.0454,0.9665,0.1813,0.984
15.863110296,0.0432,0.9665,0.1854,0.985
15.865201719,0.0425,0.9662,0.1876,0.985
15.867405411,0.0423,0.9679,0.1888,0.987
15.86926495,0.0418,0.9704,0.1923,0.990
15.871073719,0.0413,0.9709,0.1932,0.991
15.873084065,0.0396,0.9716,0.1940,0.992
15.875243719,0.0396,0.9719,0.1947,0.992
15.88223745,0.0398,0.9716,0.1962,0.992
15.884061334,0.0391,0.9750,0.1969,0.995
15.88455745,0.0393,0.9760,0.1962,0.996
15.884793757,0.0374,0.9772,0.1994,0.998
15.885151411,0.0381,0.9777,0.1986,0.998
15.887397565,0.0384,0.9792,0.1981,1.000
15.888725411,0.0379,0.9794,0.1984,1.000
15.890574488,0.0366,0.9787,0.2001,1.000
15.892652065,0.0371,0.9799,0.2003,1.001
15.902573411,0.0366,0.9809,0.2003,1.002
15.903050873,0.0362,0.9831,0.2025,1.004
15.903293257,0.0374,0.9833,0.2040,1.005
15.903524719,0.0388,0.9824,0.2057,1.004
15.903754219,0.0374,0.9833,0.2072,1.006
15.90416418,0.0376,0.9819,0.2047,1.004
15.906356334,0.0374,0.9824,0.2038,1.004
15.908548757,0.0379,0.9853,0.2020,1.007
15.912017834,0.0384,0.9865,0.1994,1.007
15.912433834,0.0391,0.9850,0.1959,1.005
15.914197911,0.0371,0.9826,0.1910,1.002
15.916376257,0.0366,0.9824,0.1881,1.001
15.918393257,0.0379,0.9816,0.1842,0.999
15.920191527,0.0386,0.9816,0.1818,0.999
15.921954757,0.0403,0.9814,0.1771,0.998
15.923922604,0.0403,0.9821,0.1737,0.998
15.925929142,0.0420,0.9831,0.1722,0.999
15.928158065,0.0415,0.9824,0.1686,0.998
15.92994245,0.0391,0.9833,0.1710,0.999
15.931857719,0.0381,0.9836,0.1737,1.000
15.933676911,0.0352,0.9831,0.1752,0.999
15.935736065,0.0344,0.9828,0.1769,0.999
15.937838719,0.0344,0.9828,0.1779,0.999
15.939794988,0.0352,0.9828,0.1793,1.000
15.941679834,0.0359,0.9828,0.1796,1.000
15.944053488,0.0366,0.9814,0.1791,0.998
15.945569142,0.0369,0.9799,0.1783,0.997
15.947678488,0.0362,0.9780,0.1766,0.994
15.949562873,0.0374,0.9789,0.1761,0.995
15.952104757,0.0374,0.9794,0.1757,0.996
15.95362645,0.0381,0.9792,0.1801,0.996
15.955863103,0.0384,0.9777,0.1859,0.996
15.957788296,0.0384,0.9772,0.1888,0.996
15.960148565,0.0376,0.9765,0.1940,0.996
15.963042834,0.0366,0.9755,0.1969,0.996
15.964803334,0.0359,0.9736,0.2020,0.995
15.966005565,0.0371,0.9753,0.2060,0.997
15.968311873,0.0384,0.9745,0.2079,0.997
15.96977345,0.0396,0.9733,0.2116,0.997
15.971569719,0.0408,0.9726,0.2143,0.997
15.973626911,0.0413,0.9728,0.2145,0.997
15.975533719,0.0432,0.9733,0.2147,0.998
15.98521595,0.0435,0.9721,0.2138,0.996
15.986752257,0.0459,0.9701,0.2125,0.994
15.987934719,0.0464,0.9682,0.2086,0.991
15.98893445,0.0467,0.9672,0.2069,0.990
15.98999968,0.0474,0.9682,0.2025,0.990
15.991385103,0.0469,0.9694,0.1959,0.990
15.99256795,0.0469,0.9699,0.1923,0.990
15.99377545,0.0459,0.9711,0.1859,0.990
15.99491395,0.0464,0.9726,0.1837,0.991
15.99564318,0.0454,0.9745,0.1798,0.992
16.001986411,0.0430,0.9758,0.1725,0.992
16.002925027,0.0425,0.9760,0.1695,0.992
16.003351873,0.0396,0.9772,0.1656,0.992
16.003758334,0.0391,0.9787,0.1647,0.993
16.00519095,0.0369,0.9797,0.1630,0.994
16.007717103,0.0366,0.9804,0.1612,0.994
16.009263757,0.0354,0.9811,0.1615,0.995
16.012208257,0.0352,0.9806,0.1595,0.994
16.013074334,0.0342,0.9826,0.1581,0.996
16.015704527,0.0342,0.9821,0.1583,0.995
16.017238142,0.0364,0.9814,0.1598,0.995
16.01972418,0.0366,0.9814,0.1600,0.995
16.02115668,0.0366,0.9821,0.1615,0.996
16.023008719,0.0362,0.9831,0.1617,0.997
16.02492195,0.0364,0.9824,0.1627,0.996
16.028519603,0.0376,0.9804,0.1659,0.995
16.02994195,0.0381,0.9799,0.1693,0.995
16.030815527,0.0386,0.9797,0.1691,0.995
16.032950027,0.0393,0.9809,0.1720,0.997
16.03468418,0.0396,0.9816,0.1732,0.998
16.037246603,0.0401,0.9789,0.1749,0.995
16.038612988,0.0408,0.9814,0.1786,0.998
16.040656988,0.0418,0.9804,0.1808,0.998
16.04244468,0.0406,0.9804,0.1820,0.998
16.044708873,0.0403,0.9809,0.1879,1.000
16.046684296,0.0403,0.9821,0.1896,1.001
16.048526911,0.0406,0.9816,0.1910,1.001
16.050327103,0.0403,0.9816,0.1930,1.001
16.052448219,0.0374,0.9814,0.1959,1.001
16.054476296,0.0366,0.9826,0.1991,1.003
16.05665395,0.0357,0.9826,0.2003,1.003
16.058325603,0.0322,0.9826,0.2023,1.004
16.061919642,0.0325,0.9841,0.2016,1.005
16.063565103,0.0344,0.9836,0.2013,1.005
16.064707219,0.0342,0.9826,0.2028,1.004
16.066188373,0.0337,0.9821,0.2028,1.003
16.068348642,0.0325,0.9806,0.2045,1.002
16.070172834,0.0335,0.9814,0.2038,1.003
16.072523642,0.0342,0.9806,0.2038,1.002
16.074248219,0.0342,0.9797,0.2035,1.001
16.076662565,0.0325,0.9797,0.2028,1.001
16.086373757,0.0325,0.9804,0.2013,1.001
16.087942642,0.0322,0.9789,0.2016,1.000
16.088956873,0.0327,0.9782,0.2013,0.999
16.090021834,0.0335,0.9772,0.1998,0.998
16.091201257,0.0327,0.9777,0.1998,0.998
16.092284988,0.0322,0.9772,0.2001,0.998
16.09355868,0.0327,0.9775,0.1981,0.998
16.094818142,0.0320,0.9780,0.1969,0.998
16.095842488,0.0308,0.9775,0.1950,0.997
16.096654757,0.0298,0.9750,0.1932,0.994
16.102958719,0.0296,0.9745,0.1920,0.994
16.10449068,0.0303,0.9762,0.1920,0.995
16.105545757,0.0298,0.9753,0.1908,0.994
16.106403065,0.0308,0.9738,0.1884,0.992
16.10749895,0.0298,0.9728,0.1871,0.991
16.108496142,0.0298,0.9733,0.1859,0.991
16.111209988,0.0291,0.9728,0.1854,0.991
16.112374526,0.0288,0.9721,0.1867,0.990
16.115049642,0.0286,0.9726,0.1876,0.991
16.115914219,0.0315,0.9728,0.1867,0.991
16.117673142,0.0313,0.9723,0.1854,0.990
16.120199142,0.0313,0.9736,0.1864,0.992
16.121630565,0.0313,0.9733,0.1859,0.991
16.123762334,0.0310,0.9733,0.1859,0.991
16.12559618,0.0320,0.9736,0.1857,0.992
16.128513565,0.0322,0.9738,0.1881,0.992
16.12958595,0.0330,0.9740,0.1886,0.993
16.131697334,0.0357,0.9743,0.1884,0.993
16.13338218,0.0357,0.9733,0.1881,0.992
16.136116065,0.0349,0.9750,0.1888,0.994
16.13740895,0.0318,0.9748,0.1896,0.994
16.139602757,0.0322,0.9743,0.1901,0.993
16.141428526,0.0347,0.9740,0.1896,0.993
16.143509334,0.0347,0.9733,0.1901,0.992
16.146129411,0.0337,0.9748,0.1920,0.994
16.14755968,0.0344,0.9758,0.1913,0.995
16.149390834,0.0349,0.9755,0.1908,0.995
16.151697449,0.0349,0.9753,0.1908,0.994
16.153122603,0.0342,0.9758,0.1908,0.995
16.155688257,0.0340,0.9760,0.1903,0.995
16.157231488,0.0347,0.9758,0.1898,0.995
16.159867219,0.0352,0.9753,0.1910,0.994
16.161757988,0.0364,0.9748,0.1906,0.994
16.172907449,0.0369,0.9765,0.1901,0.996
16.175396373,0.0364,0.9760,0.1893,0.995
16.176664603,0.0359,0.9762,0.1908,0.995
16.177766449,0.0342,0.9775,0.1935,0.997
16.179308603,0.0327,0.9772,0.1940,0.997
16.180693219,0.0327,0.9755,0.1950,0.995
16.181867219,0.0330,0.9748,0.1937,0.994
16.183539834,0.0318,0.9760,0.1962,0.996
16.184889296,0.0320,0.9775,0.1984,0.998
16.186306873,0.0322,0.9794,0.1984,1.000
16.187448834,0.0327,0.9792,0.1967,0.999
16.188248757,0.0315,0.9784,0.1952,0.998
16.189309257,0.0320,0.9787,0.1950,0.998
16.190111757,0.0298,0.9789,0.1962,0.999
16.191357103,0.0293,0.9784,0.1945,0.998
16.193605988,0.0293,0.9777,0.1915,0.997
16.195633757,0.0286,0.9792,0.1910,0.998
16.196751603,0.0288,0.9789,0.1913,0.998
16.198470026,0.0298,0.9784,0.1918,0.998
16.200626488,0.0296,0.9799,0.1930,0.999
16.202395026,0.0281,0.9802,0.1918,0.999
16.204408449,0.0288,0.9797,0.1908,0.998
16.206290873,0.0298,0.9789,0.1910,0.998
16.208472988,0.0327,0.9782,0.1913,0.997
16.211435873,0.0320,0.9789,0.1913,0.998
16.212784026,0.0335,0.9804,0.1913,0.999
16.214534411,0.0320,0.9816,0.1910,1.001
16.217080526,0.0325,0.9824,0.1901,1.001
16.218732296,0.0315,0.9824,0.1888,1.001
16.220625873,0.0293,0.9811,0.1888,1.000
16.222445257,0.0286,0.9814,0.1881,1.000
16.224540219,0.0288,0.9831,0.1893,1.002
16.226653834,0.0291,0.9828,0.1901,1.001
16.230138257,0.0296,0.9809,0.1913,1.000
16.231724526,0.0286,0.9811,0.1915,1.000
16.232726449,0.0281,0.9814,0.1923,1.000
16.234293796,0.0269,0.9814,0.1930,1.001
16.236304719,0.0288,0.9819,0.1930,1.001
16.238330796,0.0303,0.9814,0.1930,1.001
16.240153373,0.0308,0.9819,0.1932,1.001
16.242154834,0.0322,0.9811,0.1932,1.001
16.245414873,0.0330,0.9824,0.1942,1.002
16.24752818,0.0342,0.9824,0.1910,1.001
16.248868757,0.0344,0.9816,0.1910,1.001
16.250316873,0.0344,0.9794,0.1932,0.999
16.252111142,0.0357,0.9804,0.1925,1.000
16.254113988,0.0352,0.9806,0.1925,1.000
16.256206488,0.0327,0.9804,0.1937,1.000
16.258065757,0.0327,0.9811,0.1945,1.001
16.260009488,0.0330,0.9806,0.1942,1.000
16.263781565,0.0330,0.9806,0.1935,1.000
16.265016334,0.0320,0.9809,0.1945,1.000
16.26619368,0.0325,0.9814,0.1952,1.001
16.26790618,0.0320,0.9802,0.1945,1.000
16.269718219,0.0313,0.9802,0.1957,1.000
16.271924911,0.0305,0.9789,0.1986,0.999
16.273922526,0.0305,0.9794,0.1972,1.000
16.27607968,0.0300,0.9792,0.1957,0.999
16.285839026,0.0320,0.9787,0.1972,0.999
16.287419834,0.0313,0.9784,0.1957,0.998
16.288510411,0.0315,0.9777,0.1947,0.997
16.28958918,0.0320,0.9784,0.1940,0.998
16.290835988,0.0342,0.9794,0.1962,0.999
16.291547526,0.0320,0.9772,0.1974,0.997
16.291961142,0.0327,0.9755,0.1969,0.996
16.292433911,0.0342,0.9770,0.1962,0.997
16.293798219,0.0340,0.9780,0.1959,0.998
16.303781834,0.0342,0.9775,0.1957,0.997
16.304528142,0.0340,0.9775,0.1964,0.998
16.304939142,0.0340,0.9762,0.1954,0.996
16.305369372,0.0340,0.9784,0.1954,0.998
16.305777219,0.0342,0.9792,0.1969,0.999
16.306195372,0.0337,0.9784,0.1962,0.998
16.307235834,0.0352,0.9772,0.1947,0.997
16.309250796,0.0352,0.9792,0.1954,0.999
16.31170418,0.0342,0.9794,0.1954,0.999
16.314184026,0.0354,0.9784,0.1932,0.998
16.315149719,0.0354,0.9777,0.1930,0.997
16.317221757,0.0357,0.9760,0.1918,0.995
16.319337642,0.0369,0.9772,0.1908,0.996
16.32127368,0.0369,0.9777,0.1910,0.997
16.323887796,0.0357,0.9792,0.1928,0.999
16.325327026,0.0347,0.9775,0.1935,0.997
16.327281219,0.0344,0.9780,0.1908,0.997
16.33048618,0.0344,0.9782,0.1908,0.997
16.332142257,0.0347,0.9775,0.1906,0.996
16.333579372,0.0349,0.9762,0.1876,0.995
16.33503568,0.0357,0.9762,0.1906,0.995
16.336927949,0.0354,0.9767,0.1915,0.996
16.338999411,0.0369,0.9758,0.1901,0.995
16.34082418,0.0374,0.9758,0.1886,0.995
16.342687719,0.0369,0.9758,0.1884,0.994
16.346479834,0.0381,0.9762,0.1893,0.995
16.347869449,0.0376,0.9762,0.1896,0.995
16.349064334,0.0391,0.9753,0.1896,0.994
16.350779949,0.0388,0.9750,0.1898,0.994
16.352964911,0.0401,0.9753,0.1913,0.995
16.354796603,0.0388,0.9748,0.1896,0.994
16.356887219,0.0388,0.9748,0.1903,0.994
16.35877518,0.0379,0.9748,0.1908,0.994
16.369127526,0.0366,0.9743,0.1901,0.993
16.370919642,0.0362,0.9753,0.1918,0.995
16.371843526,0.0374,0.9736,0.1915,0.993
16.372907719,0.0379,0.9728,0.1903,0.992
16.373852872,0.0386,0.9733,0.1908,0.993
16.37523218,0.0381,0.9750,0.1901,0.994
16.376327795,0.0379,0.9745,0.1896,0.994
16.377384257,0.0369,0.9748,0.1893,0.994
16.378689834,0.0364,0.9758,0.1896,0.995
16.379192795,0.0354,0.9743,0.1898,0.993
16.386249065,0.0371,0.9750,0.1884,0.994
16.386748295,0.0376,0.9755,0.1891,0.994
16.387007065,0.0366,0.9760,0.1891,0.995
16.387228795,0.0369,0.9758,0.1896,0.995
16.388193719,0.0371,0.9760,0.1888,0.995
16.389979988,0.0374,0.9750,0.1901,0.994
16.392056065,0.0379,0.9750,0.1896,0.994
16.395199449,0.0369,0.9760,0.1893,0.995
16.396545219,0.0364,0.9762,0.1891,0.995
16.397982565,0.0357,0.9762,0.1891,0.995
16.400165719,0.0369,0.9772,0.1874,0.996
16.40247968,0.0354,0.9770,0.1886,0.996
16.404015565,0.0354,0.9767,0.1881,0.995
16.405670449,0.0364,0.9784,0.1871,0.997
16.407919295,0.0371,0.9789,0.1869,0.997
16.409814411,0.0369,0.9794,0.1871,0.998
16.411957026,0.0376,0.9784,0.1879,0.997
16.413811795,0.0366,0.9784,0.1859,0.997
16.415888949,0.0332,0.9787,0.1842,0.996
16.417894642,0.0327,0.9787,0.1845,0.996
16.419893295,0.0337,0.9792,0.1842,0.997
16.421891526,0.0362,0.9789,0.1852,0.997
16.423804411,0.0354,0.9792,0.1857,0.997
16.425584334,0.0352,0.9797,0.1857,0.998
16.428811026,0.0354,0.9802,0.1857,0.998
16.429866142,0.0354,0.9797,0.1859,0.998
16.431828334,0.0354,0.9802,0.1871,0.998
16.43366918,0.0357,0.9792,0.1867,0.997
16.435510757,0.0362,0.9792,0.1864,0.997
16.437558488,0.0349,0.9784,0.1864,0.997
16.439592872,0.0347,0.9775,0.1869,0.996
16.441424065,0.0349,0.9792,0.1888,0.998
16.443699757,0.0349,0.9789,0.1908,0.998
16.446348065,0.0347,0.9784,0.1910,0.998
16.449390411,0.0371,0.9782,0.1881,0.997
16.450713065,0.0359,0.9789,0.1874,0.997
16.451530257,0.0347,0.9799,0.1881,0.998
16.453514372,0.0354,0.9809,0.1910,1.000
16.455525526,0.0352,0.9804,0.1915,1.000
16.45738568,0.0349,0.9797,0.1910,0.999
16.459466103,0.0362,0.9780,0.1928,0.997
16.46248218,0.0362,0.9775,0.1915,0.997
16.463950372,0.0354,0.9767,0.1908,0.996
16.465275565,0.0357,0.9767,0.1908,0.996
16.467248142,0.0354,0.9772,0.1910,0.996
16.469125488,0.0359,0.9782,0.1908,0.997
16.471250988,0.0352,0.9782,0.1896,0.997
16.473279872,0.0362,0.9765,0.1901,0.995
16.475178334,0.0362,0.9772,0.1908,0.996
16.477120834,0.0362,0.9787,0.1898,0.998
16.485735642,0.0362,0.9780,0.1886,0.997
16.487072218,0.0366,0.9770,0.1881,0.996
16.488127834,0.0354,0.9777,0.1879,0.996
16.489118142,0.0342,0.9784,0.1884,0.997
16.490025026,0.0342,0.9784,0.1891,0.997
16.491213911,0.0337,0.9770,0.1879,0.995
16.492081911,0.0347,0.9772,0.1871,0.996
16.493171218,0.0340,0.9767,0.1867,0.995
16.500974142,0.0340,0.9775,0.1849,0.995
16.502449334,0.0332,0.9772,0.1847,0.995
16.503494603,0.0337,0.9780,0.1869,0.996
16.504309295,0.0330,0.9777,0.1874,0.996
16.505365218,0.0337,0.9775,0.1874,0.996
16.506335718,0.0335,0.9780,0.1874,0.996
16.507453257,0.0337,0.9775,0.1874,0.996
16.508473218,0.0347,0.9777,0.1886,0.996
16.510483488,0.0340,0.9777,0.1869,0.996
16.513549488,0.0347,0.9777,0.1864,0.996
16.515105911,0.0332,0.9777,0.1871,0.996
16.516300949,0.0320,0.9782,0.1879,0.997
16.518329757,0.0318,0.9782,0.1881,0.997
16.520392295,0.0320,0.9777,0.1884,0.996
16.522235065,0.0320,0.9780,0.1876,0.996
16.52464518,0.0330,0.9775,0.1867,0.996
16.526391757,0.0337,0.9772,0.1869,0.996
16.529411949,0.0342,0.9775,0.1864,0.996
16.531462488,0.0347,0.9765,0.1854,0.995
16.532761218,0.0349,0.9760,0.1857,0.994
16.534094988,0.0335,0.9748,0.1845,0.993
16.536020218,0.0327,0.9762,0.1852,0.994
16.538180411,0.0340,0.9784,0.1857,0.996
16.539903603,0.0340,0.9792,0.1845,0.997
16.541693103,0.0332,0.9789,0.1845,0.997
16.543774411,0.0335,0.9780,0.1871,0.996
16.546484718,0.0315,0.9767,0.1857,0.995
16.547959257,0.0318,0.9772,0.1849,0.995
16.549769257,0.0330,0.9784,0.1849,0.996
16.551916565,0.0335,0.9777,0.1847,0.996
16.553671718,0.0342,0.9772,0.1852,0.995
16.555924411,0.0342,0.9780,0.1840,0.996
16.557820372,0.0342,0.9772,0.1852,0.995
16.559953642,0.0332,0.9780,0.1837,0.996
16.564519103,0.0332,0.9787,0.1827,0.996
16.565076988,0.0342,0.9767,0.1823,0.994
16.565420065,0.0362,0.9772,0.1815,0.995
16.567659949,0.0349,0.9780,0.1815,0.995
16.569657026,0.0344,0.9787,0.1810,0.996
16.571591372,0.0327,0.9784,0.1810,0.996
16.573617103,0.0318,0.9794,0.1810,0.997
16.575586949,0.0340,0.9787,0.1808,0.996
16.578735718,0.0335,0.9770,0.1810,0.994
16.579239065,0.0340,0.9775,0.1827,0.995
16.581616949,0.0337,0.9782,0.1852,0.996
16.583546295,0.0325,0.9782,0.1874,0.997
16.585501757,0.0322,0.9780,0.1893,0.997
16.587381295,0.0337,0.9784,0.1908,0.997
16.589171488,0.0327,0.9780,0.1915,0.997
16.591136603,0.0330,0.9782,0.1903,0.997
16.593357218,0.0340,0.9787,0.1906,0.998
16.595558295,0.0352,0.9780,0.1881,0.997
16.597272103,0.0347,0.9772,0.1837,0.995
16.599410988,0.0342,0.9760,0.1825,0.994
16.601287026,0.0352,0.9777,0.1769,0.994
16.603363526,0.0342,0.9784,0.1722,0.994
16.605196911,0.0347,0.9784,0.1703,0.994
16.60730018,0.0352,0.9802,0.1673,0.995
16.609231411,0.0362,0.9809,0.1652,0.995
16.613481141,0.0362,0.9799,0.1632,0.994
16.614729603,0.0340,0.9824,0.1664,0.997
16.615592488,0.0340,0.9824,0.1681,0.997
16.617010103,0.0322,0.9828,0.1700,0.998
16.619165334,0.0308,0.9836,0.1737,0.999
16.621065026,0.0313,0.9828,0.1752,0.999
16.623093411,0.0303,0.9831,0.1798,1.000
16.625060603,0.0308,0.9826,0.1805,1.000
16.62695518,0.0310,0.9833,0.1805,1.000
16.629662872,0.0320,0.9836,0.1791,1.000
16.631015065,0.0322,0.9826,0.1781,0.999
16.632793565,0.0318,0.9804,0.1771,0.997
16.634775949,0.0318,0.9806,0.1774,0.997
16.636950411,0.0315,0.9821,0.1796,0.999
16.639137257,0.0288,0.9802,0.1837,0.998
16.64091318,0.0288,0.9789,0.1854,0.997
16.642811103,0.0288,0.9789,0.1923,0.998
16.64660418,0.0296,0.9794,0.1976,1.000
16.648232372,0.0315,0.9782,0.1994,0.999
16.649436565,0.0325,0.9797,0.2025,1.001
16.65109968,0.0344,0.9792,0.2042,1.001
16.65277818,0.0344,0.9775,0.2072,1.000
16.65462568,0.0347,0.9767,0.2081,0.999
16.656694449,0.0347,0.9770,0.2099,1.000
16.658599141,0.0362,0.9765,0.2108,1.000
16.660759641,0.0364,0.9760,0.2099,0.999
16.664194565,0.0359,0.9762,0.2084,0.999
16.665642565,0.0374,0.9743,0.2055,0.996
16.667292757,0.0371,0.9748,0.2040,0.997
16.668665411,0.0398,0.9745,0.2011,0.996
16.670244526,0.0391,0.9758,0.1952,0.996
16.672357411,0.0393,0.9762,0.1915,0.996
16.674297603,0.0398,0.9762,0.1827,0.994
16.676601488,0.0391,0.9762,0.1801,0.993
16.688474564,0.0398,0.9775,0.1735,0.994
16.690183372,0.0401,0.9787,0.1688,0.994
16.691460603,0.0393,0.9787,0.1669,0.994
16.69270868,0.0391,0.9802,0.1595,0.994
16.694030488,0.0371,0.9799,0.1554,0.993
16.69544218,0.0366,0.9797,0.1537,0.992
16.696921757,0.0342,0.9802,0.1476,0.992
16.698382718,0.0335,0.9809,0.1456,0.992
16.699702218,0.0325,0.9819,0.1427,0.993
16.701072949,0.0337,0.9833,0.1417,0.994
16.702476372,0.0325,0.9833,0.1405,0.994
16.702943141,0.0327,0.9831,0.1385,0.993
16.706819449,0.0340,0.9821,0.1380,0.992
16.707729795,0.0344,0.9831,0.1375,0.993
16.708396218,0.0354,0.9819,0.1395,0.992
16.708665372,0.0352,0.9814,0.1400,0.992
16.709618411,0.0362,0.9802,0.1422,0.991
16.716470411,0.0371,0.9811,0.1461,0.993
16.716954257,0.0379,0.9811,0.1459,0.993
16.717203988,0.0364,0.9819,0.1473,0.994
16.717726718,0.0364,0.9816,0.1520,0.994
16.720090064,0.0369,0.9809,0.1537,0.994
16.721605103,0.0362,0.9799,0.1578,0.993
16.72365168,0.0359,0.9799,0.1610,0.994
16.725490488,0.0362,0.9797,0.1683,0.995
16.727845257,0.0357,0.9802,0.1735,0.996
16.729444372,0.0349,0.9802,0.1754,0.996
16.731621218,0.0364,0.9799,0.1827,0.997
16.733441218,0.0357,0.9789,0.1854,0.997
16.735833295,0.0340,0.9787,0.1928,0.998
16.737306257,0.0332,0.9775,0.1969,0.998
16.739585026,0.0322,0.9765,0.1989,0.997
16.741470411,0.0308,0.9760,0.2033,0.997
16.743450411,0.0308,0.9765,0.2057,0.998
16.746050141,0.0318,0.9760,0.2077,0.998
16.747492026,0.0315,0.9770,0.2099,1.000
16.749437988,0.0313,0.9770,0.2106,1.000
16.751245564,0.0318,0.9767,0.2130,1.000
16.753188372,0.0308,0.9753,0.2140,0.999
16.75560518,0.0315,0.9755,0.2135,0.999
16.757336834,0.0322,0.9765,0.2145,1.000
16.759398103,0.0344,0.9775,0.2155,1.002
16.761324026,0.0337,0.9770,0.2155,1.001
16.764034488,0.0335,0.9782,0.2133,1.002
16.765268141,0.0337,0.9784,0.2138,1.002
16.767208334,0.0342,0.9787,0.2123,1.002
16.769163334,0.0342,0.9787,0.2113,1.002
16.771131603,0.0337,0.9780,0.2101,1.001
16.773048795,0.0325,0.9811,0.2081,1.003
16.775066757,0.0320,0.9816,0.2055,1.003
16.777083834,0.0310,0.9811,0.2020,1.002
16.788092257,0.0315,0.9804,0.1969,1.000
16.789383488,0.0313,0.9811,0.1950,1.001
16.790361372,0.0308,0.9828,0.1920,1.002
16.791354257,0.0308,0.9831,0.1879,1.001
16.792188987,0.0313,0.9831,0.1854,1.001
16.793183641,0.0305,0.9833,0.1820,1.001
16.794240603,0.0293,0.9833,0.1801,1.000
16.795472834,0.0293,0.9828,0.1781,0.999
16.796904487,0.0296,0.9828,0.1761,0.999
16.798057949,0.0305,0.9838,0.1744,1.000
16.799825411,0.0318,0.9836,0.1722,0.999
16.801413603,0.0322,0.9828,0.1710,0.998
16.803009218,0.0332,0.9833,0.1705,0.999
16.80580418,0.0335,0.9821,0.1695,0.997
16.807479911,0.0332,0.9821,0.1693,0.997
16.813476449,0.0315,0.9811,0.1681,0.996
16.815174411,0.0327,0.9799,0.1661,0.994
16.816073987,0.0340,0.9802,0.1664,0.995
16.817217218,0.0327,0.9792,0.1673,0.994
16.818709795,0.0325,0.9794,0.1676,0.994
16.820074872,0.0325,0.9775,0.1683,0.992
16.821174372,0.0335,0.9780,0.1691,0.993
16.822303218,0.0340,0.9770,0.1705,0.992
16.824571718,0.0349,0.9758,0.1710,0.991
16.826480872,0.0349,0.9750,0.1710,0.991
16.829898987,0.0352,0.9736,0.1713,0.989
16.831717218,0.0335,0.9740,0.1739,0.990
16.83306568,0.0332,0.9743,0.1752,0.990
16.834679411,0.0325,0.9748,0.1747,0.991
16.83618818,0.0352,0.9743,0.1747,0.990
16.838222718,0.0349,0.9723,0.1744,0.988
16.839984757,0.0342,0.9726,0.1759,0.989
16.842098141,0.0337,0.9728,0.1759,0.989
16.844088064,0.0340,0.9748,0.1761,0.991
16.846122449,0.0332,0.9753,0.1788,0.992
16.848200372,0.0327,0.9748,0.1798,0.992
16.84986718,0.0332,0.9743,0.1805,0.991
16.851993526,0.0330,0.9743,0.1810,0.992
16.853884372,0.0313,0.9745,0.1832,0.992
16.855985872,0.0296,0.9762,0.1867,0.994
16.857873103,0.0281,0.9765,0.1876,0.995
16.859817257,0.0296,0.9748,0.1906,0.994
16.862571834,0.0279,0.9755,0.1928,0.995
16.863742603,0.0274,0.9758,0.1925,0.995
16.865607218,0.0281,0.9755,0.1915,0.995
16.868099026,0.0283,0.9750,0.1903,0.994
16.869728872,0.0257,0.9743,0.1888,0.993
16.871555949,0.0279,0.9750,0.1881,0.993
16.87355918,0.0274,0.9758,0.1871,0.994
16.87580418,0.0259,0.9775,0.1854,0.995
16.87773318,0.0244,0.9794,0.1864,0.997
16.885959757,0.0257,0.9799,0.1869,0.998
16.887160218,0.0266,0.9794,0.1825,0.997
16.887986411,0.0259,0.9797,0.1815,0.997
16.888690603,0.0257,0.9816,0.1825,0.999
16.889465487,0.0266,0.9814,0.1810,0.998
16.89021668,0.0283,0.9826,0.1810,1.000
16.891552526,0.0305,0.9824,0.1805,0.999
16.893463334,0.0300,0.9836,0.1764,1.000
16.901915641,0.0310,0.9846,0.1752,1.000
16.903457641,0.0332,0.9841,0.1752,1.000
16.904263987,0.0337,0.9846,0.1747,1.000
16.905116449,0.0359,0.9836,0.1725,0.999
16.906071026,0.0352,0.9846,0.1708,1.000
16.907244872,0.0349,0.9853,0.1695,1.000
16.908234064,0.0327,0.9836,0.1705,0.999
16.909444949,0.0347,0.9838,0.1708,0.999
16.911432141,0.0352,0.9833,0.1713,0.999
16.914258141,0.0327,0.9833,0.1708,0.999
16.915918949,0.0325,0.9824,0.1725,0.998
16.920125987,0.0325,0.9841,0.1732,1.000
16.92135391,0.0335,0.9853,0.1715,1.001
16.922104334,0.0347,0.9848,0.1710,1.000
16.923222026,0.0347,0.9843,0.1735,1.000
16.925186141,0.0359,0.9831,0.1722,0.999
16.927187103,0.0371,0.9831,0.1717,0.999
16.932945295,0.0401,0.9814,0.1717,0.997
16.93430968,0.0410,0.9809,0.1722,0.997
16.935526564,0.0401,0.9809,0.1732,0.997
16.936485372,0.0415,0.9806,0.1752,0.997
16.937409603,0.0410,0.9809,0.1742,0.997
16.938875757,0.0408,0.9811,0.1739,0.997
16.940848795,0.0406,0.9814,0.1744,0.998
16.942900757,0.0403,0.9819,0.1752,0.998
16.944964372,0.0393,0.9804,0.1757,0.997
16.948044103,0.0381,0.9806,0.1754,0.997
16.949560026,0.0384,0.9799,0.1747,0.996
16.951076026,0.0381,0.9797,0.1742,0.996
16.952720872,0.0376,0.9802,0.1752,0.996
16.954668103,0.0379,0.9816,0.1766,0.998
16.95677241,0.0374,0.9814,0.1761,0.998
16.958696487,0.0359,0.9809,0.1783,0.998
16.960636834,0.0352,0.9821,0.1781,0.999
16.964099834,0.0347,0.9824,0.1779,0.999
16.965585834,0.0337,0.9802,0.1781,0.997
16.967096564,0.0332,0.9797,0.1781,0.996
16.968503795,0.0313,0.9809,0.1771,0.997
16.970606218,0.0322,0.9816,0.1766,0.998
16.97255918,0.0305,0.9811,0.1759,0.997
16.974247949,0.0315,0.9811,0.1766,0.997
16.976310372,0.0320,0.9821,0.1771,0.998
16.978408295,0.0320,0.9824,0.1771,0.999
16.988376257,0.0313,0.9821,0.1791,0.999
16.989844526,0.0308,0.9819,0.1786,0.998
16.991217026,0.0310,0.9809,0.1779,0.997
16.992311987,0.0325,0.9806,0.1783,0.997
16.993327487,0.0330,0.9804,0.1786,0.997
16.995091834,0.0335,0.9799,0.1776,0.996
16.995431603,0.0340,0.9794,0.1781,0.996
16.99566568,0.0332,0.9809,0.1798,0.998
16.995900295,0.0325,0.9809,0.1786,0.998
17.00278318,0.0318,0.9797,0.1786,0.996
17.003257872,0.0313,0.9814,0.1757,0.997
17.003502526,0.0322,0.9797,0.1769,0.996
17.00403518,0.0320,0.9806,0.1764,0.997
17.005729026,0.0303,0.9784,0.1769,0.995
17.007959064,0.0320,0.9780,0.1776,0.994
17.00965318,0.0342,0.9772,0.1769,0.994
17.013106333,0.0327,0.9797,0.1766,0.996
17.014125487,0.0325,0.9797,0.1771,0.996
17.01599168,0.0318,0.9794,0.1764,0.996
17.017889795,0.0332,0.9787,0.1766,0.995
17.019963257,0.0337,0.9784,0.1766,0.995
17.02161168,0.0332,0.9755,0.1744,0.992
17.023989103,0.0332,0.9753,0.1732,0.991
17.025741718,0.0330,0.9772,0.1730,0.993
17.027701872,0.0313,0.9765,0.1732,0.992
17.029792757,0.0320,0.9760,0.1735,0.992
17.031722757,0.0327,0.9750,0.1732,0.991
17.033971333,0.0340,0.9758,0.1713,0.991
17.03577268,0.0352,0.9760,0.1705,0.991
17.037520295,0.0330,0.9780,0.1703,0.993
17.039726026,0.0330,0.9784,0.1700,0.994
17.041675795,0.0332,0.9777,0.1698,0.993
17.043619526,0.0332,0.9772,0.1691,0.992
17.046870064,0.0327,0.9772,0.1703,0.992
17.047874641,0.0335,0.9770,0.1686,0.992
17.049720718,0.0325,0.9780,0.1676,0.993
17.052500218,0.0305,0.9784,0.1671,0.993
17.05366118,0.0322,0.9792,0.1678,0.994
17.055568526,0.0325,0.9799,0.1678,0.995
17.057702064,0.0325,0.9797,0.1678,0.994
17.059778641,0.0318,0.9797,0.1669,0.994
17.061424257,0.0325,0.9784,0.1659,0.993
17.064328833,0.0342,0.9792,0.1664,0.994
17.065900026,0.0340,0.9797,0.1671,0.994
17.067315564,0.0344,0.9806,0.1654,0.995
17.069245487,0.0335,0.9811,0.1654,0.996
17.071378218,0.0342,0.9814,0.1654,0.996
17.073291564,0.0344,0.9799,0.1644,0.994
17.075184218,0.0359,0.9797,0.1656,0.994
17.077043872,0.0362,0.9821,0.1659,0.997
17.087525487,0.0357,0.9826,0.1644,0.997
17.089055295,0.0352,0.9821,0.1637,0.996
17.090015526,0.0342,0.9819,0.1647,0.996
17.091224218,0.0347,0.9821,0.1639,0.996
17.092343372,0.0344,0.9826,0.1632,0.997
17.09441291,0.0347,0.9841,0.1632,0.998
17.095678833,0.0344,0.9843,0.1639,0.998
17.096985064,0.0330,0.9833,0.1639,0.997
17.098088026,0.0327,0.9828,0.1649,0.997
17.099510795,0.0322,0.9821,0.1656,0.997
17.100799218,0.0325,0.9816,0.1652,0.996
17.102024372,0.0344,0.9828,0.1647,0.997
17.103423141,0.0352,0.9841,0.1639,0.998
17.106121872,0.0342,0.9843,0.1615,0.998
17.107765372,0.0344,0.9846,0.1617,0.998
17.108891795,0.0337,0.9838,0.1649,0.998
17.11072918,0.0335,0.9841,0.1630,0.998
17.11339641,0.0335,0.9843,0.1627,0.998
17.114674218,0.0342,0.9838,0.1647,0.998
17.117626487,0.0342,0.9824,0.1652,0.997
17.118424333,0.0340,0.9833,0.1652,0.998
17.120724526,0.0371,0.9838,0.1642,0.998
17.12241068,0.0371,0.9841,0.1647,0.998
17.124804218,0.0369,0.9838,0.1634,0.998
17.126665603,0.0384,0.9838,0.1627,0.998
17.128881103,0.0384,0.9833,0.1620,0.997
17.132230026,0.0379,0.9838,0.1627,0.998
17.13295718,0.0379,0.9841,0.1622,0.998
17.134207449,0.0386,0.9858,0.1625,1.000
17.136400141,0.0408,0.9833,0.1625,0.997
17.138232026,0.0410,0.9826,0.1615,0.997
17.140589256,0.0408,0.9831,0.1608,0.997
17.142095949,0.0408,0.9826,0.1608,0.996
17.144443641,0.0413,0.9824,0.1610,0.996
17.147470256,0.0425,0.9824,0.1627,0.997
17.14831768,0.0428,0.9814,0.1632,0.996
17.150109141,0.0440,0.9816,0.1634,0.996
17.152456103,0.0454,0.9809,0.1634,0.995
17.154089295,0.0450,0.9806,0.1627,0.995
17.156358333,0.0445,0.9811,0.1620,0.995
17.158112064,0.0440,0.9816,0.1627,0.996
17.160124872,0.0440,0.9809,0.1637,0.995
17.162206064,0.0435,0.9802,0.1634,0.995
17.165120603,0.0442,0.9797,0.1632,0.994
17.16682991,0.0435,0.9797,0.1630,0.994
17.167811487,0.0435,0.9794,0.1632,0.994
17.169798564,0.0430,0.9784,0.1647,0.993
17.172196987,0.0413,0.9792,0.1630,0.994
17.173754218,0.0403,0.9792,0.1644,0.994
17.176083103,0.0398,0.9789,0.1656,0.994
17.177840564,0.0384,0.9777,0.1649,0.992
17.18510641,0.0379,0.9777,0.1644,0.992
17.185973372,0.0396,0.9767,0.1661,0.992
17.186413603,0.0398,0.9762,0.1654,0.991
17.186915487,0.0384,0.9770,0.1649,0.992
17.193247526,0.0364,0.9772,0.1656,0.992
17.193875449,0.0379,0.9767,0.1656,0.991
17.194299103,0.0371,0.9762,0.1659,0.991
17.194803564,0.0362,0.9748,0.1634,0.989
17.195735718,0.0359,0.9762,0.1634,0.990
17.201398487,0.0364,0.9767,0.1632,0.991
17.202235949,0.0379,0.9777,0.1639,0.992
17.202765872,0.0369,0.9780,0.1608,0.992
17.204228218,0.0359,0.9777,0.1603,0.991
17.205491256,0.0362,0.9782,0.1612,0.992
17.208294103,0.0362,0.9777,0.1617,0.992
17.209603141,0.0379,0.9758,0.1605,0.990
17.211930333,0.0381,0.9748,0.1598,0.989
17.214224256,0.0359,0.9765,0.1583,0.990
17.216014987,0.0364,0.9767,0.1586,0.990
17.217358949,0.0376,0.9775,0.1608,0.991
17.21972618,0.0376,0.9782,0.1603,0.992
17.22118891,0.0376,0.9767,0.1595,0.990
17.223552718,0.0381,0.9775,0.1586,0.991
17.225157641,0.0374,0.9782,0.1586,0.992
17.227260333,0.0371,0.9789,0.1586,0.992
17.229227795,0.0381,0.9799,0.1581,0.993
17.232049256,0.0388,0.9799,0.1583,0.993
17.233666218,0.0374,0.9799,0.1593,0.993
17.235261564,0.0366,0.9797,0.1615,0.994
17.237436026,0.0366,0.9797,0.1622,0.994
17.239133795,0.0366,0.9794,0.1625,0.993
17.241039487,0.0379,0.9797,0.1637,0.994
17.243142295,0.0376,0.9809,0.1656,0.995
17.244985372,0.0379,0.9799,0.1686,0.995
17.248282526,0.0371,0.9804,0.1695,0.996
17.249765026,0.0374,0.9802,0.1681,0.995
17.251975372,0.0381,0.9794,0.1656,0.994
17.253101218,0.0391,0.9799,0.1647,0.994
17.254778872,0.0386,0.9821,0.1593,0.996
17.256912064,0.0388,0.9811,0.1576,0.994
17.258758179,0.0403,0.9826,0.1561,0.996
17.26065341,0.0393,0.9828,0.1549,0.996
17.264317987,0.0391,0.9828,0.1544,0.996
17.265833564,0.0384,0.9828,0.1527,0.995
17.267088026,0.0379,0.9826,0.1515,0.995
17.268603564,0.0379,0.9843,0.1495,0.996
17.270441218,0.0369,0.9846,0.1507,0.997
17.272548449,0.0359,0.9846,0.1522,0.997
17.274546218,0.0352,0.9850,0.1556,0.998
17.276882026,0.0332,0.9850,0.1578,0.998
17.278473833,0.0340,0.9848,0.1588,0.998
17.28855591,0.0332,0.9875,0.1632,1.001
17.290332141,0.0335,0.9865,0.1647,1.001
17.291604564,0.0347,0.9836,0.1678,0.998
17.292611487,0.0337,0.9828,0.1683,0.998
17.293585449,0.0347,0.9821,0.1681,0.997
17.29712391,0.0371,0.9831,0.1693,0.998
17.298334141,0.0357,0.9819,0.1703,0.997
17.299481987,0.0347,0.9802,0.1717,0.996
17.300552795,0.0359,0.9811,0.1769,0.998
17.303710026,0.0371,0.9809,0.1796,0.998
17.305175987,0.0352,0.9814,0.1857,0.999
17.306202526,0.0344,0.9809,0.1928,1.000
17.307222795,0.0349,0.9804,0.1959,1.000
17.308303564,0.0344,0.9804,0.1996,1.001
17.309367487,0.0366,0.9806,0.2035,1.002
17.310444487,0.0374,0.9782,0.2057,1.000
17.312242795,0.0376,0.9784,0.2045,1.000
17.314348103,0.0374,0.9777,0.2042,1.000
17.316009449,0.0384,0.9770,0.2060,0.999
17.317906487,0.0393,0.9775,0.2060,1.000
17.320127026,0.0401,0.9770,0.2045,0.999
17.321857872,0.0410,0.9762,0.2001,0.997
17.324243833,0.0415,0.9762,0.1972,0.997
17.325901526,0.0410,0.9755,0.1930,0.995
17.328161372,0.0410,0.9758,0.1876,0.994
17.330637795,0.0420,0.9762,0.1835,0.994
17.331952718,0.0398,0.9782,0.1754,0.995
17.334092564,0.0396,0.9794,0.1661,0.994
17.335836795,0.0388,0.9792,0.1622,0.993
17.337693564,0.0391,0.9794,0.1556,0.992
17.339726179,0.0391,0.9792,0.1517,0.992
17.341674718,0.0364,0.9797,0.1427,0.991
17.343979987,0.0357,0.9828,0.1371,0.993
17.345977102,0.0354,0.9841,0.1344,0.994
17.348726026,0.0354,0.9841,0.1312,0.993
17.351490718,0.0354,0.9850,0.1292,0.994
17.352713141,0.0357,0.9850,0.1273,0.994
17.353579679,0.0366,0.9868,0.1261,0.995
17.355686872,0.0369,0.9860,0.1258,0.995
17.357540372,0.0374,0.9863,0.1261,0.995
17.359637141,0.0384,0.9863,0.1256,0.995
17.361441718,0.0381,0.9858,0.1258,0.995
17.371823795,0.0384,0.9870,0.1297,0.996
17.373172487,0.0396,0.9875,0.1312,0.997
17.374115102,0.0401,0.9868,0.1356,0.997
17.375191641,0.0393,0.9850,0.1390,0.996
17.376153602,0.0388,0.9836,0.1419,0.995
17.377133333,0.0393,0.9841,0.1468,0.996
17.378048949,0.0406,0.9841,0.1520,0.997
17.378987833,0.0403,0.9848,0.1539,0.998
17.380037987,0.0406,0.9850,0.1588,0.999
17.39169841,0.0410,0.9846,0.1610,0.998
17.393228218,0.0406,0.9841,0.1664,0.999
17.394127026,0.0388,0.9828,0.1722,0.999
17.395234218,0.0376,0.9838,0.1747,1.000
17.396519141,0.0379,0.9826,0.1810,1.000
17.398895141,0.0349,0.9833,0.1840,1.001
17.399978064,0.0344,0.9831,0.1867,1.001
17.400732141,0.0344,0.9814,0.1901,1.000
17.401666179,0.0332,0.9811,0.1954,1.001
17.402351602,0.0327,0.9816,0.1974,1.002
17.403411526,0.0303,0.9809,0.1996,1.001
17.404239179,0.0300,0.9814,0.2006,1.002
17.405166372,0.0293,0.9809,0.2035,1.002
17.408801179,0.0286,0.9816,0.2038,1.003
17.410045526,0.0288,0.9804,0.2047,1.002
17.411178295,0.0269,0.9789,0.2057,1.001
17.41478891,0.0271,0.9794,0.2055,1.001
17.416277756,0.0288,0.9802,0.2055,1.002
17.417392487,0.0293,0.9804,0.2033,1.002
17.419321487,0.0286,0.9809,0.2028,1.002
17.420852641,0.0305,0.9809,0.2025,1.002
17.422994987,0.0318,0.9811,0.2018,1.002
17.424936949,0.0310,0.9814,0.2001,1.002
17.426857602,0.0310,0.9821,0.1969,1.002
17.42897791,0.0305,0.9824,0.1964,1.002
17.431857487,0.0305,0.9828,0.1928,1.002
17.433283987,0.0303,0.9826,0.1908,1.001
17.435042026,0.0310,0.9819,0.1893,1.000
17.436658218,0.0315,0.9816,0.1874,1.000
17.438627949,0.0322,0.9814,0.1840,0.999
17.440680372,0.0318,0.9828,0.1825,1.000
17.442666987,0.0313,0.9819,0.1798,0.999
17.444550564,0.0310,0.9826,0.1771,0.999
17.448763641,0.0313,0.9819,0.1727,0.997
17.450199218,0.0322,0.9809,0.1705,0.996
17.451369372,0.0310,0.9821,0.1695,0.997
17.452580256,0.0313,0.9831,0.1666,0.998
17.454364949,0.0305,0.9831,0.1649,0.997
17.456681333,0.0308,0.9814,0.1642,0.995
17.458408064,0.0318,0.9806,0.1625,0.995
17.46066191,0.0327,0.9809,0.1622,0.995
17.462552372,0.0340,0.9802,0.1622,0.994
17.465299025,0.0322,0.9792,0.1603,0.993
17.466777102,0.0318,0.9799,0.1603,0.993
17.468407641,0.0320,0.9780,0.1612,0.992
17.470218025,0.0320,0.9780,0.1612,0.992
17.472262795,0.0325,0.9770,0.1620,0.991
17.474124141,0.0330,0.9758,0.1630,0.990
17.476081295,0.0347,0.9753,0.1639,0.990
17.478120333,0.0359,0.9733,0.1654,0.988
17.487759487,0.0366,0.9738,0.1659,0.989
17.48916741,0.0369,0.9726,0.1669,0.987
17.490231641,0.0362,0.9726,0.1673,0.988
17.491288102,0.0364,0.9723,0.1683,0.987
17.49231791,0.0374,0.9721,0.1698,0.988
17.493476179,0.0364,0.9709,0.1695,0.986
17.494723564,0.0357,0.9709,0.1693,0.986
17.495278256,0.0359,0.9716,0.1691,0.987
17.495872564,0.0357,0.9709,0.1693,0.986
17.501273256,0.0371,0.9728,0.1708,0.988
17.501755295,0.0362,0.9740,0.1715,0.990
17.502000487,0.0366,0.9740,0.1710,0.990
17.503808025,0.0369,0.9753,0.1708,0.991
17.505832795,0.0366,0.9745,0.1727,0.990
17.507655525,0.0366,0.9733,0.1744,0.990
17.509588833,0.0337,0.9743,0.1774,0.991
17.511516256,0.0330,0.9755,0.1796,0.992
17.514079372,0.0325,0.9760,0.1854,0.994
17.515495102,0.0327,0.9767,0.1910,0.996
17.517594564,0.0320,0.9777,0.1937,0.997
17.519745256,0.0305,0.9787,0.1957,0.999
17.521396333,0.0305,0.9794,0.1952,0.999
17.523427218,0.0310,0.9789,0.1952,0.999
17.525325833,0.0303,0.9784,0.1930,0.998
17.527501602,0.0300,0.9794,0.1908,0.998
17.529481333,0.0325,0.9792,0.1888,0.998
17.532173487,0.0313,0.9809,0.1867,0.999
17.533682295,0.0308,0.9797,0.1852,0.997
17.535542025,0.0305,0.9809,0.1827,0.998
17.537259795,0.0315,0.9814,0.1818,0.999
17.539553256,0.0308,0.9824,0.1808,0.999
17.541419602,0.0308,0.9814,0.1788,0.998
17.543509833,0.0313,0.9809,0.1774,0.997
17.545311718,0.0310,0.9833,0.1798,1.000
17.548124679,0.0327,0.9836,0.1788,1.000
17.551005102,0.0330,0.9836,0.1788,1.000
17.552364525,0.0335,0.9850,0.1761,1.001
17.553362564,0.0337,0.9850,0.1744,1.001
17.555309872,0.0337,0.9846,0.1742,1.000
17.557156025,0.0315,0.9841,0.1744,1.000
17.559237295,0.0327,0.9841,0.1752,1.000
17.561221602,0.0330,0.9858,0.1737,1.002
17.563240718,0.0313,0.9850,0.1722,1.000
17.565683756,0.0322,0.9850,0.1713,1.000
17.567161448,0.0313,0.9850,0.1705,1.000
17.57025341,0.0315,0.9841,0.1713,0.999
17.571308295,0.0310,0.9850,0.1695,1.000
17.573199948,0.0303,0.9838,0.1688,0.999
17.575078102,0.0313,0.9841,0.1695,0.999
17.577132218,0.0335,0.9841,0.1700,0.999
17.579010141,0.0349,0.9833,0.1686,0.998
17.590024487,0.0359,0.9836,0.1681,0.998
17.591860718,0.0371,0.9843,0.1683,0.999
17.593250064,0.0376,0.9841,0.1676,0.999
17.594449718,0.0376,0.9824,0.1688,0.997
17.595811987,0.0388,0.9821,0.1695,0.997
17.597283448,0.0388,0.9821,0.1705,0.998
17.598711718,0.0388,0.9836,0.1710,0.999
17.600098218,0.0391,0.9831,0.1713,0.999
17.601316179,0.0393,0.9821,0.1708,0.998
17.602599218,0.0403,0.9814,0.1725,0.997
17.605420718,0.0398,0.9816,0.1732,0.998
17.607129987,0.0388,0.9797,0.1754,0.996
17.608503564,0.0388,0.9811,0.1739,0.997
17.609626641,0.0388,0.9816,0.1742,0.998
17.610816372,0.0376,0.9799,0.1759,0.996
17.611227064,0.0362,0.9809,0.1764,0.997
17.615341141,0.0364,0.9802,0.1757,0.996
17.616695718,0.0362,0.9806,0.1754,0.997
17.616968102,0.0352,0.9806,0.1764,0.997
17.618298179,0.0337,0.9814,0.1779,0.998
17.620395872,0.0349,0.9806,0.1786,0.997
17.622209487,0.0354,0.9806,0.1791,0.997
17.624519872,0.0347,0.9802,0.1801,0.997
17.625972602,0.0352,0.9806,0.1801,0.998
17.628334641,0.0354,0.9814,0.1805,0.998
17.631470487,0.0344,0.9809,0.1823,0.998
17.632485679,0.0335,0.9811,0.1820,0.998
17.634245564,0.0335,0.9811,0.1805,0.998
17.636108102,0.0332,0.9804,0.1815,0.998
17.637766448,0.0342,0.9824,0.1813,1.000
17.640035987,0.0305,0.9819,0.1798,0.999
17.642094141,0.0305,0.9816,0.1813,0.999
17.644029756,0.0300,0.9809,0.1805,0.998
17.645851064,0.0315,0.9809,0.1805,0.998
17.647981448,0.0298,0.9824,0.1813,0.999
17.64984141,0.0305,0.9789,0.1803,0.996
17.651820102,0.0305,0.9787,0.1805,0.996
17.653480833,0.0308,0.9802,0.1813,0.997
17.655834679,0.0315,0.9809,0.1818,0.998
17.657608295,0.0308,0.9799,0.1820,0.997
17.659600179,0.0315,0.9780,0.1791,0.995
17.661447333,0.0318,0.9767,0.1791,0.994
17.664919141,0.0318,0.9755,0.1801,0.993
17.666008525,0.0318,0.9772,0.1796,0.994
17.668027218,0.0320,0.9784,0.1798,0.995
17.66939841,0.0318,0.9787,0.1796,0.996
17.671613718,0.0310,0.9789,0.1798,0.996
17.673585218,0.0322,0.9789,0.1818,0.996
17.67563291,0.0318,0.9775,0.1798,0.994
17.677319333,0.0305,0.9782,0.1791,0.995
17.679721718,0.0313,0.9782,0.1796,0.995
17.691191064,0.0322,0.9772,0.1791,0.994
17.692643795,0.0315,0.9762,0.1805,0.993
17.693690987,0.0310,0.9760,0.1798,0.993
17.694802795,0.0313,0.9765,0.1801,0.993
17.695821987,0.0308,0.9750,0.1808,0.992
17.697047641,0.0298,0.9755,0.1798,0.992
17.698239756,0.0293,0.9758,0.1788,0.992
17.699723564,0.0286,0.9772,0.1786,0.994
17.701046987,0.0279,0.9775,0.1793,0.994
17.716391064,0.0274,0.9753,0.1793,0.992
17.717947102,0.0279,0.9760,0.1786,0.993
17.719211564,0.0279,0.9758,0.1783,0.992
17.720312333,0.0264,0.9767,0.1803,0.994
17.721403295,0.0264,0.9755,0.1793,0.992
17.722912333,0.0264,0.9760,0.1783,0.993
17.724010179,0.0283,0.9760,0.1796,0.993
17.725131256,0.0286,0.9762,0.1798,0.993
17.725977679,0.0276,0.9770,0.1774,0.993
17.727128718,0.0286,0.9770,0.1774,0.993
17.727939564,0.0279,0.9772,0.1791,0.994
17.729117833,0.0266,0.9767,0.1783,0.993
17.730583179,0.0254,0.9775,0.1788,0.994
17.731631179,0.0259,0.9770,0.1793,0.994
17.73266691,0.0291,0.9784,0.1793,0.995
17.733680795,0.0300,0.9797,0.1798,0.996
17.734740602,0.0303,0.9802,0.1805,0.997
17.735568141,0.0300,0.9777,0.1810,0.995
17.736300756,0.0293,0.9772,0.1805,0.994
17.73720791,0.0296,0.9782,0.1803,0.995
17.739801564,0.0308,0.9789,0.1801,0.996
17.741266141,0.0318,0.9784,0.1783,0.995
17.742553602,0.0310,0.9792,0.1801,0.996
17.744624525,0.0308,0.9799,0.1810,0.997
17.746874102,0.0308,0.9789,0.1793,0.996
17.749604025,0.0322,0.9789,0.1808,0.996
17.751281756,0.0322,0.9789,0.1810,0.996
17.753818179,0.0327,0.9799,0.1815,0.997
17.754335987,0.0335,0.9806,0.1820,0.998
17.756794641,0.0335,0.9802,0.1820,0.997
17.758439256,0.0332,0.9809,0.1840,0.999
17.760601371,0.0335,0.9806,0.1847,0.998
17.762590718,0.0349,0.9811,0.1842,0.999
17.765161871,0.0359,0.9802,0.1825,0.998
17.766452487,0.0359,0.9816,0.1825,0.999
17.768817218,0.0335,0.9814,0.1840,0.999
17.770606987,0.0349,0.9821,0.1832,1.000
17.772236256,0.0349,0.9816,0.1832,0.999
17.774010487,0.0366,0.9816,0.1830,0.999
17.776557333,0.0366,0.9814,0.1832,0.999
17.778288679,0.0369,0.9802,0.1852,0.998
17.780480025,0.0342,0.9797,0.1857,0.998
17.786936218,0.0354,0.9819,0.1857,1.000
17.787750525,0.0371,0.9821,0.1864,1.000
17.78817841,0.0366,0.9819,0.1864,1.000
17.788576718,0.0354,0.9814,0.1864,1.000
17.789999025,0.0366,0.9809,0.1881,0.999
17.792626718,0.0369,0.9811,0.1876,1.000
17.794018641,0.0364,0.9819,0.1884,1.000
17.795948987,0.0362,0.9819,0.1893,1.001
17.801299141,0.0349,0.9809,0.1893,1.000
17.802045333,0.0344,0.9794,0.1891,0.998
17.802483487,0.0349,0.9797,0.1886,0.998
17.804253025,0.0371,0.9814,0.1888,1.000
17.805828448,0.0366,0.9821,0.1891,1.001
17.80774741,0.0354,0.9804,0.1886,0.999
17.809617487,0.0359,0.9802,0.1893,0.999
17.812067141,0.0354,0.9794,0.1891,0.998
17.813479218,0.0344,0.9787,0.1903,0.998
17.815979794,0.0352,0.9780,0.1918,0.997
17.817566987,0.0359,0.9758,0.1920,0.995
17.819860987,0.0349,0.9775,0.1932,0.997
17.821431987,0.0342,0.9777,0.1940,0.997
17.823852025,0.0349,0.9753,0.1947,0.995
17.825385294,0.0342,0.9760,0.1925,0.995
17.827681179,0.0340,0.9758,0.1925,0.995
17.829187718,0.0318,0.9745,0.1928,0.994
17.831845679,0.0322,0.9753,0.1925,0.995
17.833394487,0.0330,0.9765,0.1950,0.996
17.835345564,0.0313,0.9777,0.1952,0.997
17.837400025,0.0300,0.9767,0.1947,0.996
17.839290294,0.0322,0.9755,0.1954,0.995
17.841350025,0.0305,0.9755,0.1940,0.995
17.843172602,0.0305,0.9750,0.1932,0.994
17.845186448,0.0310,0.9748,0.1925,0.994
17.848841025,0.0308,0.9740,0.1913,0.993
17.850174987,0.0318,0.9753,0.1920,0.995
17.85140191,0.0293,0.9755,0.1928,0.995
17.853196525,0.0291,0.9753,0.1935,0.995
17.855200179,0.0291,0.9762,0.1937,0.996
17.857199025,0.0276,0.9758,0.1940,0.995
17.859089294,0.0269,0.9748,0.1952,0.994
17.860992602,0.0269,0.9748,0.1952,0.994
17.863059602,0.0271,0.9750,0.1957,0.995
17.865844948,0.0261,0.9738,0.1979,0.994
17.867233794,0.0271,0.9728,0.1974,0.993
17.868916217,0.0261,0.9736,0.1964,0.994
17.870832871,0.0261,0.9755,0.1964,0.995
17.872873948,0.0252,0.9758,0.1945,0.995
17.874834064,0.0257,0.9733,0.1940,0.993
17.876933217,0.0247,0.9748,0.1937,0.994
17.878895025,0.0244,0.9745,0.1930,0.994
17.888572448,0.0254,0.9738,0.1930,0.993
17.889772333,0.0244,0.9738,0.1925,0.993
17.890766717,0.0235,0.9733,0.1920,0.992
17.891564948,0.0237,0.9740,0.1923,0.993
17.89243241,0.0266,0.9750,0.1920,0.994
17.893374141,0.0266,0.9765,0.1920,0.996
17.894356602,0.0264,0.9755,0.1896,0.994
17.895464102,0.0259,0.9760,0.1891,0.994
17.896574487,0.0259,0.9760,0.1886,0.994
17.901920294,0.0264,0.9767,0.1888,0.995
17.903530025,0.0271,0.9770,0.1903,0.996
17.904394756,0.0274,0.9765,0.1923,0.996
17.908279448,0.0269,0.9782,0.1923,0.997
17.909302641,0.0261,0.9789,0.1923,0.998
17.910092717,0.0266,0.9777,0.1937,0.997
17.91108241,0.0271,0.9777,0.1937,0.997
17.912511525,0.0288,0.9777,0.1920,0.997
17.915604717,0.0305,0.9787,0.1932,0.998
17.917098064,0.0305,0.9789,0.1925,0.998
17.918309025,0.0308,0.9797,0.1896,0.998
17.920561102,0.0337,0.9802,0.1874,0.998
17.922297756,0.0342,0.9802,0.1842,0.998
17.924480564,0.0347,0.9806,0.1808,0.998
17.926333641,0.0354,0.9814,0.1793,0.998
17.928405371,0.0347,0.9811,0.1757,0.997
17.930377141,0.0342,0.9826,0.1717,0.998
17.933377217,0.0349,0.9826,0.1698,0.998
17.935108025,0.0366,0.9826,0.1671,0.997
17.936518871,0.0366,0.9831,0.1673,0.998
17.938226025,0.0371,0.9846,0.1691,1.000
17.940508871,0.0364,0.9838,0.1720,0.999
17.942368794,0.0362,0.9846,0.1737,1.000
17.94418891,0.0371,0.9846,0.1759,1.001
17.945950371,0.0357,0.9843,0.1771,1.001
17.949709333,0.0371,0.9853,0.1788,1.002
17.951322217,0.0384,0.9846,0.1776,1.001
17.952464756,0.0379,0.9848,0.1776,1.001
17.953965717,0.0376,0.9853,0.1766,1.002
17.955950602,0.0384,0.9846,0.1769,1.001
17.957814141,0.0379,0.9841,0.1764,1.000
17.959942871,0.0366,0.9828,0.1779,0.999
17.961805794,0.0366,0.9831,0.1788,1.000
17.963989987,0.0362,0.9828,0.1837,1.001
17.967074794,0.0359,0.9821,0.1908,1.001
17.968627217,0.0362,0.9811,0.1942,1.001
17.969830141,0.0354,0.9792,0.1996,1.000
17.972079525,0.0364,0.9789,0.2052,1.001
17.973652294,0.0359,0.9792,0.2079,1.002
17.975833025,0.0359,0.9794,0.2135,1.003
17.977697871,0.0366,0.9792,0.2152,1.003
17.979750871,0.0362,0.9789,0.2199,1.004
17.990643333,0.0374,0.9772,0.2221,1.003
17.991474602,0.0384,0.9765,0.2228,1.002
17.99193841,0.0391,0.9758,0.2228,1.002
17.992392294,0.0391,0.9750,0.2199,1.000
17.992788333,0.0393,0.9745,0.2194,1.000
17.993201064,0.0403,0.9723,0.2155,0.997
17.99672241,0.0401,0.9726,0.2123,0.996
17.997411487,0.0420,0.9743,0.2074,0.997
17.997862756,0.0401,0.9731,0.2025,0.995
18.004392371,0.0403,0.9728,0.1996,0.994
18.005254371,0.0379,0.9743,0.1947,0.994
18.005705102,0.0376,0.9770,0.1888,0.996
18.00614791,0.0379,0.9770,0.1867,0.995
18.007889948,0.0342,0.9772,0.1818,0.995
18.009391179,0.0335,0.9775,0.1793,0.994
18.011939064,0.0313,0.9789,0.1730,0.995
18.013320179,0.0286,0.9799,0.1691,0.995
18.01624591,0.0281,0.9799,0.1678,0.995
18.017831987,0.0303,0.9794,0.1637,0.993
18.019814025,0.0303,0.9797,0.1644,0.994
18.021380064,0.0283,0.9794,0.1634,0.993
18.023582294,0.0279,0.9789,0.1608,0.992
18.025071602,0.0281,0.9782,0.1603,0.992
18.027734948,0.0274,0.9775,0.1598,0.991
18.029281833,0.0288,0.9777,0.1622,0.991
18.032403794,0.0293,0.9772,0.1632,0.991
18.033166756,0.0305,0.9753,0.1639,0.989
18.03561591,0.0300,0.9733,0.1630,0.987
18.037231564,0.0303,0.9733,0.1630,0.987
18.039631602,0.0325,0.9733,0.1647,0.988
18.040958025,0.0335,0.9743,0.1664,0.989
18.043542564,0.0349,0.9743,0.1688,0.989
18.044920525,0.0347,0.9733,0.1717,0.989
18.047127294,0.0349,0.9731,0.1737,0.989
18.049837525,0.0342,0.9726,0.1776,0.989
18.050990333,0.0335,0.9733,0.1788,0.990
18.053005217,0.0315,0.9743,0.1818,0.992
18.05505291,0.0308,0.9760,0.1864,0.994
18.056980217,0.0286,0.9762,0.1893,0.995
18.05893964,0.0291,0.9755,0.1923,0.995
18.060870064,0.0298,0.9736,0.1969,0.994
18.062712333,0.0298,0.9750,0.1986,0.995
18.066213487,0.0300,0.9743,0.2038,0.996
18.067759179,0.0288,0.9738,0.2062,0.996
18.068795448,0.0274,0.9731,0.2086,0.996
18.070859525,0.0257,0.9733,0.2118,0.996
18.072910871,0.0252,0.9738,0.2121,0.997
18.074750948,0.0249,0.9743,0.2133,0.998
18.07673341,0.0269,0.9736,0.2138,0.997
18.079170179,0.0271,0.9740,0.2155,0.998
18.080672602,0.0264,0.9748,0.2172,0.999
18.089633717,0.0259,0.9758,0.2169,1.000
18.09120864,0.0254,0.9755,0.2169,1.000
18.09203664,0.0266,0.9765,0.2169,1.001
18.09287141,0.0254,0.9770,0.2160,1.001
18.09527514,0.0281,0.9767,0.2147,1.000
18.096275217,0.0286,0.9758,0.2152,1.000
18.097532525,0.0286,0.9772,0.2140,1.001
18.098787987,0.0286,0.9765,0.2116,1.000
18.09979141,0.0283,0.9765,0.2116,1.000
18.100783602,0.0288,0.9777,0.2081,1.000
18.103758756,0.0300,0.9777,0.2047,0.999
18.106594025,0.0300,0.9777,0.2045,0.999
18.107046025,0.0298,0.9775,0.2023,0.999
18.108190794,0.0291,0.9777,0.2006,0.998
18.11059991,0.0283,0.9789,0.1996,0.999
18.111971563,0.0298,0.9809,0.1969,1.001
18.114092448,0.0313,0.9794,0.1974,1.000
18.117400794,0.0313,0.9784,0.1950,0.998
18.118306256,0.0308,0.9780,0.1910,0.997
18.120109371,0.0315,0.9789,0.1908,0.998
18.122200833,0.0313,0.9802,0.1886,0.999
18.124289448,0.0308,0.9794,0.1881,0.998
18.125973487,0.0310,0.9799,0.1879,0.998
18.127974102,0.0308,0.9799,0.1862,0.998
18.129837833,0.0310,0.9797,0.1854,0.998
18.133190294,0.0303,0.9782,0.1845,0.996
18.133955333,0.0322,0.9787,0.1859,0.997
18.135913025,0.0335,0.9775,0.1862,0.996
18.137900563,0.0342,0.9765,0.1869,0.995
18.14000141,0.0352,0.9762,0.1867,0.995
18.14190491,0.0337,0.9777,0.1871,0.996
18.143754102,0.0354,0.9767,0.1906,0.996
18.145640448,0.0347,0.9762,0.1908,0.995
18.148014717,0.0344,0.9745,0.1920,0.994
18.15040591,0.0347,0.9745,0.1928,0.994
18.151757217,0.0352,0.9731,0.1930,0.993
18.153505833,0.0362,0.9726,0.1942,0.992
18.155988871,0.0362,0.9723,0.1935,0.992
18.157567333,0.0366,0.9699,0.1935,0.990
18.159748217,0.0362,0.9721,0.1930,0.992
18.161748294,0.0349,0.9728,0.1918,0.992
18.163639871,0.0347,0.9711,0.1918,0.990
18.17360764,0.0354,0.9714,0.1930,0.991
18.17479864,0.0366,0.9721,0.1925,0.992
18.175620102,0.0374,0.9711,0.1947,0.991
18.176320487,0.0366,0.9714,0.1952,0.991
18.177046487,0.0349,0.9697,0.1940,0.989
18.177832794,0.0362,0.9704,0.1942,0.990
18.179980179,0.0362,0.9701,0.1950,0.990
18.180852025,0.0342,0.9699,0.1950,0.990
18.181663563,0.0347,0.9711,0.1962,0.991
18.18717291,0.0342,0.9716,0.1998,0.993
18.188487794,0.0347,0.9711,0.2013,0.992
18.189450679,0.0354,0.9716,0.2018,0.993
18.190191371,0.0344,0.9728,0.2023,0.994
18.191358448,0.0340,0.9728,0.2025,0.994
18.193230333,0.0330,0.9723,0.2038,0.994
18.195089794,0.0320,0.9723,0.2028,0.994
18.197095948,0.0325,0.9711,0.2018,0.992
18.200106948,0.0327,0.9726,0.1998,0.993
18.201587025,0.0327,0.9740,0.1998,0.995
18.205700871,0.0318,0.9750,0.1967,0.995
18.206742217,0.0320,0.9760,0.1942,0.996
18.207604333,0.0315,0.9770,0.1945,0.997
18.20884464,0.0291,0.9775,0.1959,0.997
18.210843871,0.0293,0.9767,0.1962,0.997
18.212799486,0.0298,0.9765,0.1967,0.997
18.216355025,0.0310,0.9775,0.1972,0.998
18.218139563,0.0318,0.9782,0.1969,0.998
18.219280371,0.0330,0.9787,0.1976,0.999
18.220830294,0.0313,0.9780,0.1957,0.998
18.222740717,0.0300,0.9780,0.1959,0.998
18.224716833,0.0303,0.9775,0.1974,0.998
18.226690794,0.0318,0.9767,0.1976,0.997
18.228883179,0.0315,0.9758,0.1984,0.996
18.230800371,0.0305,0.9775,0.1984,0.998
18.233702102,0.0305,0.9775,0.1991,0.998
18.23531291,0.0305,0.9767,0.1994,0.997
18.236965179,0.0296,0.9762,0.1998,0.997
18.23845441,0.0298,0.9758,0.2008,0.997
18.240414871,0.0296,0.9753,0.2020,0.996
18.242320371,0.0296,0.9760,0.2033,0.997
18.244474486,0.0279,0.9755,0.2055,0.997
18.246298217,0.0298,0.9755,0.2042,0.997
18.249933102,0.0298,0.9765,0.2028,0.998
18.251567602,0.0298,0.9755,0.2033,0.997
18.252861563,0.0293,0.9750,0.2055,0.997
18.254116602,0.0303,0.9748,0.2057,0.997
18.256245294,0.0313,0.9733,0.2055,0.995
18.258289025,0.0322,0.9733,0.2040,0.995
18.260457333,0.0332,0.9738,0.2038,0.995
18.262294448,0.0325,0.9745,0.2023,0.996
18.264223525,0.0320,0.9738,0.2020,0.995
18.267129333,0.0330,0.9738,0.2013,0.995
18.268579025,0.0330,0.9745,0.2018,0.996
18.270028756,0.0318,0.9750,0.2018,0.996
18.27191064,0.0320,0.9753,0.2028,0.997
18.273832217,0.0325,0.9760,0.2028,0.997
18.276135986,0.0310,0.9753,0.2025,0.997
18.27786164,0.0300,0.9755,0.2020,0.997
18.280173333,0.0286,0.9762,0.2020,0.997
18.290699679,0.0266,0.9767,0.2016,0.998
18.292185486,0.0269,0.9777,0.2018,0.999
18.293104256,0.0279,0.9780,0.2013,0.999
18.29409541,0.0279,0.9775,0.1994,0.998
18.295347794,0.0271,0.9770,0.1994,0.997
18.296455871,0.0271,0.9780,0.2003,0.999
18.297367794,0.0274,0.9784,0.2008,0.999
18.298707179,0.0269,0.9775,0.2011,0.998
18.299950025,0.0281,0.9770,0.2006,0.998
18.301105794,0.0274,0.9772,0.1976,0.997
18.302209948,0.0276,0.9772,0.1962,0.997
18.304834833,0.0281,0.9777,0.1979,0.998
18.306242448,0.0283,0.9780,0.1979,0.998
18.310734871,0.0274,0.9767,0.1974,0.997
18.311805256,0.0276,0.9765,0.1969,0.997
18.312553179,0.0271,0.9767,0.1969,0.997
18.313567948,0.0283,0.9765,0.1959,0.996
18.316512679,0.0286,0.9780,0.1972,0.998
18.318123871,0.0288,0.9765,0.1974,0.997
18.319707025,0.0283,0.9767,0.1984,0.997
18.32159314,0.0288,0.9770,0.1989,0.997
18.323568448,0.0276,0.9787,0.1984,0.999
18.325531679,0.0281,0.9792,0.1996,1.000
18.327536371,0.0276,0.9794,0.1998,1.000
18.329386256,0.0264,0.9770,0.1996,0.998
18.331372025,0.0266,0.9775,0.2003,0.998
18.334046717,0.0274,0.9777,0.2003,0.998
18.335636909,0.0269,0.9775,0.1989,0.998
18.337366294,0.0269,0.9765,0.1994,0.997
18.339415833,0.0276,0.9740,0.1989,0.995
18.34125214,0.0279,0.9736,0.1974,0.994
18.343210448,0.0281,0.9738,0.1974,0.994
18.34500664,0.0274,0.9755,0.1976,0.996
18.347162833,0.0276,0.9762,0.1981,0.997
18.350317217,0.0293,0.9745,0.1984,0.995
18.351930217,0.0303,0.9721,0.1984,0.993
18.353022102,0.0308,0.9716,0.1976,0.992
18.355062563,0.0296,0.9719,0.1989,0.992
18.357131756,0.0296,0.9719,0.2006,0.993
18.359190986,0.0310,0.9723,0.2020,0.994
18.36109364,0.0308,0.9719,0.2030,0.993
18.363060371,0.0310,0.9701,0.2023,0.991
18.364945563,0.0305,0.9709,0.2038,0.992
18.367853409,0.0308,0.9714,0.2038,0.993
18.369286371,0.0310,0.9709,0.2030,0.992
18.371069948,0.0330,0.9706,0.2018,0.992
18.372857525,0.0322,0.9706,0.2016,0.992
18.374954717,0.0325,0.9711,0.2038,0.993
18.376908602,0.0313,0.9714,0.2038,0.993
18.378964179,0.0313,0.9716,0.2033,0.993
18.380737948,0.0327,0.9719,0.2035,0.993
18.389982448,0.0332,0.9701,0.2050,0.992
18.391552986,0.0344,0.9694,0.2055,0.992
18.392659756,0.0354,0.9704,0.2035,0.992
18.393680294,0.0357,0.9709,0.2042,0.993
18.394857102,0.0340,0.9719,0.2038,0.994
18.396690909,0.0357,0.9723,0.2040,0.994
18.397895756,0.0354,0.9719,0.2035,0.994
18.399160217,0.0337,0.9716,0.2033,0.993
18.400382833,0.0347,0.9733,0.2030,0.995
18.401485909,0.0344,0.9738,0.2028,0.995
18.405134179,0.0344,0.9733,0.2023,0.995
18.405701217,0.0344,0.9726,0.2025,0.994
18.409862871,0.0340,0.9719,0.2033,0.993
18.410139294,0.0340,0.9738,0.2025,0.995
18.410998217,0.0342,0.9738,0.2030,0.995
18.412435756,0.0342,0.9738,0.2033,0.995
18.414341948,0.0349,0.9736,0.2038,0.995
18.416380294,0.0347,0.9748,0.2033,0.996
18.418341563,0.0344,0.9733,0.2047,0.995
18.420509832,0.0332,0.9743,0.2033,0.996
18.42226164,0.0337,0.9740,0.2033,0.996
18.424262294,0.0337,0.9758,0.2033,0.997
18.426178756,0.0342,0.9767,0.2038,0.998
18.428372986,0.0349,0.9770,0.2038,0.999
18.430232563,0.0330,0.9765,0.2033,0.998
18.433181063,0.0315,0.9758,0.2030,0.997
18.434356294,0.0310,0.9748,0.2028,0.996
18.437345717,0.0305,0.9753,0.2040,0.997
18.438041602,0.0303,0.9753,0.2045,0.997
18.440098525,0.0300,0.9745,0.2069,0.997
18.442019332,0.0305,0.9740,0.2064,0.996
18.444160563,0.0308,0.9745,0.2055,0.996
18.44618814,0.0310,0.9753,0.2057,0.997
18.448168871,0.0298,0.9750,0.2052,0.997
18.451497448,0.0298,0.9753,0.2055,0.997
18.453545409,0.0298,0.9758,0.2052,0.998
18.454566909,0.0298,0.9758,0.2057,0.998
18.455884756,0.0315,0.9762,0.2060,0.998
18.457879179,0.0300,0.9765,0.2069,0.999
18.459896525,0.0298,0.9760,0.2055,0.998
18.461745986,0.0291,0.9758,0.2060,0.998
18.463798909,0.0291,0.9758,0.2042,0.997
18.467104217,0.0276,0.9745,0.2062,0.996
18.468733717,0.0279,0.9753,0.2074,0.997
18.470060179,0.0283,0.9770,0.2072,0.999
18.472355986,0.0271,0.9767,0.2067,0.999
18.473620102,0.0276,0.9745,0.2055,0.996
18.475740563,0.0276,0.9760,0.2081,0.998
18.478313871,0.0269,0.9760,0.2086,0.998
18.479785063,0.0283,0.9767,0.2096,0.999
18.492548679,0.0298,0.9758,0.2096,0.998
18.494706409,0.0296,0.9753,0.2103,0.998
18.497305832,0.0293,0.9762,0.2091,0.999
18.499071525,0.0293,0.9758,0.2101,0.999
18.50056914,0.0298,0.9762,0.2091,0.999
18.501774948,0.0293,0.9755,0.2094,0.998
18.502763063,0.0296,0.9755,0.2101,0.998
18.503888102,0.0296,0.9753,0.2103,0.998
18.504908717,0.0283,0.9755,0.2103,0.998
18.506079832,0.0296,0.9758,0.2096,0.998
18.507185448,0.0308,0.9762,0.2103,0.999
18.508315371,0.0305,0.9770,0.2096,1.000
18.509404717,0.0310,0.9780,0.2106,1.001
18.510267717,0.0291,0.9758,0.2099,0.998
18.51112264,0.0291,0.9758,0.2094,0.998
18.511414179,0.0322,0.9753,0.2096,0.998
18.513105794,0.0320,0.9775,0.2111,1.001
18.520993871,0.0325,0.9775,0.2106,1.000
18.521599025,0.0322,0.9755,0.2118,0.999
18.521844217,0.0315,0.9758,0.2118,0.999
18.522071294,0.0342,0.9738,0.2091,0.997
18.523270602,0.0332,0.9738,0.2096,0.997
18.525274948,0.0337,0.9736,0.2099,0.996
18.527496909,0.0332,0.9733,0.2111,0.996
18.529206794,0.0337,0.9753,0.2103,0.998
18.53108864,0.0342,0.9740,0.2106,0.997
18.533159025,0.0344,0.9736,0.2108,0.997
18.535250871,0.0330,0.9736,0.2113,0.997
18.537013332,0.0315,0.9723,0.2108,0.995
18.539081063,0.0327,0.9726,0.2103,0.996
18.541003063,0.0325,0.9733,0.2101,0.996
18.543009602,0.0325,0.9738,0.2111,0.997
18.544974871,0.0327,0.9733,0.2121,0.997
18.546923525,0.0322,0.9728,0.2103,0.996
18.550296294,0.0327,0.9731,0.2094,0.996
18.550930909,0.0332,0.9726,0.2086,0.995
18.552822063,0.0330,0.9719,0.2091,0.995
18.554714755,0.0340,0.9711,0.2079,0.994
18.556644102,0.0342,0.9723,0.2086,0.995
18.558620717,0.0344,0.9726,0.2084,0.995
18.560890948,0.0340,0.9731,0.2074,0.996
18.563010255,0.0315,0.9736,0.2062,0.996
18.564589871,0.0325,0.9740,0.2050,0.996
18.567264832,0.0322,0.9731,0.2050,0.995
18.568646179,0.0330,0.9731,0.2069,0.995
18.570476486,0.0330,0.9728,0.2072,0.995
18.572465255,0.0313,0.9726,0.2086,0.995
18.574290755,0.0298,0.9733,0.2106,0.996
18.576519909,0.0296,0.9736,0.2113,0.997
18.578364755,0.0293,0.9745,0.2123,0.998
18.580313794,0.0313,0.9728,0.2135,0.996
18.589576102,0.0320,0.9719,0.2135,0.996
18.590903102,0.0335,0.9723,0.2128,0.996
18.591687909,0.0332,0.9736,0.2118,0.997
18.592589332,0.0327,0.9745,0.2086,0.997
18.59339364,0.0340,0.9740,0.2072,0.996
18.594320255,0.0325,0.9738,0.2060,0.996
18.595337063,0.0335,0.9740,0.2013,0.995
18.596289486,0.0337,0.9745,0.1969,0.995
18.597926525,0.0330,0.9740,0.1952,0.994
18.604608486,0.0337,0.9748,0.1925,0.994
18.606043986,0.0347,0.9755,0.1906,0.995
18.607056063,0.0347,0.9775,0.1876,0.996
18.607942794,0.0347,0.9767,0.1869,0.995
18.608880063,0.0349,0.9777,0.1874,0.996
18.609927563,0.0325,0.9765,0.1903,0.995
18.612048332,0.0313,0.9762,0.1932,0.996
18.613763909,0.0310,0.9772,0.1950,0.997
18.617610563,0.0318,0.9777,0.1947,0.997
18.619135717,0.0303,0.9777,0.1959,0.998
18.620173832,0.0313,0.9772,0.1969,0.997
18.621675678,0.0320,0.9775,0.1959,0.997
18.623936063,0.0322,0.9782,0.1928,0.998
18.625612217,0.0308,0.9777,0.1928,0.997
18.627626871,0.0313,0.9775,0.1918,0.997
18.629563717,0.0320,0.9775,0.1923,0.997
18.631604909,0.0291,0.9767,0.1952,0.996
18.634712678,0.0296,0.9770,0.1967,0.997
18.636253255,0.0298,0.9767,0.1998,0.997
18.638023255,0.0298,0.9772,0.2025,0.998
18.639597602,0.0296,0.9760,0.2062,0.998
18.641469102,0.0300,0.9762,0.2096,0.999
18.643452717,0.0308,0.9767,0.2103,1.000
18.645302832,0.0337,0.9765,0.2145,1.000
18.647604986,0.0344,0.9745,0.2189,0.999
18.650752486,0.0349,0.9750,0.2211,1.000
18.65229764,0.0362,0.9758,0.2240,1.002
18.653429102,0.0357,0.9762,0.2245,1.002
18.656305717,0.0357,0.9762,0.2257,1.003
18.657363178,0.0352,0.9765,0.2248,1.003
18.659469794,0.0352,0.9750,0.2250,1.001
18.661253909,0.0379,0.9731,0.2255,1.000
18.663392794,0.0396,0.9760,0.2213,1.002
18.665296409,0.0396,0.9767,0.2189,1.002
18.66840564,0.0406,0.9760,0.2155,1.000
18.669848832,0.0406,0.9758,0.2140,1.000
18.671279755,0.0413,0.9762,0.2084,0.999
18.67319764,0.0413,0.9770,0.2003,0.998
18.67533714,0.0403,0.9770,0.1959,0.997
18.677343794,0.0391,0.9780,0.1901,0.997
18.679067563,0.0374,0.9787,0.1854,0.997
18.68123214,0.0366,0.9787,0.1830,0.996
18.691926486,0.0359,0.9787,0.1796,0.996
18.693480986,0.0354,0.9787,0.1771,0.995
18.69466364,0.0340,0.9792,0.1720,0.995
18.69564764,0.0318,0.9809,0.1691,0.996
18.696770948,0.0318,0.9804,0.1686,0.995
18.697953525,0.0315,0.9799,0.1659,0.994
18.699386409,0.0303,0.9809,0.1642,0.995
18.700613717,0.0310,0.9811,0.1634,0.995
18.701782102,0.0318,0.9809,0.1625,0.995
18.703530602,0.0310,0.9814,0.1625,0.995
18.70462714,0.0330,0.9809,0.1630,0.995
18.705518832,0.0340,0.9804,0.1630,0.994
18.706916255,0.0354,0.9802,0.1649,0.995
18.708937948,0.0362,0.9794,0.1673,0.994
18.710918678,0.0371,0.9794,0.1676,0.994
18.712947217,0.0364,0.9775,0.1698,0.993
18.714966102,0.0366,0.9772,0.1710,0.993
18.718106794,0.0369,0.9777,0.1715,0.993
18.719612294,0.0359,0.9767,0.1752,0.993
18.720709217,0.0359,0.9782,0.1805,0.995
18.722763409,0.0362,0.9787,0.1823,0.996
18.724741294,0.0366,0.9794,0.1874,0.998
18.726702525,0.0371,0.9792,0.1901,0.998
18.728553871,0.0349,0.9777,0.1962,0.998
18.730471948,0.0344,0.9787,0.2011,1.000
18.734072986,0.0349,0.9789,0.2038,1.001
18.735665794,0.0342,0.9784,0.2079,1.001
18.736742332,0.0318,0.9780,0.2113,1.001
18.738760986,0.0313,0.9777,0.2128,1.001
18.740806871,0.0296,0.9772,0.2150,1.001
18.742624986,0.0293,0.9760,0.2160,1.000
18.744563678,0.0293,0.9767,0.2172,1.001
18.746401678,0.0288,0.9777,0.2201,1.003
18.748529563,0.0279,0.9772,0.2194,1.002
18.75142814,0.0266,0.9765,0.2216,1.002
18.752976755,0.0274,0.9765,0.2201,1.001
18.754388909,0.0271,0.9772,0.2187,1.002
18.756246948,0.0254,0.9772,0.2177,1.001
18.758165986,0.0237,0.9758,0.2172,1.000
18.760379178,0.0227,0.9765,0.2162,1.000
18.762143717,0.0227,0.9784,0.2138,1.002
18.764380409,0.0232,0.9780,0.2128,1.001
18.767703832,0.0237,0.9784,0.2121,1.001
18.769322832,0.0222,0.9787,0.2096,1.001
18.77100864,0.0215,0.9806,0.2077,1.003
18.77218064,0.0210,0.9806,0.2040,1.002
18.774132794,0.0203,0.9811,0.2035,1.002
18.776244255,0.0215,0.9802,0.1991,1.000
18.778112909,0.0222,0.9802,0.1947,1.000
18.780254294,0.0220,0.9802,0.1932,0.999
18.782167255,0.0230,0.9794,0.1910,0.998
18.791427832,0.0237,0.9804,0.1869,0.998
18.792948755,0.0225,0.9814,0.1864,0.999
18.793948448,0.0242,0.9806,0.1813,0.998
18.795301871,0.0252,0.9802,0.1798,0.997
18.795768755,0.0257,0.9799,0.1774,0.996
18.796191948,0.0281,0.9811,0.1779,0.998
18.797871794,0.0300,0.9814,0.1779,0.998
18.798380948,0.0318,0.9787,0.1769,0.995
18.804546409,0.0325,0.9787,0.1769,0.995
18.805385025,0.0320,0.9787,0.1769,0.995
18.805829371,0.0332,0.9787,0.1771,0.995
18.806254448,0.0342,0.9787,0.1764,0.995
18.808254832,0.0354,0.9765,0.1764,0.993
18.809893063,0.0364,0.9758,0.1793,0.993
18.812169217,0.0362,0.9765,0.1798,0.994
18.813870486,0.0379,0.9736,0.1820,0.991
18.816024409,0.0384,0.9728,0.1832,0.991
18.818399332,0.0401,0.9740,0.1842,0.992
18.819859025,0.0398,0.9736,0.1862,0.992
18.821761294,0.0398,0.9743,0.1867,0.993
18.82412264,0.0435,0.9738,0.1884,0.993
18.825467409,0.0425,0.9736,0.1891,0.993
18.82769414,0.0428,0.9721,0.1901,0.991
18.829535255,0.0437,0.9719,0.1925,0.992
18.831764794,0.0442,0.9714,0.1942,0.992
18.834130371,0.0454,0.9714,0.1957,0.992
18.835838448,0.0457,0.9711,0.1954,0.992
18.837374986,0.0459,0.9716,0.1959,0.992
18.839287794,0.0472,0.9716,0.1959,0.992
18.841424871,0.0437,0.9723,0.1964,0.993
18.843254948,0.0432,0.9709,0.1969,0.992
18.845156524,0.0420,0.9706,0.1979,0.991
18.847115294,0.0420,0.9721,0.2003,0.993
18.849274948,0.0418,0.9728,0.1998,0.994
18.851724871,0.0413,0.9726,0.2025,0.994
18.853030755,0.0403,0.9716,0.2030,0.993
18.855130255,0.0388,0.9711,0.2052,0.993
18.856997986,0.0384,0.9714,0.2050,0.993
18.859272178,0.0371,0.9711,0.2064,0.994
18.861123794,0.0352,0.9716,0.2060,0.994
18.863071832,0.0349,0.9721,0.2052,0.994
18.864978601,0.0359,0.9745,0.2042,0.996
18.867501678,0.0347,0.9738,0.2011,0.995
18.869446409,0.0347,0.9726,0.1991,0.993
18.871007524,0.0330,0.9726,0.1964,0.993
18.87286314,0.0332,0.9731,0.1962,0.993
18.874873294,0.0337,0.9750,0.1945,0.995
18.876777101,0.0352,0.9770,0.1940,0.997
18.878927332,0.0347,0.9765,0.1935,0.996
18.880846063,0.0347,0.9762,0.1901,0.995
18.882933948,0.0337,0.9780,0.1876,0.996
18.891639832,0.0342,0.9782,0.1857,0.996
18.892919601,0.0352,0.9780,0.1849,0.996
18.893723371,0.0349,0.9782,0.1827,0.996
18.894686409,0.0347,0.9797,0.1796,0.997
18.895574678,0.0337,0.9809,0.1783,0.998
18.90239314,0.0332,0.9814,0.1766,0.998
18.904086717,0.0318,0.9819,0.1761,0.998
18.905271178,0.0320,0.9828,0.1739,0.999
18.906181755,0.0310,0.9836,0.1737,0.999
18.907244601,0.0305,0.9831,0.1759,0.999
18.908134948,0.0308,0.9824,0.1757,0.998
18.909305871,0.0310,0.9824,0.1759,0.998
18.910218101,0.0300,0.9804,0.1757,0.996
18.911190178,0.0300,0.9811,0.1752,0.997
18.912673563,0.0300,0.9816,0.1771,0.998
18.914614909,0.0303,0.9821,0.1813,0.999
18.918153217,0.0318,0.9819,0.1818,0.999
18.920024448,0.0330,0.9819,0.1823,0.999
18.921014409,0.0340,0.9811,0.1825,0.999
18.922585678,0.0347,0.9797,0.1798,0.997
18.924380524,0.0335,0.9806,0.1813,0.998
18.926339332,0.0344,0.9809,0.1815,0.998
18.928643794,0.0359,0.9811,0.1820,0.999
18.93059814,0.0384,0.9809,0.1830,0.999
18.932480678,0.0376,0.9799,0.1840,0.998
18.93531814,0.0381,0.9797,0.1867,0.998
18.936893409,0.0376,0.9802,0.1869,0.999
18.938362948,0.0366,0.9806,0.1862,0.999
18.940240409,0.0364,0.9806,0.1881,0.999
18.942551024,0.0362,0.9814,0.1896,1.000
18.944251947,0.0340,0.9809,0.1901,1.000
18.946045409,0.0330,0.9797,0.1896,0.998
18.948362178,0.0342,0.9802,0.1903,0.999
18.952070332,0.0337,0.9809,0.1910,1.000
18.953086832,0.0335,0.9802,0.1906,0.999
18.954407947,0.0337,0.9782,0.1891,0.997
18.956322332,0.0327,0.9777,0.1888,0.996
18.957786063,0.0322,0.9789,0.1886,0.997
18.959935063,0.0315,0.9780,0.1891,0.997
18.962147755,0.0308,0.9784,0.1898,0.997
18.963936909,0.0298,0.9784,0.1906,0.997
18.965980178,0.0300,0.9780,0.1903,0.997
18.976286601,0.0298,0.9792,0.1898,0.998
18.97710264,0.0281,0.9787,0.1891,0.997
18.977575255,0.0269,0.9784,0.1898,0.997
18.977994101,0.0283,0.9784,0.1906,0.997
18.978402794,0.0274,0.9799,0.1901,0.999
18.978893371,0.0271,0.9811,0.1898,1.000
18.979657217,0.0281,0.9816,0.1903,1.000
18.981532063,0.0274,0.9821,0.1898,1.001
18.988181486,0.0264,0.9819,0.1893,1.000
18.989031294,0.0247,0.9814,0.1888,1.000
18.989472524,0.0247,0.9806,0.1876,0.999
18.989869601,0.0257,0.9821,0.1864,1.000
18.991677871,0.0235,0.9824,0.1857,1.000
18.993187063,0.0205,0.9811,0.1852,0.999
18.995574601,0.0203,0.9826,0.1852,1.000
18.997101409,0.0195,0.9831,0.1857,1.001
18.999705871,0.0173,0.9853,0.1837,1.002
19.002134101,0.0173,0.9843,0.1827,1.001
19.004750909,0.0176,0.9836,0.1832,1.001
19.005383178,0.0181,0.9846,0.1825,1.001
19.00759264,0.0183,0.9850,0.1820,1.002
19.009045871,0.0178,0.9846,0.1801,1.001
19.010941486,0.0188,0.9850,0.1793,1.001
19.012947255,0.0183,0.9850,0.1796,1.001
19.015075178,0.0178,0.9860,0.1798,1.002
19.018187447,0.0173,0.9868,0.1781,1.003
19.019909486,0.0183,0.9880,0.1786,1.004
19.021155755,0.0181,0.9870,0.1769,1.003
19.022945486,0.0195,0.9860,0.1766,1.002
19.025136101,0.0200,0.9850,0.1752,1.001
19.027136717,0.0198,0.9855,0.1727,1.001
19.029186101,0.0208,0.9863,0.1722,1.001
19.031132832,0.0215,0.9850,0.1725,1.000
19.032971986,0.0220,0.9863,0.1747,1.002
19.036359178,0.0215,0.9850,0.1739,1.001
19.037840101,0.0225,0.9843,0.1725,1.000
19.039716794,0.0220,0.9838,0.1744,0.999
19.041079909,0.0222,0.9853,0.1739,1.001
19.042680101,0.0237,0.9850,0.1744,1.001
19.044750409,0.0247,0.9843,0.1744,1.000
19.047054755,0.0232,0.9848,0.1744,1.000
19.048590601,0.0237,0.9855,0.1744,1.001
19.051889794,0.0244,0.9872,0.1739,1.003
19.054094678,0.0242,0.9865,0.1735,1.002
19.055387563,0.0254,0.9860,0.1744,1.002
19.056892063,0.0249,0.9863,0.1749,1.002
19.058627024,0.0269,0.9855,0.1737,1.001
19.060477717,0.0271,0.9848,0.1744,1.000
19.062425986,0.0271,0.9853,0.1725,1.001
19.064271794,0.0283,0.9860,0.1713,1.001
19.066473986,0.0283,0.9872,0.1713,1.002
19.069778832,0.0298,0.9855,0.1725,1.001
19.071317755,0.0288,0.9860,0.1722,1.001
19.072515101,0.0286,0.9868,0.1710,1.002
19.074355447,0.0298,0.9848,0.1713,1.000
19.076420332,0.0308,0.9855,0.1708,1.001
19.07831037,0.0322,0.9853,0.1705,1.000
19.08038187,0.0330,0.9850,0.1703,1.000
19.082110294,0.0325,0.9865,0.1688,1.001
19.093026524,0.0340,0.9872,0.1688,1.002
19.094637447,0.0330,0.9870,0.1695,1.002
19.095692409,0.0344,0.9865,0.1695,1.002
19.096581717,0.0340,0.9860,0.1688,1.001
19.097571601,0.0344,0.9858,0.1681,1.001
19.09887014,0.0364,0.9868,0.1698,1.002
19.100016294,0.0369,0.9860,0.1703,1.001
19.100923678,0.0379,0.9846,0.1688,1.000
19.102001524,0.0396,0.9826,0.1693,0.998
19.103292909,0.0396,0.9831,0.1703,0.999
19.103736947,0.0415,0.9841,0.1695,0.999
19.107745217,0.0415,0.9836,0.1691,0.999
19.108538447,0.0425,0.9838,0.1691,0.999
19.109848832,0.0442,0.9824,0.1715,0.998
19.111908755,0.0442,0.9828,0.1730,0.999
19.113751217,0.0462,0.9814,0.1730,0.998
19.115898986,0.0467,0.9809,0.1747,0.997
19.118134255,0.0469,0.9816,0.1747,0.998
19.119828101,0.0486,0.9804,0.1761,0.997
19.121793678,0.0491,0.9792,0.1759,0.996
19.123674678,0.0498,0.9802,0.1749,0.997
19.125711255,0.0503,0.9811,0.1759,0.998
19.127981101,0.0506,0.9799,0.1766,0.997
19.129635255,0.0513,0.9789,0.1759,0.996
19.131751447,0.0513,0.9789,0.1761,0.996
19.135817794,0.0511,0.9789,0.1779,0.996
19.136726217,0.0518,0.9772,0.1788,0.995
19.137551409,0.0515,0.9775,0.1788,0.995
19.139890063,0.0518,0.9787,0.1803,0.997
19.141505947,0.0525,0.9777,0.1791,0.995
19.143764178,0.0520,0.9777,0.1791,0.995
19.145441255,0.0498,0.9775,0.1786,0.995
19.147716601,0.0496,0.9780,0.1779,0.995
19.149263217,0.0528,0.9770,0.1779,0.994
19.152205947,0.0520,0.9758,0.1776,0.993
19.153625409,0.0511,0.9753,0.1761,0.992
19.155140909,0.0484,0.9753,0.1776,0.992
19.157246486,0.0479,0.9760,0.1771,0.993
19.159227101,0.0474,0.9760,0.1781,0.993
19.161528101,0.0479,0.9762,0.1764,0.993
19.164520217,0.0472,0.9765,0.1757,0.993
19.165627217,0.0469,0.9767,0.1774,0.994
19.169534832,0.0459,0.9772,0.1776,0.994
19.171127101,0.0447,0.9772,0.1764,0.994
19.172509947,0.0432,0.9775,0.1759,0.994
19.173555563,0.0442,0.9767,0.1761,0.993
19.175226293,0.0442,0.9782,0.1759,0.995
19.177154255,0.0447,0.9802,0.1769,0.997
19.179276601,0.0447,0.9802,0.1774,0.997
19.18092387,0.0445,0.9794,0.1791,0.997
19.18313014,0.0447,0.9780,0.1788,0.995
19.186337447,0.0445,0.9770,0.1796,0.994
19.187917255,0.0428,0.9767,0.1808,0.994
19.189856986,0.0435,0.9765,0.1820,0.994
19.191159293,0.0430,0.9750,0.1837,0.993
19.192803755,0.0423,0.9762,0.1845,0.994
19.194770755,0.0430,0.9765,0.1854,0.995
19.196934909,0.0425,0.9750,0.1871,0.994
19.198751101,0.0410,0.9721,0.1879,0.991
19.208817717,0.0413,0.9723,0.1884,0.991
19.210237717,0.0425,0.9721,0.1898,0.991
19.21130064,0.0420,0.9723,0.1903,0.992
19.212235947,0.0396,0.9716,0.1930,0.991
19.213275409,0.0388,0.9709,0.1930,0.991
19.21565187,0.0388,0.9697,0.1915,0.989
19.21692537,0.0388,0.9701,0.1935,0.990
19.218112717,0.0384,0.9716,0.1957,0.992
19.219419178,0.0379,0.9709,0.1957,0.991
19.220640678,0.0369,0.9689,0.1950,0.989
19.221472409,0.0371,0.9682,0.1954,0.988
19.222344793,0.0384,0.9689,0.1967,0.989
19.225018755,0.0388,0.9687,0.1984,0.990
19.226632986,0.0381,0.9689,0.1976,0.990
19.228875101,0.0376,0.9692,0.1976,0.990
19.230430409,0.0391,0.9682,0.1991,0.989
19.233496563,0.0401,0.9687,0.1991,0.990
19.234141332,0.0386,0.9701,0.2011,0.992
19.237062447,0.0381,0.9701,0.2013,0.992
19.238257101,0.0369,0.9697,0.2003,0.991
19.240304678,0.0374,0.9697,0.1998,0.991
19.24191364,0.0376,0.9687,0.2008,0.990
19.244062217,0.0386,0.9672,0.2013,0.989
19.245978409,0.0379,0.9679,0.2025,0.990
19.248541101,0.0376,0.9684,0.2074,0.991
19.25020437,0.0362,0.9694,0.2084,0.992
19.252839832,0.0357,0.9697,0.2081,0.992
19.254208755,0.0349,0.9694,0.2099,0.992
19.256310293,0.0352,0.9677,0.2111,0.991
19.257943524,0.0352,0.9679,0.2111,0.991
19.260349217,0.0342,0.9679,0.2121,0.991
19.261775293,0.0340,0.9679,0.2116,0.991
19.26433864,0.0318,0.9667,0.2091,0.990
19.26588214,0.0303,0.9672,0.2045,0.989
19.26910114,0.0305,0.9667,0.2030,0.988
19.26987164,0.0293,0.9670,0.2011,0.988
19.272192986,0.0279,0.9682,0.2003,0.989
19.27372514,0.0252,0.9694,0.1976,0.990
19.27620014,0.0242,0.9701,0.1942,0.990
19.278115909,0.0249,0.9706,0.1928,0.990
19.279812947,0.0237,0.9709,0.1910,0.990
19.281733524,0.0220,0.9709,0.1940,0.990
19.285676793,0.0210,0.9706,0.1964,0.991
19.286615986,0.0176,0.9726,0.1984,0.993
19.28810237,0.0154,0.9738,0.2023,0.995
19.289729216,0.0149,0.9733,0.2040,0.995
19.292225178,0.0151,0.9733,0.2067,0.995
19.293497216,0.0149,0.9731,0.2077,0.995
19.296024178,0.0134,0.9723,0.2091,0.995
19.297571793,0.0129,0.9733,0.2103,0.996
19.300055832,0.0125,0.9728,0.2111,0.996
19.307562601,0.0132,0.9709,0.2123,0.994
19.308580024,0.0139,0.9706,0.2128,0.994
19.309094563,0.0127,0.9704,0.2118,0.993
19.309561255,0.0132,0.9709,0.2128,0.994
19.310291832,0.0137,0.9723,0.2147,0.996
19.311770524,0.0151,0.9719,0.2184,0.996
19.31367714,0.0159,0.9714,0.2231,0.997
19.315579255,0.0164,0.9711,0.2250,0.997
19.321007101,0.0159,0.9714,0.2265,0.998
19.322150832,0.0154,0.9726,0.2274,0.999
19.32295414,0.0164,0.9723,0.2299,0.999
19.32362014,0.0195,0.9709,0.2296,0.998
19.325459986,0.0203,0.9706,0.2296,0.998
19.327314024,0.0215,0.9714,0.2304,0.999
19.329220332,0.0242,0.9714,0.2301,0.999
19.331125447,0.0252,0.9719,0.2301,0.999
19.333137755,0.0276,0.9711,0.2270,0.998
19.335942293,0.0286,0.9719,0.2245,0.998
19.339741409,0.0281,0.9736,0.2182,0.998
19.340662947,0.0298,0.9738,0.2118,0.997
19.341123332,0.0308,0.9728,0.2081,0.995
19.343152332,0.0325,0.9743,0.2030,0.996
19.34536387,0.0322,0.9758,0.1991,0.996
19.346726601,0.0335,0.9782,0.1918,0.997
19.348764909,0.0327,0.9765,0.1857,0.995
19.351598178,0.0327,0.9777,0.1835,0.995
19.352712909,0.0332,0.9794,0.1786,0.996
19.354830255,0.0327,0.9809,0.1717,0.996
19.356808063,0.0337,0.9819,0.1698,0.997
19.35863414,0.0342,0.9826,0.1664,0.997
19.360624178,0.0340,0.9824,0.1654,0.997
19.362454793,0.0342,0.9836,0.1620,0.997
19.36455314,0.0330,0.9853,0.1625,0.999
19.36681287,0.0337,0.9848,0.1620,0.999
19.369065832,0.0340,0.9865,0.1627,1.000
19.371811524,0.0342,0.9863,0.1647,1.001
19.372701332,0.0344,0.9870,0.1659,1.001
19.374329832,0.0357,0.9850,0.1666,1.000
19.376459024,0.0349,0.9843,0.1693,0.999
19.378295678,0.0364,0.9843,0.1742,1.000
19.380620486,0.0359,0.9853,0.1791,1.002
19.382380524,0.0354,0.9843,0.1815,1.002
19.388373409,0.0362,0.9833,0.1857,1.001
19.388966101,0.0349,0.9826,0.1881,1.001
19.389212986,0.0362,0.9819,0.1930,1.001
19.390165947,0.0369,0.9814,0.1974,1.002
19.396899601,0.0381,0.9819,0.2018,1.003
19.397150716,0.0371,0.9802,0.2072,1.003
19.39738037,0.0369,0.9797,0.2111,1.003
19.398333947,0.0371,0.9787,0.2143,1.003
19.399997716,0.0366,0.9775,0.2184,1.002
19.403113793,0.0366,0.9775,0.2201,1.003
19.404264909,0.0347,0.9750,0.2235,1.001
19.406312101,0.0340,0.9728,0.2292,1.000
19.408130447,0.0337,0.9728,0.2311,1.000
19.410076639,0.0330,0.9738,0.2331,1.002
19.411807986,0.0325,0.9736,0.2345,1.002
19.413711332,0.0342,0.9721,0.2372,1.001
19.415889139,0.0335,0.9704,0.2382,1.000
19.419935486,0.0335,0.9692,0.2384,0.999
19.421502947,0.0337,0.9670,0.2411,0.997
19.422413716,0.0347,0.9657,0.2384,0.995
19.423840601,0.0354,0.9665,0.2382,0.996
19.425872063,0.0335,0.9672,0.2384,0.997
19.428468947,0.0327,0.9665,0.2387,0.996
19.430070447,0.0357,0.9667,0.2372,0.996
19.431816216,0.0342,0.9645,0.2360,0.994
19.433913139,0.0344,0.9657,0.2353,0.995
19.436827447,0.0349,0.9670,0.2328,0.995
19.438101255,0.0354,0.9667,0.2311,0.995
19.439649793,0.0364,0.9660,0.2289,0.993
19.441558563,0.0359,0.9650,0.2250,0.992
19.443704909,0.0357,0.9657,0.2228,0.992
19.445625178,0.0344,0.9657,0.2182,0.991
19.447572601,0.0349,0.9655,0.2145,0.990
19.449457409,0.0347,0.9655,0.2138,0.989
19.451782601,0.0359,0.9662,0.2111,0.990
19.454116024,0.0364,0.9665,0.2077,0.989
19.455525563,0.0349,0.9662,0.2062,0.989
19.457310486,0.0344,0.9667,0.2035,0.989
19.459435755,0.0349,0.9667,0.2025,0.988
19.461253216,0.0352,0.9660,0.1989,0.987
19.463477216,0.0364,0.9655,0.1979,0.986
19.465433639,0.0369,0.9653,0.1974,0.986
19.469517601,0.0393,0.9655,0.1974,0.986
19.471318716,0.0418,0.9657,0.1974,0.987
19.472331716,0.0420,0.9655,0.1952,0.986
19.473979947,0.0418,0.9660,0.1935,0.986
19.475155832,0.0413,0.9650,0.1942,0.985
19.477139101,0.0418,0.9670,0.1940,0.987
19.479363639,0.0445,0.9667,0.1947,0.987
19.481081332,0.0454,0.9665,0.1954,0.987
19.483206332,0.0462,0.9660,0.1969,0.987
19.485973139,0.0454,0.9662,0.1986,0.987
19.487551216,0.0462,0.9675,0.1976,0.989
19.489157139,0.0484,0.9675,0.1996,0.989
19.491212562,0.0479,0.9665,0.2001,0.988
19.493221562,0.0469,0.9655,0.2003,0.987
19.495116139,0.0474,0.9655,0.2003,0.987
19.497098909,0.0472,0.9665,0.2011,0.988
19.499165178,0.0474,0.9665,0.2028,0.989
19.50995387,0.0484,0.9672,0.2025,0.989
19.511514639,0.0476,0.9679,0.2042,0.990
19.512487024,0.0452,0.9684,0.2055,0.991
19.51369987,0.0450,0.9675,0.2062,0.990
19.515125332,0.0452,0.9670,0.2062,0.990
19.51679287,0.0445,0.9682,0.2064,0.991
19.518229755,0.0430,0.9687,0.2069,0.991
19.519296486,0.0413,0.9697,0.2096,0.993
19.519583486,0.0413,0.9694,0.2111,0.993
19.519813486,0.0406,0.9711,0.2143,0.995
19.522807947,0.0381,0.9714,0.2196,0.997
19.523435332,0.0381,0.9706,0.2221,0.996
19.524635524,0.0384,0.9697,0.2265,0.996
19.526538832,0.0381,0.9699,0.2292,0.997
19.528450486,0.0332,0.9716,0.2350,1.000
19.530370947,0.0335,0.9711,0.2380,1.000
19.532601255,0.0344,0.9709,0.2392,1.000
19.535365101,0.0362,0.9699,0.2394,1.000
19.536630947,0.0362,0.9719,0.2402,1.002
19.538128024,0.0362,0.9716,0.2402,1.001
19.540369447,0.0362,0.9701,0.2384,1.000
19.542166524,0.0364,0.9711,0.2355,1.000
19.544168524,0.0376,0.9704,0.2309,0.998
19.546144947,0.0374,0.9728,0.2301,1.000
19.548196255,0.0362,0.9736,0.2296,1.001
19.550132716,0.0357,0.9738,0.2272,1.001
19.552163524,0.0381,0.9728,0.2265,1.000
19.554059409,0.0388,0.9736,0.2248,1.000
19.556100024,0.0401,0.9753,0.2211,1.001
19.557986447,0.0415,0.9772,0.2213,1.003
19.560072524,0.0420,0.9777,0.2177,1.003
19.561925601,0.0408,0.9787,0.2140,1.003
19.564176178,0.0415,0.9797,0.2130,1.003
19.566039524,0.0437,0.9787,0.2116,1.002
19.569836332,0.0437,0.9797,0.2108,1.003
19.571330178,0.0457,0.9809,0.2081,1.004
19.572452716,0.0457,0.9804,0.2057,1.003
19.574216409,0.0462,0.9802,0.2052,1.002
19.576157601,0.0459,0.9797,0.2045,1.002
19.578090139,0.0454,0.9794,0.2018,1.001
19.580115832,0.0464,0.9794,0.2016,1.001
19.582035139,0.0469,0.9787,0.2006,1.000
19.584829832,0.0481,0.9784,0.1984,1.000
19.587563139,0.0484,0.9797,0.1972,1.000
19.589418793,0.0491,0.9802,0.1969,1.001
19.591149139,0.0506,0.9792,0.1964,1.000
19.592763178,0.0523,0.9780,0.1935,0.998
19.594104139,0.0515,0.9780,0.1940,0.998
19.595852909,0.0506,0.9784,0.1942,0.999
19.597728524,0.0506,0.9770,0.1950,0.998
19.599968524,0.0503,0.9767,0.1937,0.997
19.610689716,0.0501,0.9762,0.1906,0.996
19.612317255,0.0486,0.9748,0.1908,0.994
19.613265947,0.0484,0.9755,0.1920,0.995
19.614193255,0.0467,0.9748,0.1930,0.995
19.615444409,0.0452,0.9755,0.1935,0.996
19.616612447,0.0442,0.9758,0.1940,0.996
19.622926255,0.0406,0.9723,0.1947,0.992
19.624561985,0.0396,0.9716,0.1947,0.992
19.625672985,0.0371,0.9723,0.1937,0.992
19.626484293,0.0357,0.9721,0.1957,0.992
19.627813216,0.0354,0.9721,0.1954,0.992
19.628864909,0.0352,0.9719,0.1967,0.992
19.630037255,0.0337,0.9709,0.1976,0.991
19.631352409,0.0291,0.9697,0.1979,0.990
19.632218062,0.0288,0.9699,0.1986,0.990
19.633030409,0.0276,0.9699,0.1986,0.990
19.633968062,0.0259,0.9701,0.1989,0.991
19.636843909,0.0247,0.9706,0.2030,0.992
19.638338755,0.0247,0.9697,0.2028,0.991
19.63948137,0.0244,0.9689,0.2028,0.990
19.641255793,0.0242,0.9694,0.2030,0.991
19.644297832,0.0232,0.9714,0.2028,0.993
19.645322601,0.0222,0.9704,0.2023,0.991
19.647252409,0.0217,0.9709,0.2028,0.992
19.649102832,0.0198,0.9716,0.2038,0.993
19.652725755,0.0208,0.9728,0.2033,0.994
19.654297101,0.0195,0.9726,0.2033,0.994
19.655544178,0.0205,0.9719,0.2052,0.993
19.656870832,0.0215,0.9721,0.2042,0.994
19.658982678,0.0237,0.9723,0.2035,0.994
19.66091737,0.0235,0.9726,0.2045,0.994
19.663134485,0.0237,0.9733,0.2035,0.995
19.664962024,0.0239,0.9726,0.2023,0.994
19.667056447,0.0239,0.9721,0.2023,0.993
19.669904062,0.0274,0.9721,0.2033,0.993
19.671443447,0.0281,0.9733,0.2047,0.995
19.672697832,0.0296,0.9733,0.2042,0.995
19.674815024,0.0308,0.9714,0.2030,0.993
19.676757947,0.0332,0.9711,0.2028,0.993
19.678713447,0.0342,0.9711,0.2035,0.993
19.680609101,0.0349,0.9701,0.2038,0.992
19.682811562,0.0357,0.9704,0.2028,0.992
19.686261101,0.0388,0.9699,0.2016,0.991
19.687942101,0.0408,0.9692,0.2033,0.991
19.689674755,0.0415,0.9701,0.2042,0.992
19.69092787,0.0420,0.9697,0.2045,0.992
19.69275337,0.0442,0.9701,0.2035,0.992
19.694699062,0.0457,0.9692,0.2038,0.991
19.696476062,0.0467,0.9706,0.2052,0.993
19.69834887,0.0472,0.9697,0.2050,0.992
19.700497216,0.0486,0.9694,0.2074,0.993
19.711217408,0.0491,0.9687,0.2084,0.992
19.712722332,0.0489,0.9694,0.2086,0.993
19.71363487,0.0511,0.9711,0.2106,0.995
19.714678755,0.0503,0.9706,0.2113,0.995
19.715745678,0.0520,0.9701,0.2118,0.994
19.716903408,0.0533,0.9701,0.2116,0.994
19.718178447,0.0550,0.9699,0.2121,0.994
19.71934937,0.0547,0.9701,0.2123,0.995
19.720539178,0.0545,0.9706,0.2130,0.995
19.722398062,0.0533,0.9699,0.2128,0.994
19.723573293,0.0523,0.9736,0.2135,0.998
19.724750793,0.0525,0.9731,0.2143,0.998
19.727425024,0.0525,0.9704,0.2118,0.995
19.728893985,0.0533,0.9716,0.2106,0.996
19.730577985,0.0533,0.9723,0.2108,0.996
19.732231716,0.0535,0.9733,0.2094,0.997
19.73432287,0.0525,0.9733,0.2094,0.997
19.73812087,0.0513,0.9736,0.2089,0.997
19.738763293,0.0501,0.9750,0.2072,0.998
19.739694293,0.0511,0.9755,0.2060,0.998
19.741582178,0.0503,0.9772,0.2052,1.000
19.743862332,0.0472,0.9770,0.2060,1.000
19.745688332,0.0464,0.9780,0.2067,1.001
19.747718908,0.0442,0.9780,0.2045,1.000
19.749623062,0.0445,0.9787,0.2033,1.001
19.752923947,0.0425,0.9787,0.2030,1.000
19.75376287,0.0430,0.9782,0.2023,1.000
19.755760293,0.0435,0.9777,0.2016,0.999
19.757445485,0.0425,0.9802,0.2023,1.002
19.75943187,0.0418,0.9799,0.2023,1.001
19.761498755,0.0403,0.9784,0.2018,1.000
19.763602024,0.0396,0.9772,0.2020,0.999
19.765578908,0.0391,0.9777,0.2011,0.999
19.767818562,0.0374,0.9780,0.2001,0.999
19.770726755,0.0374,0.9789,0.2006,1.000
19.771475793,0.0371,0.9780,0.2001,0.999
19.773817755,0.0379,0.9772,0.2006,0.998
19.775473639,0.0369,0.9765,0.2013,0.998
19.777382639,0.0371,0.9765,0.2001,0.997
19.77964137,0.0369,0.9765,0.2016,0.998
19.781475216,0.0369,0.9767,0.2023,0.998
19.783548908,0.0371,0.9770,0.2042,0.999
19.792118332,0.0352,0.9750,0.2050,0.997
19.793141139,0.0354,0.9748,0.2047,0.997
19.793869793,0.0352,0.9733,0.2038,0.995
19.79459737,0.0349,0.9728,0.2035,0.994
19.795342755,0.0354,0.9711,0.2033,0.993
19.796053485,0.0364,0.9714,0.2052,0.993
19.799120485,0.0364,0.9709,0.2055,0.993
19.799936832,0.0352,0.9719,0.2052,0.994
19.801144716,0.0340,0.9701,0.2062,0.992
19.805603447,0.0344,0.9692,0.2069,0.992
19.807011755,0.0354,0.9689,0.2072,0.991
19.807794024,0.0344,0.9689,0.2067,0.991
19.809074447,0.0366,0.9679,0.2081,0.991
19.811016947,0.0374,0.9697,0.2099,0.993
19.812944678,0.0366,0.9689,0.2099,0.992
19.814820524,0.0386,0.9682,0.2101,0.991
19.816852562,0.0388,0.9687,0.2103,0.992
19.819910947,0.0393,0.9682,0.2118,0.992
19.821339562,0.0403,0.9670,0.2116,0.991
19.822807947,0.0408,0.9679,0.2113,0.992
19.824780793,0.0415,0.9677,0.2133,0.992
19.826656024,0.0406,0.9675,0.2138,0.992
19.828842178,0.0408,0.9679,0.2130,0.992
19.830638601,0.0401,0.9679,0.2147,0.992
19.832665601,0.0413,0.9679,0.2152,0.992
19.836688139,0.0437,0.9677,0.2150,0.992
19.83821937,0.0423,0.9687,0.2172,0.994
19.840031524,0.0413,0.9679,0.2174,0.993
19.84119437,0.0410,0.9687,0.2174,0.994
19.842677716,0.0408,0.9692,0.2187,0.994
19.844246408,0.0393,0.9701,0.2182,0.995
19.846188639,0.0406,0.9684,0.2189,0.994
19.848237562,0.0406,0.9694,0.2187,0.995
19.850399601,0.0384,0.9694,0.2189,0.995
19.853382601,0.0369,0.9694,0.2184,0.994
19.85504187,0.0359,0.9701,0.2201,0.995
19.856282178,0.0374,0.9711,0.2199,0.996
19.858055562,0.0364,0.9716,0.2196,0.997
19.860143062,0.0357,0.9692,0.2187,0.994
19.861951485,0.0340,0.9701,0.2165,0.995
19.864243562,0.0332,0.9716,0.2167,0.996
19.866062755,0.0325,0.9711,0.2196,0.996
19.870168447,0.0313,0.9711,0.2199,0.996
19.871720947,0.0313,0.9706,0.2177,0.995
19.873713178,0.0300,0.9716,0.2165,0.996
19.874952024,0.0303,0.9719,0.2162,0.996
19.876036293,0.0298,0.9740,0.2160,0.998
19.877867139,0.0286,0.9743,0.2157,0.998
19.87986137,0.0288,0.9743,0.2160,0.998
19.881840639,0.0293,0.9753,0.2145,0.999
19.884037639,0.0283,0.9777,0.2143,1.001
19.887203178,0.0276,0.9767,0.2147,1.000
19.888866793,0.0291,0.9782,0.2135,1.002
19.890102024,0.0286,0.9782,0.2123,1.001
19.891824793,0.0254,0.9772,0.2123,1.000
19.893671716,0.0249,0.9780,0.2128,1.001
19.89580087,0.0264,0.9782,0.2140,1.002
19.897726139,0.0266,0.9799,0.2116,1.003
19.899624408,0.0261,0.9797,0.2123,1.003
19.911424139,0.0259,0.9784,0.2103,1.001
19.912969601,0.0242,0.9789,0.2103,1.002
19.91445437,0.0232,0.9794,0.2106,1.002
19.916037754,0.0235,0.9809,0.2113,1.004
19.917282331,0.0235,0.9802,0.2121,1.003
19.91910637,0.0220,0.9802,0.2133,1.003
19.920474831,0.0191,0.9792,0.2157,1.003
19.92165637,0.0198,0.9789,0.2162,1.003
19.923135216,0.0191,0.9794,0.2174,1.003
19.927243985,0.0181,0.9780,0.2213,1.003
19.927709331,0.0183,0.9770,0.2240,1.003
19.927955062,0.0181,0.9760,0.2267,1.002
19.928201254,0.0183,0.9755,0.2262,1.002
19.928428639,0.0178,0.9760,0.2257,1.002
19.929216947,0.0173,0.9765,0.2226,1.002
19.931196793,0.0171,0.9775,0.2211,1.002
19.933011639,0.0183,0.9775,0.2187,1.002
19.935369562,0.0188,0.9775,0.2167,1.001
19.937993639,0.0176,0.9753,0.2140,0.999
19.939322754,0.0181,0.9745,0.2111,0.997
19.940925908,0.0173,0.9745,0.2091,0.997
19.943684947,0.0181,0.9750,0.2064,0.997
19.944905254,0.0195,0.9765,0.2038,0.998
19.947143831,0.0191,0.9765,0.2033,0.998
19.948672062,0.0176,0.9750,0.2038,0.996
19.950953024,0.0173,0.9753,0.2047,0.997
19.953058601,0.0193,0.9745,0.2086,0.997
19.954981985,0.0186,0.9738,0.2123,0.997
19.956729562,0.0193,0.9733,0.2145,0.997
19.958885408,0.0188,0.9723,0.2167,0.996
19.96095487,0.0213,0.9723,0.2138,0.996
19.965612716,0.0217,0.9728,0.2138,0.996
19.966090139,0.0232,0.9716,0.2133,0.995
19.967212178,0.0232,0.9721,0.2128,0.995
19.97134187,0.0266,0.9675,0.2101,0.990
19.973361024,0.0279,0.9679,0.2103,0.991
19.974072216,0.0291,0.9677,0.2099,0.991
19.983867985,0.0300,0.9662,0.2116,0.990
19.985087716,0.0305,0.9653,0.2121,0.989
19.986655985,0.0318,0.9655,0.2169,0.990
19.987623254,0.0337,0.9667,0.2201,0.992
19.988678485,0.0342,0.9660,0.2216,0.992
19.989541062,0.0359,0.9655,0.2274,0.993
19.990722408,0.0388,0.9653,0.2306,0.993
19.991578562,0.0401,0.9655,0.2306,0.993
19.992611793,0.0430,0.9653,0.2326,0.994
19.993474716,0.0450,0.9660,0.2318,0.994
19.994373601,0.0479,0.9665,0.2304,0.995
19.997208293,0.0501,0.9660,0.2309,0.994
19.998706293,0.0508,0.9662,0.2306,0.995
20.000243678,0.0555,0.9653,0.2284,0.993
20.009745754,0.0577,0.9650,0.2265,0.993
20.010390447,0.0581,0.9653,0.2253,0.993
20.010739639,0.0594,0.9665,0.2209,0.993
20.011005754,0.0591,0.9672,0.2187,0.993
20.011270062,0.0618,0.9675,0.2150,0.993
20.012229139,0.0611,0.9672,0.2103,0.992
20.015348293,0.0621,0.9679,0.2069,0.992
20.016265447,0.0613,0.9692,0.2016,0.992
20.018118331,0.0596,0.9704,0.1994,0.992
20.026255677,0.0603,0.9723,0.1942,0.993
20.027125331,0.0611,0.9711,0.1896,0.991
20.027564062,0.0603,0.9699,0.1881,0.990
20.027983062,0.0589,0.9711,0.1845,0.990
20.028395177,0.0586,0.9716,0.1840,0.991
20.030009639,0.0577,0.9711,0.1845,0.990
20.032042293,0.0574,0.9714,0.1832,0.990
20.033818254,0.0567,0.9719,0.1837,0.991
20.037045408,0.0547,0.9716,0.1845,0.990
20.038965754,0.0542,0.9719,0.1845,0.991
20.039822601,0.0540,0.9723,0.1845,0.991
20.041665908,0.0540,0.9709,0.1845,0.990
20.04369687,0.0530,0.9714,0.1864,0.991
20.04548487,0.0530,0.9719,0.1888,0.991
20.047725831,0.0515,0.9714,0.1928,0.992
20.049523062,0.0515,0.9714,0.1935,0.992
20.051665716,0.0518,0.9709,0.1957,0.992
20.053875639,0.0518,0.9697,0.1989,0.991
20.055589139,0.0506,0.9701,0.2003,0.992
20.058043601,0.0508,0.9704,0.2047,0.993
20.060059601,0.0491,0.9706,0.2057,0.993
20.061595524,0.0472,0.9697,0.2099,0.993
20.06378687,0.0452,0.9682,0.2140,0.993
20.065585101,0.0440,0.9677,0.2157,0.992
20.067921793,0.0425,0.9697,0.2194,0.995
20.071379524,0.0410,0.9704,0.2231,0.997
20.072266639,0.0398,0.9709,0.2248,0.997
20.07343787,0.0369,0.9721,0.2272,0.999
20.075525024,0.0362,0.9726,0.2279,1.000
20.077582524,0.0352,0.9733,0.2304,1.001
20.079752601,0.0310,0.9733,0.2328,1.001
20.08136937,0.0288,0.9726,0.2340,1.001
20.083347793,0.0288,0.9743,0.2365,1.003
20.087074254,0.0283,0.9753,0.2362,1.004
20.088469024,0.0274,0.9750,0.2367,1.004
20.089498524,0.0266,0.9753,0.2375,1.004
20.091309216,0.0254,0.9760,0.2367,1.005
20.093134908,0.0254,0.9748,0.2367,1.003
20.095256677,0.0239,0.9753,0.2370,1.004
20.097155331,0.0237,0.9758,0.2358,1.004
20.099314562,0.0247,0.9745,0.2340,1.003
20.101360485,0.0264,0.9755,0.2326,1.003
20.112147177,0.0249,0.9765,0.2333,1.004
20.113652908,0.0249,0.9750,0.2306,1.002
20.114671408,0.0242,0.9748,0.2289,1.002
20.11557937,0.0242,0.9750,0.2287,1.002
20.116600485,0.0239,0.9750,0.2277,1.002
20.117684101,0.0232,0.9743,0.2260,1.000
20.119322601,0.0230,0.9758,0.2243,1.001
20.120573177,0.0225,0.9765,0.2238,1.002
20.121755101,0.0232,0.9765,0.2199,1.001
20.12317587,0.0244,0.9767,0.2182,1.001
20.123720524,0.0237,0.9760,0.2177,1.000
20.125562254,0.0247,0.9753,0.2177,1.000
20.126679716,0.0257,0.9755,0.2169,1.000
20.12863487,0.0259,0.9723,0.2152,0.996
20.130549716,0.0259,0.9726,0.2150,0.996
20.1325786,0.0274,0.9728,0.2155,0.997
20.134398793,0.0279,0.9731,0.2157,0.997
20.137112985,0.0286,0.9719,0.2140,0.996
20.138398293,0.0286,0.9719,0.2145,0.996
20.140535139,0.0274,0.9699,0.2150,0.994
20.142487947,0.0271,0.9709,0.2140,0.995
20.144462793,0.0259,0.9726,0.2145,0.996
20.146286177,0.0259,0.9726,0.2172,0.997
20.148479139,0.0257,0.9711,0.2174,0.995
20.1500811,0.0252,0.9684,0.2187,0.993
20.153969216,0.0254,0.9694,0.2211,0.995
20.154952177,0.0261,0.9697,0.2221,0.995
20.156103216,0.0274,0.9692,0.2233,0.995
20.158115524,0.0269,0.9689,0.2240,0.995
20.160261677,0.0271,0.9684,0.2265,0.995
20.162202216,0.0266,0.9682,0.2267,0.995
20.164493331,0.0257,0.9679,0.2265,0.994
20.166176562,0.0259,0.9684,0.2279,0.995
20.168587524,0.0254,0.9684,0.2274,0.995
20.171021254,0.0254,0.9682,0.2282,0.995
20.1734816,0.0252,0.9675,0.2289,0.994
20.174036716,0.0247,0.9679,0.2284,0.995
20.176685447,0.0266,0.9675,0.2274,0.994
20.178023293,0.0264,0.9697,0.2279,0.996
20.180167985,0.0257,0.9699,0.2270,0.996
20.181990831,0.0254,0.9687,0.2255,0.995
20.184369985,0.0252,0.9687,0.2260,0.995
20.187980677,0.0242,0.9684,0.2277,0.995
20.189325408,0.0249,0.9694,0.2301,0.997
20.189980831,0.0249,0.9697,0.2306,0.997
20.192457216,0.0252,0.9684,0.2323,0.996
20.194066139,0.0239,0.9679,0.2336,0.996
20.196074677,0.0227,0.9697,0.2360,0.998
20.19789087,0.0239,0.9684,0.2372,0.997
20.200066139,0.0242,0.9687,0.2372,0.998
20.202192831,0.0244,0.9694,0.2362,0.998
20.208763639,0.0235,0.9701,0.2345,0.998
20.209716024,0.0227,0.9716,0.2333,0.999
20.210127985,0.0252,0.9719,0.2294,0.999
20.21042737,0.0239,0.9723,0.2274,0.999
20.212194024,0.0244,0.9733,0.2248,0.999
20.214429947,0.0247,0.9716,0.2206,0.997
20.215537024,0.0244,0.9719,0.2209,0.997
20.217281177,0.0254,0.9714,0.2187,0.996
20.222468293,0.0274,0.9711,0.2155,0.995
20.223163485,0.0269,0.9723,0.2147,0.996
20.223458754,0.0274,0.9728,0.2130,0.996
20.225312754,0.0286,0.9728,0.2125,0.996
20.227669793,0.0300,0.9728,0.2084,0.995
20.22927337,0.0320,0.9731,0.2072,0.995
20.231360485,0.0330,0.9743,0.2072,0.997
20.233255447,0.0349,0.9745,0.2077,0.997
20.235598523,0.0342,0.9767,0.2045,0.998
20.238660447,0.0347,0.9777,0.2035,0.999
20.239413447,0.0364,0.9760,0.2011,0.997
20.244922947,0.0362,0.9753,0.2003,0.996
20.245432908,0.0364,0.9770,0.2001,0.998
20.245882754,0.0354,0.9753,0.1986,0.996
20.247681831,0.0357,0.9750,0.1976,0.995
20.249154677,0.0371,0.9765,0.1959,0.997
20.251810485,0.0376,0.9770,0.1986,0.998
20.2555856,0.0364,0.9767,0.1991,0.997
20.256465793,0.0388,0.9760,0.1994,0.997
20.256899562,0.0396,0.9758,0.1996,0.997
20.259178985,0.0379,0.9750,0.2003,0.996
20.260942947,0.0401,0.9750,0.2025,0.997
20.26291137,0.0415,0.9758,0.2020,0.997
20.264945023,0.0425,0.9753,0.2035,0.997
20.266867331,0.0437,0.9748,0.2042,0.997
20.268992985,0.0435,0.9750,0.2057,0.997
20.271838562,0.0432,0.9736,0.2079,0.996
20.272934293,0.0430,0.9733,0.2091,0.996
20.274761639,0.0420,0.9750,0.2111,0.998
20.276787562,0.0450,0.9755,0.2121,0.999
20.278771908,0.0457,0.9745,0.2125,0.998
20.280728523,0.0454,0.9733,0.2147,0.998
20.283382293,0.0450,0.9731,0.2169,0.998
20.284900985,0.0442,0.9740,0.2213,1.000
20.295083485,0.0459,0.9728,0.2248,1.000
20.296520447,0.0447,0.9733,0.2245,1.000
20.297470639,0.0432,0.9736,0.2245,1.000
20.298345947,0.0428,0.9733,0.2248,1.000
20.299342485,0.0428,0.9719,0.2272,0.999
20.300285985,0.0428,0.9731,0.2262,1.000
20.30787237,0.0432,0.9721,0.2270,0.999
20.309173485,0.0428,0.9719,0.2279,0.999
20.310084562,0.0432,0.9706,0.2318,0.999
20.311108062,0.0430,0.9711,0.2321,0.999
20.312054139,0.0418,0.9723,0.2316,1.000
20.3134986,0.0408,0.9711,0.2306,0.999
20.314471177,0.0413,0.9697,0.2311,0.998
20.315540331,0.0406,0.9697,0.2318,0.998
20.316422754,0.0408,0.9694,0.2326,0.998
20.317163677,0.0413,0.9699,0.2314,0.998
20.317974293,0.0423,0.9692,0.2321,0.997
20.320741023,0.0420,0.9689,0.2328,0.997
20.3226581,0.0418,0.9682,0.2304,0.996
20.327618831,0.0423,0.9677,0.2304,0.996
20.328599985,0.0413,0.9679,0.2301,0.996
20.329297985,0.0418,0.9675,0.2296,0.995
20.330248216,0.0408,0.9665,0.2262,0.993
20.331917754,0.0398,0.9670,0.2270,0.994
20.333911177,0.0393,0.9662,0.2272,0.993
20.335813908,0.0374,0.9657,0.2253,0.992
20.338583331,0.0371,0.9670,0.2238,0.993
20.340007639,0.0374,0.9672,0.2228,0.993
20.342864408,0.0371,0.9670,0.2216,0.993
20.34387337,0.0369,0.9667,0.2204,0.992
20.3456341,0.0354,0.9662,0.2179,0.991
20.347596523,0.0340,0.9667,0.2172,0.991
20.349612485,0.0332,0.9672,0.2155,0.991
20.351618254,0.0335,0.9672,0.2162,0.992
20.360753254,0.0325,0.9675,0.2145,0.991
20.362047485,0.0322,0.9665,0.2145,0.991
20.3631646,0.0318,0.9665,0.2123,0.990
20.364023446,0.0318,0.9662,0.2106,0.989
20.364818485,0.0313,0.9670,0.2108,0.990
20.366687523,0.0308,0.9672,0.2108,0.990
20.367769254,0.0315,0.9675,0.2111,0.991
20.368617254,0.0300,0.9687,0.2111,0.992
20.369807754,0.0288,0.9694,0.2094,0.992
20.372741793,0.0298,0.9704,0.2089,0.993
20.374100985,0.0279,0.9719,0.2094,0.995
20.375331177,0.0271,0.9726,0.2103,0.995
20.377221293,0.0283,0.9719,0.2096,0.995
20.3794321,0.0281,0.9706,0.2084,0.993
20.381269216,0.0293,0.9709,0.2077,0.993
20.383259139,0.0281,0.9723,0.2096,0.995
20.385176139,0.0288,0.9723,0.2111,0.995
20.395444062,0.0293,0.9723,0.2118,0.996
20.396949023,0.0286,0.9728,0.2111,0.996
20.397950177,0.0291,0.9733,0.2106,0.996
20.399059908,0.0288,0.9755,0.2125,0.999
20.400110523,0.0281,0.9765,0.2128,1.000
20.401276062,0.0279,0.9775,0.2121,1.001
20.4024761,0.0291,0.9782,0.2118,1.001
20.403626062,0.0288,0.9789,0.2128,1.002
20.40479137,0.0303,0.9794,0.2125,1.003
20.405907716,0.0286,0.9772,0.2108,1.000
20.407013177,0.0298,0.9770,0.2111,1.000
20.4087546,0.0293,0.9777,0.2118,1.001
20.410825254,0.0283,0.9777,0.2099,1.000
20.412853677,0.0286,0.9772,0.2089,1.000
20.414568562,0.0298,0.9772,0.2108,1.000
20.416612408,0.0310,0.9777,0.2113,1.001
20.418525793,0.0310,0.9784,0.2101,1.001
20.42070987,0.0332,0.9802,0.2103,1.003
20.422445254,0.0325,0.9799,0.2099,1.003
20.424444908,0.0330,0.9802,0.2096,1.003
20.426355408,0.0325,0.9794,0.2106,1.002
20.428544216,0.0337,0.9782,0.2113,1.001
20.430477331,0.0327,0.9794,0.2133,1.003
20.432593754,0.0330,0.9792,0.2130,1.003
20.434463793,0.0352,0.9797,0.2118,1.003
20.437387177,0.0354,0.9794,0.2116,1.003
20.438367754,0.0362,0.9792,0.2130,1.003
20.440389716,0.0369,0.9775,0.2140,1.001
20.442218485,0.0366,0.9772,0.2140,1.001
20.444427062,0.0347,0.9780,0.2145,1.002
20.446307908,0.0342,0.9765,0.2177,1.001
20.448449908,0.0340,0.9765,0.2187,1.001
20.450001562,0.0335,0.9748,0.2177,0.999
20.452049023,0.0332,0.9753,0.2179,1.000
20.455797446,0.0342,0.9758,0.2177,1.000
20.456291446,0.0340,0.9738,0.2189,0.999
20.459443485,0.0340,0.9743,0.2191,0.999
20.460344254,0.0325,0.9736,0.2204,0.999
20.462006023,0.0313,0.9740,0.2204,0.999
20.464010446,0.0310,0.9731,0.2231,0.999
20.465830793,0.0308,0.9719,0.2243,0.998
20.468072523,0.0303,0.9723,0.2235,0.998
20.470966869,0.0310,0.9709,0.2231,0.997
20.472300831,0.0303,0.9699,0.2235,0.996
20.475453446,0.0305,0.9701,0.2243,0.996
20.476433869,0.0315,0.9692,0.2245,0.995
20.4776686,0.0318,0.9687,0.2250,0.995
20.479891793,0.0303,0.9679,0.2235,0.994
20.481700331,0.0300,0.9687,0.2238,0.995
20.483869562,0.0293,0.9687,0.2238,0.995
20.485650946,0.0300,0.9682,0.2245,0.994
20.4885576,0.0296,0.9699,0.2250,0.996
20.489903793,0.0293,0.9679,0.2245,0.994
20.491654869,0.0283,0.9665,0.2238,0.992
20.493374985,0.0293,0.9657,0.2223,0.991
20.495738293,0.0288,0.9643,0.2221,0.990
20.4975351,0.0291,0.9660,0.2226,0.992
20.499659254,0.0286,0.9667,0.2223,0.992
20.501548023,0.0288,0.9665,0.2218,0.992
20.512536562,0.0279,0.9665,0.2216,0.992
20.514103562,0.0279,0.9670,0.2221,0.993
20.515387446,0.0281,0.9677,0.2218,0.993
20.517291639,0.0269,0.9679,0.2209,0.993
20.518485485,0.0271,0.9679,0.2206,0.993
20.520070793,0.0271,0.9684,0.2199,0.993
20.521311562,0.0288,0.9679,0.2182,0.993
20.522702485,0.0300,0.9694,0.2177,0.994
20.5239036,0.0303,0.9689,0.2184,0.994
20.525017369,0.0310,0.9689,0.2184,0.994
20.526173869,0.0310,0.9689,0.2189,0.994
20.527349908,0.0305,0.9684,0.2191,0.993
20.528255869,0.0318,0.9675,0.2199,0.993
20.529171716,0.0322,0.9682,0.2199,0.993
20.532197793,0.0305,0.9694,0.2194,0.994
20.533928331,0.0310,0.9716,0.2196,0.997
20.535326716,0.0298,0.9716,0.2196,0.997
20.541187946,0.0313,0.9711,0.2213,0.997
20.5427501,0.0308,0.9716,0.2194,0.997
20.543606946,0.0308,0.9719,0.2201,0.997
20.544401908,0.0318,0.9719,0.2221,0.997
20.545410023,0.0327,0.9719,0.2223,0.997
20.546796639,0.0344,0.9721,0.2233,0.998
20.548778023,0.0335,0.9719,0.2243,0.998
20.550770446,0.0340,0.9714,0.2235,0.997
20.555070677,0.0330,0.9716,0.2233,0.997
20.556590985,0.0335,0.9721,0.2248,0.998
20.557727139,0.0337,0.9719,0.2270,0.999
20.559357754,0.0337,0.9711,0.2260,0.998
20.5607711,0.0349,0.9709,0.2253,0.997
20.562743177,0.0362,0.9706,0.2270,0.997
20.564687408,0.0349,0.9706,0.2277,0.998
20.566784716,0.0347,0.9706,0.2274,0.998
20.568611985,0.0357,0.9714,0.2262,0.998
20.571867369,0.0369,0.9711,0.2270,0.998
20.573393985,0.0369,0.9709,0.2272,0.998
20.574628369,0.0359,0.9697,0.2262,0.996
20.576417139,0.0364,0.9706,0.2257,0.997
20.578416139,0.0369,0.9723,0.2253,0.999
20.580375677,0.0376,0.9719,0.2248,0.998
20.582236639,0.0371,0.9726,0.2245,0.999
20.584196985,0.0371,0.9726,0.2245,0.999
20.587570139,0.0374,0.9711,0.2253,0.998
20.588763639,0.0364,0.9697,0.2255,0.996
20.591226869,0.0376,0.9697,0.2243,0.996
20.592696446,0.0381,0.9694,0.2233,0.996
20.594259446,0.0393,0.9689,0.2216,0.995
20.596083292,0.0374,0.9689,0.2221,0.995
20.598187523,0.0374,0.9694,0.2223,0.995
20.600199677,0.0362,0.9711,0.2231,0.997
20.602118254,0.0366,0.9699,0.2231,0.996
20.6120191,0.0366,0.9682,0.2213,0.994
20.612629177,0.0359,0.9697,0.2231,0.996
20.612888331,0.0354,0.9697,0.2233,0.996
20.613116485,0.0374,0.9677,0.2218,0.994
20.613344869,0.0369,0.9679,0.2206,0.993
20.6139446,0.0366,0.9692,0.2201,0.995
20.615933639,0.0366,0.9704,0.2209,0.996
20.618023408,0.0366,0.9697,0.2199,0.995
20.625255985,0.0349,0.9697,0.2235,0.996
20.625942869,0.0340,0.9699,0.2260,0.996
20.626247292,0.0335,0.9692,0.2270,0.996
20.626554523,0.0342,0.9687,0.2289,0.996
20.630937562,0.0347,0.9682,0.2296,0.996
20.631240177,0.0362,0.9684,0.2304,0.996
20.631770408,0.0349,0.9682,0.2311,0.996
20.633508216,0.0354,0.9682,0.2304,0.996
20.635515062,0.0386,0.9684,0.2289,0.996
20.637885331,0.0371,0.9692,0.2260,0.996
20.639385716,0.0369,0.9684,0.2235,0.995
20.641389523,0.0357,0.9682,0.2211,0.994
20.643562716,0.0357,0.9689,0.2191,0.994
20.645437408,0.0374,0.9701,0.2172,0.995
20.6473686,0.0371,0.9699,0.2140,0.994
20.649292908,0.0366,0.9704,0.2121,0.994
20.651465062,0.0354,0.9716,0.2108,0.995
20.654330369,0.0359,0.9711,0.2121,0.995
20.656702562,0.0352,0.9709,0.2162,0.995
20.657430177,0.0330,0.9721,0.2209,0.997
20.659553792,0.0322,0.9728,0.2238,0.999
20.6614021,0.0318,0.9731,0.2250,0.999
20.663352562,0.0298,0.9728,0.2270,0.999
20.665234023,0.0293,0.9721,0.2274,0.999
20.667321215,0.0318,0.9719,0.2267,0.998
20.669297831,0.0330,0.9711,0.2250,0.997
20.671329754,0.0335,0.9704,0.2248,0.997
20.673523523,0.0344,0.9709,0.2231,0.997
20.675446562,0.0325,0.9697,0.2233,0.996
20.677028869,0.0322,0.9689,0.2250,0.995
20.679190446,0.0320,0.9687,0.2277,0.996
20.6810226,0.0313,0.9694,0.2306,0.997
20.683168908,0.0308,0.9697,0.2365,0.999
20.685191639,0.0315,0.9687,0.2380,0.998
20.695188446,0.0332,0.9694,0.2406,0.999
20.696241331,0.0318,0.9682,0.2433,0.999
20.696985369,0.0327,0.9679,0.2448,0.999
20.697729023,0.0332,0.9684,0.2475,1.000
20.698380831,0.0318,0.9694,0.2497,1.002
20.699256485,0.0322,0.9699,0.2507,1.002
20.699977408,0.0320,0.9694,0.2514,1.002
20.701003023,0.0315,0.9704,0.2507,1.003
20.703381177,0.0349,0.9704,0.2475,1.002
20.708915677,0.0347,0.9704,0.2450,1.001
20.710572062,0.0354,0.9714,0.2431,1.002
20.711465562,0.0340,0.9721,0.2406,1.002
20.712277562,0.0354,0.9716,0.2336,1.000
20.713389831,0.0364,0.9731,0.2304,1.001
20.714793792,0.0359,0.9731,0.2235,0.999
20.7166956,0.0347,0.9723,0.2218,0.998
20.718696292,0.0330,0.9721,0.2169,0.997
20.721764562,0.0322,0.9743,0.2096,0.997
20.723317639,0.0320,0.9750,0.2074,0.997
20.724690908,0.0320,0.9753,0.2030,0.997
20.726687023,0.0325,0.9743,0.1998,0.995
20.728632754,0.0313,0.9743,0.1974,0.995
20.730628292,0.0296,0.9743,0.1964,0.994
20.732723292,0.0286,0.9738,0.1952,0.994
20.734659215,0.0281,0.9733,0.1925,0.993
20.738224677,0.0281,0.9740,0.1908,0.993
20.739820869,0.0276,0.9733,0.1913,0.992
20.740999292,0.0279,0.9745,0.1925,0.994
20.742724139,0.0288,0.9745,0.1923,0.994
20.744596254,0.0300,0.9726,0.1937,0.992
20.746418062,0.0305,0.9723,0.1952,0.992
20.748429446,0.0318,0.9719,0.1957,0.992
20.750437408,0.0337,0.9721,0.1964,0.992
20.752403062,0.0357,0.9706,0.1986,0.991
20.755452139,0.0352,0.9701,0.2003,0.991
20.757120946,0.0362,0.9711,0.2035,0.993
20.758637562,0.0357,0.9704,0.2050,0.992
20.760497369,0.0364,0.9684,0.2081,0.991
20.762339254,0.0379,0.9699,0.2130,0.994
20.764304215,0.0384,0.9706,0.2145,0.995
20.766191677,0.0391,0.9706,0.2184,0.996
20.768094677,0.0386,0.9709,0.2211,0.996
20.7702406,0.0376,0.9704,0.2248,0.997
20.773232254,0.0354,0.9694,0.2301,0.997
20.774897485,0.0359,0.9704,0.2306,0.998
20.776151715,0.0352,0.9697,0.2353,0.998
20.777780408,0.0342,0.9687,0.2375,0.998
20.779878254,0.0335,0.9699,0.2387,0.999
20.781840446,0.0315,0.9701,0.2426,1.001
20.783789523,0.0318,0.9699,0.2446,1.001
20.785636177,0.0318,0.9711,0.2472,1.003
20.789152908,0.0300,0.9709,0.2475,1.002
20.790581177,0.0296,0.9716,0.2460,1.003
20.792145023,0.0315,0.9721,0.2485,1.004
20.7935276,0.0327,0.9728,0.2482,1.005
20.795650792,0.0320,0.9733,0.2467,1.005
20.797524792,0.0320,0.9723,0.2450,1.003
20.799617369,0.0325,0.9714,0.2441,1.002
20.801450523,0.0315,0.9704,0.2424,1.001
20.812479177,0.0322,0.9716,0.2419,1.002
20.814005408,0.0320,0.9733,0.2404,1.003
20.815261292,0.0303,0.9728,0.2380,1.002
20.816385754,0.0313,0.9738,0.2362,1.003
20.817791946,0.0332,0.9740,0.2336,1.002
20.8190201,0.0325,0.9733,0.2294,1.001
20.8193336,0.0332,0.9748,0.2292,1.002
20.819620869,0.0315,0.9740,0.2262,1.000
20.819848638,0.0318,0.9736,0.2245,1.000
20.823277023,0.0335,0.9740,0.2221,1.000
20.823719369,0.0322,0.9733,0.2194,0.998
20.825180831,0.0322,0.9731,0.2182,0.998
20.8272906,0.0313,0.9736,0.2150,0.998
20.829059023,0.0303,0.9743,0.2128,0.998
20.831171408,0.0308,0.9736,0.2096,0.996
20.833133869,0.0340,0.9738,0.2094,0.997
20.835251677,0.0337,0.9723,0.2089,0.995
20.8380246,0.0340,0.9728,0.2077,0.995
20.838965215,0.0362,0.9748,0.2060,0.997
20.840854485,0.0359,0.9740,0.2069,0.996
20.842953023,0.0354,0.9723,0.2089,0.995
20.844873446,0.0349,0.9721,0.2079,0.995
20.847038062,0.0352,0.9699,0.2089,0.993
20.848835869,0.0374,0.9701,0.2101,0.993
20.8508856,0.0386,0.9689,0.2113,0.992
20.852770677,0.0393,0.9699,0.2106,0.993
20.855452562,0.0381,0.9699,0.2130,0.994
20.856760562,0.0381,0.9687,0.2150,0.993
20.858936138,0.0381,0.9677,0.2172,0.993
20.860590946,0.0379,0.9670,0.2177,0.992
20.862562715,0.0376,0.9662,0.2182,0.991
20.864732062,0.0369,0.9657,0.2209,0.991
20.866770331,0.0374,0.9660,0.2211,0.992
20.868861292,0.0364,0.9648,0.2228,0.991
20.871801215,0.0396,0.9645,0.2257,0.991
20.872804215,0.0396,0.9640,0.2255,0.991
20.874711908,0.0384,0.9640,0.2262,0.991
20.876534369,0.0366,0.9640,0.2270,0.991
20.878524985,0.0366,0.9645,0.2274,0.992
20.880484946,0.0366,0.9650,0.2274,0.992
20.882359638,0.0379,0.9648,0.2272,0.992
20.884500792,0.0384,0.9643,0.2270,0.991
20.886819292,0.0366,0.9645,0.2270,0.992
20.889783292,0.0349,0.9645,0.2277,0.992
20.891114331,0.0344,0.9640,0.2304,0.992
20.892668754,0.0344,0.9648,0.2299,0.992
20.894409715,0.0337,0.9657,0.2321,0.994
20.896455215,0.0315,0.9670,0.2323,0.995
20.898246254,0.0313,0.9675,0.2326,0.996
20.900478485,0.0320,0.9679,0.2328,0.996
20.902302369,0.0298,0.9682,0.2331,0.996
20.904713869,0.0303,0.9675,0.2343,0.996
20.913834908,0.0310,0.9684,0.2355,0.997
20.9152726,0.0303,0.9689,0.2358,0.998
20.916341561,0.0286,0.9697,0.2362,0.998
20.917210331,0.0288,0.9699,0.2348,0.998
20.918377754,0.0279,0.9704,0.2323,0.998
20.919879446,0.0261,0.9694,0.2309,0.997
20.921135985,0.0254,0.9692,0.2292,0.996
20.922946561,0.0274,0.9706,0.2267,0.997
20.923283831,0.0286,0.9714,0.2243,0.997
20.930331254,0.0276,0.9716,0.2248,0.998
20.930830638,0.0271,0.9728,0.2228,0.998
20.931076523,0.0293,0.9706,0.2199,0.996
20.931316408,0.0296,0.9711,0.2189,0.996
20.931935754,0.0300,0.9736,0.2184,0.998
20.933735292,0.0305,0.9733,0.2187,0.998
20.9356666,0.0308,0.9726,0.2184,0.997
20.941707331,0.0322,0.9731,0.2155,0.997
20.9422371,0.0327,0.9726,0.2133,0.996
20.942529523,0.0327,0.9733,0.2130,0.997
20.948458715,0.0362,0.9748,0.2133,0.998
20.949452715,0.0371,0.9748,0.2116,0.998
20.949727215,0.0369,0.9750,0.2121,0.999
20.949949561,0.0364,0.9745,0.2118,0.998
20.951366754,0.0366,0.9748,0.2123,0.998
20.954837138,0.0376,0.9743,0.2128,0.998
20.956892561,0.0374,0.9753,0.2133,0.999
20.957359408,0.0376,0.9760,0.2121,0.999
20.959358177,0.0381,0.9753,0.2118,0.999
20.961251677,0.0379,0.9745,0.2116,0.998
20.963341908,0.0396,0.9758,0.2135,1.000
20.965441908,0.0398,0.9765,0.2143,1.001
20.967399138,0.0415,0.9762,0.2143,1.000
20.969321869,0.0403,0.9745,0.2147,0.999
20.972654215,0.0408,0.9745,0.2150,0.999
20.973223523,0.0432,0.9743,0.2150,0.999
20.975153254,0.0435,0.9736,0.2147,0.998
20.977195638,0.0450,0.9743,0.2155,0.999
20.978994561,0.0467,0.9745,0.2152,0.999
20.980978408,0.0454,0.9743,0.2155,0.999
20.983180638,0.0440,0.9762,0.2138,1.000
20.9850741,0.0445,0.9753,0.2133,0.999
20.988250408,0.0445,0.9753,0.2138,0.999
20.989059254,0.0440,0.9745,0.2152,0.999
20.990992908,0.0430,0.9743,0.2165,0.999
20.992937561,0.0430,0.9743,0.2189,1.000
20.994991408,0.0425,0.9748,0.2182,1.000
20.997044446,0.0413,0.9745,0.2172,0.999
20.999232523,0.0410,0.9745,0.2177,0.999
21.001129292,0.0403,0.9745,0.2184,1.000
21.003106408,0.0396,0.9736,0.2187,0.999
21.008211061,0.0401,0.9740,0.2172,0.999
21.0090831,0.0398,0.9736,0.2172,0.998
21.009487061,0.0393,0.9745,0.2194,1.000
21.011025908,0.0396,0.9750,0.2204,1.000
21.013116023,0.0401,0.9745,0.2199,1.000
21.014896677,0.0379,0.9745,0.2184,0.999
21.016846177,0.0369,0.9743,0.2187,0.999
21.018908523,0.0369,0.9731,0.2187,0.998
21.024329023,0.0364,0.9733,0.2189,0.998
21.025033908,0.0354,0.9721,0.2179,0.997
21.027272369,0.0359,0.9697,0.2162,0.994
21.027825254,0.0369,0.9706,0.2165,0.995
21.028825831,0.0366,0.9704,0.2160,0.995
21.030946254,0.0371,0.9716,0.2145,0.996
21.032647869,0.0364,0.9711,0.2145,0.995
21.034468331,0.0366,0.9714,0.2138,0.995
21.036493408,0.0362,0.9701,0.2150,0.994
21.039153792,0.0369,0.9701,0.2145,0.994
21.040283792,0.0376,0.9692,0.2145,0.993
21.042204215,0.0374,0.9689,0.2135,0.993
21.044452331,0.0359,0.9689,0.2118,0.992
21.046345061,0.0359,0.9692,0.2147,0.993
21.048372369,0.0354,0.9694,0.2147,0.994
21.050177869,0.0349,0.9682,0.2130,0.992
21.052289484,0.0344,0.9679,0.2116,0.991
21.056568946,0.0359,0.9679,0.2116,0.991
21.057074484,0.0347,0.9677,0.2089,0.991
21.058102446,0.0337,0.9677,0.2084,0.990
21.060061331,0.0340,0.9689,0.2101,0.992
21.061981792,0.0327,0.9689,0.2096,0.992
21.063893523,0.0322,0.9692,0.2094,0.992
21.065820908,0.0318,0.9689,0.2103,0.992
21.067888792,0.0310,0.9684,0.2108,0.992
21.070003254,0.0335,0.9677,0.2094,0.991
21.072016369,0.0318,0.9694,0.2086,0.992
21.073774215,0.0310,0.9687,0.2084,0.991
21.075869715,0.0315,0.9677,0.2096,0.991
21.077658523,0.0322,0.9667,0.2091,0.990
21.079762331,0.0325,0.9679,0.2096,0.991
21.081560177,0.0320,0.9682,0.2108,0.991
21.083954715,0.0313,0.9679,0.2106,0.991
21.085860677,0.0337,0.9694,0.2094,0.992
21.094802215,0.0335,0.9704,0.2106,0.994
21.095896677,0.0325,0.9701,0.2118,0.994
21.096604677,0.0325,0.9694,0.2108,0.993
21.097311831,0.0332,0.9684,0.2108,0.992
21.098045023,0.0332,0.9697,0.2130,0.993
21.098877331,0.0337,0.9697,0.2125,0.993
21.099674984,0.0327,0.9701,0.2130,0.994
21.101670831,0.0325,0.9706,0.2128,0.994
21.103502754,0.0322,0.9711,0.2121,0.995
21.109384984,0.0327,0.9719,0.2111,0.995
21.110731946,0.0340,0.9714,0.2111,0.995
21.111684254,0.0342,0.9721,0.2121,0.996
21.112435138,0.0337,0.9716,0.2123,0.995
21.113433484,0.0340,0.9719,0.2118,0.995
21.115424754,0.0340,0.9719,0.2089,0.995
21.117462946,0.0327,0.9719,0.2091,0.995
21.119144177,0.0337,0.9721,0.2089,0.995
21.122430177,0.0335,0.9728,0.2086,0.996
21.123841407,0.0330,0.9736,0.2074,0.996
21.124968715,0.0332,0.9738,0.2064,0.996
21.127031446,0.0337,0.9750,0.2062,0.997
21.129065061,0.0340,0.9745,0.2057,0.997
21.131129523,0.0332,0.9748,0.2040,0.996
21.132981254,0.0330,0.9760,0.2038,0.998
21.134933946,0.0332,0.9758,0.2030,0.997
21.137150792,0.0332,0.9748,0.2023,0.996
21.139805254,0.0335,0.9745,0.2028,0.996
21.141212407,0.0344,0.9775,0.2013,0.999
21.142851792,0.0354,0.9794,0.2018,1.001
21.144716484,0.0352,0.9789,0.2011,1.000
21.146751715,0.0337,0.9799,0.2023,1.001
21.148899254,0.0322,0.9802,0.2028,1.001
21.1510406,0.0327,0.9819,0.2035,1.003
21.152798561,0.0325,0.9821,0.2025,1.003
21.155015331,0.0330,0.9789,0.2028,1.000
21.159334946,0.0332,0.9792,0.2038,1.001
21.160881869,0.0320,0.9809,0.2045,1.002
21.161950484,0.0322,0.9806,0.2047,1.002
21.163128869,0.0335,0.9811,0.2072,1.003
21.164604715,0.0318,0.9811,0.2081,1.003
21.166705331,0.0308,0.9819,0.2091,1.004
21.168601369,0.0325,0.9811,0.2106,1.004
21.170791831,0.0327,0.9806,0.2118,1.004
21.173568792,0.0322,0.9799,0.2128,1.003
21.175156523,0.0318,0.9806,0.2123,1.004
21.176496138,0.0325,0.9804,0.2125,1.004
21.178472792,0.0313,0.9780,0.2155,1.002
21.180503061,0.0320,0.9760,0.2179,1.001
21.182388446,0.0313,0.9762,0.2184,1.001
21.184579407,0.0325,0.9745,0.2184,0.999
21.186587061,0.0335,0.9745,0.2213,1.000
21.189436023,0.0342,0.9745,0.2221,1.000
21.190992292,0.0322,0.9755,0.2235,1.001
21.1924711,0.0315,0.9745,0.2238,1.000
21.194438177,0.0320,0.9726,0.2245,0.999
21.196547869,0.0325,0.9714,0.2255,0.998
21.198218907,0.0310,0.9723,0.2257,0.999
21.200436254,0.0308,0.9711,0.2257,0.997
21.202357677,0.0310,0.9701,0.2279,0.997
21.204453446,0.0303,0.9694,0.2284,0.996
21.213842946,0.0303,0.9704,0.2284,0.997
21.215438792,0.0288,0.9706,0.2277,0.997
21.216324407,0.0279,0.9704,0.2262,0.997
21.21721383,0.0266,0.9692,0.2262,0.996
21.218283638,0.0266,0.9679,0.2255,0.994
21.220206254,0.0261,0.9675,0.2257,0.994
21.22150833,0.0264,0.9662,0.2262,0.993
21.222867907,0.0269,0.9667,0.2255,0.993
21.224146561,0.0239,0.9670,0.2233,0.993
21.228772446,0.0247,0.9672,0.2226,0.993
21.230328407,0.0252,0.9660,0.2218,0.991
21.231284984,0.0247,0.9660,0.2204,0.991
21.232242715,0.0237,0.9662,0.2169,0.991
21.233273292,0.0237,0.9665,0.2165,0.991
21.234311177,0.0237,0.9670,0.2167,0.991
21.235642946,0.0217,0.9660,0.2138,0.990
21.239425984,0.0230,0.9653,0.2130,0.989
21.240922715,0.0232,0.9660,0.2125,0.989
21.242040715,0.0225,0.9653,0.2123,0.989
21.243754715,0.0237,0.9657,0.2121,0.989
21.24536633,0.0239,0.9667,0.2111,0.990
21.247316523,0.0257,0.9667,0.2116,0.990
21.249254561,0.0254,0.9672,0.2111,0.990
21.2513341,0.0264,0.9689,0.2116,0.992
21.253170215,0.0257,0.9679,0.2108,0.991
21.256098138,0.0252,0.9667,0.2111,0.990
21.25741283,0.0269,0.9672,0.2108,0.990
21.259940946,0.0266,0.9672,0.2111,0.990
21.26123833,0.0281,0.9675,0.2113,0.991
21.263567946,0.0283,0.9684,0.2133,0.992
21.2653211,0.0298,0.9675,0.2135,0.991
21.267583215,0.0313,0.9682,0.2130,0.992
21.269158061,0.0315,0.9697,0.2125,0.993
21.273207292,0.0288,0.9689,0.2125,0.992
21.273932138,0.0296,0.9687,0.2138,0.992
21.27534233,0.0305,0.9689,0.2133,0.993
21.277427561,0.0296,0.9694,0.2138,0.993
21.279274984,0.0298,0.9692,0.2138,0.993
21.281299715,0.0308,0.9677,0.2162,0.992
21.283565254,0.0315,0.9689,0.2172,0.993
21.285130254,0.0308,0.9697,0.2184,0.994
21.287009023,0.0305,0.9694,0.2169,0.994
21.289956561,0.0293,0.9692,0.2165,0.993
21.2915546,0.0286,0.9689,0.2162,0.993
21.293168638,0.0300,0.9692,0.2179,0.994
21.29523233,0.0298,0.9694,0.2165,0.994
21.29688533,0.0325,0.9704,0.2169,0.995
21.299002677,0.0310,0.9704,0.2167,0.995
21.300990023,0.0305,0.9706,0.2162,0.995
21.302888946,0.0313,0.9706,0.2155,0.995
21.313845484,0.0300,0.9723,0.2167,0.997
21.3154391,0.0305,0.9731,0.2162,0.997
21.316616523,0.0283,0.9733,0.2157,0.997
21.317533023,0.0279,0.9731,0.2157,0.997
21.318799561,0.0291,0.9728,0.2138,0.996
21.319989792,0.0298,0.9745,0.2150,0.998
21.321367138,0.0298,0.9753,0.2147,0.999
21.322934753,0.0293,0.9750,0.2147,0.999
21.324318715,0.0293,0.9755,0.2150,0.999
21.325569677,0.0296,0.9770,0.2145,1.001
21.326740253,0.0296,0.9770,0.2133,1.000
21.327653638,0.0303,0.9762,0.2138,1.000
21.32860483,0.0315,0.9762,0.2133,1.000
21.3314616,0.0303,0.9765,0.2135,1.000
21.332995907,0.0296,0.9758,0.2138,0.999
21.334447523,0.0300,0.9784,0.2128,1.002
21.336705561,0.0300,0.9782,0.2133,1.002
21.340231869,0.0303,0.9777,0.2118,1.001
21.341742869,0.0293,0.9780,0.2101,1.001
21.342989561,0.0288,0.9777,0.2096,1.000
21.344428292,0.0303,0.9782,0.2113,1.001
21.346335946,0.0296,0.9780,0.2125,1.001
21.348172177,0.0279,0.9777,0.2130,1.001
21.34989283,0.0288,0.9767,0.2128,1.000
21.3521341,0.0283,0.9765,0.2128,1.000
21.354205215,0.0259,0.9762,0.2152,1.000
21.356401446,0.0237,0.9748,0.2174,0.999
21.358113292,0.0237,0.9740,0.2187,0.999
21.360320715,0.0264,0.9753,0.2187,1.000
21.362185253,0.0266,0.9740,0.2199,0.999
21.364211023,0.0257,0.9745,0.2194,0.999
21.366022561,0.0259,0.9738,0.2152,0.998
21.368081407,0.0271,0.9743,0.2150,0.998
21.369841677,0.0279,0.9733,0.2099,0.996
21.373051715,0.0264,0.9723,0.2057,0.994
21.373800869,0.0264,0.9723,0.2052,0.994
21.375806638,0.0257,0.9738,0.2013,0.995
21.377734023,0.0257,0.9736,0.1994,0.994
21.379850984,0.0244,0.9731,0.1950,0.993
21.381600138,0.0239,0.9728,0.1979,0.993
21.383800292,0.0239,0.9736,0.1998,0.994
21.385659792,0.0215,0.9731,0.2013,0.994
21.396262792,0.0210,0.9748,0.2062,0.997
21.397415715,0.0215,0.9745,0.2084,0.997
21.398198292,0.0222,0.9738,0.2091,0.996
21.399084561,0.0217,0.9731,0.2106,0.996
21.400045792,0.0200,0.9731,0.2118,0.996
21.400856946,0.0232,0.9728,0.2123,0.996
21.402888484,0.0232,0.9716,0.2111,0.995
21.403877407,0.0227,0.9704,0.2094,0.993
21.404906753,0.0232,0.9706,0.2089,0.993
21.407692446,0.0247,0.9692,0.2086,0.992
21.409332869,0.0249,0.9687,0.2116,0.992
21.410196523,0.0252,0.9689,0.2128,0.992
21.411466677,0.0244,0.9684,0.2165,0.993
21.413330984,0.0244,0.9682,0.2233,0.994
21.415379561,0.0252,0.9672,0.2265,0.994
21.417216715,0.0254,0.9662,0.2306,0.994
21.41938083,0.0254,0.9657,0.2321,0.994
21.4212061,0.0257,0.9677,0.2348,0.996
21.424090561,0.0293,0.9667,0.2382,0.996
21.425563523,0.0291,0.9675,0.2370,0.996
21.427166792,0.0296,0.9667,0.2392,0.996
21.429034215,0.0296,0.9667,0.2394,0.996
21.431074523,0.0308,0.9675,0.2358,0.996
21.432989984,0.0318,0.9665,0.2348,0.995
21.434910523,0.0325,0.9667,0.2333,0.995
21.436877138,0.0325,0.9675,0.2311,0.995
21.439577715,0.0330,0.9694,0.2255,0.996
21.441070984,0.0332,0.9699,0.2226,0.996
21.443101061,0.0344,0.9704,0.2162,0.995
21.444938215,0.0342,0.9694,0.2133,0.993
21.4468446,0.0335,0.9714,0.2047,0.993
21.448884407,0.0340,0.9721,0.1991,0.993
21.450883907,0.0340,0.9726,0.1967,0.993
21.4527661,0.0342,0.9750,0.1901,0.994
21.456604638,0.0342,0.9748,0.1854,0.993
21.45804283,0.0332,0.9755,0.1842,0.993
21.459290446,0.0313,0.9762,0.1798,0.993
21.460613869,0.0303,0.9755,0.1786,0.992
21.462772561,0.0303,0.9753,0.1769,0.992
21.464740446,0.0308,0.9784,0.1759,0.995
21.466719023,0.0313,0.9784,0.1759,0.995
21.468757946,0.0315,0.9777,0.1749,0.994
21.4706591,0.0303,0.9784,0.1757,0.995
21.473663984,0.0315,0.9792,0.1791,0.996
21.475288753,0.0330,0.9794,0.1813,0.997
21.477356484,0.0335,0.9794,0.1827,0.997
21.478713715,0.0342,0.9799,0.1862,0.998
21.480630792,0.0340,0.9770,0.1886,0.996
21.482358792,0.0332,0.9762,0.1908,0.995
21.484472676,0.0330,0.9753,0.1964,0.995
21.486344176,0.0327,0.9758,0.1989,0.996
21.4901301,0.0337,0.9765,0.2047,0.998
21.491768369,0.0335,0.9765,0.2084,0.999
21.493257292,0.0335,0.9765,0.2094,0.999
21.494751715,0.0315,0.9762,0.2135,1.000
21.4964341,0.0313,0.9767,0.2182,1.001
21.49827433,0.0308,0.9772,0.2206,1.002
21.500275638,0.0300,0.9750,0.2255,1.001
21.5021216,0.0293,0.9748,0.2282,1.002
21.504579753,0.0283,0.9740,0.2328,1.002
21.516003407,0.0286,0.9743,0.2360,1.003
21.517423215,0.0281,0.9760,0.2370,1.005
21.51825383,0.0281,0.9740,0.2372,1.003
21.519328215,0.0264,0.9736,0.2375,1.002
21.520320446,0.0274,0.9723,0.2372,1.001
21.521524907,0.0252,0.9721,0.2387,1.001
21.522981523,0.0244,0.9716,0.2392,1.001
21.524137176,0.0269,0.9716,0.2402,1.001
21.52768433,0.0279,0.9733,0.2387,1.003
21.529162715,0.0283,0.9721,0.2392,1.001
21.530225792,0.0310,0.9709,0.2387,1.000
21.531201561,0.0313,0.9716,0.2372,1.001
21.532367907,0.0308,0.9731,0.2355,1.002
21.533401753,0.0310,0.9748,0.2336,1.003
21.534600599,0.0320,0.9736,0.2323,1.001
21.535810446,0.0325,0.9738,0.2306,1.001
21.537450638,0.0344,0.9755,0.2277,1.002
21.539585638,0.0354,0.9760,0.2255,1.002
21.541423099,0.0369,0.9772,0.2240,1.003
21.543371676,0.0366,0.9767,0.2235,1.003
21.545436215,0.0357,0.9767,0.2211,1.002
21.547326138,0.0357,0.9777,0.2157,1.002
21.54934033,0.0362,0.9775,0.2145,1.001
21.551540946,0.0379,0.9780,0.2128,1.002
21.553354061,0.0374,0.9782,0.2096,1.001
21.556735407,0.0357,0.9750,0.2060,0.997
21.557434484,0.0371,0.9775,0.2047,0.999
21.559384946,0.0374,0.9767,0.2038,0.998
21.561272869,0.0381,0.9770,0.2011,0.998
21.56329883,0.0386,0.9762,0.1981,0.997
21.565244946,0.0381,0.9753,0.1976,0.996
21.567211753,0.0396,0.9753,0.1981,0.996
21.569144792,0.0396,0.9750,0.1984,0.996
21.573342176,0.0401,0.9748,0.1974,0.995
21.573990599,0.0413,0.9740,0.1957,0.994
21.575418676,0.0408,0.9736,0.1959,0.994
21.577617599,0.0396,0.9719,0.1964,0.992
21.579394061,0.0386,0.9743,0.1957,0.995
21.581114484,0.0384,0.9736,0.1959,0.994
21.582981946,0.0386,0.9733,0.1962,0.994
21.585105176,0.0384,0.9733,0.1972,0.994
21.587769099,0.0413,0.9714,0.1981,0.992
21.590694061,0.0398,0.9706,0.1984,0.991
21.591331484,0.0396,0.9701,0.1986,0.991
21.593316292,0.0401,0.9714,0.2006,0.993
21.594985523,0.0391,0.9701,0.2030,0.992
21.59690383,0.0391,0.9699,0.2038,0.992
21.598990715,0.0369,0.9689,0.2025,0.991
21.600944715,0.0366,0.9687,0.2028,0.990
21.602931099,0.0369,0.9689,0.2030,0.991
21.604989984,0.0349,0.9689,0.2025,0.990
21.60951883,0.0342,0.9694,0.2023,0.991
21.610109676,0.0332,0.9689,0.2033,0.991
21.610757715,0.0344,0.9689,0.2040,0.991
21.61300233,0.0322,0.9692,0.2033,0.991
21.614668292,0.0327,0.9684,0.2016,0.990
21.616591984,0.0325,0.9692,0.2016,0.990
21.61847383,0.0303,0.9682,0.2030,0.990
21.620647869,0.0269,0.9687,0.2020,0.990
21.623613599,0.0259,0.9689,0.2042,0.991
21.624468176,0.0247,0.9689,0.2060,0.991
21.626471369,0.0242,0.9697,0.2069,0.992
21.628356523,0.0232,0.9716,0.2103,0.994
21.63045633,0.0225,0.9723,0.2125,0.996
21.632363946,0.0215,0.9721,0.2143,0.996
21.634419907,0.0220,0.9704,0.2179,0.995
21.636462522,0.0213,0.9697,0.2204,0.995
21.638478138,0.0205,0.9694,0.2216,0.995
21.641091484,0.0205,0.9706,0.2216,0.996
21.642405753,0.0213,0.9719,0.2206,0.997
21.644540907,0.0200,0.9728,0.2204,0.998
21.646157522,0.0198,0.9716,0.2177,0.996
21.648331638,0.0198,0.9716,0.2169,0.996
21.650187138,0.0173,0.9719,0.2147,0.995
21.652448715,0.0176,0.9709,0.2143,0.994
21.654092061,0.0164,0.9719,0.2128,0.995
21.656747753,0.0161,0.9721,0.2116,0.995
21.658131984,0.0166,0.9716,0.2111,0.994
21.660320522,0.0181,0.9738,0.2099,0.996
21.66238783,0.0188,0.9745,0.2081,0.997
21.664184446,0.0195,0.9743,0.2074,0.996
21.665882522,0.0200,0.9758,0.2057,0.997
21.668110753,0.0232,0.9750,0.2047,0.997
21.669963561,0.0232,0.9750,0.2045,0.997
21.673465792,0.0230,0.9760,0.2047,0.998
21.675381638,0.0237,0.9770,0.2050,0.999
21.676404984,0.0239,0.9748,0.2047,0.996
21.677743407,0.0247,0.9770,0.2013,0.998
21.679868715,0.0252,0.9777,0.2008,0.998
21.681735984,0.0235,0.9765,0.2008,0.997
21.683777792,0.0225,0.9775,0.2001,0.998
21.686189907,0.0237,0.9794,0.1976,0.999
21.687991099,0.0257,0.9780,0.1974,0.998
21.691786022,0.0249,0.9777,0.1976,0.998
21.69258533,0.0225,0.9789,0.1957,0.999
21.693747446,0.0232,0.9784,0.1947,0.998
21.695804292,0.0259,0.9789,0.1962,0.999
21.697630715,0.0261,0.9767,0.1954,0.996
21.699843638,0.0254,0.9765,0.1952,0.996
21.701577792,0.0259,0.9772,0.1954,0.997
21.703731215,0.0259,0.9784,0.1954,0.998
21.715873253,0.0252,0.9784,0.1964,0.998
21.717495061,0.0274,0.9794,0.1964,0.999
21.718571907,0.0283,0.9789,0.1959,0.999
21.719717522,0.0261,0.9789,0.1981,0.999
21.720803638,0.0252,0.9782,0.1994,0.999
21.722029446,0.0249,0.9782,0.2006,0.999
21.723444215,0.0247,0.9760,0.2008,0.997
21.724634099,0.0235,0.9762,0.2013,0.997
21.725933984,0.0237,0.9758,0.2013,0.997
21.727306215,0.0227,0.9767,0.2033,0.998
21.728632138,0.0230,0.9760,0.2047,0.998
21.729812522,0.0220,0.9743,0.2035,0.996
21.731048022,0.0220,0.9731,0.2045,0.995
21.732146138,0.0222,0.9728,0.2060,0.995
21.735013215,0.0227,0.9733,0.2077,0.995
21.736512253,0.0215,0.9731,0.2091,0.996
21.737630984,0.0210,0.9721,0.2113,0.995
21.743712638,0.0213,0.9719,0.2108,0.995
21.745341715,0.0208,0.9714,0.2118,0.994
21.746243984,0.0210,0.9719,0.2118,0.995
21.747523061,0.0198,0.9719,0.2121,0.995
21.748543022,0.0203,0.9716,0.2121,0.995
21.749806253,0.0205,0.9706,0.2116,0.994
21.750986792,0.0198,0.9704,0.2123,0.994
21.753175445,0.0198,0.9711,0.2150,0.995
21.755228984,0.0210,0.9704,0.2135,0.994
21.758160676,0.0210,0.9701,0.2143,0.994
21.760235715,0.0215,0.9709,0.2138,0.994
21.761471138,0.0193,0.9706,0.2143,0.994
21.762884869,0.0193,0.9699,0.2145,0.994
21.764977715,0.0193,0.9692,0.2147,0.993
21.766855369,0.0200,0.9687,0.2145,0.992
21.768980945,0.0193,0.9689,0.2133,0.992
21.770747292,0.0208,0.9679,0.2121,0.991
21.774082753,0.0210,0.9687,0.2118,0.992
21.775685407,0.0203,0.9697,0.2123,0.993
21.776752869,0.0215,0.9692,0.2113,0.992
21.778852638,0.0220,0.9692,0.2094,0.992
21.780787984,0.0222,0.9697,0.2069,0.992
21.78282533,0.0220,0.9689,0.2072,0.991
21.784864445,0.0230,0.9689,0.2077,0.991
21.786690099,0.0235,0.9694,0.2074,0.992
21.788953676,0.0232,0.9704,0.2074,0.993
21.792286869,0.0242,0.9692,0.2077,0.991
21.793779061,0.0239,0.9692,0.2067,0.991
21.795620484,0.0257,0.9699,0.2072,0.992
21.797246292,0.0266,0.9704,0.2072,0.993
21.798778215,0.0254,0.9692,0.2077,0.991
21.800749638,0.0249,0.9692,0.2086,0.992
21.802478099,0.0254,0.9692,0.2079,0.992
21.804597638,0.0249,0.9694,0.2074,0.992
21.815930407,0.0266,0.9701,0.2077,0.992
21.817504945,0.0274,0.9706,0.2081,0.993
21.818695061,0.0269,0.9711,0.2091,0.994
21.819723869,0.0264,0.9709,0.2089,0.993
21.820860176,0.0269,0.9714,0.2099,0.994
21.821976292,0.0281,0.9697,0.2116,0.993
21.823253945,0.0283,0.9699,0.2099,0.993
21.824518715,0.0293,0.9714,0.2108,0.994
21.825560715,0.0281,0.9723,0.2101,0.995
21.826879676,0.0281,0.9721,0.2099,0.995
21.827590061,0.0296,0.9736,0.2118,0.997
21.829400138,0.0283,0.9738,0.2138,0.997
21.830000869,0.0271,0.9743,0.2140,0.998
21.832326676,0.0264,0.9740,0.2145,0.998
21.83379333,0.0269,0.9745,0.2147,0.998
21.836059445,0.0244,0.9775,0.2125,1.001
21.837899407,0.0259,0.9770,0.2118,1.000
21.840714407,0.0261,0.9777,0.2138,1.001
21.842795561,0.0252,0.9772,0.2135,1.001
21.843776869,0.0239,0.9784,0.2130,1.002
21.845711792,0.0232,0.9787,0.2125,1.002
21.847661176,0.0235,0.9787,0.2116,1.002
21.849614138,0.0235,0.9797,0.2101,1.002
21.85160383,0.0213,0.9789,0.2113,1.002
21.85365583,0.0220,0.9799,0.2113,1.003
21.855725907,0.0222,0.9799,0.2113,1.003
21.857684753,0.0213,0.9792,0.2101,1.002
21.860188868,0.0210,0.9789,0.2108,1.002
21.861520022,0.0203,0.9775,0.2113,1.000
21.863411792,0.0200,0.9777,0.2108,1.000
21.865409715,0.0186,0.9792,0.2108,1.002
21.867552292,0.0176,0.9804,0.2106,1.003
21.869411522,0.0193,0.9806,0.2086,1.003
21.871471907,0.0195,0.9797,0.2089,1.002
21.874387868,0.0198,0.9787,0.2108,1.001
21.876294215,0.0181,0.9789,0.2106,1.001
21.877375215,0.0166,0.9794,0.2130,1.002
21.879391292,0.0164,0.9784,0.2143,1.002
21.881250676,0.0164,0.9780,0.2140,1.001
21.883321099,0.0166,0.9775,0.2135,1.001
21.885258984,0.0186,0.9777,0.2157,1.001
21.887361292,0.0183,0.9758,0.2162,1.000
21.889251753,0.0195,0.9738,0.2155,0.998
21.89256133,0.0193,0.9736,0.2155,0.997
21.893808599,0.0181,0.9736,0.2162,0.997
21.895787907,0.0186,0.9726,0.2169,0.997
21.897203407,0.0176,0.9721,0.2169,0.996
21.899172522,0.0161,0.9711,0.2189,0.996
21.901111907,0.0151,0.9699,0.2189,0.994
21.903135792,0.0142,0.9699,0.2206,0.995
21.905050753,0.0166,0.9706,0.2194,0.995
21.915788484,0.0164,0.9699,0.2191,0.994
21.917664292,0.0161,0.9701,0.2201,0.995
21.918981099,0.0156,0.9697,0.2191,0.994
21.920323484,0.0151,0.9687,0.2189,0.993
21.921714907,0.0151,0.9667,0.2199,0.992
21.923400868,0.0142,0.9667,0.2211,0.992
21.924833176,0.0132,0.9665,0.2201,0.991
21.926321753,0.0154,0.9672,0.2194,0.992
21.927709599,0.0169,0.9665,0.2201,0.991
21.928929484,0.0164,0.9660,0.2201,0.991
21.929968638,0.0151,0.9662,0.2206,0.991
21.931343215,0.0137,0.9665,0.2177,0.991
21.933258061,0.0142,0.9662,0.2169,0.990
21.93431583,0.0134,0.9662,0.2167,0.990
21.93521283,0.0151,0.9682,0.2174,0.992
21.937067022,0.0147,0.9699,0.2172,0.994
21.938402868,0.0151,0.9699,0.2167,0.994
21.947811638,0.0144,0.9682,0.2165,0.992
21.948419676,0.0137,0.9682,0.2157,0.992
21.948672638,0.0134,0.9684,0.2140,0.992
21.948931061,0.0149,0.9687,0.2140,0.992
21.949184561,0.0154,0.9682,0.2150,0.992
21.950375715,0.0149,0.9699,0.2135,0.993
21.952785099,0.0149,0.9684,0.2128,0.992
21.954389791,0.0154,0.9694,0.2128,0.993
21.957742561,0.0154,0.9699,0.2113,0.993
21.958899138,0.0154,0.9699,0.2108,0.993
21.960466138,0.0142,0.9704,0.2108,0.993
21.962271638,0.0149,0.9692,0.2106,0.992
21.964636522,0.0149,0.9694,0.2113,0.992
21.966119445,0.0149,0.9716,0.2101,0.994
21.968576945,0.0166,0.9731,0.2106,0.996
21.970205484,0.0166,0.9716,0.2101,0.994
21.972589561,0.0149,0.9706,0.2106,0.993
21.975196484,0.0154,0.9709,0.2106,0.994
21.977393984,0.0164,0.9723,0.2094,0.995
21.978091484,0.0183,0.9711,0.2096,0.994
21.980139945,0.0183,0.9719,0.2106,0.995
21.981943676,0.0169,0.9726,0.2111,0.995
21.984292791,0.0176,0.9731,0.2113,0.996
21.985824099,0.0186,0.9738,0.2096,0.996
21.988327099,0.0193,0.9728,0.2096,0.995
21.990909715,0.0193,0.9731,0.2099,0.996
21.992174291,0.0195,0.9738,0.2106,0.997
21.993782138,0.0213,0.9726,0.2099,0.995
21.996318791,0.0220,0.9733,0.2106,0.996
21.997715407,0.0215,0.9753,0.2096,0.998
21.999914291,0.0210,0.9750,0.2094,0.997
22.001688676,0.0220,0.9758,0.2091,0.998
22.004127715,0.0222,0.9770,0.2069,0.999
22.005765907,0.0235,0.9765,0.2067,0.998
22.016439215,0.0222,0.9762,0.2079,0.998
22.01793283,0.0227,0.9770,0.2077,0.999
22.019017484,0.0220,0.9760,0.2064,0.998
22.019890945,0.0230,0.9770,0.2062,0.999
22.020912176,0.0235,0.9772,0.2064,0.999
22.021962253,0.0225,0.9775,0.2062,0.999
22.023322253,0.0222,0.9775,0.2050,0.999
22.024484407,0.0227,0.9792,0.2045,1.001
22.02565333,0.0227,0.9792,0.2030,1.000
22.029851715,0.0230,0.9789,0.2030,1.000
22.031403253,0.0242,0.9787,0.2035,1.000
22.032316253,0.0252,0.9777,0.2018,0.999
22.033466484,0.0254,0.9777,0.2035,0.999
22.034597176,0.0249,0.9799,0.2028,1.001
22.035756061,0.0252,0.9804,0.2028,1.001
22.037240676,0.0281,0.9780,0.2030,0.999
22.039106945,0.0276,0.9792,0.2028,1.000
22.041267215,0.0279,0.9797,0.2028,1.001
22.04305733,0.0266,0.9787,0.2050,1.000
22.045404138,0.0264,0.9792,0.2072,1.001
22.046933907,0.0269,0.9794,0.2084,1.002
22.049255407,0.0259,0.9799,0.2138,1.003
22.050920291,0.0271,0.9799,0.2150,1.004
22.052970791,0.0266,0.9797,0.2162,1.004
22.05479533,0.0252,0.9784,0.2165,1.002
22.058076484,0.0261,0.9777,0.2167,1.002
22.058992791,0.0266,0.9780,0.2162,1.002
22.061127638,0.0244,0.9780,0.2157,1.002
22.063070407,0.0230,0.9767,0.2133,1.000
22.064722368,0.0239,0.9750,0.2106,0.998
22.066797791,0.0247,0.9748,0.2079,0.997
22.068992907,0.0239,0.9758,0.2050,0.997
22.070762022,0.0222,0.9760,0.2028,0.997
22.074790638,0.0227,0.9765,0.2018,0.997
22.078158099,0.0227,0.9745,0.1996,0.995
22.079960253,0.0217,0.9745,0.1979,0.995
22.081187868,0.0208,0.9733,0.1969,0.993
22.082790368,0.0188,0.9758,0.1998,0.996
22.083728599,0.0178,0.9755,0.2018,0.996
22.084806945,0.0178,0.9755,0.2040,0.997
22.086828907,0.0193,0.9745,0.2072,0.997
22.088875868,0.0183,0.9755,0.2096,0.998
22.092579176,0.0159,0.9750,0.2096,0.997
22.094199291,0.0159,0.9740,0.2096,0.996
22.095620791,0.0178,0.9728,0.2101,0.995
22.097137291,0.0173,0.9714,0.2096,0.994
22.098663253,0.0173,0.9709,0.2074,0.993
22.100822791,0.0171,0.9694,0.2052,0.991
22.102464099,0.0171,0.9699,0.2057,0.992
22.104587176,0.0178,0.9692,0.2055,0.991
22.107669099,0.0164,0.9694,0.2067,0.991
22.108829099,0.0154,0.9699,0.2094,0.992
22.117354753,0.0164,0.9706,0.2140,0.994
22.119302176,0.0178,0.9697,0.2194,0.994
22.119776791,0.0178,0.9692,0.2213,0.994
22.120179138,0.0191,0.9677,0.2267,0.994
22.120613484,0.0208,0.9682,0.2282,0.995
22.12103283,0.0225,0.9675,0.2292,0.994
22.129343484,0.0239,0.9675,0.2306,0.995
22.130232022,0.0254,0.9682,0.2316,0.996
22.130741445,0.0261,0.9675,0.2314,0.995
22.131150368,0.0283,0.9677,0.2306,0.995
22.131559445,0.0293,0.9689,0.2296,0.996
22.13220233,0.0320,0.9689,0.2272,0.996
22.134034061,0.0325,0.9687,0.2265,0.995
22.136183138,0.0310,0.9687,0.2221,0.994
22.13801483,0.0335,0.9704,0.2169,0.995
22.14131383,0.0330,0.9711,0.2145,0.995
22.142047214,0.0340,0.9738,0.2084,0.996
22.144258676,0.0332,0.9740,0.2060,0.996
22.145865445,0.0320,0.9745,0.2006,0.995
22.148269214,0.0318,0.9750,0.1964,0.995
22.149787407,0.0308,0.9762,0.1935,0.996
22.152070638,0.0310,0.9777,0.1869,0.996
22.153684638,0.0322,0.9782,0.1820,0.996
22.156022484,0.0318,0.9787,0.1791,0.995
22.158565445,0.0313,0.9799,0.1759,0.996
22.159617599,0.0310,0.9799,0.1742,0.996
22.161355291,0.0303,0.9806,0.1732,0.996
22.16342483,0.0313,0.9806,0.1739,0.996
22.165384984,0.0315,0.9802,0.1744,0.996
22.167690137,0.0322,0.9797,0.1744,0.996
22.169299099,0.0325,0.9797,0.1752,0.996
22.171699676,0.0320,0.9802,0.1771,0.997
22.174757676,0.0327,0.9792,0.1781,0.996
22.176133637,0.0332,0.9782,0.1793,0.995
22.178683637,0.0364,0.9782,0.1837,0.996
22.179976022,0.0369,0.9780,0.1859,0.996
22.181251253,0.0371,0.9777,0.1906,0.997
22.183262368,0.0374,0.9775,0.1950,0.997
22.185063368,0.0376,0.9777,0.1959,0.998
22.187114253,0.0371,0.9782,0.1989,0.999
22.189025522,0.0369,0.9777,0.2028,0.999
22.192772291,0.0362,0.9767,0.2057,0.999
22.19434783,0.0344,0.9782,0.2069,1.000
22.195923522,0.0335,0.9787,0.2081,1.001
22.197073214,0.0349,0.9787,0.2116,1.002
22.198790561,0.0342,0.9789,0.2138,1.003
22.200853599,0.0340,0.9789,0.2143,1.003
22.202714522,0.0313,0.9804,0.2177,1.005
22.205002522,0.0296,0.9806,0.2184,1.005
22.215882868,0.0274,0.9802,0.2199,1.005
22.217415945,0.0264,0.9804,0.2194,1.005
22.218742522,0.0266,0.9809,0.2201,1.006
22.219761522,0.0249,0.9797,0.2201,1.004
22.220922753,0.0239,0.9784,0.2221,1.004
22.222757714,0.0237,0.9792,0.2218,1.004
22.227738714,0.0261,0.9784,0.2201,1.003
22.228444522,0.0261,0.9777,0.2199,1.002
22.228869445,0.0266,0.9782,0.2194,1.003
22.229239484,0.0279,0.9787,0.2172,1.003
22.229607791,0.0291,0.9787,0.2165,1.003
22.229996176,0.0308,0.9770,0.2160,1.001
22.230349137,0.0315,0.9770,0.2155,1.001
22.232389061,0.0327,0.9784,0.2147,1.002
22.234108637,0.0332,0.9780,0.2150,1.002
22.236108253,0.0322,0.9767,0.2145,1.001
22.238031984,0.0332,0.9775,0.2121,1.001
22.241375637,0.0342,0.9784,0.2106,1.001
22.242078522,0.0349,0.9782,0.2108,1.001
22.24424883,0.0335,0.9770,0.2074,0.999
22.245935868,0.0332,0.9762,0.2086,0.999
22.248084484,0.0342,0.9765,0.2089,0.999
22.249819868,0.0335,0.9760,0.2069,0.998
22.252145984,0.0332,0.9753,0.2052,0.997
22.253852599,0.0347,0.9748,0.2030,0.996
22.256037791,0.0340,0.9743,0.2020,0.996
22.258369907,0.0335,0.9738,0.2018,0.995
22.261077445,0.0335,0.9723,0.2006,0.993
22.261592022,0.0347,0.9721,0.1996,0.993
22.263935637,0.0344,0.9706,0.1959,0.991
22.265719176,0.0325,0.9706,0.1972,0.991
22.267731561,0.0327,0.9716,0.1964,0.992
22.269671637,0.0327,0.9723,0.1954,0.992
22.271887714,0.0327,0.9723,0.1950,0.992
22.274477176,0.0335,0.9704,0.1950,0.990
22.27691006,0.0340,0.9679,0.1962,0.988
22.277946599,0.0335,0.9672,0.1964,0.988
22.27967033,0.0330,0.9679,0.1959,0.988
22.281549522,0.0332,0.9670,0.1974,0.987
22.283606868,0.0330,0.9675,0.1976,0.988
22.285613868,0.0332,0.9672,0.1994,0.988
22.287612022,0.0335,0.9670,0.1991,0.988
22.289800676,0.0330,0.9682,0.2008,0.989
22.292720714,0.0337,0.9662,0.2023,0.988
22.294453176,0.0335,0.9662,0.2025,0.988
22.296040907,0.0327,0.9667,0.2025,0.988
22.297709676,0.0327,0.9672,0.2030,0.989
22.299477714,0.0318,0.9679,0.2050,0.990
22.301475984,0.0322,0.9662,0.2052,0.988
22.303522484,0.0322,0.9650,0.2047,0.987
22.305438637,0.0310,0.9657,0.2055,0.988
22.317291176,0.0286,0.9684,0.2035,0.990
22.319120022,0.0283,0.9689,0.2035,0.990
22.320131214,0.0266,0.9679,0.2035,0.989
22.321236291,0.0266,0.9682,0.2025,0.990
22.322713253,0.0249,0.9682,0.2035,0.990
22.323896445,0.0235,0.9689,0.2023,0.990
22.330356637,0.0227,0.9697,0.2018,0.991
22.331790522,0.0222,0.9706,0.2013,0.992
22.33261056,0.0213,0.9706,0.2016,0.992
22.333593445,0.0210,0.9709,0.2011,0.992
22.334596599,0.0181,0.9716,0.2023,0.993
22.33569706,0.0169,0.9723,0.2040,0.994
22.336649253,0.0173,0.9714,0.2081,0.994
22.337636676,0.0154,0.9709,0.2108,0.994
22.338293176,0.0151,0.9711,0.2130,0.994
22.339264945,0.0159,0.9716,0.2155,0.995
22.340251868,0.0132,0.9733,0.2157,0.997
22.341213291,0.0127,0.9743,0.2155,0.998
22.343832137,0.0127,0.9733,0.2133,0.996
22.344679714,0.0134,0.9733,0.2118,0.996
22.346657099,0.0147,0.9740,0.2106,0.997
22.348802945,0.0142,0.9728,0.2101,0.995
22.35060533,0.0137,0.9719,0.2089,0.994
22.352734022,0.0134,0.9738,0.2084,0.996
22.354534291,0.0149,0.9758,0.2084,0.998
22.356578676,0.0159,0.9772,0.2091,0.999
22.359271599,0.0142,0.9770,0.2096,0.999
22.360413907,0.0149,0.9770,0.2101,0.999
22.362259176,0.0164,0.9765,0.2094,0.999
22.364483022,0.0183,0.9765,0.2086,0.999
22.36633806,0.0193,0.9770,0.2089,0.999
22.368443637,0.0195,0.9772,0.2103,1.000
22.370184676,0.0195,0.9767,0.2099,0.999
22.372460445,0.0210,0.9787,0.2099,1.001
22.375170637,0.0205,0.9792,0.2106,1.002
22.376204945,0.0205,0.9782,0.2103,1.001
22.37814433,0.0210,0.9777,0.2091,1.000
22.380227291,0.0227,0.9772,0.2099,1.000
22.382177214,0.0200,0.9770,0.2101,1.000
22.384204907,0.0186,0.9806,0.2106,1.003
22.386009368,0.0193,0.9804,0.2106,1.003
22.388174791,0.0210,0.9794,0.2099,1.002
22.390613522,0.0225,0.9789,0.2094,1.001
22.39293733,0.0222,0.9789,0.2091,1.001
22.394601599,0.0208,0.9784,0.2096,1.001
22.396138368,0.0203,0.9782,0.2096,1.001
22.397953137,0.0227,0.9799,0.2106,1.003
22.400101214,0.0235,0.9784,0.2106,1.001
22.40200106,0.0227,0.9777,0.2099,1.000
22.404140714,0.0220,0.9760,0.2096,0.999
22.406026407,0.0235,0.9758,0.2099,0.998
22.415657407,0.0235,0.9762,0.2096,0.999
22.416841407,0.0235,0.9755,0.2096,0.998
22.417706291,0.0235,0.9758,0.2103,0.998
22.418596714,0.0220,0.9765,0.2094,0.999
22.419596368,0.0215,0.9770,0.2091,0.999
22.42678983,0.0208,0.9765,0.2099,0.999
22.428144407,0.0208,0.9767,0.2084,0.999
22.429104099,0.0205,0.9772,0.2072,0.999
22.430039522,0.0208,0.9780,0.2084,1.000
22.431089983,0.0200,0.9780,0.2077,1.000
22.43224106,0.0208,0.9777,0.2079,1.000
22.433316022,0.0191,0.9775,0.2079,1.000
22.43431256,0.0203,0.9775,0.2103,1.000
22.43516706,0.0215,0.9760,0.2116,0.999
22.436044176,0.0213,0.9740,0.2116,0.997
22.43758383,0.0215,0.9738,0.2116,0.997
22.439524791,0.0215,0.9753,0.2111,0.998
22.443789714,0.0215,0.9745,0.2118,0.998
22.445146137,0.0213,0.9743,0.2108,0.997
22.446156945,0.0215,0.9728,0.2101,0.995
22.448251176,0.0220,0.9745,0.2103,0.997
22.449657099,0.0235,0.9738,0.2111,0.997
22.451427099,0.0237,0.9728,0.2125,0.996
22.453455407,0.0230,0.9719,0.2140,0.995
22.455528291,0.0227,0.9714,0.2147,0.995
22.459534676,0.0227,0.9709,0.2152,0.995
22.46099633,0.0227,0.9714,0.2155,0.995
22.462081714,0.0239,0.9704,0.2145,0.994
22.463619907,0.0239,0.9692,0.2147,0.993
22.465497137,0.0225,0.9687,0.2145,0.992
22.467415714,0.0230,0.9670,0.2143,0.991
22.469196983,0.0235,0.9670,0.2138,0.991
22.471314676,0.0249,0.9677,0.2138,0.991
22.473490407,0.0247,0.9692,0.2150,0.993
22.476850483,0.0242,0.9687,0.2152,0.993
22.478303176,0.0247,0.9677,0.2165,0.992
22.480039907,0.0259,0.9670,0.2152,0.991
22.481215214,0.0264,0.9665,0.2150,0.990
22.483271945,0.0257,0.9660,0.2155,0.990
22.485194368,0.0244,0.9662,0.2152,0.990
22.48713383,0.0230,0.9662,0.2138,0.990
22.48911506,0.0247,0.9665,0.2155,0.991
22.49244556,0.0247,0.9660,0.2145,0.990
22.493981368,0.0259,0.9665,0.2128,0.990
22.495509214,0.0254,0.9665,0.2123,0.990
22.496862099,0.0257,0.9672,0.2135,0.991
22.498870445,0.0257,0.9672,0.2123,0.991
22.500821291,0.0242,0.9660,0.2123,0.989
22.502683676,0.0242,0.9672,0.2133,0.991
22.50482783,0.0227,0.9679,0.2128,0.991
22.506784137,0.0239,0.9699,0.2125,0.993
22.516308022,0.0225,0.9704,0.2133,0.994
22.517676637,0.0217,0.9709,0.2125,0.994
22.51880906,0.0208,0.9701,0.2128,0.993
22.519684868,0.0198,0.9692,0.2121,0.992
22.52065456,0.0200,0.9694,0.2116,0.992
22.521734253,0.0198,0.9704,0.2128,0.994
22.522984022,0.0186,0.9726,0.2130,0.996
22.524167214,0.0181,0.9728,0.2135,0.996
22.528190099,0.0173,0.9728,0.2147,0.996
22.529664714,0.0178,0.9740,0.2157,0.998
22.530786022,0.0178,0.9738,0.2147,0.997
22.531595214,0.0181,0.9755,0.2155,0.999
22.53271556,0.0171,0.9765,0.2182,1.001
22.53399656,0.0173,0.9772,0.2187,1.002
22.536111599,0.0176,0.9787,0.2196,1.003
22.537910791,0.0186,0.9772,0.2204,1.002
22.540258483,0.0176,0.9775,0.2206,1.002
22.542087445,0.0173,0.9789,0.2216,1.004
22.544127445,0.0166,0.9784,0.2245,1.004
22.545967445,0.0154,0.9787,0.2257,1.005
22.548195906,0.0154,0.9784,0.2265,1.004
22.549744445,0.0147,0.9804,0.2260,1.006
22.551918753,0.0149,0.9806,0.2262,1.007
22.55384456,0.0134,0.9804,0.2267,1.006
22.555828483,0.0134,0.9794,0.2257,1.005
22.559421906,0.0115,0.9782,0.2262,1.004
22.560566445,0.0122,0.9775,0.2272,1.004
22.561888945,0.0127,0.9765,0.2270,1.003
22.564787753,0.0125,0.9765,0.2265,1.002
22.56546656,0.0129,0.9762,0.2253,1.002
22.56758333,0.0115,0.9760,0.2245,1.002
22.569463445,0.0127,0.9762,0.2243,1.002
22.571639214,0.0132,0.9760,0.2245,1.002
22.57359233,0.0127,0.9743,0.2231,1.000
22.577447791,0.0137,0.9731,0.2228,0.998
22.578655406,0.0149,0.9740,0.2228,0.999
22.579677522,0.0161,0.9750,0.2221,1.000
22.58156606,0.0159,0.9748,0.2211,1.000
22.583700483,0.0191,0.9745,0.2189,0.999
22.585472753,0.0208,0.9736,0.2189,0.998
22.587657137,0.0200,0.9733,0.2182,0.998
22.589483676,0.0217,0.9740,0.2162,0.998
22.59267483,0.0239,0.9731,0.2145,0.997
22.593923022,0.0232,0.9748,0.2133,0.998
22.595564368,0.0254,0.9750,0.2140,0.999
22.597539445,0.0261,0.9748,0.2133,0.998
22.599328791,0.0269,0.9743,0.2111,0.997
22.601357176,0.0281,0.9753,0.2111,0.998
22.603425445,0.0293,0.9750,0.2106,0.998
22.605298945,0.0300,0.9765,0.2079,0.999
22.616030906,0.0303,0.9733,0.2074,0.996
22.61759506,0.0313,0.9719,0.2074,0.994
22.618682176,0.0308,0.9711,0.2077,0.994
22.619657253,0.0318,0.9716,0.2067,0.994
22.620735099,0.0320,0.9728,0.2057,0.995
22.621793137,0.0325,0.9748,0.2062,0.997
22.627803406,0.0332,0.9743,0.2060,0.996
22.629283291,0.0335,0.9728,0.2060,0.995
22.630203983,0.0330,0.9731,0.2055,0.995
22.631350906,0.0337,0.9733,0.2064,0.996
22.632497599,0.0340,0.9723,0.2072,0.995
22.633552176,0.0340,0.9721,0.2069,0.994
22.634685599,0.0340,0.9719,0.2072,0.994
22.635710599,0.0322,0.9721,0.2084,0.995
22.636527676,0.0327,0.9721,0.2096,0.995
22.637376445,0.0337,0.9723,0.2099,0.995
22.638873022,0.0342,0.9719,0.2108,0.995
22.643410253,0.0335,0.9714,0.2150,0.995
22.644863906,0.0340,0.9721,0.2143,0.996
22.649946368,0.0340,0.9721,0.2133,0.996
22.651251291,0.0337,0.9714,0.2133,0.995
22.652001791,0.0340,0.9723,0.2140,0.996
22.65305706,0.0347,0.9714,0.2150,0.995
22.653788868,0.0310,0.9706,0.2174,0.995
22.654787253,0.0300,0.9694,0.2169,0.994
22.656705906,0.0318,0.9701,0.2165,0.995
22.659719137,0.0308,0.9701,0.2169,0.995
22.661280906,0.0300,0.9697,0.2172,0.994
22.662931176,0.0300,0.9704,0.2179,0.995
22.664478022,0.0310,0.9692,0.2187,0.994
22.666715983,0.0305,0.9682,0.2184,0.993
22.668640829,0.0305,0.9677,0.2187,0.993
22.670449445,0.0293,0.9679,0.2196,0.993
22.672660829,0.0296,0.9692,0.2187,0.994
22.676093137,0.0296,0.9699,0.2172,0.994
22.677557099,0.0288,0.9689,0.2174,0.993
22.679103099,0.0271,0.9682,0.2179,0.993
22.680923714,0.0281,0.9670,0.2167,0.991
22.682223329,0.0283,0.9660,0.2160,0.990
22.684497214,0.0296,0.9677,0.2182,0.992
22.686276137,0.0305,0.9682,0.2177,0.993
22.688275483,0.0315,0.9675,0.2162,0.992
22.690275291,0.0308,0.9672,0.2157,0.991
22.69437906,0.0308,0.9675,0.2145,0.991
22.696056522,0.0298,0.9662,0.2155,0.990
22.697342253,0.0300,0.9657,0.2145,0.990
22.698787214,0.0318,0.9662,0.2130,0.990
22.700183176,0.0318,0.9672,0.2125,0.991
22.701850714,0.0310,0.9670,0.2128,0.991
22.704058829,0.0300,0.9689,0.2130,0.993
22.705976714,0.0315,0.9684,0.2133,0.992
22.716490906,0.0325,0.9672,0.2121,0.991
22.717089252,0.0332,0.9679,0.2123,0.992
22.717345291,0.0320,0.9687,0.2140,0.993
22.717618368,0.0330,0.9679,0.2130,0.992
22.717979406,0.0330,0.9699,0.2113,0.993
22.718284714,0.0335,0.9689,0.2108,0.992
22.720431983,0.0352,0.9689,0.2118,0.992
22.721690522,0.0362,0.9697,0.2111,0.993
22.724624906,0.0354,0.9709,0.2128,0.995
22.73034606,0.0357,0.9711,0.2111,0.994
22.731004099,0.0362,0.9701,0.2111,0.993
22.731276868,0.0344,0.9709,0.2116,0.994
22.73155456,0.0347,0.9709,0.2128,0.995
22.733856022,0.0337,0.9716,0.2135,0.995
22.736105752,0.0315,0.9716,0.2140,0.995
22.737555291,0.0308,0.9728,0.2150,0.997
22.740114406,0.0305,0.9714,0.2174,0.996
22.742603829,0.0300,0.9704,0.2199,0.995
22.743546945,0.0291,0.9704,0.2199,0.995
22.745606406,0.0293,0.9716,0.2231,0.997
22.747893214,0.0303,0.9723,0.2231,0.998
22.749628483,0.0303,0.9726,0.2231,0.998
22.751669983,0.0293,0.9731,0.2223,0.999
22.753504637,0.0281,0.9721,0.2213,0.997
22.75568756,0.0274,0.9721,0.2169,0.996
22.757378483,0.0286,0.9716,0.2150,0.996
22.759854252,0.0286,0.9719,0.2125,0.995
22.761329983,0.0279,0.9738,0.2086,0.996
22.763904637,0.0266,0.9748,0.2062,0.997
22.765352599,0.0257,0.9745,0.2055,0.996
22.767738868,0.0237,0.9767,0.2008,0.997
22.769172137,0.0242,0.9765,0.2006,0.997
22.77168656,0.0225,0.9767,0.2033,0.998
22.773278599,0.0217,0.9792,0.2077,1.001
22.776266945,0.0217,0.9792,0.2099,1.002
22.777128522,0.0198,0.9792,0.2116,1.002
22.779716522,0.0195,0.9794,0.2140,1.003
22.781362676,0.0193,0.9804,0.2138,1.004
22.783698176,0.0200,0.9809,0.2135,1.004
22.785155445,0.0188,0.9802,0.2138,1.003
22.787683829,0.0169,0.9804,0.2128,1.003
22.789153176,0.0176,0.9804,0.2118,1.003
22.790944791,0.0169,0.9797,0.2108,1.002
22.793919599,0.0173,0.9784,0.2116,1.001
22.794985252,0.0173,0.9775,0.2113,1.000
22.797385791,0.0178,0.9782,0.2121,1.001
22.799121176,0.0188,0.9780,0.2172,1.002
22.800923983,0.0193,0.9780,0.2191,1.002
22.802890291,0.0178,0.9787,0.2240,1.004
22.804946752,0.0188,0.9784,0.2274,1.005
22.806751637,0.0193,0.9772,0.2296,1.004
22.820615599,0.0195,0.9775,0.2340,1.005
22.822359099,0.0203,0.9770,0.2350,1.005
22.823628522,0.0217,0.9760,0.2394,1.005
22.825177752,0.0230,0.9750,0.2402,1.004
22.826982829,0.0222,0.9758,0.2411,1.005
22.828908714,0.0239,0.9740,0.2414,1.004
22.830605868,0.0254,0.9738,0.2411,1.004
22.831859945,0.0249,0.9714,0.2411,1.001
22.833030829,0.0259,0.9723,0.2375,1.001
22.833933752,0.0249,0.9723,0.2348,1.001
22.835189175,0.0235,0.9719,0.2306,0.999
22.835908483,0.0239,0.9709,0.2289,0.998
22.837376445,0.0254,0.9704,0.2248,0.996
22.837931137,0.0242,0.9706,0.2169,0.995
22.838336829,0.0244,0.9709,0.2130,0.994
22.83872856,0.0242,0.9721,0.2094,0.995
22.841253791,0.0249,0.9721,0.2038,0.994
22.842091829,0.0247,0.9719,0.2008,0.993
22.844600137,0.0215,0.9719,0.1957,0.992
22.846032406,0.0205,0.9714,0.1932,0.991
22.848203214,0.0203,0.9714,0.1893,0.990
22.850014637,0.0208,0.9687,0.1879,0.987
22.851995099,0.0200,0.9694,0.1867,0.987
22.853887099,0.0198,0.9706,0.1859,0.988
22.855868829,0.0191,0.9711,0.1864,0.989
22.859068175,0.0210,0.9687,0.1867,0.987
22.859900368,0.0227,0.9687,0.1874,0.987
22.861853175,0.0227,0.9689,0.1879,0.987
22.86380906,0.0227,0.9675,0.1888,0.986
22.865759791,0.0217,0.9662,0.1891,0.985
22.867934752,0.0222,0.9665,0.1891,0.985
22.869672445,0.0235,0.9657,0.1925,0.985
22.871985791,0.0254,0.9660,0.1930,0.985
22.873986368,0.0266,0.9655,0.1969,0.986
22.876138906,0.0264,0.9665,0.2001,0.987
22.878355637,0.0271,0.9672,0.2016,0.988
22.879614175,0.0279,0.9677,0.2040,0.989
22.881463291,0.0281,0.9675,0.2084,0.990
22.883579714,0.0281,0.9684,0.2101,0.991
22.885440368,0.0261,0.9687,0.2118,0.992
22.887600483,0.0252,0.9687,0.2135,0.992
22.889563945,0.0261,0.9701,0.2150,0.994
22.899688137,0.0237,0.9697,0.2179,0.994
22.900976752,0.0230,0.9709,0.2216,0.996
22.90176406,0.0222,0.9704,0.2248,0.996
22.902645291,0.0205,0.9719,0.2267,0.998
22.903592983,0.0205,0.9721,0.2292,0.999
22.909959829,0.0195,0.9714,0.2328,0.999
22.911344214,0.0193,0.9706,0.2333,0.998
22.912266675,0.0188,0.9711,0.2353,0.999
22.913099906,0.0186,0.9721,0.2360,1.001
22.913989175,0.0186,0.9731,0.2358,1.001
22.915149868,0.0188,0.9733,0.2358,1.002
22.916025329,0.0188,0.9726,0.2377,1.001
22.917102329,0.0183,0.9723,0.2389,1.001
22.917907945,0.0183,0.9721,0.2392,1.001
22.919138099,0.0188,0.9738,0.2392,1.003
22.921246522,0.0215,0.9740,0.2397,1.003
22.923227252,0.0220,0.9748,0.2387,1.004
22.926399175,0.0213,0.9748,0.2392,1.004
22.927946522,0.0227,0.9745,0.2380,1.003
22.929137945,0.0227,0.9731,0.2328,1.001
22.931251598,0.0220,0.9697,0.1923,0.989
22.933075868,0.0310,0.9640,0.1505,0.976
22.935133714,0.0379,0.9613,0.1363,0.972
22.937148675,0.0489,0.9604,0.1371,0.971
22.939162752,0.0459,0.9633,0.1673,0.979
22.941092445,0.0396,0.9667,0.1879,0.986
22.944405868,0.0225,0.9726,0.2301,1.000
22.945871906,0.0132,0.9758,0.2470,1.007
22.947709022,0.0017,0.9824,0.2709,1.019
22.949238368,-0.0005,0.9863,0.2807,1.025
22.950878022,0.0017,0.9875,0.2819,1.027
22.952620829,0.0110,0.9882,0.2785,1.027
22.95556956,0.0205,0.9870,0.2739,1.024
22.956516137,0.0254,0.9855,0.2704,1.022
22.959073714,0.0330,0.9821,0.2663,1.018
22.960538022,0.0344,0.9811,0.2634,1.016
22.962597098,0.0366,0.9782,0.2551,1.012
22.964522214,0.0366,0.9748,0.2453,1.006
22.966472098,0.0354,0.9736,0.2409,1.004
22.968461368,0.0320,0.9714,0.2348,1.000
22.970350252,0.0300,0.9699,0.2314,0.998
22.972344714,0.0288,0.9697,0.2282,0.997
22.974379522,0.0300,0.9679,0.2211,0.993
22.976389598,0.0283,0.9679,0.2191,0.993
22.979514445,0.0252,0.9687,0.2143,0.992
22.980259637,0.0247,0.9694,0.2099,0.992
22.982213983,0.0249,0.9687,0.2064,0.991
22.984189098,0.0264,0.9672,0.2050,0.989
22.986310368,0.0271,0.9670,0.2040,0.989
22.98813206,0.0276,0.9675,0.2028,0.989
22.990055252,0.0264,0.9684,0.2016,0.990
22.99574956,0.0276,0.9682,0.2003,0.989
22.996532214,0.0281,0.9692,0.1998,0.990
22.996975214,0.0281,0.9694,0.2003,0.990
22.997957406,0.0271,0.9692,0.2018,0.990
23.000031522,0.0296,0.9679,0.2060,0.990
23.001957406,0.0298,0.9694,0.2069,0.992
23.003871483,0.0293,0.9699,0.2074,0.992
23.00579756,0.0293,0.9714,0.2079,0.994
23.007823906,0.0293,0.9723,0.2069,0.995
23.009828829,0.0276,0.9743,0.2106,0.997
23.01173656,0.0269,0.9750,0.2108,0.998
23.013718829,0.0274,0.9728,0.2138,0.996
23.015779252,0.0288,0.9719,0.2160,0.996
23.017611637,0.0271,0.9719,0.2177,0.996
23.019547945,0.0261,0.9731,0.2211,0.998
23.021521445,0.0249,0.9723,0.2216,0.998
23.023548022,0.0235,0.9723,0.2240,0.998
23.025749175,0.0230,0.9728,0.2277,0.999
23.027559714,0.0220,0.9726,0.2282,0.999
23.029561714,0.0200,0.9719,0.2272,0.998
23.031687368,0.0183,0.9726,0.2274,0.999
23.033514637,0.0171,0.9719,0.2267,0.998
23.035461291,0.0164,0.9719,0.2253,0.998
23.037463021,0.0166,0.9721,0.2255,0.998
23.039398329,0.0151,0.9733,0.2245,0.999
23.042439829,0.0142,0.9736,0.2221,0.999
23.043353906,0.0122,0.9736,0.2213,0.998
23.045791021,0.0129,0.9738,0.2213,0.999
23.047396368,0.0132,0.9745,0.2194,0.999
23.04926106,0.0129,0.9740,0.2184,0.998
23.051190175,0.0144,0.9750,0.2174,0.999
23.053185483,0.0139,0.9748,0.2167,0.999
23.055258868,0.0144,0.9748,0.2162,0.999
23.057224021,0.0147,0.9743,0.2160,0.998
23.05990156,0.0156,0.9738,0.2162,0.998
23.062487098,0.0178,0.9733,0.2150,0.997
23.063090291,0.0181,0.9748,0.2157,0.999
23.06515856,0.0161,0.9765,0.2150,1.000
23.067046137,0.0156,0.9753,0.2125,0.998
23.068993675,0.0142,0.9748,0.2123,0.998
23.070998983,0.0139,0.9736,0.2111,0.996
23.072986483,0.0156,0.9733,0.2091,0.996
23.075930945,0.0159,0.9728,0.2089,0.995
23.07703206,0.0161,0.9736,0.2106,0.996
23.079264175,0.0139,0.9738,0.2108,0.996
23.080976829,0.0147,0.9738,0.2096,0.996
23.082922445,0.0154,0.9723,0.2086,0.995
23.084825098,0.0156,0.9714,0.2106,0.994
23.086853368,0.0161,0.9714,0.2128,0.995
23.088802252,0.0166,0.9721,0.2143,0.996
23.090772829,0.0173,0.9719,0.2140,0.995
23.093201406,0.0178,0.9714,0.2147,0.995
23.095916714,0.0173,0.9711,0.2152,0.995
23.096855868,0.0178,0.9704,0.2135,0.994
23.098849868,0.0198,0.9704,0.2140,0.994
23.100713983,0.0203,0.9692,0.2152,0.993
23.10272706,0.0215,0.9689,0.2160,0.993
23.104673406,0.0222,0.9682,0.2152,0.992
23.106631868,0.0220,0.9679,0.2157,0.992
23.113267521,0.0215,0.9677,0.2160,0.992
23.114131291,0.0230,0.9675,0.2172,0.992
23.114692291,0.0232,0.9660,0.2199,0.991
23.115156829,0.0225,0.9667,0.2199,0.992
23.116655445,0.0232,0.9670,0.2196,0.992
23.118675214,0.0249,0.9682,0.2211,0.993
23.120609868,0.0230,0.9670,0.2226,0.993
23.122463791,0.0235,0.9667,0.2228,0.992
23.124402868,0.0232,0.9665,0.2245,0.992
23.126478098,0.0227,0.9675,0.2250,0.994
23.128415521,0.0230,0.9675,0.2277,0.994
23.130367714,0.0230,0.9682,0.2309,0.996
23.132446291,0.0247,0.9684,0.2316,0.996
23.134358483,0.0230,0.9679,0.2323,0.996
23.136247714,0.0225,0.9684,0.2304,0.996
23.138240944,0.0227,0.9692,0.2304,0.996
23.140196483,0.0232,0.9679,0.2328,0.996
23.142728752,0.0227,0.9679,0.2326,0.996
23.144210675,0.0237,0.9679,0.2345,0.996
23.146162291,0.0249,0.9687,0.2350,0.997
23.148129598,0.0252,0.9687,0.2362,0.997
23.15006056,0.0249,0.9689,0.2360,0.998
23.152073291,0.0254,0.9684,0.2365,0.997
23.153932791,0.0259,0.9689,0.2358,0.998
23.155973021,0.0266,0.9697,0.2350,0.998
23.15793456,0.0259,0.9694,0.2355,0.998
23.159996137,0.0274,0.9692,0.2372,0.998
23.161880521,0.0269,0.9692,0.2372,0.998
23.163967483,0.0286,0.9689,0.2348,0.997
23.165861906,0.0274,0.9687,0.2348,0.997
23.16774506,0.0276,0.9694,0.2343,0.998
23.169693829,0.0269,0.9694,0.2338,0.998
23.171697752,0.0269,0.9689,0.2340,0.997
23.17373756,0.0271,0.9677,0.2331,0.996
23.176798406,0.0286,0.9682,0.2318,0.996
23.177635137,0.0298,0.9677,0.2316,0.995
23.179713406,0.0315,0.9672,0.2289,0.994
23.181798906,0.0318,0.9655,0.2294,0.993
23.183614252,0.0320,0.9667,0.2292,0.994
23.185525368,0.0308,0.9677,0.2292,0.995
23.187548214,0.0313,0.9660,0.2287,0.993
23.189463675,0.0303,0.9665,0.2289,0.994
23.196859021,0.0281,0.9655,0.2272,0.992
23.197702098,0.0276,0.9645,0.2274,0.991
23.198227829,0.0296,0.9643,0.2267,0.991
23.198807714,0.0308,0.9655,0.2253,0.992
23.199443214,0.0300,0.9667,0.2243,0.993
23.201393752,0.0300,0.9650,0.2235,0.991
23.203452329,0.0305,0.9645,0.2226,0.990
23.205324252,0.0310,0.9657,0.2235,0.992
23.207319329,0.0320,0.9682,0.2253,0.995
23.20965556,0.0322,0.9679,0.2248,0.994
23.211262291,0.0318,0.9675,0.2253,0.994
23.213313329,0.0308,0.9670,0.2267,0.994
23.215441829,0.0303,0.9670,0.2260,0.993
23.217347829,0.0303,0.9672,0.2253,0.994
23.219278906,0.0303,0.9670,0.2260,0.993
23.221253675,0.0298,0.9667,0.2270,0.993
23.223263868,0.0279,0.9662,0.2265,0.993
23.226351714,0.0276,0.9657,0.2272,0.992
23.227347098,0.0276,0.9682,0.2274,0.995
23.229225791,0.0281,0.9679,0.2272,0.995
23.231162214,0.0286,0.9682,0.2274,0.995
23.233117637,0.0281,0.9684,0.2279,0.995
23.235104829,0.0293,0.9687,0.2292,0.996
23.236993675,0.0283,0.9682,0.2299,0.996
23.239079752,0.0293,0.9694,0.2282,0.996
23.241030444,0.0296,0.9689,0.2287,0.996
23.243621983,0.0288,0.9684,0.2309,0.996
23.246130675,0.0281,0.9697,0.2309,0.997
23.24706856,0.0286,0.9694,0.2311,0.997
23.248951521,0.0303,0.9701,0.2296,0.997
23.250943483,0.0288,0.9704,0.2289,0.997
23.252785444,0.0298,0.9704,0.2294,0.998
23.254827867,0.0313,0.9711,0.2311,0.999
23.256725752,0.0308,0.9706,0.2309,0.998
23.259796329,0.0305,0.9692,0.2323,0.997
23.260742098,0.0305,0.9704,0.2333,0.999
23.262881098,0.0313,0.9711,0.2338,0.999
23.264765752,0.0286,0.9704,0.2333,0.998
23.266826329,0.0288,0.9697,0.2333,0.998
23.268649983,0.0288,0.9706,0.2348,0.999
23.270612483,0.0283,0.9692,0.2340,0.997
23.272548483,0.0286,0.9697,0.2353,0.998
23.274529944,0.0279,0.9701,0.2372,0.999
23.276513714,0.0274,0.9709,0.2365,1.000
23.278562598,0.0286,0.9711,0.2360,1.000
23.280484521,0.0269,0.9701,0.2355,0.999
23.282466598,0.0279,0.9704,0.2353,0.999
23.284376714,0.0283,0.9709,0.2343,0.999
23.286343598,0.0259,0.9714,0.2336,0.999
23.288305252,0.0247,0.9714,0.2345,1.000
23.290293252,0.0247,0.9719,0.2360,1.000
23.293145175,0.0247,0.9721,0.2365,1.001
23.294390944,0.0242,0.9714,0.2365,1.000
23.296313444,0.0230,0.9709,0.2350,0.999
23.298361983,0.0227,0.9701,0.2345,0.998
23.300260291,0.0222,0.9697,0.2345,0.998
23.30216006,0.0215,0.9721,0.2362,1.001
23.304093175,0.0217,0.9728,0.2370,1.002
23.306073406,0.0213,0.9738,0.2353,1.002
23.308037483,0.0203,0.9736,0.2333,1.001
23.313716137,0.0193,0.9733,0.2333,1.001
23.314621098,0.0205,0.9714,0.2345,0.999
23.315136329,0.0205,0.9716,0.2343,1.000
23.316061829,0.0186,0.9721,0.2348,1.000
23.318122906,0.0176,0.9726,0.2340,1.001
23.32006856,0.0176,0.9721,0.2340,1.000
23.32204056,0.0176,0.9721,0.2318,1.000
23.323973021,0.0198,0.9721,0.2314,0.999
23.326482175,0.0191,0.9711,0.2321,0.999
23.327931637,0.0188,0.9704,0.2340,0.998
23.330021521,0.0186,0.9709,0.2345,0.999
23.331959714,0.0181,0.9716,0.2343,1.000
23.333883444,0.0176,0.9726,0.2345,1.001
23.335799791,0.0178,0.9731,0.2336,1.001
23.337730675,0.0178,0.9719,0.2318,0.999
23.339752098,0.0176,0.9711,0.2328,0.999
23.341699598,0.0186,0.9714,0.2343,0.999
23.343774329,0.0205,0.9709,0.2336,0.999
23.345682214,0.0198,0.9706,0.2331,0.998
23.347650983,0.0191,0.9704,0.2331,0.998
23.349584444,0.0193,0.9709,0.2328,0.999
23.351533367,0.0195,0.9726,0.2321,1.000
23.353498098,0.0215,0.9714,0.2331,0.999
23.35545629,0.0222,0.9706,0.2331,0.998
23.357447598,0.0213,0.9684,0.2321,0.996
23.359608637,0.0220,0.9689,0.2321,0.997
23.361494098,0.0230,0.9706,0.2331,0.998
23.363482598,0.0222,0.9706,0.2328,0.998
23.365376252,0.0230,0.9699,0.2333,0.998
23.367320329,0.0235,0.9697,0.2333,0.998
23.369268214,0.0261,0.9716,0.2331,1.000
23.37129906,0.0269,0.9714,0.2340,1.000
23.373280483,0.0254,0.9704,0.2333,0.998
23.376128444,0.0252,0.9677,0.2343,0.996
23.377277406,0.0252,0.9682,0.2348,0.997
23.379756752,0.0254,0.9679,0.2360,0.997
23.381277829,0.0269,0.9682,0.2348,0.997
23.383124367,0.0279,0.9697,0.2340,0.998
23.385077137,0.0276,0.9699,0.2331,0.998
23.387027444,0.0283,0.9699,0.2331,0.998
23.389027714,0.0288,0.9701,0.2321,0.998
23.390980521,0.0313,0.9694,0.2311,0.997
23.393749406,0.0318,0.9684,0.2323,0.996
23.396361906,0.0308,0.9679,0.2299,0.995
23.397009406,0.0310,0.9677,0.2301,0.995
23.398955367,0.0308,0.9689,0.2292,0.996
23.40086456,0.0330,0.9694,0.2284,0.997
23.402867867,0.0330,0.9699,0.2272,0.997
23.404809367,0.0335,0.9699,0.2272,0.997
23.406749944,0.0325,0.9694,0.2265,0.996
23.412137252,0.0342,0.9697,0.2253,0.996
23.412744944,0.0335,0.9701,0.2243,0.996
23.413058214,0.0320,0.9697,0.2253,0.996
23.414914944,0.0322,0.9697,0.2253,0.996
23.416810829,0.0344,0.9701,0.2238,0.996
23.418845906,0.0332,0.9697,0.2231,0.996
23.420695175,0.0320,0.9701,0.2238,0.996
23.42267329,0.0315,0.9704,0.2255,0.997
23.42461156,0.0315,0.9716,0.2279,0.998
23.426788098,0.0308,0.9731,0.2304,1.000
23.428632483,0.0298,0.9719,0.2318,1.000
23.43078006,0.0300,0.9721,0.2343,1.000
23.432624367,0.0300,0.9723,0.2345,1.001
23.434554714,0.0286,0.9731,0.2348,1.001
23.436532752,0.0281,0.9726,0.2311,1.000
23.438440483,0.0286,0.9723,0.2301,1.000
23.440392444,0.0288,0.9723,0.2262,0.999
23.442906214,0.0274,0.9723,0.2228,0.998
23.44440606,0.0264,0.9728,0.2216,0.998
23.446381829,0.0271,0.9728,0.2179,0.997
23.448457521,0.0279,0.9733,0.2165,0.997
23.450347406,0.0269,0.9723,0.2118,0.996
23.452333021,0.0266,0.9758,0.2103,0.999
23.454267329,0.0266,0.9760,0.2106,0.999
23.456230944,0.0239,0.9760,0.2121,0.999
23.458170944,0.0232,0.9758,0.2147,0.999
23.460267867,0.0227,0.9758,0.2177,1.000
23.462208021,0.0208,0.9760,0.2199,1.001
23.464215944,0.0208,0.9758,0.2206,1.001
23.466085829,0.0220,0.9777,0.2209,1.003
23.46805356,0.0210,0.9772,0.2196,1.002
23.470048944,0.0225,0.9770,0.2182,1.001
23.47204306,0.0227,0.9760,0.2174,1.000
23.473952944,0.0213,0.9743,0.2162,0.998
23.476435329,0.0210,0.9748,0.2174,0.999
23.478019098,0.0225,0.9731,0.2165,0.997
23.480059752,0.0232,0.9731,0.2167,0.997
23.481949598,0.0217,0.9719,0.2182,0.996
23.483899752,0.0217,0.9689,0.2206,0.994
23.485796944,0.0217,0.9694,0.2221,0.995
23.487857944,0.0237,0.9682,0.2248,0.994
23.489836098,0.0264,0.9677,0.2287,0.995
23.49187229,0.0266,0.9689,0.2301,0.996
23.493961444,0.0271,0.9697,0.2338,0.998
23.496688444,0.0279,0.9701,0.2353,0.999
23.497746637,0.0274,0.9682,0.2389,0.998
23.50014179,0.0288,0.9687,0.2426,0.999
23.502020983,0.0298,0.9679,0.2443,0.999
23.504256213,0.0303,0.9682,0.2463,0.999
23.506086175,0.0310,0.9675,0.2450,0.998
23.508107483,0.0293,0.9670,0.2436,0.998
23.513761021,0.0335,0.9675,0.2426,0.998
23.514329829,0.0340,0.9679,0.2414,0.998
23.51574479,0.0322,0.9672,0.2367,0.996
23.51602829,0.0322,0.9679,0.2338,0.996
23.521960329,0.0325,0.9689,0.2321,0.997
23.522222329,0.0335,0.9692,0.2255,0.996
23.52244529,0.0330,0.9684,0.2245,0.995
23.528270137,0.0320,0.9677,0.2226,0.993
23.529113867,0.0315,0.9704,0.2162,0.995
23.529546713,0.0318,0.9692,0.2138,0.993
23.529965137,0.0308,0.9687,0.2089,0.991
23.531584906,0.0313,0.9689,0.2055,0.991
23.533331175,0.0313,0.9714,0.2035,0.993
23.535463675,0.0288,0.9714,0.1996,0.992
23.537413137,0.0283,0.9716,0.1981,0.992
23.53930106,0.0298,0.9709,0.1967,0.991
23.541255367,0.0296,0.9706,0.1947,0.990
23.544162329,0.0305,0.9699,0.1942,0.990
23.546101406,0.0303,0.9709,0.1903,0.990
23.550651367,0.0303,0.9706,0.1893,0.989
23.551422598,0.0308,0.9701,0.1906,0.989
23.552193444,0.0313,0.9714,0.1913,0.991
23.552960906,0.0315,0.9719,0.1915,0.991
23.55517456,0.0320,0.9711,0.1925,0.991
23.557193406,0.0335,0.9714,0.1925,0.991
23.560434021,0.0349,0.9716,0.1935,0.991
23.561363867,0.0362,0.9723,0.1954,0.992
23.563837329,0.0352,0.9709,0.1969,0.991
23.565182213,0.0354,0.9706,0.1969,0.991
23.567068213,0.0344,0.9714,0.2003,0.992
23.569580906,0.0342,0.9719,0.2001,0.993
23.571032136,0.0352,0.9721,0.2023,0.994
23.573079136,0.0340,0.9743,0.2057,0.996
23.575080406,0.0337,0.9738,0.2079,0.996
23.578053483,0.0315,0.9721,0.2128,0.996
23.57967606,0.0308,0.9721,0.2145,0.996
23.581668252,0.0300,0.9745,0.2194,0.999
23.58356456,0.0288,0.9733,0.2231,0.999
23.584865175,0.0276,0.9736,0.2240,0.999
23.587005944,0.0281,0.9728,0.2250,0.999
23.588848252,0.0261,0.9719,0.2277,0.999
23.590873406,0.0257,0.9714,0.2292,0.998
23.594653636,0.0252,0.9706,0.2306,0.998
23.59610829,0.0252,0.9709,0.2311,0.998
23.597778483,0.0244,0.9701,0.2333,0.998
23.599124752,0.0254,0.9723,0.2360,1.001
23.600524252,0.0266,0.9719,0.2362,1.001
23.602760098,0.0269,0.9714,0.2358,1.000
23.604713483,0.0266,0.9719,0.2362,1.001
23.606694521,0.0276,0.9738,0.2360,1.002
23.60863829,0.0276,0.9748,0.2360,1.003
23.61987079,0.0264,0.9753,0.2350,1.004
23.621400098,0.0274,0.9753,0.2348,1.004
23.622630598,0.0276,0.9760,0.2331,1.004
23.623697483,0.0274,0.9755,0.2331,1.003
23.624802944,0.0279,0.9745,0.2331,1.002
23.626019675,0.0279,0.9750,0.2321,1.003
23.62735956,0.0274,0.9753,0.2292,1.002
23.628645598,0.0274,0.9765,0.2265,1.003
23.629944175,0.0274,0.9765,0.2248,1.002
23.631478906,0.0261,0.9753,0.2238,1.001
23.63264779,0.0249,0.9745,0.2209,1.000
23.633747983,0.0257,0.9740,0.2194,0.999
23.63487979,0.0276,0.9750,0.2174,0.999
23.637372752,0.0271,0.9755,0.2162,1.000
23.639055483,0.0257,0.9758,0.2145,0.999
23.64385106,0.0269,0.9750,0.2116,0.998
23.644988098,0.0279,0.9753,0.2099,0.998
23.646081175,0.0286,0.9740,0.2084,0.997
23.647482713,0.0279,0.9745,0.2089,0.997
23.648444483,0.0281,0.9748,0.2091,0.997
23.651011444,0.0291,0.9740,0.2081,0.996
23.652471444,0.0291,0.9733,0.2079,0.996
23.65674179,0.0305,0.9736,0.2084,0.996
23.657890136,0.0298,0.9731,0.2069,0.995
23.658927406,0.0303,0.9719,0.2074,0.994
23.661614213,0.0310,0.9721,0.2074,0.994
23.663231021,0.0315,0.9714,0.2077,0.994
23.664304598,0.0322,0.9701,0.2091,0.993
23.666042021,0.0310,0.9716,0.2096,0.994
23.668602406,0.0313,0.9719,0.2106,0.995
23.669987098,0.0318,0.9711,0.2130,0.995
23.671920983,0.0313,0.9714,0.2135,0.995
23.673816675,0.0305,0.9714,0.2138,0.995
23.676068213,0.0303,0.9709,0.2155,0.995
23.680012329,0.0296,0.9701,0.2150,0.994
23.681847252,0.0322,0.9709,0.2160,0.995
23.683490713,0.0313,0.9706,0.2172,0.995
23.684918636,0.0303,0.9701,0.2169,0.995
23.686881213,0.0296,0.9709,0.2169,0.995
23.688010483,0.0296,0.9714,0.2182,0.996
23.689726521,0.0286,0.9699,0.2184,0.995
23.69152829,0.0274,0.9692,0.2194,0.994
23.694207329,0.0276,0.9697,0.2199,0.995
23.695438829,0.0283,0.9689,0.2196,0.994
23.697466059,0.0283,0.9679,0.2206,0.993
23.699549944,0.0279,0.9694,0.2204,0.995
23.701319752,0.0247,0.9711,0.2218,0.996
23.703585906,0.0239,0.9701,0.2231,0.996
23.705486713,0.0213,0.9687,0.2235,0.994
23.707410444,0.0195,0.9687,0.2257,0.995
23.709542252,0.0198,0.9692,0.2260,0.995
23.715258829,0.0200,0.9687,0.2277,0.995
23.715820059,0.0200,0.9689,0.2272,0.995
23.716060829,0.0210,0.9682,0.2270,0.995
23.71712429,0.0200,0.9697,0.2245,0.996
23.719062906,0.0205,0.9699,0.2250,0.996
23.721276598,0.0215,0.9692,0.2245,0.995
23.723146944,0.0205,0.9706,0.2221,0.996
23.725060521,0.0191,0.9697,0.2204,0.995
23.729623906,0.0173,0.9699,0.2196,0.995
23.730043021,0.0198,0.9704,0.2199,0.995
23.730957059,0.0200,0.9704,0.2187,0.995
23.732945829,0.0198,0.9709,0.2165,0.995
23.734936983,0.0193,0.9711,0.2160,0.995
23.736810906,0.0200,0.9709,0.2147,0.995
23.738973021,0.0208,0.9721,0.2133,0.995
23.740883059,0.0210,0.9719,0.2130,0.995
23.74301479,0.0227,0.9721,0.2111,0.995
23.745620752,0.0235,0.9721,0.2096,0.995
23.747101598,0.0242,0.9728,0.2091,0.995
23.752668021,0.0254,0.9726,0.2069,0.995
23.75293179,0.0239,0.9714,0.2074,0.994
23.753167636,0.0242,0.9711,0.2081,0.993
23.754811329,0.0252,0.9743,0.2084,0.997
23.756952136,0.0244,0.9740,0.2084,0.996
23.758872983,0.0227,0.9728,0.2084,0.995
23.761467136,0.0230,0.9738,0.2094,0.996
23.762815829,0.0244,0.9743,0.2094,0.997
23.764805829,0.0261,0.9733,0.2086,0.996
23.766568636,0.0261,0.9743,0.2086,0.997
23.76885379,0.0269,0.9753,0.2103,0.998
23.770770983,0.0261,0.9748,0.2118,0.998
23.77251779,0.0266,0.9728,0.2116,0.996
23.774429906,0.0296,0.9721,0.2108,0.995
23.779097329,0.0313,0.9726,0.2116,0.996
23.780361175,0.0310,0.9743,0.2113,0.997
23.781346252,0.0322,0.9750,0.2116,0.998
23.782696598,0.0322,0.9733,0.2125,0.997
23.784473521,0.0305,0.9733,0.2108,0.996
23.786449944,0.0308,0.9740,0.2121,0.997
23.788450175,0.0310,0.9731,0.2118,0.996
23.790283098,0.0318,0.9748,0.2133,0.998
23.792456059,0.0313,0.9748,0.2138,0.998
23.796130406,0.0303,0.9738,0.2133,0.997
23.797812559,0.0303,0.9753,0.2147,0.999
23.799460329,0.0308,0.9755,0.2150,0.999
23.800922559,0.0296,0.9743,0.2157,0.998
23.802328906,0.0281,0.9750,0.2165,0.999
23.80427979,0.0279,0.9743,0.2172,0.999
23.805994713,0.0269,0.9748,0.2172,0.999
23.808208406,0.0257,0.9750,0.2179,0.999
23.81854429,0.0247,0.9733,0.2191,0.998
23.819922021,0.0244,0.9733,0.2194,0.998
23.820780906,0.0232,0.9743,0.2042,0.996
23.821596213,0.0149,0.9684,0.1160,0.975
23.822677521,0.0186,0.9643,0.0530,0.966
23.823645213,0.0540,0.9596,-0.0452,0.962
23.824815675,0.0806,0.9606,-0.0125,0.964
23.825957367,0.0757,0.9657,0.0464,0.970
23.82719979,0.0371,0.9811,0.1793,0.998
23.830122444,-0.0100,0.9912,0.2702,1.027
23.831603598,-0.0259,0.9936,0.2934,1.036
23.835758021,-0.0357,0.9951,0.3088,1.042
23.836920559,-0.0337,0.9943,0.3056,1.041
23.838052175,-0.0171,0.9887,0.2902,1.031
23.839081406,0.0029,0.9836,0.2726,1.021
23.839944021,0.0134,0.9804,0.2658,1.016
23.841369675,0.0313,0.9723,0.2546,1.006
23.843860521,0.0362,0.9689,0.2524,1.002
23.845500829,0.0418,0.9638,0.2533,0.997
23.847518175,0.0396,0.9618,0.2629,0.998
23.849377521,0.0374,0.9613,0.2722,1.000
23.85133829,0.0325,0.9613,0.2910,1.005
23.853258175,0.0269,0.9628,0.3051,1.010
23.855248982,0.0259,0.9633,0.3100,1.012
23.857176213,0.0257,0.9631,0.3142,1.013
23.859189636,0.0274,0.9638,0.3137,1.014
23.861243444,0.0318,0.9657,0.3103,1.015
23.863189213,0.0318,0.9650,0.3066,1.013
23.865300059,0.0335,0.9633,0.3042,1.011
23.867220752,0.0379,0.9650,0.2993,1.011
23.869116675,0.0406,0.9645,0.2890,1.008
23.871091367,0.0406,0.9638,0.2836,1.005
23.873019252,0.0371,0.9667,0.2700,1.004
23.875019482,0.0320,0.9689,0.2624,1.004
23.877301636,0.0232,0.9716,0.2463,1.003
23.879914944,0.0237,0.9721,0.2270,0.999
23.88103129,0.0235,0.9716,0.2157,0.996
23.883017829,0.0247,0.9714,0.1989,0.992
23.884951444,0.0252,0.9699,0.1864,0.988
23.886965098,0.0254,0.9704,0.1818,0.988
23.888861982,0.0259,0.9723,0.1713,0.988
23.890938598,0.0271,0.9731,0.1673,0.988
23.892822367,0.0279,0.9740,0.1610,0.988
23.894987252,0.0296,0.9740,0.1566,0.987
23.897455136,0.0296,0.9745,0.1546,0.987
23.898918598,0.0303,0.9772,0.1534,0.990
23.900739059,0.0330,0.9770,0.1534,0.990
23.902787675,0.0325,0.9775,0.1527,0.990
23.904748713,0.0347,0.9787,0.1554,0.992
23.906746329,0.0344,0.9794,0.1561,0.992
23.908590252,0.0347,0.9799,0.1583,0.993
23.913513405,0.0347,0.9794,0.1625,0.993
23.914017213,0.0352,0.9799,0.1654,0.994
